0 0 0 0 0 0 0 0 0 0  aaa99887787a9987499aa76786896386aa3655a592445
44 1 0 0 1 1 1 0 0 0  aaa99886587a9987799aa66487895387aa3765a692445
46 1 0 0 1 1 2 0 0 0  aaa99886587a9987799aa66587894587aa5763a692443
52 1 0 0 1 2 2 0 0 0  aaa99885487a9987799aa66687895387aa3765a692445
64 1 0 0 1 4 2 0 0 0  aaa99885487a9987799aa65687894487aa3765a693625
70 1 0 0 1 5 2 0 0 0  aaa99885487a9987799aa65387894487aa3765a692665
116 1 0 0 3 1 1 0 0 0  aaa99886587a9985499aa66387897787aa3765a692445
118 1 0 0 3 1 2 0 0 0  aaa99886587a9984599aa66587897787aa5763a692443
124 1 0 0 3 2 2 0 0 0  aaa99885487a9985399aa66687897787aa3765a692445
136 1 0 0 3 4 2 0 0 0  aaa99885487a9984499aa65687897787aa3765a693625
142 1 0 0 3 5 2 0 0 0  aaa99885487a9985399aa64487897787aa3765a692665
154 1 0 0 4 1 2 0 0 0  aaa99885487a9987799aa66687895386aa3775a692445
172 1 0 0 4 4 2 0 0 0  aaa99885487a9987799aa65387894486aa3775a692665
176 1 0 0 4 5 1 0 0 0  aaa99886587a9987799aa46487896485aa3776a595632
200 1 0 0 5 3 1 0 0 0  aaa99887587a9987799aa67487894486aa3666a593552
226 1 0 0 6 1 2 0 0 0  aaa99885487a9985399aa66687897786aa3775a692445
244 1 0 0 6 4 2 0 0 0  aaa99885487a9985399aa64487897786aa3775a692665
248 1 0 0 6 5 1 0 0 0  aaa99886587a9986499aa46487897785aa3776a595632
368 1 0 0 10 1 1 0 0 0  aaa99887586a9987499aa57386897686aa3657a494752
370 1 0 0 10 1 2 0 0 0  aaa99887586a9987599aa47586897686aa5637a494732
374 1 0 0 10 2 1 0 0 0  aaa99887586a9987499aa47486897685aa3667a595732
388 1 0 0 10 4 2 0 0 0  aaa99887584a9987599aa37586897486aa5637a696742
401 1 0 1 0 0 2 1 0 0  aaa99888588a9977599aa66843897774aa4376a696255
427 1 0 1 0 5 0 1 0 0  aaa99888688a9977699aa55834897773aa6474a596265
545 1 0 1 4 0 2 1 0 0  aaa99888588a9977799aa66827896576aa5374a693454
941 1 0 2 4 0 2 1 0 0  aaa99888588a9966899aa77727896576aa5374a693454
1196 1 0 3 0 1 1 0 0 0  aaa99888577a9985499aa75387894486aa3667a796625
1198 1 0 3 0 1 2 0 0 0  aaa99888577a9984599aa73587893586aa4667a796624
1210 1 0 3 0 3 2 0 0 0  aaa99888677a9985499aa75387895386aa2667a796445
1214 1 0 3 0 4 1 0 0 0  aaa99888577a9986699aa76487896385aa3547a795642
1220 1 0 3 0 5 1 0 0 0  aaa99888577a9986499aa76387896385aa2547a795646
1261 1 0 3 2 0 0 1 0 0  aaa99888677a9987599aa76687895582aa4636a794534
1268 1 0 3 2 1 1 0 0 0  aaa99888577a9987499aa75387895386aa6666a792445
1270 1 0 3 2 1 2 0 0 0  aaa99888577a9987599aa74587893586aa6666a792443
1274 1 0 3 2 2 1 0 0 0  aaa99888577a9987499aa75387895386aa2666a796445
1276 1 0 3 2 2 2 0 0 0  aaa99888577a9987599aa74587893586aa2666a796443
1280 1 0 3 2 3 1 0 0 0  aaa99888577a9987499aa75387894486aa3666a792565
1282 1 0 3 2 3 2 0 0 0  aaa99888577a9987599aa74587893586aa4666a792364
1286 1 0 3 2 4 1 0 0 0  aaa99888577a9987499aa76687896385aa3546a795642
1292 1 0 3 2 5 1 0 0 0  aaa99888577a9987499aa76387896385aa2546a795646
1324 1 0 3 3 4 2 0 0 0  aaa99888477a9987799aa75386895386aa2675a696445
1340 1 0 3 4 1 1 0 0 0  aaa99888577a9987499aa75386896686aa3675a792445
1342 1 0 3 4 1 2 0 0 0  aaa99888577a9987599aa74586896686aa5673a792443
1346 1 0 3 4 2 1 0 0 0  aaa99888577a9987499aa76386896685aa3574a795624
1358 1 0 3 4 4 1 0 0 0  aaa99888577a9987499aa76684896485aa3576a795632
1364 1 0 3 4 5 1 0 0 0  aaa99888577a9987499aa76384896485aa3576a795626
1421 1 0 3 6 2 2 1 0 0  aaa99888577a9987799aa66683893584aa5467a694752
1428 1 0 3 6 4 0 0 0 0  aaa99888477a9987799aa55386894486aa3657a696725
1470 1 0 3 7 5 0 0 0 0  aaa99888677a9987699aa73687893685aa6552a494457
1550 1 0 3 10 0 1 0 0 0  aaa99888566a9987499aa67386897385aa2547a695747
1630 1 0 4 1 1 2 0 0 0  aaa99888677a9987499aa75388895376aa6675a692445
1634 1 0 4 1 2 1 0 0 0  aaa99888577a9987499aa75388894476aa3675a692665
1636 1 0 4 1 2 2 0 0 0  aaa99888577a9987599aa74588893576aa4673a692664
1640 1 0 4 1 3 1 0 0 0  aaa99888577a9987499aa75388895376aa6676a692445
1642 1 0 4 1 3 2 0 0 0  aaa99888577a9987599aa74588893576aa6676a692443
1646 1 0 4 1 4 1 0 0 0  aaa99888577a9987499aa75388895376aa2676a696445
1648 1 0 4 1 4 2 0 0 0  aaa99888577a9987599aa74588893576aa2676a696443
1652 1 0 4 1 5 1 0 0 0  aaa99888577a9987499aa76388896375aa2576a495646
1654 1 0 4 1 5 2 0 0 0  aaa99888577a9987599aa76588896574aa4476a393626
1798 1 0 4 5 5 2 0 0 0  aaa99888677a9987699aa75788895644aa6347a396525
1802 1 0 4 6 0 1 0 0 0  aaa99888577a9987799aa66488896365aa3567a495742
1804 1 0 4 6 0 2 0 0 0  aaa99888577a9987799aa66588896564aa5367a493742
1817 1 0 4 6 2 2 1 0 0  aaa99888577a9987799aa66688893524aa5467a694753
1834 1 0 4 6 5 2 0 0 0  aaa99888677a9987799aa44688893625aa6547a595763
1870 1 0 4 7 5 2 0 0 0  aaa99888677a9987699aa75688895744aa6347a396525
1906 1 0 4 8 5 2 0 0 0  aaa99888677a9987799aa75688895644aa6347a396525
1933 1 0 4 9 4 0 1 0 0  aaa99888572a9986699aa76488896453aa5576a793774
1935 1 0 4 9 4 1 1 0 0  aaa99888572a9986699aa76488896455aa5376a793774
1936 1 0 4 9 4 2 0 0 0  aaa99888572a9986699aa76588896534aa5376a794774
1937 1 0 4 9 4 2 1 0 0  aaa99888572a9986699aa76588896544aa4376a793775
1973 1 0 4 10 4 2 1 0 0  aaa99888544a9987499aa67588897536aa5637a696727
1990 1 0 5 0 1 2 0 0 0  aaa99888477a9985399aa75378894468aa7676a692565
1996 1 0 5 0 2 2 0 0 0  aaa99888477a9985399aa75378895268aa7676a696445
2000 1 0 5 0 3 1 0 0 0  aaa99888577a9986499aa75378895368aa7676a692445
2002 1 0 5 0 3 2 0 0 0  aaa99888577a9986599aa74578893568aa7676a692443
2004 1 0 5 0 4 0 0 0 0  aaa99888477a9986699aa76378896358aa7576a592454
2010 1 0 5 0 5 0 0 0 0  aaa99888577a9986499aa76378896358aa7576a495642
2012 1 0 5 0 5 1 0 0 0  aaa99888577a9986599aa76478896328aa7576a495643
2024 1 0 5 1 1 1 0 0 0  aaa99888577a9987499aa74468896678aa3676a593552
2028 1 0 5 1 2 0 0 0 0  aaa99888577a9987499aa76368896678aa3576a592454
2030 1 0 5 1 2 1 0 0 0  aaa99888577a9987499aa76368896678aa3576a595442
2066 1 0 5 2 2 1 0 0 0  aaa99888577a9987499aa75378895368aa2676a696445
2068 1 0 5 2 2 2 0 0 0  aaa99888577a9987599aa74578893568aa2676a696443
2072 1 0 5 2 3 1 0 0 0  aaa99888577a9987499aa75378895368aa6676a692445
2074 1 0 5 2 3 2 0 0 0  aaa99888577a9987599aa74578893568aa6676a692443
2078 1 0 5 2 4 1 0 0 0  aaa99888577a9987499aa76678896348aa4576a595632
2084 1 0 5 2 5 1 0 0 0  aaa99888577a9987499aa76378896348aa4576a595626
2117 1 0 5 3 4 2 1 0 0  aaa99888577a9987799aa76638896538aa5476a494652
2132 1 0 5 4 1 1 0 0 0  aaa99888577a9987499aa75368896668aa3675a792445
2134 1 0 5 4 1 2 0 0 0  aaa99888577a9987599aa74568896668aa5673a792443
2142 1 0 5 4 3 0 0 0 0  aaa99888577a9987499aa76368896668aa3575a795442
2144 1 0 5 4 3 1 0 0 0  aaa99888577a9987499aa76368896668aa3475a794525
2150 1 0 5 4 4 1 0 0 0  aaa99888577a9987499aa76658896358aa5476a794632
2156 1 0 5 4 5 1 0 0 0  aaa99888577a9987499aa76358896358aa5476a794626
2207 1 0 5 6 1 2 1 0 0  aaa99888577a9987799aa66638893568aa5467a494752
2213 1 0 5 6 2 2 1 0 0  aaa99888577a9987799aa66648893548aa4267a695753
2219 1 0 5 6 3 2 1 0 0  aaa99888577a9987799aa66638896538aa5467a494752
2225 1 0 5 6 4 2 1 0 0  aaa99888577a9987799aa66548893548aa4267a695763
2227 1 0 5 6 5 0 1 0 0  aaa99888677a9987799aa55628895648aa6447a596733
2237 1 0 5 7 0 2 1 0 0  aaa99888677a9987599aa76678893528aa5467a494653
2306 1 0 5 9 0 1 0 0 0  aaa99888576a9986499aa76368895368aa2475a794775
2321 1 0 5 9 2 2 1 0 0  aaa99888576a9986699aa76548893548aa4276a795773
2342 1 0 5 10 0 1 0 0 0  aaa99888566a9987499aa67368897348aa4567a595727
2375 1 0 5 10 5 2 1 0 0  aaa99888633a9987699aa57648897648aa4257a596757
2384 1 0 6 0 1 1 0 0 0  aaa99888587a9987499aa77387894476aa6666a593552
2390 1 0 6 0 2 1 0 0 0  aaa99888587a9987499aa77387894476aa3666a596552
2396 1 0 6 0 3 1 0 0 0  aaa99888587a9987499aa77387895376aa2666a494565
2402 1 0 6 0 4 1 0 0 0  aaa99888587a9987499aa77387894476aa3656a696552
2414 1 0 6 1 0 1 0 0 0  aaa99888587a9987799aa66487896377aa3664a592554
2468 1 0 6 2 3 1 0 0 0  aaa99888587a9987799aa67487894476aa3666a593552
2684 1 0 6 8 3 1 0 0 0  aaa99888587a9984499aa67487897776aa3666a593552
2708 1 0 6 9 1 1 0 0 0  aaa99888587a9985499aa66687895376aa3777a692445
2710 1 0 6 9 1 2 0 0 0  aaa99888587a9984599aa66687893576aa5777a692443
2714 1 0 6 9 2 1 0 0 0  aaa99888587a9986499aa66687896375aa3777a595442
2726 1 0 6 9 4 1 0 0 0  aaa99888587a9985499aa65387894476aa3777a692665
2728 1 0 6 9 4 2 0 0 0  aaa99888587a9984599aa63587893576aa4777a692664
2732 1 0 6 9 5 1 0 0 0  aaa99888587a9986499aa46487896375aa3777a595626
2762 1 0 6 10 4 1 0 0 0  aaa99888586a9987499aa47486897365aa3667a595727
2921 1 0 7 4 0 2 1 0 0  aaa99888888a9977799aa66527896576aa5374a693454
2927 1 0 7 4 1 2 1 0 0  aaa99888888a9977799aa66627895476aa4375a693545
3216 1 0 8 1 2 0 0 0 0  aaa99888477a9987399aa85786896675aa7664a593524
3228 1 0 8 1 4 0 0 0 0  aaa99888477a9987399aa85786894675aa7666a593524
3336 1 0 8 4 4 0 0 0 0  aaa99888777a9987499aa85786896365aa7664a593524
3565 1 0 9 0 0 0 1 0 0  aaa99888677a9986699aa78587895572aa4636a794534
3572 1 0 9 0 1 1 0 0 0  aaa99888577a9985499aa78387895376aa6666a792445
3574 1 0 9 0 1 2 0 0 0  aaa99888577a9984599aa78587893576aa6666a792443
3578 1 0 9 0 2 1 0 0 0  aaa99888577a9985499aa78387895376aa2666a796445
3580 1 0 9 0 2 2 0 0 0  aaa99888577a9984599aa78587893576aa2666a796443
3584 1 0 9 0 3 1 0 0 0  aaa99888577a9985499aa78387894476aa3666a792565
3586 1 0 9 0 3 2 0 0 0  aaa99888577a9984599aa78587893576aa4666a792364
3590 1 0 9 0 4 1 0 0 0  aaa99888577a9986699aa78487896375aa3546a795642
3596 1 0 9 0 5 1 0 0 0  aaa99888577a9986499aa78387896375aa2546a795646
3600 1 0 9 1 0 0 0 0 0  aaa99888577a9987499aa78386896375aa5674a596624
3608 1 0 9 1 1 1 0 0 0  aaa99888577a9987499aa78386896676aa3674a592554
3626 1 0 9 1 4 1 0 0 0  aaa99888577a9987499aa78386895376aa2675a696445
3628 1 0 9 1 4 2 0 0 0  aaa99888577a9987599aa78586894576aa2673a696443
3644 1 0 9 2 1 1 0 0 0  aaa99888577a9987499aa78387895366aa6465a794625
3672 1 0 9 3 0 0 0 0 0  aaa99888577a9987799aa78486896366aa3575a495642
3674 1 0 9 3 0 1 0 0 0  aaa99888577a9987799aa78486896366aa3574a595624
3708 1 0 9 4 0 0 0 0 0  aaa99888577a9987499aa78386896364aa6575a794625
3714 1 0 9 4 1 0 0 0 0  aaa99888577a9987499aa78386896666aa3575a795442
3716 1 0 9 4 1 1 0 0 0  aaa99888577a9987499aa78386896666aa3475a794525
3728 1 0 9 4 3 1 0 0 0  aaa99888577a9987499aa78386896665aa3574a795624
3806 1 0 9 6 4 1 0 0 0  aaa99888577a9987799aa48486896465aa3667a595732
3888 1 0 9 9 0 0 0 0 0  aaa99888567a9986499aa68387896375aa5777a592464
3902 1 0 9 9 2 1 0 0 0  aaa99888567a9986699aa48487896475aa3777a595632
3908 1 0 9 9 3 1 0 0 0  aaa99888567a9986699aa68487896375aa3777a595442
3953 1 0 9 10 4 2 1 0 0  aaa99888736a9983799aa58786894762aa7664a597554
3970 1 0 10 0 1 2 0 0 0  aaa99888877a9985499aa75387895376aa6666a792445
3976 1 0 10 0 2 2 0 0 0  aaa99888877a9985499aa75387895376aa2666a796445
3982 1 0 10 0 3 2 0 0 0  aaa99888877a9985499aa75387894476aa3666a792565
3992 1 0 10 0 5 1 0 0 0  aaa99888877a9986599aa76487896375aa3546a795642
4024 1 0 10 1 4 2 0 0 0  aaa99888877a9987499aa75386895376aa2675a696445
4062 1 0 10 2 5 0 0 0 0  aaa99888877a9987599aa76487896254aa5536a794636
4320 1 0 10 10 0 0 0 0 0  aaa99888866a9987599aa67486897254aa5537a694737
4353 1 0 10 10 5 1 1 0 0  aaa99888825a9987699aa47685897653aa6547a396747
4766 1 0 12 0 2 1 0 0 0  aaa99888878a9974599aa57486897376aa3676a692554
4818 1 0 12 1 5 0 0 0 0  aaa99888878a9977599aa63787893754aa5562a694664
4847 1 0 12 2 3 2 1 0 0  aaa99888878a9977499aa35786895766aa6275a694534
4897 1 0 12 4 0 0 1 0 0  aaa99888878a9977499aa66782896765aa7565a394534
5008 1 0 12 7 0 2 0 0 0  aaa99888878a9977599aa66784897526aa5476a694353
5044 1 0 12 8 0 2 0 0 0  aaa99888878a9977799aa66584897526aa5476a694353
5077 1 0 12 9 0 0 1 0 0  aaa99888868a9965599aa36587896772aa4777a694534
5149 1 0 13 0 0 0 1 0 0  aaa99888878a9976699aa37626897478aa4576a594535
5153 1 0 13 0 0 2 1 0 0  aaa99888878a9976699aa57626897478aa4376a593554
5273 1 0 13 3 2 2 1 0 0  aaa99888878a9977799aa66637896538aa5276a495445
5318 1 0 13 4 4 1 0 0 0  aaa99888878a9977499aa54726896768aa7665a593534
5320 1 0 13 4 4 2 0 0 0  aaa99888878a9977399aa45726896768aa7665a494535
5473 1 0 13 9 0 0 1 0 0  aaa99888868a9965599aa36527896778aa4777a694534
5489 1 0 13 9 2 2 1 0 0  aaa99888868a9966499aa25437895778aa3777a694565
5507 1 0 13 9 5 2 1 0 0  aaa99888828a9965499aa65437895778aa3777a694665
5537 1 0 13 10 4 2 1 0 0  aaa99888828a9975499aa75466896638aa3675a794775
5539 1 0 13 10 5 0 1 0 0  aaa99888838a9976499aa76355896428aa5576a794776
5541 1 0 13 10 5 1 1 0 0  aaa99888828a9976499aa76455896538aa3576a794776
5542 1 0 13 10 5 2 0 0 0  aaa99888828a9976599aa76534896538aa5476a794776
5543 1 0 13 10 5 2 1 0 0  aaa99888828a9976599aa76543896548aa4376a795776
5560 1 0 14 0 2 2 0 0 0  aaa99888877a9966699aa76574896528aa7874a395354
5594 1 0 14 1 2 1 0 0 0  aaa99888877a9976599aa57466896378aa3857a494652
5596 1 0 14 1 2 2 0 0 0  aaa99888877a9976599aa47566896578aa5837a494632
5623 1 0 14 2 1 0 1 0 0  aaa99888877a9975599aa67576896628aa4867a394534
5638 1 0 14 2 3 2 0 0 0  aaa99888877a9976499aa57376896668aa3857a592454
5666 1 0 14 3 2 1 0 0 0  aaa99888877a9977499aa54766895628aa7866a593534
5668 1 0 14 3 2 2 0 0 0  aaa99888877a9977399aa45766895628aa7866a494535
5694 1 0 14 4 1 0 0 0 0  aaa99888877a9974699aa57566896528aa6857a493437
5695 1 0 14 4 1 0 1 0 0  aaa99888877a9972699aa57566896358aa6857a493447
5698 1 0 14 4 1 2 0 0 0  aaa99888877a9972699aa47566896548aa6847a395357
5699 1 0 14 4 1 2 1 0 0  aaa99888877a9973699aa57466896428aa6857a594357
5703 1 0 14 4 2 1 1 0 0  aaa99888877a9972499aa57536896668aa3867a594547
5705 1 0 14 4 2 2 1 0 0  aaa99888877a9972499aa57436896668aa3867a594557
5709 1 0 14 4 3 1 1 0 0  aaa99888877a9973399aa57566896428aa6867a594547
5711 1 0 14 4 3 2 1 0 0  aaa99888877a9973399aa57466896428aa6867a594557
5715 1 0 14 4 4 1 1 0 0  aaa99888877a9972499aa57566896638aa3867a594547
5717 1 0 14 4 4 2 1 0 0  aaa99888877a9972499aa57466896638aa3867a594557
5721 1 0 14 4 5 1 1 0 0  aaa99888877a9973399aa67455895428aa5867a694667
5723 1 0 14 4 5 2 1 0 0  aaa99888877a9972499aa67455895538aa3867a694667
5762 1 0 14 6 0 1 0 0 0  aaa99888877a9977599aa66477896368aa3864a592554
5803 1 0 14 7 1 0 1 0 0  aaa99888877a9975599aa67576896628aa4875a394634
5820 1 0 14 7 4 0 0 0 0  aaa99888877a9976599aa67475894558aa3872a693664
5890 1 0 14 9 3 2 0 0 0  aaa99888877a9977799aa66674896528aa5864a395354
5939 1 0 14 10 5 2 1 0 0  aaa99888826a9975499aa75466896638aa3875a794775
5941 1 0 15 0 0 0 1 0 0  aaa99888677a9986699aa87476896428aa7557a395534
5966 1 0 15 0 4 1 0 0 0  aaa99888577a9984499aa87476896368aa7667a593552
6218 1 0 15 7 4 1 0 0 0  aaa99888577a9987499aa84776896368aa3667a592554
6254 1 0 15 8 4 1 0 0 0  aaa99888577a9987799aa84476896468aa3667a593552
6335 1 0 15 10 5 2 1 0 0  aaa99888625a9987699aa87655897548aa6447a396737
6344 1 0 16 0 1 1 0 0 0  aaa99888477a9985399aa78376896658aa7675a692445
6346 1 0 16 0 1 2 0 0 0  aaa99888577a9984599aa78576896648aa7674a695332
6386 1 0 16 1 2 1 0 0 0  aaa99888577a9987499aa78366894678aa3676a592554
6392 1 0 16 1 3 1 0 0 0  aaa99888577a9987499aa78366896378aa6674a592554
6398 1 0 16 1 4 1 0 0 0  aaa99888577a9987499aa78366896678aa3674a592554
6402 1 0 16 1 5 0 0 0 0  aaa99888677a9987699aa78625895678aa6574a394534
6403 1 0 16 1 5 0 1 0 0  aaa99888677a9987699aa78655894678aa6574a593432
6408 1 0 16 2 0 0 0 0 0  aaa99888577a9987499aa78376896368aa6575a495642
6410 1 0 16 2 0 1 0 0 0  aaa99888577a9987499aa78376896368aa6574a595624
6416 1 0 16 2 1 1 0 0 0  aaa99888577a9987499aa78376896648aa4675a693525
6422 1 0 16 2 2 1 0 0 0  aaa99888577a9987499aa78376896668aa3674a592554
6426 1 0 16 2 3 0 0 0 0  aaa99888577a9987499aa78376896668aa3575a495642
6428 1 0 16 2 3 1 0 0 0  aaa99888577a9987499aa78376896668aa3574a595624
6434 1 0 16 2 4 1 0 0 0  aaa99888577a9987499aa78376894668aa3676a592554
6464 1 0 16 3 3 1 0 0 0  aaa99888577a9987799aa78366896348aa6674a592554
6482 1 0 16 4 0 1 0 0 0  aaa99888677a9987499aa78366895358aa6675a792445
6484 1 0 16 4 0 2 0 0 0  aaa99888677a9987599aa78566894548aa6674a795332
6486 1 0 16 4 1 0 0 0 0  aaa99888677a9987599aa78366896358aa6574a795442
6498 1 0 16 4 3 0 0 0 0  aaa99888577a9987499aa78366896358aa6675a792445
6500 1 0 16 4 3 1 0 0 0  aaa99888577a9987599aa78366896348aa6674a792554
6506 1 0 16 4 4 1 0 0 0  aaa99888577a9987499aa78366896648aa4675a793525
6542 1 0 16 5 4 1 0 0 0  aaa99888577a9987499aa78776896368aa3664a592554
6548 1 0 16 5 5 1 0 0 0  aaa99888577a9987499aa78776894468aa3666a593552
6596 1 0 16 7 1 1 0 0 0  aaa99888577a9987499aa78376896648aa4657a693552
6602 1 0 16 7 2 1 0 0 0  aaa99888577a9987499aa78376896668aa3657a592454
6604 1 0 16 7 2 2 0 0 0  aaa99888577a9987599aa78576896668aa5647a494332
6612 1 0 16 7 4 0 0 0 0  aaa99888577a9987499aa78376894668aa3667a595524
6614 1 0 16 7 4 1 0 0 0  aaa99888577a9987599aa78476896368aa3667a595442
6650 1 0 16 8 4 1 0 0 0  aaa99888577a9987799aa78476896368aa3664a592554
6656 1 0 16 8 5 1 0 0 0  aaa99888577a9987799aa78476894468aa3666a593552
6742 1 0 17 0 1 2 0 0 0  aaa99888877a9985499aa75376896628aa7675a693445
6896 1 0 17 4 3 1 0 0 0  aaa99888877a9987499aa75366896358aa6675a792445
6898 1 0 17 4 3 2 0 0 0  aaa99888877a9987599aa74566896548aa6674a795332
6906 1 0 17 4 5 0 0 0 0  aaa99888877a9987599aa76354896558aa3476a794626
7010 1 0 17 7 4 1 0 0 0  aaa99888877a9987599aa74476896468aa3667a593552
7194 1 0 18 1 5 0 0 0 0  aaa99777588a9988899aa63788793754aa5562a694664
7414 1 0 18 7 5 2 0 0 0  aaa99777688a9988899aa75688795644aa6347a396525
7566 1 0 19 1 1 0 0 0 0  aaa99888877a9987599aa78466896376aa3575a695442
7568 1 0 19 1 1 1 0 0 0  aaa99888877a9987599aa78466896376aa3475a694525
7596 1 0 19 2 0 0 0 0 0  aaa99888877a9987599aa78476896366aa3575a495642
7598 1 0 19 2 0 1 0 0 0  aaa99888877a9987599aa78476896366aa3574a595624
7680 1 0 19 4 2 0 0 0 0  aaa99888877a9987599aa78366896356aa6574a795442
7802 1 0 19 7 4 1 0 0 0  aaa99888877a9987599aa78476896365aa3667a595442
7919 1 0 19 10 5 2 1 0 0  aaa99888844a9984799aa58736893762aa7666a597557
8353 1 0 21 1 0 0 1 0 0  aaa99777488a9966799aa63688898857aa7526a594543
8371 1 0 21 1 3 0 1 0 0  aaa99777488a9963799aa66688898857aa7526a594543
8678 1 0 21 10 0 1 0 0 0  aaa99676588a9976499aa75388898866aa3475a794725
9038 1 0 22 9 0 1 0 0 0  aaa99686577a9986499aa85377797366aa2485a894885
9089 1 0 22 10 2 2 1 0 0  aaa99686627a9985499aa85477797736aa3685a894885
9116 1 1 0 0 1 1 0 0 0  aaa99988599a8787489aa48476796686aa3677a555932
9149 1 1 0 1 0 2 1 0 0  aaa99988699a8787789aa68627795486aa4375a653945
9164 1 1 0 1 3 1 0 0 0  aaa99988499a8787789aa48467796686aa3576a553952
9218 1 1 0 3 0 1 0 0 0  aaa99988799a8686489aa48477797385aa7662a553956
9272 1 1 0 4 3 1 0 0 0  aaa99988599a8787789aa68477794486aa3666a555932
9302 1 1 0 5 2 1 0 0 0  aaa99988599a8787789aa48466796487aa3667a555932
9319 1 1 0 5 5 0 1 0 0  aaa99988699a8787789aa48625795687aa6547a336945
9326 1 1 0 6 0 1 0 0 0  aaa99988499a8686389aa48477796786aa6577a553952
9344 1 1 0 6 3 1 0 0 0  aaa99988499a8686689aa48477796786aa3577a553952
9380 1 1 0 7 3 1 0 0 0  aaa99988799a8787789aa48466796486aa3567a553952
9398 1 1 0 8 0 1 0 0 0  aaa99988599a8686489aa68377797385aa7576a645924
9400 1 1 0 8 0 2 0 0 0  aaa99988599a8686589aa68577797584aa7376a643924
9416 1 1 0 8 3 1 0 0 0  aaa99988499a8686689aa48477797386aa7576a553952
9434 1 1 0 9 0 1 0 0 0  aaa99988499a8686389aa48477797786aa6576a553952
9452 1 1 0 9 3 1 0 0 0  aaa99988499a8686689aa48477797786aa3576a553952
9499 1 1 0 10 5 0 1 0 0  aaa99988699a8784689aa58655794687aa6754a773932
9845 1 1 1 9 2 2 1 0 0  aaa99988899a8787589aa66648796547aa4726a735953
9854 1 1 1 9 4 1 0 0 0  aaa99988899a8787589aa66458796357aa5746a763942
9882 1 1 1 10 3 0 0 0 0  aaa99988899a8786589aa66658794557aa4762a773934
10087 1 1 2 5 1 0 1 0 0  aaa99988899a8787769aa67628796487aa4556a353954
10089 1 1 2 5 1 1 1 0 0  aaa99988899a8787769aa67628796487aa4556a355934
10091 1 1 2 5 1 2 1 0 0  aaa99988899a8787769aa67628796487aa4536a555934
10222 1 1 2 8 5 2 0 0 0  aaa99988899a8685479aa77778695386aa3675a644925
10264 1 1 2 10 0 2 0 0 0  aaa99988899a8786649aa66528794687aa5733a775954
10280 1 1 2 10 3 1 0 0 0  aaa99988899a8785469aa66568794487aa3765a773925
10282 1 1 2 10 3 2 0 0 0  aaa99988899a8784569aa66568793587aa5763a774924
10290 1 1 2 10 5 0 0 0 0  aaa99988899a8786459aa56348796587aa4756a773926
10403 1 1 3 2 5 2 1 0 0  aaa99988899a8787779aa48538793526aa5647a666945
10406 1 1 3 3 0 1 0 0 0  aaa99988899a8686479aa78378797356aa6576a545924
10408 1 1 3 3 0 2 0 0 0  aaa99988899a8686579aa78578797546aa6476a435923
10424 1 1 3 3 3 1 0 0 0  aaa99988899a8686679aa78478797356aa3576a545924
10430 1 1 3 3 4 1 0 0 0  aaa99988899a8686579aa78478797346aa4675a653925
10436 1 1 3 3 5 1 0 0 0  aaa99988899a8685479aa78578797346aa4675a663925
10510 1 1 3 5 5 2 0 0 0  aaa99988899a8787749aa58648792647aa6357a536956
10511 1 1 3 5 5 2 1 0 0  aaa99988899a8787749aa58648794637aa6357a526956
10513 1 1 3 6 0 0 1 0 0  aaa99988899a8686479aa78778797426aa6556a353954
10608 1 1 3 8 4 0 0 0 0  aaa99988899a8686579aa78478797376aa3645a655942
10610 1 1 3 8 4 1 0 0 0  aaa99988899a8686579aa78478797376aa3645a652945
10616 1 1 3 8 5 1 0 0 0  aaa99988899a8685479aa78578797376aa3645a662945
10621 1 1 3 9 0 0 1 0 0  aaa99988899a8686479aa78478797726aa6556a353954
11089 1 1 5 0 0 0 1 0 0  aaa99988899a8787629aa87776798666aa3455a544935
11212 1 1 5 3 2 2 0 0 0  aaa99988899a8587479aa87377798366aa6566a545924
11224 1 1 5 3 4 2 0 0 0  aaa99988899a8587479aa87377798365aa6666a545924
11228 1 1 5 3 5 1 0 0 0  aaa99988899a8687579aa87577798356aa5644a663942
11303 1 1 5 5 5 2 1 0 0  aaa99988899a8787739aa87536798567aa5666a444952
11305 1 1 5 6 0 0 1 0 0  aaa99988899a8686479aa87777798426aa6556a353954
11389 1 1 5 8 2 0 1 0 0  aaa99988899a8686679aa87477798426aa7655a533945
11395 1 1 5 8 3 0 1 0 0  aaa99988899a8686679aa87477798426aa7556a353954
11413 1 1 5 9 0 0 1 0 0  aaa99988899a8686479aa87477798726aa6556a353954
11470 1 1 5 10 3 2 0 0 0  aaa99988899a8786569aa86664798537aa5743a775942
11492 1 1 6 0 1 1 0 0 0  aaa99988899a8787489aa48476796666aa3577a553952
11513 1 1 6 0 4 2 1 0 0  aaa99988899a8787589aa38574794426aa6677a665935
11519 1 1 6 0 5 2 1 0 0  aaa99988899a8787589aa38574794426aa5677a666935
11671 1 1 6 5 1 0 1 0 0  aaa99988899a8787789aa58666796427aa6557a354934
11702 1 1 6 6 0 1 0 0 0  aaa99988899a8686489aa48477796766aa3577a553952
11723 1 1 6 6 3 2 1 0 0  aaa99988899a8686689aa38477796726aa4577a555934
11725 1 1 6 6 4 0 1 0 0  aaa99988899a8686589aa38477795726aa4677a655934
11731 1 1 6 6 5 0 1 0 0  aaa99988899a8685589aa38577795726aa4677a664934
11741 1 1 6 7 0 2 1 0 0  aaa99988899a8787789aa48766792536aa5367a465945
11749 1 1 6 7 2 0 1 0 0  aaa99988899a8787789aa58766796426aa6557a354934
11759 1 1 6 7 3 2 1 0 0  aaa99988899a8787789aa38766796426aa4567a555934
11766 1 1 6 7 5 0 0 0 0  aaa99988899a8787789aa48755793426aa5657a666943
11767 1 1 6 7 5 0 1 0 0  aaa99988899a8787789aa48753795356aa2647a666945
11795 1 1 6 8 3 2 1 0 0  aaa99988899a8686689aa38477797426aa7576a555934
11797 1 1 6 8 4 0 1 0 0  aaa99988899a8686589aa38477797426aa7675a655934
11803 1 1 6 8 5 0 1 0 0  aaa99988899a8685589aa38577797426aa7675a664934
11813 1 1 6 9 0 2 1 0 0  aaa99988899a8686489aa38477797726aa6576a555934
11831 1 1 6 9 3 2 1 0 0  aaa99988899a8686689aa38477797726aa4576a555934
11839 1 1 6 9 5 0 1 0 0  aaa99988899a8685589aa38577797726aa4675a664934
11857 1 1 6 10 2 0 1 0 0  aaa99988899a8785589aa38566795627aa4766a774934
11863 1 1 6 10 3 0 1 0 0  aaa99988899a8785589aa38566796427aa6765a774934
11869 1 1 6 10 4 0 1 0 0  aaa99988899a8785589aa38566796627aa4765a774934
11894 1 1 7 0 2 1 0 0 0  aaa99977499a8888389aa55868797376aa6675a644925
11904 1 1 7 0 4 0 0 0 0  aaa99977599a8888489aa55868797376aa3674a662954
11906 1 1 7 0 4 1 0 0 0  aaa99977599a8888489aa45868797376aa3675a662945
11942 1 1 7 1 4 1 0 0 0  aaa99977799a8888489aa55878696376aa3675a644925
11948 1 1 7 1 5 1 0 0 0  aaa99977799a8888489aa55878694476aa3675a663925
12222 1 1 7 9 3 0 0 0 0  aaa99966699a8888589aa63828796757aa5745a774943
12296 1 1 8 0 3 1 0 0 0  aaa99988899a8787479aa48466798676aa3567a553952
12302 1 1 8 0 4 1 0 0 0  aaa99988899a8787579aa58464798476aa3657a663952
12365 1 1 8 2 2 2 1 0 0  aaa99988899a8787779aa38466798625aa4667a555934
12371 1 1 8 2 3 2 1 0 0  aaa99988899a8787779aa38466798626aa4567a555934
12377 1 1 8 2 4 2 1 0 0  aaa99988899a8787779aa38462798466aa6567a555934
12381 1 1 8 2 5 1 1 0 0  aaa99988899a8787779aa38455798526aa4657a666934
12382 1 1 8 2 5 2 0 0 0  aaa99988899a8787779aa48534798536aa5647a666952
12383 1 1 8 2 5 2 1 0 0  aaa99988899a8787779aa38524798546aa5647a666935
12388 1 1 8 3 0 2 0 0 0  aaa99988899a8686579aa78577798546aa6426a435973
12491 1 1 8 5 5 2 1 0 0  aaa99988899a8787739aa48635798657aa6557a426946
12493 1 1 8 6 0 0 1 0 0  aaa99988899a8686479aa78777798426aa6556a353954
12541 1 1 8 7 2 0 1 0 0  aaa99988899a8787769aa58766798426aa6557a354934
12577 1 1 8 8 2 0 1 0 0  aaa99988899a8686679aa78477798426aa7655a533945
12583 1 1 8 8 3 0 1 0 0  aaa99988899a8686679aa78477798426aa7556a353954
12601 1 1 8 9 0 0 1 0 0  aaa99988899a8686479aa78477798726aa6556a353954
12641 1 1 8 10 0 2 1 0 0  aaa99988899a8786639aa48636798527aa5746a775945
12671 1 1 8 10 5 2 1 0 0  aaa99988899a8783659aa28655798547aa6744a776963
12692 1 1 9 0 3 1 0 0 0  aaa99988899a8787479aa48466796876aa3567a553952
12767 1 1 9 2 3 2 1 0 0  aaa99988899a8787779aa38466796826aa4567a555934
12936 1 1 9 7 2 0 0 0 0  aaa99988899a8787769aa58766794826aa6557a354934
12937 1 1 9 7 2 0 1 0 0  aaa99988899a8787769aa58766794826aa6557a345934
12997 1 1 9 9 0 0 1 0 0  aaa99988899a8686479aa78477797826aa6556a353954
13080 1 1 10 0 2 0 0 0 0  aaa99977499a8888389aa75778697368aa2664a556954
13106 1 1 10 1 0 1 0 0 0  aaa99977799a8888589aa66478596378aa3674a655924
13120 1 1 10 1 2 2 0 0 0  aaa99977799a8888489aa66678596378aa3576a545924
13145 1 1 10 2 0 2 1 0 0  aaa99977799a8888689aa67628695478aa4375a653945
13274 1 1 10 5 4 1 0 0 0  aaa99977799a8888589aa75468697348aa4675a663925
13325 1 1 10 7 0 2 1 0 0  aaa99977799a8888789aa76628597668aa4536a554934
13458 1 1 10 10 5 0 0 0 0  aaa99967599a8888489aa67358497558aa3267a674967
13720 1 1 11 7 0 2 0 0 0  aaa99977799a8888889aa76628597665aa7546a534943
13721 1 1 11 7 0 2 1 0 0  aaa99977799a8888889aa76628597665aa7546a453943
13729 1 1 11 7 2 0 1 0 0  aaa99977799a8888889aa75568697634aa7635a644952
13788 1 1 11 9 0 0 0 0 0  aaa99966599a8888889aa63628796757aa5745a774943
13860 1 1 12 0 0 0 0 0 0  aaa99977599a8888489aa74788797366aa3565a265964
13878 1 1 12 0 3 0 0 0 0  aaa99977499a8888389aa75788797366aa6565a465942
13898 1 1 12 1 0 1 0 0 0  aaa99977799a8888589aa66488596377aa3674a655924
13912 1 1 12 1 2 2 0 0 0  aaa99977799a8888489aa66688596377aa3576a545924
13952 1 1 12 2 3 1 0 0 0  aaa99977799a8888489aa47488696676aa3576a553952
14006 1 1 12 4 0 1 0 0 0  aaa99977799a8888589aa66488596376aa3774a655924
14020 1 1 12 4 2 2 0 0 0  aaa99977799a8888489aa66688596375aa3776a545924
14050 1 1 12 5 1 2 0 0 0  aaa99977799a8888489aa76388597366aa6576a545924
14072 1 1 12 5 5 1 0 0 0  aaa99977799a8888589aa75488697346aa4675a663925
14268 1 1 13 0 2 0 0 0 0  aaa99977599a8888489aa75778697386aa3666a455942
14270 1 1 13 0 2 1 0 0 0  aaa99977599a8888489aa74778697386aa3666a555924
14282 1 1 13 0 4 1 0 0 0  aaa99977499a8888389aa75778697686aa3655a644925
14286 1 1 13 0 5 0 0 0 0  aaa99977599a8888489aa74778697386aa3655a662954
14288 1 1 13 0 5 1 0 0 0  aaa99977599a8888489aa75778697386aa3645a662945
14347 1 1 13 2 3 0 1 0 0  aaa99977799a8888589aa37468696482aa6775a655934
14417 1 1 13 4 2 2 1 0 0  aaa99977799a8888589aa66628796587aa5436a744935
14422 1 1 13 4 3 2 0 0 0  aaa99977799a8888589aa66628796587aa5364a735944
14423 1 1 13 4 3 2 1 0 0  aaa99977799a8888589aa66628796587aa5463a744953
14431 1 1 13 4 5 0 1 0 0  aaa99977799a8888589aa56528796487aa4356a763946
14470 1 1 13 5 5 2 0 0 0  aaa99977799a8888589aa73548697586aa4673a665942
14478 1 1 13 6 1 0 0 0 0  aaa99966699a8888589aa54578797786aa4752a763934
14491 1 1 13 6 3 0 1 0 0  aaa99966699a8888589aa65578797782aa4736a754934
14513 1 1 13 7 0 2 1 0 0  aaa99977799a8888789aa76628597685aa4636a554934
14532 1 1 13 7 4 0 0 0 0  aaa99977799a8888789aa75528697686aa5645a634943
14533 1 1 13 7 4 0 1 0 0  aaa99977799a8888789aa75528697686aa5633a654944
14535 1 1 13 7 4 1 1 0 0  aaa99977799a8888789aa75528697686aa4635a654934
14539 1 1 13 7 5 0 1 0 0  aaa99977799a8888789aa75528697586aa4635a664934
14568 1 1 13 8 4 0 0 0 0  aaa99967599a8888489aa54578797786aa3752a666934
14586 1 1 13 9 1 0 0 0 0  aaa99966699a8888589aa54568796787aa4752a773934
14599 1 1 13 9 3 0 1 0 0  aaa99966699a8888589aa65528796787aa4735a774934
14622 1 1 13 10 1 0 0 0 0  aaa99966699a8888589aa54568796487aa3752a777934
14635 1 1 13 10 3 0 1 0 0  aaa99966699a8888589aa65528796487aa4735a777934
14729 1 1 14 2 0 2 1 0 0  aaa99977799a8887879aa76628696485aa6538a554934
14737 1 1 14 2 2 0 1 0 0  aaa99977799a8887879aa75568696582aa4638a654934
14755 1 1 14 2 5 0 1 0 0  aaa99977799a8887879aa75528695486aa5638a664934
15013 1 1 14 10 0 0 1 0 0  aaa99966599a8886869aa65528795487aa4738a777934
15053 1 1 15 0 0 2 1 0 0  aaa99988899a7786679aa82637398547aa7448a665955
15119 1 1 15 1 5 2 1 0 0  aaa99988899a7787579aa83747698546aa4628a665953
15125 1 1 15 2 0 2 1 0 0  aaa99988899a7787679aa86627698547aa5448a365935
15155 1 1 15 2 5 2 1 0 0  aaa99988899a7787579aa83547698547aa4628a666953
15191 1 1 15 3 5 2 1 0 0  aaa99988899a7787779aa83547698546aa4628a665953
15263 1 1 15 5 5 2 1 0 0  aaa99988899a7787549aa83547698476aa5628a766953
15299 1 1 15 6 5 2 1 0 0  aaa99988899a7787749aa83547698476aa5628a665953
15335 1 1 15 7 5 2 1 0 0  aaa99988899a7787529aa87547698547aa4638a666935
15371 1 1 15 8 5 2 1 0 0  aaa99988899a7787739aa83547698547aa4628a666955
15388 1 1 15 9 2 2 0 0 0  aaa99988899a6686479aa87377798765aa3568a545924
15419 1 1 15 10 1 2 1 0 0  aaa99988899a6786669aa83546798547aa4728a775953
15425 1 1 15 10 2 2 1 0 0  aaa99988899a6786649aa83546798467aa5728a775953
15431 1 1 15 10 3 2 1 0 0  aaa99988899a6786629aa86546798547aa4738a775935
15439 1 1 15 10 5 0 1 0 0  aaa99988899a5785649aa85644798657aa6738a776932
15445 1 1 16 0 0 0 1 0 0  aaa99988899a7786679aa83657498565aa8426a734975
15449 1 1 16 0 0 2 1 0 0  aaa99988899a7786679aa84637598365aa8526a745974
15517 1 1 16 2 0 0 1 0 0  aaa99988899a7787679aa86627598567aa8536a444935
15521 1 1 16 2 0 2 1 0 0  aaa99988899a7787679aa86627598467aa8536a554934
15556 1 1 16 3 0 2 0 0 0  aaa99988899a7787779aa86627598665aa8546a534943
15557 1 1 16 3 0 2 1 0 0  aaa99988899a7787779aa86627598665aa8546a453943
15565 1 1 16 3 2 0 1 0 0  aaa99988899a7787779aa85567698634aa8635a644952
15708 1 1 16 7 2 0 0 0 0  aaa99988899a7787569aa87367698347aa8645a655942
15840 1 1 17 0 0 0 0 0 0  aaa99977499a8888369aa76778697386aa2556a458945
15842 1 1 17 0 0 1 0 0 0  aaa99977499a8888369aa76778697386aa2546a558945
15866 1 1 17 0 4 1 0 0 0  aaa99977599a8888469aa75778697386aa3645a628945
15925 1 1 17 2 2 0 1 0 0  aaa99977799a8888579aa75568696482aa4637a658934
15943 1 1 17 2 5 0 1 0 0  aaa99977799a8888579aa75528695486aa4637a668934
15960 1 1 17 3 2 0 0 0 0  aaa99966699a8888579aa77778594587aa4563a638924
15988 1 1 17 4 0 2 0 0 0  aaa99977799a8888469aa65368794487aa6265a758935
16004 1 1 17 4 3 1 0 0 0  aaa99977799a8888569aa66468794487aa3265a758935
16006 1 1 17 4 3 2 0 0 0  aaa99977799a8888569aa66568794587aa5464a738923
16014 1 1 17 4 5 0 0 0 0  aaa99977799a8888459aa56348796587aa4256a768936
16024 1 1 17 5 0 2 0 0 0  aaa99977799a8888569aa76568497586aa5376a438942
16050 1 1 17 5 5 0 0 0 0  aaa99977799a8888459aa75348697586aa4675a668932
16262 1 1 18 0 4 1 0 0 0  aaa99977499a8888869aa75778697386aa3655a644925
16313 1 1 18 2 0 2 1 0 0  aaa99977799a8888879aa76628696485aa6537a554934
16321 1 1 18 2 2 0 1 0 0  aaa99977799a8888879aa75568696582aa4637a654934
16339 1 1 18 2 5 0 1 0 0  aaa99977799a8888879aa75528695486aa5637a664934
16420 1 1 18 5 0 2 0 0 0  aaa99977799a8888869aa76468597386aa3576a545924
16446 1 1 18 5 5 0 0 0 0  aaa99977799a8888859aa75448697586aa4675a663932
16676 1 1 19 1 1 1 0 0 0  aaa99985499a8888579aa77378696678aa3765a644925
16678 1 1 19 1 1 2 0 0 0  aaa99984599a8888579aa77578696678aa5763a644923
16680 1 1 19 1 2 0 0 0 0  aaa99986599a8888479aa77378696678aa3756a545924
16682 1 1 19 1 2 1 0 0 0  aaa99986599a8888479aa77378696678aa3746a555942
16686 1 1 19 1 3 0 0 0 0  aaa99986599a8888479aa77378696678aa3745a655942
16688 1 1 19 1 3 1 0 0 0  aaa99986599a8888479aa77378696678aa3745a652945
16694 1 1 19 1 4 1 0 0 0  aaa99985499a8888579aa77378694478aa3765a666925
16696 1 1 19 1 4 2 0 0 0  aaa99984599a8888579aa77578693578aa4763a666924
16700 1 1 19 1 5 1 0 0 0  aaa99986599a8888479aa77378596378aa2746a565946
16705 1 1 19 2 0 0 1 0 0  aaa99986699a8888679aa77478696428aa7575a533945
16718 1 1 19 2 2 1 0 0 0  aaa99985499a8888379aa77378696658aa7675a644925
16720 1 1 19 2 2 2 0 0 0  aaa99984599a8888579aa77578696648aa7674a635923
16722 1 1 19 2 3 0 0 0 0  aaa99986599a8888479aa77378696628aa7675a455943
16724 1 1 19 2 3 1 0 0 0  aaa99986599a8888379aa77378696648aa7674a555924
16730 1 1 19 2 4 1 0 0 0  aaa99984499a8888479aa77378695658aa7675a663925
16732 1 1 19 2 4 2 0 0 0  aaa99984599a8888579aa77578693648aa7674a665923
16736 1 1 19 2 5 1 0 0 0  aaa99985499a8888379aa77378694458aa7675a666925
16738 1 1 19 2 5 2 0 0 0  aaa99984599a8888579aa77578693548aa7674a666923
16826 1 1 19 5 2 1 0 0 0  aaa99985499a8888579aa77378794468aa3676a656925
16828 1 1 19 5 2 2 0 0 0  aaa99984599a8888579aa77578793568aa4676a636924
16832 1 1 19 5 3 1 0 0 0  aaa99985499a8888579aa77378795368aa6676a644925
16834 1 1 19 5 3 2 0 0 0  aaa99984599a8888579aa77578793568aa6676a644923
16838 1 1 19 5 4 1 0 0 0  aaa99985499a8888579aa77378794468aa3675a666925
16840 1 1 19 5 4 2 0 0 0  aaa99984599a8888579aa77578793568aa4673a666924
16844 1 1 19 5 5 1 0 0 0  aaa99986599a8888479aa77378796348aa4576a565926
16884 1 1 19 7 0 0 0 0 0  aaa99987599a8888479aa77378696368aa2675a455946
16886 1 1 19 7 0 1 0 0 0  aaa99987599a8888579aa77478696368aa3672a455946
16890 1 1 19 7 1 0 0 0 0  aaa99987599a8888479aa77378696668aa3675a455942
16892 1 1 19 7 1 1 0 0 0  aaa99987599a8888479aa77378696668aa3674a555924
16898 1 1 19 7 2 1 0 0 0  aaa99987599a8888479aa77378696648aa4675a653925
16904 1 1 19 7 3 1 0 0 0  aaa99987599a8888479aa77378696648aa4576a655932
16910 1 1 19 7 4 1 0 0 0  aaa99987599a8888479aa77378695648aa4675a663925
16916 1 1 19 7 5 1 0 0 0  aaa99987599a8888479aa77378695348aa4675a666925
16994 1 1 19 10 0 1 0 0 0  aaa99987499a8888369aa67368597258aa6567a475947
16996 1 1 19 10 0 2 0 0 0  aaa99987599a8888569aa67568497548aa6467a373927
17212 1 1 20 5 0 2 0 0 0  aaa99977799a8888869aa76468597328aa6576a545934
17425 1 1 21 0 0 0 1 0 0  aaa99977499a7676489aa87788898826aa6556a353954
17497 1 1 21 2 0 0 1 0 0  aaa99977799a7676489aa87488898826aa6556a353954
17634 1 1 21 5 5 0 0 0 0  aaa99977799a5674589aa87588898856aa4672a663934
17833 1 1 22 0 2 0 1 0 0  aaa99977599a7875579aa37466895628aa4866a888934
17839 1 1 22 0 3 0 1 0 0  aaa99977599a7875579aa37466896428aa6865a888934
17845 1 1 22 0 4 0 1 0 0  aaa99977599a7875579aa37466896628aa4865a888934
17981 1 1 22 4 2 2 1 0 0  aaa99977799a7866639aa36547896548aa4872a888955
18224 1 2 0 0 1 1 0 0 0  aaa99988478a9786399aa78885797366aa6576a545924
18254 1 2 0 1 0 1 0 0 0  aaa99988478a9787399aa78887696356aa6576a545924
18256 1 2 0 1 0 2 0 0 0  aaa99988578a9787599aa78887696546aa6476a435923
18272 1 2 0 1 3 1 0 0 0  aaa99988478a9787399aa78887696656aa3576a545924
18278 1 2 0 1 4 1 0 0 0  aaa99988578a9787499aa78887696346aa4675a653925
18284 1 2 0 1 5 1 0 0 0  aaa99988578a9787499aa78887695346aa4675a663925
18290 1 2 0 2 0 1 0 0 0  aaa99988478a9787399aa78886796365aa6575a465942
18318 1 2 0 2 5 0 0 0 0  aaa99988578a9787499aa78885794556aa3672a666934
18354 1 2 0 3 5 0 0 0 0  aaa99988578a9787799aa78885694556aa4672a663934
18390 1 2 0 4 5 0 0 0 0  aaa99988578a9787499aa78885694556aa3672a663974
18420 1 2 0 5 4 0 0 0 0  aaa99988578a9787499aa78886796367aa3665a455942
18422 1 2 0 5 4 1 0 0 0  aaa99988578a9787499aa78886796367aa3664a555924
18428 1 2 0 5 5 1 0 0 0  aaa99988578a9787499aa78886794467aa3666a555932
18456 1 2 0 6 4 0 0 0 0  aaa99988578a9787799aa58886796467aa3664a525934
18494 1 2 0 7 4 1 0 0 0  aaa99988578a9787499aa78886796365aa3667a545924
18496 1 2 0 7 4 2 0 0 0  aaa99988578a9787599aa78886796564aa5667a433942
18552 1 2 0 9 2 0 0 0 0  aaa99988568a9686499aa58887694776aa3777a525934
18570 1 2 0 9 5 0 0 0 0  aaa99988558a9684599aa58887692776aa4777a663934
18578 1 2 0 10 0 1 0 0 0  aaa99988568a9786599aa68885796547aa4764a773932
18582 1 2 0 10 1 0 0 0 0  aaa99988568a9786699aa68885794557aa4762a773934
18598 1 2 0 10 3 2 0 0 0  aaa99988568a9786699aa68884796537aa5743a775942
18600 1 2 0 10 4 0 0 0 0  aaa99988558a9784599aa58886792667aa4766a773934
18626 1 2 1 0 2 1 0 0 0  aaa99988878a9785499aa75386797586aa3676a644925
18628 1 2 1 0 2 2 0 0 0  aaa99988878a9784599aa73586797586aa5676a644923
18654 1 2 1 1 1 0 0 0 0  aaa99988878a9787599aa76487696386aa3675a455942
18656 1 2 1 1 1 1 0 0 0  aaa99988878a9787599aa76487696386aa3674a555924
18674 1 2 1 1 4 1 0 0 0  aaa99988878a9787599aa75487696386aa3675a644925
18676 1 2 1 1 4 2 0 0 0  aaa99988878a9787599aa74587696586aa5673a644923
18680 1 2 1 1 5 1 0 0 0  aaa99988878a9787599aa75487694486aa3675a663925
18682 1 2 1 1 5 2 0 0 0  aaa99988878a9787599aa74587693586aa5673a664924
18946 1 2 1 9 1 2 0 0 0  aaa99988878a9785499aa66686795387aa3765a744925
18968 1 2 1 9 5 1 0 0 0  aaa99988878a9786599aa56484796487aa3756a763952
18974 1 2 1 10 0 1 0 0 0  aaa99988868a9786599aa65484796487aa3765a773925
19007 1 2 1 10 5 2 1 0 0  aaa99988828a9786599aa46583796387aa5746a775946
19034 1 2 2 0 4 1 0 0 0  aaa99988878a9785499aa74488797356aa6675a663925
19036 1 2 2 0 4 2 0 0 0  aaa99988878a9784599aa73588797546aa6674a665923
19050 1 2 2 1 1 0 0 0 0  aaa99988878a9787599aa76488696376aa3675a455942
19052 1 2 2 1 1 1 0 0 0  aaa99988878a9787599aa76488696376aa3674a555924
19070 1 2 2 1 4 1 0 0 0  aaa99988878a9787599aa75488696376aa3675a644925
19072 1 2 2 1 4 2 0 0 0  aaa99988878a9787599aa74588696576aa5673a644923
19076 1 2 2 1 5 1 0 0 0  aaa99988878a9787599aa75488694476aa3675a663925
19078 1 2 2 1 5 2 0 0 0  aaa99988878a9787599aa74588693576aa5673a664924
19106 1 2 2 2 4 1 0 0 0  aaa99988878a9787499aa75388794456aa6675a663925
19108 1 2 2 2 4 2 0 0 0  aaa99988878a9787599aa74588793546aa6674a665923
19342 1 2 2 9 1 2 0 0 0  aaa99988878a9785499aa66688795367aa3765a744925
19364 1 2 2 9 5 1 0 0 0  aaa99988878a9786599aa56488796347aa4756a763952
19370 1 2 2 10 0 1 0 0 0  aaa99988868a9786599aa65488796347aa4765a773925
19403 1 2 2 10 5 2 1 0 0  aaa99988828a9786599aa46588796537aa3746a775946
19412 1 2 3 0 1 1 0 0 0  aaa99988878a9786499aa78385797366aa6576a545924
19442 1 2 3 1 0 1 0 0 0  aaa99988878a9787499aa78387696356aa6576a545924
19444 1 2 3 1 0 2 0 0 0  aaa99988878a9787599aa78587696546aa6476a435923
19460 1 2 3 1 3 1 0 0 0  aaa99988878a9787499aa78387696656aa3576a545924
19466 1 2 3 1 4 1 0 0 0  aaa99988878a9787599aa78487696346aa4675a653925
19472 1 2 3 1 5 1 0 0 0  aaa99988878a9787599aa78487695346aa4675a663925
19478 1 2 3 2 0 1 0 0 0  aaa99988878a9787499aa78386796365aa6575a465942
19506 1 2 3 2 5 0 0 0 0  aaa99988878a9787599aa78485794556aa3672a666934
19542 1 2 3 3 5 0 0 0 0  aaa99988878a9787799aa78585694556aa4672a663934
19578 1 2 3 4 5 0 0 0 0  aaa99988878a9787599aa78485694556aa3672a663974
19682 1 2 3 7 4 1 0 0 0  aaa99988878a9787599aa78486796365aa3667a545924
19684 1 2 3 7 4 2 0 0 0  aaa99988878a9787599aa78586796564aa5667a433942
19758 1 2 3 9 5 0 0 0 0  aaa99988858a9685499aa48587695776aa3777a663942
19766 1 2 3 10 0 1 0 0 0  aaa99988868a9786599aa68585796547aa4764a773932
19770 1 2 3 10 1 0 0 0 0  aaa99988868a9786699aa68585794557aa4762a773934
19786 1 2 3 10 3 2 0 0 0  aaa99988868a9786699aa68584796537aa5743a775942
19788 1 2 3 10 4 0 0 0 0  aaa99988858a9785499aa48586795667aa3766a773942
19816 1 2 4 0 2 2 0 0 0  aaa99988878a9887499aa78376697665aa3576a545924
19828 1 2 4 0 4 2 0 0 0  aaa99988878a9887499aa78376597665aa3676a545924
19832 1 2 4 0 5 1 0 0 0  aaa99988878a9887599aa78575697546aa4674a663932
19866 1 2 4 1 5 0 0 0 0  aaa99988878a9887799aa78557694556aa4672a663934
19894 1 2 4 2 3 2 0 0 0  aaa99988878a9887799aa78466697325aa6576a545934
19902 1 2 4 2 5 0 0 0 0  aaa99988878a9887799aa78554697556aa3674a663924
19945 1 2 4 4 0 0 1 0 0  aaa99988878a9887799aa78466595436aa3576a726945
19981 1 2 4 5 0 0 1 0 0  aaa99988878a9887799aa78566597526aa4567a364934
20002 1 2 4 5 3 2 0 0 0  aaa99988878a9887799aa78466697325aa6567a545934
20010 1 2 4 5 5 0 0 0 0  aaa99988878a9887799aa78554697556aa3647a663942
20031 1 2 4 6 2 1 1 0 0  aaa99988868a9886699aa38477796755aa5277a564934
20033 1 2 4 6 2 2 1 0 0  aaa99988868a9886699aa38477796725aa4577a565934
20040 1 2 4 6 4 0 0 0 0  aaa99988858a9885499aa48577795726aa6677a663943
20068 1 2 4 7 2 2 0 0 0  aaa99988878a9887799aa78466697325aa7566a545934
20090 1 2 4 8 0 1 0 0 0  aaa99988868a9886599aa68477797325aa7576a645934
20092 1 2 4 8 0 2 0 0 0  aaa99988868a9886599aa68577797544aa7276a645933
20103 1 2 4 8 2 1 1 0 0  aaa99988868a9886699aa38477797455aa7276a565934
20105 1 2 4 8 2 2 1 0 0  aaa99988868a9886699aa38477797425aa7576a565934
20110 1 2 4 8 3 2 0 0 0  aaa99988868a9886699aa68477797325aa7576a545934
20112 1 2 4 8 4 0 0 0 0  aaa99988858a9885499aa48577797366aa7275a666943
20118 1 2 4 8 5 0 0 0 0  aaa99988858a9885499aa48577797326aa7675a666943
20139 1 2 4 9 2 1 1 0 0  aaa99988868a9886699aa38477797755aa5276a564934
20141 1 2 4 9 2 2 1 0 0  aaa99988868a9886699aa38477797725aa4576a565934
20148 1 2 4 9 4 0 0 0 0  aaa99988858a9885499aa48577797726aa6675a663943
20160 1 2 4 10 0 0 0 0 0  aaa99988868a9886599aa68354796557aa3764a777924
20175 1 2 4 10 2 1 1 0 0  aaa99988868a9886699aa38455796527aa4756a777934
20176 1 2 4 10 2 2 0 0 0  aaa99988868a9886699aa48534796537aa5746a777952
20177 1 2 4 10 2 2 1 0 0  aaa99988868a9886699aa38524796547aa5746a777935
20262 1 2 5 1 5 0 0 0 0  aaa99988877a9887599aa83725698576aa7645a664943
20608 1 2 6 0 2 2 0 0 0  aaa99988887a9786499aa66687598327aa7576a545934
20632 1 2 6 1 0 2 0 0 0  aaa99988887a9787499aa66387598375aa7662a455946
20658 1 2 6 1 5 0 0 0 0  aaa99988887a9787599aa54587698476aa7652a663934
20666 1 2 6 2 0 1 0 0 0  aaa99988887a9787599aa66487698347aa4576a655932
20677 1 2 6 2 2 0 1 0 0  aaa99988887a9787599aa66687598527aa4576a364934
20704 1 2 6 3 0 2 0 0 0  aaa99988887a9787799aa66487598375aa3662a455946
20730 1 2 6 3 5 0 0 0 0  aaa99988887a9787799aa54587698576aa4652a663934
20738 1 2 6 4 0 1 0 0 0  aaa99988887a9787599aa66487698375aa3576a645924
20740 1 2 6 4 0 2 0 0 0  aaa99988887a9787599aa66587698574aa5376a643924
20752 1 2 6 4 2 2 0 0 0  aaa99988887a9787499aa66687598375aa3576a465942
20758 1 2 6 4 3 2 0 0 0  aaa99988887a9787499aa66687598375aa3576a645924
20766 1 2 6 4 5 0 0 0 0  aaa99988887a9787599aa45587698476aa3675a663942
20768 1 2 6 4 5 1 0 0 0  aaa99988887a9787599aa55587698476aa3674a663924
20774 1 2 6 5 0 1 0 0 0  aaa99988887a9787499aa66387598767aa3565a465942
20813 1 2 6 6 0 2 1 0 0  aaa99988887a9787799aa66586498537aa5763a464952
20940 1 2 6 9 4 0 0 0 0  aaa99988887a9686599aa45587698476aa3777a653942
20942 1 2 6 9 4 1 0 0 0  aaa99988887a9686599aa55587698476aa3777a644932
20948 1 2 6 9 5 1 0 0 0  aaa99988887a9684599aa55587698476aa3777a663924
20954 1 2 6 10 0 1 0 0 0  aaa99988886a9786599aa56486798367aa3754a772954
20958 1 2 6 10 1 0 0 0 0  aaa99988886a9786699aa54586798567aa4752a773934
20978 1 2 6 10 4 1 0 0 0  aaa99988886a9784599aa55586798467aa3766a773924
21110 1 2 7 3 2 1 0 0 0  aaa99958888a9884799aa58477797365aa7662a566934
21112 1 2 7 3 2 2 0 0 0  aaa99948888a9883799aa28577797564aa7663a466955
21192 1 2 7 5 4 0 0 0 0  aaa99948888a9885599aa48477697627aa7675a665933
21198 1 2 7 5 5 0 0 0 0  aaa99948888a9885599aa48477697527aa7675a666933
21220 1 2 7 6 2 2 0 0 0  aaa99948888a9883599aa48477793766aa6277a665955
21228 1 2 7 6 4 0 0 0 0  aaa99948888a9885599aa48477795726aa6677a665933
21230 1 2 7 6 4 1 0 0 0  aaa99958888a9884499aa58377794726aa6677a665953
21232 1 2 7 6 4 2 0 0 0  aaa99948888a9883599aa48477793726aa6677a665955
21238 1 2 7 6 5 2 0 0 0  aaa99948888a9883599aa48477793726aa5677a666955
21241 1 2 7 7 0 0 1 0 0  aaa99948888a9886699aa48677795565aa7276a475933
21247 1 2 7 7 1 0 1 0 0  aaa99968888a9885599aa38577795462aa7676a674934
21252 1 2 7 7 2 0 0 0 0  aaa99948888a9885599aa48477795362aa7676a676953
21256 1 2 7 7 2 2 0 0 0  aaa99938888a9884599aa38577794462aa7676a676955
21262 1 2 7 7 3 2 0 0 0  aaa99938888a9886599aa38577794562aa7676a675944
21264 1 2 7 7 4 0 0 0 0  aaa99948888a9885599aa48477795326aa7676a676953
21268 1 2 7 7 4 2 0 0 0  aaa99938888a9884599aa38577794426aa7676a676955
21270 1 2 7 7 5 0 0 0 0  aaa99948888a9885699aa28677793655aa7475a476963
21272 1 2 7 7 5 1 0 0 0  aaa99948888a9885699aa28677793654aa7575a476963
21283 1 2 7 8 1 0 1 0 0  aaa99968888a9885599aa38577797462aa7676a654934
21288 1 2 7 8 2 0 0 0 0  aaa99948888a9885599aa48477797562aa7676a656933
21300 1 2 7 8 4 0 0 0 0  aaa99948888a9885599aa48477797566aa7275a666933
21306 1 2 7 8 5 0 0 0 0  aaa99948888a9885599aa48477797526aa7675a666933
21336 1 2 7 9 4 0 0 0 0  aaa99948888a9885599aa48477797726aa6675a665933
21364 1 2 7 10 2 2 0 0 0  aaa99948888a9883599aa48466793627aa5766a777955
21366 1 2 7 10 3 0 0 0 0  aaa99948888a9885599aa48466796527aa6765a777933
21392 1 2 8 0 1 1 0 0 0  aaa99988877a9886499aa78376698657aa3576a545924
21422 1 2 8 1 0 1 0 0 0  aaa99988877a9887599aa78466598376aa3576a645924
21424 1 2 8 1 0 2 0 0 0  aaa99988877a9887599aa78566498576aa5376a643924
21436 1 2 8 1 2 2 0 0 0  aaa99988877a9887499aa78366598675aa3676a545924
21442 1 2 8 1 3 2 0 0 0  aaa99988877a9887499aa78366698375aa6576a545924
21448 1 2 8 1 4 2 0 0 0  aaa99988877a9887499aa78366698675aa3576a545924
21450 1 2 8 1 5 0 0 0 0  aaa99988877a9887599aa78445698576aa4675a663932
21452 1 2 8 1 5 1 0 0 0  aaa99988877a9887599aa78455698576aa3674a663924
21472 1 2 8 2 2 2 0 0 0  aaa99988877a9887499aa78376698665aa3576a545924
21484 1 2 8 2 4 2 0 0 0  aaa99988877a9887499aa78376598665aa3676a545924
21488 1 2 8 2 5 1 0 0 0  aaa99988877a9887599aa78575698546aa4674a663932
21514 1 2 8 3 3 2 0 0 0  aaa99988877a9887799aa78466698325aa6576a545934
21522 1 2 8 3 5 0 0 0 0  aaa99988877a9887799aa78554698556aa3674a663924
21548 1 2 8 4 3 1 0 0 0  aaa99988877a9887599aa78466698325aa6576a745934
21550 1 2 8 4 3 2 0 0 0  aaa99988877a9887599aa78566698544aa6276a745933
21558 1 2 8 4 5 0 0 0 0  aaa99988877a9887599aa78354698556aa3674a766924
21598 1 2 8 5 5 2 0 0 0  aaa99988877a9887499aa78776598365aa3666a545924
21638 1 2 8 7 0 1 0 0 0  aaa99988877a9887499aa78376698365aa6557a645924
21652 1 2 8 7 2 2 0 0 0  aaa99988877a9887499aa78376698665aa3567a545924
21664 1 2 8 7 4 2 0 0 0  aaa99988877a9887499aa78376598665aa3667a545924
21668 1 2 8 7 5 1 0 0 0  aaa99988877a9887599aa78575698546aa4647a663932
21706 1 2 8 8 5 2 0 0 0  aaa99988877a9887799aa78476598365aa3666a545924
21750 1 2 8 10 1 0 0 0 0  aaa99988866a9886599aa68354798557aa3764a777924
21766 1 2 8 10 3 2 0 0 0  aaa99988866a9886599aa68564798537aa5743a777942
21779 1 2 8 10 5 2 1 0 0  aaa99988844a9884699aa38625798657aa6755a777936
21882 1 2 9 2 5 0 0 0 0  aaa99988877a9887599aa78475694856aa5672a663934
21889 1 2 9 3 0 0 1 0 0  aaa99988877a9887799aa78466595826aa4576a633945
21925 1 2 9 4 0 0 1 0 0  aaa99988877a9887499aa78466595836aa3576a726945
21937 1 2 9 4 2 0 1 0 0  aaa99988877a9887499aa78466596826aa6575a733945
22048 1 2 9 7 2 2 0 0 0  aaa99988877a9887499aa78376696865aa3567a545924
22060 1 2 9 7 4 2 0 0 0  aaa99988877a9887499aa78376596865aa3667a545924
22064 1 2 9 7 5 1 0 0 0  aaa99988877a9887499aa78375694856aa5657a663924
22199 1 2 10 0 3 2 1 0 0  aaa99978788a9887799aa38487696626aa4576a555934
22207 1 2 10 0 5 0 1 0 0  aaa99978788a9887799aa38587695526aa4675a664934
22249 1 2 10 2 0 0 1 0 0  aaa99968688a9883699aa28587797475aa7663a754945
22254 1 2 10 2 1 0 0 0 0  aaa99948688a9885599aa48487797572aa7666a756933
22292 1 2 10 3 1 1 0 0 0  aaa99978488a9886399aa48487797766aa6576a553952
22297 1 2 10 3 2 0 1 0 0  aaa99978588a9885599aa38487797766aa6275a664934
22303 1 2 10 3 3 0 1 0 0  aaa99978588a9885599aa38487797766aa6276a654934
22309 1 2 10 3 4 0 1 0 0  aaa99978588a9885599aa38487797726aa6675a664934
22315 1 2 10 3 5 0 1 0 0  aaa99978588a9885599aa38487797726aa4675a666934
22324 1 2 10 4 0 2 0 0 0  aaa99978688a9886699aa78487797365aa3576a545924
22328 1 2 10 4 1 1 0 0 0  aaa99978588a9886499aa78387797366aa6576a545924
22330 1 2 10 4 1 2 0 0 0  aaa99978588a9886599aa78587797566aa6476a433942
22334 1 2 10 4 2 1 0 0 0  aaa99978588a9885499aa78387797366aa6475a664925
22340 1 2 10 4 3 1 0 0 0  aaa99978588a9884499aa78487797366aa6576a655932
22344 1 2 10 4 4 0 0 0 0  aaa99978588a9884499aa78487797356aa6675a663925
22346 1 2 10 4 4 1 0 0 0  aaa99978588a9885599aa78587797346aa6674a663924
22352 1 2 10 4 5 1 0 0 0  aaa99978588a9885499aa78387797346aa4675a666925
22370 1 2 10 5 2 1 0 0 0  aaa99968588a9884499aa68487797376aa3675a657925
22372 1 2 10 5 2 2 0 0 0  aaa99968588a9884599aa68587797576aa4673a637924
22406 1 2 10 6 2 1 0 0 0  aaa99968588a9885499aa68387797776aa3675a644925
22408 1 2 10 6 2 2 0 0 0  aaa99968588a9884599aa68587797776aa5673a644923
22446 1 2 10 7 3 0 0 0 0  aaa99958588a9887599aa58487797376aa3666a744962
22514 1 2 10 9 2 1 0 0 0  aaa99968588a9885499aa68387695776aa3777a644925
22516 1 2 10 9 2 2 0 0 0  aaa99968588a9884599aa68587693776aa5777a644923
22539 1 2 10 10 0 1 1 0 0  aaa99968688a9885699aa38486795527aa4765a777934
22543 1 2 10 10 1 0 1 0 0  aaa99968588a9885599aa38486796627aa4765a777934
22577 1 2 11 0 0 2 1 0 0  aaa99977888a9888599aa66833797576aa5476a644952
22645 1 2 11 2 0 0 1 0 0  aaa99966888a9888799aa26877795546aa7474a653953
22655 1 2 11 2 1 2 1 0 0  aaa99965888a9888799aa35877795462aa7676a654934
22660 1 2 11 2 2 2 0 0 0  aaa99945888a9888799aa25877795463aa7676a636945
22672 1 2 11 2 4 2 0 0 0  aaa99945888a9888799aa25877795466aa7373a666945
22678 1 2 11 2 5 2 0 0 0  aaa99945888a9888799aa25877795436aa7673a666945
22694 1 2 11 3 2 1 0 0 0  aaa99955888a9888799aa54877797463aa7662a366954
22780 1 2 11 5 4 2 0 0 0  aaa99944888a9888599aa42877697637aa7673a665955
22786 1 2 11 5 5 2 0 0 0  aaa99944888a9888599aa42877697537aa7673a666955
22799 1 2 11 6 1 2 1 0 0  aaa99965888a9888499aa35877795766aa6277a654934
22814 1 2 11 6 4 1 0 0 0  aaa99954888a9888599aa53877793726aa6677a664954
22816 1 2 11 6 4 2 0 0 0  aaa99944888a9888599aa43877793726aa6677a665955
22828 1 2 11 7 0 2 0 0 0  aaa99966888a9888599aa36877794546aa7274a675935
22840 1 2 11 7 2 2 0 0 0  aaa99944888a9888599aa43877793562aa7676a676955
22852 1 2 11 7 4 2 0 0 0  aaa99944888a9888599aa43877793526aa7676a676955
22856 1 2 11 7 5 1 0 0 0  aaa99956888a9888499aa46877796325aa7576a573946
22858 1 2 11 7 5 2 0 0 0  aaa99956888a9888399aa56877796344aa7276a574956
22876 1 2 11 8 2 2 0 0 0  aaa99944888a9888599aa42877797563aa7676a636955
22888 1 2 11 8 4 2 0 0 0  aaa99944888a9888599aa42877797566aa7373a666955
22894 1 2 11 8 5 2 0 0 0  aaa99944888a9888599aa42877797536aa7673a666955
22924 1 2 11 9 4 2 0 0 0  aaa99944888a9888599aa42877797736aa6673a665955
22954 1 2 11 10 3 2 0 0 0  aaa99944888a9888599aa42866796537aa6763a777955
22962 1 2 11 10 5 0 0 0 0  aaa99946888a9888599aa36854796557aa2746a777936
22977 1 2 12 0 1 1 1 0 0  aaa99978788a9887799aa38667696455aa6278a554934
22979 1 2 12 0 1 2 1 0 0  aaa99978788a9887799aa38667696425aa6578a554934
23003 1 2 12 0 5 2 1 0 0  aaa99978788a9887799aa28547693546aa4678a665953
23004 1 2 12 1 0 0 0 0 0  aaa99978788a9886699aa58677793426aa7558a465943
23005 1 2 12 1 0 0 1 0 0  aaa99978788a9886699aa58677793456aa7528a564943
23047 1 2 12 2 1 0 1 0 0  aaa99958788a9885599aa68677794326aa7678a643954
23049 1 2 12 2 1 1 1 0 0  aaa99938788a9885599aa68677795426aa7678a654934
23054 1 2 12 2 2 1 0 0 0  aaa99968788a9885499aa68577795326aa7678a644935
23056 1 2 12 2 2 2 0 0 0  aaa99968788a9884599aa68577793526aa7678a635944
23059 1 2 12 2 3 0 1 0 0  aaa99968788a9885599aa38577795466aa7278a664934
23064 1 2 12 2 4 0 0 0 0  aaa99948788a9885599aa48477795366aa7278a666953
23068 1 2 12 2 4 2 0 0 0  aaa99938788a9884599aa38577794466aa7278a666955
23070 1 2 12 2 5 0 0 0 0  aaa99948788a9885599aa48477795326aa7678a666953
23074 1 2 12 2 5 2 0 0 0  aaa99938788a9884599aa38577794426aa7678a666955
23076 1 2 12 3 0 0 0 0 0  aaa99958788a9886699aa48677797456aa7528a563943
23154 1 2 12 5 1 0 0 0 0  aaa99948688a9885599aa48477697627aa7678a653953
23158 1 2 12 5 1 2 0 0 0  aaa99938688a9884599aa38577697627aa7678a644955
23160 1 2 12 5 2 0 0 0 0  aaa99968588a9885599aa48477697427aa7678a653963
23162 1 2 12 5 2 1 0 0 0  aaa99968588a9885599aa68577697427aa7678a644933
23176 1 2 12 5 4 2 0 0 0  aaa99938588a9884599aa38577697627aa7678a665944
23182 1 2 12 5 5 2 0 0 0  aaa99938588a9884599aa38577697527aa7678a666944
23185 1 2 12 6 0 0 1 0 0  aaa99968688a9885699aa38477697755aa4778a654932
23191 1 2 12 6 1 0 1 0 0  aaa99968588a9885599aa38477297766aa6778a654934
23218 1 2 12 6 5 2 0 0 0  aaa99938588a9884599aa38577697726aa5778a666944
23224 1 2 12 7 0 2 0 0 0  aaa99968688a9883699aa28577793546aa7478a674955
23227 1 2 12 7 1 0 1 0 0  aaa99968688a9885599aa38577795426aa7678a674934
23232 1 2 12 7 2 0 0 0 0  aaa99968588a9885599aa48477795426aa7678a673963
23234 1 2 12 7 2 1 0 0 0  aaa99968588a9885599aa68577794426aa7678a674933
23236 1 2 12 7 2 2 0 0 0  aaa99968588a9884599aa68577794426aa7678a675933
23239 1 2 12 7 3 0 1 0 0  aaa99968588a9885599aa38477795466aa7278a676934
23245 1 2 12 7 4 0 1 0 0  aaa99968588a9885599aa38477795426aa7678a676934
23254 1 2 12 7 5 2 0 0 0  aaa99958688a9883699aa58677793644aa7278a574956
23263 1 2 12 8 1 0 1 0 0  aaa99968688a9885599aa38577797426aa7678a654934
23268 1 2 12 8 2 0 0 0 0  aaa99968588a9885599aa48477797426aa7678a653963
23270 1 2 12 8 2 1 0 0 0  aaa99968588a9885599aa68577797426aa7678a644933
23277 1 2 12 8 3 1 1 0 0  aaa99968588a9885599aa38577797466aa7278a664934
23279 1 2 12 8 3 2 1 0 0  aaa99968588a9884599aa38577797566aa7278a646934
23284 1 2 12 8 4 2 0 0 0  aaa99938588a9884599aa38577797566aa7278a666944
23290 1 2 12 8 5 2 0 0 0  aaa99938588a9884599aa38577797526aa7678a666944
23299 1 2 12 9 1 0 1 0 0  aaa99968588a9885599aa38477797766aa6278a654934
23308 1 2 12 9 2 2 0 0 0  aaa99938588a9884599aa38577797766aa6278a665944
23320 1 2 12 9 4 2 0 0 0  aaa99938588a9884599aa38577797726aa6678a665944
23326 1 2 12 9 5 2 0 0 0  aaa99938588a9884599aa38577797726aa5678a666944
23344 1 2 12 10 2 2 0 0 0  aaa99938588a9884599aa38526796667aa5768a777944
23350 1 2 12 10 3 2 0 0 0  aaa99938588a9884599aa38566796527aa6768a777944
23356 1 2 12 10 4 2 0 0 0  aaa99938588a9884599aa38566796627aa5768a777944
23360 1 2 12 10 5 1 0 0 0  aaa99938688a9884699aa38655795627aa6758a777944
23364 1 2 13 0 0 0 0 0 0  aaa99978788a9887799aa38867695564aa5276a654934
23413 1 2 13 1 2 0 1 0 0  aaa99978788a9885599aa48877793562aa7665a466943
23436 1 2 13 2 0 0 0 0 0  aaa99958788a9886699aa38877795664aa7276a554934
23449 1 2 13 2 2 0 1 0 0  aaa99948788a9885599aa48877793562aa7676a656943
23452 1 2 13 2 2 2 0 0 0  aaa99938788a9884599aa38877792564aa7676a646955
23461 1 2 13 2 4 0 1 0 0  aaa99948788a9885599aa48877793566aa7275a666943
23464 1 2 13 2 4 2 0 0 0  aaa99938788a9884599aa38877792566aa7474a666955
23467 1 2 13 2 5 0 1 0 0  aaa99948788a9885599aa48877793526aa7675a666943
23470 1 2 13 2 5 2 0 0 0  aaa99938788a9884599aa38877792546aa7674a666955
23545 1 2 13 5 0 0 1 0 0  aaa99968688a9885699aa28877697457aa7573a654943
23596 1 2 13 6 2 2 0 0 0  aaa99938588a9884499aa38877794766aa6277a665955
23604 1 2 13 6 4 0 0 0 0  aaa99958588a9884499aa58877794726aa6677a665933
23606 1 2 13 6 4 1 0 0 0  aaa99958388a9884499aa58877794726aa6677a665953
23608 1 2 13 6 4 2 0 0 0  aaa99938588a9884499aa38877794726aa6677a665955
23614 1 2 13 6 5 2 0 0 0  aaa99938588a9884499aa38877794726aa5677a666955
23623 1 2 13 7 1 0 1 0 0  aaa99968588a9885599aa38877795462aa7676a674934
23632 1 2 13 7 2 2 0 0 0  aaa99938588a9884599aa38877794462aa7676a676955
23638 1 2 13 7 3 2 0 0 0  aaa99938588a9886599aa38877794562aa7676a675944
23644 1 2 13 7 4 2 0 0 0  aaa99938588a9884599aa38877794426aa7676a676955
23646 1 2 13 7 5 0 0 0 0  aaa99948688a9885699aa28877793655aa7475a476963
23648 1 2 13 7 5 1 0 0 0  aaa99948688a9885699aa28877793654aa7575a476963
23653 1 2 13 8 0 0 1 0 0  aaa99968688a9885699aa28877797456aa7573a654943
23659 1 2 13 8 1 0 1 0 0  aaa99968588a9885599aa38877797462aa7676a654934
23740 1 2 13 10 2 2 0 0 0  aaa99938588a9884499aa38866794627aa5766a777955
23812 1 2 14 1 2 2 0 0 0  aaa99977788a9886499aa66688598377aa3576a545924
23834 1 2 14 2 0 1 0 0 0  aaa99977788a9887599aa66488698375aa3576a645924
23836 1 2 14 2 0 2 0 0 0  aaa99977788a9887599aa66588698574aa5376a643924
23848 1 2 14 2 2 2 0 0 0  aaa99977788a9887499aa66688598375aa3576a465942
23854 1 2 14 2 3 2 0 0 0  aaa99977788a9887499aa66688598375aa3576a645924
23862 1 2 14 2 5 0 0 0 0  aaa99977788a9887599aa45588698476aa3675a663942
23864 1 2 14 2 5 1 0 0 0  aaa99977788a9887599aa55588698476aa3674a663924
23920 1 2 14 4 2 2 0 0 0  aaa99977788a9886499aa66688598375aa3776a545924
23950 1 2 14 5 1 2 0 0 0  aaa99977788a9887499aa76388598366aa6576a545924
23972 1 2 14 5 5 1 0 0 0  aaa99977788a9887599aa75488698346aa4675a663925
24182 1 2 15 0 4 1 0 0 0  aaa99988877a9686599aa87474698476aa3658a573952
24209 1 2 15 1 2 2 1 0 0  aaa99988877a9783399aa87466598625aa7668a554947
24215 1 2 15 1 3 2 1 0 0  aaa99988877a9783399aa87466598626aa7568a554947
24219 1 2 15 1 4 1 1 0 0  aaa99988877a9782499aa87466698655aa7368a553947
24221 1 2 15 1 4 2 1 0 0  aaa99988877a9783399aa87466698625aa7568a554947
24225 1 2 15 1 5 1 1 0 0  aaa99988877a9783399aa87455698526aa7658a664947
24226 1 2 15 1 5 2 0 0 0  aaa99988877a9782599aa87534698536aa7648a665947
24227 1 2 15 1 5 2 1 0 0  aaa99988877a9782599aa87544698436aa7638a665957
24262 1 2 15 2 5 2 0 0 0  aaa99988877a9782599aa87573698536aa5648a664947
24264 1 2 15 3 0 0 0 0 0  aaa99988877a9787599aa84766598526aa7568a364934
24265 1 2 15 3 0 0 1 0 0  aaa99988877a9787599aa82766598536aa7368a564944
24427 1 2 15 7 3 0 1 0 0  aaa99988877a9785599aa87576698662aa4738a654934
24520 1 2 15 10 0 2 0 0 0  aaa99988866a9782599aa86563798537aa5748a774946
24550 1 2 15 10 5 2 0 0 0  aaa99988845a9784699aa82655798537aa6738a776964
24551 1 2 15 10 5 2 1 0 0  aaa99988825a9784699aa84655798537aa6738a776964
24559 1 2 16 0 1 0 1 0 0  aaa99988877a9686699aa87476698427aa8557a353954
24623 1 2 16 1 5 2 1 0 0  aaa99988877a9783599aa87544698476aa8627a665953
24713 1 2 16 4 2 2 1 0 0  aaa99988877a9783399aa87466598625aa8667a554947
24719 1 2 16 4 3 2 1 0 0  aaa99988877a9783399aa87466598626aa8567a554947
24723 1 2 16 4 4 1 1 0 0  aaa99988877a9782499aa87466698655aa8367a553947
24725 1 2 16 4 4 2 1 0 0  aaa99988877a9783399aa87466698625aa8567a554947
24729 1 2 16 4 5 1 1 0 0  aaa99988877a9783399aa87455698526aa8657a664947
24730 1 2 16 4 5 2 0 0 0  aaa99988877a9782599aa87534698536aa8647a665947
24731 1 2 16 4 5 2 1 0 0  aaa99988877a9782599aa87544698436aa8637a665957
24953 1 2 17 0 0 2 1 0 0  aaa99977488a9887799aa38887696426aa6576a555934
24971 1 2 17 0 3 2 1 0 0  aaa99977488a9887799aa38887696626aa4576a555934
24979 1 2 17 0 5 0 1 0 0  aaa99977588a9887799aa38887695526aa4675a664934
24999 1 2 17 1 2 1 1 0 0  aaa99977788a9885599aa38887795466aa6275a664934
25011 1 2 17 1 4 1 1 0 0  aaa99977788a9885599aa38887795426aa6675a664934
25017 1 2 17 1 5 1 1 0 0  aaa99977788a9885599aa38887795426aa4675a666934
25025 1 2 17 2 0 2 1 0 0  aaa99977788a9887499aa38887696426aa6576a555934
25043 1 2 17 2 3 2 1 0 0  aaa99977788a9887499aa38887696626aa4576a555934
25051 1 2 17 2 5 0 1 0 0  aaa99977788a9887599aa38887695526aa4675a664934
25071 1 2 17 3 2 1 1 0 0  aaa99975588a9885499aa38887797766aa6275a664934
25083 1 2 17 3 4 1 1 0 0  aaa99975588a9885499aa38887797726aa6675a664934
25089 1 2 17 3 5 1 1 0 0  aaa99975588a9885499aa38887797726aa4675a666934
25158 1 2 17 5 5 0 0 0 0  aaa99977788a9887599aa78885694556aa4672a663934
25309 1 2 17 10 0 0 1 0 0  aaa99966588a9886499aa38886795527aa4765a777934
25317 1 2 17 10 1 1 1 0 0  aaa99966688a9885599aa38886795427aa4765a777934
25344 1 2 18 0 0 0 0 0 0  aaa99977588a9888499aa74788797366aa3565a265964
25362 1 2 18 0 3 0 0 0 0  aaa99977488a9888399aa75788797366aa6565a465942
25382 1 2 18 1 0 1 0 0 0  aaa99977788a9888599aa66488596377aa3674a655924
25396 1 2 18 1 2 2 0 0 0  aaa99977788a9888499aa66688596377aa3576a545924
25436 1 2 18 2 3 1 0 0 0  aaa99977788a9888499aa47488696676aa3576a553952
25490 1 2 18 4 0 1 0 0 0  aaa99977788a9888599aa66488596376aa3774a655924
25504 1 2 18 4 2 2 0 0 0  aaa99977788a9888499aa66688596375aa3776a545924
25534 1 2 18 5 1 2 0 0 0  aaa99977788a9888499aa76388597366aa6576a545924
25556 1 2 18 5 5 1 0 0 0  aaa99977788a9888599aa75488697346aa4675a663925
25843 1 2 19 2 5 0 1 0 0  aaa99977788a9887599aa38487695526aa4875a666934
25940 1 2 19 5 3 1 0 0 0  aaa99977788a9887599aa78486696365aa3874a655924
25950 1 2 19 5 5 0 0 0 0  aaa99977788a9887599aa78485694556aa3872a666934
26138 1 2 20 0 0 1 0 0 0  aaa99977588a9888499aa66884797476aa3576a655932
26148 1 2 20 0 2 0 0 0 0  aaa99977588a9888499aa45886797376aa3676a655942
26150 1 2 20 0 2 1 0 0 0  aaa99977588a9888499aa45886797376aa3676a652945
26198 1 2 20 1 4 1 0 0 0  aaa99977788a9888499aa55887794426aa6675a663935
26213 1 2 20 2 0 2 1 0 0  aaa99977788a9888499aa37887696426aa6576a555934
26231 1 2 20 2 3 2 1 0 0  aaa99977788a9888499aa37887696626aa4576a555934
26239 1 2 20 2 5 0 1 0 0  aaa99977788a9888599aa37887695526aa4675a664934
26259 1 2 20 3 2 1 1 0 0  aaa99975588a9888499aa35887797766aa6275a664934
26271 1 2 20 3 4 1 1 0 0  aaa99975588a9888499aa35887797726aa6675a664934
26277 1 2 20 3 5 1 1 0 0  aaa99975588a9888499aa35887797726aa4675a666934
26306 1 2 20 4 4 1 0 0 0  aaa99977788a9888499aa55887696376aa3675a644925
26312 1 2 20 4 5 1 0 0 0  aaa99977788a9888499aa55887694476aa3675a663925
26497 1 2 20 10 0 0 1 0 0  aaa99966588a9888499aa36886795527aa4765a777934
26627 1 2 21 2 3 2 1 0 0  aaa99977788a9888899aa37487696626aa4576a555934
26635 1 2 21 2 5 0 1 0 0  aaa99977788a9888899aa37587695526aa4675a664934
26928 1 2 22 0 0 0 0 0 0  aaa99977567a9876399aa67754896558aa3864a888924
26941 1 2 22 0 2 0 1 0 0  aaa99977467a9876699aa37755896428aa5856a888934
26943 1 2 22 0 2 1 1 0 0  aaa99977467a9876699aa37755896528aa4856a888934
26944 1 2 22 0 2 2 0 0 0  aaa99977567a9876699aa47734896538aa5846a888952
26945 1 2 22 0 2 2 1 0 0  aaa99977567a9876699aa37724896548aa5846a888935
27000 1 2 22 2 0 0 0 0 0  aaa99977767a9876599aa67354896558aa3864a888924
27015 1 2 22 2 2 1 1 0 0  aaa99977767a9876699aa37455896528aa4856a888934
27016 1 2 22 2 2 2 0 0 0  aaa99977767a9876699aa47534896538aa5846a888952
27017 1 2 22 2 2 2 1 0 0  aaa99977767a9876699aa37524896548aa5846a888935
27058 1 2 22 3 3 2 0 0 0  aaa99944777a9877599aa42766896538aa6863a888955
27066 1 2 22 3 5 0 0 0 0  aaa99946777a9877599aa36754896558aa2846a888936
27217 1 2 22 8 0 0 1 0 0  aaa99966577a9877499aa36776895528aa4865a888934
27294 1 2 22 10 1 0 0 0 0  aaa99947666a9867599aa37654897558aa2847a888937
27403 1 3 0 2 1 0 1 0 0  aaa99988478a9798799aa87866769426aa8557a365534
27439 1 3 0 3 1 0 1 0 0  aaa99988428a9798499aa86877579767aa8665a564533
27469 1 3 0 4 0 0 1 0 0  aaa99988478a9798799aa87866559426aa8567a363754
27471 1 3 0 4 0 1 1 0 0  aaa99988478a9798799aa87866559526aa8567a364734
27473 1 3 0 4 0 2 1 0 0  aaa99988478a9798799aa87866539426aa8567a565734
27489 1 3 0 4 3 1 1 0 0  aaa99988478a9798799aa87866559626aa8567a354734
27491 1 3 0 4 3 2 1 0 0  aaa99988478a9798799aa87866539626aa8567a554734
27545 1 3 0 6 0 2 1 0 0  aaa99988468a9698499aa86877739726aa8577a555634
27549 1 3 0 6 1 1 1 0 0  aaa99988468a9698699aa86877739755aa8277a554634
27551 1 3 0 6 1 2 1 0 0  aaa99988468a9698699aa86877739725aa8577a554634
27573 1 3 0 6 5 1 1 0 0  aaa99988438a9698399aa85877759726aa8677a664554
27574 1 3 0 6 5 2 0 0 0  aaa99988548a9698599aa84877739726aa8677a665354
27575 1 3 0 6 5 2 1 0 0  aaa99988538a9698599aa83877749726aa8677a665445
27613 1 3 0 8 0 0 1 0 0  aaa99988468a9698499aa86877679727aa8557a353654
27649 1 3 0 9 0 0 1 0 0  aaa99988468a9698499aa86877779726aa8557a353654
27699 1 3 0 10 2 1 1 0 0  aaa99988438a9798399aa85866759627aa8766a774554
27700 1 3 0 10 2 2 0 0 0  aaa99988548a9798599aa84866739627aa8766a775354
27701 1 3 0 10 2 2 1 0 0  aaa99988538a9798599aa83866749627aa8766a775445
28110 1 3 1 10 5 0 0 0 0  aaa99988888a9796599aa86485749557aa3726a773646
28205 1 3 2 2 2 2 1 0 0  aaa99988888a9895799aa85477739462aa7676a656534
28217 1 3 2 2 4 2 1 0 0  aaa99988888a9895799aa85477739466aa7275a666534
28223 1 3 2 2 5 2 1 0 0  aaa99988888a9895799aa85477739426aa7675a666534
28297 1 3 2 5 0 0 1 0 0  aaa99988888a9896699aa83677679457aa7527a564543
28355 1 3 2 6 3 2 1 0 0  aaa99988888a9895699aa85477739766aa6277a654534
28387 1 3 2 7 3 0 1 0 0  aaa99988888a9896599aa85577739462aa7676a674534
28405 1 3 2 8 0 0 1 0 0  aaa99988888a9896699aa83677779456aa7527a564543
28762 1 3 3 6 5 2 0 0 0  aaa99988888a9795699aa85677779644aa6348a376525
28771 1 3 3 7 1 0 1 0 0  aaa99988888a9797799aa87466769426aa7558a365534
28801 1 3 3 8 0 0 1 0 0  aaa99988888a9796699aa83677779456aa7528a564543
28906 1 3 3 10 5 2 0 0 0  aaa99988888a9795699aa85643749647aa6738a776525
28922 1 3 4 0 2 1 0 0 0  aaa99988877a9698599aa75488789367aa3676a652445
28924 1 3 4 0 2 2 0 0 0  aaa99988877a9698599aa74588789567aa5676a644332
28972 1 3 4 1 4 2 0 0 0  aaa99988877a9798499aa75388689676aa3675a652445
28976 1 3 4 1 5 1 0 0 0  aaa99988877a9798599aa75488689376aa3675a662445
28978 1 3 4 1 5 2 0 0 0  aaa99988877a9798599aa74588689576aa5673a662443
29008 1 3 4 2 4 2 0 0 0  aaa99988877a9798499aa75388689726aa6675a653445
29062 1 3 4 4 1 2 0 0 0  aaa99988877a9798499aa76388589366aa6576a545724
29084 1 3 4 4 5 1 0 0 0  aaa99988877a9798599aa75488689346aa4675a663725
29249 1 3 4 9 2 2 1 0 0  aaa99988872a9798599aa66688789537aa3746a765445
29255 1 3 4 9 3 2 1 0 0  aaa99988872a9798599aa66688789537aa3764a765454
29263 1 3 4 9 5 0 1 0 0  aaa99988872a9798599aa56588789437aa3756a764646
29267 1 3 4 9 5 2 1 0 0  aaa99988872a9798599aa46588789537aa3746a765646
29309 1 3 5 0 0 2 1 0 0  aaa99988887a9796699aa82673589435aa7778a655644
29320 1 3 5 0 2 2 0 0 0  aaa99988887a9795499aa85376689626aa7778a653445
29330 1 3 5 0 4 1 0 0 0  aaa99988887a9795499aa85376689526aa7778a663445
29332 1 3 5 0 4 2 0 0 0  aaa99988887a9794599aa83576689526aa7778a665443
29366 1 3 5 1 4 1 0 0 0  aaa99988887a9797599aa85472689676aa3678a653445
29368 1 3 5 1 4 2 0 0 0  aaa99988887a9797599aa84572689676aa5678a635443
29557 1 3 5 7 0 0 1 0 0  aaa99988887a9797599aa87476689462aa6738a655534
29582 1 3 5 7 4 1 0 0 0  aaa99988887a9797599aa87476689346aa4758a663552
29666 1 3 5 10 0 1 0 0 0  aaa99988886a9796599aa86464789467aa3758a773552
29701 1 3 6 0 0 0 1 0 0  aaa99988887a9796699aa84678659355aa7778a563424
29768 1 3 6 1 5 1 0 0 0  aaa99988887a9797599aa84478659476aa3678a663552
29966 1 3 6 7 2 1 0 0 0  aaa99988887a9797499aa87378669656aa3758a562454
29978 1 3 6 7 4 1 0 0 0  aaa99988887a9797499aa87378659656aa3758a662454
29993 1 3 6 8 0 2 1 0 0  aaa99988887a9797799aa86678359626aa4758a563544
30062 1 3 6 10 0 1 0 0 0  aaa99988886a9796599aa86468759367aa3758a772454
30064 1 3 6 10 0 2 0 0 0  aaa99988886a9796599aa86568749567aa5738a772434
30146 1 3 7 1 2 1 0 0 0  aaa99984888a9898499aa87777759365aa7662a566534
30148 1 3 7 1 2 2 0 0 0  aaa99985888a9898399aa87777749462aa7665a466535
30185 1 3 7 2 2 2 1 0 0  aaa99985888a9898799aa85477739462aa7676a656534
30197 1 3 7 2 4 2 1 0 0  aaa99985888a9898799aa85477739466aa7275a666534
30203 1 3 7 2 5 2 1 0 0  aaa99985888a9898799aa85477739426aa7675a666534
30277 1 3 7 5 0 0 1 0 0  aaa99983888a9898699aa86677679457aa7527a564543
30335 1 3 7 6 3 2 1 0 0  aaa99985888a9898699aa85477739766aa6277a654534
30367 1 3 7 7 3 0 1 0 0  aaa99986888a9898599aa85577739462aa7676a674534
30385 1 3 7 8 0 0 1 0 0  aaa99983888a9898699aa86677779456aa7527a564543
30523 1 3 8 0 5 0 1 0 0  aaa99988887a9794699aa84675539652aa7778a586364
30565 1 3 8 2 0 0 1 0 0  aaa99988887a9797699aa86675569452aa7738a584634
30575 1 3 8 2 1 2 1 0 0  aaa99988887a9797599aa82576649633aa7768a485645
30599 1 3 8 2 5 2 1 0 0  aaa99988887a9797599aa82573469534aa7768a684665
30713 1 3 8 6 0 2 1 0 0  aaa99988887a9797799aa86677539625aa4568a584634
30764 1 3 8 7 3 1 0 0 0  aaa99988887a9797499aa87376669365aa2758a586454
30781 1 3 8 8 0 0 1 0 0  aaa99988887a9797799aa86675539652aa4768a584634
30815 1 3 8 8 5 2 1 0 0  aaa99988887a9797799aa82573469534aa5768a684665
30893 1 3 9 0 0 2 1 0 0  aaa99988887a9796699aa82673569835aa7778a554644
30919 1 3 9 0 5 0 1 0 0  aaa99988887a9794399aa84375659856aa7778a666524
30949 1 3 9 1 4 0 1 0 0  aaa99988887a9797599aa85572669876aa4678a364534
30950 1 3 9 1 4 1 0 0 0  aaa99988887a9797599aa84472669876aa4678a563553
31140 1 3 9 7 0 0 0 0 0  aaa99988887a9797599aa87476639864aa6738a654552
31154 1 3 9 7 2 1 0 0 0  aaa99988887a9797499aa87376669856aa3758a562454
31166 1 3 9 7 4 1 0 0 0  aaa99988887a9797499aa87376659856aa3758a662454
31250 1 3 9 10 0 1 0 0 0  aaa99988886a9796599aa86462759867aa3758a773454
31252 1 3 9 10 0 2 0 0 0  aaa99988886a9796599aa86564749867aa5738a775432
31428 1 3 10 4 0 0 0 0 0  aaa99987588a9898499aa87387779366aa2467a564565
31430 1 3 10 4 0 1 0 0 0  aaa99987588a9898499aa87387779366aa2567a565464
31436 1 3 10 4 1 1 0 0 0  aaa99987588a9898499aa87387779366aa6567a545624
31438 1 3 10 4 1 2 0 0 0  aaa99987588a9898599aa87587779566aa6467a433642
31440 1 3 10 4 2 0 0 0 0  aaa99987588a9898499aa87387779366aa6557a665442
31442 1 3 10 4 2 1 0 0 0  aaa99987588a9898499aa87387779366aa6457a664552
31446 1 3 10 4 3 0 0 0 0  aaa99987588a9898499aa87387779366aa6567a562454
31448 1 3 10 4 3 1 0 0 0  aaa99987588a9898499aa87387779366aa6567a565442
31452 1 3 10 4 4 0 0 0 0  aaa99987588a9898499aa87387779356aa6657a662454
31454 1 3 10 4 4 1 0 0 0  aaa99987588a9898599aa87487779326aa6657a663454
31460 1 3 10 4 5 1 0 0 0  aaa99987588a9898499aa87387779346aa4657a666552
31478 1 3 10 5 2 1 0 0 0  aaa99985488a9898599aa84487779376aa3627a657665
31480 1 3 10 5 2 2 0 0 0  aaa99984588a9898599aa83587779576aa4627a637664
31514 1 3 10 6 2 1 0 0 0  aaa99985488a9898599aa85387779776aa3627a644665
31516 1 3 10 6 2 2 0 0 0  aaa99984588a9898599aa83587779776aa5627a644663
31550 1 3 10 7 2 1 0 0 0  aaa99985488a9898399aa84487779376aa2666a576575
31552 1 3 10 7 2 2 0 0 0  aaa99984588a9898599aa83587779576aa2666a476473
31556 1 3 10 7 3 1 0 0 0  aaa99986588a9898499aa85387779376aa2666a474575
31562 1 3 10 7 4 1 0 0 0  aaa99985488a9898399aa84487779376aa2656a676575
31564 1 3 10 7 4 2 0 0 0  aaa99984588a9898599aa83587779576aa2646a676473
31568 1 3 10 7 5 1 0 0 0  aaa99986588a9898499aa86387779374aa4526a575676
31570 1 3 10 7 5 2 0 0 0  aaa99986588a9898599aa86587779574aa4426a373676
31622 1 3 10 9 2 1 0 0 0  aaa99985488a9898599aa85387629776aa3777a644665
31624 1 3 10 9 2 2 0 0 0  aaa99984588a9898599aa83587629776aa5777a644663
31674 1 3 10 10 5 0 0 0 0  aaa99986588a9898499aa86385749557aa3726a777646
31769 1 3 11 2 2 2 1 0 0  aaa99985788a9898899aa85477739462aa7676a656534
31781 1 3 11 2 4 2 1 0 0  aaa99985788a9898899aa85477739466aa7275a666534
31787 1 3 11 2 5 2 1 0 0  aaa99985788a9898899aa85477739426aa7675a666534
31861 1 3 11 5 0 0 1 0 0  aaa99986688a9898899aa83677679457aa7527a564543
31919 1 3 11 6 3 2 1 0 0  aaa99985688a9898899aa85477739766aa6277a654534
31951 1 3 11 7 3 0 1 0 0  aaa99986588a9898899aa85577739462aa7676a674534
31969 1 3 11 8 0 0 1 0 0  aaa99986688a9898899aa83677779456aa7527a564543
32149 1 3 12 2 0 0 1 0 0  aaa99984788a9898699aa86677759356aa7587a563424
32158 1 3 12 2 1 2 0 0 0  aaa99985788a9898499aa85377769626aa7687a653445
32162 1 3 12 2 2 1 0 0 0  aaa99985788a9898599aa85477769326aa7687a644635
32164 1 3 12 2 2 2 0 0 0  aaa99984788a9898599aa83577769526aa7687a635644
32200 1 3 12 3 2 2 0 0 0  aaa99985788a9898499aa85377779362aa7686a656445
32212 1 3 12 3 4 2 0 0 0  aaa99985788a9898499aa85377779366aa7285a666445
32218 1 3 12 3 5 2 0 0 0  aaa99985788a9898499aa85377779326aa7685a666445
32237 1 3 12 4 2 2 1 0 0  aaa99985788a9898799aa85477739462aa7686a656534
32249 1 3 12 4 4 2 1 0 0  aaa99985788a9898799aa85477739466aa7285a666534
32255 1 3 12 4 5 2 1 0 0  aaa99985788a9898799aa85477739426aa7685a666534
32266 1 3 12 5 1 2 0 0 0  aaa99985688a9898499aa85377679627aa7687a653445
32270 1 3 12 5 2 1 0 0 0  aaa99985488a9898599aa85377679327aa7687a644665
32272 1 3 12 5 2 2 0 0 0  aaa99984588a9898599aa83577679527aa7687a644663
32278 1 3 12 5 3 2 0 0 0  aaa99985488a9898399aa85377679667aa7687a652445
32282 1 3 12 5 4 1 0 0 0  aaa99985488a9898599aa85377679627aa7687a663445
32284 1 3 12 5 4 2 0 0 0  aaa99984588a9898599aa83577679627aa7687a665443
32288 1 3 12 5 5 1 0 0 0  aaa99985488a9898599aa85377679327aa7687a666445
32290 1 3 12 5 5 2 0 0 0  aaa99984588a9898599aa83577679527aa7687a666443
32308 1 3 12 6 2 2 0 0 0  aaa99985488a9898399aa85377679766aa6787a652445
32318 1 3 12 6 4 1 0 0 0  aaa99985488a9898599aa85377679766aa3787a662445
32320 1 3 12 6 4 2 0 0 0  aaa99984588a9898599aa83577679766aa5787a662443
32335 1 3 12 7 1 0 1 0 0  aaa99986688a9898599aa85577739426aa7687a764534
32336 1 3 12 7 1 1 0 0 0  aaa99986688a9898599aa84477759426aa7687a763553
32340 1 3 12 7 2 0 0 0 0  aaa99986588a9898499aa85577749426aa7687a763536
32342 1 3 12 7 2 1 0 0 0  aaa99986588a9898599aa86477759526aa7687a763443
32347 1 3 12 7 3 0 1 0 0  aaa99986588a9898499aa85577739466aa7287a766534
32348 1 3 12 7 3 1 0 0 0  aaa99986588a9898499aa84477759366aa7287a766553
32353 1 3 12 7 4 0 1 0 0  aaa99986588a9898499aa85577739426aa7687a766534
32354 1 3 12 7 4 1 0 0 0  aaa99986588a9898499aa84477759326aa7687a766553
32370 1 3 12 8 1 0 0 0 0  aaa99985588a9898599aa85477779326aa7687a644636
32372 1 3 12 8 1 1 0 0 0  aaa99986588a9898599aa85577779426aa7687a644633
32378 1 3 12 8 2 1 0 0 0  aaa99985488a9898599aa85377779326aa7687a644665
32380 1 3 12 8 2 2 0 0 0  aaa99984588a9898599aa83577779526aa7687a644663
32390 1 3 12 8 4 1 0 0 0  aaa99985488a9898599aa85377779366aa7287a666445
32392 1 3 12 8 4 2 0 0 0  aaa99984588a9898599aa83577779566aa7287a666443
32396 1 3 12 8 5 1 0 0 0  aaa99985488a9898599aa85377779326aa7687a666445
32398 1 3 12 8 5 2 0 0 0  aaa99984588a9898599aa83577779526aa7687a666443
32426 1 3 12 9 4 1 0 0 0  aaa99985488a9898599aa85377779726aa6687a663445
32428 1 3 12 9 4 2 0 0 0  aaa99984588a9898599aa83577779726aa6687a665443
32446 1 3 12 10 1 2 0 0 0  aaa99985688a9898499aa85366769327aa6785a777445
32456 1 3 12 10 3 1 0 0 0  aaa99985488a9898599aa85366769327aa6786a777445
32458 1 3 12 10 3 2 0 0 0  aaa99984588a9898599aa83566769527aa6786a777443
32468 1 3 12 10 5 1 0 0 0  aaa99986488a9898399aa86345759557aa4786a777626
32522 1 3 13 1 2 1 0 0 0  aaa99987788a9898499aa84877759365aa7662a566534
32524 1 3 13 1 2 2 0 0 0  aaa99987788a9898399aa85877749462aa7665a466535
32561 1 3 13 2 2 2 1 0 0  aaa99985788a9898499aa85877739462aa7676a656534
32573 1 3 13 2 4 2 1 0 0  aaa99985788a9898499aa85877739466aa7275a666534
32579 1 3 13 2 5 2 1 0 0  aaa99985788a9898499aa85877739426aa7675a666534
32586 1 3 13 3 1 0 0 0 0  aaa99985788a9898499aa84877779366aa7566a526534
32604 1 3 13 3 4 0 0 0 0  aaa99985788a9898499aa84877779365aa7666a526534
32610 1 3 13 3 5 0 0 0 0  aaa99985788a9898499aa84877779356aa7652a666534
32653 1 3 13 5 0 0 1 0 0  aaa99986688a9898699aa83877679457aa7527a564543
32711 1 3 13 6 3 2 1 0 0  aaa99985688a9898499aa85877739766aa6277a654534
32761 1 3 13 8 0 0 1 0 0  aaa99986688a9898699aa83877779456aa7527a564543
32838 1 3 13 10 1 0 0 0 0  aaa99985688a9898499aa84866769357aa6752a777534
32880 1 3 14 0 2 0 0 0 0  aaa99977588a9898499aa75788689376aa3267a655464
32882 1 3 14 0 2 1 0 0 0  aaa99977588a9898499aa74788689376aa3567a655624
32898 1 3 14 0 5 0 0 0 0  aaa99977588a9898499aa75788689376aa3627a646554
32900 1 3 14 0 5 1 0 0 0  aaa99977588a9898499aa74788689376aa3657a662554
32904 1 3 14 1 0 0 0 0 0  aaa99977788a9898599aa66488689377aa3476a654552
32906 1 3 14 1 0 1 0 0 0  aaa99977788a9898599aa66488689377aa3576a655442
32972 1 3 14 2 5 1 0 0 0  aaa99977788a9898599aa57488689376aa3674a662554
33014 1 3 14 4 0 1 0 0 0  aaa99977788a9898599aa66488689375aa3776a655442
33274 1 3 15 0 1 2 0 0 0  aaa99988877a9598499aa87376689675aa3568a475642
33290 1 3 15 0 4 1 0 0 0  aaa99988877a9698699aa87475689376aa3658a572454
33296 1 3 15 0 5 1 0 0 0  aaa99988877a9698599aa87474689476aa3658a673552
33304 1 3 15 1 0 2 0 0 0  aaa99988877a9798699aa87466589325aa6678a545734
33310 1 3 15 1 1 2 0 0 0  aaa99988877a9798699aa87466689325aa6578a545734
33320 1 3 15 1 3 1 0 0 0  aaa99988877a9798599aa87466689325aa6578a645734
33322 1 3 15 1 3 2 0 0 0  aaa99988877a9798599aa87566689544aa6278a645733
33330 1 3 15 1 5 0 0 0 0  aaa99988877a9798599aa87445689556aa4678a663732
33334 1 3 15 1 5 2 0 0 0  aaa99988877a9798599aa87544689526aa4678a665733
33338 1 3 15 2 0 1 0 0 0  aaa99988877a9798499aa87376689365aa6558a645724
33352 1 3 15 2 2 2 0 0 0  aaa99988877a9798499aa87376689665aa3568a545724
33364 1 3 15 2 4 2 0 0 0  aaa99988877a9798499aa87376589665aa3668a545724
33368 1 3 15 2 5 1 0 0 0  aaa99988877a9798599aa87575689546aa4648a663732
33373 1 3 15 3 0 0 1 0 0  aaa99988877a9798799aa87566589526aa4568a364734
33394 1 3 15 3 3 2 0 0 0  aaa99988877a9798799aa87466689325aa6568a545734
33402 1 3 15 3 5 0 0 0 0  aaa99988877a9798799aa87554689556aa3648a663742
33430 1 3 15 4 3 2 0 0 0  aaa99988877a9798499aa87366689325aa6568a455747
33438 1 3 15 4 5 0 0 0 0  aaa99988877a9798599aa87354689556aa3648a662747
33517 1 3 15 7 0 0 1 0 0  aaa99988877a9798599aa87476689462aa6738a655534
33542 1 3 15 7 4 1 0 0 0  aaa99988877a9798599aa87476689346aa4758a663552
33626 1 3 15 10 0 1 0 0 0  aaa99988866a9798599aa86565789547aa4748a773632
33630 1 3 15 10 1 0 0 0 0  aaa99988866a9798699aa86554789557aa3748a773642
33658 1 3 15 10 5 2 0 0 0  aaa99988845a9798699aa84655789537aa6738a776462
33659 1 3 15 10 5 2 1 0 0  aaa99988825a9798699aa84655789537aa6738a776464
33670 1 3 16 0 1 2 0 0 0  aaa99988877a9598499aa87376689627aa8567a545634
33734 1 3 16 2 0 1 0 0 0  aaa99988877a9798499aa87376689356aa8567a545624
33736 1 3 16 2 0 2 0 0 0  aaa99988877a9798599aa87576689546aa8467a435623
33742 1 3 16 2 1 2 0 0 0  aaa99988877a9798499aa87376689625aa8567a545634
33805 1 3 16 4 0 0 1 0 0  aaa99988877a9798599aa87466589526aa8567a364734
33806 1 3 16 4 0 1 0 0 0  aaa99988877a9798499aa87366589356aa8567a465742
33808 1 3 16 4 0 2 0 0 0  aaa99988877a9798599aa87566489546aa8467a365732
33820 1 3 16 4 2 2 0 0 0  aaa99988877a9798499aa87366589625aa8667a545734
33826 1 3 16 4 3 2 0 0 0  aaa99988877a9798499aa87366589626aa8567a545734
33832 1 3 16 4 4 2 0 0 0  aaa99988877a9798499aa87366689625aa8567a545734
33836 1 3 16 4 5 1 0 0 0  aaa99988877a9798599aa87355689546aa8647a663742
33841 1 3 16 5 0 0 1 0 0  aaa99988877a9798499aa87776689426aa8565a533645
33912 1 3 16 7 0 0 0 0 0  aaa99988877a9798599aa87476689326aa8765a455643
33914 1 3 16 7 0 1 0 0 0  aaa99988877a9798599aa87376689346aa8764a555624
33949 1 3 16 8 0 0 1 0 0  aaa99988877a9798799aa87476689426aa8565a533645
34070 1 3 17 0 2 1 0 0 0  aaa99977588a9898499aa84886779376aa3667a562554
34898 1 3 19 1 2 1 0 0 0  aaa99977788a9898599aa85487679376aa3865a644625
34900 1 3 19 1 2 2 0 0 0  aaa99977788a9898599aa84587679576aa5863a644623
34906 1 3 19 1 3 2 0 0 0  aaa99977788a9898499aa85387679676aa3865a652445
35054 1 3 19 5 4 1 0 0 0  aaa99977788a9898599aa87486679346aa4875a663525
35066 1 3 19 6 0 1 0 0 0  aaa99966588a9898499aa86387779776aa3857a644552
35497 1 3 20 7 0 0 1 0 0  aaa99977788a9898899aa87486679426aa7565a533645
35759 1 3 21 3 1 2 1 0 0  aaa99965788a9696699aa35488889872aa7777a654534
36051 1 3 22 0 2 1 1 0 0  aaa99977427a9897499aa75766859638aa3866a888554
36052 1 3 22 0 2 2 0 0 0  aaa99977547a9897599aa74766839628aa5866a888354
36053 1 3 22 0 2 2 1 0 0  aaa99977537a9897599aa73766849628aa5866a888445
36402 1 3 22 10 1 0 0 0 0  aaa99974666a9896599aa73654879558aa2874a888773
36876 1 4 1 1 2 0 0 0 0  aaa99998599a8887489aa68378779376aa2657a644565
36884 1 4 1 1 3 1 0 0 0  aaa99998599a8887489aa58378779376aa6667a562454
36886 1 4 1 1 3 2 0 0 0  aaa99998599a8887589aa48578779576aa6667a464332
36890 1 4 1 1 4 1 0 0 0  aaa99998599a8887489aa58378779376aa6657a662454
36892 1 4 1 1 4 2 0 0 0  aaa99998599a8887589aa48578779576aa6637a662434
36896 1 4 1 1 5 1 0 0 0  aaa99998599a8887489aa58378779376aa2657a666454
36898 1 4 1 1 5 2 0 0 0  aaa99998599a8887589aa48578779576aa2637a666434
36904 1 4 1 2 0 2 0 0 0  aaa99998699a8886689aa58478779376aa3257a567454
36986 1 4 1 4 2 1 0 0 0  aaa99998799a8884789aa58478779365aa7662a566534
36988 1 4 1 4 2 2 0 0 0  aaa99998799a8885789aa48478779362aa7665a466535
37028 1 4 1 5 3 1 0 0 0  aaa99998599a8884489aa68478779376aa7666a573552
37088 1 4 1 7 1 1 0 0 0  aaa99998599a8884489aa78478779376aa6666a573552
37094 1 4 1 7 2 1 0 0 0  aaa99998599a8884489aa78478779376aa3666a576552
37100 1 4 1 7 3 1 0 0 0  aaa99998599a8885489aa78378779376aa2666a474565
37106 1 4 1 7 4 1 0 0 0  aaa99998599a8884489aa78478779376aa3656a676552
37136 1 4 1 8 3 1 0 0 0  aaa99998599a8884489aa68478779776aa3666a573552
37286 1 4 2 1 4 1 0 0 0  aaa99997499a8884489aa58878779376aa6657a663525
37292 1 4 2 1 5 1 0 0 0  aaa99997499a8884489aa58878779376aa3657a666525
37660 1 4 3 1 0 2 0 0 0  aaa99997699a8886689aa58478779378aa3657a562454
37664 1 4 3 1 1 1 0 0 0  aaa99997599a8884489aa68478779378aa3667a566552
37668 1 4 3 1 2 0 0 0 0  aaa99997599a8884489aa68478779378aa3657a662565
37670 1 4 3 1 2 1 0 0 0  aaa99997599a8885589aa68578779378aa3647a662464
37676 1 4 3 1 3 1 0 0 0  aaa99997599a8886489aa58378779378aa2667a566454
37678 1 4 3 1 3 2 0 0 0  aaa99997599a8886589aa48578779578aa2667a366434
37682 1 4 3 1 4 1 0 0 0  aaa99997599a8884489aa68478779378aa3657a666552
37688 1 4 3 1 5 1 0 0 0  aaa99997599a8884489aa68478779378aa3567a655662
37706 1 4 3 2 2 1 0 0 0  aaa99995499a8884489aa68378779378aa2657a667565
37708 1 4 3 2 2 2 0 0 0  aaa99994599a8883589aa68578779578aa2647a667463
37712 1 4 3 2 3 1 0 0 0  aaa99996599a8884489aa68478779378aa3657a667552
37718 1 4 3 2 4 1 0 0 0  aaa99995499a8884489aa68678779378aa3567a657625
37720 1 4 3 2 4 2 0 0 0  aaa99994599a8883589aa68678779578aa5467a647623
37724 1 4 3 2 5 1 0 0 0  aaa99995499a8884489aa68378779378aa2567a657665
37726 1 4 3 2 5 2 0 0 0  aaa99994599a8883589aa68578779578aa2467a647663
37742 1 4 3 3 2 1 0 0 0  aaa99995499a8884489aa68378779778aa3657a662565
37744 1 4 3 3 2 2 0 0 0  aaa99994599a8883589aa68578779778aa5647a662463
37794 1 4 3 4 5 0 0 0 0  aaa99995799a8884789aa68478779358aa7562a653664
37850 1 4 3 6 2 1 0 0 0  aaa99995499a8885389aa68578779768aa3766a672445
37852 1 4 3 6 2 2 0 0 0  aaa99994599a8883589aa68578779768aa5766a672443
37884 1 4 3 7 2 0 0 0 0  aaa99996599a8885589aa78478779378aa3666a474526
37886 1 4 3 7 2 1 0 0 0  aaa99996599a8886589aa78478779378aa3666a575442
37892 1 4 3 7 3 1 0 0 0  aaa99996599a8884489aa78478779378aa3666a576552
37898 1 4 3 7 4 1 0 0 0  aaa99996599a8885489aa78378779378aa2465a674665
37958 1 4 3 9 2 1 0 0 0  aaa99995499a8885389aa68578769368aa2766a777445
37960 1 4 3 9 2 2 0 0 0  aaa99994599a8883589aa68578769568aa2766a777443
38010 1 4 3 10 5 0 0 0 0  aaa99996599a8886489aa78358479558aa3276a764776
38125 1 4 4 3 0 0 1 0 0  aaa99994799a8886689aa66258539878aa7777a546534
38320 1 4 4 8 2 2 0 0 0  aaa99995499a8885389aa66678269878aa3777a657445
38332 1 4 4 8 4 2 0 0 0  aaa99995499a8884489aa65678269878aa3777a657635
38338 1 4 4 8 5 2 0 0 0  aaa99995499a8885389aa64478269878aa3777a657665
38406 1 4 4 10 5 0 0 0 0  aaa99996599a8886389aa76358579848aa5476a764772
38498 1 4 5 2 2 1 0 0 0  aaa99997599a8884489aa77778679486aa3666a583552
38644 1 4 5 6 2 2 0 0 0  aaa99995499a8885389aa74478779786aa3675a682665
38650 1 4 5 6 3 2 0 0 0  aaa99995499a8885389aa75378779786aa6676a682445
38656 1 4 5 6 4 2 0 0 0  aaa99995499a8885389aa75378779786aa2676a686445
38660 1 4 5 6 5 1 0 0 0  aaa99996599a8886489aa76378779785aa3576a485642
38662 1 4 5 6 5 2 0 0 0  aaa99996599a8886589aa76578779784aa5376a483642
38710 1 4 5 8 1 2 0 0 0  aaa99995499a8885389aa75378779786aa2766a686445
38716 1 4 5 8 2 2 0 0 0  aaa99995499a8885389aa74478779786aa3765a686625
38728 1 4 5 8 4 2 0 0 0  aaa99995499a8885389aa74478779786aa3765a682665
38732 1 4 5 8 5 1 0 0 0  aaa99996599a8886489aa76378779785aa3746a585642
38755 1 4 5 9 3 0 1 0 0  aaa99996599a8885589aa66628769487aa4737a787534
38776 1 4 5 10 0 2 0 0 0  aaa99996699a8883689aa73548479582aa5676a784775
38982 1 4 6 4 5 0 0 0 0  aaa99996599a8886489aa77778779358aa8546a265643
39004 1 4 6 5 2 2 0 0 0  aaa99997499a8885389aa77768679628aa8675a653445
39014 1 4 6 5 4 1 0 0 0  aaa99997499a8885389aa77768679358aa8675a662445
39016 1 4 6 5 4 2 0 0 0  aaa99997599a8884589aa77768679548aa8674a665332
39040 1 4 6 6 2 2 0 0 0  aaa99995499a8885389aa66678779728aa8765a673445
39052 1 4 6 6 4 2 0 0 0  aaa99995499a8884489aa65678779728aa8765a673635
39058 1 4 6 6 5 2 0 0 0  aaa99995499a8885389aa64478779728aa8765a673665
39148 1 4 6 9 2 2 0 0 0  aaa99995499a8885389aa66678769328aa8765a777445
39160 1 4 6 9 4 2 0 0 0  aaa99995499a8884489aa65678769328aa8765a777635
39166 1 4 6 9 5 2 0 0 0  aaa99995499a8885389aa64478769328aa8765a777665
39184 1 4 6 10 2 2 0 0 0  aaa99995499a8885389aa74468679628aa8675a763775
39196 1 4 6 10 4 2 0 0 0  aaa99995499a8885389aa74468679328aa8675a766775
39198 1 4 6 10 5 0 0 0 0  aaa99996599a8886489aa76358479558aa8276a764773
39392 1 4 7 5 1 1 0 0 0  aaa99994699a8888489aa52878779375aa7666a576534
39394 1 4 7 5 1 2 0 0 0  aaa99995699a8888389aa45878779374aa7666a476525
39832 1 4 8 6 2 2 0 0 0  aaa99995499a8885389aa75378779768aa2676a686445
39838 1 4 8 6 3 2 0 0 0  aaa99995499a8885389aa75378779768aa6676a682445
39848 1 4 8 6 5 1 0 0 0  aaa99996599a8886489aa76378779748aa4576a585632
39902 1 4 8 8 2 1 0 0 0  aaa99996599a8886489aa74478779778aa3666a583552
39948 1 4 8 9 4 0 0 0 0  aaa99996699a8886589aa76758479558aa4276a784733
39953 1 4 8 9 4 2 1 0 0  aaa99996699a8886589aa76738479538aa5476a784752
39954 1 4 8 9 5 0 0 0 0  aaa99996599a8886489aa76758479558aa3276a784736
39984 1 4 8 10 4 0 0 0 0  aaa99996699a8886589aa76458479558aa3276a784773
39990 1 4 8 10 5 0 0 0 0  aaa99996599a8886489aa76358479558aa3276a784776
40048 1 4 9 1 2 2 0 0 0  aaa99995499a8884479aa87778629878aa3765a663565
40170 1 4 9 4 5 0 0 0 0  aaa99996599a8886379aa87758759848aa5746a763642
40350 1 4 9 9 5 0 0 0 0  aaa99996599a8886379aa86358759848aa5746a777642
40387 1 4 9 10 5 0 1 0 0  aaa99997699a8887659aa87658249858aa6547a476733
40478 1 4 10 2 2 1 0 0 0  aaa99997599a8888489aa77778679368aa3664a562554
40572 1 4 10 5 0 0 0 0 0  aaa99997599a8888489aa77768679368aa3476a654552
40574 1 4 10 5 0 1 0 0 0  aaa99997599a8888489aa77768679368aa3576a655442
40586 1 4 10 5 2 1 0 0 0  aaa99997499a8888389aa77768679658aa3675a652445
40598 1 4 10 5 4 1 0 0 0  aaa99997599a8888489aa77768679348aa4675a663525
40782 1 4 10 10 5 0 0 0 0  aaa99996599a8888489aa76358479558aa3276a764776
41256 1 4 12 2 0 0 0 0 0  aaa99997599a8888389aa77788779366aa2565a465464
41374 1 4 12 5 1 2 0 0 0  aaa99997499a8888389aa77788579366aa6576a545624
41390 1 4 12 5 4 1 0 0 0  aaa99997499a8888389aa77788679656aa3675a652445
41396 1 4 12 5 5 1 0 0 0  aaa99997599a8888489aa77788679346aa4675a663525
41884 1 4 13 8 2 2 0 0 0  aaa99995499a8888389aa74478779786aa3765a662565
41890 1 4 13 8 3 2 0 0 0  aaa99995499a8888389aa75378779786aa6765a662445
41896 1 4 13 8 4 2 0 0 0  aaa99995499a8888389aa75378779786aa2765a666445
41900 1 4 13 8 5 1 0 0 0  aaa99996599a8888489aa76378779785aa3746a565642
42170 1 4 14 5 2 1 0 0 0  aaa99995499a8885879aa77578769386aa3678a644625
42172 1 4 14 5 2 2 0 0 0  aaa99994599a8883879aa77578769586aa5678a644623
42178 1 4 14 5 3 2 0 0 0  aaa99995499a8885879aa77378769386aa6678a652445
42260 1 4 14 7 5 1 0 0 0  aaa99997599a8884879aa77478659386aa3678a662554
42434 1 4 15 1 4 1 0 0 0  aaa99995499a8884479aa77578269687aa3765a688635
42436 1 4 15 1 4 2 0 0 0  aaa99994599a8883579aa77578269687aa5763a688644
42474 1 4 15 2 5 0 0 0 0  aaa99996599a8886479aa77378549587aa3576a288646
42506 1 4 15 3 4 1 0 0 0  aaa99995499a8884479aa77778269687aa3565a688635
42508 1 4 15 3 4 2 0 0 0  aaa99993599a8883579aa77778469687aa5464a688652
42542 1 4 15 4 4 1 0 0 0  aaa99995499a8884479aa77378269687aa7565a688635
42544 1 4 15 4 4 2 0 0 0  aaa99993599a8883579aa77578469687aa7464a688652
42566 1 4 15 5 2 1 0 0 0  aaa99995499a8884479aa77578769386aa3675a688625
42568 1 4 15 5 2 2 0 0 0  aaa99994599a8883579aa77578769586aa4673a688624
42578 1 4 15 5 4 1 0 0 0  aaa99995499a8884479aa77378769386aa2575a688665
42580 1 4 15 5 4 2 0 0 0  aaa99994599a8883579aa77578769586aa2474a688663
42690 1 4 15 8 5 0 0 0 0  aaa99996399a8886379aa77778559284aa4576a488656
42732 1 4 15 10 0 0 0 0 0  aaa99996699a8883669aa76558479585aa2474a788773
42884 1 4 16 3 1 1 0 0 0  aaa99997599a8884479aa87478779386aa6666a583552
42890 1 4 16 3 2 1 0 0 0  aaa99997599a8884479aa87478779386aa3666a586552
42896 1 4 16 3 3 1 0 0 0  aaa99997599a8885479aa87378779386aa2666a484565
42902 1 4 16 3 4 1 0 0 0  aaa99997599a8884479aa87478779386aa3656a686552
42928 1 4 16 4 2 2 0 0 0  aaa99995499a8885379aa87768769687aa3765a682445
42938 1 4 16 4 4 1 0 0 0  aaa99995499a8884479aa87768769587aa3765a683625
42940 1 4 16 4 4 2 0 0 0  aaa99994599a8883579aa87768769587aa5763a684624
42968 1 4 16 5 3 1 0 0 0  aaa99997599a8884479aa87778769486aa3666a583552
43226 1 4 17 1 4 1 0 0 0  aaa99994499a8888479aa77378569687aa3765a658625
43228 1 4 17 1 4 2 0 0 0  aaa99994599a8888579aa77578469687aa5763a648623
43266 1 4 17 2 5 0 0 0 0  aaa99996599a8888479aa77378549587aa3576a268646
43358 1 4 17 5 2 1 0 0 0  aaa99994499a8888579aa77478769386aa3675a658625
43360 1 4 17 5 2 2 0 0 0  aaa99994599a8888579aa77578769586aa4673a638624
43416 1 4 17 7 0 0 0 0 0  aaa99997499a8888379aa77378669286aa6575a548654
43434 1 4 17 7 3 0 0 0 0  aaa99997499a8888379aa77378669686aa2575a548654
43448 1 4 17 7 5 1 0 0 0  aaa99997599a8888479aa77378659386aa2674a668554
43754 1 4 18 5 2 1 0 0 0  aaa99995499a8888879aa77578769386aa3675a644625
43756 1 4 18 5 2 2 0 0 0  aaa99994599a8888879aa77578769586aa5673a644623
43844 1 4 18 7 5 1 0 0 0  aaa99997599a8888879aa77478659386aa3674a662554
43957 1 4 19 0 0 0 1 0 0  aaa99997799a8888479aa87438669378aa7656a554265
44028 1 4 19 2 0 0 0 0 0  aaa99997599a8888479aa87778669378aa3656a545264
44076 1 4 19 3 2 0 0 0 0  aaa99997699a8888679aa87578779258aa5654a636443
44078 1 4 19 3 2 1 0 0 0  aaa99997599a8888479aa87378779368aa2664a566554
44084 1 4 19 3 3 1 0 0 0  aaa99997599a8888479aa87378779368aa6664a562554
44130 1 4 19 4 5 0 0 0 0  aaa99996599a8888479aa87758749558aa3726a763646
44256 1 4 19 8 2 0 0 0 0  aaa99996599a8888479aa87378779378aa2666a455546
44604 1 4 20 7 0 0 0 0 0  aaa99997599a8888879aa77478669368aa3675a455642
44606 1 4 20 7 0 1 0 0 0  aaa99997599a8888879aa77478669368aa3674a555624
44907 1 4 21 4 2 1 1 0 0  aaa99997499a7772489aa58588889866aa6357a663547
44919 1 4 21 4 4 1 1 0 0  aaa99997499a7773389aa58588889826aa6657a664547
44921 1 4 21 4 4 2 1 0 0  aaa99997499a7773389aa58488889826aa6657a664557
44925 1 4 21 4 5 1 1 0 0  aaa99997499a7772489aa58588889836aa3657a666547
45398 1 4 22 7 0 1 0 0 0  aaa99997499a7877369aa76367859258aa6856a888454
45400 1 4 22 7 0 2 0 0 0  aaa99997599a7877569aa76567849548aa6846a888332
45578 1 5 0 1 0 1 0 0 0  aaa99988478a9787379aa98889676356aa6576a545924
45580 1 5 0 1 0 2 0 0 0  aaa99988578a9787579aa98889676546aa6476a435923
45596 1 5 0 1 3 1 0 0 0  aaa99988478a9787379aa98889676656aa3576a545924
45602 1 5 0 1 4 1 0 0 0  aaa99988578a9787479aa98889676346aa4675a653925
45608 1 5 0 1 5 1 0 0 0  aaa99988578a9787479aa98889675346aa4675a663925
45614 1 5 0 2 0 1 0 0 0  aaa99988478a9787379aa98889676367aa2645a555946
45649 1 5 0 3 0 0 1 0 0  aaa99988478a9787779aa98889676426aa6556a353954
45685 1 5 0 4 0 0 1 0 0  aaa99988478a9787479aa98889676726aa6556a353954
45725 1 5 0 5 0 2 1 0 0  aaa99988678a9787479aa98889665427aa4765a356935
45755 1 5 0 5 5 2 1 0 0  aaa99988678a9787679aa98889354627aa6754a536954
45761 1 5 0 6 0 2 1 0 0  aaa99988578a9787729aa98889766567aa5463a464953
45787 1 5 0 6 5 0 1 0 0  aaa99988678a9787729aa98889755647aa6454a336965
45798 1 5 0 7 1 0 0 0 0  aaa99988578a9787479aa98889666367aa3657a545924
45800 1 5 0 7 1 1 0 0 0  aaa99988578a9787479aa98889666367aa3647a555942
45865 1 5 0 9 0 0 1 0 0  aaa99988478a9686479aa98889777726aa6556a353954
45913 1 5 0 10 2 0 1 0 0  aaa99988568a9786629aa98889756537aa3756a774944
45917 1 5 0 10 2 2 1 0 0  aaa99988568a9786629aa98889746537aa3746a775945
45952 1 5 1 0 2 2 0 0 0  aaa99988887a9785489aa95389676627aa7675a644935
45964 1 5 1 0 4 2 0 0 0  aaa99988887a9785489aa94489675627aa7675a663935
45970 1 5 1 0 5 2 0 0 0  aaa99988887a9785489aa95389674427aa7675a666935
45978 1 5 1 1 1 0 0 0 0  aaa99988887a9787589aa96489676376aa3675a455942
45980 1 5 1 1 1 1 0 0 0  aaa99988887a9787589aa96489676376aa3674a555924
45998 1 5 1 1 4 1 0 0 0  aaa99988887a9787589aa95489676376aa3675a644925
46000 1 5 1 1 4 2 0 0 0  aaa99988887a9787589aa94589676576aa5673a644923
46004 1 5 1 1 5 1 0 0 0  aaa99988887a9787589aa95489674476aa3675a663925
46006 1 5 1 1 5 2 0 0 0  aaa99988887a9787589aa94589673576aa5673a664924
46173 1 5 1 6 3 1 1 0 0  aaa99988887a9787789aa95589666427aa4765a356934
46190 1 5 1 7 0 1 0 0 0  aaa99988887a9787489aa97389676367aa2645a555946
46298 1 5 1 10 0 1 0 0 0  aaa99988886a9786589aa96489765347aa4765a773925
46331 1 5 1 10 5 2 1 0 0  aaa99988882a9786589aa96589746537aa3746a775946
46588 1 5 2 7 0 2 0 0 0  aaa99988878a9787489aa96789766365aa3567a545924
46608 1 5 2 7 4 0 0 0 0  aaa99988878a9787589aa95789745546aa6647a663932
46666 1 5 2 9 1 2 0 0 0  aaa99988878a9785489aa95389766667aa3765a744925
46688 1 5 2 9 5 1 0 0 0  aaa99988878a9786589aa96489756347aa4756a763952
46717 1 5 2 10 4 0 1 0 0  aaa99988828a9786689aa96589756537aa3756a774944
46721 1 5 2 10 4 2 1 0 0  aaa99988828a9786689aa96589746537aa3746a775945
46723 1 5 2 10 5 0 1 0 0  aaa99988828a9786589aa96489756537aa3756a774946
46727 1 5 2 10 5 2 1 0 0  aaa99988828a9786589aa96589746537aa3746a775946
46766 1 5 3 1 0 1 0 0 0  aaa99988878a9787479aa98389676356aa6576a545924
46768 1 5 3 1 0 2 0 0 0  aaa99988878a9787579aa98589676546aa6476a435923
46784 1 5 3 1 3 1 0 0 0  aaa99988878a9787479aa98389676656aa3576a545924
46790 1 5 3 1 4 1 0 0 0  aaa99988878a9787579aa98489676346aa4675a653925
46796 1 5 3 1 5 1 0 0 0  aaa99988878a9787579aa98489675346aa4675a663925
46802 1 5 3 2 0 1 0 0 0  aaa99988878a9787479aa98389676367aa2645a555946
46837 1 5 3 3 0 0 1 0 0  aaa99988878a9787779aa98489676426aa6556a353954
46873 1 5 3 4 0 0 1 0 0  aaa99988878a9787479aa98489676726aa6556a353954
46975 1 5 3 6 5 0 1 0 0  aaa99988878a9787729aa98689755647aa6454a336965
46986 1 5 3 7 1 0 0 0 0  aaa99988878a9787579aa98489666367aa3657a545924
46988 1 5 3 7 1 1 0 0 0  aaa99988878a9787579aa98489666367aa3647a555942
47053 1 5 3 9 0 0 1 0 0  aaa99988878a9686479aa98489777726aa6556a353954
47105 1 5 3 10 2 2 1 0 0  aaa99988868a9786629aa98589746537aa3746a775945
47125 1 5 4 0 0 0 1 0 0  aaa99988878a9887579aa98479665526aa6767a354934
47126 1 5 4 0 0 1 0 0 0  aaa99988878a9887579aa98479664426aa6767a555933
47130 1 5 4 0 1 0 0 0 0  aaa99988878a9887579aa98479666366aa3757a545924
47132 1 5 4 0 1 1 0 0 0  aaa99988878a9887579aa98479666366aa3747a555942
47190 1 5 4 1 5 0 0 0 0  aaa99988878a9887779aa98579654576aa4652a663934
47216 1 5 4 2 3 1 0 0 0  aaa99988878a9887779aa98479666356aa3567a545924
47556 1 5 5 1 0 0 0 0 0  aaa99988877a9887529aa98769586576aa7546a634943
47557 1 5 5 1 0 0 1 0 0  aaa99988877a9887529aa98769586576aa7336a654944
47561 1 5 5 1 0 2 1 0 0  aaa99988877a9887429aa98769586476aa7536a655934
47592 1 5 5 2 0 0 0 0 0  aaa99988877a9887449aa98779686456aa6526a537953
47593 1 5 5 2 0 0 1 0 0  aaa99988877a9887239aa98779686356aa6546a457945
47595 1 5 5 2 0 1 1 0 0  aaa99988877a9887429aa98779686456aa6556a357934
47596 1 5 5 2 0 2 0 0 0  aaa99988877a9887529aa98779686546aa6436a347955
47665 1 5 5 4 0 0 1 0 0  aaa99988877a9887249aa98769684465aa7556a637953
47701 1 5 5 5 0 0 1 0 0  aaa99988877a9887629aa98779786665aa5536a444935
47702 1 5 5 5 0 1 0 0 0  aaa99988877a9887629aa98779786665aa5546a534943
47703 1 5 5 5 0 1 1 0 0  aaa99988877a9887629aa98779786665aa5546a453943
47705 1 5 5 5 0 2 1 0 0  aaa99988877a9887629aa98779786665aa4536a554934
47807 1 5 5 7 5 2 1 0 0  aaa99988877a9887549aa98779684436aa5637a665952
47843 1 5 5 8 5 2 1 0 0  aaa99988877a9887749aa98579684436aa5637a665952
47851 1 5 5 9 1 0 1 0 0  aaa99988827a9886779aa98479787466aa6556a353954
47853 1 5 5 9 1 1 1 0 0  aaa99988827a9886779aa98479787466aa6556a355934
47855 1 5 5 9 1 2 1 0 0  aaa99988827a9886779aa98479787466aa6536a555934
48054 1 5 6 3 5 0 0 0 0  aaa99988877a9887789aa98579654576aa4652a663934
48060 1 5 6 4 0 0 0 0 0  aaa99988877a9887389aa98769655364aa7446a657952
48188 1 5 6 7 3 1 0 0 0  aaa99988877a9887489aa98779666356aa3567a545924
48224 1 5 6 8 3 1 0 0 0  aaa99988877a9887789aa98479666356aa3567a545924
48466 1 5 7 4 1 2 0 0 0  aaa99928888a9884779aa98779766665aa4563a535974
48744 1 5 8 1 0 0 0 0 0  aaa99988877a9887529aa98769568576aa7564a364934
48745 1 5 8 1 0 0 1 0 0  aaa99988877a9887529aa98769568576aa7363a564944
48780 1 5 8 2 0 0 0 0 0  aaa99988877a9887449aa98779668456aa6563a537952
48781 1 5 8 2 0 0 1 0 0  aaa99988877a9887239aa98779668356aa6564a547954
48852 1 5 8 4 0 0 0 0 0  aaa99988877a9887529aa98769658563aa7356a647944
48965 1 5 8 7 0 2 1 0 0  aaa99988877a9887439aa98779668326aa6567a555944
48980 1 5 8 7 3 1 0 0 0  aaa99988877a9887469aa98779668356aa3567a545924
48991 1 5 8 7 5 0 1 0 0  aaa99988877a9887529aa98779658536aa3657a664944
48995 1 5 8 7 5 2 1 0 0  aaa99988877a9887529aa98779648536aa3647a665945
49031 1 5 8 8 5 2 1 0 0  aaa99988877a9887729aa98579648536aa3647a665945
49055 1 5 8 9 3 2 1 0 0  aaa99988827a9887579aa98579778566aa6463a464953
49140 1 5 9 1 0 0 0 0 0  aaa99988877a9887429aa98769565876aa7465a564933
49141 1 5 9 1 0 0 1 0 0  aaa99988877a9887429aa98769565876aa7365a563944
49176 1 5 9 2 0 0 0 0 0  aaa99988877a9887349aa98779664826aa6565a547935
49177 1 5 9 2 0 0 1 0 0  aaa99988877a9887329aa98779664856aa6564a547953
49181 1 5 9 2 0 2 1 0 0  aaa99988877a9887539aa98779663826aa5466a447955
49182 1 5 9 2 1 0 0 0 0  aaa99988877a9887469aa98779665866aa2545a537943
49248 1 5 9 4 0 0 0 0 0  aaa99988877a9887329aa98769655864aa7446a657953
49252 1 5 9 4 0 2 0 0 0  aaa99988877a9887249aa98769564865aa7536a657934
49253 1 5 9 4 0 2 1 0 0  aaa99988877a9887439aa98769563865aa7526a657944
49284 1 5 9 5 0 0 0 0 0  aaa99988877a9887529aa98779766865aa5564a364934
49285 1 5 9 5 0 0 1 0 0  aaa99988877a9887529aa98779766865aa5363a564944
49308 1 5 9 5 4 0 0 0 0  aaa99988877a9887439aa98779753864aa6666a554925
49387 1 5 9 7 5 0 1 0 0  aaa99988877a9887429aa98779655836aa3657a664945
49435 1 5 9 9 1 0 1 0 0  aaa99988827a9887479aa98479776866aa6556a353954
49437 1 5 9 9 1 1 1 0 0  aaa99988827a9887479aa98479776866aa6556a355934
49439 1 5 9 9 1 2 1 0 0  aaa99988827a9887479aa98479776866aa6536a555934
49441 1 5 9 9 2 0 1 0 0  aaa99988827a9887479aa98479775866aa6366a553954
49453 1 5 9 9 4 0 1 0 0  aaa99988827a9887479aa98479775863aa6666a553954
49462 1 5 9 9 5 2 0 0 0  aaa99988827a9887579aa98579773846aa5643a666945
49501 1 5 10 0 0 0 1 0 0  aaa99978788a9887779aa98489676426aa6556a353954
49694 1 5 10 5 2 1 0 0 0  aaa99968588a9885479aa98789775367aa3766a644925
49696 1 5 10 5 2 2 0 0 0  aaa99968588a9884579aa98789773567aa5766a644923
49708 1 5 10 5 4 2 0 0 0  aaa99968488a9885379aa98789775367aa2765a644965
49728 1 5 10 6 2 0 0 0 0  aaa99968588a9885579aa98489777367aa3766a454962
49730 1 5 10 6 2 1 0 0 0  aaa99968588a9885579aa98589777467aa3766a644932
49736 1 5 10 6 3 1 0 0 0  aaa99968588a9884479aa98489777367aa6766a555932
49742 1 5 10 6 4 1 0 0 0  aaa99968588a9885479aa98389777367aa2765a644965
49744 1 5 10 6 4 2 0 0 0  aaa99968588a9884579aa98589777567aa2763a644963
49874 1 5 10 10 2 1 0 0 0  aaa99968588a9885469aa98389766347aa4765a777925
49895 1 5 10 10 5 2 1 0 0  aaa99958688a9884629aa98689754637aa6753a777954
50000 0 5 11 2 5 1 0 0 0  aaa99957888a9888379aa97879755576aa3644a666942
50302 1 5 12 0 1 2 0 0 0  aaa99978788a9887779aa98469676365aa3568a545924
50327 1 5 12 0 5 2 1 0 0  aaa99978788a9887779aa98549673546aa4628a665953
50522 1 5 12 6 2 1 0 0 0  aaa99968588a9885479aa98379775376aa7628a644965
50524 1 5 12 6 2 2 0 0 0  aaa99968588a9884579aa98579773576aa7628a644963
50551 1 5 12 7 1 0 1 0 0  aaa99938588a9885579aa98779766672aa4668a754934
50594 1 5 12 8 2 1 0 0 0  aaa99968588a9885479aa98779775376aa3628a644965
50596 1 5 12 8 2 2 0 0 0  aaa99968588a9884579aa98779773576aa5628a644963
50740 1 5 13 1 2 2 0 0 0  aaa99978488a9886379aa98879766675aa3576a545924
50767 1 5 13 2 1 0 1 0 0  aaa99938588a9885579aa98879766672aa4667a754934
50810 1 5 13 3 2 1 0 0 0  aaa99968588a9885479aa98879775376aa3627a644965
50812 1 5 13 3 2 2 0 0 0  aaa99968588a9884579aa98879773576aa5627a644963
50839 1 5 13 4 1 0 1 0 0  aaa99938588a9885579aa98879766676aa4277a654934
50854 1 5 13 4 3 2 0 0 0  aaa99968488a9886379aa98879766675aa3577a545924
50965 1 5 13 7 4 0 1 0 0  aaa99978588a9885529aa98879775476aa4636a676934
50971 1 5 13 7 5 0 1 0 0  aaa99978688a9884639aa98879773675aa6554a276954
51032 1 5 13 9 3 1 0 0 0  aaa99968588a9884479aa98879777476aa3666a555932
51266 1 5 14 5 0 1 0 0 0  aaa99977788a9887469aa96389678856aa3576a545924
51295 1 5 14 5 5 0 1 0 0  aaa99977788a9887529aa95589678836aa3675a664944
51299 1 5 14 5 5 2 1 0 0  aaa99977788a9887529aa94589678836aa3674a665954
51317 1 5 14 6 2 2 1 0 0  aaa99966688a9885429aa95489768873aa3777a657945
51333 1 5 14 6 5 1 1 0 0  aaa99956588a9886429aa96489758873aa3777a567946
51347 1 5 14 7 1 2 1 0 0  aaa99977788a9887429aa96789578866aa6536a554934
51389 1 5 14 8 2 2 1 0 0  aaa99966688a9885429aa95489768873aa7777a653945
51461 1 5 14 10 2 2 1 0 0  aaa99966688a9885429aa95489768837aa3765a777945
51477 1 5 14 10 5 1 1 0 0  aaa99956588a9886429aa96489758837aa3756a777946
51492 1 5 15 0 2 0 0 0 0  aaa99988877a9686629aa98779685576aa5348a357944
51493 1 5 15 0 2 0 1 0 0  aaa99988877a9686649aa98779684476aa3558a257953
51503 1 5 15 0 3 2 1 0 0  aaa99988877a9686629aa98779586476aa4538a557934
51511 1 5 15 0 5 0 1 0 0  aaa99988877a9685539aa98779683576aa4628a657944
51521 1 5 15 1 0 2 1 0 0  aaa99988877a9786669aa98739586375aa7548a456942
51629 1 5 15 4 0 2 1 0 0  aaa99988877a9786669aa98739586345aa7448a556972
51731 1 5 15 6 5 2 1 0 0  aaa99988877a9787529aa98579684736aa5638a646954
51803 1 5 15 8 5 2 1 0 0  aaa99988877a9787549aa98779684436aa5638a665952
51839 1 5 15 9 5 2 1 0 0  aaa99988877a9787749aa98579684436aa5638a665952
51875 1 5 15 10 5 2 1 0 0  aaa99988847a9684479aa98579787736aa5638a665952
51888 1 5 16 0 2 0 0 0 0  aaa99988877a9686629aa98779685576aa8435a347954
51889 1 5 16 0 2 0 1 0 0  aaa99988877a9686649aa98779684476aa8553a257953
51894 1 5 16 0 3 0 0 0 0  aaa99988877a9686649aa98779684375aa8556a247953
51895 1 5 16 0 3 0 1 0 0  aaa99988877a9686649aa98779684475aa8556a337952
51911 1 5 16 0 5 2 1 0 0  aaa99988877a9685429aa98779685476aa8635a657934
51985 1 5 16 3 0 0 1 0 0  aaa99988877a9787429aa98769685463aa8556a653974
52105 1 5 16 6 2 0 1 0 0  aaa99988877a9787469aa98479686726aa8655a533945
52147 1 5 16 7 3 0 1 0 0  aaa99988877a9786469aa98779686426aa8755a533945
52165 1 5 16 8 0 0 1 0 0  aaa99988877a9787239aa98779686366aa8455a454956
52177 1 5 16 8 2 0 1 0 0  aaa99988877a9787469aa98779686426aa8655a533945
52183 1 5 16 8 3 0 1 0 0  aaa99988877a9787469aa98779686426aa8556a353954
52213 1 5 16 9 2 0 1 0 0  aaa99988877a9787769aa98479686426aa8655a533945
52249 1 5 16 10 2 0 1 0 0  aaa99988867a9686479aa98479787726aa8655a533945
52273 1 5 17 0 0 0 1 0 0  aaa99977488a9887779aa98889676426aa6556a353954
52345 1 5 17 2 0 0 1 0 0  aaa99977788a9887479aa98889676426aa6556a353954
52380 1 5 17 3 0 0 0 0 0  aaa99966588a9886479aa98889777377aa3665a455942
52382 1 5 17 3 0 1 0 0 0  aaa99966588a9886479aa98889777377aa3664a555924
52457 1 5 17 5 0 2 1 0 0  aaa99977788a9887439aa98889676326aa6576a555944
52472 1 5 17 5 3 1 0 0 0  aaa99977788a9887469aa98889676356aa3576a545924
52483 1 5 17 5 5 0 1 0 0  aaa99977788a9887529aa98889675536aa3675a664944
52487 1 5 17 5 5 2 1 0 0  aaa99977788a9887529aa98889674536aa3674a665954
52488 1 5 17 6 0 0 0 0 0  aaa99966588a9886479aa98889777367aa3765a455942
52490 1 5 17 6 0 1 0 0 0  aaa99966588a9886479aa98889777367aa3764a555924
52525 1 5 17 7 0 0 1 0 0  aaa99977788a9887239aa98889676366aa7455a454956
52537 1 5 17 7 2 0 1 0 0  aaa99977788a9887469aa98889676426aa7655a533945
52543 1 5 17 7 3 0 1 0 0  aaa99977788a9887469aa98889676426aa7556a353954
52649 1 5 17 10 2 2 1 0 0  aaa99966688a9885429aa98889765437aa3765a777945
52668 1 5 18 0 0 0 0 0 0  aaa99977588a9888349aa97789774866aa3565a265964
52675 1 5 18 0 1 0 1 0 0  aaa99977488a9888429aa97789776866aa6556a353954
52677 1 5 18 0 1 1 1 0 0  aaa99977488a9888429aa97789776866aa6556a355934
52679 1 5 18 0 1 2 1 0 0  aaa99977488a9888429aa97789776866aa6536a555934
52681 1 5 18 0 2 0 1 0 0  aaa99977488a9888429aa97789775866aa6366a553954
52686 1 5 18 0 3 0 0 0 0  aaa99977488a9888329aa97789775866aa6565a465943
52693 1 5 18 0 4 0 1 0 0  aaa99977488a9888429aa97789775863aa6666a553954
52747 1 5 18 2 1 0 1 0 0  aaa99977788a9888429aa97489776866aa6556a353954
52749 1 5 18 2 1 1 1 0 0  aaa99977788a9888429aa97489776866aa6556a355934
52751 1 5 18 2 1 2 1 0 0  aaa99977788a9888429aa97489776866aa6536a555934
52874 1 5 18 5 4 1 0 0 0  aaa99977788a9888469aa97389675856aa3675a644925
52883 1 5 18 5 5 2 1 0 0  aaa99977788a9888529aa97589674836aa3674a665954
52884 1 5 18 6 0 0 0 0 0  aaa99966588a9888479aa96389777867aa3765a455942
52886 1 5 18 6 0 1 0 0 0  aaa99966588a9888479aa96389777867aa3764a555924
52992 1 5 18 9 0 0 0 0 0  aaa99966588a9888479aa96389755867aa3764a772954
52994 1 5 18 9 0 1 0 0 0  aaa99966588a9888479aa96389745867aa3765a772945
53045 1 5 18 10 2 2 1 0 0  aaa99966688a9888429aa95489765837aa3765a777945
53061 1 5 18 10 5 1 1 0 0  aaa99956588a9888429aa96489756837aa3756a777946
53064 1 5 19 0 0 0 0 0 0  aaa99977588a9887779aa98489676326aa6856a545934
53066 1 5 19 0 0 1 0 0 0  aaa99977588a9887779aa98389676346aa6846a555942
53101 1 5 19 1 0 0 1 0 0  aaa99977788a9886669aa98489776427aa6855a533945
53119 1 5 19 1 3 0 1 0 0  aaa99977788a9886469aa98489776627aa6855a533945
53125 1 5 19 1 4 0 1 0 0  aaa99977788a9886629aa98589776457aa5856a364934
53129 1 5 19 1 4 2 1 0 0  aaa99977788a9886629aa98589776537aa3846a465945
53135 1 5 19 1 5 2 1 0 0  aaa99977788a9886529aa98589776537aa3846a465946
53136 1 5 19 2 0 0 0 0 0  aaa99977788a9887579aa98489676326aa6856a545934
53138 1 5 19 2 0 1 0 0 0  aaa99977788a9887579aa98389676346aa6846a555942
53258 1 5 19 5 2 1 0 0 0  aaa99977788a9887569aa98489676346aa4875a653925
53279 1 5 19 5 5 2 1 0 0  aaa99977788a9887529aa98589674536aa3874a666954
53280 1 5 19 6 0 0 0 0 0  aaa99966588a9886479aa98389777367aa2864a557954
53282 1 5 19 6 0 1 0 0 0  aaa99966588a9886479aa98389777367aa2865a457945
53317 1 5 19 7 0 0 1 0 0  aaa99977788a9887439aa98789676326aa6856a554945
53319 1 5 19 7 0 1 1 0 0  aaa99977788a9887439aa98789676326aa6856a555944
53321 1 5 19 7 0 2 1 0 0  aaa99977788a9887529aa98789676536aa6836a444955
53352 1 5 19 8 0 0 0 0 0  aaa99966588a9886479aa98789777367aa3865a455942
53354 1 5 19 8 0 1 0 0 0  aaa99966588a9886479aa98789777367aa3864a555924
53388 1 5 19 9 0 0 0 0 0  aaa99966588a9886479aa98389777767aa3865a455942
53390 1 5 19 9 0 1 0 0 0  aaa99966588a9886479aa98389777767aa3864a555924
53472 1 5 20 0 2 0 0 0 0  aaa99977588a9888479aa94889676676aa3657a525934
53533 1 5 20 2 0 0 1 0 0  aaa99977788a9888629aa97889776665aa5536a444935
53534 1 5 20 2 0 1 0 0 0  aaa99977788a9888629aa97889776665aa5546a534943
53535 1 5 20 2 0 1 1 0 0  aaa99977788a9888629aa97889776665aa5546a453943
53537 1 5 20 2 0 2 1 0 0  aaa99977788a9888629aa97889776665aa4536a554934
53645 1 5 20 5 0 2 1 0 0  aaa99977788a9888439aa97889676326aa6576a555944
53660 1 5 20 5 3 1 0 0 0  aaa99977788a9888469aa97889676356aa3576a545924
53671 1 5 20 5 5 0 1 0 0  aaa99977788a9888529aa97889675536aa3675a664944
53675 1 5 20 5 5 2 1 0 0  aaa99977788a9888529aa97889674536aa3674a665954
53676 1 5 20 6 0 0 0 0 0  aaa99966588a9888479aa96889777367aa3765a455942
53678 1 5 20 6 0 1 0 0 0  aaa99966588a9888479aa96889777367aa3764a555924
53690 1 5 20 6 2 1 0 0 0  aaa99966688a9888479aa95889777357aa3765a644925
53702 1 5 20 6 4 1 0 0 0  aaa99966488a9888379aa95889777357aa2765a644965
53712 1 5 20 7 0 0 0 0 0  aaa99977788a9888749aa97889676426aa6556a353954
53713 1 5 20 7 0 0 1 0 0  aaa99977788a9888739aa97889676356aa6546a452945
53715 1 5 20 7 0 1 1 0 0  aaa99977788a9888729aa97889676456aa6556a354934
53837 1 5 20 10 2 2 1 0 0  aaa99966688a9888429aa95889765437aa3765a777945
53857 1 5 21 0 0 0 1 0 0  aaa99977688a9888829aa97789776665aa5536a444935
53858 1 5 21 0 0 1 0 0 0  aaa99977688a9888829aa97789776665aa5546a534943
53859 1 5 21 0 0 1 1 0 0  aaa99977688a9888829aa97789776665aa5546a453943
53861 1 5 21 0 0 2 1 0 0  aaa99977688a9888829aa97789776665aa4536a554934
53893 1 5 21 1 0 0 1 0 0  aaa99977788a9888869aa96389774657aa6526a543954
54071 1 5 21 5 5 2 1 0 0  aaa99977788a9888829aa97589674536aa3674a665954
54072 1 5 21 6 0 0 0 0 0  aaa99966588a9888879aa96489777367aa3765a455942
54074 1 5 21 6 0 1 0 0 0  aaa99966588a9888879aa96489777367aa3764a555924
54121 1 5 21 7 2 0 1 0 0  aaa99977788a9888869aa97489676426aa7655a533945
54233 1 5 21 10 2 2 1 0 0  aaa99966688a9888829aa95489765437aa3765a777945
54253 1 5 22 0 0 0 1 0 0  aaa99977628a9776689aa97789888865aa5536a444935
54254 1 5 22 0 0 1 0 0 0  aaa99977628a9776689aa97789888865aa5546a534943
54255 1 5 22 0 0 1 1 0 0  aaa99977628a9776689aa97789888865aa5546a453943
54257 1 5 22 0 0 2 1 0 0  aaa99977628a9776689aa97789888865aa4536a554934
54289 1 5 22 1 0 0 1 0 0  aaa99977768a9776389aa94689888857aa6526a543954
54467 1 5 22 5 5 2 1 0 0  aaa99977728a9674589aa97589888836aa3674a665954
54468 1 5 22 6 0 0 0 0 0  aaa99966578a9777489aa96389888867aa3765a455942
54470 1 5 22 6 0 1 0 0 0  aaa99966578a9777489aa96389888867aa3764a555924
54517 1 5 22 7 2 0 1 0 0  aaa99977768a9676489aa97489888826aa7655a533945
54629 1 5 22 10 2 2 1 0 0  aaa99966628a9765489aa95489888837aa3765a777945
54660 1 6 0 0 2 0 0 0 0  aaa99988599a8787489aa68374799486aa3677a655562
54668 1 6 0 0 3 1 0 0 0  aaa99988599a8787489aa58376799386aa6677a644552
54689 1 6 0 1 0 2 1 0 0  aaa99988699a8787789aa68627799486aa4375a653545
54710 1 6 0 1 4 1 0 0 0  aaa99988599a8787789aa58467799386aa3674a662554
54734 1 6 0 2 2 1 0 0 0  aaa99988599a8787789aa58476799386aa3667a562454
54736 1 6 0 2 2 2 0 0 0  aaa99988599a8787789aa48576799586aa5667a464332
54762 1 6 0 3 1 0 0 0 0  aaa99988599a8686489aa78377799786aa3675a455642
54764 1 6 0 3 1 1 0 0 0  aaa99988599a8686489aa78377799786aa3674a555624
54782 1 6 0 3 4 1 0 0 0  aaa99988599a8686489aa78377799786aa3675a652445
54784 1 6 0 3 4 2 0 0 0  aaa99988599a8686589aa78577799786aa5674a644332
54788 1 6 0 3 5 1 0 0 0  aaa99988599a8685489aa78377799786aa3675a662445
54790 1 6 0 3 5 2 0 0 0  aaa99988599a8684589aa78577799786aa5673a662443
54866 1 6 0 6 0 1 0 0 0  aaa99988499a8686389aa48477799786aa6577a553652
54884 1 6 0 6 3 1 0 0 0  aaa99988499a8686689aa48477799786aa3577a553652
54890 1 6 0 6 4 1 0 0 0  aaa99988599a8686489aa58377799786aa3677a644552
54896 1 6 0 6 5 1 0 0 0  aaa99988599a8684489aa58477799786aa3677a663552
54950 1 6 0 8 2 1 0 0 0  aaa99988599a8785489aa68377799786aa3675a644625
54952 1 6 0 8 2 2 0 0 0  aaa99988599a8784589aa68577799786aa5673a644623
54980 1 6 0 9 1 1 0 0 0  aaa99988599a8787489aa68366799687aa3765a752445
54982 1 6 0 9 1 2 0 0 0  aaa99988599a8787589aa68566799687aa5764a744332
54986 1 6 0 9 2 1 0 0 0  aaa99988599a8787489aa58366799687aa3766a744552
55016 1 6 0 10 1 1 0 0 0  aaa99988599a8785489aa68366799687aa3765a772445
55018 1 6 0 10 1 2 0 0 0  aaa99988599a8784589aa68566799687aa5763a772443
55022 1 6 0 10 2 1 0 0 0  aaa99988599a8784489aa58466799687aa3766a773552
55044 1 6 1 0 0 0 0 0 0  aaa99988899a8787589aa77378799366aa2565a465464
55180 1 6 1 3 4 2 0 0 0  aaa99988899a8686489aa75378699377aa7675a652445
55186 1 6 1 3 5 2 0 0 0  aaa99988899a8685489aa75378699377aa7675a662445
55637 1 6 2 5 2 2 1 0 0  aaa99988899a8787769aa67628799487aa4365a653545
55762 1 6 2 8 5 2 0 0 0  aaa99988899a8685479aa77778699386aa3675a652445
55768 1 6 2 9 0 2 0 0 0  aaa99988899a8787469aa65368799387aa6765a752445
55784 1 6 2 9 3 1 0 0 0  aaa99988899a8787569aa66468799387aa3765a752445
55786 1 6 2 9 3 2 0 0 0  aaa99988899a8787569aa66568799587aa5764a744332
55794 1 6 2 9 5 0 0 0 0  aaa99988899a8787459aa56348799587aa4756a763626
55820 1 6 2 10 3 1 0 0 0  aaa99988899a8785469aa66568799387aa3765a772445
55822 1 6 2 10 3 2 0 0 0  aaa99988899a8784569aa66568799587aa5763a772443
55830 1 6 2 10 5 0 0 0 0  aaa99988899a8786459aa56348799587aa4756a773626
55862 1 6 3 0 4 1 0 0 0  aaa99988899a8787579aa58468799376aa3657a662454
55864 1 6 3 0 4 2 0 0 0  aaa99988899a8787579aa48568799576aa5637a662434
55970 1 6 3 3 4 1 0 0 0  aaa99988899a8686479aa78378799756aa3675a652445
56051 1 6 3 5 5 2 1 0 0  aaa99988899a8787739aa68538799527aa5467a644665
56162 1 6 3 9 0 1 0 0 0  aaa99988899a8787469aa68368799357aa6765a752445
56164 1 6 3 9 0 2 0 0 0  aaa99988899a8787569aa68568799547aa6764a745332
56180 1 6 3 9 3 1 0 0 0  aaa99988899a8787469aa68668799357aa3765a752445
56267 1 6 4 0 5 2 1 0 0  aaa99988899a8887739aa78737699526aa5647a665445
56663 1 6 5 0 5 2 1 0 0  aaa99988899a7887529aa87777699536aa3648a665445
56735 1 6 5 2 5 2 1 0 0  aaa99988899a7887729aa87577699536aa3648a665445
56744 1 6 5 3 1 1 0 0 0  aaa99988899a5887479aa87377799366aa6568a545624
56915 1 6 5 7 5 2 1 0 0  aaa99988899a7887739aa87537699526aa7648a665445
56993 1 6 5 10 0 2 1 0 0  aaa99988899a6886529aa86566799537aa3748a777445
57011 1 6 5 10 3 2 1 0 0  aaa99988899a6886639aa86536799527aa5748a777445
57019 1 6 5 10 5 0 1 0 0  aaa99988899a5885649aa85644799657aa6738a777362
57158 1 6 6 3 4 1 0 0 0  aaa99988899a8686489aa78377799756aa3675a652445
57242 1 6 6 6 0 1 0 0 0  aaa99988899a8686489aa48477799766aa3577a553652
57263 1 6 6 6 3 2 1 0 0  aaa99988899a8686689aa38477799726aa4577a555634
57271 1 6 6 6 5 0 1 0 0  aaa99988899a8685589aa38577799726aa4677a664534
57371 1 6 6 9 3 2 1 0 0  aaa99988899a8686689aa38427699775aa4777a555634
57379 1 6 6 9 5 0 1 0 0  aaa99988899a8685589aa38527699776aa4777a664534
57397 1 6 6 10 2 0 1 0 0  aaa99988899a8785589aa38566799627aa4766a774534
57409 1 6 6 10 4 0 1 0 0  aaa99988899a8785589aa38526799667aa4766a774534
57425 1 6 7 0 0 2 1 0 0  aaa99977599a8888589aa66848799574aa4276a676353
57451 1 6 7 0 5 0 1 0 0  aaa99977699a8888689aa55828799674aa6475a476353
57523 1 6 7 2 5 0 1 0 0  aaa99977799a8888589aa27838699476aa3675a664554
57544 1 6 7 3 2 2 0 0 0  aaa99975499a8888389aa65878699377aa7675a644625
57587 1 6 7 4 3 2 1 0 0  aaa99977799a8888689aa35868699672aa4775a654534
57637 1 6 7 6 0 0 1 0 0  aaa99966599a8888489aa36878699477aa7277a655534
57745 1 6 7 9 0 0 1 0 0  aaa99966599a8888489aa26838799767aa3765a774554
57768 1 6 7 9 4 0 0 0 0  aaa99965699a8888489aa64858799757aa3765a773624
57781 1 6 7 10 0 0 1 0 0  aaa99966599a8888489aa26838799467aa3765a777554
57846 1 6 8 0 5 0 0 0 0  aaa99988899a7887579aa68457499557aa3268a674663
57950 1 6 8 3 4 1 0 0 0  aaa99988899a6886579aa78477799365aa3668a545724
57952 1 6 8 3 4 2 0 0 0  aaa99988899a6886579aa78577799564aa5668a433742
58199 1 6 8 10 3 2 1 0 0  aaa99988899a6886639aa48536799527aa5748a777645
58207 1 6 8 10 5 0 1 0 0  aaa99988899a5885639aa48635799627aa6748a777465
58238 1 6 9 0 4 1 0 0 0  aaa99988899a8787479aa58365799876aa3657a662454
58240 1 6 9 0 4 2 0 0 0  aaa99988899a8787579aa48564799876aa5647a665332
58314 1 6 9 2 5 0 0 0 0  aaa99988899a8787779aa58544799826aa4657a666335
58315 1 6 9 2 5 0 1 0 0  aaa99988899a8787779aa58542799846aa4657a666335
58321 1 6 9 3 0 0 1 0 0  aaa99988899a8686479aa78477799826aa6556a353754
58559 1 6 9 9 3 2 1 0 0  aaa99988899a8686679aa38427699875aa4777a555634
58567 1 6 9 9 5 0 1 0 0  aaa99988899a8685579aa38527699876aa4777a664534
58597 1 6 9 10 4 0 1 0 0  aaa99988899a8785569aa38526799867aa4766a774534
58632 1 6 10 0 4 0 0 0 0  aaa99977599a8888489aa75748699678aa4627a663553
58634 1 6 10 0 4 1 0 0 0  aaa99977599a8888489aa74768699378aa3657a662554
58639 1 6 10 0 5 0 1 0 0  aaa99977599a8888489aa75738699478aa3627a666554
58644 1 6 10 1 0 0 0 0 0  aaa99977799a8888589aa66478699378aa3476a654552
58646 1 6 10 1 0 1 0 0 0  aaa99977799a8888589aa66478699378aa3576a655442
58685 1 6 10 2 0 2 1 0 0  aaa99977799a8888689aa67628699478aa4375a653545
58706 1 6 10 2 4 1 0 0 0  aaa99977799a8888589aa57468699378aa3674a662554
58998 1 6 10 10 5 0 0 0 0  aaa99976599a8888489aa76358499558aa3276a764776
59035 1 6 11 0 5 0 1 0 0  aaa99977599a8888889aa75738699476aa3627a664554
59257 1 6 11 7 0 0 1 0 0  aaa99977799a8888889aa76658699753aa6547a563442
59412 1 6 12 0 2 0 0 0 0  aaa99977599a8888489aa75788699376aa3267a655464
59414 1 6 12 0 2 1 0 0 0  aaa99977599a8888489aa74788699376aa3567a655624
59430 1 6 12 0 5 0 0 0 0  aaa99977599a8888489aa75788699376aa3627a646554
59432 1 6 12 0 5 1 0 0 0  aaa99977599a8888489aa74788699376aa3657a662554
59436 1 6 12 1 0 0 0 0 0  aaa99977799a8888589aa66488699377aa3476a654552
59438 1 6 12 1 0 1 0 0 0  aaa99977799a8888589aa66488699377aa3576a655442
59504 1 6 12 2 5 1 0 0 0  aaa99977799a8888589aa57488699376aa3674a662554
59546 1 6 12 4 0 1 0 0 0  aaa99977799a8888589aa66488699375aa3776a655442
59809 1 6 13 0 2 0 1 0 0  aaa99977599a8888489aa75768699683aa4727a663554
59821 1 6 13 0 4 0 1 0 0  aaa99977599a8888489aa75738699686aa3727a664554
59827 1 6 13 0 5 0 1 0 0  aaa99977599a8888489aa75738699486aa3727a666554
59957 1 6 13 4 2 2 1 0 0  aaa99977799a8888589aa66628799587aa5346a763445
59963 1 6 13 4 3 2 1 0 0  aaa99977799a8888589aa66628799587aa5364a763454
59971 1 6 13 4 5 0 1 0 0  aaa99977799a8888589aa56528799487aa4356a763646
60013 1 6 13 6 0 0 1 0 0  aaa99966599a8888489aa65678799783aa4726a773554
60031 1 6 13 6 3 0 1 0 0  aaa99966699a8888589aa65578799782aa4736a774534
60079 1 6 13 7 5 0 1 0 0  aaa99977799a8888789aa75528699586aa4637a664534
60085 1 6 13 8 0 0 1 0 0  aaa99966599a8888489aa65638799787aa3727a764554
60103 1 6 13 8 3 0 1 0 0  aaa99966699a8888589aa65528799787aa4737a764534
60121 1 6 13 9 0 0 1 0 0  aaa99966599a8888489aa65638799787aa3726a774554
60139 1 6 13 9 3 0 1 0 0  aaa99966699a8888589aa65528799787aa4736a774534
60157 1 6 13 10 0 0 1 0 0  aaa99966599a8888489aa65638799487aa3726a777554
60175 1 6 13 10 3 0 1 0 0  aaa99966699a8888589aa65528799487aa4736a777534
60295 1 6 14 2 5 0 1 0 0  aaa99977799a8887879aa75528699586aa4638a664534
60402 1 6 14 5 5 0 0 0 0  aaa99977799a8887859aa75458699386aa3678a662445
60517 1 6 14 9 0 0 1 0 0  aaa99966599a8886879aa65638799487aa3728a774554
60535 1 6 14 9 3 0 1 0 0  aaa99966699a8886879aa65528799587aa4738a774534
60553 1 6 14 10 0 0 1 0 0  aaa99966599a8886869aa65528799487aa4738a777534
60695 1 6 15 2 5 2 1 0 0  aaa99988899a7787679aa84637599637aa6528a585464
60770 1 6 15 5 0 1 0 0 0  aaa99988899a7787569aa86467599376aa3548a785642
60802 1 6 15 5 5 2 0 0 0  aaa99988899a7787649aa84647599675aa6538a785362
60803 1 6 15 5 5 2 1 0 0  aaa99988899a7787639aa84637599675aa6528a785464
60871 1 6 15 7 5 0 1 0 0  aaa99988899a7787659aa87657299657aa6548a486433
60910 1 6 15 8 5 2 0 0 0  aaa99988899a7787749aa84647299637aa6358a586556
60911 1 6 15 8 5 2 1 0 0  aaa99988899a7787749aa82647499637aa6358a586556
60953 1 6 15 10 0 2 1 0 0  aaa99988899a6786529aa86566799537aa3748a787445
60971 1 6 15 10 3 2 1 0 0  aaa99988899a6786639aa86536799527aa5748a787445
60979 1 6 15 10 5 0 1 0 0  aaa99988899a5785649aa85644799657aa6738a787362
60989 1 6 16 0 0 2 1 0 0  aaa99988899a7786679aa82637599837aa7568a554644
61015 1 6 16 0 5 0 1 0 0  aaa99988899a7784379aa84357699857aa7658a666524
61093 1 6 16 3 0 0 1 0 0  aaa99988899a7787779aa86657699853aa6548a563442
61189 1 6 16 5 4 0 1 0 0  aaa99988899a7787569aa85527699876aa4638a764534
61271 1 6 16 7 5 2 1 0 0  aaa99988899a7787539aa87537699827aa5648a666445
61307 1 6 16 8 5 2 1 0 0  aaa99988899a7787749aa82544799876aa5638a666355
61338 1 6 16 9 5 0 0 0 0  aaa99988899a7687459aa85357699876aa3778a662445
61349 1 6 16 10 0 2 1 0 0  aaa99988899a6786529aa86566799837aa3748a775445
61367 1 6 16 10 3 2 1 0 0  aaa99988899a6786639aa86536799827aa5748a775445
61368 1 6 16 10 4 0 0 0 0  aaa99988899a6786459aa85356799867aa3768a772445
61375 1 6 16 10 5 0 1 0 0  aaa99988899a5785649aa85644799857aa6738a776362
61393 1 6 17 0 2 0 1 0 0  aaa99977599a8888479aa75568699682aa4737a668534
61405 1 6 17 0 4 0 1 0 0  aaa99977599a8888479aa75528699686aa4737a668534
61483 1 6 17 2 5 0 1 0 0  aaa99977799a8888579aa75528699486aa4637a668534
61528 1 6 17 4 0 2 0 0 0  aaa99977799a8888469aa65368799387aa6265a758445
61544 1 6 17 4 3 1 0 0 0  aaa99977799a8888569aa66468799387aa3265a758445
61546 1 6 17 4 3 2 0 0 0  aaa99977799a8888569aa66568799587aa5464a738423
61554 1 6 17 4 5 0 0 0 0  aaa99977799a8888459aa56348799587aa4256a768636
61705 1 6 17 9 0 0 1 0 0  aaa99966599a8888479aa65638799487aa3726a778554
61723 1 6 17 9 3 0 1 0 0  aaa99966699a8888579aa65528799487aa4736a778534
61789 1 6 18 0 2 0 1 0 0  aaa99977599a8888879aa75568699682aa4737a664534
61801 1 6 18 0 4 0 1 0 0  aaa99977599a8888879aa75528699686aa4737a664534
61807 1 6 18 0 5 0 1 0 0  aaa99977599a8888879aa75528699486aa4737a666534
61879 1 6 18 2 5 0 1 0 0  aaa99977799a8888879aa75528699586aa4637a664534
62101 1 6 18 9 0 0 1 0 0  aaa99966599a8888879aa65638799487aa3726a774554
62119 1 6 18 9 3 0 1 0 0  aaa99966699a8888879aa65528799587aa4736a774534
62137 1 6 18 10 0 0 1 0 0  aaa99966599a8888869aa65528799487aa4736a777534
62222 1 6 19 1 2 1 0 0 0  aaa99984499a8888579aa77478699378aa3765a662565
62224 1 6 19 1 2 2 0 0 0  aaa99984599a8888579aa77578699578aa4763a662364
62228 1 6 19 1 3 1 0 0 0  aaa99985499a8888579aa77378699678aa3765a662445
62230 1 6 19 1 3 2 0 0 0  aaa99984599a8888579aa77578699678aa5763a662443
62234 1 6 19 1 4 1 0 0 0  aaa99985499a8888579aa77378699378aa2765a666445
62236 1 6 19 1 4 2 0 0 0  aaa99984599a8888579aa77578699578aa2763a666443
62240 1 6 19 1 5 1 0 0 0  aaa99986599a8888479aa77378599378aa2746a565646
62258 1 6 19 2 2 1 0 0 0  aaa99985499a8888579aa77378699368aa7676a652445
62260 1 6 19 2 2 2 0 0 0  aaa99984599a8888579aa77578699568aa7676a644332
62270 1 6 19 2 4 1 0 0 0  aaa99985499a8888379aa77378699658aa7675a662445
62272 1 6 19 2 4 2 0 0 0  aaa99984599a8888579aa77578699648aa7674a665332
62276 1 6 19 2 5 1 0 0 0  aaa99985499a8888379aa77378699258aa7675a666445
62278 1 6 19 2 5 2 0 0 0  aaa99984599a8888579aa77578699548aa7674a666332
62366 1 6 19 5 2 1 0 0 0  aaa99985499a8888579aa77378799368aa2676a656445
62368 1 6 19 5 2 2 0 0 0  aaa99984599a8888579aa77578799568aa2676a636443
62372 1 6 19 5 3 1 0 0 0  aaa99985499a8888579aa77378799368aa6676a652445
62374 1 6 19 5 3 2 0 0 0  aaa99984599a8888579aa77578799568aa6676a644332
62378 1 6 19 5 4 1 0 0 0  aaa99985499a8888579aa77378799368aa2675a666445
62380 1 6 19 5 4 2 0 0 0  aaa99984599a8888579aa77578799568aa2673a666443
62384 1 6 19 5 5 1 0 0 0  aaa99986599a8888479aa77378799348aa4576a565626
62436 1 6 19 7 2 0 0 0 0  aaa99987599a8888479aa77378699368aa2676a556454
62438 1 6 19 7 2 1 0 0 0  aaa99987599a8888579aa77478699368aa3676a655442
62450 1 6 19 7 4 1 0 0 0  aaa99987599a8888479aa77378699648aa4675a663525
62456 1 6 19 7 5 1 0 0 0  aaa99987599a8888479aa77378699348aa4675a666525
62474 1 6 19 8 2 1 0 0 0  aaa99985499a8888579aa77778699368aa3676a652445
62476 1 6 19 8 2 2 0 0 0  aaa99984599a8888579aa77778699568aa5676a644332
62534 1 6 19 10 0 1 0 0 0  aaa99987499a8888369aa67368599258aa6567a475747
62536 1 6 19 10 0 2 0 0 0  aaa99987599a8888569aa67568499548aa6467a373727
62569 1 6 20 0 0 0 1 0 0  aaa99977699a8888879aa76628699478aa4557a365534
62571 1 6 20 0 0 1 1 0 0  aaa99977699a8888879aa76628699478aa4537a565534
62573 1 6 20 0 0 2 1 0 0  aaa99977699a8888879aa76628699478aa4357a563554
62594 1 6 20 0 4 1 0 0 0  aaa99977599a8888879aa74468699478aa3657a663552
62599 1 6 20 0 5 0 1 0 0  aaa99977599a8888879aa75528699478aa4637a666534
62855 1 6 20 7 5 2 1 0 0  aaa99977799a8888849aa72648499758aa6555a376366
63149 1 6 21 5 0 2 1 0 0  aaa99977799a8676829aa76568699584aa5888a474353
63221 1 6 21 7 0 2 1 0 0  aaa99977799a8676869aa37428699785aa4888a555634
63289 1 6 21 9 0 0 1 0 0  aaa99966599a8737869aa65528799487aa4888a767534
63325 1 6 21 10 0 0 1 0 0  aaa99966599a8736869aa65528799487aa4888a777534
63373 1 6 22 0 2 0 1 0 0  aaa99977599a7875579aa37466899628aa4866a888534
63385 1 6 22 0 4 0 1 0 0  aaa99977599a7875579aa37426899668aa4866a888534
63521 1 6 22 4 2 2 1 0 0  aaa99977799a7866639aa46537899528aa5876a888445
63545 1 6 22 5 0 2 1 0 0  aaa99977799a6876529aa76566899538aa3847a888445
63563 1 6 22 5 3 2 1 0 0  aaa99977799a6876639aa76536899528aa5847a888445
63571 1 6 22 5 5 0 1 0 0  aaa99977799a5875649aa75644899658aa6837a888362
63577 1 6 22 6 0 0 1 0 0  aaa99966599a7877769aa65527899478aa4836a888534
63617 1 6 22 7 0 2 1 0 0  aaa99977799a6876569aa37526899748aa5844a888635
63685 1 6 22 9 0 0 1 0 0  aaa99966599a7836769aa65527899478aa4877a888534
63874 1 7 0 3 1 2 0 0 0  aaa99988499a8598389aa87387779766aa6567a545624
63896 1 7 0 3 5 1 0 0 0  aaa99988599a8698489aa87387779746aa4657a663552
63910 1 7 0 4 1 2 0 0 0  aaa99988499a8598389aa87387779266aa6567a455647
63912 1 7 0 4 2 0 0 0 0  aaa99988599a8698389aa87387779266aa6557a645447
63918 1 7 0 4 3 0 0 0 0  aaa99988599a8698389aa87387779266aa6467a455547
63920 1 7 0 4 3 1 0 0 0  aaa99988499a8698389aa87387779266aa6567a455547
63932 1 7 0 4 5 1 0 0 0  aaa99988599a8698489aa87387779346aa4657a662557
63948 1 7 0 5 2 0 0 0 0  aaa99988599a8798489aa85587779376aa3467a664562
63950 1 7 0 5 2 1 0 0 0  aaa99988599a8798589aa85587779476aa3627a644663
63956 1 7 0 5 3 1 0 0 0  aaa99988599a8798489aa84487779376aa6667a563552
63962 1 7 0 5 4 1 0 0 0  aaa99988599a8798489aa84487779376aa6657a663552
63968 1 7 0 5 5 1 0 0 0  aaa99988599a8798489aa84487779376aa3657a666552
63986 1 7 0 6 2 1 0 0 0  aaa99988599a8698489aa84487779776aa3567a655632
64004 1 7 0 6 5 1 0 0 0  aaa99988599a8698489aa84487779776aa3657a663552
64016 1 7 0 7 1 1 0 0 0  aaa99988599a8798489aa84487779376aa6666a555732
64022 1 7 0 7 2 1 0 0 0  aaa99988599a8798489aa85387779376aa2666a456745
64028 1 7 0 7 3 1 0 0 0  aaa99988599a8798489aa84487779376aa3666a555762
64034 1 7 0 7 4 1 0 0 0  aaa99988599a8798489aa85387779376aa6645a662745
64040 1 7 0 7 5 1 0 0 0  aaa99988599a8798489aa85387779376aa2645a666745
64093 1 7 0 9 2 0 1 0 0  aaa99988599a8698489aa85587629773aa4777a653664
64094 1 7 0 9 2 1 0 0 0  aaa99988599a8698489aa84487629775aa3777a655663
64112 1 7 0 9 5 1 0 0 0  aaa99988599a8698489aa84487659776aa3777a663552
64124 1 7 0 10 1 1 0 0 0  aaa99988599a8798489aa86386769647aa4756a773552
64130 1 7 0 10 2 1 0 0 0  aaa99988599a8798489aa84486769667aa3756a773552
64136 1 7 0 10 3 1 0 0 0  aaa99988599a8798489aa85386769667aa3745a772645
64142 1 7 0 10 4 1 0 0 0  aaa99988599a8798489aa84486759667aa3766a773552
64216 1 7 1 1 4 2 0 0 0  aaa99988899a7797489aa85387679686aa3625a644575
64220 1 7 1 1 5 1 0 0 0  aaa99988899a7797589aa84487679486aa3625a663575
64222 1 7 1 1 5 2 0 0 0  aaa99988899a7797589aa84587679586aa5644a662373
64404 1 7 1 7 0 0 0 0 0  aaa99988899a7797589aa87487669387aa3656a545264
64742 1 7 2 5 2 1 0 0 0  aaa99988899a7797589aa85488769376aa3675a644625
64744 1 7 2 5 2 2 0 0 0  aaa99988899a7797589aa84588769576aa5673a644623
65336 1 7 3 10 5 1 0 0 0  aaa99988899a7698589aa84487659476aa3777a663552
65471 1 7 4 3 3 2 1 0 0  aaa99988899a7698789aa65787689672aa4735a654534
65752 1 7 5 0 2 2 0 0 0  aaa99988899a7798489aa85367679627aa7685a653445
65762 1 7 5 0 4 1 0 0 0  aaa99988899a7798489aa85367679357aa7685a662445
65764 1 7 5 0 4 2 0 0 0  aaa99988899a7798589aa84567679547aa7684a665332
65878 1 7 5 3 5 2 0 0 0  aaa99988899a4698789aa84577779526aa7684a665353
66052 1 7 5 8 4 2 0 0 0  aaa99988899a7698689aa85477779326aa7685a653445
66056 1 7 5 8 5 1 0 0 0  aaa99988899a7698489aa85377779356aa7685a662445
66058 1 7 5 8 5 2 0 0 0  aaa99988899a7698589aa84577779546aa7684a665332
66106 1 7 5 10 1 2 0 0 0  aaa99988899a4798689aa84566769527aa6784a775353
66116 1 7 5 10 3 1 0 0 0  aaa99988899a6798489aa85366769357aa6785a772445
66118 1 7 5 10 3 2 0 0 0  aaa99988899a6798589aa84566769547aa6784a775332
66379 1 7 6 6 5 0 1 0 0  aaa99988899a8698589aa85577739726aa4677a664534
66505 1 7 6 10 2 0 1 0 0  aaa99988899a8798589aa85566739627aa4766a774534
66995 1 7 8 1 5 2 1 0 0  aaa99988899a7798789aa83547679546aa4628a665753
67044 1 7 8 3 2 0 0 0 0  aaa99988899a6498789aa85577779562aa7638a664534
67117 1 7 8 5 2 0 1 0 0  aaa99988899a7798789aa85567669572aa4638a764534
67171 1 7 8 6 5 0 1 0 0  aaa99988899a7698589aa85577739726aa4678a664534
67182 1 7 8 7 1 0 0 0 0  aaa99988899a7798789aa83767669427aa6558a454356
67183 1 7 8 7 1 0 1 0 0  aaa99988899a7798789aa83767669457aa6528a534546
67187 1 7 8 7 1 2 1 0 0  aaa99988899a7798789aa83767649667aa2568a555443
67297 1 7 8 10 2 0 1 0 0  aaa99988899a6798589aa85566739627aa4768a774534
67345 1 7 9 0 4 0 1 0 0  aaa99988899a7798589aa85577639462aa8666a754734
67360 1 7 9 1 0 2 0 0 0  aaa99988899a7798789aa86627579665aa8546a534743
67361 1 7 9 1 0 2 1 0 0  aaa99988899a7798789aa86627579665aa8546a453743
67369 1 7 9 1 2 0 1 0 0  aaa99988899a7798789aa85567679634aa8635a644752
67511 1 7 9 5 1 2 1 0 0  aaa99988899a7798789aa85467269676aa8635a754534
67529 1 7 9 5 4 2 1 0 0  aaa99988899a7798789aa85467669672aa8635a754534
68106 1 7 10 10 5 0 0 0 0  aaa99976599a8898889aa76458479558aa3276a764736
68204 1 7 11 2 3 1 0 0 0  aaa99968599a7797489aa58388889376aa7666a744552
68228 1 7 11 3 1 1 0 0 0  aaa99978499a7797789aa48488889366aa6576a553652
68246 1 7 11 3 4 1 0 0 0  aaa99978599a7797789aa58388889346aa6674a662554
68256 1 7 11 4 0 0 0 0 0  aaa99978599a7797489aa78388889366aa2476a654556
68258 1 7 11 4 0 1 0 0 0  aaa99978599a7797489aa78388889366aa2576a655446
68264 1 7 11 4 1 1 0 0 0  aaa99978599a7797489aa78388889366aa6576a545624
68266 1 7 11 4 1 2 0 0 0  aaa99978599a7797589aa78588889566aa6476a433642
68268 1 7 11 4 2 0 0 0 0  aaa99978599a7797489aa78388889366aa6575a665442
68270 1 7 11 4 2 1 0 0 0  aaa99978599a7797489aa78388889366aa6475a664525
68274 1 7 11 4 3 0 0 0 0  aaa99978599a7797489aa78388889366aa6476a654552
68276 1 7 11 4 3 1 0 0 0  aaa99978599a7797489aa78388889366aa6576a655442
68280 1 7 11 4 4 0 0 0 0  aaa99978599a7797489aa78388889356aa6675a662445
68282 1 7 11 4 4 1 0 0 0  aaa99978599a7797589aa78388889346aa6674a662554
68288 1 7 11 4 5 1 0 0 0  aaa99978599a7797489aa78388889346aa4675a666525
68306 1 7 11 5 2 1 0 0 0  aaa99968599a7797489aa68388889376aa2675a657445
68308 1 7 11 5 2 2 0 0 0  aaa99968599a7797589aa68588889576aa2674a637443
68342 1 7 11 6 2 1 0 0 0  aaa99968599a7797789aa68488889376aa3675a652445
68344 1 7 11 6 2 2 0 0 0  aaa99968599a7797789aa68588889576aa5674a644332
68378 1 7 11 7 2 1 0 0 0  aaa99958499a7797389aa48488889376aa2666a756557
68380 1 7 11 7 2 2 0 0 0  aaa99948599a7797589aa38588889576aa2666a746437
68384 1 7 11 7 3 1 0 0 0  aaa99968599a7797489aa58388889376aa2666a744557
68390 1 7 11 7 4 1 0 0 0  aaa99958499a7797389aa48488889376aa2665a766557
68392 1 7 11 7 4 2 0 0 0  aaa99948599a7797589aa38588889576aa2664a766437
68396 1 7 11 7 5 1 0 0 0  aaa99968599a7797489aa68388889374aa4562a755667
68398 1 7 11 7 5 2 0 0 0  aaa99968599a7797589aa68588889574aa4462a733667
68420 1 7 11 8 3 1 0 0 0  aaa99968599a7797789aa58488889376aa3666a744552
68450 1 7 11 9 2 1 0 0 0  aaa99968599a7695789aa68488889376aa3777a652445
68452 1 7 11 9 2 2 0 0 0  aaa99968599a7694789aa68588889576aa5777a644332
68502 1 7 11 10 5 0 0 0 0  aaa99968599a5794589aa68488889357aa3762a777664
69115 1 7 13 5 5 0 1 0 0  aaa99977799a8898889aa75528679586aa4637a664534
69510 1 7 14 5 5 0 0 0 0  aaa99977799a8898859aa75458679386aa3687a662445
69806 1 7 15 3 0 1 0 0 0  aaa99988899a6698479aa87377789365aa6558a645724
69820 1 7 15 3 2 2 0 0 0  aaa99988899a6698679aa87477789365aa3568a545724
69832 1 7 15 3 4 2 0 0 0  aaa99988899a6598679aa87477789365aa3668a545724
69836 1 7 15 3 5 1 0 0 0  aaa99988899a5698579aa87577789546aa4648a663732
69983 1 7 15 7 5 2 1 0 0  aaa99988899a7798759aa83755789576aa2648a666443
69986 1 7 15 8 0 1 0 0 0  aaa99988899a6698479aa87377789356aa7568a545624
69988 1 7 15 8 0 2 0 0 0  aaa99988899a6698579aa87577789546aa7468a435623
69994 1 7 15 8 1 2 0 0 0  aaa99988899a6698679aa87477789325aa7568a545634
70078 1 7 15 10 3 2 0 0 0  aaa99988899a4798569aa86663789537aa5748a775642
70097 1 7 16 0 0 2 1 0 0  aaa99988899a7798679aa86627589465aa8536a754734
70234 1 7 16 3 5 2 0 0 0  aaa99988899a6598479aa87377789365aa8666a545724
70309 1 7 16 6 0 0 1 0 0  aaa99988899a6698479aa87777789426aa8565a533645
70381 1 7 16 8 0 0 1 0 0  aaa99988899a6698479aa87477689727aa8565a533645
70417 1 7 16 9 0 0 1 0 0  aaa99988899a6698479aa87477789726aa8565a533645
70482 1 7 16 10 5 0 0 0 0  aaa99988899a7698459aa85357689376aa8777a662445
70501 1 7 17 0 2 0 1 0 0  aaa99977599a8898879aa75568669482aa4737a866534
70507 1 7 17 0 3 0 1 0 0  aaa99977599a8898879aa75568669482aa6737a864534
70513 1 7 17 0 4 0 1 0 0  aaa99977599a8898879aa75568669682aa4737a864534
70573 1 7 17 2 2 0 1 0 0  aaa99977799a8898879aa75568669582aa4637a864534
70898 1 7 18 0 2 1 0 0 0  aaa99977599a6797489aa58888889376aa3676a644552
70958 1 7 18 2 0 1 0 0 0  aaa99977799a6697489aa58888889376aa3576a545624
71101 1 7 18 6 0 0 1 0 0  aaa99966599a7797789aa38888889476aa4276a655534
71209 1 7 18 9 0 0 1 0 0  aaa99966599a7296789aa38888889476aa4777a655534
71326 1 7 19 1 1 2 0 0 0  aaa99958499a8898879aa77378669678aa3756a562454
71348 1 7 19 1 5 1 0 0 0  aaa99968599a8898879aa77478569378aa3764a655624
71352 1 7 19 2 0 0 0 0 0  aaa99978599a8898879aa77478669378aa3656a545264
71532 1 7 19 7 0 0 0 0 0  aaa99978599a8898879aa77478669368aa3657a545624
71534 1 7 19 7 0 1 0 0 0  aaa99978599a8898879aa77478669368aa3647a555642
71546 1 7 19 7 2 1 0 0 0  aaa99978499a8898879aa77378669658aa3657a562454
71558 1 7 19 7 4 1 0 0 0  aaa99978499a8898879aa77378659658aa3657a662454
71642 1 7 19 10 0 1 0 0 0  aaa99978499a8898869aa76368579358aa6576a745724
71644 1 7 19 10 0 2 0 0 0  aaa99978599a8898869aa76568479548aa6476a735723
71706 1 7 20 0 5 0 0 0 0  aaa99977599a7697489aa78788889356aa8654a663254
71750 1 7 20 2 0 1 0 0 0  aaa99977799a6697489aa48488889376aa8576a553652
71820 1 7 20 4 0 0 0 0 0  aaa99977799a7696589aa68488889374aa8276a654553
71822 1 7 20 4 0 1 0 0 0  aaa99977799a7696489aa68388889375aa8576a652445
71858 1 7 20 5 0 1 0 0 0  aaa99977799a6697489aa78388889356aa8576a545624
71860 1 7 20 5 0 2 0 0 0  aaa99977799a6697589aa78588889546aa8476a435623
71866 1 7 20 5 1 2 0 0 0  aaa99977799a6697689aa78488889325aa8576a545634
71929 1 7 20 7 0 0 1 0 0  aaa99977799a6697489aa78488889726aa8565a533645
72146 1 7 21 2 0 1 0 0 0  aaa99977799a6697489aa48488889876aa3576a553652
72325 1 7 21 7 0 0 1 0 0  aaa99977799a6697489aa78488889826aa7565a533645
72481 1 7 22 0 2 0 1 0 0  aaa99977599a7897479aa75566839628aa4866a888534
72678 1 7 22 5 5 0 0 0 0  aaa99977799a6897459aa75356879368aa2866a888445
72865 1 8 0 0 0 0 1 0 0  aaa99988428a9789799aa98886776476aa7655a533645
72877 1 8 0 0 2 0 1 0 0  aaa99988428a9789799aa98886776675aa7665a534543
72878 1 8 0 0 2 1 0 0 0  aaa99988428a9789799aa98886776675aa7665a553443
72882 1 8 0 0 3 0 0 0 0  aaa99988528a9789799aa98886776674aa7654a545633
72889 1 8 0 0 4 0 1 0 0  aaa99988428a9789799aa98886775675aa7666a534543
72890 1 8 0 0 4 1 0 0 0  aaa99988428a9789799aa98886775675aa7666a553443
72973 1 8 0 3 0 0 1 0 0  aaa99988628a9689699aa98887777475aa7665a534543
72974 1 8 0 3 0 1 0 0 0  aaa99988628a9689699aa98887777475aa7665a553443
73111 1 8 0 6 5 0 1 0 0  aaa99988538a9689399aa98887775776aa4627a664554
73116 1 8 0 7 0 0 0 0 0  aaa99988628a9789599aa98887776675aa5646a534743
73117 1 8 0 7 0 0 1 0 0  aaa99988628a9789599aa98887776675aa5646a453743
73119 1 8 0 7 0 1 1 0 0  aaa99988628a9789499aa98887776675aa5636a554734
73121 1 8 0 7 0 2 1 0 0  aaa99988628a9789499aa98887776675aa4636a555734
73123 1 8 0 7 1 0 1 0 0  aaa99988528a9789499aa98887775576aa6666a354734
73129 1 8 0 7 2 0 1 0 0  aaa99988528a9789499aa98887775576aa4666a356734
73135 1 8 0 7 3 0 1 0 0  aaa99988528a9789499aa98887775576aa4666a353764
73141 1 8 0 7 4 0 1 0 0  aaa99988528a9789499aa98887775576aa6635a664734
73147 1 8 0 7 5 0 1 0 0  aaa99988528a9789499aa98887775576aa4635a666734
73225 1 8 0 10 0 0 1 0 0  aaa99988528a9789499aa98886765567aa6735a774634
73237 1 8 0 10 2 0 1 0 0  aaa99988538a9789399aa98886765667aa4726a774554
73243 1 8 0 10 3 0 1 0 0  aaa99988538a9789399aa98886766467aa4755a774265
73245 1 8 0 10 3 1 1 0 0  aaa99988538a9789399aa98886766467aa4725a774565
73246 1 8 0 10 3 2 0 0 0  aaa99988528a9789599aa98886766567aa5734a774364
73247 1 8 0 10 3 2 1 0 0  aaa99988538a9789399aa98886766567aa5724a775464
73260 1 8 1 0 0 0 0 0 0  aaa99988878a9789599aa97486776386aa3657a545624
73262 1 8 1 0 0 1 0 0 0  aaa99988878a9789599aa97486776386aa3647a555642
73399 1 8 1 3 5 0 1 0 0  aaa99988838a9689599aa97387775786aa4627a664554
73406 1 8 1 4 0 1 0 0 0  aaa99988878a9789799aa97486647486aa3567a553652
73654 1 8 1 10 5 2 0 0 0  aaa99988828a9789599aa96583746587aa5736a774646
73655 1 8 1 10 5 2 1 0 0  aaa99988828a9789599aa96584746487aa5736a775636
73973 1 8 2 8 4 2 1 0 0  aaa99988838a9789499aa95388777726aa6675a664545
73979 1 8 2 8 5 2 1 0 0  aaa99988828a9789499aa95488777736aa3675a666545
73990 1 8 2 9 1 2 0 0 0  aaa99988878a9789499aa95388766667aa3765a752445
74000 1 8 2 9 3 1 0 0 0  aaa99988878a9789499aa96388766657aa3765a752445
74008 1 8 2 9 4 2 0 0 0  aaa99988878a9789499aa95388765367aa2765a744665
74012 1 8 2 9 5 1 0 0 0  aaa99988878a9789599aa96488756347aa4756a763652
74047 1 8 2 10 5 0 1 0 0  aaa99988828a9789599aa96488756537aa3756a774646
74051 1 8 2 10 5 2 1 0 0  aaa99988828a9789599aa96588746537aa3746a775646
74299 1 8 3 6 5 0 1 0 0  aaa99988838a9689599aa98387775776aa4627a664554
74304 1 8 3 7 0 0 0 0 0  aaa99988828a9789699aa98587776675aa5646a534743
74305 1 8 3 7 0 0 1 0 0  aaa99988828a9789699aa98587776675aa5646a453743
74307 1 8 3 7 0 1 1 0 0  aaa99988828a9789699aa98487776675aa5636a554734
74309 1 8 3 7 0 2 1 0 0  aaa99988828a9789699aa98487776675aa4636a555734
74311 1 8 3 7 1 0 1 0 0  aaa99988828a9789599aa98487775576aa6666a354734
74317 1 8 3 7 2 0 1 0 0  aaa99988828a9789599aa98487775576aa4666a356734
74323 1 8 3 7 3 0 1 0 0  aaa99988828a9789599aa98487775576aa4666a353764
74329 1 8 3 7 4 0 1 0 0  aaa99988828a9789599aa98487775576aa6635a664734
74335 1 8 3 7 5 0 1 0 0  aaa99988828a9789599aa98487775576aa4635a666734
74413 1 8 3 10 0 0 1 0 0  aaa99988828a9789599aa98486765567aa6735a774634
74425 1 8 3 10 2 0 1 0 0  aaa99988838a9789599aa98386765667aa4726a774554
74431 1 8 3 10 3 0 1 0 0  aaa99988838a9789599aa98386766467aa4755a774265
74433 1 8 3 10 3 1 1 0 0  aaa99988838a9789599aa98386766467aa4725a774565
74434 1 8 3 10 3 2 0 0 0  aaa99988828a9789599aa98586766567aa5734a774364
74435 1 8 3 10 3 2 1 0 0  aaa99988838a9789599aa98386766567aa5724a775464
74449 1 8 4 0 0 0 1 0 0  aaa99988828a9889599aa98477665567aa4675a373674
74463 1 8 4 0 2 1 1 0 0  aaa99988838a9889499aa98377666457aa4675a276575
74464 1 8 4 0 2 2 0 0 0  aaa99988828a9889599aa98577666547aa5674a376374
74465 1 8 4 0 2 2 1 0 0  aaa99988828a9889699aa98677665637aa3475a474575
74467 1 8 4 0 3 0 1 0 0  aaa99988828a9889499aa98477665657aa5675a373674
74470 1 8 4 0 3 2 0 0 0  aaa99988828a9889599aa98577664647aa5674a373675
74471 1 8 4 0 3 2 1 0 0  aaa99988828a9889699aa98577646637aa5673a475475
74476 1 8 4 0 4 2 0 0 0  aaa99988828a9889599aa98577666647aa5674a375374
74477 1 8 4 0 4 2 1 0 0  aaa99988828a9889699aa98577666647aa5474a375375
74478 1 8 4 0 5 0 0 0 0  aaa99988828a9889699aa98677535647aa6574a376574
74479 1 8 4 0 5 0 1 0 0  aaa99988828a9889699aa98677545637aa6573a476475
74480 1 8 4 0 5 1 0 0 0  aaa99988828a9889699aa98677555647aa6574a376374
74481 1 8 4 0 5 1 1 0 0  aaa99988828a9889699aa98677555647aa6474a376375
74482 1 8 4 0 5 2 0 0 0  aaa99988828a9889699aa98677435647aa6475a376575
74483 1 8 4 0 5 2 1 0 0  aaa99988828a9889699aa98677555547aa6474a376376
74527 1 8 4 2 1 0 1 0 0  aaa99988828a9889799aa98477766656aa7573a654543
74533 1 8 4 2 2 0 1 0 0  aaa99988828a9889799aa98477766655aa7376a563544
74535 1 8 4 2 2 1 1 0 0  aaa99988838a9889799aa98377766625aa7576a564544
74537 1 8 4 2 2 2 1 0 0  aaa99988828a9889799aa98477736465aa7676a555634
74539 1 8 4 2 3 0 1 0 0  aaa99988828a9889799aa98477766655aa7376a653544
74541 1 8 4 2 3 1 1 0 0  aaa99988838a9889799aa98377766625aa7576a654544
74543 1 8 4 2 3 2 1 0 0  aaa99988828a9889799aa98577746563aa7676a635445
74545 1 8 4 2 4 0 1 0 0  aaa99988828a9889799aa98477755466aa7575a666343
74547 1 8 4 2 4 1 1 0 0  aaa99988828a9889799aa98477735466aa7575a666534
74549 1 8 4 2 4 2 1 0 0  aaa99988838a9889799aa98377765426aa7675a664545
74551 1 8 4 2 5 0 1 0 0  aaa99988828a9889799aa98477755456aa7675a666343
74553 1 8 4 2 5 1 1 0 0  aaa99988828a9889799aa98477735456aa7675a666534
74555 1 8 4 2 5 2 1 0 0  aaa99988828a9889699aa98677574637aa6537a557464
74563 1 8 4 3 1 0 1 0 0  aaa99988828a9889799aa98577775566aa7466a446533
74569 1 8 4 3 2 0 1 0 0  aaa99988828a9889799aa98477775465aa7663a566543
74581 1 8 4 3 4 0 1 0 0  aaa99988828a9889799aa98577775564aa7666a446533
74587 1 8 4 3 5 0 1 0 0  aaa99988828a9889799aa98577775546aa7644a666533
74593 1 8 4 4 0 0 1 0 0  aaa99988828a9889799aa98777766465aa7565a364534
74605 1 8 4 4 2 0 1 0 0  aaa99988828a9889799aa98777766655aa7465a644533
74607 1 8 4 4 2 1 1 0 0  aaa99988828a9889799aa98777766654aa7565a644533
74609 1 8 4 4 2 2 1 0 0  aaa99988828a9889799aa98777764365aa7664a555634
74611 1 8 4 4 3 0 1 0 0  aaa99988828a9889799aa98777766655aa7465a464533
74613 1 8 4 4 3 1 1 0 0  aaa99988828a9889799aa98777766654aa7565a464533
74615 1 8 4 4 3 2 1 0 0  aaa99988828a9889799aa98777764366aa7566a555434
74617 1 8 4 4 4 0 1 0 0  aaa99988828a9889799aa98777755365aa7666a546434
74619 1 8 4 4 4 1 1 0 0  aaa99988828a9889799aa98777754365aa7666a556434
74620 1 8 4 4 4 2 0 0 0  aaa99988828a9889799aa98777754364aa7666a546553
74621 1 8 4 4 4 2 1 0 0  aaa99988828a9889799aa98777764365aa7666a555434
74623 1 8 4 4 5 0 1 0 0  aaa99988828a9889799aa98777755356aa7654a666434
74625 1 8 4 4 5 1 1 0 0  aaa99988828a9889799aa98777754356aa7655a666434
74626 1 8 4 4 5 2 0 0 0  aaa99988828a9889799aa98777754346aa7654a666553
74627 1 8 4 4 5 2 1 0 0  aaa99988828a9889699aa98677374657aa6555a377464
74647 1 8 4 5 3 0 1 0 0  aaa99988838a9889499aa98377676627aa7657a554645
74649 1 8 4 5 3 1 1 0 0  aaa99988838a9889499aa98377676627aa7657a555644
74651 1 8 4 5 3 2 1 0 0  aaa99988828a9889599aa98577676637aa7637a444655
74695 1 8 4 6 5 0 1 0 0  aaa99988838a9889499aa98377677457aa7652a666545
74704 1 8 4 7 0 2 0 0 0  aaa99988828a9889599aa98577766546aa7476a674353
74705 1 8 4 7 0 2 1 0 0  aaa99988828a9889599aa98577766546aa7474a675336
74707 1 8 4 7 1 0 1 0 0  aaa99988838a9889499aa98377766626aa7575a675544
74710 1 8 4 7 1 2 0 0 0  aaa99988828a9889599aa98577766636aa7374a675445
74713 1 8 4 7 2 0 1 0 0  aaa99988828a9889699aa98677766655aa7475a474533
74715 1 8 4 7 2 1 1 0 0  aaa99988828a9889699aa98677766654aa7575a474533
74717 1 8 4 7 2 2 1 0 0  aaa99988828a9889599aa98577736564aa7676a474635
74719 1 8 4 7 3 0 1 0 0  aaa99988858a9889599aa98477766635aa7376a675244
74721 1 8 4 7 3 1 1 0 0  aaa99988828a9889699aa98477766653aa7575a673544
74722 1 8 4 7 3 2 0 0 0  aaa99988828a9889699aa98577766643aa7374a675455
74723 1 8 4 7 3 2 1 0 0  aaa99988828a9889599aa98577746563aa7676a673445
74725 1 8 4 7 4 0 1 0 0  aaa99988858a9889599aa98377754526aa7676a676434
74727 1 8 4 7 4 1 1 0 0  aaa99988838a9889499aa98377765526aa7675a676544
74728 1 8 4 7 4 2 0 0 0  aaa99988848a9889499aa98377765426aa7675a676535
74729 1 8 4 7 4 2 1 0 0  aaa99988838a9889499aa98377765426aa7675a676545
74730 1 8 4 7 5 0 0 0 0  aaa99988828a9889699aa98677755643aa7374a576465
74731 1 8 4 7 5 0 1 0 0  aaa99988828a9889699aa98677754655aa7373a576464
74732 1 8 4 7 5 1 0 0 0  aaa99988828a9889699aa98677745654aa7575a476363
74733 1 8 4 7 5 1 1 0 0  aaa99988828a9889699aa98677754635aa7573a576464
74734 1 8 4 7 5 2 0 0 0  aaa99988828a9889699aa98677745634aa7375a476565
74735 1 8 4 7 5 2 1 0 0  aaa99988828a9889599aa98577674537aa5637a666474
74736 1 8 4 8 0 0 0 0 0  aaa99988848a9889699aa98477776626aa7557a365534
74737 1 8 4 8 0 0 1 0 0  aaa99988828a9889699aa98477776656aa7537a564534
74743 1 8 4 8 1 0 1 0 0  aaa99988838a9889599aa98377776462aa7667a565544
74747 1 8 4 8 1 2 1 0 0  aaa99988828a9889599aa98577776564aa7667a464353
74773 1 8 4 9 0 0 1 0 0  aaa99988838a9889499aa98377777466aa7565a564265
74779 1 8 4 9 1 0 1 0 0  aaa99988838a9889499aa98377777466aa7566a526545
74797 1 8 4 9 4 0 1 0 0  aaa99988838a9889499aa98377777465aa7666a526545
74803 1 8 4 9 5 0 1 0 0  aaa99988838a9889499aa98377777456aa7652a666545
74809 1 8 4 10 0 0 1 0 0  aaa99988838a9889499aa98377777766aa4565a564265
74815 1 8 4 10 1 0 1 0 0  aaa99988828a9889499aa98477777766aa6565a533645
75096 1 8 5 7 0 0 0 0 0  aaa99988877a9889599aa98477686367aa3675a455642
75098 1 8 5 7 0 1 0 0 0  aaa99988877a9889599aa98477686367aa3674a555624
75110 1 8 5 7 2 1 0 0 0  aaa99988877a9889499aa98377686657aa3675a652445
75122 1 8 5 7 4 1 0 0 0  aaa99988877a9889499aa98377685657aa3675a662445
75168 1 8 5 9 0 0 0 0 0  aaa99988877a9889599aa98377787366aa2565a465464
75205 1 8 5 10 0 0 1 0 0  aaa99988837a9889499aa98377787766aa4565a564265
75211 1 8 5 10 1 0 1 0 0  aaa99988827a9889499aa98477787766aa6565a533645
75300 1 8 6 1 4 0 0 0 0  aaa99988887a9789799aa95587648626aa5675a634743
75301 1 8 6 1 4 0 1 0 0  aaa99988887a9789799aa95587628636aa5673a654744
75303 1 8 6 1 4 1 1 0 0  aaa99988887a9789799aa95587638626aa4675a654734
75307 1 8 6 1 5 0 1 0 0  aaa99988887a9789799aa95587638526aa4675a664734
75470 1 8 6 6 2 1 0 0 0  aaa99988887a9689599aa94487778476aa3567a655632
75488 1 8 6 6 5 1 0 0 0  aaa99988887a9689599aa94487778476aa3657a663552
75614 1 8 6 10 2 1 0 0 0  aaa99988886a9789599aa94486768467aa3756a773552
75644 1 8 7 0 1 1 0 0 0  aaa99978888a9889599aa98477666367aa3674a572554
75715 1 8 7 2 1 0 1 0 0  aaa99928888a9889799aa98477766656aa7573a654543
75895 1 8 7 7 1 0 1 0 0  aaa99938888a9889499aa98477766626aa7575a675534
75898 1 8 7 7 1 2 0 0 0  aaa99938888a9889599aa98577766646aa7274a675354
76284 1 8 8 7 0 0 0 0 0  aaa99988877a9889599aa98477668367aa3675a455642
76286 1 8 8 7 0 1 0 0 0  aaa99988877a9889599aa98477668367aa3674a555624
76356 1 8 8 9 0 0 0 0 0  aaa99988877a9889599aa98377778366aa2565a465464
76393 1 8 8 10 0 0 1 0 0  aaa99988837a9889499aa98377778766aa4565a564265
76399 1 8 8 10 1 0 1 0 0  aaa99988827a9889499aa98477778766aa6565a533645
76730 1 8 9 8 2 1 0 0 0  aaa99988877a9889499aa98377754865aa7662a566534
76732 1 8 9 8 2 2 0 0 0  aaa99988877a9889399aa98377745864aa7665a466525
76789 1 8 9 10 0 0 1 0 0  aaa99988837a9889499aa98377777866aa4565a564265
76795 1 8 9 10 1 0 1 0 0  aaa99988827a9889499aa98477777866aa6565a533645
76843 1 8 10 0 3 0 1 0 0  aaa99978788a9889499aa98487676627aa7655a533645
76916 1 8 10 2 3 1 0 0 0  aaa99968588a9889499aa98387774476aa7666a573552
76976 1 8 10 4 1 1 0 0 0  aaa99978488a9889399aa98387757266aa6576a545674
76997 1 8 10 4 4 2 1 0 0  aaa99978588a9889599aa98587737326aa6674a665474
77084 1 8 10 7 1 1 0 0 0  aaa99978588a9889499aa98387774476aa6666a573552
77090 1 8 10 7 2 1 0 0 0  aaa99978588a9889499aa98387774476aa3666a576552
77096 1 8 10 7 3 1 0 0 0  aaa99978588a9889499aa98387775376aa2666a474565
77102 1 8 10 7 4 1 0 0 0  aaa99978588a9889499aa98387774476aa3656a676552
77214 1 8 10 10 5 0 0 0 0  aaa99968588a9889499aa98385764557aa3762a777664
77299 1 8 11 2 1 0 1 0 0  aaa99928788a9889899aa98477766656aa7573a654543
77482 1 8 11 7 1 2 0 0 0  aaa99938588a9889899aa98577766646aa7274a675354
77652 1 8 12 1 0 0 0 0 0  aaa99978788a9889499aa98377766365aa7468a564525
77654 1 8 12 1 0 1 0 0 0  aaa99978788a9889499aa98377766365aa7568a562454
77810 1 8 12 5 2 1 0 0 0  aaa99958488a9889599aa98377667627aa7678a563454
77812 1 8 12 5 2 2 0 0 0  aaa99948588a9889599aa98577667627aa7678a365434
77822 1 8 12 5 4 1 0 0 0  aaa99958488a9889599aa98377657627aa7678a663454
77824 1 8 12 5 4 2 0 0 0  aaa99948588a9889599aa98577637627aa7678a665434
77828 1 8 12 5 5 1 0 0 0  aaa99958488a9889599aa98377657327aa7678a666454
77830 1 8 12 5 5 2 0 0 0  aaa99948588a9889599aa98577637527aa7678a666434
77846 1 8 12 6 2 1 0 0 0  aaa99958488a9889599aa98377677367aa7668a562454
77848 1 8 12 6 2 2 0 0 0  aaa99948588a9889599aa98577677567aa7668a464332
77858 1 8 12 6 4 1 0 0 0  aaa99958488a9889399aa98377677657aa7658a662454
77860 1 8 12 6 4 2 0 0 0  aaa99948588a9889599aa98577677647aa7648a665332
77864 1 8 12 6 5 1 0 0 0  aaa99958488a9889399aa98377677257aa7658a666454
77866 1 8 12 6 5 2 0 0 0  aaa99948588a9889599aa98577677547aa7648a666332
77884 1 8 12 7 2 2 0 0 0  aaa99968588a9889599aa98577766644aa7278a674353
77885 1 8 12 7 2 2 1 0 0  aaa99968588a9889599aa98577766624aa7478a674353
77912 1 8 12 8 1 1 0 0 0  aaa99968688a9889599aa98477757326aa7678a644553
77916 1 8 12 8 2 0 0 0 0  aaa99968588a9889499aa98377757526aa7678a644563
77918 1 8 12 8 2 1 0 0 0  aaa99968588a9889599aa98477767326aa7678a655443
77930 1 8 12 8 4 1 0 0 0  aaa99958488a9889599aa98377757366aa7278a666454
77932 1 8 12 8 4 2 0 0 0  aaa99948588a9889599aa98577737566aa7278a666434
77936 1 8 12 8 5 1 0 0 0  aaa99958488a9889599aa98377757326aa7678a666454
77938 1 8 12 8 5 2 0 0 0  aaa99948588a9889599aa98577737526aa7678a666434
77954 1 8 12 9 2 1 0 0 0  aaa99958488a9889399aa98377777265aa7668a566454
77956 1 8 12 9 2 2 0 0 0  aaa99948588a9889599aa98577777564aa7668a466332
77958 1 8 12 9 3 0 0 0 0  aaa99968588a9889499aa98377777365aa7668a562454
77960 1 8 12 9 3 1 0 0 0  aaa99968588a9889499aa98377777365aa7668a565442
77966 1 8 12 9 4 1 0 0 0  aaa99958488a9889399aa98377777266aa7558a666454
77968 1 8 12 9 4 2 0 0 0  aaa99948588a9889599aa98577777566aa7448a666332
77972 1 8 12 9 5 1 0 0 0  aaa99958488a9889399aa98377777256aa7658a666454
77974 1 8 12 9 5 2 0 0 0  aaa99948588a9889599aa98577777546aa7648a666332
78002 1 8 12 10 4 1 0 0 0  aaa99958488a9889399aa98377777756aa6658a662454
78004 1 8 12 10 4 2 0 0 0  aaa99948588a9889599aa98577777746aa6648a665332
78091 1 8 13 2 1 0 1 0 0  aaa99928788a9889499aa98877766656aa7573a654543
78274 1 8 13 7 1 2 0 0 0  aaa99938588a9889599aa98877766646aa7274a675354
78408 1 8 14 0 0 0 0 0 0  aaa99977588a9889399aa97788778366aa2565a465464
78480 1 8 14 2 0 0 0 0 0  aaa99977788a9889599aa97388778366aa2565a465464
78598 1 8 14 5 1 2 0 0 0  aaa99977788a9889499aa97388578366aa6576a545624
78614 1 8 14 5 4 1 0 0 0  aaa99977788a9889499aa97388678656aa3675a652445
78620 1 8 14 5 5 1 0 0 0  aaa99977788a9889599aa97488678346aa4675a663525
78732 1 8 14 9 0 0 0 0 0  aaa99966588a9889499aa95588748767aa3765a773246
78734 1 8 14 9 0 1 0 0 0  aaa99966588a9889499aa96388758767aa3764a772554
78906 1 8 15 2 5 0 0 0 0  aaa99988877a9789499aa98775685346aa4658a663275
78949 1 8 15 4 0 0 1 0 0  aaa99988877a9789499aa98766585426aa7568a363574
79138 1 8 15 9 1 2 0 0 0  aaa99988877a9589499aa98377787366aa6568a545624
79160 1 8 15 9 5 1 0 0 0  aaa99988877a9689599aa98477787346aa4658a663552
79199 1 8 15 10 5 2 1 0 0  aaa99988827a9689599aa98577787736aa3648a665445
79258 1 8 16 1 3 2 0 0 0  aaa99988877a9789499aa98766584626aa8576a535374
79347 1 8 16 4 0 1 1 0 0  aaa99988877a9789399aa98766585546aa8464a563277
79348 1 8 16 4 0 2 0 0 0  aaa99988877a9789299aa98766584436aa8563a565477
79554 1 8 16 9 5 0 0 0 0  aaa99988877a9689599aa98477787356aa8654a663254
79561 1 8 16 10 0 0 1 0 0  aaa99988867a9689399aa98677787756aa8524a543564
79579 1 8 16 10 3 0 1 0 0  aaa99988867a9689699aa98377787756aa8524a543564
79591 1 8 16 10 5 0 1 0 0  aaa99988837a9689499aa98377787756aa8652a664545
79596 1 8 17 0 0 0 0 0 0  aaa99977588a9889499aa98886776376aa3657a545624
79598 1 8 17 0 0 1 0 0 0  aaa99977588a9889499aa98886776376aa3647a555642
79706 1 8 17 3 0 1 0 0 0  aaa99966488a9889399aa98887777375aa7665a552446
80198 1 8 18 5 4 1 0 0 0  aaa99977788a9889899aa97488676356aa3675a652445
80390 1 8 19 0 0 1 0 0 0  aaa99977588a9889499aa98386776375aa2867a565464
80396 1 8 19 0 1 1 0 0 0  aaa99977588a9889499aa98386776675aa3867a655442
80402 1 8 19 0 2 1 0 0 0  aaa99977588a9889499aa98386776675aa3847a565642
80408 1 8 19 0 3 1 0 0 0  aaa99977588a9889499aa98386776675aa3867a565442
80412 1 8 19 0 4 0 0 0 0  aaa99977588a9889499aa98384775476aa3867a666552
80414 1 8 19 0 4 1 0 0 0  aaa99977588a9889499aa98385775576aa3867a666442
80498 1 8 19 3 0 1 0 0 0  aaa99966588a9889499aa98387777376aa7856a644552
80606 1 8 19 6 0 1 0 0 0  aaa99966588a9889499aa98387776776aa3857a644552
80676 1 8 19 8 0 0 0 0 0  aaa99966588a9889699aa98387777375aa5846a547462
80678 1 8 19 8 0 1 0 0 0  aaa99966588a9889499aa98387777376aa2856a647554
80690 1 8 19 8 2 1 0 0 0  aaa99966688a9889499aa98387777375aa2865a657445
80702 1 8 19 8 4 1 0 0 0  aaa99965688a9889599aa98387777374aa4865a647625
80714 1 8 19 9 0 1 0 0 0  aaa99966588a9889499aa98387777776aa3856a644552
80784 1 8 20 0 0 0 0 0 0  aaa99977588a9889899aa98486776376aa3657a545624
80786 1 8 20 0 0 1 0 0 0  aaa99977588a9889899aa98486776376aa3647a555642
80894 1 8 20 3 0 1 0 0 0  aaa99966488a9889899aa98387777375aa7665a552446
81180 1 8 21 0 0 0 0 0 0  aaa99977588a9779399aa97788888366aa2565a465464
81252 1 8 21 2 0 0 0 0 0  aaa99977788a9779599aa97388888366aa2565a465464
81370 1 8 21 5 1 2 0 0 0  aaa99977788a9579499aa97388888366aa6576a545624
81386 1 8 21 5 4 1 0 0 0  aaa99977788a9679699aa97488888356aa3675a652445
81392 1 8 21 5 5 1 0 0 0  aaa99977788a9679599aa97488888346aa4675a663525
81504 1 8 21 9 0 0 0 0 0  aaa99966588a9749799aa95588888467aa3765a773246
81506 1 8 21 9 0 1 0 0 0  aaa99966588a9759799aa96488888367aa3764a772554
81577 1 8 22 0 0 0 1 0 0  aaa99977438a9779399aa97788888866aa4565a564265
81583 1 8 22 0 1 0 1 0 0  aaa99977428a9779499aa97788888866aa6565a533645
81649 1 8 22 2 0 0 1 0 0  aaa99977738a9779499aa97388888866aa4565a564265
81655 1 8 22 2 1 0 1 0 0  aaa99977728a9779499aa97488888866aa6565a533645
81782 1 8 22 5 4 1 0 0 0  aaa99977768a9679499aa97388888856aa3675a652445
81791 1 8 22 5 5 2 1 0 0  aaa99977728a9679599aa97588888836aa3674a665454
81829 1 8 22 7 0 0 1 0 0  aaa99977768a9679399aa97688888856aa7524a543564
81847 1 8 22 7 3 0 1 0 0  aaa99977768a9679699aa97388888856aa7524a543564
81859 1 8 22 7 5 0 1 0 0  aaa99977738a9679499aa97388888856aa7652a664545
81953 1 8 22 10 2 2 1 0 0  aaa99966628a9769499aa95488888837aa3765a777545
81965 1 8 22 10 4 2 1 0 0  aaa99965628a9769499aa95488888837aa3765a777645
82362 1 9 0 10 5 0 0 0 0  aaa99998899a8769889aa68585764557aa4762a773634
82568 1 9 1 5 3 1 0 0 0  aaa99998599a8889489aa68378774476aa7666a573552
82628 1 9 1 7 1 1 0 0 0  aaa99998599a8889489aa78378774476aa6666a573552
82634 1 9 1 7 2 1 0 0 0  aaa99998599a8889489aa78378774476aa3666a576552
82640 1 9 1 7 3 1 0 0 0  aaa99998599a8889489aa78378775376aa2666a474565
82646 1 9 1 7 4 1 0 0 0  aaa99998599a8889489aa78378774476aa3656a676552
82758 1 9 1 10 5 0 0 0 0  aaa99998599a8889489aa68358764557aa3762a777664
82826 1 9 2 1 4 1 0 0 0  aaa99997499a8889389aa58878774476aa6657a663525
82832 1 9 2 1 5 1 0 0 0  aaa99997499a8889389aa58878774476aa3657a666525
82888 1 9 2 3 2 2 0 0 0  aaa99995799a8889389aa48878777364aa7665a466525
83204 1 9 3 1 1 1 0 0 0  aaa99997599a8889489aa68378774478aa3667a566552
83208 1 9 3 1 2 0 0 0 0  aaa99997599a8889489aa68378774478aa3657a662565
83210 1 9 3 1 2 1 0 0 0  aaa99997599a8889589aa68378775578aa3647a662464
83216 1 9 3 1 3 1 0 0 0  aaa99997599a8889489aa58378776378aa2667a566454
83218 1 9 3 1 3 2 0 0 0  aaa99997599a8889589aa48578776578aa2667a366434
83222 1 9 3 1 4 1 0 0 0  aaa99997599a8889489aa68378774478aa3657a666552
83228 1 9 3 1 5 1 0 0 0  aaa99997599a8889489aa68378774478aa3567a655662
83246 1 9 3 2 2 1 0 0 0  aaa99995499a8889389aa68378774478aa2657a667565
83248 1 9 3 2 2 2 0 0 0  aaa99994599a8889589aa68578773578aa2647a667463
83252 1 9 3 2 3 1 0 0 0  aaa99996599a8889489aa68378774478aa3657a667552
83258 1 9 3 2 4 1 0 0 0  aaa99995499a8889389aa68678774478aa3567a657625
83260 1 9 3 2 4 2 0 0 0  aaa99994599a8889589aa68678773578aa5467a647623
83264 1 9 3 2 5 1 0 0 0  aaa99995499a8889389aa68378774478aa2567a657665
83266 1 9 3 2 5 2 0 0 0  aaa99994599a8889589aa68578773578aa2467a647663
83424 1 9 3 7 2 0 0 0 0  aaa99996599a8889489aa78378775578aa3666a474526
83426 1 9 3 7 2 1 0 0 0  aaa99996599a8889589aa78478776378aa3666a575442
83432 1 9 3 7 3 1 0 0 0  aaa99996599a8889489aa78378774478aa3666a576552
83438 1 9 3 7 4 1 0 0 0  aaa99996599a8889489aa78378775378aa2465a674665
83462 1 9 3 8 2 1 0 0 0  aaa99994499a8889589aa68478777378aa3666a257565
83464 1 9 3 8 2 2 0 0 0  aaa99994599a8889589aa68578777578aa2666a447363
83474 1 9 3 8 4 1 0 0 0  aaa99994499a8889589aa68678777478aa3265a657635
83476 1 9 3 8 4 2 0 0 0  aaa99994599a8889589aa68678777578aa5464a637623
83480 1 9 3 8 5 1 0 0 0  aaa99994499a8889589aa68478777378aa3265a657665
83482 1 9 3 8 5 2 0 0 0  aaa99994599a8889589aa68578777578aa2464a637663
83540 1 9 3 10 3 1 0 0 0  aaa99994499a8889589aa78468676368aa3275a756775
83542 1 9 3 10 3 2 0 0 0  aaa99994599a8889589aa78568676568aa2474a736773
83550 1 9 3 10 5 0 0 0 0  aaa99996599a8889489aa78358476558aa3276a764776
83642 1 9 4 2 2 1 0 0 0  aaa99997599a8889489aa77778678368aa3664a562554
83736 1 9 4 5 0 0 0 0 0  aaa99997599a8889489aa77768678368aa3476a654552
83738 1 9 4 5 0 1 0 0 0  aaa99997599a8889489aa77768678368aa3576a655442
83750 1 9 4 5 2 1 0 0 0  aaa99997499a8889389aa77768678658aa3675a652445
83762 1 9 4 5 4 1 0 0 0  aaa99997599a8889489aa77768678348aa4675a663525
83946 1 9 4 10 5 0 0 0 0  aaa99996599a8889489aa76358478558aa3276a764776
84066 1 9 5 3 1 0 0 0 0  aaa99995799a8889489aa66678777385aa7664a583524
84439 1 9 6 2 3 0 1 0 0  aaa99997499a8889489aa77778676628aa8655a533645
84522 1 9 6 4 5 0 0 0 0  aaa99996599a8889489aa77778776358aa8546a265643
84542 1 9 6 5 2 1 0 0 0  aaa99997499a8889389aa77768676358aa8675a652445
84544 1 9 6 5 2 2 0 0 0  aaa99997599a8889589aa77768676548aa8674a645332
84580 1 9 6 6 2 2 0 0 0  aaa99995499a8889389aa66678777328aa8765a657445
84592 1 9 6 6 4 2 0 0 0  aaa99994499a8889489aa65678777328aa8765a657635
84598 1 9 6 6 5 2 0 0 0  aaa99995499a8889389aa64478777328aa8765a657665
84652 1 9 6 8 2 2 0 0 0  aaa99995499a8889389aa66678777378aa8265a657445
84664 1 9 6 8 4 2 0 0 0  aaa99994499a8889489aa65678777378aa8265a657635
84670 1 9 6 8 5 2 0 0 0  aaa99995499a8889389aa64478777378aa8265a657665
84724 1 9 6 10 2 2 0 0 0  aaa99995499a8889389aa74468676328aa8675a756775
84730 1 9 6 10 3 2 0 0 0  aaa99995499a8889389aa74468676368aa8275a756775
84738 1 9 6 10 5 0 0 0 0  aaa99996599a8889489aa76358476558aa8276a764773
84866 1 9 7 3 2 1 0 0 0  aaa99994799a8889889aa58478777365aa7662a566534
84868 1 9 7 3 2 2 0 0 0  aaa99995799a8889889aa48478777362aa7665a466535
85140 1 9 8 0 0 0 0 0 0  aaa99997799a8889489aa77378665768aa3655a484652
85212 1 9 8 2 0 0 0 0 0  aaa99997599a8889489aa77778676368aa3654a585624
85214 1 9 8 2 0 1 0 0 0  aaa99997599a8889489aa77778676368aa3654a582654
85338 1 9 8 5 3 0 0 0 0  aaa99997599a8889489aa77768676368aa3575a685442
85340 1 9 8 5 3 1 0 0 0  aaa99997599a8889489aa77768676368aa3475a684525
85442 1 9 8 8 2 1 0 0 0  aaa99995499a8889389aa66678777378aa2565a687445
85444 1 9 8 8 2 2 0 0 0  aaa99994599a8889589aa66678777578aa5464a687332
85454 1 9 8 8 4 1 0 0 0  aaa99994499a8889489aa65678777378aa3565a687625
85456 1 9 8 8 4 2 0 0 0  aaa99994599a8889589aa63678777578aa5464a687623
85460 1 9 8 8 5 1 0 0 0  aaa99995499a8889389aa64478777378aa2565a687665
85462 1 9 8 8 5 2 0 0 0  aaa99994599a8889589aa63578777578aa2464a687663
85520 1 9 8 10 3 1 0 0 0  aaa99995499a8889389aa74468676368aa2575a786775
85522 1 9 8 10 3 2 0 0 0  aaa99994599a8889589aa73568676568aa2474a786773
85530 1 9 8 10 5 0 0 0 0  aaa99996599a8889489aa76358476558aa3276a784776
85537 1 9 9 0 0 0 1 0 0  aaa99997799a8889479aa87438668378aa7656a554265
85608 1 9 9 2 0 0 0 0 0  aaa99997599a8889479aa87778668378aa3656a545264
85656 1 9 9 3 2 0 0 0 0  aaa99997699a8889679aa87578778258aa5654a636443
85658 1 9 9 3 2 1 0 0 0  aaa99997599a8889479aa87378778368aa2664a566554
85664 1 9 9 3 3 1 0 0 0  aaa99997599a8889479aa87378778368aa6664a562554
85710 1 9 9 4 5 0 0 0 0  aaa99996599a8889479aa87758748558aa3726a763646
85836 1 9 9 8 2 0 0 0 0  aaa99996599a8889479aa87378778378aa2666a455546
86236 1 9 10 8 2 2 0 0 0  aaa99995499a8889889aa66678777378aa3265a657445
86248 1 9 10 8 4 2 0 0 0  aaa99994499a8889889aa65678777478aa3265a657635
86254 1 9 10 8 5 2 0 0 0  aaa99995499a8889889aa64478777378aa3265a657665
86314 1 9 10 10 3 2 0 0 0  aaa99995499a8889889aa74468676368aa3275a756775
86322 1 9 10 10 5 0 0 0 0  aaa99996599a8889889aa76458476558aa3276a764773
86348 1 9 11 0 3 1 0 0 0  aaa99998599a7769489aa78388885376aa7666a752445
86350 1 9 11 0 3 2 0 0 0  aaa99998599a7769589aa78588884576aa7666a744332
86420 1 9 11 2 3 1 0 0 0  aaa99998599a7779489aa68388884476aa7666a573552
86462 1 9 11 3 4 1 0 0 0  aaa99998499a7779789aa58388887356aa6657a662454
86464 1 9 11 3 4 2 0 0 0  aaa99998599a7779789aa48588887546aa6647a665332
86478 1 9 11 4 1 0 0 0 0  aaa99998599a7779389aa68388887266aa6467a455547
86480 1 9 11 4 1 1 0 0 0  aaa99998499a7779389aa68388887266aa6567a455547
86498 1 9 11 4 4 1 0 0 0  aaa99998499a7779389aa48488887356aa6657a662557
86500 1 9 11 4 4 2 0 0 0  aaa99998599a7779589aa48588887546aa6647a662337
86588 1 9 11 7 1 1 0 0 0  aaa99998599a7779489aa78388884476aa6666a573552
86594 1 9 11 7 2 1 0 0 0  aaa99998599a7779489aa78388884476aa3666a576552
86600 1 9 11 7 3 1 0 0 0  aaa99998599a7779489aa78388885376aa2666a474565
86606 1 9 11 7 4 1 0 0 0  aaa99998599a7779489aa78388884476aa3656a676552
86636 1 9 11 8 3 1 0 0 0  aaa99998599a7779789aa68488884476aa3666a573552
86660 1 9 11 9 1 1 0 0 0  aaa99998599a7669789aa68488884476aa3777a563552
86930 1 9 12 5 4 1 0 0 0  aaa99997499a8889889aa77788676356aa3675a652445
87962 1 9 15 1 2 1 0 0 0  aaa99994499a8889479aa77378666387aa2765a588565
87964 1 9 15 1 2 2 0 0 0  aaa99994599a8889579aa77578666587aa2763a488463
88004 1 9 15 2 3 1 0 0 0  aaa99994499a8889479aa77378666387aa2675a588565
88006 1 9 15 2 3 2 0 0 0  aaa99994599a8889579aa77578666587aa2673a488463
88014 1 9 15 2 5 0 0 0 0  aaa99996599a8889479aa77378546587aa3576a288646
88042 1 9 15 3 3 2 0 0 0  aaa99993599a8889579aa77778666587aa5644a488362
88078 1 9 15 4 3 2 0 0 0  aaa99993599a8889579aa77578666587aa7644a488362
88100 1 9 15 5 1 1 0 0 0  aaa99995499a8889379aa77378766686aa2575a688445
88102 1 9 15 5 1 2 0 0 0  aaa99994599a8889579aa77578766686aa5474a688332
88118 1 9 15 5 4 1 0 0 0  aaa99995499a8889379aa77378764486aa2575a688665
88120 1 9 15 5 4 2 0 0 0  aaa99994599a8889579aa77578763586aa2474a688663
88176 1 9 15 7 2 0 0 0 0  aaa99997599a8889479aa77378665686aa3674a288554
88178 1 9 15 7 2 1 0 0 0  aaa99997599a8889479aa77378666386aa2674a588554
88182 1 9 15 7 3 0 0 0 0  aaa99997599a8889479aa77378666385aa5674a588264
88184 1 9 15 7 3 1 0 0 0  aaa99997599a8889579aa77378666386aa2475a488465
88220 1 9 15 8 3 1 0 0 0  aaa99994499a8889479aa77778666386aa3575a288565
88222 1 9 15 8 3 2 0 0 0  aaa99993599a8889579aa77778666586aa5474a488362
88230 1 9 15 8 5 0 0 0 0  aaa99996399a8889379aa77778556284aa4576a488656
88398 1 9 16 2 3 0 0 0 0  aaa99997599a8889479aa87778666387aa3654a585264
88410 1 9 16 2 5 0 0 0 0  aaa99997599a8889479aa87778564587aa3562a683664
88424 1 9 16 3 1 1 0 0 0  aaa99997599a8889479aa87378774486aa6666a583552
88430 1 9 16 3 2 1 0 0 0  aaa99997599a8889479aa87378774486aa3666a586552
88436 1 9 16 3 3 1 0 0 0  aaa99997599a8889479aa87378775386aa2666a484565
88442 1 9 16 3 4 1 0 0 0  aaa99997599a8889479aa87378774486aa3656a686552
88466 1 9 16 4 2 1 0 0 0  aaa99995499a8889579aa87768766387aa3765a682445
88468 1 9 16 4 2 2 0 0 0  aaa99994599a8889579aa87768766587aa5763a682443
88490 1 9 16 5 0 1 0 0 0  aaa99997599a8889379aa87778766385aa2664a585446
88970 1 9 17 7 2 1 0 0 0  aaa99997599a8889879aa77478666386aa3674a582554
88974 1 9 17 7 3 0 0 0 0  aaa99997599a8889879aa77378666386aa2575a485464
89244 1 9 18 4 0 0 0 0 0  aaa99997599a7779489aa68888887366aa3567a562454
89246 1 9 18 4 0 1 0 0 0  aaa99997599a7779489aa68888887366aa3567a565442
89258 1 9 18 4 2 1 0 0 0  aaa99997499a7779389aa58888887366aa6557a662454
89270 1 9 18 4 4 1 0 0 0  aaa99997499a7779389aa58888887356aa6657a662454
89272 1 9 18 4 4 2 0 0 0  aaa99997599a7779589aa48888887546aa6647a665332
89276 1 9 18 4 5 1 0 0 0  aaa99997499a7779389aa58888887356aa2657a666454
89662 1 9 19 4 3 2 0 0 0  aaa99995499a8889879aa87768766368aa3725a744565
89670 1 9 19 4 5 0 0 0 0  aaa99996599a8889879aa87758746558aa4726a763643
89972 1 9 20 2 1 1 0 0 0  aaa99997599a7779489aa58388886367aa8667a562454
89974 1 9 20 2 1 2 0 0 0  aaa99997599a7779589aa48588886567aa8667a464332
89984 1 9 20 2 3 1 0 0 0  aaa99997599a7779489aa68388884467aa8667a563552
90050 1 9 20 4 2 1 0 0 0  aaa99997499a7779389aa58388887265aa8667a566454
90052 1 9 20 4 2 2 0 0 0  aaa99997599a7779589aa48588887564aa8667a466332
90054 1 9 20 4 3 0 0 0 0  aaa99997599a7779489aa68388887365aa8667a562454
90056 1 9 20 4 3 1 0 0 0  aaa99997599a7779489aa68388887365aa8667a565442
90062 1 9 20 4 4 1 0 0 0  aaa99997499a7779389aa58388887266aa8557a666454
90064 1 9 20 4 4 2 0 0 0  aaa99997599a7779589aa48588887566aa8447a666332
90068 1 9 20 4 5 1 0 0 0  aaa99997499a7779389aa58388887256aa8657a666454
90070 1 9 20 4 5 2 0 0 0  aaa99997599a7779589aa48588887546aa8647a666332
90106 1 9 20 5 5 2 0 0 0  aaa99994599a7779589aa68588883574aa8267a647663
90368 1 9 21 2 1 1 0 0 0  aaa99994699a7779489aa52888888375aa7666a576534
90370 1 9 21 2 1 2 0 0 0  aaa99995699a7779389aa45888888374aa7666a476525
90432 1 9 21 4 0 0 0 0 0  aaa99997599a7779489aa67888888366aa3567a562454
90434 1 9 21 4 0 1 0 0 0  aaa99997599a7779489aa67888888366aa3567a565442
90446 1 9 21 4 2 1 0 0 0  aaa99997499a7779389aa57888888366aa6557a662454
90458 1 9 21 4 4 1 0 0 0  aaa99997499a7779389aa57888888356aa6657a662454
90460 1 9 21 4 4 2 0 0 0  aaa99997599a7779589aa47888888546aa6647a665332
90464 1 9 21 4 5 1 0 0 0  aaa99997499a7779389aa57888888356aa2657a666454
90854 1 9 22 4 4 1 0 0 0  aaa99997499a7779389aa57388888856aa6657a662454
90856 1 9 22 4 4 2 0 0 0  aaa99997599a7779589aa47588888846aa6647a665332
91096 1 10 0 0 2 2 0 0 0  aaa99988487a9785369aa99889678627aa7675a653445
91103 1 10 0 0 3 2 1 0 0  aaa99988687a9785469aa99889678627aa7675a354534
91106 1 10 0 0 4 1 0 0 0  aaa99988487a9785369aa99889678357aa7675a662445
91108 1 10 0 0 4 2 0 0 0  aaa99988587a9784569aa99889678547aa7674a665332
91111 1 10 0 0 5 0 1 0 0  aaa99988587a9785529aa99889678437aa7673a666544
91113 1 10 0 0 5 1 1 0 0  aaa99988487a9785539aa99889678327aa7675a666544
91115 1 10 0 0 5 2 1 0 0  aaa99988487a9785439aa99889678327aa7675a666545
91142 1 10 0 1 4 1 0 0 0  aaa99988587a9787469aa99889678376aa3675a652445
91144 1 10 0 1 4 2 0 0 0  aaa99988587a9787569aa99889678576aa5674a644332
91166 1 10 0 2 2 1 0 0 0  aaa99988487a9787369aa99889678657aa3675a652445
91178 1 10 0 2 4 1 0 0 0  aaa99988587a9787469aa99889678347aa4675a663525
91187 1 10 0 2 5 2 1 0 0  aaa99988587a9787529aa99889678537aa3674a666454
91214 1 10 0 3 4 1 0 0 0  aaa99988487a9787769aa99889678356aa3675a652445
91223 1 10 0 3 5 2 1 0 0  aaa99988587a9787729aa99889678536aa3674a665454
91226 1 10 0 4 0 1 0 0 0  aaa99988687a9787529aa99889678666aa4574a535374
91228 1 10 0 4 0 2 0 0 0  aaa99988687a9787529aa99889678666aa5474a435375
91250 1 10 0 4 4 1 0 0 0  aaa99988487a9787369aa99889678356aa2675a644575
91259 1 10 0 4 5 2 1 0 0  aaa99988587a9787529aa99889678536aa3674a665474
91274 1 10 0 5 2 1 0 0 0  aaa99988587a9787479aa99889678367aa3664a562554
91332 1 10 0 7 0 0 0 0 0  aaa99988587a9787479aa99889668367aa3657a545624
91334 1 10 0 7 0 1 0 0 0  aaa99988587a9787479aa99889668367aa3647a555642
91346 1 10 0 7 2 1 0 0 0  aaa99988487a9787379aa99889668657aa3657a562454
91358 1 10 0 7 4 1 0 0 0  aaa99988487a9787379aa99889658657aa3657a662454
91445 1 10 0 10 0 2 1 0 0  aaa99988686a9786429aa99889758637aa3756a774554
91451 1 10 0 10 1 2 1 0 0  aaa99988586a9786629aa99889768537aa3764a775454
91492 1 10 1 0 2 2 0 0 0  aaa99988887a9785489aa99389676627aa7675a653445
91504 1 10 1 0 4 2 0 0 0  aaa99988887a9785489aa99389675627aa7675a663445
91510 1 10 1 0 5 2 0 0 0  aaa99988887a9785489aa99389675327aa7675a666445
91518 1 10 1 1 1 0 0 0 0  aaa99988887a9787589aa99489676376aa3675a455642
91520 1 10 1 1 1 1 0 0 0  aaa99988887a9787589aa99489676376aa3674a555624
91538 1 10 1 1 4 1 0 0 0  aaa99988887a9787589aa99489676376aa3675a652445
91540 1 10 1 1 4 2 0 0 0  aaa99988887a9787589aa99589676576aa5674a644332
91544 1 10 1 1 5 1 0 0 0  aaa99988887a9787589aa99489675376aa3675a662445
91546 1 10 1 1 5 2 0 0 0  aaa99988887a9787589aa99589674576aa5673a662443
91548 1 10 1 2 0 0 0 0 0  aaa99988887a9787589aa99489676367aa3675a455642
91550 1 10 1 2 0 1 0 0 0  aaa99988887a9787589aa99489676367aa3674a555624
91562 1 10 1 2 2 1 0 0 0  aaa99988887a9787489aa99389676657aa3675a652445
91574 1 10 1 2 4 1 0 0 0  aaa99988887a9787489aa99389675657aa3675a662445
91610 1 10 1 3 4 1 0 0 0  aaa99988887a9787789aa99489676356aa3675a652445
91646 1 10 1 4 4 1 0 0 0  aaa99988887a9787489aa99389676356aa2675a644575
91728 1 10 1 7 0 0 0 0 0  aaa99988887a9787589aa99489676367aa3657a545624
91730 1 10 1 7 0 1 0 0 0  aaa99988887a9787589aa99489676367aa3647a555642
91871 1 10 1 10 5 2 1 0 0  aaa99988882a9786589aa99589746537aa3746a775646
92206 1 10 2 9 1 2 0 0 0  aaa99988878a9785489aa99389766667aa3765a752445
92216 1 10 2 9 3 1 0 0 0  aaa99988878a9786489aa99389766657aa3765a752445
92224 1 10 2 9 4 2 0 0 0  aaa99988878a9785489aa99389765367aa2765a744665
92228 1 10 2 9 5 1 0 0 0  aaa99988878a9786589aa99489756347aa4756a763652
92263 1 10 2 10 5 0 1 0 0  aaa99988828a9786589aa99489756537aa3756a774646
92267 1 10 2 10 5 2 1 0 0  aaa99988828a9786589aa99589746537aa3746a775646
92304 1 10 3 1 0 0 0 0 0  aaa99988877a9887549aa99729668478aa7656a535364
92323 1 10 3 1 3 0 1 0 0  aaa99988877a9887469aa99729668478aa7655a533645
92341 1 10 3 2 0 0 1 0 0  aaa99988877a9887439aa99779668368aa4655a527645
92413 1 10 3 4 0 0 1 0 0  aaa99988877a9887429aa99769658468aa7556a657343
92443 1 10 3 4 5 0 1 0 0  aaa99988877a9887269aa99769668658aa7534a547534
92534 1 10 3 7 2 1 0 0 0  aaa99988877a9887469aa99779668358aa3657a562454
92551 1 10 3 7 5 0 1 0 0  aaa99988877a9887529aa99779658538aa4637a666544
92555 1 10 3 7 5 2 1 0 0  aaa99988877a9887429aa99779658438aa3657a666554
92570 1 10 3 8 2 1 0 0 0  aaa99988877a9887769aa99479668358aa3657a562454
92591 1 10 3 8 5 2 1 0 0  aaa99988877a9887729aa99479658438aa3657a666554
92605 1 10 3 9 2 0 1 0 0  aaa99988837a9887579aa99379778468aa4665a266554
92622 1 10 3 9 5 0 0 0 0  aaa99988827a9887679aa99679778648aa6554a356354
92623 1 10 3 9 5 0 1 0 0  aaa99988827a9887679aa99679778658aa6534a546534
92750 1 10 4 2 2 1 0 0 0  aaa99988887a9887769aa99479668357aa3657a562454
92771 1 10 4 2 5 2 1 0 0  aaa99988887a9887729aa99479658437aa3657a666554
92798 1 10 4 3 4 1 0 0 0  aaa99988887a9887479aa99379758356aa6657a662454
92800 1 10 4 3 4 2 0 0 0  aaa99988887a9887579aa99579748546aa6647a665332
92988 1 10 4 9 0 0 0 0 0  aaa99988887a9887579aa99379778366aa2565a465464
93240 1 10 5 5 0 0 0 0 0  aaa99988887a9787579aa99479686366aa3758a545624
93242 1 10 5 5 0 1 0 0 0  aaa99988887a9787579aa99479686366aa3748a555642
93320 1 10 5 7 1 1 0 0 0  aaa99988887a9787579aa99469686367aa3568a545724
93322 1 10 5 7 1 2 0 0 0  aaa99988887a9787579aa99569686567aa5468a433742
93330 1 10 5 7 3 0 0 0 0  aaa99988887a9787579aa99469686367aa3558a645724
93332 1 10 5 7 3 1 0 0 0  aaa99988887a9787579aa99469686367aa3548a655742
93347 1 10 5 7 5 2 1 0 0  aaa99988887a9787579aa99549683547aa4628a666753
93590 1 10 6 3 4 1 0 0 0  aaa99988887a9787769aa99489678356aa3675a652445
93599 1 10 6 3 5 2 1 0 0  aaa99988887a9787729aa99589678536aa3674a665454
93626 1 10 6 4 4 1 0 0 0  aaa99988887a9787469aa99389678356aa2675a644575
93635 1 10 6 4 5 2 1 0 0  aaa99988887a9787529aa99589678536aa3674a665474
93650 1 10 6 5 2 1 0 0 0  aaa99988887a9787579aa99489678367aa3664a562554
93708 1 10 6 7 0 0 0 0 0  aaa99988887a9787579aa99489668367aa3657a545624
93710 1 10 6 7 0 1 0 0 0  aaa99988887a9787579aa99489668367aa3647a555642
93722 1 10 6 7 2 1 0 0 0  aaa99988887a9787479aa99389668657aa3657a562454
93734 1 10 6 7 4 1 0 0 0  aaa99988887a9787479aa99389658657aa3657a662454
93827 1 10 6 10 1 2 1 0 0  aaa99988886a9786629aa99589768537aa3764a775454
94043 1 10 7 5 1 2 1 0 0  aaa99938888a9885479aa99879766672aa7665a754534
94442 1 10 8 5 2 1 0 0 0  aaa99988887a9787479aa99379668656aa3758a562454
94454 1 10 8 5 4 1 0 0 0  aaa99988887a9787479aa99379658656aa3758a662454
94502 1 10 8 7 0 1 0 0 0  aaa99988887a9787579aa99469648467aa3568a565732
94507 1 10 8 7 1 0 1 0 0  aaa99988887a9787679aa99469668427aa6558a353754
94530 1 10 8 7 5 0 0 0 0  aaa99988887a9787579aa99459648557aa3628a666743
94582 1 10 8 9 1 2 0 0 0  aaa99988887a9587479aa99379778366aa6568a545624
94604 1 10 8 9 5 1 0 0 0  aaa99988887a9687579aa99479778346aa4658a663552
94658 1 10 9 0 2 1 0 0 0  aaa99988876a9887479aa99879668356aa3757a562454
94679 1 10 9 0 5 2 1 0 0  aaa99988872a9887479aa99879658436aa3757a666554
94721 1 10 9 2 0 2 1 0 0  aaa99988872a9887779aa99879668466aa4537a555634
94746 1 10 9 2 5 0 0 0 0  aaa99988872a9887779aa99879658546aa4657a665343
94747 1 10 9 2 5 0 1 0 0  aaa99988872a9887779aa99879658536aa5637a664544
94751 1 10 9 2 5 2 1 0 0  aaa99988872a9887779aa99879658436aa3657a664554
94793 1 10 9 4 0 2 1 0 0  aaa99988872a9887779aa99879768665aa3564a556434
94819 1 10 9 4 5 0 1 0 0  aaa99988872a9887779aa99879758546aa5644a666533
94848 1 10 9 5 4 0 0 0 0  aaa99988877a9887529aa99879758546aa6647a663543
94849 1 10 9 5 4 0 1 0 0  aaa99988877a9887529aa99879758536aa6637a664544
94853 1 10 9 5 4 2 1 0 0  aaa99988877a9887439aa99879758326aa6657a664554
94855 1 10 9 5 5 0 1 0 0  aaa99988877a9887529aa99879758536aa4637a666544
94859 1 10 9 5 5 2 1 0 0  aaa99988877a9887429aa99879758436aa3657a666554
94865 1 10 9 6 0 2 1 0 0  aaa99988877a9887729aa99879768665aa3564a556434
94891 1 10 9 6 5 0 1 0 0  aaa99988877a9887729aa99879758546aa5644a666533
94896 1 10 9 7 0 0 0 0 0  aaa99988872a9887779aa99869658563aa7367a564445
94937 1 10 9 8 0 2 1 0 0  aaa99988877a9887729aa99879668466aa4537a555634
94962 1 10 9 8 5 0 0 0 0  aaa99988877a9887729aa99879658546aa4657a665343
94963 1 10 9 8 5 0 1 0 0  aaa99988877a9887729aa99879658536aa5637a664544
94967 1 10 9 8 5 2 1 0 0  aaa99988877a9887729aa99879658436aa3657a664554
94969 1 10 9 9 0 0 1 0 0  aaa99988837a9887379aa99879778466aa4565a564265
94975 1 10 9 9 1 0 1 0 0  aaa99988827a9887479aa99879778466aa6565a533645
95009 1 10 9 10 0 2 1 0 0  aaa99988827a9886679aa99879778765aa3546a556443
95035 1 10 9 10 5 0 1 0 0  aaa99988827a9885579aa99879778746aa5644a666533
95092 1 10 10 1 2 2 0 0 0  aaa99965888a9885479aa99889774477aa3627a663565
95252 1 10 10 5 5 1 0 0 0  aaa99976888a9886479aa99889776357aa3756a562454
95272 1 10 10 6 2 2 0 0 0  aaa99965888a9885479aa99889777367aa3766a652445
95297 1 10 10 7 0 2 1 0 0  aaa99975888a9887629aa99889777467aa6635a654534
95303 1 10 10 7 1 2 1 0 0  aaa99975888a9887629aa99889777467aa6665a354534
95305 1 10 10 7 2 0 1 0 0  aaa99973888a9887529aa99889777467aa4663a566545
95435 1 10 10 10 5 2 1 0 0  aaa99965888a9885429aa99889765437aa3765a777664
95627 1 10 11 5 1 2 1 0 0  aaa99935888a9888479aa99879766672aa7665a754534
95689 1 10 11 7 0 0 1 0 0  aaa99974888a9888629aa99879776675aa5656a573434
95692 1 10 11 7 0 2 0 0 0  aaa99974888a9888629aa99879776673aa4656a573554
95693 1 10 11 7 0 2 1 0 0  aaa99974888a9888629aa99879776675aa3566a575434
95915 1 10 12 2 1 2 1 0 0  aaa99935888a9885479aa99879766672aa8667a754534
95987 1 10 12 4 1 2 1 0 0  aaa99935888a9885479aa99879766676aa8277a654534
96113 1 10 12 7 4 2 1 0 0  aaa99975888a9885429aa99879775476aa8636a676534
96115 1 10 12 7 5 0 1 0 0  aaa99976888a9886429aa99879776475aa8556a373654
96117 1 10 12 7 5 1 1 0 0  aaa99976888a9886429aa99879776475aa8556a375634
96119 1 10 12 7 5 2 1 0 0  aaa99976888a9886429aa99879776475aa8536a575634
96254 1 10 13 0 4 1 0 0 0  aaa99977587a9888489aa99889676376aa3657a644552
96260 1 10 13 0 5 1 0 0 0  aaa99977587a9888489aa99889674476aa3657a663552
96443 1 10 13 5 5 2 1 0 0  aaa99977782a9888489aa99889675436aa3675a676545
96446 1 10 13 6 0 1 0 0 0  aaa99966587a9888489aa99889777367aa3764a562554
96458 1 10 13 6 2 1 0 0 0  aaa99966687a9888489aa99889777357aa3765a652445
96470 1 10 13 6 4 1 0 0 0  aaa99965687a9888489aa99889777357aa3765a644625
96481 1 10 13 7 0 0 1 0 0  aaa99977782a9888789aa99889676466aa4557a353654
96483 1 10 13 7 0 1 1 0 0  aaa99977782a9888789aa99889676466aa4557a355634
96485 1 10 13 7 0 2 1 0 0  aaa99977782a9888789aa99889676466aa4537a555634
96605 1 10 13 10 2 2 1 0 0  aaa99966682a9888489aa99889765437aa3765a777545
96671 1 10 14 1 1 2 1 0 0  aaa99977788a9885629aa99489778867aa6665a354534
96821 1 10 14 5 2 2 1 0 0  aaa99977788a9887429aa99489678866aa6375a653545
96830 1 10 14 5 4 1 0 0 0  aaa99977788a9887469aa99389678856aa3675a652445
96839 1 10 14 5 5 2 1 0 0  aaa99977788a9887529aa99589678836aa3674a665454
96853 1 10 14 6 2 0 1 0 0  aaa99966688a9885529aa99589768873aa4777a637544
96855 1 10 14 6 2 1 1 0 0  aaa99966688a9885529aa99489768873aa3777a657544
96857 1 10 14 6 2 2 1 0 0  aaa99966688a9885429aa99489768873aa3777a657545
96867 1 10 14 6 4 1 1 0 0  aaa99965688a9885529aa99489768873aa3777a657644
96869 1 10 14 6 4 2 1 0 0  aaa99965688a9885429aa99489768873aa3777a657645
96873 1 10 14 6 5 1 1 0 0  aaa99965588a9885429aa99489768873aa3777a657664
96877 1 10 14 7 0 0 1 0 0  aaa99977788a9887429aa99789678866aa4565a533645
96925 1 10 14 8 2 0 1 0 0  aaa99966688a9885529aa99589768874aa7777a644533
96929 1 10 14 8 2 2 1 0 0  aaa99966688a9885429aa99489768873aa7777a653545
96948 1 10 14 9 0 0 0 0 0  aaa99966588a9885579aa99489748867aa3765a773246
96950 1 10 14 9 0 1 0 0 0  aaa99966588a9886479aa99389758867aa3764a772554
96997 1 10 14 10 2 0 1 0 0  aaa99966688a9885529aa99589768837aa4763a777544
96999 1 10 14 10 2 1 1 0 0  aaa99966688a9885529aa99489768837aa3765a777544
97001 1 10 14 10 2 2 1 0 0  aaa99966688a9885429aa99489768837aa3765a777545
97011 1 10 14 10 4 1 1 0 0  aaa99965688a9885529aa99489768837aa3765a777644
97013 1 10 14 10 4 2 1 0 0  aaa99965688a9885429aa99489768837aa3765a777645
97017 1 10 14 10 5 1 1 0 0  aaa99965588a9885429aa99489768837aa3765a777664
97032 1 10 15 0 2 0 0 0 0  aaa99988877a9686629aa99779685576aa5348a387544
97033 1 10 15 0 2 0 1 0 0  aaa99988877a9686629aa99779685476aa4558a387534
97123 1 10 15 2 5 0 1 0 0  aaa99988877a9785549aa99779684436aa5638a686572
97128 1 10 15 3 0 0 0 0 0  aaa99988877a9787529aa99769685563aa7368a486544
97165 1 10 15 4 0 0 1 0 0  aaa99988877a9786669aa99759486554aa7438a386275
97169 1 10 15 4 0 2 1 0 0  aaa99988877a9786659aa99759585624aa7468a483673
97183 1 10 15 4 3 0 1 0 0  aaa99988877a9785569aa99769683564aa7428a684573
97250 1 10 15 6 2 1 0 0 0  aaa99988877a9787469aa99379686756aa3658a582454
97292 1 10 15 7 3 1 0 0 0  aaa99988877a9786469aa99779686356aa3758a582454
97303 1 10 15 7 5 0 1 0 0  aaa99988877a9784629aa99779584655aa6758a386364
97309 1 10 15 8 0 0 1 0 0  aaa99988877a9787529aa99779686466aa4558a385634
97311 1 10 15 8 0 1 1 0 0  aaa99988877a9787529aa99779686466aa4538a585634
97312 1 10 15 8 0 2 0 0 0  aaa99988877a9787529aa99779686566aa5348a385644
97313 1 10 15 8 0 2 1 0 0  aaa99988877a9787529aa99779686566aa5438a484635
97322 1 10 15 8 2 1 0 0 0  aaa99988877a9787469aa99779686356aa3658a582454
97358 1 10 15 9 2 1 0 0 0  aaa99988877a9787769aa99479686356aa3658a582454
97394 1 10 15 10 2 1 0 0 0  aaa99988867a9686479aa99379787756aa3658a582454
97525 1 10 16 3 0 0 1 0 0  aaa99988872a9787779aa99879686466aa4558a353654
97527 1 10 16 3 0 1 1 0 0  aaa99988872a9787779aa99879686466aa4558a355634
97529 1 10 16 3 0 2 1 0 0  aaa99988872a9787779aa99879686466aa4538a555634
97633 1 10 16 6 0 0 1 0 0  aaa99988877a9787429aa99879686766aa4558a353654
97635 1 10 16 6 0 1 1 0 0  aaa99988877a9787429aa99879686766aa4558a355634
97637 1 10 16 6 0 2 1 0 0  aaa99988877a9787429aa99879686766aa4538a555634
97741 1 10 16 9 0 0 1 0 0  aaa99988877a9787729aa99879686466aa4558a353654
97743 1 10 16 9 0 1 1 0 0  aaa99988877a9787729aa99879686466aa4558a355634
97745 1 10 16 9 0 2 1 0 0  aaa99988877a9787729aa99879686466aa4538a555634
97777 1 10 16 10 0 0 1 0 0  aaa99988827a9686479aa99879787766aa4558a353654
97779 1 10 16 10 0 1 1 0 0  aaa99988827a9686479aa99879787766aa4558a355634
97781 1 10 16 10 0 2 1 0 0  aaa99988827a9686479aa99879787766aa4538a555634
97826 1 10 17 0 2 1 0 0 0  aaa99977587a9888489aa99869676378aa3657a644552
98214 1 10 18 0 1 0 0 0 0  aaa99977588a9888479aa99389676876aa3657a545624
98216 1 10 18 0 1 1 0 0 0  aaa99977588a9888479aa99389676876aa3647a555642
98220 1 10 18 0 2 0 0 0 0  aaa99977588a9888479aa99389675876aa3267a655464
98222 1 10 18 0 2 1 0 0 0  aaa99977588a9888479aa99389674876aa3567a655624
98234 1 10 18 0 4 1 0 0 0  aaa99977588a9888479aa99389676876aa3657a644552
98238 1 10 18 0 5 0 0 0 0  aaa99977588a9888479aa99389675876aa3627a646554
98240 1 10 18 0 5 1 0 0 0  aaa99977588a9888479aa99389674876aa3657a662554
98255 1 10 18 1 1 2 1 0 0  aaa99977788a9888629aa99489775867aa6665a354534
98414 1 10 18 5 4 1 0 0 0  aaa99977788a9888469aa99389675856aa3675a672445
98423 1 10 18 5 5 2 1 0 0  aaa99977788a9888429aa99489675836aa3675a676545
98426 1 10 18 6 0 1 0 0 0  aaa99966588a9888479aa99389777867aa3764a562554
98438 1 10 18 6 2 1 0 0 0  aaa99966688a9888479aa99389777857aa3765a652445
98450 1 10 18 6 4 1 0 0 0  aaa99965688a9888479aa99389777857aa3765a644625
98532 1 10 18 9 0 0 0 0 0  aaa99966588a9888679aa99389746857aa5754a773462
98534 1 10 18 9 0 1 0 0 0  aaa99966588a9888479aa99389756867aa3764a772554
98546 1 10 18 9 2 1 0 0 0  aaa99966688a9888479aa99389765857aa3765a772445
98558 1 10 18 9 4 1 0 0 0  aaa99965688a9888579aa99389765847aa4764a773625
98585 1 10 18 10 2 2 1 0 0  aaa99966688a9888429aa99489765837aa3765a777545
98597 1 10 18 10 4 2 1 0 0  aaa99965688a9888429aa99489765837aa3765a777645
98601 1 10 18 10 5 1 1 0 0  aaa99965588a9888429aa99489765837aa3765a777664
98671 1 10 19 1 5 0 1 0 0  aaa99977788a9886529aa99889776457aa5856a364634
98675 1 10 19 1 5 2 1 0 0  aaa99977788a9886529aa99889776537aa3846a465645
98720 1 10 19 3 1 1 0 0 0  aaa99966588a9886479aa99889777377aa3865a652445
98722 1 10 19 3 1 2 0 0 0  aaa99966588a9886579aa99889777577aa5864a644332
98728 1 10 19 3 2 2 0 0 0  aaa99966688a9885479aa99889777377aa3865a652445
98740 1 10 19 3 4 2 0 0 0  aaa99965688a9885479aa99889777377aa3865a644625
98746 1 10 19 3 5 2 0 0 0  aaa99965488a9885379aa99889777377aa2865a644665
98785 1 10 19 5 0 0 1 0 0  aaa99977788a9887359aa99889676526aa6876a545434
98787 1 10 19 5 0 1 1 0 0  aaa99977788a9887559aa99889676526aa6876a435443
98788 1 10 19 5 0 2 0 0 0  aaa99977788a9887529aa99889676566aa5873a445643
98789 1 10 19 5 0 2 1 0 0  aaa99977788a9887529aa99889676566aa5874a345634
98798 1 10 19 5 2 1 0 0 0  aaa99977788a9887469aa99889676356aa3875a652445
98815 1 10 19 5 5 0 1 0 0  aaa99977788a9887529aa99889675536aa4873a666544
98819 1 10 19 5 5 2 1 0 0  aaa99977788a9887429aa99889675436aa3875a666545
98857 1 10 19 7 0 0 1 0 0  aaa99977788a9887429aa99889676466aa7855a533645
98887 1 10 19 7 5 0 1 0 0  aaa99977788a9887529aa99889675546aa7844a666533
98908 1 10 19 8 2 2 0 0 0  aaa99975488a9885379aa99889777367aa2866a644565
98914 1 10 19 8 3 2 0 0 0  aaa99975488a9885379aa99889777367aa6866a652445
98920 1 10 19 8 4 2 0 0 0  aaa99975488a9885379aa99889777367aa2865a644665
98924 1 10 19 8 5 1 0 0 0  aaa99976588a9886479aa99889777347aa4856a563652
98974 1 10 19 10 1 2 0 0 0  aaa99975488a9885369aa99889676366aa2875a744775
98995 1 10 19 10 5 0 1 0 0  aaa99976588a9886429aa99889576535aa3876a764774
98999 1 10 19 10 5 2 1 0 0  aaa99976588a9886539aa99889376544aa4876a765772
99026 1 10 20 0 4 1 0 0 0  aaa99977588a9888479aa99889676376aa3657a644552
99032 1 10 20 0 5 1 0 0 0  aaa99977588a9888479aa99889674476aa3657a663552
99108 1 10 20 3 0 0 0 0 0  aaa99966588a9888479aa99889777377aa3665a455246
99185 1 10 20 5 0 2 1 0 0  aaa99977788a9888529aa99889676536aa6376a475445
99211 1 10 20 5 5 0 1 0 0  aaa99977788a9888529aa99889675536aa4673a676544
99215 1 10 20 5 5 2 1 0 0  aaa99977788a9888429aa99889675436aa3675a676545
99218 1 10 20 6 0 1 0 0 0  aaa99966588a9888479aa99889777367aa3764a562554
99230 1 10 20 6 2 1 0 0 0  aaa99966688a9888479aa99889777357aa3765a652445
99242 1 10 20 6 4 1 0 0 0  aaa99965688a9888479aa99889777357aa3765a644625
99253 1 10 20 7 0 0 1 0 0  aaa99977788a9888729aa99889676466aa4557a353654
99255 1 10 20 7 0 1 1 0 0  aaa99977788a9888729aa99889676466aa4557a355634
99257 1 10 20 7 0 2 1 0 0  aaa99977788a9888729aa99889676466aa4537a555634
99373 1 10 20 10 2 0 1 0 0  aaa99966688a9888529aa99889765537aa4763a777544
99377 1 10 20 10 2 2 1 0 0  aaa99966688a9888429aa99889765437aa3765a777545
99422 1 10 21 0 4 1 0 0 0  aaa99977588a9888879aa99489676376aa3657a644552
99428 1 10 21 0 5 1 0 0 0  aaa99977588a9888879aa99489674476aa3657a663552
99611 1 10 21 5 5 2 1 0 0  aaa99977788a9888829aa99489675436aa3675a676545
99614 1 10 21 6 0 1 0 0 0  aaa99966588a9888879aa99489777367aa3764a562554
99626 1 10 21 6 2 1 0 0 0  aaa99966688a9888879aa99489777357aa3765a652445
99638 1 10 21 6 4 1 0 0 0  aaa99965688a9888879aa99489777357aa3765a644625
99649 1 10 21 7 0 0 1 0 0  aaa99977788a9888829aa99789676466aa4557a353654
99651 1 10 21 7 0 1 1 0 0  aaa99977788a9888829aa99789676466aa4557a355634
99653 1 10 21 7 0 2 1 0 0  aaa99977788a9888829aa99789676466aa4537a555634
99773 1 10 21 10 2 2 1 0 0  aaa99966688a9888829aa99489765437aa3765a777545
99818 1 10 22 0 4 1 0 0 0  aaa99977578a9676489aa99389888876aa3657a644552
99824 1 10 22 0 5 1 0 0 0  aaa99977578a9674489aa99489888876aa3657a663552
100000 0 10 22 5 4 2 0 0 0  aaa99977768a9676689aa99589888846aa5473a475352
100007 1 10 22 5 5 2 1 0 0  aaa99977728a9675489aa99489888836aa3675a676545
100010 1 10 22 6 0 1 0 0 0  aaa99966578a9777489aa99389888867aa3764a562554
100022 1 10 22 6 2 1 0 0 0  aaa99966678a9777489aa99389888857aa3765a652445
100034 1 10 22 6 4 1 0 0 0  aaa99965678a9777489aa99389888857aa3765a644625
100045 1 10 22 7 0 0 1 0 0  aaa99977728a9676489aa99789888866aa4557a353654
100047 1 10 22 7 0 1 1 0 0  aaa99977728a9676489aa99789888866aa4557a355634
100049 1 10 22 7 0 2 1 0 0  aaa99977728a9676489aa99789888866aa4537a555634
100169 1 10 22 10 2 2 1 0 0  aaa99966628a9765489aa99489888837aa3765a777545
100198 1 11 0 0 1 2 0 0 0  aaa99988487a9785369aa99887968627aa7675a653445
100225 1 11 0 1 0 0 1 0 0  aaa99988687a9787429aa99887968675aa7665a534543
100226 1 11 0 1 0 1 0 0 0  aaa99988687a9787429aa99887968675aa7665a553443
100262 1 11 0 2 0 1 0 0 0  aaa99988687a9787429aa99887968657aa3675a653445
100265 1 11 0 2 0 2 1 0 0  aaa99988687a9787429aa99887968637aa3675a654545
100268 1 11 0 2 1 1 0 0 0  aaa99988487a9787369aa99887968657aa3675a652445
100290 1 11 0 2 5 0 0 0 0  aaa99988687a9787649aa99887948627aa6575a536345
100291 1 11 0 2 5 0 1 0 0  aaa99988687a9787629aa99887958657aa6574a546433
100337 1 11 0 4 0 2 1 0 0  aaa99988687a9787429aa99887968676aa4375a653545
100448 1 11 0 7 1 1 0 0 0  aaa99988487a9787379aa99886968657aa3657a562454
100594 1 11 1 0 1 2 0 0 0  aaa99988887a9785489aa99387966627aa7675a653445
100622 1 11 1 1 0 1 0 0 0  aaa99988887a9787489aa99387966375aa7665a552446
100664 1 11 1 2 1 1 0 0 0  aaa99988887a9787489aa99387966657aa3675a652445
100728 1 11 1 4 0 0 0 0 0  aaa99988887a9787589aa99487966376aa3476a654552
100730 1 11 1 4 0 1 0 0 0  aaa99988887a9787589aa99487966376aa3576a655442
100836 1 11 1 7 0 0 0 0 0  aaa99988887a9787589aa99487966367aa3565a465742
100838 1 11 1 7 0 1 0 0 0  aaa99988887a9787589aa99487966367aa3564a565724
100944 1 11 1 10 0 0 0 0 0  aaa99988886a9786589aa99486954567aa3752a777634
101371 1 11 2 10 5 0 1 0 0  aaa99988838a9786489aa99385956457aa4726a777656
101407 1 11 3 0 5 0 1 0 0  aaa99988877a9885549aa99774968478aa5365a637662
101412 1 11 3 1 0 0 0 0 0  aaa99988877a9887549aa99726968478aa7655a336654
101417 1 11 3 1 0 2 1 0 0  aaa99988877a9887539aa99736968578aa7642a465465
101431 1 11 3 1 3 0 1 0 0  aaa99988877a9887469aa99726968478aa7655a533645
101545 1 11 3 4 4 0 1 0 0  aaa99988877a9887269aa99765968668aa7534a547534
101551 1 11 3 4 5 0 1 0 0  aaa99988877a9887269aa99766968658aa7534a547534
101713 1 11 3 9 2 0 1 0 0  aaa99988837a9887579aa99377978468aa4665a266554
101730 1 11 3 9 5 0 0 0 0  aaa99988827a9887679aa99677978648aa6554a356354
101731 1 11 3 9 5 0 1 0 0  aaa99988827a9887679aa99677978658aa6534a546534
101910 1 11 4 3 5 0 0 0 0  aaa99988887a9887579aa99477968254aa5563a674663
102031 1 11 4 7 1 0 1 0 0  aaa99988887a9887779aa99466968426aa7557a365534
102096 1 11 4 9 0 0 0 0 0  aaa99988887a9887579aa99377978366aa2565a465464
102275 1 11 5 2 5 2 1 0 0  aaa99988887a9787679aa99725984657aa6558a346364
102427 1 11 5 7 1 0 1 0 0  aaa99988887a9787679aa99466986427aa6558a353754
102438 1 11 5 7 3 0 0 0 0  aaa99988887a9787579aa99466986327aa6658a545734
102440 1 11 5 7 3 1 0 0 0  aaa99988887a9787579aa99366986347aa6648a555742
102491 1 11 5 8 5 2 1 0 0  aaa99988887a9787779aa99625984657aa6558a346364
102824 1 11 6 7 1 1 0 0 0  aaa99988887a9787479aa99386968657aa3657a562454
103032 1 11 7 2 0 0 0 0 0  aaa99958888a9886679aa99877966357aa6574a573442
103141 1 11 7 5 0 0 1 0 0  aaa99958888a9886679aa99877966357aa7574a546432
103151 1 11 7 5 1 2 1 0 0  aaa99938888a9885479aa99877966627aa7675a654534
103399 1 11 8 1 1 0 1 0 0  aaa99988887a9787479aa99766968426aa7558a365534
103537 1 11 8 5 0 0 1 0 0  aaa99988887a9787579aa99476968462aa6738a655534
103548 1 11 8 5 2 0 0 0 0  aaa99988887a9787479aa99376968655aa3758a645624
103553 1 11 8 5 2 2 1 0 0  aaa99988887a9787579aa99576968634aa5738a644652
103615 1 11 8 7 1 0 1 0 0  aaa99988887a9787679aa99466968427aa6558a353754
103626 1 11 8 7 3 0 0 0 0  aaa99988887a9787579aa99466968327aa6658a545734
103628 1 11 8 7 3 1 0 0 0  aaa99988887a9787579aa99366968347aa6648a555742
103787 1 11 9 0 5 2 1 0 0  aaa99988873a9887579aa99873968524aa5767a644665
103789 1 11 9 1 0 0 1 0 0  aaa99988872a9887779aa99876968476aa4655a533645
103855 1 11 9 2 5 0 1 0 0  aaa99988872a9887779aa99875958456aa4637a666534
103861 1 11 9 3 0 0 1 0 0  aaa99988877a9887729aa99876968476aa4655a533645
103901 1 11 9 4 0 2 1 0 0  aaa99988872a9887779aa99877968665aa3564a556434
103927 1 11 9 4 5 0 1 0 0  aaa99988872a9887779aa99877958546aa5644a666533
103957 1 11 9 5 4 0 1 0 0  aaa99988877a9887529aa99877958564aa6666a474533
103961 1 11 9 5 4 2 1 0 0  aaa99988877a9887429aa99877958463aa6666a573554
103963 1 11 9 5 5 0 1 0 0  aaa99988877a9887439aa99877968355aa4265a675664
103965 1 11 9 5 5 1 1 0 0  aaa99988877a9887429aa99877968455aa5365a673664
103966 1 11 9 5 5 2 0 0 0  aaa99988877a9887529aa99877968543aa5364a675664
103967 1 11 9 5 5 2 1 0 0  aaa99988877a9887529aa99877968543aa5464a673665
103973 1 11 9 6 0 2 1 0 0  aaa99988877a9887729aa99877968665aa3564a556434
103999 1 11 9 6 5 0 1 0 0  aaa99988877a9887729aa99877958546aa5644a666533
104005 1 11 9 7 0 0 1 0 0  aaa99988872a9887779aa99866958456aa7567a564343
104071 1 11 9 8 5 0 1 0 0  aaa99988877a9887729aa99875958456aa4637a666534
104077 1 11 9 9 0 0 1 0 0  aaa99988837a9887379aa99877978466aa4565a564265
104083 1 11 9 9 1 0 1 0 0  aaa99988827a9887479aa99877978466aa6565a533645
104117 1 11 9 10 0 2 1 0 0  aaa99988827a9886679aa99877978765aa3546a556443
104143 1 11 9 10 5 0 1 0 0  aaa99988827a9885579aa99877978746aa5644a666533
104380 1 11 10 6 2 2 0 0 0  aaa99965888a9885479aa99887977376aa3765a662445
104405 1 11 10 7 0 2 1 0 0  aaa99975888a9887629aa99887977476aa6665a354534
104543 1 11 10 10 5 2 1 0 0  aaa99976888a9886529aa99884976543aa5476a763775
104735 1 11 11 5 1 2 1 0 0  aaa99935888a9888479aa99877966627aa7675a654534
104801 1 11 11 7 0 2 1 0 0  aaa99973888a9888629aa99877976647aa5447a665355
105023 1 11 12 2 1 2 1 0 0  aaa99935888a9885479aa99877966627aa8675a674534
105095 1 11 12 4 1 2 1 0 0  aaa99935888a9885479aa99877966667aa8265a774534
105193 1 11 12 7 0 0 1 0 0  aaa99974888a9886669aa99877976257aa8537a546534
105221 1 11 12 7 4 2 1 0 0  aaa99975888a9885429aa99877975467aa8637a666534
105223 1 11 12 7 5 0 1 0 0  aaa99976888a9886439aa99877976357aa8527a564654
105225 1 11 12 7 5 1 1 0 0  aaa99976888a9886429aa99877976457aa8557a365634
105226 1 11 12 7 5 2 0 0 0  aaa99976888a9886529aa99877976547aa8437a465635
105227 1 11 12 7 5 2 1 0 0  aaa99976888a9886529aa99877976547aa8447a365635
105336 1 11 13 0 0 0 0 0 0  aaa99977587a9888489aa99886976376aa3657a545624
105338 1 11 13 0 0 1 0 0 0  aaa99977587a9888489aa99886976376aa3647a555642
105546 1 11 13 5 5 0 0 0 0  aaa99977782a9888689aa99885975653aa6474a376564
105554 1 11 13 6 0 1 0 0 0  aaa99966587a9888489aa99887977376aa3756a644552
105589 1 11 13 7 0 0 1 0 0  aaa99977782a9888789aa99886976465aa6557a364534
105619 1 11 13 7 5 0 1 0 0  aaa99977782a9888789aa99885975456aa4637a666534
105732 1 11 14 0 0 0 0 0 0  aaa99977588a9887779aa99388978366aa2565a465464
105778 1 11 14 1 1 2 0 0 0  aaa99977788a9885469aa99388968677aa3675a652445
105804 1 11 14 2 0 0 0 0 0  aaa99977788a9887579aa99388978366aa2565a465464
105886 1 11 14 4 1 2 0 0 0  aaa99977788a9885469aa99388968676aa3775a652445
105913 1 11 14 5 0 0 1 0 0  aaa99977788a9887539aa99488978366aa4276a655546
105929 1 11 14 5 2 2 1 0 0  aaa99977788a9887529aa99588978566aa6374a663454
105931 1 11 14 5 3 0 1 0 0  aaa99977788a9887539aa99488978366aa6276a655544
105935 1 11 14 5 3 2 1 0 0  aaa99977788a9887529aa99588978566aa6476a644353
105937 1 11 14 5 4 0 1 0 0  aaa99977788a9887539aa99488978326aa6675a664554
105941 1 11 14 5 4 2 1 0 0  aaa99977788a9887539aa99588978326aa6674a665454
105947 1 11 14 5 5 2 1 0 0  aaa99977788a9887529aa99588978536aa3674a666454
105960 1 11 14 6 2 0 0 0 0  aaa99976588a9885549aa99488978376aa4777a663526
105985 1 11 14 7 0 0 1 0 0  aaa99977788a9887439aa99788978366aa4565a564265
105991 1 11 14 7 1 0 1 0 0  aaa99977788a9887429aa99788978466aa6565a533645
106030 1 11 14 8 1 2 0 0 0  aaa99975488a9885369aa99388968676aa7777a652445
106066 1 11 14 9 1 2 0 0 0  aaa99975488a9885369aa99388968667aa2765a777445
106099 1 11 14 10 1 0 1 0 0  aaa99976588a9885529aa99488978466aa6376a753774
106109 1 11 14 10 2 2 1 0 0  aaa99975688a9885629aa99488978466aa6375a753774
106117 1 11 14 10 4 0 1 0 0  aaa99976588a9885529aa99488978436aa3675a766774
106135 1 11 15 0 1 0 1 0 0  aaa99988877a9686639aa99776983575aa5648a587442
106237 1 11 15 3 0 0 1 0 0  aaa99988877a9787349aa99766984456aa7568a586532
106241 1 11 15 3 0 2 1 0 0  aaa99988877a9787539aa99763986562aa7648a485645
106261 1 11 15 3 4 0 1 0 0  aaa99988877a9787469aa99766986426aa7558a385534
106273 1 11 15 4 0 0 1 0 0  aaa99988877a9786669aa99754986553aa7448a386275
106277 1 11 15 4 0 2 1 0 0  aaa99988877a9786659aa99755985624aa7468a483673
106291 1 11 15 4 3 0 1 0 0  aaa99988877a9785569aa99766983526aa7468a484573
106373 1 11 15 6 4 2 1 0 0  aaa99988877a9787549aa99577984436aa5638a686652
106375 1 11 15 6 5 0 1 0 0  aaa99988877a9787629aa99677984655aa6358a386454
106377 1 11 15 6 5 1 1 0 0  aaa99988877a9787629aa99677984653aa6558a386454
106379 1 11 15 6 5 2 1 0 0  aaa99988877a9787629aa99677984635aa6538a585464
106411 1 11 15 7 5 0 1 0 0  aaa99988877a9784629aa99775984655aa6738a586364
106417 1 11 15 8 0 0 1 0 0  aaa99988877a9787529aa99776986466aa4558a385634
106419 1 11 15 8 0 1 1 0 0  aaa99988877a9787529aa99776986466aa4538a585634
106420 1 11 15 8 0 2 0 0 0  aaa99988877a9787529aa99776986566aa5348a385644
106421 1 11 15 8 0 2 1 0 0  aaa99988877a9787529aa99776986566aa5438a484635
106446 1 11 15 8 5 0 0 0 0  aaa99988877a9787629aa99775985654aa6448a386365
106447 1 11 15 8 5 0 1 0 0  aaa99988877a9787629aa99775985654aa6438a486365
106482 1 11 15 9 5 0 0 0 0  aaa99988877a9787729aa99675985654aa6448a386365
106483 1 11 15 9 5 0 1 0 0  aaa99988877a9787729aa99675985654aa6438a486365
106502 1 11 15 10 2 1 0 0 0  aaa99988867a9686479aa99377987756aa3658a582454
106626 1 11 16 2 5 0 0 0 0  aaa99988872a9787679aa99857985657aa6348a356464
106627 1 11 16 2 5 0 1 0 0  aaa99988872a9787679aa99857985657aa6438a446365
106633 1 11 16 3 0 0 1 0 0  aaa99988872a9787779aa99876986465aa6558a364534
106663 1 11 16 3 5 0 1 0 0  aaa99988872a9787779aa99875985456aa4638a666534
106729 1 11 16 5 4 0 1 0 0  aaa99988877a9785539aa99877983526aa4668a766544
106733 1 11 16 5 4 2 1 0 0  aaa99988877a9785429aa99877985436aa3668a766545
106735 1 11 16 5 5 0 1 0 0  aaa99988877a9786439aa99877986355aa4258a765646
106737 1 11 16 5 5 1 1 0 0  aaa99988877a9786429aa99877986455aa5358a763646
106738 1 11 16 5 5 2 0 0 0  aaa99988877a9786529aa99877986543aa5348a765646
106739 1 11 16 5 5 2 1 0 0  aaa99988877a9786529aa99877986543aa5448a763656
106813 1 11 16 8 0 0 1 0 0  aaa99988873a9787779aa99866983527aa6658a545464
106817 1 11 16 8 0 2 1 0 0  aaa99988874a9787779aa99866984427aa6658a533556
106849 1 11 16 9 0 0 1 0 0  aaa99988877a9787729aa99876986465aa6558a364534
106879 1 11 16 9 5 0 1 0 0  aaa99988877a9787729aa99875985456aa4638a666534
106885 1 11 16 10 0 0 1 0 0  aaa99988827a9686479aa99877987766aa4558a353654
106887 1 11 16 10 0 1 1 0 0  aaa99988827a9686479aa99877987766aa4558a355634
106889 1 11 16 10 0 2 1 0 0  aaa99988827a9686479aa99877987766aa4538a555634
107027 1 11 17 2 5 2 1 0 0  aaa99977787a9888689aa99825974658aa6557a346364
107173 1 11 17 7 0 0 1 0 0  aaa99977783a9888789aa99866973528aa6657a545464
107177 1 11 17 7 0 2 1 0 0  aaa99977784a9888789aa99866974428aa6657a533556
107328 1 11 18 0 2 0 0 0 0  aaa99977588a9888479aa99388975576aa3467a664562
107330 1 11 18 0 2 1 0 0 0  aaa99977588a9888579aa99488975576aa3627a644663
107336 1 11 18 0 3 1 0 0 0  aaa99977588a9888479aa99388974476aa6667a563552
107342 1 11 18 0 4 1 0 0 0  aaa99977588a9888479aa99388974476aa6657a663552
107348 1 11 18 0 5 1 0 0 0  aaa99977588a9888479aa99388974476aa3657a666552
107424 1 11 18 3 0 0 0 0 0  aaa99966588a9888479aa99388977776aa3476a654552
107426 1 11 18 3 0 1 0 0 0  aaa99966588a9888479aa99388977776aa3576a655442
107525 1 11 18 5 4 2 1 0 0  aaa99977788a9888529aa99588974536aa3676a676454
107527 1 11 18 5 5 0 1 0 0  aaa99977788a9888639aa99688973655aa6275a476445
107529 1 11 18 5 5 1 1 0 0  aaa99977788a9888639aa99688973652aa6575a476445
107530 1 11 18 5 5 2 0 0 0  aaa99977788a9888629aa99688975634aa6375a476545
107531 1 11 18 5 5 2 1 0 0  aaa99977788a9888629aa99688974635aa6573a575464
107558 1 11 18 6 4 1 0 0 0  aaa99975488a9888379aa99388977756aa6675a662445
107560 1 11 18 6 4 2 0 0 0  aaa99974588a9888579aa99588977746aa6674a665332
107779 1 11 19 1 5 0 1 0 0  aaa99977788a9886529aa99887976475aa5836a564634
107783 1 11 19 1 5 2 1 0 0  aaa99977788a9886529aa99887976574aa5836a464635
107828 1 11 19 3 1 1 0 0 0  aaa99966588a9886479aa99887977377aa3865a652445
107830 1 11 19 3 1 2 0 0 0  aaa99966588a9886579aa99887977577aa5864a644332
107836 1 11 19 3 2 2 0 0 0  aaa99966688a9885479aa99887977377aa3865a652445
107848 1 11 19 3 4 2 0 0 0  aaa99965688a9885479aa99887977377aa3865a644625
107854 1 11 19 3 5 2 0 0 0  aaa99965488a9885379aa99887977377aa2865a644665
107893 1 11 19 5 0 0 1 0 0  aaa99977788a9887429aa99886976465aa6875a564533
107927 1 11 19 5 5 2 1 0 0  aaa99977788a9887539aa99883976524aa5876a464656
107965 1 11 19 7 0 0 1 0 0  aaa99977788a9887429aa99886976466aa7855a533645
108016 1 11 19 8 2 2 0 0 0  aaa99975488a9884479aa99887977376aa3865a662565
108022 1 11 19 8 3 2 0 0 0  aaa99975488a9885379aa99887977376aa6865a662445
108028 1 11 19 8 4 2 0 0 0  aaa99975488a9885379aa99887977376aa2865a666445
108032 1 11 19 8 5 1 0 0 0  aaa99976588a9886479aa99887977375aa3846a565642
108082 1 11 19 10 1 2 0 0 0  aaa99975488a9885369aa99886976366aa2875a744775
108103 1 11 19 10 5 0 1 0 0  aaa99976588a9886429aa99885976553aa4876a763774
108107 1 11 19 10 5 2 1 0 0  aaa99976588a9886539aa99883976544aa4876a765772
108108 1 11 20 0 0 0 0 0 0  aaa99977588a9888479aa99886976376aa3657a545624
108110 1 11 20 0 0 1 0 0 0  aaa99977588a9888479aa99886976376aa3647a555642
108216 1 11 20 3 0 0 0 0 0  aaa99966588a9888479aa99887977377aa3665a455246
108293 1 11 20 5 0 2 1 0 0  aaa99977788a9888529aa99886976566aa5473a474653
108318 1 11 20 5 5 0 0 0 0  aaa99977788a9888629aa99885975653aa6474a376564
108326 1 11 20 6 0 1 0 0 0  aaa99966588a9888479aa99887977376aa3756a644552
108361 1 11 20 7 0 0 1 0 0  aaa99977788a9888729aa99886976465aa6557a364534
108391 1 11 20 7 5 0 1 0 0  aaa99977788a9888729aa99885975456aa4637a666534
108504 1 11 21 0 0 0 0 0 0  aaa99977588a9888879aa99486976376aa3657a545624
108506 1 11 21 0 0 1 0 0 0  aaa99977588a9888879aa99486976376aa3647a555642
108714 1 11 21 5 5 0 0 0 0  aaa99977788a9888829aa99685975653aa6474a376564
108722 1 11 21 6 0 1 0 0 0  aaa99966588a9888879aa99487977376aa3756a644552
108757 1 11 21 7 0 0 1 0 0  aaa99977788a9888829aa99786976465aa6557a364534
108787 1 11 21 7 5 0 1 0 0  aaa99977788a9888829aa99785975456aa4637a666534
108926 1 11 22 0 4 1 0 0 0  aaa99977578a9676489aa99388988876aa3657a644552
108932 1 11 22 0 5 1 0 0 0  aaa99977578a9674489aa99488988876aa3657a663552
109115 1 11 22 5 5 2 1 0 0  aaa99977728a9675489aa99488988836aa3675a676545
109118 1 11 22 6 0 1 0 0 0  aaa99966578a9777489aa99388988867aa3764a562554
109130 1 11 22 6 2 1 0 0 0  aaa99966678a9777489aa99388988857aa3765a652445
109142 1 11 22 6 4 1 0 0 0  aaa99965678a9777489aa99388988857aa3765a644625
109153 1 11 22 7 0 0 1 0 0  aaa99977728a9676489aa99788988866aa4557a353654
109155 1 11 22 7 0 1 1 0 0  aaa99977728a9676489aa99788988866aa4557a355634
109157 1 11 22 7 0 2 1 0 0  aaa99977728a9676489aa99788988866aa4537a555634
109277 1 11 22 10 2 2 1 0 0  aaa99966628a9765489aa99488988837aa3765a777545
109561 1 12 0 7 2 0 1 0 0  aaa99998828a9778799aa89886766465aa7675a534543
109562 1 12 0 7 2 1 0 0 0  aaa99998828a9778799aa89886766465aa7675a553443
109583 1 12 0 7 5 2 1 0 0  aaa99998828a9778799aa89886744465aa7666a555733
109657 1 12 0 10 0 0 1 0 0  aaa99998828a9768699aa89886765547aa6744a775533
109687 1 12 0 10 5 0 1 0 0  aaa99998838a9768399aa89885765457aa4762a774665
109698 1 12 1 0 1 0 0 0 0  aaa99997788a9877599aa89376664784aa8286a545536
109744 1 12 1 1 2 2 0 0 0  aaa99995488a9877799aa89376676387aa8285a656445
109810 1 12 1 3 1 2 0 0 0  aaa99995488a9866699aa89377677387aa8285a657445
109864 1 12 1 4 4 2 0 0 0  aaa99995488a9877799aa89377676386aa8685a652445
109870 1 12 1 4 5 2 0 0 0  aaa99995488a9877799aa89377675386aa8685a662445
110118 1 12 2 0 5 0 0 0 0  aaa99997788a9877599aa89475654786aa3688a663254
110138 1 12 2 1 2 1 0 0 0  aaa99995488a9877799aa89376676387aa2588a656445
110140 1 12 2 1 2 2 0 0 0  aaa99994588a9877799aa89576676587aa5488a646332
110162 1 12 2 2 0 1 0 0 0  aaa99997588a9877799aa89476576386aa3688a545624
110164 1 12 2 2 0 2 0 0 0  aaa99997588a9877799aa89576476586aa5688a433642
110172 1 12 2 2 2 0 0 0 0  aaa99997588a9877799aa89476676386aa3488a654552
110174 1 12 2 2 2 1 0 0 0  aaa99997588a9877799aa89476676386aa3588a655442
110182 1 12 2 2 3 2 0 0 0  aaa99997488a9877799aa89376576685aa3688a545624
110190 1 12 2 2 5 0 0 0 0  aaa99997588a9877799aa89474675486aa3688a663552
110192 1 12 2 2 5 1 0 0 0  aaa99997588a9877799aa89475675586aa3688a663442
110224 1 12 2 3 4 2 0 0 0  aaa99995788a9865499aa89377775386aa7688a662445
110258 1 12 2 4 4 1 0 0 0  aaa99995488a9877799aa89577676386aa3688a652445
110260 1 12 2 4 4 2 0 0 0  aaa99994588a9877799aa89577676586aa5688a644332
110264 1 12 2 4 5 1 0 0 0  aaa99995488a9877799aa89577675386aa3688a662445
110266 1 12 2 4 5 2 0 0 0  aaa99994588a9877799aa89577673586aa5688a662443
110292 1 12 2 5 4 0 0 0 0  aaa99997588a9877799aa89466676384aa6288a754553
110294 1 12 2 5 4 1 0 0 0  aaa99997488a9877799aa89366676385aa6588a752445
110424 1 12 2 9 2 0 0 0 0  aaa99996488a9866699aa89377777385aa7488a564525
110426 1 12 2 9 2 1 0 0 0  aaa99996488a9866699aa89377777385aa7588a562454
110430 1 12 2 9 3 0 0 0 0  aaa99996588a9866699aa89477777384aa7288a654553
110432 1 12 2 9 3 1 0 0 0  aaa99996488a9866699aa89377777385aa7588a652445
110438 1 12 2 9 4 1 0 0 0  aaa99995488a9865399aa89577777386aa7688a662445
110440 1 12 2 9 4 2 0 0 0  aaa99994588a9863599aa89577777586aa7688a662443
110509 1 12 3 0 4 0 1 0 0  aaa99997788a9877599aa89487636726aa4688a655534
110546 1 12 3 1 4 1 0 0 0  aaa99995488a9877799aa89587676376aa3688a652445
110548 1 12 3 1 4 2 0 0 0  aaa99994588a9877799aa89587676576aa5688a644332
110552 1 12 3 1 5 1 0 0 0  aaa99995488a9877799aa89587675376aa3688a662445
110554 1 12 3 1 5 2 0 0 0  aaa99994588a9877799aa89587673576aa5688a662443
110558 1 12 3 2 0 1 0 0 0  aaa99997588a9877799aa89487676366aa3588a545624
110560 1 12 3 2 0 2 0 0 0  aaa99997588a9877799aa89587676566aa5488a433642
110576 1 12 3 2 3 1 0 0 0  aaa99997488a9877799aa89387676656aa3588a545624
110604 1 12 3 3 2 0 0 0 0  aaa99996488a9866699aa89387777375aa7488a564525
110606 1 12 3 3 2 1 0 0 0  aaa99996488a9866699aa89387777375aa7588a562454
110610 1 12 3 3 3 0 0 0 0  aaa99996588a9866699aa89487777374aa7288a654553
110612 1 12 3 3 3 1 0 0 0  aaa99996488a9866699aa89387777375aa7588a652445
110618 1 12 3 3 4 1 0 0 0  aaa99995488a9865399aa89587777376aa7688a662445
110620 1 12 3 3 4 2 0 0 0  aaa99994588a9863599aa89587777576aa7688a662443
110654 1 12 3 4 4 1 0 0 0  aaa99995488a9877799aa89587775326aa6688a663445
110656 1 12 3 4 4 2 0 0 0  aaa99994588a9877799aa89587773526aa6688a665443
110670 1 12 3 5 1 0 0 0 0  aaa99997588a9877799aa89486676364aa6288a754553
110672 1 12 3 5 1 1 0 0 0  aaa99997488a9877799aa89386676365aa6588a752445
110694 1 12 3 5 5 0 0 0 0  aaa99997488a9877799aa89385675356aa2688a766445
110766 1 12 3 7 5 0 0 0 0  aaa99997488a9877799aa89785675356aa3688a662445
110780 1 12 3 8 1 1 0 0 0  aaa99995488a9866699aa89387777376aa2588a657445
110782 1 12 3 8 1 2 0 0 0  aaa99994588a9866699aa89587777576aa5488a647332
110856 1 12 3 10 2 0 0 0 0  aaa99996488a9866699aa89385756357aa2788a777454
110862 1 12 3 10 3 0 0 0 0  aaa99996488a9866699aa89385765357aa2788a777445
110922 1 12 4 1 1 0 0 0 0  aaa99996588a9877799aa89487676376aa3685a455842
110924 1 12 4 1 1 1 0 0 0  aaa99996588a9877799aa89487676376aa3684a555824
110942 1 12 4 1 4 1 0 0 0  aaa99995488a9877799aa89587676376aa3685a644825
110944 1 12 4 1 4 2 0 0 0  aaa99994588a9877799aa89587676576aa5683a644823
110948 1 12 4 1 5 1 0 0 0  aaa99995488a9877799aa89587674476aa3685a663825
110950 1 12 4 1 5 2 0 0 0  aaa99994588a9877799aa89587673576aa5683a664824
110954 1 12 4 2 0 1 0 0 0  aaa99997488a9877799aa89387676356aa6586a545824
110956 1 12 4 2 0 2 0 0 0  aaa99997588a9877799aa89587676546aa6486a435823
110972 1 12 4 2 3 1 0 0 0  aaa99997488a9877799aa89387676656aa3586a545824
110978 1 12 4 2 4 1 0 0 0  aaa99997588a9877799aa89487676346aa4685a653825
110984 1 12 4 2 5 1 0 0 0  aaa99997588a9877799aa89487675346aa4685a663825
111004 1 12 4 3 2 2 0 0 0  aaa99996488a9866699aa89387777375aa7586a545824
111050 1 12 4 4 4 1 0 0 0  aaa99995488a9877799aa89387774456aa6685a663825
111052 1 12 4 4 4 2 0 0 0  aaa99994588a9877799aa89587773546aa6684a665823
111090 1 12 4 5 5 0 0 0 0  aaa99997588a9877799aa89485674556aa3682a766834
111112 1 12 4 6 2 2 0 0 0  aaa99996488a9866699aa89387776775aa3587a545824
111162 1 12 4 7 5 0 0 0 0  aaa99997588a9877799aa89785674556aa4682a663834
111176 1 12 4 8 1 1 0 0 0  aaa99994488a9866699aa89587777476aa3285a657835
111178 1 12 4 8 1 2 0 0 0  aaa99994588a9866699aa89587777576aa5484a637823
111184 1 12 4 8 2 2 0 0 0  aaa99996588a9866699aa89587777574aa5386a437842
111220 1 12 4 9 2 2 0 0 0  aaa99996488a9866699aa89387777775aa3586a545824
111258 1 12 4 10 3 0 0 0 0  aaa99996588a9866699aa89485764557aa3782a777834
111340 1 12 5 1 4 2 0 0 0  aaa99995488a9877799aa89887676376aa3685a652445
111346 1 12 5 1 5 2 0 0 0  aaa99995488a9877799aa89887675376aa3685a662445
111374 1 12 5 2 4 1 0 0 0  aaa99997488a9877799aa89887676356aa3685a652445
111448 1 12 5 4 4 2 0 0 0  aaa99995488a9877799aa89887775326aa6685a663445
111574 1 12 5 8 1 2 0 0 0  aaa99995488a9866699aa89887777376aa3285a657445
111736 1 12 6 1 4 2 0 0 0  aaa99995488a9877799aa89387676376aa8685a652445
111742 1 12 6 1 5 2 0 0 0  aaa99995488a9877799aa89387675376aa8685a662445
111770 1 12 6 2 4 1 0 0 0  aaa99997488a9877799aa89387676356aa8685a652445
111772 1 12 6 2 4 2 0 0 0  aaa99997588a9877799aa89587676546aa8684a645332
111776 1 12 6 2 5 1 0 0 0  aaa99997488a9877799aa89387675356aa8685a662445
111778 1 12 6 2 5 2 0 0 0  aaa99997588a9877799aa89587674546aa8684a665332
111780 1 12 6 3 0 0 0 0 0  aaa99997488a9866399aa89387776756aa8587a652445
111832 1 12 6 4 2 2 0 0 0  aaa99995488a9877799aa89387775362aa8686a656445
111844 1 12 6 4 4 2 0 0 0  aaa99995488a9877799aa89387775366aa8285a666445
111850 1 12 6 4 5 2 0 0 0  aaa99995488a9877799aa89387775326aa8685a666445
111874 1 12 6 5 3 2 0 0 0  aaa99997588a9877799aa89586676564aa8484a736352
111916 1 12 6 6 4 2 0 0 0  aaa99995488a9865399aa89387775776aa8687a662445
111970 1 12 6 8 1 2 0 0 0  aaa99995488a9866699aa89387777376aa8285a657445
111972 1 12 6 8 2 0 0 0 0  aaa99996588a9866699aa89387777375aa8486a547452
111982 1 12 6 8 3 2 0 0 0  aaa99996588a9866699aa89587777574aa8484a637352
111988 1 12 6 8 4 2 0 0 0  aaa99995488a9865399aa89387777276aa8685a667445
111990 1 12 6 8 5 0 0 0 0  aaa99996588a9846499aa89487777375aa8286a567653
111992 1 12 6 8 5 1 0 0 0  aaa99996488a9846499aa89387777375aa8586a567652
112042 1 12 6 10 1 2 0 0 0  aaa99995488a9866699aa89386765327aa8785a777445
112141 1 12 7 2 0 0 1 0 0  aaa99998888a9886799aa29877766456aa7573a654543
112332 1 12 7 7 2 0 0 0 0  aaa99998888a9885599aa69877766644aa7275a674353
112333 1 12 7 7 2 0 1 0 0  aaa99998888a9885599aa69877766624aa7475a674353
112646 1 12 8 5 0 1 0 0 0  aaa99997488a9877799aa89388676356aa6576a545824
112648 1 12 8 5 0 2 0 0 0  aaa99997588a9877799aa89588676546aa6476a435823
112664 1 12 8 5 3 1 0 0 0  aaa99997488a9877799aa89388676656aa3576a545824
112670 1 12 8 5 4 1 0 0 0  aaa99997588a9877799aa89488676346aa4675a653825
112676 1 12 8 5 5 1 0 0 0  aaa99997588a9877799aa89488675346aa4675a663825
112717 1 12 8 7 0 0 1 0 0  aaa99997488a9877799aa89788676426aa6556a353854
112932 1 12 9 2 0 0 0 0 0  aaa99997588a9877799aa89487676326aa6856a545834
112934 1 12 9 2 0 1 0 0 0  aaa99997588a9877799aa89387676346aa6846a555842
113060 1 12 9 5 3 1 0 0 0  aaa99997588a9877799aa89486676365aa3874a655824
113070 1 12 9 5 5 0 0 0 0  aaa99997588a9877799aa89485674556aa3872a666834
113328 1 12 10 2 0 0 0 0 0  aaa99995888a9886699aa49887773675aa7626a574543
113440 1 12 10 5 0 2 0 0 0  aaa99994888a9886699aa59887773676aa4257a567354
113472 1 12 10 6 0 0 0 0 0  aaa99995888a9886699aa49887773775aa6627a564543
113725 1 12 11 2 0 0 1 0 0  aaa99996888a9888799aa29877766456aa7573a654543
113860 1 12 11 5 4 2 0 0 0  aaa99995888a9888399aa49877675647aa7647a663525
113905 1 12 11 7 0 0 1 0 0  aaa99996888a9888499aa39877766426aa7575a675534
113908 1 12 11 7 0 2 0 0 0  aaa99996888a9888599aa39877766546aa7274a675354
113992 1 12 11 9 2 2 0 0 0  aaa99995888a9888399aa49877777364aa7665a466525
114070 1 12 12 0 3 2 0 0 0  aaa99994888a9887799aa59876667462aa8753a567354
114078 1 12 12 0 5 0 0 0 0  aaa99994888a9887799aa69875467552aa8763a647653
114085 1 12 12 1 0 0 1 0 0  aaa99997888a9886699aa49877676327aa8545a573465
114121 1 12 12 2 0 0 1 0 0  aaa99994888a9886699aa59877676357aa8527a547463
114301 1 12 12 7 0 0 1 0 0  aaa99994888a9886699aa79877676357aa8527a543564
114569 1 12 13 3 2 2 1 0 0  aaa99995788a9838499aa89877775462aa7686a656534
114581 1 12 13 3 4 2 1 0 0  aaa99995788a9838499aa89877775466aa7285a666534
114587 1 12 13 3 5 2 1 0 0  aaa99995788a9838499aa89877775426aa7685a666534
114589 1 12 13 4 0 0 1 0 0  aaa99996788a9828799aa89877766456aa7583a654543
114697 1 12 13 7 0 0 1 0 0  aaa99996688a9838699aa89877766455aa7287a754534
114713 1 12 13 7 2 2 1 0 0  aaa99996588a9848599aa89877766633aa7287a765445
114730 1 12 13 7 5 2 0 0 0  aaa99996588a9838599aa89877736544aa7287a764656
114742 1 12 13 8 1 2 0 0 0  aaa99995488a9868699aa89877775326aa7687a653445
114746 1 12 13 8 2 1 0 0 0  aaa99995488a9868599aa89877775326aa7687a644635
114748 1 12 13 8 2 2 0 0 0  aaa99994588a9868599aa89877773526aa7687a635644
114890 1 12 14 1 2 1 0 0 0  aaa99995488a9884499aa69388778777aa3657a662565
114892 1 12 14 1 2 2 0 0 0  aaa99994588a9883599aa69588778777aa5647a662463
114998 1 12 14 4 2 1 0 0 0  aaa99995488a9885399aa69588778776aa3767a662445
115000 1 12 14 4 2 2 0 0 0  aaa99994588a9883599aa69588778776aa5767a662443
115036 1 12 14 5 2 2 0 0 0  aaa99995488a9885399aa79388778767aa2766a644565
115042 1 12 14 5 3 2 0 0 0  aaa99995488a9885399aa79388778767aa6766a652445
115048 1 12 14 5 4 2 0 0 0  aaa99995488a9885399aa79388778767aa2765a644665
115052 1 12 14 5 5 1 0 0 0  aaa99996588a9886499aa79388778747aa4756a563652
115070 1 12 14 6 2 1 0 0 0  aaa99995488a9885399aa69588768376aa2777a667445
115072 1 12 14 6 2 2 0 0 0  aaa99994588a9883599aa69588768576aa2777a667443
115142 1 12 14 8 2 1 0 0 0  aaa99995488a9885399aa69588768376aa7777a662445
115144 1 12 14 8 2 2 0 0 0  aaa99994588a9883599aa69588768576aa7777a662443
115148 1 12 14 8 3 1 0 0 0  aaa99996588a9884499aa69488758376aa7777a663552
115178 1 12 14 9 2 1 0 0 0  aaa99995488a9885399aa69588768767aa3766a772445
115180 1 12 14 9 2 2 0 0 0  aaa99994588a9883599aa69588768767aa5766a772443
115214 1 12 14 10 2 1 0 0 0  aaa99995488a9885399aa69588768367aa2766a777445
115216 1 12 14 10 2 2 0 0 0  aaa99994588a9883599aa69588768567aa2766a777443
115442 1 12 15 5 4 1 0 0 0  aaa99997488a9877799aa89888676356aa3675a652445
115637 1 12 16 0 0 2 1 0 0  aaa99997788a9877499aa89887665726aa6865a354534
116187 1 12 17 4 2 1 1 0 0  aaa99997488a9858599aa89887772466aa6357a663547
116199 1 12 17 4 4 1 1 0 0  aaa99997488a9858599aa89887773326aa6657a664547
116201 1 12 17 4 4 2 1 0 0  aaa99997488a9858499aa89887773326aa6657a664557
116205 1 12 17 4 5 1 1 0 0  aaa99997488a9858599aa89887772436aa3657a666547
116508 1 12 18 2 2 0 0 0 0  aaa99996588a9888499aa79388777377aa2666a455546
116618 1 12 18 5 2 1 0 0 0  aaa99995488a9888599aa79388777367aa2766a644565
116620 1 12 18 5 2 2 0 0 0  aaa99994588a9888599aa79588777567aa2766a644363
116624 1 12 18 5 3 1 0 0 0  aaa99995488a9888599aa79388777367aa6766a652445
116626 1 12 18 5 3 2 0 0 0  aaa99994588a9888599aa79588777567aa6766a644332
116630 1 12 18 5 4 1 0 0 0  aaa99995488a9888599aa79388777367aa2765a644665
116632 1 12 18 5 4 2 0 0 0  aaa99994588a9888599aa79588777567aa2763a644663
116636 1 12 18 5 5 1 0 0 0  aaa99996588a9888499aa79388777347aa4756a562656
116654 1 12 18 6 2 1 0 0 0  aaa99995488a9888599aa69388777767aa3766a652445
116656 1 12 18 6 2 2 0 0 0  aaa99994588a9888599aa69588777767aa5766a644332
116688 1 12 18 7 2 0 0 0 0  aaa99997688a9888699aa79588777257aa5654a636443
116690 1 12 18 7 2 1 0 0 0  aaa99997588a9888499aa79388777367aa2664a566554
116696 1 12 18 7 3 1 0 0 0  aaa99997588a9888499aa79388777367aa6664a562554
116762 1 12 18 9 2 1 0 0 0  aaa99995488a9888599aa69388765767aa3766a772445
116764 1 12 18 9 2 2 0 0 0  aaa99994588a9888599aa69588763767aa5766a772443
116837 1 12 19 0 2 2 1 0 0  aaa99997788a9885499aa69887667627aa7865a354534
116855 1 12 19 0 5 2 1 0 0  aaa99997788a9885499aa69887367427aa7865a653645
116938 1 12 19 3 1 2 0 0 0  aaa99995688a9885399aa49887777376aa7844a662565
116944 1 12 19 3 2 2 0 0 0  aaa99995488a9885399aa69887777376aa7865a662445
116978 1 12 19 4 2 1 0 0 0  aaa99997488a9887399aa59887774466aa6857a663525
116990 1 12 19 4 4 1 0 0 0  aaa99997488a9887399aa59887774466aa3857a666525
117016 1 12 19 5 2 2 0 0 0  aaa99995488a9885399aa69887775376aa2867a667445
117028 1 12 19 5 4 2 0 0 0  aaa99995488a9885399aa69887774476aa3867a657625
117052 1 12 19 6 2 2 0 0 0  aaa99995488a9885399aa69887775776aa3867a662445
117082 1 12 19 7 1 2 0 0 0  aaa99995488a9885399aa79887775376aa2866a676445
117088 1 12 19 7 2 2 0 0 0  aaa99995488a9885399aa79887774476aa3865a676625
117100 1 12 19 7 4 2 0 0 0  aaa99995488a9885399aa79887774476aa3865a672665
117104 1 12 19 7 5 1 0 0 0  aaa99996588a9886499aa79887776375aa3846a575642
117124 1 12 19 8 2 2 0 0 0  aaa99995488a9885399aa69887777376aa2865a667445
117160 1 12 19 9 2 2 0 0 0  aaa99995488a9885399aa69887777776aa3865a662445
117389 1 12 20 4 4 2 1 0 0  aaa99997488a9888499aa59887773326aa6657a664557
117771 1 12 21 4 2 1 1 0 0  aaa99997488a9888899aa59587772466aa6357a663547
117783 1 12 21 4 4 1 1 0 0  aaa99997488a9888899aa59587773326aa6657a664547
117785 1 12 21 4 4 2 1 0 0  aaa99997488a9888899aa59487773326aa6657a664557
117789 1 12 21 4 5 1 1 0 0  aaa99997488a9888899aa59587772436aa3657a666547
118013 1 12 22 0 0 2 1 0 0  aaa99997728a9767699aa79788888865aa3564a556434
118039 1 12 22 0 5 0 1 0 0  aaa99997728a9757599aa79788888846aa5644a666533
118238 1 12 22 6 2 1 0 0 0  aaa99995478a9777599aa69388888867aa3766a652445
118240 1 12 22 6 2 2 0 0 0  aaa99994578a9777599aa69588888867aa5766a644332
118383 1 12 22 10 2 1 1 0 0  aaa99995568a9766499aa29488888837aa3765a777564
118423 1 13 0 0 3 0 1 0 0  aaa99988478a9786479aa98887966627aa7565a533945
118442 1 13 0 1 0 1 0 0 0  aaa99988478a9787379aa98887966375aa2665a455946
118444 1 13 0 1 0 2 0 0 0  aaa99988578a9787579aa98887966574aa5662a433946
118464 1 13 0 1 4 0 0 0 0  aaa99988578a9787479aa98887954576aa6652a663934
118470 1 13 0 1 5 0 0 0 0  aaa99988578a9787479aa98887954576aa3652a666934
118476 1 13 0 2 0 0 0 0 0  aaa99988578a9787479aa98887966367aa3565a465942
118478 1 13 0 2 0 1 0 0 0  aaa99988578a9787479aa98887966367aa3564a565924
118596 1 13 0 5 2 0 0 0 0  aaa99988578a9787479aa98886964667aa3756a525934
118602 1 13 0 5 3 0 0 0 0  aaa99988578a9787479aa98886966367aa3745a655942
118604 1 13 0 5 3 1 0 0 0  aaa99988578a9787479aa98886966367aa3745a652945
118620 1 13 0 6 0 0 0 0 0  aaa99988578a9787729aa98886965567aa6745a634943
118621 1 13 0 6 0 0 1 0 0  aaa99988578a9787729aa98886965567aa6733a654944
118668 1 13 0 7 2 0 0 0 0  aaa99988578a9787479aa98886966367aa3657a545924
118670 1 13 0 7 2 1 0 0 0  aaa99988578a9787479aa98886966367aa3647a555942
118674 1 13 0 7 3 0 0 0 0  aaa99988578a9787479aa98886966367aa3557a645924
118676 1 13 0 7 3 1 0 0 0  aaa99988578a9787479aa98886966367aa3547a655942
118729 1 13 0 9 0 0 1 0 0  aaa99988478a9686479aa98887977726aa6556a353954
118777 1 13 0 10 2 0 1 0 0  aaa99988468a9786639aa98885956357aa4726a777954
118810 1 13 1 0 1 2 0 0 0  aaa99988887a9785489aa95387966627aa7675a644935
118813 1 13 1 0 2 0 1 0 0  aaa99988887a9786489aa96487966627aa7575a533945
118886 1 13 1 2 2 1 0 0 0  aaa99988887a9787489aa96387966657aa3576a545924
118960 1 13 1 4 2 2 0 0 0  aaa99988887a9787489aa96387966675aa3576a545924
119052 1 13 1 7 0 0 0 0 0  aaa99988887a9787589aa97487966367aa3565a465942
119054 1 13 1 7 0 1 0 0 0  aaa99988887a9787589aa97487966367aa3564a565924
119160 1 13 1 10 0 0 0 0 0  aaa99988886a9786589aa96486954567aa3752a777934
119396 1 13 2 5 3 1 0 0 0  aaa99988878a9787489aa95786966367aa3755a644925
119587 1 13 2 10 5 0 1 0 0  aaa99988838a9786489aa96385956457aa4726a777956
119611 1 13 3 0 3 0 1 0 0  aaa99988878a9786479aa98487966627aa7565a533945
119630 1 13 3 1 0 1 0 0 0  aaa99988878a9787479aa98387966375aa2665a455946
119632 1 13 3 1 0 2 0 0 0  aaa99988878a9787579aa98587966574aa5662a433946
119652 1 13 3 1 4 0 0 0 0  aaa99988878a9787579aa98487954576aa6652a663934
119658 1 13 3 1 5 0 0 0 0  aaa99988878a9787579aa98487954576aa3652a666934
119664 1 13 3 2 0 0 0 0 0  aaa99988878a9787579aa98487966367aa3565a465942
119666 1 13 3 2 0 1 0 0 0  aaa99988878a9787579aa98487966367aa3564a565924
119856 1 13 3 7 2 0 0 0 0  aaa99988878a9787579aa98486966367aa3657a545924
119858 1 13 3 7 2 1 0 0 0  aaa99988878a9787579aa98486966367aa3647a555942
119862 1 13 3 7 3 0 0 0 0  aaa99988878a9787579aa98486966367aa3557a645924
119864 1 13 3 7 3 1 0 0 0  aaa99988878a9787579aa98486966367aa3547a655942
119917 1 13 3 9 0 0 1 0 0  aaa99988878a9686479aa98487977726aa6556a353954
119989 1 13 4 0 0 0 1 0 0  aaa99988878a9887579aa98476965562aa6737a654934
119994 1 13 4 0 1 0 0 0 0  aaa99988878a9887579aa98476966366aa3757a545924
119996 1 13 4 0 1 1 0 0 0  aaa99988878a9887579aa98476966366aa3747a555942
120173 1 13 4 5 0 2 1 0 0  aaa99988878a9887779aa98566942536aa5367a476945
120191 1 13 4 5 3 2 1 0 0  aaa99988878a9887779aa98566962533aa6647a475945
120245 1 13 4 7 0 2 1 0 0  aaa99988878a9887779aa98566942536aa7367a465945
120263 1 13 4 7 3 2 1 0 0  aaa99988878a9887779aa98466936426aa7567a555934
120265 1 13 4 7 4 0 1 0 0  aaa99988878a9887779aa98466966426aa7557a353954
120457 1 13 5 2 0 0 1 0 0  aaa99988877a9887239aa98776986365aa6545a467945
120459 1 13 5 2 0 1 1 0 0  aaa99988877a9887429aa98776986465aa6555a367934
120460 1 13 5 2 0 2 0 0 0  aaa99988877a9887529aa98776986564aa6434a367955
120529 1 13 5 4 0 0 1 0 0  aaa99988877a9887439aa98766985326aa7565a567944
120565 1 13 5 5 0 0 1 0 0  aaa99988877a9887629aa98777986665aa5536a444935
120566 1 13 5 5 0 1 0 0 0  aaa99988877a9887629aa98777986665aa5546a534943
120567 1 13 5 5 0 1 1 0 0  aaa99988877a9887629aa98777986665aa5546a453943
120569 1 13 5 5 0 2 1 0 0  aaa99988877a9887629aa98777986665aa4536a554934
120637 1 13 5 7 0 0 1 0 0  aaa99988877a9887429aa98776986465aa6557a363954
120639 1 13 5 7 0 1 1 0 0  aaa99988877a9887429aa98776986465aa6557a365934
120641 1 13 5 7 0 2 1 0 0  aaa99988877a9887429aa98776986465aa6537a565934
120715 1 13 5 9 1 0 1 0 0  aaa99988827a9886779aa98477987466aa6556a353954
120717 1 13 5 9 1 1 1 0 0  aaa99988827a9886779aa98477987466aa6556a355934
120719 1 13 5 9 1 2 1 0 0  aaa99988827a9886779aa98477987466aa6536a555934
120924 1 13 6 4 0 0 0 0 0  aaa99988877a9887389aa98766955346aa7465a467952
121207 1 13 7 0 5 0 1 0 0  aaa99958888a9887779aa98425957476aa7635a666934
121429 1 13 7 7 0 0 1 0 0  aaa99958888a9886679aa98777966357aa6574a543924
121434 1 13 7 7 1 0 0 0 0  aaa99948888a9885579aa98777966627aa5675a634943
121435 1 13 7 7 1 0 1 0 0  aaa99928888a9885579aa98777966637aa5673a654944
121437 1 13 7 7 1 1 1 0 0  aaa99938888a9885579aa98777966627aa4675a654934
121577 1 13 8 0 0 2 1 0 0  aaa99988877a9886649aa98774948675aa3566a557932
121603 1 13 8 0 5 0 1 0 0  aaa99988877a9883659aa98775948675aa6543a427966
121613 1 13 8 1 0 2 1 0 0  aaa99988877a9887529aa98766948576aa7363a465945
121716 1 13 8 4 0 0 0 0 0  aaa99988877a9887529aa98766958536aa7364a567944
121829 1 13 8 7 0 2 1 0 0  aaa99988877a9887429aa98776968465aa6537a655934
121855 1 13 8 7 5 0 1 0 0  aaa99988877a9887439aa98775958356aa4627a666954
121919 1 13 8 9 3 2 1 0 0  aaa99988827a9887579aa98577978566aa6463a464953
121998 1 13 9 0 5 0 0 0 0  aaa99988877a9886429aa98775956874aa4536a367956
121999 1 13 9 0 5 0 1 0 0  aaa99988877a9886549aa98774946875aa5536a367926
122003 1 13 9 0 5 2 1 0 0  aaa99988877a9884359aa98775955876aa3624a666974
122005 1 13 9 1 0 0 1 0 0  aaa99988877a9887429aa98766955876aa7365a563944
122045 1 13 9 2 0 2 1 0 0  aaa99988877a9887539aa98776963862aa5444a667955
122046 1 13 9 2 1 0 0 0 0  aaa99988877a9887469aa98776965866aa2545a537943
122112 1 13 9 4 0 0 0 0 0  aaa99988877a9887329aa98766955846aa7465a467953
122116 1 13 9 4 0 2 0 0 0  aaa99988877a9887249aa98764965863aa7645a357965
122117 1 13 9 4 0 2 1 0 0  aaa99988877a9887349aa98764964865aa7526a557963
122137 1 13 9 4 4 0 1 0 0  aaa99988877a9887469aa98766965836aa7535a527944
122148 1 13 9 5 0 0 0 0 0  aaa99988877a9887529aa98777966865aa5564a364934
122149 1 13 9 5 0 0 1 0 0  aaa99988877a9887529aa98777966865aa5363a564944
122172 1 13 9 5 4 0 0 0 0  aaa99988877a9887439aa98777953864aa6666a554925
122299 1 13 9 9 1 0 1 0 0  aaa99988827a9887479aa98477976866aa6556a353954
122301 1 13 9 9 1 1 1 0 0  aaa99988827a9887479aa98477976866aa6556a355934
122303 1 13 9 9 1 2 1 0 0  aaa99988827a9887479aa98477976866aa6536a555934
122305 1 13 9 9 2 0 1 0 0  aaa99988827a9887479aa98477975866aa6366a553954
122317 1 13 9 9 4 0 1 0 0  aaa99988827a9887479aa98477975863aa6666a553954
122326 1 13 9 9 5 2 0 0 0  aaa99988827a9887579aa98577973846aa5643a666945
122558 1 13 10 5 2 1 0 0 0  aaa99968588a9885479aa98787974476aa3765a663925
122560 1 13 10 5 2 2 0 0 0  aaa99968588a9884579aa98787973576aa5763a664924
122592 1 13 10 6 2 0 0 0 0  aaa99968588a9884479aa98487977376aa3755a662965
122594 1 13 10 6 2 1 0 0 0  aaa99968588a9885579aa98587977476aa3764a663924
122600 1 13 10 6 3 1 0 0 0  aaa99968588a9885479aa98387977376aa6745a662945
122606 1 13 10 6 4 1 0 0 0  aaa99968588a9885479aa98387977376aa2745a666945
122672 1 13 10 8 3 1 0 0 0  aaa99968588a9884479aa98787977476aa3666a555932
122708 1 13 10 9 3 1 0 0 0  aaa99968588a9884479aa98487977776aa3666a555932
122725 1 13 10 10 0 0 1 0 0  aaa99968788a9884739aa98786963766aa7554a257954
122727 1 13 10 10 0 1 1 0 0  aaa99968788a9884729aa98786964766aa7555a337954
122728 1 13 10 10 0 2 0 0 0  aaa99968788a9885729aa98786965766aa7345a357944
122729 1 13 10 10 0 2 1 0 0  aaa99968788a9885729aa98786965766aa7435a447935
122759 1 13 10 10 5 2 1 0 0  aaa99958788a9884729aa98786954763aa7666a537954
122941 1 13 11 5 0 0 1 0 0  aaa99966888a9888379aa97877964657aa7526a543954
122959 1 13 11 5 3 0 1 0 0  aaa99964888a9888379aa97877966657aa7526a543954
123007 1 13 11 6 5 0 1 0 0  aaa99956888a9888479aa96877976427aa7556a365934
123161 1 13 12 0 0 2 1 0 0  aaa99978788a9887779aa98566973526aa5468a464953
123169 1 13 12 0 2 0 1 0 0  aaa99978788a9887779aa98466976426aa6558a353954
123176 1 13 12 0 3 1 0 0 0  aaa99978788a9887779aa98466976356aa3568a545924
123229 1 13 12 2 0 0 1 0 0  aaa99958788a9886679aa98777966427aa6558a354934
123415 1 13 12 7 1 0 1 0 0  aaa99938588a9885579aa98777966627aa4678a654934
123428 1 13 12 7 3 1 0 0 0  aaa99968488a9886379aa98777966657aa3578a545924
123631 1 13 13 2 1 0 1 0 0  aaa99938588a9885579aa98877966627aa4675a674934
123703 1 13 13 4 1 0 1 0 0  aaa99938588a9885579aa98877966667aa4265a774934
123718 1 13 13 4 3 2 0 0 0  aaa99968588a9886579aa98877966647aa5343a775942
123738 1 13 13 5 1 0 0 0 0  aaa99948588a9885579aa98877966627aa7675a634943
123739 1 13 13 5 1 0 1 0 0  aaa99928588a9885579aa98877966637aa7673a654944
123741 1 13 13 5 1 1 1 0 0  aaa99938488a9885579aa98877966627aa7675a654934
123751 1 13 13 5 3 0 1 0 0  aaa99968488a9886479aa98877966627aa7575a533945
123829 1 13 13 7 4 0 1 0 0  aaa99978588a9885529aa98877975467aa4637a666934
123834 1 13 13 7 5 0 0 0 0  aaa99978688a9884649aa98877974657aa6527a536953
123835 1 13 13 7 5 0 1 0 0  aaa99978688a9884639aa98877973657aa6527a546954
123998 1 13 14 1 2 1 0 0 0  aaa99977788a9886469aa96688948477aa3576a553952
124138 1 13 14 5 1 2 0 0 0  aaa99977788a9887469aa96688978365aa3576a545924
124152 1 13 14 5 4 0 0 0 0  aaa99977788a9887549aa95588978426aa6675a664933
124154 1 13 14 5 4 1 0 0 0  aaa99977788a9887559aa95588978346aa6674a663924
124157 1 13 14 5 4 2 1 0 0  aaa99977788a9887539aa94588978326aa6674a665954
124163 1 13 14 5 5 2 1 0 0  aaa99977788a9887529aa94588978536aa3674a666954
124178 1 13 14 6 2 1 0 0 0  aaa99976588a9886469aa96688978375aa3777a545924
124180 1 13 14 6 2 2 0 0 0  aaa99976588a9886569aa96688978574aa5777a433942
124190 1 13 14 6 4 1 0 0 0  aaa99976588a9884459aa95588978476aa3777a666932
124207 1 13 14 7 1 0 1 0 0  aaa99977788a9887429aa96788978466aa6556a353954
124209 1 13 14 7 1 1 1 0 0  aaa99977788a9887429aa96788978466aa6556a355934
124211 1 13 14 7 1 2 1 0 0  aaa99977788a9887429aa96788978466aa6536a555934
124250 1 13 14 8 2 1 0 0 0  aaa99976488a9886369aa96688948475aa7777a553952
124301 1 13 14 9 4 2 1 0 0  aaa99976688a9886529aa96588948537aa3746a777945
124351 1 13 15 0 1 0 1 0 0  aaa99988877a9686629aa98776984575aa5638a547934
124357 1 13 15 0 2 0 1 0 0  aaa99988877a9686629aa98775985476aa4658a357934
124438 1 13 15 2 3 2 0 0 0  aaa99988877a9786469aa98776986365aa3528a545974
124457 1 13 15 3 0 2 1 0 0  aaa99988877a9787539aa98766983526aa7468a464955
124477 1 13 15 3 4 0 1 0 0  aaa99988877a9787469aa98766986426aa7558a353954
124589 1 13 15 6 4 2 1 0 0  aaa99988877a9787549aa98577984436aa6638a665952
124595 1 13 15 6 5 2 1 0 0  aaa99988877a9787549aa98577984436aa5638a666952
124627 1 13 15 7 5 0 1 0 0  aaa99988877a9784639aa98775983655aa6728a546964
124633 1 13 15 8 0 0 1 0 0  aaa99988877a9787429aa98776986465aa6558a363954
124635 1 13 15 8 0 1 1 0 0  aaa99988877a9787429aa98776986465aa6558a365934
124637 1 13 15 8 0 2 1 0 0  aaa99988877a9787429aa98776986465aa6538a565934
124739 1 13 15 10 5 2 1 0 0  aaa99988847a9684479aa98577987736aa5638a665952
124747 1 13 16 0 1 0 1 0 0  aaa99988877a9686629aa98776985473aa8655a537944
124753 1 13 16 0 2 0 1 0 0  aaa99988877a9686629aa98775984576aa8654a347935
124849 1 13 16 3 0 0 1 0 0  aaa99988877a9787439aa98766985326aa8565a564974
125029 1 13 16 8 0 0 1 0 0  aaa99988877a9787239aa98776986366aa8455a454956
125113 1 13 16 10 2 0 1 0 0  aaa99988867a9686479aa98477987726aa8655a533945
125244 1 13 17 3 0 0 0 0 0  aaa99966588a9886479aa98887977377aa3665a455942
125246 1 13 17 3 0 1 0 0 0  aaa99966588a9886479aa98887977377aa3664a555924
125347 1 13 17 5 5 0 1 0 0  aaa99977788a9887439aa98885975356aa4672a666945
125352 1 13 17 6 0 0 0 0 0  aaa99966588a9886479aa98887977376aa3745a655942
125354 1 13 17 6 0 1 0 0 0  aaa99966588a9886479aa98887977376aa3745a652945
125389 1 13 17 7 0 0 1 0 0  aaa99977788a9887239aa98886976366aa7455a454956
125570 1 13 18 1 0 1 0 0 0  aaa99977788a9888569aa96488964477aa3576a655932
125656 1 13 18 3 2 2 0 0 0  aaa99966688a9888479aa96388977775aa3576a545924
125678 1 13 18 4 0 1 0 0 0  aaa99977788a9888569aa96488964475aa3776a655932
125722 1 13 18 5 1 2 0 0 0  aaa99977788a9888469aa97388976665aa3576a545924
125738 1 13 18 5 4 1 0 0 0  aaa99977788a9888559aa97388975546aa6674a663924
125741 1 13 18 5 4 2 1 0 0  aaa99977788a9888549aa97588974436aa6673a665952
125747 1 13 18 5 5 2 1 0 0  aaa99977788a9888529aa97588974536aa3674a666954
125774 1 13 18 6 4 1 0 0 0  aaa99975488a9888379aa94488977756aa6675a663925
125776 1 13 18 6 4 2 0 0 0  aaa99974588a9888579aa93588977746aa6674a665923
126139 1 13 19 5 5 0 1 0 0  aaa99977788a9887629aa98685974655aa6874a546933
126143 1 13 19 5 5 2 1 0 0  aaa99977788a9887649aa98684974635aa6873a555962
126181 1 13 19 7 0 0 1 0 0  aaa99977788a9887429aa98786976463aa6855a563945
126184 1 13 19 7 0 2 0 0 0  aaa99977788a9887529aa98786976563aa6844a365954
126185 1 13 19 7 0 2 1 0 0  aaa99977788a9887529aa98786976564aa6833a464955
126210 1 13 19 7 5 0 0 0 0  aaa99977788a9887629aa98785975653aa6844a356964
126211 1 13 19 7 5 0 1 0 0  aaa99977788a9887629aa98785975654aa6833a446965
126216 1 13 19 8 0 0 0 0 0  aaa99966588a9886479aa98787977376aa3845a655942
126218 1 13 19 8 0 1 0 0 0  aaa99966588a9886479aa98787977376aa3845a652945
126252 1 13 19 9 0 0 0 0 0  aaa99966588a9886479aa98387977776aa3845a655942
126254 1 13 19 9 0 1 0 0 0  aaa99966588a9886479aa98387977776aa3845a652945
126324 1 13 20 0 0 0 0 0 0  aaa99977588a9888479aa96886976376aa3657a545924
126326 1 13 20 0 0 1 0 0 0  aaa99977588a9888479aa96886976376aa3647a555942
126330 1 13 20 0 1 0 0 0 0  aaa99977588a9888479aa94886976676aa3657a525934
126348 1 13 20 0 4 0 0 0 0  aaa99977588a9888479aa94885972576aa6657a663934
126354 1 13 20 0 5 0 0 0 0  aaa99977588a9888479aa94885972576aa3657a666934
126397 1 13 20 2 0 0 1 0 0  aaa99977788a9888629aa97887976665aa5536a444935
126398 1 13 20 2 0 1 0 0 0  aaa99977788a9888629aa97887976665aa5546a534943
126399 1 13 20 2 0 1 1 0 0  aaa99977788a9888629aa97887976665aa5546a453943
126401 1 13 20 2 0 2 1 0 0  aaa99977788a9888629aa97887976665aa4536a554934
126535 1 13 20 5 5 0 1 0 0  aaa99977788a9888439aa97885975356aa4672a666945
126540 1 13 20 6 0 0 0 0 0  aaa99966588a9888479aa96887977376aa3745a655942
126542 1 13 20 6 0 1 0 0 0  aaa99966588a9888479aa96887977376aa3745a652945
126548 1 13 20 6 1 1 0 0 0  aaa99966688a9888479aa95887977376aa3755a644925
126577 1 13 20 7 0 0 1 0 0  aaa99977788a9888739aa97886976365aa6545a462945
126579 1 13 20 7 0 1 1 0 0  aaa99977788a9888729aa97886976465aa6555a364934
126721 1 13 21 0 0 0 1 0 0  aaa99977688a9888829aa97787976665aa5536a444935
126722 1 13 21 0 0 1 0 0 0  aaa99977688a9888829aa97787976665aa5546a534943
126723 1 13 21 0 0 1 1 0 0  aaa99977688a9888829aa97787976665aa5546a453943
126725 1 13 21 0 0 2 1 0 0  aaa99977688a9888829aa97787976665aa4536a554934
126936 1 13 21 6 0 0 0 0 0  aaa99966588a9888879aa96487977376aa3745a655942
126938 1 13 21 6 0 1 0 0 0  aaa99966588a9888879aa96487977376aa3745a652945
127117 1 13 22 0 0 0 1 0 0  aaa99977628a9776689aa97788988865aa5536a444935
127118 1 13 22 0 0 1 0 0 0  aaa99977628a9776689aa97788988865aa5546a534943
127119 1 13 22 0 0 1 1 0 0  aaa99977628a9776689aa97788988865aa5546a453943
127121 1 13 22 0 0 2 1 0 0  aaa99977628a9776689aa97788988865aa4536a554934
127153 1 13 22 1 0 0 1 0 0  aaa99977768a9776389aa94688988857aa6526a543954
127331 1 13 22 5 5 2 1 0 0  aaa99977728a9674589aa97588988836aa3674a665954
127332 1 13 22 6 0 0 0 0 0  aaa99966578a9777489aa96388988867aa3765a455942
127334 1 13 22 6 0 1 0 0 0  aaa99966578a9777489aa96388988867aa3764a555924
127381 1 13 22 7 2 0 1 0 0  aaa99977768a9676489aa97488988826aa7655a533945
127493 1 13 22 10 2 2 1 0 0  aaa99966628a9765489aa95488988837aa3765a777945
127972 1 14 1 1 4 2 0 0 0  aaa99995488a9877799aa85372679687aa8685a663445
128008 1 14 1 2 4 2 0 0 0  aaa99997488a9877799aa85372679686aa8685a653445
128048 1 14 1 3 5 1 0 0 0  aaa99996488a9846499aa86377579787aa8586a573652
128086 1 14 1 4 5 2 0 0 0  aaa99995488a9877799aa85377679386aa8685a662445
128152 1 14 1 6 4 2 0 0 0  aaa99995488a9865399aa85377679786aa8787a662445
128224 1 14 1 8 4 2 0 0 0  aaa99995488a9865399aa85377679787aa8687a662445
128260 1 14 1 9 4 2 0 0 0  aaa99995488a9865399aa85377779786aa8687a662445
128300 1 14 1 10 5 1 0 0 0  aaa99996488a9846499aa86355759387aa8786a777652
128329 1 14 2 0 4 0 1 0 0  aaa99997788a9877599aa85572669786aa4688a364534
128330 1 14 2 0 4 1 0 0 0  aaa99997788a9877599aa84472669786aa4688a563553
128366 1 14 2 1 4 1 0 0 0  aaa99995488a9877799aa85372679687aa5688a663445
128368 1 14 2 1 4 2 0 0 0  aaa99994588a9877799aa83572679687aa5688a665443
128402 1 14 2 2 4 1 0 0 0  aaa99997588a9877799aa85472679686aa3688a653445
128404 1 14 2 2 4 2 0 0 0  aaa99997588a9877799aa84572679686aa5688a635443
128440 1 14 2 3 4 2 0 0 0  aaa99995788a9865499aa85377779386aa7688a662445
128476 1 14 2 4 4 2 0 0 0  aaa99995488a9877799aa85377679686aa3688a652445
128480 1 14 2 4 5 1 0 0 0  aaa99995488a9877799aa85377679586aa3688a662445
128482 1 14 2 4 5 2 0 0 0  aaa99994588a9877799aa83577679586aa5688a662443
128489 1 14 2 5 0 2 1 0 0  aaa99997688a9877799aa86633679584aa5488a764255
128528 1 14 2 6 1 1 0 0 0  aaa99995488a9866699aa85377779586aa3288a677445
128530 1 14 2 6 1 2 0 0 0  aaa99994588a9866699aa83577779586aa5288a677443
128546 1 14 2 6 4 1 0 0 0  aaa99995488a9865399aa84477779586aa3288a677665
128548 1 14 2 6 4 2 0 0 0  aaa99994588a9863599aa83577779586aa4288a677664
128604 1 14 2 8 2 0 0 0 0  aaa99996488a9866699aa86377779385aa7488a574525
128606 1 14 2 8 2 1 0 0 0  aaa99996488a9866699aa86377779385aa7588a572454
128620 1 14 2 8 4 2 0 0 0  aaa99995488a9865399aa85377779286aa7688a676445
128624 1 14 2 8 5 1 0 0 0  aaa99996488a9846499aa86377779385aa7588a572656
128656 1 14 2 9 4 2 0 0 0  aaa99995488a9865399aa85377779786aa2688a676445
128692 1 14 2 10 4 2 0 0 0  aaa99995488a9865399aa85366769687aa2788a777445
128725 1 14 3 0 4 0 1 0 0  aaa99997788a9877599aa85587669726aa4688a364534
128731 1 14 3 0 5 0 1 0 0  aaa99997788a9877599aa85587639726aa4688a664534
128764 1 14 3 1 4 2 0 0 0  aaa99995488a9877799aa85387679676aa3688a652445
128768 1 14 3 1 5 1 0 0 0  aaa99995488a9877799aa85387679576aa3688a662445
128770 1 14 3 1 5 2 0 0 0  aaa99994588a9877799aa83587679576aa5688a662443
128830 1 14 3 3 3 2 0 0 0  aaa99997588a9866699aa86587779744aa5288a674353
128831 1 14 3 3 3 2 1 0 0  aaa99997588a9866699aa86587779724aa5488a674353
128838 1 14 3 3 5 0 0 0 0  aaa99997688a9855699aa84687779733aa6288a576445
128839 1 14 3 3 5 0 1 0 0  aaa99997688a9855699aa85687779724aa6488a476353
128842 1 14 3 3 5 2 0 0 0  aaa99997688a9835699aa85687779744aa6288a476535
128870 1 14 3 4 4 1 0 0 0  aaa99995488a9877799aa85387779526aa6688a663445
128872 1 14 3 4 4 2 0 0 0  aaa99994588a9877799aa83587779526aa6688a665443
128890 1 14 3 5 1 2 0 0 0  aaa99997588a9877799aa86586679644aa5288a764353
128891 1 14 3 5 1 2 1 0 0  aaa99997588a9877799aa86586679624aa5488a764353
129016 1 14 3 8 4 2 0 0 0  aaa99995488a9865399aa85387779776aa2688a676445
129036 1 14 3 9 2 0 0 0 0  aaa99996488a9866699aa86385759757aa3788a772454
129072 1 14 3 10 2 0 0 0 0  aaa99996488a9866699aa86385759357aa2788a777454
129121 1 14 4 0 4 0 1 0 0  aaa99997788a9877599aa85587669726aa4685a364834
129127 1 14 4 0 5 0 1 0 0  aaa99997788a9877599aa85587639726aa4685a664834
129144 1 14 4 1 2 0 0 0 0  aaa99996588a9877799aa86487679376aa3585a465842
129146 1 14 4 1 2 1 0 0 0  aaa99996588a9877799aa86487679376aa3584a565824
129160 1 14 4 1 4 2 0 0 0  aaa99995488a9877799aa85387679676aa3685a644825
129164 1 14 4 1 5 1 0 0 0  aaa99995488a9877799aa84487679576aa3685a663825
129166 1 14 4 1 5 2 0 0 0  aaa99994588a9877799aa83587679576aa5683a664824
129178 1 14 4 2 1 2 0 0 0  aaa99997488a9877799aa86387579366aa6586a545824
129200 1 14 4 2 5 1 0 0 0  aaa99997588a9877799aa85487679346aa4685a663825
129206 1 14 4 3 0 1 0 0 0  aaa99997588a9866499aa86387779746aa4587a655832
129228 1 14 4 3 4 0 0 0 0  aaa99997588a9845599aa85487779726aa6687a663843
129230 1 14 4 3 4 1 0 0 0  aaa99997588a9855599aa84487779726aa6687a664833
129266 1 14 4 4 4 1 0 0 0  aaa99995488a9877799aa84487779356aa6685a663825
129268 1 14 4 4 4 2 0 0 0  aaa99994588a9877799aa83587779546aa6684a665823
129328 1 14 4 6 2 2 0 0 0  aaa99996488a9866699aa86387779775aa3587a545824
129434 1 14 4 9 2 1 0 0 0  aaa99996488a9866699aa86385749757aa5785a773842
129556 1 14 5 1 4 2 0 0 0  aaa99995488a9877799aa88387679676aa3685a652445
129560 1 14 5 1 5 1 0 0 0  aaa99995488a9877799aa88587679376aa3685a662445
129562 1 14 5 1 5 2 0 0 0  aaa99994588a9877799aa88587679576aa5683a662443
129574 1 14 5 2 1 2 0 0 0  aaa99997488a9877799aa88387579366aa6586a545624
129590 1 14 5 2 4 1 0 0 0  aaa99997488a9877799aa88387679656aa3685a652445
129596 1 14 5 2 5 1 0 0 0  aaa99997588a9877799aa88487679346aa4685a663525
129662 1 14 5 4 4 1 0 0 0  aaa99995488a9877799aa88387779356aa6685a662445
129664 1 14 5 4 4 2 0 0 0  aaa99994588a9877799aa88587779546aa6684a665332
129672 1 14 5 5 0 0 0 0 0  aaa99997488a9877799aa88386679365aa6585a762445
129828 1 14 5 9 2 0 0 0 0  aaa99996488a9866699aa88385759757aa3786a772454
129864 1 14 5 10 2 0 0 0 0  aaa99996488a9866699aa88385759357aa2786a777454
129958 1 14 6 1 5 2 0 0 0  aaa99995488a9877799aa85387679376aa8685a662445
129988 1 14 6 2 4 2 0 0 0  aaa99997488a9877799aa85387679626aa8685a653445
129992 1 14 6 2 5 1 0 0 0  aaa99997488a9877799aa85387679356aa8685a662445
129994 1 14 6 2 5 2 0 0 0  aaa99997588a9877799aa84587679546aa8684a665332
129996 1 14 6 3 0 0 0 0 0  aaa99997488a9866399aa86387779756aa8587a652445
130048 1 14 6 4 2 2 0 0 0  aaa99995488a9877799aa85387779362aa8686a656445
130060 1 14 6 4 4 2 0 0 0  aaa99995488a9877799aa85387779366aa8285a666445
130066 1 14 6 4 5 2 0 0 0  aaa99995488a9877799aa85387779326aa8685a666445
130132 1 14 6 6 4 2 0 0 0  aaa99995488a9865399aa85387779776aa8687a662445
130208 1 14 6 8 5 1 0 0 0  aaa99996488a9846499aa86387779775aa8586a573652
130222 1 14 6 9 1 2 0 0 0  aaa99995488a9866699aa85386769727aa8785a773445
130234 1 14 6 9 3 2 0 0 0  aaa99996588a9866699aa84584769727aa8784a775353
130240 1 14 6 9 4 2 0 0 0  aaa99995488a9865399aa84486769727aa8785a773665
130242 1 14 6 9 5 0 0 0 0  aaa99996488a9846499aa86385759757aa8786a773652
130244 1 14 6 9 5 1 0 0 0  aaa99996588a9856599aa86584749747aa8786a773632
130258 1 14 6 10 1 2 0 0 0  aaa99995488a9866699aa85386769327aa8785a777445
130276 1 14 6 10 4 2 0 0 0  aaa99995488a9865399aa84486769327aa8785a777665
130333 1 14 7 1 2 0 1 0 0  aaa99998888a9887799aa58577749562aa7663a566443
130406 1 14 7 3 2 1 0 0 0  aaa99998888a9884799aa58477779365aa7662a566534
130408 1 14 7 3 2 2 0 0 0  aaa99998888a9885799aa48477779362aa7665a466535
130444 1 14 7 4 2 2 0 0 0  aaa99998888a9884799aa58777759462aa7663a566354
130524 1 14 7 6 4 0 0 0 0  aaa99998888a9885599aa48477749726aa6677a665533
130543 1 14 7 7 1 0 1 0 0  aaa99998888a9885599aa68577739462aa7676a674534
130870 1 14 8 5 1 2 0 0 0  aaa99997488a9877799aa86388579366aa6576a545824
130892 1 14 8 5 5 1 0 0 0  aaa99997588a9877799aa85488679346aa4675a663825
131128 1 14 9 1 2 2 0 0 0  aaa99995488a9877799aa85387679376aa2865a644865
131134 1 14 9 1 3 2 0 0 0  aaa99995488a9877799aa85387679676aa3865a644825
131186 1 14 9 3 0 1 0 0 0  aaa99997588a9866499aa86387779765aa3867a545824
131188 1 14 9 3 0 2 0 0 0  aaa99997588a9866599aa86587779764aa5867a433842
131208 1 14 9 3 4 0 0 0 0  aaa99997488a9855399aa84487779766aa3857a666825
131282 1 14 9 5 4 1 0 0 0  aaa99997588a9877799aa85486679346aa4875a663825
131564 1 14 10 2 3 1 0 0 0  aaa99998588a9884499aa68487779376aa7666a573552
131606 1 14 10 3 4 1 0 0 0  aaa99998488a9887399aa58387779756aa6657a662454
131608 1 14 10 3 4 2 0 0 0  aaa99998588a9887599aa48587779746aa6647a665332
131622 1 14 10 4 1 0 0 0 0  aaa99998588a9887399aa68387779266aa6467a455547
131624 1 14 10 4 1 1 0 0 0  aaa99998488a9887399aa68387779266aa6567a455547
131642 1 14 10 4 4 1 0 0 0  aaa99998488a9887399aa48487779356aa6657a662557
131644 1 14 10 4 4 2 0 0 0  aaa99998588a9887599aa48587779546aa6647a662337
131656 1 14 10 5 0 2 0 0 0  aaa99998688a9886699aa58487779376aa3257a567454
131732 1 14 10 7 1 1 0 0 0  aaa99998588a9884499aa78487779376aa6666a573552
131738 1 14 10 7 2 1 0 0 0  aaa99998588a9884499aa78487779376aa3666a576552
131744 1 14 10 7 3 1 0 0 0  aaa99998588a9885499aa78387779376aa2666a474565
131750 1 14 10 7 4 1 0 0 0  aaa99998588a9884499aa78487779376aa3656a676552
131780 1 14 10 8 3 1 0 0 0  aaa99998588a9884499aa68487779776aa3666a573552
131804 1 14 10 9 1 1 0 0 0  aaa99998588a9884499aa68487669776aa3777a563552
131916 1 14 11 1 2 0 0 0 0  aaa99994888a9888499aa73877759565aa7663a566274
131951 1 14 11 2 1 2 1 0 0  aaa99995888a9888799aa65877739462aa7676a654534
132074 1 14 11 5 4 1 0 0 0  aaa99994888a9888499aa52877679657aa7657a663534
132076 1 14 11 5 4 2 0 0 0  aaa99995888a9888399aa45877679647aa7647a663525
132080 1 14 11 5 5 1 0 0 0  aaa99994888a9888499aa52877679357aa7657a666534
132082 1 14 11 5 5 2 0 0 0  aaa99995888a9888399aa45877679347aa7647a666525
132095 1 14 11 6 1 2 1 0 0  aaa99995888a9888499aa65877739766aa6277a654534
132110 1 14 11 6 4 1 0 0 0  aaa99995888a9888499aa54877759726aa6677a663534
132112 1 14 11 6 4 2 0 0 0  aaa99993888a9888599aa44877749726aa6677a665355
132134 1 14 11 7 2 1 0 0 0  aaa99995888a9888499aa54877759362aa7676a676534
132136 1 14 11 7 2 2 0 0 0  aaa99995888a9888399aa45877749462aa7676a676535
132146 1 14 11 7 4 1 0 0 0  aaa99995888a9888499aa54877759326aa7676a676534
132148 1 14 11 7 4 2 0 0 0  aaa99995888a9888399aa45877749426aa7676a676535
132150 1 14 11 7 5 0 0 0 0  aaa99995888a9888499aa63877769255aa7475a674663
132152 1 14 11 7 5 1 0 0 0  aaa99995888a9888499aa63877769254aa7575a674663
132170 1 14 11 8 2 1 0 0 0  aaa99994888a9888499aa52877779365aa7667a566534
132172 1 14 11 8 2 2 0 0 0  aaa99995888a9888399aa45877779364aa7667a466525
132174 1 14 11 8 3 0 0 0 0  aaa99995888a9888499aa64877779365aa7667a563524
132182 1 14 11 8 4 1 0 0 0  aaa99994888a9888499aa52877779366aa7557a666534
132184 1 14 11 8 4 2 0 0 0  aaa99995888a9888399aa45877779366aa7447a666525
132188 1 14 11 8 5 1 0 0 0  aaa99994888a9888499aa52877779356aa7657a666534
132190 1 14 11 8 5 2 0 0 0  aaa99995888a9888399aa45877779346aa7647a666525
132218 1 14 11 9 4 1 0 0 0  aaa99994888a9888499aa52877779756aa6657a663534
132220 1 14 11 9 4 2 0 0 0  aaa99995888a9888399aa45877779746aa6647a663525
132248 1 14 11 10 3 1 0 0 0  aaa99994888a9888499aa52866769357aa6756a777534
132250 1 14 11 10 3 2 0 0 0  aaa99995888a9888399aa45866769347aa6746a777525
132258 1 14 11 10 5 0 0 0 0  aaa99994888a9888599aa63854769557aa2764a777663
132277 1 14 12 0 2 0 1 0 0  aaa99998488a9887799aa78766769426aa6558a375534
132316 1 14 12 1 2 2 0 0 0  aaa99998488a9887799aa58377759362aa7668a566454
132328 1 14 12 1 4 2 0 0 0  aaa99998488a9887799aa58377759366aa7258a666454
132334 1 14 12 1 5 2 0 0 0  aaa99998488a9887799aa58377759326aa7658a666454
132350 1 14 12 2 2 1 0 0 0  aaa99998788a9885499aa68577769326aa7678a653445
132352 1 14 12 2 2 2 0 0 0  aaa99998788a9884599aa68577769526aa7678a635443
132355 1 14 12 2 3 0 1 0 0  aaa99998788a9885599aa68577739466aa7278a664534
132421 1 14 12 4 2 0 1 0 0  aaa99998788a9883799aa58577749562aa7668a566443
132433 1 14 12 4 4 0 1 0 0  aaa99998788a9883799aa58577749566aa7258a666443
132439 1 14 12 4 5 0 1 0 0  aaa99998788a9883799aa58577749526aa7658a666443
132509 1 14 12 6 4 2 1 0 0  aaa99998588a9883599aa68677779544aa4268a677653
132519 1 14 12 7 0 1 1 0 0  aaa99998688a9886699aa68477739455aa7278a575634
132521 1 14 12 7 0 2 1 0 0  aaa99998688a9886699aa68477739425aa7578a575634
132523 1 14 12 7 1 0 1 0 0  aaa99998588a9885599aa68677739426aa7678a674534
132524 1 14 12 7 1 1 0 0 0  aaa99998588a9884499aa68677759426aa7678a673553
132528 1 14 12 7 2 0 0 0 0  aaa99998588a9885599aa68477749426aa7678a673563
132530 1 14 12 7 2 1 0 0 0  aaa99998588a9885599aa68577769426aa7678a673443
132535 1 14 12 7 3 0 1 0 0  aaa99998588a9885599aa68477739466aa7278a676534
132536 1 14 12 7 3 1 0 0 0  aaa99998588a9884499aa68477759366aa7278a676553
132541 1 14 12 7 4 0 1 0 0  aaa99998588a9885599aa68477739426aa7678a676534
132542 1 14 12 7 4 1 0 0 0  aaa99998588a9884499aa68477759326aa7678a676553
132625 1 14 12 10 0 0 1 0 0  aaa99998688a9886699aa68455739427aa5758a777634
132688 1 14 13 0 4 2 0 0 0  aaa99998488a9887799aa58862759776aa3657a663454
132820 1 14 13 4 2 2 0 0 0  aaa99998788a9884799aa58877759462aa7663a566354
132900 1 14 13 6 4 0 0 0 0  aaa99998488a9885599aa58877749726aa6677a663543
132902 1 14 13 6 4 1 0 0 0  aaa99998488a9884499aa58877759726aa6677a663535
132919 1 14 13 7 1 0 1 0 0  aaa99998588a9885599aa68877739462aa7676a674534
133216 1 14 14 4 2 2 0 0 0  aaa99995488a9885399aa77788629876aa3775a644665
133264 1 14 14 5 4 2 0 0 0  aaa99997488a9885399aa77788679826aa6675a653445
133524 1 14 15 2 0 0 0 0 0  aaa99997588a9877799aa88388779366aa2565a465464
133642 1 14 15 5 1 2 0 0 0  aaa99997488a9877799aa88388579366aa6576a545624
133658 1 14 15 5 4 1 0 0 0  aaa99997488a9877799aa88388679656aa3675a652445
133664 1 14 15 5 5 1 0 0 0  aaa99997588a9877799aa88488679346aa4675a663525
133898 1 14 16 1 2 1 0 0 0  aaa99995488a9877799aa88587679376aa3865a644625
133900 1 14 16 1 2 2 0 0 0  aaa99994588a9877799aa88587679576aa5863a644623
133906 1 14 16 1 3 2 0 0 0  aaa99995488a9877799aa88387679676aa3865a652445
133958 1 14 16 3 0 1 0 0 0  aaa99997588a9866499aa88387779765aa3867a565442
134054 1 14 16 5 4 1 0 0 0  aaa99997588a9877799aa88486679346aa4875a663525
134245 1 14 17 0 0 0 1 0 0  aaa99997788a9886699aa58883749772aa6637a565445
134249 1 14 17 0 0 2 1 0 0  aaa99997788a9886699aa58882759774aa6657a464533
134388 1 14 17 4 0 0 0 0 0  aaa99997588a9887499aa68887779366aa3567a562454
134390 1 14 17 4 0 1 0 0 0  aaa99997588a9887499aa68887779366aa3567a565442
134402 1 14 17 4 2 1 0 0 0  aaa99997488a9887399aa58887779366aa6557a662454
134414 1 14 17 4 4 1 0 0 0  aaa99997488a9887399aa58887779356aa6657a662454
134416 1 14 17 4 4 2 0 0 0  aaa99997588a9887599aa48887779546aa6647a665332
134420 1 14 17 4 5 1 0 0 0  aaa99997488a9887399aa58887779356aa2657a666454
134712 1 14 18 2 0 0 0 0 0  aaa99997588a9888399aa77788779366aa2565a465464
134830 1 14 18 5 1 2 0 0 0  aaa99997488a9888399aa77788579366aa6576a545624
134846 1 14 18 5 4 1 0 0 0  aaa99997488a9888399aa77788679656aa3675a652445
134852 1 14 18 5 5 1 0 0 0  aaa99997588a9888499aa77788679346aa4675a663525
135041 1 14 19 0 0 2 1 0 0  aaa99997788a9886699aa78787359626aa4857a563544
135088 1 14 19 1 2 2 0 0 0  aaa99995788a9885499aa68387779376aa7865a662445
135124 1 14 19 2 2 2 0 0 0  aaa99995488a9885399aa68387779276aa7865a676445
135194 1 14 19 4 2 1 0 0 0  aaa99997588a9887499aa58387779366aa6857a662454
135196 1 14 19 4 2 2 0 0 0  aaa99997588a9887599aa48587779566aa6837a662434
135200 1 14 19 4 3 1 0 0 0  aaa99997588a9887499aa58387779366aa6867a562454
135202 1 14 19 4 3 2 0 0 0  aaa99997588a9887599aa48587779566aa6867a464332
135206 1 14 19 4 4 1 0 0 0  aaa99997588a9887499aa58387779366aa2857a666454
135208 1 14 19 4 4 2 0 0 0  aaa99997588a9887599aa48587779566aa2837a666434
135210 1 14 19 4 5 0 0 0 0  aaa99997588a9887499aa68387779355aa2867a645664
135212 1 14 19 4 5 1 0 0 0  aaa99997588a9887499aa68387779355aa5867a644662
135230 1 14 19 5 2 1 0 0 0  aaa99995488a9885399aa68587779376aa2867a667445
135232 1 14 19 5 2 2 0 0 0  aaa99994588a9883599aa68587779576aa2867a667443
135266 1 14 19 6 2 1 0 0 0  aaa99995488a9885399aa68587779776aa3867a662445
135268 1 14 19 6 2 2 0 0 0  aaa99994588a9883599aa68587779776aa5867a662443
135296 1 14 19 7 1 1 0 0 0  aaa99995488a9885399aa78587779376aa2866a676445
135298 1 14 19 7 1 2 0 0 0  aaa99994588a9883599aa78587779576aa2866a676443
135302 1 14 19 7 2 1 0 0 0  aaa99995488a9884499aa78587779376aa3865a676625
135304 1 14 19 7 2 2 0 0 0  aaa99994588a9883599aa78587779576aa4863a676624
135310 1 14 19 7 3 2 0 0 0  aaa99995688a9885499aa78387779376aa2865a676445
135314 1 14 19 7 4 1 0 0 0  aaa99995488a9884499aa78587779376aa3865a672665
135316 1 14 19 7 4 2 0 0 0  aaa99994588a9883599aa78587779576aa4863a672664
135320 1 14 19 7 5 1 0 0 0  aaa99996588a9886499aa78387779375aa2846a575646
135340 1 14 19 8 2 2 0 0 0  aaa99995488a9885399aa68387779776aa2865a676445
135374 1 14 19 9 2 1 0 0 0  aaa99995488a9885399aa68587769367aa2866a777445
135376 1 14 19 9 2 2 0 0 0  aaa99994588a9883599aa68587769567aa2866a777443
135512 1 14 20 2 1 1 0 0 0  aaa99994688a9888499aa52887779375aa7666a576534
135514 1 14 20 2 1 2 0 0 0  aaa99995688a9888399aa45887779374aa7666a476525
135576 1 14 20 4 0 0 0 0 0  aaa99997588a9888499aa67887779366aa3567a562454
135578 1 14 20 4 0 1 0 0 0  aaa99997588a9888499aa67887779366aa3567a565442
135590 1 14 20 4 2 1 0 0 0  aaa99997488a9888399aa57887779366aa6557a662454
135602 1 14 20 4 4 1 0 0 0  aaa99997488a9888399aa57887779356aa6657a662454
135604 1 14 20 4 4 2 0 0 0  aaa99997588a9888599aa47887779546aa6647a665332
135608 1 14 20 4 5 1 0 0 0  aaa99997488a9888399aa57887779356aa2657a666454
136081 1 14 21 7 0 0 1 0 0  aaa99997488a9888899aa77786679426aa7565a533645
136352 1 14 22 3 3 1 0 0 0  aaa99994777a9877499aa52766869358aa6856a888534
136354 1 14 22 3 3 2 0 0 0  aaa99995777a9877399aa45766869348aa6846a888525
136362 1 14 22 3 5 0 0 0 0  aaa99994777a9877599aa63754869558aa2864a888663
136369 1 14 22 4 0 0 1 0 0  aaa99997677a9876699aa67455839428aa5857a888634
136483 1 14 22 7 1 0 1 0 0  aaa99996577a9875599aa37476869628aa4876a888534
136498 1 14 22 7 3 2 0 0 0  aaa99995477a9875399aa67376869668aa2875a888445
136590 1 14 22 10 1 0 0 0 0  aaa99994666a9876599aa73654879558aa2874a888773
136649 1 15 0 0 4 2 1 0 0  aaa99988528a9787599aa98883779376aa6647a665445
136655 1 15 0 0 5 2 1 0 0  aaa99988528a9787599aa98883779376aa5647a666445
136700 1 15 0 2 1 1 0 0 0  aaa99988478a9787399aa98885779366aa6567a545624
136764 1 15 0 4 0 0 0 0 0  aaa99988578a9787399aa98887779366aa2565a465464
136808 1 15 0 5 1 1 0 0 0  aaa99988478a9787399aa98886769657aa3657a562454
136890 1 15 0 7 3 0 0 0 0  aaa99988728a9787799aa98886769665aa5547a643453
136891 1 15 0 7 3 0 1 0 0  aaa99988728a9787799aa98886769665aa5547a633445
136903 1 15 0 7 5 0 1 0 0  aaa99988728a9787799aa98885759456aa4637a666534
136975 1 15 0 9 5 0 1 0 0  aaa99988528a9685599aa98887639776aa4777a664534
136980 1 15 0 10 0 0 0 0 0  aaa99988628a9786699aa98886759547aa4756a775343
136981 1 15 0 10 0 0 1 0 0  aaa99988628a9786699aa98886759537aa5736a774544
136983 1 15 0 10 0 1 1 0 0  aaa99988628a9786699aa98886759537aa3756a774544
136985 1 15 0 10 0 2 1 0 0  aaa99988628a9786699aa98886759437aa3756a774554
136992 1 15 0 10 2 0 0 0 0  aaa99988568a9786699aa98885749557aa4726a773643
137005 1 15 0 10 4 0 1 0 0  aaa99988528a9785599aa98886739667aa4766a774534
137030 1 15 1 0 2 1 0 0 0  aaa99988878a9784599aa97486779386aa3667a562554
137268 1 15 1 7 0 0 0 0 0  aaa99988878a9787599aa94786769486aa3657a525634
137405 1 15 1 10 4 2 1 0 0  aaa99988828a9786599aa94583769387aa5764a775664
137410 1 15 1 10 5 2 0 0 0  aaa99988828a9786599aa96583749587aa5736a774646
137411 1 15 1 10 5 2 1 0 0  aaa99988828a9786599aa96584749487aa5736a775636
137498 1 15 2 2 2 1 0 0 0  aaa99988878a9787499aa94788759365aa7662a566534
137500 1 15 2 2 2 2 0 0 0  aaa99988878a9787399aa95788749462aa7665a466535
137752 1 15 2 9 2 2 0 0 0  aaa99988878a9785499aa95388769367aa2766a744565
137758 1 15 2 9 3 2 0 0 0  aaa99988878a9785499aa95388769367aa6766a752445
137764 1 15 2 9 4 2 0 0 0  aaa99988878a9785499aa95388769367aa2765a744665
137768 1 15 2 9 5 1 0 0 0  aaa99988878a9786599aa96488759347aa4756a763652
137803 1 15 2 10 5 0 1 0 0  aaa99988828a9786599aa96488759537aa3756a774646
137807 1 15 2 10 5 2 1 0 0  aaa99988828a9786599aa96588749537aa3746a775646
137953 1 15 3 4 0 0 1 0 0  aaa99988878a9787399aa98786659756aa7564a543624
138180 1 15 3 10 2 0 0 0 0  aaa99988868a9786699aa98585749557aa4726a773643
138385 1 15 4 5 0 0 1 0 0  aaa99988878a9887799aa98466559726aa4567a376534
138397 1 15 4 5 2 0 1 0 0  aaa99988878a9887799aa98466569726aa6557a374534
138435 1 15 4 6 2 1 1 0 0  aaa99988868a9886699aa98477739755aa5277a564634
138437 1 15 4 6 2 2 1 0 0  aaa99988868a9886699aa98477739725aa4577a565634
138445 1 15 4 6 4 0 1 0 0  aaa99988858a9885499aa98577739726aa6677a664534
138447 1 15 4 6 4 1 1 0 0  aaa99988858a9885599aa98477739726aa6677a664534
138448 1 15 4 6 4 2 0 0 0  aaa99988848a9884599aa98577739726aa6677a665354
138449 1 15 4 6 4 2 1 0 0  aaa99988838a9883599aa98577749726aa6677a665445
138451 1 15 4 6 5 0 1 0 0  aaa99988858a9885499aa98577739726aa4677a666534
138453 1 15 4 6 5 1 1 0 0  aaa99988858a9885599aa98477739726aa4677a666534
138454 1 15 4 6 5 2 0 0 0  aaa99988848a9884599aa98577739726aa5677a666354
138455 1 15 4 6 5 2 1 0 0  aaa99988838a9883599aa98577749726aa5677a666445
138471 1 15 4 7 2 1 1 0 0  aaa99988868a9886699aa98477739455aa7276a575634
138473 1 15 4 7 2 2 1 0 0  aaa99988868a9886699aa98477739425aa7576a575634
138481 1 15 4 7 4 0 1 0 0  aaa99988858a9885499aa98577739426aa7676a676534
138483 1 15 4 7 4 1 1 0 0  aaa99988858a9885599aa98477739426aa7676a676534
138484 1 15 4 7 4 2 0 0 0  aaa99988848a9884599aa98577739526aa7676a676354
138485 1 15 4 7 4 2 1 0 0  aaa99988838a9883599aa98577749526aa7676a676445
138486 1 15 4 7 5 0 0 0 0  aaa99988848a9884699aa98677739655aa7275a576364
138487 1 15 4 7 5 0 1 0 0  aaa99988838a9883699aa98677749655aa7275a476465
138488 1 15 4 7 5 1 0 0 0  aaa99988848a9884699aa98677739652aa7575a576364
138489 1 15 4 7 5 1 1 0 0  aaa99988838a9883699aa98677749652aa7575a476465
138490 1 15 4 7 5 2 0 0 0  aaa99988828a9885699aa98677749634aa7375a476565
138491 1 15 4 7 5 2 1 0 0  aaa99988838a9883699aa98677759642aa7474a576556
138499 1 15 4 8 1 0 1 0 0  aaa99988868a9886699aa98477779426aa7557a365534
138577 1 15 4 10 2 0 1 0 0  aaa99988868a9886699aa98455739427aa5756a777634
138990 1 15 5 10 5 0 0 0 0  aaa99988825a9885699aa98653789637aa6745a777464
138997 1 15 6 0 0 0 1 0 0  aaa99988887a9786699aa94678659355aa7778a563424
139064 1 15 6 1 5 1 0 0 0  aaa99988887a9787599aa94478659476aa3678a663552
139262 1 15 6 7 2 1 0 0 0  aaa99988887a9787499aa97378669656aa3758a562454
139274 1 15 6 7 4 1 0 0 0  aaa99988887a9787499aa97378659656aa3758a662454
139289 1 15 6 8 0 2 1 0 0  aaa99988887a9787799aa96678359626aa4758a563544
139358 1 15 6 10 0 1 0 0 0  aaa99988886a9786599aa96468759367aa3758a772454
139360 1 15 6 10 0 2 0 0 0  aaa99988886a9786599aa96568749567aa5738a772434
139420 1 15 7 0 4 2 0 0 0  aaa99958888a9887799aa98462759776aa3657a663454
139516 1 15 7 3 2 2 0 0 0  aaa99948888a9885799aa98377779364aa7665a466525
139552 1 15 7 4 2 2 0 0 0  aaa99958888a9884799aa98777759462aa7663a566354
139632 1 15 7 6 4 0 0 0 0  aaa99958888a9885599aa98477749726aa6677a663543
139634 1 15 7 6 4 1 0 0 0  aaa99958888a9884499aa98477759726aa6677a663535
139651 1 15 7 7 1 0 1 0 0  aaa99968888a9885599aa98577739462aa7676a674534
139867 1 15 8 2 1 0 1 0 0  aaa99988878a9787499aa98766769426aa7558a365534
139933 1 15 8 4 0 0 1 0 0  aaa99988878a9787499aa98766559726aa7568a364534
139939 1 15 8 4 1 0 1 0 0  aaa99988878a9787499aa98766569726aa7558a364534
139951 1 15 8 4 3 0 1 0 0  aaa99988878a9787499aa98762669765aa7558a364534
139966 1 15 8 4 5 2 0 0 0  aaa99988878a9787599aa98743649746aa7638a665255
140053 1 15 8 7 2 0 1 0 0  aaa99988878a9787499aa98766769426aa6558a353754
140071 1 15 8 7 5 0 1 0 0  aaa99988878a9787499aa98755739426aa5658a666734
140089 1 15 8 8 2 0 1 0 0  aaa99988878a9787799aa98466769426aa6558a353754
140107 1 15 8 8 5 0 1 0 0  aaa99988878a9787799aa98455739426aa5658a666734
140149 1 15 8 10 0 0 1 0 0  aaa99988868a9786499aa98655739627aa5758a774634
140154 1 15 8 10 1 0 0 0 0  aaa99988868a9786699aa98554769557aa3748a773642
140164 1 15 8 10 2 2 0 0 0  aaa99988868a9786699aa98543749647aa6738a775255
140167 1 15 8 10 3 0 1 0 0  aaa99988868a9786699aa98455739627aa5758a774634
140177 1 15 8 10 4 2 1 0 0  aaa99988848a9784499aa98566769637aa5738a775652
140179 1 15 8 10 5 0 1 0 0  aaa99988828a9784699aa98653759657aa6738a776454
140181 1 15 8 10 5 1 1 0 0  aaa99988828a9784699aa98655759637aa6738a776454
140183 1 15 8 10 5 2 1 0 0  aaa99988838a9783699aa98642759647aa4758a776556
140652 1 15 10 2 0 0 0 0 0  aaa99968688a9885699aa98487779375aa7664a573524
140672 1 15 10 2 3 1 0 0 0  aaa99968588a9884499aa98487779376aa7666a573552
140714 1 15 10 3 4 1 0 0 0  aaa99958488a9887399aa98387779756aa6657a662454
140716 1 15 10 3 4 2 0 0 0  aaa99948588a9887599aa98587779746aa6647a665332
140730 1 15 10 4 1 0 0 0 0  aaa99968588a9887399aa98387779266aa6467a455547
140732 1 15 10 4 1 1 0 0 0  aaa99968488a9887399aa98387779266aa6567a455547
140750 1 15 10 4 4 1 0 0 0  aaa99948488a9887499aa98387779356aa6657a662557
140752 1 15 10 4 4 2 0 0 0  aaa99948588a9887599aa98587779546aa6647a662337
140840 1 15 10 7 1 1 0 0 0  aaa99978588a9884499aa98487779376aa6666a573552
140846 1 15 10 7 2 1 0 0 0  aaa99978588a9884499aa98487779376aa3666a576552
140852 1 15 10 7 3 1 0 0 0  aaa99978588a9885499aa98387779376aa2666a474565
140858 1 15 10 7 4 1 0 0 0  aaa99978588a9884499aa98487779376aa3656a676552
140888 1 15 10 8 3 1 0 0 0  aaa99968588a9884499aa98487779776aa3666a573552
140912 1 15 10 9 1 1 0 0 0  aaa99968588a9884499aa98487669776aa3777a563552
141024 1 15 11 1 2 0 0 0 0  aaa99974888a9888499aa93877759565aa7663a566274
141059 1 15 11 2 1 2 1 0 0  aaa99965888a9888799aa95877739462aa7676a654534
141182 1 15 11 5 4 1 0 0 0  aaa99954888a9888499aa92877679657aa7657a663534
141184 1 15 11 5 4 2 0 0 0  aaa99945888a9888399aa95877679647aa7647a663525
141188 1 15 11 5 5 1 0 0 0  aaa99954888a9888499aa92877679357aa7657a666534
141190 1 15 11 5 5 2 0 0 0  aaa99945888a9888399aa95877679347aa7647a666525
141203 1 15 11 6 1 2 1 0 0  aaa99965888a9888499aa95877739766aa6277a654534
141218 1 15 11 6 4 1 0 0 0  aaa99954888a9888499aa95877759726aa6677a663534
141220 1 15 11 6 4 2 0 0 0  aaa99944888a9888599aa93877749726aa6677a665355
141242 1 15 11 7 2 1 0 0 0  aaa99954888a9888499aa95877759362aa7676a676534
141244 1 15 11 7 2 2 0 0 0  aaa99945888a9888399aa95877749462aa7676a676535
141254 1 15 11 7 4 1 0 0 0  aaa99954888a9888499aa95877759326aa7676a676534
141256 1 15 11 7 4 2 0 0 0  aaa99945888a9888399aa95877749426aa7676a676535
141258 1 15 11 7 5 0 0 0 0  aaa99965888a9888499aa93877769255aa7475a674663
141260 1 15 11 7 5 1 0 0 0  aaa99965888a9888499aa93877769254aa7575a674663
141278 1 15 11 8 2 1 0 0 0  aaa99954888a9888499aa92877779365aa7667a566534
141280 1 15 11 8 2 2 0 0 0  aaa99945888a9888399aa95877779364aa7667a466525
141282 1 15 11 8 3 0 0 0 0  aaa99965888a9888499aa94877779365aa7667a563524
141290 1 15 11 8 4 1 0 0 0  aaa99954888a9888499aa92877779366aa7557a666534
141292 1 15 11 8 4 2 0 0 0  aaa99945888a9888399aa95877779366aa7447a666525
141296 1 15 11 8 5 1 0 0 0  aaa99954888a9888499aa92877779356aa7657a666534
141298 1 15 11 8 5 2 0 0 0  aaa99945888a9888399aa95877779346aa7647a666525
141326 1 15 11 9 4 1 0 0 0  aaa99954888a9888499aa92877779756aa6657a663534
141328 1 15 11 9 4 2 0 0 0  aaa99945888a9888399aa95877779746aa6647a663525
141356 1 15 11 10 3 1 0 0 0  aaa99954888a9888499aa92866769357aa6756a777534
141358 1 15 11 10 3 2 0 0 0  aaa99945888a9888399aa95866769347aa6746a777525
141366 1 15 11 10 5 0 0 0 0  aaa99964888a9888599aa93854769557aa2764a777663
141458 1 15 12 2 2 1 0 0 0  aaa99968788a9885499aa98577769326aa7678a653445
141460 1 15 12 2 2 2 0 0 0  aaa99968788a9884599aa98577769526aa7678a635443
141463 1 15 12 2 3 0 1 0 0  aaa99968788a9885599aa98577739466aa7278a664534
141617 1 15 12 6 4 2 1 0 0  aaa99968688a9883599aa98577779544aa4268a677653
141631 1 15 12 7 1 0 1 0 0  aaa99968688a9885599aa98577739426aa7678a674534
141632 1 15 12 7 1 1 0 0 0  aaa99968688a9884599aa98477759326aa7678a673554
141636 1 15 12 7 2 0 0 0 0  aaa99968588a9885599aa98477749426aa7678a673563
141638 1 15 12 7 2 1 0 0 0  aaa99968588a9885599aa98577769426aa7678a673443
141643 1 15 12 7 3 0 1 0 0  aaa99968588a9885599aa98477739466aa7278a676534
141644 1 15 12 7 3 1 0 0 0  aaa99968588a9884499aa98477759366aa7278a676553
141649 1 15 12 7 4 0 1 0 0  aaa99968588a9885599aa98477739426aa7678a676534
141650 1 15 12 7 4 1 0 0 0  aaa99968588a9884499aa98477759326aa7678a676553
141928 1 15 13 4 2 2 0 0 0  aaa99958788a9884799aa98877759462aa7663a566354
142027 1 15 13 7 1 0 1 0 0  aaa99968588a9885599aa98877739462aa7676a674534
142324 1 15 14 4 2 2 0 0 0  aaa99977788a9885499aa95388629876aa3775a644665
142372 1 15 14 5 4 2 0 0 0  aaa99977788a9887499aa95388679826aa6675a653445
142597 1 15 15 1 0 0 1 0 0  aaa99988877a9786699aa98755389676aa7548a563442
142786 1 15 15 6 1 2 0 0 0  aaa99988877a9787499aa98377589366aa6568a545624
142808 1 15 15 6 5 1 0 0 0  aaa99988877a9787599aa98477689346aa4658a663552
142934 1 15 15 10 2 1 0 0 0  aaa99988866a9786599aa98466789347aa4758a773552
142950 1 15 15 10 5 0 0 0 0  aaa99988825a9785699aa98653789637aa6748a776544
142954 1 15 15 10 5 2 0 0 0  aaa99988845a9784699aa98655789537aa6738a776462
142955 1 15 15 10 5 2 1 0 0  aaa99988825a9784699aa98655789537aa6738a776464
143023 1 15 16 1 5 0 1 0 0  aaa99988877a9785599aa98744689426aa8675a665373
143105 1 15 16 4 0 2 1 0 0  aaa99988877a9786699aa98733589665aa8546a452477
143113 1 15 16 4 2 0 1 0 0  aaa99988877a9785599aa98766689524aa8466a354377
143122 1 15 16 4 3 2 0 0 0  aaa99988877a9784499aa98766589636aa8563a552477
143128 1 15 16 4 4 2 0 0 0  aaa99988877a9784499aa98766689635aa8563a552477
143131 1 15 16 4 5 0 1 0 0  aaa99988877a9785599aa98726489564aa8666a354377
143202 1 15 16 6 5 0 0 0 0  aaa99988877a9787599aa98477689356aa8654a663254
143231 1 15 16 7 3 2 1 0 0  aaa99988877a9785499aa98776689662aa8735a654534
143245 1 15 16 8 0 0 1 0 0  aaa99988877a9787499aa98776689426aa8565a533645
143281 1 15 16 9 0 0 1 0 0  aaa99988877a9787799aa98476689426aa8565a533645
143328 1 15 16 10 2 0 0 0 0  aaa99988866a9786599aa98466789357aa8754a773254
143346 1 15 16 10 5 0 0 0 0  aaa99988825a9785699aa98653789637aa8745a776464
143605 1 15 17 7 0 0 1 0 0  aaa99977788a9887499aa98886679426aa7565a533645
143748 1 15 18 0 0 0 0 0 0  aaa99977588a9888399aa97788779366aa2565a465464
143820 1 15 18 2 0 0 0 0 0  aaa99977788a9888599aa97388779366aa2565a465464
143938 1 15 18 5 1 2 0 0 0  aaa99977788a9888499aa97388579366aa6576a545624
143954 1 15 18 5 4 1 0 0 0  aaa99977788a9888499aa97388679656aa3675a652445
143960 1 15 18 5 5 1 0 0 0  aaa99977788a9888599aa97488679346aa4675a663525
144072 1 15 18 9 0 0 0 0 0  aaa99966588a9888499aa95588749767aa3765a773246
144074 1 15 18 9 0 1 0 0 0  aaa99966588a9888499aa96388759767aa3764a772554
144194 1 15 19 1 2 1 0 0 0  aaa99977788a9885499aa98587679376aa3865a644625
144196 1 15 19 1 2 2 0 0 0  aaa99977788a9884599aa98587679576aa5863a644623
144202 1 15 19 1 3 2 0 0 0  aaa99977788a9885499aa98387679676aa3865a652445
144350 1 15 19 5 4 1 0 0 0  aaa99977788a9887599aa98486679346aa4875a663525
144362 1 15 19 6 0 1 0 0 0  aaa99966588a9886499aa98387779776aa3857a644552
144554 1 15 20 0 2 1 0 0 0  aaa99977588a9888499aa94886779376aa3667a562554
145189 1 15 21 7 0 0 1 0 0  aaa99977788a9888899aa97486679426aa7565a533645
145333 1 15 22 0 0 0 1 0 0  aaa99977627a9876699aa97756859458aa4836a888534
145345 1 15 22 0 2 0 1 0 0  aaa99977467a9876699aa97755839428aa5856a888634
145399 1 15 22 1 5 0 1 0 0  aaa99977737a9876499aa96375859458aa4826a888656
145417 1 15 22 2 2 0 1 0 0  aaa99977767a9876699aa97455839428aa5856a888634
145460 1 15 22 3 3 1 0 0 0  aaa99954777a9877499aa92766869358aa6856a888534
145462 1 15 22 3 3 2 0 0 0  aaa99945777a9877399aa95766869348aa6846a888525
145470 1 15 22 3 5 0 0 0 0  aaa99964777a9877599aa93754869558aa2864a888663
145542 1 15 22 5 5 0 0 0 0  aaa99977725a9875699aa97653879638aa6845a888464
145698 1 15 22 10 1 0 0 0 0  aaa99974666a9876599aa93654879558aa2874a888773
145728 1 16 0 0 0 0 0 0 0  aaa99988578a9789479aa98898676377aa3665a455246
145790 1 16 0 1 4 1 0 0 0  aaa99988478a9789779aa98898676356aa3675a652445
145957 1 16 0 6 2 0 1 0 0  aaa99988538a9789379aa98898777467aa4665a266554
145974 1 16 0 6 5 0 0 0 0  aaa99988628a9789679aa98898777647aa6554a356354
145975 1 16 0 6 5 0 1 0 0  aaa99988628a9789679aa98898777657aa6534a546534
146030 1 16 0 8 2 1 0 0 0  aaa99988578a9689479aa98898777367aa3664a562554
146105 1 16 0 10 2 2 1 0 0  aaa99988528a9789569aa98898766537aa3764a775464
146108 1 16 0 10 3 1 0 0 0  aaa99988568a9789469aa98898766347aa4765a773525
146140 1 16 1 0 2 2 0 0 0  aaa99988887a9789489aa95398676627aa7675a653445
146152 1 16 1 0 4 2 0 0 0  aaa99988887a9789489aa95398675627aa7675a663445
146158 1 16 1 0 5 2 0 0 0  aaa99988887a9789489aa95398675327aa7675a666445
146188 1 16 1 1 4 2 0 0 0  aaa99988887a9789789aa95498676376aa3675a652445
146194 1 16 1 1 5 2 0 0 0  aaa99988887a9789789aa95498675376aa3675a662445
146519 1 16 1 10 5 2 1 0 0  aaa99988882a9789589aa96598746537aa3746a775646
146837 1 16 2 8 4 2 1 0 0  aaa99988838a9789489aa95398777726aa6675a664545
146843 1 16 2 8 5 2 1 0 0  aaa99988828a9789489aa95498777736aa3675a666545
146854 1 16 2 9 1 2 0 0 0  aaa99988878a9789489aa95398766667aa3765a752445
146864 1 16 2 9 3 1 0 0 0  aaa99988878a9789489aa96398766657aa3765a752445
146872 1 16 2 9 4 2 0 0 0  aaa99988878a9789489aa95398765367aa2765a744665
146876 1 16 2 9 5 1 0 0 0  aaa99988878a9789589aa96498756347aa4756a763652
146911 1 16 2 10 5 0 1 0 0  aaa99988828a9789589aa96498756537aa3756a774646
146915 1 16 2 10 5 2 1 0 0  aaa99988828a9789589aa96598746537aa3746a775646
146916 1 16 3 0 0 0 0 0 0  aaa99988878a9789579aa98498676377aa3665a455246
146978 1 16 3 1 4 1 0 0 0  aaa99988878a9789779aa98498676356aa3675a652445
147218 1 16 3 8 2 1 0 0 0  aaa99988878a9689579aa98498777367aa3664a562554
147636 1 16 4 9 0 0 0 0 0  aaa99988878a9889579aa98397777366aa2565a465464
147673 1 16 4 10 0 0 1 0 0  aaa99988838a9889479aa98397777766aa4565a564265
147679 1 16 4 10 1 0 1 0 0  aaa99988828a9889479aa98497777766aa6565a533645
147709 1 16 5 0 0 0 1 0 0  aaa99988877a9889429aa98797686466aa7755a533645
147739 1 16 5 0 5 0 1 0 0  aaa99988877a9889529aa98797685546aa7744a666533
147823 1 16 5 3 1 0 1 0 0  aaa99988827a9889779aa98597785566aa7466a446533
147829 1 16 5 3 2 0 1 0 0  aaa99988827a9889779aa98497785465aa7663a566543
147841 1 16 5 3 4 0 1 0 0  aaa99988827a9889779aa98597785564aa7666a446533
147847 1 16 5 3 5 0 1 0 0  aaa99988827a9889779aa98597785546aa7644a666533
147857 1 16 5 4 0 2 1 0 0  aaa99988877a9889769aa98697685472aa6735a654534
147925 1 16 5 6 0 0 1 0 0  aaa99988877a9889739aa98497787366aa4565a564265
147931 1 16 5 6 1 0 1 0 0  aaa99988877a9889729aa98497787466aa6565a533645
148033 1 16 5 9 0 0 1 0 0  aaa99988837a9889779aa98397787466aa4565a564265
148039 1 16 5 9 1 0 1 0 0  aaa99988827a9889779aa98497787466aa6565a533645
148069 1 16 5 10 0 0 1 0 0  aaa99988837a9889479aa98397787766aa4565a564265
148075 1 16 5 10 1 0 1 0 0  aaa99988827a9889479aa98497787766aa6565a533645
148428 1 16 6 9 0 0 0 0 0  aaa99988877a9889589aa98397777366aa2565a465464
148465 1 16 6 10 0 0 1 0 0  aaa99988837a9889489aa98397777766aa4565a564265
148471 1 16 6 10 1 0 1 0 0  aaa99988827a9889489aa98497777766aa6565a533645
148681 1 16 7 5 0 0 1 0 0  aaa99938888a9889579aa98797766476aa4276a655534
148742 1 16 7 6 4 1 0 0 0  aaa99958888a9889479aa98397774476aa6657a663525
148748 1 16 7 6 5 1 0 0 0  aaa99958888a9889479aa98397774476aa3657a666525
148897 1 16 8 0 0 0 1 0 0  aaa99988877a9889429aa98797668466aa7755a533645
148927 1 16 8 0 5 0 1 0 0  aaa99988877a9889529aa98797658546aa7744a666533
148969 1 16 8 2 0 0 1 0 0  aaa99988877a9889769aa98697658526aa7754a345364
149011 1 16 8 3 1 0 1 0 0  aaa99988827a9889779aa98597758566aa7466a446533
149016 1 16 8 3 2 0 0 0 0  aaa99988847a9889779aa98497758562aa7663a566345
149017 1 16 8 3 2 0 1 0 0  aaa99988837a9889779aa98397758565aa7664a566424
149019 1 16 8 3 2 1 1 0 0  aaa99988827a9889779aa98497758465aa7663a566543
149021 1 16 8 3 2 2 1 0 0  aaa99988827a9889779aa98497758463aa7656a636554
149029 1 16 8 3 4 0 1 0 0  aaa99988827a9889779aa98597758564aa7666a446533
149035 1 16 8 3 5 0 1 0 0  aaa99988827a9889779aa98597758546aa7644a666533
149113 1 16 8 6 0 0 1 0 0  aaa99988877a9889739aa98497778366aa4565a564265
149119 1 16 8 6 1 0 1 0 0  aaa99988877a9889729aa98497778466aa6565a533645
149221 1 16 8 9 0 0 1 0 0  aaa99988837a9889779aa98397778466aa4565a564265
149227 1 16 8 9 1 0 1 0 0  aaa99988827a9889779aa98497778466aa6565a533645
149257 1 16 8 10 0 0 1 0 0  aaa99988837a9889479aa98397778766aa4565a564265
149263 1 16 8 10 1 0 1 0 0  aaa99988827a9889479aa98497778766aa6565a533645
149315 1 16 9 0 3 2 1 0 0  aaa99988877a9889469aa98797665826aa7765a354534
149323 1 16 9 0 5 0 1 0 0  aaa99988877a9889359aa98797654856aa7754a666432
149327 1 16 9 0 5 2 1 0 0  aaa99988877a9889439aa98797635826aa7675a664545
149401 1 16 9 3 0 0 1 0 0  aaa99988827a9889779aa98497766865aa7565a364534
149407 1 16 9 3 1 0 1 0 0  aaa99988837a9889779aa98397755866aa7566a546424
149413 1 16 9 3 2 0 1 0 0  aaa99988837a9889779aa98397755865aa7664a566424
149419 1 16 9 3 3 0 1 0 0  aaa99988827a9889779aa98497765866aa7566a534543
149425 1 16 9 3 4 0 1 0 0  aaa99988837a9889779aa98397755865aa7666a546424
149431 1 16 9 3 5 0 1 0 0  aaa99988837a9889779aa98397755856aa7654a666424
149629 1 16 9 9 2 0 1 0 0  aaa99988827a9889779aa98497775866aa6566a534543
149641 1 16 9 9 4 0 1 0 0  aaa99988827a9889779aa98497775865aa6666a534543
149653 1 16 9 10 0 0 1 0 0  aaa99988837a9889479aa98397777866aa4565a564265
149659 1 16 9 10 1 0 1 0 0  aaa99988827a9889479aa98497777866aa6565a533645
149690 1 16 10 0 0 1 0 0 0  aaa99978788a9889479aa98398676375aa7665a552446
149882 1 16 10 5 2 1 0 0 0  aaa99968588a9889479aa98798775367aa3766a652445
149884 1 16 10 5 2 2 0 0 0  aaa99968588a9889579aa98798774567aa5766a644332
149916 1 16 10 6 2 0 0 0 0  aaa99968588a9889479aa98398777367aa2766a545564
149918 1 16 10 6 2 1 0 0 0  aaa99968588a9889579aa98498777367aa3766a655442
149930 1 16 10 6 4 1 0 0 0  aaa99968688a9889579aa98498777347aa4765a653625
149936 1 16 10 6 5 1 0 0 0  aaa99968588a9889479aa98398777347aa4765a652665
150000 0 16 10 8 4 0 0 0 0  aaa99958588a9889579aa98798777367aa6666a544432
150062 1 16 10 10 2 1 0 0 0  aaa99968588a9889469aa98398766347aa4765a777525
150708 1 16 12 6 2 0 0 0 0  aaa99968588a9889479aa98397757576aa3678a644562
150710 1 16 12 6 2 1 0 0 0  aaa99968588a9889579aa98497767376aa3678a655442
150716 1 16 12 6 3 1 0 0 0  aaa99968588a9889479aa98397757376aa6678a644552
150722 1 16 12 6 4 1 0 0 0  aaa99958488a9889579aa98397757376aa6678a662454
150724 1 16 12 6 4 2 0 0 0  aaa99948588a9889579aa98597737576aa6678a662434
150728 1 16 12 6 5 1 0 0 0  aaa99958488a9889579aa98397757376aa2678a666454
150730 1 16 12 6 5 2 0 0 0  aaa99948588a9889579aa98597737576aa2678a666434
150830 1 16 12 9 4 1 0 0 0  aaa99958488a9889379aa98797777356aa6658a662454
150832 1 16 12 9 4 2 0 0 0  aaa99948588a9889579aa98797777546aa6648a665332
150866 1 16 12 10 4 1 0 0 0  aaa99958488a9889379aa98397777756aa6658a662454
150868 1 16 12 10 4 2 0 0 0  aaa99948588a9889579aa98597777746aa6648a665332
151022 1 16 13 4 0 1 0 0 0  aaa99978588a9889479aa98897766346aa4576a655732
151044 1 16 13 4 4 0 0 0 0  aaa99978588a9889479aa98897745526aa6675a663743
151046 1 16 13 4 4 1 0 0 0  aaa99978588a9889379aa98897755546aa6674a663724
151133 1 16 13 7 0 2 1 0 0  aaa99978688a9889429aa98897776673aa4656a573554
151153 1 16 13 7 4 0 1 0 0  aaa99978588a9889429aa98897775576aa4636a676534
151184 1 16 13 8 3 1 0 0 0  aaa99968588a9889479aa98897774476aa3666a573552
151272 1 16 14 0 0 0 0 0 0  aaa99977588a9889329aa97798778866aa3565a465464
151273 1 16 14 0 0 0 1 0 0  aaa99977588a9889429aa97798778866aa4565a365364
151279 1 16 14 0 1 0 1 0 0  aaa99977488a9889429aa97798778866aa6565a533645
151345 1 16 14 2 0 0 1 0 0  aaa99977788a9889439aa97398778866aa4565a564265
151351 1 16 14 2 1 0 1 0 0  aaa99977788a9889429aa97498778866aa6565a533645
151469 1 16 14 5 2 2 1 0 0  aaa99977788a9889429aa97498678866aa6375a653545
151478 1 16 14 5 4 1 0 0 0  aaa99977788a9889469aa97398678856aa3675a652445
151487 1 16 14 5 5 2 1 0 0  aaa99977788a9889529aa97598678836aa3674a665454
151501 1 16 14 6 2 0 1 0 0  aaa99966688a9889529aa95598768873aa4777a637544
151505 1 16 14 6 2 2 1 0 0  aaa99966688a9889429aa95498768873aa3777a657545
151517 1 16 14 6 4 2 1 0 0  aaa99965688a9889429aa95498768873aa3777a657645
151573 1 16 14 8 2 0 1 0 0  aaa99966688a9889529aa95598768874aa7777a644533
151577 1 16 14 8 2 2 1 0 0  aaa99966688a9889429aa95498768873aa7777a653545
151596 1 16 14 9 0 0 0 0 0  aaa99966588a9889479aa95598748867aa3765a773246
151598 1 16 14 9 0 1 0 0 0  aaa99966588a9889479aa96398758867aa3764a772554
151645 1 16 14 10 2 0 1 0 0  aaa99966688a9889529aa95598768837aa4763a777544
151649 1 16 14 10 2 2 1 0 0  aaa99966688a9889429aa95498768837aa3765a777545
151661 1 16 14 10 4 2 1 0 0  aaa99965688a9889429aa95498768837aa3765a777645
151741 1 16 15 2 0 0 1 0 0  aaa99988877a9789429aa98797686466aa7558a353654
151743 1 16 15 2 0 1 1 0 0  aaa99988877a9789429aa98797686466aa7558a355634
151745 1 16 15 2 0 2 1 0 0  aaa99988877a9789429aa98797686466aa7538a555634
151759 1 16 15 2 3 0 1 0 0  aaa99988877a9789469aa98797686426aa7558a353654
151813 1 16 15 4 0 0 1 0 0  aaa99988877a9789429aa98796685456aa7568a353674
151883 1 16 15 5 5 2 1 0 0  aaa99988877a9789529aa98797687536aa3648a665445
151919 1 16 15 6 5 2 1 0 0  aaa99988877a9789729aa98597687536aa3648a665445
152027 1 16 15 9 5 2 1 0 0  aaa99988827a9689779aa98597787536aa3648a665445
152063 1 16 15 10 5 2 1 0 0  aaa99988827a9689579aa98597787736aa3648a665445
152099 1 16 16 0 5 2 1 0 0  aaa99988877a9689429aa98797685476aa8635a657534
152101 1 16 16 1 0 0 1 0 0  aaa99988877a9789429aa98796685456aa8576a353674
152137 1 16 16 2 0 0 1 0 0  aaa99988877a9789239aa98797686366aa8455a544675
152161 1 16 16 2 4 0 1 0 0  aaa99988877a9789369aa98797686656aa8524a543574
152167 1 16 16 2 5 0 1 0 0  aaa99988877a9789529aa98797685546aa8644a663573
152209 1 16 16 4 0 0 1 0 0  aaa99988877a9789529aa98796685536aa8365a444677
152236 1 16 16 4 4 2 0 0 0  aaa99988877a9789369aa98796686365aa8544a545277
152275 1 16 16 5 5 0 1 0 0  aaa99988877a9789439aa98797687356aa8652a664545
152281 1 16 16 6 0 0 1 0 0  aaa99988877a9789769aa98697687356aa8524a543564
152299 1 16 16 6 3 0 1 0 0  aaa99988877a9789769aa98397687656aa8524a543564
152311 1 16 16 6 5 0 1 0 0  aaa99988877a9789739aa98497687356aa8652a664545
152317 1 16 16 7 0 0 1 0 0  aaa99988877a9789429aa98797686467aa8655a533645
152335 1 16 16 7 3 0 1 0 0  aaa99988877a9789469aa98797686427aa8655a533645
152347 1 16 16 7 5 0 1 0 0  aaa99988877a9789529aa98797685547aa8644a666533
152359 1 16 16 8 1 0 1 0 0  aaa99988877a9789769aa98697686357aa8524a543564
152400 1 16 16 9 2 0 0 0 0  aaa99988847a9689779aa98497787562aa8663a565543
152401 1 16 16 9 2 0 1 0 0  aaa99988827a9689779aa98497787465aa8665a564533
152419 1 16 16 9 5 0 1 0 0  aaa99988837a9689779aa98397787456aa8652a664545
152425 1 16 16 10 0 0 1 0 0  aaa99988867a9689379aa98697787756aa8524a543564
152443 1 16 16 10 3 0 1 0 0  aaa99988867a9689679aa98397787756aa8524a543564
152455 1 16 16 10 5 0 1 0 0  aaa99988837a9689479aa98397787756aa8652a664545
152486 1 16 17 0 4 1 0 0 0  aaa99977588a9889479aa98898676376aa3657a644552
152492 1 16 17 0 5 1 0 0 0  aaa99977588a9889479aa98898674476aa3657a663552
152568 1 16 17 3 0 0 0 0 0  aaa99966588a9889479aa98898777377aa3665a455246
152645 1 16 17 5 0 2 1 0 0  aaa99977788a9889529aa98898676536aa6376a475445
152671 1 16 17 5 5 0 1 0 0  aaa99977788a9889529aa98898675536aa4673a676544
152675 1 16 17 5 5 2 1 0 0  aaa99977788a9889429aa98898675436aa3675a676545
152678 1 16 17 6 0 1 0 0 0  aaa99966588a9889479aa98898777367aa3764a562554
152690 1 16 17 6 2 1 0 0 0  aaa99966688a9889479aa98898777357aa3765a652445
152702 1 16 17 6 4 1 0 0 0  aaa99965688a9889479aa98898777357aa3765a644625
152713 1 16 17 7 0 0 1 0 0  aaa99977788a9889729aa98898676466aa4557a353654
152715 1 16 17 7 0 1 1 0 0  aaa99977788a9889729aa98898676466aa4557a355634
152717 1 16 17 7 0 2 1 0 0  aaa99977788a9889729aa98898676466aa4537a555634
152833 1 16 17 10 2 0 1 0 0  aaa99966688a9889529aa98898765537aa4763a777544
152837 1 16 17 10 2 2 1 0 0  aaa99966688a9889429aa98898765437aa3765a777545
152857 1 16 18 0 0 0 1 0 0  aaa99977488a9889839aa97798778366aa4565a564265
152863 1 16 18 0 1 0 1 0 0  aaa99977488a9889829aa97798778466aa6565a533645
152929 1 16 18 2 0 0 1 0 0  aaa99977788a9889839aa97498778366aa4565a564265
152935 1 16 18 2 1 0 1 0 0  aaa99977788a9889829aa97498778466aa6565a533645
153062 1 16 18 5 4 1 0 0 0  aaa99977788a9889869aa97498678356aa3675a652445
153071 1 16 18 5 5 2 1 0 0  aaa99977788a9889829aa97598678536aa3674a665454
153109 1 16 18 7 0 0 1 0 0  aaa99977788a9889869aa97698678356aa7524a543564
153127 1 16 18 7 3 0 1 0 0  aaa99977788a9889869aa97398678656aa7524a543564
153139 1 16 18 7 5 0 1 0 0  aaa99977788a9889839aa97498678356aa7652a664545
153233 1 16 18 10 2 2 1 0 0  aaa99966688a9889829aa95498768437aa3765a777545
153245 1 16 18 10 4 2 1 0 0  aaa99965688a9889829aa95498768437aa3765a777645
153252 1 16 19 0 0 0 0 0 0  aaa99977588a9889479aa98398676378aa2667a455546
153266 1 16 19 0 2 1 0 0 0  aaa99977588a9889479aa98398676678aa3657a644552
153270 1 16 19 0 3 0 0 0 0  aaa99977588a9889479aa98398676678aa3657a545624
153272 1 16 19 0 3 1 0 0 0  aaa99977588a9889479aa98398676678aa3647a555642
153276 1 16 19 0 4 0 0 0 0  aaa99977588a9889479aa98398675578aa3667a466542
153278 1 16 19 0 4 1 0 0 0  aaa99977588a9889479aa98398674678aa3657a662554
153284 1 16 19 0 5 1 0 0 0  aaa99977588a9889479aa98398674478aa3657a666552
153302 1 16 19 1 2 1 0 0 0  aaa99977788a9889469aa98398776658aa3756a562454
153323 1 16 19 1 5 2 1 0 0  aaa99977788a9889529aa98598776538aa3746a465646
153324 1 16 19 2 0 0 0 0 0  aaa99977788a9889579aa98498676368aa3657a545624
153326 1 16 19 2 0 1 0 0 0  aaa99977788a9889579aa98498676368aa3647a555642
153446 1 16 19 5 2 1 0 0 0  aaa99977788a9889569aa98498676348aa4675a673525
153463 1 16 19 5 5 0 1 0 0  aaa99977788a9889629aa98698575638aa6573a476445
153467 1 16 19 5 5 2 1 0 0  aaa99977788a9889629aa98698574638aa6573a575464
153468 1 16 19 6 0 0 0 0 0  aaa99966588a9889679aa98398777358aa5756a447264
153470 1 16 19 6 0 1 0 0 0  aaa99966588a9889479aa98398777368aa2764a567554
153482 1 16 19 6 2 1 0 0 0  aaa99966688a9889479aa98398777358aa2765a657445
153494 1 16 19 6 4 1 0 0 0  aaa99965688a9889579aa98498777348aa4765a627635
153542 1 16 19 8 0 1 0 0 0  aaa99966588a9889479aa98798777368aa3764a562554
153554 1 16 19 8 2 1 0 0 0  aaa99966688a9889479aa98798777358aa3765a652445
153566 1 16 19 8 4 1 0 0 0  aaa99965688a9889479aa98798777358aa3765a644625
153578 1 16 19 9 0 1 0 0 0  aaa99966588a9889479aa98398777768aa3764a562554
153590 1 16 19 9 2 1 0 0 0  aaa99966688a9889479aa98398777758aa3765a652445
153602 1 16 19 9 4 1 0 0 0  aaa99965688a9889479aa98398777758aa3765a644625
153674 1 16 20 0 4 1 0 0 0  aaa99977588a9889879aa98498676376aa3657a644552
153680 1 16 20 0 5 1 0 0 0  aaa99977588a9889879aa98498674476aa3657a663552
153863 1 16 20 5 5 2 1 0 0  aaa99977788a9889829aa98498675436aa3675a676545
153866 1 16 20 6 0 1 0 0 0  aaa99966588a9889879aa98498777367aa3764a562554
153878 1 16 20 6 2 1 0 0 0  aaa99966688a9889879aa98498777357aa3765a652445
153890 1 16 20 6 4 1 0 0 0  aaa99965688a9889879aa98498777357aa3765a644625
153901 1 16 20 7 0 0 1 0 0  aaa99977788a9889829aa98798676466aa4557a353654
153903 1 16 20 7 0 1 1 0 0  aaa99977788a9889829aa98798676466aa4557a355634
153905 1 16 20 7 0 2 1 0 0  aaa99977788a9889829aa98798676466aa4537a555634
154025 1 16 20 10 2 2 1 0 0  aaa99966688a9889829aa98498765437aa3765a777545
154044 1 16 21 0 0 0 0 0 0  aaa99977528a9779889aa97798888366aa3565a465464
154045 1 16 21 0 0 0 1 0 0  aaa99977528a9779889aa97798888466aa4565a365364
154051 1 16 21 0 1 0 1 0 0  aaa99977428a9779889aa97798888466aa6565a533645
154117 1 16 21 2 0 0 1 0 0  aaa99977738a9779889aa97398888466aa4565a564265
154123 1 16 21 2 1 0 1 0 0  aaa99977728a9779889aa97498888466aa6565a533645
154241 1 16 21 5 2 2 1 0 0  aaa99977728a9679889aa97498888466aa6375a653545
154250 1 16 21 5 4 1 0 0 0  aaa99977768a9679889aa97498888356aa3675a652445
154259 1 16 21 5 5 2 1 0 0  aaa99977728a9679889aa97598888536aa3674a665454
154273 1 16 21 6 2 0 1 0 0  aaa99966628a9769889aa95598888573aa4777a637544
154277 1 16 21 6 2 2 1 0 0  aaa99966628a9769889aa95498888473aa3777a657545
154289 1 16 21 6 4 2 1 0 0  aaa99965628a9769889aa95498888473aa3777a657645
154345 1 16 21 8 2 0 1 0 0  aaa99966628a9769889aa95598888574aa7777a644533
154349 1 16 21 8 2 2 1 0 0  aaa99966628a9769889aa95498888473aa7777a653545
154368 1 16 21 9 0 0 0 0 0  aaa99966578a9749889aa95598888467aa3765a773246
154370 1 16 21 9 0 1 0 0 0  aaa99966578a9759889aa96498888367aa3764a772554
154417 1 16 21 10 2 0 1 0 0  aaa99966628a9769889aa95598888537aa4763a777544
154421 1 16 21 10 2 2 1 0 0  aaa99966628a9769889aa95498888437aa3765a777545
154433 1 16 21 10 4 2 1 0 0  aaa99965628a9769889aa95498888437aa3765a777645
154441 1 16 22 0 0 0 1 0 0  aaa99977438a9779389aa97798888866aa4565a564265
154447 1 16 22 0 1 0 1 0 0  aaa99977428a9779489aa97798888866aa6565a533645
154513 1 16 22 2 0 0 1 0 0  aaa99977738a9779489aa97398888866aa4565a564265
154519 1 16 22 2 1 0 1 0 0  aaa99977728a9779489aa97498888866aa6565a533645
154646 1 16 22 5 4 1 0 0 0  aaa99977768a9679489aa97398888856aa3675a652445
154655 1 16 22 5 5 2 1 0 0  aaa99977728a9679589aa97598888836aa3674a665454
154693 1 16 22 7 0 0 1 0 0  aaa99977768a9679389aa97698888856aa7524a543564
154711 1 16 22 7 3 0 1 0 0  aaa99977768a9679689aa97398888856aa7524a543564
154723 1 16 22 7 5 0 1 0 0  aaa99977738a9679489aa97398888856aa7652a664545
154817 1 16 22 10 2 2 1 0 0  aaa99966628a9769489aa95498888837aa3765a777545
154829 1 16 22 10 4 2 1 0 0  aaa99965628a9769489aa95498888837aa3765a777645
155057 1 17 0 6 0 2 1 0 0  aaa99998898a6639899aa88477677427aa7586a555634
155058 1 17 0 6 1 0 0 0 0  aaa99998898a6669899aa88577577527aa7586a344436
155165 1 17 0 9 0 2 1 0 0  aaa99998898a6639899aa88477777426aa7586a555634
155353 1 17 1 3 2 0 1 0 0  aaa99998898a8859599aa47587773762aa8667a566443
155365 1 17 1 3 4 0 1 0 0  aaa99998898a8859599aa47587773766aa8257a666443
155371 1 17 1 3 5 0 1 0 0  aaa99998898a8859599aa47587773726aa8657a666443
155554 1 17 1 8 5 2 0 0 0  aaa99998898a8869599aa63587777574aa8464a637652
155680 1 17 2 1 2 2 0 0 0  aaa99993898a8859799aa53887774462aa8667a566547
155692 1 17 2 1 4 2 0 0 0  aaa99993898a8859799aa53887774466aa8257a666547
155698 1 17 2 1 5 2 0 0 0  aaa99993898a8859799aa53887774426aa8657a666547
155752 1 17 2 3 2 2 0 0 0  aaa99997898a8859499aa54887773762aa8667a566354
155764 1 17 2 3 4 2 0 0 0  aaa99997898a8859499aa54887773766aa8257a666354
155770 1 17 2 3 5 2 0 0 0  aaa99997898a8859499aa54887773726aa8657a666354
155842 1 17 2 5 5 2 0 0 0  aaa99995898a8869499aa65887774473aa8367a657625
155928 1 17 2 8 2 0 0 0 0  aaa99995898a8869499aa64887777375aa8666a527534
155950 1 17 2 8 5 2 0 0 0  aaa99995898a8869399aa65887777374aa8464a657625
155998 1 17 2 10 1 2 0 0 0  aaa99996898a8859499aa54886763627aa8756a777354
156041 1 17 3 0 2 2 1 0 0  aaa99995898a8879799aa77487666726aa8685a354534
156053 1 17 3 0 4 2 1 0 0  aaa99995898a8879799aa77487636726aa8685a654534
156059 1 17 3 0 5 2 1 0 0  aaa99995898a8879799aa77487635726aa8685a664534
156185 1 17 3 4 2 2 1 0 0  aaa99995898a8839499aa77787775462aa8686a656534
156197 1 17 3 4 4 2 1 0 0  aaa99995898a8839499aa77787775466aa8285a666534
156203 1 17 3 4 5 2 1 0 0  aaa99995898a8839499aa77787775426aa8685a666534
156251 1 17 3 6 1 2 1 0 0  aaa99995898a8839499aa66687775776aa8287a654534
156323 1 17 3 8 1 2 1 0 0  aaa99995898a8839499aa66687777476aa8285a657534
156328 1 17 3 8 2 2 0 0 0  aaa99995898a8869499aa66687777273aa8385a657445
156346 1 17 3 8 5 2 0 0 0  aaa99995898a8869399aa65387777274aa8484a657665
156359 1 17 3 9 1 2 1 0 0  aaa99995898a8839499aa66687777776aa8285a654534
156395 1 17 3 10 1 2 1 0 0  aaa99995898a8839499aa66686765427aa8785a777534
156514 1 17 4 2 3 2 0 0 0  aaa99995798a8869499aa85377785386aa7676a644825
156565 1 17 4 4 0 0 1 0 0  aaa99994798a8859799aa86677784682aa7636a545835
156616 1 17 4 5 2 2 0 0 0  aaa99995498a8869399aa85377687287aa7675a644865
156652 1 17 4 6 2 2 0 0 0  aaa99995498a8869399aa85377785786aa2677a644865
156658 1 17 4 6 3 2 0 0 0  aaa99995498a8869399aa85377785786aa6677a644825
156688 1 17 4 7 2 2 0 0 0  aaa99995498a8869399aa85377784486aa7675a672865
156692 1 17 4 7 3 1 0 0 0  aaa99995498a8869599aa85377784486aa7676a673825
156694 1 17 4 7 3 2 0 0 0  aaa99994598a8869599aa83577783586aa7676a674824
156704 1 17 4 7 5 1 0 0 0  aaa99996498a8849499aa86377786385aa7576a572856
156724 1 17 4 8 2 2 0 0 0  aaa99995498a8869399aa85377787286aa7675a644865
156728 1 17 4 8 3 1 0 0 0  aaa99995498a8869599aa85377787386aa7676a644825
156730 1 17 4 8 3 2 0 0 0  aaa99994598a8869599aa83577787586aa7676a644823
156760 1 17 4 9 2 2 0 0 0  aaa99995498a8869399aa85377787786aa2675a644865
156862 1 17 5 1 1 2 0 0 0  aaa99995498a8869699aa77787785326aa8678a653445
156866 1 17 5 1 2 1 0 0 0  aaa99995498a8869599aa77787785326aa8678a644635
156868 1 17 5 1 2 2 0 0 0  aaa99994598a8869599aa77787783526aa8678a635644
156911 1 17 5 2 3 2 1 0 0  aaa99997498a8839499aa77787686626aa8578a555634
156914 1 17 5 2 4 1 0 0 0  aaa99997598a8859499aa77787686326aa8678a644553
156920 1 17 5 2 5 1 0 0 0  aaa99997598a8859499aa77787684426aa8678a663553
157000 1 17 5 5 0 2 0 0 0  aaa99997498a8879399aa77786586366aa8578a545624
157014 1 17 5 5 3 0 0 0 0  aaa99997598a8879499aa77786686364aa8278a654553
157016 1 17 5 5 3 1 0 0 0  aaa99997498a8879399aa77786686365aa8578a652445
157026 1 17 5 5 5 0 0 0 0  aaa99997498a8879399aa77785685356aa8678a662445
157154 1 17 5 9 2 1 0 0 0  aaa99995498a8869399aa66685785727aa8768a773445
157156 1 17 5 9 2 2 0 0 0  aaa99993598a8869599aa66684784747aa8768a775352
157166 1 17 5 9 4 1 0 0 0  aaa99995498a8869699aa64485785727aa8768a773635
157168 1 17 5 9 4 2 0 0 0  aaa99993598a8869699aa63584784747aa8768a775652
157172 1 17 5 9 5 1 0 0 0  aaa99995498a8869399aa64485785727aa8768a773665
157174 1 17 5 9 5 2 0 0 0  aaa99993598a8869599aa63584784747aa8768a775662
157229 1 17 6 0 2 2 1 0 0  aaa99997798a8879799aa85487667626aa8685a354534
157241 1 17 6 0 4 2 1 0 0  aaa99997798a8879799aa85487637626aa8685a654534
157258 1 17 6 1 1 2 0 0 0  aaa99997798a8869699aa85487775326aa8687a653445
157262 1 17 6 1 2 1 0 0 0  aaa99997798a8869599aa85487775326aa8687a644635
157264 1 17 6 1 2 2 0 0 0  aaa99997798a8869599aa84587773526aa8687a635644
157288 1 17 6 2 0 2 0 0 0  aaa99997698a8869699aa85487775327aa8687a653445
157292 1 17 6 2 1 1 0 0 0  aaa99997598a8869699aa85487775327aa8687a663445
157294 1 17 6 2 1 2 0 0 0  aaa99997598a8869699aa84587773527aa8687a665443
157298 1 17 6 2 2 1 0 0 0  aaa99997598a8869499aa85387774427aa8687a663565
157300 1 17 6 2 2 2 0 0 0  aaa99997598a8869599aa84587773527aa8687a664364
157304 1 17 6 2 3 1 0 0 0  aaa99997598a8869499aa85387775367aa8687a662445
157306 1 17 6 2 3 2 0 0 0  aaa99997598a8869599aa84587773567aa8687a662443
157330 1 17 6 3 1 2 0 0 0  aaa99997498a8869699aa85387775726aa8687a653445
157334 1 17 6 3 2 1 0 0 0  aaa99997598a8869499aa85387775726aa8687a644635
157336 1 17 6 3 2 2 0 0 0  aaa99997598a8869599aa84587773726aa8687a635644
157364 1 17 6 4 1 1 0 0 0  aaa99997598a8869699aa87487775326aa8687a653445
157366 1 17 6 4 1 2 0 0 0  aaa99997598a8869699aa87587774526aa8687a635443
157368 1 17 6 4 2 0 0 0 0  aaa99997598a8869499aa87387775526aa8687a653464
157370 1 17 6 4 2 1 0 0 0  aaa99997598a8869599aa87487775526aa8687a644633
157382 1 17 6 4 4 1 0 0 0  aaa99997598a8859499aa87387774466aa8287a666553
157388 1 17 6 4 5 1 0 0 0  aaa99997598a8859499aa87387774426aa8687a666553
157408 1 17 6 5 2 2 0 0 0  aaa99995498a8869399aa85387774476aa8687a657625
157412 1 17 6 5 3 1 0 0 0  aaa99996598a8869499aa85387775376aa8287a667445
157414 1 17 6 5 3 2 0 0 0  aaa99996598a8869599aa84587773576aa8287a667443
157420 1 17 6 5 4 2 0 0 0  aaa99995498a8869399aa85387775276aa8687a667445
157422 1 17 6 5 5 0 0 0 0  aaa99996598a8849499aa86487776375aa8287a567653
157424 1 17 6 5 5 1 0 0 0  aaa99996498a8849499aa86387776375aa8587a567652
157444 1 17 6 6 2 2 0 0 0  aaa99995498a8869399aa85387775776aa8687a644625
157456 1 17 6 6 4 2 0 0 0  aaa99995498a8869399aa85387775776aa8687a662445
157472 1 17 6 7 1 1 0 0 0  aaa99996598a8879499aa85387775376aa8686a672445
157474 1 17 6 7 1 2 0 0 0  aaa99996598a8879599aa84587773576aa8686a672443
157480 1 17 6 7 2 2 0 0 0  aaa99995498a8879399aa85387774476aa8685a672665
157486 1 17 6 7 3 2 0 0 0  aaa99995498a8879399aa85387774476aa8686a672565
157492 1 17 6 7 4 2 0 0 0  aaa99995498a8879399aa85387775276aa8686a676445
157496 1 17 6 7 5 1 0 0 0  aaa99996598a8879499aa86387776375aa8586a475642
157498 1 17 6 7 5 2 0 0 0  aaa99996598a8879599aa86587776574aa8386a473642
157516 1 17 6 8 2 2 0 0 0  aaa99995498a8869399aa84487777376aa8685a657625
157522 1 17 6 8 3 2 0 0 0  aaa99995498a8869399aa85387777276aa8686a657445
157528 1 17 6 8 4 2 0 0 0  aaa99995498a8869399aa85387777276aa8685a667445
157530 1 17 6 8 5 0 0 0 0  aaa99996598a8849499aa86487777375aa8286a567653
157532 1 17 6 8 5 1 0 0 0  aaa99996498a8849499aa86387777375aa8586a567652
157552 1 17 6 9 2 2 0 0 0  aaa99995498a8869399aa85387777776aa8685a644625
157558 1 17 6 9 3 2 0 0 0  aaa99995498a8869399aa85387777776aa8686a652445
157594 1 17 6 10 3 2 0 0 0  aaa99995498a8869399aa85386766267aa8785a777445
157902 1 17 7 8 1 0 0 0 0  aaa99995898a8889499aa66687777375aa8664a527534
157912 1 17 7 8 2 2 0 0 0  aaa99995898a8889499aa66687777273aa8365a657445
157930 1 17 7 8 5 2 0 0 0  aaa99995898a8889399aa65387777274aa8464a657665
158099 1 17 8 2 3 2 1 0 0  aaa99997498a8839499aa77787676626aa8588a555634
158102 1 17 8 2 4 1 0 0 0  aaa99997598a8859499aa77787676326aa8688a644553
158108 1 17 8 2 5 1 0 0 0  aaa99997598a8859499aa77787674426aa8688a663553
158158 1 17 8 4 1 2 0 0 0  aaa99995498a8869699aa77787775326aa8688a653445
158162 1 17 8 4 2 1 0 0 0  aaa99995498a8869599aa77787775326aa8688a644635
158164 1 17 8 4 2 2 0 0 0  aaa99994598a8869599aa77787773526aa8688a635644
158188 1 17 8 5 0 2 0 0 0  aaa99997498a8879399aa77786576366aa8588a545624
158202 1 17 8 5 3 0 0 0 0  aaa99997598a8879499aa77786676364aa8288a654553
158204 1 17 8 5 3 1 0 0 0  aaa99997498a8879399aa77786676365aa8588a652445
158214 1 17 8 5 5 0 0 0 0  aaa99997498a8879399aa77785675356aa8688a662445
158308 1 17 8 8 2 2 0 0 0  aaa99994598a8869599aa66687777574aa8288a647353
158310 1 17 8 8 3 0 0 0 0  aaa99996598a8869399aa66687777375aa8488a547452
158326 1 17 8 8 5 2 0 0 0  aaa99994598a8869599aa63587777574aa8288a647663
158472 1 17 9 2 0 0 0 0 0  aaa99997698a8869699aa77787675544aa8285a684353
158473 1 17 9 2 0 0 1 0 0  aaa99997698a8869699aa77787675524aa8485a684353
158498 1 17 9 2 4 1 0 0 0  aaa99997598a8859399aa77787676346aa8684a682554
158524 1 17 9 3 2 2 0 0 0  aaa99997598a8869599aa66687774733aa8287a685445
158542 1 17 9 3 5 2 0 0 0  aaa99997598a8869599aa63587773744aa8287a684665
158585 1 17 9 5 0 2 1 0 0  aaa99997598a8879599aa77786673526aa8486a484653
158598 1 17 9 5 3 0 0 0 0  aaa99997498a8879399aa77786676365aa8585a682445
158657 1 17 9 7 0 2 1 0 0  aaa99997598a8879599aa77786642736aa8386a485645
158659 1 17 9 7 1 0 1 0 0  aaa99997498a8879499aa77786662755aa8386a583546
158702 1 17 9 8 2 1 0 0 0  aaa99995498a8869399aa66687777372aa8585a687445
158704 1 17 9 8 2 2 0 0 0  aaa99993598a8869599aa66687777574aa8484a687352
158714 1 17 9 8 4 1 0 0 0  aaa99995498a8869699aa64487777372aa8585a687635
158716 1 17 9 8 4 2 0 0 0  aaa99993598a8869699aa63587777574aa8484a687652
158720 1 17 9 8 5 1 0 0 0  aaa99995498a8869399aa64487777372aa8585a687665
158722 1 17 9 8 5 2 0 0 0  aaa99993598a8869599aa63587777574aa8484a687662
158770 1 17 9 10 1 2 0 0 0  aaa99996598a8879599aa73586673644aa8286a784775
158780 1 17 9 10 3 1 0 0 0  aaa99995498a8879399aa74486676362aa8585a786775
158782 1 17 9 10 3 2 0 0 0  aaa99993598a8879599aa73586676564aa8484a786772
158790 1 17 9 10 5 0 0 0 0  aaa99996598a8879499aa76285476553aa8386a784776
158887 1 17 10 2 3 0 1 0 0  aaa99997498a8889499aa77787676626aa8558a353654
158911 1 17 10 3 1 0 1 0 0  aaa99996598a8889499aa75587737726aa8678a654634
158918 1 17 10 3 2 1 0 0 0  aaa99995498a8889599aa75387767726aa8678a644635
158920 1 17 10 3 2 2 0 0 0  aaa99994598a8889599aa73587767726aa8678a635644
158980 1 17 10 5 0 2 0 0 0  aaa99997498a8889399aa77786576366aa8578a545624
158994 1 17 10 5 3 0 0 0 0  aaa99997598a8889499aa77786676364aa8278a654553
158996 1 17 10 5 3 1 0 0 0  aaa99997498a8889399aa77786676365aa8578a652445
159006 1 17 10 5 5 0 0 0 0  aaa99997498a8889399aa77785675356aa8678a662445
159100 1 17 10 8 2 2 0 0 0  aaa99994598a8889599aa66687777574aa8268a647353
159102 1 17 10 8 3 0 0 0 0  aaa99996598a8889399aa66687777375aa8468a547452
159118 1 17 10 8 5 2 0 0 0  aaa99994598a8889599aa63587777574aa8268a647663
159193 1 17 11 0 0 0 1 0 0  aaa99998598a8889899aa77476678462aa6737a655534
159218 1 17 11 0 4 1 0 0 0  aaa99998598a8889899aa77476678346aa4757a663552
159377 1 17 11 5 0 2 1 0 0  aaa99998598a8889899aa77766478526aa5476a674353
159480 1 17 11 8 0 0 0 0 0  aaa99998498a8889899aa66377778365aa7467a564525
159482 1 17 11 8 0 1 0 0 0  aaa99998498a8889899aa66377778365aa7567a562454
159745 1 17 12 4 2 0 1 0 0  aaa99998798a8889799aa58577748562aa7663a566443
159782 1 17 12 5 2 1 0 0 0  aaa99998598a8889499aa58377678367aa7667a562454
159784 1 17 12 5 2 2 0 0 0  aaa99998598a8889599aa48577678567aa7667a464332
159794 1 17 12 5 4 1 0 0 0  aaa99998498a8889399aa58377678657aa7657a662454
159796 1 17 12 5 4 2 0 0 0  aaa99998598a8889599aa48577678647aa7647a665332
159800 1 17 12 5 5 1 0 0 0  aaa99998498a8889399aa58377678257aa7657a666454
159802 1 17 12 5 5 2 0 0 0  aaa99998598a8889599aa48577678547aa7647a666332
159811 1 17 12 6 1 0 1 0 0  aaa99998598a8889499aa68477738766aa6277a655534
159830 1 17 12 6 4 1 0 0 0  aaa99998598a8889499aa58377758726aa6677a663454
159832 1 17 12 6 4 2 0 0 0  aaa99998598a8889599aa48577738726aa6677a665434
159844 1 17 12 7 0 2 0 0 0  aaa99998698a8889599aa68677738546aa7274a675354
159854 1 17 12 7 2 1 0 0 0  aaa99998598a8889499aa58377758362aa7676a676454
159856 1 17 12 7 2 2 0 0 0  aaa99998598a8889599aa48577738562aa7676a676434
159866 1 17 12 7 4 1 0 0 0  aaa99998598a8889499aa58377758326aa7676a676454
159868 1 17 12 7 4 2 0 0 0  aaa99998598a8889599aa48577738526aa7676a676434
159870 1 17 12 7 5 0 0 0 0  aaa99998498a8889399aa68377768255aa7475a674665
159872 1 17 12 7 5 1 0 0 0  aaa99998498a8889399aa68377768254aa7575a674665
159890 1 17 12 8 2 1 0 0 0  aaa99998498a8889399aa58377778265aa7667a566454
159892 1 17 12 8 2 2 0 0 0  aaa99998598a8889599aa48577778564aa7667a466332
159894 1 17 12 8 3 0 0 0 0  aaa99998598a8889499aa68377778365aa7667a562454
159896 1 17 12 8 3 1 0 0 0  aaa99998598a8889499aa68377778365aa7667a565442
159902 1 17 12 8 4 1 0 0 0  aaa99998498a8889399aa58377778266aa7557a666454
159904 1 17 12 8 4 2 0 0 0  aaa99998598a8889599aa48577778566aa7447a666332
159908 1 17 12 8 5 1 0 0 0  aaa99998498a8889399aa58377778256aa7657a666454
159910 1 17 12 8 5 2 0 0 0  aaa99998598a8889599aa48577778546aa7647a666332
159938 1 17 12 9 4 1 0 0 0  aaa99998498a8889399aa58377778756aa6657a662454
159940 1 17 12 9 4 2 0 0 0  aaa99998598a8889599aa48577778746aa6647a665332
159968 1 17 12 10 3 1 0 0 0  aaa99998498a8889399aa58366768257aa6756a777454
159970 1 17 12 10 3 2 0 0 0  aaa99998598a8889599aa48566768547aa6746a777332
159978 1 17 12 10 5 0 0 0 0  aaa99998598a8889399aa68354768557aa2764a777664
160086 1 17 13 2 5 0 0 0 0  aaa99997598a8889499aa77787678356aa8654a663254
160092 1 17 13 3 0 0 0 0 0  aaa99997498a8889399aa66387778765aa8467a564525
160094 1 17 13 3 0 1 0 0 0  aaa99997498a8889399aa66387778765aa8567a562454
160166 1 17 13 5 0 1 0 0 0  aaa99997498a8889399aa77786678356aa8576a545624
160168 1 17 13 5 0 2 0 0 0  aaa99997598a8889599aa77786678546aa8476a435623
160174 1 17 13 5 1 2 0 0 0  aaa99997498a8889399aa77786678625aa8576a545634
160237 1 17 13 7 0 0 1 0 0  aaa99997498a8889799aa77786678426aa8565a533645
160502 1 17 14 3 2 1 0 0 0  aaa99995498a8889599aa75387678876aa3767a644625
160504 1 17 14 3 2 2 0 0 0  aaa99994598a8889599aa73587678876aa5767a644623
160510 1 17 14 3 3 2 0 0 0  aaa99995498a8889399aa75387678876aa6767a652445
160570 1 17 14 5 1 2 0 0 0  aaa99997498a8889399aa77782578866aa6576a545634
160943 1 17 15 4 3 2 1 0 0  aaa99995698a8839499aa77787775866aa6288a654534
160986 1 17 15 5 5 0 0 0 0  aaa99997498a8879399aa77785675856aa3688a662445
161218 1 17 16 1 1 2 0 0 0  aaa99995498a8869399aa77787785366aa6278a658445
161231 1 17 16 1 3 2 1 0 0  aaa99995698a8839499aa77787785466aa6278a658534
161244 1 17 16 2 0 0 0 0 0  aaa99997698a8869699aa77787685542aa4478a658353
161245 1 17 16 2 0 0 1 0 0  aaa99997698a8869699aa77787685544aa4278a658353
161267 1 17 16 2 3 2 1 0 0  aaa99997598a8839599aa77787686626aa5478a448635
161356 1 17 16 5 0 2 0 0 0  aaa99997598a8879599aa77786684564aa6278a648353
161358 1 17 16 5 1 0 0 0 0  aaa99997598a8879399aa77786686365aa6478a548452
161382 1 17 16 5 5 0 0 0 0  aaa99997498a8879399aa77785685356aa2678a668445
161542 1 17 16 10 1 2 0 0 0  aaa99994598a8879599aa73586686564aa6278a748773
161574 1 17 17 0 1 0 0 0 0  aaa99997798a8889599aa77386656874aa7268a545463
161778 1 17 17 5 5 0 0 0 0  aaa99997498a8889399aa77785675856aa3678a662445
162217 1 17 18 7 0 0 1 0 0  aaa99997498a8889899aa77786678426aa7565a533645
162432 1 17 19 2 0 0 0 0 0  aaa99997498a8889399aa77787676366aa2558a458645
162434 1 17 19 2 0 1 0 0 0  aaa99997498a8889399aa77787676366aa2548a558645
162484 1 17 19 3 2 2 0 0 0  aaa99994598a8889599aa66687777574aa7268a648353
162486 1 17 19 3 3 0 0 0 0  aaa99996598a8889399aa66687777375aa7468a548452
162502 1 17 19 3 5 2 0 0 0  aaa99994598a8889599aa63587777574aa7268a648663
162544 1 17 19 5 0 2 0 0 0  aaa99997598a8889599aa77786674564aa6278a648353
162546 1 17 19 5 1 0 0 0 0  aaa99997598a8889399aa77786676365aa6478a548452
162570 1 17 19 5 5 0 0 0 0  aaa99997498a8889399aa77785675356aa2678a668445
162730 1 17 19 10 1 2 0 0 0  aaa99994598a8889599aa73586676564aa6278a748773
162966 1 17 20 5 5 0 0 0 0  aaa99997498a8889899aa77785675356aa3678a662445
163274 1 17 21 3 2 1 0 0 0  aaa99995498a7679899aa75388888576aa3767a644625
163276 1 17 21 3 2 2 0 0 0  aaa99994598a7679899aa73588888576aa5767a644623
163282 1 17 21 3 3 2 0 0 0  aaa99995498a7679899aa75388888376aa6767a652445
163322 1 17 21 4 4 1 0 0 0  aaa99997498a7779899aa57388888356aa6657a662454
163324 1 17 21 4 4 2 0 0 0  aaa99997598a7779899aa47588888546aa6647a665332
163718 1 17 22 4 4 1 0 0 0  aaa99997498a7779399aa57388888856aa6657a662454
163720 1 17 22 4 4 2 0 0 0  aaa99997598a7779599aa47588888846aa6647a665332
164006 1 18 0 1 4 1 0 0 0  aaa99988487a9787379aa79898628656aa3695a644575
164009 1 18 0 1 4 2 1 0 0  aaa99988487a9787479aa79898628636aa3695a654575
164015 1 18 0 1 5 2 1 0 0  aaa99988587a9787579aa79898628536aa3694a665474
164016 1 18 0 2 0 0 0 0 0  aaa99988587a9787479aa79898668367aa3695a455642
164018 1 18 0 2 0 1 0 0 0  aaa99988587a9787479aa79898668367aa3694a555624
164090 1 18 0 4 0 1 0 0 0  aaa99988687a9787529aa79898678666aa4594a535374
164092 1 18 0 4 0 2 0 0 0  aaa99988687a9787529aa79898678666aa5494a435375
164114 1 18 0 4 4 1 0 0 0  aaa99988487a9787369aa79898678356aa2695a644575
164123 1 18 0 4 5 2 1 0 0  aaa99988587a9787529aa79898678536aa3694a665474
164138 1 18 0 5 2 1 0 0 0  aaa99988587a9787479aa59898678367aa3696a644552
164348 1 18 1 0 1 1 0 0 0  aaa99988887a9786589aa79498676377aa3695a652445
164350 1 18 1 0 1 2 0 0 0  aaa99988887a9786589aa79598676577aa5694a644332
164356 1 18 1 0 2 2 0 0 0  aaa99988887a9785489aa79398676677aa3695a652445
164368 1 18 1 0 4 2 0 0 0  aaa99988887a9785489aa79398675677aa3695a662445
164374 1 18 1 0 5 2 0 0 0  aaa99988887a9785489aa79398675377aa2695a666445
164402 1 18 1 1 4 1 0 0 0  aaa99988887a9787489aa79798676356aa3695a652445
164412 1 18 1 2 0 0 0 0 0  aaa99988887a9787589aa79498676367aa3695a455642
164414 1 18 1 2 0 1 0 0 0  aaa99988887a9787589aa79498676367aa3694a555624
164426 1 18 1 2 2 1 0 0 0  aaa99988887a9787489aa79398676657aa3695a652445
164438 1 18 1 2 4 1 0 0 0  aaa99988887a9787489aa79398675657aa3695a662445
164474 1 18 1 3 4 1 0 0 0  aaa99988887a9787789aa79498676356aa3695a652445
164510 1 18 1 4 4 1 0 0 0  aaa99988887a9787489aa79398676356aa2695a644575
164561 1 18 1 6 0 2 1 0 0  aaa99988887a9787789aa69698665427aa6795a354534
164633 1 18 1 8 0 2 1 0 0  aaa99988887a9787789aa69698375627aa4695a653544
164735 1 18 1 10 5 2 1 0 0  aaa99988882a9786589aa49598746537aa3796a775646
164751 1 18 2 0 2 1 1 0 0  aaa99988878a9785589aa79498735766aa6295a664734
164763 1 18 2 0 4 1 1 0 0  aaa99988878a9785589aa79498735726aa6695a664734
164769 1 18 2 0 5 1 1 0 0  aaa99988878a9785589aa79498735726aa4695a666734
164798 1 18 2 1 4 1 0 0 0  aaa99988878a9787489aa79398676756aa3695a652445
164804 1 18 2 1 5 1 0 0 0  aaa99988878a9787489aa79398675756aa3695a662445
164837 1 18 2 2 4 2 1 0 0  aaa99988878a9787489aa79498735326aa6695a664575
164870 1 18 2 3 4 1 0 0 0  aaa99988878a9787789aa79498676356aa3695a652445
164906 1 18 2 4 4 1 0 0 0  aaa99988878a9787489aa79398676356aa2695a644575
165080 1 18 2 9 3 1 0 0 0  aaa99988878a9786489aa69398766657aa3795a752445
165094 1 18 2 9 5 2 0 0 0  aaa99988878a9786589aa39598736547aa4796a765642
165101 1 18 2 10 0 2 1 0 0  aaa99988868a9786589aa69598726537aa3794a775464
165131 1 18 2 10 5 2 1 0 0  aaa99988828a9786589aa49598746537aa3796a775646
165146 1 18 3 0 2 1 0 0 0  aaa99988877a9885469aa79597668378aa3695a762445
165148 1 18 3 0 2 2 0 0 0  aaa99988877a9884569aa79597668578aa5693a762443
165154 1 18 3 0 3 2 0 0 0  aaa99988877a9885469aa79697668378aa3695a752445
165160 1 18 3 0 4 2 0 0 0  aaa99988877a9885469aa79397668678aa3695a752445
165182 1 18 3 1 2 1 0 0 0  aaa99988877a9887569aa79496658368aa3796a744552
165194 1 18 3 1 4 1 0 0 0  aaa99988877a9887469aa79696668358aa3795a752445
165200 1 18 3 1 5 1 0 0 0  aaa99988877a9887469aa79396668658aa3795a752445
165218 1 18 3 2 2 1 0 0 0  aaa99988877a9887569aa79497668348aa4695a763525
165224 1 18 3 2 3 1 0 0 0  aaa99988877a9887469aa79697668358aa3695a752445
165230 1 18 3 2 4 1 0 0 0  aaa99988877a9887469aa79397668658aa3695a752445
165235 1 18 3 2 5 0 1 0 0  aaa99988877a9887629aa79697558638aa6593a746454
165349 1 18 3 6 0 0 1 0 0  aaa99988877a9887769aa69497728658aa6593a654543
165415 1 18 3 7 5 0 1 0 0  aaa99988877a9887639aa79697538628aa6595a476445
165464 1 18 3 9 1 1 0 0 0  aaa99988867a9887479aa69697778358aa3695a652445
165486 1 18 3 9 5 0 0 0 0  aaa99988847a9887679aa49697778628aa6595a536345
165487 1 18 3 9 5 0 1 0 0  aaa99988827a9887679aa59697778658aa6594a546433
165530 1 18 4 0 0 1 0 0 0  aaa99988887a9887579aa79496568376aa3697a545624
165532 1 18 4 0 0 2 0 0 0  aaa99988887a9887579aa79596468576aa5697a433642
165540 1 18 4 0 2 0 0 0 0  aaa99988887a9887579aa79496668376aa3597a562454
165542 1 18 4 0 2 1 0 0 0  aaa99988887a9887579aa79496668376aa3597a565442
165550 1 18 4 0 3 2 0 0 0  aaa99988887a9887479aa79396568675aa3697a545624
165558 1 18 4 0 5 0 0 0 0  aaa99988887a9887579aa79495658376aa3697a662454
165560 1 18 4 0 5 1 0 0 0  aaa99988887a9887579aa79495658576aa3697a663442
165630 1 18 4 2 5 0 0 0 0  aaa99988887a9887779aa79495658356aa3697a662454
165824 1 18 4 8 1 1 0 0 0  aaa99988887a9887479aa79397748466aa6596a553652
165842 1 18 4 8 4 1 0 0 0  aaa99988887a9887579aa79397758346aa6694a662554
165860 1 18 4 9 1 1 0 0 0  aaa99988887a9887479aa49497778366aa6596a553652
165878 1 18 4 9 4 1 0 0 0  aaa99988887a9887579aa59397778346aa6694a662554
165953 1 18 5 0 4 2 1 0 0  aaa99988877a9885469aa89797668626aa7795a354534
165955 1 18 5 0 5 0 1 0 0  aaa99988877a9885549aa89797648426aa7795a666353
165997 1 18 5 2 0 0 1 0 0  aaa99988877a9887429aa89797668466aa7595a533645
166015 1 18 5 2 3 0 1 0 0  aaa99988877a9887469aa89797668426aa7595a533645
166069 1 18 5 4 0 0 1 0 0  aaa99988877a9887429aa89796658456aa7596a537643
166077 1 18 5 4 1 1 1 0 0  aaa99988877a9887469aa89796638455aa7296a557634
166079 1 18 5 4 1 2 1 0 0  aaa99988877a9887469aa89796638425aa7596a557634
166181 1 18 5 7 0 2 1 0 0  aaa99988877a9887529aa89797668566aa5493a474653
166213 1 18 5 8 0 0 1 0 0  aaa99988877a9887769aa89697648355aa6695a573442
166249 1 18 5 9 0 0 1 0 0  aaa99988837a9887579aa89397778466aa4296a655546
166265 1 18 5 9 2 2 1 0 0  aaa99988827a9887579aa89597778566aa6394a663454
166267 1 18 5 9 3 0 1 0 0  aaa99988837a9887579aa89397778466aa6296a655544
166271 1 18 5 9 3 2 1 0 0  aaa99988827a9887579aa89597778566aa6496a644353
166273 1 18 5 9 4 0 1 0 0  aaa99988837a9887579aa89397778426aa6695a664554
166277 1 18 5 9 4 2 1 0 0  aaa99988837a9887579aa89397778526aa6694a665454
166283 1 18 5 9 5 2 1 0 0  aaa99988827a9887579aa89597778536aa3694a666454
166313 1 18 5 10 4 2 1 0 0  aaa99988837a9885479aa89397778726aa6695a664545
166319 1 18 5 10 5 2 1 0 0  aaa99988827a9885479aa89497778736aa3695a666545
166382 1 18 6 1 4 1 0 0 0  aaa99988887a9787479aa79398628656aa3695a644575
166385 1 18 6 1 4 2 1 0 0  aaa99988887a9787479aa79498628636aa3695a654575
166391 1 18 6 1 5 2 1 0 0  aaa99988887a9787579aa79598628536aa3694a665474
166392 1 18 6 2 0 0 0 0 0  aaa99988887a9787579aa79498668367aa3695a455642
166394 1 18 6 2 0 1 0 0 0  aaa99988887a9787579aa79498668367aa3694a555624
166514 1 18 6 5 2 1 0 0 0  aaa99988887a9787579aa59498678367aa3696a644552
166757 1 18 7 1 0 2 1 0 0  aaa99938888a9887579aa79897766526aa5496a644735
166776 1 18 7 1 4 0 0 0 0  aaa99958888a9887579aa79897754546aa6694a663732
166948 1 18 7 6 2 2 0 0 0  aaa99968888a9885479aa69897775376aa3697a652445
167020 1 18 7 8 2 2 0 0 0  aaa99968888a9885479aa79897767376aa3695a652445
167178 1 18 8 1 5 0 0 0 0  aaa99988887a9787579aa79395648556aa3698a662474
167183 1 18 8 1 5 2 1 0 0  aaa99988887a9787579aa79594648426aa5698a665373
167202 1 18 8 2 3 0 0 0 0  aaa99988887a9787579aa79496668367aa3598a562454
167204 1 18 8 2 3 1 0 0 0  aaa99988887a9787579aa79496668367aa3598a565442
167214 1 18 8 2 5 0 0 0 0  aaa99988887a9787479aa79395658357aa2698a666454
167250 1 18 8 3 5 0 0 0 0  aaa99988887a9787779aa79495658356aa3698a662454
167286 1 18 8 4 5 0 0 0 0  aaa99988887a9787479aa79795658356aa3698a662454
167372 1 18 8 7 1 1 0 0 0  aaa99988887a9787479aa49496668367aa6598a553752
167378 1 18 8 7 2 1 0 0 0  aaa99988887a9787479aa49496568667aa3698a553752
167384 1 18 8 7 3 1 0 0 0  aaa99988887a9787579aa49496668467aa3598a565732
167390 1 18 8 7 4 1 0 0 0  aaa99988887a9787479aa49496668667aa3598a553752
167474 1 18 8 10 0 1 0 0 0  aaa99988887a9686479aa49497778766aa3598a553652
167495 1 18 8 10 3 2 1 0 0  aaa99988887a9686679aa39497778726aa4598a555634
167503 1 18 8 10 5 0 1 0 0  aaa99988887a9685579aa39597778726aa4698a664534
167524 1 18 9 0 2 2 0 0 0  aaa99988877a9885469aa79897668376aa3695a752445
167584 1 18 9 2 0 2 0 0 0  aaa99988877a9887529aa79897668566aa5394a735644
167585 1 18 9 2 0 2 1 0 0  aaa99988877a9887529aa79897668566aa5493a744653
167594 1 18 9 2 2 1 0 0 0  aaa99988877a9887469aa79897668356aa3695a752445
167617 1 18 9 3 0 0 1 0 0  aaa99988877a9887749aa79896648465aa6595a763532
167621 1 18 9 3 0 2 1 0 0  aaa99988877a9887739aa79896638526aa5496a744655
167657 1 18 9 4 0 2 1 0 0  aaa99988877a9887539aa79896638526aa5496a744675
167688 1 18 9 5 0 0 0 0 0  aaa99988872a9887779aa79896658563aa6397a645544
167765 1 18 9 7 0 2 1 0 0  aaa99988877a9887529aa79897668566aa5493a474653
167797 1 18 9 8 0 0 1 0 0  aaa99988877a9887729aa79897668466aa4595a533645
168029 1 18 10 3 2 2 1 0 0  aaa99975888a9885479aa79898737766aa6295a664534
168035 1 18 10 3 3 2 1 0 0  aaa99975888a9885479aa79898737766aa6296a654534
168041 1 18 10 3 4 2 1 0 0  aaa99975888a9885479aa79898737726aa6695a664534
168047 1 18 10 3 5 2 1 0 0  aaa99975888a9885479aa79898737726aa4695a666534
168065 1 18 10 4 2 2 1 0 0  aaa99975888a9885479aa79898727466aa6395a663574
168071 1 18 10 4 3 2 1 0 0  aaa99975888a9885479aa79898727466aa6396a653574
168073 1 18 10 4 4 0 1 0 0  aaa99975888a9885579aa79898737326aa6694a665474
168077 1 18 10 4 4 2 1 0 0  aaa99975888a9885479aa79898737326aa6695a664574
168083 1 18 10 4 5 2 1 0 0  aaa99975888a9885479aa79898727436aa3695a666574
168275 1 18 10 10 1 2 1 0 0  aaa99965888a9885469aa69898736627aa4795a777534
168281 1 18 10 10 2 2 1 0 0  aaa99965888a9885469aa29898766437aa3795a777564
168293 1 18 10 10 4 2 1 0 0  aaa99965888a9885469aa39898766627aa4795a777534
168299 1 18 10 10 5 2 1 0 0  aaa99965888a9885429aa69898765437aa3795a777664
168517 1 18 11 6 0 0 1 0 0  aaa99966888a9888579aa39897776476aa4297a655534
168532 1 18 11 6 2 2 0 0 0  aaa99965888a9888479aa69897775376aa3697a652445
168604 1 18 11 8 2 2 0 0 0  aaa99965888a9888479aa79897767376aa3695a652445
168703 1 18 12 0 1 0 1 0 0  aaa99977888a9887779aa79896665524aa8496a354356
168761 1 18 12 1 4 2 1 0 0  aaa99977888a9885479aa79897735466aa8295a666534
168767 1 18 12 1 5 2 1 0 0  aaa99977888a9885479aa79897735426aa8695a666534
168821 1 18 12 3 2 2 1 0 0  aaa99975888a9885479aa79897737462aa8696a656534
168833 1 18 12 3 4 2 1 0 0  aaa99975888a9885479aa79897737466aa8295a666534
168839 1 18 12 3 5 2 1 0 0  aaa99975888a9885479aa79897737426aa8695a666534
168869 1 18 12 4 4 2 1 0 0  aaa99975888a9885479aa79897735466aa8295a666734
168875 1 18 12 4 5 2 1 0 0  aaa99975888a9885479aa79897735426aa8695a666734
168887 1 18 12 5 1 2 1 0 0  aaa99935888a9885479aa79897766676aa8297a654534
168959 1 18 12 7 1 2 1 0 0  aaa99935888a9885479aa79897766676aa8295a674534
169021 1 18 12 9 0 0 1 0 0  aaa99966888a9886479aa79897727756aa8593a654543
169031 1 18 12 9 1 2 1 0 0  aaa99965888a9885479aa79897737762aa8696a654534
169057 1 18 12 10 0 0 1 0 0  aaa99966888a9886479aa29897777756aa8593a654543
169067 1 18 12 10 1 2 1 0 0  aaa99965888a9885479aa39897777762aa8696a654534
169139 1 18 13 1 1 2 1 0 0  aaa99985788a9838479aa89897766676aa7295a654534
169216 1 18 13 3 2 2 0 0 0  aaa99985488a9868379aa89897775376aa7695a644625
169222 1 18 13 3 3 2 0 0 0  aaa99985488a9868379aa89897775376aa7696a652445
169247 1 18 13 4 1 2 1 0 0  aaa99987588a9838579aa89897766626aa5497a644735
169262 1 18 13 4 4 1 0 0 0  aaa99987588a9848479aa89897755526aa6697a664733
169279 1 18 13 5 1 0 1 0 0  aaa99985588a9838579aa89897766676aa4297a764534
169322 1 18 13 6 2 1 0 0 0  aaa99985488a9868579aa89897775376aa3697a644625
169324 1 18 13 6 2 2 0 0 0  aaa99984588a9868579aa89897773576aa5697a644623
169330 1 18 13 6 3 2 0 0 0  aaa99985488a9868379aa89897775376aa6697a652445
169394 1 18 13 8 2 1 0 0 0  aaa99985488a9868579aa89897774476aa3695a673625
169396 1 18 13 8 2 2 0 0 0  aaa99984588a9868579aa89897773576aa5693a674624
169430 1 18 13 9 2 1 0 0 0  aaa99985488a9868579aa89897777376aa3695a644625
169432 1 18 13 9 2 2 0 0 0  aaa99984588a9868579aa89897777576aa5693a644623
169596 1 18 14 3 0 0 0 0 0  aaa99966588a9886479aa39798738827aa6795a755464
169600 1 18 14 3 0 2 0 0 0  aaa99966588a9886579aa39798738847aa6794a745265
169685 1 18 14 5 2 2 1 0 0  aaa99977788a9887429aa79498678866aa6395a653545
169694 1 18 14 5 4 1 0 0 0  aaa99977788a9887469aa79398678856aa3695a652445
169703 1 18 14 5 5 2 1 0 0  aaa99977788a9887529aa79598678836aa3694a665454
169792 1 18 14 8 2 2 0 0 0  aaa99966688a9885479aa69398768827aa7795a753445
169804 1 18 14 8 4 2 0 0 0  aaa99965688a9885479aa69398768827aa7795a744635
169810 1 18 14 8 5 2 0 0 0  aaa99965488a9885379aa69398768827aa7795a744665
169861 1 18 14 10 2 0 1 0 0  aaa99966688a9885529aa69598768837aa4793a777544
169863 1 18 14 10 2 1 1 0 0  aaa99966688a9885529aa69498768837aa3795a777544
169865 1 18 14 10 2 2 1 0 0  aaa99966688a9885429aa69498768837aa3795a777545
169875 1 18 14 10 4 1 1 0 0  aaa99965688a9885529aa69498768837aa3795a777644
169877 1 18 14 10 4 2 1 0 0  aaa99965688a9885429aa69498768837aa3795a777645
169881 1 18 14 10 5 1 1 0 0  aaa99965588a9885429aa69498768837aa3795a777664
169889 1 18 15 0 0 2 1 0 0  aaa99988877a9686469aa89797638425aa7798a555634
169896 1 18 15 0 2 0 0 0 0  aaa99988877a9686649aa89797658426aa7798a554335
169897 1 18 15 0 2 0 1 0 0  aaa99988877a9686659aa89797658426aa7798a554343
169901 1 18 15 0 2 2 1 0 0  aaa99988877a9686659aa89797558526aa7798a643434
169903 1 18 15 0 3 0 1 0 0  aaa99988877a9686629aa89797658455aa7798a534643
169956 1 18 15 2 0 0 0 0 0  aaa99988877a9786629aa89797558646aa7498a465533
169957 1 18 15 2 0 0 1 0 0  aaa99988877a9786659aa89797548656aa7598a463432
169961 1 18 15 2 0 2 1 0 0  aaa99988877a9786649aa89797648425aa7598a565363
170029 1 18 15 4 0 0 1 0 0  aaa99988877a9786629aa89795458656aa7498a564373
170134 1 18 15 6 5 2 0 0 0  aaa99988877a9787529aa89597678546aa4698a665343
170135 1 18 15 6 5 2 1 0 0  aaa99988877a9787529aa89597678536aa3698a646454
170136 1 18 15 7 0 0 0 0 0  aaa99988877a9786629aa89797558647aa4698a365534
170137 1 18 15 7 0 0 1 0 0  aaa99988877a9786659aa89797538627aa4698a564534
170149 1 18 15 7 2 0 1 0 0  aaa99988877a9785569aa89797668527aa4698a364534
170155 1 18 15 7 3 0 1 0 0  aaa99988877a9785569aa89797668527aa4698a354634
170192 1 18 15 8 3 1 0 0 0  aaa99988877a9787469aa89797668356aa3598a545624
170203 1 18 15 8 5 0 1 0 0  aaa99988877a9787529aa89797658536aa3698a664544
170207 1 18 15 8 5 2 1 0 0  aaa99988877a9787529aa89797648536aa3698a665445
170243 1 18 15 9 5 2 1 0 0  aaa99988877a9787729aa89597648536aa3698a665445
170279 1 18 15 10 5 2 1 0 0  aaa99988827a9684579aa89597778736aa3698a665454
170292 1 18 16 0 2 0 0 0 0  aaa99988877a9686629aa89797658576aa8394a537445
170293 1 18 16 0 2 0 1 0 0  aaa99988877a9686649aa89797648476aa8595a527335
170298 1 18 16 0 3 0 0 0 0  aaa99988877a9686629aa89797658573aa8396a547445
170325 1 18 16 1 1 1 1 0 0  aaa99988877a9786469aa89796628455aa8396a553774
170327 1 18 16 1 1 2 1 0 0  aaa99988877a9786469aa89796638325aa8596a554774
170369 1 18 16 2 2 2 1 0 0  aaa99988877a9785469aa89797668426aa8695a353574
170383 1 18 16 2 5 0 1 0 0  aaa99988877a9785549aa89797648426aa8695a665373
170386 1 18 16 2 5 2 0 0 0  aaa99988877a9782549aa89797648536aa8693a665475
170389 1 18 16 3 0 0 1 0 0  aaa99988877a9787429aa89796658456aa8596a534673
170392 1 18 16 3 0 2 0 0 0  aaa99988877a9787549aa89796648536aa8396a425675
170397 1 18 16 3 1 1 1 0 0  aaa99988877a9787469aa89796628455aa8396a553674
170399 1 18 16 3 1 2 1 0 0  aaa99988877a9787469aa89796638325aa8596a554674
170431 1 18 16 4 1 0 1 0 0  aaa99988877a9786569aa89796658524aa8496a534377
170458 1 18 16 4 5 2 0 0 0  aaa99988877a9784469aa89796668635aa8593a552477
170522 1 18 16 6 4 1 0 0 0  aaa99988877a9787469aa89397678356aa8695a652445
170524 1 18 16 6 4 2 0 0 0  aaa99988877a9787569aa89597678546aa8694a645332
170527 1 18 16 6 5 0 1 0 0  aaa99988877a9787539aa89497678326aa8695a664554
170531 1 18 16 6 5 2 1 0 0  aaa99988877a9787539aa89597678326aa8694a665454
170561 1 18 16 7 4 2 1 0 0  aaa99988877a9785469aa89797668627aa8695a354534
170563 1 18 16 7 5 0 1 0 0  aaa99988877a9785549aa89797648427aa8695a666353
170569 1 18 16 8 0 0 1 0 0  aaa99988877a9787429aa89797668466aa8595a533645
170587 1 18 16 8 3 0 1 0 0  aaa99988877a9787469aa89797668426aa8595a533645
170675 1 18 16 10 5 2 1 0 0  aaa99988837a9685479aa89397778726aa8695a664545
170717 1 18 17 1 0 2 1 0 0  aaa99977788a9868629aa89898775637aa3695a654544
170771 1 18 17 2 3 2 1 0 0  aaa99977788a9838479aa89898676626aa4597a555634
170876 1 18 17 5 3 1 0 0 0  aaa99977788a9878469aa89898676356aa3597a545624
170887 1 18 17 5 5 0 1 0 0  aaa99977788a9878529aa89898675536aa3697a664544
170891 1 18 17 5 5 2 1 0 0  aaa99977788a9878529aa89898674536aa3697a665454
170906 1 18 17 6 2 1 0 0 0  aaa99966688a9868479aa89898777357aa3795a652445
170918 1 18 17 6 4 1 0 0 0  aaa99965688a9868479aa89898777357aa3795a644625
170929 1 18 17 7 0 0 1 0 0  aaa99977788a9878429aa89898667466aa7595a533645
170947 1 18 17 7 3 0 1 0 0  aaa99977788a9878469aa89898667426aa7595a533645
171049 1 18 17 10 2 0 1 0 0  aaa99966688a9868529aa89898765537aa4793a777544
171053 1 18 17 10 2 2 1 0 0  aaa99966688a9868429aa89898765437aa3795a777545
171079 1 18 18 0 1 0 1 0 0  aaa99977488a9888429aa79798757866aa6396a553645
171080 1 18 18 0 1 1 0 0 0  aaa99977488a9888329aa79798757866aa6596a545634
171096 1 18 18 0 4 0 0 0 0  aaa99977588a9888359aa79798757846aa6694a663452
171169 1 18 18 2 4 0 1 0 0  aaa99977788a9888579aa79498636826aa4697a655534
171287 1 18 18 5 5 2 1 0 0  aaa99977788a9888529aa79598674836aa3697a665454
171302 1 18 18 6 2 1 0 0 0  aaa99966688a9888479aa69398777857aa3795a652445
171314 1 18 18 6 4 1 0 0 0  aaa99965688a9888479aa69398777857aa3795a644625
171410 1 18 18 9 2 1 0 0 0  aaa99966688a9888479aa69398765857aa3795a772445
171422 1 18 18 9 4 1 0 0 0  aaa99965688a9888579aa69398765847aa4794a773625
171449 1 18 18 10 2 2 1 0 0  aaa99966688a9888429aa69498765837aa3795a777545
171461 1 18 18 10 4 2 1 0 0  aaa99965688a9888429aa69498765837aa3795a777645
171465 1 18 18 10 5 1 1 0 0  aaa99965588a9888429aa69498765837aa3795a777664
171662 1 18 19 5 2 1 0 0 0  aaa99977788a9887469aa79898676358aa3695a652445
171679 1 18 19 5 5 0 1 0 0  aaa99977788a9887529aa79898675538aa4693a666544
171683 1 18 19 5 5 2 1 0 0  aaa99977788a9887429aa79898675438aa3695a666545
171751 1 18 19 7 5 0 1 0 0  aaa99977788a9887549aa79898644758aa5695a666332
171838 1 18 19 10 1 2 0 0 0  aaa99975488a9885369aa79898676368aa2695a744775
171859 1 18 19 10 5 0 1 0 0  aaa99976588a9886429aa79898576538aa3596a764774
171863 1 18 19 10 5 2 1 0 0  aaa99976588a9886529aa79898476538aa3496a764775
172064 1 18 20 5 3 1 0 0 0  aaa99977788a9888469aa79898676356aa3597a545624
172075 1 18 20 5 5 0 1 0 0  aaa99977788a9888529aa79898675536aa3697a664544
172079 1 18 20 5 5 2 1 0 0  aaa99977788a9888529aa79898674536aa3697a665454
172081 1 18 20 6 0 0 1 0 0  aaa99966588a9888479aa29898777437aa3796a656554
172094 1 18 20 6 2 1 0 0 0  aaa99966688a9888479aa69898777357aa3795a652445
172106 1 18 20 6 4 1 0 0 0  aaa99965688a9888479aa69898777357aa3795a644625
172117 1 18 20 7 0 0 1 0 0  aaa99977788a9888729aa79898667466aa4595a533645
172237 1 18 20 10 2 0 1 0 0  aaa99966688a9888529aa69898765537aa4793a777544
172241 1 18 20 10 2 2 1 0 0  aaa99966688a9888429aa69898765437aa3795a777545
172475 1 18 21 5 5 2 1 0 0  aaa99977788a9888829aa79598674536aa3697a665454
172490 1 18 21 6 2 1 0 0 0  aaa99966688a9888879aa69498777357aa3795a652445
172502 1 18 21 6 4 1 0 0 0  aaa99965688a9888879aa69498777357aa3795a644625
172637 1 18 21 10 2 2 1 0 0  aaa99966688a9888829aa69498765437aa3795a777545
172658 1 18 22 0 0 1 0 0 0  aaa99977478a9676389aa49498888876aa6597a553652
172676 1 18 22 0 3 1 0 0 0  aaa99977478a9676689aa49498888876aa3597a553652
172682 1 18 22 0 4 1 0 0 0  aaa99977578a9676489aa59398888876aa3697a644552
172688 1 18 22 0 5 1 0 0 0  aaa99977578a9674489aa59498888876aa3697a663552
172730 1 18 22 2 0 1 0 0 0  aaa99977778a9676489aa49498888866aa3597a553652
172751 1 18 22 2 3 2 1 0 0  aaa99977778a9676689aa39498888826aa4597a555634
172759 1 18 22 2 5 0 1 0 0  aaa99977778a9675589aa39598888826aa4697a664534
172871 1 18 22 5 5 2 1 0 0  aaa99977728a9674589aa79598888836aa3697a665454
172886 1 18 22 6 2 1 0 0 0  aaa99966678a9777489aa69398888857aa3795a652445
172898 1 18 22 6 4 1 0 0 0  aaa99965678a9777489aa69398888857aa3795a644625
173017 1 18 22 10 0 0 1 0 0  aaa99966568a9765589aa39498888827aa4796a777534
173033 1 18 22 10 2 2 1 0 0  aaa99966628a9765489aa69498888837aa3795a777545
173082 1 19 0 0 5 0 0 0 0  aaa99988587a9786479aa79898548577aa3526a963646
173102 1 19 0 1 2 1 0 0 0  aaa99988487a9787379aa79898668656aa3675a952445
173114 1 19 0 1 4 1 0 0 0  aaa99988587a9787479aa79898668346aa4675a963525
173124 1 19 0 2 0 0 0 0 0  aaa99988587a9787479aa79898668367aa3645a955642
173126 1 19 0 2 0 1 0 0 0  aaa99988587a9787479aa79898668367aa3645a952645
173201 1 19 0 4 0 2 1 0 0  aaa99988687a9787429aa79898678666aa4375a953545
173210 1 19 0 4 2 1 0 0 0  aaa99988487a9787369aa79898678656aa3675a952445
173222 1 19 0 4 4 1 0 0 0  aaa99988587a9787469aa79898678346aa4675a963525
173231 1 19 0 4 5 2 1 0 0  aaa99988587a9787529aa79898678536aa3674a966454
173244 1 19 0 5 2 0 0 0 0  aaa99988587a9787479aa29898678367aa3665a946554
173246 1 19 0 5 2 1 0 0 0  aaa99988587a9787479aa59898678367aa3664a962554
173306 1 19 0 7 0 1 0 0 0  aaa99988587a9787479aa69898668367aa3657a944552
173312 1 19 0 7 1 1 0 0 0  aaa99988487a9787379aa59898668667aa3657a944525
173318 1 19 0 7 2 1 0 0 0  aaa99988487a9787379aa59898668657aa3657a962454
173330 1 19 0 7 4 1 0 0 0  aaa99988487a9787379aa59898668357aa2657a966454
173458 1 19 1 0 1 2 0 0 0  aaa99988887a9785489aa79398676677aa3665a952445
173476 1 19 1 0 4 2 0 0 0  aaa99988887a9785489aa79398675377aa2665a966445
173480 1 19 1 0 5 1 0 0 0  aaa99988887a9786589aa79498576377aa3546a965642
173520 1 19 1 2 0 0 0 0 0  aaa99988887a9787589aa79498676367aa3645a955642
173522 1 19 1 2 0 1 0 0 0  aaa99988887a9787589aa79498676367aa3645a952645
173592 1 19 1 4 0 0 0 0 0  aaa99988887a9787489aa79398676356aa6576a952445
173606 1 19 1 4 2 1 0 0 0  aaa99988887a9787489aa79398676656aa3675a952445
173618 1 19 1 4 4 1 0 0 0  aaa99988887a9787489aa79398675656aa3675a962445
173639 1 19 1 5 1 2 1 0 0  aaa99988887a9787689aa39498275767aa6665a954534
173678 1 19 1 6 2 1 0 0 0  aaa99988887a9787789aa69498666357aa3765a952445
173861 1 19 2 0 2 2 1 0 0  aaa99988878a9785689aa79698737466aa6275a954534
173932 1 19 2 2 2 2 0 0 0  aaa99988878a9787589aa79598766644aa5276a964353
173933 1 19 2 2 2 2 1 0 0  aaa99988878a9787589aa79598766624aa5476a964353
173988 1 19 2 4 0 0 0 0 0  aaa99988878a9787489aa79398676356aa6576a952445
174002 1 19 2 4 2 1 0 0 0  aaa99988878a9787489aa79398676656aa3675a952445
174014 1 19 2 4 4 1 0 0 0  aaa99988878a9787489aa79398675656aa3675a962445
174118 1 19 2 7 3 2 0 0 0  aaa99988878a9787589aa79598766644aa5267a964353
174119 1 19 2 7 3 2 1 0 0  aaa99988878a9787589aa79598766624aa5467a964353
174126 1 19 2 7 5 0 0 0 0  aaa99988878a9787689aa79698755644aa6257a946335
174127 1 19 2 7 5 0 1 0 0  aaa99988878a9787689aa79698755624aa6457a946335
174254 1 19 3 0 2 1 0 0 0  aaa99988877a9885469aa79597668378aa3645a962745
174271 1 19 3 0 5 0 1 0 0  aaa99988877a9884629aa79697558678aa6533a946754
174290 1 19 3 1 2 1 0 0 0  aaa99988877a9887569aa79496568378aa3676a955442
174342 1 19 3 2 5 0 0 0 0  aaa99988877a9887639aa79697538648aa6554a946572
174450 1 19 3 5 5 0 0 0 0  aaa99988877a9887639aa79797538648aa6554a946562
174457 1 19 3 6 0 0 1 0 0  aaa99988877a9887769aa69497728658aa6563a954543
174558 1 19 3 8 5 0 0 0 0  aaa99988877a9887739aa79697538648aa6554a946562
174595 1 19 3 9 5 0 1 0 0  aaa99988837a9887679aa39697778628aa6554a956454
174648 1 19 4 0 2 0 0 0 0  aaa99988887a9887579aa79496668376aa3557a965442
174650 1 19 4 0 2 1 0 0 0  aaa99988887a9887579aa79496668376aa3457a964552
174655 1 19 4 0 3 0 1 0 0  aaa99988887a9887579aa79496638676aa4267a955534
174895 1 19 4 7 1 0 1 0 0  aaa99988887a9887779aa69496638655aa7267a954534
175054 1 19 5 0 3 2 0 0 0  aaa99988877a9885469aa89797668326aa7765a953445
175063 1 19 5 0 5 0 1 0 0  aaa99988877a9886439aa89797558325aa7756a964646
175135 1 19 5 2 5 0 1 0 0  aaa99988877a9887529aa89797658546aa7644a966533
175285 1 19 5 7 0 0 1 0 0  aaa99988877a9887439aa89797668326aa6565a975544
175288 1 19 5 7 0 2 0 0 0  aaa99988877a9887529aa89797668536aa6364a975445
175314 1 19 5 7 5 0 0 0 0  aaa99988877a9887629aa89797558645aa6334a976564
175350 1 19 5 8 5 0 0 0 0  aaa99988877a9887729aa89697558645aa6334a976564
175366 1 19 5 9 1 2 0 0 0  aaa99988827a9887579aa89597778566aa6364a935644
175367 1 19 5 9 1 2 1 0 0  aaa99988827a9887579aa89597778566aa6463a944653
175369 1 19 5 9 2 0 1 0 0  aaa99988837a9887579aa89397778466aa6266a955544
175373 1 19 5 9 2 2 1 0 0  aaa99988827a9887579aa89597778566aa6466a944353
175379 1 19 5 9 3 2 1 0 0  aaa99988827a9887579aa89597778566aa6364a963454
175381 1 19 5 9 4 0 1 0 0  aaa99988837a9887579aa89397778462aa6666a955544
175385 1 19 5 9 4 2 1 0 0  aaa99988827a9887579aa89597778564aa6666a944353
175387 1 19 5 9 5 0 1 0 0  aaa99988827a9887679aa89697778655aa6354a936454
175389 1 19 5 9 5 1 1 0 0  aaa99988827a9887679aa89697778653aa6554a936454
175391 1 19 5 9 5 2 1 0 0  aaa99988827a9887679aa89697778654aa6555a944363
175421 1 19 5 10 4 2 1 0 0  aaa99988827a9885479aa89497778763aa6666a953545
175423 1 19 5 10 5 0 1 0 0  aaa99988837a9886479aa89397778755aa4256a965646
175425 1 19 5 10 5 1 1 0 0  aaa99988827a9886479aa89497778755aa5356a963646
175426 1 19 5 10 5 2 0 0 0  aaa99988827a9886579aa89597778743aa5346a965646
175427 1 19 5 10 5 2 1 0 0  aaa99988827a9886579aa89597778743aa5446a963656
175458 1 19 6 0 5 0 0 0 0  aaa99988887a9786579aa79498548577aa3526a963646
175478 1 19 6 1 2 1 0 0 0  aaa99988887a9787479aa79398668656aa3675a952445
175490 1 19 6 1 4 1 0 0 0  aaa99988887a9787579aa79498668346aa4675a963525
175500 1 19 6 2 0 0 0 0 0  aaa99988887a9787579aa79498668367aa3645a955642
175502 1 19 6 2 0 1 0 0 0  aaa99988887a9787579aa79498668367aa3645a952645
175622 1 19 6 5 2 1 0 0 0  aaa99988887a9787579aa59498678367aa3664a962554
175865 1 19 7 1 0 2 1 0 0  aaa99928888a9887579aa79897766564aa5463a964753
176056 1 19 7 6 2 2 0 0 0  aaa99958888a9886479aa59897776376aa3657a962454
176159 1 19 7 9 1 2 1 0 0  aaa99968888a9885479aa79897737766aa6265a954534
176195 1 19 7 10 1 2 1 0 0  aaa99968888a9885479aa39897777766aa6265a954534
176227 1 19 8 0 1 0 1 0 0  aaa99988887a9785579aa79596638677aa4268a954634
176239 1 19 8 0 3 0 1 0 0  aaa99988887a9785579aa79596638677aa4268a964534
176262 1 19 8 1 1 0 0 0 0  aaa99988887a9787579aa79496668364aa6278a954553
176264 1 19 8 1 1 1 0 0 0  aaa99988887a9787479aa79396668365aa6578a952445
176286 1 19 8 1 5 0 0 0 0  aaa99988887a9787479aa79395658356aa2678a966454
176305 1 19 8 2 2 0 1 0 0  aaa99988887a9787579aa79496638667aa4268a955534
176310 1 19 8 2 3 0 0 0 0  aaa99988887a9787579aa79496668367aa3558a965442
176312 1 19 8 2 3 1 0 0 0  aaa99988887a9787579aa79496668367aa3458a964552
176492 1 19 8 7 3 1 0 0 0  aaa99988887a9787579aa59496668367aa3458a964752
176657 1 19 9 1 0 2 1 0 0  aaa99988877a9887539aa79896638576aa5476a944652
176689 1 19 9 2 0 0 1 0 0  aaa99988877a9887429aa79897668456aa6563a954573
176725 1 19 9 3 0 0 1 0 0  aaa99988877a9887749aa79896648465aa6575a963532
176729 1 19 9 3 0 2 1 0 0  aaa99988877a9887739aa79896638526aa5476a944655
176765 1 19 9 4 0 2 1 0 0  aaa99988877a9887539aa79896638526aa5476a944675
176796 1 19 9 5 0 0 0 0 0  aaa99988872a9887779aa79896658563aa6357a964445
176797 1 19 9 5 0 0 1 0 0  aaa99988872a9887779aa79896658564aa6457a964335
176869 1 19 9 7 0 0 1 0 0  aaa99988877a9887439aa79897668326aa6565a975544
176872 1 19 9 7 0 2 0 0 0  aaa99988877a9887529aa79897668536aa6364a975445
176898 1 19 9 7 5 0 0 0 0  aaa99988877a9887629aa79897558645aa6334a976564
176905 1 19 9 8 0 0 1 0 0  aaa99988877a9887729aa79897668456aa6563a954543
176935 1 19 9 8 5 0 1 0 0  aaa99988877a9887729aa79897658546aa5644a966533
176951 1 19 9 9 1 2 1 0 0  aaa99988827a9887479aa69897778466aa6365a953545
177137 1 19 10 3 2 2 1 0 0  aaa99975888a9885479aa79898737766aa6266a954534
177143 1 19 10 3 3 2 1 0 0  aaa99975888a9885479aa79898737766aa6265a964534
177149 1 19 10 3 4 2 1 0 0  aaa99975888a9885479aa79898737762aa6666a954534
177151 1 19 10 3 5 0 1 0 0  aaa99976888a9886479aa79898737755aa4256a965634
177153 1 19 10 3 5 1 1 0 0  aaa99976888a9886479aa79898737755aa5256a964634
177154 1 19 10 3 5 2 0 0 0  aaa99976888a9886579aa79898747743aa5346a965652
177155 1 19 10 3 5 2 1 0 0  aaa99976888a9886579aa79898737742aa5446a965635
177179 1 19 10 4 3 2 1 0 0  aaa99975888a9885679aa79898737466aa6276a954534
177187 1 19 10 4 5 0 1 0 0  aaa99976888a9886579aa79898737452aa5576a964634
177189 1 19 10 4 5 1 1 0 0  aaa99976888a9886579aa79898737455aa5276a964634
177191 1 19 10 4 5 2 1 0 0  aaa99976888a9886579aa79898737524aa5476a964635
177208 1 19 10 5 2 2 0 0 0  aaa99965888a9885479aa79898767367aa3766a952445
177244 1 19 10 6 2 2 0 0 0  aaa99965888a9885479aa69898777367aa3766a952445
177407 1 19 10 10 5 2 1 0 0  aaa99975888a9885429aa79898675436aa3675a966774
177640 1 19 11 6 2 2 0 0 0  aaa99956888a9888479aa59897776376aa3657a962454
177743 1 19 11 9 1 2 1 0 0  aaa99965888a9888479aa79897737766aa6265a954534
177779 1 19 11 10 1 2 1 0 0  aaa99965888a9888479aa39897777766aa6265a954534
177869 1 19 12 1 4 2 1 0 0  aaa99977888a9885479aa79897735462aa8666a956534
177873 1 19 12 1 5 1 1 0 0  aaa99977888a9886479aa79897736452aa8556a965634
177874 1 19 12 1 5 2 0 0 0  aaa99977888a9886579aa79897746543aa8346a965652
177875 1 19 12 1 5 2 1 0 0  aaa99977888a9886579aa79897736542aa8446a965635
177923 1 19 12 3 1 2 1 0 0  aaa99975888a9885479aa79897737466aa8266a956534
177929 1 19 12 3 2 2 1 0 0  aaa99975888a9885479aa79897737462aa8665a966534
177941 1 19 12 3 4 2 1 0 0  aaa99975888a9885479aa79897737462aa8666a956534
177945 1 19 12 3 5 1 1 0 0  aaa99976888a9886479aa79897737452aa8556a965634
177946 1 19 12 3 5 2 0 0 0  aaa99976888a9886579aa79897747543aa8346a965652
177947 1 19 12 3 5 2 1 0 0  aaa99976888a9886579aa79897737542aa8446a965635
177977 1 19 12 4 4 2 1 0 0  aaa99975888a9885479aa79897735462aa8666a956734
177981 1 19 12 4 5 1 1 0 0  aaa99976888a9886479aa79897736452aa8556a965734
177982 1 19 12 4 5 2 0 0 0  aaa99976888a9886579aa79897746543aa8346a965752
177983 1 19 12 4 5 2 1 0 0  aaa99976888a9886579aa79897736542aa8446a965735
177995 1 19 12 5 1 2 1 0 0  aaa99935888a9885479aa79897766672aa8667a954534
178067 1 19 12 7 1 2 1 0 0  aaa99935888a9885479aa79897766672aa8665a974534
178151 1 19 12 9 3 2 1 0 0  aaa99965888a9885479aa79897737766aa8266a954534
178187 1 19 12 10 3 2 1 0 0  aaa99965888a9885479aa39897777766aa8266a954534
178247 1 19 13 1 1 2 1 0 0  aaa99985788a9838479aa89897766672aa7665a954534
178319 1 19 13 3 1 2 1 0 0  aaa99985688a9838479aa89897775472aa7666a956534
178330 1 19 13 3 3 2 0 0 0  aaa99985488a9868379aa89897775376aa7666a952445
178387 1 19 13 5 1 0 1 0 0  aaa99985588a9838579aa89897766672aa4676a974534
178430 1 19 13 6 2 1 0 0 0  aaa99986588a9858479aa89897776376aa3657a962454
178432 1 19 13 6 2 2 0 0 0  aaa99986588a9848579aa89897776576aa5637a962434
178459 1 19 13 7 1 0 1 0 0  aaa99985588a9878569aa89897776672aa4636a974534
178477 1 19 13 7 4 0 1 0 0  aaa99986688a9878529aa89897776475aa5536a974634
178481 1 19 13 7 4 2 1 0 0  aaa99986688a9878529aa89897776574aa5436a974635
178508 1 19 13 8 3 1 0 0 0  aaa99985488a9868579aa89897775376aa3666a972445
178510 1 19 13 8 3 2 0 0 0  aaa99984588a9868579aa89897773576aa5666a972443
178544 1 19 13 9 3 1 0 0 0  aaa99985488a9868579aa89897777376aa3666a952445
178546 1 19 13 9 3 2 0 0 0  aaa99984588a9868579aa89897777576aa5666a944332
178727 1 19 14 3 3 2 1 0 0  aaa99965788a9885469aa69698638872aa7777a954534
178799 1 19 14 5 3 2 1 0 0  aaa99977788a9887429aa79498678866aa6365a953545
178825 1 19 14 6 2 0 1 0 0  aaa99966688a9885529aa69598768873aa4777a937544
178827 1 19 14 6 2 1 1 0 0  aaa99966688a9885529aa69498768873aa3777a957544
178829 1 19 14 6 2 2 1 0 0  aaa99966688a9885429aa69498768873aa3777a957545
178839 1 19 14 6 4 1 1 0 0  aaa99965688a9885529aa69498768873aa3777a957644
178841 1 19 14 6 4 2 1 0 0  aaa99965688a9885429aa69498768873aa3777a957645
178845 1 19 14 6 5 1 1 0 0  aaa99965588a9885429aa69498768873aa3777a957664
178885 1 19 14 8 0 0 1 0 0  aaa99966588a9886469aa69498738872aa7777a955534
178897 1 19 14 8 2 0 1 0 0  aaa99966688a9885529aa69598768874aa7777a944533
178901 1 19 14 8 2 2 1 0 0  aaa99966688a9885429aa69498768873aa7777a953545
178913 1 19 14 8 4 2 1 0 0  aaa99965688a9885429aa69498768873aa7777a953645
178971 1 19 14 10 2 1 1 0 0  aaa99975588a9885429aa79498678866aa6375a963774
178989 1 19 14 10 5 1 1 0 0  aaa99975588a9885429aa79498678836aa3675a966774
178997 1 19 15 0 0 2 1 0 0  aaa99988877a9686569aa89797648533aa7748a925645
179004 1 19 15 0 2 0 0 0 0  aaa99988877a9686629aa89797658546aa7748a935543
179005 1 19 15 0 2 0 1 0 0  aaa99988877a9686659aa89797658356aa7758a943424
179009 1 19 15 0 2 2 1 0 0  aaa99988877a9685469aa89797668436aa7738a954525
179011 1 19 15 0 3 0 1 0 0  aaa99988877a9686649aa89797648455aa7758a953632
179015 1 19 15 0 3 2 1 0 0  aaa99988877a9686659aa89797558536aa7738a924644
179017 1 19 15 0 4 0 1 0 0  aaa99988877a9684369aa89797668655aa7758a953424
179023 1 19 15 0 5 0 1 0 0  aaa99988877a9684359aa89797658356aa7758a966424
179026 1 19 15 0 5 2 0 0 0  aaa99988877a9683449aa89797658426aa7758a966553
179027 1 19 15 0 5 2 1 0 0  aaa99988877a9684539aa89797638526aa7678a965454
179029 1 19 15 1 0 0 1 0 0  aaa99988877a9786639aa89795358676aa7528a964544
179034 1 19 15 1 1 0 0 0 0  aaa99988877a9785569aa89796638574aa7268a954634
179069 1 19 15 2 0 2 1 0 0  aaa99988877a9786659aa89797558546aa7448a962363
179095 1 19 15 2 5 0 1 0 0  aaa99988877a9784359aa89797658356aa7658a966424
179098 1 19 15 2 5 2 0 0 0  aaa99988877a9783449aa89797658426aa7658a966553
179099 1 19 15 2 5 2 1 0 0  aaa99988877a9783529aa89794678546aa7648a966355
179105 1 19 15 3 0 2 1 0 0  aaa99988877a9787539aa89796638526aa7468a944655
179109 1 19 15 3 1 1 1 0 0  aaa99988877a9787469aa89796638455aa7268a955634
179111 1 19 15 3 1 2 1 0 0  aaa99988877a9787469aa89796638425aa7568a955634
179137 1 19 15 4 0 0 1 0 0  aaa99988877a9786629aa89794558646aa7548a963573
179142 1 19 15 4 1 0 0 0 0  aaa99988877a9785569aa89796628534aa7368a954674
179143 1 19 15 4 1 0 1 0 0  aaa99988877a9785469aa89796628455aa7368a953674
179144 1 19 15 4 1 1 0 0 0  aaa99988877a9783469aa89796648455aa7268a955673
179145 1 19 15 4 1 1 1 0 0  aaa99988877a9785469aa89796638325aa7568a954674
179146 1 19 15 4 1 2 0 0 0  aaa99988877a9783469aa89796648425aa7568a955673
179147 1 19 15 4 1 2 1 0 0  aaa99988877a9784369aa89796568366aa7528a955474
179234 1 19 15 6 4 1 0 0 0  aaa99988877a9787569aa89497678346aa4658a963552
179243 1 19 15 6 5 2 1 0 0  aaa99988877a9787529aa89597678536aa3648a966445
179245 1 19 15 7 0 0 1 0 0  aaa99988877a9786629aa89797558637aa4638a965544
179274 1 19 15 7 5 0 0 0 0  aaa99988877a9784659aa89797548657aa6528a936463
179311 1 19 15 8 5 0 1 0 0  aaa99988877a9787529aa89797658536aa4638a966544
179315 1 19 15 8 5 2 1 0 0  aaa99988877a9787429aa89797658436aa3658a966554
179351 1 19 15 9 5 2 1 0 0  aaa99988877a9787729aa89497658436aa3658a966554
179400 1 19 16 0 2 0 0 0 0  aaa99988877a9686629aa89797658576aa8354a937445
179401 1 19 16 0 2 0 1 0 0  aaa99988877a9686639aa89797658376aa8554a957424
179406 1 19 16 0 3 0 0 0 0  aaa99988877a9686629aa89797658573aa8356a947445
179476 1 19 16 2 2 2 0 0 0  aaa99988877a9785369aa89797668346aa8645a952475
179491 1 19 16 2 5 0 1 0 0  aaa99988877a9785539aa89797638546aa8644a966572
179496 1 19 16 3 0 0 0 0 0  aaa99988877a9787549aa89796628456aa8563a935674
179539 1 19 16 4 1 0 1 0 0  aaa99988877a9785569aa89796628534aa8365a944677
179541 1 19 16 4 1 1 1 0 0  aaa99988877a9785269aa89796638354aa8565a944677
179543 1 19 16 4 1 2 1 0 0  aaa99988877a9786369aa89796648325aa8546a955477
179554 1 19 16 4 3 2 0 0 0  aaa99988877a9785269aa89796648463aa8345a956577
179555 1 19 16 4 3 2 1 0 0  aaa99988877a9785469aa89796628436aa8365a954577
179629 1 19 16 6 4 0 1 0 0  aaa99988877a9787539aa89497678362aa8666a955544
179633 1 19 16 6 4 2 1 0 0  aaa99988877a9787529aa89597678564aa8666a944353
179635 1 19 16 6 5 0 1 0 0  aaa99988877a9787439aa89497678356aa8652a966545
179640 1 19 16 7 0 0 0 0 0  aaa99988877a9786629aa89797558667aa8546a934543
179641 1 19 16 7 0 0 1 0 0  aaa99988877a9786639aa89797538667aa8556a924544
179707 1 19 16 8 5 0 1 0 0  aaa99988877a9787529aa89797658546aa8644a966533
179825 1 19 17 1 0 2 1 0 0  aaa99977788a9868629aa89898775667aa4365a953544
179854 1 19 17 1 5 2 0 0 0  aaa99977788a9838529aa89898776547aa5436a964656
179969 1 19 17 5 0 2 1 0 0  aaa99977788a9878529aa89898676566aa5437a944635
180014 1 19 17 6 2 1 0 0 0  aaa99966688a9868479aa89898777357aa3765a952445
180026 1 19 17 6 4 1 0 0 0  aaa99965688a9868479aa89898777357aa3765a944625
180067 1 19 17 7 5 0 1 0 0  aaa99977788a9878529aa89898657546aa7644a966533
180180 1 19 18 0 0 0 0 0 0  aaa99977588a9888429aa79798767866aa3565a965443
180182 1 19 18 0 0 1 0 0 0  aaa99977588a9888429aa79798767866aa3465a964535
180185 1 19 18 0 0 2 1 0 0  aaa99977588a9888529aa79798767866aa5364a963454
180191 1 19 18 0 1 2 1 0 0  aaa99977488a9888429aa79798767866aa6365a953545
180299 1 19 18 3 1 2 1 0 0  aaa99965788a9888479aa39798777866aa6265a954534
180410 1 19 18 6 2 1 0 0 0  aaa99966688a9888479aa69398777857aa3765a952445
180422 1 19 18 6 4 1 0 0 0  aaa99965688a9888479aa69398777857aa3765a944625
180530 1 19 18 9 4 1 0 0 0  aaa99966488a9888379aa69398765857aa2765a977445
180573 1 19 18 10 5 1 1 0 0  aaa99975588a9888429aa79498675836aa3675a966774
180946 1 19 19 10 1 2 0 0 0  aaa99975488a9885369aa79898676368aa2675a944775
180967 1 19 19 10 5 0 1 0 0  aaa99976588a9886429aa79898576538aa3576a964774
180971 1 19 19 10 5 2 1 0 0  aaa99976588a9886529aa79898476538aa3476a964775
180986 1 19 20 0 2 1 0 0 0  aaa99977588a9888479aa79898666376aa3657a944552
180990 1 19 20 0 3 0 0 0 0  aaa99977588a9888479aa79898666376aa3467a954552
180992 1 19 20 0 3 1 0 0 0  aaa99977588a9888479aa79898666376aa3567a955442
181157 1 19 20 5 0 2 1 0 0  aaa99977788a9888529aa79898676566aa5437a944635
181188 1 19 20 6 0 0 0 0 0  aaa99966588a9888479aa49898777367aa3765a955246
181190 1 19 20 6 0 1 0 0 0  aaa99966588a9888479aa59898777367aa3764a962554
181202 1 19 20 6 2 1 0 0 0  aaa99966688a9888479aa69898777357aa3765a952445
181214 1 19 20 6 4 1 0 0 0  aaa99965688a9888479aa69898777357aa3765a944625
181225 1 19 20 7 0 0 1 0 0  aaa99977788a9888729aa79898667456aa6563a954543
181255 1 19 20 7 5 0 1 0 0  aaa99977788a9888729aa79898657546aa5644a966533
181487 1 19 21 3 1 2 1 0 0  aaa99965788a9888879aa39798777466aa6265a954534
181549 1 19 21 5 0 0 1 0 0  aaa99977788a9888869aa79698674355aa6657a953424
181598 1 19 21 6 2 1 0 0 0  aaa99966688a9888879aa69498777357aa3765a952445
181610 1 19 21 6 4 1 0 0 0  aaa99965688a9888879aa69498777357aa3765a944625
181883 1 19 22 3 1 2 1 0 0  aaa99965778a9777489aa39798888866aa6265a954534
181994 1 19 22 6 2 1 0 0 0  aaa99966678a9777489aa69398888857aa3765a952445
182006 1 19 22 6 4 1 0 0 0  aaa99965678a9777489aa69398888857aa3765a944625
182407 1 20 0 6 5 0 1 0 0  aaa99998878a9778729aa89898765547aa5464a653663
182532 1 20 0 10 2 0 0 0 0  aaa99998868a9768629aa89898765547aa4765a775343
182533 1 20 0 10 2 0 1 0 0  aaa99998868a9768629aa89898765537aa5763a774544
182537 1 20 0 10 2 2 1 0 0  aaa99998868a9768629aa89898765437aa3765a774545
182593 1 20 1 1 0 0 1 0 0  aaa99996688a9877729aa89697676485aa8785a534543
182608 1 20 1 1 2 2 0 0 0  aaa99995488a9877769aa89397676386aa8785a652445
182728 1 20 1 4 4 2 0 0 0  aaa99995488a9877779aa89397676386aa8685a652445
182734 1 20 1 4 5 2 0 0 0  aaa99995488a9877779aa89397675386aa8685a662445
182872 1 20 1 8 4 2 0 0 0  aaa99995488a9865379aa89797775386aa8687a662445
183002 1 20 2 1 2 1 0 0 0  aaa99995488a9877769aa89597676386aa3788a652445
183004 1 20 2 1 2 2 0 0 0  aaa99994588a9877769aa89597676586aa5788a644332
183026 1 20 2 2 0 1 0 0 0  aaa99997588a9877779aa89496576386aa3688a545624
183028 1 20 2 2 0 2 0 0 0  aaa99997588a9877779aa89596476586aa5688a433642
183036 1 20 2 2 2 0 0 0 0  aaa99997588a9877779aa89496676386aa3488a654552
183038 1 20 2 2 2 1 0 0 0  aaa99997588a9877779aa89496676386aa3588a655442
183046 1 20 2 2 3 2 0 0 0  aaa99997488a9877779aa89396576685aa3688a545624
183054 1 20 2 2 5 0 0 0 0  aaa99997588a9877779aa89494675486aa3688a663552
183056 1 20 2 2 5 1 0 0 0  aaa99997588a9877779aa89495675586aa3688a663442
183122 1 20 2 4 4 1 0 0 0  aaa99995488a9877779aa89597676386aa3688a652445
183124 1 20 2 4 4 2 0 0 0  aaa99994588a9877779aa89597676586aa5688a644332
183128 1 20 2 4 5 1 0 0 0  aaa99995488a9877779aa89597675386aa3688a662445
183130 1 20 2 4 5 2 0 0 0  aaa99994588a9877779aa89597673586aa5688a662443
183176 1 20 2 6 1 1 0 0 0  aaa99995488a9866679aa89597775387aa3688a672445
183178 1 20 2 6 1 2 0 0 0  aaa99994588a9866679aa89597773587aa5688a672443
183180 1 20 2 6 2 0 0 0 0  aaa99996588a9866679aa89497776387aa3588a572454
183182 1 20 2 6 2 1 0 0 0  aaa99996588a9866679aa89497776387aa3588a575442
183194 1 20 2 6 4 1 0 0 0  aaa99995488a9865379aa89597774487aa3688a672665
183196 1 20 2 6 4 2 0 0 0  aaa99994588a9863579aa89597773587aa4688a672664
183200 1 20 2 6 5 1 0 0 0  aaa99996588a9846479aa89497776387aa3588a575626
183226 1 20 2 7 3 2 0 0 0  aaa99997488a9877769aa89796576385aa3688a545624
183350 1 20 3 0 0 1 0 0 0  aaa99998588a9877479aa89398676375aa2667a455846
183352 1 20 3 0 0 2 0 0 0  aaa99998588a9877579aa89598676574aa4667a433826
183356 1 20 3 0 1 1 0 0 0  aaa99998588a9877479aa89398676675aa3667a545824
183358 1 20 3 0 1 2 0 0 0  aaa99998588a9877579aa89598676674aa5667a433842
183360 1 20 3 0 2 0 0 0 0  aaa99998588a9877479aa89398676676aa3657a545824
183362 1 20 3 0 2 1 0 0 0  aaa99998588a9877479aa89398676676aa3647a555842
183372 1 20 3 0 4 0 0 0 0  aaa99998588a9877479aa89398675676aa3647a655842
183378 1 20 3 0 5 0 0 0 0  aaa99998588a9877479aa89398675576aa3647a656842
183414 1 20 3 1 5 0 0 0 0  aaa99998688a9877749aa89698774637aa6553a256854
183415 1 20 3 1 5 0 1 0 0  aaa99998688a9877729aa89698774657aa6533a546854
183563 1 20 3 5 5 2 1 0 0  aaa99998588a9877729aa89598674536aa3674a676854
183564 1 20 3 6 0 0 0 0 0  aaa99998588a9866479aa89398777367aa2765a455846
183570 1 20 3 6 1 0 0 0 0  aaa99998588a9866679aa89498777367aa3765a455842
183572 1 20 3 6 1 1 0 0 0  aaa99998588a9866679aa89498777367aa3764a555824
183578 1 20 3 6 2 1 0 0 0  aaa99998588a9866679aa89498777347aa4765a653825
183590 1 20 3 6 4 1 0 0 0  aaa99998588a9866479aa89398777347aa4765a652865
183635 1 20 3 7 5 2 1 0 0  aaa99998788a9877749aa89598674436aa5637a665852
183636 1 20 3 8 0 0 0 0 0  aaa99998588a9866479aa89798777367aa3565a465842
183638 1 20 3 8 0 1 0 0 0  aaa99998588a9866479aa89798777367aa3564a565824
183672 1 20 3 9 0 0 0 0 0  aaa99998588a9866479aa89398777767aa3565a465842
183674 1 20 3 9 0 1 0 0 0  aaa99998588a9866479aa89398777767aa3564a565824
183725 1 20 3 10 2 2 1 0 0  aaa99998588a9866629aa89598764537aa3764a777854
183731 1 20 3 10 3 2 1 0 0  aaa99998588a9866649aa89598764437aa5736a777852
183739 1 20 3 10 5 0 1 0 0  aaa99998688a9855639aa89698753647aa6744a777825
183743 1 20 3 10 5 2 1 0 0  aaa99998688a9854629aa89698754637aa6753a777854
183814 1 20 4 1 5 2 0 0 0  aaa99996588a9877729aa89598776547aa5436a364886
183820 1 20 4 2 0 2 0 0 0  aaa99997588a9877779aa89598676546aa6426a435883
183959 1 20 4 5 5 2 1 0 0  aaa99997588a9877729aa89598674536aa3674a665884
183985 1 20 4 6 4 0 1 0 0  aaa99996688a9856579aa89598777427aa4756a363884
183999 1 20 4 7 0 1 1 0 0  aaa99997488a9877729aa89798676456aa6556a353884
184213 1 20 5 2 0 0 1 0 0  aaa99997488a9877779aa89898676426aa6556a353854
184325 1 20 5 5 0 2 1 0 0  aaa99997488a9877739aa89898676326aa6576a555844
184340 1 20 5 5 3 1 0 0 0  aaa99997488a9877769aa89898676356aa3576a545824
184351 1 20 5 5 5 0 1 0 0  aaa99997588a9877729aa89898675536aa3675a664844
184355 1 20 5 5 5 2 1 0 0  aaa99997588a9877729aa89898674536aa3674a665854
184393 1 20 5 7 0 0 1 0 0  aaa99997288a9877739aa89898676366aa7455a454856
184405 1 20 5 7 2 0 1 0 0  aaa99997488a9877769aa89898676426aa7655a533845
184411 1 20 5 7 3 0 1 0 0  aaa99997488a9877769aa89898676426aa7556a353854
184517 1 20 5 10 2 2 1 0 0  aaa99995488a9866629aa89898765437aa3765a777845
184566 1 20 6 0 5 0 0 0 0  aaa99997788a9877579aa89798654586aa4652a663834
184632 1 20 6 2 4 0 0 0 0  aaa99997588a9877779aa89498676386aa3645a655842
184634 1 20 6 2 4 1 0 0 0  aaa99997588a9877779aa89498676386aa3645a652845
184640 1 20 6 2 5 1 0 0 0  aaa99997588a9877779aa89498675386aa3645a662845
184728 1 20 6 5 2 0 0 0 0  aaa99997588a9877769aa89498676386aa3675a455842
184730 1 20 6 5 2 1 0 0 0  aaa99997588a9877769aa89498676386aa3674a555824
184748 1 20 6 5 5 1 0 0 0  aaa99997588a9877759aa89498675586aa3674a663824
184758 1 20 6 6 1 0 0 0 0  aaa99995588a9866579aa89498777387aa3765a644826
184760 1 20 6 6 1 1 0 0 0  aaa99996588a9866579aa89498777387aa3764a655824
184766 1 20 6 6 2 1 0 0 0  aaa99995488a9866679aa89598777387aa3765a644825
184768 1 20 6 6 2 2 0 0 0  aaa99994588a9866679aa89598777587aa5763a644823
184770 1 20 6 6 3 0 0 0 0  aaa99996588a9866679aa89498777387aa3765a455842
184772 1 20 6 6 3 1 0 0 0  aaa99996588a9866679aa89498777387aa3764a555824
184778 1 20 6 6 4 1 0 0 0  aaa99995488a9866579aa89398777387aa2765a644865
184780 1 20 6 6 4 2 0 0 0  aaa99994588a9866579aa89598777587aa2763a644863
184784 1 20 6 6 5 1 0 0 0  aaa99996588a9856479aa89398777387aa2756a464856
184786 1 20 6 6 5 2 0 0 0  aaa99996588a9846579aa89598777587aa2736a464836
184789 1 20 6 7 0 0 1 0 0  aaa99997488a9877729aa89798676486aa6556a353854
184791 1 20 6 7 0 1 1 0 0  aaa99997488a9877729aa89798676486aa6556a355834
184793 1 20 6 7 0 2 1 0 0  aaa99997488a9877729aa89798676486aa6536a555834
184819 1 20 6 7 5 0 1 0 0  aaa99997588a9877729aa89798675586aa4635a664834
184897 1 20 6 10 0 0 1 0 0  aaa99996688a9866439aa89698755387aa4752a777845
185375 1 20 8 1 1 2 1 0 0  aaa99995688a9877729aa89498778467aa6665a353584
185379 1 20 8 1 2 1 1 0 0  aaa99995588a9877739aa89498778367aa4665a266584
185381 1 20 8 1 2 2 1 0 0  aaa99995488a9877739aa89498778367aa4665a266585
185385 1 20 8 1 3 1 1 0 0  aaa99995588a9877729aa89498778467aa6665a363584
185398 1 20 8 1 5 2 0 0 0  aaa99996588a9877729aa89598778547aa5436a364686
185464 1 20 8 3 4 2 0 0 0  aaa99995488a9864479aa89398778777aa3625a666585
185468 1 20 8 3 5 1 0 0 0  aaa99996588a9846479aa89398778777aa3546a565682
185534 1 20 8 5 4 1 0 0 0  aaa99997488a9877769aa89398678356aa2675a644585
185543 1 20 8 5 5 2 1 0 0  aaa99997588a9877729aa89598678536aa3674a665484
185575 1 20 8 6 5 0 1 0 0  aaa99996588a9856579aa89498778727aa4756a363684
185581 1 20 8 7 0 0 1 0 0  aaa99997688a9877729aa89798678666aa5554a345384
185582 1 20 8 7 0 1 0 0 0  aaa99997688a9877729aa89798678666aa4555a345384
185583 1 20 8 7 0 1 1 0 0  aaa99997688a9877729aa89798678666aa5534a545384
185584 1 20 8 7 0 2 0 0 0  aaa99997688a9877729aa89798678666aa4534a555384
185585 1 20 8 7 0 2 1 0 0  aaa99997688a9877729aa89798678635aa3664a555484
185632 1 20 8 8 2 2 0 0 0  aaa99995488a9874479aa89398778767aa3665a266585
185701 1 20 8 10 2 0 1 0 0  aaa99995588a9866629aa89598768437aa4763a777584
185703 1 20 8 10 2 1 1 0 0  aaa99995588a9866629aa89498768437aa3765a777584
185715 1 20 8 10 4 1 1 0 0  aaa99995588a9865629aa89498768437aa3765a777684
185761 1 20 9 1 0 0 1 0 0  aaa99996688a9877769aa89498776428aa6755a533845
185779 1 20 9 1 3 0 1 0 0  aaa99996488a9877769aa89498776628aa6755a533845
185785 1 20 9 1 4 0 1 0 0  aaa99996688a9877729aa89598776458aa5756a364834
185789 1 20 9 1 4 2 1 0 0  aaa99996688a9877729aa89598776538aa3746a465845
185795 1 20 9 1 5 2 1 0 0  aaa99996588a9877729aa89598776538aa3746a465846
185798 1 20 9 2 0 1 0 0 0  aaa99997488a9877779aa89398676368aa2645a555846
185918 1 20 9 5 2 1 0 0 0  aaa99997588a9877769aa89498676348aa4675a653825
185939 1 20 9 5 5 2 1 0 0  aaa99997588a9877729aa89598674538aa3674a666854
185979 1 20 9 7 0 1 1 0 0  aaa99997488a9877739aa89798676368aa4652a555846
185980 1 20 9 7 0 2 0 0 0  aaa99997588a9877729aa89798676568aa5644a335846
186172 1 20 10 1 2 2 0 0 0  aaa99995888a9885479aa79898767376aa3675a644625
186245 1 20 10 3 2 2 1 0 0  aaa99995888a9885479aa79898737766aa6275a664534
186251 1 20 10 3 3 2 1 0 0  aaa99995888a9885479aa79898737766aa6276a654534
186257 1 20 10 3 4 2 1 0 0  aaa99995888a9885479aa79898737726aa6675a664534
186263 1 20 10 3 5 2 1 0 0  aaa99995888a9885479aa79898737726aa4675a666534
186281 1 20 10 4 2 2 1 0 0  aaa99995888a9885479aa79898727466aa6375a663574
186287 1 20 10 4 3 2 1 0 0  aaa99995888a9885479aa79898727466aa6376a653574
186289 1 20 10 4 4 0 1 0 0  aaa99995888a9885579aa79898737326aa6674a665474
186293 1 20 10 4 4 2 1 0 0  aaa99995888a9885479aa79898737326aa6675a664574
186299 1 20 10 4 5 2 1 0 0  aaa99995888a9885479aa79898727436aa3675a666574
186316 1 20 10 5 2 2 0 0 0  aaa99995888a9885479aa79898767367aa3766a652445
186352 1 20 10 6 2 2 0 0 0  aaa99995888a9885479aa69898777367aa3766a652445
186364 1 20 10 6 4 2 0 0 0  aaa99995888a9885479aa69898777367aa3765a644625
186491 1 20 10 10 1 2 1 0 0  aaa99995888a9885469aa69898736627aa4765a777534
186497 1 20 10 10 2 2 1 0 0  aaa99995888a9885469aa29898766437aa3765a777564
186509 1 20 10 10 4 2 1 0 0  aaa99995888a9885469aa39898766627aa4765a777534
186515 1 20 10 10 5 2 1 0 0  aaa99995888a9885429aa69898765437aa3765a777664
186536 1 20 11 0 3 1 0 0 0  aaa99995888a9888479aa79897666376aa3565a772445
187355 1 20 13 1 1 2 1 0 0  aaa99995788a9838479aa89897766676aa7285a654534
187432 1 20 13 3 2 2 0 0 0  aaa99995488a9868379aa89897775376aa7685a644625
187438 1 20 13 3 3 2 0 0 0  aaa99995488a9868379aa89897775376aa7686a652445
187463 1 20 13 4 1 2 1 0 0  aaa99997588a9838579aa89897766626aa5487a644735
187478 1 20 13 4 4 1 0 0 0  aaa99997588a9848479aa89897755526aa6687a664733
187495 1 20 13 5 1 0 1 0 0  aaa99995588a9838579aa89897766676aa4287a764534
187538 1 20 13 6 2 1 0 0 0  aaa99995488a9868579aa89897775376aa3687a644625
187540 1 20 13 6 2 2 0 0 0  aaa99994588a9868579aa89897773576aa5687a644623
187546 1 20 13 6 3 2 0 0 0  aaa99995488a9868379aa89897775376aa6687a652445
187610 1 20 13 8 2 1 0 0 0  aaa99995488a9868579aa89897774476aa3685a673625
187612 1 20 13 8 2 2 0 0 0  aaa99994588a9868579aa89897773576aa5683a674624
187646 1 20 13 9 2 1 0 0 0  aaa99995488a9868579aa89897777376aa3685a644625
187648 1 20 13 9 2 2 0 0 0  aaa99994588a9868579aa89897777576aa5683a644623
187812 1 20 14 3 0 0 0 0 0  aaa99993788a9886649aa59698648872aa7777a565345
187813 1 20 14 3 0 0 1 0 0  aaa99993788a9886659aa59698648875aa7777a562443
187817 1 20 14 3 0 2 1 0 0  aaa99994788a9886629aa59698658873aa7777a563454
187864 1 20 14 4 2 2 0 0 0  aaa99995488a9885379aa79798768867aa3766a652445
187876 1 20 14 4 4 2 0 0 0  aaa99995488a9885379aa79798768867aa3765a644625
187899 1 20 14 5 2 1 1 0 0  aaa99995588a9885479aa79798738866aa6275a664734
187911 1 20 14 5 4 1 1 0 0  aaa99995588a9885479aa79798738826aa6675a664734
187917 1 20 14 5 5 1 1 0 0  aaa99995588a9885479aa79798738826aa4675a666734
187935 1 20 14 6 2 1 1 0 0  aaa99995588a9885469aa69698738872aa4777a657634
187943 1 20 14 6 3 2 1 0 0  aaa99995688a9885469aa69698738872aa4777a657534
187947 1 20 14 6 4 1 1 0 0  aaa99995588a9885429aa69698768873aa3777a657644
187949 1 20 14 6 4 2 1 0 0  aaa99995488a9885429aa69698768873aa3777a657645
187953 1 20 14 6 5 1 1 0 0  aaa99995588a9885429aa69498768873aa3777a657664
187973 1 20 14 7 2 2 1 0 0  aaa99995788a9885479aa79798738866aa6275a664534
187979 1 20 14 7 3 2 1 0 0  aaa99995788a9885479aa79798738866aa6276a654534
187985 1 20 14 7 4 2 1 0 0  aaa99995788a9885479aa79798738826aa6675a664534
187991 1 20 14 7 5 2 1 0 0  aaa99995788a9885479aa79798738826aa4675a666534
188015 1 20 14 8 3 2 1 0 0  aaa99995688a9885469aa69698738872aa7777a654534
188042 1 20 14 9 2 1 0 0 0  aaa99995488a9885379aa69598768867aa3766a772445
188044 1 20 14 9 2 2 0 0 0  aaa99994588a9883579aa69598768867aa5766a772443
188079 1 20 14 10 2 1 1 0 0  aaa99995588a9885469aa69698738827aa4765a777634
188087 1 20 14 10 3 2 1 0 0  aaa99995688a9885469aa69698738827aa4765a777534
188091 1 20 14 10 4 1 1 0 0  aaa99995588a9885429aa69698768837aa3765a777644
188093 1 20 14 10 4 2 1 0 0  aaa99995488a9885429aa69698768837aa3765a777645
188097 1 20 14 10 5 1 1 0 0  aaa99995588a9885429aa69498768837aa3765a777664
188147 1 20 15 1 1 2 1 0 0  aaa99995688a9877729aa89898778467aa6665a354534
188306 1 20 15 5 4 1 0 0 0  aaa99997488a9877769aa89898678356aa3675a652445
188315 1 20 15 5 5 2 1 0 0  aaa99997588a9877729aa89898678536aa3674a665454
188383 1 20 15 7 5 0 1 0 0  aaa99997488a9877739aa89898678356aa7652a664545
188473 1 20 15 10 2 0 1 0 0  aaa99995588a9866629aa89898768537aa4763a777544
188475 1 20 15 10 2 1 1 0 0  aaa99995588a9866629aa89898768437aa3765a777544
188477 1 20 15 10 2 2 1 0 0  aaa99995488a9866629aa89898768437aa3765a777545
188487 1 20 15 10 4 1 1 0 0  aaa99995588a9865629aa89898768437aa3765a777644
188489 1 20 15 10 4 2 1 0 0  aaa99995488a9865629aa89898768437aa3765a777645
188493 1 20 15 10 5 1 1 0 0  aaa99995588a9865429aa89898768437aa3765a777664
188563 1 20 16 1 5 0 1 0 0  aaa99996588a9877729aa89898776458aa5756a364634
188567 1 20 16 1 5 2 1 0 0  aaa99996588a9877729aa89898776538aa3746a465645
188612 1 20 16 3 1 1 0 0 0  aaa99996588a9866479aa89898777378aa3765a652445
188614 1 20 16 3 1 2 0 0 0  aaa99996588a9866579aa89898777578aa5764a644332
188620 1 20 16 3 2 2 0 0 0  aaa99995488a9866679aa89898777378aa3765a652445
188632 1 20 16 3 4 2 0 0 0  aaa99995488a9865679aa89898777378aa3765a644625
188638 1 20 16 3 5 2 0 0 0  aaa99995488a9865379aa89898777378aa2765a644665
188690 1 20 16 5 2 1 0 0 0  aaa99997488a9877769aa89898676358aa3675a652445
188707 1 20 16 5 5 0 1 0 0  aaa99997588a9877729aa89898675538aa4673a666544
188711 1 20 16 5 5 2 1 0 0  aaa99997488a9877729aa89898675438aa3675a666545
188749 1 20 16 7 0 0 1 0 0  aaa99997488a9877729aa89898676468aa7655a533645
188767 1 20 16 7 3 0 1 0 0  aaa99997488a9877769aa89898676428aa7655a533645
188779 1 20 16 7 5 0 1 0 0  aaa99997588a9877729aa89898675548aa7644a666533
188800 1 20 16 8 2 2 0 0 0  aaa99995488a9875379aa89898777368aa2766a644565
188806 1 20 16 8 3 2 0 0 0  aaa99995488a9875379aa89898777368aa6766a652445
188812 1 20 16 8 4 2 0 0 0  aaa99995488a9875379aa89898777368aa2765a644665
188816 1 20 16 8 5 1 0 0 0  aaa99996588a9876479aa89898777348aa4756a563652
188866 1 20 16 10 1 2 0 0 0  aaa99995488a9875369aa89898676368aa2675a744775
188887 1 20 16 10 5 0 1 0 0  aaa99996588a9876429aa89898576538aa3576a764774
188891 1 20 16 10 5 2 1 0 0  aaa99996588a9876529aa89898476538aa3476a764775
188942 1 20 17 1 2 1 0 0 0  aaa99995488a9868379aa89898774477aa3657a662565
188944 1 20 17 1 2 2 0 0 0  aaa99994588a9868579aa89898773577aa5647a662463
189088 1 20 17 5 2 2 0 0 0  aaa99995488a9878379aa89898775367aa2766a644565
189094 1 20 17 5 3 2 0 0 0  aaa99995488a9878379aa89898775367aa6766a652445
189100 1 20 17 5 4 2 0 0 0  aaa99995488a9878379aa89898775367aa2765a644665
189104 1 20 17 5 5 1 0 0 0  aaa99996588a9878479aa89898776347aa4756a563652
189122 1 20 17 6 2 1 0 0 0  aaa99995488a9868579aa89898777367aa3766a652445
189124 1 20 17 6 2 2 0 0 0  aaa99994588a9868579aa89898777567aa5766a644332
189157 1 20 17 7 2 0 1 0 0  aaa99997588a9878439aa89898777367aa4665a266554
189174 1 20 17 7 5 0 0 0 0  aaa99997688a9878629aa89898777647aa6554a356354
189175 1 20 17 7 5 0 1 0 0  aaa99997688a9878629aa89898777657aa6534a546534
189301 1 20 18 0 2 0 1 0 0  aaa99997788a9888359aa79798757866aa6566a543424
189313 1 20 18 0 4 0 1 0 0  aaa99997788a9888359aa79798757865aa6666a543424
189448 1 20 18 4 2 2 0 0 0  aaa99995488a9888379aa79798765867aa3766a652445
189518 1 20 18 6 2 1 0 0 0  aaa99995488a9888579aa69398777867aa3766a652445
189520 1 20 18 6 2 2 0 0 0  aaa99994588a9888579aa69598777867aa5766a644332
189557 1 20 18 7 2 2 1 0 0  aaa99995788a9888479aa79798735866aa6275a664534
189563 1 20 18 7 3 2 1 0 0  aaa99995788a9888479aa79798735866aa6276a654534
189569 1 20 18 7 4 2 1 0 0  aaa99995788a9888479aa79798735826aa6675a664534
189575 1 20 18 7 5 2 1 0 0  aaa99995788a9888479aa79798735826aa4675a666534
189626 1 20 18 9 2 1 0 0 0  aaa99995488a9888579aa69398765867aa3766a772445
189628 1 20 18 9 2 2 0 0 0  aaa99994588a9888579aa69598763867aa5766a772443
189663 1 20 18 10 2 1 1 0 0  aaa99995588a9888469aa69698735827aa4765a777634
189675 1 20 18 10 4 1 1 0 0  aaa99995588a9888429aa69698765837aa3765a777644
189677 1 20 18 10 4 2 1 0 0  aaa99995488a9888429aa69698765837aa3765a777645
189681 1 20 18 10 5 1 1 0 0  aaa99995588a9888429aa69498765837aa3765a777664
189736 1 20 19 1 2 2 0 0 0  aaa99995488a9884479aa79898767378aa3675a662565
189742 1 20 19 1 3 2 0 0 0  aaa99995488a9885379aa79898767378aa2676a656445
189748 1 20 19 1 4 2 0 0 0  aaa99995488a9885379aa79898767378aa2675a666445
189752 1 20 19 1 5 1 0 0 0  aaa99996588a9886479aa79898747478aa3576a565632
189772 1 20 19 2 2 2 0 0 0  aaa99995488a9885379aa79898767368aa2766a644575
189787 1 20 19 2 5 0 1 0 0  aaa99996588a9886479aa79898757528aa4756a363674
189863 1 20 19 4 5 2 1 0 0  aaa99996588a9886579aa79898727538aa3476a464675
189880 1 20 19 5 2 2 0 0 0  aaa99995488a9885379aa79898767368aa2766a657445
189916 1 20 19 6 2 2 0 0 0  aaa99995488a9885379aa69898777368aa2766a657445
189928 1 20 19 6 4 2 0 0 0  aaa99995488a9884479aa69898777368aa3765a657625
189950 1 20 19 7 2 1 0 0 0  aaa99997588a9885479aa79898767368aa3766a652445
189952 1 20 19 7 2 2 0 0 0  aaa99997588a9884579aa79898767568aa5766a644332
189988 1 20 19 8 2 2 0 0 0  aaa99995488a9885379aa79898767768aa3766a652445
190000 1 20 19 8 4 2 0 0 0  aaa99995488a9885379aa79898767768aa3765a644625
190024 1 20 19 9 2 2 0 0 0  aaa99995488a9885379aa69898777768aa3766a652445
190036 1 20 19 9 4 2 0 0 0  aaa99995488a9885379aa69898777768aa3765a644625
190054 1 20 19 10 1 2 0 0 0  aaa99995488a9885369aa79898676368aa2675a744775
190075 1 20 19 10 5 0 1 0 0  aaa99996588a9886429aa79898576538aa3576a764774
190079 1 20 19 10 5 2 1 0 0  aaa99996588a9886529aa79898476538aa3476a764775
190130 1 20 20 1 2 1 0 0 0  aaa99995488a9888579aa79898767376aa3675a644625
190132 1 20 20 1 2 2 0 0 0  aaa99994588a9888579aa79898767576aa5673a644623
190239 1 20 20 4 2 1 1 0 0  aaa99995588a9888479aa79898727466aa6375a663574
190251 1 20 20 4 4 1 1 0 0  aaa99995588a9888479aa79898737326aa6675a664574
190253 1 20 20 4 4 2 1 0 0  aaa99995488a9888479aa79898737326aa6675a664575
190257 1 20 20 4 5 1 1 0 0  aaa99995588a9888479aa79898727436aa3675a666574
190274 1 20 20 5 2 1 0 0 0  aaa99995488a9888579aa79898767367aa3766a652445
190276 1 20 20 5 2 2 0 0 0  aaa99994588a9888579aa79898767567aa5766a644332
190310 1 20 20 6 2 1 0 0 0  aaa99995488a9888579aa69898777367aa3766a652445
190312 1 20 20 6 2 2 0 0 0  aaa99994588a9888579aa69898777567aa5766a644332
190322 1 20 20 6 4 1 0 0 0  aaa99995488a9888579aa69898777367aa3765a644625
190324 1 20 20 6 4 2 0 0 0  aaa99994588a9888579aa69898777567aa5763a644623
190455 1 20 20 10 2 1 1 0 0  aaa99995588a9888469aa29898766437aa3765a777564
190481 1 20 21 0 0 2 1 0 0  aaa99997788a9888829aa79798767665aa3564a556434
190507 1 20 21 0 5 0 1 0 0  aaa99997788a9888829aa79798757546aa5644a666533
190706 1 20 21 6 2 1 0 0 0  aaa99995488a9888879aa69598777367aa3766a652445
190708 1 20 21 6 2 2 0 0 0  aaa99994588a9888879aa69598777567aa5766a644332
190757 1 20 21 7 4 2 1 0 0  aaa99995788a9888879aa79798735426aa6675a664534
190763 1 20 21 7 5 2 1 0 0  aaa99995788a9888879aa79798735426aa4675a666534
190877 1 20 22 0 0 2 1 0 0  aaa99997728a9767689aa79798888865aa3564a556434
190903 1 20 22 0 5 0 1 0 0  aaa99997728a9757589aa79798888846aa5644a666533
191102 1 20 22 6 2 1 0 0 0  aaa99995478a9777589aa69398888867aa3766a652445
191104 1 20 22 6 2 2 0 0 0  aaa99994578a9777589aa69598888867aa5766a644332
191247 1 20 22 10 2 1 1 0 0  aaa99995568a9766489aa29498888837aa3765a777564
191376 1 21 0 3 0 0 0 0 0  aaa99988578a9789379aa98887977366aa2565a465464
191489 1 21 0 6 0 2 1 0 0  aaa99988628a9689679aa98887977473aa4765a653545
191641 1 21 0 10 2 0 1 0 0  aaa99988528a9789469aa98886965567aa4736a777534
191674 1 21 1 0 1 2 0 0 0  aaa99988887a9789489aa95387966627aa7675a653445
192060 1 21 2 0 0 0 0 0 0  aaa99988878a9789589aa97386967377aa2655a446654
192451 1 21 2 10 5 0 1 0 0  aaa99988838a9789489aa96385956457aa4726a777656
192564 1 21 3 3 0 0 0 0 0  aaa99988878a9789579aa98387977366aa2565a465464
193112 1 21 4 7 1 1 0 0 0  aaa99988878a9889479aa98377966657aa3675a652445
193176 1 21 4 9 0 0 0 0 0  aaa99988878a9889579aa98377977366aa2565a465464
193213 1 21 4 10 0 0 1 0 0  aaa99988838a9889479aa98377977766aa4565a564265
193219 1 21 4 10 1 0 1 0 0  aaa99988828a9889479aa98477977766aa6565a533645
193249 1 21 5 0 0 0 1 0 0  aaa99988877a9889439aa98776986376aa4655a527645
193369 1 21 5 3 2 0 1 0 0  aaa99988827a9889779aa98577985566aa6466a447533
193375 1 21 5 3 3 0 1 0 0  aaa99988827a9889779aa98477985466aa6565a567343
193381 1 21 5 3 4 0 1 0 0  aaa99988827a9889779aa98577985564aa6666a447533
193387 1 21 5 3 5 0 1 0 0  aaa99988837a9889779aa98377986552aa5546a467646
193465 1 21 5 6 0 0 1 0 0  aaa99988877a9889739aa98477987366aa4565a564265
193471 1 21 5 6 1 0 1 0 0  aaa99988877a9889729aa98477987466aa6565a533645
193535 1 21 5 7 5 2 1 0 0  aaa99988877a9889529aa98577986537aa3476a464656
193547 1 21 5 8 1 2 1 0 0  aaa99988827a9889779aa98677985467aa6665a354534
193573 1 21 5 9 0 0 1 0 0  aaa99988837a9889779aa98377987466aa4565a564265
193579 1 21 5 9 1 0 1 0 0  aaa99988827a9889779aa98477987466aa6565a533645
193609 1 21 5 10 0 0 1 0 0  aaa99988837a9889479aa98377987766aa4565a564265
193615 1 21 5 10 1 0 1 0 0  aaa99988827a9889479aa98477987766aa6565a533645
193904 1 21 6 7 1 1 0 0 0  aaa99988877a9889489aa98377966657aa3675a652445
193968 1 21 6 9 0 0 0 0 0  aaa99988877a9889589aa98377977366aa2565a465464
194005 1 21 6 10 0 0 1 0 0  aaa99988837a9889489aa98377977766aa4565a564265
194011 1 21 6 10 1 0 1 0 0  aaa99988827a9889489aa98477977766aa6565a533645
194437 1 21 8 0 0 0 1 0 0  aaa99988877a9889439aa98776968376aa4655a527645
194545 1 21 8 3 0 0 1 0 0  aaa99988827a9889779aa98677968665aa5564a347354
194557 1 21 8 3 2 0 1 0 0  aaa99988827a9889779aa98577958566aa6466a447533
194563 1 21 8 3 3 0 1 0 0  aaa99988837a9889779aa98377948266aa6565a567445
194569 1 21 8 3 4 0 1 0 0  aaa99988827a9889779aa98577958564aa6666a447533
194575 1 21 8 3 5 0 1 0 0  aaa99988837a9889779aa98377968552aa5564a647664
194653 1 21 8 6 0 0 1 0 0  aaa99988877a9889739aa98477978366aa4565a564265
194659 1 21 8 6 1 0 1 0 0  aaa99988877a9889729aa98477978466aa6565a533645
194696 1 21 8 7 1 1 0 0 0  aaa99988877a9889469aa98377968657aa3675a652445
194718 1 21 8 7 5 0 0 0 0  aaa99988877a9889649aa98677948627aa6575a536345
194719 1 21 8 7 5 0 1 0 0  aaa99988877a9889629aa98677958657aa6574a546433
194761 1 21 8 9 0 0 1 0 0  aaa99988837a9889779aa98377978466aa4565a564265
194767 1 21 8 9 1 0 1 0 0  aaa99988827a9889779aa98477978466aa6565a533645
194797 1 21 8 10 0 0 1 0 0  aaa99988837a9889479aa98377978766aa4565a564265
194803 1 21 8 10 1 0 1 0 0  aaa99988827a9889479aa98477978766aa6565a533645
194836 1 21 9 0 0 2 0 0 0  aaa99988877a9889549aa98776964876aa5624a337655
194862 1 21 9 0 5 0 0 0 0  aaa99988877a9889429aa98775965874aa4563a637665
194863 1 21 9 0 5 0 1 0 0  aaa99988877a9889549aa98774964875aa5563a637662
194867 1 21 9 0 5 2 1 0 0  aaa99988877a9889359aa98775955876aa3624a666474
194939 1 21 9 2 5 2 1 0 0  aaa99988877a9889759aa98375955876aa3624a666474
194953 1 21 9 3 2 0 1 0 0  aaa99988837a9889779aa98377955866aa6566a547424
194959 1 21 9 3 3 0 1 0 0  aaa99988837a9889779aa98377945866aa6565a567442
194965 1 21 9 3 4 0 1 0 0  aaa99988837a9889779aa98377955865aa6666a547424
194971 1 21 9 3 5 0 1 0 0  aaa99988827a9889779aa98577964853aa5564a637664
195169 1 21 9 9 2 0 1 0 0  aaa99988827a9889779aa98477975866aa6566a534543
195181 1 21 9 9 4 0 1 0 0  aaa99988827a9889779aa98477975865aa6666a534543
195193 1 21 9 10 0 0 1 0 0  aaa99988837a9889479aa98377977866aa4565a564265
195199 1 21 9 10 1 0 1 0 0  aaa99988827a9889479aa98477977866aa6565a533645
195422 1 21 10 5 2 1 0 0 0  aaa99968588a9889479aa98787975376aa3765a662445
195424 1 21 10 5 2 2 0 0 0  aaa99968588a9889579aa98787974576aa5763a662443
195456 1 21 10 6 2 0 0 0 0  aaa99958588a9889579aa98487977376aa3764a662564
195458 1 21 10 6 2 1 0 0 0  aaa99968588a9889579aa98487977376aa3764a662554
195476 1 21 10 6 5 1 0 0 0  aaa99968588a9889479aa98387977375aa2764a655664
195602 1 21 10 10 2 1 0 0 0  aaa99978588a9889469aa98386976365aa2674a755774
195809 1 21 11 5 0 2 1 0 0  aaa99968688a9889879aa98772975677aa4665a354534
196244 1 21 12 6 1 1 0 0 0  aaa99958488a9889579aa98377976367aa7668a562454
196246 1 21 12 6 1 2 0 0 0  aaa99948588a9889579aa98577976567aa7668a464332
196256 1 21 12 6 3 1 0 0 0  aaa99968588a9889479aa98377974467aa7668a563552
196370 1 21 12 9 4 1 0 0 0  aaa99958488a9889379aa98777977356aa6658a662454
196372 1 21 12 9 4 2 0 0 0  aaa99948588a9889579aa98777977546aa6648a665332
196406 1 21 12 10 4 1 0 0 0  aaa99958488a9889379aa98377977756aa6658a662454
196408 1 21 12 10 4 2 0 0 0  aaa99948588a9889579aa98577977746aa6648a665332
196452 1 21 13 1 0 0 0 0 0  aaa99978588a9889479aa98877966367aa3565a765442
196454 1 21 13 1 0 1 0 0 0  aaa99978588a9889479aa98877966367aa3465a764525
196670 1 21 13 7 0 1 0 0 0  aaa99978688a9889429aa98877976657aa3657a563454
196673 1 21 13 7 0 2 1 0 0  aaa99978688a9889429aa98877976637aa3657a564554
196676 1 21 13 7 1 1 0 0 0  aaa99978488a9889369aa98877976657aa3657a562454
196693 1 21 13 7 4 0 1 0 0  aaa99978588a9889429aa98877975567aa4637a666534
196698 1 21 13 7 5 0 0 0 0  aaa99978688a9889649aa98877974627aa6557a356354
196699 1 21 13 7 5 0 1 0 0  aaa99978688a9889629aa98877974657aa6537a546534
196824 1 21 14 0 2 0 0 0 0  aaa99977588a9889479aa95588978376aa3467a664562
196826 1 21 14 0 2 1 0 0 0  aaa99977588a9889579aa95588978476aa3627a644663
196832 1 21 14 0 3 1 0 0 0  aaa99977588a9889479aa94488978376aa6667a563552
196838 1 21 14 0 4 1 0 0 0  aaa99977588a9889479aa94488978376aa6657a663552
196844 1 21 14 0 5 1 0 0 0  aaa99977588a9889479aa94488978376aa3657a666552
196848 1 21 14 1 0 0 0 0 0  aaa99977788a9889569aa96488968377aa3476a654552
196850 1 21 14 1 0 1 0 0 0  aaa99977788a9889569aa96488968377aa3576a655442
196958 1 21 14 4 0 1 0 0 0  aaa99977788a9889569aa96488968375aa3776a655442
196993 1 21 14 5 0 0 1 0 0  aaa99977788a9889539aa97488978366aa4276a655546
197009 1 21 14 5 2 2 1 0 0  aaa99977788a9889529aa97588978566aa6374a663454
197011 1 21 14 5 3 0 1 0 0  aaa99977788a9889539aa97488978366aa6276a655544
197015 1 21 14 5 3 2 1 0 0  aaa99977788a9889529aa97588978566aa6476a644353
197017 1 21 14 5 4 0 1 0 0  aaa99977788a9889539aa97488978326aa6675a664554
197021 1 21 14 5 4 2 1 0 0  aaa99977788a9889539aa97588978326aa6674a665454
197027 1 21 14 5 5 2 1 0 0  aaa99977788a9889529aa97588978536aa3674a666454
197036 1 21 14 6 1 1 0 0 0  aaa99974588a9889469aa96688978376aa3777a562554
197042 1 21 14 6 2 1 0 0 0  aaa99976588a9889469aa96688978375aa3777a565442
197052 1 21 14 6 4 0 0 0 0  aaa99976588a9889449aa95588978476aa3777a666532
197054 1 21 14 6 4 1 0 0 0  aaa99976588a9889459aa95588978376aa3777a666442
197065 1 21 14 7 0 0 1 0 0  aaa99977788a9889739aa97488978366aa4565a564265
197071 1 21 14 7 1 0 1 0 0  aaa99977788a9889729aa97488978466aa6565a533645
197213 1 21 15 0 0 2 1 0 0  aaa99988877a9689649aa98776984473aa6658a537552
197281 1 21 15 2 0 0 1 0 0  aaa99988877a9789429aa98776986465aa6558a363574
197311 1 21 15 2 5 0 1 0 0  aaa99988877a9789439aa98775985356aa4628a666574
197353 1 21 15 4 0 0 1 0 0  aaa99988877a9789349aa98766984456aa7568a563572
197357 1 21 15 4 0 2 1 0 0  aaa99988877a9789249aa98764986465aa7568a565373
197461 1 21 15 7 0 0 1 0 0  aaa99988877a9789429aa98776986465aa6738a564535
197465 1 21 15 7 0 2 1 0 0  aaa99988877a9789429aa98776986463aa6758a563554
197491 1 21 15 7 5 0 1 0 0  aaa99988877a9789629aa98775985654aa6738a446365
197527 1 21 15 8 5 0 1 0 0  aaa99988877a9789729aa98675985654aa6738a446365
197533 1 21 15 9 0 0 1 0 0  aaa99988837a9789579aa98377987466aa4268a565564
197549 1 21 15 9 2 2 1 0 0  aaa99988827a9789579aa98577987566aa6348a663445
197551 1 21 15 9 3 0 1 0 0  aaa99988837a9789579aa98377987466aa6268a565544
197555 1 21 15 9 3 2 1 0 0  aaa99988827a9789579aa98577987566aa6468a464353
197561 1 21 15 9 4 2 1 0 0  aaa99988837a9789579aa98377987526aa6648a665445
197567 1 21 15 9 5 2 1 0 0  aaa99988827a9789579aa98577987536aa3648a666445
197603 1 21 15 10 5 2 1 0 0  aaa99988827a9689579aa98577987736aa3648a665445
197609 1 21 16 0 0 2 1 0 0  aaa99988877a9689639aa98773985672aa8665a457445
197641 1 21 16 1 0 0 1 0 0  aaa99988877a9789429aa98766985456aa8576a654373
197677 1 21 16 2 0 0 1 0 0  aaa99988877a9789239aa98776986366aa8455a544675
197748 1 21 16 4 0 0 0 0 0  aaa99988877a9789529aa98766985546aa8465a364377
197749 1 21 16 4 0 0 1 0 0  aaa99988877a9789529aa98766985546aa8464a363577
197751 1 21 16 4 0 1 1 0 0  aaa99988877a9789259aa98766985546aa8464a363577
197752 1 21 16 4 0 2 0 0 0  aaa99988877a9789449aa98766985436aa8365a256577
197753 1 21 16 4 0 2 1 0 0  aaa99988877a9789249aa98764986465aa8563a565377
197767 1 21 16 4 3 0 1 0 0  aaa99988877a9789569aa98766985526aa8465a434377
197770 1 21 16 4 3 2 0 0 0  aaa99988877a9789269aa98766984436aa8563a555477
197773 1 21 16 4 4 0 1 0 0  aaa99988877a9789469aa98766986456aa8533a524577
197809 1 21 16 5 4 0 1 0 0  aaa99988877a9789529aa98777985564aa8666a446533
197815 1 21 16 5 5 0 1 0 0  aaa99988877a9789529aa98777985546aa8644a666533
197857 1 21 16 7 0 0 1 0 0  aaa99988877a9789429aa98776986466aa8755a533645
197929 1 21 16 9 0 0 1 0 0  aaa99988837a9789479aa98377987466aa8565a564265
197935 1 21 16 9 1 0 1 0 0  aaa99988837a9789479aa98377987466aa8566a526545
197953 1 21 16 9 4 0 1 0 0  aaa99988837a9789479aa98377987465aa8666a526545
197959 1 21 16 9 5 0 1 0 0  aaa99988837a9789479aa98377987456aa8652a666545
197965 1 21 16 10 0 0 1 0 0  aaa99988867a9689379aa98677987756aa8524a543564
197983 1 21 16 10 3 0 1 0 0  aaa99988867a9689679aa98377987756aa8524a543564
197995 1 21 16 10 5 0 1 0 0  aaa99988837a9689479aa98377987756aa8652a664545
198000 1 21 17 0 0 0 0 0 0  aaa99977588a9889479aa98886976376aa3657a545624
198002 1 21 17 0 0 1 0 0 0  aaa99977588a9889479aa98886976376aa3647a555642
198108 1 21 17 3 0 0 0 0 0  aaa99966588a9889479aa98887977377aa3665a455246
198185 1 21 17 5 0 2 1 0 0  aaa99977788a9889529aa98886976566aa5473a474653
198210 1 21 17 5 5 0 0 0 0  aaa99977788a9889629aa98885975653aa6474a376564
198218 1 21 17 6 0 1 0 0 0  aaa99966588a9889479aa98887977376aa3756a644552
198253 1 21 17 7 0 0 1 0 0  aaa99977788a9889729aa98886976465aa6557a364534
198283 1 21 17 7 5 0 1 0 0  aaa99977788a9889729aa98885975456aa4637a666534
198410 1 21 18 0 2 1 0 0 0  aaa99977588a9889879aa95488975376aa3627a644665
198412 1 21 18 0 2 2 0 0 0  aaa99977588a9889879aa94588973576aa5627a644663
198467 1 21 18 1 5 2 1 0 0  aaa99977788a9889839aa96588936577aa5476a464652
198575 1 21 18 4 5 2 1 0 0  aaa99977788a9889839aa96588936574aa5776a464652
198605 1 21 18 5 4 2 1 0 0  aaa99977788a9889839aa97488975326aa6675a664545
198611 1 21 18 5 5 2 1 0 0  aaa99977788a9889829aa97488975436aa3675a666545
198640 1 21 18 6 4 2 0 0 0  aaa99975488a9889879aa95388977726aa6675a663445
198755 1 21 18 9 5 2 1 0 0  aaa99976588a9889829aa96588946537aa3746a777645
198787 1 21 18 10 5 0 1 0 0  aaa99976588a9889829aa96488976453aa5576a763774
198789 1 21 18 10 5 1 1 0 0  aaa99976588a9889829aa96488976455aa5376a763774
198790 1 21 18 10 5 2 0 0 0  aaa99976588a9889829aa96588976534aa5376a764774
198791 1 21 18 10 5 2 1 0 0  aaa99976588a9889829aa96588976544aa4376a763775
198794 1 21 19 0 0 1 0 0 0  aaa99977588a9889479aa98386976375aa2867a565464
198800 1 21 19 0 1 1 0 0 0  aaa99977588a9889479aa98386976675aa3867a655442
198806 1 21 19 0 2 1 0 0 0  aaa99977588a9889479aa98386976675aa3847a565642
198812 1 21 19 0 3 1 0 0 0  aaa99977588a9889479aa98386976675aa3867a565442
198816 1 21 19 0 4 0 0 0 0  aaa99977588a9889479aa98384975476aa3867a666552
198818 1 21 19 0 4 1 0 0 0  aaa99977588a9889479aa98385975576aa3867a666442
199003 1 21 19 5 5 0 1 0 0  aaa99977788a9889629aa98685974655aa6874a576433
199007 1 21 19 5 5 2 1 0 0  aaa99977788a9889639aa98683975624aa6875a474565
199010 1 21 19 6 0 1 0 0 0  aaa99966588a9889479aa98387976776aa3857a644552
199075 1 21 19 7 5 0 1 0 0  aaa99977788a9889729aa98685975654aa6837a446365
199082 1 21 19 8 0 1 0 0 0  aaa99966588a9889479aa98787977376aa3856a644552
199118 1 21 19 9 0 1 0 0 0  aaa99966588a9889479aa98387977776aa3856a644552
199188 1 21 20 0 0 0 0 0 0  aaa99977588a9889879aa98486976376aa3657a545624
199190 1 21 20 0 0 1 0 0 0  aaa99977588a9889879aa98486976376aa3647a555642
199398 1 21 20 5 5 0 0 0 0  aaa99977788a9889829aa98685975653aa6474a376564
199406 1 21 20 6 0 1 0 0 0  aaa99966588a9889879aa98487977376aa3756a644552
199441 1 21 20 7 0 0 1 0 0  aaa99977788a9889829aa98786976465aa6557a364534
199471 1 21 20 7 5 0 1 0 0  aaa99977788a9889829aa98785975456aa4637a666534
199596 1 21 21 0 2 0 0 0 0  aaa99977578a9879489aa95588988376aa3467a664562
199598 1 21 21 0 2 1 0 0 0  aaa99977578a9879589aa95588988476aa3627a644663
199604 1 21 21 0 3 1 0 0 0  aaa99977578a9879489aa94488988376aa6667a563552
199610 1 21 21 0 4 1 0 0 0  aaa99977578a9879489aa94488988376aa6657a663552
199616 1 21 21 0 5 1 0 0 0  aaa99977578a9879489aa94488988376aa3657a666552
199620 1 21 21 1 0 0 0 0 0  aaa99977768a9869589aa96488988377aa3476a654552
199622 1 21 21 1 0 1 0 0 0  aaa99977768a9869589aa96488988377aa3576a655442
199730 1 21 21 4 0 1 0 0 0  aaa99977768a9869589aa96488988375aa3776a655442
199765 1 21 21 5 0 0 1 0 0  aaa99977738a9879589aa97388988466aa4276a655546
199781 1 21 21 5 2 2 1 0 0  aaa99977728a9879589aa97588988566aa6374a663454
199783 1 21 21 5 3 0 1 0 0  aaa99977738a9879589aa97388988466aa6276a655544
199787 1 21 21 5 3 2 1 0 0  aaa99977728a9879589aa97588988566aa6476a644353
199789 1 21 21 5 4 0 1 0 0  aaa99977738a9879589aa97388988426aa6675a664554
199793 1 21 21 5 4 2 1 0 0  aaa99977738a9879589aa97388988526aa6674a665454
199799 1 21 21 5 5 2 1 0 0  aaa99977728a9879589aa97588988536aa3674a666454
199808 1 21 21 6 1 1 0 0 0  aaa99974568a9879489aa96688988376aa3777a562554
199814 1 21 21 6 2 1 0 0 0  aaa99976568a9879489aa96688988375aa3777a565442
199826 1 21 21 6 4 1 0 0 0  aaa99976558a9879489aa95588988376aa3777a666442
199837 1 21 21 7 0 0 1 0 0  aaa99977738a9879489aa97388988766aa4565a564265
199843 1 21 21 7 1 0 1 0 0  aaa99977728a9879489aa97488988766aa6565a533645
199981 1 21 22 0 0 0 1 0 0  aaa99977438a9779389aa97788988866aa4565a564265
199987 1 21 22 0 1 0 1 0 0  aaa99977428a9779489aa97788988866aa6565a533645
200000 0 21 22 0 3 1 0 0 0  aaa99977448a9779489aa97788988866aa6565a565332
200053 1 21 22 2 0 0 1 0 0  aaa99977738a9779489aa97388988866aa4565a564265
200059 1 21 22 2 1 0 1 0 0  aaa99977728a9779489aa97488988866aa6565a533645
200186 1 21 22 5 4 1 0 0 0  aaa99977768a9679489aa97388988856aa3675a652445
200195 1 21 22 5 5 2 1 0 0  aaa99977728a9679589aa97588988836aa3674a665454
200233 1 21 22 7 0 0 1 0 0  aaa99977768a9679389aa97688988856aa7524a543564
200251 1 21 22 7 3 0 1 0 0  aaa99977768a9679689aa97388988856aa7524a543564
200263 1 21 22 7 5 0 1 0 0  aaa99977738a9679489aa97388988856aa7652a664545
200357 1 21 22 10 2 2 1 0 0  aaa99966628a9769489aa95488988837aa3765a777545
200369 1 21 22 10 4 2 1 0 0  aaa99965628a9769489aa95488988837aa3765a777645
200501 1 22 0 3 2 2 1 0 0  aaa99998868a9669899aa88777775426aa7685a354534
200513 1 22 0 3 4 2 1 0 0  aaa99998868a9639899aa88777775426aa7685a654534
200515 1 22 0 3 5 0 1 0 0  aaa99998858a9659899aa88777775436aa7683a664542
200579 1 22 0 5 3 2 1 0 0  aaa99998878a9779899aa88766765427aa6685a354534
200592 1 22 0 6 0 0 0 0 0  aaa99998868a9639899aa88677677427aa7585a544365
200593 1 22 0 6 0 0 1 0 0  aaa99998868a9659899aa88677677357aa7584a543462
200597 1 22 0 6 0 2 1 0 0  aaa99998868a9649899aa88677677237aa7583a555446
200854 1 22 1 2 1 2 0 0 0  aaa99995488a9869399aa85377676687aa8287a657445
200896 1 22 1 3 2 2 0 0 0  aaa99995488a9869399aa84477677387aa8685a657625
200926 1 22 1 4 1 2 0 0 0  aaa99995488a9869399aa85377676687aa8285a677445
200944 1 22 1 4 4 2 0 0 0  aaa99995488a9869399aa85377674487aa8285a677665
200960 1 22 1 5 1 1 0 0 0  aaa99996588a9879499aa85377676386aa8787a652445
200962 1 22 1 5 1 2 0 0 0  aaa99996588a9879599aa84577676586aa8787a644332
200968 1 22 1 5 2 2 0 0 0  aaa99995488a9879399aa85377676686aa8787a652445
200980 1 22 1 5 4 2 0 0 0  aaa99995488a9879399aa85377675686aa8787a662445
200986 1 22 1 5 5 2 0 0 0  aaa99995488a9879399aa85377675286aa8787a666445
201004 1 22 1 6 2 2 0 0 0  aaa99995488a9869399aa85377675786aa8787a644625
201010 1 22 1 6 3 2 0 0 0  aaa99995488a9869399aa85377676786aa8787a652445
201032 1 22 1 7 1 1 0 0 0  aaa99996588a9879499aa85377676387aa8687a652445
201034 1 22 1 7 1 2 0 0 0  aaa99996588a9879599aa84577676587aa8687a644332
201040 1 22 1 7 2 2 0 0 0  aaa99995488a9879399aa85377676687aa8687a652445
201052 1 22 1 7 4 2 0 0 0  aaa99995488a9879399aa85377675687aa8687a662445
201058 1 22 1 7 5 2 0 0 0  aaa99995488a9879399aa85377675287aa8687a666445
201076 1 22 1 8 2 2 0 0 0  aaa99995488a9869399aa85377675787aa8687a644625
201082 1 22 1 8 3 2 0 0 0  aaa99995488a9869399aa85377676787aa8687a652445
201112 1 22 1 9 2 2 0 0 0  aaa99995488a9869399aa85377677787aa8685a644625
201118 1 22 1 9 3 2 0 0 0  aaa99995488a9869399aa85377677787aa8686a652445
201148 1 22 1 10 2 2 0 0 0  aaa99995488a9869399aa85377777786aa8685a644625
201154 1 22 1 10 3 2 0 0 0  aaa99995488a9869399aa85377777786aa8686a652445
201292 1 22 2 3 2 2 0 0 0  aaa99995788a9869499aa85377775386aa7688a644625
201304 1 22 2 3 4 2 0 0 0  aaa99995788a9869499aa85377775386aa7688a662445
201323 1 22 2 4 1 2 1 0 0  aaa99995788a9839799aa85477766686aa7288a654534
201356 1 22 2 5 1 1 0 0 0  aaa99996588a9879499aa85377676387aa7688a652445
201358 1 22 2 5 1 2 0 0 0  aaa99996588a9879599aa84577676587aa7688a644332
201364 1 22 2 5 2 2 0 0 0  aaa99995488a9879399aa85377676687aa7688a652445
201376 1 22 2 5 4 2 0 0 0  aaa99995488a9879399aa85377675687aa7688a662445
201382 1 22 2 5 5 2 0 0 0  aaa99995488a9879399aa85377675287aa7688a666445
201398 1 22 2 6 2 1 0 0 0  aaa99995488a9869599aa85377677387aa7688a644625
201400 1 22 2 6 2 2 0 0 0  aaa99994588a9869599aa83577677587aa7688a644623
201406 1 22 2 6 3 2 0 0 0  aaa99995488a9869399aa85377677687aa7688a652445
201428 1 22 2 7 1 1 0 0 0  aaa99996588a9879499aa85377676386aa7788a652445
201430 1 22 2 7 1 2 0 0 0  aaa99996588a9879599aa84577676586aa7788a644332
201436 1 22 2 7 2 2 0 0 0  aaa99995488a9879399aa85377676686aa7788a652445
201448 1 22 2 7 4 2 0 0 0  aaa99995488a9879399aa85377675686aa7788a662445
201454 1 22 2 7 5 2 0 0 0  aaa99995488a9879399aa85377675286aa7788a666445
201470 1 22 2 8 2 1 0 0 0  aaa99995488a9869599aa85377677386aa7788a644625
201472 1 22 2 8 2 2 0 0 0  aaa99994588a9869599aa83577677586aa7788a644623
201478 1 22 2 8 3 2 0 0 0  aaa99995488a9869399aa85377677686aa7788a652445
201502 1 22 2 9 1 2 0 0 0  aaa99995488a9869699aa85377777386aa7688a652445
201506 1 22 2 9 2 1 0 0 0  aaa99995488a9869599aa85377777386aa7688a644625
201508 1 22 2 9 2 2 0 0 0  aaa99994588a9869599aa83577777586aa7688a644623
201518 1 22 2 9 4 1 0 0 0  aaa99995488a9869599aa85377777386aa7688a662445
201520 1 22 2 9 4 2 0 0 0  aaa99994588a9869599aa83577777586aa7688a662443
201542 1 22 2 10 2 1 0 0 0  aaa99995488a9869599aa85377777786aa3688a644625
201544 1 22 2 10 2 2 0 0 0  aaa99994588a9869599aa83577777786aa5688a644623
201550 1 22 2 10 3 2 0 0 0  aaa99995488a9869399aa85377777786aa6688a652445
201565 1 22 3 0 0 0 1 0 0  aaa99997788a9879799aa86687557626aa4588a364534
201595 1 22 3 0 5 0 1 0 0  aaa99997788a9879799aa85587637526aa4688a664534
201616 1 22 3 1 2 2 0 0 0  aaa99995788a9869499aa85387775376aa7688a644625
201628 1 22 3 1 4 2 0 0 0  aaa99995788a9869499aa85387775376aa7688a662445
201640 1 22 3 2 0 2 0 0 0  aaa99996688a9829699aa84587774473aa7388a675655
201646 1 22 3 2 1 2 0 0 0  aaa99995488a9869699aa85387775376aa7688a672445
201650 1 22 3 2 2 1 0 0 0  aaa99995488a9869599aa85387774476aa7688a673625
201652 1 22 3 2 2 2 0 0 0  aaa99994588a9869599aa83587773576aa7688a674624
201658 1 22 3 2 3 2 0 0 0  aaa99995688a9869499aa85387775376aa7288a676445
201664 1 22 3 2 4 2 0 0 0  aaa99995488a9869399aa85387775276aa7688a676445
201668 1 22 3 2 5 1 0 0 0  aaa99996488a9849499aa86387776375aa7588a572656
201682 1 22 3 3 1 2 0 0 0  aaa99995488a9869699aa85387777376aa7688a652445
201686 1 22 3 3 2 1 0 0 0  aaa99995488a9869599aa85387777376aa7688a644625
201688 1 22 3 3 2 2 0 0 0  aaa99994588a9869599aa83587777576aa7688a644623
201698 1 22 3 3 4 1 0 0 0  aaa99995488a9869599aa85387777376aa7688a662445
201700 1 22 3 3 4 2 0 0 0  aaa99994588a9869599aa83587777576aa7688a662443
201722 1 22 3 4 2 1 0 0 0  aaa99995488a9869599aa85387677377aa7688a644625
201724 1 22 3 4 2 2 0 0 0  aaa99994588a9869599aa83587677577aa7688a644623
201730 1 22 3 4 3 2 0 0 0  aaa99995488a9869399aa85387677677aa7688a652445
201754 1 22 3 5 1 2 0 0 0  aaa99995688a9879499aa85387677676aa3788a652445
201758 1 22 3 5 2 1 0 0 0  aaa99995488a9879599aa85387677376aa2788a644665
201760 1 22 3 5 2 2 0 0 0  aaa99994588a9879599aa83587677576aa2788a644663
201764 1 22 3 5 3 1 0 0 0  aaa99995488a9879599aa85387677676aa3788a644625
201766 1 22 3 5 3 2 0 0 0  aaa99994588a9879599aa83587677676aa5788a644623
201770 1 22 3 5 4 1 0 0 0  aaa99995488a9879599aa85387677676aa3788a662445
201772 1 22 3 5 4 2 0 0 0  aaa99994588a9879599aa83587677676aa5788a662443
201776 1 22 3 5 5 1 0 0 0  aaa99995488a9879599aa85387677376aa2788a666445
201778 1 22 3 5 5 2 0 0 0  aaa99994588a9879599aa83587677576aa2788a666443
201794 1 22 3 6 2 1 0 0 0  aaa99995488a9869599aa85387677776aa3788a644625
201796 1 22 3 6 2 2 0 0 0  aaa99994588a9869599aa83587677776aa5788a644623
201802 1 22 3 6 3 2 0 0 0  aaa99995488a9869399aa85387677776aa6788a652445
201826 1 22 3 7 1 2 0 0 0  aaa99995688a9879499aa85387775376aa6688a672445
201830 1 22 3 7 2 1 0 0 0  aaa99995488a9879599aa85387774476aa3688a672665
201832 1 22 3 7 2 2 0 0 0  aaa99994588a9879599aa83587773576aa4688a672664
201836 1 22 3 7 3 1 0 0 0  aaa99995488a9879599aa85387774476aa6688a673625
201838 1 22 3 7 3 2 0 0 0  aaa99994588a9879599aa83587773576aa6688a674624
201842 1 22 3 7 4 1 0 0 0  aaa99995488a9879599aa85387774476aa3688a676625
201844 1 22 3 7 4 2 0 0 0  aaa99994588a9879599aa83587773576aa4688a676624
201848 1 22 3 7 5 1 0 0 0  aaa99996588a9879499aa86387776375aa2588a475646
201850 1 22 3 7 5 2 0 0 0  aaa99996588a9879599aa86587776574aa4488a373626
201866 1 22 3 8 2 1 0 0 0  aaa99995488a9869599aa84487777376aa3688a657625
201868 1 22 3 8 2 2 0 0 0  aaa99994588a9869599aa83587777576aa4688a637624
201874 1 22 3 8 3 2 0 0 0  aaa99995488a9869399aa85387777276aa6688a657445
201902 1 22 3 9 2 1 0 0 0  aaa99995488a9869599aa85387777776aa3688a644625
201904 1 22 3 9 2 2 0 0 0  aaa99994588a9869599aa83587777776aa5688a644623
201910 1 22 3 9 3 2 0 0 0  aaa99995488a9869399aa85387777776aa6688a652445
201944 1 22 3 10 3 1 0 0 0  aaa99995488a9869599aa85386766367aa2788a777445
201946 1 22 3 10 3 2 0 0 0  aaa99994588a9869599aa83586766567aa2788a777443
201984 1 22 4 0 4 0 0 0 0  aaa99997788a9879799aa85587647626aa5685a634843
201985 1 22 4 0 4 0 1 0 0  aaa99997788a9879799aa85587627636aa5683a654844
201987 1 22 4 0 4 1 1 0 0  aaa99997788a9879799aa85587637626aa4685a654834
201991 1 22 4 0 5 0 1 0 0  aaa99997788a9879799aa85587637526aa4685a664834
202018 1 22 4 1 3 2 0 0 0  aaa99995788a9869499aa85387775376aa7686a644825
202048 1 22 4 2 2 2 0 0 0  aaa99995488a9869399aa85387774476aa7685a672865
202052 1 22 4 2 3 1 0 0 0  aaa99995488a9869599aa85387774476aa7686a673825
202054 1 22 4 2 3 2 0 0 0  aaa99994588a9869599aa83587773576aa7686a674824
202064 1 22 4 2 5 1 0 0 0  aaa99996488a9849499aa86387776375aa7586a572856
202084 1 22 4 3 2 2 0 0 0  aaa99995488a9869399aa85387777276aa7685a644865
202088 1 22 4 3 3 1 0 0 0  aaa99995488a9869599aa85387777376aa7686a644825
202090 1 22 4 3 3 2 0 0 0  aaa99994588a9869599aa83587777576aa7686a644823
202112 1 22 4 4 1 1 0 0 0  aaa99997588a9869499aa87387774466aa6587a655832
202121 1 22 4 4 2 2 1 0 0  aaa99997688a9829699aa87487773466aa6587a555843
202123 1 22 4 4 3 0 1 0 0  aaa99997688a9839599aa87487775566aa6287a654834
202128 1 22 4 4 4 0 0 0 0  aaa99997488a9859599aa87387775564aa4687a666832
202133 1 22 4 4 4 2 1 0 0  aaa99997588a9869599aa87587773526aa4687a664843
202139 1 22 4 4 5 2 1 0 0  aaa99997688a9839699aa87687774625aa6587a545834
202156 1 22 4 5 2 2 0 0 0  aaa99995488a9869399aa85387774476aa2687a657865
202162 1 22 4 5 3 2 0 0 0  aaa99995488a9869399aa85387774476aa6687a657825
202192 1 22 4 6 2 2 0 0 0  aaa99995488a9869399aa85387775776aa2687a644865
202198 1 22 4 6 3 2 0 0 0  aaa99995488a9869399aa85387775776aa6687a644825
202222 1 22 4 7 1 2 0 0 0  aaa99995688a9879499aa85387774476aa6685a673825
202232 1 22 4 7 3 1 0 0 0  aaa99995488a9879599aa85387774476aa6686a673825
202234 1 22 4 7 3 2 0 0 0  aaa99994588a9879599aa83587773576aa6686a674824
202238 1 22 4 7 4 1 0 0 0  aaa99995488a9879599aa85387774476aa3686a676825
202240 1 22 4 7 4 2 0 0 0  aaa99994588a9879599aa83587773576aa4686a676824
202244 1 22 4 7 5 1 0 0 0  aaa99996588a9879499aa86387776375aa2586a475846
202246 1 22 4 7 5 2 0 0 0  aaa99996588a9879599aa86587776574aa4486a373826
202264 1 22 4 8 2 2 0 0 0  aaa99995488a9869399aa84487777376aa2685a657865
202300 1 22 4 9 2 2 0 0 0  aaa99995488a9869399aa85387777776aa2685a644865
202340 1 22 4 10 3 1 0 0 0  aaa99995488a9869599aa84486766367aa3785a777825
202342 1 22 4 10 3 2 0 0 0  aaa99994588a9869599aa83586766567aa4783a777824
202408 1 22 5 1 2 2 0 0 0  aaa99995788a9869499aa88387775376aa7685a644625
202414 1 22 5 1 3 2 0 0 0  aaa99995788a9869499aa88387775376aa7686a652445
202436 1 22 5 2 1 1 0 0 0  aaa99996588a9859499aa88387774476aa7686a673552
202442 1 22 5 2 2 1 0 0 0  aaa99995488a9869599aa88387774476aa7685a673625
202444 1 22 5 2 2 2 0 0 0  aaa99994588a9869599aa88587773576aa7683a674624
202448 1 22 5 2 3 1 0 0 0  aaa99995488a9869599aa88387775376aa7686a672445
202450 1 22 5 2 3 2 0 0 0  aaa99994588a9869599aa88587773576aa7686a672443
202460 1 22 5 2 5 1 0 0 0  aaa99996488a9849499aa88387776375aa7586a572656
202472 1 22 5 3 1 1 0 0 0  aaa99996588a9859499aa88387777376aa7686a644552
202478 1 22 5 3 2 1 0 0 0  aaa99995488a9869599aa88387777376aa7685a644625
202480 1 22 5 3 2 2 0 0 0  aaa99994588a9869599aa88587777576aa7683a644623
202484 1 22 5 3 3 1 0 0 0  aaa99995488a9869599aa88387777376aa7686a652445
202486 1 22 5 3 3 2 0 0 0  aaa99994588a9869599aa88587777576aa7686a644332
202513 1 22 5 4 2 0 1 0 0  aaa99997588a9859599aa88487772466aa6387a663547
202525 1 22 5 4 4 0 1 0 0  aaa99997588a9859599aa88487773326aa6687a664547
202526 1 22 5 4 4 1 0 0 0  aaa99997588a9859499aa88387774426aa6687a663557
202529 1 22 5 4 4 2 1 0 0  aaa99997588a9849599aa88587773326aa6687a665447
202531 1 22 5 4 5 0 1 0 0  aaa99997588a9859599aa88487772436aa3687a666547
202550 1 22 5 5 2 1 0 0 0  aaa99995488a9869599aa88387774476aa3687a657625
202552 1 22 5 5 2 2 0 0 0  aaa99994588a9869599aa88587773576aa4687a637624
202558 1 22 5 5 3 2 0 0 0  aaa99995488a9869399aa88387775276aa6687a657445
202586 1 22 5 6 2 1 0 0 0  aaa99995488a9869599aa88387775776aa3687a644625
202588 1 22 5 6 2 2 0 0 0  aaa99994588a9869599aa88587773776aa5687a644623
202594 1 22 5 6 3 2 0 0 0  aaa99995488a9869399aa88387775776aa6687a652445
202618 1 22 5 7 1 2 0 0 0  aaa99995688a9879499aa88387775376aa6685a672445
202622 1 22 5 7 2 1 0 0 0  aaa99995488a9879599aa88387774476aa3685a672665
202624 1 22 5 7 2 2 0 0 0  aaa99994588a9879599aa88587773576aa4683a672664
202628 1 22 5 7 3 1 0 0 0  aaa99995488a9879599aa88387775376aa6686a672445
202630 1 22 5 7 3 2 0 0 0  aaa99994588a9879599aa88587773576aa6686a672443
202634 1 22 5 7 4 1 0 0 0  aaa99995488a9879599aa88387775376aa2686a676445
202636 1 22 5 7 4 2 0 0 0  aaa99994588a9879599aa88587773576aa2686a676443
202640 1 22 5 7 5 1 0 0 0  aaa99996588a9879499aa88387776375aa2586a475646
202642 1 22 5 7 5 2 0 0 0  aaa99996588a9879599aa88587776574aa4486a373626
202658 1 22 5 8 2 1 0 0 0  aaa99994488a9869599aa88487777376aa3685a657625
202660 1 22 5 8 2 2 0 0 0  aaa99994588a9869599aa88587777576aa4683a637624
202694 1 22 5 9 2 1 0 0 0  aaa99995488a9869599aa88387777776aa3685a644625
202696 1 22 5 9 2 2 0 0 0  aaa99994588a9869599aa88587777776aa5683a644623
202736 1 22 5 10 3 1 0 0 0  aaa99995488a9869599aa88386766367aa2785a777445
202738 1 22 5 10 3 2 0 0 0  aaa99994588a9869599aa88586766567aa2783a777443
202769 1 22 6 0 2 2 1 0 0  aaa99997788a9879799aa85487667626aa8685a354534
202781 1 22 6 0 4 2 1 0 0  aaa99997788a9879799aa85487637626aa8685a654534
202798 1 22 6 1 1 2 0 0 0  aaa99997788a9869699aa85487775326aa8687a653445
202802 1 22 6 1 2 1 0 0 0  aaa99997788a9869599aa85487775326aa8687a644635
202804 1 22 6 1 2 2 0 0 0  aaa99997788a9869599aa84587773526aa8687a635644
202828 1 22 6 2 0 2 0 0 0  aaa99997688a9869699aa85487775327aa8687a653445
202832 1 22 6 2 1 1 0 0 0  aaa99997588a9869699aa85487775327aa8687a663445
202834 1 22 6 2 1 2 0 0 0  aaa99997588a9869699aa84587773527aa8687a665443
202838 1 22 6 2 2 1 0 0 0  aaa99997588a9869499aa85387774427aa8687a663565
202840 1 22 6 2 2 2 0 0 0  aaa99997588a9869599aa84587773527aa8687a664364
202844 1 22 6 2 3 1 0 0 0  aaa99997588a9869499aa85387775367aa8687a662445
202846 1 22 6 2 3 2 0 0 0  aaa99997588a9869599aa84587773567aa8687a662443
202870 1 22 6 3 1 2 0 0 0  aaa99997488a9869699aa85387775726aa8687a653445
202874 1 22 6 3 2 1 0 0 0  aaa99997588a9869499aa85387775726aa8687a644635
202876 1 22 6 3 2 2 0 0 0  aaa99997588a9869599aa84587773726aa8687a635644
202904 1 22 6 4 1 1 0 0 0  aaa99997588a9869699aa87487775326aa8687a653445
202906 1 22 6 4 1 2 0 0 0  aaa99997588a9869699aa87587774526aa8687a635443
202908 1 22 6 4 2 0 0 0 0  aaa99997588a9869499aa87387775526aa8687a653464
202910 1 22 6 4 2 1 0 0 0  aaa99997588a9869599aa87487775526aa8687a644633
202922 1 22 6 4 4 1 0 0 0  aaa99997588a9859499aa87387774466aa8287a666553
202928 1 22 6 4 5 1 0 0 0  aaa99997588a9859499aa87387774426aa8687a666553
202948 1 22 6 5 2 2 0 0 0  aaa99995488a9869399aa85387774476aa8687a657625
202952 1 22 6 5 3 1 0 0 0  aaa99996588a9869499aa85387775376aa8287a667445
202954 1 22 6 5 3 2 0 0 0  aaa99996588a9869599aa84587773576aa8287a667443
202960 1 22 6 5 4 2 0 0 0  aaa99995488a9869399aa85387775276aa8687a667445
202962 1 22 6 5 5 0 0 0 0  aaa99996588a9849499aa86487776375aa8287a567653
202964 1 22 6 5 5 1 0 0 0  aaa99996488a9849499aa86387776375aa8587a567652
202984 1 22 6 6 2 2 0 0 0  aaa99995488a9869399aa85387775776aa8687a644625
202996 1 22 6 6 4 2 0 0 0  aaa99995488a9869399aa85387775776aa8687a662445
203012 1 22 6 7 1 1 0 0 0  aaa99996588a9879499aa85387775376aa8686a672445
203014 1 22 6 7 1 2 0 0 0  aaa99996588a9879599aa84587773576aa8686a672443
203020 1 22 6 7 2 2 0 0 0  aaa99995488a9879399aa85387774476aa8685a672665
203026 1 22 6 7 3 2 0 0 0  aaa99995488a9879399aa85387774476aa8686a672565
203032 1 22 6 7 4 2 0 0 0  aaa99995488a9879399aa85387775276aa8686a676445
203036 1 22 6 7 5 1 0 0 0  aaa99996588a9879499aa86387776375aa8586a475642
203038 1 22 6 7 5 2 0 0 0  aaa99996588a9879599aa86587776574aa8386a473642
203056 1 22 6 8 2 2 0 0 0  aaa99995488a9869399aa84487777376aa8685a657625
203062 1 22 6 8 3 2 0 0 0  aaa99995488a9869399aa85387777276aa8686a657445
203068 1 22 6 8 4 2 0 0 0  aaa99995488a9869399aa85387777276aa8685a667445
203070 1 22 6 8 5 0 0 0 0  aaa99996588a9849499aa86487777375aa8286a567653
203072 1 22 6 8 5 1 0 0 0  aaa99996488a9849499aa86387777375aa8586a567652
203092 1 22 6 9 2 2 0 0 0  aaa99995488a9869399aa85387777776aa8685a644625
203098 1 22 6 9 3 2 0 0 0  aaa99995488a9869399aa85387777776aa8686a652445
203134 1 22 6 10 3 2 0 0 0  aaa99995488a9869399aa85386766267aa8785a777445
203410 1 22 7 7 1 2 0 0 0  aaa99998888a9889599aa38577766646aa7274a675354
203628 1 22 8 2 2 0 0 0 0  aaa99996588a9879499aa85588777377aa3666a454826
203630 1 22 8 2 2 1 0 0 0  aaa99996588a9879599aa86488777377aa3666a545824
203636 1 22 8 2 3 1 0 0 0  aaa99996588a9879499aa85388777377aa2666a456845
203642 1 22 8 2 4 1 0 0 0  aaa99996588a9879499aa85388777377aa2645a666845
203738 1 22 8 5 2 1 0 0 0  aaa99995488a9879599aa85388777367aa2766a644865
203740 1 22 8 5 2 2 0 0 0  aaa99994588a9879599aa83588777567aa2766a644863
203744 1 22 8 5 3 1 0 0 0  aaa99995488a9879599aa85388777367aa6766a644825
203746 1 22 8 5 3 2 0 0 0  aaa99994588a9879599aa83588777567aa6766a644823
203750 1 22 8 5 4 1 0 0 0  aaa99996688a9879599aa86488777347aa4756a563852
203756 1 22 8 5 5 1 0 0 0  aaa99996588a9879499aa86388777347aa4756a562856
203774 1 22 8 6 2 1 0 0 0  aaa99995488a9869599aa85388777767aa3766a644825
203776 1 22 8 6 2 2 0 0 0  aaa99994588a9869599aa83588777767aa5766a644823
203788 1 22 8 6 4 2 0 0 0  aaa99995488a9869399aa85388777767aa2765a644865
203822 1 22 8 7 4 1 0 0 0  aaa99997588a9879499aa84488777367aa6666a555832
203882 1 22 8 9 2 1 0 0 0  aaa99995488a9869599aa84488765767aa3766a773825
203884 1 22 8 9 2 2 0 0 0  aaa99994588a9869599aa83588763767aa5766a774824
203992 1 22 9 1 2 2 0 0 0  aaa99995788a9869499aa85387774476aa7865a663825
204028 1 22 9 2 2 2 0 0 0  aaa99995488a9869399aa85387774476aa7865a676825
204062 1 22 9 3 2 1 0 0 0  aaa99995488a9869599aa84487777376aa7865a663825
204064 1 22 9 3 2 2 0 0 0  aaa99994588a9869599aa83587777576aa7863a664824
204068 1 22 9 3 3 1 0 0 0  aaa99996588a9869499aa85387777376aa7845a662845
204092 1 22 9 4 1 1 0 0 0  aaa99997588a9869499aa87387774466aa6867a555832
204134 1 22 9 5 2 1 0 0 0  aaa99995488a9869599aa85387774476aa3867a667825
204136 1 22 9 5 2 2 0 0 0  aaa99994588a9869599aa83587773576aa4867a667824
204148 1 22 9 5 4 2 0 0 0  aaa99995488a9869399aa85387774476aa2867a657865
204170 1 22 9 6 2 1 0 0 0  aaa99995488a9869599aa84487775776aa3867a663825
204172 1 22 9 6 2 2 0 0 0  aaa99994588a9869599aa83587773776aa5867a664824
204200 1 22 9 7 1 1 0 0 0  aaa99995488a9879599aa85387774476aa3866a676825
204202 1 22 9 7 1 2 0 0 0  aaa99994588a9879599aa83587773576aa4866a676824
204214 1 22 9 7 3 2 0 0 0  aaa99995688a9879499aa85387774476aa3865a676825
204218 1 22 9 7 4 1 0 0 0  aaa99996688a9879599aa86487776375aa3846a575842
204224 1 22 9 7 5 1 0 0 0  aaa99996588a9879499aa86387776375aa2846a575846
204242 1 22 9 8 2 1 0 0 0  aaa99995488a9869599aa84487777376aa3865a667825
204244 1 22 9 8 2 2 0 0 0  aaa99994588a9869599aa83587777576aa4863a667824
204278 1 22 9 9 2 1 0 0 0  aaa99995488a9869599aa84487777776aa3865a663825
204280 1 22 9 9 2 2 0 0 0  aaa99994588a9869599aa83587777776aa5863a664824
204355 1 22 10 0 3 0 1 0 0  aaa99998488a9889499aa78787676627aa7655a533645
204428 1 22 10 2 3 1 0 0 0  aaa99998588a9889499aa68387774476aa7666a573552
204488 1 22 10 4 1 1 0 0 0  aaa99998488a9889399aa78387757266aa6576a545674
204509 1 22 10 4 4 2 1 0 0  aaa99998588a9889599aa78587737326aa6674a665474
204596 1 22 10 7 1 1 0 0 0  aaa99998588a9889499aa78387774476aa6666a573552
204602 1 22 10 7 2 1 0 0 0  aaa99998588a9889499aa78387774476aa3666a576552
204608 1 22 10 7 3 1 0 0 0  aaa99998588a9889499aa78387775376aa2666a474565
204614 1 22 10 7 4 1 0 0 0  aaa99998588a9889499aa78387774476aa3656a676552
204726 1 22 10 10 5 0 0 0 0  aaa99998588a9889499aa68385764557aa3762a777664
204994 1 22 11 7 1 2 0 0 0  aaa99998588a9889899aa38577766646aa7274a675354
205164 1 22 12 1 0 0 0 0 0  aaa99998488a9889399aa78777766365aa7468a564525
205166 1 22 12 1 0 1 0 0 0  aaa99998488a9889399aa78777766365aa7568a562454
205322 1 22 12 5 2 1 0 0 0  aaa99998588a9889499aa58377667627aa7678a563454
205324 1 22 12 5 2 2 0 0 0  aaa99998588a9889599aa48577667627aa7678a365434
205334 1 22 12 5 4 1 0 0 0  aaa99998588a9889499aa58377657627aa7678a663454
205336 1 22 12 5 4 2 0 0 0  aaa99998588a9889599aa48577637627aa7678a665434
205340 1 22 12 5 5 1 0 0 0  aaa99998588a9889499aa58377657327aa7678a666454
205342 1 22 12 5 5 2 0 0 0  aaa99998588a9889599aa48577637527aa7678a666434
205358 1 22 12 6 2 1 0 0 0  aaa99998588a9889499aa58377677367aa7668a562454
205360 1 22 12 6 2 2 0 0 0  aaa99998588a9889599aa48577677567aa7668a464332
205370 1 22 12 6 4 1 0 0 0  aaa99998488a9889399aa58377677657aa7658a662454
205372 1 22 12 6 4 2 0 0 0  aaa99998588a9889599aa48577677647aa7648a665332
205376 1 22 12 6 5 1 0 0 0  aaa99998488a9889399aa58377677257aa7658a666454
205378 1 22 12 6 5 2 0 0 0  aaa99998588a9889599aa48577677547aa7648a666332
205396 1 22 12 7 2 2 0 0 0  aaa99998588a9889599aa68577766644aa7278a674353
205397 1 22 12 7 2 2 1 0 0  aaa99998588a9889599aa68577766624aa7478a674353
205424 1 22 12 8 1 1 0 0 0  aaa99998588a9889499aa68677757326aa7678a644553
205428 1 22 12 8 2 0 0 0 0  aaa99998588a9889499aa68377757526aa7678a644563
205430 1 22 12 8 2 1 0 0 0  aaa99998588a9889599aa68477767326aa7678a655443
205442 1 22 12 8 4 1 0 0 0  aaa99998588a9889499aa58377757366aa7278a666454
205444 1 22 12 8 4 2 0 0 0  aaa99998588a9889599aa48577737566aa7278a666434
205448 1 22 12 8 5 1 0 0 0  aaa99998588a9889499aa58377757326aa7678a666454
205450 1 22 12 8 5 2 0 0 0  aaa99998588a9889599aa48577737526aa7678a666434
205466 1 22 12 9 2 1 0 0 0  aaa99998488a9889399aa58377777265aa7668a566454
205468 1 22 12 9 2 2 0 0 0  aaa99998588a9889599aa48577777564aa7668a466332
205470 1 22 12 9 3 0 0 0 0  aaa99998588a9889499aa68377777365aa7668a562454
205472 1 22 12 9 3 1 0 0 0  aaa99998588a9889499aa68377777365aa7668a565442
205478 1 22 12 9 4 1 0 0 0  aaa99998488a9889399aa58377777266aa7558a666454
205480 1 22 12 9 4 2 0 0 0  aaa99998588a9889599aa48577777566aa7448a666332
205484 1 22 12 9 5 1 0 0 0  aaa99998488a9889399aa58377777256aa7658a666454
205486 1 22 12 9 5 2 0 0 0  aaa99998588a9889599aa48577777546aa7648a666332
205514 1 22 12 10 4 1 0 0 0  aaa99998488a9889399aa58377777756aa6658a662454
205516 1 22 12 10 4 2 0 0 0  aaa99998588a9889599aa48577777746aa6648a665332
205532 1 22 13 0 1 1 0 0 0  aaa99998588a9889499aa78877666367aa3674a572554
205603 1 22 13 2 1 0 1 0 0  aaa99998788a9889499aa28877766656aa7573a654543
205783 1 22 13 7 1 0 1 0 0  aaa99998488a9889499aa38877766626aa7575a675534
205786 1 22 13 7 1 2 0 0 0  aaa99998588a9889599aa38877766646aa7274a675354
205992 1 22 14 2 0 0 0 0 0  aaa99997588a9889399aa77788778366aa2565a465464
206110 1 22 14 5 1 2 0 0 0  aaa99997488a9889399aa77788578366aa6576a545624
206126 1 22 14 5 4 1 0 0 0  aaa99997488a9889399aa77788678656aa3675a652445
206132 1 22 14 5 5 1 0 0 0  aaa99997588a9889499aa77788678346aa4675a663525
206400 1 22 15 2 2 0 0 0 0  aaa99996588a9879499aa88388777377aa2666a455546
206510 1 22 15 5 2 1 0 0 0  aaa99995488a9879599aa88388777367aa2766a644565
206512 1 22 15 5 2 2 0 0 0  aaa99994588a9879599aa88588777567aa2766a644363
206516 1 22 15 5 3 1 0 0 0  aaa99995488a9879599aa88388777367aa6766a652445
206518 1 22 15 5 3 2 0 0 0  aaa99994588a9879599aa88588777567aa6766a644332
206522 1 22 15 5 4 1 0 0 0  aaa99995488a9879599aa88388777367aa2765a644665
206524 1 22 15 5 4 2 0 0 0  aaa99994588a9879599aa88588777567aa2763a644663
206528 1 22 15 5 5 1 0 0 0  aaa99996588a9879499aa88388777347aa4756a562656
206546 1 22 15 6 2 1 0 0 0  aaa99995488a9869599aa88388777767aa3766a652445
206548 1 22 15 6 2 2 0 0 0  aaa99994588a9869599aa88588777767aa5766a644332
206580 1 22 15 7 2 0 0 0 0  aaa99997688a9879699aa88588777257aa5654a636443
206582 1 22 15 7 2 1 0 0 0  aaa99997588a9879499aa88388777367aa2664a566554
206588 1 22 15 7 3 1 0 0 0  aaa99997588a9879499aa88388777367aa6664a562554
206654 1 22 15 9 2 1 0 0 0  aaa99995488a9869599aa88388765767aa3766a772445
206656 1 22 15 9 2 2 0 0 0  aaa99994588a9869599aa88588763767aa5766a772443
206764 1 22 16 1 2 2 0 0 0  aaa99995788a9869499aa88387775376aa7865a662445
206800 1 22 16 2 2 2 0 0 0  aaa99995488a9869399aa88387775276aa7865a676445
206834 1 22 16 3 2 1 0 0 0  aaa99995488a9869599aa88387777376aa7865a662445
206836 1 22 16 3 2 2 0 0 0  aaa99994588a9869599aa88587777576aa7863a662443
206906 1 22 16 5 2 1 0 0 0  aaa99995488a9869599aa88387775376aa2867a667445
206908 1 22 16 5 2 2 0 0 0  aaa99994588a9869599aa88587773576aa2867a667443
206942 1 22 16 6 2 1 0 0 0  aaa99995488a9869599aa88387775776aa3867a662445
206944 1 22 16 6 2 2 0 0 0  aaa99994588a9869599aa88587773776aa5867a662443
206972 1 22 16 7 1 1 0 0 0  aaa99995488a9879599aa88387775376aa2866a676445
206974 1 22 16 7 1 2 0 0 0  aaa99994588a9879599aa88587773576aa2866a676443
206978 1 22 16 7 2 1 0 0 0  aaa99995488a9879599aa88387774476aa3865a676625
206980 1 22 16 7 2 2 0 0 0  aaa99994588a9879599aa88587773576aa4863a676624
206986 1 22 16 7 3 2 0 0 0  aaa99995688a9879499aa88387775376aa2865a676445
206990 1 22 16 7 4 1 0 0 0  aaa99995488a9879599aa88387774476aa3865a672665
206992 1 22 16 7 4 2 0 0 0  aaa99994588a9879599aa88587773576aa4863a672664
206996 1 22 16 7 5 1 0 0 0  aaa99996588a9879499aa88387776375aa2846a575646
207014 1 22 16 8 2 1 0 0 0  aaa99995488a9869599aa88387777376aa2865a667445
207016 1 22 16 8 2 2 0 0 0  aaa99994588a9869599aa88587777576aa2863a667443
207050 1 22 16 9 2 1 0 0 0  aaa99995488a9869599aa88387777776aa3865a662445
207052 1 22 16 9 2 2 0 0 0  aaa99994588a9869599aa88587777776aa5863a662443
207281 1 22 17 4 4 2 1 0 0  aaa99997488a9889499aa58887773326aa6657a664557
207710 1 22 18 5 4 1 0 0 0  aaa99997488a9889899aa77788676356aa3675a652445
207952 1 22 19 1 2 2 0 0 0  aaa99995788a9889499aa68387775376aa7865a662445
207988 1 22 19 2 2 2 0 0 0  aaa99995488a9889399aa68387775276aa7865a676445
208022 1 22 19 3 2 1 0 0 0  aaa99995488a9889599aa68387777376aa7865a662445
208024 1 22 19 3 2 2 0 0 0  aaa99994588a9889599aa68587777576aa7863a662443
208094 1 22 19 5 2 1 0 0 0  aaa99995488a9889599aa68387775376aa2867a667445
208096 1 22 19 5 2 2 0 0 0  aaa99994588a9889599aa68587773576aa2867a667443
208130 1 22 19 6 2 1 0 0 0  aaa99995488a9889599aa68387775776aa3867a662445
208132 1 22 19 6 2 2 0 0 0  aaa99994588a9889599aa68587773776aa5867a662443
208160 1 22 19 7 1 1 0 0 0  aaa99995488a9889599aa78387775376aa2866a676445
208162 1 22 19 7 1 2 0 0 0  aaa99994588a9889599aa78587773576aa2866a676443
208166 1 22 19 7 2 1 0 0 0  aaa99995488a9889599aa78387774476aa3865a676625
208168 1 22 19 7 2 2 0 0 0  aaa99994588a9889599aa78587773576aa4863a676624
208174 1 22 19 7 3 2 0 0 0  aaa99995688a9889499aa78387775376aa2865a676445
208178 1 22 19 7 4 1 0 0 0  aaa99995488a9889599aa78387774476aa3865a672665
208180 1 22 19 7 4 2 0 0 0  aaa99994588a9889599aa78587773576aa4863a672664
208184 1 22 19 7 5 1 0 0 0  aaa99996588a9889499aa78387776375aa2846a575646
208202 1 22 19 8 2 1 0 0 0  aaa99995488a9889599aa68387777376aa2865a667445
208204 1 22 19 8 2 2 0 0 0  aaa99994588a9889599aa68587777576aa2863a667443
208238 1 22 19 9 2 1 0 0 0  aaa99995488a9889599aa68387777776aa3865a662445
208240 1 22 19 9 2 2 0 0 0  aaa99994588a9889599aa68587777776aa5863a662443
208455 1 22 20 4 2 1 1 0 0  aaa99997488a9889899aa58587772466aa6357a663547
208467 1 22 20 4 4 1 1 0 0  aaa99997488a9889899aa58587773326aa6657a664547
208469 1 22 20 4 4 2 1 0 0  aaa99997488a9889899aa58487773326aa6657a664557
208473 1 22 20 4 5 1 1 0 0  aaa99997488a9889899aa58587772436aa3657a666547
208888 1 22 21 5 2 2 0 0 0  aaa99995488a9779799aa75388888367aa2766a644565
208894 1 22 21 5 3 2 0 0 0  aaa99995488a9779799aa75388888367aa6766a652445
208900 1 22 21 5 4 2 0 0 0  aaa99995488a9779799aa75388888367aa2765a644665
208904 1 22 21 5 5 1 0 0 0  aaa99996588a9779799aa76488888347aa4756a563652
209258 1 22 22 4 4 1 0 0 0  aaa99997478a9779399aa57388888856aa6657a662454
209260 1 22 22 4 4 2 0 0 0  aaa99997578a9779599aa47588888846aa6647a665332
209503 1 23 0 0 3 0 1 0 0  aaa99999499a8877489aa87778676628aa8655a533645
209575 1 23 0 2 3 0 1 0 0  aaa99999499a8877789aa87478676628aa8655a533645
209658 1 23 0 4 5 0 0 0 0  aaa99999599a8877789aa86478776358aa8546a265643
209678 1 23 0 5 2 1 0 0 0  aaa99999499a8877789aa87368676358aa8675a652445
209680 1 23 0 5 2 2 0 0 0  aaa99999599a8877789aa87568676548aa8674a645332
209716 1 23 0 6 2 2 0 0 0  aaa99999499a8866689aa85378777328aa8765a657445
209728 1 23 0 6 4 2 0 0 0  aaa99999499a8865689aa84478777328aa8765a657635
209734 1 23 0 6 5 2 0 0 0  aaa99999499a8865389aa84478777328aa8765a657665
209788 1 23 0 8 2 2 0 0 0  aaa99999499a8866689aa85378777378aa8265a657445
209800 1 23 0 8 4 2 0 0 0  aaa99999499a8865689aa84478777378aa8265a657635
209806 1 23 0 8 5 2 0 0 0  aaa99999499a8865389aa84478777378aa8265a657665
209860 1 23 0 10 2 2 0 0 0  aaa99999499a8875389aa84468676328aa8675a756775
209866 1 23 0 10 3 2 0 0 0  aaa99999499a8875389aa84468676368aa8275a756775
209874 1 23 0 10 5 0 0 0 0  aaa99999599a8876489aa86358476558aa8276a764773
209953 1 23 1 2 0 0 1 0 0  aaa99999699a8886689aa58578773376aa5257a467448
209957 1 23 1 2 0 2 1 0 0  aaa99999699a8886689aa58478773376aa4257a567548
210038 1 23 1 4 2 1 0 0 0  aaa99999799a8883789aa58578774462aa7663a566548
210040 1 23 1 4 2 2 0 0 0  aaa99999799a8883789aa58478774462aa7663a566558
210065 1 23 1 5 0 2 1 0 0  aaa99999699a8886689aa58478772473aa7656a573548
210162 1 23 1 7 5 0 0 0 0  aaa99999699a8883689aa78678773675aa6552a474458
210188 1 23 1 8 3 1 0 0 0  aaa99999599a8884489aa68378777376aa2666a547558
210260 1 23 1 10 3 1 0 0 0  aaa99999599a8884489aa68368766367aa2754a777558
210338 1 23 2 1 4 1 0 0 0  aaa99999499a8887389aa58878774476aa6657a663525
210344 1 23 2 1 5 1 0 0 0  aaa99999499a8887389aa58878774476aa3657a666525
210716 1 23 3 1 1 1 0 0 0  aaa99999599a8887489aa68378774478aa3667a566552
210720 1 23 3 1 2 0 0 0 0  aaa99999599a8887489aa68378774478aa3657a662565
210722 1 23 3 1 2 1 0 0 0  aaa99999599a8887589aa68378775578aa3647a662464
210728 1 23 3 1 3 1 0 0 0  aaa99999599a8887489aa58378776378aa2667a566454
210730 1 23 3 1 3 2 0 0 0  aaa99999599a8887589aa48578776578aa2667a366434
210734 1 23 3 1 4 1 0 0 0  aaa99999599a8887489aa68378774478aa3657a666552
210740 1 23 3 1 5 1 0 0 0  aaa99999599a8887489aa68378774478aa3567a655662
210758 1 23 3 2 2 1 0 0 0  aaa99999499a8885389aa68378774478aa2657a667565
210760 1 23 3 2 2 2 0 0 0  aaa99999599a8884589aa68578773578aa2647a667463
210764 1 23 3 2 3 1 0 0 0  aaa99999599a8886489aa68378774478aa3657a667552
210770 1 23 3 2 4 1 0 0 0  aaa99999499a8885389aa68678774478aa3567a657625
210772 1 23 3 2 4 2 0 0 0  aaa99999599a8884589aa68678773578aa5467a647623
210776 1 23 3 2 5 1 0 0 0  aaa99999499a8885389aa68378774478aa2567a657665
210778 1 23 3 2 5 2 0 0 0  aaa99999599a8884589aa68578773578aa2467a647663
210936 1 23 3 7 2 0 0 0 0  aaa99999599a8886489aa78378775578aa3666a474526
210938 1 23 3 7 2 1 0 0 0  aaa99999599a8886589aa78478776378aa3666a575442
210944 1 23 3 7 3 1 0 0 0  aaa99999599a8886489aa78378774478aa3666a576552
210950 1 23 3 7 4 1 0 0 0  aaa99999599a8886489aa78378775378aa2465a674665
210974 1 23 3 8 2 1 0 0 0  aaa99999599a8884489aa68478777378aa3666a257565
210976 1 23 3 8 2 2 0 0 0  aaa99999599a8884589aa68578777578aa2666a447363
210986 1 23 3 8 4 1 0 0 0  aaa99999599a8884489aa68678777478aa3265a657635
210988 1 23 3 8 4 2 0 0 0  aaa99999599a8884589aa68678777578aa5464a637623
210992 1 23 3 8 5 1 0 0 0  aaa99999599a8884489aa68478777378aa3265a657665
210994 1 23 3 8 5 2 0 0 0  aaa99999599a8884589aa68578777578aa2464a637663
211052 1 23 3 10 3 1 0 0 0  aaa99999599a8884489aa78468676368aa3275a756775
211054 1 23 3 10 3 2 0 0 0  aaa99999599a8884589aa78568676568aa2474a736773
211062 1 23 3 10 5 0 0 0 0  aaa99999599a8886489aa78358476558aa3276a764776
211154 1 23 4 2 2 1 0 0 0  aaa99999599a8887489aa77778678368aa3664a562554
211248 1 23 4 5 0 0 0 0 0  aaa99999599a8887489aa77768678368aa3476a654552
211250 1 23 4 5 0 1 0 0 0  aaa99999599a8887489aa77768678368aa3576a655442
211262 1 23 4 5 2 1 0 0 0  aaa99999499a8887389aa77768678658aa3675a652445
211274 1 23 4 5 4 1 0 0 0  aaa99999599a8887489aa77768678348aa4675a663525
211458 1 23 4 10 5 0 0 0 0  aaa99999599a8886489aa76358478558aa3276a764776
211951 1 23 6 2 3 0 1 0 0  aaa99999499a8887489aa77778676628aa8655a533645
212034 1 23 6 4 5 0 0 0 0  aaa99999599a8886489aa77778776358aa8546a265643
212054 1 23 6 5 2 1 0 0 0  aaa99999499a8887389aa77768676358aa8675a652445
212056 1 23 6 5 2 2 0 0 0  aaa99999599a8887589aa77768676548aa8674a645332
212092 1 23 6 6 2 2 0 0 0  aaa99999499a8885389aa66678777328aa8765a657445
212104 1 23 6 6 4 2 0 0 0  aaa99999499a8884489aa65678777328aa8765a657635
212110 1 23 6 6 5 2 0 0 0  aaa99999499a8885389aa64478777328aa8765a657665
212164 1 23 6 8 2 2 0 0 0  aaa99999499a8885389aa66678777378aa8265a657445
212176 1 23 6 8 4 2 0 0 0  aaa99999499a8884489aa65678777378aa8265a657635
212182 1 23 6 8 5 2 0 0 0  aaa99999499a8885389aa64478777378aa8265a657665
212236 1 23 6 10 2 2 0 0 0  aaa99999499a8885389aa74468676328aa8675a756775
212242 1 23 6 10 3 2 0 0 0  aaa99999499a8885389aa74468676368aa8275a756775
212250 1 23 6 10 5 0 0 0 0  aaa99999599a8886489aa76358476558aa8276a764773
212256 1 23 7 0 0 0 0 0 0  aaa99999599a8888489aa77878676366aa3757a545624
212258 1 23 7 0 0 1 0 0 0  aaa99999599a8888489aa77878676366aa3747a555642
212318 1 23 7 1 4 1 0 0 0  aaa99999499a8888389aa57878774476aa6657a663525
212324 1 23 7 1 5 1 0 0 0  aaa99999499a8888389aa57878774476aa3657a666525
212378 1 23 7 3 2 1 0 0 0  aaa99999799a8888489aa54878777365aa7662a566534
212380 1 23 7 3 2 2 0 0 0  aaa99999799a8888389aa45878777364aa7665a466525
212474 1 23 7 6 0 1 0 0 0  aaa99999499a8888389aa66878777375aa7665a552446
212652 1 23 8 0 0 0 0 0 0  aaa99999499a8887789aa77378665768aa3655a484652
212724 1 23 8 2 0 0 0 0 0  aaa99999599a8887489aa77778676368aa3654a585624
212726 1 23 8 2 0 1 0 0 0  aaa99999599a8887489aa77778676368aa3654a582654
212850 1 23 8 5 3 0 0 0 0  aaa99999599a8887489aa77768676368aa3575a685442
212852 1 23 8 5 3 1 0 0 0  aaa99999599a8887489aa77768676368aa3475a684525
212954 1 23 8 8 2 1 0 0 0  aaa99999499a8885389aa66678777378aa2565a687445
212956 1 23 8 8 2 2 0 0 0  aaa99999599a8884589aa66678777578aa5464a687332
212966 1 23 8 8 4 1 0 0 0  aaa99999499a8884489aa65678777378aa3565a687625
212968 1 23 8 8 4 2 0 0 0  aaa99999599a8884589aa63678777578aa5464a687623
212972 1 23 8 8 5 1 0 0 0  aaa99999499a8885389aa64478777378aa2565a687665
212974 1 23 8 8 5 2 0 0 0  aaa99999599a8884589aa63578777578aa2464a687663
213032 1 23 8 10 3 1 0 0 0  aaa99999499a8885389aa74468676368aa2575a786775
213034 1 23 8 10 3 2 0 0 0  aaa99999599a8884589aa73568676568aa2474a786773
213042 1 23 8 10 5 0 0 0 0  aaa99999599a8886489aa76358476558aa3276a784776
213049 1 23 9 0 0 0 1 0 0  aaa99999499a8887779aa87438668378aa7656a554265
213120 1 23 9 2 0 0 0 0 0  aaa99999599a8887479aa87778668378aa3656a545264
213168 1 23 9 3 2 0 0 0 0  aaa99999699a8887679aa87578778258aa5654a636443
213170 1 23 9 3 2 1 0 0 0  aaa99999599a8887479aa87378778368aa2664a566554
213176 1 23 9 3 3 1 0 0 0  aaa99999599a8887479aa87378778368aa6664a562554
213222 1 23 9 4 5 0 0 0 0  aaa99999599a8886479aa87758748558aa3726a763646
213348 1 23 9 8 2 0 0 0 0  aaa99999599a8886479aa87378778378aa2666a455546
213480 1 23 10 1 0 0 0 0 0  aaa99999599a8888489aa77778676378aa3665a455246
213516 1 23 10 2 0 0 0 0 0  aaa99999599a8888489aa77778676368aa3657a545624
213518 1 23 10 2 0 1 0 0 0  aaa99999599a8888489aa77778676368aa3647a555642
213642 1 23 10 5 3 0 0 0 0  aaa99999599a8888489aa77768676368aa3575a675442
213644 1 23 10 5 3 1 0 0 0  aaa99999599a8888489aa77768676368aa3475a674525
213660 1 23 10 6 0 0 0 0 0  aaa99999599a8888489aa66378777378aa7665a455246
213732 1 23 10 8 0 0 0 0 0  aaa99999699a8888589aa66378777378aa2446a557465
213734 1 23 10 8 0 1 0 0 0  aaa99999599a8888589aa66378777378aa2664a447556
213746 1 23 10 8 2 1 0 0 0  aaa99999599a8888489aa66678777378aa3265a657445
213748 1 23 10 8 2 2 0 0 0  aaa99999599a8888589aa66678777578aa5464a637423
213756 1 23 10 8 4 0 0 0 0  aaa99999599a8888489aa65578777378aa3266a657464
213758 1 23 10 8 4 1 0 0 0  aaa99999599a8888589aa64678777378aa3465a647625
213760 1 23 10 8 4 2 0 0 0  aaa99999599a8888589aa64678777578aa5464a637623
213764 1 23 10 8 5 1 0 0 0  aaa99999599a8888489aa64478777378aa3265a657665
213766 1 23 10 8 5 2 0 0 0  aaa99999599a8888589aa64578777578aa2464a637663
213768 1 23 10 9 0 0 0 0 0  aaa99999599a8888489aa66378777778aa3665a455246
213824 1 23 10 10 3 1 0 0 0  aaa99999599a8888489aa74468676368aa3275a756775
213826 1 23 10 10 3 2 0 0 0  aaa99999599a8888589aa74568676568aa2474a736773
213834 1 23 10 10 5 0 0 0 0  aaa99999599a8888489aa76358476558aa3276a764776
213840 1 23 11 0 0 0 0 0 0  aaa99999599a8888889aa77478676366aa3757a545624
213842 1 23 11 0 0 1 0 0 0  aaa99999599a8888889aa77478676366aa3747a555642
214058 1 23 11 6 0 1 0 0 0  aaa99999499a8888889aa66378777375aa7665a552446
214248 1 23 12 0 2 0 0 0 0  aaa99999599a8888489aa77388775576aa3467a664562
214250 1 23 12 0 2 1 0 0 0  aaa99999599a8888589aa77488775576aa3627a644663
214256 1 23 12 0 3 1 0 0 0  aaa99999599a8888489aa77388774476aa6667a563552
214262 1 23 12 0 4 1 0 0 0  aaa99999599a8888489aa77388774476aa6657a663552
214268 1 23 12 0 5 1 0 0 0  aaa99999599a8888489aa77388774476aa3657a666552
214344 1 23 12 3 0 0 0 0 0  aaa99999599a8888489aa66388777777aa3665a455246
214416 1 23 12 5 0 0 0 0 0  aaa99999499a8888389aa77788676356aa6576a572454
214442 1 23 12 5 4 1 0 0 0  aaa99999599a8888489aa77788676346aa4675a673525
214454 1 23 12 6 0 1 0 0 0  aaa99999599a8888489aa66388777767aa3764a562554
214466 1 23 12 6 2 1 0 0 0  aaa99999499a8888389aa66688777757aa3765a652445
214478 1 23 12 6 4 1 0 0 0  aaa99999499a8888389aa65688777757aa3765a644625
214560 1 23 12 9 0 0 0 0 0  aaa99999699a8888589aa66388746757aa5754a773462
214562 1 23 12 9 0 1 0 0 0  aaa99999599a8888489aa66388756767aa3764a772554
214574 1 23 12 9 2 1 0 0 0  aaa99999499a8888389aa66688765757aa3765a772445
214586 1 23 12 9 4 1 0 0 0  aaa99999599a8888389aa65688765747aa4764a773625
214632 1 23 13 0 0 0 0 0 0  aaa99999599a8888489aa77378676386aa6757a545624
214634 1 23 13 0 0 1 0 0 0  aaa99999599a8888489aa77378676386aa6747a555642
214640 1 23 13 0 1 1 0 0 0  aaa99999599a8888489aa77378676685aa3767a655442
214646 1 23 13 0 2 1 0 0 0  aaa99999599a8888489aa77378676686aa3757a644552
214650 1 23 13 0 3 0 0 0 0  aaa99999599a8888489aa77378676686aa3757a545624
214652 1 23 13 0 3 1 0 0 0  aaa99999599a8888489aa77378676686aa3747a555642
214656 1 23 13 0 4 0 0 0 0  aaa99999599a8888489aa77378675586aa6747a663542
214658 1 23 13 0 4 1 0 0 0  aaa99999599a8888489aa77378674686aa3757a662554
214664 1 23 13 0 5 1 0 0 0  aaa99999599a8888489aa77378674486aa3757a666552
214668 1 23 13 1 0 0 0 0 0  aaa99999599a8888489aa77778676387aa3665a455246
214730 1 23 13 2 4 1 0 0 0  aaa99999599a8888489aa77778676386aa3657a644552
214736 1 23 13 2 5 1 0 0 0  aaa99999599a8888489aa77778674486aa3657a663552
214742 1 23 13 3 0 1 0 0 0  aaa99999799a8888489aa66378777385aa7665a552446
214848 1 23 13 6 0 0 0 0 0  aaa99999699a8888589aa66378777385aa5746a547462
214850 1 23 13 6 0 1 0 0 0  aaa99999599a8888489aa66378777386aa2756a647554
214862 1 23 13 6 2 1 0 0 0  aaa99999499a8888389aa66678777385aa2765a657445
214874 1 23 13 6 4 1 0 0 0  aaa99999599a8888389aa65678777384aa4765a647625
214922 1 23 13 8 0 1 0 0 0  aaa99999599a8888489aa66378777386aa7756a644552
214958 1 23 13 9 0 1 0 0 0  aaa99999599a8888489aa66378777786aa3756a644552
214994 1 23 13 10 0 1 0 0 0  aaa99999599a8888489aa66368764487aa3756a777552
215066 1 23 14 1 0 1 0 0 0  aaa99999599a8886879aa77478664487aa3768a563552
215208 1 23 14 5 0 0 0 0 0  aaa99999599a8886879aa77478766386aa3478a654552
215210 1 23 14 5 0 1 0 0 0  aaa99999599a8886879aa77478766386aa3578a655442
215474 1 23 15 1 2 1 0 0 0  aaa99999499a8884479aa77378666387aa2765a588565
215476 1 23 15 1 2 2 0 0 0  aaa99999599a8884579aa77578666587aa2763a488463
215516 1 23 15 2 3 1 0 0 0  aaa99999499a8884479aa77378666387aa2675a588565
215518 1 23 15 2 3 2 0 0 0  aaa99999599a8884579aa77578666587aa2673a488463
215526 1 23 15 2 5 0 0 0 0  aaa99999599a8886479aa77378546587aa3576a288646
215554 1 23 15 3 3 2 0 0 0  aaa99999599a8883579aa77778666587aa5644a488362
215590 1 23 15 4 3 2 0 0 0  aaa99999599a8883579aa77578666587aa7644a488362
215612 1 23 15 5 1 1 0 0 0  aaa99999499a8885379aa77378766686aa2575a688445
215614 1 23 15 5 1 2 0 0 0  aaa99999599a8884579aa77578766686aa5474a688332
215630 1 23 15 5 4 1 0 0 0  aaa99999499a8885379aa77378764486aa2575a688665
215632 1 23 15 5 4 2 0 0 0  aaa99999599a8884579aa77578763586aa2474a688663
215688 1 23 15 7 2 0 0 0 0  aaa99999599a8887479aa77378665686aa3674a288554
215690 1 23 15 7 2 1 0 0 0  aaa99999599a8887479aa77378666386aa2674a588554
215694 1 23 15 7 3 0 0 0 0  aaa99999599a8887479aa77378666385aa5674a588264
215696 1 23 15 7 3 1 0 0 0  aaa99999599a8887579aa77378666386aa2475a488465
215732 1 23 15 8 3 1 0 0 0  aaa99999499a8884479aa77778666386aa3575a288565
215734 1 23 15 8 3 2 0 0 0  aaa99999599a8883579aa77778666586aa5474a488362
215742 1 23 15 8 5 0 0 0 0  aaa99999399a8886379aa77778556284aa4576a488656
215910 1 23 16 2 3 0 0 0 0  aaa99999599a8887479aa87778666387aa3654a585264
215922 1 23 16 2 5 0 0 0 0  aaa99999599a8887479aa87778564587aa3562a683664
215936 1 23 16 3 1 1 0 0 0  aaa99999599a8887479aa87378774486aa6666a583552
215942 1 23 16 3 2 1 0 0 0  aaa99999599a8887479aa87378774486aa3666a586552
215948 1 23 16 3 3 1 0 0 0  aaa99999599a8887479aa87378775386aa2666a484565
215954 1 23 16 3 4 1 0 0 0  aaa99999599a8887479aa87378774486aa3656a686552
215978 1 23 16 4 2 1 0 0 0  aaa99999599a8885479aa87768766387aa3765a682445
215980 1 23 16 4 2 2 0 0 0  aaa99999599a8884579aa87768766587aa5763a682443
216002 1 23 16 5 0 1 0 0 0  aaa99999599a8887379aa87778766385aa2664a585446
216222 1 23 17 0 1 0 0 0 0  aaa99999599a8888479aa76378664687aa3577a568254
216236 1 23 17 0 3 1 0 0 0  aaa99999599a8888479aa74478666387aa3677a258565
216238 1 23 17 0 3 2 0 0 0  aaa99999599a8888579aa74578666587aa2677a448363
216246 1 23 17 0 5 0 0 0 0  aaa99999599a8888479aa76378546587aa3577a268646
216254 1 23 17 1 0 1 0 0 0  aaa99999499a8888379aa77378664487aa2765a568556
216258 1 23 17 1 1 0 0 0 0  aaa99999599a8888479aa77378662687aa3756a468545
216260 1 23 17 1 1 1 0 0 0  aaa99999599a8888479aa77378664687aa3756a568254
216264 1 23 17 1 2 0 0 0 0  aaa99999499a8888379aa77378665687aa2764a558654
216266 1 23 17 1 2 1 0 0 0  aaa99999599a8888579aa77378666387aa2764a458465
216268 1 23 17 1 2 2 0 0 0  aaa99999599a8888579aa77578666587aa2764a448363
216290 1 23 17 2 0 1 0 0 0  aaa99999599a8888479aa77378664487aa3676a258565
216292 1 23 17 2 0 2 0 0 0  aaa99999599a8888579aa77578664587aa2676a448363
216306 1 23 17 2 3 0 0 0 0  aaa99999499a8888379aa77378665687aa2674a558654
216308 1 23 17 2 3 1 0 0 0  aaa99999599a8888579aa77378666387aa2674a458465
216310 1 23 17 2 3 2 0 0 0  aaa99999599a8888579aa77578666587aa2674a448363
216318 1 23 17 2 5 0 0 0 0  aaa99999599a8888479aa77378546587aa3576a268646
216328 1 23 17 3 0 2 0 0 0  aaa99999599a8888579aa77778663587aa5646a448362
216342 1 23 17 3 3 0 0 0 0  aaa99999599a8888379aa77778666387aa2654a448565
216344 1 23 17 3 3 1 0 0 0  aaa99999599a8888379aa77778666387aa2645a448565
216346 1 23 17 3 3 2 0 0 0  aaa99999599a8888579aa77778666587aa5644a438362
216354 1 23 17 3 5 0 0 0 0  aaa99999599a8888479aa77778564587aa2563a638664
216364 1 23 17 4 0 2 0 0 0  aaa99999599a8888579aa77578663587aa7646a448362
216378 1 23 17 4 3 0 0 0 0  aaa99999599a8888379aa77378666287aa7654a448565
216380 1 23 17 4 3 1 0 0 0  aaa99999599a8888379aa77378666287aa7645a448565
216382 1 23 17 4 3 2 0 0 0  aaa99999599a8888579aa77578666587aa7644a438362
216390 1 23 17 4 5 0 0 0 0  aaa99999599a8888479aa77278564587aa7563a638664
216396 1 23 17 5 0 0 0 0 0  aaa99999599a8888479aa77378766386aa2576a658445
216398 1 23 17 5 0 1 0 0 0  aaa99999599a8888579aa77378766386aa2476a648554
216404 1 23 17 5 1 1 0 0 0  aaa99999599a8888479aa77378766686aa3275a658445
216406 1 23 17 5 1 2 0 0 0  aaa99999599a8888579aa77578766686aa5474a638423
216480 1 23 17 7 2 0 0 0 0  aaa99999599a8888479aa77378665686aa3674a278554
216482 1 23 17 7 2 1 0 0 0  aaa99999599a8888479aa77378666386aa2674a578554
216486 1 23 17 7 3 0 0 0 0  aaa99999599a8888479aa77378666385aa5674a578264
216488 1 23 17 7 3 1 0 0 0  aaa99999599a8888579aa77378666386aa2475a478465
216522 1 23 17 8 3 0 0 0 0  aaa99999599a8888379aa77778666386aa2574a458465
216524 1 23 17 8 3 1 0 0 0  aaa99999599a8888379aa77778666386aa2475a458465
216526 1 23 17 8 3 2 0 0 0  aaa99999599a8888579aa77778666586aa5474a438362
216650 1 23 18 1 0 1 0 0 0  aaa99999499a8888879aa77378664487aa3765a562556
216792 1 23 18 5 0 0 0 0 0  aaa99999599a8888879aa77478766386aa3476a654552
216794 1 23 18 5 0 1 0 0 0  aaa99999599a8888879aa77478766386aa3576a655442
216878 1 23 18 7 2 1 0 0 0  aaa99999599a8888879aa77478666386aa3674a572554
216882 1 23 18 7 3 0 0 0 0  aaa99999599a8888879aa77378666386aa2575a475464
217010 1 23 19 0 0 1 0 0 0  aaa99999599a8888479aa87378664428aa7767a563556
217012 1 23 19 0 0 2 0 0 0  aaa99999599a8888579aa87578664528aa7767a463436
217013 1 23 19 0 0 2 1 0 0  aaa99999599a8888579aa87578663328aa7767a465446
217046 1 23 19 1 0 1 0 0 0  aaa99999499a8888379aa87778664478aa3765a562556
217098 1 23 19 2 3 0 0 0 0  aaa99999599a8888479aa87778666378aa3654a575264
217110 1 23 19 2 5 0 0 0 0  aaa99999599a8888479aa87778564578aa3562a673664
217118 1 23 19 3 0 1 0 0 0  aaa99999699a8888479aa87378776658aa3657a562454
217130 1 23 19 3 2 1 0 0 0  aaa99999599a8888479aa87378774468aa3667a566552
217136 1 23 19 3 3 1 0 0 0  aaa99999599a8888479aa87378774468aa6667a563552
217142 1 23 19 3 4 1 0 0 0  aaa99999599a8888479aa87378774468aa3657a666552
217154 1 23 19 4 0 1 0 0 0  aaa99999499a8888379aa87768765368aa2756a744565
217156 1 23 19 4 0 2 0 0 0  aaa99999599a8888579aa87768764568aa5736a744362
217172 1 23 19 4 3 1 0 0 0  aaa99999599a8888479aa87768766368aa3725a744565
217174 1 23 19 4 3 2 0 0 0  aaa99999599a8888579aa87768766568aa5744a742363
217182 1 23 19 4 5 0 0 0 0  aaa99999599a8888479aa87758746558aa3726a763646
217188 1 23 19 5 0 0 0 0 0  aaa99999599a8888479aa87778766368aa3567a562454
217190 1 23 19 5 0 1 0 0 0  aaa99999599a8888479aa87778766368aa3567a565442
217308 1 23 19 8 2 0 0 0 0  aaa99999599a8888479aa87378776378aa2666a455546
217415 1 23 20 0 1 2 1 0 0  aaa99999699a8888879aa75478666428aa7775a356534
217435 1 23 20 0 5 0 1 0 0  aaa99999599a8888879aa76478536528aa7776a564634
217437 1 23 20 0 5 1 1 0 0  aaa99999599a8888879aa76478556528aa7776a364634
217438 1 23 20 0 5 2 0 0 0  aaa99999599a8888879aa76578346528aa7776a365644
217439 1 23 20 0 5 2 1 0 0  aaa99999599a8888879aa76578436528aa7776a464635
217442 1 23 20 1 0 1 0 0 0  aaa99999499a8888879aa77378664478aa3765a562556
217592 1 23 20 5 1 1 0 0 0  aaa99999499a8888879aa77378766658aa3675a652445
217664 1 23 20 7 1 1 0 0 0  aaa99999599a8888879aa77478666368aa3674a572554
217910 1 23 21 3 0 1 0 0 0  aaa99999499a7777389aa66888888375aa7665a552446
217973 1 23 21 4 4 2 1 0 0  aaa99999499a7773389aa57888888426aa6657a664557
218306 1 23 22 3 0 1 0 0 0  aaa99999499a7777389aa66388888875aa7665a552446
218355 1 23 22 4 2 1 1 0 0  aaa99999499a7772489aa57588888866aa6357a663547
218367 1 23 22 4 4 1 1 0 0  aaa99999499a7773389aa57588888826aa6657a664547
218369 1 23 22 4 4 2 1 0 0  aaa99999499a7773389aa57488888826aa6657a664557
218373 1 23 22 4 5 1 1 0 0  aaa99999499a7772489aa57588888836aa3657a666547
218593 1 24 0 0 0 0 1 0 0  aaa99998897a8759889aa68697866357aa7574a546432
218989 1 24 1 0 0 0 1 0 0  aaa99998498a8879789aa87797676426aa6556a353854
219116 1 24 1 3 3 1 0 0 0  aaa99998598a8869489aa84497777376aa7666a555832
219145 1 24 1 4 2 0 1 0 0  aaa99998598a8859589aa87497772466aa6357a663847
219151 1 24 1 4 3 0 1 0 0  aaa99998598a8859589aa87497772466aa6367a563847
219157 1 24 1 4 4 0 1 0 0  aaa99998598a8859589aa87497773326aa6657a664847
219161 1 24 1 4 4 2 1 0 0  aaa99998598a8849589aa87597773326aa6647a665847
219163 1 24 1 4 5 0 1 0 0  aaa99998598a8859589aa87497772436aa3657a666847
219182 1 24 1 5 2 1 0 0 0  aaa99998598a8869489aa85397774476aa3627a657865
219184 1 24 1 5 2 2 0 0 0  aaa99998598a8869589aa84597773576aa4627a637864
219218 1 24 1 6 2 1 0 0 0  aaa99998598a8869489aa85397775776aa3627a644865
219220 1 24 1 6 2 2 0 0 0  aaa99998598a8869589aa84597773776aa5627a644863
219296 1 24 1 8 3 1 0 0 0  aaa99998598a8869489aa85397777376aa2666a457845
219332 1 24 1 9 3 1 0 0 0  aaa99998598a8869489aa84497777776aa3666a555832
219368 1 24 1 10 3 1 0 0 0  aaa99998598a8869489aa85396766367aa2745a777845
219536 1 24 2 4 1 1 0 0 0  aaa99997498a8869389aa87397774466aa6567a552885
219545 1 24 2 4 2 2 1 0 0  aaa99997698a8839689aa87497772466aa6537a555884
219557 1 24 2 4 4 2 1 0 0  aaa99997598a8869589aa87597772536aa4637a664884
219563 1 24 2 4 5 2 1 0 0  aaa99997698a8829689aa87697774635aa6537a545884
219578 1 24 2 5 2 1 0 0 0  aaa99995498a8869589aa85397774476aa3267a667885
219580 1 24 2 5 2 2 0 0 0  aaa99994598a8869589aa83597773576aa4267a667884
219650 1 24 2 7 2 1 0 0 0  aaa99995498a8879589aa85397774476aa3666a276885
219652 1 24 2 7 2 2 0 0 0  aaa99994598a8879589aa83597773576aa4666a276884
219662 1 24 2 7 4 1 0 0 0  aaa99995498a8879589aa85397774476aa3626a676885
219664 1 24 2 7 4 2 0 0 0  aaa99994598a8879589aa83597773576aa4626a676884
219668 1 24 2 7 5 1 0 0 0  aaa99996598a8879489aa86397776374aa4526a575886
219670 1 24 2 7 5 2 0 0 0  aaa99996598a8879589aa86597776574aa4426a373886
219692 1 24 2 8 3 1 0 0 0  aaa99995498a8869389aa84497777376aa2666a557885
219694 1 24 2 8 3 2 0 0 0  aaa99994598a8869589aa83597777576aa2666a447883
219764 1 24 2 10 3 1 0 0 0  aaa99995498a8869389aa84496766367aa2755a777885
219766 1 24 2 10 3 2 0 0 0  aaa99994598a8869589aa83596766567aa2744a777883
219830 1 24 3 1 2 1 0 0 0  aaa99997798a8869589aa85497775386aa3627a644865
219832 1 24 3 1 2 2 0 0 0  aaa99997798a8869589aa84597773586aa5627a644863
219864 1 24 3 2 2 0 0 0 0  aaa99997598a8859589aa86497774487aa3657a663826
219866 1 24 3 2 2 1 0 0 0  aaa99997598a8869589aa85597774487aa4627a663863
219868 1 24 3 2 2 2 0 0 0  aaa99997598a8869589aa84597774487aa5627a663863
219902 1 24 3 3 2 1 0 0 0  aaa99997598a8869489aa85397775786aa3627a644865
219904 1 24 3 3 2 2 0 0 0  aaa99997598a8869589aa84597773786aa5627a644863
219936 1 24 3 4 2 0 0 0 0  aaa99997598a8869489aa87397774486aa3557a665862
219938 1 24 3 4 2 1 0 0 0  aaa99997598a8869589aa87497775586aa3627a644863
219974 1 24 3 5 2 1 0 0 0  aaa99995498a8869589aa84497765787aa3677a663825
219976 1 24 3 5 2 2 0 0 0  aaa99994598a8869589aa83597763787aa5677a664824
219980 1 24 3 5 3 1 0 0 0  aaa99996598a8869489aa85397745787aa3677a662845
220010 1 24 3 6 2 1 0 0 0  aaa99995498a8869389aa84497777387aa2666a557865
220012 1 24 3 6 2 2 0 0 0  aaa99994598a8869589aa83597777587aa2666a447863
220016 1 24 3 6 3 1 0 0 0  aaa99996598a8869489aa85397777387aa2666a457845
220022 1 24 3 6 4 1 0 0 0  aaa99995498a8869389aa84497777387aa2566a657865
220024 1 24 3 6 4 2 0 0 0  aaa99994598a8869589aa83597777587aa2466a647863
220028 1 24 3 6 5 1 0 0 0  aaa99996598a8849489aa86497777387aa3256a567856
220030 1 24 3 6 5 2 0 0 0  aaa99996598a8849589aa86597777587aa2446a367836
220040 1 24 3 7 1 1 0 0 0  aaa99995698a8879589aa85497774487aa3627a663865
220042 1 24 3 7 1 2 0 0 0  aaa99994698a8879589aa83597773587aa5627a664864
220044 1 24 3 7 2 0 0 0 0  aaa99996598a8879489aa85597775387aa3647a662846
220082 1 24 3 8 2 1 0 0 0  aaa99995498a8869589aa84497775787aa3627a663865
220084 1 24 3 8 2 2 0 0 0  aaa99994598a8869589aa83597773787aa5627a664864
220154 1 24 3 10 2 1 0 0 0  aaa99995498a8869389aa84496766387aa2755a777865
220156 1 24 3 10 2 2 0 0 0  aaa99994598a8869589aa83596766587aa2744a777863
220256 1 24 4 2 1 1 0 0 0  aaa99997598a8869489aa88397774487aa3667a566552
220260 1 24 4 2 2 0 0 0 0  aaa99997598a8869489aa88397774487aa3657a662565
220262 1 24 4 2 2 1 0 0 0  aaa99997598a8869589aa88397775587aa3647a662464
220268 1 24 4 2 3 1 0 0 0  aaa99997598a8859489aa88397776387aa2667a566454
220270 1 24 4 2 3 2 0 0 0  aaa99997598a8849589aa88597776587aa2667a366434
220274 1 24 4 2 4 1 0 0 0  aaa99997598a8869489aa88397774487aa3657a666552
220280 1 24 4 2 5 1 0 0 0  aaa99997598a8869489aa88397774487aa3567a655662
220370 1 24 4 5 2 1 0 0 0  aaa99995498a8869589aa88397765787aa3677a662445
220372 1 24 4 5 2 2 0 0 0  aaa99994598a8869589aa88597763787aa5677a662443
220406 1 24 4 6 2 1 0 0 0  aaa99994498a8869589aa88497777387aa3666a257565
220408 1 24 4 6 2 2 0 0 0  aaa99994598a8869589aa88597777587aa2666a447363
220418 1 24 4 6 4 1 0 0 0  aaa99994498a8869689aa88597777487aa3265a657635
220420 1 24 4 6 4 2 0 0 0  aaa99994598a8869689aa88597777587aa5464a637623
220424 1 24 4 6 5 1 0 0 0  aaa99994498a8869589aa88497777387aa3265a657665
220426 1 24 4 6 5 2 0 0 0  aaa99994598a8869589aa88597777587aa2464a637663
220436 1 24 4 7 1 1 0 0 0  aaa99995698a8879489aa88397774487aa3657a662565
220438 1 24 4 7 1 2 0 0 0  aaa99994698a8879589aa88597773587aa5647a662463
220440 1 24 4 7 2 0 0 0 0  aaa99996598a8879489aa88397775587aa3647a662546
220442 1 24 4 7 2 1 0 0 0  aaa99996598a8879589aa88497776387aa3657a662454
220448 1 24 4 7 3 1 0 0 0  aaa99996598a8879489aa88397774487aa3667a566552
220454 1 24 4 7 4 1 0 0 0  aaa99996598a8879489aa88397774487aa3657a666552
220478 1 24 4 8 2 1 0 0 0  aaa99994498a8869489aa88397775787aa3657a662565
220480 1 24 4 8 2 2 0 0 0  aaa99994598a8869589aa88597773787aa5647a662463
220550 1 24 4 10 2 1 0 0 0  aaa99994498a8869589aa88496766387aa3725a777565
220552 1 24 4 10 2 2 0 0 0  aaa99994598a8869589aa88596766587aa2744a777363
220622 1 24 5 1 2 1 0 0 0  aaa99995498a8879789aa68597787386aa3675a644625
220624 1 24 5 1 2 2 0 0 0  aaa99994598a8879789aa68597787586aa5673a644623
220652 1 24 5 2 1 1 0 0 0  aaa99996598a8879489aa58397787387aa2676a646554
220658 1 24 5 2 2 1 0 0 0  aaa99994498a8879589aa68497787387aa3675a662565
220660 1 24 5 2 2 2 0 0 0  aaa99994598a8879589aa68597787587aa4673a662364
220664 1 24 5 2 3 1 0 0 0  aaa99995498a8879589aa68397787387aa2676a656445
220666 1 24 5 2 3 2 0 0 0  aaa99994598a8879589aa68597787587aa2676a636443
220670 1 24 5 2 4 1 0 0 0  aaa99995498a8879589aa68397787387aa2675a666445
220672 1 24 5 2 4 2 0 0 0  aaa99994598a8879589aa68597787587aa2673a666443
220676 1 24 5 2 5 1 0 0 0  aaa99996598a8879489aa48497787387aa3576a565626
220694 1 24 5 3 2 1 0 0 0  aaa99995498a8879589aa68397787786aa3675a644625
220696 1 24 5 3 2 2 0 0 0  aaa99994598a8879589aa68597787786aa5673a644623
220726 1 24 5 4 1 2 0 0 0  aaa99995698a8879489aa78397787386aa6675a652445
220730 1 24 5 4 2 1 0 0 0  aaa99995498a8879589aa78397787386aa2675a644665
220732 1 24 5 4 2 2 0 0 0  aaa99994598a8879589aa78597787586aa2673a644663
220736 1 24 5 4 3 1 0 0 0  aaa99995498a8879589aa78397787386aa6676a652445
220738 1 24 5 4 3 2 0 0 0  aaa99994598a8879589aa78597787586aa6676a644332
220742 1 24 5 4 4 1 0 0 0  aaa99995498a8879589aa78397787386aa6675a662445
220744 1 24 5 4 4 2 0 0 0  aaa99994598a8879589aa78597787586aa6673a662443
220748 1 24 5 4 5 1 0 0 0  aaa99995498a8879589aa78397787386aa2675a666445
220750 1 24 5 4 5 2 0 0 0  aaa99994598a8879589aa78597787586aa2673a666443
220766 1 24 5 5 2 1 0 0 0  aaa99995498a8869589aa68397785787aa3677a662445
220768 1 24 5 5 2 2 0 0 0  aaa99994598a8869589aa68597783787aa5677a662443
220772 1 24 5 5 3 1 0 0 0  aaa99996598a8869489aa58397784787aa3677a662554
220802 1 24 5 6 2 1 0 0 0  aaa99995498a8869589aa68397787787aa3666a752445
220804 1 24 5 6 2 2 0 0 0  aaa99994598a8869589aa68597787787aa5666a744332
220832 1 24 5 7 1 1 0 0 0  aaa99997598a8869689aa58497787387aa3674a662554
220836 1 24 5 7 2 0 0 0 0  aaa99997598a8869489aa58597787387aa3674a662564
220838 1 24 5 7 2 1 0 0 0  aaa99997598a8869589aa68497787387aa3674a662554
220844 1 24 5 7 3 1 0 0 0  aaa99997598a8869489aa58397787387aa2676a646554
220850 1 24 5 7 4 1 0 0 0  aaa99997598a8869489aa58397787387aa2674a666554
220874 1 24 5 8 2 1 0 0 0  aaa99995498a8869589aa68397787787aa3675a662445
220876 1 24 5 8 2 2 0 0 0  aaa99994598a8869589aa68597787787aa5673a662443
220910 1 24 5 9 2 1 0 0 0  aaa99995498a8869589aa68396785787aa3766a772445
220912 1 24 5 9 2 2 0 0 0  aaa99994598a8869589aa68596783787aa5766a772443
220916 1 24 5 9 3 1 0 0 0  aaa99996598a8869489aa58396784787aa3766a772554
220922 1 24 5 9 4 1 0 0 0  aaa99994498a8869689aa68592785787aa4765a773635
220924 1 24 5 9 4 2 0 0 0  aaa99994598a8869689aa68594784787aa5763a775623
220928 1 24 5 9 5 1 0 0 0  aaa99994498a8869589aa68492785787aa3765a773665
220930 1 24 5 9 5 2 0 0 0  aaa99994598a8869589aa68594784787aa5763a772663
221054 1 24 6 2 2 1 0 0 0  aaa99997498a8869389aa85397774487aa8657a662565
221056 1 24 6 2 2 2 0 0 0  aaa99997598a8869589aa84597773587aa8647a662463
221120 1 24 6 4 1 1 0 0 0  aaa99997598a8869489aa87397774486aa8667a563552
221132 1 24 6 4 3 1 0 0 0  aaa99997598a8859489aa87397776386aa8667a562454
221134 1 24 6 4 3 2 0 0 0  aaa99997598a8849589aa87597776586aa8667a464332
221164 1 24 6 5 2 2 0 0 0  aaa99995498a8869389aa85397765787aa8677a662445
221200 1 24 6 6 2 2 0 0 0  aaa99995498a8869389aa84497777387aa8666a257565
221212 1 24 6 6 4 2 0 0 0  aaa99995498a8869689aa84497777387aa8265a657635
221218 1 24 6 6 5 2 0 0 0  aaa99995498a8869389aa84497777387aa8265a657665
221230 1 24 6 7 1 2 0 0 0  aaa99995698a8879489aa85397774487aa8627a663565
221234 1 24 6 7 2 1 0 0 0  aaa99996598a8879489aa86397774487aa8657a663552
221272 1 24 6 8 2 2 0 0 0  aaa99995498a8869389aa84497775787aa8627a663565
221344 1 24 6 10 2 2 0 0 0  aaa99995498a8869389aa84496766387aa8725a777565
221383 1 24 7 0 3 0 1 0 0  aaa99998498a8889489aa78797676627aa7655a533645
221456 1 24 7 2 3 1 0 0 0  aaa99998598a8889489aa68397774476aa7666a573552
221516 1 24 7 4 1 1 0 0 0  aaa99998498a8889389aa78397757266aa6576a545674
221537 1 24 7 4 4 2 1 0 0  aaa99998598a8889589aa78597737326aa6674a665474
221624 1 24 7 7 1 1 0 0 0  aaa99998598a8889489aa78397774476aa6666a573552
221630 1 24 7 7 2 1 0 0 0  aaa99998598a8889489aa78397774476aa3666a576552
221636 1 24 7 7 3 1 0 0 0  aaa99998598a8889489aa78397775376aa2666a474565
221642 1 24 7 7 4 1 0 0 0  aaa99998598a8889489aa78397774476aa3656a676552
221754 1 24 7 10 5 0 0 0 0  aaa99998598a8889489aa68395764557aa3762a777664
221810 1 24 8 1 2 1 0 0 0  aaa99997798a8869589aa68497775386aa3687a652445
221812 1 24 8 1 2 2 0 0 0  aaa99997798a8869589aa68597774586aa5687a644332
221840 1 24 8 2 1 1 0 0 0  aaa99997598a8869689aa58497774487aa3687a663552
221844 1 24 8 2 2 0 0 0 0  aaa99997598a8869489aa58597774487aa3687a663562
221846 1 24 8 2 2 1 0 0 0  aaa99997598a8869589aa68497775587aa3687a663442
221850 1 24 8 2 3 0 0 0 0  aaa99997598a8869489aa58597774487aa3687a663526
221852 1 24 8 2 3 1 0 0 0  aaa99997598a8869589aa58597776487aa3687a663442
221858 1 24 8 2 4 1 0 0 0  aaa99997598a8869489aa58397774487aa3687a666552
221864 1 24 8 2 5 1 0 0 0  aaa99997598a8869489aa68397774487aa3587a655662
221882 1 24 8 3 2 1 0 0 0  aaa99997598a8869489aa68397775786aa3687a652445
221884 1 24 8 3 2 2 0 0 0  aaa99997598a8869589aa68597774786aa5687a644332
221918 1 24 8 4 2 1 0 0 0  aaa99997598a8869589aa68397775586aa3687a644427
221948 1 24 8 5 1 1 0 0 0  aaa99996598a8879489aa58397676786aa3787a644552
221954 1 24 8 5 2 1 0 0 0  aaa99995498a8879589aa68397675786aa3787a644625
221956 1 24 8 5 2 2 0 0 0  aaa99994598a8879589aa68597673786aa5787a644623
221990 1 24 8 6 2 1 0 0 0  aaa99995498a8869589aa68397777387aa2685a667445
221992 1 24 8 6 2 2 0 0 0  aaa99994598a8869589aa68597777587aa2683a667443
221996 1 24 8 6 3 1 0 0 0  aaa99996598a8869489aa58397777387aa2684a667554
222002 1 24 8 6 4 1 0 0 0  aaa99994498a8869689aa68597777487aa3285a657635
222004 1 24 8 6 4 2 0 0 0  aaa99994598a8869689aa68597777587aa5484a637623
222008 1 24 8 6 5 1 0 0 0  aaa99994498a8869589aa68497777387aa3285a657665
222010 1 24 8 6 5 2 0 0 0  aaa99994598a8869589aa68597777587aa2484a637663
222020 1 24 8 7 1 1 0 0 0  aaa99995498a8879589aa68697775387aa3687a662445
222022 1 24 8 7 1 2 0 0 0  aaa99994598a8879589aa68697773587aa5687a662443
222026 1 24 8 7 2 1 0 0 0  aaa99995498a8879589aa68397774487aa3687a662565
222028 1 24 8 7 2 2 0 0 0  aaa99994598a8879589aa68597773587aa4687a662364
222030 1 24 8 7 3 0 0 0 0  aaa99995598a8879589aa68497775387aa3687a662446
222032 1 24 8 7 3 1 0 0 0  aaa99996598a8879589aa68497775587aa3687a663442
222038 1 24 8 7 4 1 0 0 0  aaa99995498a8879589aa68397775387aa2687a666445
222040 1 24 8 7 4 2 0 0 0  aaa99994598a8879589aa68597773587aa2687a666443
222044 1 24 8 7 5 1 0 0 0  aaa99996598a8879489aa48497776387aa3587a565626
222062 1 24 8 8 2 1 0 0 0  aaa99995498a8869589aa68397775787aa3687a662445
222064 1 24 8 8 2 2 0 0 0  aaa99994598a8869589aa68597773787aa5687a662443
222068 1 24 8 8 3 1 0 0 0  aaa99996598a8869489aa58397774787aa3687a662554
222098 1 24 8 9 2 1 0 0 0  aaa99995498a8869589aa68397777787aa3685a662445
222100 1 24 8 9 2 2 0 0 0  aaa99994598a8869589aa68597777787aa5683a662443
222134 1 24 8 10 2 1 0 0 0  aaa99995498a8869589aa68396766387aa2785a777445
222136 1 24 8 10 2 2 0 0 0  aaa99994598a8869589aa68596766587aa2783a777443
222206 1 24 9 1 2 1 0 0 0  aaa99997798a8859489aa48497776586aa3657a863652
222208 1 24 9 1 2 2 0 0 0  aaa99997798a8849589aa38597776586aa5637a864642
222236 1 24 9 2 1 1 0 0 0  aaa99997598a8869489aa58397774487aa3667a866552
222242 1 24 9 2 2 1 0 0 0  aaa99997598a8859489aa48497776387aa3657a866652
222244 1 24 9 2 2 2 0 0 0  aaa99997598a8849589aa38597776587aa4637a866642
222248 1 24 9 2 3 1 0 0 0  aaa99997598a8859489aa58397776387aa2667a866454
222250 1 24 9 2 3 2 0 0 0  aaa99997598a8849589aa38597776587aa2667a866434
222254 1 24 9 2 4 1 0 0 0  aaa99997598a8869689aa68497774487aa3567a855632
222260 1 24 9 2 5 1 0 0 0  aaa99997598a8869489aa68397774487aa3567a855662
222278 1 24 9 3 2 1 0 0 0  aaa99997598a8859489aa48497776786aa3657a863652
222280 1 24 9 3 2 2 0 0 0  aaa99997598a8849589aa38597776786aa5637a864642
222314 1 24 9 4 2 1 0 0 0  aaa99997598a8859489aa48497776386aa3657a862657
222316 1 24 9 4 2 2 0 0 0  aaa99997598a8849589aa38597776586aa4637a862647
222352 1 24 9 5 2 2 0 0 0  aaa99996498a8859389aa58397756787aa2677a866454
222386 1 24 9 6 2 1 0 0 0  aaa99995498a8869589aa68397777387aa2666a857445
222388 1 24 9 6 2 2 0 0 0  aaa99994598a8869589aa68597777587aa2666a837443
222392 1 24 9 6 3 1 0 0 0  aaa99996598a8869489aa58397777387aa2666a847554
222398 1 24 9 6 4 1 0 0 0  aaa99994498a8869689aa68597777487aa3265a857635
222400 1 24 9 6 4 2 0 0 0  aaa99994598a8869689aa68597777587aa5464a837623
222404 1 24 9 6 5 1 0 0 0  aaa99994498a8869589aa68497777387aa3265a857665
222406 1 24 9 6 5 2 0 0 0  aaa99994598a8869589aa68597777587aa2464a837663
222416 1 24 9 7 1 1 0 0 0  aaa99995498a8879589aa68397775387aa2667a866445
222418 1 24 9 7 1 2 0 0 0  aaa99994598a8879589aa68597773587aa2667a866443
222422 1 24 9 7 2 1 0 0 0  aaa99996598a8879489aa58397776387aa2657a866454
222424 1 24 9 7 2 2 0 0 0  aaa99996598a8879589aa48597776587aa2637a866434
222428 1 24 9 7 3 1 0 0 0  aaa99996598a8879489aa58397774487aa3667a866552
222434 1 24 9 7 4 1 0 0 0  aaa99995498a8879589aa68397775387aa2667a844665
222436 1 24 9 7 4 2 0 0 0  aaa99994598a8879589aa68597773587aa2667a844663
222440 1 24 9 7 5 1 0 0 0  aaa99996598a8879489aa58397776387aa2457a864656
222460 1 24 9 8 2 2 0 0 0  aaa99996498a8859389aa58397776787aa2657a866454
222494 1 24 9 9 2 1 0 0 0  aaa99995498a8869589aa68397777787aa3666a852445
222496 1 24 9 9 2 2 0 0 0  aaa99994598a8869589aa68597777787aa5666a844332
222530 1 24 9 10 2 1 0 0 0  aaa99994498a8879589aa78496676386aa3275a856775
222532 1 24 9 10 2 2 0 0 0  aaa99994598a8879589aa78596676586aa2474a836773
222632 1 24 10 2 1 1 0 0 0  aaa99997598a8889489aa68397774487aa3667a566552
222636 1 24 10 2 2 0 0 0 0  aaa99997598a8889489aa68397774487aa3657a662565
222638 1 24 10 2 2 1 0 0 0  aaa99997598a8889589aa68397775587aa3647a662464
222644 1 24 10 2 3 1 0 0 0  aaa99997598a8889489aa58397776387aa2667a566454
222646 1 24 10 2 3 2 0 0 0  aaa99997598a8889589aa48597776587aa2667a366434
222650 1 24 10 2 4 1 0 0 0  aaa99997598a8889489aa68397774487aa3657a666552
222656 1 24 10 2 5 1 0 0 0  aaa99997598a8889489aa68397774487aa3567a655662
222746 1 24 10 5 2 1 0 0 0  aaa99995498a8889589aa68397765787aa3677a662445
222748 1 24 10 5 2 2 0 0 0  aaa99994598a8889589aa68597763787aa5677a662443
222782 1 24 10 6 2 1 0 0 0  aaa99994498a8889589aa68497777387aa3666a257565
222784 1 24 10 6 2 2 0 0 0  aaa99994598a8889589aa68597777587aa2666a447363
222794 1 24 10 6 4 1 0 0 0  aaa99994498a8889589aa68697777487aa3265a657635
222796 1 24 10 6 4 2 0 0 0  aaa99994598a8889589aa68697777587aa5464a637623
222800 1 24 10 6 5 1 0 0 0  aaa99994498a8889589aa68497777387aa3265a657665
222802 1 24 10 6 5 2 0 0 0  aaa99994598a8889589aa68597777587aa2464a637663
222812 1 24 10 7 1 1 0 0 0  aaa99995698a8889489aa78397774487aa3657a662565
222814 1 24 10 7 1 2 0 0 0  aaa99994698a8889589aa78597773587aa5647a662463
222816 1 24 10 7 2 0 0 0 0  aaa99996598a8889489aa78397775587aa3647a662546
222818 1 24 10 7 2 1 0 0 0  aaa99996598a8889589aa78497776387aa3657a662454
222824 1 24 10 7 3 1 0 0 0  aaa99996598a8889489aa78397774487aa3667a566552
222830 1 24 10 7 4 1 0 0 0  aaa99996598a8889489aa78397774487aa3657a666552
222854 1 24 10 8 2 1 0 0 0  aaa99994498a8889489aa68397775787aa3657a662565
222856 1 24 10 8 2 2 0 0 0  aaa99994598a8889589aa68597773787aa5647a662463
222926 1 24 10 10 2 1 0 0 0  aaa99994498a8889589aa68496766387aa3725a777565
222928 1 24 10 10 2 2 0 0 0  aaa99994598a8889589aa68596766587aa2744a777363
223107 1 24 11 4 2 1 1 0 0  aaa99997498a8889889aa58597772466aa6357a663547
223119 1 24 11 4 4 1 1 0 0  aaa99997498a8889889aa58597773326aa6657a664547
223121 1 24 11 4 4 2 1 0 0  aaa99997498a8889889aa58497773326aa6657a664557
223125 1 24 11 4 5 1 1 0 0  aaa99997498a8889889aa58597772436aa3657a666547
223517 1 24 12 4 4 2 1 0 0  aaa99997498a8889489aa58897773326aa6657a664557
223820 1 24 13 2 1 1 0 0 0  aaa99994698a8889489aa52897778375aa7666a576534
223822 1 24 13 2 1 2 0 0 0  aaa99995698a8889389aa45897778374aa7666a476525
223884 1 24 13 4 0 0 0 0 0  aaa99997598a8889489aa67897778366aa3567a562454
223886 1 24 13 4 0 1 0 0 0  aaa99997598a8889489aa67897778366aa3567a565442
223898 1 24 13 4 2 1 0 0 0  aaa99997498a8889389aa57897778366aa6557a662454
223910 1 24 13 4 4 1 0 0 0  aaa99997498a8889389aa57897778356aa6657a662454
223912 1 24 13 4 4 2 0 0 0  aaa99997598a8889589aa47897778546aa6647a665332
223916 1 24 13 4 5 1 0 0 0  aaa99997498a8889389aa57897778356aa2657a666454
224258 1 24 14 3 2 1 0 0 0  aaa99995498a8889589aa75397678876aa3767a644625
224260 1 24 14 3 2 2 0 0 0  aaa99994598a8889589aa73597678876aa5767a644623
224266 1 24 14 3 3 2 0 0 0  aaa99995498a8889389aa75397678876aa6767a652445
224326 1 24 14 5 1 2 0 0 0  aaa99997498a8889389aa77792578866aa6576a545634
224582 1 24 15 1 2 1 0 0 0  aaa99995498a8869589aa77797785386aa3678a644625
224584 1 24 15 1 2 2 0 0 0  aaa99994598a8869589aa77797783586aa5678a644623
224590 1 24 15 1 3 2 0 0 0  aaa99995498a8869389aa77797785386aa6678a652445
224624 1 24 15 2 3 1 0 0 0  aaa99997498a8849489aa77797686686aa3578a553652
224630 1 24 15 2 4 1 0 0 0  aaa99997598a8859489aa77797686386aa3678a644552
224636 1 24 15 2 5 1 0 0 0  aaa99997598a8859489aa77797684486aa3678a663552
224714 1 24 15 5 0 1 0 0 0  aaa99997598a8879489aa77796586386aa3678a545624
224716 1 24 15 5 0 2 0 0 0  aaa99997598a8879589aa77796486586aa5678a433642
224724 1 24 15 5 2 0 0 0 0  aaa99997598a8879489aa77796686386aa3478a654552
224726 1 24 15 5 2 1 0 0 0  aaa99997598a8879489aa77796686386aa3578a655442
224734 1 24 15 5 3 2 0 0 0  aaa99997498a8879389aa77796586685aa3678a545624
224742 1 24 15 5 5 0 0 0 0  aaa99997598a8879489aa77794685486aa3678a663552
224744 1 24 15 5 5 1 0 0 0  aaa99997598a8879489aa77795685586aa3678a663442
224870 1 24 15 9 2 1 0 0 0  aaa99995498a8869389aa66695785787aa3768a772445
224872 1 24 15 9 2 2 0 0 0  aaa99994598a8869589aa66694784787aa5768a775332
224882 1 24 15 9 4 1 0 0 0  aaa99995498a8869689aa64495785787aa3768a773625
224884 1 24 15 9 4 2 0 0 0  aaa99994598a8869689aa63594784787aa5768a775623
224888 1 24 15 9 5 1 0 0 0  aaa99995498a8869389aa64495785787aa3768a772665
224890 1 24 15 9 5 2 0 0 0  aaa99994598a8869589aa63594784787aa5768a772663
224978 1 24 16 1 2 1 0 0 0  aaa99995498a8869589aa77797784486aa3675a683625
224980 1 24 16 1 2 2 0 0 0  aaa99994598a8869589aa77797783586aa5673a684624
225026 1 24 16 2 4 1 0 0 0  aaa99997598a8859489aa77797686386aa3674a682554
225120 1 24 16 5 2 0 0 0 0  aaa99997598a8879489aa77796686386aa3575a685442
225122 1 24 16 5 2 1 0 0 0  aaa99997598a8879489aa77796686386aa3475a684525
225180 1 24 16 7 0 0 0 0 0  aaa99997498a8879389aa77796685786aa3565a485642
225302 1 24 16 10 2 1 0 0 0  aaa99995498a8879389aa74496686386aa2575a786775
225304 1 24 16 10 2 2 0 0 0  aaa99994598a8879589aa73596686586aa2474a786773
225374 1 24 17 1 2 1 0 0 0  aaa99995498a8889589aa77797678386aa3765a644625
225376 1 24 17 1 2 2 0 0 0  aaa99994598a8889589aa77797678586aa5763a644623
225382 1 24 17 1 3 2 0 0 0  aaa99995498a8889389aa77797678686aa3765a652445
225506 1 24 17 5 0 1 0 0 0  aaa99997598a8889489aa77796678386aa3576a545624
225508 1 24 17 5 0 2 0 0 0  aaa99997598a8889589aa77796678586aa5476a433642
225514 1 24 17 5 1 2 0 0 0  aaa99997498a8889389aa77796678685aa3576a545624
225530 1 24 17 5 4 1 0 0 0  aaa99997498a8889389aa77795678686aa3675a652445
225532 1 24 17 5 4 2 0 0 0  aaa99997598a8889589aa77794678686aa5674a645332
225536 1 24 17 5 5 1 0 0 0  aaa99997598a8889489aa77794678486aa3675a663525
225662 1 24 17 9 2 1 0 0 0  aaa99995498a8889389aa66695768787aa3765a772445
225664 1 24 17 9 2 2 0 0 0  aaa99994598a8889589aa66694768787aa5764a775332
225666 1 24 17 9 3 0 0 0 0  aaa99996598a8889489aa66695768787aa3754a773254
225674 1 24 17 9 4 1 0 0 0  aaa99994498a8889489aa65695768787aa3765a773625
225676 1 24 17 9 4 2 0 0 0  aaa99994598a8889589aa63694768787aa5764a775623
225680 1 24 17 9 5 1 0 0 0  aaa99995498a8889389aa64495768787aa3765a772665
225682 1 24 17 9 5 2 0 0 0  aaa99994598a8889589aa63594768787aa5764a772663
225973 1 24 18 7 0 0 1 0 0  aaa99997498a8889889aa77796678426aa7565a533645
226226 1 24 19 3 0 1 0 0 0  aaa99997598a8889489aa66397776785aa3667a585442
226308 1 24 19 5 2 0 0 0 0  aaa99997598a8889489aa77796676386aa3575a685442
226310 1 24 19 5 2 1 0 0 0  aaa99997598a8889489aa77796676386aa3475a684525
226346 1 24 19 6 2 1 0 0 0  aaa99995498a8889389aa66697777387aa2565a687445
226348 1 24 19 6 2 2 0 0 0  aaa99994598a8889589aa66697777587aa5464a687332
226358 1 24 19 6 4 1 0 0 0  aaa99994498a8889489aa65697777387aa3565a687625
226360 1 24 19 6 4 2 0 0 0  aaa99994598a8889589aa63697777587aa5464a687623
226364 1 24 19 6 5 1 0 0 0  aaa99995498a8889389aa64497777387aa2565a687665
226366 1 24 19 6 5 2 0 0 0  aaa99994598a8889589aa63597777587aa2464a687663
226490 1 24 19 10 2 1 0 0 0  aaa99995498a8889389aa74496676386aa2575a786775
226492 1 24 19 10 2 2 0 0 0  aaa99994598a8889589aa73596676586aa2474a786773
226744 1 24 20 6 2 2 0 0 0  aaa99995498a8889889aa66697777387aa3265a657445
226756 1 24 20 6 4 2 0 0 0  aaa99994498a8889889aa65697777487aa3265a657635
226762 1 24 20 6 5 2 0 0 0  aaa99995498a8889889aa64497777387aa3265a657665
227030 1 24 21 3 2 1 0 0 0  aaa99995498a7679889aa75398888576aa3767a644625
227032 1 24 21 3 2 2 0 0 0  aaa99994598a7679889aa73598888576aa5767a644623
227038 1 24 21 3 3 2 0 0 0  aaa99995498a7679889aa75398888376aa6767a652445
227078 1 24 21 4 4 1 0 0 0  aaa99997498a7779889aa57398888356aa6657a662454
227080 1 24 21 4 4 2 0 0 0  aaa99997598a7779889aa47598888546aa6647a665332
227474 1 24 22 4 4 1 0 0 0  aaa99997498a7779389aa57398888856aa6657a662454
227476 1 24 22 4 4 2 0 0 0  aaa99997598a7779589aa47598888846aa6647a665332
227730 1 25 0 0 5 0 0 0 0  aaa99988587a9786479aa79889548577aa3526a963646
227750 1 25 0 1 2 1 0 0 0  aaa99988487a9787379aa79889668656aa3675a952445
227762 1 25 0 1 4 1 0 0 0  aaa99988587a9787479aa79889668346aa4675a963525
227772 1 25 0 2 0 0 0 0 0  aaa99988587a9787479aa79889668367aa3645a955642
227774 1 25 0 2 0 1 0 0 0  aaa99988587a9787479aa79889668367aa3645a952645
227849 1 25 0 4 0 2 1 0 0  aaa99988687a9787429aa79889678666aa4375a953545
227858 1 25 0 4 2 1 0 0 0  aaa99988487a9787369aa79889678656aa3675a952445
227870 1 25 0 4 4 1 0 0 0  aaa99988587a9787469aa79889678346aa4675a963525
227879 1 25 0 4 5 2 1 0 0  aaa99988587a9787529aa79889678536aa3674a966454
227892 1 25 0 5 2 0 0 0 0  aaa99988587a9787479aa29889678367aa3665a946554
227894 1 25 0 5 2 1 0 0 0  aaa99988587a9787479aa59889678367aa3664a962554
227954 1 25 0 7 0 1 0 0 0  aaa99988587a9787479aa69889668367aa3657a944552
227960 1 25 0 7 1 1 0 0 0  aaa99988487a9787379aa59889668667aa3657a944525
227966 1 25 0 7 2 1 0 0 0  aaa99988487a9787379aa59889668657aa3657a962454
227978 1 25 0 7 4 1 0 0 0  aaa99988487a9787379aa59889668357aa2657a966454
228106 1 25 1 0 1 2 0 0 0  aaa99988887a9785489aa79389676677aa3665a952445
228124 1 25 1 0 4 2 0 0 0  aaa99988887a9785489aa79389675377aa2665a966445
228128 1 25 1 0 5 1 0 0 0  aaa99988887a9786589aa79489576377aa3546a965642
228168 1 25 1 2 0 0 0 0 0  aaa99988887a9787589aa79489676367aa3645a955642
228170 1 25 1 2 0 1 0 0 0  aaa99988887a9787589aa79489676367aa3645a952645
228240 1 25 1 4 0 0 0 0 0  aaa99988887a9787489aa79389676356aa6576a952445
228254 1 25 1 4 2 1 0 0 0  aaa99988887a9787489aa79389676656aa3675a952445
228266 1 25 1 4 4 1 0 0 0  aaa99988887a9787489aa79389675656aa3675a962445
228287 1 25 1 5 1 2 1 0 0  aaa99988887a9787689aa39489275767aa6665a954534
228326 1 25 1 6 2 1 0 0 0  aaa99988887a9787789aa69489666357aa3765a952445
228509 1 25 2 0 2 2 1 0 0  aaa99988878a9785689aa79689737466aa6275a954534
228580 1 25 2 2 2 2 0 0 0  aaa99988878a9787589aa79589766644aa5276a964353
228581 1 25 2 2 2 2 1 0 0  aaa99988878a9787589aa79589766624aa5476a964353
228636 1 25 2 4 0 0 0 0 0  aaa99988878a9787489aa79389676356aa6576a952445
228650 1 25 2 4 2 1 0 0 0  aaa99988878a9787489aa79389676656aa3675a952445
228662 1 25 2 4 4 1 0 0 0  aaa99988878a9787489aa79389675656aa3675a962445
228766 1 25 2 7 3 2 0 0 0  aaa99988878a9787589aa79589766644aa5267a964353
228767 1 25 2 7 3 2 1 0 0  aaa99988878a9787589aa79589766624aa5467a964353
228774 1 25 2 7 5 0 0 0 0  aaa99988878a9787689aa79689755644aa6257a946335
228775 1 25 2 7 5 0 1 0 0  aaa99988878a9787689aa79689755624aa6457a946335
228902 1 25 3 0 2 1 0 0 0  aaa99988877a9885469aa79379668358aa7675a962445
228904 1 25 3 0 2 2 0 0 0  aaa99988877a9884569aa79579668548aa7674a965332
228910 1 25 3 0 3 2 0 0 0  aaa99988877a9885469aa79679668328aa7675a953445
228916 1 25 3 0 4 2 0 0 0  aaa99988877a9885469aa79379668628aa7675a953445
228938 1 25 3 1 2 1 0 0 0  aaa99988877a9887569aa79469658378aa3674a962554
228974 1 25 3 2 2 1 0 0 0  aaa99988877a9887569aa79479668348aa4675a963525
228980 1 25 3 2 3 1 0 0 0  aaa99988877a9887469aa79679668358aa3675a952445
228986 1 25 3 2 4 1 0 0 0  aaa99988877a9887469aa79379668658aa3675a952445
228991 1 25 3 2 5 0 1 0 0  aaa99988877a9887629aa79679558638aa6573a946454
229098 1 25 3 5 5 0 0 0 0  aaa99988877a9887639aa79779538648aa6554a946562
229105 1 25 3 6 0 0 1 0 0  aaa99988877a9887769aa69479728658aa6563a954543
229154 1 25 3 7 2 1 0 0 0  aaa99988877a9887569aa79479668348aa4657a963552
229171 1 25 3 7 5 0 1 0 0  aaa99988877a9887629aa79679558638aa6537a946454
229175 1 25 3 7 5 2 1 0 0  aaa99988877a9887629aa79679548638aa6537a955446
229206 1 25 3 8 5 0 0 0 0  aaa99988877a9887739aa79679538648aa6554a946562
229243 1 25 3 9 5 0 1 0 0  aaa99988837a9887679aa39679778628aa6554a956454
229303 1 25 4 0 3 0 1 0 0  aaa99988887a9887579aa79469668472aa6637a955534
229324 1 25 4 1 0 2 0 0 0  aaa99988887a9887779aa79569638564aa5276a946354
229702 1 25 5 0 3 2 0 0 0  aaa99988877a9885469aa89779668376aa3265a957445
229711 1 25 5 0 5 0 1 0 0  aaa99988877a9886439aa89779558375aa4256a967646
229825 1 25 5 4 0 0 1 0 0  aaa99988877a9887349aa89769648465aa7565a967532
229829 1 25 5 4 0 2 1 0 0  aaa99988877a9887529aa89769468564aa7633a947655
229963 1 25 5 7 5 0 1 0 0  aaa99988877a9887529aa89779658536aa4637a966544
229967 1 25 5 7 5 2 1 0 0  aaa99988877a9887429aa89779658436aa3657a966554
230003 1 25 5 8 5 2 1 0 0  aaa99988877a9887729aa89479658436aa3657a966554
230014 1 25 5 9 1 2 0 0 0  aaa99988827a9887579aa89579778566aa6364a935644
230015 1 25 5 9 1 2 1 0 0  aaa99988827a9887579aa89579778566aa6463a944653
230017 1 25 5 9 2 0 1 0 0  aaa99988837a9887579aa89379778466aa6266a955544
230021 1 25 5 9 2 2 1 0 0  aaa99988827a9887579aa89579778566aa6466a944353
230027 1 25 5 9 3 2 1 0 0  aaa99988827a9887579aa89579778566aa6364a963454
230029 1 25 5 9 4 0 1 0 0  aaa99988837a9887579aa89379778462aa6666a955544
230033 1 25 5 9 4 2 1 0 0  aaa99988827a9887579aa89579778564aa6666a944353
230035 1 25 5 9 5 0 1 0 0  aaa99988827a9887679aa89679778655aa6354a936454
230037 1 25 5 9 5 1 1 0 0  aaa99988827a9887679aa89679778653aa6554a936454
230039 1 25 5 9 5 2 1 0 0  aaa99988827a9887679aa89679778654aa6555a944363
230069 1 25 5 10 4 2 1 0 0  aaa99988827a9885479aa89479778763aa6666a953545
230071 1 25 5 10 5 0 1 0 0  aaa99988837a9886479aa89379778755aa4256a965646
230073 1 25 5 10 5 1 1 0 0  aaa99988827a9886479aa89479778755aa5356a963646
230074 1 25 5 10 5 2 0 0 0  aaa99988827a9886579aa89579778743aa5346a965646
230075 1 25 5 10 5 2 1 0 0  aaa99988827a9886579aa89579778743aa5446a963656
230106 1 25 6 0 5 0 0 0 0  aaa99988887a9786579aa79489548577aa3526a963646
230126 1 25 6 1 2 1 0 0 0  aaa99988887a9787479aa79389668656aa3675a952445
230138 1 25 6 1 4 1 0 0 0  aaa99988887a9787579aa79489668346aa4675a963525
230148 1 25 6 2 0 0 0 0 0  aaa99988887a9787579aa79489668367aa3645a955642
230150 1 25 6 2 0 1 0 0 0  aaa99988887a9787579aa79489668367aa3645a952645
230270 1 25 6 5 2 1 0 0 0  aaa99988887a9787579aa59489678367aa3664a962554
230503 1 25 7 0 5 0 1 0 0  aaa99958888a9887779aa49829657576aa7643a966345
230509 1 25 7 1 0 0 1 0 0  aaa99938888a9886679aa79879766455aa6277a954534
230525 1 25 7 1 2 2 1 0 0  aaa99948888a9886579aa79879766633aa5277a965445
230542 1 25 7 1 5 2 0 0 0  aaa99938888a9886579aa79879736544aa5277a964656
230647 1 25 7 4 5 0 1 0 0  aaa99978888a9886579aa79879736452aa5576a964634
230649 1 25 7 4 5 1 1 0 0  aaa99978888a9886579aa79879736455aa5276a964634
230651 1 25 7 4 5 2 1 0 0  aaa99978888a9886579aa79879736524aa5476a964635
230663 1 25 7 5 1 2 1 0 0  aaa99938888a9885479aa79879766672aa7665a954534
230807 1 25 7 9 1 2 1 0 0  aaa99968888a9885479aa79879737766aa6265a954534
230843 1 25 7 10 1 2 1 0 0  aaa99968888a9885479aa39879777766aa6265a954534
230873 1 25 8 0 0 2 1 0 0  aaa99988887a9786679aa79629658477aa4358a963554
230882 1 25 8 0 2 1 0 0 0  aaa99988887a9784579aa79469668377aa3658a962554
230916 1 25 8 1 2 0 0 0 0  aaa99988887a9787579aa79469668364aa6278a954553
230918 1 25 8 1 2 1 0 0 0  aaa99988887a9787479aa79369668365aa6578a952445
230934 1 25 8 1 5 0 0 0 0  aaa99988887a9787479aa79359658356aa2678a966454
230958 1 25 8 2 3 0 0 0 0  aaa99988887a9787579aa79469668367aa3558a965442
230960 1 25 8 2 3 1 0 0 0  aaa99988887a9787579aa79469668367aa3458a964552
231140 1 25 8 7 3 1 0 0 0  aaa99988887a9787579aa59469668367aa3458a964752
231274 1 25 9 0 1 2 0 0 0  aaa99988877a9885469aa79879668367aa3675a952445
231295 1 25 9 0 5 0 1 0 0  aaa99988877a9886429aa79879558437aa3576a964656
231301 1 25 9 1 0 0 1 0 0  aaa99988877a9887649aa79869648472aa6675a955353
231340 1 25 9 2 0 2 0 0 0  aaa99988877a9887529aa79879668566aa5374a935644
231341 1 25 9 2 0 2 1 0 0  aaa99988877a9887529aa79879668566aa5473a944653
231350 1 25 9 2 2 1 0 0 0  aaa99988877a9887469aa79879668356aa3675a952445
231372 1 25 9 3 0 0 0 0 0  aaa99988877a9887729aa79869658563aa5376a946544
231444 1 25 9 5 0 0 0 0 0  aaa99988872a9887779aa79869658564aa4467a965533
231449 1 25 9 5 0 2 1 0 0  aaa99988872a9887779aa79869648563aa5367a965445
231547 1 25 9 7 5 0 1 0 0  aaa99988877a9887529aa79879658536aa4637a966544
231551 1 25 9 7 5 2 1 0 0  aaa99988877a9887429aa79879658436aa3657a966554
231553 1 25 9 8 0 0 1 0 0  aaa99988877a9887729aa79879668456aa6563a954543
231583 1 25 9 8 5 0 1 0 0  aaa99988877a9887729aa79879658546aa5644a966533
231599 1 25 9 9 1 2 1 0 0  aaa99988827a9887479aa69879778466aa6365a953545
231785 1 25 10 3 2 2 1 0 0  aaa99975888a9885479aa79889737766aa6266a954534
231791 1 25 10 3 3 2 1 0 0  aaa99975888a9885479aa79889737766aa6265a964534
231797 1 25 10 3 4 2 1 0 0  aaa99975888a9885479aa79889737762aa6666a954534
231799 1 25 10 3 5 0 1 0 0  aaa99976888a9886479aa79889737755aa4256a965634
231801 1 25 10 3 5 1 1 0 0  aaa99976888a9886479aa79889737755aa5256a964634
231802 1 25 10 3 5 2 0 0 0  aaa99976888a9886579aa79889747743aa5346a965652
231803 1 25 10 3 5 2 1 0 0  aaa99976888a9886579aa79889737742aa5446a965635
231827 1 25 10 4 3 2 1 0 0  aaa99975888a9885679aa79889737466aa6276a954534
231835 1 25 10 4 5 0 1 0 0  aaa99976888a9886579aa79889737452aa5576a964634
231837 1 25 10 4 5 1 1 0 0  aaa99976888a9886579aa79889737455aa5276a964634
231839 1 25 10 4 5 2 1 0 0  aaa99976888a9886579aa79889737524aa5476a964635
231856 1 25 10 5 2 2 0 0 0  aaa99965888a9885479aa79889767367aa3766a952445
231892 1 25 10 6 2 2 0 0 0  aaa99965888a9885479aa69889777367aa3766a952445
232055 1 25 10 10 5 2 1 0 0  aaa99975888a9885429aa79889675436aa3675a966774
232231 1 25 11 4 5 0 1 0 0  aaa99976888a9888579aa79879736452aa5576a964634
232233 1 25 11 4 5 1 1 0 0  aaa99976888a9888579aa79879736455aa5276a964634
232235 1 25 11 4 5 2 1 0 0  aaa99976888a9888579aa79879736524aa5476a964635
232247 1 25 11 5 1 2 1 0 0  aaa99935888a9888479aa79879766672aa7665a954534
232391 1 25 11 9 1 2 1 0 0  aaa99965888a9888479aa79879737766aa6265a954534
232427 1 25 11 10 1 2 1 0 0  aaa99965888a9888479aa39879777766aa6265a954534
232517 1 25 12 1 4 2 1 0 0  aaa99977888a9885479aa79879735462aa8666a956534
232521 1 25 12 1 5 1 1 0 0  aaa99977888a9886479aa79879736452aa8556a965634
232522 1 25 12 1 5 2 0 0 0  aaa99977888a9886579aa79879746543aa8346a965652
232523 1 25 12 1 5 2 1 0 0  aaa99977888a9886579aa79879736542aa8446a965635
232571 1 25 12 3 1 2 1 0 0  aaa99975888a9885479aa79879737466aa8266a956534
232577 1 25 12 3 2 2 1 0 0  aaa99975888a9885479aa79879737462aa8665a966534
232589 1 25 12 3 4 2 1 0 0  aaa99975888a9885479aa79879737462aa8666a956534
232593 1 25 12 3 5 1 1 0 0  aaa99976888a9886479aa79879737452aa8556a965634
232594 1 25 12 3 5 2 0 0 0  aaa99976888a9886579aa79879747543aa8346a965652
232595 1 25 12 3 5 2 1 0 0  aaa99976888a9886579aa79879737542aa8446a965635
232600 1 25 12 4 0 2 0 0 0  aaa99975888a9886679aa79879766433aa8275a956445
232625 1 25 12 4 4 2 1 0 0  aaa99976888a9885479aa79879735426aa8675a966534
232631 1 25 12 4 5 2 1 0 0  aaa99976888a9886579aa79879746533aa8276a965445
232715 1 25 12 7 1 2 1 0 0  aaa99935888a9885479aa79879766672aa8665a974534
232799 1 25 12 9 3 2 1 0 0  aaa99965888a9885479aa79879737766aa8266a954534
232835 1 25 12 10 3 2 1 0 0  aaa99965888a9885479aa39879777766aa8266a954534
232918 1 25 13 1 5 2 0 0 0  aaa99986588a9878579aa89879736574aa5276a964634
232927 1 25 13 2 1 0 1 0 0  aaa99985588a9838579aa89879766672aa4676a974534
232970 1 25 13 3 2 1 0 0 0  aaa99986588a9858479aa89879776376aa3657a962454
232972 1 25 13 3 2 2 0 0 0  aaa99986588a9848579aa89879776576aa5637a962434
232999 1 25 13 4 1 0 1 0 0  aaa99985588a9838579aa89879766676aa4277a964534
233075 1 25 13 6 1 2 1 0 0  aaa99985688a9838479aa89879775472aa7666a956534
233086 1 25 13 6 3 2 0 0 0  aaa99985488a9868379aa89879775376aa7666a952445
233107 1 25 13 7 1 0 1 0 0  aaa99985588a9878569aa89879776672aa4636a974534
233125 1 25 13 7 4 0 1 0 0  aaa99986688a9878529aa89879776475aa5536a974634
233129 1 25 13 7 4 2 1 0 0  aaa99986688a9878529aa89879776574aa5436a974635
233156 1 25 13 8 3 1 0 0 0  aaa99985488a9868579aa89879775376aa3666a972445
233158 1 25 13 8 3 2 0 0 0  aaa99984588a9868579aa89879773576aa5666a972443
233192 1 25 13 9 3 1 0 0 0  aaa99985488a9868579aa89879777376aa3666a952445
233194 1 25 13 9 3 2 0 0 0  aaa99984588a9868579aa89879777576aa5666a944332
233375 1 25 14 3 3 2 1 0 0  aaa99965788a9885469aa69689638872aa7777a954534
233447 1 25 14 5 3 2 1 0 0  aaa99977788a9887429aa79489678866aa6365a953545
233473 1 25 14 6 2 0 1 0 0  aaa99966688a9885529aa69589768873aa4777a937544
233475 1 25 14 6 2 1 1 0 0  aaa99966688a9885529aa69489768873aa3777a957544
233477 1 25 14 6 2 2 1 0 0  aaa99966688a9885429aa69489768873aa3777a957545
233487 1 25 14 6 4 1 1 0 0  aaa99965688a9885529aa69489768873aa3777a957644
233489 1 25 14 6 4 2 1 0 0  aaa99965688a9885429aa69489768873aa3777a957645
233493 1 25 14 6 5 1 1 0 0  aaa99965588a9885429aa69489768873aa3777a957664
233533 1 25 14 8 0 0 1 0 0  aaa99966588a9886469aa69489738872aa7777a955534
233545 1 25 14 8 2 0 1 0 0  aaa99966688a9885529aa69589768874aa7777a944533
233549 1 25 14 8 2 2 1 0 0  aaa99966688a9885429aa69489768873aa7777a953545
233561 1 25 14 8 4 2 1 0 0  aaa99965688a9885429aa69489768873aa7777a953645
233619 1 25 14 10 2 1 1 0 0  aaa99975588a9885429aa79489678866aa6375a963774
233637 1 25 14 10 5 1 1 0 0  aaa99975588a9885429aa79489678836aa3675a966774
233653 1 25 15 0 2 0 1 0 0  aaa99988877a9686629aa89779658476aa4558a957343
233658 1 25 15 0 3 0 0 0 0  aaa99988877a9686629aa89779658573aa5358a947644
233716 1 25 15 2 0 2 0 0 0  aaa99988877a9786659aa89779558544aa6648a962373
233717 1 25 15 2 0 2 1 0 0  aaa99988877a9786639aa89779538625aa4568a954674
233743 1 25 15 2 5 0 1 0 0  aaa99988877a9785549aa89779648436aa5638a966572
233747 1 25 15 2 5 2 1 0 0  aaa99988877a9687429aa89779658436aa3658a967554
233748 1 25 15 3 0 0 0 0 0  aaa99988877a9787459aa89769658364aa7268a964535
233753 1 25 15 3 0 2 1 0 0  aaa99988877a9787529aa89769648563aa7368a965445
233785 1 25 15 4 0 0 1 0 0  aaa99988877a9786639aa89739558646aa7448a965572
233882 1 25 15 6 4 1 0 0 0  aaa99988877a9787569aa89479678346aa4658a963552
233891 1 25 15 6 5 2 1 0 0  aaa99988877a9787529aa89579678536aa3648a966445
233893 1 25 15 7 0 0 1 0 0  aaa99988877a9786629aa89779558636aa4738a965544
233922 1 25 15 7 5 0 0 0 0  aaa99988877a9783649aa89779548655aa6758a936462
233923 1 25 15 7 5 0 1 0 0  aaa99988877a9784629aa89779558635aa6738a946564
233959 1 25 15 8 5 0 1 0 0  aaa99988877a9787529aa89779658536aa4638a966544
233963 1 25 15 8 5 2 1 0 0  aaa99988877a9787429aa89779658436aa3658a966554
233999 1 25 15 9 5 2 1 0 0  aaa99988877a9787729aa89479658436aa3658a966554
234048 1 25 16 0 2 0 0 0 0  aaa99988877a9686629aa89779658576aa8354a937445
234049 1 25 16 0 2 0 1 0 0  aaa99988877a9686639aa89779658376aa8554a957424
234054 1 25 16 0 3 0 0 0 0  aaa99988877a9686629aa89779658573aa8356a947445
234124 1 25 16 2 2 2 0 0 0  aaa99988877a9785369aa89779668346aa8645a952475
234139 1 25 16 2 5 0 1 0 0  aaa99988877a9785539aa89779638546aa8644a966572
234149 1 25 16 3 0 2 1 0 0  aaa99988877a9787249aa89769648463aa8365a956575
234181 1 25 16 4 0 0 1 0 0  aaa99988877a9786629aa89759458665aa8456a934377
234202 1 25 16 4 3 2 0 0 0  aaa99988877a9785269aa89769648463aa8345a956577
234203 1 25 16 4 3 2 1 0 0  aaa99988877a9782469aa89769568465aa8533a954677
234277 1 25 16 6 4 0 1 0 0  aaa99988877a9787539aa89479678362aa8666a955544
234281 1 25 16 6 4 2 1 0 0  aaa99988877a9787529aa89579678564aa8666a944353
234283 1 25 16 6 5 0 1 0 0  aaa99988877a9787439aa89479678356aa8652a966545
234310 1 25 16 7 3 2 0 0 0  aaa99988877a9785469aa89779668326aa8765a953445
234319 1 25 16 7 5 0 1 0 0  aaa99988877a9786439aa89779558325aa8756a964646
234355 1 25 16 8 5 0 1 0 0  aaa99988877a9787529aa89779658546aa8644a966533
234473 1 25 17 1 0 2 1 0 0  aaa99977788a9868629aa89889775667aa4365a953544
234502 1 25 17 1 5 2 0 0 0  aaa99977788a9838529aa89889776547aa5436a964656
234617 1 25 17 5 0 2 1 0 0  aaa99977788a9878529aa89889676566aa5437a944635
234662 1 25 17 6 2 1 0 0 0  aaa99966688a9868479aa89889777357aa3765a952445
234674 1 25 17 6 4 1 0 0 0  aaa99965688a9868479aa89889777357aa3765a944625
234715 1 25 17 7 5 0 1 0 0  aaa99977788a9878529aa89889657546aa7644a966533
234828 1 25 18 0 0 0 0 0 0  aaa99977588a9888429aa79789767866aa3565a965443
234830 1 25 18 0 0 1 0 0 0  aaa99977588a9888429aa79789767866aa3465a964535
234833 1 25 18 0 0 2 1 0 0  aaa99977588a9888529aa79789767866aa5364a963454
234839 1 25 18 0 1 2 1 0 0  aaa99977488a9888429aa79789767866aa6365a953545
234947 1 25 18 3 1 2 1 0 0  aaa99965788a9888479aa39789777866aa6265a954534
235058 1 25 18 6 2 1 0 0 0  aaa99966688a9888479aa69389777857aa3765a952445
235070 1 25 18 6 4 1 0 0 0  aaa99965688a9888479aa69389777857aa3765a944625
235178 1 25 18 9 4 1 0 0 0  aaa99966488a9888379aa69389765857aa2765a977445
235221 1 25 18 10 5 1 1 0 0  aaa99975588a9888429aa79489675836aa3675a966774
235228 1 25 19 0 0 2 0 0 0  aaa99977488a9887779aa79889665326aa6865a953445
235244 1 25 19 0 3 1 0 0 0  aaa99977488a9887779aa79889666356aa3865a952445
235300 1 25 19 2 0 2 0 0 0  aaa99977788a9887479aa79889665326aa6865a953445
235316 1 25 19 2 3 1 0 0 0  aaa99977788a9887479aa79889666356aa3865a952445
235439 1 25 19 5 5 2 1 0 0  aaa99977788a9887529aa79889476534aa5836a964656
235477 1 25 19 7 0 0 1 0 0  aaa99977788a9887359aa79889665756aa6865a943424
235480 1 25 19 7 0 2 0 0 0  aaa99977788a9887549aa79889664726aa6864a935355
235481 1 25 19 7 0 2 1 0 0  aaa99977788a9887429aa79889665736aa6863a954545
235507 1 25 19 7 5 0 1 0 0  aaa99977788a9887429aa79889556735aa3856a964646
235594 1 25 19 10 1 2 0 0 0  aaa99975488a9885369aa79889676366aa2875a944775
235615 1 25 19 10 5 0 1 0 0  aaa99976588a9886429aa79889576535aa3876a964774
235619 1 25 19 10 5 2 1 0 0  aaa99976588a9886539aa79889376544aa4876a965772
235634 1 25 20 0 2 1 0 0 0  aaa99977588a9888479aa79889666376aa3657a944552
235638 1 25 20 0 3 0 0 0 0  aaa99977588a9888479aa79889666376aa3467a954552
235640 1 25 20 0 3 1 0 0 0  aaa99977588a9888479aa79889666376aa3567a955442
235805 1 25 20 5 0 2 1 0 0  aaa99977788a9888529aa79889676566aa5437a944635
235836 1 25 20 6 0 0 0 0 0  aaa99966588a9888479aa49889777367aa3765a955246
235838 1 25 20 6 0 1 0 0 0  aaa99966588a9888479aa59889777367aa3764a962554
235850 1 25 20 6 2 1 0 0 0  aaa99966688a9888479aa69889777357aa3765a952445
235862 1 25 20 6 4 1 0 0 0  aaa99965688a9888479aa69889777357aa3765a944625
235873 1 25 20 7 0 0 1 0 0  aaa99977788a9888729aa79889667456aa6563a954543
235903 1 25 20 7 5 0 1 0 0  aaa99977788a9888729aa79889657546aa5644a966533
236135 1 25 21 3 1 2 1 0 0  aaa99965788a9888879aa39789777466aa6265a954534
236197 1 25 21 5 0 0 1 0 0  aaa99977788a9888869aa79689674355aa6657a953424
236246 1 25 21 6 2 1 0 0 0  aaa99966688a9888879aa69489777357aa3765a952445
236258 1 25 21 6 4 1 0 0 0  aaa99965688a9888879aa69489777357aa3765a944625
236531 1 25 22 3 1 2 1 0 0  aaa99965778a9777489aa39789888866aa6265a954534
236642 1 25 22 6 2 1 0 0 0  aaa99966678a9777489aa69389888857aa3765a952445
236654 1 25 22 6 4 1 0 0 0  aaa99965678a9777489aa69389888857aa3765a944625
237055 1 26 0 6 5 0 1 0 0  aaa99998878a9778729aa89889765547aa5464a653663
237180 1 26 0 10 2 0 0 0 0  aaa99998868a9768629aa89889765547aa4765a775343
237181 1 26 0 10 2 0 1 0 0  aaa99998868a9768629aa89889765537aa5763a774544
237185 1 26 0 10 2 2 1 0 0  aaa99998868a9768629aa89889765437aa3765a774545
237256 1 26 1 1 2 2 0 0 0  aaa99995488a9877769aa89379676387aa8685a652445
237376 1 26 1 4 4 2 0 0 0  aaa99995488a9877779aa89379676386aa8685a652445
237382 1 26 1 4 5 2 0 0 0  aaa99995488a9877779aa89379675386aa8685a662445
237430 1 26 1 6 1 2 0 0 0  aaa99995488a9866679aa89379775386aa8785a672445
237448 1 26 1 6 4 2 0 0 0  aaa99995488a9865379aa89379774486aa8785a672665
237452 1 26 1 6 5 1 0 0 0  aaa99996588a9846479aa89479776385aa8786a575632
237650 1 26 2 1 2 1 0 0 0  aaa99995488a9877769aa89579676387aa3688a652445
237652 1 26 2 1 2 2 0 0 0  aaa99994588a9877769aa89579676587aa5688a644332
237686 1 26 2 2 2 1 0 0 0  aaa99997588a9877779aa89469676385aa3688a655442
237702 1 26 2 2 5 0 0 0 0  aaa99997588a9877779aa89449675586aa4688a663532
237704 1 26 2 2 5 1 0 0 0  aaa99997588a9877779aa89459675586aa3688a663442
237770 1 26 2 4 4 1 0 0 0  aaa99995488a9877779aa89579676386aa3688a652445
237772 1 26 2 4 4 2 0 0 0  aaa99994588a9877779aa89579676586aa5688a644332
237776 1 26 2 4 5 1 0 0 0  aaa99995488a9877779aa89579675386aa3688a662445
237778 1 26 2 4 5 2 0 0 0  aaa99994588a9877779aa89579673586aa5688a662443
238039 1 26 3 1 1 0 1 0 0  aaa99995588a9877769aa89589776627aa4688a364534
238067 1 26 3 1 5 2 1 0 0  aaa99996588a9877729aa89589776537aa3488a464656
238070 1 26 3 2 0 1 0 0 0  aaa99997588a9877779aa89489676366aa3588a545624
238072 1 26 3 2 0 2 0 0 0  aaa99997588a9877779aa89589676566aa5488a433642
238088 1 26 3 2 3 1 0 0 0  aaa99997488a9877779aa89389676656aa3588a545624
238166 1 26 3 4 4 1 0 0 0  aaa99995488a9877779aa89589775326aa6688a663445
238168 1 26 3 4 4 2 0 0 0  aaa99994588a9877779aa89589773526aa6688a665443
238211 1 26 3 5 5 2 1 0 0  aaa99997588a9877729aa89589674536aa3688a766454
238268 1 26 3 7 3 1 0 0 0  aaa99997488a9877769aa89789676356aa3588a545624
238279 1 26 3 7 5 0 1 0 0  aaa99997588a9877729aa89789675536aa3688a664544
238283 1 26 3 7 5 2 1 0 0  aaa99997588a9877729aa89789674536aa3688a665454
238373 1 26 3 10 2 2 1 0 0  aaa99996588a9866629aa89589746537aa3788a777445
238379 1 26 3 10 3 2 1 0 0  aaa99996588a9866629aa89589764537aa3788a777454
238387 1 26 3 10 5 0 1 0 0  aaa99996588a9856529aa89489756437aa3788a777646
238429 1 26 4 1 0 0 1 0 0  aaa99996688a9877769aa89489776427aa6585a533845
238442 1 26 4 1 2 1 0 0 0  aaa99996488a9877769aa89389776657aa3586a545824
238447 1 26 4 1 3 0 1 0 0  aaa99996488a9877769aa89489776627aa6585a533845
238463 1 26 4 1 5 2 1 0 0  aaa99996588a9877729aa89589776537aa3486a464856
238466 1 26 4 2 0 1 0 0 0  aaa99997488a9877779aa89389676356aa6586a545824
238468 1 26 4 2 0 2 0 0 0  aaa99997588a9877779aa89589676546aa6486a435823
238484 1 26 4 2 3 1 0 0 0  aaa99997488a9877779aa89389676656aa3586a545824
238490 1 26 4 2 4 1 0 0 0  aaa99997588a9877779aa89489676346aa4685a653825
238496 1 26 4 2 5 1 0 0 0  aaa99997588a9877779aa89489675346aa4685a663825
238562 1 26 4 4 4 1 0 0 0  aaa99995488a9877779aa89389774456aa6685a663825
238564 1 26 4 4 4 2 0 0 0  aaa99994588a9877779aa89589773546aa6684a665823
238586 1 26 4 5 2 1 0 0 0  aaa99997588a9877769aa89489676346aa4685a753825
238607 1 26 4 5 5 2 1 0 0  aaa99997588a9877729aa89589674536aa3684a766854
238616 1 26 4 6 1 1 0 0 0  aaa99994588a9866679aa89489777367aa3786a555824
238628 1 26 4 6 3 1 0 0 0  aaa99996588a9866679aa89489777347aa4785a653825
238649 1 26 4 7 0 2 1 0 0  aaa99997488a9877739aa89789676326aa6586a555844
238664 1 26 4 7 3 1 0 0 0  aaa99997488a9877769aa89789676356aa3586a545824
238675 1 26 4 7 5 0 1 0 0  aaa99997588a9877729aa89789675536aa3685a664844
238679 1 26 4 7 5 2 1 0 0  aaa99997588a9877729aa89789674536aa3684a665854
238694 1 26 4 8 2 1 0 0 0  aaa99996488a9866679aa89789777357aa3586a545824
238730 1 26 4 9 2 1 0 0 0  aaa99996488a9866679aa89389777757aa3586a545824
238753 1 26 4 10 0 0 1 0 0  aaa99996688a9866429aa89689755437aa3785a777854
238769 1 26 4 10 2 2 1 0 0  aaa99996588a9866649aa89589746437aa5783a777852
238775 1 26 4 10 3 2 1 0 0  aaa99996588a9866629aa89589764537aa3784a777854
238783 1 26 4 10 5 0 1 0 0  aaa99996588a9856529aa89489756437aa3786a777846
238855 1 26 5 1 5 0 1 0 0  aaa99996588a9877729aa89889776457aa5586a364634
238859 1 26 5 1 5 2 1 0 0  aaa99996588a9877729aa89889776537aa3486a464655
238886 1 26 5 2 4 1 0 0 0  aaa99997488a9877779aa89889676356aa3685a652445
238906 1 26 5 3 1 2 0 0 0  aaa99995488a9866679aa89889777377aa3685a652445
238924 1 26 5 3 4 2 0 0 0  aaa99995488a9865379aa89889777377aa2685a666445
238928 1 26 5 3 5 1 0 0 0  aaa99996588a9846479aa89889777477aa3586a565632
238960 1 26 5 4 4 2 0 0 0  aaa99995488a9877779aa89889775326aa6685a663445
238982 1 26 5 5 2 1 0 0 0  aaa99997488a9877769aa89889676356aa3685a752445
238999 1 26 5 5 5 0 1 0 0  aaa99997588a9877729aa89889675536aa4683a766544
239003 1 26 5 5 5 2 1 0 0  aaa99997488a9877729aa89889675436aa3685a766545
239024 1 26 5 6 3 1 0 0 0  aaa99996488a9866679aa89889777357aa3785a652445
239041 1 26 5 7 0 0 1 0 0  aaa99997488a9877729aa89889676466aa7585a533645
239070 1 26 5 7 5 0 0 0 0  aaa99997588a9877729aa89889675546aa7684a663534
239071 1 26 5 7 5 0 1 0 0  aaa99997588a9877729aa89889675536aa7683a664544
239075 1 26 5 7 5 2 1 0 0  aaa99997488a9877739aa89889675326aa7685a664545
239092 1 26 5 8 2 2 0 0 0  aaa99995488a9875379aa89889777367aa2686a656445
239098 1 26 5 8 3 2 0 0 0  aaa99995488a9875379aa89889777367aa6686a652445
239104 1 26 5 8 4 2 0 0 0  aaa99995488a9875379aa89889777367aa2685a666445
239108 1 26 5 8 5 1 0 0 0  aaa99996588a9876479aa89889777347aa4586a565632
239149 1 26 5 10 0 0 1 0 0  aaa99996688a9866549aa89889744657aa5785a777332
239167 1 26 5 10 3 0 1 0 0  aaa99996588a9866629aa89889765537aa4783a777544
239171 1 26 5 10 3 2 1 0 0  aaa99996488a9866629aa89889765437aa3785a777545
239179 1 26 5 10 5 0 1 0 0  aaa99996588a9856529aa89889756437aa3786a777644
239183 1 26 5 10 5 2 1 0 0  aaa99996588a9846529aa89889746537aa3786a777645
239255 1 26 6 1 5 2 1 0 0  aaa99996588a9877739aa89589776327aa8486a464655
239282 1 26 6 2 4 1 0 0 0  aaa99997488a9877779aa89389676356aa8685a652445
239284 1 26 6 2 4 2 0 0 0  aaa99997588a9877779aa89589676546aa8684a645332
239288 1 26 6 2 5 1 0 0 0  aaa99997488a9877779aa89389675356aa8685a662445
239290 1 26 6 2 5 2 0 0 0  aaa99997588a9877779aa89589674546aa8684a665332
239321 1 26 6 3 4 2 1 0 0  aaa99995788a9835479aa89789777466aa8285a666534
239327 1 26 6 3 5 2 1 0 0  aaa99995788a9835479aa89789777426aa8685a666534
239344 1 26 6 4 2 2 0 0 0  aaa99995488a9877779aa89389775362aa8686a656445
239356 1 26 6 4 4 2 0 0 0  aaa99995488a9877779aa89389775366aa8285a666445
239362 1 26 6 4 5 2 0 0 0  aaa99995488a9877779aa89389775326aa8685a666445
239378 1 26 6 5 2 1 0 0 0  aaa99997488a9877769aa89389676356aa8685a752445
239380 1 26 6 5 2 2 0 0 0  aaa99997588a9877769aa89589676546aa8684a745332
239399 1 26 6 5 5 2 1 0 0  aaa99997488a9877739aa89489675326aa8685a766545
239420 1 26 6 6 3 1 0 0 0  aaa99996488a9866679aa89389777357aa8785a652445
239422 1 26 6 6 3 2 0 0 0  aaa99996588a9866679aa89589777547aa8784a645332
239426 1 26 6 6 4 1 0 0 0  aaa99996488a9865379aa89389777257aa8785a644665
239428 1 26 6 6 4 2 0 0 0  aaa99996588a9864579aa89589777547aa8784a633662
239430 1 26 6 6 5 0 0 0 0  aaa99996588a9856579aa89489777327aa8786a563446
239432 1 26 6 6 5 1 0 0 0  aaa99996588a9856579aa89589777427aa8786a464633
239437 1 26 6 7 0 0 1 0 0  aaa99997488a9877729aa89789676466aa8585a533645
239466 1 26 6 7 5 0 0 0 0  aaa99997588a9877729aa89789675546aa8684a663534
239467 1 26 6 7 5 0 1 0 0  aaa99997588a9877729aa89789675536aa8683a664544
239471 1 26 6 7 5 2 1 0 0  aaa99997488a9877739aa89789675326aa8685a664545
239482 1 26 6 8 1 2 0 0 0  aaa99995488a9866679aa89789777327aa8685a653445
239518 1 26 6 9 1 2 0 0 0  aaa99995488a9866679aa89389777727aa8685a653445
239545 1 26 6 10 0 0 1 0 0  aaa99996688a9866459aa89689753427aa8785a777543
239554 1 26 6 10 1 2 0 0 0  aaa99995488a9866669aa89389765327aa8785a777445
239567 1 26 6 10 3 2 1 0 0  aaa99996488a9866639aa89489765327aa8785a777545
239572 1 26 6 10 4 2 0 0 0  aaa99995488a9865369aa89389766627aa8785a777445
239575 1 26 6 10 5 0 1 0 0  aaa99996588a9856539aa89489756327aa8786a777644
239576 1 26 6 10 5 1 0 0 0  aaa99996588a9846459aa89489756527aa8786a777633
239579 1 26 6 10 5 2 1 0 0  aaa99996588a9836549aa89589746427aa8786a777635
240047 1 26 8 1 5 2 1 0 0  aaa99996588a9877729aa89589778537aa3486a464656
240058 1 26 8 2 1 2 0 0 0  aaa99997488a9877779aa89389578366aa6586a545624
240074 1 26 8 2 4 1 0 0 0  aaa99997488a9877779aa89389678656aa3685a652445
240080 1 26 8 2 5 1 0 0 0  aaa99997588a9877779aa89489678346aa4685a663525
240094 1 26 8 3 1 2 0 0 0  aaa99995488a9866679aa89389778777aa3685a652445
240112 1 26 8 3 4 2 0 0 0  aaa99995488a9865379aa89389778777aa2685a666445
240116 1 26 8 3 5 1 0 0 0  aaa99996588a9846479aa89489778777aa3586a565632
240146 1 26 8 4 4 1 0 0 0  aaa99995488a9877779aa89389778356aa6685a662445
240148 1 26 8 4 4 2 0 0 0  aaa99994588a9877779aa89589778546aa6684a665332
240170 1 26 8 5 2 1 0 0 0  aaa99997488a9877769aa89389678656aa3685a752445
240182 1 26 8 5 4 1 0 0 0  aaa99997588a9877769aa89489678346aa4685a763525
240191 1 26 8 5 5 2 1 0 0  aaa99997588a9877729aa89589678536aa3684a766454
240212 1 26 8 6 3 1 0 0 0  aaa99996488a9866679aa89389778757aa3785a652445
240254 1 26 8 7 4 1 0 0 0  aaa99997488a9877769aa89789678356aa3685a652445
240263 1 26 8 7 5 2 1 0 0  aaa99997588a9877729aa89789678536aa3684a665454
240280 1 26 8 8 2 2 0 0 0  aaa99995488a9875379aa89389778767aa2686a656445
240286 1 26 8 8 3 2 0 0 0  aaa99995488a9875379aa89389778767aa6686a652445
240292 1 26 8 8 4 2 0 0 0  aaa99995488a9875379aa89389778767aa2685a666445
240296 1 26 8 8 5 1 0 0 0  aaa99996588a9876479aa89389778747aa4586a565632
240308 1 26 8 9 1 1 0 0 0  aaa99994588a9866679aa89489758367aa3786a772554
240320 1 26 8 9 3 1 0 0 0  aaa99996588a9866679aa89489768347aa4785a773525
240326 1 26 8 9 4 1 0 0 0  aaa99996588a9865479aa89389768347aa4785a772665
240353 1 26 8 10 2 2 1 0 0  aaa99996588a9866629aa89589748537aa3786a777445
240359 1 26 8 10 3 2 1 0 0  aaa99996588a9866629aa89589768537aa3784a777454
240367 1 26 8 10 5 0 1 0 0  aaa99996588a9856529aa89489758437aa3786a777646
240409 1 26 9 1 0 0 1 0 0  aaa99996688a9877769aa89489776427aa6855a533845
240427 1 26 9 1 3 0 1 0 0  aaa99996488a9877769aa89489776627aa6855a533845
240433 1 26 9 1 4 0 1 0 0  aaa99996688a9877729aa89589776457aa5856a364834
240437 1 26 9 1 4 2 1 0 0  aaa99996688a9877729aa89589776537aa3846a465845
240443 1 26 9 1 5 2 1 0 0  aaa99996588a9877729aa89589776537aa3846a465846
240444 1 26 9 2 0 0 0 0 0  aaa99997588a9877779aa89489676326aa6856a545834
240446 1 26 9 2 0 1 0 0 0  aaa99997588a9877779aa89389676346aa6846a555842
240566 1 26 9 5 2 1 0 0 0  aaa99997588a9877769aa89489676346aa4875a653825
240587 1 26 9 5 5 2 1 0 0  aaa99997588a9877729aa89589674536aa3874a666854
240625 1 26 9 7 0 0 1 0 0  aaa99997488a9877739aa89789676326aa6856a554845
240627 1 26 9 7 0 1 1 0 0  aaa99997488a9877739aa89789676326aa6856a555844
240629 1 26 9 7 0 2 1 0 0  aaa99997588a9877729aa89789676536aa6836a444855
240820 1 26 10 1 2 2 0 0 0  aaa99995888a9885479aa79889767376aa3675a644625
240893 1 26 10 3 2 2 1 0 0  aaa99995888a9885479aa79889737766aa6275a664534
240899 1 26 10 3 3 2 1 0 0  aaa99995888a9885479aa79889737766aa6276a654534
240905 1 26 10 3 4 2 1 0 0  aaa99995888a9885479aa79889737726aa6675a664534
240911 1 26 10 3 5 2 1 0 0  aaa99995888a9885479aa79889737726aa4675a666534
240929 1 26 10 4 2 2 1 0 0  aaa99995888a9885479aa79889727466aa6375a663574
240935 1 26 10 4 3 2 1 0 0  aaa99995888a9885479aa79889727466aa6376a653574
240937 1 26 10 4 4 0 1 0 0  aaa99995888a9885579aa79889737326aa6674a665474
240941 1 26 10 4 4 2 1 0 0  aaa99995888a9885479aa79889737326aa6675a664574
240947 1 26 10 4 5 2 1 0 0  aaa99995888a9885479aa79889727436aa3675a666574
240964 1 26 10 5 2 2 0 0 0  aaa99995888a9885479aa79889767367aa3766a652445
241000 1 26 10 6 2 2 0 0 0  aaa99995888a9885479aa69889777367aa3766a652445
241012 1 26 10 6 4 2 0 0 0  aaa99995888a9885479aa69889777367aa3765a644625
241139 1 26 10 10 1 2 1 0 0  aaa99995888a9885469aa69889736627aa4765a777534
241145 1 26 10 10 2 2 1 0 0  aaa99995888a9885469aa29889766437aa3765a777564
241157 1 26 10 10 4 2 1 0 0  aaa99995888a9885469aa39889766627aa4765a777534
241163 1 26 10 10 5 2 1 0 0  aaa99995888a9885429aa69889765437aa3765a777664
241625 1 26 12 1 4 2 1 0 0  aaa99995888a9885479aa79879735466aa8277a666534
241631 1 26 12 1 5 2 1 0 0  aaa99995888a9885479aa79879735426aa8677a666534
241685 1 26 12 3 2 2 1 0 0  aaa99995888a9885479aa79879737462aa8676a656534
241697 1 26 12 3 4 2 1 0 0  aaa99995888a9885479aa79879737466aa8275a666534
241703 1 26 12 3 5 2 1 0 0  aaa99995888a9885479aa79879737426aa8675a666534
241733 1 26 12 4 4 2 1 0 0  aaa99995888a9885479aa79879735466aa8275a666734
241739 1 26 12 4 5 2 1 0 0  aaa99995888a9885479aa79879735426aa8675a666734
242035 1 26 13 2 1 0 1 0 0  aaa99995588a9838579aa89879766676aa4287a764534
242078 1 26 13 3 2 1 0 0 0  aaa99995488a9868579aa89879775376aa3687a644625
242080 1 26 13 3 2 2 0 0 0  aaa99994588a9868579aa89879773576aa5687a644623
242086 1 26 13 3 3 2 0 0 0  aaa99995488a9868379aa89879775376aa6687a652445
242101 1 26 13 4 0 0 1 0 0  aaa99996788a9828779aa89879766456aa7583a654543
242188 1 26 13 6 2 2 0 0 0  aaa99995488a9868379aa89879775376aa7685a644625
242194 1 26 13 6 3 2 0 0 0  aaa99995488a9868379aa89879775376aa7686a652445
242258 1 26 13 8 2 1 0 0 0  aaa99995488a9868579aa89879774476aa3685a673625
242260 1 26 13 8 2 2 0 0 0  aaa99994588a9868579aa89879773576aa5683a674624
242294 1 26 13 9 2 1 0 0 0  aaa99995488a9868579aa89879777376aa3685a644625
242296 1 26 13 9 2 2 0 0 0  aaa99994588a9868579aa89879777576aa5683a644623
242460 1 26 14 3 0 0 0 0 0  aaa99993788a9886649aa59689648872aa7777a565345
242461 1 26 14 3 0 0 1 0 0  aaa99993788a9886659aa59689648875aa7777a562443
242465 1 26 14 3 0 2 1 0 0  aaa99994788a9886629aa59689658873aa7777a563454
242512 1 26 14 4 2 2 0 0 0  aaa99995488a9885379aa79789768867aa3766a652445
242524 1 26 14 4 4 2 0 0 0  aaa99995488a9885379aa79789768867aa3765a644625
242547 1 26 14 5 2 1 1 0 0  aaa99995588a9885479aa79789738866aa6275a664734
242559 1 26 14 5 4 1 1 0 0  aaa99995588a9885479aa79789738826aa6675a664734
242565 1 26 14 5 5 1 1 0 0  aaa99995588a9885479aa79789738826aa4675a666734
242583 1 26 14 6 2 1 1 0 0  aaa99995588a9885469aa69689738872aa4777a657634
242591 1 26 14 6 3 2 1 0 0  aaa99995688a9885469aa69689738872aa4777a657534
242595 1 26 14 6 4 1 1 0 0  aaa99995588a9885429aa69689768873aa3777a657644
242597 1 26 14 6 4 2 1 0 0  aaa99995488a9885429aa69689768873aa3777a657645
242601 1 26 14 6 5 1 1 0 0  aaa99995588a9885429aa69489768873aa3777a657664
242621 1 26 14 7 2 2 1 0 0  aaa99995788a9885479aa79789738866aa6275a664534
242627 1 26 14 7 3 2 1 0 0  aaa99995788a9885479aa79789738866aa6276a654534
242633 1 26 14 7 4 2 1 0 0  aaa99995788a9885479aa79789738826aa6675a664534
242639 1 26 14 7 5 2 1 0 0  aaa99995788a9885479aa79789738826aa4675a666534
242663 1 26 14 8 3 2 1 0 0  aaa99995688a9885469aa69689738872aa7777a654534
242690 1 26 14 9 2 1 0 0 0  aaa99995488a9885379aa69589768867aa3766a772445
242692 1 26 14 9 2 2 0 0 0  aaa99994588a9883579aa69589768867aa5766a772443
242727 1 26 14 10 2 1 1 0 0  aaa99995588a9885469aa69689738827aa4765a777634
242735 1 26 14 10 3 2 1 0 0  aaa99995688a9885469aa69689738827aa4765a777534
242739 1 26 14 10 4 1 1 0 0  aaa99995588a9885429aa69689768837aa3765a777644
242741 1 26 14 10 4 2 1 0 0  aaa99995488a9885429aa69689768837aa3765a777645
242745 1 26 14 10 5 1 1 0 0  aaa99995588a9885429aa69489768837aa3765a777664
242795 1 26 15 1 1 2 1 0 0  aaa99995688a9877729aa89889778467aa6665a354534
242954 1 26 15 5 4 1 0 0 0  aaa99997488a9877769aa89889678356aa3675a652445
242963 1 26 15 5 5 2 1 0 0  aaa99997588a9877729aa89889678536aa3674a665454
243031 1 26 15 7 5 0 1 0 0  aaa99997488a9877739aa89889678356aa7652a664545
243121 1 26 15 10 2 0 1 0 0  aaa99995588a9866629aa89889768537aa4763a777544
243123 1 26 15 10 2 1 1 0 0  aaa99995588a9866629aa89889768437aa3765a777544
243125 1 26 15 10 2 2 1 0 0  aaa99995488a9866629aa89889768437aa3765a777545
243135 1 26 15 10 4 1 1 0 0  aaa99995588a9865629aa89889768437aa3765a777644
243137 1 26 15 10 4 2 1 0 0  aaa99995488a9865629aa89889768437aa3765a777645
243141 1 26 15 10 5 1 1 0 0  aaa99995588a9865429aa89889768437aa3765a777664
243149 1 26 16 0 0 2 1 0 0  aaa99997788a9877479aa89889665726aa6865a354534
243211 1 26 16 1 5 0 1 0 0  aaa99996588a9877729aa89889776457aa5856a364634
243215 1 26 16 1 5 2 1 0 0  aaa99996588a9877729aa89889776537aa3846a465645
243260 1 26 16 3 1 1 0 0 0  aaa99996588a9866479aa89889777377aa3865a652445
243262 1 26 16 3 1 2 0 0 0  aaa99996588a9866579aa89889777577aa5864a644332
243268 1 26 16 3 2 2 0 0 0  aaa99995488a9866679aa89889777377aa3865a652445
243280 1 26 16 3 4 2 0 0 0  aaa99995488a9865679aa89889777377aa3865a644625
243286 1 26 16 3 5 2 0 0 0  aaa99995488a9865379aa89889777377aa2865a644665
243325 1 26 16 5 0 0 1 0 0  aaa99997388a9877759aa89889676526aa6876a545434
243327 1 26 16 5 0 1 1 0 0  aaa99997588a9877759aa89889676526aa6876a435443
243328 1 26 16 5 0 2 0 0 0  aaa99997588a9877729aa89889676566aa5873a445643
243329 1 26 16 5 0 2 1 0 0  aaa99997588a9877729aa89889676566aa5874a345634
243338 1 26 16 5 2 1 0 0 0  aaa99997488a9877769aa89889676356aa3875a652445
243355 1 26 16 5 5 0 1 0 0  aaa99997588a9877729aa89889675536aa4873a666544
243359 1 26 16 5 5 2 1 0 0  aaa99997488a9877729aa89889675436aa3875a666545
243397 1 26 16 7 0 0 1 0 0  aaa99997488a9877729aa89889676466aa7855a533645
243427 1 26 16 7 5 0 1 0 0  aaa99997588a9877729aa89889675546aa7844a666533
243448 1 26 16 8 2 2 0 0 0  aaa99995488a9875379aa89889777367aa2866a644565
243454 1 26 16 8 3 2 0 0 0  aaa99995488a9875379aa89889777367aa6866a652445
243460 1 26 16 8 4 2 0 0 0  aaa99995488a9875379aa89889777367aa2865a644665
243464 1 26 16 8 5 1 0 0 0  aaa99996588a9876479aa89889777347aa4856a563652
243514 1 26 16 10 1 2 0 0 0  aaa99995488a9875369aa89889676366aa2875a744775
243535 1 26 16 10 5 0 1 0 0  aaa99996588a9876429aa89889576535aa3876a764774
243539 1 26 16 10 5 2 1 0 0  aaa99996588a9876539aa89889376544aa4876a765772
243590 1 26 17 1 2 1 0 0 0  aaa99995488a9868379aa89889774477aa3657a662565
243592 1 26 17 1 2 2 0 0 0  aaa99994588a9868579aa89889773577aa5647a662463
243736 1 26 17 5 2 2 0 0 0  aaa99995488a9878379aa89889775367aa2766a644565
243742 1 26 17 5 3 2 0 0 0  aaa99995488a9878379aa89889775367aa6766a652445
243748 1 26 17 5 4 2 0 0 0  aaa99995488a9878379aa89889775367aa2765a644665
243752 1 26 17 5 5 1 0 0 0  aaa99996588a9878479aa89889776347aa4756a563652
243770 1 26 17 6 2 1 0 0 0  aaa99995488a9868579aa89889777367aa3766a652445
243772 1 26 17 6 2 2 0 0 0  aaa99994588a9868579aa89889777567aa5766a644332
243805 1 26 17 7 2 0 1 0 0  aaa99997588a9878439aa89889777367aa4665a266554
243822 1 26 17 7 5 0 0 0 0  aaa99997688a9878629aa89889777647aa6554a356354
243823 1 26 17 7 5 0 1 0 0  aaa99997688a9878629aa89889777657aa6534a546534
243949 1 26 18 0 2 0 1 0 0  aaa99997788a9888359aa79789757866aa6566a543424
243961 1 26 18 0 4 0 1 0 0  aaa99997788a9888359aa79789757865aa6666a543424
244096 1 26 18 4 2 2 0 0 0  aaa99995488a9888379aa79789765867aa3766a652445
244166 1 26 18 6 2 1 0 0 0  aaa99995488a9888579aa69389777867aa3766a652445
244168 1 26 18 6 2 2 0 0 0  aaa99994588a9888579aa69589777867aa5766a644332
244205 1 26 18 7 2 2 1 0 0  aaa99995788a9888479aa79789735866aa6275a664534
244211 1 26 18 7 3 2 1 0 0  aaa99995788a9888479aa79789735866aa6276a654534
244217 1 26 18 7 4 2 1 0 0  aaa99995788a9888479aa79789735826aa6675a664534
244223 1 26 18 7 5 2 1 0 0  aaa99995788a9888479aa79789735826aa4675a666534
244274 1 26 18 9 2 1 0 0 0  aaa99995488a9888579aa69389765867aa3766a772445
244276 1 26 18 9 2 2 0 0 0  aaa99994588a9888579aa69589763867aa5766a772443
244311 1 26 18 10 2 1 1 0 0  aaa99995588a9888469aa69689735827aa4765a777634
244323 1 26 18 10 4 1 1 0 0  aaa99995588a9888429aa69689765837aa3765a777644
244325 1 26 18 10 4 2 1 0 0  aaa99995488a9888429aa69689765837aa3765a777645
244329 1 26 18 10 5 1 1 0 0  aaa99995588a9888429aa69489765837aa3765a777664
244384 1 26 19 1 2 2 0 0 0  aaa99995488a9884479aa79889767376aa3875a662565
244390 1 26 19 1 3 2 0 0 0  aaa99995488a9885379aa79889767376aa6875a662445
244396 1 26 19 1 4 2 0 0 0  aaa99995488a9885379aa79889767376aa2875a666445
244400 1 26 19 1 5 1 0 0 0  aaa99996588a9886479aa79889747475aa3876a565632
244471 1 26 19 3 5 0 1 0 0  aaa99996588a9886479aa79889737725aa5876a564634
244511 1 26 19 4 5 2 1 0 0  aaa99996588a9886579aa79889737544aa4876a365672
244528 1 26 19 5 2 2 0 0 0  aaa99995488a9885379aa79889767367aa2866a657445
244564 1 26 19 6 2 2 0 0 0  aaa99995488a9885379aa69889777367aa2866a657445
244576 1 26 19 6 4 2 0 0 0  aaa99995488a9884479aa69889777367aa3865a657625
244598 1 26 19 7 2 1 0 0 0  aaa99997588a9885479aa79889767367aa3866a652445
244600 1 26 19 7 2 2 0 0 0  aaa99997588a9884579aa79889767567aa5866a644332
244636 1 26 19 8 2 2 0 0 0  aaa99995488a9885379aa79889767767aa3866a652445
244648 1 26 19 8 4 2 0 0 0  aaa99995488a9885379aa79889767767aa3865a644625
244672 1 26 19 9 2 2 0 0 0  aaa99995488a9885379aa69889777767aa3866a652445
244684 1 26 19 9 4 2 0 0 0  aaa99995488a9885379aa69889777767aa3865a644625
244702 1 26 19 10 1 2 0 0 0  aaa99995488a9885369aa79889676366aa2875a744775
244723 1 26 19 10 5 0 1 0 0  aaa99996588a9886429aa79889576535aa3876a764774
244727 1 26 19 10 5 2 1 0 0  aaa99996588a9886539aa79889376544aa4876a765772
244778 1 26 20 1 2 1 0 0 0  aaa99995488a9888579aa79889767376aa3675a644625
244780 1 26 20 1 2 2 0 0 0  aaa99994588a9888579aa79889767576aa5673a644623
244887 1 26 20 4 2 1 1 0 0  aaa99995588a9888479aa79889727466aa6375a663574
244899 1 26 20 4 4 1 1 0 0  aaa99995588a9888479aa79889737326aa6675a664574
244901 1 26 20 4 4 2 1 0 0  aaa99995488a9888479aa79889737326aa6675a664575
244905 1 26 20 4 5 1 1 0 0  aaa99995588a9888479aa79889727436aa3675a666574
244922 1 26 20 5 2 1 0 0 0  aaa99995488a9888579aa79889767367aa3766a652445
244924 1 26 20 5 2 2 0 0 0  aaa99994588a9888579aa79889767567aa5766a644332
244958 1 26 20 6 2 1 0 0 0  aaa99995488a9888579aa69889777367aa3766a652445
244960 1 26 20 6 2 2 0 0 0  aaa99994588a9888579aa69889777567aa5766a644332
244970 1 26 20 6 4 1 0 0 0  aaa99995488a9888579aa69889777367aa3765a644625
244972 1 26 20 6 4 2 0 0 0  aaa99994588a9888579aa69889777567aa5763a644623
245103 1 26 20 10 2 1 1 0 0  aaa99995588a9888469aa29889766437aa3765a777564
245129 1 26 21 0 0 2 1 0 0  aaa99997788a9888829aa79789767665aa3564a556434
245155 1 26 21 0 5 0 1 0 0  aaa99997788a9888829aa79789757546aa5644a666533
245354 1 26 21 6 2 1 0 0 0  aaa99995488a9888879aa69589777367aa3766a652445
245356 1 26 21 6 2 2 0 0 0  aaa99994588a9888879aa69589777567aa5766a644332
245405 1 26 21 7 4 2 1 0 0  aaa99995788a9888879aa79789735426aa6675a664534
245411 1 26 21 7 5 2 1 0 0  aaa99995788a9888879aa79789735426aa4675a666534
245525 1 26 22 0 0 2 1 0 0  aaa99997728a9767689aa79789888865aa3564a556434
245551 1 26 22 0 5 0 1 0 0  aaa99997728a9757589aa79789888846aa5644a666533
245750 1 26 22 6 2 1 0 0 0  aaa99995478a9777589aa69389888867aa3766a652445
245752 1 26 22 6 2 2 0 0 0  aaa99994578a9777589aa69589888867aa5766a644332
245895 1 26 22 10 2 1 1 0 0  aaa99995568a9766489aa29489888837aa3765a777564
245917 1 27 0 0 0 0 1 0 0  aaa99998878a9768679aa89887966257aa7534a546534
246137 1 27 0 6 0 2 1 0 0  aaa99998878a9778729aa89886965467aa6735a654534
246307 1 27 0 10 5 0 1 0 0  aaa99998828a9758569aa89886966647aa5744a777533
246383 1 27 1 1 5 2 1 0 0  aaa99996588a9877739aa89573976587aa8486a464652
246484 1 27 1 4 4 2 0 0 0  aaa99995488a9877779aa89376975386aa8685a662445
246538 1 27 1 6 1 2 0 0 0  aaa99995488a9866679aa89377975386aa8787a652445
246556 1 27 1 6 4 2 0 0 0  aaa99995488a9865379aa89377975286aa8787a666445
246560 1 27 1 6 5 1 0 0 0  aaa99996588a9846479aa89477976385aa8787a565632
246565 1 27 1 7 0 0 1 0 0  aaa99997588a9877729aa89766975586aa8486a644533
246569 1 27 1 7 0 2 1 0 0  aaa99997488a9877729aa89766975486aa8386a653545
246756 1 27 2 1 2 0 0 0 0  aaa99996588a9877769aa89476976387aa3588a562454
246758 1 27 2 1 2 1 0 0 0  aaa99996588a9877769aa89476976387aa3588a565442
246786 1 27 2 2 1 0 0 0 0  aaa99997588a9877779aa89466976386aa3488a654552
246788 1 27 2 2 1 1 0 0 0  aaa99997588a9877779aa89466976386aa3588a655442
246934 1 27 2 6 1 2 0 0 0  aaa99995488a9866679aa89377975387aa7688a652445
246952 1 27 2 6 4 2 0 0 0  aaa99995488a9865379aa89377975287aa7688a666445
246956 1 27 2 6 5 1 0 0 0  aaa99996588a9846479aa89477976387aa7588a565632
247006 1 27 2 8 1 2 0 0 0  aaa99995488a9866679aa89777975387aa3688a652445
247024 1 27 2 8 4 2 0 0 0  aaa99995488a9865379aa89777975387aa2688a666445
247028 1 27 2 8 5 1 0 0 0  aaa99996588a9846479aa89777976487aa3588a565632
247176 1 27 3 2 0 0 0 0 0  aaa99997488a9877779aa89386976365aa6488a564525
247178 1 27 3 2 0 1 0 0 0  aaa99997488a9877779aa89386976365aa6588a562454
247200 1 27 3 2 4 0 0 0 0  aaa99997488a9877779aa89385975356aa6688a662445
247206 1 27 3 2 5 0 0 0 0  aaa99997488a9877779aa89385975356aa2688a666445
247274 1 27 3 4 4 1 0 0 0  aaa99995488a9877779aa89587975326aa6688a663445
247276 1 27 3 4 4 2 0 0 0  aaa99994588a9877779aa89587973526aa6688a665443
247298 1 27 3 5 2 1 0 0 0  aaa99997588a9877769aa89486976365aa3688a755442
247314 1 27 3 5 5 0 0 0 0  aaa99997688a9877729aa89685975653aa6388a746544
247315 1 27 3 5 5 0 1 0 0  aaa99997688a9877729aa89685975654aa6488a746533
247319 1 27 3 5 5 2 1 0 0  aaa99997688a9877749aa89684974625aa6588a755363
247328 1 27 3 6 1 1 0 0 0  aaa99995488a9866679aa89587977376aa3788a652445
247330 1 27 3 6 1 2 0 0 0  aaa99994588a9866679aa89587977576aa5788a644332
247334 1 27 3 6 2 1 0 0 0  aaa99996588a9866679aa89487977375aa3788a565442
247340 1 27 3 6 3 1 0 0 0  aaa99996588a9866679aa89487977375aa3788a655442
247346 1 27 3 6 4 1 0 0 0  aaa99995488a9865379aa89587977376aa2788a666445
247348 1 27 3 6 4 2 0 0 0  aaa99994588a9863579aa89587977576aa2788a666443
247352 1 27 3 6 5 1 0 0 0  aaa99996588a9846479aa89487977375aa3788a565626
247478 1 27 3 10 2 1 0 0 0  aaa99997588a9847469aa89486967365aa3688a575727
247552 1 27 4 1 2 2 0 0 0  aaa99996488a9877769aa89387976675aa3586a545824
247574 1 27 4 2 0 1 0 0 0  aaa99997488a9877779aa89386976365aa6585a465842
247602 1 27 4 2 5 0 0 0 0  aaa99997588a9877779aa89485974556aa3682a666834
247670 1 27 4 4 4 1 0 0 0  aaa99995488a9877779aa89387974456aa6685a663825
247672 1 27 4 4 4 2 0 0 0  aaa99994588a9877779aa89587973546aa6684a665823
247694 1 27 4 5 2 1 0 0 0  aaa99997588a9877769aa89486976365aa3684a755824
247711 1 27 4 5 5 0 1 0 0  aaa99997688a9877759aa89685974655aa6284a746833
247715 1 27 4 5 5 2 1 0 0  aaa99997688a9877739aa89685973654aa6585a744862
247724 1 27 4 6 1 1 0 0 0  aaa99995488a9866679aa89587977376aa3785a644825
247726 1 27 4 6 1 2 0 0 0  aaa99994588a9866679aa89587977576aa5783a644823
247730 1 27 4 6 2 1 0 0 0  aaa99996588a9866679aa89487977375aa3786a545824
247732 1 27 4 6 2 2 0 0 0  aaa99996588a9866679aa89587977574aa5786a433842
247736 1 27 4 6 3 1 0 0 0  aaa99996588a9866679aa89487977375aa3784a655824
247742 1 27 4 6 4 1 0 0 0  aaa99995488a9864479aa89587977376aa3785a666825
247744 1 27 4 6 4 2 0 0 0  aaa99994588a9863579aa89587977576aa4783a666824
247748 1 27 4 6 5 1 0 0 0  aaa99996588a9846479aa89487977375aa3786a565826
247783 1 27 4 7 5 0 1 0 0  aaa99997488a9877739aa89785975356aa4682a666845
247804 1 27 4 8 2 2 0 0 0  aaa99996488a9866679aa89787977375aa3586a545824
247840 1 27 4 9 2 2 0 0 0  aaa99996488a9866679aa89387977775aa3586a545824
247874 1 27 4 10 2 1 0 0 0  aaa99997588a9847469aa89486967365aa3687a575827
248014 1 27 5 3 1 2 0 0 0  aaa99995488a9866679aa89887977377aa3685a652445
248032 1 27 5 3 4 2 0 0 0  aaa99995488a9865379aa89887977377aa2685a666445
248036 1 27 5 3 5 1 0 0 0  aaa99996588a9846479aa89887977477aa3586a565632
248068 1 27 5 4 4 2 0 0 0  aaa99995488a9877779aa89887975326aa6685a663445
248111 1 27 5 5 5 2 1 0 0  aaa99997588a9877729aa89884976543aa5486a763656
248122 1 27 5 6 1 2 0 0 0  aaa99995488a9866679aa89887977376aa3785a652445
248140 1 27 5 6 4 2 0 0 0  aaa99995488a9865379aa89887977376aa2785a666445
248144 1 27 5 6 5 1 0 0 0  aaa99996588a9846479aa89887977475aa3786a565632
248149 1 27 5 7 0 0 1 0 0  aaa99997488a9877729aa89886976466aa7585a533645
248200 1 27 5 8 2 2 0 0 0  aaa99995488a9875379aa89887977376aa2685a644665
248206 1 27 5 8 3 2 0 0 0  aaa99995488a9875379aa89887977376aa6686a652445
248212 1 27 5 8 4 2 0 0 0  aaa99995488a9875379aa89887977376aa6685a662445
248218 1 27 5 8 5 2 0 0 0  aaa99995488a9875379aa89887977376aa2685a666445
248264 1 27 5 10 1 1 0 0 0  aaa99997588a9847469aa89886967466aa3587a575732
248270 1 27 5 10 2 1 0 0 0  aaa99997588a9847469aa89886967465aa3687a575732
248276 1 27 5 10 3 1 0 0 0  aaa99997588a9867469aa89886967365aa3587a475742
248278 1 27 5 10 3 2 0 0 0  aaa99997588a9867569aa89886967564aa5387a473742
248286 1 27 5 10 5 0 0 0 0  aaa99997688a9857629aa89885957653aa6387a476744
248291 1 27 5 10 5 2 1 0 0  aaa99997688a9837649aa89884947625aa6587a575736
248429 1 27 6 3 4 2 1 0 0  aaa99995788a9835479aa89787977466aa8285a666534
248435 1 27 6 3 5 2 1 0 0  aaa99995788a9835479aa89787977426aa8685a666534
248452 1 27 6 4 2 2 0 0 0  aaa99995488a9877779aa89387975362aa8686a656445
248464 1 27 6 4 4 2 0 0 0  aaa99995488a9877779aa89387975366aa8285a666445
248470 1 27 6 4 5 2 0 0 0  aaa99995488a9877779aa89387975326aa8685a666445
248507 1 27 6 5 5 2 1 0 0  aaa99997588a9877729aa89584976543aa8486a763656
248518 1 27 6 6 1 2 0 0 0  aaa99995488a9866679aa89387977376aa8785a652445
248536 1 27 6 6 4 2 0 0 0  aaa99995488a9865379aa89387977276aa8785a666445
248540 1 27 6 6 5 1 0 0 0  aaa99996588a9846479aa89487977375aa8786a565632
248545 1 27 6 7 0 0 1 0 0  aaa99997488a9877729aa89786976466aa8585a533645
248661 1 27 6 10 1 1 1 0 0  aaa99997688a9837469aa89686967455aa8287a575734
248663 1 27 6 10 1 2 1 0 0  aaa99997688a9837469aa89686967425aa8587a575734
248666 1 27 6 10 2 1 0 0 0  aaa99997588a9847469aa89486967365aa8687a575732
248672 1 27 6 10 3 1 0 0 0  aaa99997488a9847469aa89686967365aa8587a573752
248678 1 27 6 10 4 1 0 0 0  aaa99997488a9847469aa89386967665aa8587a573752
248682 1 27 6 10 5 0 0 0 0  aaa99997688a9857629aa89685957653aa8387a476744
248687 1 27 6 10 5 2 1 0 0  aaa99997688a9837649aa89684947625aa8587a575736
248869 1 27 7 5 0 0 1 0 0  aaa99998888a9886679aa79877966257aa7534a546534
249121 1 27 8 1 0 0 1 0 0  aaa99996688a9877729aa89688966477aa4575a533845
249208 1 27 8 3 2 2 0 0 0  aaa99996488a9866679aa89388977775aa3576a545824
249274 1 27 8 5 1 2 0 0 0  aaa99997488a9877769aa89388976665aa3576a545824
249290 1 27 8 5 4 1 0 0 0  aaa99997588a9877759aa89388975546aa6674a663824
249293 1 27 8 5 4 2 1 0 0  aaa99997588a9877749aa89588974436aa6673a665852
249299 1 27 8 5 5 2 1 0 0  aaa99997588a9877729aa89588974536aa3674a666854
249326 1 27 8 6 4 1 0 0 0  aaa99995488a9874479aa89388977756aa6675a663825
249328 1 27 8 6 4 2 0 0 0  aaa99994588a9873579aa89588977746aa6674a665823
249337 1 27 8 7 0 0 1 0 0  aaa99997688a9877729aa89788976665aa5536a444835
249338 1 27 8 7 0 1 0 0 0  aaa99997688a9877729aa89788976665aa5546a534843
249339 1 27 8 7 0 1 1 0 0  aaa99997688a9877729aa89788976665aa5546a453843
249341 1 27 8 7 0 2 1 0 0  aaa99997688a9877729aa89788976665aa4536a554834
249511 1 27 9 0 5 0 1 0 0  aaa99997788a9877679aa89785954653aa6824a536864
249691 1 27 9 5 5 0 1 0 0  aaa99997688a9877729aa89685974655aa6874a546833
249695 1 27 9 5 5 2 1 0 0  aaa99997688a9877749aa89684974635aa6873a555862
249733 1 27 9 7 0 0 1 0 0  aaa99997488a9877729aa89786976463aa6855a563845
249736 1 27 9 7 0 2 0 0 0  aaa99997588a9877729aa89786976563aa6844a365854
249737 1 27 9 7 0 2 1 0 0  aaa99997588a9877729aa89786976564aa6833a464855
249762 1 27 9 7 5 0 0 0 0  aaa99997688a9877729aa89785975653aa6844a356864
249763 1 27 9 7 5 0 1 0 0  aaa99997688a9877729aa89785975654aa6833a446865
249970 1 27 10 2 3 2 0 0 0  aaa99995888a9885479aa79887967376aa3666a752445
250000 0 27 10 3 2 2 0 0 0  aaa99995888a9885479aa79887937766aa6466a754532
250001 1 27 10 3 2 2 1 0 0  aaa99995888a9885479aa79887937766aa6266a754534
250007 1 27 10 3 3 2 1 0 0  aaa99995888a9885479aa79887937766aa6265a764534
250013 1 27 10 3 4 2 1 0 0  aaa99995888a9885479aa79887937762aa6666a754534
250015 1 27 10 3 5 0 1 0 0  aaa99996888a9886479aa79887937755aa4256a765634
250017 1 27 10 3 5 1 1 0 0  aaa99996888a9886479aa79887937755aa5256a764634
250018 1 27 10 3 5 2 0 0 0  aaa99996888a9886579aa79887947743aa5346a765652
250019 1 27 10 3 5 2 1 0 0  aaa99996888a9886579aa79887937742aa5446a765635
250037 1 27 10 4 2 2 1 0 0  aaa99995888a9885479aa79887927466aa6366a753574
250043 1 27 10 4 3 2 1 0 0  aaa99995888a9885479aa79887927466aa6365a763574
250049 1 27 10 4 4 2 1 0 0  aaa99995888a9885479aa79887927463aa6666a753574
250053 1 27 10 4 5 1 1 0 0  aaa99996888a9886479aa79887927455aa5356a763674
250054 1 27 10 4 5 2 0 0 0  aaa99996888a9886579aa79887947543aa5346a765672
250055 1 27 10 4 5 2 1 0 0  aaa99996888a9886579aa79887927543aa5446a763675
250072 1 27 10 5 2 2 0 0 0  aaa99995888a9885479aa79887967376aa3765a662445
250108 1 27 10 6 2 2 0 0 0  aaa99995888a9885479aa69887977376aa3765a662445
250271 1 27 10 10 5 2 1 0 0  aaa99996888a9886529aa79884976543aa5476a763775
250684 1 27 12 0 2 2 0 0 0  aaa99994888a9887779aa59866967427aa8656a537354
250687 1 27 12 0 3 0 1 0 0  aaa99994888a9887779aa69862967667aa8554a357354
250722 1 27 12 1 3 0 0 0 0  aaa99996888a9885579aa79877966644aa8265a774353
250723 1 27 12 1 3 0 1 0 0  aaa99996888a9885579aa79877966624aa8465a774353
250733 1 27 12 1 4 2 1 0 0  aaa99995888a9885479aa79877935462aa8666a776534
250737 1 27 12 1 5 1 1 0 0  aaa99996888a9886479aa79877936452aa8556a775634
250738 1 27 12 1 5 2 0 0 0  aaa99996888a9886579aa79877946543aa8346a775652
250739 1 27 12 1 5 2 1 0 0  aaa99996888a9886579aa79877936542aa8446a775635
250741 1 27 12 2 0 0 1 0 0  aaa99995888a9886679aa79877966437aa8535a526744
250787 1 27 12 3 1 2 1 0 0  aaa99995888a9885479aa79877937466aa8266a756534
250793 1 27 12 3 2 2 1 0 0  aaa99995888a9885479aa79877937462aa8665a766534
250805 1 27 12 3 4 2 1 0 0  aaa99995888a9885479aa79877937462aa8666a756534
250809 1 27 12 3 5 1 1 0 0  aaa99996888a9886479aa79877937452aa8556a765634
250810 1 27 12 3 5 2 0 0 0  aaa99996888a9886579aa79877947543aa8346a765652
250811 1 27 12 3 5 2 1 0 0  aaa99996888a9886579aa79877937542aa8446a765635
250841 1 27 12 4 4 2 1 0 0  aaa99995888a9885479aa79877935462aa8666a756734
250845 1 27 12 4 5 1 1 0 0  aaa99996888a9886479aa79877936452aa8556a765734
250846 1 27 12 4 5 2 0 0 0  aaa99996888a9886579aa79877946543aa8346a765752
250847 1 27 12 4 5 2 1 0 0  aaa99996888a9886579aa79877936542aa8446a765735
250921 1 27 12 7 0 0 1 0 0  aaa99994888a9886679aa79877966257aa8537a546534
251143 1 27 13 2 1 0 1 0 0  aaa99995588a9838579aa89877966627aa4687a764534
251212 1 27 13 4 0 2 0 0 0  aaa99996688a9838679aa89877966547aa5284a775354
251215 1 27 13 4 1 0 1 0 0  aaa99995588a9838579aa89877966667aa4286a774534
251290 1 27 13 6 1 2 0 0 0  aaa99995488a9868379aa89877975367aa7686a652445
251323 1 27 13 7 1 0 1 0 0  aaa99995588a9878569aa89877976627aa4687a364534
251351 1 27 13 7 5 2 1 0 0  aaa99996588a9878529aa89877976537aa3487a464656
251372 1 27 13 8 3 1 0 0 0  aaa99995488a9868579aa89877975367aa3687a662445
251374 1 27 13 8 3 2 0 0 0  aaa99994588a9868579aa89877973567aa5687a662443
251512 1 27 14 1 2 2 0 0 0  aaa99995488a9884479aa79788968377aa3675a662565
251518 1 27 14 1 3 2 0 0 0  aaa99995488a9885379aa79788968377aa2676a656445
251524 1 27 14 1 4 2 0 0 0  aaa99995488a9885379aa79788968377aa2675a666445
251528 1 27 14 1 5 1 0 0 0  aaa99996588a9886479aa79788948477aa3576a565632
251548 1 27 14 2 2 2 0 0 0  aaa99995788a9885479aa79788968376aa3675a644625
251591 1 27 14 3 3 2 1 0 0  aaa99995788a9885669aa69688938472aa7777a654534
251620 1 27 14 4 2 2 0 0 0  aaa99995488a9884479aa79788968376aa3775a662565
251626 1 27 14 4 3 2 0 0 0  aaa99995488a9885379aa79788968376aa6775a662445
251632 1 27 14 4 4 2 0 0 0  aaa99995488a9885379aa79788968376aa2775a666445
251636 1 27 14 4 5 1 0 0 0  aaa99996588a9886479aa79788948475aa3776a565632
251663 1 27 14 5 3 2 1 0 0  aaa99995788a9885679aa79788938466aa6276a754534
251671 1 27 14 5 5 0 1 0 0  aaa99996788a9886579aa79788938452aa5576a764634
251673 1 27 14 5 5 1 1 0 0  aaa99996788a9886579aa79788938455aa5276a764634
251675 1 27 14 5 5 2 1 0 0  aaa99996788a9886579aa79788938524aa5476a764635
251688 1 27 14 6 2 0 0 0 0  aaa99996588a9885549aa79488978376aa4777a663526
251727 1 27 14 7 2 1 1 0 0  aaa99995788a9885569aa69688938477aa7275a674634
251735 1 27 14 7 3 2 1 0 0  aaa99995788a9885669aa69688938477aa7275a674534
251739 1 27 14 7 4 1 1 0 0  aaa99995788a9885529aa69688968477aa7375a673644
251741 1 27 14 7 4 2 1 0 0  aaa99995788a9885429aa69688968477aa7375a673645
251745 1 27 14 7 5 1 1 0 0  aaa99995788a9885529aa69488968477aa7375a673664
251758 1 27 14 8 1 2 0 0 0  aaa99995488a9885369aa79388968676aa7777a652445
251794 1 27 14 9 1 2 0 0 0  aaa99995488a9885369aa79388968667aa2765a777445
251827 1 27 14 10 1 0 1 0 0  aaa99996588a9885529aa79488978466aa6376a753774
251837 1 27 14 10 2 2 1 0 0  aaa99995688a9885629aa79488978466aa6375a753774
251845 1 27 14 10 4 0 1 0 0  aaa99996588a9885529aa79488978436aa3675a766774
251902 1 27 15 1 1 2 0 0 0  aaa99995488a9877769aa89888966377aa3675a652445
251923 1 27 15 1 5 0 1 0 0  aaa99996588a9877729aa89888956577aa4376a563644
251927 1 27 15 1 5 2 1 0 0  aaa99996588a9877739aa89888936577aa5476a464652
252010 1 27 15 4 1 2 0 0 0  aaa99995488a9877769aa89888966376aa3775a652445
252031 1 27 15 4 5 0 1 0 0  aaa99996588a9877729aa89888956573aa4776a563644
252035 1 27 15 4 5 2 1 0 0  aaa99996588a9877739aa89888936574aa5776a464652
252060 1 27 15 5 4 0 0 0 0  aaa99997588a9877729aa89888975546aa6674a663534
252061 1 27 15 5 4 0 1 0 0  aaa99997588a9877729aa89888975536aa6673a664544
252065 1 27 15 5 4 2 1 0 0  aaa99997488a9877739aa89888975326aa6675a664545
252067 1 27 15 5 5 0 1 0 0  aaa99997588a9877729aa89888975536aa4673a666544
252071 1 27 15 5 5 2 1 0 0  aaa99997488a9877729aa89888975436aa3675a666545
252100 1 27 15 6 4 2 0 0 0  aaa99995488a9875379aa89888977726aa6675a663445
252133 1 27 15 7 4 0 1 0 0  aaa99997588a9877729aa89888975564aa7666a446533
252139 1 27 15 7 5 0 1 0 0  aaa99997588a9877729aa89888975546aa7644a666533
252190 1 27 15 9 1 2 0 0 0  aaa99995488a9875369aa89888966367aa2765a777445
252211 1 27 15 9 5 0 1 0 0  aaa99996588a9876429aa89888956537aa3756a777644
252215 1 27 15 9 5 2 1 0 0  aaa99996588a9876529aa89888946537aa3746a777645
252247 1 27 15 10 5 0 1 0 0  aaa99996588a9876429aa89888976453aa5576a763774
252249 1 27 15 10 5 1 1 0 0  aaa99996588a9876429aa89888976455aa5376a763774
252250 1 27 15 10 5 2 0 0 0  aaa99996588a9876529aa89888976534aa5376a764774
252251 1 27 15 10 5 2 1 0 0  aaa99996588a9876529aa89888976544aa4376a763775
252257 1 27 16 0 0 2 1 0 0  aaa99997788a9877479aa89886965762aa6835a654534
252319 1 27 16 1 5 0 1 0 0  aaa99996588a9877729aa89887976475aa5836a564634
252323 1 27 16 1 5 2 1 0 0  aaa99996588a9877729aa89887976574aa5836a464635
252368 1 27 16 3 1 1 0 0 0  aaa99996588a9866479aa89887977377aa3865a652445
252370 1 27 16 3 1 2 0 0 0  aaa99996588a9866579aa89887977577aa5864a644332
252376 1 27 16 3 2 2 0 0 0  aaa99995488a9866679aa89887977377aa3865a652445
252388 1 27 16 3 4 2 0 0 0  aaa99995488a9865679aa89887977377aa3865a644625
252394 1 27 16 3 5 2 0 0 0  aaa99995488a9865379aa89887977377aa2865a644665
252433 1 27 16 5 0 0 1 0 0  aaa99997488a9877729aa89886976465aa6875a564533
252467 1 27 16 5 5 2 1 0 0  aaa99997588a9877739aa89883976524aa5876a464656
252505 1 27 16 7 0 0 1 0 0  aaa99997488a9877729aa89886976466aa7855a533645
252556 1 27 16 8 2 2 0 0 0  aaa99995488a9874479aa89887977376aa3865a662565
252562 1 27 16 8 3 2 0 0 0  aaa99995488a9875379aa89887977376aa6865a662445
252568 1 27 16 8 4 2 0 0 0  aaa99995488a9875379aa89887977376aa2865a666445
252572 1 27 16 8 5 1 0 0 0  aaa99996588a9876479aa89887977375aa3846a565642
252622 1 27 16 10 1 2 0 0 0  aaa99995488a9875369aa89886976366aa2875a744775
252643 1 27 16 10 5 0 1 0 0  aaa99996588a9876429aa89885976553aa4876a763774
252647 1 27 16 10 5 2 1 0 0  aaa99996588a9876539aa89883976544aa4876a765772
252844 1 27 17 5 2 2 0 0 0  aaa99995488a9878379aa89887974476aa3765a662565
252850 1 27 17 5 3 2 0 0 0  aaa99995488a9878379aa89887975376aa6765a662445
252856 1 27 17 5 4 2 0 0 0  aaa99995488a9878379aa89887975376aa2765a666445
252860 1 27 17 5 5 1 0 0 0  aaa99996588a9878479aa89887976375aa3746a565642
252878 1 27 17 6 2 1 0 0 0  aaa99995488a9868579aa89887977376aa3765a662445
252880 1 27 17 6 2 2 0 0 0  aaa99994588a9868579aa89887977576aa5763a662443
253124 1 27 18 2 1 1 0 0 0  aaa99997488a9888379aa79788947466aa6576a553652
253142 1 27 18 2 4 1 0 0 0  aaa99997588a9888379aa79788957346aa6674a662554
253166 1 27 18 3 2 1 0 0 0  aaa99995488a9888579aa69388977776aa3675a644625
253168 1 27 18 3 2 2 0 0 0  aaa99994588a9888579aa69588977776aa5673a644623
253214 1 27 18 4 4 1 0 0 0  aaa99997488a9888379aa79788957356aa6657a662454
253216 1 27 18 4 4 2 0 0 0  aaa99997588a9888579aa79788947546aa6647a665332
253241 1 27 18 5 2 2 1 0 0  aaa99995688a9888679aa79788937466aa6275a754534
253277 1 27 18 6 2 2 1 0 0  aaa99995688a9888679aa39488977766aa6275a754534
253340 1 27 18 8 1 1 0 0 0  aaa99997488a9888379aa49488977766aa6576a553652
253358 1 27 18 8 4 1 0 0 0  aaa99997588a9888379aa59388977746aa6674a662554
253457 1 27 19 0 2 2 1 0 0  aaa99997788a9885479aa69886967672aa7835a654534
253475 1 27 19 0 5 2 1 0 0  aaa99997788a9885479aa69882967473aa7865a653645
253492 1 27 19 1 2 2 0 0 0  aaa99995488a9885379aa79887967367aa2866a744565
253498 1 27 19 1 3 2 0 0 0  aaa99995488a9885379aa79887967367aa6866a752445
253504 1 27 19 1 4 2 0 0 0  aaa99995488a9885379aa79887967367aa2865a744665
253508 1 27 19 1 5 1 0 0 0  aaa99996588a9886479aa79887957347aa4856a763652
253619 1 27 19 4 5 2 1 0 0  aaa99996588a9886579aa79887937544aa4836a765672
253636 1 27 19 5 2 2 0 0 0  aaa99995488a9885379aa79887965776aa3867a662445
253672 1 27 19 6 2 2 0 0 0  aaa99995488a9885379aa69887975776aa3867a662445
253706 1 27 19 7 2 1 0 0 0  aaa99997588a9885479aa79887967376aa3865a662445
253708 1 27 19 7 2 2 0 0 0  aaa99997588a9884579aa79887967576aa5863a662443
253744 1 27 19 8 2 2 0 0 0  aaa99995488a9885379aa79887967776aa3865a662445
253780 1 27 19 9 2 2 0 0 0  aaa99995488a9885379aa69887977776aa3865a662445
253810 1 27 19 10 1 2 0 0 0  aaa99995488a9885369aa79886976366aa2875a744775
253831 1 27 19 10 5 0 1 0 0  aaa99996588a9886429aa79885976553aa4876a763774
253835 1 27 19 10 5 2 1 0 0  aaa99996588a9886539aa79883976544aa4876a765772
253928 1 27 20 2 3 1 0 0 0  aaa99995488a9888579aa79887967376aa3666a752445
253930 1 27 20 2 3 2 0 0 0  aaa99994588a9888579aa79887967576aa5666a744332
254001 1 27 20 4 3 1 1 0 0  aaa99995588a9888479aa79887927466aa6365a763574
254030 1 27 20 5 2 1 0 0 0  aaa99995488a9888579aa79887967376aa3765a662445
254032 1 27 20 5 2 2 0 0 0  aaa99994588a9888579aa79887967576aa5763a662443
254066 1 27 20 6 2 1 0 0 0  aaa99995488a9888579aa69887977376aa3765a662445
254068 1 27 20 6 2 2 0 0 0  aaa99994588a9888579aa69887977576aa5763a662443
254237 1 27 21 0 0 2 1 0 0  aaa99997788a9888829aa79787967665aa3564a556434
254263 1 27 21 0 5 0 1 0 0  aaa99997788a9888829aa79787957546aa5644a666533
254462 1 27 21 6 2 1 0 0 0  aaa99995488a9888879aa69587977376aa3765a662445
254464 1 27 21 6 2 2 0 0 0  aaa99994588a9888879aa69587977576aa5763a662443
254513 1 27 21 7 4 2 1 0 0  aaa99995788a9888879aa79787935462aa6666a754534
254517 1 27 21 7 5 1 1 0 0  aaa99996788a9888879aa79787936455aa5256a764634
254518 1 27 21 7 5 2 0 0 0  aaa99996788a9888879aa79787946543aa5346a765652
254519 1 27 21 7 5 2 1 0 0  aaa99996788a9888879aa79787936542aa5446a765635
254633 1 27 22 0 0 2 1 0 0  aaa99997728a9767689aa79788988865aa3564a556434
254659 1 27 22 0 5 0 1 0 0  aaa99997728a9757589aa79788988846aa5644a666533
254858 1 27 22 6 2 1 0 0 0  aaa99995478a9777589aa69388988867aa3766a652445
254860 1 27 22 6 2 2 0 0 0  aaa99994578a9777589aa69588988867aa5766a644332
255003 1 27 22 10 2 1 1 0 0  aaa99995568a9766489aa29488988837aa3765a777564
255026 1 28 0 0 0 1 0 0 0  aaa99999688a9776699aa87487766358aa3588a545724
255038 1 28 0 0 2 1 0 0 0  aaa99999588a9776499aa87387766648aa4588a565732
255044 1 28 0 0 3 1 0 0 0  aaa99999588a9776499aa87387766648aa4588a655732
255050 1 28 0 0 4 1 0 0 0  aaa99999588a9774499aa87487755568aa3688a666732
255068 1 28 0 1 1 1 0 0 0  aaa99999588a9777499aa85387766678aa3688a652445
255070 1 28 0 1 1 2 0 0 0  aaa99999588a9777599aa84587766678aa5688a644332
255072 1 28 0 1 2 0 0 0 0  aaa99999588a9777499aa86387766678aa3588a562454
255074 1 28 0 1 2 1 0 0 0  aaa99999588a9777499aa86387766678aa3588a565442
255078 1 28 0 1 3 0 0 0 0  aaa99999588a9777499aa86387766678aa3488a654552
255080 1 28 0 1 3 1 0 0 0  aaa99999588a9777499aa86387766678aa3588a655442
255086 1 28 0 1 4 1 0 0 0  aaa99999588a9777499aa85387765378aa2688a666445
255088 1 28 0 1 4 2 0 0 0  aaa99999588a9777599aa84587763578aa2688a666443
255092 1 28 0 1 5 1 0 0 0  aaa99999588a9777499aa86387746478aa3588a565626
255188 1 28 0 4 3 1 0 0 0  aaa99999588a9777499aa85387765768aa3688a662445
255190 1 28 0 4 3 2 0 0 0  aaa99999588a9777599aa84587763768aa5688a662443
255224 1 28 0 5 3 1 0 0 0  aaa99999588a9777499aa85386766368aa2788a644575
255226 1 28 0 5 3 2 0 0 0  aaa99999588a9777599aa84586766568aa2788a644373
255234 1 28 0 5 5 0 0 0 0  aaa99999588a9777399aa86385746558aa2788a464676
255239 1 28 0 5 5 2 1 0 0  aaa99999588a9777599aa86584746428aa5788a363676
255260 1 28 0 6 3 1 0 0 0  aaa99999588a9777799aa85486766368aa3788a652445
255262 1 28 0 6 3 2 0 0 0  aaa99999588a9777799aa84586766568aa5788a644332
255270 1 28 0 6 5 0 0 0 0  aaa99999488a9777799aa86385756358aa2788a464656
255294 1 28 0 7 3 0 0 0 0  aaa99999588a9777499aa87386765668aa3288a655474
255296 1 28 0 7 3 1 0 0 0  aaa99999588a9777499aa87386766368aa2588a655474
255332 1 28 0 8 3 1 0 0 0  aaa99999588a9777799aa85486676368aa3788a652445
255334 1 28 0 8 3 2 0 0 0  aaa99999588a9777799aa84586676568aa5788a644332
255342 1 28 0 8 5 0 0 0 0  aaa99999488a9777799aa86385576358aa2788a465646
255396 1 28 0 10 2 0 0 0 0  aaa99999488a9766699aa86385756358aa2788a777454
255402 1 28 0 10 3 0 0 0 0  aaa99999488a9766699aa86385765358aa2788a777445
255472 1 28 1 1 2 2 0 0 0  aaa99999488a9877799aa85376676387aa8285a656445
255530 1 28 1 3 0 1 0 0 0  aaa99999588a9866499aa86377677387aa8285a657445
255532 1 28 1 3 0 2 0 0 0  aaa99999588a9866599aa86577677587aa8484a637423
255538 1 28 1 3 1 2 0 0 0  aaa99999488a9866699aa85377677387aa8285a657445
255592 1 28 1 4 4 2 0 0 0  aaa99999488a9877799aa85377676386aa8685a652445
255598 1 28 1 4 5 2 0 0 0  aaa99999488a9877799aa85377675386aa8685a662445
255818 1 28 2 0 0 1 0 0 0  aaa99999588a9877499aa87776576386aa3688a545624
255820 1 28 2 0 0 2 0 0 0  aaa99999588a9877599aa87776476586aa5688a433642
255828 1 28 2 0 2 0 0 0 0  aaa99999588a9877499aa87776676386aa3488a654552
255830 1 28 2 0 2 1 0 0 0  aaa99999588a9877499aa87776676386aa3588a655442
255838 1 28 2 0 3 2 0 0 0  aaa99999488a9877399aa87776576685aa3688a545624
255846 1 28 2 0 5 0 0 0 0  aaa99999588a9877499aa87774675486aa3688a663552
255848 1 28 2 0 5 1 0 0 0  aaa99999588a9877499aa87775675586aa3688a663442
255866 1 28 2 1 2 1 0 0 0  aaa99999488a9877799aa85376676387aa2588a656445
255868 1 28 2 1 2 2 0 0 0  aaa99999588a9877799aa84576676587aa5488a646332
255890 1 28 2 2 0 1 0 0 0  aaa99999588a9877799aa87476576386aa3688a545624
255892 1 28 2 2 0 2 0 0 0  aaa99999588a9877799aa87576476586aa5688a433642
255900 1 28 2 2 2 0 0 0 0  aaa99999588a9877799aa87476676386aa3488a654552
255902 1 28 2 2 2 1 0 0 0  aaa99999588a9877799aa87476676386aa3588a655442
255910 1 28 2 2 3 2 0 0 0  aaa99999488a9877799aa87376576685aa3688a545624
255918 1 28 2 2 5 0 0 0 0  aaa99999588a9877799aa87474675486aa3688a663552
255920 1 28 2 2 5 1 0 0 0  aaa99999588a9877799aa87475675586aa3688a663442
255952 1 28 2 3 4 2 0 0 0  aaa99999788a9865499aa85377775386aa7688a662445
255986 1 28 2 4 4 1 0 0 0  aaa99999588a9877799aa85477676386aa3688a652445
255988 1 28 2 4 4 2 0 0 0  aaa99999588a9877799aa84577676586aa5688a644332
255992 1 28 2 4 5 1 0 0 0  aaa99999588a9877799aa85477675386aa3688a662445
255994 1 28 2 4 5 2 0 0 0  aaa99999588a9877799aa84577673586aa5688a662443
256020 1 28 2 5 4 0 0 0 0  aaa99999588a9877799aa87466676384aa6288a754553
256022 1 28 2 5 4 1 0 0 0  aaa99999488a9877799aa87366676385aa6588a752445
256032 1 28 2 6 0 0 0 0 0  aaa99999588a9866499aa86377677387aa7488a654552
256034 1 28 2 6 0 1 0 0 0  aaa99999588a9866499aa86377677387aa7588a655442
256104 1 28 2 8 0 0 0 0 0  aaa99999588a9866499aa86377677384aa7788a654552
256106 1 28 2 8 0 1 0 0 0  aaa99999588a9866499aa86377677385aa7788a655442
256140 1 28 2 9 0 0 0 0 0  aaa99999588a9866499aa86377777386aa7488a654552
256142 1 28 2 9 0 1 0 0 0  aaa99999588a9866499aa86377777386aa7588a655442
256152 1 28 2 9 2 0 0 0 0  aaa99999488a9866699aa86377777385aa7488a564525
256154 1 28 2 9 2 1 0 0 0  aaa99999488a9866699aa86377777385aa7588a562454
256158 1 28 2 9 3 0 0 0 0  aaa99999588a9866699aa86477777384aa7288a654553
256160 1 28 2 9 3 1 0 0 0  aaa99999488a9866699aa86377777385aa7588a652445
256166 1 28 2 9 4 1 0 0 0  aaa99999588a9865499aa85377777386aa7688a662445
256168 1 28 2 9 4 2 0 0 0  aaa99999588a9864599aa83577777586aa7688a662443
256176 1 28 2 10 0 0 0 0 0  aaa99999588a9866499aa86377777786aa3488a654552
256178 1 28 2 10 0 1 0 0 0  aaa99999588a9866499aa86377777786aa3588a655442
256214 1 28 3 0 0 1 0 0 0  aaa99999588a9877499aa87787676366aa3588a545624
256216 1 28 3 0 0 2 0 0 0  aaa99999588a9877599aa87787676566aa5488a433642
256232 1 28 3 0 3 1 0 0 0  aaa99999488a9877399aa87787676656aa3588a545624
256274 1 28 3 1 4 1 0 0 0  aaa99999588a9877799aa85487676376aa3688a652445
256276 1 28 3 1 4 2 0 0 0  aaa99999588a9877799aa84587676576aa5688a644332
256280 1 28 3 1 5 1 0 0 0  aaa99999588a9877799aa85487675376aa3688a662445
256282 1 28 3 1 5 2 0 0 0  aaa99999588a9877799aa84587673576aa5688a662443
256286 1 28 3 2 0 1 0 0 0  aaa99999588a9877799aa87487676366aa3588a545624
256288 1 28 3 2 0 2 0 0 0  aaa99999588a9877799aa87587676566aa5488a433642
256304 1 28 3 2 3 1 0 0 0  aaa99999488a9877799aa87387676656aa3588a545624
256320 1 28 3 3 0 0 0 0 0  aaa99999588a9866499aa86387777376aa7488a654552
256322 1 28 3 3 0 1 0 0 0  aaa99999588a9866499aa86387777376aa7588a655442
256332 1 28 3 3 2 0 0 0 0  aaa99999488a9866699aa86387777375aa7488a564525
256334 1 28 3 3 2 1 0 0 0  aaa99999488a9866699aa86387777375aa7588a562454
256338 1 28 3 3 3 0 0 0 0  aaa99999588a9866699aa86487777374aa7288a654553
256340 1 28 3 3 3 1 0 0 0  aaa99999488a9866699aa86387777375aa7588a652445
256346 1 28 3 3 4 1 0 0 0  aaa99999588a9865499aa85387777376aa7688a662445
256348 1 28 3 3 4 2 0 0 0  aaa99999588a9864599aa83587777576aa7688a662443
256382 1 28 3 4 4 1 0 0 0  aaa99999588a9877799aa85487775326aa6688a663445
256384 1 28 3 4 4 2 0 0 0  aaa99999588a9877799aa84587773526aa6688a665443
256398 1 28 3 5 1 0 0 0 0  aaa99999588a9877799aa87486676364aa6288a754553
256400 1 28 3 5 1 1 0 0 0  aaa99999488a9877799aa87386676365aa6588a752445
256422 1 28 3 5 5 0 0 0 0  aaa99999488a9877799aa87385675356aa2688a766445
256430 1 28 3 6 0 1 0 0 0  aaa99999588a9866499aa86387677775aa3788a655442
256494 1 28 3 7 5 0 0 0 0  aaa99999788a9877799aa87485675356aa3688a662445
256500 1 28 3 8 0 0 0 0 0  aaa99999588a9866499aa86387777376aa2588a657445
256502 1 28 3 8 0 1 0 0 0  aaa99999588a9866599aa86387777376aa2488a647554
256508 1 28 3 8 1 1 0 0 0  aaa99999488a9866699aa85387777376aa2588a657445
256510 1 28 3 8 1 2 0 0 0  aaa99999588a9866699aa84587777576aa5488a647332
256536 1 28 3 9 0 0 0 0 0  aaa99999588a9866499aa86387777776aa3488a654552
256538 1 28 3 9 0 1 0 0 0  aaa99999588a9866499aa86387777776aa3588a655442
256584 1 28 3 10 2 0 0 0 0  aaa99999488a9866699aa86385756357aa2788a777454
256590 1 28 3 10 3 0 0 0 0  aaa99999488a9866699aa86385765357aa2788a777445
256610 1 28 4 0 0 1 0 0 0  aaa99999488a9877399aa87787676356aa6586a545824
256612 1 28 4 0 0 2 0 0 0  aaa99999588a9877599aa87787676546aa6486a435823
256628 1 28 4 0 3 1 0 0 0  aaa99999488a9877399aa87787676656aa3586a545824
256634 1 28 4 0 4 1 0 0 0  aaa99999588a9877499aa87787676346aa4685a653825
256640 1 28 4 0 5 1 0 0 0  aaa99999588a9877499aa87787675346aa4685a663825
256650 1 28 4 1 1 0 0 0 0  aaa99999588a9877799aa86487676376aa3685a455842
256652 1 28 4 1 1 1 0 0 0  aaa99999588a9877799aa86487676376aa3684a555824
256670 1 28 4 1 4 1 0 0 0  aaa99999588a9877799aa85487676376aa3685a644825
256672 1 28 4 1 4 2 0 0 0  aaa99999588a9877799aa84587676576aa5683a644823
256676 1 28 4 1 5 1 0 0 0  aaa99999588a9877799aa85487674476aa3685a663825
256678 1 28 4 1 5 2 0 0 0  aaa99999588a9877799aa84587673576aa5683a664824
256682 1 28 4 2 0 1 0 0 0  aaa99999488a9877799aa87387676356aa6586a545824
256684 1 28 4 2 0 2 0 0 0  aaa99999588a9877799aa87587676546aa6486a435823
256700 1 28 4 2 3 1 0 0 0  aaa99999488a9877799aa87387676656aa3586a545824
256706 1 28 4 2 4 1 0 0 0  aaa99999588a9877799aa87487676346aa4685a653825
256712 1 28 4 2 5 1 0 0 0  aaa99999588a9877799aa87487675346aa4685a663825
256732 1 28 4 3 2 2 0 0 0  aaa99999488a9866699aa86387777375aa7586a545824
256778 1 28 4 4 4 1 0 0 0  aaa99999488a9877799aa85387774456aa6685a663825
256780 1 28 4 4 4 2 0 0 0  aaa99999588a9877799aa84587773546aa6684a665823
256818 1 28 4 5 5 0 0 0 0  aaa99999588a9877799aa87485674556aa3682a766834
256824 1 28 4 6 0 0 0 0 0  aaa99999588a9866499aa86387774775aa5687a653824
256826 1 28 4 6 0 1 0 0 0  aaa99999588a9866499aa86387774776aa3587a655824
256840 1 28 4 6 2 2 0 0 0  aaa99999488a9866699aa86387776775aa3587a545824
256890 1 28 4 7 5 0 0 0 0  aaa99999788a9877799aa87585674556aa4682a663834
256896 1 28 4 8 0 0 0 0 0  aaa99999588a9866499aa86387777375aa5684a657824
256898 1 28 4 8 0 1 0 0 0  aaa99999588a9866499aa86387777374aa4685a657825
256904 1 28 4 8 1 1 0 0 0  aaa99999588a9866699aa84487777476aa3285a657835
256906 1 28 4 8 1 2 0 0 0  aaa99999588a9866699aa84587777576aa5484a637823
256912 1 28 4 8 2 2 0 0 0  aaa99999588a9866699aa86587777574aa5386a437842
256948 1 28 4 9 2 2 0 0 0  aaa99999488a9866699aa86387777775aa3586a545824
256970 1 28 4 10 0 1 0 0 0  aaa99999588a9866499aa86386765347aa4785a777825
256986 1 28 4 10 3 0 0 0 0  aaa99999588a9866699aa86485764557aa3782a777834
257004 1 28 5 0 0 0 0 0 0  aaa99999588a9877499aa88386776375aa5687a546624
257006 1 28 5 0 0 1 0 0 0  aaa99999588a9877599aa88486776376aa3687a545624
257018 1 28 5 0 2 1 0 0 0  aaa99999588a9877499aa88386776675aa3587a465642
257020 1 28 5 0 2 2 0 0 0  aaa99999588a9877599aa88586776674aa5387a463642
257024 1 28 5 0 3 1 0 0 0  aaa99999588a9877499aa88386776675aa3687a545624
257026 1 28 5 0 3 2 0 0 0  aaa99999588a9877599aa88586776674aa5687a433642
257028 1 28 5 0 4 0 0 0 0  aaa99999588a9877499aa88384775476aa6687a663552
257030 1 28 5 0 4 1 0 0 0  aaa99999588a9877499aa88385775576aa6687a663442
257034 1 28 5 0 5 0 0 0 0  aaa99999588a9877499aa88384775476aa3687a666552
257036 1 28 5 0 5 1 0 0 0  aaa99999588a9877499aa88385775576aa3687a666442
257046 1 28 5 1 1 0 0 0 0  aaa99999588a9877799aa88487676376aa3685a455642
257048 1 28 5 1 1 1 0 0 0  aaa99999588a9877799aa88487676376aa3684a555624
257066 1 28 5 1 4 1 0 0 0  aaa99999588a9877799aa88487676376aa3685a652445
257068 1 28 5 1 4 2 0 0 0  aaa99999588a9877799aa88587676576aa5684a644332
257072 1 28 5 1 5 1 0 0 0  aaa99999588a9877799aa88487675376aa3685a662445
257074 1 28 5 1 5 2 0 0 0  aaa99999588a9877799aa88587674576aa5683a662443
257076 1 28 5 2 0 0 0 0 0  aaa99999488a9877799aa88386776365aa6487a564525
257078 1 28 5 2 0 1 0 0 0  aaa99999488a9877799aa88386776365aa6587a562454
257100 1 28 5 2 4 0 0 0 0  aaa99999488a9877799aa88385775356aa6687a662445
257106 1 28 5 2 5 0 0 0 0  aaa99999488a9877799aa88385775356aa2687a666445
257112 1 28 5 3 0 0 0 0 0  aaa99999588a9866499aa88387777376aa7486a654552
257114 1 28 5 3 0 1 0 0 0  aaa99999588a9866499aa88387777376aa7586a655442
257124 1 28 5 3 2 0 0 0 0  aaa99999488a9866699aa88387777375aa7486a564525
257126 1 28 5 3 2 1 0 0 0  aaa99999488a9866699aa88387777375aa7586a562454
257130 1 28 5 3 3 0 0 0 0  aaa99999588a9866699aa88487777374aa7286a654553
257132 1 28 5 3 3 1 0 0 0  aaa99999488a9866699aa88387777375aa7586a652445
257174 1 28 5 4 4 1 0 0 0  aaa99999488a9877799aa88387775356aa6685a662445
257176 1 28 5 4 4 2 0 0 0  aaa99999588a9877799aa88587774546aa6684a665332
257190 1 28 5 5 1 0 0 0 0  aaa99999588a9877799aa88486676364aa6287a754553
257192 1 28 5 5 1 1 0 0 0  aaa99999488a9877799aa88386676365aa6587a752445
257214 1 28 5 5 5 0 0 0 0  aaa99999488a9877799aa88385675356aa2687a766445
257220 1 28 5 6 0 0 0 0 0  aaa99999588a9866499aa88387776776aa3487a654552
257222 1 28 5 6 0 1 0 0 0  aaa99999588a9866499aa88387776776aa3587a655442
257286 1 28 5 7 5 0 0 0 0  aaa99999788a9877799aa88485675356aa3687a662445
257292 1 28 5 8 0 0 0 0 0  aaa99999588a9866499aa88387777376aa2586a657445
257294 1 28 5 8 0 1 0 0 0  aaa99999588a9866599aa88387777376aa2486a647554
257300 1 28 5 8 1 1 0 0 0  aaa99999588a9866699aa88487777376aa3285a657445
257302 1 28 5 8 1 2 0 0 0  aaa99999588a9866699aa88587777576aa5484a637423
257328 1 28 5 9 0 0 0 0 0  aaa99999588a9866499aa88387777776aa3486a654552
257330 1 28 5 9 0 1 0 0 0  aaa99999588a9866499aa88387777776aa3586a655442
257364 1 28 5 10 0 0 0 0 0  aaa99999488a9866399aa88385765657aa2786a777445
257376 1 28 5 10 2 0 0 0 0  aaa99999488a9866699aa88385756357aa2786a777454
257382 1 28 5 10 3 0 0 0 0  aaa99999488a9866699aa88385765357aa2786a777445
257426 1 28 6 0 4 1 0 0 0  aaa99999488a9877399aa87787676356aa8685a652445
257428 1 28 6 0 4 2 0 0 0  aaa99999588a9877599aa87787676546aa8684a645332
257432 1 28 6 0 5 1 0 0 0  aaa99999488a9877399aa87787675356aa8685a662445
257434 1 28 6 0 5 2 0 0 0  aaa99999588a9877599aa87787674546aa8684a665332
257464 1 28 6 1 4 2 0 0 0  aaa99999488a9877799aa85387676376aa8685a652445
257470 1 28 6 1 5 2 0 0 0  aaa99999488a9877799aa85387675376aa8685a662445
257498 1 28 6 2 4 1 0 0 0  aaa99999488a9877799aa87387676356aa8685a652445
257500 1 28 6 2 4 2 0 0 0  aaa99999588a9877799aa87587676546aa8684a645332
257504 1 28 6 2 5 1 0 0 0  aaa99999488a9877799aa87387675356aa8685a662445
257506 1 28 6 2 5 2 0 0 0  aaa99999588a9877799aa87587674546aa8684a665332
257518 1 28 6 3 1 2 0 0 0  aaa99999488a9867699aa85387775726aa8687a653445
257522 1 28 6 3 2 1 0 0 0  aaa99999588a9867499aa85387775726aa8687a644635
257524 1 28 6 3 2 2 0 0 0  aaa99999588a9867599aa84587773726aa8687a635644
257560 1 28 6 4 2 2 0 0 0  aaa99999488a9877799aa85387775362aa8686a656445
257572 1 28 6 4 4 2 0 0 0  aaa99999488a9877799aa85387775366aa8285a666445
257578 1 28 6 4 5 2 0 0 0  aaa99999488a9877799aa85387775326aa8685a666445
257602 1 28 6 5 3 2 0 0 0  aaa99999588a9877799aa87586676564aa8484a736352
257644 1 28 6 6 4 2 0 0 0  aaa99999488a9865399aa85387775776aa8687a662445
257690 1 28 6 8 0 1 0 0 0  aaa99999588a9866499aa86387777376aa8285a657445
257692 1 28 6 8 0 2 0 0 0  aaa99999588a9866599aa86587777576aa8484a637423
257698 1 28 6 8 1 2 0 0 0  aaa99999488a9866699aa85387777376aa8285a657445
257700 1 28 6 8 2 0 0 0 0  aaa99999588a9866699aa86387777375aa8486a547452
257710 1 28 6 8 3 2 0 0 0  aaa99999588a9866699aa86587777574aa8484a637352
257716 1 28 6 8 4 2 0 0 0  aaa99999488a9865399aa85387777276aa8685a667445
257718 1 28 6 8 5 0 0 0 0  aaa99999588a9846499aa86487777375aa8286a567653
257720 1 28 6 8 5 1 0 0 0  aaa99999488a9846499aa86387777375aa8586a567652
257762 1 28 6 10 0 1 0 0 0  aaa99999488a9866399aa86386765257aa8785a777445
257764 1 28 6 10 0 2 0 0 0  aaa99999588a9866599aa86586764547aa8784a777332
257770 1 28 6 10 1 2 0 0 0  aaa99999488a9866699aa85386765327aa8785a777445
257798 1 28 7 0 0 1 0 0 0  aaa99999488a9887799aa78776647486aa3568a553652
258055 1 28 7 7 1 0 1 0 0  aaa99999588a9885599aa38477766686aa7278a674534
258066 1 28 7 7 3 0 0 0 0  aaa99999488a9886399aa68377766685aa7478a574525
258068 1 28 7 7 3 1 0 0 0  aaa99999488a9886399aa68377766685aa7578a572454
258098 1 28 7 8 2 1 0 0 0  aaa99999588a9885499aa68377767386aa7678a652445
258100 1 28 7 8 2 2 0 0 0  aaa99999588a9884599aa68577767586aa7678a644332
258110 1 28 7 8 4 1 0 0 0  aaa99999588a9884499aa68477757386aa7678a663552
258128 1 28 7 9 1 1 0 0 0  aaa99999588a9884499aa68477777386aa7668a563552
258140 1 28 7 9 3 1 0 0 0  aaa99999588a9886499aa58377777386aa7668a562454
258142 1 28 7 9 3 2 0 0 0  aaa99999588a9886599aa48577777586aa7668a464332
258300 1 28 8 3 0 0 0 0 0  aaa99999588a9866499aa86388777777aa3665a455842
258302 1 28 8 3 0 1 0 0 0  aaa99999588a9866499aa86388777777aa3664a555824
258374 1 28 8 5 0 1 0 0 0  aaa99999488a9877799aa87388676356aa6576a545824
258376 1 28 8 5 0 2 0 0 0  aaa99999588a9877799aa87588676546aa6476a435823
258392 1 28 8 5 3 1 0 0 0  aaa99999488a9877799aa87388676656aa3576a545824
258398 1 28 8 5 4 1 0 0 0  aaa99999588a9877799aa87488676346aa4675a653825
258404 1 28 8 5 5 1 0 0 0  aaa99999588a9877799aa87488675346aa4675a663825
258408 1 28 8 6 0 0 0 0 0  aaa99999588a9866499aa86388777767aa3765a455842
258410 1 28 8 6 0 1 0 0 0  aaa99999588a9866499aa86388777767aa3764a555824
258445 1 28 8 7 0 0 1 0 0  aaa99999788a9877799aa87488676426aa6556a353854
258516 1 28 8 9 0 0 0 0 0  aaa99999588a9866499aa86388755767aa3764a772854
258518 1 28 8 9 0 1 0 0 0  aaa99999588a9866499aa86388745767aa3765a772845
258588 1 28 9 0 0 0 0 0 0  aaa99999588a9877499aa87787676326aa6856a545834
258590 1 28 9 0 0 1 0 0 0  aaa99999588a9877399aa87787676346aa6846a555842
258660 1 28 9 2 0 0 0 0 0  aaa99999588a9877799aa87487676326aa6856a545834
258662 1 28 9 2 0 1 0 0 0  aaa99999588a9877799aa87387676346aa6846a555842
258696 1 28 9 3 0 0 0 0 0  aaa99999588a9866499aa86387777376aa7845a655842
258698 1 28 9 3 0 1 0 0 0  aaa99999588a9866499aa86387777376aa7845a652845
258788 1 28 9 5 3 1 0 0 0  aaa99999588a9877799aa87486676365aa3874a655824
258798 1 28 9 5 5 0 0 0 0  aaa99999588a9877799aa87485674556aa3872a666834
258876 1 28 9 8 0 0 0 0 0  aaa99999588a9866499aa86387777376aa2855a647854
258878 1 28 9 8 0 1 0 0 0  aaa99999588a9866499aa86387777376aa2845a657845
258912 1 28 9 9 0 0 0 0 0  aaa99999588a9866499aa86387777776aa3845a655842
258914 1 28 9 9 0 1 0 0 0  aaa99999588a9866499aa86387777776aa3845a652845
259100 1 28 10 3 1 1 0 0 0  aaa99999588a9884499aa68487777376aa7668a563552
259112 1 28 10 3 3 1 0 0 0  aaa99999588a9886499aa58387777376aa7668a562454
259114 1 28 10 3 3 2 0 0 0  aaa99999588a9886599aa48587777576aa7668a464332
259141 1 28 10 4 2 0 1 0 0  aaa99999588a9885599aa78487727466aa6378a663574
259153 1 28 10 4 4 0 1 0 0  aaa99999588a9885599aa78487737326aa6678a664574
259154 1 28 10 4 4 1 0 0 0  aaa99999588a9885499aa78387747426aa6678a663575
259157 1 28 10 4 4 2 1 0 0  aaa99999588a9884599aa78587737326aa6678a665474
259159 1 28 10 4 5 0 1 0 0  aaa99999588a9885599aa78487727436aa3678a666574
259168 1 28 10 5 0 2 0 0 0  aaa99999688a9886699aa58487757376aa3278a567454
259178 1 28 10 5 2 1 0 0 0  aaa99999588a9885499aa68387767376aa2678a657445
259180 1 28 10 5 2 2 0 0 0  aaa99999588a9884599aa68587767576aa2678a637443
259214 1 28 10 6 2 1 0 0 0  aaa99999588a9885499aa68387767776aa3678a652445
259216 1 28 10 6 2 2 0 0 0  aaa99999588a9884599aa68587767776aa5678a644332
259248 1 28 10 7 2 0 0 0 0  aaa99999688a9885699aa78587775576aa2648a376434
259250 1 28 10 7 2 1 0 0 0  aaa99999588a9885599aa78587774476aa4628a673663
259252 1 28 10 7 2 2 0 0 0  aaa99999588a9884599aa78587774476aa5628a673663
259276 1 28 10 8 0 2 0 0 0  aaa99999688a9886699aa58487777376aa3258a567454
259364 1 28 10 10 3 1 0 0 0  aaa99999588a9884499aa68486766367aa3758a777552
259586 1 28 11 5 4 1 0 0 0  aaa99999888a9888499aa54877672657aa7657a663534
259588 1 28 11 5 4 2 0 0 0  aaa99999888a9888399aa45877675647aa7647a663525
259718 1 28 11 9 2 1 0 0 0  aaa99999888a9888499aa54877777365aa7662a566534
259720 1 28 11 9 2 2 0 0 0  aaa99999888a9888399aa45877777364aa7665a466525
259841 1 28 12 1 4 2 1 0 0  aaa99999488a9887799aa58477753366aa7258a666548
259847 1 28 12 1 5 2 1 0 0  aaa99999488a9887799aa58477753326aa7658a666548
259852 1 28 12 2 0 2 0 0 0  aaa99999788a9886699aa48677766325aa7578a545438
259921 1 28 12 4 0 0 1 0 0  aaa99999788a9882799aa68677766355aa7458a446538
259923 1 28 12 4 0 1 1 0 0  aaa99999788a9882799aa68677766354aa7558a446538
259925 1 28 12 4 0 2 1 0 0  aaa99999788a9883799aa68677743665aa7568a552448
259947 1 28 12 4 4 1 1 0 0  aaa99999788a9885799aa48377755566aa7248a666438
259953 1 28 12 4 5 1 1 0 0  aaa99999788a9885799aa48377755526aa7648a666438
259971 1 28 12 5 2 1 1 0 0  aaa99999488a9883399aa58577667627aa7678a564548
259973 1 28 12 5 2 2 1 0 0  aaa99999488a9883399aa58477667627aa7678a564558
259983 1 28 12 5 4 1 1 0 0  aaa99999488a9883399aa58577657627aa7678a664548
259985 1 28 12 5 4 2 1 0 0  aaa99999488a9883399aa58477657627aa7678a664558
259989 1 28 12 5 5 1 1 0 0  aaa99999488a9883399aa58577657427aa7678a666548
259991 1 28 12 5 5 2 1 0 0  aaa99999488a9883399aa58477657427aa7678a666558
260019 1 28 12 6 4 1 1 0 0  aaa99999488a9883399aa58577677627aa7658a664548
260021 1 28 12 6 4 2 1 0 0  aaa99999488a9883399aa58477677627aa7658a664558
260025 1 28 12 6 5 1 1 0 0  aaa99999488a9883399aa58577677427aa7658a666548
260027 1 28 12 6 5 2 1 0 0  aaa99999488a9883399aa58477677427aa7658a666558
260045 1 28 12 7 2 2 1 0 0  aaa99999588a9883599aa68577766624aa7478a674358
260074 1 28 12 8 1 2 0 0 0  aaa99999588a9884599aa68677737526aa7678a644358
260078 1 28 12 8 2 1 0 0 0  aaa99999588a9885599aa68577767326aa7678a644438
260091 1 28 12 8 4 1 1 0 0  aaa99999488a9883399aa58577757466aa7278a666548
260093 1 28 12 8 4 2 1 0 0  aaa99999488a9883399aa58477757466aa7278a666558
260097 1 28 12 8 5 1 1 0 0  aaa99999488a9883399aa58577757426aa7678a666548
260099 1 28 12 8 5 2 1 0 0  aaa99999488a9883399aa58477757426aa7678a666558
260115 1 28 12 9 2 1 1 0 0  aaa99999488a9883399aa58577777462aa7668a566548
260117 1 28 12 9 2 2 1 0 0  aaa99999488a9883399aa58477777462aa7668a566558
260127 1 28 12 9 4 1 1 0 0  aaa99999488a9883399aa58577777466aa7258a666548
260129 1 28 12 9 4 2 1 0 0  aaa99999488a9883399aa58477777466aa7258a666558
260133 1 28 12 9 5 1 1 0 0  aaa99999488a9883399aa58577777426aa7658a666548
260135 1 28 12 9 5 2 1 0 0  aaa99999488a9883399aa58477777426aa7658a666558
260151 1 28 12 10 2 1 1 0 0  aaa99999488a9882499aa58577777766aa6358a663548
260163 1 28 12 10 4 1 1 0 0  aaa99999488a9883399aa58577777726aa6658a664548
260165 1 28 12 10 4 2 1 0 0  aaa99999488a9883399aa58477777726aa6658a664558
260169 1 28 12 10 5 1 1 0 0  aaa99999488a9882499aa58577777736aa3658a666548
260188 1 28 13 0 2 2 0 0 0  aaa99999488a9887799aa58867667327aa7658a563454
260251 1 28 13 2 1 0 1 0 0  aaa99999788a9885399aa48877766656aa7578a653442
260376 1 28 13 5 4 0 0 0 0  aaa99999488a9885599aa58877647627aa7678a663543
260378 1 28 13 5 4 1 0 0 0  aaa99999488a9884499aa58877657627aa7678a663535
260440 1 28 13 7 2 2 0 0 0  aaa99999588a9884599aa68877766633aa7278a675445
260458 1 28 13 7 5 2 0 0 0  aaa99999588a9883599aa68877763544aa7278a674665
260474 1 28 13 8 2 1 0 0 0  aaa99999588a9885499aa68877767326aa7678a653445
260476 1 28 13 8 2 2 0 0 0  aaa99999588a9884599aa68877767526aa7678a635443
260479 1 28 13 8 3 0 1 0 0  aaa99999588a9885599aa68877737466aa7278a664534
260640 1 28 14 2 0 0 0 0 0  aaa99999588a9887399aa77788778366aa2565a465464
260758 1 28 14 5 1 2 0 0 0  aaa99999488a9887399aa77788578366aa6576a545624
260774 1 28 14 5 4 1 0 0 0  aaa99999488a9887399aa77788678656aa3675a652445
260780 1 28 14 5 5 1 0 0 0  aaa99999588a9887499aa77788678346aa4675a663525
260976 1 28 15 0 2 0 0 0 0  aaa99999588a9877499aa88388775576aa3467a664562
260978 1 28 15 0 2 1 0 0 0  aaa99999588a9877599aa88488775576aa3627a644663
260984 1 28 15 0 3 1 0 0 0  aaa99999588a9877499aa88388774476aa6667a563552
260990 1 28 15 0 4 1 0 0 0  aaa99999588a9877499aa88388774476aa6657a663552
260996 1 28 15 0 5 1 0 0 0  aaa99999588a9877499aa88388774476aa3657a666552
261072 1 28 15 3 0 0 0 0 0  aaa99999588a9866499aa88388777777aa3665a455246
261144 1 28 15 5 0 0 0 0 0  aaa99999488a9877799aa88388676356aa6576a572454
261170 1 28 15 5 4 1 0 0 0  aaa99999588a9877799aa88488676346aa4675a673525
261182 1 28 15 6 0 1 0 0 0  aaa99999588a9866499aa88388777767aa3764a562554
261194 1 28 15 6 2 1 0 0 0  aaa99999488a9866699aa88388777757aa3765a652445
261206 1 28 15 6 4 1 0 0 0  aaa99999488a9865699aa88388777757aa3765a644625
261288 1 28 15 9 0 0 0 0 0  aaa99999688a9866599aa88388746757aa5754a773462
261290 1 28 15 9 0 1 0 0 0  aaa99999588a9866499aa88388756767aa3764a772554
261302 1 28 15 9 2 1 0 0 0  aaa99999488a9866699aa88388765757aa3765a772445
261314 1 28 15 9 4 1 0 0 0  aaa99999588a9865699aa88388765747aa4764a773625
261362 1 28 16 0 0 1 0 0 0  aaa99999588a9877499aa88386776375aa2867a565464
261368 1 28 16 0 1 1 0 0 0  aaa99999588a9877499aa88386776675aa3867a655442
261374 1 28 16 0 2 1 0 0 0  aaa99999588a9877499aa88386776675aa3847a565642
261380 1 28 16 0 3 1 0 0 0  aaa99999588a9877499aa88386776675aa3867a565442
261384 1 28 16 0 4 0 0 0 0  aaa99999588a9877499aa88384775476aa3867a666552
261386 1 28 16 0 4 1 0 0 0  aaa99999588a9877499aa88385775576aa3867a666442
261470 1 28 16 3 0 1 0 0 0  aaa99999588a9866499aa88387777376aa7856a644552
261578 1 28 16 6 0 1 0 0 0  aaa99999588a9866499aa88387776776aa3857a644552
261648 1 28 16 8 0 0 0 0 0  aaa99999688a9866599aa88387777375aa5846a547462
261650 1 28 16 8 0 1 0 0 0  aaa99999588a9866499aa88387777376aa2856a647554
261662 1 28 16 8 2 1 0 0 0  aaa99999488a9866699aa88387777375aa2865a657445
261674 1 28 16 8 4 1 0 0 0  aaa99999588a9865699aa88387777374aa4865a647625
261686 1 28 16 9 0 1 0 0 0  aaa99999588a9866499aa88387777776aa3856a644552
261929 1 28 17 4 4 2 1 0 0  aaa99999488a9887499aa58887773326aa6657a664557
262164 1 28 18 0 2 0 0 0 0  aaa99999588a9888499aa77388775576aa3467a664562
262166 1 28 18 0 2 1 0 0 0  aaa99999588a9888599aa77488775576aa3627a644663
262172 1 28 18 0 3 1 0 0 0  aaa99999588a9888499aa77388774476aa6667a563552
262178 1 28 18 0 4 1 0 0 0  aaa99999588a9888499aa77388774476aa6657a663552
262184 1 28 18 0 5 1 0 0 0  aaa99999588a9888499aa77388774476aa3657a666552
262260 1 28 18 3 0 0 0 0 0  aaa99999588a9888499aa66388777777aa3665a455246
262332 1 28 18 5 0 0 0 0 0  aaa99999488a9888399aa77788676356aa6576a572454
262358 1 28 18 5 4 1 0 0 0  aaa99999588a9888499aa77788676346aa4675a673525
262370 1 28 18 6 0 1 0 0 0  aaa99999588a9888499aa66388777767aa3764a562554
262382 1 28 18 6 2 1 0 0 0  aaa99999488a9888399aa66688777757aa3765a652445
262394 1 28 18 6 4 1 0 0 0  aaa99999488a9888399aa65688777757aa3765a644625
262476 1 28 18 9 0 0 0 0 0  aaa99999688a9888599aa66388746757aa5754a773462
262478 1 28 18 9 0 1 0 0 0  aaa99999588a9888499aa66388756767aa3764a772554
262490 1 28 18 9 2 1 0 0 0  aaa99999488a9888399aa66688765757aa3765a772445
262502 1 28 18 9 4 1 0 0 0  aaa99999588a9888399aa65688765747aa4764a773625
262600 1 28 19 1 2 2 0 0 0  aaa99999788a9885499aa68387775376aa7865a662445
262636 1 28 19 2 2 2 0 0 0  aaa99999488a9885399aa68387775276aa7865a676445
262670 1 28 19 3 2 1 0 0 0  aaa99999588a9885499aa68387777376aa7865a662445
262672 1 28 19 3 2 2 0 0 0  aaa99999588a9884599aa68587777576aa7863a662443
262742 1 28 19 5 2 1 0 0 0  aaa99999588a9885499aa68387775376aa2867a667445
262744 1 28 19 5 2 2 0 0 0  aaa99999588a9884599aa68587773576aa2867a667443
262778 1 28 19 6 2 1 0 0 0  aaa99999588a9885499aa68387775776aa3867a662445
262780 1 28 19 6 2 2 0 0 0  aaa99999588a9884599aa68587773776aa5867a662443
262808 1 28 19 7 1 1 0 0 0  aaa99999588a9885499aa78387775376aa2866a676445
262810 1 28 19 7 1 2 0 0 0  aaa99999588a9884599aa78587773576aa2866a676443
262814 1 28 19 7 2 1 0 0 0  aaa99999588a9885499aa78387774476aa3865a676625
262816 1 28 19 7 2 2 0 0 0  aaa99999588a9884599aa78587773576aa4863a676624
262822 1 28 19 7 3 2 0 0 0  aaa99999688a9885499aa78387775376aa2865a676445
262826 1 28 19 7 4 1 0 0 0  aaa99999588a9885499aa78387774476aa3865a672665
262828 1 28 19 7 4 2 0 0 0  aaa99999588a9884599aa78587773576aa4863a672664
262832 1 28 19 7 5 1 0 0 0  aaa99999588a9886499aa78387776375aa2846a575646
262850 1 28 19 8 2 1 0 0 0  aaa99999588a9885499aa68387777376aa2865a667445
262852 1 28 19 8 2 2 0 0 0  aaa99999588a9884599aa68587777576aa2863a667443
262886 1 28 19 9 2 1 0 0 0  aaa99999588a9885499aa68387777776aa3865a662445
262888 1 28 19 9 2 2 0 0 0  aaa99999588a9884599aa68587777776aa5863a662443
262944 1 28 20 0 0 0 0 0 0  aaa99999588a9888499aa77886776376aa3657a545624
262946 1 28 20 0 0 1 0 0 0  aaa99999588a9888499aa77886776376aa3647a555642
263054 1 28 20 3 0 1 0 0 0  aaa99999488a9888399aa66887777375aa7665a552446
263117 1 28 20 4 4 2 1 0 0  aaa99999488a9888499aa57887773326aa6657a664557
263340 1 28 21 0 0 0 0 0 0  aaa99999588a9888899aa77486776376aa3657a545624
263342 1 28 21 0 0 1 0 0 0  aaa99999588a9888899aa77486776376aa3647a555642
263450 1 28 21 3 0 1 0 0 0  aaa99999488a9888899aa66387777375aa7665a552446
263738 1 28 22 0 0 1 0 0 0  aaa99999478a9766399aa76388888857aa7675a652445
263740 1 28 22 0 0 2 0 0 0  aaa99999578a9766599aa76588888847aa7674a645332
263746 1 28 22 0 1 2 0 0 0  aaa99999478a9766699aa75388888827aa7675a653445
263895 1 28 22 4 2 1 1 0 0  aaa99999478a9772499aa57588888866aa6357a663547
263907 1 28 22 4 4 1 1 0 0  aaa99999478a9773399aa57588888826aa6657a664547
263909 1 28 22 4 4 2 1 0 0  aaa99999478a9773399aa57488888826aa6657a664557
263913 1 28 22 4 5 1 1 0 0  aaa99999478a9772499aa57588888836aa3657a666547
263954 1 28 22 6 0 1 0 0 0  aaa99999578a9777499aa66388888867aa3764a562554
263966 1 28 22 6 2 1 0 0 0  aaa99999478a9777399aa66688888857aa3765a652445
263978 1 28 22 6 4 1 0 0 0  aaa99999478a9777399aa65688888857aa3765a644625
264398 1 29 0 7 2 1 0 0 0  aaa99999998a8777589aa87466764488aa3676a555832
264420 1 29 0 8 0 0 0 0 0  aaa99999998a8777789aa86626756588aa6473a534845
264421 1 29 0 8 0 0 1 0 0  aaa99999998a8777789aa86646746488aa6575a533825
264462 1 29 0 9 1 0 0 0 0  aaa99999998a8666489aa85677777288aa7545a536843
264498 1 29 0 10 1 0 0 0 0  aaa99999998a8666489aa85677777788aa2545a536843
264544 1 29 1 0 2 2 0 0 0  aaa99999998a8877489aa87776676365aa3562a455848
264616 1 29 1 2 2 2 0 0 0  aaa99999998a8877789aa87476676365aa3562a455848
264650 1 29 1 3 2 1 0 0 0  aaa99999998a8855789aa84477773362aa7664a566858
264711 1 29 1 5 0 1 1 0 0  aaa99999998a8877789aa87466575526aa4576a633848
264713 1 29 1 5 0 2 1 0 0  aaa99999998a8877789aa87466572436aa3576a655848
264715 1 29 1 5 1 0 1 0 0  aaa99999998a8877789aa87666675524aa6475a345838
264724 1 29 1 5 2 2 0 0 0  aaa99999998a8877789aa87366576346aa6574a545828
264729 1 29 1 5 3 1 1 0 0  aaa99999998a8877789aa87466672455aa6376a553848
264731 1 29 1 5 3 2 1 0 0  aaa99999998a8877789aa87466673325aa6576a554848
264736 1 29 1 5 4 2 0 0 0  aaa99999998a8877789aa87366676345aa6574a545828
264748 1 29 1 6 0 2 0 0 0  aaa99999998a8866489aa86377577367aa7562a455848
264766 1 29 1 6 3 2 0 0 0  aaa99999998a8866689aa86377577347aa7564a545828
264774 1 29 1 6 5 0 0 0 0  aaa99999998a8855489aa84477677237aa7635a666858
264802 1 29 1 7 3 2 0 0 0  aaa99999998a8877789aa87366576346aa7564a545828
264837 1 29 1 8 3 1 1 0 0  aaa99999998a8866689aa86477772455aa7367a553848
264839 1 29 1 8 3 2 1 0 0  aaa99999998a8866689aa86477773325aa7567a554848
264841 1 29 1 8 4 0 1 0 0  aaa99999998a8855489aa85477773366aa7257a666848
264847 1 29 1 8 5 0 1 0 0  aaa99999998a8855489aa85477773326aa7657a666848
264856 1 29 1 9 0 2 0 0 0  aaa99999998a8866489aa86377777365aa7562a455848
264874 1 29 1 9 3 2 0 0 0  aaa99999998a8866689aa86377777345aa7564a545828
264876 1 29 1 9 4 0 0 0 0  aaa99999998a8855489aa84477777263aa7666a356858
264882 1 29 1 9 5 0 0 0 0  aaa99999998a8855489aa84477777236aa7635a666858
264892 1 29 1 10 0 2 0 0 0  aaa99999998a8866489aa86377777765aa3562a455848
265350 1 29 3 0 5 0 0 0 0  aaa99999998a8877589aa87775674586aa4652a663834
265422 1 29 3 2 5 0 0 0 0  aaa99999998a8877789aa87575674586aa4652a663834
265718 1 29 4 0 0 1 0 0 0  aaa99999998a8877589aa88476674486aa3767a555632
265730 1 29 4 0 2 1 0 0 0  aaa99999998a8877589aa88476676386aa3757a644552
265896 1 29 4 5 0 0 0 0 0  aaa99999998a8877789aa88466575386aa3576a672445
266042 1 29 4 9 0 1 0 0 0  aaa99999998a8866489aa88377777385aa7665a552446
266322 1 29 5 5 5 0 0 0 0  aaa99999998a8877789aa78485675356aa3687a662445
266369 1 29 5 7 0 2 1 0 0  aaa99999998a8877789aa78486637426aa7586a555634
266735 1 29 6 6 1 2 1 0 0  aaa99999998a8866689aa85477735786aa8277a654534
267026 1 29 7 3 2 1 0 0 0  aaa99999998a8883789aa58577774462aa7663a566548
267028 1 29 7 3 2 2 0 0 0  aaa99999998a8883789aa58477774462aa7663a566558
267102 1 29 7 5 3 0 0 0 0  aaa99999998a8886589aa58577676627aa7657a344438
267107 1 29 7 5 3 2 1 0 0  aaa99999998a8886489aa58477676627aa7657a533548
267302 1 29 8 0 0 1 0 0 0  aaa99999998a8877489aa78776647486aa3586a553652
267876 1 29 9 5 0 0 0 0 0  aaa99999998a8877789aa78466575386aa3567a862445
268175 1 29 10 2 1 2 1 0 0  aaa99999998a8885789aa38477766686aa7275a654534
268694 1 29 11 5 4 1 0 0 0  aaa99999998a8888489aa54877672657aa7657a663534
268696 1 29 11 5 4 2 0 0 0  aaa99999998a8888389aa45877675647aa7647a663525
268826 1 29 11 9 2 1 0 0 0  aaa99999998a8888489aa54877777365aa7662a566534
268828 1 29 11 9 2 2 0 0 0  aaa99999998a8888389aa45877777364aa7665a466525
268957 1 29 12 2 0 0 1 0 0  aaa99999998a8886789aa28877766456aa7573a654543
269148 1 29 12 7 2 0 0 0 0  aaa99999998a8885589aa68877766644aa7275a674353
269149 1 29 12 7 2 0 1 0 0  aaa99999998a8885589aa68877766624aa7475a674353
269439 1 29 13 4 2 1 1 0 0  aaa99999998a8887489aa58587772466aa6357a663547
269451 1 29 13 4 4 1 1 0 0  aaa99999998a8887489aa58587773326aa6657a664547
269453 1 29 13 4 4 2 1 0 0  aaa99999998a8887489aa58487773326aa6657a664557
269457 1 29 13 4 5 1 1 0 0  aaa99999998a8887489aa58587772436aa3657a666547
269929 1 29 14 7 0 0 1 0 0  aaa99999998a8887489aa77786678426aa7565a533645
270167 1 29 15 2 3 2 1 0 0  aaa99999998a8877789aa37487676626aa4588a555634
270468 1 29 16 0 0 0 0 0 0  aaa99999998a8877489aa75787667366aa3585a485642
271074 1 29 17 5 5 0 0 0 0  aaa99999998a8887489aa77785675356aa3678a662445
271260 1 29 18 0 0 0 0 0 0  aaa99999998a8888589aa77486776376aa3657a545624
271262 1 29 18 0 0 1 0 0 0  aaa99999998a8888589aa77486776376aa3647a555642
271370 1 29 18 3 0 1 0 0 0  aaa99999998a8888489aa66387777375aa7665a552446
271836 1 29 19 5 0 0 0 0 0  aaa99999998a8887489aa77766575386aa3576a682445
272054 1 29 20 0 0 1 0 0 0  aaa99999998a8888589aa77476674486aa3767a555632
272066 1 29 20 0 2 1 0 0 0  aaa99999998a8888589aa77476676386aa3757a644552
272232 1 29 20 5 0 0 0 0 0  aaa99999998a8888489aa77766575386aa3576a672445
272378 1 29 20 9 0 1 0 0 0  aaa99999998a8888489aa66377777385aa7665a552446
272701 1 29 21 7 0 0 1 0 0  aaa99999998a8888889aa77766575426aa7567a364534
272954 1 29 22 3 0 1 0 0 0  aaa99999998a7777489aa66388888375aa7665a552446
273003 1 29 22 4 2 1 1 0 0  aaa99999998a7772489aa57588888466aa6357a663547
273015 1 29 22 4 4 1 1 0 0  aaa99999998a7773389aa57588888426aa6657a664547
273017 1 29 22 4 4 2 1 0 0  aaa99999998a7773389aa57488888426aa6657a664557
273021 1 29 22 4 5 1 1 0 0  aaa99999998a7772489aa57588888436aa3657a666547
273359 1 30 0 3 1 2 1 0 0  aaa99999898a8777799aa66687735462aa8865a854534
273367 1 30 0 3 3 0 1 0 0  aaa99999898a8777799aa66687764355aa8856a853424
273395 1 30 0 4 1 2 1 0 0  aaa99999898a8777499aa66687735762aa8865a854534
273442 1 30 0 5 3 2 0 0 0  aaa99999898a8777499aa75386766367aa8825a844565
273450 1 30 0 5 5 0 0 0 0  aaa99999898a8777599aa76485746557aa8826a863643
273545 1 30 0 8 2 2 1 0 0  aaa99999898a8777799aa75486765662aa8836a854534
273551 1 30 0 8 3 2 1 0 0  aaa99999898a8777799aa75486766463aa8825a853564
273557 1 30 0 8 4 2 1 0 0  aaa99999898a8777799aa75486766662aa8835a854534
273559 1 30 0 8 5 0 1 0 0  aaa99999898a8777799aa76485756453aa8826a863654
273561 1 30 0 8 5 1 1 0 0  aaa99999898a8777799aa76485756552aa8836a864634
273562 1 30 0 8 5 2 0 0 0  aaa99999898a8777799aa76584736544aa8836a865652
273563 1 30 0 8 5 2 1 0 0  aaa99999898a8777799aa76584736542aa8846a865635
273758 1 30 1 3 2 1 0 0 0  aaa99999498a8857399aa84887772765aa8667a566534
273760 1 30 1 3 2 2 0 0 0  aaa99999398a8847499aa85887775762aa8667a466535
273762 1 30 1 3 3 0 0 0 0  aaa99999498a8867399aa85887774765aa8667a563524
273770 1 30 1 3 4 1 0 0 0  aaa99999498a8857399aa84887772766aa8557a666534
273772 1 30 1 3 4 2 0 0 0  aaa99999398a8847499aa85887775766aa8247a666535
273776 1 30 1 3 5 1 0 0 0  aaa99999498a8857399aa84887772756aa8657a666534
273778 1 30 1 3 5 2 0 0 0  aaa99999398a8847499aa85887775726aa8647a666535
273930 1 30 1 8 1 0 0 0 0  aaa99999498a8866699aa85887777375aa8664a527534
273940 1 30 1 8 2 2 0 0 0  aaa99999498a8866699aa85887777273aa8365a657445
273958 1 30 1 8 5 2 0 0 0  aaa99999398a8865399aa85887777274aa8464a657665
274156 1 30 2 3 2 2 0 0 0  aaa99999898a8857499aa54887773762aa8667a566354
274168 1 30 2 3 4 2 0 0 0  aaa99999898a8857499aa54887773766aa8257a666354
274174 1 30 2 3 5 2 0 0 0  aaa99999898a8857499aa54887773726aa8657a666354
274222 1 30 2 5 1 2 0 0 0  aaa99999898a8877799aa74886676425aa8567a535364
274354 1 30 2 8 5 2 0 0 0  aaa99999898a8865399aa65887777374aa8464a657625
274445 1 30 3 0 2 2 1 0 0  aaa99999898a8877499aa75787667626aa8685a354534
274457 1 30 3 0 4 2 1 0 0  aaa99999898a8877499aa75787637626aa8685a654534
274601 1 30 3 4 4 2 1 0 0  aaa99999898a8877799aa35487775466aa8285a666534
274607 1 30 3 4 5 2 1 0 0  aaa99999898a8877799aa35487775426aa8685a666534
274655 1 30 3 6 1 2 1 0 0  aaa99999898a8866699aa35487775776aa8287a654534
274727 1 30 3 8 1 2 1 0 0  aaa99999898a8866699aa35487777476aa8285a657534
274732 1 30 3 8 2 2 0 0 0  aaa99999898a8866699aa65487777273aa8385a657445
274750 1 30 3 8 5 2 0 0 0  aaa99999898a8865399aa65387777274aa8484a657665
274763 1 30 3 9 1 2 1 0 0  aaa99999898a8866699aa35487777776aa8285a654534
274799 1 30 3 10 1 2 1 0 0  aaa99999898a8866699aa35486765427aa8785a777534
274838 1 30 4 0 2 1 0 0 0  aaa99999598a8877499aa87767686385aa3674a655824
274854 1 30 4 0 5 0 0 0 0  aaa99999598a8877499aa87747685586aa4675a663832
274856 1 30 4 0 5 1 0 0 0  aaa99999598a8877499aa87757685586aa3674a663824
274866 1 30 4 1 1 0 0 0 0  aaa99999598a8877799aa86477686386aa3675a455842
274868 1 30 4 1 1 1 0 0 0  aaa99999598a8877799aa86477686386aa3674a555824
274886 1 30 4 1 4 1 0 0 0  aaa99999598a8877799aa85477686386aa3675a644825
274888 1 30 4 1 4 2 0 0 0  aaa99999598a8877799aa84577686586aa5673a644823
274892 1 30 4 1 5 1 0 0 0  aaa99999598a8877799aa85477684486aa3675a663825
274894 1 30 4 1 5 2 0 0 0  aaa99999598a8877799aa84577683586aa5673a664824
274910 1 30 4 2 2 1 0 0 0  aaa99999598a8877799aa87467686385aa3674a655824
274926 1 30 4 2 5 0 0 0 0  aaa99999598a8877799aa87447685586aa4675a663832
274928 1 30 4 2 5 1 0 0 0  aaa99999598a8877799aa87457685586aa3674a663824
275004 1 30 4 5 0 0 0 0 0  aaa99999598a8877799aa87466584586aa3576a726834
275024 1 30 4 5 3 1 0 0 0  aaa99999498a8877799aa87366684485aa6576a753825
275040 1 30 4 6 0 0 0 0 0  aaa99999598a8866499aa86377784785aa5677a653824
275042 1 30 4 6 0 1 0 0 0  aaa99999598a8866499aa86377784786aa3577a655824
275056 1 30 4 6 2 2 0 0 0  aaa99999498a8866699aa86377786785aa3577a545824
275128 1 30 4 8 2 2 0 0 0  aaa99999498a8866699aa86377787385aa7576a545824
275164 1 30 4 9 2 2 0 0 0  aaa99999498a8866699aa86377787785aa3576a545824
275184 1 30 4 10 0 0 0 0 0  aaa99999598a8866499aa86346785587aa4765a777832
275186 1 30 4 10 0 1 0 0 0  aaa99999598a8866499aa86356785587aa3764a777824
275250 1 30 5 0 5 0 0 0 0  aaa99999598a8877499aa74787687356aa8658a663254
275256 1 30 5 1 0 0 0 0 0  aaa99999498a8877799aa66387786356aa8578a652445
275315 1 30 5 2 3 2 1 0 0  aaa99999498a8877799aa37487686626aa8578a555634
275318 1 30 5 2 4 1 0 0 0  aaa99999598a8877799aa57487686326aa8678a644553
275324 1 30 5 2 5 1 0 0 0  aaa99999598a8877799aa57487684426aa8678a663553
275426 1 30 5 5 4 1 0 0 0  aaa99999598a8877799aa75483687636aa8678a652445
275428 1 30 5 5 4 2 0 0 0  aaa99999598a8877799aa74583687636aa8678a625445
275544 1 30 5 9 0 0 0 0 0  aaa99999598a8866499aa56586784727aa8768a773534
275558 1 30 5 9 2 1 0 0 0  aaa99999498a8866699aa65385785727aa8768a773445
275560 1 30 5 9 2 2 0 0 0  aaa99999598a8866699aa63584784747aa8768a775352
275570 1 30 5 9 4 1 0 0 0  aaa99999498a8865699aa64485785727aa8768a773635
275572 1 30 5 9 4 2 0 0 0  aaa99999598a8863699aa63584784747aa8768a775652
275576 1 30 5 9 5 1 0 0 0  aaa99999498a8865399aa64485785727aa8768a773665
275578 1 30 5 9 5 2 0 0 0  aaa99999598a8863599aa63584784747aa8768a775662
275642 1 30 6 0 4 1 0 0 0  aaa99999498a8877399aa87787676356aa8685a652445
275644 1 30 6 0 4 2 0 0 0  aaa99999598a8877599aa87787676546aa8684a645332
275648 1 30 6 0 5 1 0 0 0  aaa99999498a8877399aa87787675356aa8685a662445
275650 1 30 6 0 5 2 0 0 0  aaa99999598a8877599aa87787674546aa8684a665332
275680 1 30 6 1 4 2 0 0 0  aaa99999498a8877799aa85387676376aa8685a652445
275686 1 30 6 1 5 2 0 0 0  aaa99999498a8877799aa85387675376aa8685a662445
275714 1 30 6 2 4 1 0 0 0  aaa99999498a8877799aa87387676356aa8685a652445
275716 1 30 6 2 4 2 0 0 0  aaa99999598a8877799aa87587676546aa8684a645332
275720 1 30 6 2 5 1 0 0 0  aaa99999498a8877799aa87387675356aa8685a662445
275722 1 30 6 2 5 2 0 0 0  aaa99999598a8877799aa87587674546aa8684a665332
275734 1 30 6 3 1 2 0 0 0  aaa99999498a8867699aa85387775726aa8687a653445
275738 1 30 6 3 2 1 0 0 0  aaa99999598a8867499aa85387775726aa8687a644635
275740 1 30 6 3 2 2 0 0 0  aaa99999598a8867599aa84587773726aa8687a635644
275776 1 30 6 4 2 2 0 0 0  aaa99999498a8877799aa85387775362aa8686a656445
275788 1 30 6 4 4 2 0 0 0  aaa99999498a8877799aa85387775366aa8285a666445
275794 1 30 6 4 5 2 0 0 0  aaa99999498a8877799aa85387775326aa8685a666445
275818 1 30 6 5 3 2 0 0 0  aaa99999598a8877799aa87586676564aa8484a736352
275860 1 30 6 6 4 2 0 0 0  aaa99999498a8865399aa85387775776aa8687a662445
275906 1 30 6 8 0 1 0 0 0  aaa99999598a8866499aa86387777376aa8285a657445
275908 1 30 6 8 0 2 0 0 0  aaa99999598a8866599aa86587777576aa8484a637423
275914 1 30 6 8 1 2 0 0 0  aaa99999498a8866699aa85387777376aa8285a657445
275916 1 30 6 8 2 0 0 0 0  aaa99999598a8866699aa86387777375aa8486a547452
275926 1 30 6 8 3 2 0 0 0  aaa99999598a8866699aa86587777574aa8484a637352
275932 1 30 6 8 4 2 0 0 0  aaa99999498a8865399aa85387777276aa8685a667445
275934 1 30 6 8 5 0 0 0 0  aaa99999598a8846499aa86487777375aa8286a567653
275936 1 30 6 8 5 1 0 0 0  aaa99999498a8846499aa86387777375aa8586a567652
275978 1 30 6 10 0 1 0 0 0  aaa99999498a8866399aa86386765257aa8785a777445
275980 1 30 6 10 0 2 0 0 0  aaa99999598a8866599aa86586764547aa8784a777332
275986 1 30 6 10 1 2 0 0 0  aaa99999498a8866699aa85386765327aa8785a777445
276316 1 30 7 8 2 2 0 0 0  aaa99999898a8885499aa66687777273aa8365a657445
276334 1 30 7 8 5 2 0 0 0  aaa99999898a8885399aa65387777274aa8464a657665
276440 1 30 8 0 5 1 0 0 0  aaa99999598a8877499aa74787657326aa8688a663554
276503 1 30 8 2 3 2 1 0 0  aaa99999498a8877799aa37487676626aa8588a555634
276506 1 30 8 2 4 1 0 0 0  aaa99999598a8877799aa57487676326aa8688a644553
276512 1 30 8 2 5 1 0 0 0  aaa99999598a8877799aa57487674426aa8688a663553
276552 1 30 8 4 0 0 0 0 0  aaa99999498a8877799aa66387776356aa8588a652445
276696 1 30 8 8 0 0 0 0 0  aaa99999598a8866399aa56587777376aa8488a647524
276712 1 30 8 8 2 2 0 0 0  aaa99999598a8866699aa64587777574aa8288a647353
276730 1 30 8 8 5 2 0 0 0  aaa99999598a8864599aa63587777574aa8288a647663
276804 1 30 9 0 0 0 0 0 0  aaa99999498a8877399aa75787667366aa8585a485642
276822 1 30 9 0 3 0 0 0 0  aaa99999498a8877399aa75787667626aa8585a485643
276876 1 30 9 2 0 0 0 0 0  aaa99999698a8877799aa67687675544aa8285a684353
276877 1 30 9 2 0 0 1 0 0  aaa99999698a8877799aa67687675524aa8485a684353
276902 1 30 9 2 4 1 0 0 0  aaa99999598a8877799aa57387676346aa8684a682554
276928 1 30 9 3 2 2 0 0 0  aaa99999598a8867599aa66687774733aa8287a685445
276946 1 30 9 3 5 2 0 0 0  aaa99999598a8867599aa63587773744aa8287a684665
276948 1 30 9 4 0 0 0 0 0  aaa99999598a8877799aa66387776356aa8584a685442
277092 1 30 9 8 0 0 0 0 0  aaa99999598a8866399aa56587777376aa8484a687524
277106 1 30 9 8 2 1 0 0 0  aaa99999498a8866699aa65387777372aa8585a687445
277108 1 30 9 8 2 2 0 0 0  aaa99999598a8866699aa63587777574aa8484a687352
277118 1 30 9 8 4 1 0 0 0  aaa99999498a8865699aa64487777372aa8585a687635
277120 1 30 9 8 4 2 0 0 0  aaa99999598a8863699aa63587777574aa8484a687652
277124 1 30 9 8 5 1 0 0 0  aaa99999498a8865399aa64487777372aa8585a687665
277126 1 30 9 8 5 2 0 0 0  aaa99999598a8863599aa63587777574aa8484a687662
277174 1 30 9 10 1 2 0 0 0  aaa99999598a8876599aa73586673644aa8286a784775
277184 1 30 9 10 3 1 0 0 0  aaa99999498a8875399aa74486676362aa8585a786775
277186 1 30 9 10 3 2 0 0 0  aaa99999598a8873599aa73586676564aa8484a786772
277194 1 30 9 10 5 0 0 0 0  aaa99999598a8876499aa76285476553aa8386a784776
277291 1 30 10 2 3 0 1 0 0  aaa99999498a8887499aa77787676626aa8558a353654
277315 1 30 10 3 1 0 1 0 0  aaa99999598a8886499aa75587737726aa8678a654634
277322 1 30 10 3 2 1 0 0 0  aaa99999598a8885499aa75387767726aa8678a644635
277324 1 30 10 3 2 2 0 0 0  aaa99999598a8884599aa73587767726aa8678a635644
277384 1 30 10 5 0 2 0 0 0  aaa99999498a8887399aa77786576366aa8578a545624
277398 1 30 10 5 3 0 0 0 0  aaa99999598a8887499aa77786676364aa8278a654553
277400 1 30 10 5 3 1 0 0 0  aaa99999498a8887399aa77786676365aa8578a652445
277410 1 30 10 5 5 0 0 0 0  aaa99999498a8887399aa77785675356aa8678a662445
277504 1 30 10 8 2 2 0 0 0  aaa99999598a8884599aa66687777574aa8268a647353
277506 1 30 10 8 3 0 0 0 0  aaa99999598a8886399aa66687777375aa8468a547452
277522 1 30 10 8 5 2 0 0 0  aaa99999598a8884599aa63587777574aa8268a647663
277596 1 30 11 0 0 0 0 0 0  aaa99999598a8888499aa77386776376aa8657a545624
277598 1 30 11 0 0 1 0 0 0  aaa99999598a8888499aa77386776376aa8647a555642
277616 1 30 11 0 3 1 0 0 0  aaa99999498a8888399aa77386776675aa8657a545624
277622 1 30 11 0 4 1 0 0 0  aaa99999598a8888499aa77386774476aa8657a663552
277634 1 30 11 1 0 1 0 0 0  aaa99999498a8888399aa77787676375aa8665a552446
277781 1 30 11 5 0 2 1 0 0  aaa99999598a8888599aa77786673526aa8476a474653
277794 1 30 11 5 3 0 0 0 0  aaa99999498a8888399aa77786676365aa8575a672445
277884 1 30 11 8 0 0 0 0 0  aaa99999498a8888399aa66387777276aa8556a657454
277885 1 30 11 8 0 0 1 0 0  aaa99999498a8888499aa66487777375aa8665a527536
277886 1 30 11 8 0 1 0 0 0  aaa99999498a8888399aa66387777275aa8665a557446
277900 1 30 11 8 2 2 0 0 0  aaa99999598a8888599aa66687777574aa8464a637352
277918 1 30 11 8 5 2 0 0 0  aaa99999598a8888599aa63587777574aa8464a637662
277922 1 30 11 9 0 1 0 0 0  aaa99999498a8888399aa66387777775aa8665a552446
278038 1 30 12 1 1 2 0 0 0  aaa99999398a8887799aa58377758266aa7466a546458
278041 1 30 12 1 2 0 1 0 0  aaa99999398a8887799aa58577748365aa7662a566448
278044 1 30 12 1 2 2 0 0 0  aaa99999598a8887799aa48577738564aa7662a466358
278045 1 30 12 1 2 2 1 0 0  aaa99999498a8887799aa58477758462aa7663a566358
278056 1 30 12 1 4 2 0 0 0  aaa99999398a8887799aa58377758264aa7666a546458
278062 1 30 12 1 5 2 0 0 0  aaa99999398a8887799aa58377758246aa7654a666458
278148 1 30 12 4 2 0 0 0 0  aaa99999798a8883799aa58577748564aa7663a466528
278150 1 30 12 4 2 1 0 0 0  aaa99999798a8883799aa58577758462aa7663a566448
278152 1 30 12 4 2 2 0 0 0  aaa99999798a8883799aa58477748462aa7663a566558
278199 1 30 12 5 4 1 1 0 0  aaa99999498a8883399aa58577678627aa7657a664548
278201 1 30 12 5 4 2 1 0 0  aaa99999498a8883399aa58477678627aa7657a664558
278205 1 30 12 5 5 1 1 0 0  aaa99999498a8883399aa58577678427aa7657a666548
278207 1 30 12 5 5 2 1 0 0  aaa99999498a8883399aa58477678427aa7657a666558
278223 1 30 12 6 2 1 1 0 0  aaa99999498a8882499aa58577758766aa6377a663548
278235 1 30 12 6 4 1 1 0 0  aaa99999498a8883399aa58577758726aa6677a664548
278237 1 30 12 6 4 2 1 0 0  aaa99999498a8883399aa58477758726aa6677a664558
278241 1 30 12 6 5 1 1 0 0  aaa99999498a8882499aa58577758736aa3677a666548
278259 1 30 12 7 2 1 1 0 0  aaa99999498a8883399aa58577758462aa7676a676548
278261 1 30 12 7 2 2 1 0 0  aaa99999498a8883399aa58477758462aa7676a676558
278271 1 30 12 7 4 1 1 0 0  aaa99999498a8883399aa58577758426aa7676a676548
278273 1 30 12 7 4 2 1 0 0  aaa99999498a8883399aa58477758426aa7676a676558
278277 1 30 12 7 5 1 1 0 0  aaa99999498a8883399aa68477768452aa7575a675668
278295 1 30 12 8 2 1 1 0 0  aaa99999498a8883399aa58577778462aa7667a566548
278297 1 30 12 8 2 2 1 0 0  aaa99999498a8883399aa58477778462aa7667a566558
278307 1 30 12 8 4 1 1 0 0  aaa99999498a8883399aa58577778466aa7257a666548
278309 1 30 12 8 4 2 1 0 0  aaa99999498a8883399aa58477778466aa7257a666558
278313 1 30 12 8 5 1 1 0 0  aaa99999498a8883399aa58577778426aa7657a666548
278315 1 30 12 8 5 2 1 0 0  aaa99999498a8883399aa58477778426aa7657a666558
278331 1 30 12 9 2 1 1 0 0  aaa99999498a8882499aa58577778766aa6357a663548
278343 1 30 12 9 4 1 1 0 0  aaa99999498a8883399aa58577778726aa6657a664548
278345 1 30 12 9 4 2 1 0 0  aaa99999498a8883399aa58477778726aa6657a664558
278349 1 30 12 9 5 1 1 0 0  aaa99999498a8882499aa58577778736aa3657a666548
278367 1 30 12 10 2 1 1 0 0  aaa99999498a8882499aa58566758637aa3766a777548
278373 1 30 12 10 3 1 1 0 0  aaa99999498a8883399aa58566768427aa6756a777548
278375 1 30 12 10 3 2 1 0 0  aaa99999498a8883399aa58466768427aa6756a777558
278379 1 30 12 10 4 1 1 0 0  aaa99999498a8882499aa58566768637aa3756a777548
278490 1 30 13 2 5 0 0 0 0  aaa99999598a8887499aa77787678356aa8654a663254
278496 1 30 13 3 0 0 0 0 0  aaa99999498a8887399aa66387778765aa8467a564525
278498 1 30 13 3 0 1 0 0 0  aaa99999498a8887399aa66387778765aa8567a562454
278570 1 30 13 5 0 1 0 0 0  aaa99999498a8887399aa77786678356aa8576a545624
278572 1 30 13 5 0 2 0 0 0  aaa99999598a8887599aa77786678546aa8476a435623
278578 1 30 13 5 1 2 0 0 0  aaa99999498a8887399aa77786678625aa8576a545634
278641 1 30 13 7 0 0 1 0 0  aaa99999798a8887499aa77786678426aa8565a533645
278906 1 30 14 3 2 1 0 0 0  aaa99999598a8885499aa75387678876aa3767a644625
278908 1 30 14 3 2 2 0 0 0  aaa99999598a8884599aa73587678876aa5767a644623
278914 1 30 14 3 3 2 0 0 0  aaa99999498a8885399aa75387678876aa6767a652445
278974 1 30 14 5 1 2 0 0 0  aaa99999498a8887399aa77782578866aa6576a545634
279211 1 30 15 0 5 0 1 0 0  aaa99999598a8877499aa75787627836aa3688a664554
279216 1 30 15 1 0 0 0 0 0  aaa99999598a8877799aa66487476876aa3288a654553
279218 1 30 15 1 0 1 0 0 0  aaa99999498a8877799aa66387576876aa3588a652445
279648 1 30 16 2 0 0 0 0 0  aaa99999698a8877799aa67687685542aa4478a658353
279649 1 30 16 2 0 0 1 0 0  aaa99999698a8877799aa67687685544aa4278a658353
279671 1 30 16 2 3 2 1 0 0  aaa99999598a8877799aa37587686626aa5478a448635
279946 1 30 16 10 1 2 0 0 0  aaa99999598a8874599aa73586686564aa6278a748773
279978 1 30 17 0 1 0 0 0 0  aaa99999598a8887799aa77386656874aa7268a545463
280182 1 30 17 5 5 0 0 0 0  aaa99999498a8887399aa77785675856aa3678a662445
280368 1 30 18 0 0 0 0 0 0  aaa99999598a8888499aa77386776876aa3657a545624
280370 1 30 18 0 0 1 0 0 0  aaa99999598a8888499aa77386776876aa3647a555642
280382 1 30 18 0 2 1 0 0 0  aaa99999598a8888499aa77386774876aa3667a562554
280478 1 30 18 3 0 1 0 0 0  aaa99999498a8888399aa66387777875aa7665a552446
280694 1 30 18 9 0 1 0 0 0  aaa99999498a8888399aa66387665875aa7777a552446
280836 1 30 19 2 0 0 0 0 0  aaa99999498a8887399aa77787676366aa2558a458645
280838 1 30 19 2 0 1 0 0 0  aaa99999498a8887399aa77787676366aa2548a558645
280888 1 30 19 3 2 2 0 0 0  aaa99999598a8884599aa66687777574aa7268a648353
280890 1 30 19 3 3 0 0 0 0  aaa99999598a8886399aa66687777375aa7468a548452
280906 1 30 19 3 5 2 0 0 0  aaa99999598a8884599aa63587777574aa7268a648663
280948 1 30 19 5 0 2 0 0 0  aaa99999598a8887599aa77786674564aa6278a648353
280950 1 30 19 5 1 0 0 0 0  aaa99999598a8887399aa77786676365aa6478a548452
280974 1 30 19 5 5 0 0 0 0  aaa99999498a8887399aa77785675356aa2678a668445
281134 1 30 19 10 1 2 0 0 0  aaa99999598a8884599aa73586676564aa6278a748773
281160 1 30 20 0 0 0 0 0 0  aaa99999598a8888499aa77376675886aa3767a455642
281162 1 30 20 0 0 1 0 0 0  aaa99999598a8888499aa77376674886aa3767a555624
281174 1 30 20 0 2 1 0 0 0  aaa99999598a8888499aa77376676886aa3757a644552
281184 1 30 20 0 4 0 0 0 0  aaa99999598a8888499aa77376675886aa3727a646554
281186 1 30 20 0 4 1 0 0 0  aaa99999598a8888499aa77376674886aa3757a662554
281340 1 30 20 5 0 0 0 0 0  aaa99999498a8888399aa77766575886aa3576a672445
281378 1 30 20 6 0 1 0 0 0  aaa99999498a8888399aa66377577887aa7665a552446
281486 1 30 20 9 0 1 0 0 0  aaa99999498a8888399aa66377777885aa7665a552446
281556 1 30 21 0 0 0 0 0 0  aaa99999598a8888899aa77486776376aa3657a545624
281558 1 30 21 0 0 1 0 0 0  aaa99999598a8888899aa77486776376aa3647a555642
281666 1 30 21 3 0 1 0 0 0  aaa99999498a8888899aa66387777375aa7665a552446
282062 1 30 22 3 0 1 0 0 0  aaa99999498a7777399aa66388888875aa7665a552446
282111 1 30 22 4 2 1 1 0 0  aaa99999498a7772499aa57588888866aa6357a663547
282123 1 30 22 4 4 1 1 0 0  aaa99999498a7773399aa57588888826aa6657a664547
282125 1 30 22 4 4 2 1 0 0  aaa99999498a7773399aa57488888826aa6657a664557
282129 1 30 22 4 5 1 1 0 0  aaa99999498a7772499aa57588888836aa3657a666547
282534 1 31 0 5 1 0 0 0 0  aaa99999598a8777489aa86396764688aa3756a525874
282542 1 31 0 5 2 1 0 0 0  aaa99999498a8777389aa85395766688aa2765a644875
282544 1 31 0 5 2 2 0 0 0  aaa99999598a8777589aa84594766688aa5764a633872
282548 1 31 0 5 3 1 0 0 0  aaa99999598a8777489aa85396765688aa3726a644875
282550 1 31 0 5 3 2 0 0 0  aaa99999598a8777589aa84596763688aa5726a644873
282554 1 31 0 5 4 1 0 0 0  aaa99999498a8777389aa85396766688aa2755a644875
282556 1 31 0 5 4 2 0 0 0  aaa99999598a8777589aa84596766688aa5744a633872
282560 1 31 0 5 5 1 0 0 0  aaa99999598a8777389aa86395756588aa2746a464876
282570 1 31 0 6 1 0 0 0 0  aaa99999598a8777789aa86496764688aa3756a525834
282578 1 31 0 6 2 1 0 0 0  aaa99999498a8777789aa85396766388aa2755a644865
282580 1 31 0 6 2 2 0 0 0  aaa99999598a8777789aa84596766588aa5744a633862
282606 1 31 0 7 1 0 0 0 0  aaa99999598a8777489aa87396766388aa2674a556854
282608 1 31 0 7 1 1 0 0 0  aaa99999598a8777489aa87396766388aa2675a456845
282612 1 31 0 7 2 0 0 0 0  aaa99999598a8777489aa87396765688aa3676a455842
282614 1 31 0 7 2 1 0 0 0  aaa99999598a8777489aa87396764688aa3676a555824
282618 1 31 0 7 3 0 0 0 0  aaa99999598a8777489aa87396766388aa2675a455846
282620 1 31 0 7 3 1 0 0 0  aaa99999598a8777489aa87396766388aa2674a555864
282624 1 31 0 7 4 0 0 0 0  aaa99999598a8777489aa87396766688aa3675a455842
282626 1 31 0 7 4 1 0 0 0  aaa99999598a8777489aa87396766688aa3674a555824
282672 1 31 0 9 0 0 0 0 0  aaa99999598a8766489aa86397777788aa3665a455842
282674 1 31 0 9 0 1 0 0 0  aaa99999598a8766489aa86397777788aa3664a555824
282710 1 31 0 10 0 1 0 0 0  aaa99999598a8766489aa86396765388aa2745a777845
282726 1 31 0 10 3 0 0 0 0  aaa99999598a8766689aa86495764588aa3752a777834
282854 1 31 1 3 0 1 0 0 0  aaa99999498a8866389aa86397777275aa7665a455848
282856 1 31 1 3 0 2 0 0 0  aaa99999598a8866589aa86597777574aa7662a433848
282874 1 31 1 3 3 2 0 0 0  aaa99999498a8866689aa86397777375aa7562a455848
282876 1 31 1 3 4 0 0 0 0  aaa99999498a8855389aa84497777376aa7656a656828
282882 1 31 1 3 5 0 0 0 0  aaa99999498a8855389aa84497777376aa7625a666858
282934 1 31 1 5 1 2 0 0 0  aaa99999498a8877789aa87396676365aa6572a455848
282940 1 31 1 5 2 2 0 0 0  aaa99999498a8877789aa87396672665aa3576a455848
282944 1 31 1 5 3 1 0 0 0  aaa99999598a8877789aa87496676364aa4572a655838
282946 1 31 1 5 3 2 0 0 0  aaa99999598a8877789aa87596676564aa5474a633828
282952 1 31 1 5 4 2 0 0 0  aaa99999498a8877789aa87396676665aa3572a455848
282954 1 31 1 5 5 0 0 0 0  aaa99999598a8877789aa87495672546aa4675a663838
282956 1 31 1 5 5 1 0 0 0  aaa99999598a8877789aa87395675546aa4674a663828
282962 1 31 1 6 0 1 0 0 0  aaa99999498a8866389aa86397775775aa2667a455848
282964 1 31 1 6 0 2 0 0 0  aaa99999598a8866589aa86597772774aa5667a433848
282982 1 31 1 6 3 2 0 0 0  aaa99999498a8866689aa86397772775aa3567a455848
282984 1 31 1 6 4 0 0 0 0  aaa99999498a8855389aa84497775776aa6657a663828
282990 1 31 1 6 5 0 0 0 0  aaa99999498a8855389aa84497775776aa3657a666828
283012 1 31 1 7 2 2 0 0 0  aaa99999798a8877789aa87496676365aa3562a455848
283032 1 31 1 8 0 0 0 0 0  aaa99999598a8866489aa86397777375aa5662a457848
283034 1 31 1 8 0 1 0 0 0  aaa99999598a8866589aa86397777375aa5662a447848
283052 1 31 1 8 3 1 0 0 0  aaa99999498a8866689aa86397777375aa5562a457848
283054 1 31 1 8 3 2 0 0 0  aaa99999598a8866689aa86597777574aa5464a337828
283056 1 31 1 8 4 0 0 0 0  aaa99999498a8855389aa84497777376aa6625a667858
283070 1 31 1 9 0 1 0 0 0  aaa99999498a8866389aa86397777775aa2665a455848
283072 1 31 1 9 0 2 0 0 0  aaa99999598a8866589aa86597777774aa5662a433848
283090 1 31 1 9 3 2 0 0 0  aaa99999498a8866689aa86397777775aa3562a455848
283092 1 31 1 9 4 0 0 0 0  aaa99999498a8855389aa84497777776aa6625a663858
283098 1 31 1 9 5 0 0 0 0  aaa99999498a8855389aa84497777776aa3625a666858
283128 1 31 1 10 4 0 0 0 0  aaa99999498a8855389aa84496766667aa3725a777858
283144 1 31 2 0 0 2 0 0 0  aaa99999598a8877589aa87797676546aa6426a435883
283202 1 31 2 1 4 1 0 0 0  aaa99999498a8877789aa85397676376aa2655a644885
283204 1 31 2 1 4 2 0 0 0  aaa99999598a8877789aa84597676576aa5644a633882
283208 1 31 2 1 5 1 0 0 0  aaa99999498a8877789aa85397674476aa3655a662885
283210 1 31 2 1 5 2 0 0 0  aaa99999598a8877789aa84597673576aa5644a662883
283216 1 31 2 2 0 2 0 0 0  aaa99999598a8877789aa87597676546aa6426a435883
283248 1 31 2 3 0 0 0 0 0  aaa99999598a8866489aa86397777375aa7662a454885
283250 1 31 2 3 0 1 0 0 0  aaa99999598a8866489aa86397777375aa7664a525884
283350 1 31 2 5 5 0 0 0 0  aaa99999598a8877789aa87495674556aa3672a663884
283518 1 31 2 10 3 0 0 0 0  aaa99999398a8866689aa86395765247aa4754a777885
283560 1 31 3 0 4 0 0 0 0  aaa99999598a8877489aa87797676386aa3645a655842
283562 1 31 3 0 4 1 0 0 0  aaa99999598a8877489aa87797676386aa3645a652845
283568 1 31 3 0 5 1 0 0 0  aaa99999598a8877489aa87797675386aa3645a662845
283632 1 31 3 2 4 0 0 0 0  aaa99999598a8877789aa87497676386aa3645a655842
283634 1 31 3 2 4 1 0 0 0  aaa99999598a8877789aa87497676386aa3645a652845
283640 1 31 3 2 5 1 0 0 0  aaa99999598a8877789aa87497675386aa3645a662845
283658 1 31 3 3 2 1 0 0 0  aaa99999598a8867489aa85397775786aa3627a644865
283660 1 31 3 3 2 2 0 0 0  aaa99999598a8867589aa84597773786aa5627a644863
283752 1 31 3 6 0 0 0 0 0  aaa99999598a8866489aa86397777387aa2664a557854
283754 1 31 3 6 0 1 0 0 0  aaa99999598a8866489aa86397777387aa2665a457845
283766 1 31 3 6 2 1 0 0 0  aaa99999598a8866689aa84497777487aa3265a657835
283768 1 31 3 6 2 2 0 0 0  aaa99999598a8866689aa84597777587aa5464a637823
283770 1 31 3 6 3 0 0 0 0  aaa99999498a8866689aa86397777387aa2565a547854
283778 1 31 3 6 4 1 0 0 0  aaa99999598a8866489aa84497777387aa3265a657865
283780 1 31 3 6 4 2 0 0 0  aaa99999598a8866589aa84597777587aa2464a637863
283784 1 31 3 6 5 1 0 0 0  aaa99999598a8846489aa86497777387aa3256a567856
283786 1 31 3 6 5 2 0 0 0  aaa99999598a8846589aa86597777587aa2446a367836
283818 1 31 3 7 5 0 0 0 0  aaa99999798a8877789aa87595674586aa4652a663834
283824 1 31 3 8 0 0 0 0 0  aaa99999598a8866489aa86397775787aa3667a455842
283826 1 31 3 8 0 1 0 0 0  aaa99999598a8866489aa86397774787aa3667a555824
283860 1 31 3 9 0 0 0 0 0  aaa99999598a8866489aa86397777787aa3665a455842
283862 1 31 3 9 0 1 0 0 0  aaa99999598a8866489aa86397777787aa3664a555824
283898 1 31 3 10 0 1 0 0 0  aaa99999598a8866489aa86396765387aa2745a777845
283914 1 31 3 10 3 0 0 0 0  aaa99999598a8866689aa86495764587aa3752a777834
283932 1 31 4 0 0 0 0 0 0  aaa99999598a8877489aa88396675786aa3767a455642
283934 1 31 4 0 0 1 0 0 0  aaa99999598a8877489aa88396674786aa3767a555624
283946 1 31 4 0 2 1 0 0 0  aaa99999598a8877489aa88396676786aa3757a644552
283956 1 31 4 0 4 0 0 0 0  aaa99999598a8877489aa88396675786aa3727a646554
283958 1 31 4 0 4 1 0 0 0  aaa99999598a8877489aa88396674786aa3757a662554
284004 1 31 4 2 0 0 0 0 0  aaa99999598a8877789aa88496776386aa3657a545624
284006 1 31 4 2 0 1 0 0 0  aaa99999598a8877789aa88496776386aa3647a555642
284124 1 31 4 5 2 0 0 0 0  aaa99999598a8877789aa88496676386aa3575a675442
284126 1 31 4 5 2 1 0 0 0  aaa99999598a8877789aa88496676386aa3475a674525
284148 1 31 4 6 0 0 0 0 0  aaa99999698a8866589aa88397777387aa2446a557465
284150 1 31 4 6 0 1 0 0 0  aaa99999598a8866589aa88397777387aa2664a447556
284162 1 31 4 6 2 1 0 0 0  aaa99999598a8866689aa88497777387aa3265a657445
284164 1 31 4 6 2 2 0 0 0  aaa99999598a8866689aa88597777587aa5464a637423
284172 1 31 4 6 4 0 0 0 0  aaa99999598a8865589aa88497777387aa3266a657464
284174 1 31 4 6 4 1 0 0 0  aaa99999598a8864689aa88597777387aa3465a647625
284176 1 31 4 6 4 2 0 0 0  aaa99999598a8864689aa88597777587aa5464a637623
284180 1 31 4 6 5 1 0 0 0  aaa99999598a8864489aa88497777387aa3265a657665
284182 1 31 4 6 5 2 0 0 0  aaa99999598a8864589aa88597777587aa2464a637663
284256 1 31 4 9 0 0 0 0 0  aaa99999598a8866489aa88397777787aa3665a455246
284378 1 31 5 1 2 1 0 0 0  aaa99999598a8877789aa68497785386aa3675a644625
284380 1 31 5 1 2 2 0 0 0  aaa99999598a8877789aa68597784586aa5673a644623
284405 1 31 5 2 0 2 1 0 0  aaa99999698a8877789aa68692687483aa4775a653545
284426 1 31 5 2 4 1 0 0 0  aaa99999598a8877789aa58496687386aa3774a662554
284450 1 31 5 3 2 1 0 0 0  aaa99999598a8875489aa68397787786aa3675a644625
284452 1 31 5 3 2 2 0 0 0  aaa99999598a8874589aa68597787786aa5673a644623
284510 1 31 5 5 0 1 0 0 0  aaa99999598a8877789aa78496687386aa3576a545624
284512 1 31 5 5 0 2 0 0 0  aaa99999598a8877789aa78596687586aa5476a433642
284518 1 31 5 5 1 2 0 0 0  aaa99999498a8877789aa78396687685aa3576a545624
284534 1 31 5 5 4 1 0 0 0  aaa99999498a8877789aa78395687686aa3675a652445
284536 1 31 5 5 4 2 0 0 0  aaa99999598a8877789aa78594687686aa5674a645332
284540 1 31 5 5 5 1 0 0 0  aaa99999598a8877789aa78494687486aa3675a663525
284652 1 31 5 9 0 0 0 0 0  aaa99999598a8866489aa68695786787aa3754a773254
284666 1 31 5 9 2 1 0 0 0  aaa99999598a8866689aa68492785787aa3765a773445
284668 1 31 5 9 2 2 0 0 0  aaa99999598a8866689aa68594784787aa5763a775423
284670 1 31 5 9 3 0 0 0 0  aaa99999598a8866689aa68495786787aa3754a773254
284676 1 31 5 9 4 0 0 0 0  aaa99999598a8865589aa68694785787aa3764a773624
284678 1 31 5 9 4 1 0 0 0  aaa99999598a8864689aa68594785787aa3764a773625
284680 1 31 5 9 4 2 0 0 0  aaa99999598a8864689aa68594784787aa5763a775623
284684 1 31 5 9 5 1 0 0 0  aaa99999598a8864489aa68492785787aa3765a773665
284686 1 31 5 9 5 2 0 0 0  aaa99999598a8864589aa68594784787aa5763a772663
284726 1 31 6 0 0 1 0 0 0  aaa99999498a8877389aa87797676385aa8665a552446
284798 1 31 6 2 0 1 0 0 0  aaa99999498a8877789aa87397676385aa8665a552446
284956 1 31 6 6 2 2 0 0 0  aaa99999498a8866689aa85397777387aa8265a657445
284968 1 31 6 6 4 2 0 0 0  aaa99999498a8865689aa84497777387aa8265a657635
284974 1 31 6 6 5 2 0 0 0  aaa99999498a8865389aa84497777387aa8265a657665
285197 1 31 7 2 0 2 1 0 0  aaa99999698a8886689aa58497772473aa7656a573548
285272 1 31 7 4 1 1 0 0 0  aaa99999498a8886389aa78397747466aa6576a525578
285291 1 31 7 4 4 1 1 0 0  aaa99999498a8885589aa78497737326aa6675a664578
285293 1 31 7 4 4 2 1 0 0  aaa99999598a8884589aa78597737326aa6674a665478
285301 1 31 7 5 0 0 1 0 0  aaa99999698a8886689aa58597773376aa5257a467448
285305 1 31 7 5 0 2 1 0 0  aaa99999698a8886689aa58497773376aa4257a567548
285341 1 31 7 6 0 2 1 0 0  aaa99999698a8886689aa58497772776aa4357a563548
285402 1 31 7 7 5 0 0 0 0  aaa99999698a8883689aa78697773675aa6552a474458
285428 1 31 7 8 3 1 0 0 0  aaa99999598a8884489aa68397777376aa2666a547558
285500 1 31 7 10 3 1 0 0 0  aaa99999598a8884489aa68396766367aa2754a777558
285548 1 31 8 0 5 1 0 0 0  aaa99999598a8877489aa78797657386aa3684a662554
285638 1 31 8 3 2 1 0 0 0  aaa99999598a8867489aa68397775786aa3687a652445
285640 1 31 8 3 2 2 0 0 0  aaa99999598a8867589aa68597774786aa5687a644332
285674 1 31 8 4 2 1 0 0 0  aaa99999598a8877789aa68497775386aa3685a644625
285676 1 31 8 4 2 2 0 0 0  aaa99999598a8877789aa68597774586aa5683a644623
285698 1 31 8 5 0 1 0 0 0  aaa99999598a8877789aa78496576386aa3687a545624
285700 1 31 8 5 0 2 0 0 0  aaa99999598a8877789aa78596476586aa5687a433642
285708 1 31 8 5 2 0 0 0 0  aaa99999598a8877789aa78496676386aa3487a654552
285710 1 31 8 5 2 1 0 0 0  aaa99999598a8877789aa78496676386aa3587a655442
285718 1 31 8 5 3 2 0 0 0  aaa99999498a8877789aa78396576685aa3687a545624
285726 1 31 8 5 5 0 0 0 0  aaa99999598a8877789aa78494675486aa3687a663552
285728 1 31 8 5 5 1 0 0 0  aaa99999598a8877789aa78495675586aa3687a663442
285732 1 31 8 6 0 0 0 0 0  aaa99999598a8866489aa68697777387aa3586a547254
285746 1 31 8 6 2 1 0 0 0  aaa99999598a8866689aa68497777387aa3285a657445
285748 1 31 8 6 2 2 0 0 0  aaa99999598a8866689aa68597777587aa5484a637423
285750 1 31 8 6 3 0 0 0 0  aaa99999598a8866689aa68497777387aa3586a547254
285756 1 31 8 6 4 0 0 0 0  aaa99999598a8865589aa68697777387aa3485a647624
285758 1 31 8 6 4 1 0 0 0  aaa99999598a8864689aa68597777387aa3485a647625
285760 1 31 8 6 4 2 0 0 0  aaa99999598a8864689aa68597777587aa5484a637623
285764 1 31 8 6 5 1 0 0 0  aaa99999598a8864489aa68497777387aa3285a657665
285766 1 31 8 6 5 2 0 0 0  aaa99999598a8864589aa68597777587aa2484a637663
285770 1 31 8 7 0 1 0 0 0  aaa99999798a8877789aa78496647486aa3586a553652
286034 1 31 9 3 2 1 0 0 0  aaa99999598a8857489aa48497776786aa3657a863652
286036 1 31 9 3 2 2 0 0 0  aaa99999598a8847589aa38597776786aa5637a864642
286076 1 31 9 4 3 1 0 0 0  aaa99999598a8877789aa68497775386aa3666a852445
286078 1 31 9 4 3 2 0 0 0  aaa99999598a8877789aa68597774586aa5666a844332
286094 1 31 9 5 0 1 0 0 0  aaa99999598a8877789aa78496674486aa3567a855632
286110 1 31 9 5 3 0 0 0 0  aaa99999598a8877789aa78496676386aa3467a854552
286112 1 31 9 5 3 1 0 0 0  aaa99999598a8877789aa78496676386aa3567a855442
286142 1 31 9 6 2 1 0 0 0  aaa99999598a8866689aa68497777387aa3265a857445
286144 1 31 9 6 2 2 0 0 0  aaa99999598a8866689aa68597777587aa5464a837423
286152 1 31 9 6 4 0 0 0 0  aaa99999598a8865589aa68697777387aa3465a847624
286154 1 31 9 6 4 1 0 0 0  aaa99999598a8864689aa68597777387aa3465a847625
286156 1 31 9 6 4 2 0 0 0  aaa99999598a8864689aa68597777587aa5464a837623
286160 1 31 9 6 5 1 0 0 0  aaa99999598a8864489aa68497777387aa3265a857665
286162 1 31 9 6 5 2 0 0 0  aaa99999598a8864589aa68597777587aa2464a837663
286286 1 31 9 10 2 1 0 0 0  aaa99999598a8874489aa78496676386aa3275a856775
286288 1 31 9 10 2 2 0 0 0  aaa99999598a8874589aa78596676586aa2474a836773
286388 1 31 10 2 1 1 0 0 0  aaa99999598a8887489aa68397774487aa3667a566552
286392 1 31 10 2 2 0 0 0 0  aaa99999598a8887489aa68397774487aa3657a662565
286394 1 31 10 2 2 1 0 0 0  aaa99999598a8887589aa68397775587aa3647a662464
286400 1 31 10 2 3 1 0 0 0  aaa99999598a8887489aa58397776387aa2667a566454
286402 1 31 10 2 3 2 0 0 0  aaa99999598a8887589aa48597776587aa2667a366434
286406 1 31 10 2 4 1 0 0 0  aaa99999598a8887489aa68397774487aa3657a666552
286412 1 31 10 2 5 1 0 0 0  aaa99999598a8887489aa68397774487aa3567a655662
286502 1 31 10 5 2 1 0 0 0  aaa99999598a8885489aa68397765787aa3677a662445
286504 1 31 10 5 2 2 0 0 0  aaa99999598a8884589aa68597763787aa5677a662443
286538 1 31 10 6 2 1 0 0 0  aaa99999598a8884489aa68497777387aa3666a257565
286540 1 31 10 6 2 2 0 0 0  aaa99999598a8884589aa68597777587aa2666a447363
286550 1 31 10 6 4 1 0 0 0  aaa99999598a8884489aa68697777487aa3265a657635
286552 1 31 10 6 4 2 0 0 0  aaa99999598a8884589aa68697777587aa5464a637623
286556 1 31 10 6 5 1 0 0 0  aaa99999598a8884489aa68497777387aa3265a657665
286558 1 31 10 6 5 2 0 0 0  aaa99999598a8884589aa68597777587aa2464a637663
286568 1 31 10 7 1 1 0 0 0  aaa99999698a8885489aa78397774487aa3657a662565
286570 1 31 10 7 1 2 0 0 0  aaa99999698a8884589aa78597773587aa5647a662463
286572 1 31 10 7 2 0 0 0 0  aaa99999598a8886489aa78397775587aa3647a662546
286574 1 31 10 7 2 1 0 0 0  aaa99999598a8886589aa78497776387aa3657a662454
286580 1 31 10 7 3 1 0 0 0  aaa99999598a8886489aa78397774487aa3667a566552
286586 1 31 10 7 4 1 0 0 0  aaa99999598a8886489aa78397774487aa3657a666552
286610 1 31 10 8 2 1 0 0 0  aaa99999498a8884489aa68397775787aa3657a662565
286612 1 31 10 8 2 2 0 0 0  aaa99999598a8884589aa68597773787aa5647a662463
286682 1 31 10 10 2 1 0 0 0  aaa99999598a8884489aa68496766387aa3725a777565
286684 1 31 10 10 2 2 0 0 0  aaa99999598a8884589aa68596766587aa2744a777363
286704 1 31 11 0 0 0 0 0 0  aaa99999598a8888489aa77896776376aa3657a545624
286706 1 31 11 0 0 1 0 0 0  aaa99999598a8888489aa77896776376aa3647a555642
286814 1 31 11 3 0 1 0 0 0  aaa99999498a8888389aa66897777375aa7665a552446
286877 1 31 11 4 4 2 1 0 0  aaa99999498a8888489aa57897773326aa6657a664557
287273 1 31 12 4 4 2 1 0 0  aaa99999498a8887489aa58897773326aa6657a664557
287640 1 31 13 4 0 0 0 0 0  aaa99999598a8887489aa67897778366aa3567a562454
287642 1 31 13 4 0 1 0 0 0  aaa99999598a8887489aa67897778366aa3567a565442
287654 1 31 13 4 2 1 0 0 0  aaa99999498a8887389aa57897778366aa6557a662454
287666 1 31 13 4 4 1 0 0 0  aaa99999498a8887389aa57897778356aa6657a662454
287668 1 31 13 4 4 2 0 0 0  aaa99999598a8887589aa47897778546aa6647a665332
287672 1 31 13 4 5 1 0 0 0  aaa99999498a8887389aa57897778356aa2657a666454
288014 1 31 14 3 2 1 0 0 0  aaa99999598a8885489aa75397678876aa3767a644625
288016 1 31 14 3 2 2 0 0 0  aaa99999598a8884589aa73597678876aa5767a644623
288022 1 31 14 3 3 2 0 0 0  aaa99999498a8885389aa75397678876aa6767a652445
288082 1 31 14 5 1 2 0 0 0  aaa99999498a8887389aa77792578866aa6576a545634
288300 1 31 15 0 2 0 0 0 0  aaa99999598a8877489aa75797687386aa3268a655464
288302 1 31 15 0 2 1 0 0 0  aaa99999598a8877489aa74797687386aa3568a655624
288318 1 31 15 0 5 0 0 0 0  aaa99999598a8877489aa75797687386aa3628a646554
288320 1 31 15 0 5 1 0 0 0  aaa99999598a8877489aa74797687386aa3658a662554
288324 1 31 15 1 0 0 0 0 0  aaa99999598a8877789aa66497786386aa3478a654552
288326 1 31 15 1 0 1 0 0 0  aaa99999598a8877789aa66497786386aa3578a655442
288380 1 31 15 2 3 1 0 0 0  aaa99999498a8877789aa47497686686aa3578a553652
288386 1 31 15 2 4 1 0 0 0  aaa99999598a8877789aa57497686386aa3678a644552
288392 1 31 15 2 5 1 0 0 0  aaa99999598a8877789aa57497684486aa3678a663552
288434 1 31 15 4 0 1 0 0 0  aaa99999598a8877789aa66497586386aa3778a655442
288494 1 31 15 5 4 1 0 0 0  aaa99999598a8877789aa75492687686aa3678a653445
288496 1 31 15 5 4 2 0 0 0  aaa99999598a8877789aa74592687686aa5678a635443
288612 1 31 15 9 0 0 0 0 0  aaa99999598a8866489aa64695786787aa3758a773254
288626 1 31 15 9 2 1 0 0 0  aaa99999498a8866689aa65395785787aa3768a772445
288628 1 31 15 9 2 2 0 0 0  aaa99999598a8866689aa64594784787aa5768a775332
288638 1 31 15 9 4 1 0 0 0  aaa99999498a8865689aa64495785787aa3768a773625
288640 1 31 15 9 4 2 0 0 0  aaa99999598a8864689aa63594784787aa5768a775623
288644 1 31 15 9 5 1 0 0 0  aaa99999498a8865389aa64495785787aa3768a772665
288646 1 31 15 9 5 2 0 0 0  aaa99999598a8864589aa63594784787aa5768a772663
288698 1 31 16 0 2 1 0 0 0  aaa99999598a8877489aa74797687386aa3666a582554
288720 1 31 16 1 0 0 0 0 0  aaa99999598a8877789aa66497786386aa3575a685442
288722 1 31 16 1 0 1 0 0 0  aaa99999598a8877789aa66497786386aa3475a684525
288782 1 31 16 2 4 1 0 0 0  aaa99999598a8877789aa57497686386aa3674a682554
288890 1 31 16 5 4 1 0 0 0  aaa99999498a8877789aa75395687686aa3675a682445
288892 1 31 16 5 4 2 0 0 0  aaa99999598a8877789aa74594687686aa5674a685332
289058 1 31 16 10 2 1 0 0 0  aaa99999498a8875389aa74496686386aa2575a786775
289060 1 31 16 10 2 2 0 0 0  aaa99999598a8874589aa73596686586aa2474a786773
289130 1 31 17 1 2 1 0 0 0  aaa99999598a8885489aa77797678386aa3765a644625
289132 1 31 17 1 2 2 0 0 0  aaa99999598a8884589aa77797678586aa5763a644623
289138 1 31 17 1 3 2 0 0 0  aaa99999498a8885389aa77797678686aa3765a652445
289262 1 31 17 5 0 1 0 0 0  aaa99999598a8887489aa77796678386aa3576a545624
289264 1 31 17 5 0 2 0 0 0  aaa99999598a8887589aa77796678586aa5476a433642
289270 1 31 17 5 1 2 0 0 0  aaa99999498a8887389aa77796678685aa3576a545624
289286 1 31 17 5 4 1 0 0 0  aaa99999498a8887389aa77795678686aa3675a652445
289288 1 31 17 5 4 2 0 0 0  aaa99999598a8887589aa77794678686aa5674a645332
289292 1 31 17 5 5 1 0 0 0  aaa99999598a8887489aa77794678486aa3675a663525
289418 1 31 17 9 2 1 0 0 0  aaa99999498a8885389aa66695768787aa3765a772445
289420 1 31 17 9 2 2 0 0 0  aaa99999598a8884589aa66694768787aa5764a775332
289422 1 31 17 9 3 0 0 0 0  aaa99999598a8886489aa66695768787aa3754a773254
289430 1 31 17 9 4 1 0 0 0  aaa99999498a8884489aa65695768787aa3765a773625
289432 1 31 17 9 4 2 0 0 0  aaa99999598a8884589aa63694768787aa5764a775623
289436 1 31 17 9 5 1 0 0 0  aaa99999498a8885389aa64495768787aa3765a772665
289438 1 31 17 9 5 2 0 0 0  aaa99999598a8884589aa63594768787aa5764a772663
289476 1 31 18 0 0 0 0 0 0  aaa99999598a8888489aa77396776876aa3657a545624
289478 1 31 18 0 0 1 0 0 0  aaa99999598a8888489aa77396776876aa3647a555642
289490 1 31 18 0 2 1 0 0 0  aaa99999598a8888489aa77396774876aa3667a562554
289586 1 31 18 3 0 1 0 0 0  aaa99999498a8888389aa66397777875aa7665a552446
289802 1 31 18 9 0 1 0 0 0  aaa99999498a8888389aa66397665875aa7777a552446
289982 1 31 19 3 0 1 0 0 0  aaa99999598a8887489aa66397776785aa3667a585442
290064 1 31 19 5 2 0 0 0 0  aaa99999598a8887489aa77796676386aa3575a685442
290066 1 31 19 5 2 1 0 0 0  aaa99999598a8887489aa77796676386aa3475a684525
290102 1 31 19 6 2 1 0 0 0  aaa99999498a8885389aa66697777387aa2565a687445
290104 1 31 19 6 2 2 0 0 0  aaa99999598a8884589aa66697777587aa5464a687332
290114 1 31 19 6 4 1 0 0 0  aaa99999498a8884489aa65697777387aa3565a687625
290116 1 31 19 6 4 2 0 0 0  aaa99999598a8884589aa63697777587aa5464a687623
290120 1 31 19 6 5 1 0 0 0  aaa99999498a8885389aa64497777387aa2565a687665
290122 1 31 19 6 5 2 0 0 0  aaa99999598a8884589aa63597777587aa2464a687663
290246 1 31 19 10 2 1 0 0 0  aaa99999498a8885389aa74496676386aa2575a786775
290248 1 31 19 10 2 2 0 0 0  aaa99999598a8884589aa73596676586aa2474a786773
290268 1 31 20 0 0 0 0 0 0  aaa99999598a8888489aa77396675786aa3767a455642
290270 1 31 20 0 0 1 0 0 0  aaa99999598a8888489aa77396674786aa3767a555624
290282 1 31 20 0 2 1 0 0 0  aaa99999598a8888489aa77396676786aa3757a644552
290292 1 31 20 0 4 0 0 0 0  aaa99999598a8888489aa77396675786aa3727a646554
290294 1 31 20 0 4 1 0 0 0  aaa99999598a8888489aa77396674786aa3757a662554
290340 1 31 20 2 0 0 0 0 0  aaa99999598a8888489aa77796776386aa3657a545624
290342 1 31 20 2 0 1 0 0 0  aaa99999598a8888489aa77796776386aa3647a555642
290460 1 31 20 5 2 0 0 0 0  aaa99999598a8888489aa77796676386aa3575a675442
290462 1 31 20 5 2 1 0 0 0  aaa99999598a8888489aa77796676386aa3475a674525
290484 1 31 20 6 0 0 0 0 0  aaa99999698a8888589aa66397777387aa2446a557465
290486 1 31 20 6 0 1 0 0 0  aaa99999598a8888589aa66397777387aa2664a447556
290498 1 31 20 6 2 1 0 0 0  aaa99999598a8888489aa66697777387aa3265a657445
290500 1 31 20 6 2 2 0 0 0  aaa99999598a8888589aa66697777587aa5464a637423
290508 1 31 20 6 4 0 0 0 0  aaa99999598a8888489aa65597777387aa3266a657464
290510 1 31 20 6 4 1 0 0 0  aaa99999598a8888589aa64697777387aa3465a647625
290512 1 31 20 6 4 2 0 0 0  aaa99999598a8888589aa64697777587aa5464a637623
290516 1 31 20 6 5 1 0 0 0  aaa99999598a8888489aa64497777387aa3265a657665
290518 1 31 20 6 5 2 0 0 0  aaa99999598a8888589aa64597777587aa2464a637663
290592 1 31 20 9 0 0 0 0 0  aaa99999598a8888489aa66397777787aa3665a455246
290664 1 31 21 0 0 0 0 0 0  aaa99999598a8888889aa77496776376aa3657a545624
290666 1 31 21 0 0 1 0 0 0  aaa99999598a8888889aa77496776376aa3647a555642
290774 1 31 21 3 0 1 0 0 0  aaa99999498a8888889aa66397777375aa7665a552446
291170 1 31 22 3 0 1 0 0 0  aaa99999498a7777389aa66398888875aa7665a552446
291219 1 31 22 4 2 1 1 0 0  aaa99999498a7772489aa57598888866aa6357a663547
291231 1 31 22 4 4 1 1 0 0  aaa99999498a7773389aa57598888826aa6657a664547
291233 1 31 22 4 4 2 1 0 0  aaa99999498a7773389aa57498888826aa6657a664557
291237 1 31 22 4 5 1 1 0 0  aaa99999498a7772489aa57598888836aa3657a666547
291973 1 32 1 3 2 0 1 0 0  aaa99998898a8857599aa49587773762aa8667a566443
291985 1 32 1 3 4 0 1 0 0  aaa99998898a8857599aa49587773766aa8257a666443
291991 1 32 1 3 5 0 1 0 0  aaa99998898a8857599aa49587773726aa8657a666443
292174 1 32 1 8 5 2 0 0 0  aaa99998898a8863599aa69587777574aa8464a637652
292511 1 32 2 7 1 2 1 0 0  aaa99997898a8877799aa79886663725aa8546a535446
292570 1 32 2 8 5 2 0 0 0  aaa99995898a8865399aa69887777374aa8464a657625
292661 1 32 3 0 2 2 1 0 0  aaa99995898a8877499aa79787667626aa8685a354534
292673 1 32 3 0 4 2 1 0 0  aaa99995898a8877499aa79787637626aa8685a654534
292805 1 32 3 4 2 2 1 0 0  aaa99995898a8877799aa39487775462aa8686a656534
292817 1 32 3 4 4 2 1 0 0  aaa99995898a8877799aa39487775466aa8285a666534
292823 1 32 3 4 5 2 1 0 0  aaa99995898a8877799aa39487775426aa8685a666534
292871 1 32 3 6 1 2 1 0 0  aaa99995898a8866699aa39487775776aa8287a654534
292943 1 32 3 8 1 2 1 0 0  aaa99995898a8866699aa39487777476aa8285a657534
292948 1 32 3 8 2 2 0 0 0  aaa99995898a8866699aa69487777273aa8385a657445
292966 1 32 3 8 5 2 0 0 0  aaa99995898a8865399aa69387777274aa8484a657665
292979 1 32 3 9 1 2 1 0 0  aaa99995898a8866699aa39487777776aa8285a654534
293015 1 32 3 10 1 2 1 0 0  aaa99995898a8866699aa39486765427aa8785a777534
293070 1 32 4 0 5 0 0 0 0  aaa99997798a8877499aa89375685786aa3654a662854
293082 1 32 4 1 1 0 0 0 0  aaa99996598a8877799aa89477686386aa3675a455842
293084 1 32 4 1 1 1 0 0 0  aaa99996598a8877799aa89477686386aa3674a555824
293102 1 32 4 1 4 1 0 0 0  aaa99995498a8877799aa89577686386aa3675a644825
293104 1 32 4 1 4 2 0 0 0  aaa99994598a8877799aa89577686586aa5673a644823
293108 1 32 4 1 5 1 0 0 0  aaa99995498a8877799aa89577684486aa3675a663825
293110 1 32 4 1 5 2 0 0 0  aaa99994598a8877799aa89577683586aa5673a664824
293126 1 32 4 2 2 1 0 0 0  aaa99997598a8877799aa89467686385aa3674a655824
293142 1 32 4 2 5 0 0 0 0  aaa99997598a8877799aa89447685586aa4675a663832
293144 1 32 4 2 5 1 0 0 0  aaa99997598a8877799aa89457685586aa3674a663824
293220 1 32 4 5 0 0 0 0 0  aaa99997598a8877799aa89466584586aa3576a726834
293240 1 32 4 5 3 1 0 0 0  aaa99997498a8877799aa89366684485aa6576a753825
293272 1 32 4 6 2 2 0 0 0  aaa99996498a8866699aa89377786785aa3577a545824
293344 1 32 4 8 2 2 0 0 0  aaa99996498a8866699aa89377787385aa7576a545824
293380 1 32 4 9 2 2 0 0 0  aaa99996498a8866699aa89377787785aa3576a545824
293482 1 32 5 1 1 2 0 0 0  aaa99995498a8877799aa69687785326aa8678a653445
293486 1 32 5 1 2 1 0 0 0  aaa99995498a8877799aa69587785326aa8678a644635
293488 1 32 5 1 2 2 0 0 0  aaa99994598a8877799aa69587783526aa8678a635644
293531 1 32 5 2 3 2 1 0 0  aaa99997498a8877799aa39487686626aa8578a555634
293534 1 32 5 2 4 1 0 0 0  aaa99997598a8877799aa59487686326aa8678a644553
293540 1 32 5 2 5 1 0 0 0  aaa99997598a8877799aa59487684426aa8678a663553
293545 1 32 5 3 0 0 1 0 0  aaa99996698a8874699aa59387787756aa8578a563424
293554 1 32 5 3 1 2 0 0 0  aaa99995498a8875399aa69687787726aa8678a653445
293558 1 32 5 3 2 1 0 0 0  aaa99995498a8875399aa69587787726aa8678a644635
293560 1 32 5 3 2 2 0 0 0  aaa99994598a8873599aa69587787726aa8678a635644
293620 1 32 5 5 0 2 0 0 0  aaa99997498a8877799aa79386586366aa8578a545624
293634 1 32 5 5 3 0 0 0 0  aaa99997598a8877799aa79486686364aa8278a654553
293636 1 32 5 5 3 1 0 0 0  aaa99997498a8877799aa79386686365aa8578a652445
293646 1 32 5 5 5 0 0 0 0  aaa99997498a8877799aa79385685356aa8678a662445
293774 1 32 5 9 2 1 0 0 0  aaa99995498a8866699aa69385785727aa8768a773445
293776 1 32 5 9 2 2 0 0 0  aaa99993598a8866699aa69584784747aa8768a775352
293786 1 32 5 9 4 1 0 0 0  aaa99994498a8865699aa69485785727aa8768a773635
293788 1 32 5 9 4 2 0 0 0  aaa99993598a8863699aa69584784747aa8768a775652
293792 1 32 5 9 5 1 0 0 0  aaa99995498a8864499aa69385785727aa8768a773665
293794 1 32 5 9 5 2 0 0 0  aaa99993598a8863599aa69584784747aa8768a775662
293896 1 32 6 1 4 2 0 0 0  aaa99995498a8877799aa89387676376aa8685a652445
293902 1 32 6 1 5 2 0 0 0  aaa99995498a8877799aa89387675376aa8685a662445
293930 1 32 6 2 4 1 0 0 0  aaa99997498a8877799aa89387676356aa8685a652445
293932 1 32 6 2 4 2 0 0 0  aaa99997598a8877799aa89587676546aa8684a645332
293936 1 32 6 2 5 1 0 0 0  aaa99997498a8877799aa89387675356aa8685a662445
293938 1 32 6 2 5 2 0 0 0  aaa99997598a8877799aa89587674546aa8684a665332
293940 1 32 6 3 0 0 0 0 0  aaa99997498a8866399aa89387776756aa8587a652445
293992 1 32 6 4 2 2 0 0 0  aaa99995498a8877799aa89387775362aa8686a656445
294004 1 32 6 4 4 2 0 0 0  aaa99995498a8877799aa89387775366aa8285a666445
294010 1 32 6 4 5 2 0 0 0  aaa99995498a8877799aa89387775326aa8685a666445
294034 1 32 6 5 3 2 0 0 0  aaa99997598a8877799aa89586676564aa8484a736352
294076 1 32 6 6 4 2 0 0 0  aaa99995498a8865399aa89387775776aa8687a662445
294130 1 32 6 8 1 2 0 0 0  aaa99995498a8866699aa89387777376aa8285a657445
294132 1 32 6 8 2 0 0 0 0  aaa99996598a8866699aa89387777375aa8486a547452
294142 1 32 6 8 3 2 0 0 0  aaa99996598a8866699aa89587777574aa8484a637352
294148 1 32 6 8 4 2 0 0 0  aaa99995498a8865399aa89387777276aa8685a667445
294150 1 32 6 8 5 0 0 0 0  aaa99996598a8846499aa89487777375aa8286a567653
294152 1 32 6 8 5 1 0 0 0  aaa99996498a8846499aa89387777375aa8586a567652
294202 1 32 6 10 1 2 0 0 0  aaa99995498a8866699aa89386765327aa8785a777445
294442 1 32 7 5 5 2 0 0 0  aaa99995898a8885499aa69287774473aa8367a657665
294532 1 32 7 8 2 2 0 0 0  aaa99995898a8885399aa69387777274aa8666a457465
294550 1 32 7 8 5 2 0 0 0  aaa99995898a8885399aa69387777274aa8464a657665
294719 1 32 8 2 3 2 1 0 0  aaa99997498a8877799aa39487676626aa8588a555634
294722 1 32 8 2 4 1 0 0 0  aaa99997598a8877799aa59487676326aa8688a644553
294728 1 32 8 2 5 1 0 0 0  aaa99997598a8877799aa59487674426aa8688a663553
294778 1 32 8 4 1 2 0 0 0  aaa99995498a8877799aa69687775326aa8688a653445
294782 1 32 8 4 2 1 0 0 0  aaa99995498a8877799aa69587775326aa8688a644635
294784 1 32 8 4 2 2 0 0 0  aaa99994598a8877799aa69587773526aa8688a635644
294808 1 32 8 5 0 2 0 0 0  aaa99997498a8877799aa79386576366aa8588a545624
294822 1 32 8 5 3 0 0 0 0  aaa99997598a8877799aa79486676364aa8288a654553
294824 1 32 8 5 3 1 0 0 0  aaa99997498a8877799aa79386676365aa8588a652445
294834 1 32 8 5 5 0 0 0 0  aaa99997498a8877799aa79385675356aa8688a662445
294928 1 32 8 8 2 2 0 0 0  aaa99994598a8866699aa69587777574aa8288a647353
294930 1 32 8 8 3 0 0 0 0  aaa99996598a8866699aa69387777375aa8488a547452
294946 1 32 8 8 5 2 0 0 0  aaa99994598a8863599aa69587777574aa8288a647663
295092 1 32 9 2 0 0 0 0 0  aaa99997698a8877799aa69687675544aa8285a684353
295093 1 32 9 2 0 0 1 0 0  aaa99997698a8877799aa69687675524aa8485a684353
295118 1 32 9 2 4 1 0 0 0  aaa99997598a8877799aa59387676346aa8684a682554
295144 1 32 9 3 2 2 0 0 0  aaa99997598a8866699aa69587774733aa8287a685445
295162 1 32 9 3 5 2 0 0 0  aaa99997598a8863599aa69587773744aa8287a684665
295205 1 32 9 5 0 2 1 0 0  aaa99997598a8877799aa79586673526aa8486a484653
295218 1 32 9 5 3 0 0 0 0  aaa99997498a8877799aa79386676365aa8585a682445
295277 1 32 9 7 0 2 1 0 0  aaa99997598a8877799aa79586642736aa8386a485645
295279 1 32 9 7 1 0 1 0 0  aaa99997498a8877799aa79486662755aa8386a583546
295322 1 32 9 8 2 1 0 0 0  aaa99995498a8866699aa69387777372aa8585a687445
295324 1 32 9 8 2 2 0 0 0  aaa99993598a8866699aa69587777574aa8484a687352
295334 1 32 9 8 4 1 0 0 0  aaa99994498a8865699aa69487777372aa8585a687635
295336 1 32 9 8 4 2 0 0 0  aaa99993598a8863699aa69587777574aa8484a687652
295340 1 32 9 8 5 1 0 0 0  aaa99995498a8864499aa69387777372aa8585a687665
295342 1 32 9 8 5 2 0 0 0  aaa99993598a8863599aa69587777574aa8484a687662
295390 1 32 9 10 1 2 0 0 0  aaa99996598a8873599aa79586673644aa8286a784775
295400 1 32 9 10 3 1 0 0 0  aaa99995498a8874499aa79386676362aa8585a786775
295402 1 32 9 10 3 2 0 0 0  aaa99993598a8873599aa79586676564aa8484a786772
295410 1 32 9 10 5 0 0 0 0  aaa99996598a8876499aa79285476553aa8386a784776
295453 1 32 10 1 0 0 1 0 0  aaa99996698a8884699aa79787757356aa8578a563424
295462 1 32 10 1 1 2 0 0 0  aaa99995498a8885399aa79787767626aa8678a653445
295466 1 32 10 1 2 1 0 0 0  aaa99995498a8885399aa79787767526aa8678a644635
295468 1 32 10 1 2 2 0 0 0  aaa99994598a8883599aa79787767526aa8678a635644
295496 1 32 10 2 1 1 0 0 0  aaa99995498a8885399aa79587767627aa8678a663445
295498 1 32 10 2 1 2 0 0 0  aaa99994598a8883599aa79587767627aa8678a665443
295502 1 32 10 2 2 1 0 0 0  aaa99995498a8884499aa79587767327aa8678a663565
295504 1 32 10 2 2 2 0 0 0  aaa99994598a8883599aa79587767527aa8678a664364
295508 1 32 10 2 3 1 0 0 0  aaa99995498a8885399aa79587767367aa8678a662445
295510 1 32 10 2 3 2 0 0 0  aaa99994598a8883599aa79587767567aa8678a662443
295531 1 32 10 3 1 0 1 0 0  aaa99996598a8885599aa79487737726aa8678a654634
295538 1 32 10 3 2 1 0 0 0  aaa99995498a8885399aa79587767726aa8678a644635
295540 1 32 10 3 2 2 0 0 0  aaa99994598a8883599aa79587767726aa8678a635644
295570 1 32 10 4 1 2 0 0 0  aaa99995498a8885399aa79387767626aa8678a644575
295574 1 32 10 4 2 1 0 0 0  aaa99995498a8885399aa79587767326aa8678a644675
295576 1 32 10 4 2 2 0 0 0  aaa99994598a8883599aa79587767526aa8678a644673
295587 1 32 10 4 4 1 1 0 0  aaa99995598a8885499aa79487737366aa8278a666574
295593 1 32 10 4 5 1 1 0 0  aaa99995598a8885499aa79487737326aa8678a666574
295597 1 32 10 5 0 0 1 0 0  aaa99996698a8883699aa59587747576aa8278a567443
295612 1 32 10 5 2 2 0 0 0  aaa99995498a8885399aa69387767276aa8678a657445
295615 1 32 10 5 3 0 1 0 0  aaa99996598a8885599aa69487737476aa8278a667534
295616 1 32 10 5 3 1 0 0 0  aaa99996598a8884499aa69487757376aa8278a667553
295630 1 32 10 5 5 2 0 0 0  aaa99994598a8883599aa69587767574aa8278a647663
295648 1 32 10 6 2 2 0 0 0  aaa99995498a8885399aa69387767776aa8678a652445
295651 1 32 10 6 3 0 1 0 0  aaa99996598a8885599aa69487737776aa8278a664534
295682 1 32 10 7 2 1 0 0 0  aaa99995498a8885399aa79587774476aa8628a673665
295684 1 32 10 7 2 2 0 0 0  aaa99994598a8883599aa79587773576aa8628a674664
295738 1 32 10 8 5 2 0 0 0  aaa99994598a8883599aa69587777574aa8268a647663
295777 1 32 10 10 0 0 1 0 0  aaa99996698a8883699aa59586746527aa8758a777443
295892 1 32 11 2 1 1 0 0 0  aaa99997598a8888499aa59387776367aa8667a562454
295894 1 32 11 2 1 2 0 0 0  aaa99997598a8888599aa49587776567aa8667a464332
295904 1 32 11 2 3 1 0 0 0  aaa99997598a8888499aa69387774467aa8667a563552
295971 1 32 11 4 2 1 1 0 0  aaa99997498a8888499aa59587773362aa8667a566547
295983 1 32 11 4 4 1 1 0 0  aaa99997498a8888499aa59587773366aa8257a666547
295989 1 32 11 4 5 1 1 0 0  aaa99997498a8888499aa59587773326aa8657a666547
296026 1 32 11 5 5 2 0 0 0  aaa99994598a8888599aa69587773574aa8267a647663
296116 1 32 11 8 2 2 0 0 0  aaa99993598a8888599aa69587777574aa8666a437462
296134 1 32 11 8 5 2 0 0 0  aaa99993598a8888599aa69587777574aa8464a637662
296254 1 32 12 1 1 2 0 0 0  aaa99998398a8887799aa59377758266aa7466a546458
296257 1 32 12 1 2 0 1 0 0  aaa99998398a8887799aa59577748365aa7662a566448
296260 1 32 12 1 2 2 0 0 0  aaa99998598a8887799aa49577738564aa7662a466358
296261 1 32 12 1 2 2 1 0 0  aaa99998498a8887799aa59477758462aa7663a566358
296272 1 32 12 1 4 2 0 0 0  aaa99998398a8887799aa59377758264aa7666a546458
296278 1 32 12 1 5 2 0 0 0  aaa99998398a8887799aa59377758246aa7654a666458
296364 1 32 12 4 2 0 0 0 0  aaa99998798a8883799aa59577748564aa7663a466528
296366 1 32 12 4 2 1 0 0 0  aaa99998798a8883799aa59577758462aa7663a566448
296368 1 32 12 4 2 2 0 0 0  aaa99998798a8883799aa59477748462aa7663a566558
296415 1 32 12 5 4 1 1 0 0  aaa99998498a8883399aa59577678627aa7657a664548
296417 1 32 12 5 4 2 1 0 0  aaa99998498a8883399aa59477678627aa7657a664558
296421 1 32 12 5 5 1 1 0 0  aaa99998498a8883399aa59577678427aa7657a666548
296423 1 32 12 5 5 2 1 0 0  aaa99998498a8883399aa59477678427aa7657a666558
296439 1 32 12 6 2 1 1 0 0  aaa99998498a8882499aa59577758766aa6377a663548
296451 1 32 12 6 4 1 1 0 0  aaa99998498a8883399aa59577758726aa6677a664548
296453 1 32 12 6 4 2 1 0 0  aaa99998498a8883399aa59477758726aa6677a664558
296457 1 32 12 6 5 1 1 0 0  aaa99998498a8882499aa59577758736aa3677a666548
296475 1 32 12 7 2 1 1 0 0  aaa99998498a8883399aa59577758462aa7676a676548
296477 1 32 12 7 2 2 1 0 0  aaa99998498a8883399aa59477758462aa7676a676558
296487 1 32 12 7 4 1 1 0 0  aaa99998498a8883399aa59577758426aa7676a676548
296489 1 32 12 7 4 2 1 0 0  aaa99998498a8883399aa59477758426aa7676a676558
296493 1 32 12 7 5 1 1 0 0  aaa99998498a8883399aa69477768452aa7575a675668
296511 1 32 12 8 2 1 1 0 0  aaa99998498a8883399aa59577778462aa7667a566548
296513 1 32 12 8 2 2 1 0 0  aaa99998498a8883399aa59477778462aa7667a566558
296523 1 32 12 8 4 1 1 0 0  aaa99998498a8883399aa59577778466aa7257a666548
296525 1 32 12 8 4 2 1 0 0  aaa99998498a8883399aa59477778466aa7257a666558
296529 1 32 12 8 5 1 1 0 0  aaa99998498a8883399aa59577778426aa7657a666548
296531 1 32 12 8 5 2 1 0 0  aaa99998498a8883399aa59477778426aa7657a666558
296547 1 32 12 9 2 1 1 0 0  aaa99998498a8882499aa59577778766aa6357a663548
296559 1 32 12 9 4 1 1 0 0  aaa99998498a8883399aa59577778726aa6657a664548
296561 1 32 12 9 4 2 1 0 0  aaa99998498a8883399aa59477778726aa6657a664558
296565 1 32 12 9 5 1 1 0 0  aaa99998498a8882499aa59577778736aa3657a666548
296583 1 32 12 10 2 1 1 0 0  aaa99998498a8882499aa59566758637aa3766a777548
296589 1 32 12 10 3 1 1 0 0  aaa99998498a8883399aa59566768427aa6756a777548
296591 1 32 12 10 3 2 1 0 0  aaa99998498a8883399aa59466768427aa6756a777558
296595 1 32 12 10 4 1 1 0 0  aaa99998498a8882499aa59566768637aa3756a777548
296680 1 32 13 2 0 2 0 0 0  aaa99997698a8886699aa59487778327aa8657a563454
296684 1 32 13 2 1 1 0 0 0  aaa99997598a8886499aa59387778367aa8667a562454
296686 1 32 13 2 1 2 0 0 0  aaa99997598a8886599aa49587778567aa8667a464332
296696 1 32 13 2 3 1 0 0 0  aaa99997598a8884499aa69487778367aa8667a563552
296762 1 32 13 4 2 1 0 0 0  aaa99997498a8887399aa59387778265aa8667a566454
296764 1 32 13 4 2 2 0 0 0  aaa99997598a8887599aa49587778564aa8667a466332
296766 1 32 13 4 3 0 0 0 0  aaa99997598a8887499aa69387778365aa8667a562454
296768 1 32 13 4 3 1 0 0 0  aaa99997598a8887499aa69387778365aa8667a565442
296774 1 32 13 4 4 1 0 0 0  aaa99997498a8887399aa59387778266aa8557a666454
296776 1 32 13 4 4 2 0 0 0  aaa99997598a8887599aa49587778566aa8447a666332
296780 1 32 13 4 5 1 0 0 0  aaa99997498a8887399aa59387778256aa8657a666454
296782 1 32 13 4 5 2 0 0 0  aaa99997598a8887599aa49587778546aa8647a666332
296818 1 32 13 5 5 2 0 0 0  aaa99994598a8883599aa69587778574aa8267a647663
296965 1 32 13 10 0 0 1 0 0  aaa99996698a8883699aa59586748527aa8756a777443
297122 1 32 14 3 2 1 0 0 0  aaa99995498a8885399aa79587678876aa3767a644625
297124 1 32 14 3 2 2 0 0 0  aaa99994598a8883599aa79587678876aa5767a644623
297130 1 32 14 3 3 2 0 0 0  aaa99995498a8885399aa79387678876aa6767a652445
297170 1 32 14 4 4 1 0 0 0  aaa99997498a8887399aa59387778856aa6657a662454
297172 1 32 14 4 4 2 0 0 0  aaa99997598a8887599aa49587778846aa6647a665332
297304 1 32 14 8 2 2 0 0 0  aaa99995498a8885399aa69387678876aa7767a652445
297307 1 32 14 8 3 0 1 0 0  aaa99996598a8885599aa69487678872aa7737a664534
297563 1 32 15 4 3 2 1 0 0  aaa99995698a8877799aa39487775866aa6288a654534
297606 1 32 15 5 5 0 0 0 0  aaa99997498a8877799aa79385675856aa3688a662445
297838 1 32 16 1 1 2 0 0 0  aaa99995498a8877799aa69387785366aa6278a658445
297851 1 32 16 1 3 2 1 0 0  aaa99995698a8877799aa39487785466aa6278a658534
297864 1 32 16 2 0 0 0 0 0  aaa99997698a8877799aa69687685542aa4478a658353
297865 1 32 16 2 0 0 1 0 0  aaa99997698a8877799aa69687685544aa4278a658353
297887 1 32 16 2 3 2 1 0 0  aaa99997598a8877799aa39587686626aa5478a448635
297910 1 32 16 3 1 2 0 0 0  aaa99995498a8875399aa69387787766aa6278a658445
297923 1 32 16 3 3 2 1 0 0  aaa99995698a8875499aa39487787766aa6278a658534
297976 1 32 16 5 0 2 0 0 0  aaa99997598a8877799aa79586684564aa6278a648353
297978 1 32 16 5 1 0 0 0 0  aaa99997598a8877799aa79386686365aa6478a548452
298002 1 32 16 5 5 0 0 0 0  aaa99997498a8877799aa79385685356aa2678a668445
298162 1 32 16 10 1 2 0 0 0  aaa99994598a8873599aa79586686564aa6278a748773
298347 1 32 17 4 2 1 1 0 0  aaa99995598a8885499aa79487727866aa6378a663574
298355 1 32 17 4 3 2 1 0 0  aaa99995698a8885499aa79487727866aa6378a653574
298358 1 32 17 4 4 1 0 0 0  aaa99995498a8884499aa79387757826aa6678a663575
298359 1 32 17 4 4 1 1 0 0  aaa99995498a8885499aa79487757826aa6678a663573
298360 1 32 17 4 4 2 0 0 0  aaa99994598a8883599aa79587747826aa6678a665473
298361 1 32 17 4 4 2 1 0 0  aaa99994598a8884599aa79587737826aa6678a665374
298365 1 32 17 4 5 1 1 0 0  aaa99995598a8885499aa79487727836aa3678a666574
298384 1 32 17 5 2 2 0 0 0  aaa99995498a8885399aa69387767876aa2678a657445
298454 1 32 17 7 2 1 0 0 0  aaa99995498a8884499aa79587775876aa3628a673665
298456 1 32 17 7 2 2 0 0 0  aaa99994598a8883599aa79587773876aa5628a674664
298512 1 32 17 9 0 0 0 0 0  aaa99996698a8883699aa69585747857aa5728a737644
298664 1 32 18 2 1 1 0 0 0  aaa99994698a8888499aa59387772875aa7666a576534
298666 1 32 18 2 1 2 0 0 0  aaa99995698a8888399aa49487775872aa7666a476535
298736 1 32 18 4 1 1 0 0 0  aaa99997498a8888399aa69387775866aa6567a552447
298743 1 32 18 4 2 1 1 0 0  aaa99997498a8888499aa59587772866aa6357a663547
298754 1 32 18 4 4 1 0 0 0  aaa99997498a8888399aa49487772856aa6657a663557
298755 1 32 18 4 4 1 1 0 0  aaa99997498a8888499aa59487772856aa6657a663537
298756 1 32 18 4 4 2 0 0 0  aaa99997598a8888599aa49587772846aa6647a665337
298757 1 32 18 4 4 2 1 0 0  aaa99997598a8888599aa49587773826aa6647a665347
298761 1 32 18 4 5 1 1 0 0  aaa99997498a8888499aa59587772836aa3657a666547
299050 1 32 19 1 5 2 0 0 0  aaa99995798a8885499aa69287774473aa7368a658665
299078 1 32 19 2 4 1 0 0 0  aaa99995498a8885299aa69687774473aa7368a678655
299080 1 32 19 2 4 2 0 0 0  aaa99994598a8882599aa69687774473aa7368a678655
299084 1 32 19 2 5 1 0 0 0  aaa99995498a8885299aa69587774473aa7368a678665
299086 1 32 19 2 5 2 0 0 0  aaa99994598a8882599aa69587774473aa7368a678665
299122 1 32 19 3 5 2 0 0 0  aaa99994598a8883599aa69587777574aa7268a648663
299134 1 32 19 4 1 2 0 0 0  aaa99995498a8884499aa79387767366aa6278a658575
299139 1 32 19 4 2 1 1 0 0  aaa99995598a8885499aa79487737366aa6278a668574
299147 1 32 19 4 3 2 1 0 0  aaa99995698a8885499aa79487737366aa6278a658574
299151 1 32 19 4 4 1 1 0 0  aaa99995598a8885499aa79487737326aa6678a668574
299176 1 32 19 5 2 2 0 0 0  aaa99995498a8885399aa69387765776aa2678a678445
299212 1 32 19 6 2 2 0 0 0  aaa99995498a8885399aa69387767776aa2678a658445
299236 1 32 19 7 0 2 0 0 0  aaa99996698a8883699aa79587773574aa5268a478645
299246 1 32 19 7 2 1 0 0 0  aaa99995498a8885399aa79587774476aa3628a678665
299248 1 32 19 7 2 2 0 0 0  aaa99994598a8883599aa79587773576aa4628a678664
299258 1 32 19 7 4 1 0 0 0  aaa99995498a8885399aa79587774476aa3268a678665
299260 1 32 19 7 4 2 0 0 0  aaa99994598a8883599aa79587773576aa4268a678664
299350 1 32 19 10 1 2 0 0 0  aaa99994598a8883599aa79586676564aa6278a748773
299644 1 32 20 7 2 2 0 0 0  aaa99995498a8888399aa69377765886aa7675a672445
299931 1 32 21 4 2 1 1 0 0  aaa99997498a8888899aa59587772466aa6357a663547
299943 1 32 21 4 4 1 1 0 0  aaa99997498a8888899aa59587773326aa6657a664547
299945 1 32 21 4 4 2 1 0 0  aaa99997498a8888899aa59487773326aa6657a664557
299949 1 32 21 4 5 1 1 0 0  aaa99997498a8888899aa59587772436aa3657a666547
300000 0 32 21 6 2 0 0 0 0  aaa99995598a8888899aa69587775776aa4637a644632
300327 1 32 22 4 2 1 1 0 0  aaa99997498a7772499aa59588888866aa6357a663547
300339 1 32 22 4 4 1 1 0 0  aaa99997498a7773399aa59588888826aa6657a664547
300341 1 32 22 4 4 2 1 0 0  aaa99997498a7773399aa59488888826aa6657a664557
300345 1 32 22 4 5 1 1 0 0  aaa99997498a7772499aa59588888836aa3657a666547
300601 1 33 0 1 0 0 1 0 0  aaa99998898a7778529aa89898664773aa7656a535464
300605 1 33 0 1 0 2 1 0 0  aaa99998898a7778329aa89898664775aa7564a565436
300637 1 33 0 2 0 0 1 0 0  aaa99998898a7778539aa89898766372aa7665a455446
300677 1 33 0 3 0 2 1 0 0  aaa99998898a7778729aa89898667466aa4537a555634
300702 1 33 0 3 5 0 0 0 0  aaa99998898a7778729aa89898657546aa4657a665343
300703 1 33 0 3 5 0 1 0 0  aaa99998898a7778729aa89898657536aa5637a664544
300707 1 33 0 3 5 2 1 0 0  aaa99998898a7778729aa89898657436aa3657a664554
300709 1 33 0 4 0 0 1 0 0  aaa99998898a7778429aa89898667456aa6567a533547
300713 1 33 0 4 0 2 1 0 0  aaa99998898a7778429aa89898667466aa4537a555637
300739 1 33 0 4 5 0 1 0 0  aaa99998898a7778529aa89898657536aa4637a664547
300743 1 33 0 4 5 2 1 0 0  aaa99998898a7778429aa89898657436aa3657a664557
300819 1 33 0 7 0 1 1 0 0  aaa99998898a7778439aa89898766375aa5662a554746
300821 1 33 0 7 0 2 1 0 0  aaa99998898a7778439aa89898766375aa4662a555746
300847 1 33 0 7 5 0 1 0 0  aaa99998898a7778439aa89898755376aa4652a666745
300930 1 33 0 10 1 0 0 0 0  aaa99998898a6768629aa89898756547aa4756a775343
300931 1 33 0 10 1 0 1 0 0  aaa99998898a6768629aa89898756537aa5736a774544
300935 1 33 0 10 1 2 1 0 0  aaa99998898a6768629aa89898756437aa3756a774554
300960 1 33 1 0 0 0 0 0 0  aaa99998598a8877489aa89396776375aa5647a652846
300962 1 33 1 0 0 1 0 0 0  aaa99998598a8877489aa89396776376aa2647a555846
300966 1 33 1 0 1 0 0 0 0  aaa99998598a8877489aa89396776676aa3657a545824
300968 1 33 1 0 1 1 0 0 0  aaa99998598a8877489aa89396776676aa3647a555842
300974 1 33 1 0 2 1 0 0 0  aaa99998598a8877489aa89396776675aa3667a545824
300976 1 33 1 0 2 2 0 0 0  aaa99998598a8877589aa89596776674aa5667a433842
300980 1 33 1 0 3 1 0 0 0  aaa99998598a8877489aa89396776675aa3567a465842
300982 1 33 1 0 3 2 0 0 0  aaa99998598a8877589aa89596776674aa5367a463842
300984 1 33 1 0 4 0 0 0 0  aaa99998598a8877489aa89395774576aa6657a663824
300986 1 33 1 0 4 1 0 0 0  aaa99998598a8877489aa89395775576aa6647a663842
300990 1 33 1 0 5 0 0 0 0  aaa99998598a8877489aa89395774576aa3657a666824
300992 1 33 1 0 5 1 0 0 0  aaa99998598a8877489aa89395775576aa3647a666842
301020 1 33 1 1 4 0 0 0 0  aaa99998598a8877789aa89497676376aa3645a655842
301022 1 33 1 1 4 1 0 0 0  aaa99998598a8877789aa89497676376aa3645a652845
301028 1 33 1 1 5 1 0 0 0  aaa99998598a8877789aa89497675376aa3645a662845
301058 1 33 1 2 4 1 0 0 0  aaa99998598a8877789aa89496776365aa3667a545824
301060 1 33 1 2 4 2 0 0 0  aaa99998598a8877789aa89596776564aa5667a433842
301070 1 33 1 3 0 1 0 0 0  aaa99998498a8866389aa89397777275aa7665a455846
301072 1 33 1 3 0 2 0 0 0  aaa99998598a8866589aa89597777574aa7662a433846
301088 1 33 1 3 3 1 0 0 0  aaa99998498a8866689aa89397777375aa7565a465842
301092 1 33 1 3 4 0 0 0 0  aaa99998598a8854589aa89497777376aa7656a626834
301098 1 33 1 3 5 0 0 0 0  aaa99998598a8854589aa89497777376aa7652a666834
301148 1 33 1 5 1 1 0 0 0  aaa99998498a8877789aa89396676365aa6575a475842
301160 1 33 1 5 3 1 0 0 0  aaa99998598a8877789aa89496676365aa3574a675824
301170 1 33 1 5 5 0 0 0 0  aaa99998598a8877789aa89495674556aa3672a676834
301178 1 33 1 6 0 1 0 0 0  aaa99998598a8866489aa89397776775aa3667a545824
301180 1 33 1 6 0 2 0 0 0  aaa99998598a8866589aa89597776774aa5667a433842
301198 1 33 1 6 3 2 0 0 0  aaa99998498a8866689aa89397776775aa3567a545824
301200 1 33 1 6 4 0 0 0 0  aaa99998598a8854589aa89497772776aa6657a663834
301206 1 33 1 6 5 0 0 0 0  aaa99998598a8854589aa89497772776aa3657a666834
301228 1 33 1 7 2 2 0 0 0  aaa99998798a8877789aa89496676365aa3567a545824
301248 1 33 1 8 0 0 0 0 0  aaa99998598a8866489aa89397777375aa5662a457846
301250 1 33 1 8 0 1 0 0 0  aaa99998598a8866589aa89397777375aa5662a447846
301272 1 33 1 8 4 0 0 0 0  aaa99998598a8854589aa89497777376aa6652a667834
301286 1 33 1 9 0 1 0 0 0  aaa99998498a8866389aa89397777775aa2665a455846
301288 1 33 1 9 0 2 0 0 0  aaa99998598a8866589aa89597777774aa5662a433846
301308 1 33 1 9 4 0 0 0 0  aaa99998598a8854589aa89497777776aa6652a663834
301314 1 33 1 9 5 0 0 0 0  aaa99998598a8854589aa89497777776aa3652a666834
301322 1 33 1 10 0 1 0 0 0  aaa99998498a8866389aa89395764657aa5756a777824
301332 1 33 1 10 2 0 0 0 0  aaa99998598a8866689aa89495764557aa3762a777834
301344 1 33 1 10 4 0 0 0 0  aaa99998598a8854589aa89496766667aa3752a777834
301418 1 33 2 1 4 1 0 0 0  aaa99995498a8877789aa89397676376aa2655a644885
301420 1 33 2 1 4 2 0 0 0  aaa99994598a8877789aa89597676576aa5644a633882
301424 1 33 2 1 5 1 0 0 0  aaa99995498a8877789aa89397674476aa3655a662885
301426 1 33 2 1 5 2 0 0 0  aaa99994598a8877789aa89597673576aa5644a662883
301432 1 33 2 2 0 2 0 0 0  aaa99997598a8877789aa89597676546aa6426a435883
301566 1 33 2 5 5 0 0 0 0  aaa99997598a8877789aa89495674556aa3672a663884
301734 1 33 2 10 3 0 0 0 0  aaa99996398a8866689aa89395765247aa4754a777885
301776 1 33 3 0 4 0 0 0 0  aaa99997798a8877489aa89397656786aa3655a644825
301782 1 33 3 0 5 0 0 0 0  aaa99997798a8877589aa89397655786aa3644a662854
301848 1 33 3 2 4 0 0 0 0  aaa99997598a8877789aa89497676386aa3645a655842
301850 1 33 3 2 4 1 0 0 0  aaa99997598a8877789aa89497676386aa3645a652845
301856 1 33 3 2 5 1 0 0 0  aaa99997598a8877789aa89497675386aa3645a662845
301862 1 33 3 3 0 1 0 0 0  aaa99997598a8866489aa89397776785aa3667a545824
301864 1 33 3 3 0 2 0 0 0  aaa99997598a8866589aa89597776784aa5667a433842
301882 1 33 3 3 3 2 0 0 0  aaa99997498a8866689aa89397776785aa3567a545824
301884 1 33 3 3 4 0 0 0 0  aaa99997598a8854589aa89497772786aa6657a663834
301890 1 33 3 3 5 0 0 0 0  aaa99997598a8854589aa89497772786aa3657a666834
301982 1 33 3 6 2 1 0 0 0  aaa99994498a8866689aa89597777487aa3265a657835
301984 1 33 3 6 2 2 0 0 0  aaa99994598a8866689aa89597777587aa5464a637823
301986 1 33 3 6 3 0 0 0 0  aaa99996498a8866689aa89397777387aa2565a547854
301994 1 33 3 6 4 1 0 0 0  aaa99994498a8866589aa89497777387aa3265a657865
301996 1 33 3 6 4 2 0 0 0  aaa99994598a8866589aa89597777587aa2464a637863
302000 1 33 3 6 5 1 0 0 0  aaa99996598a8846489aa89497777387aa3256a567856
302002 1 33 3 6 5 2 0 0 0  aaa99996598a8846589aa89597777587aa2446a367836
302034 1 33 3 7 5 0 0 0 0  aaa99997598a8877789aa89795674586aa4652a663834
302130 1 33 3 10 3 0 0 0 0  aaa99996598a8866689aa89495764587aa3752a777834
302380 1 33 4 6 2 2 0 0 0  aaa99995498a8866689aa89897777387aa3265a657445
302392 1 33 4 6 4 2 0 0 0  aaa99994498a8865689aa89897777487aa3265a657635
302398 1 33 4 6 5 2 0 0 0  aaa99995498a8864489aa89897777387aa3265a657665
302596 1 33 5 1 2 2 0 0 0  aaa99995498a8877789aa69897785386aa3675a644625
302668 1 33 5 3 2 2 0 0 0  aaa99995498a8875389aa69897787786aa3675a644625
302884 1 33 5 9 2 2 0 0 0  aaa99995498a8866689aa69892785787aa3765a773445
302896 1 33 5 9 4 2 0 0 0  aaa99994498a8865689aa69892785787aa4765a773635
302902 1 33 5 9 5 2 0 0 0  aaa99995498a8864489aa69892785787aa3765a773665
303014 1 33 6 2 0 1 0 0 0  aaa99997498a8877789aa89397676385aa8665a552446
303172 1 33 6 6 2 2 0 0 0  aaa99995498a8866689aa89397777387aa8265a657445
303184 1 33 6 6 4 2 0 0 0  aaa99994498a8865689aa89497777387aa8265a657635
303190 1 33 6 6 5 2 0 0 0  aaa99995498a8864489aa89397777387aa8265a657665
303408 1 33 7 2 0 0 0 0 0  aaa99995898a8886689aa49897773675aa7626a574543
303520 1 33 7 5 0 2 0 0 0  aaa99994898a8886689aa59897773676aa4257a567354
303552 1 33 7 6 0 0 0 0 0  aaa99995898a8886689aa49897773775aa6627a564543
303841 1 33 8 3 0 0 1 0 0  aaa99997598a8866489aa39897776786aa4287a655534
303892 1 33 8 4 2 2 0 0 0  aaa99995498a8877789aa69897775386aa3685a644625
303964 1 33 8 6 2 2 0 0 0  aaa99995498a8866689aa69897777387aa3285a657445
303976 1 33 8 6 4 2 0 0 0  aaa99994498a8865689aa69897777487aa3285a657635
303982 1 33 8 6 5 2 0 0 0  aaa99995498a8864489aa69897777387aa3285a657665
304294 1 33 9 4 3 2 0 0 0  aaa99995498a8877789aa69897775386aa3666a852445
304360 1 33 9 6 2 2 0 0 0  aaa99995498a8866689aa69897777387aa3265a857445
304372 1 33 9 6 4 2 0 0 0  aaa99994498a8865689aa69897777487aa3265a857635
304378 1 33 9 6 5 2 0 0 0  aaa99995498a8864489aa69897777387aa3265a857665
304504 1 33 9 10 2 2 0 0 0  aaa99995498a8874489aa79896676386aa3275a856775
304610 1 33 10 2 2 1 0 0 0  aaa99997498a8885389aa69897774487aa3657a662565
304612 1 33 10 2 2 2 0 0 0  aaa99997598a8884589aa69897773587aa5647a662463
304616 1 33 10 2 3 1 0 0 0  aaa99997498a8886389aa59897774487aa3667a566525
304694 1 33 10 4 4 1 0 0 0  aaa99997498a8887389aa59897774486aa6657a663525
304700 1 33 10 4 5 1 0 0 0  aaa99997498a8887389aa59897774486aa3657a666525
304714 1 33 10 5 1 2 0 0 0  aaa99995698a8885389aa49897744787aa3677a662565
304720 1 33 10 5 2 2 0 0 0  aaa99995498a8885389aa69897765787aa3677a662445
304750 1 33 10 6 1 2 0 0 0  aaa99995698a8885389aa49897777387aa2666a447565
304756 1 33 10 6 2 2 0 0 0  aaa99995498a8884489aa69897777387aa3666a257565
304768 1 33 10 6 4 2 0 0 0  aaa99995498a8884489aa69897777387aa3266a657565
304774 1 33 10 6 5 2 0 0 0  aaa99995498a8884489aa69897777387aa3265a657665
304786 1 33 10 7 1 2 0 0 0  aaa99995698a8885489aa79897774487aa3627a663565
304790 1 33 10 7 2 1 0 0 0  aaa99996598a8886489aa79897774487aa3657a663552
304828 1 33 10 8 2 2 0 0 0  aaa99995498a8884489aa69897775787aa3627a663565
304900 1 33 10 10 2 2 0 0 0  aaa99995498a8884489aa69896766387aa3725a777565
305093 1 33 11 4 4 2 1 0 0  aaa99997498a8888489aa59897773326aa6657a664557
305317 1 33 12 0 0 0 1 0 0  aaa99998498a8887729aa79797668456aa6567a533548
305321 1 33 12 0 0 2 1 0 0  aaa99998498a8887729aa79797668466aa4537a555638
305347 1 33 12 0 5 0 1 0 0  aaa99998598a8887729aa79797658536aa4637a664548
305351 1 33 12 0 5 2 1 0 0  aaa99998498a8887729aa79797658436aa3657a664558
305414 1 33 12 2 4 1 0 0 0  aaa99998598a8884479aa79797668376aa3654a762558
305681 1 33 12 10 0 2 1 0 0  aaa99998698a8886629aa59496758437aa3756a777548
305711 1 33 12 10 5 2 1 0 0  aaa99998598a8882549aa69594768437aa5763a777668
305713 1 33 13 0 0 0 1 0 0  aaa99997798a8886689aa59893748772aa6637a565445
305717 1 33 13 0 0 2 1 0 0  aaa99997798a8886689aa59892758774aa6657a464533
305856 1 33 13 4 0 0 0 0 0  aaa99997598a8887489aa69897778366aa3567a562454
305858 1 33 13 4 0 1 0 0 0  aaa99997598a8887489aa69897778366aa3567a565442
305870 1 33 13 4 2 1 0 0 0  aaa99997498a8887389aa59897778366aa6557a662454
305882 1 33 13 4 4 1 0 0 0  aaa99997498a8887389aa59897778356aa6657a662454
305884 1 33 13 4 4 2 0 0 0  aaa99997598a8887589aa49897778546aa6647a665332
305888 1 33 13 4 5 1 0 0 0  aaa99997498a8887389aa59897778356aa2657a666454
306230 1 33 14 3 2 1 0 0 0  aaa99995498a8885389aa79597678876aa3767a644625
306232 1 33 14 3 2 2 0 0 0  aaa99994598a8883589aa79597678876aa5767a644623
306238 1 33 14 3 3 2 0 0 0  aaa99995498a8885389aa79397678876aa6767a652445
306278 1 33 14 4 4 1 0 0 0  aaa99997498a8887389aa59397778856aa6657a662454
306280 1 33 14 4 4 2 0 0 0  aaa99997598a8887589aa49597778846aa6647a665332
306412 1 33 14 8 2 2 0 0 0  aaa99995498a8885389aa69397678876aa7767a652445
306415 1 33 14 8 3 0 1 0 0  aaa99996598a8885589aa69497678872aa7737a664534
306554 1 33 15 1 2 1 0 0 0  aaa99995498a8877789aa69597785386aa3678a644625
306556 1 33 15 1 2 2 0 0 0  aaa99994598a8877789aa69597783586aa5678a644623
306562 1 33 15 1 3 2 0 0 0  aaa99995498a8877789aa69397785386aa6678a652445
306596 1 33 15 2 3 1 0 0 0  aaa99997498a8877789aa49497686686aa3578a553652
306602 1 33 15 2 4 1 0 0 0  aaa99997598a8877789aa59497686386aa3678a644552
306608 1 33 15 2 5 1 0 0 0  aaa99997598a8877789aa59497684486aa3678a663552
306626 1 33 15 3 2 1 0 0 0  aaa99995498a8875389aa69597787786aa3678a644625
306628 1 33 15 3 2 2 0 0 0  aaa99994598a8873589aa69597787786aa5678a644623
306634 1 33 15 3 3 2 0 0 0  aaa99995498a8875389aa69397787786aa6678a652445
306686 1 33 15 5 0 1 0 0 0  aaa99997598a8877789aa79496586386aa3678a545624
306688 1 33 15 5 0 2 0 0 0  aaa99997598a8877789aa79596486586aa5678a433642
306696 1 33 15 5 2 0 0 0 0  aaa99997598a8877789aa79496686386aa3478a654552
306698 1 33 15 5 2 1 0 0 0  aaa99997598a8877789aa79496686386aa3578a655442
306706 1 33 15 5 3 2 0 0 0  aaa99997498a8877789aa79396586685aa3678a545624
306714 1 33 15 5 5 0 0 0 0  aaa99997598a8877789aa79494685486aa3678a663552
306716 1 33 15 5 5 1 0 0 0  aaa99997598a8877789aa79495685586aa3678a663442
306842 1 33 15 9 2 1 0 0 0  aaa99995498a8866689aa69395785787aa3768a772445
306844 1 33 15 9 2 2 0 0 0  aaa99994598a8866689aa69594784787aa5768a775332
306854 1 33 15 9 4 1 0 0 0  aaa99994498a8865689aa69495785787aa3768a773625
306856 1 33 15 9 4 2 0 0 0  aaa99994598a8863689aa69594784787aa5768a775623
306860 1 33 15 9 5 1 0 0 0  aaa99995498a8864489aa69395785787aa3768a772665
306862 1 33 15 9 5 2 0 0 0  aaa99994598a8863589aa69594784787aa5768a772663
306950 1 33 16 1 2 1 0 0 0  aaa99995498a8877789aa69597784486aa3675a683625
306952 1 33 16 1 2 2 0 0 0  aaa99994598a8877789aa69597783586aa5673a684624
306998 1 33 16 2 4 1 0 0 0  aaa99997598a8877789aa59497686386aa3674a682554
307022 1 33 16 3 2 1 0 0 0  aaa99995498a8874489aa69597787786aa3675a683625
307024 1 33 16 3 2 2 0 0 0  aaa99994598a8873589aa69597787786aa5673a684624
307092 1 33 16 5 2 0 0 0 0  aaa99997598a8877789aa79496686386aa3575a685442
307094 1 33 16 5 2 1 0 0 0  aaa99997598a8877789aa79496686386aa3475a684525
307152 1 33 16 7 0 0 0 0 0  aaa99997498a8877789aa79396685786aa3565a485642
307274 1 33 16 10 2 1 0 0 0  aaa99995498a8874489aa79396686386aa2575a786775
307276 1 33 16 10 2 2 0 0 0  aaa99994598a8873589aa79596686586aa2474a786773
307372 1 33 17 2 0 2 0 0 0  aaa99997698a8886689aa59497778387aa3657a562454
307376 1 33 17 2 1 1 0 0 0  aaa99997598a8884489aa69497778387aa3667a566552
307380 1 33 17 2 2 0 0 0 0  aaa99997598a8884489aa69497778387aa3657a662565
307382 1 33 17 2 2 1 0 0 0  aaa99997598a8885589aa69597778387aa3647a662464
307388 1 33 17 2 3 1 0 0 0  aaa99997598a8886489aa59397778387aa2667a566454
307390 1 33 17 2 3 2 0 0 0  aaa99997598a8886589aa49597778587aa2667a366434
307394 1 33 17 2 4 1 0 0 0  aaa99997598a8884489aa69497778387aa3657a666552
307400 1 33 17 2 5 1 0 0 0  aaa99997598a8884489aa69497778387aa3567a655662
307452 1 33 17 4 2 0 0 0 0  aaa99997598a8887489aa69397778386aa2657a644565
307460 1 33 17 4 3 1 0 0 0  aaa99997598a8887489aa59397778386aa6667a562454
307462 1 33 17 4 3 2 0 0 0  aaa99997598a8887589aa49597778586aa6667a464332
307466 1 33 17 4 4 1 0 0 0  aaa99997598a8887489aa59397778386aa6657a662454
307468 1 33 17 4 4 2 0 0 0  aaa99997598a8887589aa49597778586aa6637a662434
307472 1 33 17 4 5 1 0 0 0  aaa99997598a8887489aa59397778386aa2657a666454
307474 1 33 17 4 5 2 0 0 0  aaa99997598a8887589aa49597778586aa2637a666434
307490 1 33 17 5 2 1 0 0 0  aaa99995498a8885389aa69597768787aa3677a662445
307492 1 33 17 5 2 2 0 0 0  aaa99994598a8883589aa69597768787aa5677a662443
307496 1 33 17 5 3 1 0 0 0  aaa99996598a8884489aa69497758787aa3677a663552
307556 1 33 17 7 1 1 0 0 0  aaa99995698a8884489aa79497778387aa3657a662565
307558 1 33 17 7 1 2 0 0 0  aaa99994698a8883589aa79597778587aa5647a662463
307560 1 33 17 7 2 0 0 0 0  aaa99996598a8885589aa79497778387aa3647a662546
307562 1 33 17 7 2 1 0 0 0  aaa99996598a8886589aa79497778387aa3657a662454
307568 1 33 17 7 3 1 0 0 0  aaa99996598a8884489aa79497778387aa3667a566552
307574 1 33 17 7 4 1 0 0 0  aaa99996598a8884489aa79497778387aa3657a666552
307598 1 33 17 8 2 1 0 0 0  aaa99995498a8884489aa69397778787aa3657a662565
307600 1 33 17 8 2 2 0 0 0  aaa99994598a8883589aa69597778787aa5647a662463
307634 1 33 17 9 2 1 0 0 0  aaa99995498a8884489aa69396758787aa3766a772565
307636 1 33 17 9 2 2 0 0 0  aaa99994598a8883589aa69596748787aa5766a772463
307640 1 33 17 9 3 1 0 0 0  aaa99996598a8884489aa69496758787aa3766a773552
307646 1 33 17 9 4 1 0 0 0  aaa99995498a8884489aa69695768787aa3765a773625
307648 1 33 17 9 4 2 0 0 0  aaa99994598a8883589aa69694768787aa5764a775623
307652 1 33 17 9 5 1 0 0 0  aaa99995498a8884489aa69395768787aa3765a772665
307654 1 33 17 9 5 2 0 0 0  aaa99994598a8883589aa69594768787aa5764a772663
307772 1 33 18 2 1 1 0 0 0  aaa99994698a8888489aa59397772875aa7666a576534
307774 1 33 18 2 1 2 0 0 0  aaa99995698a8888389aa49497775872aa7666a476535
307844 1 33 18 4 1 1 0 0 0  aaa99997498a8888389aa69397775866aa6567a552447
307851 1 33 18 4 2 1 1 0 0  aaa99997498a8888489aa59597772866aa6357a663547
307862 1 33 18 4 4 1 0 0 0  aaa99997498a8888389aa49497772856aa6657a663557
307863 1 33 18 4 4 1 1 0 0  aaa99997498a8888489aa59497772856aa6657a663537
307864 1 33 18 4 4 2 0 0 0  aaa99997598a8888589aa49597772846aa6647a665337
307865 1 33 18 4 4 2 1 0 0  aaa99997598a8888589aa49597773826aa6647a665347
307869 1 33 18 4 5 1 1 0 0  aaa99997498a8888489aa59597772836aa3657a666547
308244 1 33 19 4 2 0 0 0 0  aaa99997598a8887489aa69397774486aa3657a682565
308252 1 33 19 4 3 1 0 0 0  aaa99997598a8887489aa69397774486aa6657a683552
308258 1 33 19 4 4 1 0 0 0  aaa99997598a8887489aa69397774486aa3657a686552
308284 1 33 19 5 2 2 0 0 0  aaa99995498a8885389aa69397765787aa2677a686445
308318 1 33 19 6 2 1 0 0 0  aaa99995498a8884489aa69397777387aa2666a587565
308320 1 33 19 6 2 2 0 0 0  aaa99994598a8883589aa69597777587aa2666a487463
308324 1 33 19 6 3 1 0 0 0  aaa99996598a8884489aa69497777387aa3666a587552
308330 1 33 19 6 4 1 0 0 0  aaa99995498a8884489aa69697777387aa3565a687625
308332 1 33 19 6 4 2 0 0 0  aaa99994598a8883589aa69697777587aa5464a687623
308336 1 33 19 6 5 1 0 0 0  aaa99995498a8884489aa69397777387aa2565a687665
308338 1 33 19 6 5 2 0 0 0  aaa99994598a8883589aa69597777587aa2464a687663
308380 1 33 19 8 0 2 0 0 0  aaa99996698a8883689aa69597773787aa5447a285645
308462 1 33 19 10 2 1 0 0 0  aaa99995498a8884489aa79396676386aa2575a786775
308464 1 33 19 10 2 2 0 0 0  aaa99994598a8883589aa79596676586aa2474a786773
308564 1 33 20 2 1 1 0 0 0  aaa99997598a8888489aa69397774487aa3667a566552
308568 1 33 20 2 2 0 0 0 0  aaa99997598a8888489aa69397774487aa3657a662565
308570 1 33 20 2 2 1 0 0 0  aaa99997598a8888589aa69397775587aa3647a662464
308576 1 33 20 2 3 1 0 0 0  aaa99997598a8888489aa59397776387aa2667a566454
308578 1 33 20 2 3 2 0 0 0  aaa99997598a8888589aa49597776587aa2667a366434
308582 1 33 20 2 4 1 0 0 0  aaa99997598a8888489aa69397774487aa3657a666552
308588 1 33 20 2 5 1 0 0 0  aaa99997598a8888489aa69397774487aa3567a655662
308678 1 33 20 5 2 1 0 0 0  aaa99995498a8888589aa69397765787aa3677a662445
308680 1 33 20 5 2 2 0 0 0  aaa99994598a8888589aa69597763787aa5677a662443
308714 1 33 20 6 2 1 0 0 0  aaa99994498a8888589aa69497777387aa3666a257565
308716 1 33 20 6 2 2 0 0 0  aaa99994598a8888589aa69597777587aa2666a447363
308726 1 33 20 6 4 1 0 0 0  aaa99994498a8888589aa69697777487aa3265a657635
308728 1 33 20 6 4 2 0 0 0  aaa99994598a8888589aa69697777587aa5464a637623
308732 1 33 20 6 5 1 0 0 0  aaa99994498a8888589aa69497777387aa3265a657665
308734 1 33 20 6 5 2 0 0 0  aaa99994598a8888589aa69597777587aa2464a637663
308744 1 33 20 7 1 1 0 0 0  aaa99995698a8888489aa79397774487aa3657a662565
308746 1 33 20 7 1 2 0 0 0  aaa99994698a8888589aa79597773587aa5647a662463
308748 1 33 20 7 2 0 0 0 0  aaa99996598a8888489aa79397775587aa3647a662546
308750 1 33 20 7 2 1 0 0 0  aaa99996598a8888589aa79497776387aa3657a662454
308756 1 33 20 7 3 1 0 0 0  aaa99996598a8888489aa79397774487aa3667a566552
308762 1 33 20 7 4 1 0 0 0  aaa99996598a8888489aa79397774487aa3657a666552
308786 1 33 20 8 2 1 0 0 0  aaa99994498a8888489aa69397775787aa3657a662565
308788 1 33 20 8 2 2 0 0 0  aaa99994598a8888589aa69597773787aa5647a662463
308858 1 33 20 10 2 1 0 0 0  aaa99994498a8888589aa69496766387aa3725a777565
308860 1 33 20 10 2 2 0 0 0  aaa99994598a8888589aa69596766587aa2744a777363
309039 1 33 21 4 2 1 1 0 0  aaa99997498a8888889aa59597772466aa6357a663547
309051 1 33 21 4 4 1 1 0 0  aaa99997498a8888889aa59597773326aa6657a664547
309053 1 33 21 4 4 2 1 0 0  aaa99997498a8888889aa59497773326aa6657a664557
309057 1 33 21 4 5 1 1 0 0  aaa99997498a8888889aa59597772436aa3657a666547
309435 1 33 22 4 2 1 1 0 0  aaa99997498a7772489aa59598888866aa6357a663547
309447 1 33 22 4 4 1 1 0 0  aaa99997498a7773389aa59598888826aa6657a664547
309449 1 33 22 4 4 2 1 0 0  aaa99997498a7773389aa59498888826aa6657a664557
309453 1 33 22 4 5 1 1 0 0  aaa99997498a7772489aa59598888836aa3657a666547
309785 1 34 0 3 0 2 1 0 0  aaa99998898a7778729aa87898669466aa4537a555634
309810 1 34 0 3 5 0 0 0 0  aaa99998898a7778729aa87898659546aa4657a665343
309811 1 34 0 3 5 0 1 0 0  aaa99998898a7778729aa87898659536aa5637a664544
309815 1 34 0 3 5 2 1 0 0  aaa99998898a7778729aa87898659436aa3657a664554
309817 1 34 0 4 0 0 1 0 0  aaa99998898a7778429aa87898669456aa6567a533547
309821 1 34 0 4 0 2 1 0 0  aaa99998898a7778429aa87898669466aa4537a555637
309847 1 34 0 4 5 0 1 0 0  aaa99998898a7778529aa87898659536aa4637a664547
309851 1 34 0 4 5 2 1 0 0  aaa99998898a7778429aa87898659436aa3657a664557
310038 1 34 0 10 1 0 0 0 0  aaa99998898a6768629aa86898759547aa4756a775343
310039 1 34 0 10 1 0 1 0 0  aaa99998898a6768629aa86898759537aa5736a774544
310043 1 34 0 10 1 2 1 0 0  aaa99998898a6768629aa86898759437aa3756a774554
310084 1 34 1 0 2 2 0 0 0  aaa99998498a8877389aa87797579366aa6566a545824
310096 1 34 1 0 4 2 0 0 0  aaa99998498a8877389aa87797579365aa6666a545824
310100 1 34 1 0 5 1 0 0 0  aaa99998598a8877589aa87797679356aa5644a663842
310118 1 34 1 1 2 1 0 0 0  aaa99998598a8877789aa84497679476aa3666a555832
310136 1 34 1 1 5 1 0 0 0  aaa99998598a8877789aa85497679376aa3645a662845
310156 1 34 1 2 2 2 0 0 0  aaa99998498a8877789aa87397579366aa6566a545824
310168 1 34 1 2 4 2 0 0 0  aaa99998498a8877789aa87397579365aa6666a545824
310172 1 34 1 2 5 1 0 0 0  aaa99998598a8877789aa87597679356aa5644a663842
310264 1 34 1 5 2 2 0 0 0  aaa99998498a8877789aa87396679665aa3576a545824
310276 1 34 1 5 4 2 0 0 0  aaa99998498a8877789aa87396579665aa3676a545824
310280 1 34 1 5 5 1 0 0 0  aaa99998598a8877789aa87595679546aa4674a663832
310286 1 34 1 6 0 1 0 0 0  aaa99998598a8866489aa86397779775aa3667a545824
310288 1 34 1 6 0 2 0 0 0  aaa99998598a8866589aa86597779774aa5667a433842
310306 1 34 1 6 3 2 0 0 0  aaa99998498a8866689aa86397779775aa3567a545824
310308 1 34 1 6 4 0 0 0 0  aaa99998498a8855389aa84497779776aa6657a663825
310314 1 34 1 6 5 0 0 0 0  aaa99998498a8855389aa84497779776aa3657a666825
310354 1 34 1 7 5 2 0 0 0  aaa99998798a8877789aa87496579365aa3666a545824
310380 1 34 1 8 4 0 0 0 0  aaa99998498a8855389aa84497779776aa3656a676825
310394 1 34 1 9 0 1 0 0 0  aaa99998598a8866489aa86397669775aa3777a545824
310396 1 34 1 9 0 2 0 0 0  aaa99998598a8866589aa86597669774aa5777a433842
310414 1 34 1 9 3 2 0 0 0  aaa99998498a8866689aa86397569775aa3777a545824
310416 1 34 1 9 4 0 0 0 0  aaa99998498a8855389aa84497669776aa3777a566825
310422 1 34 1 9 5 0 0 0 0  aaa99998498a8855389aa84497659776aa3777a666825
310430 1 34 1 10 0 1 0 0 0  aaa99998598a8866589aa86396769357aa5744a777842
310450 1 34 1 10 3 2 0 0 0  aaa99998598a8866689aa86594769537aa5743a777842
310452 1 34 1 10 4 0 0 0 0  aaa99998498a8855389aa84496759667aa3766a777825
310501 1 34 2 1 0 0 1 0 0  aaa99996698a8877789aa83697579574aa5626a544883
310528 1 34 2 1 4 2 0 0 0  aaa99995498a8877789aa85397679676aa3625a644885
310532 1 34 2 1 5 1 0 0 0  aaa99995498a8877789aa84497679376aa3655a662885
310534 1 34 2 1 5 2 0 0 0  aaa99994598a8877789aa83597679576aa5644a662883
310546 1 34 2 2 1 2 0 0 0  aaa99997498a8877789aa86397579366aa6526a545884
310576 1 34 2 3 0 2 0 0 0  aaa99997498a8866389aa86397779765aa2567a545884
310596 1 34 2 3 4 0 0 0 0  aaa99997498a8855389aa84497779726aa6657a663885
310912 1 34 3 1 2 2 0 0 0  aaa99995498a8877789aa85397679386aa2765a644865
310918 1 34 3 1 3 2 0 0 0  aaa99995498a8877789aa85397679686aa3765a644825
310946 1 34 3 2 2 1 0 0 0  aaa99997598a8877789aa84497679486aa3666a555832
310964 1 34 3 2 5 1 0 0 0  aaa99997598a8877789aa85497679386aa3645a662845
310970 1 34 3 3 0 1 0 0 0  aaa99997598a8866489aa86397779785aa3667a545824
310972 1 34 3 3 0 2 0 0 0  aaa99997598a8866589aa86597779784aa5667a433842
310990 1 34 3 3 3 2 0 0 0  aaa99997498a8866689aa86397779785aa3567a545824
310992 1 34 3 3 4 0 0 0 0  aaa99997498a8855389aa84497779786aa6657a663825
310998 1 34 3 3 5 0 0 0 0  aaa99997498a8855389aa84497779786aa3657a666825
311050 1 34 3 5 1 2 0 0 0  aaa99997498a8877789aa86396679685aa3576a545824
311066 1 34 3 5 4 1 0 0 0  aaa99997498a8877789aa85395679686aa3675a644825
311068 1 34 3 5 4 2 0 0 0  aaa99997598a8877789aa84594679686aa5674a635823
311072 1 34 3 5 5 1 0 0 0  aaa99997598a8877789aa85494679486aa3675a663825
311198 1 34 3 9 2 1 0 0 0  aaa99995498a8866689aa84495769787aa3765a773825
311200 1 34 3 9 2 2 0 0 0  aaa99994598a8866689aa83594769787aa5764a775823
311210 1 34 3 9 4 1 0 0 0  aaa99995498a8866389aa84495769787aa3765a772865
311212 1 34 3 9 4 2 0 0 0  aaa99994598a8866589aa83594769787aa5764a772863
311216 1 34 3 9 5 1 0 0 0  aaa99996598a8846489aa86492759787aa3756a773856
311218 1 34 3 9 5 2 0 0 0  aaa99996598a8846589aa86594749787aa5736a772836
311306 1 34 4 1 2 1 0 0 0  aaa99995498a8877789aa88597679386aa3765a644625
311308 1 34 4 1 2 2 0 0 0  aaa99994598a8877789aa88597679586aa5763a644623
311314 1 34 4 1 3 2 0 0 0  aaa99995498a8877789aa88397679686aa3765a652445
311438 1 34 4 5 0 1 0 0 0  aaa99997598a8877789aa88496679386aa3576a545624
311440 1 34 4 5 0 2 0 0 0  aaa99997598a8877789aa88596679586aa5476a433642
311446 1 34 4 5 1 2 0 0 0  aaa99997498a8877789aa88396679685aa3576a545624
311462 1 34 4 5 4 1 0 0 0  aaa99997498a8877789aa88395679686aa3675a652445
311464 1 34 4 5 4 2 0 0 0  aaa99997598a8877789aa88594679686aa5674a645332
311468 1 34 4 5 5 1 0 0 0  aaa99997598a8877789aa88494679486aa3675a663525
311594 1 34 4 9 2 1 0 0 0  aaa99995498a8866689aa88395769787aa3765a772445
311596 1 34 4 9 2 2 0 0 0  aaa99994598a8866689aa88594769787aa5764a775332
311598 1 34 4 9 3 0 0 0 0  aaa99996598a8866689aa88495769787aa3754a773254
311606 1 34 4 9 4 1 0 0 0  aaa99994498a8865689aa88495769787aa3765a773625
311608 1 34 4 9 4 2 0 0 0  aaa99994598a8863689aa88594769787aa5764a775623
311612 1 34 4 9 5 1 0 0 0  aaa99995498a8864489aa88395769787aa3765a772665
311614 1 34 4 9 5 2 0 0 0  aaa99994598a8863589aa88594769787aa5764a772663
311702 1 34 5 1 2 1 0 0 0  aaa99995498a8877789aa68597789386aa3675a644625
311704 1 34 5 1 2 2 0 0 0  aaa99994598a8877789aa68597789586aa5673a644623
311756 1 34 5 2 5 1 0 0 0  aaa99997598a8877789aa58497689386aa3674a662554
311810 1 34 5 4 2 1 0 0 0  aaa99995498a8877789aa68597689386aa3775a644625
311812 1 34 5 4 2 2 0 0 0  aaa99994598a8877789aa68597689586aa5773a644623
311818 1 34 5 4 3 2 0 0 0  aaa99995498a8877789aa68397689686aa3775a652445
311834 1 34 5 5 0 1 0 0 0  aaa99997598a8877789aa78496689386aa3576a545624
311836 1 34 5 5 0 2 0 0 0  aaa99997598a8877789aa78596689586aa5476a433642
311842 1 34 5 5 1 2 0 0 0  aaa99997498a8877789aa78396689685aa3576a545624
311858 1 34 5 5 4 1 0 0 0  aaa99997498a8877789aa78395689686aa3675a652445
311860 1 34 5 5 4 2 0 0 0  aaa99997598a8877789aa78594689686aa5674a645332
311864 1 34 5 5 5 1 0 0 0  aaa99997598a8877789aa78494689486aa3675a663525
311934 1 34 5 7 5 0 0 0 0  aaa99997598a8877789aa78495689786aa3654a663254
311990 1 34 5 9 2 1 0 0 0  aaa99995498a8866689aa68395789787aa3765a772445
311992 1 34 5 9 2 2 0 0 0  aaa99994598a8866689aa68594789787aa5764a775332
311994 1 34 5 9 3 0 0 0 0  aaa99996598a8866689aa68495789787aa3754a773254
312002 1 34 5 9 4 1 0 0 0  aaa99994498a8865689aa68495789787aa3765a773625
312004 1 34 5 9 4 2 0 0 0  aaa99994598a8863689aa68594789787aa5764a775623
312008 1 34 5 9 5 1 0 0 0  aaa99995498a8864489aa68395789787aa3765a772665
312010 1 34 5 9 5 2 0 0 0  aaa99994598a8863589aa68594789787aa5764a772663
312100 1 34 6 1 2 2 0 0 0  aaa99995498a8877789aa85397679386aa8765a644625
312256 1 34 6 5 4 2 0 0 0  aaa99997498a8877789aa85392679686aa8675a653445
312388 1 34 6 9 2 2 0 0 0  aaa99995498a8866689aa85392769787aa8765a773445
312400 1 34 6 9 4 2 0 0 0  aaa99995498a8865689aa84492769787aa8765a773635
312406 1 34 6 9 5 2 0 0 0  aaa99995498a8865389aa84492769787aa8765a773665
312536 1 34 7 2 3 1 0 0 0  aaa99998598a8884489aa68497779376aa7666a573552
312578 1 34 7 3 4 1 0 0 0  aaa99998498a8887389aa58397779756aa6657a662454
312580 1 34 7 3 4 2 0 0 0  aaa99998598a8887589aa48597779746aa6647a665332
312594 1 34 7 4 1 0 0 0 0  aaa99998598a8887389aa68397779266aa6467a455547
312596 1 34 7 4 1 1 0 0 0  aaa99998498a8887389aa68397779266aa6567a455547
312614 1 34 7 4 4 1 0 0 0  aaa99998498a8887389aa48497779356aa6657a662557
312616 1 34 7 4 4 2 0 0 0  aaa99998598a8887589aa48597779546aa6647a662337
312628 1 34 7 5 0 2 0 0 0  aaa99998698a8886689aa58497779376aa3257a567454
312704 1 34 7 7 1 1 0 0 0  aaa99998598a8884489aa78497779376aa6666a573552
312710 1 34 7 7 2 1 0 0 0  aaa99998598a8884489aa78497779376aa3666a576552
312716 1 34 7 7 3 1 0 0 0  aaa99998598a8885489aa78397779376aa2666a474565
312722 1 34 7 7 4 1 0 0 0  aaa99998598a8884489aa78497779376aa3656a676552
312752 1 34 7 8 3 1 0 0 0  aaa99998598a8884489aa68497779776aa3666a573552
312776 1 34 7 9 1 1 0 0 0  aaa99998598a8884489aa68497669776aa3777a563552
312890 1 34 8 1 2 1 0 0 0  aaa99995498a8877789aa68597679386aa3785a644625
312892 1 34 8 1 2 2 0 0 0  aaa99994598a8877789aa68597679586aa5783a644623
312898 1 34 8 1 3 2 0 0 0  aaa99995498a8877789aa68397679686aa3785a652445
312944 1 34 8 2 5 1 0 0 0  aaa99997598a8877789aa58497679386aa3684a662554
312998 1 34 8 4 2 1 0 0 0  aaa99995498a8877789aa68597779386aa3685a644625
313000 1 34 8 4 2 2 0 0 0  aaa99994598a8877789aa68597779586aa5683a644623
313022 1 34 8 5 0 1 0 0 0  aaa99997598a8877789aa78496679386aa3586a545624
313024 1 34 8 5 0 2 0 0 0  aaa99997598a8877789aa78596679586aa5486a433642
313030 1 34 8 5 1 2 0 0 0  aaa99997498a8877789aa78396679685aa3586a545624
313046 1 34 8 5 4 1 0 0 0  aaa99997498a8877789aa78395679686aa3685a652445
313048 1 34 8 5 4 2 0 0 0  aaa99997598a8877789aa78594679686aa5684a645332
313052 1 34 8 5 5 1 0 0 0  aaa99997598a8877789aa78494679486aa3685a663525
313094 1 34 8 7 0 1 0 0 0  aaa99997498a8877789aa78396659786aa3586a545624
313118 1 34 8 7 4 1 0 0 0  aaa99997598a8877789aa78394669786aa3684a562554
313178 1 34 8 9 2 1 0 0 0  aaa99995498a8866689aa68395769787aa3785a772445
313180 1 34 8 9 2 2 0 0 0  aaa99994598a8866689aa68594769787aa5784a775332
313190 1 34 8 9 4 1 0 0 0  aaa99994498a8865689aa68495769787aa3785a773625
313192 1 34 8 9 4 2 0 0 0  aaa99994598a8863689aa68594769787aa5784a775623
313196 1 34 8 9 5 1 0 0 0  aaa99995498a8864489aa68395769787aa3785a772665
313198 1 34 8 9 5 2 0 0 0  aaa99994598a8863589aa68594769787aa5784a772663
313286 1 34 9 1 2 1 0 0 0  aaa99996598a8877789aa58497679386aa3756a862454
313288 1 34 9 1 2 2 0 0 0  aaa99996598a8877789aa48597679586aa5736a862434
313322 1 34 9 2 2 1 0 0 0  aaa99997598a8877789aa58497679386aa3666a844552
313328 1 34 9 2 3 1 0 0 0  aaa99997598a8877789aa68497679385aa3666a855442
313400 1 34 9 4 3 1 0 0 0  aaa99995498a8877789aa68597779386aa3666a852445
313402 1 34 9 4 3 2 0 0 0  aaa99994598a8877789aa68597779586aa5666a844332
313622 1 34 9 10 4 1 0 0 0  aaa99995498a8874489aa78395679686aa3675a862775
313624 1 34 9 10 4 2 0 0 0  aaa99994598a8873589aa78594679686aa5674a862773
313708 1 34 10 2 0 2 0 0 0  aaa99997698a8886689aa58497779387aa3657a562454
313712 1 34 10 2 1 1 0 0 0  aaa99997598a8884489aa68497779387aa3667a566552
313716 1 34 10 2 2 0 0 0 0  aaa99997598a8884489aa68497779387aa3657a662565
313718 1 34 10 2 2 1 0 0 0  aaa99997598a8885589aa68597779387aa3647a662464
313724 1 34 10 2 3 1 0 0 0  aaa99997598a8886489aa58397779387aa2667a566454
313726 1 34 10 2 3 2 0 0 0  aaa99997598a8886589aa48597779587aa2667a366434
313730 1 34 10 2 4 1 0 0 0  aaa99997598a8884489aa68497779387aa3657a666552
313736 1 34 10 2 5 1 0 0 0  aaa99997598a8884489aa68497779387aa3567a655662
313788 1 34 10 4 2 0 0 0 0  aaa99997598a8887489aa68397779386aa2657a644565
313796 1 34 10 4 3 1 0 0 0  aaa99997598a8887489aa58397779386aa6667a562454
313798 1 34 10 4 3 2 0 0 0  aaa99997598a8887589aa48597779586aa6667a464332
313802 1 34 10 4 4 1 0 0 0  aaa99997598a8887489aa58397779386aa6657a662454
313804 1 34 10 4 4 2 0 0 0  aaa99997598a8887589aa48597779586aa6637a662434
313808 1 34 10 4 5 1 0 0 0  aaa99997598a8887489aa58397779386aa2657a666454
313810 1 34 10 4 5 2 0 0 0  aaa99997598a8887589aa48597779586aa2637a666434
313826 1 34 10 5 2 1 0 0 0  aaa99995498a8885389aa68597769787aa3677a662445
313828 1 34 10 5 2 2 0 0 0  aaa99994598a8883589aa68597769787aa5677a662443
313832 1 34 10 5 3 1 0 0 0  aaa99996598a8884489aa68497759787aa3677a663552
313892 1 34 10 7 1 1 0 0 0  aaa99995698a8884489aa78497779387aa3657a662565
313894 1 34 10 7 1 2 0 0 0  aaa99994698a8883589aa78597779587aa5647a662463
313896 1 34 10 7 2 0 0 0 0  aaa99996598a8885589aa78497779387aa3647a662546
313898 1 34 10 7 2 1 0 0 0  aaa99996598a8886589aa78497779387aa3657a662454
313904 1 34 10 7 3 1 0 0 0  aaa99996598a8884489aa78497779387aa3667a566552
313910 1 34 10 7 4 1 0 0 0  aaa99996598a8884489aa78497779387aa3657a666552
313934 1 34 10 8 2 1 0 0 0  aaa99995498a8884489aa68397779787aa3657a662565
313936 1 34 10 8 2 2 0 0 0  aaa99994598a8883589aa68597779787aa5647a662463
313970 1 34 10 9 2 1 0 0 0  aaa99995498a8884489aa68396759787aa3766a772565
313972 1 34 10 9 2 2 0 0 0  aaa99994598a8883589aa68596749787aa5766a772463
313976 1 34 10 9 3 1 0 0 0  aaa99996598a8884489aa68496759787aa3766a773552
313982 1 34 10 9 4 1 0 0 0  aaa99995498a8884489aa68695769787aa3765a773625
313984 1 34 10 9 4 2 0 0 0  aaa99994598a8883589aa68694769787aa5764a775623
313988 1 34 10 9 5 1 0 0 0  aaa99995498a8884489aa68395769787aa3765a772665
313990 1 34 10 9 5 2 0 0 0  aaa99994598a8883589aa68594769787aa5764a772663
314108 1 34 11 2 1 1 0 0 0  aaa99994698a8888489aa52897779375aa7666a576534
314110 1 34 11 2 1 2 0 0 0  aaa99995698a8888389aa45897779374aa7666a476525
314172 1 34 11 4 0 0 0 0 0  aaa99997598a8888489aa67897779366aa3567a562454
314174 1 34 11 4 0 1 0 0 0  aaa99997598a8888489aa67897779366aa3567a565442
314186 1 34 11 4 2 1 0 0 0  aaa99997498a8888389aa57897779366aa6557a662454
314198 1 34 11 4 4 1 0 0 0  aaa99997498a8888389aa57897779356aa6657a662454
314200 1 34 11 4 4 2 0 0 0  aaa99997598a8888589aa47897779546aa6647a665332
314204 1 34 11 4 5 1 0 0 0  aaa99997498a8888389aa57897779356aa2657a666454
314425 1 34 12 0 0 0 1 0 0  aaa99997798a8886689aa58893749772aa6637a565445
314429 1 34 12 0 0 2 1 0 0  aaa99997798a8886689aa58892759774aa6657a464533
314568 1 34 12 4 0 0 0 0 0  aaa99997598a8887489aa68897779366aa3567a562454
314570 1 34 12 4 0 1 0 0 0  aaa99997598a8887489aa68897779366aa3567a565442
314582 1 34 12 4 2 1 0 0 0  aaa99997498a8887389aa58897779366aa6557a662454
314594 1 34 12 4 4 1 0 0 0  aaa99997498a8887389aa58897779356aa6657a662454
314596 1 34 12 4 4 2 0 0 0  aaa99997598a8887589aa48897779546aa6647a665332
314600 1 34 12 4 5 1 0 0 0  aaa99997498a8887389aa58897779356aa2657a666454
314942 1 34 13 3 2 1 0 0 0  aaa99995498a8885389aa78597679876aa3767a644625
314944 1 34 13 3 2 2 0 0 0  aaa99994598a8883589aa78597679876aa5767a644623
314950 1 34 13 3 3 2 0 0 0  aaa99995498a8885389aa78397679876aa6767a652445
314990 1 34 13 4 4 1 0 0 0  aaa99997498a8887389aa58397779856aa6657a662454
314992 1 34 13 4 4 2 0 0 0  aaa99997598a8887589aa48597779846aa6647a665332
315124 1 34 13 8 2 2 0 0 0  aaa99995498a8885389aa68397679876aa7767a652445
315127 1 34 13 8 3 0 1 0 0  aaa99996598a8885589aa68497679872aa7737a664534
315406 1 34 14 5 1 2 0 0 0  aaa99997498a8878389aa77792589866aa6576a545634
315469 1 34 14 7 0 0 1 0 0  aaa99997498a8878489aa77796689826aa7565a533645
315736 1 34 15 3 2 2 0 0 0  aaa99995798a8866689aa65492789787aa3768a753445
315748 1 34 15 3 4 2 0 0 0  aaa99995798a8865689aa65492789787aa3768a744635
315754 1 34 15 3 5 2 0 0 0  aaa99995798a8865489aa65392789787aa3768a744665
315818 1 34 15 5 4 1 0 0 0  aaa99997598a8877789aa75492689686aa3678a653445
315820 1 34 15 5 4 2 0 0 0  aaa99997598a8877789aa74592689686aa5678a635443
315950 1 34 15 9 2 1 0 0 0  aaa99995498a8866689aa65392789787aa5768a773445
315952 1 34 15 9 2 2 0 0 0  aaa99994598a8866689aa63592789787aa5768a775443
315962 1 34 15 9 4 1 0 0 0  aaa99995498a8865689aa64492789787aa5768a773635
315964 1 34 15 9 4 2 0 0 0  aaa99994598a8863689aa63592789787aa5768a775644
315968 1 34 15 9 5 1 0 0 0  aaa99995498a8865389aa64492789787aa5768a773665
315970 1 34 15 9 5 2 0 0 0  aaa99994598a8863589aa63592789787aa5768a774664
316180 1 34 16 4 4 2 0 0 0  aaa99995498a8877789aa65397689386aa2775a686445
316214 1 34 16 5 4 1 0 0 0  aaa99997498a8877789aa75395689686aa3675a682445
316216 1 34 16 5 4 2 0 0 0  aaa99997598a8877789aa74594689686aa5674a685332
316456 1 34 17 1 2 2 0 0 0  aaa99995498a8885389aa77797679886aa3765a644625
316616 1 34 17 5 5 1 0 0 0  aaa99997498a8885389aa77795679886aa3675a662445
316618 1 34 17 5 5 2 0 0 0  aaa99997598a8884589aa77794679886aa5674a665332
316636 1 34 17 6 2 2 0 0 0  aaa99995498a8885389aa66697269887aa3777a657445
316648 1 34 17 6 4 2 0 0 0  aaa99995498a8884489aa65697269887aa3777a657635
316654 1 34 17 6 5 2 0 0 0  aaa99995498a8885389aa64497269887aa3777a657665
316668 1 34 17 7 2 0 0 0 0  aaa99997498a8885789aa77796579886aa3664a563524
316702 1 34 17 8 1 2 0 0 0  aaa99995698a8885489aa74497629887aa3777a663565
316706 1 34 17 8 2 1 0 0 0  aaa99996598a8886489aa74497659887aa3777a663552
316744 1 34 17 9 2 2 0 0 0  aaa99995498a8885389aa66692779887aa3765a677445
316756 1 34 17 9 4 2 0 0 0  aaa99995498a8884489aa65692779887aa3765a677635
316762 1 34 17 9 5 2 0 0 0  aaa99995498a8885389aa64492779887aa3765a677665
316780 1 34 17 10 2 2 0 0 0  aaa99995498a8885389aa66692769887aa3765a777445
316792 1 34 17 10 4 2 0 0 0  aaa99995498a8884489aa65692769887aa3765a777635
316798 1 34 17 10 5 2 0 0 0  aaa99995498a8885389aa64492769887aa3765a777665
316922 1 34 18 3 2 1 0 0 0  aaa99995498a8888589aa75397679876aa3767a644625
316924 1 34 18 3 2 2 0 0 0  aaa99994598a8888589aa73597679876aa5767a644623
316930 1 34 18 3 3 2 0 0 0  aaa99995498a8888389aa75397679876aa6767a652445
316990 1 34 18 5 1 2 0 0 0  aaa99997498a8888389aa77792579866aa6576a545634
317246 1 34 19 1 2 1 0 0 0  aaa99995498a8884489aa77797679586aa3765a683625
317248 1 34 19 1 2 2 0 0 0  aaa99994598a8883589aa77797679586aa5763a684624
317254 1 34 19 1 3 2 0 0 0  aaa99995498a8885389aa77797679686aa3765a682445
317260 1 34 19 1 4 2 0 0 0  aaa99995498a8885389aa77797679386aa2765a686445
317282 1 34 19 2 2 1 0 0 0  aaa99997598a8884489aa77797679486aa3666a583552
317402 1 34 19 5 4 1 0 0 0  aaa99997498a8885389aa77795679686aa3675a682445
317404 1 34 19 5 4 2 0 0 0  aaa99997598a8884589aa77794679686aa5674a685332
317448 1 34 19 7 0 0 0 0 0  aaa99997498a8885789aa77796679386aa3565a485642
317642 1 34 20 1 2 1 0 0 0  aaa99995498a8888589aa77797679386aa3765a644625
317644 1 34 20 1 2 2 0 0 0  aaa99994598a8888589aa77797679586aa5763a644623
317650 1 34 20 1 3 2 0 0 0  aaa99995498a8888389aa77797679686aa3765a652445
317774 1 34 20 5 0 1 0 0 0  aaa99997598a8888489aa77796679386aa3576a545624
317776 1 34 20 5 0 2 0 0 0  aaa99997598a8888589aa77796679586aa5476a433642
317782 1 34 20 5 1 2 0 0 0  aaa99997498a8888389aa77796679685aa3576a545624
317798 1 34 20 5 4 1 0 0 0  aaa99997498a8888389aa77795679686aa3675a652445
317800 1 34 20 5 4 2 0 0 0  aaa99997598a8888589aa77794679686aa5674a645332
317804 1 34 20 5 5 1 0 0 0  aaa99997598a8888489aa77794679486aa3675a663525
317930 1 34 20 9 2 1 0 0 0  aaa99995498a8888389aa66695769787aa3765a772445
317932 1 34 20 9 2 2 0 0 0  aaa99994598a8888589aa66694769787aa5764a775332
317934 1 34 20 9 3 0 0 0 0  aaa99996598a8888489aa66695769787aa3754a773254
317942 1 34 20 9 4 1 0 0 0  aaa99994498a8888489aa65695769787aa3765a773625
317944 1 34 20 9 4 2 0 0 0  aaa99994598a8888589aa63694769787aa5764a775623
317948 1 34 20 9 5 1 0 0 0  aaa99995498a8888389aa64495769787aa3765a772665
317950 1 34 20 9 5 2 0 0 0  aaa99994598a8888589aa63594769787aa5764a772663
318241 1 34 21 7 0 0 1 0 0  aaa99997498a8888889aa77796679426aa7565a533645
318580 1 34 22 5 2 2 0 0 0  aaa99995497a7875379aa66692869778aa3865a888445
318592 1 34 22 5 4 2 0 0 0  aaa99995497a7874479aa65692869778aa3865a888635
318598 1 34 22 5 5 2 0 0 0  aaa99995497a7875379aa64492869778aa3865a888665
319049 1 35 0 7 2 2 1 0 0  aaa99998878a9778479aa85898666427aa9675a356534
319055 1 35 0 7 3 2 1 0 0  aaa99998878a9778479aa85898666427aa9675a353564
319061 1 35 0 7 4 2 1 0 0  aaa99998878a9778479aa85898666627aa9675a354534
319067 1 35 0 7 5 2 1 0 0  aaa99998878a9778479aa85898635427aa9675a666534
319163 1 35 0 10 3 2 1 0 0  aaa99998868a9768669aa85898735427aa9765a774534
319196 1 35 1 0 3 1 0 0 0  aaa99998488a9877369aa87797676356aa9588a545624
319198 1 35 1 0 3 2 0 0 0  aaa99998588a9877569aa87797676546aa9488a435623
319206 1 35 1 0 5 0 0 0 0  aaa99998588a9877449aa87797675426aa9688a663553
319207 1 35 1 0 5 0 1 0 0  aaa99998588a9877439aa87797675326aa9688a664554
319208 1 35 1 0 5 1 0 0 0  aaa99998588a9877459aa87797675526aa9688a663443
319211 1 35 1 0 5 2 1 0 0  aaa99998588a9877549aa87797674426aa9688a665353
319280 1 35 1 2 5 1 0 0 0  aaa99998588a9877759aa87497675526aa9688a663443
319283 1 35 1 2 5 2 1 0 0  aaa99998588a9877749aa87597674426aa9688a665353
319292 1 35 1 3 1 1 0 0 0  aaa99998588a9867679aa87497775326aa9688a653445
319294 1 35 1 3 1 2 0 0 0  aaa99998588a9867679aa87597774526aa9688a635443
319296 1 35 1 3 2 0 0 0 0  aaa99998588a9867479aa87397775526aa9688a653464
319298 1 35 1 3 2 1 0 0 0  aaa99998588a9867579aa87497775526aa9688a644633
319310 1 35 1 3 4 1 0 0 0  aaa99998588a9857479aa87397774466aa9288a666553
319316 1 35 1 3 5 1 0 0 0  aaa99998588a9857479aa87397774426aa9688a666553
319346 1 35 1 4 4 1 0 0 0  aaa99998588a9877779aa85497676326aa9688a653445
319348 1 35 1 4 4 2 0 0 0  aaa99998588a9877779aa84597676526aa9688a635443
319352 1 35 1 4 5 1 0 0 0  aaa99998588a9877779aa85497675326aa9688a663445
319354 1 35 1 4 5 2 0 0 0  aaa99998588a9877779aa84597673526aa9688a665443
319392 1 35 1 6 0 0 0 0 0  aaa99998488a9866379aa87797776356aa9588a652445
319464 1 35 1 8 0 0 0 0 0  aaa99998588a9866479aa87397776376aa9488a654552
319466 1 35 1 8 0 1 0 0 0  aaa99998588a9866479aa87397776376aa9588a655442
319476 1 35 1 8 2 0 0 0 0  aaa99998488a9866679aa87397776375aa9488a564525
319478 1 35 1 8 2 1 0 0 0  aaa99998488a9866679aa87397776375aa9588a562454
319482 1 35 1 8 3 0 0 0 0  aaa99998588a9866679aa87497776374aa9288a654553
319484 1 35 1 8 3 1 0 0 0  aaa99998488a9866679aa87397776375aa9588a652445
319490 1 35 1 8 4 1 0 0 0  aaa99998588a9865479aa87397775376aa9688a662445
319492 1 35 1 8 4 2 0 0 0  aaa99998588a9864579aa87597773576aa9688a662443
319500 1 35 1 9 0 0 0 0 0  aaa99998488a9866379aa86797777356aa9588a652445
319536 1 35 1 10 0 0 0 0 0  aaa99998488a9866379aa86397777756aa9588a652445
319680 1 35 2 3 0 0 0 0 0  aaa99997588a9866479aa87397776386aa9488a654552
319682 1 35 2 3 0 1 0 0 0  aaa99997588a9866479aa87397776386aa9588a655442
319692 1 35 2 3 2 0 0 0 0  aaa99997488a9866679aa87397776385aa9488a564525
319694 1 35 2 3 2 1 0 0 0  aaa99997488a9866679aa87397776385aa9588a562454
319698 1 35 2 3 3 0 0 0 0  aaa99997588a9866679aa87497776384aa9288a654553
319700 1 35 2 3 3 1 0 0 0  aaa99997488a9866679aa87397776385aa9588a652445
319706 1 35 2 3 4 1 0 0 0  aaa99997588a9865479aa87397775386aa9688a662445
319708 1 35 2 3 4 2 0 0 0  aaa99997588a9864579aa87597773586aa9688a662443
319744 1 35 2 4 4 2 0 0 0  aaa99995488a9877779aa85397676386aa9688a652445
319750 1 35 2 4 5 2 0 0 0  aaa99995488a9877779aa85397675386aa9688a662445
319816 1 35 2 6 4 2 0 0 0  aaa99995488a9865379aa87797775386aa9688a662445
319924 1 35 2 9 4 2 0 0 0  aaa99995488a9865379aa85797777386aa9688a662445
319960 1 35 2 10 4 2 0 0 0  aaa99995488a9865379aa85397777786aa9688a662445
319971 1 35 3 0 0 1 1 0 0  aaa99998688a9877429aa87798776665aa9556a354834
319973 1 35 3 0 0 2 1 0 0  aaa99998688a9877429aa87798776665aa9536a554834
320005 1 35 3 1 0 0 1 0 0  aaa99998688a9877769aa86398774657aa9526a543854
320035 1 35 3 1 5 0 1 0 0  aaa99998488a9877739aa86498776357aa9526a564856
320160 1 35 3 5 2 0 0 0 0  aaa99998588a9877769aa87498676326aa9675a455843
320162 1 35 3 5 2 1 0 0 0  aaa99998588a9877769aa87398676346aa9674a555824
320167 1 35 3 5 3 0 1 0 0  aaa99998488a9877769aa87698676426aa9575a533845
320173 1 35 3 5 4 0 1 0 0  aaa99998488a9877769aa87498676626aa9575a533845
320180 1 35 3 5 5 1 0 0 0  aaa99998588a9877759aa87398675546aa9674a663824
320183 1 35 3 5 5 2 1 0 0  aaa99998588a9877749aa87598674436aa9673a665852
320184 1 35 3 6 0 0 0 0 0  aaa99998588a9866479aa86398777367aa9765a455842
320186 1 35 3 6 0 1 0 0 0  aaa99998588a9866479aa86398777367aa9764a555824
320198 1 35 3 6 2 1 0 0 0  aaa99998488a9866679aa85398777357aa9765a644825
320200 1 35 3 6 2 2 0 0 0  aaa99998588a9866679aa84598777547aa9764a635823
320202 1 35 3 6 3 0 0 0 0  aaa99998588a9866679aa86498777327aa9765a455843
320204 1 35 3 6 3 1 0 0 0  aaa99998588a9866679aa86398777347aa9764a555824
320210 1 35 3 6 4 1 0 0 0  aaa99998488a9866379aa85398777257aa9765a644865
320212 1 35 3 6 4 2 0 0 0  aaa99998588a9866579aa84598777547aa9764a633862
320216 1 35 3 6 5 1 0 0 0  aaa99998488a9856379aa86398777257aa9756a464856
320218 1 35 3 6 5 2 0 0 0  aaa99998588a9846579aa86598777547aa9746a363826
320233 1 35 3 7 2 0 1 0 0  aaa99998788a9877769aa87498676426aa9655a533845
320275 1 35 3 8 3 0 1 0 0  aaa99998488a9866679aa86798777427aa9565a533845
320311 1 35 3 9 3 0 1 0 0  aaa99998488a9866679aa86498777727aa9565a533845
320345 1 35 3 10 2 2 1 0 0  aaa99998488a9866639aa85498765327aa9765a777845
320429 1 35 4 1 4 2 1 0 0  aaa99995488a9877739aa85498775367aa9666a256884
320433 1 35 4 1 5 1 1 0 0  aaa99996488a9877739aa86498776357aa9556a265884
320434 1 35 4 1 5 2 0 0 0  aaa99996588a9877729aa86598776547aa9436a364885
320435 1 35 4 1 5 2 1 0 0  aaa99996588a9877729aa86598776547aa9446a363885
320470 1 35 4 2 5 2 0 0 0  aaa99997588a9877779aa84598673546aa9624a665883
320518 1 35 4 4 1 2 0 0 0  aaa99995488a9877779aa85298774466aa9366a356885
320524 1 35 4 4 2 2 0 0 0  aaa99995488a9877779aa85298774463aa9665a366885
320536 1 35 4 4 4 2 0 0 0  aaa99995488a9877779aa85298774463aa9666a356885
320542 1 35 4 4 5 2 0 0 0  aaa99995488a9877779aa85298774436aa9635a666885
320579 1 35 4 5 5 2 1 0 0  aaa99997488a9877739aa85498675326aa9675a664885
320596 1 35 4 6 2 2 0 0 0  aaa99995488a9866679aa85398777327aa9765a644885
320606 1 35 4 6 4 1 0 0 0  aaa99996688a9846479aa86498777327aa9756a555883
320611 1 35 4 6 5 0 1 0 0  aaa99996588a9856579aa86498777427aa9756a363884
320612 1 35 4 6 5 1 0 0 0  aaa99996588a9856579aa86598777347aa9746a463882
320734 1 35 4 10 1 2 0 0 0  aaa99995488a9866669aa85298764437aa9735a777885
320741 1 35 4 10 2 2 1 0 0  aaa99995488a9866639aa85498765327aa9765a777884
320752 1 35 4 10 4 2 0 0 0  aaa99995488a9865269aa84498766637aa9735a777885
320756 1 35 4 10 5 1 0 0 0  aaa99996488a9846459aa86398756527aa9756a777883
320759 1 35 4 10 5 2 1 0 0  aaa99996588a9826549aa86598746437aa9736a777885
320785 1 35 5 0 4 0 1 0 0  aaa99997788a9877379aa88798666656aa9524a543584
320797 1 35 5 1 0 0 1 0 0  aaa99996688a9877769aa88398776357aa9524a546584
320815 1 35 5 1 3 0 1 0 0  aaa99996388a9877769aa88398776657aa9524a546584
320825 1 35 5 1 4 2 1 0 0  aaa99995488a9877739aa88498775367aa9666a256584
320829 1 35 5 1 5 1 1 0 0  aaa99996488a9877739aa88498776357aa9556a265684
320830 1 35 5 1 5 2 0 0 0  aaa99996588a9877729aa88598776547aa9436a364685
320831 1 35 5 1 5 2 1 0 0  aaa99996588a9877729aa88598776547aa9446a363685
320866 1 35 5 2 5 2 0 0 0  aaa99997588a9877779aa88598673546aa9643a665482
320914 1 35 5 4 1 2 0 0 0  aaa99995388a9877779aa88398775266aa9466a456485
320920 1 35 5 4 2 2 0 0 0  aaa99995388a9877779aa88398775264aa9665a466485
320932 1 35 5 4 4 2 0 0 0  aaa99995388a9877779aa88398775264aa9666a456485
320938 1 35 5 4 5 2 0 0 0  aaa99995388a9877779aa88398775246aa9645a666485
320975 1 35 5 5 5 2 1 0 0  aaa99997488a9877739aa88498675326aa9675a664585
320992 1 35 5 6 2 2 0 0 0  aaa99995488a9866679aa88398777327aa9765a644585
321004 1 35 5 6 4 2 0 0 0  aaa99995488a9865679aa88398777327aa9765a644685
321007 1 35 5 6 5 0 1 0 0  aaa99996588a9856579aa88498777427aa9756a363684
321008 1 35 5 6 5 1 0 0 0  aaa99996588a9856579aa88598777347aa9746a463682
321013 1 35 5 7 0 0 1 0 0  aaa99997288a9877739aa88798676366aa9455a544685
321037 1 35 5 7 4 0 1 0 0  aaa99997388a9877769aa88798676656aa9524a543584
321043 1 35 5 7 5 0 1 0 0  aaa99997588a9877729aa88798675546aa9644a663583
321049 1 35 5 8 0 0 1 0 0  aaa99996688a9866379aa88798777657aa9524a543584
321085 1 35 5 9 0 0 1 0 0  aaa99996688a9866379aa88698777757aa9524a543584
321121 1 35 5 10 0 0 1 0 0  aaa99996688a9866529aa88698754537aa9753a777484
321130 1 35 5 10 1 2 0 0 0  aaa99995388a9866669aa88398765247aa9745a777485
321137 1 35 5 10 2 2 1 0 0  aaa99995488a9866639aa88498765327aa9765a777584
321148 1 35 5 10 4 2 0 0 0  aaa99995388a9865369aa88298766647aa9745a777485
321152 1 35 5 10 5 1 0 0 0  aaa99996488a9846459aa88398756527aa9756a777683
321155 1 35 5 10 5 2 1 0 0  aaa99996588a9826549aa88598746437aa9736a777685
321223 1 35 6 1 5 0 1 0 0  aaa99996588a9877729aa86498776487aa9556a365834
321225 1 35 6 1 5 1 1 0 0  aaa99996588a9877729aa86498776487aa9536a565834
321226 1 35 6 1 5 2 0 0 0  aaa99996588a9877729aa86598776587aa9346a365844
321227 1 35 6 1 5 2 1 0 0  aaa99996588a9877729aa86598776587aa9436a464835
321380 1 35 6 6 1 1 0 0 0  aaa99996588a9866479aa85398777387aa9765a644825
321382 1 35 6 6 1 2 0 0 0  aaa99996588a9866579aa84598777587aa9763a644823
321388 1 35 6 6 2 2 0 0 0  aaa99995488a9866679aa85398777387aa9765a644825
321400 1 35 6 6 4 2 0 0 0  aaa99995488a9866379aa85398777287aa9765a644865
321404 1 35 6 6 5 1 0 0 0  aaa99996588a9856479aa86398777387aa9756a464852
321406 1 35 6 6 5 2 0 0 0  aaa99996588a9846579aa86598777587aa9736a464832
321547 1 35 6 10 5 0 1 0 0  aaa99996588a9856529aa86498756487aa9736a777834
321553 1 35 7 0 0 0 1 0 0  aaa99998888a9887739aa78797667366aa9455a544625
321583 1 35 7 0 5 0 1 0 0  aaa99998888a9887729aa78797657546aa9644a665533
321985 1 35 8 1 0 0 1 0 0  aaa99996688a9877769aa86398778357aa9524a546584
322003 1 35 8 1 3 0 1 0 0  aaa99996388a9877769aa86698778357aa9524a546584
322013 1 35 8 1 4 2 1 0 0  aaa99995488a9877739aa85498778367aa9666a256584
322017 1 35 8 1 5 1 1 0 0  aaa99996488a9877739aa86498778357aa9556a265684
322018 1 35 8 1 5 2 0 0 0  aaa99996588a9877729aa86598778547aa9436a364685
322019 1 35 8 1 5 2 1 0 0  aaa99996588a9877729aa86598778547aa9446a363685
322054 1 35 8 2 5 2 0 0 0  aaa99997588a9877779aa83598678546aa9643a665482
322102 1 35 8 4 1 2 0 0 0  aaa99995388a9877779aa85398778266aa9466a456485
322108 1 35 8 4 2 2 0 0 0  aaa99995388a9877779aa85398778264aa9665a466485
322120 1 35 8 4 4 2 0 0 0  aaa99995388a9877779aa85398778264aa9666a456485
322126 1 35 8 4 5 2 0 0 0  aaa99995388a9877779aa85398778246aa9645a666485
322156 1 35 8 5 4 2 0 0 0  aaa99997488a9877769aa85398678326aa9675a644585
322163 1 35 8 5 5 2 1 0 0  aaa99997488a9877739aa85498678326aa9675a664585
322187 1 35 8 6 3 2 1 0 0  aaa99996488a9866679aa85498778727aa9765a353584
322198 1 35 8 6 5 2 0 0 0  aaa99996588a9846579aa86598778747aa9746a365382
322219 1 35 8 7 3 0 1 0 0  aaa99997388a9877769aa86798678656aa9524a543584
322237 1 35 8 8 0 0 1 0 0  aaa99996688a9866379aa87698778757aa9524a543584
322288 1 35 8 9 2 2 0 0 0  aaa99995488a9866679aa84498768327aa9765a773585
322294 1 35 8 9 3 2 0 0 0  aaa99996588a9866679aa83598768547aa9743a775482
322300 1 35 8 9 4 2 0 0 0  aaa99995488a9865679aa84498768327aa9765a773685
322302 1 35 8 9 5 0 0 0 0  aaa99996588a9856579aa86498748427aa9756a773683
322304 1 35 8 9 5 1 0 0 0  aaa99996588a9856579aa86598748427aa9746a773683
322318 1 35 8 10 1 2 0 0 0  aaa99995388a9866669aa85398768247aa9745a777485
322325 1 35 8 10 2 2 1 0 0  aaa99995488a9866639aa85498768327aa9765a777584
322337 1 35 8 10 4 2 1 0 0  aaa99995488a9865639aa85498768327aa9765a777684
322340 1 35 8 10 5 1 0 0 0  aaa99996488a9846459aa86398758527aa9756a777683
322343 1 35 8 10 5 2 1 0 0  aaa99996588a9826549aa86598748437aa9736a777685
322405 1 35 9 1 4 0 1 0 0  aaa99996688a9877739aa86498776328aa9756a554845
322407 1 35 9 1 4 1 1 0 0  aaa99996688a9877739aa86498776328aa9756a555844
322409 1 35 9 1 4 2 1 0 0  aaa99996688a9877729aa86598776538aa9736a444855
322411 1 35 9 1 5 0 1 0 0  aaa99996588a9877739aa86498776328aa9756a565844
322415 1 35 9 1 5 2 1 0 0  aaa99996588a9877739aa86598776328aa9746a465845
322435 1 35 9 2 3 0 1 0 0  aaa99997488a9877779aa86498676628aa9655a533845
322464 1 35 9 3 2 0 0 0 0  aaa99995788a9866679aa84798777458aa9562a653834
322518 1 35 9 4 5 0 0 0 0  aaa99996588a9877779aa86498776358aa9546a265843
322539 1 35 9 5 2 1 1 0 0  aaa99997488a9877769aa86698575528aa9576a364834
322559 1 35 9 5 5 2 1 0 0  aaa99997488a9877739aa85498675328aa9675a666845
322576 1 35 9 6 2 2 0 0 0  aaa99995488a9866679aa84498777328aa9765a657835
322581 1 35 9 6 3 1 1 0 0  aaa99996488a9866679aa85598777428aa9765a357834
322588 1 35 9 6 4 2 0 0 0  aaa99995488a9866379aa84498777328aa9765a657865
322591 1 35 9 6 5 0 1 0 0  aaa99996588a9856579aa86498777428aa9756a367834
322592 1 35 9 6 5 1 0 0 0  aaa99996488a9846479aa86398777358aa9756a567852
322594 1 35 9 6 5 2 0 0 0  aaa99996588a9846579aa86598777548aa9746a367832
322603 1 35 9 7 1 0 1 0 0  aaa99997388a9877769aa86798674658aa9526a543854
322648 1 35 9 8 2 2 0 0 0  aaa99995488a9866679aa85798777328aa9765a644835
322660 1 35 9 8 4 2 0 0 0  aaa99995488a9866379aa85798777328aa9765a644865
322663 1 35 9 8 5 0 1 0 0  aaa99996588a9856579aa86798777428aa9756a364834
322664 1 35 9 8 5 1 0 0 0  aaa99996488a9856379aa86798777358aa9756a464852
322666 1 35 9 8 5 2 0 0 0  aaa99996588a9846579aa86798777548aa9746a365832
322684 1 35 9 9 2 2 0 0 0  aaa99995488a9866679aa85398777728aa9765a644835
322696 1 35 9 9 4 2 0 0 0  aaa99995488a9866379aa85398777728aa9765a644865
322699 1 35 9 9 5 0 1 0 0  aaa99996588a9856579aa86498777728aa9756a364834
322700 1 35 9 9 5 1 0 0 0  aaa99996488a9856379aa86398777758aa9756a464852
322702 1 35 9 9 5 2 0 0 0  aaa99996588a9846579aa86598777748aa9746a365832
322717 1 35 9 10 2 0 1 0 0  aaa99997588a9857569aa87498667428aa9657a376834
322718 1 35 9 10 2 1 0 0 0  aaa99997488a9847469aa87398667358aa9657a576852
322720 1 35 9 10 2 2 0 0 0  aaa99997588a9847569aa87598667548aa9647a376832
322723 1 35 9 10 3 0 1 0 0  aaa99997588a9857569aa87698667428aa9657a374834
322724 1 35 9 10 3 1 0 0 0  aaa99997488a9857369aa87698667358aa9657a474852
322726 1 35 9 10 3 2 0 0 0  aaa99997588a9847569aa87698667548aa9647a375832
322729 1 35 9 10 4 0 1 0 0  aaa99997588a9857569aa87498667628aa9657a374834
322730 1 35 9 10 4 1 0 0 0  aaa99997488a9857369aa87398667658aa9657a474852
322732 1 35 9 10 4 2 0 0 0  aaa99997588a9847569aa87598667648aa9647a375832
322736 1 35 9 10 5 1 0 0 0  aaa99997588a9867359aa87398567548aa9467a674862
322739 1 35 9 10 5 2 1 0 0  aaa99997588a9867549aa87598467438aa9367a675862
322765 1 35 10 0 4 0 1 0 0  aaa99998588a9887729aa78798757564aa9666a446533
322771 1 35 10 0 5 0 1 0 0  aaa99998588a9887729aa78798757546aa9644a666533
322822 1 35 10 2 1 2 0 0 0  aaa99998488a9885379aa78798766627aa9675a653445
322900 1 35 10 4 2 2 0 0 0  aaa99998488a9885379aa78798766627aa9765a653445
322912 1 35 10 4 4 2 0 0 0  aaa99998488a9885379aa78798765627aa9765a644635
322918 1 35 10 4 5 2 0 0 0  aaa99998488a9885379aa78798765327aa9765a644665
322970 1 35 10 6 2 1 0 0 0  aaa99998588a9885479aa68398777367aa9766a652445
322972 1 35 10 6 2 2 0 0 0  aaa99998588a9884579aa68598777567aa9766a644332
322982 1 35 10 6 4 1 0 0 0  aaa99998488a9885379aa68698777357aa9765a644625
322984 1 35 10 6 4 2 0 0 0  aaa99998588a9884579aa68698777547aa9764a635623
322988 1 35 10 6 5 1 0 0 0  aaa99998488a9885379aa68398777257aa9765a644665
322990 1 35 10 6 5 2 0 0 0  aaa99998588a9884579aa68598777547aa9764a633662
323021 1 35 10 7 4 2 1 0 0  aaa99998788a9885479aa78798735466aa9275a666534
323027 1 35 10 7 5 2 1 0 0  aaa99998788a9885479aa78798735426aa9675a666534
323141 1 35 11 0 0 2 1 0 0  aaa99995888a9888479aa75897665473aa9626a773564
323213 1 35 11 2 0 2 1 0 0  aaa99995888a9888479aa77897665473aa9626a753564
323533 1 35 12 0 0 0 1 0 0  aaa99998488a9887729aa78797667466aa9558a353654
323535 1 35 12 0 0 1 1 0 0  aaa99998488a9887729aa78797667466aa9558a355634
323537 1 35 12 0 0 2 1 0 0  aaa99998488a9887729aa78797667466aa9538a555634
323562 1 35 12 0 5 0 0 0 0  aaa99998588a9887729aa78797657546aa9648a663543
323563 1 35 12 0 5 0 1 0 0  aaa99998588a9887729aa78797657536aa9638a664544
323567 1 35 12 0 5 2 1 0 0  aaa99998488a9887739aa78797657326aa9658a664554
323734 1 35 12 5 3 2 0 0 0  aaa99998488a9886379aa78797766625aa9568a545734
323934 1 35 13 0 1 0 0 0 0  aaa99998388a9887779aa58896667357aa9546a547426
323966 1 35 13 1 0 1 0 0 0  aaa99998488a9887379aa78897766365aa9565a465742
323988 1 35 13 1 4 0 0 0 0  aaa99998588a9887379aa78897754564aa9666a546732
323994 1 35 13 1 5 0 0 0 0  aaa99998588a9887379aa78897754546aa9654a666732
324406 1 35 14 2 1 2 0 0 0  aaa99995488a9885379aa77398768867aa9676a652445
324426 1 35 14 2 5 0 0 0 0  aaa99996588a9886479aa77398748857aa9576a265643
324484 1 35 14 4 2 2 0 0 0  aaa99995488a9885379aa77398768867aa9766a652445
324496 1 35 14 4 4 2 0 0 0  aaa99995488a9885379aa77398768867aa9765a644625
324502 1 35 14 4 5 2 0 0 0  aaa99995488a9885379aa77398768827aa9765a644665
324553 1 35 14 6 2 0 1 0 0  aaa99995588a9883579aa77798648862aa9676a756443
324557 1 35 14 6 2 2 1 0 0  aaa99995488a9885479aa77798638862aa9676a756534
324568 1 35 14 6 4 2 0 0 0  aaa99995488a9885379aa77798668826aa9675a763445
324571 1 35 14 6 5 0 1 0 0  aaa99995588a9883579aa77798648826aa9675a766443
324575 1 35 14 6 5 2 1 0 0  aaa99995488a9885479aa77798638826aa9675a766534
324595 1 35 14 7 3 0 1 0 0  aaa99997588a9886479aa77498738862aa9676a655534
324625 1 35 14 8 2 0 1 0 0  aaa99995588a9883579aa77798748862aa9676a656443
324629 1 35 14 8 2 2 1 0 0  aaa99995488a9885479aa77798738862aa9676a656534
324637 1 35 14 8 4 0 1 0 0  aaa99995588a9883579aa77798748866aa9275a666443
324641 1 35 14 8 4 2 1 0 0  aaa99995488a9885479aa77798738866aa9275a666534
324643 1 35 14 8 5 0 1 0 0  aaa99995588a9883579aa77798748826aa9675a666443
324647 1 35 14 8 5 2 1 0 0  aaa99995488a9885479aa77798738826aa9675a666534
324664 1 35 14 9 2 2 0 0 0  aaa99995488a9885379aa66698768827aa9765a773445
324676 1 35 14 9 4 2 0 0 0  aaa99995488a9884479aa65698768827aa9765a773635
324682 1 35 14 9 5 2 0 0 0  aaa99995488a9885379aa64498768827aa9765a773665
324691 1 35 14 10 1 0 1 0 0  aaa99995588a9883569aa46698768827aa9765a777443
324695 1 35 14 10 1 2 1 0 0  aaa99995488a9885469aa36698768827aa9765a777534
324697 1 35 14 10 2 0 1 0 0  aaa99995588a9884369aa66398728857aa9765a777464
324700 1 35 14 10 2 2 0 0 0  aaa99994588a9882569aa66598738847aa9764a777365
324701 1 35 14 10 2 2 1 0 0  aaa99995488a9885469aa66498738827aa9765a777365
324709 1 35 14 10 4 0 1 0 0  aaa99995588a9883569aa66698748827aa9765a777443
324713 1 35 14 10 4 2 1 0 0  aaa99995488a9885469aa66698738827aa9765a777534
324715 1 35 14 10 5 0 1 0 0  aaa99995588a9884539aa65398768827aa9764a777664
324719 1 35 14 10 5 2 1 0 0  aaa99995488a9885439aa65398768827aa9765a777664
324757 1 35 15 1 0 0 1 0 0  aaa99996688a9877769aa88298776857aa9534a546534
324773 1 35 15 1 2 2 1 0 0  aaa99995488a9877729aa88498775867aa9665a366534
324779 1 35 15 1 3 2 1 0 0  aaa99995488a9877729aa88498775867aa9665a363564
324785 1 35 15 1 4 2 1 0 0  aaa99995488a9877729aa88498775867aa9666a356534
324787 1 35 15 1 5 0 1 0 0  aaa99996488a9877739aa88398776857aa9526a564654
324789 1 35 15 1 5 1 1 0 0  aaa99996488a9877729aa88498776857aa9556a365634
324790 1 35 15 1 5 2 0 0 0  aaa99996588a9877729aa88598776847aa9436a465635
324791 1 35 15 1 5 2 1 0 0  aaa99996588a9877729aa88598776847aa9446a365635
324804 1 35 15 2 2 0 0 0 0  aaa99997488a9877779aa88398675865aa9664a563524
324928 1 35 15 5 4 2 0 0 0  aaa99997488a9877769aa88398675826aa9675a653445
324932 1 35 15 5 5 1 0 0 0  aaa99997488a9877759aa88398675826aa9675a663445
324935 1 35 15 5 5 2 1 0 0  aaa99997488a9877739aa88398675826aa9675a664545
324952 1 35 15 6 2 2 0 0 0  aaa99995488a9866679aa88398777827aa9765a653445
324964 1 35 15 6 4 2 0 0 0  aaa99995488a9865679aa88398777827aa9765a644635
324970 1 35 15 6 5 2 0 0 0  aaa99995488a9865379aa88398777827aa9765a644665
324973 1 35 15 7 0 0 1 0 0  aaa99997388a9877729aa88798676866aa9455a544635
324997 1 35 15 7 4 0 1 0 0  aaa99997488a9877729aa88798675865aa9666a534543
325002 1 35 15 7 5 0 0 0 0  aaa99997488a9877729aa88798675856aa9654a663534
325003 1 35 15 7 5 0 1 0 0  aaa99997488a9877729aa88798675856aa9653a664543
325009 1 35 15 8 0 0 1 0 0  aaa99996688a9866279aa88798777857aa9534a546534
325060 1 35 15 9 2 2 0 0 0  aaa99995488a9866679aa88398765827aa9765a773445
325072 1 35 15 9 4 2 0 0 0  aaa99994488a9865679aa88498765827aa9765a773635
325078 1 35 15 9 5 2 0 0 0  aaa99995488a9864479aa88398765827aa9765a773665
325081 1 35 15 10 0 0 1 0 0  aaa99996688a9866359aa88698754857aa9754a777432
325085 1 35 15 10 0 2 1 0 0  aaa99996688a9854669aa88398756827aa9754a777534
325093 1 35 15 10 2 0 1 0 0  aaa99995588a9866639aa88398765827aa9764a777454
325095 1 35 15 10 2 1 1 0 0  aaa99995588a9866629aa88498765837aa9763a777544
325097 1 35 15 10 2 2 1 0 0  aaa99995488a9866639aa88398765827aa9765a777544
325105 1 35 15 10 4 0 1 0 0  aaa99995588a9865639aa88398764827aa9764a777654
325109 1 35 15 10 4 2 1 0 0  aaa99995488a9865639aa88398765827aa9765a777644
325111 1 35 15 10 5 0 1 0 0  aaa99995588a9864539aa88398765827aa9764a777664
325115 1 35 15 10 5 2 1 0 0  aaa99995488a9865439aa88398765827aa9765a777664
325183 1 35 16 1 5 0 1 0 0  aaa99996588a9877739aa88498776328aa9756a565644
325187 1 35 16 1 5 2 1 0 0  aaa99996588a9877739aa88598776328aa9746a465645
325207 1 35 16 2 3 0 1 0 0  aaa99997488a9877779aa88498676628aa9655a533645
325290 1 35 16 4 5 0 0 0 0  aaa99996588a9877779aa88498776358aa9546a265643
325301 1 35 16 5 0 2 1 0 0  aaa99997688a9877769aa88698675428aa9675a354534
325310 1 35 16 5 2 1 0 0 0  aaa99997488a9877769aa88398676358aa9675a652445
325312 1 35 16 5 2 2 0 0 0  aaa99997588a9877769aa88598676548aa9674a645332
325331 1 35 16 5 5 2 1 0 0  aaa99997488a9877739aa88498675328aa9675a666545
325348 1 35 16 6 2 2 0 0 0  aaa99995488a9866679aa88398777328aa9765a657445
325360 1 35 16 6 4 2 0 0 0  aaa99994488a9865679aa88498777328aa9765a657635
325366 1 35 16 6 5 2 0 0 0  aaa99995488a9864479aa88398777328aa9765a657665
325369 1 35 16 7 0 0 1 0 0  aaa99997488a9877729aa88798676468aa9655a533645
325387 1 35 16 7 3 0 1 0 0  aaa99997488a9877769aa88798676428aa9655a533645
325399 1 35 16 7 5 0 1 0 0  aaa99997588a9877729aa88798675548aa9644a666533
325420 1 35 16 8 2 2 0 0 0  aaa99995488a9866679aa88798777328aa9765a653445
325432 1 35 16 8 4 2 0 0 0  aaa99995488a9865679aa88798777328aa9765a644635
325438 1 35 16 8 5 2 0 0 0  aaa99995488a9865379aa88798777328aa9765a644665
325456 1 35 16 9 2 2 0 0 0  aaa99995488a9866679aa88398777728aa9765a653445
325468 1 35 16 9 4 2 0 0 0  aaa99995488a9865679aa88398777728aa9765a644635
325474 1 35 16 9 5 2 0 0 0  aaa99995488a9865379aa88398777728aa9765a644665
325492 1 35 16 10 2 2 0 0 0  aaa99995488a9874469aa88398676328aa9675a756775
325498 1 35 16 10 3 2 0 0 0  aaa99995488a9875369aa88698676328aa9675a744775
325504 1 35 16 10 4 2 0 0 0  aaa99995488a9875369aa88398676628aa9675a744775
325508 1 35 16 10 5 1 0 0 0  aaa99996588a9876359aa88398576548aa9476a764772
325511 1 35 16 10 5 2 1 0 0  aaa99996588a9876549aa88598476438aa9376a765772
325564 1 35 17 1 2 2 0 0 0  aaa99995488a9885379aa78898767376aa9675a644625
325570 1 35 17 1 3 2 0 0 0  aaa99995488a9885379aa78898767376aa9676a652445
325594 1 35 17 2 1 2 0 0 0  aaa99995488a9885379aa78898767367aa9676a652445
325633 1 35 17 3 2 0 1 0 0  aaa99995588a9883579aa78898747762aa9676a656443
325637 1 35 17 3 2 2 1 0 0  aaa99995488a9885479aa78898737762aa9676a656534
325645 1 35 17 3 4 0 1 0 0  aaa99995588a9883579aa78898747766aa9275a666443
325649 1 35 17 3 4 2 1 0 0  aaa99995488a9885479aa78898737766aa9275a666534
325651 1 35 17 3 5 0 1 0 0  aaa99995588a9883579aa78898747726aa9675a666443
325655 1 35 17 3 5 2 1 0 0  aaa99995488a9885479aa78898737726aa9675a666534
325669 1 35 17 4 2 0 1 0 0  aaa99995588a9884579aa78898737362aa9676a656474
325673 1 35 17 4 2 2 1 0 0  aaa99995488a9885479aa78898737362aa9676a656574
325681 1 35 17 4 4 0 1 0 0  aaa99995588a9884579aa78898737366aa9275a666474
325685 1 35 17 4 4 2 1 0 0  aaa99995488a9885479aa78898737366aa9275a666574
325687 1 35 17 4 5 0 1 0 0  aaa99995588a9884579aa78898737326aa9675a666474
325691 1 35 17 4 5 2 1 0 0  aaa99995488a9885479aa78898737326aa9675a666574
325708 1 35 17 5 2 2 0 0 0  aaa99995488a9885379aa78898767367aa9766a652445
325720 1 35 17 5 4 2 0 0 0  aaa99995488a9885379aa78898767627aa9765a644635
325726 1 35 17 5 5 2 0 0 0  aaa99995488a9885379aa78898767327aa9765a644665
325744 1 35 17 6 2 2 0 0 0  aaa99995488a9885379aa68898777367aa9766a652445
325756 1 35 17 6 4 2 0 0 0  aaa99995488a9885379aa68898777367aa9765a644625
325762 1 35 17 6 5 2 0 0 0  aaa99995488a9885379aa68898777327aa9765a644665
325879 1 35 17 10 1 0 1 0 0  aaa99995588a9883569aa68898746627aa9765a777443
325883 1 35 17 10 1 2 1 0 0  aaa99995488a9885469aa68898736627aa9765a777534
325885 1 35 17 10 2 0 1 0 0  aaa99995588a9884369aa28898766357aa9765a777464
325888 1 35 17 10 2 2 0 0 0  aaa99994588a9882569aa38898766547aa9764a777365
325889 1 35 17 10 2 2 1 0 0  aaa99995488a9885469aa38898766427aa9765a777365
325897 1 35 17 10 4 0 1 0 0  aaa99995588a9883569aa48898766627aa9765a777443
325901 1 35 17 10 4 2 1 0 0  aaa99995488a9885469aa38898766627aa9765a777534
325903 1 35 17 10 5 0 1 0 0  aaa99995588a9884539aa68898765327aa9764a777664
325907 1 35 17 10 5 2 1 0 0  aaa99995488a9885439aa68898765327aa9765a777664
325909 1 35 18 0 0 0 1 0 0  aaa99997788a9888679aa67698664827aa9554a357354
325990 1 35 18 2 1 2 0 0 0  aaa99995488a9888379aa77398765867aa9676a652445
326010 1 35 18 2 5 0 0 0 0  aaa99996588a9888479aa77398746857aa9576a265643
326068 1 35 18 4 2 2 0 0 0  aaa99995488a9888379aa77398765867aa9766a652445
326080 1 35 18 4 4 2 0 0 0  aaa99995488a9888379aa77398766827aa9765a644565
326086 1 35 18 4 5 2 0 0 0  aaa99995488a9888379aa77398765827aa9765a644665
326105 1 35 18 5 2 2 1 0 0  aaa99995488a9888479aa75798737862aa9676a656534
326117 1 35 18 5 4 2 1 0 0  aaa99995488a9888479aa75798737866aa9275a666534
326123 1 35 18 5 5 2 1 0 0  aaa99995488a9888479aa75798737826aa9675a666534
326140 1 35 18 6 2 2 0 0 0  aaa99995488a9888379aa77798666826aa9675a753445
326152 1 35 18 6 4 2 0 0 0  aaa99995488a9888379aa77798665826aa9675a763445
326159 1 35 18 6 5 2 1 0 0  aaa99995488a9888479aa77798635826aa9675a766534
326160 1 35 18 7 0 0 0 0 0  aaa99997488a9888379aa77398766856aa9576a652445
326179 1 35 18 7 3 0 1 0 0  aaa99997588a9888479aa77498736862aa9676a655534
326213 1 35 18 8 2 2 1 0 0  aaa99995488a9888479aa77798735862aa9676a656534
326225 1 35 18 8 4 2 1 0 0  aaa99995488a9888479aa77798735866aa9275a666534
326231 1 35 18 8 5 2 1 0 0  aaa99995488a9888479aa77798735826aa9675a666534
326248 1 35 18 9 2 2 0 0 0  aaa99995488a9888379aa66698765827aa9765a773445
326260 1 35 18 9 4 2 0 0 0  aaa99994488a9888479aa65698765827aa9765a773635
326266 1 35 18 9 5 2 0 0 0  aaa99995488a9888379aa64498765827aa9765a773665
326281 1 35 18 10 2 0 1 0 0  aaa99995588a9888369aa66398755827aa9764a777464
326284 1 35 18 10 2 2 0 0 0  aaa99994588a9888569aa66598744837aa9763a777265
326285 1 35 18 10 2 2 1 0 0  aaa99995488a9888469aa66498735827aa9765a777365
326291 1 35 18 10 3 2 1 0 0  aaa99995488a9888469aa65698736827aa9765a777534
326297 1 35 18 10 4 2 1 0 0  aaa99995488a9888469aa66698735827aa9765a777534
326303 1 35 18 10 5 2 1 0 0  aaa99995488a9888439aa65398765827aa9765a777664
326335 1 35 19 0 5 0 1 0 0  aaa99997788a9885529aa78798767548aa9464a653663
326350 1 35 19 1 1 2 0 0 0  aaa99996488a9885379aa78798766378aa9765a652445
326386 1 35 19 2 1 2 0 0 0  aaa99995488a9885379aa78798766628aa9675a673445
326404 1 35 19 2 4 2 0 0 0  aaa99995488a9885379aa78798764428aa9675a673665
326464 1 35 19 4 2 2 0 0 0  aaa99995488a9885379aa78798766628aa9765a673445
326476 1 35 19 4 4 2 0 0 0  aaa99995488a9884479aa78798765628aa9765a673635
326482 1 35 19 4 5 2 0 0 0  aaa99995488a9885379aa78798764428aa9765a673665
326494 1 35 19 5 1 2 0 0 0  aaa99995488a9885379aa78798767368aa9676a652445
326536 1 35 19 6 2 2 0 0 0  aaa99995488a9885379aa68398777268aa9766a657445
326548 1 35 19 6 4 2 0 0 0  aaa99995488a9884479aa68698777328aa9765a657635
326554 1 35 19 6 5 2 0 0 0  aaa99995488a9884479aa68398777328aa9765a657665
326608 1 35 19 8 2 2 0 0 0  aaa99995488a9885379aa68798777368aa9766a652445
326620 1 35 19 8 4 2 0 0 0  aaa99995488a9885379aa68798777368aa9765a644625
326626 1 35 19 8 5 2 0 0 0  aaa99995488a9885379aa68798777328aa9765a644665
326644 1 35 19 9 2 2 0 0 0  aaa99995488a9885379aa68398777768aa9766a652445
326656 1 35 19 9 4 2 0 0 0  aaa99995488a9885379aa68698777728aa9765a644635
326662 1 35 19 9 5 2 0 0 0  aaa99995488a9885379aa68398777728aa9765a644665
326680 1 35 19 10 2 2 0 0 0  aaa99995488a9884469aa78398676328aa9675a756775
326686 1 35 19 10 3 2 0 0 0  aaa99995488a9885369aa78698676328aa9675a744775
326692 1 35 19 10 4 2 0 0 0  aaa99995488a9885369aa78398676628aa9675a744775
326696 1 35 19 10 5 1 0 0 0  aaa99996588a9886359aa78398576548aa9476a764772
326699 1 35 19 10 5 2 1 0 0  aaa99996588a9886549aa78598476438aa9376a765772
326701 1 35 20 0 0 0 1 0 0  aaa99997788a9888429aa77898766765aa9565a364534
326725 1 35 20 0 4 0 1 0 0  aaa99997788a9888359aa77898754765aa9666a546432
326729 1 35 20 0 4 2 1 0 0  aaa99997788a9888329aa77898764765aa9666a555434
326731 1 35 20 0 5 0 1 0 0  aaa99997788a9888359aa77898754756aa9654a666432
326735 1 35 20 0 5 2 1 0 0  aaa99997788a9888479aa67898265437aa9365a657645
326782 1 35 20 2 1 2 0 0 0  aaa99995488a9888379aa77898766627aa9675a653445
326824 1 35 20 3 2 2 0 0 0  aaa99997388a9888379aa47898775764aa9665a466525
326860 1 35 20 4 2 2 0 0 0  aaa99995488a9888379aa77898766627aa9765a653445
326872 1 35 20 4 4 2 0 0 0  aaa99995488a9888379aa77898765627aa9765a644635
326878 1 35 20 4 5 2 0 0 0  aaa99995488a9888379aa77898765327aa9765a644665
326897 1 35 20 5 2 2 1 0 0  aaa99995488a9888479aa77898735762aa9676a656534
326909 1 35 20 5 4 2 1 0 0  aaa99995488a9888479aa77898735766aa9275a666534
326915 1 35 20 5 5 2 1 0 0  aaa99995488a9888479aa77898735726aa9675a666534
326932 1 35 20 6 2 2 0 0 0  aaa99995488a9888379aa65898777367aa9766a652445
326944 1 35 20 6 4 2 0 0 0  aaa99995488a9888379aa66898777327aa9765a644565
326950 1 35 20 6 5 2 0 0 0  aaa99995488a9888379aa65898777327aa9765a644665
326952 1 35 20 7 0 0 0 0 0  aaa99997488a9888379aa77898766356aa9576a652445
327077 1 35 20 10 2 2 1 0 0  aaa99995488a9888469aa66898735327aa9765a777564
327083 1 35 20 10 3 2 1 0 0  aaa99995488a9888469aa66898735627aa9765a777534
327089 1 35 20 10 4 2 1 0 0  aaa99995488a9888469aa35898766627aa9765a777534
327095 1 35 20 10 5 2 1 0 0  aaa99995488a9888439aa65898765327aa9765a777664
327178 1 35 21 2 1 2 0 0 0  aaa99995488a9888879aa77398766627aa9675a653445
327205 1 35 21 3 0 0 1 0 0  aaa99996688a9888879aa77798766257aa9534a546534
327256 1 35 21 4 2 2 0 0 0  aaa99995488a9888879aa77398766627aa9765a653445
327268 1 35 21 4 4 2 0 0 0  aaa99995488a9888879aa77398765627aa9765a644635
327274 1 35 21 4 5 2 0 0 0  aaa99995488a9888879aa77398765327aa9765a644665
327293 1 35 21 5 2 2 1 0 0  aaa99995488a9888879aa77498735762aa9676a656534
327305 1 35 21 5 4 2 1 0 0  aaa99995488a9888879aa77498735766aa9275a666534
327311 1 35 21 5 5 2 1 0 0  aaa99995488a9888879aa77498735726aa9675a666534
327328 1 35 21 6 2 2 0 0 0  aaa99995488a9888879aa77798666326aa9675a753445
327347 1 35 21 6 5 2 1 0 0  aaa99995488a9888879aa77798635426aa9675a766534
327348 1 35 21 7 0 0 0 0 0  aaa99997488a9888879aa77398766356aa9576a652445
327413 1 35 21 8 4 2 1 0 0  aaa99995488a9888879aa77798735466aa9275a666534
327419 1 35 21 8 5 2 1 0 0  aaa99995488a9888879aa77798735426aa9675a666534
327421 1 35 21 9 0 0 1 0 0  aaa99996688a9888879aa66298777757aa9534a546534
327473 1 35 21 10 2 2 1 0 0  aaa99995488a9888869aa66498735327aa9765a777564
327479 1 35 21 10 3 2 1 0 0  aaa99995488a9888869aa66498735627aa9765a777534
327485 1 35 21 10 4 2 1 0 0  aaa99995488a9888869aa66698735427aa9765a777534
327491 1 35 21 10 5 2 1 0 0  aaa99995488a9888839aa65498765327aa9765a777664
327724 1 35 22 6 2 2 0 0 0  aaa99995478a9777389aa66698888827aa9765a653445
327736 1 35 22 6 4 2 0 0 0  aaa99995478a9777389aa65698888827aa9765a644635
327742 1 35 22 6 5 2 0 0 0  aaa99995478a9777389aa65398888827aa9765a644665
327754 1 35 22 7 1 2 0 0 0  aaa99995478a9775389aa67398888867aa9676a652445
327817 1 35 22 9 0 0 1 0 0  aaa99996678a9777789aa66298888857aa9534a546534
327869 1 35 22 10 2 2 1 0 0  aaa99995468a9766489aa35398888827aa9765a777564
327875 1 35 22 10 3 2 1 0 0  aaa99995468a9766489aa35698888827aa9765a777534
327881 1 35 22 10 4 2 1 0 0  aaa99995468a9766689aa35498888827aa9765a777534
327887 1 35 22 10 5 2 1 0 0  aaa99995438a9765489aa65398888827aa9765a777664
327888 1 36 0 0 0 0 0 0 0  aaa99999588a7766479aa86398764682aa9575a885734
327895 1 36 0 0 1 0 1 0 0  aaa99999588a7766679aa85598735482aa9676a884734
327905 1 36 0 0 2 2 1 0 0  aaa99999588a7766679aa86598726584aa9473a884753
327912 1 36 0 0 4 0 0 0 0  aaa99999588a7756679aa86498756584aa9276a884733
327916 1 36 0 0 4 2 0 0 0  aaa99999588a7766579aa86598736584aa9276a884734
327938 1 36 0 1 2 1 0 0 0  aaa99999588a7774479aa87498666386aa9657a883552
327990 1 36 0 2 5 0 0 0 0  aaa99999688a7774629aa87698755683aa9357a886445
327991 1 36 0 2 5 0 1 0 0  aaa99999688a7774629aa87698754685aa9557a886433
328037 1 36 0 4 0 2 1 0 0  aaa99999688a7776629aa87498567485aa9537a885634
328046 1 36 0 4 2 1 0 0 0  aaa99999588a7774469aa87498667386aa9657a883552
328062 1 36 0 4 5 0 0 0 0  aaa99999688a7773629aa87698557685aa9447a886543
328063 1 36 0 4 5 0 1 0 0  aaa99999688a7774629aa87698557685aa9337a886454
328085 1 36 0 5 2 2 1 0 0  aaa99999588a7746769aa86698742583aa9377a885645
328086 1 36 0 5 3 0 0 0 0  aaa99999588a7736769aa86698765584aa9277a884534
328140 1 36 0 7 0 0 0 0 0  aaa99999688a7776669aa86598753584aa9257a884374
328157 1 36 0 7 2 2 1 0 0  aaa99999588a7776569aa86698733584aa9427a884675
328193 1 36 0 8 2 2 1 0 0  aaa99999588a7776769aa86698742583aa9347a885645
328229 1 36 0 9 2 2 1 0 0  aaa99999588a7777769aa86698742583aa9346a885645
328294 1 36 1 0 1 2 0 0 0  aaa99999588a8774579aa83596766576aa9673a882448
328326 1 36 1 1 1 0 0 0 0  aaa99999488a8777379aa85796766366aa9545a885248
328338 1 36 1 1 3 0 0 0 0  aaa99999588a8777379aa84796766362aa9545a885468
328340 1 36 1 1 3 1 0 0 0  aaa99999488a8777379aa85796766364aa9555a884268
328344 1 36 1 1 4 0 0 0 0  aaa99999488a8777379aa85796766665aa9545a883248
328374 1 36 1 2 3 0 0 0 0  aaa99999588a8777379aa85596766364aa9474a882568
328469 1 36 1 5 0 2 1 0 0  aaa99999588a8777569aa86596744467aa9373a885628
328536 1 36 1 7 0 0 0 0 0  aaa99999688a8777569aa87696752564aa9474a883538
328577 1 36 1 8 0 2 1 0 0  aaa99999588a8777769aa86596733564aa9472a884658
328578 1 36 1 8 1 0 0 0 0  aaa99999588a8777769aa86696752564aa9474a883538
328614 1 36 1 9 1 0 0 0 0  aaa99999488a8666379aa85797777366aa9545a885248
328620 1 36 1 9 2 0 0 0 0  aaa99999588a8666379aa84797777356aa9454a886258
328621 1 36 1 9 2 0 1 0 0  aaa99999488a8666479aa85797777456aa9652a883538
328622 1 36 1 9 2 1 0 0 0  aaa99999488a8666379aa85797777356aa9655a882448
328690 1 36 2 0 1 2 0 0 0  aaa99999488a8775379aa85396766278aa9675a886445
328696 1 36 2 0 2 2 0 0 0  aaa99999488a8775379aa85396765678aa9676a882445
328702 1 36 2 0 3 2 0 0 0  aaa99999488a8775379aa84496766378aa9675a882565
328708 1 36 2 0 4 2 0 0 0  aaa99999488a8775379aa85396766678aa9675a882445
328710 1 36 2 0 5 0 0 0 0  aaa99999588a8776479aa86395746578aa9576a883642
328712 1 36 2 0 5 1 0 0 0  aaa99999588a8776479aa86395756578aa9476a884632
328756 1 36 2 2 0 2 0 0 0  aaa99999688a8777579aa86696736548aa9274a885354
328760 1 36 2 2 1 1 0 0 0  aaa99999488a8777379aa85396766258aa9675a886445
328762 1 36 2 2 1 2 0 0 0  aaa99999588a8777579aa84596766548aa9674a886332
328766 1 36 2 2 2 1 0 0 0  aaa99999588a8777479aa85396766368aa9675a882445
328768 1 36 2 2 2 2 0 0 0  aaa99999588a8777579aa84596766568aa9673a882443
328836 1 36 2 4 2 0 0 0 0  aaa99999588a8777379aa86397766658aa9546a885424
328842 1 36 2 4 3 0 0 0 0  aaa99999588a8777379aa86397766658aa9564a885442
328860 1 36 2 5 0 0 0 0 0  aaa99999588a8777469aa86396754568aa9752a883674
328866 1 36 2 5 1 0 0 0 0  aaa99999588a8777469aa86696754568aa9753a882374
328876 1 36 2 5 2 2 0 0 0  aaa99999588a8777569aa86696763548aa9743a885472
328878 1 36 2 5 3 0 0 0 0  aaa99999588a8777369aa86696754548aa9754a883672
328888 1 36 2 5 4 2 0 0 0  aaa99999588a8777569aa83696766548aa9743a885472
328894 1 36 2 5 5 2 0 0 0  aaa99999588a8777569aa83596766648aa9743a885472
328896 1 36 2 6 0 0 0 0 0  aaa99999588a8777769aa86496754568aa9752a883634
328914 1 36 2 6 3 0 0 0 0  aaa99999588a8777769aa86696754548aa9754a883632
328946 1 36 2 7 2 1 0 0 0  aaa99999588a8777469aa87396765368aa9675a882445
328948 1 36 2 7 2 2 0 0 0  aaa99999588a8777569aa87596764568aa9673a882443
328956 1 36 2 7 4 0 0 0 0  aaa99999588a8777369aa87696766358aa9574a885442
328962 1 36 2 7 5 0 0 0 0  aaa99999588a8777369aa87396766658aa9574a885442
329026 1 36 2 9 3 2 0 0 0  aaa99999588a8666579aa83797777548aa9643a885462
329034 1 36 2 9 5 0 0 0 0  aaa99999588a8546579aa86797777348aa9546a883626
329062 1 36 2 10 3 2 0 0 0  aaa99999588a8666579aa83597777748aa9643a885462
329070 1 36 2 10 5 0 0 0 0  aaa99999588a8546579aa86397777748aa9546a883626
329317 1 36 3 6 4 0 1 0 0  aaa99999488a8777769aa85696866427aa9755a533848
329342 1 36 3 7 2 1 0 0 0  aaa99999488a8777369aa87396876267aa9645a555848
329430 1 36 3 9 5 0 0 0 0  aaa99999488a8655379aa84497877776aa9625a663858
329460 1 36 3 10 4 0 0 0 0  aaa99999588a8754569aa82696866347aa9754a777838
329466 1 36 3 10 5 0 0 0 0  aaa99999488a8755269aa84496866637aa9735a777858
329482 1 36 4 0 1 2 0 0 0  aaa99999488a8775379aa85396876677aa9625a644885
329617 1 36 4 4 0 0 1 0 0  aaa99999588a8777469aa86497865573aa9726a653884
329618 1 36 4 4 0 1 0 0 0  aaa99999588a8777469aa86397864475aa9726a655883
329834 1 36 4 10 0 1 0 0 0  aaa99999588a8766359aa86396865547aa9724a777884
329878 1 36 5 0 1 2 0 0 0  aaa99999488a8775379aa88396876677aa9625a644585
330132 1 36 5 7 2 0 0 0 0  aaa99999588a8777469aa88396876367aa9657a545284
330150 1 36 5 7 5 0 0 0 0  aaa99999688a8777629aa88695875657aa9347a356484
330151 1 36 5 7 5 0 1 0 0  aaa99999688a8777629aa88695875657aa9437a446385
330155 1 36 5 7 5 2 1 0 0  aaa99999688a8777629aa88695874657aa9557a346384
330163 1 36 5 8 1 0 1 0 0  aaa99999688a8777769aa88696876357aa9524a543584
330222 1 36 5 9 5 0 0 0 0  aaa99999588a8654579aa88497877776aa9653a662384
330228 1 36 5 10 0 0 0 0 0  aaa99999588a8766369aa88395864557aa9746a777482
330274 1 36 6 0 1 2 0 0 0  aaa99999488a8775379aa85396876678aa9765a644825
330296 1 36 6 0 5 1 0 0 0  aaa99999588a8776479aa86394876478aa9756a563852
330301 1 36 6 1 0 0 1 0 0  aaa99999688a8777479aa86697866428aa9755a533845
330314 1 36 6 1 2 1 0 0 0  aaa99999488a8777379aa85397866658aa9765a644825
330316 1 36 6 1 2 2 0 0 0  aaa99999588a8777579aa84597866648aa9764a635823
330318 1 36 6 1 3 0 0 0 0  aaa99999588a8777479aa86397866628aa9765a455843
330320 1 36 6 1 3 1 0 0 0  aaa99999588a8777379aa86397866648aa9764a555824
330326 1 36 6 1 4 1 0 0 0  aaa99999488a8777379aa85397866258aa9765a644865
330328 1 36 6 1 4 2 0 0 0  aaa99999588a8777579aa84597866548aa9764a633862
330332 1 36 6 1 5 1 0 0 0  aaa99999488a8777379aa86397856258aa9756a464856
330334 1 36 6 1 5 2 0 0 0  aaa99999588a8777579aa86597846548aa9746a363826
330387 1 36 6 3 2 1 1 0 0  aaa99999488a8777769aa86697855528aa9756a364834
330407 1 36 6 3 5 2 1 0 0  aaa99999488a8777739aa86497856328aa9756a564856
330523 1 36 6 7 1 0 1 0 0  aaa99999688a8777469aa87696876428aa9755a533845
330528 1 36 6 7 2 0 0 0 0  aaa99999588a8777469aa87396876368aa9765a455842
330530 1 36 6 7 2 1 0 0 0  aaa99999588a8777469aa87396876368aa9764a555824
330635 1 36 6 10 1 2 1 0 0  aaa99999488a8667639aa87496857328aa9657a574857
330847 1 36 7 5 1 0 1 0 0  aaa99999688a8877769aa87696675524aa9475a345838
330868 1 36 7 5 4 2 0 0 0  aaa99999388a8877769aa87696676345aa9574a545828
330874 1 36 7 5 5 2 0 0 0  aaa99999388a8877769aa87396676645aa9574a545828
330880 1 36 7 6 0 2 0 0 0  aaa99999488a8866379aa87797776365aa9562a455848
330898 1 36 7 6 3 2 0 0 0  aaa99999388a8866679aa87797776345aa9564a545828
330900 1 36 7 6 4 0 0 0 0  aaa99999488a8855279aa87797774463aa9666a356858
330906 1 36 7 6 5 0 0 0 0  aaa99999488a8855279aa87797774436aa9635a666858
330950 1 36 7 8 0 1 0 0 0  aaa99999488a8866379aa87397776275aa9665a455848
330952 1 36 7 8 0 2 0 0 0  aaa99999588a8866579aa87597776574aa9662a433848
330970 1 36 7 8 3 2 0 0 0  aaa99999488a8866679aa87397776375aa9562a455848
330972 1 36 7 8 4 0 0 0 0  aaa99999488a8855379aa87397774476aa9656a656828
330978 1 36 7 8 5 0 0 0 0  aaa99999488a8855379aa87397774476aa9625a666858
330988 1 36 7 9 0 2 0 0 0  aaa99999488a8866379aa86797777365aa9562a455848
330994 1 36 7 9 1 2 0 0 0  aaa99999488a8866679aa83797777265aa9563a455848
331006 1 36 7 9 3 2 0 0 0  aaa99999388a8866679aa86797777345aa9564a545828
331008 1 36 7 9 4 0 0 0 0  aaa99999588a8854579aa82797777364aa9666a546838
331014 1 36 7 9 5 0 0 0 0  aaa99999588a8854579aa82797777346aa9654a666838
331024 1 36 7 10 0 2 0 0 0  aaa99999488a8866379aa86397777765aa9562a455848
331042 1 36 7 10 3 2 0 0 0  aaa99999388a8866679aa86397777745aa9564a545828
331044 1 36 7 10 4 0 0 0 0  aaa99999488a8855279aa84497777763aa9666a356858
331050 1 36 7 10 5 0 0 0 0  aaa99999488a8855279aa84497777736aa9635a666858
331072 1 36 8 0 2 2 0 0 0  aaa99999488a8775379aa84496878377aa9665a266585
331128 1 36 8 2 0 0 0 0 0  aaa99999588a8777369aa86396878277aa9565a465484
331200 1 36 8 4 0 0 0 0 0  aaa99999588a8777469aa86397868374aa9756a624585
331201 1 36 8 4 0 0 1 0 0  aaa99999488a8777469aa86497868375aa9756a653582
331202 1 36 8 4 0 1 0 0 0  aaa99999588a8777369aa86397868275aa9746a655484
331236 1 36 8 5 0 0 0 0 0  aaa99999588a8777469aa86396878367aa9754a565284
331254 1 36 8 5 3 0 0 0 0  aaa99999588a8777369aa86696878347aa9754a565482
331255 1 36 8 5 3 0 1 0 0  aaa99999588a8777369aa86696878327aa9754a565484
331318 1 36 8 7 1 2 0 0 0  aaa99999588a8777569aa87596878647aa9643a635482
331466 1 36 9 0 2 1 0 0 0  aaa99999488a8776379aa86396876685aa9757a545824
331525 1 36 9 2 0 0 1 0 0  aaa99999588a8777469aa86497865583aa9726a653874
331526 1 36 9 2 0 1 0 0 0  aaa99999588a8777469aa86397864485aa9726a655873
331561 1 36 9 3 0 0 1 0 0  aaa99999588a8777769aa86497865582aa9736a654834
331596 1 36 9 4 0 0 0 0 0  aaa99999788a8777369aa86796855384aa9464a567825
331668 1 36 9 6 0 0 0 0 0  aaa99999488a8777769aa86396855387aa9765a464852
331716 1 36 9 7 2 0 0 0 0  aaa99999588a8777469aa87396876387aa9665a455842
331718 1 36 9 7 2 1 0 0 0  aaa99999588a8777469aa87396876387aa9664a555824
331734 1 36 9 7 5 0 0 0 0  aaa99999688a8777629aa87695875687aa9544a336845
331849 1 36 10 0 0 0 1 0 0  aaa99999688a8877529aa87797678666aa9554a345384
331850 1 36 10 0 0 1 0 0 0  aaa99999688a8877429aa87797678666aa9555a345384
331851 1 36 10 0 0 1 1 0 0  aaa99999688a8877529aa87797678666aa9534a545384
331852 1 36 10 0 0 2 0 0 0  aaa99999688a8877429aa87797678666aa9534a555384
331853 1 36 10 0 0 2 1 0 0  aaa99999688a8877329aa87797678654aa9555a644683
331867 1 36 10 0 3 0 1 0 0  aaa99999688a8877369aa87797678656aa9524a543584
331879 1 36 10 0 5 0 1 0 0  aaa99999488a8877439aa87797678356aa9652a664585
331881 1 36 10 0 5 1 1 0 0  aaa99999488a8877439aa87797678356aa9655a664285
331912 1 36 10 1 4 2 0 0 0  aaa99999488a8877769aa85397678376aa9625a644585
331919 1 36 10 1 5 2 1 0 0  aaa99999488a8877739aa85497678376aa9625a664585
331921 1 36 10 2 0 0 1 0 0  aaa99999688a8877769aa87697678356aa9524a543584
331939 1 36 10 2 3 0 1 0 0  aaa99999688a8877769aa87397678656aa9524a543584
331951 1 36 10 2 5 0 1 0 0  aaa99999488a8877739aa87497678356aa9652a664585
331953 1 36 10 2 5 1 1 0 0  aaa99999488a8877739aa87497678356aa9655a664285
331968 1 36 10 3 2 0 0 0 0  aaa99999588a8857579aa87497778263aa9664a366584
332026 1 36 10 4 5 2 0 0 0  aaa99999588a8877779aa83597678546aa9643a665482
332138 1 36 10 8 0 1 0 0 0  aaa99999588a8866379aa87397778275aa9664a455486
332140 1 36 10 8 0 2 0 0 0  aaa99999588a8866579aa87597778574aa9662a433486
332166 1 36 10 8 5 0 0 0 0  aaa99999588a8854579aa87497778276aa9653a666384
332245 1 36 11 0 0 0 1 0 0  aaa99999288a8887739aa78797667366aa9455a454658
332269 1 36 11 0 4 0 1 0 0  aaa99999488a8887769aa78797667656aa9533a524548
332275 1 36 11 0 5 0 1 0 0  aaa99999588a8887729aa78797657546aa9644a663538
332365 1 36 11 3 2 0 1 0 0  aaa99999788a8885579aa48797773562aa9665a466348
332368 1 36 11 3 2 2 0 0 0  aaa99999788a8884479aa58797773362aa9664a566558
332446 1 36 11 5 3 2 0 0 0  aaa99999388a8886379aa78797766645aa9564a545728
332641 1 36 12 0 0 0 1 0 0  aaa99999488a8877429aa87797676466aa9355a535886
332662 1 36 12 0 3 2 0 0 0  aaa99999588a8877569aa87797676546aa9426a435883
332670 1 36 12 0 5 0 0 0 0  aaa99999588a8877429aa87797675536aa9635a646884
332672 1 36 12 0 5 1 0 0 0  aaa99999588a8877359aa87797675546aa9624a663884
332711 1 36 12 1 5 2 1 0 0  aaa99999488a8877739aa85497675376aa9625a664885
332744 1 36 12 2 5 1 0 0 0  aaa99999588a8877759aa87397675546aa9624a663884
332768 1 36 12 3 3 1 0 0 0  aaa99999488a8867379aa87397774466aa9566a552885
332818 1 36 12 4 5 2 0 0 0  aaa99999588a8877779aa84597673546aa9624a665883
332928 1 36 12 8 0 0 0 0 0  aaa99999588a8866479aa87397776375aa9662a454885
332930 1 36 12 8 0 1 0 0 0  aaa99999588a8866479aa87397776375aa9664a525884
333038 1 36 13 0 0 1 0 0 0  aaa99999488a8877379aa88396674476aa9567a552685
333042 1 36 13 0 1 0 0 0 0  aaa99999488a8877379aa88396476676aa9657a554285
333066 1 36 13 0 5 0 0 0 0  aaa99999588a8877479aa88395674576aa9657a663284
333107 1 36 13 1 5 2 1 0 0  aaa99999488a8877739aa88497675376aa9625a664585
333138 1 36 13 2 5 0 0 0 0  aaa99999588a8877779aa88395674556aa9647a663482
333214 1 36 13 4 5 2 0 0 0  aaa99999588a8877779aa88597673546aa9643a665482
333299 1 36 13 7 1 2 1 0 0  aaa99999788a8877769aa88696674235aa9537a545486
333469 1 36 14 1 0 0 1 0 0  aaa99999588a8877739aa88897676372aa9665a455446
333617 1 36 14 5 0 2 1 0 0  aaa99999588a8877739aa88896673526aa9476a474655
333685 1 36 14 7 0 0 1 0 0  aaa99999788a8877749aa88896674456aa9567a533652
333758 1 36 14 9 0 1 0 0 0  aaa99999488a8866379aa88897777375aa9665a552446
333858 1 36 15 0 5 0 0 0 0  aaa99999588a8776479aa88395876877aa9546a265643
334110 1 36 15 7 5 0 0 0 0  aaa99999688a8777629aa88695875857aa9347a356464
334111 1 36 15 7 5 0 1 0 0  aaa99999688a8777629aa88695875857aa9437a446365
334115 1 36 15 7 5 2 1 0 0  aaa99999688a8777629aa88695874857aa9557a346364
334262 1 36 16 1 0 1 0 0 0  aaa99999588a8777479aa88397866386aa9756a644552
334776 1 36 17 4 2 0 0 0 0  aaa99999488a8877779aa88397675865aa9664a563524
335022 1 36 18 0 1 0 0 0 0  aaa99999388a8887779aa58896667357aa9546a547426
335054 1 36 18 1 0 1 0 0 0  aaa99999488a8887379aa78897766365aa9565a465742
335076 1 36 18 1 4 0 0 0 0  aaa99999588a8887379aa78897754564aa9666a546732
335082 1 36 18 1 5 0 0 0 0  aaa99999588a8887379aa78897754546aa9654a666732
335413 1 36 19 0 0 0 1 0 0  aaa99999688a8877429aa87797678685aa9665a534543
335414 1 36 19 0 0 1 0 0 0  aaa99999688a8877429aa87797678685aa9665a553443
335630 1 36 19 6 0 1 0 0 0  aaa99999488a8866379aa87797778385aa9665a552446
335738 1 36 19 9 0 1 0 0 0  aaa99999488a8866379aa87397778785aa9665a552446
335809 1 36 20 0 0 0 1 0 0  aaa99999388a8887729aa78797667866aa9455a544635
335833 1 36 20 0 4 0 1 0 0  aaa99999388a8887759aa78797657865aa9666a543424
335838 1 36 20 0 5 0 0 0 0  aaa99999388a8887759aa78797657856aa9654a663442
335839 1 36 20 0 5 0 1 0 0  aaa99999388a8887759aa78797657856aa9654a663424
336089 1 36 20 7 4 2 1 0 0  aaa99999788a8885479aa78797635862aa9666a754534
336207 1 36 21 0 0 1 1 0 0  aaa99999488a8888479aa75897665573aa9626a773564
336224 1 36 21 0 3 1 0 0 0  aaa99999488a8888379aa75897666376aa9565a772445
336434 1 36 21 6 2 1 0 0 0  aaa99999488a8888379aa77897754765aa9662a566534
336436 1 36 21 6 2 2 0 0 0  aaa99999388a8888379aa77897745764aa9665a466525
336462 1 36 21 7 1 0 0 0 0  aaa99999488a8888379aa77897666366aa9545a725547
336468 1 36 21 7 2 0 0 0 0  aaa99999588a8888379aa77897666346aa9645a755427
336469 1 36 21 7 2 0 1 0 0  aaa99999588a8888379aa77897666326aa9645a755447
336474 1 36 21 7 3 0 0 0 0  aaa99999588a8888379aa77897666356aa9564a725447
336475 1 36 21 7 3 0 1 0 0  aaa99999488a8888479aa77897666456aa9562a753537
336544 1 36 21 9 2 2 0 0 0  aaa99999388a8888379aa47897775764aa9665a466525
336578 1 36 21 10 2 1 0 0 0  aaa99999488a8888379aa54897777765aa9662a566534
336580 1 36 21 10 2 2 0 0 0  aaa99999388a8888379aa45897777764aa9665a466525
336858 1 36 22 7 1 0 0 0 0  aaa99999488a8888879aa77397666366aa9545a725547
336864 1 36 22 7 2 0 0 0 0  aaa99999588a8888879aa77397666346aa9645a755427
336865 1 36 22 7 2 0 1 0 0  aaa99999588a8888879aa77397666326aa9645a755447
336870 1 36 22 7 3 0 0 0 0  aaa99999588a8888879aa77397666356aa9564a725447
336871 1 36 22 7 3 0 1 0 0  aaa99999488a8888879aa77497666456aa9562a753537
336938 1 36 22 9 2 1 0 0 0  aaa99999488a8888879aa54797777365aa9662a566534
336940 1 36 22 9 2 2 0 0 0  aaa99999388a8888879aa45797777364aa9665a466525
337038 1 37 0 1 1 0 0 0 0  aaa99988478a9787379aa58898676666aa3595a592474
337058 1 37 0 1 4 1 0 0 0  aaa99988478a9787379aa58898676346aa4695a692575
337061 1 37 0 1 4 2 1 0 0  aaa99988578a9787579aa28898676536aa3694a695474
337065 1 37 0 1 5 1 1 0 0  aaa99988478a9787479aa28898675536aa3695a696574
337184 1 37 0 5 1 1 0 0 0  aaa99988578a9787479aa78898666367aa3694a592554
337250 1 37 0 7 0 1 0 0 0  aaa99988578a9787479aa68898664467aa3697a593552
337256 1 37 0 7 1 1 0 0 0  aaa99988578a9787479aa58898666367aa3697a592454
337258 1 37 0 7 1 2 0 0 0  aaa99988578a9787579aa48898666567aa5697a494332
337357 1 37 0 10 0 0 1 0 0  aaa99988568a9786469aa38898765527aa4796a797534
337400 1 37 1 0 1 1 0 0 0  aaa99988887a9786589aa75498676377aa3695a692445
337402 1 37 1 0 1 2 0 0 0  aaa99988887a9786589aa74598676577aa5693a692443
337408 1 37 1 0 2 2 0 0 0  aaa99988887a9785489aa75398676677aa3695a692445
337420 1 37 1 0 4 2 0 0 0  aaa99988887a9785489aa75398676377aa2695a696445
337424 1 37 1 0 5 1 0 0 0  aaa99988887a9786589aa76498576377aa3596a495642
337426 1 37 1 0 5 2 0 0 0  aaa99988887a9786589aa76598476577aa5396a493642
337454 1 37 1 1 4 1 0 0 0  aaa99988887a9787489aa75798676356aa3695a692445
337551 1 37 1 4 2 1 1 0 0  aaa99988887a9787489aa75598676626aa4695a393574
337577 1 37 1 5 0 2 1 0 0  aaa99988887a9787589aa66598376727aa5694a693454
337609 1 37 1 6 0 0 1 0 0  aaa99988887a9787789aa66598665527aa4796a394534
337625 1 37 1 6 2 2 1 0 0  aaa99988887a9787789aa66698365427aa4795a693545
337685 1 37 1 8 0 2 1 0 0  aaa99988887a9787789aa66598376527aa5694a693454
337755 1 37 1 10 0 1 1 0 0  aaa99988886a9786489aa26498765537aa3795a797564
337783 1 37 1 10 5 0 1 0 0  aaa99988885a9786589aa36598756427aa4796a797634
337787 1 37 1 10 5 2 1 0 0  aaa99988882a9786589aa46598746537aa3796a797645
337809 1 37 2 0 3 1 1 0 0  aaa99988878a9785589aa75498735766aa6296a694734
337815 1 37 2 0 4 1 1 0 0  aaa99988878a9785589aa75498735726aa4696a696734
337947 1 37 2 4 2 1 1 0 0  aaa99988878a9787489aa75598676626aa4695a393574
338062 1 37 2 7 3 2 0 0 0  aaa99988878a9787589aa76598766644aa5297a694353
338063 1 37 2 7 3 2 1 0 0  aaa99988878a9787589aa76598766624aa5497a694353
338070 1 37 2 7 5 0 0 0 0  aaa99988878a9787689aa74698755633aa6297a596445
338071 1 37 2 7 5 0 1 0 0  aaa99988878a9787689aa75698755624aa6497a496353
338074 1 37 2 7 5 2 0 0 0  aaa99988878a9787689aa75698735644aa6297a496535
338146 1 37 2 9 5 2 0 0 0  aaa99988878a9786589aa36598736547aa4796a795642
338151 1 37 2 10 0 1 1 0 0  aaa99988868a9786489aa65598726437aa3795a797564
338179 1 37 2 10 5 0 1 0 0  aaa99988858a9786589aa56498736527aa4796a797634
338183 1 37 2 10 5 2 1 0 0  aaa99988828a9786589aa46598746537aa3796a797645
338249 1 37 3 1 4 2 1 0 0  aaa99988878a9787579aa28598676536aa3694a695474
338253 1 37 3 1 5 1 1 0 0  aaa99988878a9787479aa28498675536aa3695a696574
338372 1 37 3 5 1 1 0 0 0  aaa99988878a9787579aa78498666367aa3694a592554
338444 1 37 3 7 1 1 0 0 0  aaa99988878a9787579aa58498666367aa3697a592454
338446 1 37 3 7 1 2 0 0 0  aaa99988878a9787579aa48598666567aa5697a494332
338588 1 37 4 0 1 1 0 0 0  aaa99988878a9887579aa58496766376aa3697a592454
338590 1 37 4 0 1 2 0 0 0  aaa99988878a9887579aa48596766576aa5697a494332
338600 1 37 4 0 3 1 0 0 0  aaa99988878a9887579aa68496766375aa3697a595442
338734 1 37 4 4 1 2 0 0 0  aaa99988878a9887779aa38597766646aa5294a695354
338923 1 37 4 9 3 0 1 0 0  aaa99988878a9885579aa38597777466aa6296a694534
338929 1 37 4 9 4 0 1 0 0  aaa99988878a9885579aa38597777426aa4696a696534
338944 1 37 4 10 0 2 0 0 0  aaa99988868a9886579aa68597777744aa5296a694353
338945 1 37 4 10 0 2 1 0 0  aaa99988868a9886579aa68597777724aa5496a694353
338955 1 37 4 10 2 1 1 0 0  aaa99988868a9886679aa38497777755aa5296a594634
338957 1 37 4 10 2 2 1 0 0  aaa99988868a9886679aa38497777725aa4596a595634
338977 1 37 5 0 0 0 1 0 0  aaa99988877a9886629aa87697558475aa4696a393754
339129 1 37 5 4 1 1 1 0 0  aaa99988877a9887469aa86796638452aa7595a597634
339160 1 37 5 5 0 2 0 0 0  aaa99988877a9887569aa86797768544aa5296a694353
339161 1 37 5 5 0 2 1 0 0  aaa99988877a9887569aa86797768524aa5496a694353
339196 1 37 5 6 0 2 0 0 0  aaa99988877a9887769aa86597768544aa5296a694353
339197 1 37 5 6 0 2 1 0 0  aaa99988877a9887769aa86597768524aa5496a694353
339207 1 37 5 6 2 1 1 0 0  aaa99988877a9887769aa86697738455aa5296a594634
339209 1 37 5 6 2 2 1 0 0  aaa99988877a9887769aa86697738425aa4596a595634
339285 1 37 5 8 3 1 1 0 0  aaa99988877a9887769aa86697638455aa5296a594734
339287 1 37 5 8 3 2 1 0 0  aaa99988877a9887769aa86697638425aa4596a595734
339329 1 37 5 9 4 2 1 0 0  aaa99988827a9887579aa84597778536aa3696a696454
339331 1 37 5 9 5 0 1 0 0  aaa99988837a9887679aa83697778655aa6295a496445
339333 1 37 5 9 5 1 1 0 0  aaa99988837a9887679aa83697778652aa6595a496445
339334 1 37 5 9 5 2 0 0 0  aaa99988827a9887679aa85697778634aa6395a496545
339335 1 37 5 9 5 2 1 0 0  aaa99988827a9887679aa84697778635aa6593a595464
339365 1 37 5 10 4 2 1 0 0  aaa99988827a9885479aa85497778736aa3696a696545
339369 1 37 5 10 5 1 1 0 0  aaa99988827a9886479aa86497778755aa5396a593646
339371 1 37 5 10 5 2 1 0 0  aaa99988827a9886479aa86497778735aa3596a595646
339386 1 37 6 0 2 1 0 0 0  aaa99988877a9885489aa78597666376aa3695a792445
339388 1 37 6 0 2 2 0 0 0  aaa99988877a9884589aa78597666576aa5693a792443
339413 1 37 6 1 0 2 1 0 0  aaa99988877a9887589aa78596644437aa5396a796652
339428 1 37 6 1 3 1 0 0 0  aaa99988877a9887489aa78396665367aa2595a796445
339430 1 37 6 1 3 2 0 0 0  aaa99988877a9887589aa78596664567aa5494a796332
339432 1 37 6 1 4 0 0 0 0  aaa99988877a9887589aa78496666367aa3595a795442
339434 1 37 6 1 4 1 0 0 0  aaa99988877a9887589aa78496666367aa3495a794525
339446 1 37 6 2 0 1 0 0 0  aaa99988877a9887589aa78497665366aa3495a794625
339450 1 37 6 2 1 0 0 0 0  aaa99988877a9887589aa78497666366aa3595a795442
339452 1 37 6 2 1 1 0 0 0  aaa99988877a9887589aa78497666366aa3495a794525
339458 1 37 6 2 2 1 0 0 0  aaa99988877a9887589aa78497666346aa4695a793525
339485 1 37 6 3 0 2 1 0 0  aaa99988877a9887789aa78596644436aa5396a795652
339521 1 37 6 4 0 2 1 0 0  aaa99988877a9887589aa78596644436aa5396a795672
339598 1 37 6 6 1 2 0 0 0  aaa99988877a9887789aa38597766646aa5294a695354
339715 1 37 6 9 3 0 1 0 0  aaa99988877a9885589aa38597777466aa6296a694534
339721 1 37 6 9 4 0 1 0 0  aaa99988877a9885589aa38597777426aa4696a696534
339736 1 37 6 10 0 2 0 0 0  aaa99988867a9886589aa68597777744aa5296a694353
339737 1 37 6 10 0 2 1 0 0  aaa99988867a9886589aa68597777724aa5496a694353
339747 1 37 6 10 2 1 1 0 0  aaa99988867a9886689aa38497777755aa5296a594634
339749 1 37 6 10 2 2 1 0 0  aaa99988867a9886689aa38497777725aa4596a595634
339799 1 37 7 0 5 0 1 0 0  aaa99948888a9887729aa78797647556aa5695a696433
340055 1 37 7 7 5 2 1 0 0  aaa99978888a9885779aa78797635426aa4695a696534
340072 1 37 7 8 2 2 0 0 0  aaa99968888a9885479aa68797775376aa3695a692445
340178 1 37 8 0 2 1 0 0 0  aaa99988877a9885469aa78597668376aa3695a792445
340180 1 37 8 0 2 2 0 0 0  aaa99988877a9884569aa78597668576aa5693a792443
340195 1 37 8 0 5 0 1 0 0  aaa99988877a9884629aa78697558675aa6393a796454
340210 1 37 8 1 1 2 0 0 0  aaa99988877a9887669aa78696638547aa5294a795354
340240 1 37 8 2 0 2 0 0 0  aaa99988877a9887669aa78697638546aa5294a795354
340250 1 37 8 2 2 1 0 0 0  aaa99988877a9887569aa78497668346aa4695a793525
340266 1 37 8 2 5 0 0 0 0  aaa99988877a9887629aa78697558635aa6394a796544
340270 1 37 8 2 5 2 0 0 0  aaa99988877a9887649aa78697548635aa6593a795462
340271 1 37 8 2 5 2 1 0 0  aaa99988877a9887639aa78697538625aa6594a795464
340277 1 37 8 3 0 2 1 0 0  aaa99988877a9887769aa78696548325aa6596a795443
340349 1 37 8 5 0 2 1 0 0  aaa99988877a9887529aa78797668566aa5493a494653
340390 1 37 8 6 1 2 0 0 0  aaa99988877a9887769aa68697738546aa5294a695354
340393 1 37 8 6 2 0 1 0 0  aaa99988877a9887769aa68697738455aa4295a695634
340395 1 37 8 6 2 1 1 0 0  aaa99988877a9887769aa68697738455aa5295a694634
340396 1 37 8 6 2 2 0 0 0  aaa99988877a9887769aa68697728543aa5394a695654
340397 1 37 8 6 2 2 1 0 0  aaa99988877a9887769aa68697738542aa5494a695635
340405 1 37 8 6 4 0 1 0 0  aaa99988877a9887759aa58497738526aa4696a696534
340407 1 37 8 6 4 1 1 0 0  aaa99988877a9887759aa58597738426aa4696a696534
340409 1 37 8 6 4 2 1 0 0  aaa99988877a9887729aa58497758436aa3696a696554
340411 1 37 8 6 5 0 1 0 0  aaa99988877a9887739aa68497768355aa4295a695664
340413 1 37 8 6 5 1 1 0 0  aaa99988877a9887729aa68497768455aa5395a693664
340414 1 37 8 6 5 2 0 0 0  aaa99988877a9887729aa68597768543aa5394a695664
340415 1 37 8 6 5 2 1 0 0  aaa99988877a9887729aa68597768543aa5494a693665
340453 1 37 8 8 0 0 1 0 0  aaa99988877a9887769aa78697648355aa6695a593442
340500 1 37 8 9 2 0 0 0 0  aaa99988867a9887579aa68697778454aa5593a694623
340517 1 37 8 9 4 2 1 0 0  aaa99988827a9887579aa48597778536aa3696a696445
340519 1 37 8 9 5 0 1 0 0  aaa99988827a9887679aa48697778655aa6395a396445
340521 1 37 8 9 5 1 1 0 0  aaa99988827a9887679aa48697778653aa6595a396445
340522 1 37 8 9 5 2 0 0 0  aaa99988827a9887679aa58697778643aa6394a596554
340523 1 37 8 9 5 2 1 0 0  aaa99988837a9887679aa38697778625aa6594a595464
340528 1 37 8 10 0 2 0 0 0  aaa99988867a9886579aa68597778744aa5296a694353
340529 1 37 8 10 0 2 1 0 0  aaa99988867a9886579aa68597778724aa5496a694353
340539 1 37 8 10 2 1 1 0 0  aaa99988867a9886679aa38497778755aa5296a594634
340541 1 37 8 10 2 2 1 0 0  aaa99988867a9886679aa38497778725aa4596a595634
340565 1 37 9 0 0 2 1 0 0  aaa99988877a9886629aa78697566875aa3594a795434
340576 1 37 9 0 2 2 0 0 0  aaa99988877a9885469aa78397665876aa3695a792445
340646 1 37 9 2 2 1 0 0 0  aaa99988877a9887469aa78397665856aa3695a792445
340710 1 37 9 4 1 0 0 0 0  aaa99988877a9887669aa78696634855aa4295a795374
340711 1 37 9 4 1 0 1 0 0  aaa99988877a9887669aa78696624853aa5594a793475
340728 1 37 9 4 4 0 0 0 0  aaa99988877a9887569aa78696663854aa5593a794274
340740 1 37 9 5 0 0 0 0 0  aaa99988877a9887429aa78797665866aa3595a495643
340771 1 37 9 5 5 0 1 0 0  aaa99988877a9887549aa78797644856aa5695a696332
340781 1 37 9 6 0 2 1 0 0  aaa99988877a9887769aa68597746833aa5296a695445
340924 1 37 9 10 0 2 0 0 0  aaa99988867a9886579aa68597777844aa5296a694353
340925 1 37 9 10 0 2 1 0 0  aaa99988867a9886579aa68597777824aa5496a694353
340935 1 37 9 10 2 1 1 0 0  aaa99988867a9886679aa38497777855aa5296a594634
340937 1 37 9 10 2 2 1 0 0  aaa99988867a9886679aa38497777825aa4596a595634
341155 1 37 10 5 3 0 1 0 0  aaa99978588a9885579aa78798737466aa6296a694534
341161 1 37 10 5 4 0 1 0 0  aaa99978588a9885579aa78798737426aa4696a696534
341176 1 37 10 6 0 2 0 0 0  aaa99968688a9884679aa38598777527aa5796a395644
341180 1 37 10 6 1 1 0 0 0  aaa99968688a9885679aa68498777357aa3795a692445
341184 1 37 10 6 2 0 0 0 0  aaa99968588a9886479aa68398777357aa5795a494626
341189 1 37 10 6 2 2 1 0 0  aaa99968588a9886579aa68598777527aa4796a394634
341198 1 37 10 6 4 1 0 0 0  aaa99968688a9885479aa68598777347aa4795a693625
341204 1 37 10 6 5 1 0 0 0  aaa99968588a9885479aa68398777347aa4795a692665
341330 1 37 10 10 2 1 0 0 0  aaa99978588a9885469aa78398676346aa4695a792775
341351 1 37 10 10 5 2 1 0 0  aaa99978688a9884629aa78698574635aa6593a795774
341352 1 37 11 0 0 0 0 0 0  aaa99977888a9888479aa75896565376aa3697a495642
341572 1 37 11 6 0 2 0 0 0  aaa99966888a9888579aa77897736746aa5294a695354
341598 1 37 11 6 5 0 0 0 0  aaa99963888a9888579aa77897763754aa5592a694664
341656 1 37 11 8 2 2 0 0 0  aaa99965888a9888479aa67897775376aa3695a692445
341680 1 37 11 9 0 2 0 0 0  aaa99966888a9888579aa37897776746aa5294a695354
341706 1 37 11 9 5 0 0 0 0  aaa99963888a9888579aa67897773754aa5592a694664
341716 1 37 11 10 0 2 0 0 0  aaa99966888a9888579aa36897777746aa5294a695354
341742 1 37 11 10 5 0 0 0 0  aaa99963888a9888579aa63897777754aa5592a694664
341804 1 37 12 1 3 1 0 0 0  aaa99968588a9884479aa78797666477aa3698a593552
341834 1 37 12 2 2 1 0 0 0  aaa99978588a9884479aa78797666476aa3698a593552
341859 1 37 12 3 0 1 1 0 0  aaa99968788a9886679aa28797773655aa5498a494653
341861 1 37 12 3 0 2 1 0 0  aaa99948788a9886679aa48797776365aa6598a595432
341868 1 37 12 3 2 0 0 0 0  aaa99948788a9885679aa28797773666aa6598a594543
341890 1 37 12 3 5 2 0 0 0  aaa99968788a9883579aa68797773544aa5298a694665
341912 1 37 12 4 3 1 0 0 0  aaa99968588a9884479aa78797666476aa3798a593552
341950 1 37 12 5 3 2 0 0 0  aaa99978588a9886579aa78797766644aa5298a694353
341951 1 37 12 5 3 2 1 0 0  aaa99978588a9886579aa78797766624aa5498a694353
341958 1 37 12 5 5 0 0 0 0  aaa99978688a9884679aa78797755633aa6298a596445
341959 1 37 12 5 5 0 1 0 0  aaa99978688a9885679aa78797755624aa6498a496353
341962 1 37 12 5 5 2 0 0 0  aaa99978688a9885679aa78797735644aa6298a496535
341971 1 37 12 6 1 0 1 0 0  aaa99968588a9885579aa78797737466aa6298a694534
341989 1 37 12 6 4 0 1 0 0  aaa99968588a9885579aa78797737426aa4698a696534
342050 1 37 12 8 2 1 0 0 0  aaa99968588a9885479aa68797775376aa3698a692445
342052 1 37 12 8 2 2 0 0 0  aaa99968588a9884579aa68797773576aa5698a692443
342079 1 37 12 9 1 0 1 0 0  aaa99968588a9885579aa38797777466aa6298a694534
342097 1 37 12 9 4 0 1 0 0  aaa99968588a9885579aa38797777426aa4698a696534
342115 1 37 12 10 1 0 1 0 0  aaa99968588a9885579aa38497777766aa6298a694534
342133 1 37 12 10 4 0 1 0 0  aaa99968588a9885579aa38497777726aa4698a696534
342271 1 37 13 3 3 0 1 0 0  aaa99978588a9885579aa78897737466aa6296a694534
342277 1 37 13 3 4 0 1 0 0  aaa99978588a9885579aa78897737426aa4696a696534
342306 1 37 13 4 3 0 0 0 0  aaa99978588a9886479aa78897766654aa5593a694723
342313 1 37 13 4 4 0 1 0 0  aaa99978588a9885579aa78897735426aa4696a696734
342374 1 37 13 6 2 1 0 0 0  aaa99968588a9885479aa68897775376aa3697a692445
342376 1 37 13 6 2 2 0 0 0  aaa99968588a9884579aa68897773576aa5697a692443
342446 1 37 13 8 2 1 0 0 0  aaa99968588a9885479aa78897767376aa3695a692445
342448 1 37 13 8 2 2 0 0 0  aaa99968588a9884579aa78897767576aa5693a692443
342751 1 37 14 5 5 0 1 0 0  aaa99977788a9887529aa75598678836aa4693a696544
342755 1 37 14 5 5 2 1 0 0  aaa99977788a9887429aa75498678836aa3695a696545
342798 1 37 14 7 1 0 0 0 0  aaa99977788a9887369aa76698658856aa7594a593442
342953 1 37 15 0 2 2 1 0 0  aaa99988877a9686639aa87597638576aa5498a494752
342954 1 37 15 0 3 0 0 0 0  aaa99988877a9686629aa87697658574aa4498a593735
342973 1 37 15 1 0 0 1 0 0  aaa99988877a9783669aa87696528564aa5598a494773
342981 1 37 15 1 1 1 1 0 0  aaa99988877a9783669aa87696628555aa5498a494773
342983 1 37 15 1 1 2 1 0 0  aaa99988877a9783669aa87696568425aa4598a594773
343013 1 37 15 2 0 2 1 0 0  aaa99988877a9782669aa87697648536aa5398a495745
343023 1 37 15 2 2 1 1 0 0  aaa99988877a9785569aa87597668526aa4698a394734
343024 1 37 15 2 2 2 0 0 0  aaa99988877a9784569aa87597668526aa5698a394734
343025 1 37 15 2 2 2 1 0 0  aaa99988877a9783569aa87597668544aa4698a296753
343031 1 37 15 2 3 2 1 0 0  aaa99988877a9783569aa87697668526aa5498a494753
343037 1 37 15 2 4 2 1 0 0  aaa99988877a9783569aa87597668626aa5498a494753
343043 1 37 15 2 5 2 1 0 0  aaa99988877a9783549aa87597648426aa5698a696753
343053 1 37 15 3 1 1 1 0 0  aaa99988877a9787469aa86796638455aa7298a595634
343055 1 37 15 3 1 2 1 0 0  aaa99988877a9787469aa86796638425aa7598a595634
343080 1 37 15 4 0 0 0 0 0  aaa99988877a9782669aa87696558364aa4598a493757
343086 1 37 15 4 1 0 0 0 0  aaa99988877a9782669aa87696658534aa5398a594747
343087 1 37 15 4 1 0 1 0 0  aaa99988877a9782669aa87696638554aa5598a494737
343088 1 37 15 4 1 1 0 0 0  aaa99988877a9782669aa87696638455aa5498a594737
343089 1 37 15 4 1 1 1 0 0  aaa99988877a9782669aa87696638555aa5498a494737
343090 1 37 15 4 1 2 0 0 0  aaa99988877a9782669aa87696638445aa4598a595737
343091 1 37 15 4 1 2 1 0 0  aaa99988877a9782669aa87696568435aa3598a594747
343107 1 37 15 4 4 1 1 0 0  aaa99988877a9782469aa87696668455aa5398a593747
343109 1 37 15 4 4 2 1 0 0  aaa99988877a9782469aa87696668435aa3598a595747
343113 1 37 15 4 5 1 1 0 0  aaa99988877a9782469aa87496668655aa5398a593747
343115 1 37 15 4 5 2 1 0 0  aaa99988877a9782469aa87496668635aa3598a595747
343129 1 37 15 5 2 0 1 0 0  aaa99988877a9785569aa87797668526aa4698a394534
343139 1 37 15 5 3 2 1 0 0  aaa99988877a9783569aa87797668526aa5498a494653
343154 1 37 15 6 0 1 0 0 0  aaa99988877a9787569aa86497678346aa4598a595632
343187 1 37 15 6 5 2 1 0 0  aaa99988877a9787529aa84597678536aa3698a696454
343188 1 37 15 7 0 0 0 0 0  aaa99988877a9786629aa87697568547aa4598a393654
343189 1 37 15 7 0 0 1 0 0  aaa99988877a9786629aa87697568537aa5398a594644
343191 1 37 15 7 0 1 1 0 0  aaa99988877a9786659aa87697568527aa4598a394634
343193 1 37 15 7 0 2 1 0 0  aaa99988877a9786629aa87697568437aa3598a595644
343201 1 37 15 7 2 0 1 0 0  aaa99988877a9785569aa87597668427aa4698a396534
343207 1 37 15 7 3 0 1 0 0  aaa99988877a9785569aa87697668527aa4698a394534
343213 1 37 15 7 4 0 1 0 0  aaa99988877a9785569aa87597668627aa4698a394534
343218 1 37 15 7 5 0 0 0 0  aaa99988877a9784659aa87697548657aa6598a396432
343219 1 37 15 7 5 0 1 0 0  aaa99988877a9783659aa87697548657aa6598a496423
343223 1 37 15 7 5 2 1 0 0  aaa99988877a9784639aa87697538627aa6598a595464
343281 1 37 15 9 3 1 1 0 0  aaa99988877a9787769aa86697638455aa5298a594634
343283 1 37 15 9 3 2 1 0 0  aaa99988877a9787769aa86697638425aa4598a595634
343301 1 37 15 10 0 2 1 0 0  aaa99988867a9683579aa86597778726aa5498a494653
343309 1 37 15 10 2 0 1 0 0  aaa99988867a9686579aa85597778726aa4698a394534
343331 1 37 15 10 5 2 1 0 0  aaa99988827a9685479aa85497778736aa3698a696545
343334 1 37 16 0 0 1 0 0 0  aaa99988877a9686469aa87397648475aa8596a593752
343349 1 37 16 0 2 2 1 0 0  aaa99988877a9686629aa87597648576aa8393a495745
343381 1 37 16 1 2 0 1 0 0  aaa99988877a9785569aa87596638476aa8297a694534
343417 1 37 16 2 2 0 1 0 0  aaa99988877a9785569aa87597668426aa8695a394734
343449 1 37 16 3 1 1 1 0 0  aaa99988877a9787469aa86796628453aa8595a593674
343482 1 37 16 4 1 0 0 0 0  aaa99988877a9782669aa87696658534aa8397a594745
343483 1 37 16 4 1 0 1 0 0  aaa99988877a9783669aa87696658455aa8297a594743
343484 1 37 16 4 1 1 0 0 0  aaa99988877a9784669aa87696638455aa8297a595734
343485 1 37 16 4 1 1 1 0 0  aaa99988877a9783669aa87696658425aa8597a594743
343486 1 37 16 4 1 2 0 0 0  aaa99988877a9784669aa87696638425aa8597a595734
343487 1 37 16 4 1 2 1 0 0  aaa99988877a9783669aa87696568425aa8597a594743
343543 1 37 16 5 5 0 1 0 0  aaa99988877a9785549aa87797648426aa8695a696353
343548 1 37 16 6 0 0 0 0 0  aaa99988877a9787469aa86397678356aa8596a592454
343563 1 37 16 6 2 1 1 0 0  aaa99988877a9787469aa86697578525aa8596a394634
343564 1 37 16 6 2 2 0 0 0  aaa99988877a9787469aa86697578325aa8596a495643
343574 1 37 16 6 4 1 0 0 0  aaa99988877a9787469aa85397678356aa8695a692445
343576 1 37 16 6 4 2 0 0 0  aaa99988877a9787569aa84597678546aa8694a695332
343583 1 37 16 6 5 2 1 0 0  aaa99988877a9787439aa85497678326aa8695a696545
343585 1 37 16 7 0 0 1 0 0  aaa99988877a9786629aa87697558467aa8596a394534
343614 1 37 16 7 5 0 0 0 0  aaa99988877a9785649aa87697548627aa8595a496363
343615 1 37 16 7 5 0 1 0 0  aaa99988877a9785649aa87697448627aa8595a596363
343617 1 37 16 7 5 1 1 0 0  aaa99988877a9784659aa87697558627aa8594a396364
343727 1 37 16 10 5 2 1 0 0  aaa99988837a9685479aa85397778726aa8695a696544
343913 1 37 17 5 0 2 1 0 0  aaa99977788a9887529aa78898676536aa6396a495445
343939 1 37 17 5 5 0 1 0 0  aaa99977788a9887529aa78898675536aa4693a696544
343943 1 37 17 5 5 2 1 0 0  aaa99977788a9887429aa78898675436aa3695a696545
343980 1 37 17 7 0 0 0 0 0  aaa99977788a9887429aa78898665766aa3595a495643
344011 1 37 17 7 5 0 1 0 0  aaa99977788a9887549aa78898644756aa5695a696332
344128 1 37 18 0 0 2 0 0 0  aaa99977588a9888569aa76798767844aa5296a694353
344129 1 37 18 0 0 2 1 0 0  aaa99977588a9888569aa76798767824aa5496a694353
344130 1 37 18 0 1 0 0 0 0  aaa99977588a9888349aa76798747866aa6296a595543
344131 1 37 18 0 1 0 1 0 0  aaa99977588a9888439aa76798737866aa6296a595544
344135 1 37 18 0 1 2 1 0 0  aaa99977488a9888429aa76798757866aa6396a593554
344209 1 37 18 2 2 0 1 0 0  aaa99977788a9888579aa75598666826aa4697a394534
344221 1 37 18 2 4 0 1 0 0  aaa99977788a9888579aa75598636826aa4697a694534
344309 1 37 18 5 0 2 1 0 0  aaa99977788a9888569aa76598673826aa5497a494653
344339 1 37 18 5 5 2 1 0 0  aaa99977788a9888429aa75498675836aa3697a696545
344528 1 37 19 0 1 1 0 0 0  aaa99977588a9887779aa78498666368aa3694a592554
344600 1 37 19 2 1 1 0 0 0  aaa99977788a9887579aa78498666368aa3694a592554
344714 1 37 19 5 2 1 0 0 0  aaa99977788a9887569aa78498676348aa4695a693525
344731 1 37 19 5 5 0 1 0 0  aaa99977788a9887629aa78698575638aa6593a496445
344735 1 37 19 5 5 2 1 0 0  aaa99977788a9887629aa78698574638aa6593a595464
344802 1 37 19 7 5 0 0 0 0  aaa99977788a9887649aa78698554738aa6593a296564
344803 1 37 19 7 5 0 1 0 0  aaa99977788a9887629aa78698545738aa6593a496465
344805 1 37 19 7 5 1 1 0 0  aaa99977788a9887659aa78698554728aa6594a396364
344930 1 37 20 0 2 1 0 0 0  aaa99977588a9888479aa74898666376aa3697a592554
345101 1 37 20 5 0 2 1 0 0  aaa99977788a9888569aa76898673526aa5497a494653
345131 1 37 20 5 5 2 1 0 0  aaa99977788a9888429aa75898675436aa3697a696545
345146 1 37 20 6 2 1 0 0 0  aaa99966688a9888479aa65898777357aa3795a692445
345158 1 37 20 6 4 1 0 0 0  aaa99965688a9888579aa65898777347aa4794a693625
345316 1 37 21 0 0 2 0 0 0  aaa99977588a9888869aa76798767544aa5296a694353
345317 1 37 21 0 0 2 1 0 0  aaa99977588a9888869aa76798767524aa5496a694353
345397 1 37 21 2 2 0 1 0 0  aaa99977788a9888879aa75598666526aa4697a394534
345497 1 37 21 5 0 2 1 0 0  aaa99977788a9888869aa76598673526aa5497a494653
345527 1 37 21 5 5 2 1 0 0  aaa99977788a9888829aa75498675436aa3697a696545
345712 1 37 22 0 0 2 0 0 0  aaa99977568a9776589aa67798888844aa5296a694353
345713 1 37 22 0 0 2 1 0 0  aaa99977568a9776589aa67798888824aa5496a694353
345723 1 37 22 0 2 1 1 0 0  aaa99977468a9776689aa37798888855aa5296a594634
345725 1 37 22 0 2 2 1 0 0  aaa99977468a9776689aa37798888825aa4596a595634
345761 1 37 22 1 2 2 1 0 0  aaa99977768a9776689aa42598888837aa5396a495645
345784 1 37 22 2 0 2 0 0 0  aaa99977768a9776589aa67598888844aa5296a694353
345785 1 37 22 2 0 2 1 0 0  aaa99977768a9776589aa67598888824aa5496a694353
345795 1 37 22 2 2 1 1 0 0  aaa99977768a9776689aa37498888855aa5296a594634
345797 1 37 22 2 2 2 1 0 0  aaa99977768a9776689aa37498888825aa4596a595634
345820 1 37 22 3 0 2 0 0 0  aaa99966778a9777589aa36798888846aa5294a695354
345846 1 37 22 3 5 0 0 0 0  aaa99963778a9777589aa63798888854aa5592a694664
345893 1 37 22 5 0 2 1 0 0  aaa99977768a9673589aa76598888826aa5497a494653
345901 1 37 22 5 2 0 1 0 0  aaa99977768a9676589aa75598888826aa4697a394534
345923 1 37 22 5 5 2 1 0 0  aaa99977728a9675489aa75498888836aa3697a696545
345943 1 37 22 6 3 0 1 0 0  aaa99966678a9777589aa65598888827aa4796a394534
346074 1 37 22 10 1 0 0 0 0  aaa99973668a9676589aa73698888854aa5592a794774
346173 1 38 0 1 5 1 1 0 0  aaa99998878a9778479aa82898657536aa3659a664547
346175 1 38 0 1 5 2 1 0 0  aaa99998878a9778479aa82898657436aa3659a664557
346176 1 38 0 2 0 0 0 0 0  aaa99998878a9778579aa84898667467aa3659a525634
346608 1 38 1 3 0 0 0 0 0  aaa99997588a9866479aa87397776386aa8489a654552
346610 1 38 1 3 0 1 0 0 0  aaa99997588a9866479aa87397776386aa8589a655442
346620 1 38 1 3 2 0 0 0 0  aaa99997488a9866679aa87397776385aa8489a564525
346622 1 38 1 3 2 1 0 0 0  aaa99997488a9866679aa87397776385aa8589a562454
346626 1 38 1 3 3 0 0 0 0  aaa99997588a9866679aa87497776384aa8289a654553
346628 1 38 1 3 3 1 0 0 0  aaa99997488a9866679aa87397776385aa8589a652445
346634 1 38 1 3 4 1 0 0 0  aaa99997588a9865479aa87397775386aa8689a662445
346636 1 38 1 3 4 2 0 0 0  aaa99997588a9864579aa87597773586aa8689a662443
346672 1 38 1 4 4 2 0 0 0  aaa99995488a9877779aa85397676386aa8689a652445
346678 1 38 1 4 5 2 0 0 0  aaa99995488a9877779aa85397675386aa8689a662445
346744 1 38 1 6 4 2 0 0 0  aaa99995488a9865379aa87797775386aa8689a662445
346852 1 38 1 9 4 2 0 0 0  aaa99995488a9865379aa85797777386aa8689a662445
346888 1 38 1 10 4 2 0 0 0  aaa99995488a9865379aa85397777786aa8689a662445
346931 1 38 2 0 5 2 1 0 0  aaa99998588a9877549aa87797674436aa5639a665828
346945 1 38 2 1 2 0 1 0 0  aaa99998688a9877769aa86697573575aa6429a434858
346967 1 38 2 1 5 2 1 0 0  aaa99998588a9877749aa82597674476aa5639a665838
347003 1 38 2 2 5 2 1 0 0  aaa99998588a9877749aa87597674436aa5639a665828
347017 1 38 2 3 2 0 1 0 0  aaa99998588a9857579aa87497772466aa6359a663848
347023 1 38 2 3 3 0 1 0 0  aaa99998588a9857579aa87497772466aa6369a563848
347029 1 38 2 3 4 0 1 0 0  aaa99998588a9857579aa87497773326aa6659a664848
347033 1 38 2 3 4 2 1 0 0  aaa99998588a9847579aa87597773326aa6649a665848
347035 1 38 2 3 5 0 1 0 0  aaa99998588a9857579aa87497772436aa3659a666848
347055 1 38 2 4 2 1 1 0 0  aaa99998488a9877779aa82497676636aa3659a555848
347069 1 38 2 4 4 2 1 0 0  aaa99998588a9877779aa84597674636aa5639a645828
347075 1 38 2 4 5 2 1 0 0  aaa99998588a9877779aa84597674536aa5639a646828
347087 1 38 2 5 1 2 1 0 0  aaa99998688a9877769aa87696672435aa3579a554848
347092 1 38 2 5 2 2 0 0 0  aaa99998488a9877769aa87396576365aa2679a455848
347116 1 38 2 6 0 2 0 0 0  aaa99998488a9866379aa87797776365aa2569a455848
347127 1 38 2 6 2 1 1 0 0  aaa99998488a9866679aa87797772455aa5369a653848
347129 1 38 2 6 2 2 1 0 0  aaa99998488a9866679aa87797772435aa3569a655848
347136 1 38 2 6 4 0 0 0 0  aaa99998588a9854579aa87797774426aa6659a663838
347139 1 38 2 6 4 1 1 0 0  aaa99998488a9855579aa87797773326aa6659a664848
347140 1 38 2 6 4 2 0 0 0  aaa99998588a9844579aa87797772536aa6639a665848
347145 1 38 2 6 5 1 1 0 0  aaa99998488a9855579aa87797772436aa3659a666848
347146 1 38 2 6 5 2 0 0 0  aaa99998588a9844579aa87797772536aa5639a666848
347186 1 38 2 8 0 1 0 0 0  aaa99998588a9866479aa87397776375aa2669a455848
347188 1 38 2 8 0 2 0 0 0  aaa99998588a9866579aa87597776574aa4669a433828
347206 1 38 2 8 3 2 0 0 0  aaa99998488a9866679aa87397776375aa2569a455848
347208 1 38 2 8 4 0 0 0 0  aaa99998588a9854579aa87397774476aa6659a663828
347214 1 38 2 8 5 0 0 0 0  aaa99998588a9854579aa87397774476aa3659a666828
347224 1 38 2 9 0 2 0 0 0  aaa99998488a9866379aa86797777365aa2569a455848
347230 1 38 2 9 1 2 0 0 0  aaa99998488a9866679aa82797777365aa3569a455848
347235 1 38 2 9 2 1 1 0 0  aaa99998488a9866679aa82797777455aa5369a653848
347237 1 38 2 9 2 2 1 0 0  aaa99998488a9866679aa82797777435aa3569a655848
347244 1 38 2 9 4 0 0 0 0  aaa99998588a9845579aa85797777346aa6649a663828
347246 1 38 2 9 4 1 0 0 0  aaa99998388a9855579aa85797777346aa6649a662848
347247 1 38 2 9 4 1 1 0 0  aaa99998488a9855579aa85797777436aa6639a664828
347248 1 38 2 9 4 2 0 0 0  aaa99998588a9844579aa82797777536aa6639a665848
347253 1 38 2 9 5 1 1 0 0  aaa99998488a9855579aa82797777436aa3659a666848
347254 1 38 2 9 5 2 0 0 0  aaa99998588a9844579aa82797777536aa5639a666848
347260 1 38 2 10 0 2 0 0 0  aaa99998488a9866379aa86397777765aa2569a455848
347271 1 38 2 10 2 1 1 0 0  aaa99998488a9866679aa82497777755aa5369a653848
347273 1 38 2 10 2 2 1 0 0  aaa99998488a9866679aa82497777735aa3569a655848
347280 1 38 2 10 4 0 0 0 0  aaa99998588a9854579aa84497777726aa6659a663838
347283 1 38 2 10 4 1 1 0 0  aaa99998488a9855579aa83397777726aa6659a664848
347284 1 38 2 10 4 2 0 0 0  aaa99998588a9844579aa82597777736aa6639a665848
347289 1 38 2 10 5 1 1 0 0  aaa99998488a9855579aa82497777736aa3659a666848
347290 1 38 2 10 5 2 0 0 0  aaa99998588a9844579aa82597777736aa5639a666848
347295 1 38 3 0 0 1 1 0 0  aaa99998688a9877429aa87798776656aa5559a364834
347296 1 38 3 0 0 2 0 0 0  aaa99998688a9877529aa87798776646aa5439a465835
347297 1 38 3 0 0 2 1 0 0  aaa99998688a9877529aa87798776646aa5449a365835
347321 1 38 3 0 4 2 1 0 0  aaa99998588a9877549aa87798774436aa6639a665852
347327 1 38 3 0 5 2 1 0 0  aaa99998588a9877549aa87798774436aa5639a666852
347358 1 38 3 1 5 0 0 0 0  aaa99998688a9877749aa84698773657aa6529a546853
347359 1 38 3 1 5 0 1 0 0  aaa99998688a9877739aa84698773657aa6529a546854
347393 1 38 3 2 4 2 1 0 0  aaa99998588a9877749aa87598774436aa6639a665852
347399 1 38 3 2 5 2 1 0 0  aaa99998588a9877749aa87598774436aa5639a666852
347404 1 38 3 3 0 2 0 0 0  aaa99998788a9866479aa86798777365aa3569a545824
347424 1 38 3 3 4 0 0 0 0  aaa99998788a9845579aa85798777546aa6649a663832
347492 1 38 3 5 3 1 0 0 0  aaa99998488a9877769aa87698676356aa3579a545824
347498 1 38 3 5 4 1 0 0 0  aaa99998488a9877769aa87398676656aa3579a545824
347508 1 38 3 6 0 0 0 0 0  aaa99998588a9866479aa85598777367aa3769a454826
347510 1 38 3 6 0 1 0 0 0  aaa99998588a9866579aa86498777367aa3769a545824
347516 1 38 3 6 1 1 0 0 0  aaa99998588a9866679aa84498777467aa3769a555832
347579 1 38 3 7 5 2 1 0 0  aaa99998788a9877749aa87598674436aa5639a665852
347582 1 38 3 8 0 1 0 0 0  aaa99998588a9866479aa86798777367aa3569a545824
347584 1 38 3 8 0 2 0 0 0  aaa99998588a9866579aa86798777567aa5469a433842
347600 1 38 3 8 3 1 0 0 0  aaa99998488a9866679aa86798777357aa3569a545824
347604 1 38 3 8 4 0 0 0 0  aaa99998588a9854579aa82798777467aa3659a666834
347618 1 38 3 9 0 1 0 0 0  aaa99998588a9866479aa86398777767aa3569a545824
347620 1 38 3 9 0 2 0 0 0  aaa99998588a9866579aa86598777767aa5469a433842
347636 1 38 3 9 3 1 0 0 0  aaa99998488a9866679aa86398777757aa3569a545824
347640 1 38 3 9 4 0 0 0 0  aaa99998488a9855379aa84498777767aa3659a666825
347657 1 38 3 10 0 2 1 0 0  aaa99998488a9866459aa86498755567aa3769a777832
347668 1 38 3 10 2 2 0 0 0  aaa99998588a9866639aa84598763527aa5769a777844
347669 1 38 3 10 2 2 1 0 0  aaa99998588a9866629aa84598764537aa3769a777854
347675 1 38 3 10 3 2 1 0 0  aaa99998588a9866649aa86598764437aa5739a777852
347683 1 38 3 10 5 0 1 0 0  aaa99998688a9855649aa85698744627aa6759a777833
347687 1 38 3 10 5 2 1 0 0  aaa99998688a9854639aa84698753627aa6759a777854
347753 1 38 4 1 4 2 1 0 0  aaa99995488a9877739aa85498775367aa4629a666885
347758 1 38 4 1 5 2 0 0 0  aaa99996588a9877729aa86598776547aa5439a364886
347822 1 38 4 3 4 1 0 0 0  aaa99995788a9855579aa84798777436aa6639a662884
347842 1 38 4 4 1 2 0 0 0  aaa99996588a9877779aa83598773566aa6449a264885
347858 1 38 4 4 4 1 0 0 0  aaa99995488a9877779aa85298774436aa6639a665885
347860 1 38 4 4 4 2 0 0 0  aaa99994588a9877779aa82598774436aa6639a665885
347902 1 38 4 5 5 2 0 0 0  aaa99997588a9877739aa84598673526aa5679a664884
347903 1 38 4 5 5 2 1 0 0  aaa99997588a9877729aa84598674536aa3679a665884
347923 1 38 4 6 3 0 1 0 0  aaa99996588a9866679aa85598777427aa4769a353884
347929 1 38 4 6 4 0 1 0 0  aaa99996688a9856579aa86598777427aa4759a363884
348115 1 38 5 0 5 0 1 0 0  aaa99997788a9877479aa88798655436aa3659a664285
348149 1 38 5 1 4 2 1 0 0  aaa99995488a9877739aa88498775367aa4629a666585
348154 1 38 5 1 5 2 0 0 0  aaa99996588a9877729aa88598776547aa5439a364686
348158 1 38 5 2 0 1 0 0 0  aaa99997588a9877779aa88498676366aa3529a545684
348160 1 38 5 2 0 2 0 0 0  aaa99997588a9877779aa88598676566aa5449a343682
348218 1 38 5 3 4 1 0 0 0  aaa99995788a9855579aa88798777346aa6649a663482
348254 1 38 5 4 4 1 0 0 0  aaa99995488a9877779aa88398774426aa6659a663585
348256 1 38 5 4 4 2 0 0 0  aaa99993588a9877779aa88598773546aa6649a665482
348299 1 38 5 5 5 2 1 0 0  aaa99997588a9877729aa88598674536aa3679a665484
348339 1 38 5 7 0 1 1 0 0  aaa99997488a9877739aa88798676366aa4559a255684
348341 1 38 5 7 0 2 1 0 0  aaa99997488a9877739aa88798676366aa4529a555684
348445 1 38 5 10 0 0 1 0 0  aaa99996688a9866529aa88698754537aa3759a777484
348457 1 38 5 10 2 0 1 0 0  aaa99995588a9866649aa88598764437aa3769a777582
348492 1 38 6 0 2 0 0 0 0  aaa99997788a9877579aa84798666486aa3659a525834
348510 1 38 6 0 5 0 0 0 0  aaa99997788a9877579aa84798652586aa4659a663834
348628 1 38 6 4 0 2 0 0 0  aaa99996688a9877779aa83698773586aa5449a265845
348696 1 38 6 6 0 0 0 0 0  aaa99996688a9866579aa84698777487aa3759a525834
348702 1 38 6 6 1 0 0 0 0  aaa99995588a9866579aa85498777387aa3769a644826
348704 1 38 6 6 1 1 0 0 0  aaa99996588a9866579aa85598777487aa3769a644832
348710 1 38 6 6 2 1 0 0 0  aaa99995488a9866679aa85398777587aa3769a644825
348712 1 38 6 6 2 2 0 0 0  aaa99994588a9866679aa83598777587aa5769a644823
348716 1 38 6 6 3 1 0 0 0  aaa99996588a9866679aa84498777487aa3769a555832
348722 1 38 6 6 4 1 0 0 0  aaa99995488a9866579aa85398777387aa2769a644865
348724 1 38 6 6 4 2 0 0 0  aaa99994588a9866579aa83598777587aa2769a644863
348728 1 38 6 6 5 1 0 0 0  aaa99996588a9856479aa86398777387aa2759a464856
348730 1 38 6 6 5 2 0 0 0  aaa99996588a9846579aa86598777587aa2739a464836
348744 1 38 6 7 2 0 0 0 0  aaa99997588a9877769aa84798676486aa3659a525834
348881 1 38 7 0 0 2 1 0 0  aaa99998888a9887729aa78797667466aa4539a555634
348906 1 38 7 0 5 0 0 0 0  aaa99998888a9887729aa78797657546aa4659a665343
348907 1 38 7 0 5 0 1 0 0  aaa99998888a9887729aa78797657536aa5639a664544
348911 1 38 7 0 5 2 1 0 0  aaa99998888a9887729aa78797657436aa3659a664554
349276 1 38 8 0 0 2 0 0 0  aaa99997788a9877379aa85798668346aa6469a452585
349337 1 38 8 1 4 2 1 0 0  aaa99995488a9877739aa85498778367aa4629a666585
349342 1 38 8 1 5 2 0 0 0  aaa99996588a9877729aa86598778547aa5439a364686
349404 1 38 8 3 4 0 0 0 0  aaa99997588a9854579aa87498778736aa6639a662584
349405 1 38 8 3 4 0 1 0 0  aaa99997588a9854579aa87398778726aa6659a663484
349442 1 38 8 4 4 1 0 0 0  aaa99995488a9877779aa84498778326aa6659a663585
349444 1 38 8 4 4 2 0 0 0  aaa99993588a9877779aa83598778546aa6649a665482
349454 1 38 8 5 0 1 0 0 0  aaa99997488a9877769aa86398678356aa2579a545684
349487 1 38 8 5 5 2 1 0 0  aaa99997588a9877729aa84598678536aa3679a665484
349519 1 38 8 6 5 0 1 0 0  aaa99996588a9856579aa86498778727aa4759a363684
349645 1 38 8 10 2 0 1 0 0  aaa99995588a9866639aa83598768427aa4769a777584
349674 1 38 9 0 1 0 0 0 0  aaa99997788a9877579aa84798666468aa3659a525834
349729 1 38 9 1 4 0 1 0 0  aaa99996688a9877729aa86598776458aa5759a364834
349733 1 38 9 1 4 2 1 0 0  aaa99996688a9877729aa86598776538aa3749a465845
349739 1 38 9 1 5 2 1 0 0  aaa99996588a9877729aa86598776538aa3749a465846
349852 1 38 9 5 0 2 0 0 0  aaa99997588a9877769aa86598674528aa5679a443836
349853 1 38 9 5 0 2 1 0 0  aaa99997588a9877769aa86598672538aa3679a444856
349855 1 38 9 5 1 0 1 0 0  aaa99997588a9877769aa86698675528aa4679a354834
349873 1 38 9 5 4 0 1 0 0  aaa99997588a9877769aa85598676628aa4679a354834
349882 1 38 9 5 5 2 0 0 0  aaa99997588a9877739aa84598673528aa5679a666844
349883 1 38 9 5 5 2 1 0 0  aaa99997588a9877729aa84598674538aa3679a666854
349903 1 38 9 6 3 0 1 0 0  aaa99996588a9866679aa85598777428aa4769a357834
349923 1 38 9 7 0 1 1 0 0  aaa99997488a9877769aa86798672438aa3659a555846
349926 1 38 9 7 1 0 0 0 0  aaa99997588a9877769aa84798676468aa3659a525834
350000 0 38 9 9 1 1 0 0 0  aaa99995488a9866679aa84498777768aa3769a555832
350011 1 38 9 9 3 0 1 0 0  aaa99996588a9866679aa85598777728aa4769a354834
350088 1 38 10 0 4 0 0 0 0  aaa99998588a9887729aa78798757546aa6649a663543
350089 1 38 10 0 4 0 1 0 0  aaa99998588a9887729aa78798757536aa6639a664544
350093 1 38 10 0 4 2 1 0 0  aaa99998488a9887739aa78798757326aa6659a664554
350095 1 38 10 0 5 0 1 0 0  aaa99998588a9887729aa78798757536aa4639a666544
350099 1 38 10 0 5 2 1 0 0  aaa99998488a9887729aa78798757436aa3659a666554
350257 1 38 10 5 2 0 1 0 0  aaa99998588a9885579aa78798737466aa6279a664534
350269 1 38 10 5 4 0 1 0 0  aaa99998588a9885579aa78798737426aa6679a664534
350270 1 38 10 5 4 1 0 0 0  aaa99998588a9884479aa78798757426aa6679a663553
350275 1 38 10 5 5 0 1 0 0  aaa99998588a9885579aa78798737426aa4679a666534
350288 1 38 10 6 1 1 0 0 0  aaa99998588a9884479aa58498777367aa3769a666552
350300 1 38 10 6 3 1 0 0 0  aaa99998588a9886479aa68398777347aa4759a666552
350366 1 38 10 8 2 1 0 0 0  aaa99998488a9884479aa58798777367aa3669a566525
350378 1 38 10 8 4 1 0 0 0  aaa99998488a9884479aa58798777367aa3659a666525
350437 1 38 10 10 2 0 1 0 0  aaa99998588a9885569aa68698735427aa4769a777634
350443 1 38 10 10 3 0 1 0 0  aaa99998588a9885569aa68698736427aa4769a777534
350449 1 38 10 10 4 0 1 0 0  aaa99998588a9885569aa38498766627aa4769a777534
350455 1 38 10 10 5 0 1 0 0  aaa99998588a9885529aa68498765437aa3769a777664
350666 1 38 11 5 4 1 0 0 0  aaa99995888a9888379aa77897755546aa6649a663472
350702 1 38 11 6 4 1 0 0 0  aaa99994888a9888479aa77897752756aa6659a663534
350704 1 38 11 6 4 2 0 0 0  aaa99995888a9888379aa77897745746aa6649a663525
350784 1 38 11 9 0 0 0 0 0  aaa99995888a9888479aa67897774766aa3569a563524
350812 1 38 11 9 4 2 0 0 0  aaa99995888a9888379aa47897775746aa6649a663525
350846 1 38 11 10 4 1 0 0 0  aaa99994888a9888479aa52897777756aa6659a663534
350848 1 38 11 10 4 2 0 0 0  aaa99995888a9888379aa45897777746aa6649a663525
350857 1 38 12 0 0 0 1 0 0  aaa99998488a9887729aa78797667456aa6569a533548
350861 1 38 12 0 0 2 1 0 0  aaa99998488a9887729aa78797667466aa4539a555638
350887 1 38 12 0 5 0 1 0 0  aaa99998588a9887729aa78797657536aa4639a664548
350891 1 38 12 0 5 2 1 0 0  aaa99998488a9887729aa78797657436aa3659a664558
351051 1 38 12 5 2 1 1 0 0  aaa99998488a9882479aa78797766655aa5369a653748
351053 1 38 12 5 2 2 1 0 0  aaa99998488a9882479aa78797766635aa3569a655748
351063 1 38 12 5 4 1 1 0 0  aaa99998488a9883379aa78797755526aa6659a664748
351064 1 38 12 5 4 2 0 0 0  aaa99998588a9882579aa78797744536aa6639a665748
351069 1 38 12 5 5 1 1 0 0  aaa99998488a9882479aa78797755536aa3659a666748
351070 1 38 12 5 5 2 0 0 0  aaa99998588a9882579aa78797744536aa5639a666748
351087 1 38 12 6 2 1 1 0 0  aaa99998488a9882479aa78797757566aa6359a663548
351099 1 38 12 6 4 1 1 0 0  aaa99998488a9883379aa78797757526aa6659a664548
351101 1 38 12 6 4 2 1 0 0  aaa99998488a9883379aa78797757426aa6659a664558
351105 1 38 12 6 5 1 1 0 0  aaa99998488a9882479aa78797757536aa3659a666548
351149 1 38 12 8 0 2 1 0 0  aaa99998688a9886679aa58797772476aa4359a563548
351209 1 38 12 9 4 2 1 0 0  aaa99998488a9883379aa58797777426aa6659a664558
351231 1 38 12 10 2 1 1 0 0  aaa99998488a9882479aa58597777766aa6359a663548
351243 1 38 12 10 4 1 1 0 0  aaa99998488a9883379aa58597777726aa6659a664548
351245 1 38 12 10 4 2 1 0 0  aaa99998488a9883379aa58497777726aa6659a664558
351249 1 38 12 10 5 1 1 0 0  aaa99998488a9882479aa58597777736aa3659a666548
351290 1 38 13 1 0 1 0 0 0  aaa99998588a9887479aa78897766365aa3569a465742
351292 1 38 13 1 0 2 0 0 0  aaa99998588a9887579aa78897766564aa5369a463742
351298 1 38 13 1 1 2 0 0 0  aaa99998488a9887379aa78897766665aa3569a545724
351312 1 38 13 1 4 0 0 0 0  aaa99998588a9887479aa78897754526aa6659a663734
351314 1 38 13 1 4 1 0 0 0  aaa99998588a9887379aa78897755546aa6649a663742
351346 1 38 13 2 3 2 0 0 0  aaa99998488a9886379aa78897766675aa3569a545724
351458 1 38 13 5 4 1 0 0 0  aaa99998488a9884479aa78897657676aa3759a663525
351482 1 38 13 6 2 1 0 0 0  aaa99998588a9885479aa68897767376aa3679a652445
351484 1 38 13 6 2 2 0 0 0  aaa99998588a9884579aa68897767576aa5679a644332
351698 1 38 14 1 2 1 0 0 0  aaa99995488a9884479aa77398768877aa3659a662565
351700 1 38 14 1 2 2 0 0 0  aaa99994588a9883579aa77598768877aa5649a662463
351704 1 38 14 1 3 1 0 0 0  aaa99996488a9884479aa77398758877aa3669a566525
351740 1 38 14 2 3 1 0 0 0  aaa99995488a9885379aa77598768867aa3679a662445
351742 1 38 14 2 3 2 0 0 0  aaa99994588a9883579aa77598768867aa5679a662443
351818 1 38 14 4 4 1 0 0 0  aaa99995488a9885379aa77598768867aa3769a644625
351820 1 38 14 4 4 2 0 0 0  aaa99994588a9883579aa77598768867aa5769a644623
351869 1 38 14 6 0 2 1 0 0  aaa99996688a9883679aa77798568825aa4579a754643
351887 1 38 14 6 3 2 1 0 0  aaa99995688a9885479aa77798638866aa6279a754534
351913 1 38 14 7 2 0 1 0 0  aaa99997588a9885579aa77498738866aa6279a664534
351925 1 38 14 7 4 0 1 0 0  aaa99997588a9885579aa77498738826aa6679a664534
351926 1 38 14 7 4 1 0 0 0  aaa99997588a9884479aa77498758826aa6679a663553
351931 1 38 14 7 5 0 1 0 0  aaa99997588a9885579aa77498738826aa4679a666534
351959 1 38 14 8 3 2 1 0 0  aaa99995688a9885479aa77798738866aa6279a654534
352023 1 38 14 10 2 1 1 0 0  aaa99995588a9885469aa66498728837aa3769a777564
352091 1 38 15 1 1 2 1 0 0  aaa99995688a9877729aa88498775867aa6669a354534
352259 1 38 15 5 5 2 1 0 0  aaa99997588a9877729aa88598674836aa3679a665454
352297 1 38 15 7 0 0 1 0 0  aaa99997488a9877729aa88798676866aa4559a353654
352299 1 38 15 7 0 1 1 0 0  aaa99997488a9877729aa88798676866aa4559a355634
352301 1 38 15 7 0 2 1 0 0  aaa99997488a9877729aa88798676866aa4539a555634
352405 1 38 15 10 0 0 1 0 0  aaa99996688a9866549aa88698744857aa5759a777332
352417 1 38 15 10 2 0 1 0 0  aaa99995588a9866639aa88598763827aa4769a777544
352419 1 38 15 10 2 1 1 0 0  aaa99995588a9866629aa88498765837aa3769a777544
352421 1 38 15 10 2 2 1 0 0  aaa99995488a9866629aa88498765837aa3769a777545
352431 1 38 15 10 4 1 1 0 0  aaa99995588a9865629aa88498765837aa3769a777644
352433 1 38 15 10 4 2 1 0 0  aaa99995488a9865629aa88498765837aa3769a777645
352437 1 38 15 10 5 1 1 0 0  aaa99995588a9865429aa88498765837aa3769a777664
352490 1 38 16 1 2 1 0 0 0  aaa99996488a9877769aa88398776658aa3759a562454
352511 1 38 16 1 5 2 1 0 0  aaa99996588a9877729aa88598776538aa3749a465646
352512 1 38 16 2 0 0 0 0 0  aaa99997588a9877779aa88498676368aa3659a545624
352514 1 38 16 2 0 1 0 0 0  aaa99997588a9877779aa88498676368aa3649a555642
352655 1 38 16 5 5 2 1 0 0  aaa99997588a9877729aa88598674538aa3679a666454
352886 1 38 17 1 2 1 0 0 0  aaa99995488a9885379aa78898767576aa3679a644625
352888 1 38 17 1 2 2 0 0 0  aaa99994588a9883579aa78898767576aa5679a644623
352894 1 38 17 1 3 2 0 0 0  aaa99995488a9885379aa78898767376aa6679a652445
352928 1 38 17 2 3 1 0 0 0  aaa99995488a9885379aa78898767567aa3679a662445
352930 1 38 17 2 3 2 0 0 0  aaa99994588a9883579aa78898767567aa5679a662443
352967 1 38 17 3 3 2 1 0 0  aaa99995688a9885479aa78898737766aa6279a654534
352995 1 38 17 4 2 1 1 0 0  aaa99995588a9885479aa78898727466aa6379a663574
353003 1 38 17 4 3 2 1 0 0  aaa99995688a9885479aa78898727466aa6379a653574
353007 1 38 17 4 4 1 1 0 0  aaa99995588a9885479aa78898737326aa6679a664574
353009 1 38 17 4 4 2 1 0 0  aaa99995488a9885479aa78898737326aa6679a664575
353013 1 38 17 4 5 1 1 0 0  aaa99995588a9885479aa78898727436aa3679a666574
353078 1 38 17 6 4 1 0 0 0  aaa99995488a9885379aa68898777567aa3769a644625
353080 1 38 17 6 4 2 0 0 0  aaa99994588a9883579aa68898777567aa5769a644623
353211 1 38 17 10 2 1 1 0 0  aaa99995588a9885469aa28898766437aa3769a777564
353282 1 38 18 1 2 1 0 0 0  aaa99994488a9888479aa77398765877aa3659a662565
353284 1 38 18 1 2 2 0 0 0  aaa99994588a9888579aa77598763877aa5649a662463
353324 1 38 18 2 3 1 0 0 0  aaa99995488a9888579aa77398765867aa3679a662445
353326 1 38 18 2 3 2 0 0 0  aaa99994588a9888579aa77598763867aa5679a662443
353435 1 38 18 5 3 2 1 0 0  aaa99995688a9888479aa75798737866aa6279a654534
353543 1 38 18 8 3 2 1 0 0  aaa99995688a9888479aa77798735866aa6279a654534
353607 1 38 18 10 2 1 1 0 0  aaa99995588a9888469aa66498725837aa3769a777564
353633 1 38 19 0 0 2 1 0 0  aaa99997788a9886629aa78798757638aa3659a564544
353672 1 38 19 1 1 1 0 0 0  aaa99996588a9885479aa78798766378aa3769a652445
353674 1 38 19 1 1 2 0 0 0  aaa99996588a9884579aa78798766578aa5769a644332
353680 1 38 19 1 2 2 0 0 0  aaa99995488a9885379aa78798766678aa3769a652445
353692 1 38 19 1 4 2 0 0 0  aaa99995488a9885379aa78798765678aa3769a644625
353698 1 38 19 1 5 2 0 0 0  aaa99995488a9885379aa78798765378aa2769a644665
353791 1 38 19 4 3 0 1 0 0  aaa99996588a9885579aa78798766628aa4769a374534
353828 1 38 19 5 3 1 0 0 0  aaa99995488a9885379aa78798767568aa3679a662445
353830 1 38 19 5 3 2 0 0 0  aaa99994588a9883579aa78798767568aa5679a662443
353866 1 38 19 6 3 2 0 0 0  aaa99995488a9885379aa68698777368aa2769a657445
353942 1 38 19 8 4 1 0 0 0  aaa99995488a9885379aa68798777568aa3769a644625
353944 1 38 19 8 4 2 0 0 0  aaa99994588a9883579aa68798777568aa5769a644623
354048 1 38 20 0 4 0 0 0 0  aaa99997788a9888359aa77898754756aa6659a663442
354049 1 38 20 0 4 0 1 0 0  aaa99997788a9888359aa77898754756aa6659a663424
354055 1 38 20 0 5 0 1 0 0  aaa99997788a9888549aa77898744756aa5659a666332
354227 1 38 20 5 3 2 1 0 0  aaa99995688a9888479aa77898735766aa6279a654534
354623 1 38 21 5 3 2 1 0 0  aaa99995688a9888879aa77498735766aa6279a654534
354950 1 38 22 3 4 1 0 0 0  aaa99994778a9777489aa52798888856aa6659a663534
354952 1 38 22 3 4 2 0 0 0  aaa99995778a9777389aa45798888846aa6649a663525
354975 1 38 22 4 2 1 1 0 0  aaa99997478a9772489aa57598888866aa6359a663547
354987 1 38 22 4 4 1 1 0 0  aaa99997478a9773389aa57598888826aa6659a664547
354989 1 38 22 4 4 2 1 0 0  aaa99997478a9773389aa57498888826aa6659a664557
354993 1 38 22 4 5 1 1 0 0  aaa99997478a9772489aa57598888836aa3659a666547
355088 1 38 22 7 3 1 0 0 0  aaa99995478a9775389aa67598888867aa3679a662445
355090 1 38 22 7 3 2 0 0 0  aaa99994578a9773589aa67598888867aa5679a662443
355284 1 39 0 2 0 0 0 0 0  aaa99998878a9778479aa85898667367aa3655a494652
355595 1 39 0 10 3 2 1 0 0  aaa99998868a9768669aa85898735427aa4765a797534
355716 1 39 1 3 0 0 0 0 0  aaa99997588a9866479aa87397776386aa8585a695442
355718 1 39 1 3 0 1 0 0 0  aaa99997588a9866479aa87397776386aa8485a694525
355728 1 39 1 3 2 0 0 0 0  aaa99997488a9866679aa87397776385aa8486a594525
355730 1 39 1 3 2 1 0 0 0  aaa99997488a9866679aa87397776385aa8586a592454
355734 1 39 1 3 3 0 0 0 0  aaa99997488a9866679aa87397776385aa8585a692445
355748 1 39 1 3 5 1 0 0 0  aaa99997488a9846479aa87397776385aa8586a592656
355780 1 39 1 4 4 2 0 0 0  aaa99995488a9877779aa85397676386aa8685a692445
355788 1 39 1 5 0 0 0 0 0  aaa99997588a9877769aa86496574585aa8682a793634
355856 1 39 1 6 5 1 0 0 0  aaa99996488a9846479aa87797776385aa8586a593652
355928 1 39 1 8 5 1 0 0 0  aaa99996488a9846479aa86797776385aa8587a593652
355964 1 39 1 9 5 1 0 0 0  aaa99996488a9846479aa86797777385aa8586a593652
356000 1 39 1 10 5 1 0 0 0  aaa99996488a9846479aa86397777785aa8586a593652
356004 1 39 2 0 0 0 0 0 0  aaa99997788a9877479aa85796565386aa3688a495642
356112 1 39 2 3 0 0 0 0 0  aaa99997588a9866479aa87397776385aa5588a696442
356138 1 39 2 3 4 1 0 0 0  aaa99997588a9865479aa87397775386aa2688a696445
356140 1 39 2 3 4 2 0 0 0  aaa99997588a9864579aa87597773586aa2688a696443
356156 1 39 2 4 1 1 0 0 0  aaa99996588a9877779aa84497676486aa3688a593552
356174 1 39 2 4 4 1 0 0 0  aaa99995488a9877779aa85397676586aa3688a692445
356176 1 39 2 4 4 2 0 0 0  aaa99994588a9877779aa83597676586aa5688a692443
356182 1 39 2 4 5 2 0 0 0  aaa99995488a9877779aa85397675386aa2688a696445
356184 1 39 2 5 0 0 0 0 0  aaa99997588a9877769aa86496574585aa3688a793624
356186 1 39 2 5 0 1 0 0 0  aaa99997588a9877769aa86496575584aa4688a793632
356190 1 39 2 5 1 0 0 0 0  aaa99997488a9877769aa86696575385aa3688a792445
356248 1 39 2 6 4 2 0 0 0  aaa99995488a9865379aa87797775386aa2688a696445
356320 1 39 2 8 4 2 0 0 0  aaa99995488a9865379aa85797677386aa2788a696445
356356 1 39 2 9 4 2 0 0 0  aaa99995488a9865379aa85797777386aa2688a696445
356392 1 39 2 10 4 2 0 0 0  aaa99995488a9865379aa85397777786aa2688a696445
356403 1 39 3 0 0 1 1 0 0  aaa99998688a9877429aa87798776665aa5536a594834
356405 1 39 3 0 0 2 1 0 0  aaa99998688a9877429aa87798776665aa4536a595834
356429 1 39 3 0 4 2 1 0 0  aaa99998588a9877539aa87798773564aa6666a494852
356431 1 39 3 0 5 0 1 0 0  aaa99998688a9877629aa87798774655aa6354a396854
356433 1 39 3 0 5 1 1 0 0  aaa99998688a9877629aa87798774653aa6554a396854
356435 1 39 3 0 5 2 1 0 0  aaa99998688a9877639aa87798773654aa6555a494862
356467 1 39 3 1 5 0 1 0 0  aaa99998688a9877729aa84698774657aa6533a596854
356501 1 39 3 2 4 2 1 0 0  aaa99998588a9877739aa87598773564aa6666a494852
356503 1 39 3 2 5 0 1 0 0  aaa99998688a9877729aa87698774655aa6354a396854
356505 1 39 3 2 5 1 1 0 0  aaa99998688a9877729aa87698774653aa6554a396854
356507 1 39 3 2 5 2 1 0 0  aaa99998688a9877739aa87698773654aa6555a494862
356615 1 39 3 5 5 2 1 0 0  aaa99998588a9877729aa87598674536aa3674a696854
356616 1 39 3 6 0 0 0 0 0  aaa99998588a9866479aa85598777367aa3765a494826
356630 1 39 3 6 2 1 0 0 0  aaa99998588a9866679aa85498777347aa4765a693825
356642 1 39 3 6 4 1 0 0 0  aaa99998588a9866479aa85398777347aa4765a692865
356688 1 39 3 8 0 0 0 0 0  aaa99998588a9866479aa86798777367aa3565a495842
356690 1 39 3 8 0 1 0 0 0  aaa99998588a9866479aa86798777367aa3564a595824
356694 1 39 3 8 1 0 0 0 0  aaa99998488a9866679aa85798777367aa3565a495842
356712 1 39 3 8 4 0 0 0 0  aaa99998488a9855379aa85798777367aa6666a494852
356724 1 39 3 9 0 0 0 0 0  aaa99998588a9866479aa86398777767aa3565a495842
356726 1 39 3 9 0 1 0 0 0  aaa99998588a9866479aa86398777767aa3564a595824
356748 1 39 3 9 4 0 0 0 0  aaa99998488a9855379aa84498777767aa6666a593825
356761 1 39 3 10 0 0 1 0 0  aaa99998788a9866729aa86798664755aa7354a397854
356763 1 39 3 10 0 1 1 0 0  aaa99998788a9866729aa86798664753aa7554a397854
356765 1 39 3 10 0 2 1 0 0  aaa99998788a9866769aa84798564735aa7536a597824
356795 1 39 3 10 5 2 1 0 0  aaa99998788a9865739aa85798365742aa7464a697865
356802 1 39 4 0 1 0 0 0 0  aaa99997788a9877479aa85798666366aa3455a594882
356842 1 39 4 1 1 2 0 0 0  aaa99993588a9877769aa86698773567aa5446a294885
356866 1 39 4 1 5 2 0 0 0  aaa99996588a9877729aa86598776547aa5436a394886
356916 1 39 4 3 2 0 0 0 0  aaa99993788a9866679aa83798777554aa5562a694884
356950 1 39 4 4 1 2 0 0 0  aaa99996588a9877779aa83598773566aa6446a294885
356970 1 39 4 4 5 0 0 0 0  aaa99996588a9877779aa86398776354aa5546a492886
357031 1 39 4 6 3 0 1 0 0  aaa99996588a9866679aa85598777427aa4765a393884
357037 1 39 4 6 4 0 1 0 0  aaa99996688a9856579aa86598777427aa4756a393884
357262 1 39 5 1 5 2 0 0 0  aaa99996588a9877729aa88598776547aa5436a394686
357264 1 39 5 2 0 0 0 0 0  aaa99997588a9877779aa88398676356aa6546a295484
357265 1 39 5 2 0 0 1 0 0  aaa99997488a9877779aa88498676456aa6526a593583
357312 1 39 5 3 2 0 0 0 0  aaa99993788a9866679aa88798777554aa5563a694284
357366 1 39 5 4 5 0 0 0 0  aaa99996588a9877779aa88398776354aa5546a492686
357444 1 39 5 7 0 0 0 0 0  aaa99997488a9877749aa88798676456aa6526a593583
357445 1 39 5 7 0 0 1 0 0  aaa99997488a9877739aa88798676356aa6526a594584
357475 1 39 5 7 5 0 1 0 0  aaa99997588a9877729aa88798675546aa3644a696583
357600 1 39 6 0 2 0 0 0 0  aaa99997788a9877479aa85798666386aa3655a494852
357606 1 39 6 0 3 0 0 0 0  aaa99997788a9877479aa85798666386aa3565a495842
357649 1 39 6 1 4 0 1 0 0  aaa99996688a9877729aa86598776487aa4556a395834
357651 1 39 6 1 4 1 1 0 0  aaa99996688a9877729aa86598776487aa4536a595834
357652 1 39 6 1 4 2 0 0 0  aaa99996688a9877729aa86598776587aa5346a395844
357653 1 39 6 1 4 2 1 0 0  aaa99996688a9877729aa86598776587aa5436a494835
357686 1 39 6 2 4 1 0 0 0  aaa99997588a9877779aa85498676386aa3645a692845
357804 1 39 6 6 0 0 0 0 0  aaa99996688a9866479aa85698777387aa3755a494852
357810 1 39 6 6 1 0 0 0 0  aaa99995588a9866579aa84498777487aa3765a693826
357812 1 39 6 6 1 1 0 0 0  aaa99996588a9866579aa85598777487aa3764a693824
357818 1 39 6 6 2 1 0 0 0  aaa99995488a9866679aa84498777587aa3765a693825
357820 1 39 6 6 2 2 0 0 0  aaa99994588a9866679aa83598777587aa5763a694824
357830 1 39 6 6 4 1 0 0 0  aaa99995488a9866579aa84498777387aa3765a692865
357832 1 39 6 6 4 2 0 0 0  aaa99994588a9866579aa83598777587aa4763a692864
357836 1 39 6 6 5 1 0 0 0  aaa99996588a9856479aa86398777387aa2756a494856
357838 1 39 6 6 5 2 0 0 0  aaa99996588a9846579aa86598777587aa2736a494836
357852 1 39 6 7 2 0 0 0 0  aaa99997488a9877769aa85798676386aa3655a494852
357894 1 39 6 8 3 0 0 0 0  aaa99996488a9866679aa85798777387aa3565a495842
357962 1 39 6 10 2 1 0 0 0  aaa99997588a9857469aa87398667386aa2657a494857
357964 1 39 6 10 2 2 0 0 0  aaa99997588a9847569aa87598667586aa2637a494837
357985 1 39 7 0 0 0 1 0 0  aaa99998888a9887729aa78797667456aa6563a594543
358015 1 39 7 0 5 0 1 0 0  aaa99998888a9887729aa78797657546aa5644a696533
358386 1 39 8 0 1 0 0 0 0  aaa99997788a9877379aa85798668666aa3545a592484
358450 1 39 8 1 5 2 0 0 0  aaa99996588a9877729aa86598778547aa5436a394686
358490 1 39 8 3 0 1 0 0 0  aaa99997488a9866379aa87398778764aa4565a595286
358492 1 39 8 3 0 2 0 0 0  aaa99997588a9866579aa87598778764aa5464a393286
358554 1 39 8 4 5 0 0 0 0  aaa99996588a9877779aa86398778354aa5546a492686
358617 1 39 8 6 3 1 1 0 0  aaa99996488a9866679aa85598778727aa4765a393584
358627 1 39 8 6 5 0 1 0 0  aaa99996588a9856579aa86498778727aa4756a393684
358782 1 39 9 0 1 0 0 0 0  aaa99997788a9877479aa85798666368aa3655a494852
358837 1 39 9 1 4 0 1 0 0  aaa99996688a9877729aa86598776458aa5756a394834
358841 1 39 9 1 4 2 1 0 0  aaa99996688a9877729aa86598776538aa3746a495845
358847 1 39 9 1 5 2 1 0 0  aaa99996588a9877729aa86598776538aa3746a495846
358884 1 39 9 3 0 0 0 0 0  aaa99996788a9866479aa85798777368aa3565a495842
358924 1 39 9 4 0 2 0 0 0  aaa99996688a9877779aa83698773568aa5446a295845
358963 1 39 9 5 1 0 1 0 0  aaa99997588a9877769aa86698675528aa4675a394834
358979 1 39 9 5 3 2 1 0 0  aaa99997588a9877769aa86698673528aa5476a494853
358981 1 39 9 5 4 0 1 0 0  aaa99997588a9877769aa85598676628aa4675a394834
358987 1 39 9 5 5 0 1 0 0  aaa99997688a9877759aa85698572648aa6474a396835
358991 1 39 9 5 5 2 1 0 0  aaa99997688a9877729aa84698574638aa6573a595864
359011 1 39 9 6 3 0 1 0 0  aaa99996588a9866679aa85598777428aa4765a397834
359119 1 39 9 9 3 0 1 0 0  aaa99996588a9866679aa85598777728aa4765a394834
359197 1 39 10 0 4 0 1 0 0  aaa99998588a9887729aa78798757564aa6666a494533
359201 1 39 10 0 4 2 1 0 0  aaa99998488a9887729aa78798757463aa6666a593554
359203 1 39 10 0 5 0 1 0 0  aaa99998488a9887739aa78798767355aa4265a695664
359205 1 39 10 0 5 1 1 0 0  aaa99998488a9887729aa78798767455aa5365a693664
359206 1 39 10 0 5 2 0 0 0  aaa99998588a9887729aa78798767543aa5364a695664
359207 1 39 10 0 5 2 1 0 0  aaa99998588a9887729aa78798767543aa5464a693665
359371 1 39 10 5 3 0 1 0 0  aaa99998588a9885579aa78798737466aa6276a694534
359377 1 39 10 5 4 0 1 0 0  aaa99998588a9885579aa78798737426aa4676a696534
359392 1 39 10 6 0 2 0 0 0  aaa99998688a9886679aa58498777367aa3756a592454
359400 1 39 10 6 2 0 0 0 0  aaa99998588a9885579aa68498777367aa3766a494562
359402 1 39 10 6 2 1 0 0 0  aaa99998588a9885579aa68598777467aa3766a693442
359408 1 39 10 6 3 1 0 0 0  aaa99998588a9884479aa68498777367aa6766a593552
359414 1 39 10 6 4 1 0 0 0  aaa99998588a9885479aa68698777347aa4765a693625
359420 1 39 10 6 5 1 0 0 0  aaa99998588a9885479aa68398777347aa4765a692665
359474 1 39 10 8 2 1 0 0 0  aaa99998488a9884479aa58798777367aa3656a696525
359480 1 39 10 8 3 1 0 0 0  aaa99998488a9884479aa58798777367aa6656a693525
359546 1 39 10 10 2 1 0 0 0  aaa99998588a9885469aa78398676346aa4675a792775
359567 1 39 10 10 5 2 1 0 0  aaa99998688a9884629aa78698574635aa6573a795774
359574 1 39 11 0 1 0 0 0 0  aaa99995888a9888479aa74897666376aa6552a797534
359590 1 39 11 0 3 2 0 0 0  aaa99995888a9888479aa75897666376aa3265a797445
359592 1 39 11 0 4 0 0 0 0  aaa99995888a9888479aa74897666676aa3552a797534
359598 1 39 11 0 5 0 0 0 0  aaa99996888a9888479aa76897556374aa4526a797653
359660 1 39 11 2 3 1 0 0 0  aaa99995888a9888479aa77897666376aa3565a792445
359760 1 39 11 5 2 0 0 0 0  aaa99993888a9888579aa77897766654aa5563a694274
359814 1 39 11 6 5 0 0 0 0  aaa99993888a9888579aa77897763754aa5562a694664
359922 1 39 11 9 5 0 0 0 0  aaa99993888a9888579aa67897773754aa5562a694664
359958 1 39 11 10 5 0 0 0 0  aaa99993888a9888579aa63897777754aa5562a694664
359969 1 39 12 0 0 2 1 0 0  aaa99998588a9887729aa78797667536aa6368a495445
359978 1 39 12 0 2 1 0 0 0  aaa99998488a9887769aa78797667356aa3658a592454
359995 1 39 12 0 5 0 1 0 0  aaa99998588a9887729aa78797657536aa4638a696544
359999 1 39 12 0 5 2 1 0 0  aaa99998488a9887729aa78797657436aa3658a696554
360014 1 39 12 1 2 1 0 0 0  aaa99998488a9884479aa78797666377aa3658a596525
360050 1 39 12 2 2 1 0 0 0  aaa99998588a9884479aa78797666476aa3658a793552
360106 1 39 12 3 5 2 0 0 0  aaa99998788a9883579aa68797773544aa5268a694665
360122 1 39 12 4 2 1 0 0 0  aaa99998488a9884479aa78797666376aa3758a596525
360128 1 39 12 4 3 1 0 0 0  aaa99998588a9884479aa78797666476aa3768a593552
360161 1 39 12 5 2 2 1 0 0  aaa99998588a9883579aa78797766624aa5468a694753
360178 1 39 12 5 5 2 0 0 0  aaa99998688a9883679aa78797744625aa6548a595763
360216 1 39 12 7 0 0 0 0 0  aaa99998788a9886679aa78797656544aa6258a794335
360217 1 39 12 7 0 0 1 0 0  aaa99998788a9886679aa78797656524aa6458a794335
360246 1 39 12 7 5 0 0 0 0  aaa99998788a9883679aa78797553644aa6548a796562
360398 1 39 13 1 0 1 0 0 0  aaa99998488a9887379aa78897766365aa2565a495746
360400 1 39 13 1 0 2 0 0 0  aaa99998588a9887579aa78897766564aa5464a393726
360408 1 39 13 1 2 0 0 0 0  aaa99998588a9887479aa78897766654aa5563a694723
360414 1 39 13 1 3 0 0 0 0  aaa99998588a9887479aa78897766654aa5536a694732
360668 1 39 13 8 3 1 0 0 0  aaa99998588a9884479aa78897767476aa3666a593552
360762 1 39 14 0 1 0 0 0 0  aaa99997788a9883679aa57598458872aa7666a496345
360914 1 39 14 4 2 1 0 0 0  aaa99995488a9885379aa77598768867aa3766a692445
360916 1 39 14 4 2 2 0 0 0  aaa99994588a9883579aa77598768867aa5766a692443
360926 1 39 14 4 4 1 0 0 0  aaa99995488a9884479aa77598768867aa3765a693625
360928 1 39 14 4 4 2 0 0 0  aaa99994588a9883579aa77598768867aa5763a694624
361027 1 39 14 7 3 0 1 0 0  aaa99997588a9885579aa77498738866aa6276a694534
361033 1 39 14 7 4 0 1 0 0  aaa99997588a9885579aa77498738826aa4676a696534
361199 1 39 15 1 1 2 1 0 0  aaa99995688a9877729aa88498775867aa6665a394534
361225 1 39 15 2 0 0 1 0 0  aaa99997488a9877779aa88498676826aa6556a395534
361358 1 39 15 5 4 1 0 0 0  aaa99997488a9877769aa88398675856aa3675a692445
361367 1 39 15 5 5 2 1 0 0  aaa99997488a9877729aa88498675836aa3675a696545
361404 1 39 15 7 0 0 0 0 0  aaa99997488a9877729aa88798676856aa6546a593543
361405 1 39 15 7 0 0 1 0 0  aaa99997488a9877729aa88798676856aa6536a594534
361429 1 39 15 7 4 0 1 0 0  aaa99997488a9877729aa88798575865aa6666a394534
361598 1 39 16 1 2 1 0 0 0  aaa99996488a9877769aa88398776658aa3756a592454
361619 1 39 16 1 5 2 1 0 0  aaa99996588a9877729aa88598776538aa3746a495646
361620 1 39 16 2 0 0 0 0 0  aaa99997588a9877779aa88498676368aa3654a595624
361622 1 39 16 2 0 1 0 0 0  aaa99997588a9877779aa88498676368aa3654a592654
361742 1 39 16 5 2 1 0 0 0  aaa99997588a9877769aa88498676348aa4675a693525
361759 1 39 16 5 5 0 1 0 0  aaa99997688a9877729aa88698575638aa6573a496445
361763 1 39 16 5 5 2 1 0 0  aaa99997688a9877729aa88698574638aa6573a595464
361831 1 39 16 7 5 0 1 0 0  aaa99997688a9877729aa88798575648aa6544a396365
361994 1 39 17 1 2 1 0 0 0  aaa99995488a9884479aa78898767576aa3675a693625
361996 1 39 17 1 2 2 0 0 0  aaa99994588a9883579aa78898767576aa5673a694624
362109 1 39 17 4 3 1 1 0 0  aaa99995588a9885479aa78898727466aa6376a693574
362115 1 39 17 4 4 1 1 0 0  aaa99995588a9885479aa78898727436aa3676a696574
362138 1 39 17 5 2 1 0 0 0  aaa99995488a9885379aa78898767567aa3766a692445
362140 1 39 17 5 2 2 0 0 0  aaa99994588a9883579aa78898767567aa5766a692443
362174 1 39 17 6 2 1 0 0 0  aaa99995488a9885379aa68898777567aa3766a692445
362176 1 39 17 6 2 2 0 0 0  aaa99994588a9883579aa68898777567aa5766a692443
362186 1 39 17 6 4 1 0 0 0  aaa99995488a9884479aa68898777567aa3765a693625
362188 1 39 17 6 4 2 0 0 0  aaa99994588a9883579aa68898777567aa5763a694624
362498 1 39 18 4 2 1 0 0 0  aaa99995488a9888579aa77398765867aa3766a692445
362500 1 39 18 4 2 2 0 0 0  aaa99994588a9888579aa77598763867aa5766a692443
362622 1 39 18 7 5 0 0 0 0  aaa99997688a9888679aa77698755844aa6274a596335
362623 1 39 18 7 5 0 1 0 0  aaa99997688a9888679aa77698755842aa6474a596335
362741 1 39 19 0 0 2 1 0 0  aaa99997788a9886629aa78798757668aa4356a593544
362770 1 39 19 0 5 2 0 0 0  aaa99997788a9883529aa78798767548aa5463a694665
362780 1 39 19 1 1 1 0 0 0  aaa99996588a9885479aa78798766378aa3765a692445
362782 1 39 19 1 1 2 0 0 0  aaa99996588a9884579aa78798766578aa5763a692443
362788 1 39 19 1 2 2 0 0 0  aaa99995488a9885379aa78798766678aa3765a692445
362800 1 39 19 1 4 2 0 0 0  aaa99995488a9884479aa78798765678aa3765a693625
362806 1 39 19 1 5 2 0 0 0  aaa99995488a9885379aa78798764478aa3765a692665
362827 1 39 19 2 3 0 1 0 0  aaa99996588a9885579aa78798766628aa4765a394734
362880 1 39 19 4 0 0 0 0 0  aaa99997588a9887479aa78798667368aa3654a595624
362882 1 39 19 4 0 1 0 0 0  aaa99997588a9887479aa78798667368aa3654a592654
362966 1 39 19 6 2 1 0 0 0  aaa99995488a9885379aa68598777368aa2766a697445
362968 1 39 19 6 2 2 0 0 0  aaa99994588a9883579aa68598777568aa2766a697443
363038 1 39 19 8 2 1 0 0 0  aaa99995488a9885379aa68798777568aa3766a692445
363040 1 39 19 8 2 2 0 0 0  aaa99994588a9883579aa68798777568aa5766a692443
363050 1 39 19 8 4 1 0 0 0  aaa99995488a9884479aa68798777568aa3765a693625
363052 1 39 19 8 4 2 0 0 0  aaa99994588a9883579aa68798777568aa5763a694624
363074 1 39 19 9 2 1 0 0 0  aaa99995488a9885379aa68598777768aa3766a692445
363076 1 39 19 9 2 2 0 0 0  aaa99994588a9883579aa68598777768aa5766a692443
363132 1 39 20 0 0 0 0 0 0  aaa99997788a9888529aa77898766765aa5564a493436
363133 1 39 20 0 0 0 1 0 0  aaa99997788a9888429aa77898766765aa4565a394536
363157 1 39 20 0 4 0 1 0 0  aaa99997788a9888549aa77898744762aa6666a595533
363362 1 39 20 6 2 1 0 0 0  aaa99995488a9888579aa65898777367aa3766a692445
363364 1 39 20 6 2 2 0 0 0  aaa99994588a9888579aa63898777567aa5766a692443
363406 1 39 20 7 3 2 0 0 0  aaa99997588a9888579aa77898766644aa5276a694353
363407 1 39 20 7 3 2 1 0 0  aaa99997588a9888579aa77898766624aa5476a694353
363414 1 39 20 7 5 0 0 0 0  aaa99997688a9888679aa77898755644aa6274a596335
363415 1 39 20 7 5 0 1 0 0  aaa99997688a9888679aa77898755642aa6474a596335
363802 1 39 21 7 3 2 0 0 0  aaa99997588a9888879aa77598766644aa5276a694353
363803 1 39 21 7 3 2 1 0 0  aaa99997588a9888879aa77598766624aa5476a694353
363810 1 39 21 7 5 0 0 0 0  aaa99997688a9888879aa77698755644aa6274a596335
363811 1 39 21 7 5 0 1 0 0  aaa99997688a9888879aa77698755642aa6474a596335
364062 1 39 22 3 5 0 0 0 0  aaa99993778a9777589aa63798888854aa5562a694664
364290 1 39 22 10 1 0 0 0 0  aaa99993668a9676589aa73698888854aa5572a794774
364348 1 40 0 0 4 2 0 0 0  aaa99999588a9776679aa86598736584aa5277a884634
364420 1 40 0 2 4 2 0 0 0  aaa99999588a9777579aa86698736584aa5276a884634
364484 1 40 0 4 3 1 0 0 0  aaa99999588a9777479aa85398765786aa3666a882445
364486 1 40 0 4 3 2 0 0 0  aaa99999588a9777579aa84598763786aa5666a882443
364602 1 40 0 7 5 0 0 0 0  aaa99999688a9777629aa87698755683aa6375a884454
364625 1 40 0 8 2 2 1 0 0  aaa99999588a9777769aa86698733584aa5476a884652
364832 1 40 1 3 1 1 0 0 0  aaa99999588a9857479aa87397776386aa8686a644552
364838 1 40 1 3 2 1 0 0 0  aaa99999588a9867479aa87397775386aa8685a644625
364840 1 40 1 3 2 2 0 0 0  aaa99999588a9867579aa87597774586aa8683a644623
364844 1 40 1 3 3 1 0 0 0  aaa99999588a9867479aa87397775386aa8686a652445
364846 1 40 1 3 3 2 0 0 0  aaa99999588a9867579aa87597774586aa8686a644332
364888 1 40 1 4 4 2 0 0 0  aaa99999488a9877779aa85397676386aa8685a652445
364894 1 40 1 4 5 2 0 0 0  aaa99999488a9877779aa85397675386aa8685a662445
365032 1 40 1 8 4 2 0 0 0  aaa99999488a9865379aa85797775386aa8687a662445
365132 1 40 2 0 3 1 0 0 0  aaa99999588a9877469aa87797676386aa3588a545624
365134 1 40 2 0 3 2 0 0 0  aaa99999588a9877569aa87797676586aa5488a433642
365142 1 40 2 0 5 0 0 0 0  aaa99999588a9877449aa87797675486aa3688a663552
365144 1 40 2 0 5 1 0 0 0  aaa99999588a9877459aa87797675586aa3688a663442
365150 1 40 2 1 0 1 0 0 0  aaa99999588a9877769aa86497674486aa3788a555632
365216 1 40 2 2 5 1 0 0 0  aaa99999588a9877759aa87497675586aa3688a663442
365232 1 40 2 3 2 0 0 0 0  aaa99999588a9867479aa87397775586aa3688a652464
365234 1 40 2 3 2 1 0 0 0  aaa99999588a9867579aa87497775586aa3688a644632
365240 1 40 2 3 3 1 0 0 0  aaa99999588a9867479aa87397775386aa6688a652445
365242 1 40 2 3 3 2 0 0 0  aaa99999588a9867579aa87597774586aa6688a644332
365246 1 40 2 3 4 1 0 0 0  aaa99999588a9857479aa87397774486aa6688a663552
365252 1 40 2 3 5 1 0 0 0  aaa99999588a9857479aa87397774486aa3688a666552
365282 1 40 2 4 4 1 0 0 0  aaa99999588a9877779aa85497676386aa3688a652445
365284 1 40 2 4 4 2 0 0 0  aaa99999588a9877779aa84597676586aa5688a644332
365288 1 40 2 4 5 1 0 0 0  aaa99999588a9877779aa85497675386aa3688a662445
365290 1 40 2 4 5 2 0 0 0  aaa99999588a9877779aa84597673586aa5688a662443
365328 1 40 2 6 0 0 0 0 0  aaa99999588a9866479aa87797776386aa3488a654552
365330 1 40 2 6 0 1 0 0 0  aaa99999588a9866479aa87797776386aa3588a655442
365402 1 40 2 8 0 1 0 0 0  aaa99999588a9866479aa86797677385aa3788a655442
365436 1 40 2 9 0 0 0 0 0  aaa99999588a9866479aa86797777386aa3488a654552
365438 1 40 2 9 0 1 0 0 0  aaa99999588a9866479aa86797777386aa3588a655442
365472 1 40 2 10 0 0 0 0 0  aaa99999588a9866479aa86397777786aa3488a654552
365474 1 40 2 10 0 1 0 0 0  aaa99999588a9866479aa86397777786aa3588a655442
365511 1 40 3 0 0 1 1 0 0  aaa99999688a9877329aa87798776665aa5546a453848
365574 1 40 3 1 5 0 0 0 0  aaa99999688a9877739aa84698773647aa6554a256858
365575 1 40 3 1 5 0 1 0 0  aaa99999688a9877739aa85698773627aa6455a446858
365620 1 40 3 3 0 2 0 0 0  aaa99999788a9866479aa86798777365aa3562a455848
365626 1 40 3 3 1 2 0 0 0  aaa99999788a9866679aa83798777465aa2563a455848
365723 1 40 3 5 5 2 1 0 0  aaa99999588a9877749aa87598674436aa5673a665828
365724 1 40 3 6 0 0 0 0 0  aaa99999588a9866479aa86398777367aa2765a455848
365726 1 40 3 6 0 1 0 0 0  aaa99999588a9866579aa86498777367aa3762a455848
365732 1 40 3 6 1 1 0 0 0  aaa99999488a9866679aa84498777367aa3765a555828
365737 1 40 3 6 2 0 1 0 0  aaa99999588a9866679aa85598777427aa4765a633848
365798 1 40 3 8 0 1 0 0 0  aaa99999588a9866479aa86798777367aa3562a455848
365800 1 40 3 8 0 2 0 0 0  aaa99999588a9866579aa86798777567aa5464a433828
365804 1 40 3 8 1 1 0 0 0  aaa99999488a9866679aa85798777367aa3562a455848
365806 1 40 3 8 1 2 0 0 0  aaa99999588a9866679aa83798777567aa5464a435828
365834 1 40 3 9 0 1 0 0 0  aaa99999588a9866479aa86398777767aa3562a455848
365836 1 40 3 9 0 2 0 0 0  aaa99999588a9866579aa86598777767aa5464a433828
365881 1 40 3 10 2 0 1 0 0  aaa99999488a9866659aa85498762537aa3765a777848
365883 1 40 3 10 2 1 1 0 0  aaa99999488a9866659aa85598762437aa3765a777848
365884 1 40 3 10 2 2 0 0 0  aaa99999588a9866639aa84598763547aa5764a777828
365885 1 40 3 10 2 2 1 0 0  aaa99999588a9866629aa84598764537aa3764a777858
365905 1 40 4 0 0 0 1 0 0  aaa99999688a9877329aa87798776665aa5556a444883
365906 1 40 4 0 0 1 0 0 0  aaa99999688a9877329aa87798776665aa5546a454883
365907 1 40 4 0 0 1 1 0 0  aaa99999688a9877429aa87798776665aa5536a354884
365908 1 40 4 0 0 2 0 0 0  aaa99999688a9877529aa87798776664aa5446a335885
365909 1 40 4 0 0 2 1 0 0  aaa99999688a9877429aa87798776665aa4536a355884
365914 1 40 4 0 1 2 0 0 0  aaa99999488a9877369aa87798776665aa3526a545884
365916 1 40 4 0 2 0 0 0 0  aaa99999588a9877369aa87798776654aa5546a463882
365928 1 40 4 0 4 0 0 0 0  aaa99999588a9877449aa87798775463aa6666a355882
365974 1 40 4 1 5 2 0 0 0  aaa99999588a9877729aa86598776547aa5436a364886
365986 1 40 4 2 1 2 0 0 0  aaa99999488a9877769aa87398776665aa3526a545884
365988 1 40 4 2 2 0 0 0 0  aaa99999588a9877769aa87398776654aa5546a463882
366119 1 40 4 5 5 2 1 0 0  aaa99999588a9877729aa87598674536aa3674a665884
366120 1 40 4 6 0 0 0 0 0  aaa99999588a9866479aa85598777367aa3765a464882
366122 1 40 4 6 0 1 0 0 0  aaa99999588a9866479aa86398777367aa2764a555884
366302 1 40 5 0 0 1 0 0 0  aaa99999588a9877479aa88398676376aa6527a545684
366304 1 40 5 0 0 2 0 0 0  aaa99999588a9877579aa88598676576aa6447a343682
366312 1 40 5 0 2 0 0 0 0  aaa99999588a9877479aa88398676676aa3657a545284
366320 1 40 5 0 3 1 0 0 0  aaa99999588a9877479aa88398676676aa3527a545684
366322 1 40 5 0 3 2 0 0 0  aaa99999588a9877579aa88598676676aa5447a343682
366324 1 40 5 0 4 0 0 0 0  aaa99999588a9877479aa88398676376aa2657a644585
366326 1 40 5 0 4 1 0 0 0  aaa99999588a9877579aa88398676376aa2647a655484
366330 1 40 5 0 5 0 0 0 0  aaa99999588a9877479aa88398674476aa3657a662585
366332 1 40 5 0 5 1 0 0 0  aaa99999588a9877579aa88398675576aa3647a662484
366370 1 40 5 1 5 2 0 0 0  aaa99999588a9877729aa88598776547aa5436a364686
366374 1 40 5 2 0 1 0 0 0  aaa99999588a9877779aa88498676366aa3527a545684
366376 1 40 5 2 0 2 0 0 0  aaa99999588a9877779aa88598676566aa5447a343682
366518 1 40 5 6 0 1 0 0 0  aaa99999588a9866479aa88398777367aa2765a464585
366530 1 40 5 6 2 1 0 0 0  aaa99999488a9866679aa88398777357aa2765a644585
366542 1 40 5 6 4 1 0 0 0  aaa99999488a9865679aa88398777357aa2765a644685
366588 1 40 5 8 0 0 0 0 0  aaa99999588a9866379aa88798777367aa2565a465484
366624 1 40 5 9 0 0 0 0 0  aaa99999588a9866379aa88398777767aa2565a465484
366696 1 40 6 0 0 0 0 0 0  aaa99999688a9877529aa87798776685aa5646a534843
366697 1 40 6 0 0 0 1 0 0  aaa99999688a9877529aa87798776685aa5646a453843
366699 1 40 6 0 0 1 1 0 0  aaa99999688a9877429aa87798776685aa5636a554834
366701 1 40 6 0 0 2 1 0 0  aaa99999688a9877429aa87798776685aa4636a555834
366721 1 40 6 0 4 0 1 0 0  aaa99999588a9877429aa87798775586aa6635a664834
366727 1 40 6 0 5 0 1 0 0  aaa99999588a9877429aa87798775586aa4635a666834
366888 1 40 6 5 2 0 0 0 0  aaa99999588a9877769aa87498676386aa3675a455842
366890 1 40 6 5 2 1 0 0 0  aaa99999588a9877769aa87498676386aa3674a555824
366908 1 40 6 5 5 1 0 0 0  aaa99999588a9877759aa87498675586aa3674a663824
366912 1 40 6 6 0 0 0 0 0  aaa99999588a9866479aa86398777387aa2755a646854
366914 1 40 6 6 0 1 0 0 0  aaa99999588a9866479aa86398777387aa2745a656845
366918 1 40 6 6 1 0 0 0 0  aaa99999588a9866479aa85598777387aa3765a644826
366920 1 40 6 6 1 1 0 0 0  aaa99999588a9866579aa86498777387aa3764a655824
366926 1 40 6 6 2 1 0 0 0  aaa99999588a9866679aa85498777387aa3765a644825
366928 1 40 6 6 2 2 0 0 0  aaa99999588a9866679aa84598777587aa5763a644823
366930 1 40 6 6 3 0 0 0 0  aaa99999588a9866679aa86498777387aa3765a455842
366932 1 40 6 6 3 1 0 0 0  aaa99999588a9866679aa86498777387aa3764a555824
366938 1 40 6 6 4 1 0 0 0  aaa99999588a9866479aa85398777387aa2765a644865
366940 1 40 6 6 4 2 0 0 0  aaa99999588a9866579aa84598777587aa2763a644863
366944 1 40 6 6 5 1 0 0 0  aaa99999588a9856479aa86398777387aa2756a464856
366946 1 40 6 6 5 2 0 0 0  aaa99999588a9846579aa86598777587aa2736a464836
366984 1 40 6 8 0 0 0 0 0  aaa99999588a9866479aa86798777387aa3665a455842
366986 1 40 6 8 0 1 0 0 0  aaa99999588a9866479aa86798777387aa3664a555824
367020 1 40 6 9 0 0 0 0 0  aaa99999588a9866479aa86398777787aa3665a455842
367022 1 40 6 9 0 1 0 0 0  aaa99999588a9866479aa86398777787aa3664a555824
367184 1 40 7 2 3 1 0 0 0  aaa99999588a9884479aa78797666486aa3768a555732
367250 1 40 7 4 2 1 0 0 0  aaa99999488a9885379aa78796766387aa2758a644565
367252 1 40 7 4 2 2 0 0 0  aaa99999588a9884579aa78796766587aa5738a644362
367294 1 40 7 5 3 2 0 0 0  aaa99999488a9886379aa78797766685aa3568a545724
367394 1 40 7 8 2 1 0 0 0  aaa99999588a9885479aa68797767386aa3678a652445
367396 1 40 7 8 2 2 0 0 0  aaa99999588a9884579aa68797767586aa5678a644332
367442 1 40 7 9 4 1 0 0 0  aaa99999488a9884479aa58797777386aa6658a663525
367448 1 40 7 9 5 1 0 0 0  aaa99999488a9884479aa58797777386aa3658a666525
367489 1 40 8 0 0 0 1 0 0  aaa99999488a9877439aa87798778366aa4565a526685
367491 1 40 8 0 0 1 1 0 0  aaa99999488a9877439aa87798778366aa4562a556685
367507 1 40 8 0 3 0 1 0 0  aaa99999488a9877439aa87798778366aa6565a564285
367558 1 40 8 1 5 2 0 0 0  aaa99999588a9877729aa86598778547aa5436a364686
367561 1 40 8 2 0 0 1 0 0  aaa99999488a9877739aa87498778366aa4565a526685
367563 1 40 8 2 0 1 1 0 0  aaa99999488a9877739aa87498778366aa4562a556685
367579 1 40 8 2 3 0 1 0 0  aaa99999488a9877739aa87498778366aa6565a564285
367694 1 40 8 5 4 1 0 0 0  aaa99999488a9877769aa87398678356aa2675a644585
367703 1 40 8 5 5 2 1 0 0  aaa99999588a9877729aa87598678536aa3674a665484
367735 1 40 8 6 5 0 1 0 0  aaa99999588a9856579aa86498778727aa4756a363684
367776 1 40 8 8 0 0 0 0 0  aaa99999588a9866379aa87398778767aa2565a465484
367885 1 40 9 0 0 0 1 0 0  aaa99999688a9877429aa87798776668aa4556a353854
367887 1 40 9 0 0 1 1 0 0  aaa99999688a9877429aa87798776668aa4556a355834
367889 1 40 9 0 0 2 1 0 0  aaa99999688a9877429aa87798776668aa4536a555834
367909 1 40 9 0 4 0 1 0 0  aaa99999588a9877429aa87798775568aa6666a354834
367914 1 40 9 0 5 0 0 0 0  aaa99999688a9877649aa87798774638aa6553a256854
367915 1 40 9 0 5 0 1 0 0  aaa99999688a9877629aa87798774658aa6533a546854
367945 1 40 9 1 4 0 1 0 0  aaa99999588a9877729aa86698776458aa5756a364834
367949 1 40 9 1 4 2 1 0 0  aaa99999588a9877729aa86698776538aa3746a465845
367955 1 40 9 1 5 2 1 0 0  aaa99999588a9877729aa86598776538aa3746a465846
367986 1 40 9 2 5 0 0 0 0  aaa99999688a9877749aa87698774638aa6553a256854
367987 1 40 9 2 5 0 1 0 0  aaa99999688a9877729aa87698774658aa6533a546854
368078 1 40 9 5 2 1 0 0 0  aaa99999588a9877769aa87498676348aa4675a653825
368099 1 40 9 5 5 2 1 0 0  aaa99999588a9877729aa87598674538aa3674a666854
368100 1 40 9 6 0 0 0 0 0  aaa99999588a9866479aa86398777368aa2764a557854
368102 1 40 9 6 0 1 0 0 0  aaa99999588a9866479aa86398777368aa2765a457845
368172 1 40 9 8 0 0 0 0 0  aaa99999588a9866479aa86798777368aa3765a455842
368174 1 40 9 8 0 1 0 0 0  aaa99999588a9866479aa86798777368aa3764a555824
368186 1 40 9 8 2 1 0 0 0  aaa99999488a9866679aa85798777358aa3765a644825
368198 1 40 9 8 4 1 0 0 0  aaa99999488a9866379aa85798777358aa2765a644865
368208 1 40 9 9 0 0 0 0 0  aaa99999588a9866479aa86398777768aa3765a455842
368210 1 40 9 9 0 1 0 0 0  aaa99999588a9866479aa86398777768aa3764a555824
368311 1 40 10 0 5 0 1 0 0  aaa99999588a9887729aa78798757546aa3644a666538
368451 1 40 10 4 4 1 1 0 0  aaa99999488a9885579aa78798765627aa4765a633648
368486 1 40 10 5 4 1 0 0 0  aaa99999488a9884479aa78798757326aa6675a663558
368510 1 40 10 6 2 1 0 0 0  aaa99999588a9885579aa68598777367aa3766a644428
368521 1 40 10 6 4 0 1 0 0  aaa99999588a9885579aa68698777427aa4765a633648
368582 1 40 10 8 2 1 0 0 0  aaa99999488a9884479aa58798777367aa3665a566528
368696 1 40 11 0 3 1 0 0 0  aaa99999888a9888479aa75897666376aa3565a772445
368934 1 40 11 7 1 0 0 0 0  aaa99999888a9888479aa77897666366aa3545a725547
369073 1 40 12 0 0 0 1 0 0  aaa99999488a9887729aa78797667456aa6568a533548
369077 1 40 12 0 0 2 1 0 0  aaa99999488a9887729aa78797667466aa4538a555638
369103 1 40 12 0 5 0 1 0 0  aaa99999588a9887729aa78797657536aa4638a664548
369107 1 40 12 0 5 2 1 0 0  aaa99999488a9887729aa78797657436aa3658a664558
369267 1 40 12 5 2 1 1 0 0  aaa99999488a9882479aa78797766655aa5368a653748
369269 1 40 12 5 2 2 1 0 0  aaa99999488a9882479aa78797766635aa3568a655748
369279 1 40 12 5 4 1 1 0 0  aaa99999488a9883379aa78797755526aa6658a664748
369280 1 40 12 5 4 2 0 0 0  aaa99999588a9882579aa78797744536aa6638a665748
369285 1 40 12 5 5 1 1 0 0  aaa99999488a9882479aa78797755536aa3658a666748
369286 1 40 12 5 5 2 0 0 0  aaa99999588a9882579aa78797744536aa5638a666748
369303 1 40 12 6 2 1 1 0 0  aaa99999488a9882479aa78797757566aa6358a663548
369315 1 40 12 6 4 1 1 0 0  aaa99999488a9883379aa78797757526aa6658a664548
369317 1 40 12 6 4 2 1 0 0  aaa99999488a9883379aa78797757426aa6658a664558
369321 1 40 12 6 5 1 1 0 0  aaa99999488a9882479aa78797757536aa3658a666548
369365 1 40 12 8 0 2 1 0 0  aaa99999688a9886679aa58797772476aa4358a563548
369425 1 40 12 9 4 2 1 0 0  aaa99999488a9883379aa58797777426aa6658a664558
369447 1 40 12 10 2 1 1 0 0  aaa99999488a9882479aa58597777766aa6358a663548
369459 1 40 12 10 4 1 1 0 0  aaa99999488a9883379aa58597777726aa6658a664548
369461 1 40 12 10 4 2 1 0 0  aaa99999488a9883379aa58497777726aa6658a664558
369465 1 40 12 10 5 1 1 0 0  aaa99999488a9882479aa58597777736aa3658a666548
369506 1 40 13 1 0 1 0 0 0  aaa99999588a9887479aa78897766365aa3568a465742
369508 1 40 13 1 0 2 0 0 0  aaa99999588a9887579aa78897766564aa5368a463742
369514 1 40 13 1 1 2 0 0 0  aaa99999488a9887379aa78897766665aa3568a545724
369528 1 40 13 1 4 0 0 0 0  aaa99999588a9887479aa78897754526aa6658a663734
369530 1 40 13 1 4 1 0 0 0  aaa99999588a9887379aa78897755546aa6648a663742
369562 1 40 13 2 3 2 0 0 0  aaa99999488a9886379aa78897766675aa3568a545724
369674 1 40 13 5 4 1 0 0 0  aaa99999488a9884479aa78897657676aa3758a663525
369698 1 40 13 6 2 1 0 0 0  aaa99999588a9885479aa68897767376aa3678a652445
369700 1 40 13 6 2 2 0 0 0  aaa99999588a9884579aa68897767576aa5678a644332
370022 1 40 14 4 2 1 0 0 0  aaa99999588a9885479aa77398768867aa3766a652445
370024 1 40 14 4 2 2 0 0 0  aaa99999588a9884579aa77598768867aa5766a644332
370034 1 40 14 4 4 1 0 0 0  aaa99999588a9885479aa77398768867aa3765a644625
370036 1 40 14 4 4 2 0 0 0  aaa99999588a9884579aa77598768867aa5763a644623
370124 1 40 14 7 1 1 0 0 0  aaa99999488a9887379aa77398758866aa6576a545624
370135 1 40 14 7 3 0 1 0 0  aaa99999588a9887479aa77498738866aa6276a655534
370140 1 40 14 7 4 0 0 0 0  aaa99999588a9887479aa77398748856aa6675a663245
370141 1 40 14 7 4 0 1 0 0  aaa99999488a9887479aa77498758856aa6675a663532
370142 1 40 14 7 4 1 0 0 0  aaa99999588a9887379aa77398758846aa6674a662554
370239 1 40 14 10 2 1 1 0 0  aaa99999488a9885569aa66498728837aa3765a777564
370266 1 40 15 0 1 0 0 0 0  aaa99999588a9877479aa88398676876aa3657a545624
370268 1 40 15 0 1 1 0 0 0  aaa99999588a9877479aa88398676876aa3647a555642
370272 1 40 15 0 2 0 0 0 0  aaa99999588a9877479aa88398675876aa3267a655464
370274 1 40 15 0 2 1 0 0 0  aaa99999588a9877479aa88398674876aa3567a655624
370286 1 40 15 0 4 1 0 0 0  aaa99999588a9877479aa88398676876aa3657a644552
370290 1 40 15 0 5 0 0 0 0  aaa99999588a9877479aa88398675876aa3627a646554
370292 1 40 15 0 5 1 0 0 0  aaa99999588a9877479aa88398674876aa3657a662554
370307 1 40 15 1 1 2 1 0 0  aaa99999688a9877729aa88498775867aa6665a354534
370466 1 40 15 5 4 1 0 0 0  aaa99999488a9877769aa88398675856aa3675a672445
370475 1 40 15 5 5 2 1 0 0  aaa99999488a9877729aa88498675836aa3675a676545
370478 1 40 15 6 0 1 0 0 0  aaa99999588a9866479aa88398777867aa3764a562554
370490 1 40 15 6 2 1 0 0 0  aaa99999488a9866679aa88398777857aa3765a652445
370502 1 40 15 6 4 1 0 0 0  aaa99999488a9865679aa88398777857aa3765a644625
370584 1 40 15 9 0 0 0 0 0  aaa99999688a9866579aa88398746857aa5754a773462
370586 1 40 15 9 0 1 0 0 0  aaa99999588a9866479aa88398756867aa3764a772554
370598 1 40 15 9 2 1 0 0 0  aaa99999488a9866679aa88398765857aa3765a772445
370610 1 40 15 9 4 1 0 0 0  aaa99999588a9865679aa88398765847aa4764a773625
370637 1 40 15 10 2 2 1 0 0  aaa99999488a9866629aa88498765837aa3765a777545
370649 1 40 15 10 4 2 1 0 0  aaa99999488a9865629aa88498765837aa3765a777645
370653 1 40 15 10 5 1 1 0 0  aaa99999488a9865529aa88498765837aa3765a777664
370656 1 40 16 0 0 0 0 0 0  aaa99999588a9877479aa88398676378aa2667a455546
370670 1 40 16 0 2 1 0 0 0  aaa99999588a9877479aa88398676678aa3657a644552
370674 1 40 16 0 3 0 0 0 0  aaa99999588a9877479aa88398676678aa3657a545624
370676 1 40 16 0 3 1 0 0 0  aaa99999588a9877479aa88398676678aa3647a555642
370680 1 40 16 0 4 0 0 0 0  aaa99999588a9877479aa88398675578aa3667a466542
370682 1 40 16 0 4 1 0 0 0  aaa99999588a9877479aa88398674678aa3657a662554
370688 1 40 16 0 5 1 0 0 0  aaa99999588a9877479aa88398674478aa3657a666552
370706 1 40 16 1 2 1 0 0 0  aaa99999488a9877769aa88398776658aa3756a562454
370727 1 40 16 1 5 2 1 0 0  aaa99999588a9877729aa88598776538aa3746a465646
370728 1 40 16 2 0 0 0 0 0  aaa99999588a9877779aa88498676368aa3657a545624
370730 1 40 16 2 0 1 0 0 0  aaa99999588a9877779aa88498676368aa3647a555642
370850 1 40 16 5 2 1 0 0 0  aaa99999588a9877769aa88498676348aa4675a673525
370867 1 40 16 5 5 0 1 0 0  aaa99999688a9877729aa88698575638aa6573a476445
370871 1 40 16 5 5 2 1 0 0  aaa99999688a9877729aa88698574638aa6573a575464
370872 1 40 16 6 0 0 0 0 0  aaa99999688a9866579aa88398777358aa5756a447264
370874 1 40 16 6 0 1 0 0 0  aaa99999588a9866479aa88398777368aa2764a567554
370886 1 40 16 6 2 1 0 0 0  aaa99999488a9866679aa88398777358aa2765a657445
370898 1 40 16 6 4 1 0 0 0  aaa99999588a9865679aa88498777348aa4765a627635
370946 1 40 16 8 0 1 0 0 0  aaa99999588a9866479aa88798777368aa3764a562554
370958 1 40 16 8 2 1 0 0 0  aaa99999488a9866679aa88798777358aa3765a652445
370970 1 40 16 8 4 1 0 0 0  aaa99999488a9865679aa88798777358aa3765a644625
370982 1 40 16 9 0 1 0 0 0  aaa99999588a9866479aa88398777768aa3764a562554
370994 1 40 16 9 2 1 0 0 0  aaa99999488a9866679aa88398777758aa3765a652445
371006 1 40 16 9 4 1 0 0 0  aaa99999488a9865679aa88398777758aa3765a644625
371102 1 40 17 1 2 1 0 0 0  aaa99999588a9885479aa78898767376aa3675a644625
371104 1 40 17 1 2 2 0 0 0  aaa99999588a9884579aa78898767576aa5673a644623
371211 1 40 17 4 2 1 1 0 0  aaa99999488a9885579aa78898727466aa6375a663574
371223 1 40 17 4 4 1 1 0 0  aaa99999488a9885579aa78898737326aa6675a664574
371225 1 40 17 4 4 2 1 0 0  aaa99999488a9885479aa78898737326aa6675a664575
371229 1 40 17 4 5 1 1 0 0  aaa99999488a9885579aa78898727436aa3675a666574
371246 1 40 17 5 2 1 0 0 0  aaa99999588a9885479aa78898767367aa3766a652445
371248 1 40 17 5 2 2 0 0 0  aaa99999588a9884579aa78898767567aa5766a644332
371282 1 40 17 6 2 1 0 0 0  aaa99999588a9885479aa68898777367aa3766a652445
371284 1 40 17 6 2 2 0 0 0  aaa99999588a9884579aa68898777567aa5766a644332
371294 1 40 17 6 4 1 0 0 0  aaa99999588a9885479aa68898777367aa3765a644625
371296 1 40 17 6 4 2 0 0 0  aaa99999588a9884579aa68898777567aa5763a644623
371427 1 40 17 10 2 1 1 0 0  aaa99999488a9885569aa28898766437aa3765a777564
371468 1 40 18 0 3 1 0 0 0  aaa99999588a9888479aa75398765867aa3677a662445
371470 1 40 18 0 3 2 0 0 0  aaa99999588a9888579aa74598763867aa5677a662443
371484 1 40 18 1 0 0 0 0 0  aaa99999588a9888479aa77398766877aa3665a455246
371594 1 40 18 4 0 1 0 0 0  aaa99999588a9888479aa77398766867aa3764a562554
371606 1 40 18 4 2 1 0 0 0  aaa99999588a9888479aa77398765867aa3766a652445
371608 1 40 18 4 2 2 0 0 0  aaa99999588a9888579aa77598764867aa5766a644332
371618 1 40 18 4 4 1 0 0 0  aaa99999488a9888379aa77398766857aa2765a644565
371624 1 40 18 4 5 1 0 0 0  aaa99999488a9888379aa77398765857aa2765a644665
371629 1 40 18 5 0 0 1 0 0  aaa99999588a9888479aa76798737866aa4276a655534
371678 1 40 18 6 2 1 0 0 0  aaa99999488a9888379aa77798666856aa3675a752445
371690 1 40 18 6 4 1 0 0 0  aaa99999488a9888379aa77798665856aa3675a762445
371724 1 40 18 7 4 0 0 0 0  aaa99999588a9888379aa77398755846aa6674a662457
371725 1 40 18 7 4 0 1 0 0  aaa99999588a9888479aa77498755836aa6673a664257
371726 1 40 18 7 4 1 0 0 0  aaa99999588a9888379aa77398754846aa6674a662557
371727 1 40 18 7 4 1 1 0 0  aaa99999588a9888479aa77498752836aa6673a664557
371772 1 40 18 9 0 0 0 0 0  aaa99999688a9888579aa66398746857aa5754a773462
371774 1 40 18 9 0 1 0 0 0  aaa99999588a9888479aa66398756867aa3764a772554
371786 1 40 18 9 2 1 0 0 0  aaa99999488a9888379aa66698765857aa3765a772445
371798 1 40 18 9 4 1 0 0 0  aaa99999588a9888379aa65698765847aa4764a773625
371888 1 40 19 1 1 1 0 0 0  aaa99999588a9886479aa78798766378aa3765a652445
371890 1 40 19 1 1 2 0 0 0  aaa99999588a9886579aa78798766578aa5764a644332
371896 1 40 19 1 2 2 0 0 0  aaa99999488a9885379aa78798766678aa3765a652445
371908 1 40 19 1 4 2 0 0 0  aaa99999488a9885379aa78798765678aa3765a644625
371914 1 40 19 1 5 2 0 0 0  aaa99999488a9885379aa78798765378aa2765a644665
372074 1 40 19 6 2 1 0 0 0  aaa99999588a9885479aa68398777368aa2766a657445
372076 1 40 19 6 2 2 0 0 0  aaa99999588a9884579aa68598777568aa2766a637443
372146 1 40 19 8 2 1 0 0 0  aaa99999588a9885479aa68798777368aa3766a652445
372148 1 40 19 8 2 2 0 0 0  aaa99999588a9884579aa68798777568aa5766a644332
372158 1 40 19 8 4 1 0 0 0  aaa99999588a9885479aa68798777368aa3765a644625
372160 1 40 19 8 4 2 0 0 0  aaa99999588a9884579aa68798777568aa5763a644623
372182 1 40 19 9 2 1 0 0 0  aaa99999588a9885479aa68398777768aa3766a652445
372184 1 40 19 9 2 2 0 0 0  aaa99999588a9884579aa68598777768aa5766a644332
372276 1 40 20 1 0 0 0 0 0  aaa99999588a9888479aa77898766377aa3665a455246
372320 1 40 20 2 1 1 0 0 0  aaa99999488a9888379aa77898766657aa3675a652445
372386 1 40 20 4 0 1 0 0 0  aaa99999588a9888479aa77898766367aa3764a562554
372398 1 40 20 4 2 1 0 0 0  aaa99999488a9888379aa77898766657aa3765a652445
372410 1 40 20 4 4 1 0 0 0  aaa99999488a9888379aa77898765657aa3765a644625
372458 1 40 20 6 0 1 0 0 0  aaa99999588a9888479aa66898777367aa3764a562554
372470 1 40 20 6 2 1 0 0 0  aaa99999588a9888479aa65898777367aa3766a652445
372472 1 40 20 6 2 2 0 0 0  aaa99999588a9888579aa64898777567aa5766a644332
372482 1 40 20 6 4 1 0 0 0  aaa99999488a9888379aa66898777357aa2765a644565
372488 1 40 20 6 5 1 0 0 0  aaa99999488a9888379aa65898777357aa2765a644665
372516 1 40 20 7 4 0 0 0 0  aaa99999588a9888379aa77898754546aa6674a663527
372517 1 40 20 7 4 0 1 0 0  aaa99999588a9888479aa77898752536aa6673a664547
372672 1 40 21 1 0 0 0 0 0  aaa99999588a9888879aa77498766377aa3665a455246
372716 1 40 21 2 1 1 0 0 0  aaa99999488a9888879aa77398766657aa3675a652445
372782 1 40 21 4 0 1 0 0 0  aaa99999588a9888879aa77498766367aa3764a562554
372794 1 40 21 4 2 1 0 0 0  aaa99999488a9888879aa77398766657aa3765a652445
372806 1 40 21 4 4 1 0 0 0  aaa99999488a9888879aa77398765657aa3765a644625
372866 1 40 21 6 2 1 0 0 0  aaa99999488a9888879aa77798666356aa3675a752445
372912 1 40 21 7 4 0 0 0 0  aaa99999588a9888879aa77398754546aa6674a663527
372913 1 40 21 7 4 0 1 0 0  aaa99999588a9888879aa77498752536aa6673a664547
373034 1 40 22 0 0 1 0 0 0  aaa99999478a9766389aa76398888857aa7675a652445
373036 1 40 22 0 0 2 0 0 0  aaa99999578a9766589aa76598888847aa7674a645332
373042 1 40 22 0 1 2 0 0 0  aaa99999478a9766689aa75398888827aa7675a653445
373191 1 40 22 4 2 1 1 0 0  aaa99999478a9772489aa57598888866aa6357a663547
373203 1 40 22 4 4 1 1 0 0  aaa99999478a9773389aa57598888826aa6657a664547
373205 1 40 22 4 4 2 1 0 0  aaa99999478a9773389aa57498888826aa6657a664557
373209 1 40 22 4 5 1 1 0 0  aaa99999478a9772489aa57598888836aa3657a666547
373250 1 40 22 6 0 1 0 0 0  aaa99999578a9777489aa66398888867aa3764a562554
373262 1 40 22 6 2 1 0 0 0  aaa99999478a9777389aa66698888857aa3765a652445
373274 1 40 22 6 4 1 0 0 0  aaa99999478a9777389aa65698888857aa3765a644625
373435 1 41 0 0 1 0 1 0 0  aaa99999988a7766679aa85598735482aa5676a884734
373445 1 41 0 0 2 2 1 0 0  aaa99999988a7766679aa86598726584aa5473a884753
373456 1 41 0 0 4 2 0 0 0  aaa99999988a7766579aa86598736584aa5276a884734
373478 1 41 0 1 2 1 0 0 0  aaa99999988a7774579aa87498666386aa3657a882554
373505 1 41 0 2 0 2 1 0 0  aaa99999988a7776629aa87698766583aa5347a885445
373530 1 41 0 2 5 0 0 0 0  aaa99999988a7774629aa87698755683aa6357a886445
373531 1 41 0 2 5 0 1 0 0  aaa99999988a7774629aa87698754685aa6557a886433
373577 1 41 0 4 0 2 1 0 0  aaa99999988a7776629aa87698567485aa4537a885634
373586 1 41 0 4 2 1 0 0 0  aaa99999988a7774569aa87498667386aa3657a882554
373602 1 41 0 4 5 0 0 0 0  aaa99999988a7773629aa87698557685aa6447a886543
373603 1 41 0 4 5 0 1 0 0  aaa99999988a7774629aa87698557685aa6337a886454
373625 1 41 0 5 2 2 1 0 0  aaa99999988a7746769aa86698742583aa5377a885645
373626 1 41 0 5 3 0 0 0 0  aaa99999988a7736769aa86698765584aa5277a884534
373680 1 41 0 7 0 0 0 0 0  aaa99999988a7776669aa86598753584aa6257a884374
373697 1 41 0 7 2 2 1 0 0  aaa99999988a7776569aa86698733584aa5427a884675
373733 1 41 0 8 2 2 1 0 0  aaa99999988a7776769aa86698742583aa5347a885645
373769 1 41 0 9 2 2 1 0 0  aaa99999988a7777769aa86698742583aa5346a885645
373823 1 41 0 10 5 2 1 0 0  aaa99999988a2657439aa87498657386aa4657a886757
373829 1 41 1 0 0 2 1 0 0  aaa99999988a8776679aa85696736478aa8275a854534
373854 1 41 1 0 5 0 0 0 0  aaa99999988a8776479aa86395756378aa8576a862454
373866 1 41 1 1 1 0 0 0 0  aaa99999988a8777479aa85796766358aa8654a826534
373906 1 41 1 2 1 2 0 0 0  aaa99999988a8777479aa85396766328aa8675a856445
373912 1 41 1 2 2 2 0 0 0  aaa99999988a8777479aa85396766368aa8675a852445
374004 1 41 1 5 0 0 0 0 0  aaa99999988a8777569aa86496754568aa8753a862374
374020 1 41 1 5 2 2 0 0 0  aaa99999988a8777369aa86696765348aa8745a852475
374032 1 41 1 5 4 2 0 0 0  aaa99999988a8777369aa85696766348aa8745a852475
374038 1 41 1 5 5 2 0 0 0  aaa99999988a8777369aa85396766648aa8745a852475
374081 1 41 1 7 0 2 1 0 0  aaa99999988a8777669aa87696735468aa8275a854534
374092 1 41 1 7 2 2 0 0 0  aaa99999988a8777469aa87396765368aa8675a852445
374123 1 41 1 8 1 2 1 0 0  aaa99999988a8777769aa86696735468aa8275a854534
374160 1 41 1 9 2 0 0 0 0  aaa99999988a8666479aa85797777358aa8654a826534
374170 1 41 1 9 3 2 0 0 0  aaa99999988a8666379aa85797777348aa8645a852465
374178 1 41 1 9 5 0 0 0 0  aaa99999988a8546579aa86797777548aa8546a863632
374206 1 41 1 10 3 2 0 0 0  aaa99999988a8666379aa85397777748aa8645a852465
374214 1 41 1 10 5 0 0 0 0  aaa99999988a8546579aa86597777748aa8546a863632
374230 1 41 2 0 1 2 0 0 0  aaa99999988a8775479aa85396766378aa2675a886445
374236 1 41 2 0 2 2 0 0 0  aaa99999988a8775479aa85396765678aa3676a882445
374242 1 41 2 0 3 2 0 0 0  aaa99999988a8775479aa84496766378aa3675a882565
374248 1 41 2 0 4 2 0 0 0  aaa99999988a8775479aa85396766678aa3675a882445
374250 1 41 2 0 5 0 0 0 0  aaa99999988a8776579aa86495746578aa3576a883642
374252 1 41 2 0 5 1 0 0 0  aaa99999988a8776579aa86495756578aa3476a884632
374296 1 41 2 2 0 2 0 0 0  aaa99999988a8777679aa86696736548aa5274a885354
374306 1 41 2 2 2 1 0 0 0  aaa99999988a8777579aa85496766368aa3675a882445
374308 1 41 2 2 2 2 0 0 0  aaa99999988a8777579aa84596766568aa5673a882443
374400 1 41 2 5 0 0 0 0 0  aaa99999988a8777569aa86496754568aa3752a883674
374406 1 41 2 5 1 0 0 0 0  aaa99999988a8777569aa86696754568aa4753a882374
374436 1 41 2 6 0 0 0 0 0  aaa99999988a8777769aa86596754568aa4752a883634
374486 1 41 2 7 2 1 0 0 0  aaa99999988a8777569aa87496765368aa3675a882445
374488 1 41 2 7 2 2 0 0 0  aaa99999988a8777569aa87596764568aa5673a882443
374882 1 41 3 7 2 1 0 0 0  aaa99999988a8777469aa87396876367aa2645a555848
374916 1 41 3 8 2 0 0 0 0  aaa99999988a8777769aa86695872557aa4346a365848
374917 1 41 3 8 2 0 1 0 0  aaa99999988a8777769aa86695873357aa5246a465848
374970 1 41 3 9 5 0 0 0 0  aaa99999988a8655479aa84497877776aa3625a663858
375022 1 41 4 0 1 2 0 0 0  aaa99999988a8775479aa85396876677aa3625a644885
375418 1 41 5 0 1 2 0 0 0  aaa99999988a8775479aa88396876677aa3625a644585
375672 1 41 5 7 2 0 0 0 0  aaa99999988a8777569aa88496876367aa3657a545284
375690 1 41 5 7 5 0 0 0 0  aaa99999988a8777629aa88695875657aa6347a356484
375691 1 41 5 7 5 0 1 0 0  aaa99999988a8777629aa88695875657aa6437a446385
375695 1 41 5 7 5 2 1 0 0  aaa99999988a8777629aa88695874657aa6557a346384
375703 1 41 5 8 1 0 1 0 0  aaa99999988a8777769aa88696876357aa6524a543584
375762 1 41 5 9 5 0 0 0 0  aaa99999988a8654579aa88597877776aa4653a662384
375768 1 41 5 10 0 0 0 0 0  aaa99999988a8766469aa88395865347aa4756a777285
375814 1 41 6 0 1 2 0 0 0  aaa99999988a8775479aa85396876678aa3765a644825
375836 1 41 6 0 5 1 0 0 0  aaa99999988a8776579aa86494876478aa3756a563852
375927 1 41 6 3 2 1 1 0 0  aaa99999988a8777769aa86697855528aa4756a364834
375947 1 41 6 3 5 2 1 0 0  aaa99999988a8777729aa86497856438aa3756a564856
376068 1 41 6 7 2 0 0 0 0  aaa99999988a8777569aa87496876368aa3765a455842
376070 1 41 6 7 2 1 0 0 0  aaa99999988a8777569aa87496876368aa3764a555824
376134 1 41 6 9 1 0 0 0 0  aaa99999988a8666479aa85697877778aa2545a536843
376175 1 41 6 10 1 2 1 0 0  aaa99999988a8667629aa87496857438aa3657a574857
376201 1 41 7 0 0 0 1 0 0  aaa99999988a8877539aa87797676356aa6546a425848
376248 1 41 7 1 2 0 0 0 0  aaa99999988a8877769aa86697572575aa4436a364858
376249 1 41 7 1 2 0 1 0 0  aaa99999988a8877769aa86697572574aa5536a464838
376387 1 41 7 5 1 0 1 0 0  aaa99999988a8877769aa87696675524aa6475a345838
376420 1 41 7 6 0 2 0 0 0  aaa99999988a8866479aa87797776365aa3562a455848
376490 1 41 7 8 0 1 0 0 0  aaa99999988a8866479aa87397776375aa2665a455848
376492 1 41 7 8 0 2 0 0 0  aaa99999988a8866579aa87597776574aa5662a433848
376510 1 41 7 8 3 2 0 0 0  aaa99999988a8866679aa87497776375aa3562a455848
376512 1 41 7 8 4 0 0 0 0  aaa99999988a8855479aa87397774476aa6625a663858
376518 1 41 7 8 5 0 0 0 0  aaa99999988a8855479aa87397774476aa3625a666858
376528 1 41 7 9 0 2 0 0 0  aaa99999988a8866479aa86797777365aa3562a455848
376534 1 41 7 9 1 2 0 0 0  aaa99999988a8866679aa83797777465aa2563a455848
376564 1 41 7 10 0 2 0 0 0  aaa99999988a8866479aa86397777765aa3562a455848
376612 1 41 8 0 2 2 0 0 0  aaa99999988a8775479aa84496878377aa3665a266585
376661 1 41 8 1 4 2 1 0 0  aaa99999988a8777439aa85497868377aa4625a666585
376668 1 41 8 2 0 0 0 0 0  aaa99999988a8777569aa86396878377aa2565a465484
376776 1 41 8 5 0 0 0 0 0  aaa99999988a8777569aa86496878367aa3754a565284
377101 1 41 9 3 0 0 1 0 0  aaa99999988a8777769aa86597865582aa4736a654834
377166 1 41 9 4 5 0 0 0 0  aaa99999988a8777429aa86795856784aa4536a367856
377167 1 41 9 4 5 0 1 0 0  aaa99999988a8777549aa86794846785aa5536a367826
377171 1 41 9 4 5 2 1 0 0  aaa99999988a8777269aa84796866685aa7534a557834
377208 1 41 9 6 0 0 0 0 0  aaa99999988a8777769aa86496855387aa3765a464852
377256 1 41 9 7 2 0 0 0 0  aaa99999988a8777569aa87496876387aa3665a455842
377258 1 41 9 7 2 1 0 0 0  aaa99999988a8777569aa87496876387aa3664a555824
377274 1 41 9 7 5 0 0 0 0  aaa99999988a8777629aa87695875687aa6544a336845
377389 1 41 10 0 0 0 1 0 0  aaa99999988a8877629aa87797678666aa5554a345384
377390 1 41 10 0 0 1 0 0 0  aaa99999988a8877629aa87797678666aa4555a345384
377391 1 41 10 0 0 1 1 0 0  aaa99999988a8877629aa87797678666aa5534a545384
377392 1 41 10 0 0 2 0 0 0  aaa99999988a8877629aa87797678666aa4534a555384
377393 1 41 10 0 0 2 1 0 0  aaa99999988a8877629aa87797678635aa3664a555484
377452 1 41 10 1 4 2 0 0 0  aaa99999988a8877769aa85497678376aa3625a644585
377459 1 41 10 1 5 2 1 0 0  aaa99999988a8877739aa85497678376aa4625a664585
377678 1 41 10 8 0 1 0 0 0  aaa99999988a8866479aa87397778374aa4665a555286
377680 1 41 10 8 0 2 0 0 0  aaa99999988a8866579aa87597778574aa5662a433486
377700 1 41 10 8 4 0 0 0 0  aaa99999988a8854579aa87597778476aa6653a662384
377706 1 41 10 8 5 0 0 0 0  aaa99999988a8854579aa87597778476aa2653a666384
377785 1 41 11 0 0 0 1 0 0  aaa99999988a8887729aa78797667456aa6563a534548
377789 1 41 11 0 0 2 1 0 0  aaa99999988a8887729aa78797667466aa4533a555648
377815 1 41 11 0 5 0 1 0 0  aaa99999988a8887729aa78797657546aa5644a663538
377897 1 41 11 3 0 2 1 0 0  aaa99999988a8883779aa48797776625aa6646a555348
378042 1 41 11 7 1 0 0 0 0  aaa99999988a8885779aa78797666366aa3545a745428
378183 1 41 12 0 0 1 1 0 0  aaa99999988a8877429aa87797676456aa6556a353884
378251 1 41 12 1 5 2 1 0 0  aaa99999988a8877739aa85497675376aa4625a664885
378578 1 41 13 0 0 1 0 0 0  aaa99999988a8877479aa88396674476aa3567a552685
378606 1 41 13 0 5 0 0 0 0  aaa99999988a8877579aa88495674576aa3657a663284
378647 1 41 13 1 5 2 1 0 0  aaa99999988a8877739aa88497675376aa4625a664585
378678 1 41 13 2 5 0 0 0 0  aaa99999988a8877779aa88495675346aa4657a663285
378829 1 41 13 7 0 0 1 0 0  aaa99999988a8877749aa88796674465aa6557a633582
379152 1 41 14 5 0 0 0 0 0  aaa99999988a8877729aa88896675563aa6375a674454
379153 1 41 14 5 0 0 1 0 0  aaa99999988a8877729aa88896675564aa6475a674353
379225 1 41 14 7 0 0 1 0 0  aaa99999988a8877749aa88896674456aa7567a533652
379398 1 41 15 0 5 0 0 0 0  aaa99999988a8776579aa88495876877aa3546a265643
379650 1 41 15 7 5 0 0 0 0  aaa99999988a8777629aa88695875857aa6347a356464
379651 1 41 15 7 5 0 1 0 0  aaa99999988a8777629aa88695875857aa6437a446365
379655 1 41 15 7 5 2 1 0 0  aaa99999988a8777629aa88695874857aa6557a346364
379912 1 41 16 4 0 2 0 0 0  aaa99999988a8777549aa88796864786aa5624a337655
379938 1 41 16 4 5 0 0 0 0  aaa99999988a8777429aa88795865784aa4563a637665
379939 1 41 16 4 5 0 1 0 0  aaa99999988a8777549aa88794864785aa5563a637662
379943 1 41 16 4 5 2 1 0 0  aaa99999988a8777269aa88796866685aa7543a557443
380443 1 41 17 7 5 0 1 0 0  aaa99999988a8877729aa88795675856aa4637a664534
381348 1 41 20 0 0 0 0 0 0  aaa99999988a8887729aa78797667856aa6564a544533
381349 1 41 20 0 0 0 1 0 0  aaa99999988a8887729aa78797667856aa6564a543534
381353 1 41 20 0 0 2 1 0 0  aaa99999988a8887729aa78797667866aa4533a555644
381709 1 41 20 10 0 0 1 0 0  aaa99999988a8886629aa48696746857aa5753a777345
381764 1 41 21 0 3 1 0 0 0  aaa99999988a8888479aa75897666376aa3565a772445
382002 1 41 21 7 1 0 0 0 0  aaa99999988a8888479aa77897666366aa3545a725547
382398 1 41 22 7 1 0 0 0 0  aaa99999988a8888879aa77497666366aa3545a725547
382537 1 42 0 0 0 0 1 0 0  aaa99998878a9768679aa85887966437aa7535a526944
383003 1 42 1 1 5 2 1 0 0  aaa99996588a9877739aa86573976587aa8486a464952
383056 1 42 1 3 2 2 0 0 0  aaa99997488a9866679aa87377976385aa8586a545924
383104 1 42 1 4 4 2 0 0 0  aaa99995488a9877779aa85376974486aa8685a663925
383230 1 42 1 8 1 2 0 0 0  aaa99995488a9866679aa87377975387aa8685a644925
383248 1 42 1 8 4 2 0 0 0  aaa99995488a9865379aa87377974487aa8685a666925
383252 1 42 1 8 5 1 0 0 0  aaa99996588a9846479aa87477976387aa8586a565932
383381 1 42 2 1 2 2 1 0 0  aaa99996588a9877769aa86673973587aa5488a464952
383408 1 42 2 2 1 1 0 0 0  aaa99997588a9877779aa84466976486aa3588a655932
383436 1 42 2 3 0 0 0 0 0  aaa99997588a9866479aa87377976385aa5588a646924
383438 1 42 2 3 0 1 0 0 0  aaa99997588a9866579aa87477976386aa3588a645924
383444 1 42 2 3 1 1 0 0 0  aaa99997588a9866679aa87477974486aa3588a655932
383450 1 42 2 3 2 1 0 0 0  aaa99997588a9866679aa87477976385aa3588a465942
383452 1 42 2 3 2 2 0 0 0  aaa99997588a9866679aa87577976584aa5388a463942
383456 1 42 2 3 3 1 0 0 0  aaa99997588a9866679aa87477976385aa3588a645924
383458 1 42 2 3 3 2 0 0 0  aaa99997588a9866679aa87577976584aa5388a643924
383460 1 42 2 3 4 0 0 0 0  aaa99997588a9845579aa87477975386aa6688a663942
383462 1 42 2 3 4 1 0 0 0  aaa99997588a9855579aa87477974486aa6688a663932
383466 1 42 2 3 5 0 0 0 0  aaa99997588a9845579aa87477975386aa3688a666942
383468 1 42 2 3 5 1 0 0 0  aaa99997588a9855579aa87477974486aa3688a666932
383488 1 42 2 4 2 2 0 0 0  aaa99996488a9877779aa86376976685aa3588a545924
383513 1 42 2 5 0 2 1 0 0  aaa99997588a9877769aa86563973584aa6488a764952
383531 1 42 2 5 3 2 1 0 0  aaa99997588a9877769aa86663973584aa5488a764952
383560 1 42 2 6 2 2 0 0 0  aaa99996488a9866679aa87777976385aa3588a545924
383624 1 42 2 8 1 1 0 0 0  aaa99995488a9866679aa87577975387aa3688a644925
383626 1 42 2 8 1 2 0 0 0  aaa99994588a9866679aa87577973587aa5688a644923
383630 1 42 2 8 2 1 0 0 0  aaa99996588a9866679aa87477976387aa3588a545924
383632 1 42 2 8 2 2 0 0 0  aaa99996588a9866679aa87577976587aa5488a433942
383636 1 42 2 8 3 1 0 0 0  aaa99996588a9866679aa87477974487aa3588a655932
383642 1 42 2 8 4 1 0 0 0  aaa99995488a9865379aa87577974487aa3688a666925
383644 1 42 2 8 4 2 0 0 0  aaa99994588a9863579aa87577973587aa4688a666924
383648 1 42 2 8 5 1 0 0 0  aaa99996588a9846479aa87477976387aa3588a565926
383668 1 42 2 9 2 2 0 0 0  aaa99996488a9866679aa86777977385aa3588a545924
383704 1 42 2 10 2 2 0 0 0  aaa99996488a9866679aa86377977785aa3588a545924
383818 1 42 3 2 3 2 0 0 0  aaa99997488a9877779aa86386976665aa3588a545924
383894 1 42 3 4 4 1 0 0 0  aaa99995488a9877779aa85387974426aa6688a665935
383896 1 42 3 4 4 2 0 0 0  aaa99994588a9877779aa83587973526aa6688a665944
383927 1 42 3 5 3 2 1 0 0  aaa99997588a9877769aa86686973524aa5488a764953
383935 1 42 3 5 5 0 1 0 0  aaa99997688a9877759aa85685973654aa6488a746923
383939 1 42 3 5 5 2 1 0 0  aaa99997688a9877749aa83684974625aa6588a755963
383948 1 42 3 6 1 1 0 0 0  aaa99995488a9866679aa85387977576aa3788a644925
383950 1 42 3 6 1 2 0 0 0  aaa99994588a9866679aa83587977576aa5788a644923
383954 1 42 3 6 2 1 0 0 0  aaa99996588a9866679aa86487977375aa3788a545924
383956 1 42 3 6 2 2 0 0 0  aaa99996588a9866679aa86587977574aa5788a433942
383960 1 42 3 6 3 1 0 0 0  aaa99996588a9866679aa84487977475aa3788a655932
383966 1 42 3 6 4 1 0 0 0  aaa99995488a9865379aa84487977576aa3788a666925
383968 1 42 3 6 4 2 0 0 0  aaa99994588a9863579aa83587977576aa4788a666924
383972 1 42 3 6 5 1 0 0 0  aaa99996588a9846479aa86487977375aa3788a565926
384007 1 42 3 7 5 0 1 0 0  aaa99997488a9877759aa85785972436aa3688a666945
384028 1 42 3 8 2 2 0 0 0  aaa99996488a9866679aa86787977375aa3588a545924
384064 1 42 3 9 2 2 0 0 0  aaa99996488a9866679aa86387977775aa3588a545924
384098 1 42 3 10 2 1 0 0 0  aaa99997588a9847469aa87486967365aa3688a575927
384253 1 42 4 3 4 0 1 0 0  aaa99994788a9855379aa84787977356aa6685a662984
384257 1 42 4 3 4 2 1 0 0  aaa99995788a9835379aa85787977426aa6685a664984
384263 1 42 4 3 5 2 1 0 0  aaa99995788a9825479aa85787977436aa3685a666984
384292 1 42 4 4 4 2 0 0 0  aaa99995488a9877779aa85387974426aa6685a663985
384346 1 42 4 6 1 2 0 0 0  aaa99995488a9866679aa85387977376aa2785a644985
384364 1 42 4 6 4 2 0 0 0  aaa99995488a9865379aa84487977376aa2785a666985
384368 1 42 4 6 5 1 0 0 0  aaa99996588a9846479aa86487977375aa3786a565982
384489 1 42 4 10 1 1 1 0 0  aaa99997688a9827469aa87686967455aa5387a573984
384491 1 42 4 10 1 2 1 0 0  aaa99997688a9827469aa87686967435aa3587a575984
384494 1 42 4 10 2 1 0 0 0  aaa99997588a9847469aa87486967365aa3687a575982
384515 1 42 4 10 5 2 1 0 0  aaa99997688a9827649aa87684947635aa3587a575986
384568 1 42 5 1 2 2 0 0 0  aaa99996488a9877769aa88387976675aa3586a545924
384590 1 42 5 2 0 1 0 0 0  aaa99997488a9877779aa88386976365aa6585a465942
384618 1 42 5 2 5 0 0 0 0  aaa99997588a9877779aa88485974556aa3682a666934
384686 1 42 5 4 4 1 0 0 0  aaa99995488a9877779aa88387974456aa6685a663925
384688 1 42 5 4 4 2 0 0 0  aaa99994588a9877779aa88587973546aa6684a665923
384710 1 42 5 5 2 1 0 0 0  aaa99997588a9877769aa88486976365aa3684a755924
384727 1 42 5 5 5 0 1 0 0  aaa99997688a9877759aa88685974655aa6284a746933
384731 1 42 5 5 5 2 1 0 0  aaa99997688a9877739aa88685973654aa6585a744962
384740 1 42 5 6 1 1 0 0 0  aaa99995488a9866679aa88587977376aa3785a644925
384742 1 42 5 6 1 2 0 0 0  aaa99994588a9866679aa88587977576aa5783a644923
384746 1 42 5 6 2 1 0 0 0  aaa99996588a9866679aa88487977375aa3786a545924
384748 1 42 5 6 2 2 0 0 0  aaa99996588a9866679aa88587977574aa5786a433942
384752 1 42 5 6 3 1 0 0 0  aaa99996588a9866679aa88487977375aa3784a655924
384758 1 42 5 6 4 1 0 0 0  aaa99995488a9864479aa88587977376aa3785a666925
384760 1 42 5 6 4 2 0 0 0  aaa99994588a9863579aa88587977576aa4783a666924
384764 1 42 5 6 5 1 0 0 0  aaa99996588a9846479aa88487977375aa3786a565926
384799 1 42 5 7 5 0 1 0 0  aaa99997488a9877739aa88785975356aa4682a666945
384820 1 42 5 8 2 2 0 0 0  aaa99996488a9866679aa88787977375aa3586a545924
384856 1 42 5 9 2 2 0 0 0  aaa99996488a9866679aa88387977775aa3586a545924
384890 1 42 5 10 2 1 0 0 0  aaa99997588a9847469aa88486967365aa3687a575927
385026 1 42 6 3 1 0 0 0 0  aaa99995788a9866679aa84787977456aa8582a653934
385049 1 42 6 3 4 2 1 0 0  aaa99995788a9835479aa85787977466aa8285a666934
385055 1 42 6 3 5 2 1 0 0  aaa99995788a9835479aa85787977426aa8685a666934
385072 1 42 6 4 2 2 0 0 0  aaa99995488a9877779aa85387974462aa8686a656935
385084 1 42 6 4 4 2 0 0 0  aaa99995488a9877779aa85387974466aa8285a666935
385090 1 42 6 4 5 2 0 0 0  aaa99995488a9877779aa85387974426aa8685a666935
385127 1 42 6 5 5 2 1 0 0  aaa99997588a9877729aa86584976543aa8486a763956
385138 1 42 6 6 1 2 0 0 0  aaa99995488a9866679aa85387977376aa8785a644925
385156 1 42 6 6 4 2 0 0 0  aaa99995488a9865379aa84487977376aa8785a666925
385160 1 42 6 6 5 1 0 0 0  aaa99996588a9846479aa86487977375aa8786a565932
385281 1 42 6 10 1 1 1 0 0  aaa99997688a9837469aa87686967455aa8287a575934
385283 1 42 6 10 1 2 1 0 0  aaa99997688a9837469aa87686967425aa8587a575934
385286 1 42 6 10 2 1 0 0 0  aaa99997588a9847469aa87486967365aa8687a575932
385292 1 42 6 10 3 1 0 0 0  aaa99997488a9847469aa87686967365aa8587a573952
385298 1 42 6 10 4 1 0 0 0  aaa99997488a9847469aa87386967665aa8587a573952
385302 1 42 6 10 5 0 0 0 0  aaa99997688a9857629aa87685957653aa8387a476944
385307 1 42 6 10 5 2 1 0 0  aaa99997688a9837649aa87684947625aa8587a575936
385913 1 42 8 5 4 2 1 0 0  aaa99997488a9877739aa85488975326aa6675a664985
385948 1 42 8 6 4 2 0 0 0  aaa99995488a9875379aa84488977726aa6675a663985
386063 1 42 8 9 5 2 1 0 0  aaa99996588a9876549aa86588946437aa5736a777982
386064 1 42 8 10 0 0 0 0 0  aaa99997688a9867669aa87588967354aa5547a473982
386082 1 42 8 10 3 0 0 0 0  aaa99997688a9867569aa87388967654aa5547a473982
386093 1 42 8 10 4 2 1 0 0  aaa99997588a9867549aa87588947436aa5637a676982
386095 1 42 8 10 5 0 1 0 0  aaa99997688a9857639aa87688937655aa6457a474982
386097 1 42 8 10 5 1 1 0 0  aaa99997688a9857639aa87688937654aa6557a474982
386099 1 42 8 10 5 2 1 0 0  aaa99997688a9847629aa87688947635aa3547a575986
386105 1 42 9 0 0 2 1 0 0  aaa99997788a9877479aa85786965463aa6825a653984
386114 1 42 9 0 2 1 0 0 0  aaa99997788a9877479aa84786962665aa3856a553984
386116 1 42 9 0 2 2 0 0 0  aaa99997788a9877379aa85786965664aa4826a453985
386167 1 42 9 1 5 0 1 0 0  aaa99996588a9877739aa86487976375aa5826a564984
386171 1 42 9 1 5 2 1 0 0  aaa99996588a9877739aa86587976374aa5826a464985
386272 1 42 9 4 4 2 0 0 0  aaa99995488a9877779aa85387974466aa3825a666985
386274 1 42 9 4 5 0 0 0 0  aaa99996588a9877779aa86487976354aa5856a264983
386297 1 42 9 5 2 2 1 0 0  aaa99997588a9877769aa86683973524aa5876a464985
386318 1 42 9 6 0 1 0 0 0  aaa99996688a9866479aa84687972775aa3857a553984
386320 1 42 9 6 0 2 0 0 0  aaa99996688a9866379aa85687975774aa4827a453985
386326 1 42 9 6 1 2 0 0 0  aaa99995488a9866679aa85387975776aa3827a644985
386340 1 42 9 6 4 0 0 0 0  aaa99995588a9865379aa84487974776aa5827a666983
386344 1 42 9 6 4 2 0 0 0  aaa99995488a9865379aa84487975776aa3827a666985
386348 1 42 9 6 5 1 0 0 0  aaa99996488a9846479aa86387976775aa3857a565982
386358 1 42 9 7 1 0 0 0 0  aaa99997488a9877769aa86786974655aa3825a563984
386382 1 42 9 7 5 0 0 0 0  aaa99997588a9877729aa86785976554aa3846a463986
386383 1 42 9 7 5 0 1 0 0  aaa99997588a9877729aa86785976544aa4856a363986
386398 1 42 9 8 1 2 0 0 0  aaa99995488a9866679aa85787977376aa3825a644985
386416 1 42 9 8 4 2 0 0 0  aaa99995488a9864479aa85787977376aa3825a666985
386420 1 42 9 8 5 1 0 0 0  aaa99996488a9846479aa86787977375aa3856a565982
386434 1 42 9 9 1 2 0 0 0  aaa99995488a9866679aa85387977776aa3825a644985
386452 1 42 9 9 4 2 0 0 0  aaa99995488a9865379aa84487977776aa3825a666985
386456 1 42 9 9 5 1 0 0 0  aaa99996488a9846479aa86387977775aa3856a565982
386474 1 42 9 10 2 1 0 0 0  aaa99997488a9847469aa87386957665aa3867a575982
386480 1 42 9 10 3 1 0 0 0  aaa99997488a9847469aa87686967365aa3857a575982
386486 1 42 9 10 4 1 0 0 0  aaa99997488a9847469aa87386967665aa3857a575982
386491 1 42 9 10 5 0 1 0 0  aaa99997688a9847629aa87685947655aa6847a573983
386495 1 42 9 10 5 2 1 0 0  aaa99997688a9857639aa87683957644aa4857a576982
386689 1 42 10 5 2 0 1 0 0  aaa99998588a9885579aa78787937466aa6266a754934
386695 1 42 10 5 3 0 1 0 0  aaa99998588a9885579aa78787937466aa6265a764934
386701 1 42 10 5 4 0 1 0 0  aaa99998588a9885579aa78787937462aa6666a754934
386724 1 42 10 6 2 0 0 0 0  aaa99998588a9884479aa68487977376aa3755a662965
386726 1 42 10 6 2 1 0 0 0  aaa99998588a9885579aa68587977476aa3764a663924
386732 1 42 10 6 3 1 0 0 0  aaa99998588a9885479aa68387977376aa6745a662945
386738 1 42 10 6 4 1 0 0 0  aaa99998588a9885479aa68387977376aa2745a666945
386804 1 42 10 8 3 1 0 0 0  aaa99998588a9884479aa68787977476aa3666a555932
386840 1 42 10 9 3 1 0 0 0  aaa99998588a9884479aa68487977776aa3666a555932
386891 1 42 10 10 5 2 1 0 0  aaa99998788a9884729aa58786954763aa7666a537954
386929 1 42 11 1 0 0 1 0 0  aaa99996888a9888579aa77876965572aa4736a654934
387293 1 42 12 0 0 2 1 0 0  aaa99998488a9887729aa78776967465aa6538a655934
387319 1 42 12 0 5 0 1 0 0  aaa99998488a9887739aa78775957356aa4628a666954
387331 1 42 12 1 1 0 1 0 0  aaa99998588a9885579aa78776936672aa4768a654934
387337 1 42 12 1 2 0 1 0 0  aaa99998588a9885579aa78776966473aa4728a653964
387338 1 42 12 1 2 1 0 0 0  aaa99998588a9884479aa78776966475aa3728a655963
387349 1 42 12 1 4 0 1 0 0  aaa99998588a9885579aa78776966672aa4738a654934
387359 1 42 12 1 5 2 1 0 0  aaa99998688a9884679aa78772954673aa6758a536954
387365 1 42 12 2 0 2 1 0 0  aaa99998688a9886679aa78776936427aa4578a555934
387374 1 42 12 2 2 1 0 0 0  aaa99998588a9884479aa78776966467aa3678a555932
387380 1 42 12 2 3 1 0 0 0  aaa99998588a9884479aa78776966467aa3578a655932
387480 1 42 12 5 2 0 0 0 0  aaa99998588a9886479aa78777966654aa5538a764932
387493 1 42 12 5 4 0 1 0 0  aaa99998588a9885579aa78777935426aa4668a766934
387543 1 42 12 7 0 1 1 0 0  aaa99998788a9886679aa78776936455aa6278a554934
387545 1 42 12 7 0 2 1 0 0  aaa99998788a9886679aa78776936425aa6578a554934
387715 1 42 13 0 5 0 1 0 0  aaa99998488a9887779aa58825957476aa7635a666934
387732 1 42 13 1 2 0 0 0 0  aaa99998588a9886479aa78877966654aa5536a774932
387738 1 42 13 1 3 0 0 0 0  aaa99998588a9886479aa78877966654aa5563a774923
387745 1 42 13 1 4 0 1 0 0  aaa99998588a9885579aa78877935462aa6666a774934
387805 1 42 13 3 2 0 1 0 0  aaa99998588a9885579aa78877937466aa6266a754934
387811 1 42 13 3 3 0 1 0 0  aaa99998588a9885579aa78877937466aa6265a764934
387817 1 42 13 3 4 0 1 0 0  aaa99998588a9885579aa78877937462aa6666a754934
387883 1 42 13 5 3 0 1 0 0  aaa99998488a9886479aa78877966627aa7565a533945
387956 1 42 13 7 3 1 0 0 0  aaa99998488a9886379aa78877966657aa3567a545924
388117 1 42 14 1 0 0 1 0 0  aaa99996688a9885679aa77488958772aa7636a554934
388167 1 42 14 2 2 1 1 0 0  aaa99995788a9885579aa77488938766aa6275a664934
388179 1 42 14 2 4 1 1 0 0  aaa99995788a9885579aa77488938726aa6675a664934
388185 1 42 14 2 5 1 1 0 0  aaa99995788a9885579aa77488938726aa4675a666934
388204 1 42 14 3 2 2 0 0 0  aaa99995488a9885379aa77788968376aa2675a644965
388267 1 42 14 5 1 0 1 0 0  aaa99996588a9885579aa77488938766aa6276a754934
388277 1 42 14 5 2 2 1 0 0  aaa99995688a9885679aa77488938766aa6275a754934
388285 1 42 14 5 4 0 1 0 0  aaa99996588a9885579aa77488938726aa4675a766934
388303 1 42 14 6 1 0 1 0 0  aaa99996588a9885579aa77788938466aa6276a754934
388313 1 42 14 6 2 2 1 0 0  aaa99995688a9885679aa77788938466aa6275a754934
388321 1 42 14 6 4 0 1 0 0  aaa99996588a9885579aa77788938426aa4675a766934
388340 1 42 14 7 1 1 0 0 0  aaa99997488a9886379aa77388958766aa6576a545924
388345 1 42 14 7 2 0 1 0 0  aaa99997588a9885579aa77488938766aa6275a664934
388351 1 42 14 7 3 0 1 0 0  aaa99997588a9885579aa77488938766aa6276a654934
388357 1 42 14 7 4 0 1 0 0  aaa99997588a9885579aa77488938726aa6675a664934
388363 1 42 14 7 5 0 1 0 0  aaa99997588a9885579aa77488938726aa4675a666934
388376 1 42 14 8 1 1 0 0 0  aaa99997488a9886379aa77788948466aa6576a553952
388381 1 42 14 8 2 0 1 0 0  aaa99997588a9885579aa77788938466aa6275a664934
388387 1 42 14 8 3 0 1 0 0  aaa99997588a9885579aa77788938466aa6276a654934
388393 1 42 14 8 4 0 1 0 0  aaa99997588a9885579aa77788938426aa6675a664934
388399 1 42 14 8 5 0 1 0 0  aaa99997588a9885579aa77788938426aa4675a666934
388433 1 42 14 9 4 2 1 0 0  aaa99996688a9886529aa76588948537aa3746a777945
388513 1 42 15 1 0 0 1 0 0  aaa99996688a9877729aa88688966477aa4575a533945
388600 1 42 15 3 2 2 0 0 0  aaa99996488a9866679aa88388977775aa3576a545924
388666 1 42 15 5 1 2 0 0 0  aaa99997488a9877769aa88388976665aa3576a545924
388682 1 42 15 5 4 1 0 0 0  aaa99997588a9877759aa88388975546aa6674a663924
388685 1 42 15 5 4 2 1 0 0  aaa99997588a9877749aa88588974436aa6673a665952
388691 1 42 15 5 5 2 1 0 0  aaa99997588a9877729aa88588974536aa3674a666954
388718 1 42 15 6 4 1 0 0 0  aaa99995488a9874479aa88388977756aa6675a663925
388720 1 42 15 6 4 2 0 0 0  aaa99994588a9873579aa88588977746aa6674a665923
388729 1 42 15 7 0 0 1 0 0  aaa99997688a9877729aa88788976665aa5536a444935
388730 1 42 15 7 0 1 0 0 0  aaa99997688a9877729aa88788976665aa5546a534943
388731 1 42 15 7 0 1 1 0 0  aaa99997688a9877729aa88788976665aa5546a453943
388733 1 42 15 7 0 2 1 0 0  aaa99997688a9877729aa88788976665aa4536a554934
388903 1 42 16 0 5 0 1 0 0  aaa99997788a9877679aa88785954653aa6824a536964
389083 1 42 16 5 5 0 1 0 0  aaa99997688a9877729aa88685974655aa6874a546933
389087 1 42 16 5 5 2 1 0 0  aaa99997688a9877749aa88684974635aa6873a555962
389125 1 42 16 7 0 0 1 0 0  aaa99997488a9877729aa88786976463aa6855a563945
389128 1 42 16 7 0 2 0 0 0  aaa99997588a9877729aa88786976563aa6844a365954
389129 1 42 16 7 0 2 1 0 0  aaa99997588a9877729aa88786976564aa6833a464955
389154 1 42 16 7 5 0 0 0 0  aaa99997688a9877729aa88785975653aa6844a356964
389155 1 42 16 7 5 0 1 0 0  aaa99997688a9877729aa88785975654aa6833a446965
389360 1 42 17 2 3 1 0 0 0  aaa99995488a9885379aa78887967576aa3666a744925
389362 1 42 17 2 3 2 0 0 0  aaa99994588a9883579aa78887967576aa5666a744923
389397 1 42 17 3 3 1 1 0 0  aaa99995588a9885479aa78887937766aa6265a764934
389433 1 42 17 4 3 1 1 0 0  aaa99995588a9885479aa78887927466aa6365a763974
389462 1 42 17 5 2 1 0 0 0  aaa99995488a9884479aa78887967576aa3765a663925
389464 1 42 17 5 2 2 0 0 0  aaa99994588a9883579aa78887967576aa5763a664924
389498 1 42 17 6 2 1 0 0 0  aaa99995488a9884479aa68887977576aa3765a663925
389500 1 42 17 6 2 2 0 0 0  aaa99994588a9883579aa68887977576aa5763a664924
389540 1 42 17 7 3 1 0 0 0  aaa99997588a9884479aa78887967476aa3666a555932
389762 1 42 18 2 4 1 0 0 0  aaa99995788a9888479aa77388945756aa6675a663942
389788 1 42 18 3 2 2 0 0 0  aaa99996488a9888379aa77788966675aa3576a545924
389861 1 42 18 5 2 2 1 0 0  aaa99995688a9888679aa77488935766aa6275a754934
389918 1 42 18 7 0 1 0 0 0  aaa99997588a9888479aa77388966746aa4576a655932
389924 1 42 18 7 1 1 0 0 0  aaa99997488a9888379aa77388956766aa6576a545924
389940 1 42 18 7 4 0 0 0 0  aaa99997588a9888379aa77388955746aa6674a662954
389942 1 42 18 7 4 1 0 0 0  aaa99997488a9888379aa77388945756aa6675a662945
389954 1 42 18 8 0 1 0 0 0  aaa99997588a9888479aa77788966346aa4576a655932
389976 1 42 18 8 4 0 0 0 0  aaa99997588a9888479aa77788945526aa6675a663943
389978 1 42 18 8 4 1 0 0 0  aaa99997588a9888379aa77788955546aa6674a663924
390104 1 42 19 1 1 1 0 0 0  aaa99996588a9885479aa78787966377aa3865a644925
390106 1 42 19 1 1 2 0 0 0  aaa99996588a9884579aa78787966577aa5863a644923
390112 1 42 19 1 2 2 0 0 0  aaa99995488a9885379aa78787966677aa3865a644925
390124 1 42 19 1 4 2 0 0 0  aaa99995488a9885379aa78787966377aa2865a644965
390128 1 42 19 1 5 1 0 0 0  aaa99996588a9886479aa78787956377aa3856a464952
390130 1 42 19 1 5 2 0 0 0  aaa99996588a9886579aa78787946577aa5836a464932
390250 1 42 19 5 1 2 0 0 0  aaa99995488a9885379aa78787967366aa6865a744925
390290 1 42 19 6 2 1 0 0 0  aaa99995488a9884479aa68587975776aa3867a663925
390292 1 42 19 6 2 2 0 0 0  aaa99994588a9883579aa68587973776aa5867a664924
390341 1 42 19 7 4 2 1 0 0  aaa99996788a9886679aa78787946533aa5846a725945
390362 1 42 19 8 2 1 0 0 0  aaa99995488a9884479aa68787977576aa3865a663925
390364 1 42 19 8 2 2 0 0 0  aaa99994588a9883579aa68787977576aa5863a664924
390398 1 42 19 9 2 1 0 0 0  aaa99995488a9884479aa68587977776aa3865a663925
390400 1 42 19 9 2 2 0 0 0  aaa99994588a9883579aa68587977776aa5863a664924
390437 1 42 19 10 2 2 1 0 0  aaa99997588a9887569aa68683937544aa4867a675927
390456 1 42 20 0 0 0 0 0 0  aaa99997788a9888529aa77887966765aa5564a364934
390457 1 42 20 0 0 0 1 0 0  aaa99997788a9888529aa77887966765aa5363a564944
390480 1 42 20 0 4 0 0 0 0  aaa99997788a9888439aa77887953764aa6666a554925
390564 1 42 20 3 0 0 0 0 0  aaa99997488a9888379aa67887975766aa3565a465942
390657 1 42 20 5 3 1 1 0 0  aaa99995588a9888479aa77887935766aa6265a764934
390686 1 42 20 6 2 1 0 0 0  aaa99994488a9888579aa65887977476aa3765a663925
390688 1 42 20 6 2 2 0 0 0  aaa99994588a9888579aa63887977576aa5763a664924
390710 1 42 20 7 0 1 0 0 0  aaa99997588a9888479aa77887966365aa3564a765924
390720 1 42 20 7 2 0 0 0 0  aaa99997588a9888479aa77887966654aa5536a764932
390726 1 42 20 7 3 0 0 0 0  aaa99997588a9888479aa77887966654aa5563a764923
391053 1 42 21 5 3 1 1 0 0  aaa99995588a9888879aa77487935766aa6265a764934
391106 1 42 21 7 0 1 0 0 0  aaa99997588a9888879aa77487966365aa3564a765924
391116 1 42 21 7 2 0 0 0 0  aaa99997588a9888879aa77487966654aa5536a764932
391122 1 42 21 7 3 0 0 0 0  aaa99997588a9888879aa77487966654aa5563a764923
391629 1 42 22 10 3 1 1 0 0  aaa99995568a9766489aa35688988827aa4765a777934
391652 1 43 0 0 1 1 0 0 0  aaa99999588a9775479aa85386976678aa3788a662445
391654 1 43 0 0 1 2 0 0 0  aaa99999588a9774579aa83586976678aa5788a662443
391674 1 43 0 0 5 0 0 0 0  aaa99999588a9776479aa86384976478aa3788a565526
391679 1 43 0 0 5 2 1 0 0  aaa99999588a9776579aa86582976578aa4788a364634
391718 1 43 0 2 0 1 0 0 0  aaa99999688a9777569aa86384974678aa3788a562554
391722 1 43 0 2 1 0 0 0 0  aaa99999588a9777469aa86684975478aa3788a663552
391724 1 43 0 2 1 1 0 0 0  aaa99999588a9777469aa86685975578aa3788a663442
391736 1 43 0 2 3 1 0 0 0  aaa99999588a9777469aa86686974478aa3788a563552
391742 1 43 0 2 4 1 0 0 0  aaa99999588a9777469aa84486976678aa3788a563552
391753 1 43 0 3 0 0 1 0 0  aaa99999588a9777769aa86487965528aa4788a363564
391771 1 43 0 3 3 0 1 0 0  aaa99999588a9777769aa86687965528aa4788a364534
391787 1 43 0 3 5 2 1 0 0  aaa99999588a9777729aa86587946538aa3788a465646
391790 1 43 0 4 0 1 0 0 0  aaa99999588a9777469aa86387965378aa2788a464565
391796 1 43 0 4 1 1 0 0 0  aaa99999588a9777469aa86687965378aa3788a652445
391798 1 43 0 4 1 2 0 0 0  aaa99999588a9777569aa86687964578aa5788a644332
391800 1 43 0 4 2 0 0 0 0  aaa99999588a9777469aa86687954578aa3788a563624
391802 1 43 0 4 2 1 0 0 0  aaa99999588a9777469aa86687955578aa3788a464632
391808 1 43 0 4 3 1 0 0 0  aaa99999588a9777469aa86687964478aa3788a563552
391814 1 43 0 4 4 1 0 0 0  aaa99999588a9777469aa85387966678aa3788a652445
391816 1 43 0 4 4 2 0 0 0  aaa99999588a9777569aa84587966678aa5788a644332
391820 1 43 0 4 5 1 0 0 0  aaa99999588a9777459aa86387956578aa3788a464626
391826 1 43 0 5 0 1 0 0 0  aaa99999588a9777469aa86386974468aa3788a567552
391841 1 43 0 5 2 2 1 0 0  aaa99999588a9777569aa86684974428aa5788a367635
391843 1 43 0 5 3 0 1 0 0  aaa99999588a9777469aa86686975528aa4788a367534
391859 1 43 0 5 5 2 1 0 0  aaa99999588a9777549aa86584976428aa5788a367636
391891 1 43 0 6 5 0 1 0 0  aaa99999688a9777729aa87685957658aa6488a446533
391908 1 43 0 7 2 0 0 0 0  aaa99999588a9777469aa87386976348aa4788a565526
391913 1 43 0 7 2 2 1 0 0  aaa99999588a9777569aa87586976528aa4788a364634
391931 1 43 0 7 5 2 1 0 0  aaa99999688a9777659aa87685975528aa6788a436443
391934 1 43 0 8 0 1 0 0 0  aaa99999588a9777769aa86486974468aa3788a563552
391949 1 43 0 8 2 2 1 0 0  aaa99999588a9777769aa86684974428aa5788a365635
391951 1 43 0 8 3 0 1 0 0  aaa99999588a9777769aa86686975528aa4788a364534
391967 1 43 0 8 5 2 1 0 0  aaa99999588a9777749aa86584976428aa5788a365636
392015 1 43 0 10 1 2 1 0 0  aaa99999588a9667629aa87586947538aa3688a475747
392017 1 43 0 10 2 0 1 0 0  aaa99999688a9667629aa87685957458aa4388a573747
392027 1 43 0 10 3 2 1 0 0  aaa99999588a9667649aa87584967428aa5688a375737
392035 1 43 0 10 5 0 1 0 0  aaa99999688a9557649aa87684947628aa6588a373757
392111 1 43 1 1 5 2 1 0 0  aaa99999588a9877739aa86573976587aa8486a464652
392156 1 43 1 3 1 1 0 0 0  aaa99999588a9857479aa87377976386aa8686a644552
392162 1 43 1 3 2 1 0 0 0  aaa99999588a9867479aa87377975386aa8685a644625
392164 1 43 1 3 2 2 0 0 0  aaa99999588a9867579aa87577974586aa8683a644623
392168 1 43 1 3 3 1 0 0 0  aaa99999588a9867479aa87377975386aa8686a652445
392170 1 43 1 3 3 2 0 0 0  aaa99999588a9867579aa87577974586aa8686a644332
392212 1 43 1 4 4 2 0 0 0  aaa99999488a9877779aa85376975386aa8685a662445
392330 1 43 1 8 0 1 0 0 0  aaa99999588a9866479aa87377976387aa8685a652445
392332 1 43 1 8 0 2 0 0 0  aaa99999588a9866579aa87577976587aa8684a644332
392338 1 43 1 8 1 2 0 0 0  aaa99999488a9866679aa87377975387aa8685a652445
392356 1 43 1 8 4 2 0 0 0  aaa99999488a9865379aa87377975287aa8685a666445
392360 1 43 1 8 5 1 0 0 0  aaa99999588a9846479aa87477976387aa8586a565632
392450 1 43 2 0 2 1 0 0 0  aaa99999588a9877469aa87776976385aa3588a465642
392452 1 43 2 0 2 2 0 0 0  aaa99999588a9877569aa87776976584aa5388a463642
392456 1 43 2 0 3 1 0 0 0  aaa99999588a9877469aa87776976385aa3688a545624
392458 1 43 2 0 3 2 0 0 0  aaa99999588a9877569aa87776976584aa5688a433642
392466 1 43 2 0 5 0 0 0 0  aaa99999588a9877449aa87772975486aa3688a666553
392468 1 43 2 0 5 1 0 0 0  aaa99999488a9877359aa87775975386aa2688a666445
392474 1 43 2 1 0 1 0 0 0  aaa99999588a9877769aa86476974487aa3688a555632
392489 1 43 2 1 2 2 1 0 0  aaa99999588a9877769aa86673973587aa5488a464652
392522 1 43 2 2 2 1 0 0 0  aaa99999588a9877769aa87476976385aa3588a465642
392524 1 43 2 2 2 2 0 0 0  aaa99999588a9877769aa87576976584aa5388a463642
392556 1 43 2 3 2 0 0 0 0  aaa99999588a9867479aa87377975586aa3688a652464
392558 1 43 2 3 2 1 0 0 0  aaa99999588a9867579aa87477975586aa3688a644632
392564 1 43 2 3 3 1 0 0 0  aaa99999588a9867479aa87377975386aa6688a652445
392566 1 43 2 3 3 2 0 0 0  aaa99999588a9867579aa87577974586aa6688a644332
392570 1 43 2 3 4 1 0 0 0  aaa99999588a9857479aa87377974486aa6688a663552
392576 1 43 2 3 5 1 0 0 0  aaa99999588a9857479aa87377974486aa3688a666552
392652 1 43 2 6 0 0 0 0 0  aaa99999588a9866479aa87777976386aa3488a654552
392654 1 43 2 6 0 1 0 0 0  aaa99999588a9866479aa87777976386aa3588a655442
392724 1 43 2 8 0 0 0 0 0  aaa99999588a9866479aa87377976387aa2588a656445
392726 1 43 2 8 0 1 0 0 0  aaa99999588a9866579aa87477976387aa3688a655442
392732 1 43 2 8 1 1 0 0 0  aaa99999588a9866679aa87477975387aa3688a652445
392734 1 43 2 8 1 2 0 0 0  aaa99999588a9866679aa87577974587aa5688a644332
392736 1 43 2 8 2 0 0 0 0  aaa99999588a9866679aa87477976387aa3588a562454
392738 1 43 2 8 2 1 0 0 0  aaa99999588a9866679aa87477976387aa3588a565442
392742 1 43 2 8 3 0 0 0 0  aaa99999588a9866679aa87477976387aa3488a654552
392744 1 43 2 8 3 1 0 0 0  aaa99999588a9866679aa87477976387aa3588a655442
392750 1 43 2 8 4 1 0 0 0  aaa99999588a9865479aa87377975387aa2688a666445
392752 1 43 2 8 4 2 0 0 0  aaa99999588a9864579aa87577973587aa2688a666443
392756 1 43 2 8 5 1 0 0 0  aaa99999588a9846479aa87477976387aa3588a565626
392760 1 43 2 9 0 0 0 0 0  aaa99999588a9866479aa86777977386aa3488a654552
392762 1 43 2 9 0 1 0 0 0  aaa99999588a9866479aa86777977386aa3588a655442
392796 1 43 2 10 0 0 0 0 0  aaa99999588a9866479aa86377977786aa3488a654552
392798 1 43 2 10 0 1 0 0 0  aaa99999588a9866479aa86377977786aa3588a655442
392837 1 43 3 0 0 2 1 0 0  aaa99999688a9877529aa87787976636aa5388a465445
392856 1 43 3 0 4 0 0 0 0  aaa99999588a9877449aa87787975426aa6688a663553
392857 1 43 3 0 4 0 1 0 0  aaa99999588a9877439aa87787975326aa6688a664554
392858 1 43 3 0 4 1 0 0 0  aaa99999588a9877459aa87787975526aa6688a663443
392861 1 43 3 0 4 2 1 0 0  aaa99999588a9877549aa87787974426aa6688a665353
392863 1 43 3 0 5 0 1 0 0  aaa99999588a9877429aa87787975536aa3688a666544
392867 1 43 3 0 5 2 1 0 0  aaa99999588a9877529aa87787974536aa3688a666454
392930 1 43 3 2 4 1 0 0 0  aaa99999588a9877759aa87487975526aa6688a663443
392933 1 43 3 2 4 2 1 0 0  aaa99999588a9877749aa87587974426aa6688a665353
392939 1 43 3 2 5 2 1 0 0  aaa99999588a9877729aa87587974536aa3688a666454
393002 1 43 3 4 4 1 0 0 0  aaa99999588a9877779aa85487975326aa6688a663445
393004 1 43 3 4 4 2 0 0 0  aaa99999588a9877779aa84587973526aa6688a665443
393026 1 43 3 5 2 1 0 0 0  aaa99999588a9877769aa87486976365aa3688a755442
393042 1 43 3 5 5 0 0 0 0  aaa99999688a9877729aa87685975653aa6388a746544
393043 1 43 3 5 5 0 1 0 0  aaa99999688a9877729aa87685975654aa6488a746533
393047 1 43 3 5 5 2 1 0 0  aaa99999688a9877749aa87684974625aa6588a755363
393048 1 43 3 6 0 0 0 0 0  aaa99999588a9866479aa86387977375aa5788a656442
393050 1 43 3 6 0 1 0 0 0  aaa99999588a9866579aa86487977376aa3788a655442
393056 1 43 3 6 1 1 0 0 0  aaa99999588a9866679aa85487977376aa3788a652445
393058 1 43 3 6 1 2 0 0 0  aaa99999588a9866679aa84587977576aa5788a644332
393062 1 43 3 6 2 1 0 0 0  aaa99999588a9866679aa86487977375aa3788a565442
393068 1 43 3 6 3 1 0 0 0  aaa99999588a9866679aa86487977375aa3788a655442
393074 1 43 3 6 4 1 0 0 0  aaa99999588a9865479aa85387977376aa2788a666445
393076 1 43 3 6 4 2 0 0 0  aaa99999588a9864579aa83587977576aa2788a666443
393080 1 43 3 6 5 1 0 0 0  aaa99999588a9846479aa86487977375aa3788a565626
393120 1 43 3 8 0 0 0 0 0  aaa99999588a9866479aa86787977376aa3488a654552
393122 1 43 3 8 0 1 0 0 0  aaa99999588a9866479aa86787977376aa3588a655442
393156 1 43 3 9 0 0 0 0 0  aaa99999588a9866479aa86387977776aa3488a654552
393158 1 43 3 9 0 1 0 0 0  aaa99999588a9866479aa86387977776aa3588a655442
393206 1 43 3 10 2 1 0 0 0  aaa99999588a9847469aa87486967365aa3688a575727
393232 1 43 4 0 0 2 0 0 0  aaa99999688a9877429aa87787976665aa3586a545834
393238 1 43 4 0 1 2 0 0 0  aaa99999488a9877369aa87787976665aa3586a545824
393252 1 43 4 0 4 0 0 0 0  aaa99999588a9877449aa87787972456aa6685a663835
393253 1 43 4 0 4 0 1 0 0  aaa99999488a9877459aa87787975456aa6685a663832
393254 1 43 4 0 4 1 0 0 0  aaa99999588a9877359aa87787975546aa6684a663824
393257 1 43 4 0 4 2 1 0 0  aaa99999588a9877549aa87787974436aa6683a665852
393259 1 43 4 0 5 0 1 0 0  aaa99999588a9877429aa87787975536aa3685a666844
393263 1 43 4 0 5 2 1 0 0  aaa99999588a9877529aa87787974536aa3684a666854
393310 1 43 4 2 1 2 0 0 0  aaa99999488a9877769aa87387976665aa3586a545824
393326 1 43 4 2 4 1 0 0 0  aaa99999588a9877759aa87387975546aa6684a663824
393329 1 43 4 2 4 2 1 0 0  aaa99999588a9877749aa87587974436aa6683a665852
393335 1 43 4 2 5 2 1 0 0  aaa99999588a9877729aa87587974536aa3684a666854
393398 1 43 4 4 4 1 0 0 0  aaa99999488a9877779aa85387974456aa6685a663825
393400 1 43 4 4 4 2 0 0 0  aaa99999588a9877779aa84587973546aa6684a665823
393422 1 43 4 5 2 1 0 0 0  aaa99999588a9877769aa87486976365aa3684a755824
393439 1 43 4 5 5 0 1 0 0  aaa99999688a9877759aa87685974655aa6284a746833
393443 1 43 4 5 5 2 1 0 0  aaa99999688a9877739aa87685973654aa6585a744862
393444 1 43 4 6 0 0 0 0 0  aaa99999588a9866479aa86387977375aa5784a656824
393446 1 43 4 6 0 1 0 0 0  aaa99999588a9866579aa86487977376aa3784a655824
393452 1 43 4 6 1 1 0 0 0  aaa99999588a9866679aa85487977376aa3785a644825
393454 1 43 4 6 1 2 0 0 0  aaa99999588a9866679aa84587977576aa5783a644823
393458 1 43 4 6 2 1 0 0 0  aaa99999588a9866679aa86487977375aa3786a545824
393460 1 43 4 6 2 2 0 0 0  aaa99999588a9866679aa86587977574aa5786a433842
393464 1 43 4 6 3 1 0 0 0  aaa99999588a9866679aa86487977375aa3784a655824
393470 1 43 4 6 4 1 0 0 0  aaa99999588a9865479aa84487977376aa3785a666825
393472 1 43 4 6 4 2 0 0 0  aaa99999588a9864579aa83587977576aa4783a666824
393476 1 43 4 6 5 1 0 0 0  aaa99999588a9846479aa86487977375aa3786a565826
393532 1 43 4 8 2 2 0 0 0  aaa99999488a9866679aa86787977375aa3586a545824
393568 1 43 4 9 2 2 0 0 0  aaa99999488a9866679aa86387977775aa3586a545824
393602 1 43 4 10 2 1 0 0 0  aaa99999588a9847469aa87486967365aa3687a575827
393624 1 43 5 0 0 0 0 0 0  aaa99999588a9877479aa88386976375aa5687a546624
393626 1 43 5 0 0 1 0 0 0  aaa99999588a9877579aa88486976376aa3687a545624
393638 1 43 5 0 2 1 0 0 0  aaa99999588a9877479aa88386976675aa3587a465642
393640 1 43 5 0 2 2 0 0 0  aaa99999588a9877579aa88586976674aa5387a463642
393644 1 43 5 0 3 1 0 0 0  aaa99999588a9877479aa88386976675aa3687a545624
393646 1 43 5 0 3 2 0 0 0  aaa99999588a9877579aa88586976674aa5687a433642
393648 1 43 5 0 4 0 0 0 0  aaa99999588a9877479aa88384975476aa6687a663552
393650 1 43 5 0 4 1 0 0 0  aaa99999588a9877479aa88385975576aa6687a663442
393654 1 43 5 0 5 0 0 0 0  aaa99999588a9877479aa88384975476aa3687a666552
393656 1 43 5 0 5 1 0 0 0  aaa99999588a9877479aa88385975576aa3687a666442
393696 1 43 5 2 0 0 0 0 0  aaa99999488a9877779aa88386976365aa6487a564525
393698 1 43 5 2 0 1 0 0 0  aaa99999488a9877779aa88386976365aa6587a562454
393720 1 43 5 2 4 0 0 0 0  aaa99999488a9877779aa88385975356aa6687a662445
393726 1 43 5 2 5 0 0 0 0  aaa99999488a9877779aa88385975356aa2687a666445
393794 1 43 5 4 4 1 0 0 0  aaa99999488a9877779aa88387975356aa6685a662445
393796 1 43 5 4 4 2 0 0 0  aaa99999588a9877779aa88587974546aa6684a665332
393818 1 43 5 5 2 1 0 0 0  aaa99999588a9877769aa88486976365aa3687a755442
393834 1 43 5 5 5 0 0 0 0  aaa99999688a9877729aa88685975653aa6387a746544
393835 1 43 5 5 5 0 1 0 0  aaa99999688a9877729aa88685975654aa6487a746533
393839 1 43 5 5 5 2 1 0 0  aaa99999688a9877749aa88684974625aa6587a755363
393840 1 43 5 6 0 0 0 0 0  aaa99999588a9866479aa88387977375aa5786a656442
393842 1 43 5 6 0 1 0 0 0  aaa99999588a9866579aa88487977376aa3786a655442
393848 1 43 5 6 1 1 0 0 0  aaa99999588a9866679aa88487977376aa3785a652445
393850 1 43 5 6 1 2 0 0 0  aaa99999588a9866679aa88587977576aa5784a644332
393854 1 43 5 6 2 1 0 0 0  aaa99999588a9866679aa88487977375aa3786a565442
393860 1 43 5 6 3 1 0 0 0  aaa99999588a9866679aa88487977375aa3786a655442
393866 1 43 5 6 4 1 0 0 0  aaa99999588a9865479aa88387977376aa2785a666445
393868 1 43 5 6 4 2 0 0 0  aaa99999588a9864579aa88587977576aa2783a666443
393872 1 43 5 6 5 1 0 0 0  aaa99999588a9846479aa88487977375aa3786a565626
393912 1 43 5 8 0 0 0 0 0  aaa99999588a9866479aa88787977376aa3486a654552
393914 1 43 5 8 0 1 0 0 0  aaa99999588a9866479aa88787977376aa3586a655442
393948 1 43 5 9 0 0 0 0 0  aaa99999588a9866479aa88387977776aa3486a654552
393950 1 43 5 9 0 1 0 0 0  aaa99999588a9866479aa88387977776aa3586a655442
393998 1 43 5 10 2 1 0 0 0  aaa99999588a9847469aa88486967365aa3687a575727
394020 1 43 6 0 0 0 0 0 0  aaa99999688a9877529aa87787976663aa8386a545544
394044 1 43 6 0 4 0 0 0 0  aaa99999588a9877329aa87787975566aa8484a666534
394045 1 43 6 0 4 0 1 0 0  aaa99999588a9877429aa87787975566aa8383a666544
394049 1 43 6 0 4 2 1 0 0  aaa99999488a9877439aa87787975366aa8285a666545
394050 1 43 6 0 5 0 0 0 0  aaa99999588a9877329aa87787975546aa8684a666534
394051 1 43 6 0 5 0 1 0 0  aaa99999588a9877429aa87787975536aa8683a666544
394055 1 43 6 0 5 2 1 0 0  aaa99999488a9877439aa87787975326aa8685a666545
394121 1 43 6 2 4 2 1 0 0  aaa99999488a9877739aa87487975366aa8285a666545
394127 1 43 6 2 5 2 1 0 0  aaa99999488a9877739aa87487975326aa8685a666545
394157 1 43 6 3 4 2 1 0 0  aaa99999788a9835479aa85787977466aa8285a666534
394163 1 43 6 3 5 2 1 0 0  aaa99999788a9835479aa85787977426aa8685a666534
394180 1 43 6 4 2 2 0 0 0  aaa99999488a9877779aa85387975362aa8686a656445
394192 1 43 6 4 4 2 0 0 0  aaa99999488a9877779aa85387975366aa8285a666445
394198 1 43 6 4 5 2 0 0 0  aaa99999488a9877779aa85387975326aa8685a666445
394235 1 43 6 5 5 2 1 0 0  aaa99999588a9877729aa87584976543aa8486a763656
394238 1 43 6 6 0 1 0 0 0  aaa99999588a9866479aa86387977376aa8785a652445
394240 1 43 6 6 0 2 0 0 0  aaa99999588a9866579aa86587977576aa8784a644332
394246 1 43 6 6 1 2 0 0 0  aaa99999488a9866679aa85387977376aa8785a652445
394264 1 43 6 6 4 2 0 0 0  aaa99999488a9865379aa85387977276aa8785a666445
394268 1 43 6 6 5 1 0 0 0  aaa99999588a9846479aa86487977375aa8786a565632
394389 1 43 6 10 1 1 1 0 0  aaa99999688a9837469aa87686967455aa8287a575734
394391 1 43 6 10 1 2 1 0 0  aaa99999688a9837469aa87686967425aa8587a575734
394394 1 43 6 10 2 1 0 0 0  aaa99999588a9847469aa87486967365aa8687a575732
394400 1 43 6 10 3 1 0 0 0  aaa99999488a9847469aa87686967365aa8587a573752
394406 1 43 6 10 4 1 0 0 0  aaa99999488a9847469aa87386967665aa8587a573752
394410 1 43 6 10 5 0 0 0 0  aaa99999688a9857629aa87685957653aa8387a476744
394415 1 43 6 10 5 2 1 0 0  aaa99999688a9837649aa87684947625aa8587a575736
394466 1 43 7 1 2 1 0 0 0  aaa99999488a9885379aa78776966387aa2758a644565
394468 1 43 7 1 2 2 0 0 0  aaa99999588a9884579aa78776966587aa5738a644362
394562 1 43 7 4 0 1 0 0 0  aaa99999488a9887379aa78766957386aa2568a576454
394564 1 43 7 4 0 2 0 0 0  aaa99999588a9887579aa78766947586aa5468a476332
394568 1 43 7 4 1 1 0 0 0  aaa99999588a9887479aa78766967386aa3258a576454
394570 1 43 7 4 1 2 0 0 0  aaa99999588a9887579aa78766967586aa5448a376432
394718 1 43 7 8 2 1 0 0 0  aaa99999488a9885379aa68777974487aa3658a662565
394720 1 43 7 8 2 2 0 0 0  aaa99999588a9884579aa68777973587aa5648a662463
394724 1 43 7 8 3 1 0 0 0  aaa99999488a9886379aa58777974487aa3668a566525
394766 1 43 7 9 4 1 0 0 0  aaa99999488a9884479aa58777977386aa6658a663525
394772 1 43 7 9 5 1 0 0 0  aaa99999488a9884479aa58777977386aa3658a666525
394850 1 43 8 1 0 1 0 0 0  aaa99999588a9877769aa86488964477aa3576a655832
394936 1 43 8 3 2 2 0 0 0  aaa99999488a9866679aa86388977775aa3576a545824
394958 1 43 8 4 0 1 0 0 0  aaa99999588a9877769aa86488964475aa3776a655832
395002 1 43 8 5 1 2 0 0 0  aaa99999488a9877769aa87388976665aa3576a545824
395018 1 43 8 5 4 1 0 0 0  aaa99999588a9877759aa87388975546aa6674a663824
395021 1 43 8 5 4 2 1 0 0  aaa99999588a9877749aa87588974436aa6673a665852
395027 1 43 8 5 5 2 1 0 0  aaa99999588a9877729aa87588974536aa3674a666854
395054 1 43 8 6 4 1 0 0 0  aaa99999488a9875379aa84488977756aa6675a663825
395056 1 43 8 6 4 2 0 0 0  aaa99999588a9874579aa83588977746aa6674a665823
395208 1 43 9 0 0 0 0 0 0  aaa99999688a9877529aa87787976665aa5846a534843
395209 1 43 9 0 0 0 1 0 0  aaa99999688a9877529aa87787976665aa5846a453843
395211 1 43 9 0 0 1 1 0 0  aaa99999688a9877429aa87787976665aa5836a554834
395213 1 43 9 0 0 2 1 0 0  aaa99999688a9877429aa87787976665aa4836a555834
395233 1 43 9 0 4 0 1 0 0  aaa99999588a9877429aa87787975566aa4835a666834
395419 1 43 9 5 5 0 1 0 0  aaa99999688a9877729aa87685974655aa6874a546833
395423 1 43 9 5 5 2 1 0 0  aaa99999688a9877749aa87684974635aa6873a555862
395490 1 43 9 7 5 0 0 0 0  aaa99999788a9877729aa87685975653aa6844a356864
395491 1 43 9 7 5 0 1 0 0  aaa99999788a9877729aa87685975654aa6833a446865
395496 1 43 9 8 0 0 0 0 0  aaa99999588a9866479aa86787977376aa3845a655842
395498 1 43 9 8 0 1 0 0 0  aaa99999588a9866479aa86787977376aa3845a652845
395504 1 43 9 8 1 1 0 0 0  aaa99999488a9866679aa85787977376aa3855a644825
395532 1 43 9 9 0 0 0 0 0  aaa99999588a9866479aa86387977776aa3845a655842
395534 1 43 9 9 0 1 0 0 0  aaa99999588a9866479aa86387977776aa3845a652845
395628 1 43 10 0 4 0 0 0 0  aaa99999588a9887729aa78787957546aa6648a663543
395629 1 43 10 0 4 0 1 0 0  aaa99999588a9887729aa78787957536aa6638a664544
395633 1 43 10 0 4 2 1 0 0  aaa99999488a9887739aa78787957326aa6658a664554
395635 1 43 10 0 5 0 1 0 0  aaa99999588a9887729aa78787957536aa4638a666544
395639 1 43 10 0 5 2 1 0 0  aaa99999488a9887729aa78787957436aa3658a666554
395803 1 43 10 5 3 0 1 0 0  aaa99999588a9885579aa78787937466aa6268a764534
395809 1 43 10 5 4 0 1 0 0  aaa99999588a9885579aa78787937426aa4668a766534
395824 1 43 10 6 0 2 0 0 0  aaa99999688a9886679aa58487977376aa3758a562454
395832 1 43 10 6 2 0 0 0 0  aaa99999588a9884479aa68487977376aa3758a662565
395834 1 43 10 6 2 1 0 0 0  aaa99999588a9885579aa68587977476aa3768a663442
395840 1 43 10 6 3 1 0 0 0  aaa99999588a9884479aa68487977376aa6758a663552
395846 1 43 10 6 4 1 0 0 0  aaa99999588a9884479aa68487977376aa3758a666552
395852 1 43 10 6 5 1 0 0 0  aaa99999588a9884479aa68487977375aa3768a655662
395918 1 43 10 8 4 1 0 0 0  aaa99999488a9884479aa58787977376aa6658a663525
395924 1 43 10 8 5 1 0 0 0  aaa99999488a9884479aa58787977376aa3658a666525
395978 1 43 10 10 2 1 0 0 0  aaa99999588a9884469aa78486976365aa3678a755772
396397 1 43 12 0 0 0 1 0 0  aaa99999488a9887729aa78776967465aa6558a633548
396446 1 43 12 1 2 1 0 0 0  aaa99999488a9884479aa78776966375aa3728a655568
396627 1 43 12 6 2 1 1 0 0  aaa99999488a9882479aa78777957566aa6358a663548
396639 1 43 12 6 4 1 1 0 0  aaa99999488a9883379aa78777957526aa6658a664548
396641 1 43 12 6 4 2 1 0 0  aaa99999488a9883379aa78777957426aa6658a664558
396645 1 43 12 6 5 1 1 0 0  aaa99999488a9882479aa78777957536aa3658a666548
396649 1 43 12 7 0 0 1 0 0  aaa99999788a9886679aa78776956524aa6478a345538
396689 1 43 12 8 0 2 1 0 0  aaa99999688a9886679aa58777972437aa3658a564548
396749 1 43 12 9 4 2 1 0 0  aaa99999488a9883379aa58777977426aa6658a664558
396771 1 43 12 10 2 1 1 0 0  aaa99999488a9882479aa58577977766aa6358a663548
396783 1 43 12 10 4 1 1 0 0  aaa99999488a9883379aa58577977726aa6658a664548
396785 1 43 12 10 4 2 1 0 0  aaa99999488a9883379aa58477977726aa6658a664558
396789 1 43 12 10 5 1 1 0 0  aaa99999488a9882479aa58577977736aa3658a666548
396850 1 43 13 1 3 2 0 0 0  aaa99999588a9886579aa78877966644aa5268a774353
396851 1 43 13 1 3 2 1 0 0  aaa99999588a9886579aa78877966624aa5468a774353
396858 1 43 13 1 5 0 0 0 0  aaa99999688a9884679aa78877955633aa6258a776445
396859 1 43 13 1 5 0 1 0 0  aaa99999688a9885679aa78877955642aa6448a776353
396862 1 43 13 1 5 2 0 0 0  aaa99999688a9885679aa78877935644aa6248a776535
396884 1 43 13 2 3 1 0 0 0  aaa99999488a9886379aa78877966657aa3568a545724
396919 1 43 13 3 3 0 1 0 0  aaa99999588a9885579aa78877937466aa6268a764534
396925 1 43 13 3 4 0 1 0 0  aaa99999588a9885579aa78877937426aa4668a766534
396948 1 43 13 4 2 0 0 0 0  aaa99999588a9886479aa78877966654aa5538a764732
396961 1 43 13 4 4 0 1 0 0  aaa99999588a9885579aa78877935426aa4668a766734
397310 1 43 14 3 2 1 0 0 0  aaa99999588a9885479aa77788968376aa3675a644625
397312 1 43 14 3 2 2 0 0 0  aaa99999588a9884579aa77788968576aa5673a644623
397375 1 43 14 5 1 0 1 0 0  aaa99999588a9886479aa77488938766aa6276a755534
397385 1 43 14 5 2 2 1 0 0  aaa99999688a9885679aa77488938766aa6275a754534
397421 1 43 14 6 2 2 1 0 0  aaa99999688a9885679aa77788938466aa6275a754534
397448 1 43 14 7 1 1 0 0 0  aaa99999488a9887379aa77388958766aa6576a545624
397459 1 43 14 7 3 0 1 0 0  aaa99999588a9887479aa77488938766aa6276a655534
397464 1 43 14 7 4 0 0 0 0  aaa99999588a9887479aa77388948756aa6675a663245
397465 1 43 14 7 4 0 1 0 0  aaa99999488a9887479aa77488958756aa6675a663532
397466 1 43 14 7 4 1 0 0 0  aaa99999588a9887379aa77388958746aa6674a662554
397484 1 43 14 8 1 1 0 0 0  aaa99999488a9887379aa77788948466aa6576a553652
397502 1 43 14 8 4 1 0 0 0  aaa99999588a9887379aa77788958346aa6674a662554
397596 1 43 15 0 2 0 0 0 0  aaa99999588a9877479aa88388975576aa3467a664562
397598 1 43 15 0 2 1 0 0 0  aaa99999588a9877579aa88488975576aa3627a644663
397604 1 43 15 0 3 1 0 0 0  aaa99999588a9877479aa88388974476aa6667a563552
397610 1 43 15 0 4 1 0 0 0  aaa99999588a9877479aa88388974476aa6657a663552
397616 1 43 15 0 5 1 0 0 0  aaa99999588a9877479aa88388974476aa3657a666552
397692 1 43 15 3 0 0 0 0 0  aaa99999588a9866479aa88388977776aa3476a654552
397694 1 43 15 3 0 1 0 0 0  aaa99999588a9866479aa88388977776aa3576a655442
397793 1 43 15 5 4 2 1 0 0  aaa99999588a9877729aa88588974536aa3676a676454
397795 1 43 15 5 5 0 1 0 0  aaa99999688a9877739aa88688973655aa6275a476445
397797 1 43 15 5 5 1 1 0 0  aaa99999688a9877739aa88688973652aa6575a476445
397798 1 43 15 5 5 2 0 0 0  aaa99999688a9877729aa88688975634aa6375a476545
397799 1 43 15 5 5 2 1 0 0  aaa99999688a9877729aa88688974635aa6573a575464
397826 1 43 15 6 4 1 0 0 0  aaa99999488a9875379aa88388977756aa6675a662445
397828 1 43 15 6 4 2 0 0 0  aaa99999588a9874579aa88588977746aa6674a665332
397982 1 43 16 0 0 1 0 0 0  aaa99999588a9877479aa88386976375aa2867a565464
397988 1 43 16 0 1 1 0 0 0  aaa99999588a9877479aa88386976675aa3867a655442
397994 1 43 16 0 2 1 0 0 0  aaa99999588a9877479aa88386976675aa3847a565642
398000 1 43 16 0 3 1 0 0 0  aaa99999588a9877479aa88386976675aa3867a565442
398004 1 43 16 0 4 0 0 0 0  aaa99999588a9877479aa88384975476aa3867a666552
398006 1 43 16 0 4 1 0 0 0  aaa99999588a9877479aa88385975576aa3867a666442
398191 1 43 16 5 5 0 1 0 0  aaa99999688a9877729aa88685974655aa6874a576433
398195 1 43 16 5 5 2 1 0 0  aaa99999688a9877739aa88683975624aa6875a474565
398198 1 43 16 6 0 1 0 0 0  aaa99999588a9866479aa88387976776aa3857a644552
398263 1 43 16 7 5 0 1 0 0  aaa99999788a9877729aa88685975654aa6837a446365
398270 1 43 16 8 0 1 0 0 0  aaa99999588a9866479aa88787977376aa3856a644552
398306 1 43 16 9 0 1 0 0 0  aaa99999588a9866479aa88387977776aa3856a644552
398468 1 43 17 2 3 1 0 0 0  aaa99999588a9885479aa78887967376aa3666a752445
398470 1 43 17 2 3 2 0 0 0  aaa99999588a9884579aa78887967576aa5666a744332
398541 1 43 17 4 3 1 1 0 0  aaa99999488a9885579aa78887927466aa6365a763574
398570 1 43 17 5 2 1 0 0 0  aaa99999588a9885479aa78887967376aa3765a662445
398572 1 43 17 5 2 2 0 0 0  aaa99999588a9884579aa78887967576aa5763a662443
398606 1 43 17 6 2 1 0 0 0  aaa99999588a9885479aa68887977376aa3765a662445
398608 1 43 17 6 2 2 0 0 0  aaa99999588a9884579aa68887977576aa5763a662443
398784 1 43 18 0 2 0 0 0 0  aaa99999588a9888479aa75588967376aa3675a672464
398786 1 43 18 0 2 1 0 0 0  aaa99999588a9888579aa75588967476aa3674a673624
398792 1 43 18 0 3 1 0 0 0  aaa99999588a9888479aa74488957376aa6676a673552
398798 1 43 18 0 4 1 0 0 0  aaa99999588a9888479aa74488957376aa3676a676552
398810 1 43 18 1 0 1 0 0 0  aaa99999488a9888379aa77388966775aa7665a552446
398880 1 43 18 3 0 0 0 0 0  aaa99999588a9888479aa77788966376aa3476a654552
398882 1 43 18 3 0 1 0 0 0  aaa99999588a9888479aa77788966376aa3576a655442
398959 1 43 18 5 1 0 1 0 0  aaa99999588a9888479aa77488936766aa6276a755534
398969 1 43 18 5 2 2 1 0 0  aaa99999688a9888679aa77488935766aa6275a754534
399004 1 43 18 6 2 2 0 0 0  aaa99999588a9888579aa77788966644aa5276a764353
399005 1 43 18 6 2 2 1 0 0  aaa99999588a9888579aa77788966624aa5476a764353
399054 1 43 18 7 5 0 0 0 0  aaa99999688a9888679aa77688955744aa6274a576335
399055 1 43 18 7 5 0 1 0 0  aaa99999688a9888679aa77688955742aa6474a576335
399082 1 43 18 8 3 2 0 0 0  aaa99999588a9888579aa77788966644aa5276a674353
399083 1 43 18 8 3 2 1 0 0  aaa99999588a9888579aa77788966624aa5476a674353
399090 1 43 18 8 5 0 0 0 0  aaa99999688a9888679aa77788955644aa6274a576335
399091 1 43 18 8 5 0 1 0 0  aaa99999688a9888679aa77788955642aa6474a576335
399212 1 43 19 1 1 1 0 0 0  aaa99999588a9886479aa78787966377aa3865a652445
399214 1 43 19 1 1 2 0 0 0  aaa99999588a9886579aa78787966577aa5864a644332
399220 1 43 19 1 2 2 0 0 0  aaa99999488a9885379aa78787966677aa3865a652445
399232 1 43 19 1 4 2 0 0 0  aaa99999488a9885379aa78787965677aa3865a644625
399238 1 43 19 1 5 2 0 0 0  aaa99999488a9885379aa78787965377aa2865a644665
399358 1 43 19 5 1 2 0 0 0  aaa99999488a9885379aa78787967366aa6865a752445
399398 1 43 19 6 2 1 0 0 0  aaa99999588a9885479aa68387975776aa3867a662445
399400 1 43 19 6 2 2 0 0 0  aaa99999588a9884579aa68587973776aa5867a662443
399470 1 43 19 8 2 1 0 0 0  aaa99999588a9885479aa68787977376aa3865a662445
399472 1 43 19 8 2 2 0 0 0  aaa99999588a9884579aa68787977576aa5863a662443
399506 1 43 19 9 2 1 0 0 0  aaa99999588a9885479aa68387977776aa3865a662445
399508 1 43 19 9 2 2 0 0 0  aaa99999588a9884579aa68587977776aa5863a662443
399600 1 43 20 1 0 0 0 0 0  aaa99999588a9888479aa77887966377aa3665a455246
399710 1 43 20 4 0 1 0 0 0  aaa99999588a9888479aa77887966376aa3756a644552
399782 1 43 20 6 0 1 0 0 0  aaa99999588a9888479aa66887977376aa3756a644552
399794 1 43 20 6 2 1 0 0 0  aaa99999588a9888479aa65887977376aa3765a662445
399796 1 43 20 6 2 2 0 0 0  aaa99999588a9888579aa64887977576aa5763a662443
399996 1 43 21 1 0 0 0 0 0  aaa99999588a9888879aa77487966377aa3665a455246
400000 0 43 21 1 0 2 0 0 0  aaa99999588a9888879aa77587966577aa5663a442346
400106 1 43 21 4 0 1 0 0 0  aaa99999588a9888879aa77487966376aa3756a644552
400358 1 43 22 0 0 1 0 0 0  aaa99999478a9766389aa76388988857aa7675a652445
400360 1 43 22 0 0 2 0 0 0  aaa99999578a9766589aa76588988847aa7674a645332
400366 1 43 22 0 1 2 0 0 0  aaa99999478a9766689aa75388988827aa7675a653445
400515 1 43 22 4 2 1 1 0 0  aaa99999478a9772489aa57588988866aa6357a663547
400527 1 43 22 4 4 1 1 0 0  aaa99999478a9773389aa57588988826aa6657a664547
400529 1 43 22 4 4 2 1 0 0  aaa99999478a9773389aa57488988826aa6657a664557
400533 1 43 22 4 5 1 1 0 0  aaa99999478a9772489aa57588988836aa3657a666547
400574 1 43 22 6 0 1 0 0 0  aaa99999578a9777489aa66388988867aa3764a562554
400586 1 43 22 6 2 1 0 0 0  aaa99999478a9777389aa66688988857aa3765a652445
400598 1 43 22 6 4 1 0 0 0  aaa99999478a9777389aa65688988857aa3765a644625
400753 1 44 0 0 0 0 1 0 0  aaa99999988a9776679aa82686736558aa5588a444737
400756 1 44 0 0 0 2 0 0 0  aaa99999988a9776679aa82686736448aa4588a555737
400757 1 44 0 0 0 2 1 0 0  aaa99999988a9776679aa82683766438aa4588a555747
400932 1 44 0 5 0 0 0 0 0  aaa99999988a9777569aa86486754568aa3788a563274
400951 1 44 0 5 3 0 1 0 0  aaa99999988a9777469aa86686755438aa3788a564275
401375 1 44 1 6 1 2 1 0 0  aaa99999988a9866679aa87777735486aa8285a654534
401566 1 44 2 0 3 2 0 0 0  aaa99999988a9877469aa87776576385aa3688a545624
401809 1 44 2 7 2 0 1 0 0  aaa99999988a9877769aa87562675584aa7688a644533
401813 1 44 2 7 2 2 1 0 0  aaa99999988a9877769aa87462675483aa7688a653545
401868 1 44 2 9 0 0 0 0 0  aaa99999988a9866579aa87477776386aa3488a654552
401870 1 44 2 9 0 1 0 0 0  aaa99999988a9866579aa87477776386aa3588a655442
401904 1 44 2 10 0 0 0 0 0  aaa99999988a9866579aa86477777386aa3488a654552
401906 1 44 2 10 0 1 0 0 0  aaa99999988a9866579aa86477777386aa3588a655442
401960 1 44 3 0 3 1 0 0 0  aaa99999988a9877469aa87787676356aa3588a545624
401971 1 44 3 0 5 0 1 0 0  aaa99999988a9877529aa87787675536aa3688a664544
401975 1 44 3 0 5 2 1 0 0  aaa99999988a9877529aa87787674536aa3688a665454
402047 1 44 3 2 5 2 1 0 0  aaa99999988a9877729aa87587674536aa3688a665454
402074 1 44 3 3 4 1 0 0 0  aaa99999988a9857479aa87587774426aa6688a663553
402228 1 44 3 8 0 0 0 0 0  aaa99999988a9866579aa87487776376aa3488a654552
402230 1 44 3 8 0 1 0 0 0  aaa99999988a9866579aa87487776376aa3588a655442
402341 1 44 4 0 0 2 1 0 0  aaa99999988a9877439aa87787676326aa6586a555844
402356 1 44 4 0 3 1 0 0 0  aaa99999988a9877469aa87787676356aa3586a545824
402367 1 44 4 0 5 0 1 0 0  aaa99999988a9877529aa87787675536aa3685a664844
402371 1 44 4 0 5 2 1 0 0  aaa99999988a9877529aa87787674536aa3684a665854
402443 1 44 4 2 5 2 1 0 0  aaa99999988a9877729aa87587674536aa3684a665854
402452 1 44 4 3 1 1 0 0 0  aaa99999988a9847479aa87487776366aa6586a553852
402457 1 44 4 3 2 0 1 0 0  aaa99999988a9837579aa87487775566aa6285a664834
402463 1 44 4 3 3 0 1 0 0  aaa99999988a9837579aa87487775566aa6286a654834
402469 1 44 4 3 4 0 1 0 0  aaa99999988a9837579aa87487775526aa6685a664834
402475 1 44 4 3 5 0 1 0 0  aaa99999988a9837579aa87487775526aa4685a666834
402640 1 44 4 8 2 2 0 0 0  aaa99999988a9866679aa87487776375aa3586a545824
402734 1 44 5 0 0 1 0 0 0  aaa99999988a9877579aa88486576376aa3687a545624
402736 1 44 5 0 0 2 0 0 0  aaa99999988a9877579aa88586476576aa5687a433642
402744 1 44 5 0 2 0 0 0 0  aaa99999988a9877579aa88486676376aa3487a654552
402746 1 44 5 0 2 1 0 0 0  aaa99999988a9877579aa88486676376aa3587a655442
402754 1 44 5 0 3 2 0 0 0  aaa99999988a9877479aa88386576675aa3687a545624
402762 1 44 5 0 5 0 0 0 0  aaa99999988a9877579aa88484675476aa3687a663552
402764 1 44 5 0 5 1 0 0 0  aaa99999988a9877579aa88485675576aa3687a663442
402834 1 44 5 2 5 0 0 0 0  aaa99999988a9877779aa88485675356aa3687a662445
402857 1 44 5 3 2 2 1 0 0  aaa99999988a9835779aa88787775466aa6285a664534
402863 1 44 5 3 3 2 1 0 0  aaa99999988a9835779aa88787775466aa6286a654534
402869 1 44 5 3 4 2 1 0 0  aaa99999988a9835779aa88787775426aa6685a664534
402875 1 44 5 3 5 2 1 0 0  aaa99999988a9835779aa88787775426aa4685a666534
402902 1 44 5 4 4 1 0 0 0  aaa99999988a9877779aa88487676356aa3685a652445
402948 1 44 5 6 0 0 0 0 0  aaa99999988a9866579aa88487776376aa3487a654552
402950 1 44 5 6 0 1 0 0 0  aaa99999988a9866579aa88487776376aa3587a655442
402984 1 44 5 7 0 0 0 0 0  aaa99999988a9877729aa88786675563aa6387a654454
403129 1 44 6 0 0 0 1 0 0  aaa99999988a9877429aa87787676466aa8585a533645
403158 1 44 6 0 5 0 0 0 0  aaa99999988a9877529aa87787675546aa8684a663534
403159 1 44 6 0 5 0 1 0 0  aaa99999988a9877529aa87787675536aa8683a664544
403163 1 44 6 0 5 2 1 0 0  aaa99999988a9877439aa87787675326aa8685a664545
403235 1 44 6 2 5 2 1 0 0  aaa99999988a9877739aa87487675326aa8685a664545
403289 1 44 6 4 2 2 1 0 0  aaa99999988a9877779aa85487676626aa8685a354534
403300 1 44 6 4 4 2 0 0 0  aaa99999988a9877779aa85487676326aa8685a653445
403306 1 44 6 4 5 2 0 0 0  aaa99999988a9877779aa85487675326aa8685a663445
403373 1 44 6 6 4 2 1 0 0  aaa99999988a9835479aa87787775466aa8285a666534
403379 1 44 6 6 5 2 1 0 0  aaa99999988a9835479aa87787775426aa8685a666534
403481 1 44 6 9 4 2 1 0 0  aaa99999988a9835479aa85787777466aa8285a666534
403487 1 44 6 9 5 2 1 0 0  aaa99999988a9835479aa85787777426aa8685a666534
403517 1 44 6 10 4 2 1 0 0  aaa99999988a9835479aa85487777766aa8285a666534
403523 1 44 6 10 5 2 1 0 0  aaa99999988a9835479aa85487777726aa8685a666534
403654 1 44 7 3 3 2 0 0 0  aaa99999988a9886479aa78377766685aa3568a545724
403921 1 44 8 0 0 0 1 0 0  aaa99999988a9877629aa87788776665aa5536a444835
403922 1 44 8 0 0 1 0 0 0  aaa99999988a9877629aa87788776665aa5546a534843
403923 1 44 8 0 0 1 1 0 0  aaa99999988a9877629aa87788776665aa5546a453843
403925 1 44 8 0 0 2 1 0 0  aaa99999988a9877629aa87788776665aa4536a554834
403957 1 44 8 1 0 0 1 0 0  aaa99999988a9877769aa86388774657aa6526a543854
404135 1 44 8 5 5 2 1 0 0  aaa99999988a9877729aa87588674536aa3674a665854
404136 1 44 8 6 0 0 0 0 0  aaa99999988a9866579aa86488777367aa3765a455842
404138 1 44 8 6 0 1 0 0 0  aaa99999988a9866579aa86488777367aa3764a555824
404185 1 44 8 7 2 0 1 0 0  aaa99999988a9877769aa87488676426aa7655a533845
404297 1 44 8 10 2 2 1 0 0  aaa99999988a9866629aa85488765437aa3765a777845
404317 1 44 9 0 0 0 1 0 0  aaa99999988a9877439aa87787676326aa6856a554845
404319 1 44 9 0 0 1 1 0 0  aaa99999988a9877439aa87787676326aa6856a555844
404321 1 44 9 0 0 2 1 0 0  aaa99999988a9877529aa87787676536aa6836a444855
404389 1 44 9 2 0 0 1 0 0  aaa99999988a9877769aa87687675534aa6835a644852
404604 1 44 9 8 0 0 0 0 0  aaa99999988a9866579aa87487776376aa3845a655842
404606 1 44 9 8 0 1 0 0 0  aaa99999988a9866579aa87487776376aa3845a652845
404717 1 44 10 0 0 2 1 0 0  aaa99999988a9887729aa78787667466aa4538a555634
404742 1 44 10 0 5 0 0 0 0  aaa99999988a9887729aa78787657546aa4658a665343
404743 1 44 10 0 5 0 1 0 0  aaa99999988a9887729aa78787657536aa5638a664544
404747 1 44 10 0 5 2 1 0 0  aaa99999988a9887729aa78787657436aa3658a664554
405110 1 44 11 0 0 1 0 0 0  aaa99999988a9888379aa75876565527aa8677a446643
405365 1 44 11 7 0 2 1 0 0  aaa99999988a9888579aa77876642536aa8376a475645
405415 1 44 11 8 3 0 1 0 0  aaa99999988a9888479aa57877676627aa8655a354634
405482 1 44 11 10 2 1 0 0 0  aaa99999988a9888479aa54877777365aa8662a566534
405484 1 44 11 10 2 2 0 0 0  aaa99999988a9888379aa45877777364aa8665a466525
405504 1 44 12 0 0 0 0 0 0  aaa99999988a9887729aa78776657563aa6358a645448
405578 1 44 12 2 0 1 0 0 0  aaa99999988a9886679aa78776556527aa6578a344438
405627 1 44 12 3 2 1 1 0 0  aaa99999988a9882479aa78477766655aa5368a653748
405629 1 44 12 3 2 2 1 0 0  aaa99999988a9882479aa78477766635aa3568a655748
405639 1 44 12 3 4 1 1 0 0  aaa99999988a9883379aa78477755526aa6658a664748
405640 1 44 12 3 4 2 0 0 0  aaa99999988a9882579aa78577744536aa6638a665748
405645 1 44 12 3 5 1 1 0 0  aaa99999988a9882479aa78477755536aa3658a666748
405646 1 44 12 3 5 2 0 0 0  aaa99999988a9882579aa78577744536aa5638a666748
405879 1 44 12 10 2 1 1 0 0  aaa99999988a9882479aa58577777466aa6358a663548
405891 1 44 12 10 4 1 1 0 0  aaa99999988a9883379aa58577777426aa6658a664548
405893 1 44 12 10 4 2 1 0 0  aaa99999988a9883379aa58477777426aa6658a664558
405897 1 44 12 10 5 1 1 0 0  aaa99999988a9882479aa58577777436aa3658a666548
405936 1 44 13 1 0 0 0 0 0  aaa99999988a9886679aa78877656544aa6258a774335
405937 1 44 13 1 0 0 1 0 0  aaa99999988a9886679aa78877656524aa6458a774335
405966 1 44 13 1 5 0 0 0 0  aaa99999988a9883679aa78877553644aa6548a776562
406047 1 44 13 4 0 1 1 0 0  aaa99999988a9886679aa78877636452aa6558a754734
406454 1 44 14 4 2 1 0 0 0  aaa99999988a9885479aa77588768367aa3766a652445
406456 1 44 14 4 2 2 0 0 0  aaa99999988a9884579aa77588768567aa5766a644332
406556 1 44 14 7 1 1 0 0 0  aaa99999988a9887479aa77388748466aa6576a553652
406574 1 44 14 7 4 1 0 0 0  aaa99999988a9887579aa77388758346aa6674a662554
406671 1 44 14 10 2 1 1 0 0  aaa99999988a9885569aa66488728437aa3765a777564
406718 1 44 15 0 4 1 0 0 0  aaa99999988a9877579aa88488676376aa3657a644552
406724 1 44 15 0 5 1 0 0 0  aaa99999988a9877579aa88488674476aa3657a663552
406907 1 44 15 5 5 2 1 0 0  aaa99999988a9877729aa88488675436aa3675a676545
406910 1 44 15 6 0 1 0 0 0  aaa99999988a9866579aa88488777367aa3764a562554
406922 1 44 15 6 2 1 0 0 0  aaa99999988a9866679aa88488777357aa3765a652445
406934 1 44 15 6 4 1 0 0 0  aaa99999988a9865679aa88488777357aa3765a644625
406945 1 44 15 7 0 0 1 0 0  aaa99999988a9877729aa88788676466aa4557a353654
406947 1 44 15 7 0 1 1 0 0  aaa99999988a9877729aa88788676466aa4557a355634
406949 1 44 15 7 0 2 1 0 0  aaa99999988a9877729aa88788676466aa4537a555634
407069 1 44 15 10 2 2 1 0 0  aaa99999988a9866629aa88488765437aa3765a777545
407090 1 44 16 0 0 1 0 0 0  aaa99999988a9877579aa88486674476aa3867a555632
407102 1 44 16 0 2 1 0 0 0  aaa99999988a9877579aa88486676376aa3857a644552
407129 1 44 16 1 0 2 1 0 0  aaa99999988a9877769aa88687675472aa6835a654534
407269 1 44 16 5 0 0 1 0 0  aaa99999988a9877769aa88686575425aa6876a374534
407306 1 44 16 6 0 1 0 0 0  aaa99999988a9866579aa88487776376aa3857a644552
407341 1 44 16 7 0 0 1 0 0  aaa99999988a9877759aa88786675365aa6847a653442
407345 1 44 16 7 0 2 1 0 0  aaa99999988a9877749aa88786674463aa6857a563552
407916 1 44 18 1 0 0 0 0 0  aaa99999988a9888579aa77488766377aa3665a455246
407960 1 44 18 2 1 1 0 0 0  aaa99999988a9888479aa77388766657aa3675a652445
408026 1 44 18 4 0 1 0 0 0  aaa99999988a9888579aa77488766367aa3764a562554
408038 1 44 18 4 2 1 0 0 0  aaa99999988a9888479aa77388766657aa3765a652445
408050 1 44 18 4 4 1 0 0 0  aaa99999988a9888479aa77388765657aa3765a644625
408110 1 44 18 6 2 1 0 0 0  aaa99999988a9888479aa77788666356aa3675a752445
408156 1 44 18 7 4 0 0 0 0  aaa99999988a9888579aa77388754546aa6674a663527
408157 1 44 18 7 4 0 1 0 0  aaa99999988a9888579aa77488752536aa6673a664547
408277 1 44 19 0 0 0 1 0 0  aaa99999988a9887729aa78787667456aa6865a554343
408279 1 44 19 0 0 1 1 0 0  aaa99999988a9887729aa78787667456aa6865a354534
408281 1 44 19 0 0 2 1 0 0  aaa99999988a9887729aa78787667566aa5834a345654
408307 1 44 19 0 5 0 1 0 0  aaa99999988a9887729aa78787657546aa5844a666533
408370 1 44 19 2 3 2 0 0 0  aaa99999988a9885479aa78787666376aa3865a752445
408378 1 44 19 2 5 0 0 0 0  aaa99999988a9886479aa78787556374aa4856a765632
408563 1 44 19 7 5 2 1 0 0  aaa99999988a9886779aa78787246533aa5846a765645
408580 1 44 19 8 2 2 0 0 0  aaa99999988a9885479aa68787775376aa3865a662445
408692 1 44 20 0 3 1 0 0 0  aaa99999988a9888479aa75887666376aa3565a772445
408930 1 44 20 7 1 0 0 0 0  aaa99999988a9888479aa77887666366aa3545a725547
409326 1 44 21 7 1 0 0 0 0  aaa99999988a9888879aa77487666366aa3545a725547
409466 1 44 22 0 0 1 0 0 0  aaa99999978a9766489aa76388888357aa7675a652445
409468 1 44 22 0 0 2 0 0 0  aaa99999978a9766589aa76588888547aa7674a645332
409474 1 44 22 0 1 2 0 0 0  aaa99999978a9766689aa75488888327aa7675a653445
409623 1 44 22 4 2 1 1 0 0  aaa99999978a9772489aa57588888466aa6357a663547
409635 1 44 22 4 4 1 1 0 0  aaa99999978a9773389aa57588888426aa6657a664547
409637 1 44 22 4 4 2 1 0 0  aaa99999978a9773389aa57488888426aa6657a664557
409641 1 44 22 4 5 1 1 0 0  aaa99999978a9772489aa57588888436aa3657a666547
409682 1 44 22 6 0 1 0 0 0  aaa99999978a9777589aa66488888367aa3764a562554
409694 1 44 22 6 2 1 0 0 0  aaa99999978a9777489aa66688888357aa3765a652445
409706 1 44 22 6 4 1 0 0 0  aaa99999978a9777489aa65688888357aa3765a644625
410060 1 45 0 5 3 1 0 0 0  aaa88777599a9999989aa78486766367aa3825a844565
410062 1 45 0 5 3 2 0 0 0  aaa88777599a9999989aa78586766567aa5844a842363
410070 1 45 0 5 5 0 0 0 0  aaa88777599a9999989aa78485746557aa3826a863646
410120 1 45 0 7 1 1 0 0 0  aaa88777599a9999989aa78486766366aa3857a844552
410132 1 45 0 7 3 1 0 0 0  aaa88777599a9999989aa78386766365aa2847a855464
410257 1 45 1 0 0 0 1 0 0  aaa88877499a9999989aa87787676426aa6556a353854
410329 1 45 1 2 0 0 1 0 0  aaa88877799a9999989aa87487676426aa6556a353854
410466 1 45 1 5 5 0 0 0 0  aaa88877799a9999989aa87585674556aa4672a663834
410652 1 45 2 0 0 0 0 0 0  aaa88877599a9999989aa88486776376aa3657a545624
410654 1 45 2 0 0 1 0 0 0  aaa88877599a9999989aa88486776376aa3647a555642
410762 1 45 2 3 0 1 0 0 0  aaa88866499a9999989aa88387777375aa7665a552446
411258 1 45 3 5 5 0 0 0 0  aaa88877799a9999989aa78485675356aa3687a662445
411305 1 45 3 7 0 2 1 0 0  aaa88877799a9999989aa78486637426aa7586a555634
411857 1 45 5 0 2 2 1 0 0  aaa88877499a9999989aa75787667626aa8685a354534
411869 1 45 5 0 4 2 1 0 0  aaa88877499a9999989aa75787637626aa8685a654534
412013 1 45 5 4 4 2 1 0 0  aaa88877799a9999989aa35487775466aa8285a666534
412019 1 45 5 4 5 2 1 0 0  aaa88877799a9999989aa35487775426aa8685a666534
412067 1 45 5 6 1 2 1 0 0  aaa88866699a9999989aa35487775776aa8287a654534
412139 1 45 5 8 1 2 1 0 0  aaa88866699a9999989aa35487777476aa8285a657534
412144 1 45 5 8 2 2 0 0 0  aaa88866699a9999989aa65487777273aa8385a657445
412162 1 45 5 8 5 2 0 0 0  aaa88865399a9999989aa65387777274aa8484a657665
412175 1 45 5 9 1 2 1 0 0  aaa88866699a9999989aa35487777776aa8285a654534
412211 1 45 5 10 1 2 1 0 0  aaa88866699a9999989aa35486765427aa8785a777534
412331 1 45 6 2 3 2 1 0 0  aaa88877799a9999989aa37487676626aa4586a555834
412339 1 45 6 2 5 0 1 0 0  aaa88877799a9999989aa37587675526aa4685a664834
412498 1 45 6 7 1 2 0 0 0  aaa88877799a9999989aa76486667325aa7586a545834
412791 1 45 7 4 2 1 1 0 0  aaa88887499a9999989aa58587772466aa6357a663547
412803 1 45 7 4 4 1 1 0 0  aaa88887499a9999989aa58587773326aa6657a664547
412805 1 45 7 4 4 2 1 0 0  aaa88887499a9999989aa58487773326aa6657a664557
412809 1 45 7 4 5 1 1 0 0  aaa88887499a9999989aa58587772436aa3657a666547
413123 1 45 8 2 3 2 1 0 0  aaa88877799a9999989aa37487676626aa4588a555634
413424 1 45 9 0 0 0 0 0 0  aaa88877499a9999989aa75787667366aa3585a485642
414030 1 45 10 5 5 0 0 0 0  aaa88887499a9999989aa77785675356aa3678a662445
414216 1 45 11 0 0 0 0 0 0  aaa88888599a9999989aa77486776376aa3657a545624
414218 1 45 11 0 0 1 0 0 0  aaa88888599a9999989aa77486776376aa3647a555642
414326 1 45 11 3 0 1 0 0 0  aaa88888499a9999989aa66387777375aa7665a552446
414865 1 45 12 7 0 0 1 0 0  aaa88887499a9999989aa77786678426aa7565a533645
415312 1 45 13 8 2 2 0 0 0  aaa88885499a9999989aa66687777273aa8365a657445
415330 1 45 13 8 5 2 0 0 0  aaa88885399a9999989aa65387777274aa8464a657665
415442 1 45 14 1 0 1 0 0 0  aaa88788499a9999979aa77387664428aa8765a563556
415668 1 45 14 7 2 0 0 0 0  aaa88688599a9999979aa77387666348aa8645a755427
415669 1 45 14 7 2 0 1 0 0  aaa88688599a9999979aa77387666328aa8645a755447
415674 1 45 14 7 3 0 0 0 0  aaa88688599a9999979aa77387666358aa8564a725447
415675 1 45 14 7 3 0 1 0 0  aaa88688499a9999979aa77487666458aa8562a753537
415805 1 45 15 0 0 2 1 0 0  aaa88877499a9999969aa76787637426aa8588a555634
416267 1 45 16 1 5 2 1 0 0  aaa88877799a9999979aa75487635426aa8685a686534
416346 1 45 16 4 1 0 0 0 0  aaa88877799a9999979aa66687675544aa8285a684353
416347 1 45 16 4 1 0 1 0 0  aaa88877799a9999979aa66687675524aa8485a684353
416375 1 45 16 4 5 2 1 0 0  aaa88877799a9999979aa35487675426aa8685a686534
416424 1 45 16 6 2 0 0 0 0  aaa88866699a9999979aa77787765544aa8285a684353
416425 1 45 16 6 2 0 1 0 0  aaa88866699a9999979aa77787765524aa8485a684353
416519 1 45 16 8 5 2 1 0 0  aaa88875499a9999979aa77787635426aa8685a686534
416521 1 45 16 9 0 0 1 0 0  aaa88866499a9999979aa36787777426aa8585a685534
416524 1 45 16 9 0 2 0 0 0  aaa88866599a9999979aa36787777546aa8284a685354
416568 1 45 16 10 2 0 0 0 0  aaa88866699a9999979aa65587777744aa8285a684353
416569 1 45 16 10 2 0 1 0 0  aaa88866699a9999979aa65587777724aa8485a684353
416603 1 45 17 0 1 2 1 0 0  aaa88887799a9999969aa77687663725aa8548a535446
416862 1 45 17 7 3 0 0 0 0  aaa88887499a9999979aa77387666356aa8568a752445
417246 1 45 18 7 1 0 0 0 0  aaa88888499a9999979aa77387666366aa8545a725547
417252 1 45 18 7 2 0 0 0 0  aaa88888599a9999979aa77387666346aa8645a755427
417253 1 45 18 7 2 0 1 0 0  aaa88888599a9999979aa77387666326aa8645a755447
417258 1 45 18 7 3 0 0 0 0  aaa88888599a9999979aa77387666356aa8564a725447
417259 1 45 18 7 3 0 1 0 0  aaa88888499a9999979aa77487666456aa8562a753537
417326 1 45 18 9 2 1 0 0 0  aaa88888499a9999979aa54787777365aa8662a566534
417328 1 45 18 9 2 2 0 0 0  aaa88888399a9999979aa45787777364aa8665a466525
417442 1 45 19 1 3 2 0 0 0  aaa88883599a9999979aa77587666577aa5648a448362
417476 1 45 19 2 3 1 0 0 0  aaa88885499a9999979aa77387666376aa2568a758445
417478 1 45 19 2 3 2 0 0 0  aaa88884599a9999979aa77587666576aa5468a748332
417486 1 45 19 2 5 0 0 0 0  aaa88886499a9999979aa77387556374aa4528a768656
417612 1 45 19 6 2 0 0 0 0  aaa88885599a9999979aa77787766642aa4468a658353
417613 1 45 19 6 2 0 1 0 0  aaa88885599a9999979aa77787766644aa4268a658353
417638 1 45 19 7 0 1 0 0 0  aaa88887499a9999979aa77387665326aa6568a758445
417640 1 45 19 7 0 2 0 0 0  aaa88887599a9999979aa77587663546aa6468a748352
417756 1 45 19 10 2 0 0 0 0  aaa88885599a9999979aa66687777742aa4468a658353
417757 1 45 19 10 2 0 1 0 0  aaa88885599a9999979aa66687777744aa4268a658353
417960 1 45 20 5 0 0 0 0 0  aaa88888499a9999979aa77378766356aa8576a652445
418046 1 45 20 7 2 1 0 0 0  aaa88888599a9999979aa77378666346aa8674a572554
418050 1 45 20 7 3 0 0 0 0  aaa88888499a9999979aa77378666356aa8574a572564
418051 1 45 20 7 3 0 1 0 0  aaa88888499a9999979aa77478666456aa8573a572563
418118 1 45 20 9 2 1 0 0 0  aaa88888499a9999979aa54778777365aa8662a566534
418120 1 45 20 9 2 2 0 0 0  aaa88888399a9999979aa45778777364aa8665a466525
418434 1 45 21 7 1 0 0 0 0  aaa88888899a9999979aa77487666366aa3545a725547
418593 1 45 22 0 3 1 1 0 0  aaa77666499a9999989aa75588888827aa4675a373564
418645 1 45 22 2 0 0 1 0 0  aaa77766499a9999989aa26788888856aa7573a654543
418836 1 45 22 7 2 0 0 0 0  aaa77766699a9999989aa65588888844aa7275a674353
418837 1 45 22 7 2 0 1 0 0  aaa77766699a9999989aa65588888824aa7475a674353
418982 1 46 0 0 2 1 0 0 0  aaa88776579a8876498aa84499999977aa3666a555832
419004 1 46 0 1 0 0 0 0 0  aaa88777469a8865798aa86399999927aa7565a465843
419173 1 46 0 5 4 0 1 0 0  aaa88777529a8876698aa86499999957aa5756a364834
419177 1 46 0 5 4 2 1 0 0  aaa88777529a8876698aa86599999937aa3746a465845
419183 1 46 0 5 5 2 1 0 0  aaa88777529a8876598aa86599999937aa3746a465846
419185 1 46 0 6 0 0 1 0 0  aaa88777769a8865598aa86599999927aa4765a364834
419219 1 46 0 6 5 2 1 0 0  aaa88777729a8856498aa86499999937aa3756a564856
419250 1 46 0 7 5 0 0 0 0  aaa88777649a8874698aa87699999937aa6553a256854
419251 1 46 0 7 5 0 1 0 0  aaa88777629a8874698aa87699999957aa6533a546854
419257 1 46 0 8 0 0 1 0 0  aaa88777769a8876398aa84699999957aa6526a543854
419327 1 46 0 9 5 2 1 0 0  aaa88756729a8856498aa86499999937aa3756a774856
419345 1 46 0 10 2 2 1 0 0  aaa88766629a8865498aa85499999937aa3765a777845
419438 1 46 1 2 0 1 0 0 0  aaa88877789a6687498aa46499999976aa3576a553852
419879 1 46 2 3 1 2 1 0 0  aaa88835789a7688798aa66699999972aa4775a654534
420157 1 46 3 0 0 0 1 0 0  aaa88877629a8776698aa87799999965aa5536a444835
420158 1 46 3 0 0 1 0 0 0  aaa88877629a8776698aa87799999965aa5546a534843
420159 1 46 3 0 0 1 1 0 0  aaa88877629a8776698aa87799999965aa5546a453843
420161 1 46 3 0 0 2 1 0 0  aaa88877629a8776698aa87799999965aa4536a554834
420193 1 46 3 1 0 0 1 0 0  aaa88877769a8776398aa84699999957aa6526a543854
420371 1 46 3 5 5 2 1 0 0  aaa88877729a8674598aa87599999936aa3674a665854
420372 1 46 3 6 0 0 0 0 0  aaa88866579a8777498aa86399999967aa3765a455842
420374 1 46 3 6 0 1 0 0 0  aaa88866579a8777498aa86399999967aa3764a555824
420421 1 46 3 7 2 0 1 0 0  aaa88877769a8676498aa87499999926aa7655a533845
420533 1 46 3 10 2 2 1 0 0  aaa88866629a8765498aa85499999937aa3765a777845
420578 1 46 4 0 4 1 0 0 0  aaa88877579a8676498aa88399999976aa3657a644552
420584 1 46 4 0 5 1 0 0 0  aaa88877579a8674498aa88499999976aa3657a663552
420767 1 46 4 5 5 2 1 0 0  aaa88877729a8675498aa88499999936aa3675a676545
420770 1 46 4 6 0 1 0 0 0  aaa88866579a8777498aa88399999967aa3764a562554
420782 1 46 4 6 2 1 0 0 0  aaa88866679a8777498aa88399999957aa3765a652445
420794 1 46 4 6 4 1 0 0 0  aaa88865679a8777498aa88399999957aa3765a644625
420805 1 46 4 7 0 0 1 0 0  aaa88877729a8676498aa88799999966aa4557a353654
420807 1 46 4 7 0 1 1 0 0  aaa88877729a8676498aa88799999966aa4557a355634
420809 1 46 4 7 0 2 1 0 0  aaa88877729a8676498aa88799999966aa4537a555634
420929 1 46 4 10 2 2 1 0 0  aaa88866629a8765498aa88499999937aa3765a777545
420973 1 46 5 0 4 0 1 0 0  aaa88877529a8775598aa87799999964aa8666a446533
420979 1 46 5 0 5 0 1 0 0  aaa88877529a8775598aa87799999946aa8644a666533
420985 1 46 5 1 0 0 1 0 0  aaa88877769a8776298aa84699999957aa8536a546534
421013 1 46 5 1 4 2 1 0 0  aaa88877729a8775498aa85499999967aa8666a356534
421015 1 46 5 1 5 0 1 0 0  aaa88877739a8776498aa86399999957aa8526a564654
421017 1 46 5 1 5 1 1 0 0  aaa88877729a8776498aa86499999957aa8556a365634
421018 1 46 5 1 5 2 0 0 0  aaa88877729a8776598aa86599999947aa8436a465635
421019 1 46 5 1 5 2 1 0 0  aaa88877729a8776598aa86599999947aa8446a365635
421163 1 46 5 5 5 2 1 0 0  aaa88877739a8675498aa87399999926aa8675a664545
421180 1 46 5 6 2 2 0 0 0  aaa88866679a8777498aa85399999927aa8765a653445
421192 1 46 5 6 4 2 0 0 0  aaa88865679a8777498aa85399999927aa8765a644635
421198 1 46 5 6 5 2 0 0 0  aaa88865479a8777398aa85399999927aa8765a644665
421219 1 46 5 7 3 0 1 0 0  aaa88877769a8676298aa87699999956aa8534a547534
421225 1 46 5 7 4 0 1 0 0  aaa88877769a8676698aa87299999956aa8534a547534
421325 1 46 5 10 2 2 1 0 0  aaa88866639a8765498aa85399999927aa8765a777544
421343 1 46 5 10 5 2 1 0 0  aaa88865439a8765498aa85399999927aa8765a777664
421345 1 46 6 0 0 0 1 0 0  aaa88877439a8778398aa87799999966aa4565a564265
421351 1 46 6 0 1 0 1 0 0  aaa88877429a8778498aa87799999966aa6565a533645
421417 1 46 6 2 0 0 1 0 0  aaa88877739a8778498aa87399999966aa4565a564265
421423 1 46 6 2 1 0 1 0 0  aaa88877729a8778498aa87499999966aa6565a533645
421550 1 46 6 5 4 1 0 0 0  aaa88877769a8678498aa87399999956aa3675a652445
421559 1 46 6 5 5 2 1 0 0  aaa88877729a8678598aa87599999936aa3674a665454
421597 1 46 6 7 0 0 1 0 0  aaa88877769a8678398aa87699999956aa7524a543564
421615 1 46 6 7 3 0 1 0 0  aaa88877769a8678698aa87399999956aa7524a543564
421627 1 46 6 7 5 0 1 0 0  aaa88877739a8678498aa87399999956aa7652a664545
421721 1 46 6 10 2 2 1 0 0  aaa88866629a8768498aa85499999937aa3765a777545
421733 1 46 6 10 4 2 1 0 0  aaa88865629a8768498aa85499999937aa3765a777645
421910 1 46 7 4 4 1 0 0 0  aaa88887489a7778398aa57399999956aa6657a662454
421912 1 46 7 4 4 2 0 0 0  aaa88887589a7778598aa47599999946aa6647a665332
422138 1 46 8 0 0 1 0 0 0  aaa88877479a8676398aa48499999976aa6587a553652
422156 1 46 8 0 3 1 0 0 0  aaa88877479a8676698aa48499999976aa3587a553652
422162 1 46 8 0 4 1 0 0 0  aaa88877579a8676498aa58399999976aa3687a644552
422168 1 46 8 0 5 1 0 0 0  aaa88877579a8674498aa58499999976aa3687a663552
422210 1 46 8 2 0 1 0 0 0  aaa88877779a8676498aa48499999966aa3587a553652
422231 1 46 8 2 3 2 1 0 0  aaa88877779a8676698aa38499999926aa4587a555634
422239 1 46 8 2 5 0 1 0 0  aaa88877779a8675598aa38599999926aa4687a664534
422351 1 46 8 5 5 2 1 0 0  aaa88877729a8674598aa78599999936aa3687a665454
422366 1 46 8 6 2 1 0 0 0  aaa88866679a8777498aa68399999957aa3785a652445
422378 1 46 8 6 4 1 0 0 0  aaa88865679a8777498aa68399999957aa3785a644625
422497 1 46 8 10 0 0 1 0 0  aaa88866569a8765598aa38499999927aa4786a777534
422513 1 46 8 10 2 2 1 0 0  aaa88866629a8765498aa68499999937aa3785a777545
422651 1 46 9 3 1 2 1 0 0  aaa88865779a8777498aa38799999966aa6265a854534
422762 1 46 9 6 2 1 0 0 0  aaa88866679a8777498aa68399999957aa3765a852445
422774 1 46 9 6 4 1 0 0 0  aaa88865679a8777498aa68399999957aa3765a844625
422933 1 46 10 0 0 2 1 0 0  aaa88887729a8767698aa78799999965aa3564a556434
422959 1 46 10 0 5 0 1 0 0  aaa88887729a8757598aa78799999946aa5644a666533
423158 1 46 10 6 2 1 0 0 0  aaa88885479a8777598aa68399999967aa3766a652445
423160 1 46 10 6 2 2 0 0 0  aaa88884579a8777598aa68599999967aa5766a644332
423303 1 46 10 10 2 1 1 0 0  aaa88885569a8766498aa28499999937aa3765a777564
423434 1 46 11 3 0 1 0 0 0  aaa88888489a7777398aa66399999975aa7665a552446
423483 1 46 11 4 2 1 1 0 0  aaa88888489a7772498aa57599999966aa6357a663547
423495 1 46 11 4 4 1 1 0 0  aaa88888489a7773398aa57599999926aa6657a664547
423497 1 46 11 4 4 2 1 0 0  aaa88888489a7773398aa57499999926aa6657a664557
423501 1 46 11 4 5 1 1 0 0  aaa88888489a7772498aa57599999936aa3657a666547
423879 1 46 12 4 2 1 1 0 0  aaa88887489a7772498aa58599999966aa6357a663547
423891 1 46 12 4 4 1 1 0 0  aaa88887489a7773398aa58599999926aa6657a664547
423893 1 46 12 4 4 2 1 0 0  aaa88887489a7773398aa58499999926aa6657a664557
423897 1 46 12 4 5 1 1 0 0  aaa88887489a7772498aa58599999936aa3657a666547
424312 1 46 13 5 2 2 0 0 0  aaa88885489a7775298aa66699999973aa8367a657445
424330 1 46 13 5 5 2 0 0 0  aaa88885489a7775298aa64499999973aa8367a657665
424420 1 46 13 8 2 2 0 0 0  aaa88885489a7777298aa66699999973aa8365a657445
424438 1 46 13 8 5 2 0 0 0  aaa88885389a7777398aa65299999974aa8464a657665
424570 1 46 14 1 3 2 0 0 0  aaa88588379a7766698aa76399999948aa8564a545727
424578 1 46 14 1 5 0 0 0 0  aaa88688479a7755298aa74499999938aa8635a666757
424979 1 46 15 1 5 2 1 0 0  aaa88877729a8776598aa46599999937aa8386a465645
425017 1 46 15 3 0 0 1 0 0  aaa88866779a8777498aa26799999956aa8583a654543
425027 1 46 15 3 1 2 1 0 0  aaa88865779a8777498aa35799999962aa8686a654534
425081 1 46 15 4 4 2 1 0 0  aaa88877779a8775498aa35499999966aa8285a666534
425087 1 46 15 4 5 2 1 0 0  aaa88877779a8775498aa35499999926aa8685a666534
425098 1 46 15 5 1 2 0 0 0  aaa88877769a8676498aa74699999925aa8587a535364
425123 1 46 15 5 5 2 1 0 0  aaa88877739a8675498aa75399999926aa8687a664545
425140 1 46 15 6 2 2 0 0 0  aaa88866679a8777498aa65399999927aa8785a653445
425152 1 46 15 6 4 2 0 0 0  aaa88865679a8777498aa65399999927aa8785a644635
425158 1 46 15 6 5 2 0 0 0  aaa88865479a8777398aa65399999927aa8785a644665
425207 1 46 15 8 1 2 1 0 0  aaa88866679a8777498aa35799999927aa8685a654534
425243 1 46 15 9 1 2 1 0 0  aaa88866679a8777798aa35499999927aa8685a654534
425279 1 46 15 10 1 2 1 0 0  aaa88866669a8765498aa35499999927aa8785a777534
425285 1 46 15 10 2 2 1 0 0  aaa88866639a8765498aa65399999927aa8785a777544
425297 1 46 15 10 4 2 1 0 0  aaa88865469a8766698aa35499999927aa8785a777534
425303 1 46 15 10 5 2 1 0 0  aaa88865439a8765498aa65399999927aa8785a777664
425388 1 46 16 2 2 0 0 0 0  aaa88877769a8776698aa57599999944aa8256a864335
425389 1 46 16 2 2 0 1 0 0  aaa88877769a8776698aa57599999924aa8456a864335
425435 1 46 16 3 3 2 1 0 0  aaa88865779a8777498aa35799999966aa8266a854534
425477 1 46 16 4 4 2 1 0 0  aaa88877779a8775498aa35499999962aa8666a856534
425481 1 46 16 4 5 1 1 0 0  aaa88877779a8776498aa36499999952aa8556a865634
425482 1 46 16 4 5 2 0 0 0  aaa88877779a8776598aa46599999943aa8346a865652
425483 1 46 16 4 5 2 1 0 0  aaa88877779a8776598aa36599999942aa8446a865635
425502 1 46 16 5 3 0 0 0 0  aaa88877769a8676398aa75699999956aa8547a853424
425536 1 46 16 6 2 2 0 0 0  aaa88866679a8777498aa65399999927aa8765a853445
425548 1 46 16 6 4 2 0 0 0  aaa88865679a8777498aa65399999927aa8765a844635
425554 1 46 16 6 5 2 0 0 0  aaa88865479a8777398aa65399999927aa8765a844665
425560 1 46 16 7 0 2 0 0 0  aaa88877769a8675498aa67299999936aa8365a857445
425566 1 46 16 7 1 2 0 0 0  aaa88877769a8676598aa67599999944aa8364a837255
425590 1 46 16 7 5 2 0 0 0  aaa88877749a8673498aa54799999926aa8657a866553
425591 1 46 16 7 5 2 1 0 0  aaa88877749a8674498aa53799999926aa8657a866553
425603 1 46 16 8 1 2 1 0 0  aaa88866679a8777498aa35799999967aa8265a854534
425610 1 46 16 8 3 0 0 0 0  aaa88866679a8777398aa65799999957aa8546a853424
425628 1 46 16 9 0 0 0 0 0  aaa88866379a8777798aa65699999957aa8546a853424
425639 1 46 16 9 1 2 1 0 0  aaa88866679a8777798aa35499999967aa8265a854534
425680 1 46 16 10 2 2 0 0 0  aaa88875469a8676398aa75399999926aa8675a844775
425699 1 46 16 10 5 2 1 0 0  aaa88875439a8675498aa75399999926aa8675a866774
425932 1 46 17 6 2 2 0 0 0  aaa88885479a8777398aa66699999927aa8765a653445
425944 1 46 17 6 4 2 0 0 0  aaa88885479a8777398aa65699999927aa8765a644635
425950 1 46 17 6 5 2 0 0 0  aaa88885479a8777398aa65399999927aa8765a644665
425962 1 46 17 7 1 2 0 0 0  aaa88885479a8775398aa67399999967aa8676a652445
426025 1 46 17 9 0 0 1 0 0  aaa88886679a8777798aa66299999957aa8534a546534
426077 1 46 17 10 2 2 1 0 0  aaa88885469a8766498aa35399999927aa8765a777564
426083 1 46 17 10 3 2 1 0 0  aaa88885469a8766498aa35699999927aa8765a777534
426089 1 46 17 10 4 2 1 0 0  aaa88885469a8766698aa35499999927aa8765a777534
426095 1 46 17 10 5 2 1 0 0  aaa88885439a8765498aa65399999927aa8765a777664
426136 1 46 18 1 0 2 0 0 0  aaa88888479a7766398aa76399999965aa8562a455747
426154 1 46 18 1 3 2 0 0 0  aaa88888379a7766698aa76399999945aa8564a545727
426156 1 46 18 1 4 0 0 0 0  aaa88888479a7755298aa74499999963aa8666a356757
426162 1 46 18 1 5 0 0 0 0  aaa88888479a7755298aa74499999936aa8635a666757
426278 1 46 18 5 0 1 0 0 0  aaa88888479a7766398aa77399999975aa8665a552446
426434 1 46 18 9 2 1 0 0 0  aaa88888479a7777398aa54799999965aa8662a566534
426436 1 46 18 9 2 2 0 0 0  aaa88888379a7777398aa45799999964aa8665a466525
426630 1 46 19 3 5 0 0 0 0  aaa88883779a8777598aa63799999954aa5562a684664
426858 1 46 19 10 1 0 0 0 0  aaa88883669a8676598aa73699999954aa5572a784774
426890 1 46 20 0 0 1 0 0 0  aaa88888479a8766398aa76399999957aa7675a652445
426892 1 46 20 0 0 2 0 0 0  aaa88888579a8766598aa76599999947aa7674a645332
426898 1 46 20 0 1 2 0 0 0  aaa88888479a8766698aa75399999927aa7675a653445
427047 1 46 20 4 2 1 1 0 0  aaa88888479a8772498aa57599999966aa6357a663547
427059 1 46 20 4 4 1 1 0 0  aaa88888479a8773398aa57599999926aa6657a664547
427061 1 46 20 4 4 2 1 0 0  aaa88888479a8773398aa57499999926aa6657a664557
427065 1 46 20 4 5 1 1 0 0  aaa88888479a8772498aa57599999936aa3657a666547
427106 1 46 20 6 0 1 0 0 0  aaa88888579a8777498aa66399999967aa3764a562554
427118 1 46 20 6 2 1 0 0 0  aaa88888479a8777398aa66699999957aa3765a652445
427130 1 46 20 6 4 1 0 0 0  aaa88888479a8777398aa65699999957aa3765a644625
427285 1 46 21 0 0 0 1 0 0  aaa88888879a7665598aa74599999973aa7626a753464
427289 1 46 21 0 0 2 1 0 0  aaa88888879a7665498aa75499999973aa7626a753564
427324 1 46 21 1 0 2 0 0 0  aaa88888879a7766498aa76399999965aa3562a455747
427697 1 46 22 0 2 2 1 0 0  aaa77866629a7867497aa75499999938aa3865a888545
427709 1 46 22 0 4 2 1 0 0  aaa77865629a7867497aa75499999938aa3865a888645
427767 1 46 22 2 2 1 1 0 0  aaa77875569a7866497aa27499999938aa3865a888564
427877 1 46 22 5 2 2 1 0 0  aaa77875469a7866497aa35399999928aa7865a888564
427883 1 46 22 5 3 2 1 0 0  aaa77875469a7866497aa35699999928aa7865a888534
427889 1 46 22 5 4 2 1 0 0  aaa77875469a7866697aa35499999928aa7865a888534
427895 1 46 22 5 5 2 1 0 0  aaa77875439a7865497aa65399999928aa7865a888664
427953 1 46 22 7 3 1 1 0 0  aaa77875569a7866497aa35699999928aa4865a888734
