0 0 0 0 0 0 0 0 0 0  aaa99887798aa8966798a876899a55744a7646a395532
40 1 0 0 1 0 2 0 0 0  aaa99886698aa8936798a877899a35776a5447a295645
82 1 0 0 2 1 2 0 0 0  aaa99886798aa8935798a877899a35766a6447a295645
245 1 0 0 6 4 2 1 0 0  aaa99886798aa8957298a854899a54777a7365a693664
247 1 0 0 6 5 0 1 0 0  aaa99886798aa8967298a864899a64777a7556a395534
249 1 0 0 6 5 1 1 0 0  aaa99886798aa8967298a864899a64777a7536a595534
251 1 0 0 6 5 2 1 0 0  aaa99886798aa8967298a864899a64777a7356a593554
287 1 0 0 7 5 2 1 0 0  aaa99886798aa8965298a865899a65774a7347a793645
319 1 0 0 8 5 0 1 0 0  aaa99886798aa8965298a864899a64777a7557a395634
321 1 0 0 8 5 1 1 0 0  aaa99886798aa8965298a864899a64777a7537a595634
322 1 0 0 8 5 2 0 0 0  aaa99886798aa8965298a865899a65777a7347a395644
323 1 0 0 8 5 2 1 0 0  aaa99886798aa8965298a865899a65777a7437a494635
349 1 0 0 9 4 0 1 0 0  aaa99887598aa8966298a864899a64537a5576a793774
351 1 0 0 9 4 1 1 0 0  aaa99887598aa8966298a864899a64557a5376a793774
352 1 0 0 9 4 2 0 0 0  aaa99887598aa8966298a865899a65347a5376a794774
353 1 0 0 9 4 2 1 0 0  aaa99887598aa8966298a865899a65447a4376a793775
365 1 0 0 10 0 2 1 0 0  aaa99887698aa8975298a875899a75634a6647a693745
367 1 0 0 10 1 0 1 0 0  aaa99887698aa8975398a874899a73666a4557a296754
369 1 0 0 10 1 1 1 0 0  aaa99887698aa8975398a874899a73666a4257a596754
370 1 0 0 10 1 2 0 0 0  aaa99887698aa8975298a875899a75666a5347a396744
371 1 0 0 10 1 2 1 0 0  aaa99887698aa8975398a875899a73666a5247a496745
373 1 0 0 10 2 0 1 0 0  aaa99887698aa8976298a874899a74665a6557a395734
375 1 0 0 10 2 1 1 0 0  aaa99887698aa8976298a874899a74665a6537a595734
377 1 0 0 10 2 2 1 0 0  aaa99887698aa8976298a874899a74665a6357a593754
379 1 0 0 10 3 0 1 0 0  aaa99887698aa8975398a874899a73665a6267a595744
383 1 0 0 10 3 2 1 0 0  aaa99887698aa8975298a875899a75663a6467a494735
385 1 0 0 10 4 0 1 0 0  aaa99887698aa8975298a874899a74666a6557a395734
387 1 0 0 10 4 1 1 0 0  aaa99887698aa8975298a874899a74666a6537a595734
388 1 0 0 10 4 2 0 0 0  aaa99887698aa8975298a875899a75666a6347a395744
389 1 0 0 10 4 2 1 0 0  aaa99887698aa8975298a875899a75666a6437a494735
391 1 0 0 10 5 0 1 0 0  aaa99887698aa8976298a876899a76554a6347a395745
392 1 0 0 10 5 1 0 0 0  aaa99887698aa8976298a876899a76555a6347a395744
393 1 0 0 10 5 1 1 0 0  aaa99887698aa8976298a876899a76354a6537a495745
394 1 0 0 10 5 2 0 0 0  aaa99887698aa8976298a876899a76354a6537a595744
395 1 0 0 10 5 2 1 0 0  aaa99887698aa8976298a876899a76555a5437a494736
504 1 0 1 3 0 0 0 0 0  aaa99888598aa8974898a663799a73777a2665a494556
506 1 0 1 3 0 1 0 0 0  aaa99888598aa8975898a663799a73777a2664a595446
512 1 0 1 3 1 1 0 0 0  aaa99888598aa8974898a666799a73777a3664a592554
516 1 0 1 3 2 0 0 0 0  aaa99888598aa8974898a666799a73777a3565a695442
518 1 0 1 3 2 1 0 0 0  aaa99888598aa8974898a666799a73777a3465a694525
522 1 0 1 3 3 0 0 0 0  aaa99888598aa8974898a666799a73777a3556a695442
524 1 0 1 3 3 1 0 0 0  aaa99888598aa8974898a666799a73777a3456a694552
528 1 0 1 3 4 0 0 0 0  aaa99888598aa8974898a646799a73777a3565a695624
530 1 0 1 3 4 1 0 0 0  aaa99888598aa8974898a656799a73777a3465a694625
536 1 0 1 3 5 1 0 0 0  aaa99888598aa8974898a653799a73777a2465a694665
842 1 0 2 1 2 1 0 0 0  aaa99888498aa8953897a773899a44776a2666a597565
844 1 0 2 1 2 2 0 0 0  aaa99888598aa8945897a775899a35776a2666a497463
848 1 0 2 1 3 1 0 0 0  aaa99888598aa8964897a773899a44776a3666a597552
854 1 0 2 1 4 1 0 0 0  aaa99888498aa8953897a773899a44776a6565a697625
856 1 0 2 1 4 2 0 0 0  aaa99888598aa8945897a775899a35776a6464a697623
860 1 0 2 1 5 1 0 0 0  aaa99888498aa8953897a773899a44776a2565a697665
862 1 0 2 1 5 2 0 0 0  aaa99888598aa8945897a775899a35776a2464a697663
884 1 0 2 2 3 1 0 0 0  aaa99888498aa8953897a773899a44765a7666a792565
886 1 0 2 2 3 2 0 0 0  aaa99888598aa8945897a775899a35764a7666a792463
894 1 0 2 2 5 0 0 0 0  aaa99888598aa8963897a773899a62755a7446a795646
1002 1 0 2 5 5 0 0 0 0  aaa99888598aa8964897a773899a63745a5756a294676
1052 1 0 2 7 1 1 0 0 0  aaa99888598aa8974897a773899a44766a6656a793552
1058 1 0 2 7 2 1 0 0 0  aaa99888598aa8974897a773899a53766a6465a794625
1064 1 0 2 7 3 1 0 0 0  aaa99888598aa8974897a773899a53766a6645a792645
1070 1 0 2 7 4 1 0 0 0  aaa99888598aa8974897a773899a53766a2465a794665
1110 1 0 2 8 5 0 0 0 0  aaa99888598aa8964897a777899a63754a5526a793646
1352 1 0 3 4 3 1 0 0 0  aaa99888798aa8957797a874899a47666a3256a596534
1354 1 0 3 4 3 2 0 0 0  aaa99888798aa8957797a873899a57666a3446a296545
1362 1 0 3 4 5 0 0 0 0  aaa99888798aa8937797a875899a37546a5562a694664
1452 1 0 3 7 2 0 0 0 0  aaa99888498aa8973797a873899a57766a6565a495642
1458 1 0 3 7 3 0 0 0 0  aaa99888498aa8973797a873899a57766a6655a494652
1650 1 0 4 1 5 0 0 0 0  aaa99888598aa8968797a874799a63574a5526a793646
1844 1 0 4 7 1 1 0 0 0  aaa99888598aa8978797a874799a63666a3756a592454
1846 1 0 4 7 1 2 0 0 0  aaa99888598aa8978797a875799a65666a5746a494332
1856 1 0 4 7 3 1 0 0 0  aaa99888498aa8978797a873799a44666a3756a596525
1987 1 0 5 0 1 0 1 0 0  aaa99888498aa8977297a874799a67686a6556a395534
1989 1 0 5 0 1 1 1 0 0  aaa99888498aa8977297a874799a67686a6536a595534
1991 1 0 5 0 1 2 1 0 0  aaa99888498aa8977297a874799a67686a6356a593554
2026 1 0 5 1 1 2 0 0 0  aaa99888698aa8954797a873799a53687a6665a792445
2030 1 0 5 1 2 1 0 0 0  aaa99888598aa8954797a873799a44687a3665a792665
2032 1 0 5 1 2 2 0 0 0  aaa99888598aa8945797a875799a35687a4663a792664
2036 1 0 5 1 3 1 0 0 0  aaa99888598aa8954797a873799a44687a6665a793625
2038 1 0 5 1 3 2 0 0 0  aaa99888598aa8945797a875799a35687a6663a794624
2042 1 0 5 1 4 1 0 0 0  aaa99888598aa8954797a873799a53687a6666a792445
2044 1 0 5 1 4 2 0 0 0  aaa99888598aa8945797a875799a35687a6666a792443
2048 1 0 5 1 5 1 0 0 0  aaa99888598aa8965797a873799a63587a5446a794626
2066 1 0 5 2 2 1 0 0 0  aaa99888598aa8954797a873799a44687a3766a692565
2068 1 0 5 2 2 2 0 0 0  aaa99888598aa8945797a875799a35687a4766a692364
2072 1 0 5 2 3 1 0 0 0  aaa99888598aa8954797a873799a53687a6766a692445
2074 1 0 5 2 3 2 0 0 0  aaa99888598aa8945797a875799a35687a6766a692443
2078 1 0 5 2 4 1 0 0 0  aaa99888598aa8954797a873799a44687a3765a692665
2080 1 0 5 2 4 2 0 0 0  aaa99888598aa8945797a875799a35687a4763a692664
2084 1 0 5 2 5 1 0 0 0  aaa99888598aa8964797a873799a63487a4756a592656
2154 1 0 5 4 5 0 0 0 0  aaa99888598aa8964797a873799a63587a7546a295646
2186 1 0 5 5 4 1 0 0 0  aaa99888498aa8944797a873799a57586a6765a693625
2188 1 0 5 5 4 2 0 0 0  aaa99888598aa8945797a875799a37486a6764a695623
2212 1 0 5 6 2 2 0 0 0  aaa99888498aa8963797a877699a66785a3756a592454
2222 1 0 5 6 4 1 0 0 0  aaa99888598aa8954797a877699a44786a3765a693625
2224 1 0 5 6 4 2 0 0 0  aaa99888598aa8945797a877699a35786a5763a694624
2236 1 0 5 7 0 2 0 0 0  aaa99888698aa8974797a873799a66685a3756a592454
2240 1 0 5 7 1 1 0 0 0  aaa99888598aa8974797a873799a63686a6756a592454
2242 1 0 5 7 1 2 0 0 0  aaa99888598aa8975797a875799a65686a6746a494332
2246 1 0 5 7 2 1 0 0 0  aaa99888598aa8974797a873799a53686a6745a692645
2252 1 0 5 7 3 1 0 0 0  aaa99888598aa8974797a873799a44686a6756a693552
2256 1 0 5 7 4 0 0 0 0  aaa99888598aa8974797a873799a44586a6765a693625
2258 1 0 5 7 4 1 0 0 0  aaa99888598aa8975797a873799a55486a6764a693624
2264 1 0 5 7 5 1 0 0 0  aaa99888598aa8974797a873799a53486a4765a692665
2294 1 0 5 8 4 1 0 0 0  aaa99888498aa8953797a877799a44586a6765a693625
2296 1 0 5 8 4 2 0 0 0  aaa99888598aa8945797a877799a35486a6764a695623
2312 1 0 5 9 1 1 0 0 0  aaa99888598aa8954797a853699a66786a3777a692445
2314 1 0 5 9 1 2 0 0 0  aaa99888598aa8945797a835699a66786a5777a692443
2318 1 0 5 9 2 1 0 0 0  aaa99888598aa8964797a863699a66785a3777a592454
2320 1 0 5 9 2 2 0 0 0  aaa99888598aa8965797a865699a66784a5777a494332
2324 1 0 5 9 3 1 0 0 0  aaa99888598aa8964797a844699a66786a3777a593552
2330 1 0 5 9 4 1 0 0 0  aaa99888598aa8954797a853699a44786a3777a692665
2332 1 0 5 9 4 2 0 0 0  aaa99888598aa8945797a835699a35786a4777a692664
2336 1 0 5 9 5 1 0 0 0  aaa99888598aa8964797a863599a63785a5777a494626
2342 1 0 5 10 0 1 0 0 0  aaa99888598aa8974696a873699a73486a4657a592757
2378 1 0 6 0 0 1 0 0 0  aaa99888498aa8977798a873699a63765a7556a692454
2714 1 0 6 9 2 1 0 0 0  aaa99888598aa8964798a863799a44777a7666a593552
2874 1 0 7 2 5 0 0 0 0  aaa99888898aa8965897a774799a63754a5526a793646
3026 1 0 7 7 0 1 0 0 0  aaa99888898aa8974897a773699a63765a2556a796454
3028 1 0 7 7 0 2 0 0 0  aaa99888898aa8975897a775699a65764a5446a796332
3214 1 0 8 1 1 2 0 0 0  aaa99888698aa8954797a873799a53678a6665a792445
3218 1 0 8 1 2 1 0 0 0  aaa99888598aa8954797a873799a44678a3665a792665
3220 1 0 8 1 2 2 0 0 0  aaa99888598aa8945797a875799a35678a4663a792664
3224 1 0 8 1 3 1 0 0 0  aaa99888598aa8954797a873799a44678a6665a793625
3226 1 0 8 1 3 2 0 0 0  aaa99888598aa8945797a875799a35678a6663a794624
3230 1 0 8 1 4 1 0 0 0  aaa99888598aa8954797a873799a53678a6666a792445
3232 1 0 8 1 4 2 0 0 0  aaa99888598aa8945797a875799a35678a6666a792443
3236 1 0 8 1 5 1 0 0 0  aaa99888598aa8965797a873799a63578a5446a794626
3342 1 0 8 4 5 0 0 0 0  aaa99888598aa8964797a873799a63578a7546a295646
3434 1 0 8 7 2 1 0 0 0  aaa99888598aa8974797a873799a44668a6766a593552
3440 1 0 8 7 3 1 0 0 0  aaa99888598aa8974797a873799a44668a6756a693552
3500 1 0 8 9 1 1 0 0 0  aaa99888598aa8954797a853699a66768a3777a692445
3502 1 0 8 9 1 2 0 0 0  aaa99888598aa8945797a835699a66768a5777a692443
3506 1 0 8 9 2 1 0 0 0  aaa99888598aa8964797a863699a66758a3777a595442
3512 1 0 8 9 3 1 0 0 0  aaa99888598aa8964797a844699a66768a3777a593552
3518 1 0 8 9 4 1 0 0 0  aaa99888598aa8966797a864599a63758a5777a494632
3524 1 0 8 9 5 1 0 0 0  aaa99888598aa8964797a863599a63758a5777a494626
3599 1 0 9 0 5 2 1 0 0  aaa99888597aa8978793a837299a85746a5467a694665
3611 1 0 9 1 1 2 1 0 0  aaa99888592aa8968797a875799a85676a6346a793445
3679 1 0 9 3 1 0 1 0 0  aaa99888492aa8968797a877799a84676a6556a395534
3681 1 0 9 3 1 1 1 0 0  aaa99888492aa8968797a877799a84676a6536a595534
3683 1 0 9 3 1 2 1 0 0  aaa99888492aa8968797a877799a84676a6356a593554
3739 1 0 9 4 5 0 1 0 0  aaa99888693aa8938797a876799a86277a6545a596445
3752 1 0 9 5 1 1 0 0 0  aaa99888597aa8968797a874799a83666a3756a592454
3754 1 0 9 5 1 2 0 0 0  aaa99888597aa8968797a875799a85666a5746a494332
3762 1 0 9 5 3 0 0 0 0  aaa99888597aa8928797a874799a83666a3756a496545
3764 1 0 9 5 3 1 0 0 0  aaa99888597aa8948797a874799a83666a3756a596254
3828 1 0 9 7 2 0 0 0 0  aaa99888597aa8948797a874699a83766a3655a296754
3834 1 0 9 7 3 0 0 0 0  aaa99888497aa8958797a873699a86766a3655a494752
3840 1 0 9 7 4 0 0 0 0  aaa99888497aa8958797a873699a83766a6655a494752
3925 1 0 9 10 0 0 1 0 0  aaa99888796aa8968696a847599a87533a7524a597674
3953 1 0 9 10 4 2 1 0 0  aaa99888796aa8948295a847699a87666a7555a397374
3967 1 0 10 0 1 0 1 0 0  aaa99888898aa8977297a874799a67666a4556a395534
3969 1 0 10 0 1 1 1 0 0  aaa99888898aa8977297a874799a67666a4536a595534
3971 1 0 10 0 1 2 1 0 0  aaa99888898aa8977297a874799a67666a4356a593554
4026 1 0 10 1 5 0 0 0 0  aaa99888898aa8965797a874799a63574a5526a793646
4220 1 0 10 7 1 1 0 0 0  aaa99888898aa8975797a874799a63666a3756a592454
4222 1 0 10 7 1 2 0 0 0  aaa99888898aa8975797a875799a65666a5746a494332
4232 1 0 10 7 3 1 0 0 0  aaa99888898aa8974797a873799a44666a3756a596525
4768 1 0 12 0 2 2 0 0 0  aaa99888897aa7964796a766899a63885a3757a592454
4826 1 0 12 2 0 1 0 0 0  aaa99888897aa7975796a764899a63886a3764a592554
5018 1 0 12 7 2 1 0 0 0  aaa99888897aa7975796a664899a53886a3745a692745
5236 1 0 13 2 2 2 0 0 0  aaa99888898aa8954797a753799a44682a7766a693565
5248 1 0 13 2 4 2 0 0 0  aaa99888898aa8954797a753799a44686a7725a693665
5254 1 0 13 2 5 2 0 0 0  aaa99888898aa8954797a753799a44286a7765a693665
5297 1 0 13 4 0 2 1 0 0  aaa99888898aa8976797a766299a74685a4356a593547
5327 1 0 13 4 5 2 1 0 0  aaa99888898aa8975797a725499a75486a4363a695667
5354 1 0 13 5 4 1 0 0 0  aaa99888898aa8954797a744799a73586a6765a693625
5356 1 0 13 5 4 2 0 0 0  aaa99888898aa8945797a735799a75486a6764a695623
5462 1 0 13 8 4 1 0 0 0  aaa99888898aa8954797a773799a44586a6765a693625
5464 1 0 13 8 4 2 0 0 0  aaa99888898aa8945797a775799a35486a6764a695623
5568 1 0 14 0 4 0 0 0 0  aaa99888897aa8975794a754699a55786a4867a693632
5570 1 0 14 0 4 1 0 0 0  aaa99888897aa8975795a755699a44786a4867a693632
5575 1 0 14 0 5 0 1 0 0  aaa99888897aa8975792a755399a54786a3867a694664
5579 1 0 14 0 5 2 1 0 0  aaa99888897aa8975792a745399a45786a3867a695664
5754 1 0 14 5 5 0 0 0 0  aaa99888897aa8977795a654799a44586a3867a693625
5786 1 0 14 6 4 1 0 0 0  aaa99888897aa8954797a773799a44586a6865a693625
5788 1 0 14 6 4 2 0 0 0  aaa99888897aa8945797a775799a35486a6864a695623
5848 1 0 14 8 2 2 0 0 0  aaa99888897aa8964797a773699a66785a3856a592454
5858 1 0 14 8 4 1 0 0 0  aaa99888897aa8954797a775699a44786a3865a693625
5860 1 0 14 8 4 2 0 0 0  aaa99888897aa8945797a775699a35786a5863a694624
5942 1 0 15 0 0 1 0 0 0  aaa99888597aa8974796a867599a63785a5687a693442
5946 1 0 15 0 1 0 0 0 0  aaa99888497aa8973795a857699a66786a3587a692445
5958 1 0 15 0 3 0 0 0 0  aaa99888497aa8973795a867699a66786a3587a592454
5964 1 0 15 0 4 0 0 0 0  aaa99888497aa8973795a857699a44786a3587a692665
6065 1 0 15 3 2 2 1 0 0  aaa99888596aa8966797a877799a35287a5486a494653
6073 1 0 15 3 4 0 1 0 0  aaa99888592aa8966797a877799a64587a5586a394634
6077 1 0 15 3 4 2 1 0 0  aaa99888592aa8966797a877799a65387a3486a494655
6083 1 0 15 3 5 2 1 0 0  aaa99888592aa8965797a877799a65387a3486a494656
6120 1 0 15 5 0 0 0 0 0  aaa99888597aa8977796a864799a63686a3587a592454
6122 1 0 15 5 0 1 0 0 0  aaa99888597aa8977796a864799a63686a3587a595442
6144 1 0 15 5 4 0 0 0 0  aaa99888497aa8977795a853799a44686a3587a692665
6193 1 0 15 7 0 0 1 0 0  aaa99888797aa8977796a865399a64686a3287a595544
6197 1 0 15 7 0 2 1 0 0  aaa99888797aa8977796a865299a65686a5487a494353
6215 1 0 15 7 3 2 1 0 0  aaa99888797aa8977796a866299a64685a4387a593554
6223 1 0 15 7 5 0 1 0 0  aaa99888797aa8977795a856399a36584a6287a496465
6311 1 0 15 10 1 2 1 0 0  aaa99888592aa8975696a876699a75386a3487a494757
6334 1 0 15 10 5 2 0 0 0  aaa99888694aa8976494a876599a76585a5387a396727
6335 1 0 15 10 5 2 1 0 0  aaa99888692aa8976393a876599a76585a5487a494767
6348 1 0 16 0 2 0 0 0 0  aaa99888497aa8973795a857699a83786a6567a692445
6360 1 0 16 0 4 0 0 0 0  aaa99888597aa8974795a847699a83786a3567a695624
6371 1 0 16 0 5 2 1 0 0  aaa99888697aa8976793a847299a86785a6357a596454
6398 1 0 16 1 4 1 0 0 0  aaa99888597aa8977797a854699a83786a3465a694625
6403 1 0 16 1 5 0 1 0 0  aaa99888597aa8977797a855299a84786a4365a693664
6413 1 0 16 2 0 2 1 0 0  aaa99888697aa8977797a866299a84685a4356a593754
6475 1 0 16 3 5 0 1 0 0  aaa99888693aa8936797a877799a86287a6545a596445
6494 1 0 16 4 2 1 0 0 0  aaa99888597aa8977696a864799a83787a3664a592554
6532 1 0 16 5 2 2 0 0 0  aaa99888497aa8977796a866799a83685a3657a592454
6542 1 0 16 5 4 1 0 0 0  aaa99888597aa8977796a864799a83685a3667a592454
6544 1 0 16 5 4 2 0 0 0  aaa99888597aa8977796a865799a85684a5667a494332
6611 1 0 16 7 3 2 1 0 0  aaa99888797aa8977796a866299a84685a4357a593654
6621 1 0 16 7 5 1 1 0 0  aaa99888797aa8977795a855299a84586a4367a693664
6622 1 0 16 7 5 2 0 0 0  aaa99888797aa8977794a845399a85386a5467a695662
6650 1 0 16 8 4 1 0 0 0  aaa99888597aa8954797a877699a83786a3465a694625
6655 1 0 16 8 5 0 1 0 0  aaa99888597aa8955797a877299a84786a4365a693664
6660 1 0 16 9 0 0 0 0 0  aaa99888596aa8964797a863699a83785a6777a595442
6662 1 0 16 9 0 1 0 0 0  aaa99888596aa8965797a864699a83786a3777a595442
6668 1 0 16 9 1 1 0 0 0  aaa99888596aa8966797a844699a84786a3777a593552
6674 1 0 16 9 2 1 0 0 0  aaa99888596aa8966797a864599a83785a5777a494632
6680 1 0 16 9 3 1 0 0 0  aaa99888596aa8966797a864699a83785a3777a592454
6682 1 0 16 9 3 2 0 0 0  aaa99888596aa8966797a865699a85784a5777a494332
6684 1 0 16 9 4 0 0 0 0  aaa99888594aa8955797a854699a84786a3777a693662
6686 1 0 16 9 4 1 0 0 0  aaa99888595aa8955797a844699a84786a3777a693662
6703 1 0 16 10 1 0 1 0 0  aaa99888793aa8937696a867699a87286a7545a597445
6719 1 0 16 10 3 2 1 0 0  aaa99888796aa8947696a867299a87685a7353a597454
6751 1 0 17 0 3 0 1 0 0  aaa99888897aa8974792a867699a66786a4557a395534
6756 1 0 17 0 4 0 0 0 0  aaa99888897aa8974795a857699a44786a3567a693625
6841 1 0 17 3 0 0 1 0 0  aaa99888896aa8964797a877799a36587a6526a594543
6985 1 0 17 7 0 0 1 0 0  aaa99888897aa8977796a864299a64686a7557a395534
6987 1 0 17 7 0 1 1 0 0  aaa99888897aa8977796a864299a64686a7537a595534
6989 1 0 17 7 0 2 1 0 0  aaa99888897aa8977796a864299a64686a7357a593554
7007 1 0 17 7 3 2 1 0 0  aaa99888897aa8977796a866299a64685a7357a593544
7015 1 0 17 7 5 0 1 0 0  aaa99888897aa8977795a854299a54586a7367a693664
7123 1 0 17 10 5 0 1 0 0  aaa99888895aa8976595a876299a76584a6347a396747
7184 1 0 18 1 3 1 0 0 0  aaa99777498aa7957898a888899a47666a3256a596534
7186 1 0 18 1 3 2 0 0 0  aaa99777398aa7957898a888899a57666a3446a296545
7194 1 0 18 1 5 0 0 0 0  aaa99777598aa7937898a888899a37546a5562a694664
7559 1 0 19 0 5 2 1 0 0  aaa99888897aa8975793a837299a85746a5467a694665
7849 1 0 19 9 0 0 1 0 0  aaa99888897aa8966396a863799a86777a7545a592445
7885 1 0 19 10 0 0 1 0 0  aaa99888896aa8967696a847599a87533a7524a597674
7913 1 0 19 10 4 2 1 0 0  aaa99888896aa8947295a847699a87666a7555a397374
8260 1 0 20 9 2 2 0 0 0  aaa99757498aa7963898a888699a66875a3756a792454
8334 1 0 21 0 3 0 0 0 0  aaa99878792aa8977796a766599a65685a4843a898345
8335 1 0 21 0 3 0 1 0 0  aaa99878795aa8977796a766599a63685a3854a898424
8526 1 0 21 5 5 0 0 0 0  aaa99868497aa8977795a653799a44586a3867a898625
8620 1 0 21 8 2 2 0 0 0  aaa99858497aa8963797a773699a66785a2856a898454
8726 1 0 22 0 2 1 0 0 0  aaa99787597aa7954697a873699a63668a2485a894885
8789 1 0 22 2 0 2 1 0 0  aaa99787797aa7966295a876699a64538a4585a893884
9036 1 0 22 9 0 0 0 0 0  aaa99686597aa7964795a845799a77668a3582a893884
9121 1 1 0 0 2 0 1 0 0  aaa99988499aa8877892a787676a96686a4557a353954
9133 1 1 0 0 4 0 1 0 0  aaa99988499aa8877892a787676a94686a6557a353954
9149 1 1 0 1 0 2 1 0 0  aaa99988699aa8866897a787277a94685a4356a573954
9181 1 1 0 2 0 0 1 0 0  aaa99988699aa8866897a787277a94687a4556a353954
9183 1 1 0 2 0 1 1 0 0  aaa99988699aa8866897a787277a94687a4556a355934
9185 1 1 0 2 0 2 1 0 0  aaa99988699aa8866897a787277a94687a4536a555934
9206 1 1 0 2 4 1 0 0 0  aaa99988599aa8844897a787677a94687a3666a555932
9230 1 1 0 3 2 1 0 0 0  aaa99988599aa8854896a783777a97687a3645a662945
9248 1 1 0 3 5 1 0 0 0  aaa99988599aa8844896a784777a97687a3666a555932
9293 1 1 0 5 0 2 1 0 0  aaa99988699aa8866897a787373a95784a5646a725945
9365 1 1 0 7 0 2 1 0 0  aaa99988799aa8866897a787275a96687a4536a554934
9469 1 1 0 10 0 0 1 0 0  aaa99988699aa8866897a585276a95785a4777a364934
9476 1 1 0 10 1 1 0 0 0  aaa99988599aa8844897a684676a96786a3777a555932
9577 1 1 1 2 0 0 1 0 0  aaa99988899aa8866897a776278a97657a5536a444935
9581 1 1 1 2 0 2 1 0 0  aaa99988899aa8866897a776278a97657a4536a554934
9698 1 1 1 5 2 1 0 0 0  aaa99988899aa8854897a775678a93766a3645a762945
9715 1 1 1 5 5 0 1 0 0  aaa99988899aa8846897a776278a96755a6533a746954
9721 1 1 1 6 0 0 1 0 0  aaa99988899aa8866897a777278a96755a4656a354934
9770 1 1 1 7 2 1 0 0 0  aaa99988899aa8875897a774678a93667a3566a545924
9772 1 1 1 7 2 2 0 0 0  aaa99988899aa8875897a775678a95667a5466a433942
9793 1 1 1 8 0 0 1 0 0  aaa99988899aa8866897a777278a96657a5536a444935
9797 1 1 1 8 0 2 1 0 0  aaa99988899aa8866897a777278a96657a4536a554934
9865 1 1 1 10 0 0 1 0 0  aaa99988899aa8866897a664278a96755a4777a353954
9936 1 1 2 1 0 0 0 0 0  aaa99988899aa8847797a766728a96685a7556a354934
9937 1 1 2 1 0 0 1 0 0  aaa99988899aa8847797a766728a96685a7556a345934
9988 1 1 2 2 2 2 0 0 0  aaa99988899aa8854797a753768a93682a7765a644965
10174 1 1 2 7 3 2 0 0 0  aaa99988899aa8854797a753768a93686a6725a644975
10265 1 1 2 10 0 2 1 0 0  aaa99988899aa8866397a665378a96784a5777a425945
10321 1 1 3 0 4 0 1 0 0  aaa99988899aa8877692a787678a94666a4557a353954
10482 1 1 3 5 1 0 0 0 0  aaa99988899aa8865797a784728a97666a3756a545934
10484 1 1 3 5 1 1 0 0 0  aaa99988899aa8865797a783748a97666a3746a555942
10585 1 1 3 8 0 0 1 0 0  aaa99988899aa8866797a787728a96655a4756a354934
10697 1 1 4 0 0 2 1 0 0  aaa99988899aa7786898a866277a94657a7536a554934
10729 1 1 4 1 0 0 1 0 0  aaa99988899aa7787898a866727a96755a4656a354934
10765 1 1 4 2 0 0 1 0 0  aaa99988899aa7787898a866277a96657a5536a444935
10769 1 1 4 2 0 2 1 0 0  aaa99988899aa7787898a866277a96657a4536a554934
10903 1 1 4 5 5 0 1 0 0  aaa99988899aa7787898a846557a96275a6574a336964
10905 1 1 4 5 5 1 1 0 0  aaa99988899aa7787898a846527a96575a6574a336964
11117 1 1 5 0 4 2 1 0 0  aaa99988899aa8877297a874765a97666a6538a554934
11121 1 1 5 0 5 1 1 0 0  aaa99988899aa8877297a874756a97565a5638a664934
11123 1 1 5 0 5 2 1 0 0  aaa99988899aa8877297a875746a97463a5648a665935
11137 1 1 5 1 2 0 1 0 0  aaa99988899aa8855797a875766a96673a4268a754934
11149 1 1 5 1 4 0 1 0 0  aaa99988899aa8855797a875762a96673a4668a754934
11179 1 1 5 2 3 0 1 0 0  aaa99988899aa8855797a875766a96627a4738a654934
11303 1 1 5 5 5 2 1 0 0  aaa99988899aa8835797a875727a95464a4678a666953
11340 1 1 5 7 0 0 0 0 0  aaa99988899aa8874797a873766a93655a6758a645924
11358 1 1 5 7 3 0 0 0 0  aaa99988899aa8874797a873766a96655a3758a645924
11471 1 1 5 10 3 2 1 0 0  aaa99988899aa8835696a865627a95474a4768a777953
11557 1 1 6 2 0 0 1 0 0  aaa99988899aa8866897a787277a96657a5536a444935
11561 1 1 6 2 0 2 1 0 0  aaa99988899aa8866897a787277a96657a4536a554934
11665 1 1 6 5 0 0 1 0 0  aaa99988899aa8866897a787575a96725a4636a754934
11708 1 1 6 6 1 1 0 0 0  aaa99988899aa8864897a484777a97666a3576a553952
11989 1 1 7 3 0 0 1 0 0  aaa99966799aa8888898a646758a97777a3526a543954
12007 1 1 7 3 3 0 1 0 0  aaa99964799aa8888898a666758a97777a3526a543954
12065 1 1 7 5 0 2 1 0 0  aaa99977799aa8888898a766258a96567a4557a364934
12101 1 1 7 6 0 2 1 0 0  aaa99966599aa8888898a626738a95774a7377a465945
12119 1 1 7 6 3 2 1 0 0  aaa99966699aa8888898a625738a95774a7377a465945
12144 1 1 7 7 2 0 0 0 0  aaa99977799aa8888898a755628a97643a6667a354954
12145 1 1 7 7 2 0 1 0 0  aaa99977799aa8888898a754628a97655a6667a354934
12146 1 1 7 7 2 1 0 0 0  aaa99977799aa8888898a734628a97655a6667a455943
12147 1 1 7 7 2 1 1 0 0  aaa99977799aa8888898a754628a97653a6667a554934
12148 1 1 7 7 2 2 0 0 0  aaa99977799aa8888898a734628a97654a6667a555943
12149 1 1 7 7 2 2 1 0 0  aaa99977799aa8888898a724368a97663a6567a555944
12283 1 1 8 0 1 0 1 0 0  aaa99988899aa8877697a687667a94553a4258a675934
12285 1 1 8 0 1 1 1 0 0  aaa99988899aa8877697a687667a94553a5258a674934
12641 1 1 8 10 0 2 1 0 0  aaa99988899aa8825696a485637a95374a6768a777945
12659 1 1 8 10 3 2 1 0 0  aaa99988899aa8825696a685337a96674a5748a777945
12667 1 1 8 10 5 0 1 0 0  aaa99988899aa8836594a586547a96472a6758a777963
12671 1 1 8 10 5 2 1 0 0  aaa99988899aa8826395a486357a96574a6758a777946
12858 1 1 9 5 1 0 0 0 0  aaa99988899aa8844797a784757a98656a6657a563932
12859 1 1 9 5 1 0 1 0 0  aaa99988899aa8834797a784757a98656a6657a564923
12863 1 1 9 5 1 2 1 0 0  aaa99988899aa8825797a785737a98646a6637a464955
12895 1 1 9 6 1 0 1 0 0  aaa99988899aa8864797a787727a98666a4556a353954
12932 1 1 9 7 1 1 0 0 0  aaa99988899aa8864797a783755a98666a3726a545974
12934 1 1 9 7 1 2 0 0 0  aaa99988899aa8865797a785744a98666a5746a335972
13067 1 1 9 10 5 2 1 0 0  aaa99988899aa8825397a485376a98764a5777a666945
13141 1 1 10 2 0 0 1 0 0  aaa99986699aa8888897a776278a97657a5536a444935
13145 1 1 10 2 0 2 1 0 0  aaa99986699aa8888897a776278a97657a4536a554934
13262 1 1 10 5 2 1 0 0 0  aaa99985499aa8888897a775678a93766a3645a762945
13279 1 1 10 5 5 0 1 0 0  aaa99984699aa8888897a776278a96755a6533a746954
13285 1 1 10 6 0 0 1 0 0  aaa99986699aa8888897a777278a96755a4656a354934
13334 1 1 10 7 2 1 0 0 0  aaa99987599aa8888897a774678a93667a3566a545924
13336 1 1 10 7 2 2 0 0 0  aaa99987599aa8888897a775678a95667a5466a433942
13357 1 1 10 8 0 0 1 0 0  aaa99986699aa8888897a777278a96657a5536a444935
13361 1 1 10 8 0 2 1 0 0  aaa99986699aa8888897a777278a96657a4536a554934
13429 1 1 10 10 0 0 1 0 0  aaa99986699aa8888897a664278a96755a4777a353954
13573 1 1 11 3 0 0 1 0 0  aaa99966499aa7777898a888877a94286a6556a353954
13638 1 1 11 4 5 0 0 0 0  aaa99977799aa6554898a888876a93784a4675a663952
13696 1 1 11 6 2 2 0 0 0  aaa99966699aa7777898a888847a95286a5764a335954
14268 1 1 13 0 2 0 0 0 0  aaa99977599aa8888896a747678a94686a3657a525934
14287 1 1 13 0 5 0 1 0 0  aaa99977699aa8888895a757378a96583a6427a446965
14365 1 1 13 3 0 0 1 0 0  aaa99966499aa8888897a777778a94286a6556a353954
14449 1 1 13 5 2 0 1 0 0  aaa99977799aa8888896a766268a94687a4557a353954
14451 1 1 13 5 2 1 1 0 0  aaa99977799aa8888896a766268a94687a4557a355934
14453 1 1 13 5 2 2 1 0 0  aaa99977799aa8888896a766268a94687a4537a555934
14459 1 1 13 5 3 2 1 0 0  aaa99977799aa8888896a766268a95487a5447a365935
14467 1 1 13 5 5 0 1 0 0  aaa99977799aa8888896a755268a95687a4667a354934
14485 1 1 13 6 2 0 1 0 0  aaa99966699aa8888897a777278a94786a4565a533945
14491 1 1 13 6 3 0 1 0 0  aaa99966699aa8888897a777278a94786a4556a353954
14493 1 1 13 6 3 1 1 0 0  aaa99966699aa8888897a777278a94786a4556a355934
14495 1 1 13 6 3 2 1 0 0  aaa99966699aa8888897a777278a94786a4536a555934
14629 1 1 13 10 2 0 1 0 0  aaa99966699aa8888897a655278a95786a4777a354934
14654 1 1 14 0 0 1 0 0 0  aaa99977599aa8888796a764668a93785a3857a464952
14656 1 1 14 0 0 2 0 0 0  aaa99977599aa8888796a765668a95784a5837a464932
14676 1 1 14 0 4 0 0 0 0  aaa99977499aa8888795a753658a93786a2867a644965
14776 1 1 14 3 2 2 0 0 0  aaa99966699aa8888797a775748a95286a7864a335954
14855 1 1 14 5 3 2 1 0 0  aaa99977799aa8888696a765638a95387a5867a444952
14868 1 1 14 6 0 0 0 0 0  aaa99966599aa8888797a774738a97386a6856a545924
14875 1 1 14 6 1 0 1 0 0  aaa99966699aa8888797a774728a97686a4855a533945
14884 1 1 14 6 2 2 0 0 0  aaa99966699aa8888797a775748a97286a5864a335954
14905 1 1 14 7 0 0 1 0 0  aaa99977799aa8888696a743658a97585a6867a543924
14909 1 1 14 7 0 2 1 0 0  aaa99977799aa8888693a764638a97685a4857a564952
14927 1 1 14 7 3 2 1 0 0  aaa99977799aa8888696a765638a97384a5867a425945
14935 1 1 14 7 5 0 1 0 0  aaa99977799aa8888594a756548a97483a6837a256966
14939 1 1 14 7 5 2 1 0 0  aaa99977799aa8888396a735268a97684a5866a475945
14940 1 1 14 8 0 0 0 0 0  aaa99966599aa8888797a774628a97786a3856a545934
14942 1 1 14 8 0 1 0 0 0  aaa99966599aa8888797a773648a97786a3846a555942
14947 1 1 14 8 1 0 1 0 0  aaa99966699aa8888797a774628a97786a4855a533945
14963 1 1 14 8 3 2 1 0 0  aaa99966699aa8888797a775338a97786a5846a425945
14992 1 1 14 9 2 2 0 0 0  aaa99966699aa8888797a777748a95286a5864a335954
15073 1 1 15 0 4 0 1 0 0  aaa99988899aa7875297a874767a94666a6558a385934
15075 1 1 15 0 4 1 1 0 0  aaa99988899aa7875297a874767a94666a6538a585934
15076 1 1 15 0 4 2 0 0 0  aaa99988899aa7875297a875767a95666a6348a385944
15077 1 1 15 0 4 2 1 0 0  aaa99988899aa7875297a875767a95666a6438a484935
15079 1 1 15 0 5 0 1 0 0  aaa99988899aa7876597a876757a96554a6248a486933
15080 1 1 15 0 5 1 0 0 0  aaa99988899aa7876297a876757a96555a6348a386944
15081 1 1 15 0 5 1 1 0 0  aaa99988899aa7876597a876757a96524a6548a486933
15082 1 1 15 0 5 2 0 0 0  aaa99988899aa7876297a876757a96534a6558a386944
15083 1 1 15 0 5 2 1 0 0  aaa99988899aa7876297a876757a96543a6558a484936
15089 1 1 15 1 0 2 1 0 0  aaa99988899aa7877797a825667a95364a5368a486945
15107 1 1 15 1 3 2 1 0 0  aaa99988899aa7877797a825667a96364a5368a485945
15135 1 1 15 2 2 1 1 0 0  aaa99988899aa7877696a876727a94655a5658a384934
15137 1 1 15 2 2 2 1 0 0  aaa99988899aa7877696a876727a94635a4658a583954
15149 1 1 15 2 4 2 1 0 0  aaa99988899aa7877296a875747a95666a6448a385935
15151 1 1 15 2 5 0 1 0 0  aaa99988899aa7877296a875767a94653a5668a584934
15153 1 1 15 2 5 1 1 0 0  aaa99988899aa7877296a875767a94655a5668a384934
15154 1 1 15 2 5 2 0 0 0  aaa99988899aa7877296a875767a95634a5668a385944
15155 1 1 15 2 5 2 1 0 0  aaa99988899aa7877296a875767a95643a5668a484935
15335 1 1 15 7 5 2 1 0 0  aaa99988899aa7877296a875467a95644a7668a385935
15431 1 1 15 10 3 2 1 0 0  aaa99988899aa7835696a865627a95474a4768a787953
15457 1 1 16 0 2 0 1 0 0  aaa99988899aa7874297a874767a98665a6368a553945
15461 1 1 16 0 2 2 1 0 0  aaa99988899aa7874297a874767a98663a6568a555934
15463 1 1 16 0 3 0 1 0 0  aaa99988899aa7875297a874767a98666a4558a365934
15465 1 1 16 0 3 1 1 0 0  aaa99988899aa7875297a874767a98666a4538a565934
15466 1 1 16 0 3 2 0 0 0  aaa99988899aa7875297a875767a98666a5348a365944
15467 1 1 16 0 3 2 1 0 0  aaa99988899aa7875297a875767a98666a5438a464935
15469 1 1 16 0 4 0 1 0 0  aaa99988899aa7874297a874767a98666a6558a353954
15471 1 1 16 0 4 1 1 0 0  aaa99988899aa7874297a874767a98666a6558a355934
15473 1 1 16 0 4 2 1 0 0  aaa99988899aa7874297a874767a98666a6538a555934
15477 1 1 16 0 5 1 1 0 0  aaa99988899aa7874297a874757a98565a5638a666934
15479 1 1 16 0 5 2 1 0 0  aaa99988899aa7875297a875747a98463a5648a666935
15492 1 1 16 1 2 0 0 0 0  aaa99988899aa7877797a855627a98643a6668a354954
15493 1 1 16 1 2 0 1 0 0  aaa99988899aa7877797a854627a98655a6668a354934
15494 1 1 16 1 2 1 0 0 0  aaa99988899aa7877797a834627a98655a6668a455943
15495 1 1 16 1 2 1 1 0 0  aaa99988899aa7877797a854627a98653a6668a554934
15496 1 1 16 1 2 2 0 0 0  aaa99988899aa7877797a834627a98654a6668a555943
15497 1 1 16 1 2 2 1 0 0  aaa99988899aa7877797a824367a98663a6568a555944
15529 1 1 16 2 2 0 1 0 0  aaa99988899aa7877696a876727a98655a4658a354934
15535 1 1 16 2 3 0 1 0 0  aaa99988899aa7877696a876737a98655a4358a256944
15547 1 1 16 2 5 0 1 0 0  aaa99988899aa7877296a874767a98655a4668a353954
15549 1 1 16 2 5 1 1 0 0  aaa99988899aa7877296a874767a98655a5668a354934
15551 1 1 16 2 5 2 1 0 0  aaa99988899aa7877296a874767a98653a4668a555934
15659 1 1 16 5 5 2 1 0 0  aaa99988899aa7877396a875367a98674a5668a425945
15827 1 1 16 10 3 2 1 0 0  aaa99988899aa7835696a865627a98474a4768a775953
15876 1 1 17 1 0 0 0 0 0  aaa99984799aa8888797a766728a96685a7556a354934
15877 1 1 17 1 0 0 1 0 0  aaa99984799aa8888797a766728a96685a7556a345934
15928 1 1 17 2 2 2 0 0 0  aaa99985499aa8888797a753768a93682a7765a644965
16114 1 1 17 7 3 2 0 0 0  aaa99985499aa8888797a753768a93686a6725a644975
16205 1 1 17 10 0 2 1 0 0  aaa99986699aa8888397a665378a96784a5777a425945
16468 1 1 18 6 2 2 0 0 0  aaa99966699aa7777898a888848a95276a5764a335954
16657 1 1 19 0 4 0 1 0 0  aaa99987799aa8888692a787678a94666a4557a353954
16818 1 1 19 5 1 0 0 0 0  aaa99986599aa8888797a784728a97666a3756a545934
16820 1 1 19 5 1 1 0 0 0  aaa99986599aa8888797a783748a97666a3746a555942
16921 1 1 19 8 0 0 1 0 0  aaa99986699aa8888797a787728a96655a4756a354934
17065 1 1 20 1 0 0 1 0 0  aaa99977799aa7766898a888827a96655a4856a354934
17260 1 1 20 6 2 2 0 0 0  aaa99966699aa7777898a888847a95276a5864a335954
17317 1 1 20 8 0 0 1 0 0  aaa99976699aa7777898a888827a96655a4856a354934
17497 1 1 21 2 0 0 1 0 0  aaa99977799aa7766598a578582a96863a4888a564934
17531 1 1 21 2 5 2 1 0 0  aaa99977799aa7725398a478386a95864a5888a666945
17605 1 1 21 5 0 0 1 0 0  aaa99977799aa6765298a768686a94853a5888a574934
17607 1 1 21 5 0 1 1 0 0  aaa99977799aa6765298a768686a94855a5888a374934
17608 1 1 21 5 0 2 0 0 0  aaa99977799aa6765298a768686a95834a5888a375944
17609 1 1 21 5 0 2 1 0 0  aaa99977799aa6765298a768686a95843a5888a474935
17621 1 1 21 5 2 2 1 0 0  aaa99977799aa6766398a738286a95864a5888a475945
17627 1 1 21 5 3 2 1 0 0  aaa99977799aa6766298a768586a94855a5888a374934
17663 1 1 21 6 3 2 1 0 0  aaa99966699aa7777398a638287a95874a5888a465945
17664 1 1 21 6 4 0 0 0 0  aaa99966499aa7777598a658587a93876a3888a644925
17683 1 1 21 7 1 0 1 0 0  aaa99977799aa6766698a578286a97855a4888a354934
17711 1 1 21 7 5 2 1 0 0  aaa99977799aa6725398a478386a97864a5888a665945
17771 1 1 21 9 3 2 1 0 0  aaa99966699aa7627398a468387a95874a5888a775945
17772 1 1 21 9 4 0 0 0 0  aaa99966499aa7657598a658487a95876a4888a773932
17789 1 1 21 10 0 2 1 0 0  aaa99966599aa7626398a468387a95874a5888a777945
17807 1 1 21 10 3 2 1 0 0  aaa99966699aa7625398a468387a95874a5888a777945
17820 1 1 22 0 0 0 0 0 0  aaa99977599aa8737796a674268a96586a5845a888943
17860 1 1 22 1 0 2 0 0 0  aaa99977799aa8665794a765738a95686a5843a888942
17880 1 1 22 1 4 0 0 0 0  aaa99977799aa8554796a763768a93684a4865a888952
17886 1 1 22 1 5 0 0 0 0  aaa99977799aa8554796a744768a93685a3866a888925
17968 1 1 22 4 0 2 0 0 0  aaa99977799aa8665797a765648a95386a5843a888942
18023 1 1 22 5 3 2 1 0 0  aaa99977799aa8735696a765628a95484a4867a888953
18042 1 1 22 6 1 0 0 0 0  aaa99966699aa8545797a775748a97686a3854a888932
18107 1 1 22 7 5 2 1 0 0  aaa99977799aa8725396a475368a97684a5866a888945
18113 1 1 22 8 0 2 1 0 0  aaa99966599aa8626797a775338a97784a5846a888945
18114 1 1 22 8 1 0 0 0 0  aaa99966699aa8545797a775648a97786a3854a888932
18131 1 1 22 8 3 2 1 0 0  aaa99966699aa8625797a775338a97784a5846a888945
18287 1 2 0 1 5 2 1 0 0  aaa99988692aa8986897a877897a46775a6354a536954
18314 1 2 0 2 4 1 0 0 0  aaa99988596aa8984897a877896a73775a3654a662954
18372 1 2 0 4 2 0 0 0 0  aaa99988596aa8984897a877896a63777a3645a655942
18374 1 2 0 4 2 1 0 0 0  aaa99988596aa8984897a877896a63777a3645a652945
18422 1 2 0 5 4 1 0 0 0  aaa99988596aa8984897a877896a73765a3754a662954
18432 1 2 0 6 0 0 0 0 0  aaa99988597aa8984896a863897a77676a3754a565924
18434 1 2 0 6 0 1 0 0 0  aaa99988597aa8984896a863897a77676a3754a562954
18536 1 2 0 8 5 1 0 0 0  aaa99988597aa8984896a873897a77674a4666a555932
19470 1 2 3 1 5 0 0 0 0  aaa99988897aa7987897a875896a74564a5653a662943
20030 1 2 4 6 2 1 0 0 0  aaa99988897aa6985898a844797a74767a3666a555932
20048 1 2 4 6 5 1 0 0 0  aaa99988897aa6985898a854797a73767a3645a662945
20174 1 2 4 10 2 1 0 0 0  aaa99988896aa7985898a854697a63676a3745a772945
20215 1 2 5 0 3 0 1 0 0  aaa99988897aa7984897a864796a66268a7755a533945
20345 1 2 5 4 0 2 1 0 0  aaa99988897aa7987896a876295a76668a4537a554934
20371 1 2 5 4 5 0 1 0 0  aaa99988897aa7987895a875296a75568a4637a664934
20442 1 2 5 6 5 0 0 0 0  aaa99988897aa6985895a845797a74768a7652a663934
20514 1 2 5 8 5 0 0 0 0  aaa99988897aa6987895a845797a75768a4652a663934
20550 1 2 5 9 5 0 0 0 0  aaa99988897aa6985895a845797a77768a4652a663934
20579 1 2 5 10 3 2 1 0 0  aaa99988894aa7985896a866497a64678a5733a775952
20580 1 2 5 10 4 0 0 0 0  aaa99988896aa7985895a845697a66678a4752a773934
20587 1 2 5 10 5 0 1 0 0  aaa99988894aa7986895a856497a46578a6733a776925
20593 1 2 6 0 0 0 1 0 0  aaa99988897aa8987892a877796a64766a4556a353954
20699 1 2 6 2 5 2 1 0 0  aaa99988893aa8985897a877396a75774a5642a666945
20807 1 2 6 5 5 2 1 0 0  aaa99988893aa8985897a877396a75764a5742a666945
20810 1 2 6 6 0 1 0 0 0  aaa99988897aa8984896a863797a73767a2645a555946
20838 1 2 6 6 5 0 0 0 0  aaa99988897aa8985895a845797a74767a3652a666934
20845 1 2 6 7 0 0 1 0 0  aaa99988893aa8987897a877696a73746a2655a544965
20879 1 2 6 7 5 2 1 0 0  aaa99988893aa8987897a877396a75764a5642a665945
20975 1 2 6 10 3 2 1 0 0  aaa99988893aa8985896a866397a65674a5742a777945
20983 1 2 6 10 5 0 1 0 0  aaa99988894aa8986895a856497a46572a6733a777965
21173 1 2 7 5 0 2 1 0 0  aaa99977798aa8988898a766295a76857a4636a554934
21192 1 2 7 5 4 0 0 0 0  aaa99977798aa8988898a755296a76867a5645a634943
21193 1 2 7 5 4 0 1 0 0  aaa99977798aa8988898a755296a76867a5633a654944
21195 1 2 7 5 4 1 1 0 0  aaa99977798aa8988898a755296a76867a4635a654934
21199 1 2 7 5 5 0 1 0 0  aaa99977798aa8988898a755296a75867a4635a664934
21312 1 2 7 9 0 0 0 0 0  aaa99966498aa8988898a656497a67875a4755a773932
21327 1 2 7 9 2 1 1 0 0  aaa99966698aa8988898a655297a57876a4735a774934
21410 1 2 8 0 4 1 0 0 0  aaa99988897aa7985798a874696a83775a3654a662954
21502 1 2 8 3 1 2 0 0 0  aaa99988897aa5987798a864797a83666a3526a545974
21630 1 2 8 6 5 0 0 0 0  aaa99988897aa6985798a877797a84564a5653a662943
21702 1 2 8 8 5 0 0 0 0  aaa99988897aa6987798a875797a84564a5653a662943
21738 1 2 8 9 5 0 0 0 0  aaa99988897aa6985798a874797a87564a5653a662943
21756 1 2 8 10 2 0 0 0 0  aaa99988896aa7985698a866697a84574a5753a772943
21768 1 2 8 10 4 0 0 0 0  aaa99988896aa7985698a864697a86574a5753a772943
21778 1 2 8 10 5 2 0 0 0  aaa99988894aa7986498a846597a86575a5733a776962
21779 1 2 8 10 5 2 1 0 0  aaa99988893aa7986398a846597a86575a5724a776964
21893 1 2 9 3 0 2 1 0 0  aaa99988897aa5987798a866797a48353a6626a545974
22033 1 2 9 7 0 0 1 0 0  aaa99988897aa7987798a866596a68573a6534a542974
22361 1 2 10 5 0 2 1 0 0  aaa99977798aa8988898a766295a76687a4536a554934
22558 1 2 10 10 3 2 0 0 0  aaa99975498aa8988898a744696a63687a3275a756975
22566 1 2 10 10 5 0 0 0 0  aaa99976598aa8988898a764594a65587a3276a764973
22573 1 2 11 0 0 0 1 0 0  aaa99977498aa8977898a888796a64267a6556a353954
22645 1 2 11 2 0 0 1 0 0  aaa99977798aa8974898a888796a64267a6556a353954
22782 1 2 11 5 5 0 0 0 0  aaa99977798aa8975898a888596a45567a4672a663934
22969 1 2 12 0 0 0 1 0 0  aaa99977498aa8988898a877796a64267a6556a353954
23041 1 2 12 2 0 0 1 0 0  aaa99977798aa8988898a874796a64267a6556a353954
23178 1 2 12 5 5 0 0 0 0  aaa99977798aa8988898a875596a45567a4672a663934
23773 1 2 14 0 2 0 1 0 0  aaa99977598aa8988697a766792a74583a5856a864934
23775 1 2 14 0 2 1 1 0 0  aaa99977598aa8988697a766792a74585a5836a864934
23776 1 2 14 0 2 2 0 0 0  aaa99977598aa8988697a766792a75384a5836a865944
23777 1 2 14 0 2 2 1 0 0  aaa99977598aa8988697a766793a75284a5846a863945
23837 1 2 14 2 0 2 1 0 0  aaa99977798aa8988697a765694a75386a5836a844952
23855 1 2 14 2 3 2 1 0 0  aaa99977798aa8988697a766693a75284a5846a835945
23863 1 2 14 2 5 0 1 0 0  aaa99977798aa8988597a756593a76482a6844a836965
23885 1 2 14 3 2 2 1 0 0  aaa99966698aa8988797a774793a54286a7865a853945
23890 1 2 14 3 3 2 0 0 0  aaa99966698aa8988797a775793a65486a7824a835954
23901 1 2 14 3 5 1 1 0 0  aaa99956598aa8988797a774793a64285a7856a863946
23945 1 2 14 5 0 2 1 0 0  aaa99977798aa8988696a754693a74287a6865a853945
23950 1 2 14 5 1 2 0 0 0  aaa99977798aa8988696a765693a75487a6824a835954
23963 1 2 14 5 3 2 1 0 0  aaa99977798aa8988696a765694a75387a5863a844952
23968 1 2 14 5 4 2 0 0 0  aaa99977798aa8988696a766693a75487a5824a835954
23971 1 2 14 5 5 0 1 0 0  aaa99977798aa8988595a746593a76287a6854a836964
23972 1 2 14 5 5 1 0 0 0  aaa99977798aa8988595a756593a76487a6824a836964
23976 1 2 14 6 0 0 0 0 0  aaa99966598aa8988797a774797a63686a3845a855942
23978 1 2 14 6 0 1 0 0 0  aaa99966598aa8988797a774797a63686a3845a852945
24022 1 2 14 7 1 2 0 0 0  aaa99977798aa8988696a765693a75486a7824a835954
24101 1 2 14 9 2 2 1 0 0  aaa99966698aa8988797a777793a54286a4865a853945
24106 1 2 14 9 3 2 0 0 0  aaa99966698aa8988797a777793a65486a5824a835954
24129 1 2 14 10 1 1 1 0 0  aaa99957598aa8988696a674693a74285a6857a873947
24157 1 2 15 0 0 0 1 0 0  aaa99988897aa7986797a866295a85678a7536a444935
24161 1 2 15 0 0 2 1 0 0  aaa99988897aa7986797a866295a84678a7536a554934
24197 1 2 15 1 0 2 1 0 0  aaa99988897aa7987797a866295a86758a4636a554934
24216 1 2 15 1 4 0 0 0 0  aaa99988897aa7987797a855296a86768a5645a634943
24217 1 2 15 1 4 0 1 0 0  aaa99988897aa7987797a855296a86768a5633a654944
24219 1 2 15 1 4 1 1 0 0  aaa99988897aa7987797a855296a86768a4635a654934
24223 1 2 15 1 5 0 1 0 0  aaa99988897aa7987797a855296a85768a4635a664934
24233 1 2 15 2 0 2 1 0 0  aaa99988897aa7987797a866295a86678a4536a554934
24469 1 2 15 8 4 0 1 0 0  aaa99988897aa6986797a877296a84768a4655a533945
24530 1 2 15 10 2 1 0 0 0  aaa99988896aa7985696a865697a83578a5744a773942
24612 1 2 16 1 4 0 0 0 0  aaa99988897aa7987797a855296a68768a5645a634943
24613 1 2 16 1 4 0 1 0 0  aaa99988897aa7987797a855296a68768a5633a654944
24615 1 2 16 1 4 1 1 0 0  aaa99988897aa7987797a855296a68768a4635a654934
24621 1 2 16 1 5 1 1 0 0  aaa99988897aa7987797a855296a58768a4635a664934
24805 1 2 16 7 0 0 1 0 0  aaa99988897aa7987796a863294a68678a6455a543975
24943 1 2 16 10 5 0 1 0 0  aaa99988895aa7986595a846297a48578a6733a776964
24954 1 2 17 0 1 0 0 0 0  aaa99977598aa8988897a764897a73666a3856a545924
24956 1 2 17 0 1 1 0 0 0  aaa99977598aa8988897a764897a73666a3846a555942
25093 1 2 17 4 0 0 1 0 0  aaa99977798aa8988896a655892a65777a4836a654934
25368 1 2 18 0 4 0 0 0 0  aaa99977598aa7974898a888896a63767a3645a655942
25370 1 2 18 0 4 1 0 0 0  aaa99977598aa7974898a888896a63767a3645a652945
25376 1 2 18 0 5 1 0 0 0  aaa99977598aa7974898a888896a53767a3645a662945
25668 1 2 18 9 0 0 0 0 0  aaa99966598aa7974898a888897a63676a3745a755942
25670 1 2 18 9 0 1 0 0 0  aaa99966598aa7974898a888897a63676a3745a752945
25706 1 2 18 10 0 1 0 0 0  aaa99966598aa7964898a888897a53676a3745a772945
25790 1 2 19 1 2 1 0 0 0  aaa99968598aa8988897a774797a44786a3666a555932
25814 1 2 19 2 0 1 0 0 0  aaa99978498aa8988897a773796a63784a4665a555926
25926 1 2 19 5 1 0 0 0 0  aaa99978598aa8988897a774696a63786a3765a455942
25928 1 2 19 5 1 1 0 0 0  aaa99978598aa8988897a774696a63786a3764a555924
25938 1 2 19 5 3 0 0 0 0  aaa99978598aa8988897a773696a63786a2755a446954
26018 1 2 19 7 4 1 0 0 0  aaa99978598aa8988897a774696a73785a3654a662954
26160 1 2 20 0 4 0 0 0 0  aaa99977598aa7974898a888796a63867a3645a655942
26162 1 2 20 0 4 1 0 0 0  aaa99977598aa7974898a888796a63867a3645a652945
26168 1 2 20 0 5 1 0 0 0  aaa99977598aa7974898a888796a53867a3645a662945
26498 1 2 20 10 0 1 0 0 0  aaa99966598aa7964898a888697a53876a3745a772945
26634 1 2 21 2 5 0 0 0 0  aaa99977798aa6975898a545898a88767a4652a663934
26933 1 2 22 0 0 2 1 0 0  aaa99977594aa8977796a765498a64686a5833a888952
26951 1 2 22 0 3 2 1 0 0  aaa99977593aa8977796a766398a65684a5842a888945
26959 1 2 22 0 5 0 1 0 0  aaa99977694aa8977795a756498a46582a6833a888965
27023 1 2 22 2 3 2 1 0 0  aaa99977793aa8975796a766398a65684a5842a888945
27031 1 2 22 2 5 0 1 0 0  aaa99977794aa8976795a756498a46582a6833a888965
27146 1 2 22 6 0 1 0 0 0  aaa99966597aa8964797a773798a53686a2845a888945
27218 1 2 22 8 0 1 0 0 0  aaa99966597aa8964797a773698a53786a2845a888945
27530 1 3 0 5 4 1 0 0 0  aaa99988596aa8984897a877896a93765a3754a662754
27566 1 3 0 6 4 1 0 0 0  aaa99988596aa8984897a844896a93777a7657a663552
27571 1 3 0 6 5 0 1 0 0  aaa99988592aa8984897a855896a94777a7637a666534
27625 1 3 0 8 2 0 1 0 0  aaa99988593aa8984897a864897a93777a7666a525546
27628 1 3 0 8 2 2 0 0 0  aaa99988592aa8985897a865897a95777a7666a344436
27674 1 3 0 9 4 1 0 0 0  aaa99988596aa8984897a847896a93765a3777a662554
27950 1 3 1 6 2 1 0 0 0  aaa99988898aa8954897a853796a95777a3627a644665
27952 1 3 1 6 2 2 0 0 0  aaa99988898aa8945897a835796a95777a5627a644663
28715 1 3 3 5 3 2 1 0 0  aaa99988897aa7987896a857892a94676a6735a654534
28759 1 3 3 6 5 0 1 0 0  aaa99988892aa6985897a855896a94777a7637a664534
29471 1 3 5 4 3 2 1 0 0  aaa99988897aa7987897a856696a96728a4735a654534
29597 1 3 5 8 0 2 1 0 0  aaa99988897aa6986892a856797a97738a4665a753544
29687 1 3 5 10 3 2 1 0 0  aaa99988894aa7985896a866497a94678a5733a775652
29695 1 3 5 10 5 0 1 0 0  aaa99988893aa7986895a856397a96578a6742a776445
29701 1 3 6 0 0 0 1 0 0  aaa99988897aa8987895a877796a96766a4533a524546
29915 1 3 6 5 5 2 1 0 0  aaa99988893aa8985897a877396a95764a5742a666745
29956 1 3 6 7 0 2 0 0 0  aaa99988892aa8987897a877696a95736a5644a375654
29957 1 3 6 7 0 2 1 0 0  aaa99988892aa8987897a877696a95746a5633a474655
29982 1 3 6 7 5 0 0 0 0  aaa99988892aa8987897a877596a95765a4643a676345
29983 1 3 6 7 5 0 1 0 0  aaa99988895aa8987897a877596a93765a3654a676424
30083 1 3 6 10 3 2 1 0 0  aaa99988893aa8985896a866397a95674a5742a777645
30091 1 3 6 10 5 0 1 0 0  aaa99988893aa8986895a856397a96574a6742a777465
30307 1 3 7 5 5 0 1 0 0  aaa99977798aa8988898a755296a95867a4637a664534
30705 1 3 8 5 5 1 1 0 0  aaa99988897aa7987895a846792a96555a6738a746364
30887 1 3 8 10 5 2 1 0 0  aaa99988892aa7986893a846597a96575a5738a776464
31241 1 3 9 9 4 2 1 0 0  aaa99988897aa6986298a854796a98777a7635a654534
31284 1 3 10 0 0 0 0 0 0  aaa99977598aa8988898a747696a94786a3657a525634
31674 1 3 10 10 5 0 0 0 0  aaa99976598aa8988898a764594a95587a3276a764736
31897 1 3 11 6 0 0 1 0 0  aaa99966598aa8964898a888796a94773a7277a655534
32293 1 3 12 6 0 0 1 0 0  aaa99966598aa8988898a864796a94773a7277a655534
32893 1 3 14 0 4 0 1 0 0  aaa99977598aa8988792a755693a94786a4867a853664
32901 1 3 14 0 5 1 1 0 0  aaa99977698aa8988792a746593a96785a6857a836454
32993 1 3 14 3 2 2 1 0 0  aaa99966698aa8988797a774793a94286a7865a853545
33005 1 3 14 3 4 2 1 0 0  aaa99965698aa8988797a774793a94286a7865a853645
33049 1 3 14 5 0 0 1 0 0  aaa99977798aa8988696a755694a95287a6867a844533
33053 1 3 14 5 0 2 1 0 0  aaa99977798aa8988696a754693a94287a6867a853545
33071 1 3 14 5 3 2 1 0 0  aaa99977798aa8988696a765694a95287a5867a844353
33079 1 3 14 5 5 0 1 0 0  aaa99977798aa8988595a746593a96287a6857a836464
33098 1 3 14 6 2 1 0 0 0  aaa99966698aa8988797a774797a93586a3865a852445
33110 1 3 14 6 4 1 0 0 0  aaa99965698aa8988797a774797a93586a3865a844625
33121 1 3 14 7 0 0 1 0 0  aaa99977798aa8988696a753694a97585a6867a844532
33154 1 3 14 7 5 2 0 0 0  aaa99977798aa8988495a746492a97583a6855a876366
33155 1 3 14 7 5 2 1 0 0  aaa99977798aa8988495a726494a97583a6855a876366
33158 1 3 14 8 0 1 0 0 0  aaa99966598aa8988797a774697a93786a3856a844552
33175 1 3 14 8 3 0 1 0 0  aaa99966698aa8988797a775297a94786a4836a855534
33209 1 3 14 9 2 2 1 0 0  aaa99966698aa8988797a777793a94286a4865a853545
33221 1 3 14 9 4 2 1 0 0  aaa99965698aa8988797a777793a94286a4865a853645
33331 1 3 15 1 5 0 1 0 0  aaa99988897aa7987797a855296a95768a4638a664534
33547 1 3 15 7 5 0 1 0 0  aaa99988897aa7987795a854396a94578a3628a666574
33583 1 3 15 8 5 0 1 0 0  aaa99988897aa6985797a877296a94768a4638a655534
33638 1 3 15 10 2 1 0 0 0  aaa99988896aa7985696a864697a93478a4758a773552
33658 1 3 15 10 5 2 0 0 0  aaa99988895aa7986594a846597a95478a6738a776362
33659 1 3 15 10 5 2 1 0 0  aaa99988895aa7986594a836597a95478a6748a776362
33713 1 3 16 1 2 2 1 0 0  aaa99988897aa7987797a854692a98768a6635a654534
34051 1 3 16 10 5 0 1 0 0  aaa99988895aa7986595a846297a98578a6734a776364
34067 1 3 17 0 1 2 1 0 0  aaa99977498aa8988892a767893a94766a6857a563554
34433 1 3 17 10 2 2 1 0 0  aaa99976598aa8988896a766894a95347a5873a764752
34664 1 3 18 5 5 1 0 0 0  aaa99977798aa6974898a888896a93567a3675a652445
34790 1 3 18 9 2 1 0 0 0  aaa99966698aa7974898a888897a93576a3765a752445
34802 1 3 18 9 4 1 0 0 0  aaa99965698aa7974898a888897a93576a3765a744625
35030 1 3 19 5 0 1 0 0 0  aaa99978598aa8988897a774696a93786a3764a562554
35100 1 3 19 7 0 0 0 0 0  aaa99978598aa8988897a774696a93786a3654a575624
35102 1 3 19 7 0 1 0 0 0  aaa99978598aa8988897a774696a93786a3654a572654
35210 1 3 19 10 0 1 0 0 0  aaa99978598aa8988896a764695a93687a3574a765724
35231 1 3 19 10 3 2 1 0 0  aaa99978598aa8988896a766294a95687a5473a764753
35239 1 3 19 10 5 0 1 0 0  aaa99978698aa8988894a736595a96587a6474a756723
35570 1 3 20 9 0 1 0 0 0  aaa99966598aa7974898a888697a93876a3756a744552
35587 1 3 20 9 3 0 1 0 0  aaa99966698aa7975898a888297a94876a4736a755534
35642 1 3 21 0 0 1 0 0 0  aaa99977597aa8978697a764698a93486a4856a883552
35735 1 3 21 2 3 2 1 0 0  aaa99977793aa8978796a766398a95684a5842a885645
35743 1 3 21 2 5 0 1 0 0  aaa99977793aa8978795a756398a96584a6842a886465
35762 1 3 21 3 2 1 0 0 0  aaa99966695aa8958797a774798a93286a7865a883445
35765 1 3 21 3 2 2 1 0 0  aaa99966693aa8958797a774798a93286a7865a884545
35767 1 3 21 3 3 0 1 0 0  aaa99966693aa8968797a774798a93586a7852a884545
35774 1 3 21 3 4 1 0 0 0  aaa99965694aa8958797a774798a94586a7865a883632
35777 1 3 21 3 4 2 1 0 0  aaa99965693aa8958797a774798a93286a7865a884645
35781 1 3 21 3 5 1 1 0 0  aaa99965593aa8958797a774798a93286a7865a884664
35783 1 3 21 3 5 2 1 0 0  aaa99965493aa8958797a774798a93286a7865a884665
35820 1 3 21 5 0 0 0 0 0  aaa99977794aa8978696a755698a94287a6865a885343
35821 1 3 21 5 0 0 1 0 0  aaa99977792aa8978696a755698a95387a6863a884544
35823 1 3 21 5 0 1 1 0 0  aaa99977793aa8978696a755698a93287a6865a884544
35825 1 3 21 5 0 2 1 0 0  aaa99977793aa8978696a754698a93287a6865a884545
35827 1 3 21 5 1 0 1 0 0  aaa99977793aa8978696a764698a93587a6852a884545
35851 1 3 21 5 5 0 1 0 0  aaa99977795aa8978595a746298a96587a6834a886364
35870 1 3 21 6 2 1 0 0 0  aaa99966697aa8958797a774798a93586a3865a882445
35882 1 3 21 6 4 1 0 0 0  aaa99965697aa8958797a775798a93486a4864a883625
35893 1 3 21 7 0 0 1 0 0  aaa99977792aa8978696a743698a97585a6865a883454
35952 1 3 21 8 4 0 0 0 0  aaa99965597aa8958797a775698a94786a3864a883624
35955 1 3 21 8 4 1 1 0 0  aaa99965697aa8958797a775398a94786a3862a884645
36009 1 3 21 10 1 1 1 0 0  aaa99975593aa8958696a764698a93287a6875a884774
36011 1 3 21 10 1 2 1 0 0  aaa99975493aa8958696a764698a93287a6875a884775
36059 1 3 22 0 3 2 1 0 0  aaa99977593aa8977796a766398a95684a5842a888645
36067 1 3 22 0 5 0 1 0 0  aaa99977693aa8977795a756398a96584a6842a888465
36131 1 3 22 2 3 2 1 0 0  aaa99977793aa8975796a766398a95684a5842a888645
36139 1 3 22 2 5 0 1 0 0  aaa99977793aa8976795a756398a96584a6842a888465
36247 1 3 22 5 5 0 1 0 0  aaa99977795aa8976595a746298a96587a6834a888364
36847 1 4 1 0 3 0 1 0 0  aaa99997799aa8884898a774728a97866a6655a533645
36914 1 4 1 2 2 1 0 0 0  aaa99997599aa8884898a777768a93867a3664a562554
37008 1 4 1 5 0 0 0 0 0  aaa99997599aa8884898a777668a93867a3476a654552
37010 1 4 1 5 0 1 0 0 0  aaa99997599aa8884898a777668a93867a3576a655442
37034 1 4 1 5 4 1 0 0 0  aaa99997599aa8884898a777648a94867a3675a663525
37290 1 4 2 1 5 0 0 0 0  aaa99996599aa8884898a768778a97574a5526a763643
37362 1 4 2 3 5 0 0 0 0  aaa99995799aa8884898a648758a97777a3562a653664
37694 1 4 3 2 0 1 0 0 0  aaa99996799aa8885797a873848a97866a3764a562554
37742 1 4 3 3 2 1 0 0 0  aaa99995499aa8885797a877868a93876a3766a652445
37744 1 4 3 3 2 2 0 0 0  aaa99994599aa8885797a877868a95876a5766a644332
37808 1 4 3 5 1 1 0 0 0  aaa99996599aa8883797a873848a97866a6774a562554
37817 1 4 3 5 2 2 1 0 0  aaa99995699aa8886797a874828a97866a6775a354534
37826 1 4 3 5 4 1 0 0 0  aaa99996599aa8883797a873848a97865a2774a666554
37853 1 4 3 6 2 2 1 0 0  aaa99995699aa8886797a877828a94866a6775a354534
37872 1 4 3 7 0 0 0 0 0  aaa99997599aa8884797a873828a97866a3765a464556
37874 1 4 3 7 0 1 0 0 0  aaa99997599aa8885797a873848a97866a3764a565426
37880 1 4 3 7 1 1 0 0 0  aaa99997499aa8883797a873858a97866a6756a562454
37882 1 4 3 7 1 2 0 0 0  aaa99997599aa8885797a875848a97866a6746a465332
37884 1 4 3 7 2 0 0 0 0  aaa99997599aa8884797a873828a97866a6765a455643
37886 1 4 3 7 2 1 0 0 0  aaa99997599aa8883797a873848a97866a6764a555624
37892 1 4 3 7 3 1 0 0 0  aaa99997599aa8883797a873848a97866a6764a562554
37898 1 4 3 7 4 1 0 0 0  aaa99997599aa8883797a873848a97865a2764a666554
37904 1 4 3 7 5 1 0 0 0  aaa99997599aa8883797a873848a97856a2764a655664
37916 1 4 3 8 1 1 0 0 0  aaa99997499aa8883797a877858a93866a6756a562454
37961 1 4 3 9 2 2 1 0 0  aaa99995699aa8886297a857878a94866a6777a354534
38268 1 4 4 7 0 0 0 0 0  aaa99997599aa8884797a873888a97766a3656a545264
38304 1 4 4 8 0 0 0 0 0  aaa99997599aa8884797a877888a93766a3656a545264
38348 1 4 4 9 1 1 0 0 0  aaa99996599aa8884797a844888a93766a6777a563552
38366 1 4 4 9 4 1 0 0 0  aaa99996599aa8884797a844888a93765a3777a666552
38413 1 4 5 0 0 0 1 0 0  aaa99997799aa8884397a873788a97686a4655a526645
38431 1 4 5 0 3 0 1 0 0  aaa99997799aa8884297a874788a97686a6655a533645
38458 1 4 5 1 1 2 0 0 0  aaa99995699aa8884797a873788a93687a6665a752445
38462 1 4 5 1 2 1 0 0 0  aaa99995499aa8885797a873788a93687a2665a766445
38464 1 4 5 1 2 2 0 0 0  aaa99994599aa8885797a875788a95687a2663a766443
38468 1 4 5 1 3 1 0 0 0  aaa99995499aa8885797a873788a93687a6665a762445
38470 1 4 5 1 3 2 0 0 0  aaa99994599aa8885797a875788a95687a6663a762443
38474 1 4 5 1 4 1 0 0 0  aaa99995499aa8885797a873788a93687a6666a752445
38476 1 4 5 1 4 2 0 0 0  aaa99994599aa8885797a875788a95687a6666a744332
38480 1 4 5 1 5 1 0 0 0  aaa99996599aa8885797a873788a93587a5446a764626
38498 1 4 5 2 2 1 0 0 0  aaa99995499aa8885797a873788a93687a2766a644565
38500 1 4 5 2 2 2 0 0 0  aaa99994599aa8885797a875788a95687a2766a644363
38504 1 4 5 2 3 1 0 0 0  aaa99995499aa8885797a873788a93687a6766a652445
38506 1 4 5 2 3 2 0 0 0  aaa99994599aa8885797a875788a95687a6766a644332
38510 1 4 5 2 4 1 0 0 0  aaa99995499aa8885797a873788a93687a2765a644665
38512 1 4 5 2 4 2 0 0 0  aaa99994599aa8885797a875788a95687a2763a644663
38516 1 4 5 2 5 1 0 0 0  aaa99996599aa8884797a873788a93487a4756a562656
38564 1 4 5 4 1 1 0 0 0  aaa99996599aa8884797a873788a93687a7664a562554
38586 1 4 5 4 5 0 0 0 0  aaa99996599aa8884797a873788a93587a7546a265646
38618 1 4 5 5 4 1 0 0 0  aaa99995499aa8883797a873788a97586a6765a644625
38620 1 4 5 5 4 2 0 0 0  aaa99994599aa8885797a875788a97486a6764a635623
38644 1 4 5 6 2 2 0 0 0  aaa99995499aa8883797a877688a93786a6765a652445
38654 1 4 5 6 4 1 0 0 0  aaa99995499aa8885797a877688a93786a3765a644625
38656 1 4 5 6 4 2 0 0 0  aaa99994599aa8885797a877688a95786a5763a644623
38666 1 4 5 7 0 1 0 0 0  aaa99997599aa8884797a873788a93686a2756a644556
38672 1 4 5 7 1 1 0 0 0  aaa99997599aa8884797a873788a93686a6756a562454
38674 1 4 5 7 1 2 0 0 0  aaa99997599aa8885797a875788a95686a6746a464332
38676 1 4 5 7 2 0 0 0 0  aaa99997599aa8884797a873788a93686a6745a655642
38678 1 4 5 7 2 1 0 0 0  aaa99997599aa8884797a873788a93686a6745a652645
38684 1 4 5 7 3 1 0 0 0  aaa99997599aa8884797a873788a93686a6756a644552
38688 1 4 5 7 4 0 0 0 0  aaa99997599aa8884797a873788a93586a6765a644625
38690 1 4 5 7 4 1 0 0 0  aaa99997599aa8885797a873788a93486a6764a655624
38696 1 4 5 7 5 1 0 0 0  aaa99997599aa8884797a873788a93486a4765a652665
38726 1 4 5 8 4 1 0 0 0  aaa99995499aa8883797a877788a93586a6765a644625
38728 1 4 5 8 4 2 0 0 0  aaa99994599aa8885797a877788a95486a6764a635623
38744 1 4 5 9 1 1 0 0 0  aaa99995499aa8885797a853688a93786a6777a662445
38746 1 4 5 9 1 2 0 0 0  aaa99994599aa8885797a835688a95786a6777a662443
38750 1 4 5 9 2 1 0 0 0  aaa99995499aa8885797a853688a93786a6777a644625
38752 1 4 5 9 2 2 0 0 0  aaa99994599aa8885797a835688a95786a6777a644623
38758 1 4 5 9 3 2 0 0 0  aaa99995699aa8884797a853688a93786a6777a652445
38762 1 4 5 9 4 1 0 0 0  aaa99995499aa8885797a853688a93786a2777a644665
38764 1 4 5 9 4 2 0 0 0  aaa99994599aa8885797a835688a95786a2777a644663
38768 1 4 5 9 5 1 0 0 0  aaa99996599aa8884797a863588a93785a5777a464626
38774 1 4 5 10 0 1 0 0 0  aaa99997599aa8884696a873688a93486a4657a572757
38880 1 4 6 2 0 0 0 0 0  aaa99997599aa8884798a877878a93766a3656a545264
39008 1 4 6 5 3 1 0 0 0  aaa99997599aa8884798a877878a93666a3256a576454
39010 1 4 6 5 3 2 0 0 0  aaa99997599aa8885798a877878a95666a5446a376432
39018 1 4 6 5 5 0 0 0 0  aaa99997599aa8884798a877878a92546a5563a674663
39140 1 4 6 9 1 1 0 0 0  aaa99996599aa8884798a844878a93766a6777a563552
39158 1 4 6 9 4 1 0 0 0  aaa99996599aa8884798a844878a93765a3777a666552
39601 1 4 8 0 0 0 1 0 0  aaa99997799aa8884397a873788a97668a4565a564265
39607 1 4 8 0 1 0 1 0 0  aaa99997799aa8884297a874788a97668a6565a533645
39646 1 4 8 1 1 2 0 0 0  aaa99995699aa8884797a873788a93678a6665a752445
39650 1 4 8 1 2 1 0 0 0  aaa99995499aa8885797a873788a93678a2665a766445
39652 1 4 8 1 2 2 0 0 0  aaa99994599aa8885797a875788a95678a2663a766443
39656 1 4 8 1 3 1 0 0 0  aaa99995499aa8885797a873788a93678a6665a762445
39658 1 4 8 1 3 2 0 0 0  aaa99994599aa8885797a875788a95678a6663a762443
39662 1 4 8 1 4 1 0 0 0  aaa99995499aa8885797a873788a93678a6666a752445
39664 1 4 8 1 4 2 0 0 0  aaa99994599aa8885797a875788a95678a6666a744332
39668 1 4 8 1 5 1 0 0 0  aaa99996599aa8885797a873788a93578a5446a764626
39752 1 4 8 4 1 1 0 0 0  aaa99996599aa8884797a873788a93678a7664a562554
39774 1 4 8 4 5 0 0 0 0  aaa99996599aa8884797a873788a93578a7546a265646
39826 1 4 8 6 1 2 0 0 0  aaa99995499aa8883797a877688a93768a6765a652445
39854 1 4 8 7 0 1 0 0 0  aaa99997599aa8884797a873788a93668a2765a464565
39858 1 4 8 7 1 0 0 0 0  aaa99997599aa8884797a873788a93668a6765a455642
39860 1 4 8 7 1 1 0 0 0  aaa99997599aa8884797a873788a93668a6764a555624
39872 1 4 8 7 3 1 0 0 0  aaa99997599aa8884797a873788a93668a6764a562554
39925 1 4 8 9 0 0 1 0 0  aaa99996699aa8886797a855288a95768a4777a364534
39932 1 4 8 9 1 1 0 0 0  aaa99995499aa8885797a853688a93768a6777a644625
39934 1 4 8 9 1 2 0 0 0  aaa99994599aa8885797a835688a95768a6777a644623
39938 1 4 8 9 2 1 0 0 0  aaa99995499aa8885797a853688a93768a6777a662445
39940 1 4 8 9 2 2 0 0 0  aaa99994599aa8885797a835688a95768a6777a662443
39946 1 4 8 9 3 2 0 0 0  aaa99995699aa8884797a853688a93768a6777a652445
39950 1 4 8 9 4 1 0 0 0  aaa99995499aa8885797a853688a93768a2777a666445
39952 1 4 8 9 4 2 0 0 0  aaa99994599aa8885797a835688a95768a2777a666443
39956 1 4 8 9 5 1 0 0 0  aaa99996599aa8884797a863588a93758a5777a464626
40032 1 4 9 1 0 0 0 0 0  aaa99998499aa8883797a873858a97676a7654a556624
40033 1 4 9 1 0 0 1 0 0  aaa99998499aa8884797a874838a97676a7653a556625
40087 1 4 9 2 3 0 1 0 0  aaa99998799aa8884797a874828a97766a6655a533645
40176 1 4 9 5 0 0 0 0 0  aaa99998599aa8884797a873828a97766a3765a464556
40178 1 4 9 5 0 1 0 0 0  aaa99998599aa8885797a873848a97766a3764a565426
40184 1 4 9 5 1 1 0 0 0  aaa99998499aa8883797a873858a97766a6756a562454
40186 1 4 9 5 1 2 0 0 0  aaa99998599aa8885797a875848a97766a6746a465332
40188 1 4 9 5 2 0 0 0 0  aaa99998599aa8884797a873828a97766a6765a455643
40190 1 4 9 5 2 1 0 0 0  aaa99998599aa8883797a873848a97766a6764a555624
40196 1 4 9 5 3 1 0 0 0  aaa99998599aa8883797a873848a97766a6764a562554
40202 1 4 9 5 4 1 0 0 0  aaa99998599aa8883797a873848a97765a2764a666554
40208 1 4 9 5 5 1 0 0 0  aaa99998599aa8883797a873848a97756a2764a655664
40220 1 4 9 6 1 1 0 0 0  aaa99998499aa8883797a877858a93766a6756a562454
40248 1 4 9 7 0 0 0 0 0  aaa99998599aa8884797a873868a97766a3654a575624
40250 1 4 9 7 0 1 0 0 0  aaa99998599aa8884797a873868a97766a3654a572654
40260 1 4 9 7 2 0 0 0 0  aaa99998499aa8883797a873858a97766a6564a572654
40262 1 4 9 7 2 1 0 0 0  aaa99998499aa8883797a873858a97766a6565a475642
40266 1 4 9 7 3 0 0 0 0  aaa99998599aa8883797a873848a97766a6654a575624
40268 1 4 9 7 3 1 0 0 0  aaa99998499aa8883797a873858a97766a6655a474652
40274 1 4 9 7 4 1 0 0 0  aaa99998599aa8884797a873868a97765a3666a572454
40276 1 4 9 7 4 2 0 0 0  aaa99998599aa8885797a875868a97764a5666a474332
40280 1 4 9 7 5 1 0 0 0  aaa99998499aa8883797a873858a97746a4565a675662
40364 1 4 9 10 1 1 0 0 0  aaa99998599aa8884697a866878a93765a3777a562454
40366 1 4 9 10 1 2 0 0 0  aaa99998599aa8885697a866878a95764a5777a464332
40541 1 4 10 4 0 2 1 0 0  aaa99995799aa8888797a872838a97664a7365a456645
40663 1 4 10 7 3 0 1 0 0  aaa99997499aa8888797a874828a97766a6655a533645
40733 1 4 10 9 2 2 1 0 0  aaa99995699aa8888297a876878a94766a6775a354534
40982 1 4 11 5 2 1 0 0 0  aaa99995499aa7775898a888867a93687a3765a644625
40984 1 4 11 5 2 2 0 0 0  aaa99994599aa7775898a888867a95687a5763a644623
40990 1 4 11 5 3 2 0 0 0  aaa99995499aa7773898a888867a96687a3765a652445
41394 1 4 12 5 5 0 0 0 0  aaa99996599aa8888897a774878a93754a5526a763646
41436 1 4 12 7 0 0 0 0 0  aaa99997599aa8888897a773878a93667a2565a465464
41581 1 4 13 0 0 0 1 0 0  aaa99997799aa8888897a676758a97686a2534a546534
41770 1 4 13 5 1 2 0 0 0  aaa99995499aa8888897a773678a93786a6665a752445
41920 1 4 13 9 2 2 0 0 0  aaa99995499aa8888897a673678a93786a6775a652445
42154 1 4 14 4 5 2 0 0 0  aaa99995799aa8888797a754338a97286a7865a644665
42182 1 4 14 5 4 1 0 0 0  aaa99995499aa8888797a752738a97386a6867a644655
42184 1 4 14 5 4 2 0 0 0  aaa99994599aa8888797a725738a97386a6867a644655
42232 1 4 14 7 0 2 0 0 0  aaa99996699aa8888797a736748a95286a5847a735645
42280 1 4 14 8 2 2 0 0 0  aaa99995499aa8888797a773628a97786a6865a653445
42290 1 4 14 8 4 1 0 0 0  aaa99995499aa8888797a773658a97786a3865a644625
42292 1 4 14 8 4 2 0 0 0  aaa99994599aa8888797a775648a97786a5864a635623
42395 1 4 15 0 3 2 1 0 0  aaa99997799aa8884297a874768a97686a6385a653545
42403 1 4 15 0 5 0 1 0 0  aaa99997799aa8886297a876758a97585a6384a536464
42418 1 4 15 1 1 2 0 0 0  aaa99995699aa8884797a873768a96687a3685a752445
42422 1 4 15 1 2 1 0 0 0  aaa99995499aa8885797a873768a93687a2685a766445
42424 1 4 15 1 2 2 0 0 0  aaa99994599aa8885797a875768a95687a2683a766443
42428 1 4 15 1 3 1 0 0 0  aaa99995499aa8885797a873768a96687a3685a762445
42430 1 4 15 1 3 2 0 0 0  aaa99994599aa8885797a875768a96687a5683a762443
42434 1 4 15 1 4 1 0 0 0  aaa99995499aa8885797a873768a96687a3686a752445
42436 1 4 15 1 4 2 0 0 0  aaa99994599aa8885797a875768a96687a5686a744332
42440 1 4 15 1 5 1 0 0 0  aaa99996599aa8885797a873758a95487a4486a763626
42456 1 4 15 2 2 0 0 0 0  aaa99996599aa8884797a873768a93687a2786a455546
42458 1 4 15 2 2 1 0 0 0  aaa99996599aa8885797a874768a93687a3786a565442
42471 1 4 15 2 4 1 1 0 0  aaa99996699aa8885797a875758a95287a4786a364634
42494 1 4 15 3 2 1 0 0 0  aaa99995499aa8885797a877768a93687a3685a662445
42496 1 4 15 3 2 2 0 0 0  aaa99994599aa8885797a877768a95687a5683a662443
42502 1 4 15 3 3 2 0 0 0  aaa99995499aa8883797a877768a96687a3685a652445
42530 1 4 15 4 2 1 0 0 0  aaa99995499aa8885797a873768a93687a7685a662445
42532 1 4 15 4 2 2 0 0 0  aaa99994599aa8885797a875768a95687a7683a662443
42538 1 4 15 4 3 2 0 0 0  aaa99995499aa8883797a873768a96687a7685a652445
42574 1 4 15 5 3 2 0 0 0  aaa99995499aa8883797a873768a97686a6785a652445
42578 1 4 15 5 4 1 0 0 0  aaa99995499aa8883797a873758a97686a2785a644665
42580 1 4 15 5 4 2 0 0 0  aaa99994599aa8885797a875748a97686a5784a633662
42582 1 4 15 5 5 0 0 0 0  aaa99996499aa8883797a873758a97585a2786a464656
42598 1 4 15 6 1 2 0 0 0  aaa99995499aa8883797a877668a96786a3785a652445
42644 1 4 15 7 3 1 0 0 0  aaa99997599aa8884797a873768a93686a6785a652445
42646 1 4 15 7 3 2 0 0 0  aaa99997599aa8885797a875768a95686a6784a644332
42650 1 4 15 7 4 1 0 0 0  aaa99997599aa8884797a873748a94686a3785a652665
42682 1 4 15 8 3 2 0 0 0  aaa99995499aa8883797a877768a93686a6785a652445
42770 1 4 16 0 0 1 0 0 0  aaa99998699aa8884797a866768a93587a3756a572454
42780 1 4 16 0 2 0 0 0 0  aaa99998599aa8884797a855768a93687a3765a672464
42782 1 4 16 0 2 1 0 0 0  aaa99998599aa8885797a855768a94687a3764a673624
42788 1 4 16 0 3 1 0 0 0  aaa99998599aa8884797a853768a96687a3765a672445
42790 1 4 16 0 3 2 0 0 0  aaa99998599aa8885797a845768a96687a5763a672443
42794 1 4 16 0 4 1 0 0 0  aaa99998599aa8884797a844768a96687a3766a573552
42830 1 4 16 1 4 1 0 0 0  aaa99998599aa8884797a873768a96687a3665a752445
42832 1 4 16 1 4 2 0 0 0  aaa99998599aa8885797a875768a96687a5664a744332
42834 1 4 16 1 5 0 0 0 0  aaa99998699aa8886797a876748a96287a6554a753453
42836 1 4 16 1 5 1 0 0 0  aaa99998599aa8885797a874768a93687a3666a755442
42842 1 4 16 2 0 1 0 0 0  aaa99998699aa8884797a873768a96587a3765a652445
42852 1 4 16 2 2 0 0 0 0  aaa99998599aa8884797a873768a93687a2765a655464
42854 1 4 16 2 2 1 0 0 0  aaa99998599aa8885797a874768a93687a3764a655624
42860 1 4 16 2 3 1 0 0 0  aaa99998599aa8884797a873768a96687a3765a652445
42862 1 4 16 2 3 2 0 0 0  aaa99998599aa8885797a875768a96687a5764a644332
42871 1 4 16 2 5 0 1 0 0  aaa99998699aa8886797a876748a96487a6754a552335
42956 1 4 16 5 1 1 0 0 0  aaa99998499aa8883797a873758a97686a6756a562454
42958 1 4 16 5 1 2 0 0 0  aaa99998599aa8885797a875748a97686a6746a465332
42986 1 4 16 6 0 1 0 0 0  aaa99998599aa8884797a877668a93786a3756a644552
43010 1 4 16 6 4 1 0 0 0  aaa99998599aa8884797a877648a94786a3765a653625
43028 1 4 16 7 1 1 0 0 0  aaa99998599aa8884797a873748a94686a6756a563752
43032 1 4 16 7 2 0 0 0 0  aaa99998599aa8884797a873768a93686a6756a545724
43034 1 4 16 7 2 1 0 0 0  aaa99998599aa8884797a873768a93686a6746a555742
43038 1 4 16 7 3 0 0 0 0  aaa99998599aa8884797a873768a93686a6745a655742
43040 1 4 16 7 3 1 0 0 0  aaa99998599aa8884797a873768a93686a6745a652745
43046 1 4 16 7 4 1 0 0 0  aaa99998599aa8884797a873768a96684a4766a555732
43064 1 4 16 8 1 1 0 0 0  aaa99998499aa8883797a877758a93686a6756a562454
43100 1 4 16 9 1 1 0 0 0  aaa99998599aa8884697a873678a96786a3775a652445
43102 1 4 16 9 1 2 0 0 0  aaa99998599aa8885697a875678a96786a5774a644332
43128 1 4 16 10 0 0 0 0 0  aaa99998599aa8884697a863678a93785a6777a565442
43130 1 4 16 10 0 1 0 0 0  aaa99998599aa8885697a864678a93786a3777a565442
43142 1 4 16 10 2 1 0 0 0  aaa99998599aa8884697a866578a93785a5777a464632
43148 1 4 16 10 3 1 0 0 0  aaa99998599aa8884697a866678a93785a3777a562454
43150 1 4 16 10 3 2 0 0 0  aaa99998599aa8885697a866678a95784a5777a464332
43152 1 4 16 10 4 0 0 0 0  aaa99998599aa8884497a855678a94786a3777a653662
43154 1 4 16 10 4 1 0 0 0  aaa99998599aa8884597a855678a93786a3777a644662
43228 1 4 17 1 4 2 0 0 0  aaa99995499aa8888797a873768a96687a3665a752445
43232 1 4 17 1 5 1 0 0 0  aaa99995499aa8888797a875768a93687a3666a752445
43234 1 4 17 1 5 2 0 0 0  aaa99994599aa8888797a875768a95687a5666a744332
43250 1 4 17 2 2 1 0 0 0  aaa99995499aa8888797a875768a93687a3765a644625
43252 1 4 17 2 2 2 0 0 0  aaa99994599aa8888797a875768a95687a5763a644623
43258 1 4 17 2 3 2 0 0 0  aaa99995499aa8888797a873768a96687a3765a652445
43424 1 4 17 7 1 1 0 0 0  aaa99997499aa8888797a873758a93686a6756a562454
43498 1 4 17 9 1 2 0 0 0  aaa99995499aa8888697a873678a96786a3775a652445
43762 1 4 18 5 3 2 0 0 0  aaa99995499aa7773898a888868a93676a6725a644575
43963 1 4 19 0 1 0 1 0 0  aaa99998599aa8888797a855728a94667a6765a374634
44024 1 4 19 1 5 1 0 0 0  aaa99998599aa8888797a874768a93675a3666a744552
44220 1 4 19 7 2 0 0 0 0  aaa99998599aa8888797a874768a93666a3756a545724
44222 1 4 19 7 2 1 0 0 0  aaa99998599aa8888797a874768a93666a3746a555742
44226 1 4 19 7 3 0 0 0 0  aaa99998599aa8888797a874768a93666a3754a565724
44228 1 4 19 7 3 1 0 0 0  aaa99998599aa8888797a874768a93666a3754a562754
44318 1 4 19 10 0 1 0 0 0  aaa99998599aa8888697a864678a93756a3777a565442
44554 1 4 20 5 3 2 0 0 0  aaa99995499aa7773898a888867a93676a6875a652445
44837 1 4 21 2 2 2 1 0 0  aaa99995699aa7776298a758787a94866a6888a354534
45002 1 4 21 7 0 1 0 0 0  aaa99997599aa7774698a768687a93856a3888a565442
45216 1 4 22 2 0 0 0 0 0  aaa99997599aa8777796a764668a92584a5853a888643
45354 1 4 22 5 5 0 0 0 0  aaa99997499aa8777596a753568a93687a2866a888445
45549 1 5 0 0 1 1 1 0 0  aaa99988498aa7897398a787897a73666a4596a554256
45559 1 5 0 0 3 0 1 0 0  aaa99988498aa7897398a787897a73666a4596a526545
45590 1 5 0 1 2 1 0 0 0  aaa99988598aa6894798a787897a53776a3695a644625
45592 1 5 0 1 2 2 0 0 0  aaa99988598aa6895798a787897a45776a5693a644623
45638 1 5 0 2 4 1 0 0 0  aaa99988498aa7893798a787897a53567a6695a662445
45640 1 5 0 2 4 2 0 0 0  aaa99988598aa7895798a787897a45467a6694a665332
45658 1 5 0 3 1 2 0 0 0  aaa99988498aa5893798a783897a77667a6596a545624
45674 1 5 0 3 4 1 0 0 0  aaa99988498aa6896798a783897a77567a3695a652445
45680 1 5 0 3 5 1 0 0 0  aaa99988598aa6894798a783897a77467a4695a663525
45730 1 5 0 5 1 2 0 0 0  aaa99988498aa5893798a787897a73667a6596a545624
45746 1 5 0 5 4 1 0 0 0  aaa99988498aa6896798a787897a73567a3695a652445
45752 1 5 0 5 5 1 0 0 0  aaa99988598aa6894798a787897a73467a4695a663525
45834 1 5 0 8 1 0 0 0 0  aaa99988598aa7893798a783897a77666a2496a455546
45836 1 5 0 8 1 1 0 0 0  aaa99988498aa7893798a783897a77666a2596a455546
45846 1 5 0 8 3 0 0 0 0  aaa99988598aa7894798a783897a77666a3596a546254
45884 1 5 0 9 3 1 0 0 0  aaa99988498aa7897698a686897a63576a3795a752445
45899 1 5 0 9 5 2 1 0 0  aaa99988598aa7897398a385897a65474a4796a765626
45900 1 5 0 10 0 0 0 0 0  aaa99988598aa7894698a683897a63576a5795a772446
45906 1 5 0 10 1 0 0 0 0  aaa99988598aa7894698a686897a63575a3796a772454
45908 1 5 0 10 1 1 0 0 0  aaa99988598aa7894698a686897a63575a5796a773442
45914 1 5 0 10 2 1 0 0 0  aaa99988598aa7894698a686897a53476a4795a773625
45920 1 5 0 10 3 1 0 0 0  aaa99988598aa7894698a686897a63476a4795a773525
45926 1 5 0 10 4 1 0 0 0  aaa99988598aa7894698a683897a53476a4795a772665
45935 1 5 0 10 5 2 1 0 0  aaa99988698aa7896298a586897a46375a3794a776554
46114 1 5 1 4 5 2 0 0 0  aaa99988898aa6894898a777796a53767a3695a652445
46368 1 5 2 1 0 0 0 0 0  aaa99988898aa7895897a774896a63776a3496a654552
46370 1 5 2 1 0 1 0 0 0  aaa99988898aa7895897a774896a63776a3596a655442
46616 1 5 2 7 5 1 0 0 0  aaa99988898aa6895897a774896a73765a3694a762554
46940 1 5 3 5 5 1 0 0 0  aaa99988898aa6895797a784897a73765a3694a662554
47094 1 5 3 10 1 0 0 0 0  aaa99988898aa7895696a684897a63574a5795a773246
47108 1 5 3 10 3 1 0 0 0  aaa99988898aa7895696a684897a63675a3794a772554
47178 1 5 4 1 3 0 0 0 0  aaa99988898aa8894797a783796a66575a3695a474652
47268 1 5 4 4 0 0 0 0 0  aaa99988898aa8895797a784796a63675a7694a525634
47543 1 5 5 0 3 2 1 0 0  aaa99988897aa8897797a854696a86673a7295a654534
47678 1 5 5 4 2 1 0 0 0  aaa99988896aa8894797a873796a86577a3695a652445
47690 1 5 5 4 4 1 0 0 0  aaa99988896aa8895797a874796a83477a4695a663525
47699 1 5 5 4 5 2 1 0 0  aaa99988892aa8895797a875796a85377a3694a666454
47714 1 5 5 5 2 1 0 0 0  aaa99988897aa8895797a874796a83666a3794a562554
47916 1 5 6 0 0 0 0 0 0  aaa99988898aa7897298a787797a66554a6696a534543
47917 1 5 6 0 0 0 1 0 0  aaa99988898aa7897298a787797a66554a6696a453543
47921 1 5 6 0 0 2 1 0 0  aaa99988898aa7897298a787797a66654a3596a556443
47947 1 5 6 0 5 0 1 0 0  aaa99988898aa7897298a787797a55464a4695a666353
48034 1 5 6 3 1 2 0 0 0  aaa99988898aa4894798a784797a73666a3596a555276
48106 1 5 6 5 1 2 0 0 0  aaa99988898aa5894798a787797a63666a3596a545724
48236 1 5 6 8 5 1 0 0 0  aaa99988898aa6895798a784797a73765a3694a662554
48636 1 5 7 9 0 0 0 0 0  aaa99966498aa8898898a656597a67875a3794a773524
48902 1 5 8 5 2 1 0 0 0  aaa99988897aa8895797a784796a83666a3794a562554
48962 1 5 8 7 0 1 0 0 0  aaa99988897aa8895797a784696a83756a3694a755624
49102 1 5 8 10 5 2 0 0 0  aaa99988894aa8896494a586397a86375a6792a777556
49103 1 5 8 10 5 2 1 0 0  aaa99988894aa8896493a586497a86375a6792a777556
49538 1 5 10 1 0 1 0 0 0  aaa99977798aa8898898a664797a63587a3695a652445
49577 1 5 10 2 0 2 1 0 0  aaa99977798aa8898898a676793a56287a4695a653544
49775 1 5 10 7 3 2 1 0 0  aaa99977798aa8898898a754696a76683a7295a654534
49882 1 5 10 10 3 2 0 0 0  aaa99975498aa8898898a744696a63687a3295a756775
49890 1 5 10 10 5 0 0 0 0  aaa99976598aa8898898a764594a65587a3296a764773
50000 0 5 11 2 5 1 0 0 0  aaa99977798aa8594898a888496a74767a3695a663552
51116 1 5 14 0 5 1 0 0 0  aaa99977598aa8898894a747896a83765a3697a662554
51294 1 5 14 5 5 0 0 0 0  aaa99977798aa8898895a754896a83567a3697a662445
51485 1 5 15 0 0 2 1 0 0  aaa99988897aa7896797a866396a85377a5298a465445
51852 1 5 15 10 2 0 0 0 0  aaa99988896aa7895696a864697a83575a3798a772454
51854 1 5 15 10 2 1 0 0 0  aaa99988896aa7895696a864697a83575a5798a773442
51860 1 5 15 10 3 1 0 0 0  aaa99988896aa7895696a864597a83675a5798a773442
51874 1 5 15 10 5 2 0 0 0  aaa99988894aa7896494a836597a86575a5798a776362
51875 1 5 15 10 5 2 1 0 0  aaa99988892aa7896494a846597a86575a5798a776363
51892 1 5 16 0 2 2 0 0 0  aaa99988897aa7894797a853696a86277a8695a653445
51902 1 5 16 0 4 1 0 0 0  aaa99988897aa7894797a853696a83577a8695a662445
51904 1 5 16 0 4 2 0 0 0  aaa99988897aa7895797a845696a85477a8694a665332
51971 1 5 16 2 3 2 1 0 0  aaa99988897aa7897797a854696a86673a8295a654534
52069 1 5 16 5 2 0 1 0 0  aaa99988897aa7897796a866795a85354a8793a462645
52447 1 5 17 4 5 0 1 0 0  aaa99977798aa8898892a565893a65777a4896a563644
52451 1 5 17 4 5 2 1 0 0  aaa99977798aa8898893a365894a65777a5896a464652
52537 1 5 17 7 2 0 1 0 0  aaa99977798aa8898896a766895a75354a7893a462645
52670 1 5 18 0 0 1 0 0 0  aaa99977498aa7793898a888896a77664a4596a553652
52674 1 5 18 0 1 0 0 0 0  aaa99977598aa7793898a888894a77666a3296a455546
52880 1 5 18 5 5 1 0 0 0  aaa99977798aa6794898a888896a73567a3695a652445
53116 1 5 19 1 2 2 0 0 0  aaa99985498aa8898897a773797a44786a3695a662565
53122 1 5 19 1 3 2 0 0 0  aaa99985498aa8898897a773797a53786a2696a656445
53128 1 5 19 1 4 2 0 0 0  aaa99985498aa8898897a773797a53786a2695a666445
53132 1 5 19 1 5 1 0 0 0  aaa99986598aa8898897a774797a63784a4596a565632
53170 1 5 19 2 5 2 0 0 0  aaa99986598aa8898897a775794a65783a5296a764634
53266 1 5 19 5 3 2 0 0 0  aaa99984498aa8898897a774696a63786a3795a256575
53274 1 5 19 5 5 0 0 0 0  aaa99986598aa8898897a774594a65785a3796a264673
53318 1 5 19 7 0 1 0 0 0  aaa99987598aa8898897a774696a53786a3695a744625
53320 1 5 19 7 0 2 0 0 0  aaa99987598aa8898897a775696a45786a5693a744623
53336 1 5 19 7 3 1 0 0 0  aaa99987598aa8898897a774696a63786a3695a752445
53338 1 5 19 7 3 2 0 0 0  aaa99987598aa8898897a775696a65786a5694a744332
53346 1 5 19 7 5 0 0 0 0  aaa99987498aa8898897a773595a63784a5596a762646
53374 1 5 19 8 3 2 0 0 0  aaa99985498aa8898897a777696a63786a3695a752445
53382 1 5 19 8 5 0 0 0 0  aaa99986498aa8898897a777595a63784a5596a763642
53387 1 5 19 8 5 2 1 0 0  aaa99986598aa8898897a777394a65783a5496a764652
53428 1 5 19 10 0 2 0 0 0  aaa99987598aa8898896a675694a75683a5297a674734
53442 1 5 19 10 3 0 0 0 0  aaa99987498aa8898896a676595a73684a5597a673742
53447 1 5 19 10 3 2 1 0 0  aaa99987598aa8898896a676394a75683a5497a674752
53455 1 5 19 10 5 0 1 0 0  aaa99987698aa8898895a576394a76583a6497a476752
53492 1 5 20 0 5 1 0 0 0  aaa99977598aa7794898a888796a73865a3694a662554
53888 1 5 21 0 5 1 0 0 0  aaa99977598aa6893894a747898a88765a3697a662554
54066 1 5 21 5 5 0 0 0 0  aaa99977798aa6894895a753898a88567a3697a662445
54361 1 5 22 3 0 0 1 0 0  aaa99966597aa8297797a774398a64686a3895a888554
54655 1 6 0 0 1 0 1 0 0  aaa99988499aa8877892a787676a99686a4557a365534
54679 1 6 0 0 5 0 1 0 0  aaa99988499aa8877895a787276a99585a4637a666534
54685 1 6 0 1 0 0 1 0 0  aaa99988699aa8866897a787277a99685a5456a474335
54689 1 6 0 1 0 2 1 0 0  aaa99988699aa8866897a787277a99685a4356a573544
54763 1 6 0 3 1 0 1 0 0  aaa99988499aa8864896a686727a99787a7556a375534
55255 1 6 1 5 5 0 1 0 0  aaa99988899aa8864897a774378a99755a3526a764656
55297 1 6 1 7 0 0 1 0 0  aaa99988899aa8874897a774378a99667a3565a564265
55369 1 6 1 9 0 0 1 0 0  aaa99988899aa8866897a662758a99777a7534a546534
55546 1 6 2 2 5 2 0 0 0  aaa99988899aa8854797a752738a99386a7765a644665
55879 1 6 3 1 1 0 1 0 0  aaa99988899aa8864797a784728a99676a6556a375534
56094 1 6 3 7 1 0 0 0 0  aaa99988899aa8865797a784728a99666a3756a545734
56096 1 6 3 7 1 1 0 0 0  aaa99988899aa8865797a783748a99666a3746a555742
56423 1 6 4 5 1 2 1 0 0  aaa99988899aa7787898a854667a99276a6675a354534
56441 1 6 4 5 4 2 1 0 0  aaa99988899aa7787898a854627a99676a6675a354534
56472 1 6 4 6 4 0 0 0 0  aaa99988899aa6386898a855726a99773a7677a654454
56697 1 6 5 1 5 1 1 0 0  aaa99988899aa8846797a876755a99573a6258a746364
56699 1 6 5 1 5 2 1 0 0  aaa99988899aa8846797a876752a99573a6558a746364
56785 1 6 5 4 2 0 1 0 0  aaa99988899aa8855797a875762a99677a4638a664534
56851 1 6 5 6 1 0 1 0 0  aaa99988899aa8843797a877757a99665a6568a543624
56854 1 6 5 6 1 2 0 0 0  aaa99988899aa8834797a877727a99664a6568a555643
56855 1 6 5 6 1 2 1 0 0  aaa99988899aa8864797a877737a99666a4358a564552
56891 1 6 5 7 1 2 1 0 0  aaa99988899aa8874797a874725a99663a6768a555634
56923 1 6 5 8 1 0 1 0 0  aaa99988899aa8843797a877755a99665a6768a543624
56926 1 6 5 8 1 2 0 0 0  aaa99988899aa8834797a877725a99664a6768a555643
56927 1 6 5 8 1 2 1 0 0  aaa99988899aa8833797a877766a99656a6748a555442
57215 1 6 6 5 1 2 1 0 0  aaa99988899aa8854897a787676a99726a6635a754534
57233 1 6 6 5 4 2 1 0 0  aaa99988899aa8854897a787672a99766a6635a754534
57425 1 6 7 0 0 2 1 0 0  aaa99977599aa8888898a727378a99663a5467a446655
57529 1 6 7 3 0 0 1 0 0  aaa99966499aa8888898a636778a99577a7527a564543
57679 1 6 7 7 1 0 1 0 0  aaa99977799aa8888898a743658a99665a7567a543624
57682 1 6 7 7 1 2 0 0 0  aaa99977799aa8888898a734628a99664a7567a555643
57683 1 6 7 7 1 2 1 0 0  aaa99977799aa8888898a735648a99662a7447a635655
57706 1 6 7 7 5 2 0 0 0  aaa99977799aa8888898a744638a99666a6357a547552
57707 1 6 7 7 5 2 1 0 0  aaa99977799aa8888898a742638a99666a6357a547554
57709 1 6 7 8 0 0 1 0 0  aaa99966499aa8888898a636778a99577a7526a574543
57745 1 6 7 9 0 0 1 0 0  aaa99966499aa8888898a636758a99777a7527a564543
57797 1 6 7 10 2 2 1 0 0  aaa99975499aa8888898a754628a99637a6676a753745
58003 1 6 8 5 1 0 1 0 0  aaa99988899aa8854797a387727a99656a6678a564534
58006 1 6 8 5 1 2 0 0 0  aaa99988899aa8834797a587727a99646a6678a564553
58007 1 6 8 5 1 2 1 0 0  aaa99988899aa8864797a587737a99666a4378a564552
58039 1 6 8 6 1 0 1 0 0  aaa99988899aa8843797a787757a99665a6568a543624
58042 1 6 8 6 1 2 0 0 0  aaa99988899aa8834797a787727a99664a6568a555643
58043 1 6 8 6 1 2 1 0 0  aaa99988899aa8864797a787737a99666a4358a564552
58111 1 6 8 8 1 0 1 0 0  aaa99988899aa8843797a787755a99665a6768a543624
58114 1 6 8 8 1 2 0 0 0  aaa99988899aa8834797a787725a99664a6768a555643
58115 1 6 8 8 1 2 1 0 0  aaa99988899aa8833797a787766a99656a6748a555442
58247 1 6 9 0 5 2 1 0 0  aaa99988899aa8877394a787376a99465a8647a566552
58399 1 6 9 5 1 0 1 0 0  aaa99988899aa8864797a784727a99666a8557a365534
58541 1 6 9 9 0 2 1 0 0  aaa99988899aa8866497a587474a99765a8773a562563
58819 1 6 10 5 5 0 1 0 0  aaa99986499aa8888897a774378a99755a3526a764656
58861 1 6 10 7 0 0 1 0 0  aaa99987499aa8888897a774378a99667a3565a564265
58933 1 6 10 9 0 0 1 0 0  aaa99986699aa8888897a662758a99777a7534a546534
59479 1 6 12 2 1 0 1 0 0  aaa99977799aa8888897a764828a99666a4556a375534
59581 1 6 12 5 0 0 1 0 0  aaa99977799aa8888896a764828a99657a6557a364534
59653 1 6 12 7 0 0 1 0 0  aaa99977799aa8888896a764828a99656a7557a364534
59827 1 6 13 0 5 0 1 0 0  aaa99977499aa8888895a757278a99586a4367a653664
60047 1 6 13 6 5 2 1 0 0  aaa99965499aa8888897a777278a99786a4365a653645
60072 1 6 13 7 4 0 0 0 0  aaa99977799aa8888896a763468a99684a7657a553425
60196 1 6 14 0 0 2 0 0 0  aaa99977499aa8888796a763668a99785a3857a562454
60216 1 6 14 0 4 0 0 0 0  aaa99977499aa8888795a753658a99786a3867a644625
60334 1 6 14 3 5 2 0 0 0  aaa99964599aa8888797a775748a99286a7864a635653
60366 1 6 14 4 5 0 0 0 0  aaa99977799aa8888797a755448a99286a4865a635663
60367 1 6 14 4 5 0 1 0 0  aaa99977799aa8888797a755428a99486a4865a635663
60373 1 6 14 5 0 0 1 0 0  aaa99977799aa8888696a754638a99387a6867a554254
60478 1 6 14 7 5 2 0 0 0  aaa99977799aa8888595a755448a99286a4867a637663
60479 1 6 14 7 5 2 1 0 0  aaa99977799aa8888595a755428a99486a4867a637663
60562 1 6 14 10 1 2 0 0 0  aaa99974599aa8888696a765648a99287a6874a735753
60601 1 6 15 0 2 0 1 0 0  aaa99988899aa7874297a874767a99663a6568a584535
60605 1 6 15 0 2 2 1 0 0  aaa99988899aa7874297a874767a99665a6368a583554
60609 1 6 15 0 3 1 1 0 0  aaa99988899aa7874397a873767a99666a4558a286554
60611 1 6 15 0 3 2 1 0 0  aaa99988899aa7874397a873767a99666a4258a586554
60613 1 6 15 0 4 0 1 0 0  aaa99988899aa7874297a874767a99666a6558a385534
60615 1 6 15 0 4 1 1 0 0  aaa99988899aa7874297a874767a99666a6538a585534
60617 1 6 15 0 4 2 1 0 0  aaa99988899aa7874297a874767a99666a6358a583554
60621 1 6 15 0 5 1 1 0 0  aaa99988899aa7874297a874757a99556a5368a683664
60623 1 6 15 0 5 2 1 0 0  aaa99988899aa7875297a875747a99436a5468a683665
60636 1 6 15 1 2 0 0 0 0  aaa99988899aa7877797a855627a99634a6668a385544
60637 1 6 15 1 2 0 1 0 0  aaa99988899aa7877797a835627a99655a6668a485443
60638 1 6 15 1 2 1 0 0 0  aaa99988899aa7877797a834627a99654a6668a585543
60639 1 6 15 1 2 1 1 0 0  aaa99988899aa7877797a835627a99654a6668a585443
60640 1 6 15 1 2 2 0 0 0  aaa99988899aa7877797a834627a99645a6668a584553
60641 1 6 15 1 2 2 1 0 0  aaa99988899aa7877797a824367a99636a6658a584554
60677 1 6 15 2 2 2 1 0 0  aaa99988899aa7877696a876727a99635a4658a583544
60691 1 6 15 2 5 0 1 0 0  aaa99988899aa7877296a874767a99655a4668a385534
60693 1 6 15 2 5 1 1 0 0  aaa99988899aa7877296a874767a99655a5668a384534
60695 1 6 15 2 5 2 1 0 0  aaa99988899aa7877296a874767a99635a4668a583554
61003 1 6 16 0 3 0 1 0 0  aaa99988899aa7874297a874767a99666a8558a365534
61005 1 6 16 0 3 1 1 0 0  aaa99988899aa7874297a874767a99666a8538a565534
61007 1 6 16 0 3 2 1 0 0  aaa99988899aa7874297a874767a99666a8358a563554
61027 1 6 16 1 1 0 1 0 0  aaa99988899aa7877797a843657a99665a8568a543624
61030 1 6 16 1 1 2 0 0 0  aaa99988899aa7877797a834627a99664a8568a555643
61031 1 6 16 1 1 2 1 0 0  aaa99988899aa7877797a835647a99662a8448a635655
61054 1 6 16 1 5 2 0 0 0  aaa99988899aa7877595a855747a99764a8648a666332
61055 1 6 16 1 5 2 1 0 0  aaa99988899aa7877595a855727a99764a8648a666433
61129 1 6 16 4 0 0 1 0 0  aaa99988899aa7877796a864727a99656a8558a364534
61171 1 6 16 5 1 0 1 0 0  aaa99988899aa7877696a876657a99376a8538a524544
61201 1 6 16 6 0 0 1 0 0  aaa99988899aa6864797a877727a99665a8558a354634
61271 1 6 16 7 5 2 1 0 0  aaa99988899aa6874797a874736a99365a8758a664552
61309 1 6 16 9 0 0 1 0 0  aaa99988899aa6864697a874276a99755a8778a353654
61486 1 6 17 2 5 2 0 0 0  aaa99985499aa8888797a752738a99386a7765a644665
61855 1 6 18 2 1 0 1 0 0  aaa99977799aa7743898a888858a99665a6567a543624
61858 1 6 18 2 1 2 0 0 0  aaa99977799aa7734898a888828a99664a6567a555643
61859 1 6 18 2 1 2 1 0 0  aaa99977799aa7764898a888838a99666a4357a564552
61957 1 6 18 5 0 0 1 0 0  aaa99977799aa6764898a888828a99667a4557a353654
62029 1 6 18 7 0 0 1 0 0  aaa99977799aa6764898a888828a99665a7557a354634
62215 1 6 19 1 1 0 1 0 0  aaa99986499aa8888797a784728a99676a6556a375534
62430 1 6 19 7 1 0 0 0 0  aaa99986599aa8888797a784728a99666a3756a545734
62432 1 6 19 7 1 1 0 0 0  aaa99986599aa8888797a783748a99666a3746a555742
62647 1 6 20 2 1 0 1 0 0  aaa99977799aa7743898a888855a99665a6867a543624
62650 1 6 20 2 1 2 0 0 0  aaa99977799aa7734898a888825a99664a6867a555643
62651 1 6 20 2 1 2 1 0 0  aaa99977799aa7733898a888866a99656a6847a555442
63091 1 6 21 3 3 0 1 0 0  aaa99966699aa7777798a638587a99852a4888a564543
63145 1 6 21 5 0 0 1 0 0  aaa99977799aa6764298a768686a99855a4888a375534
63147 1 6 21 5 0 1 1 0 0  aaa99977799aa6764298a768686a99855a5888a374534
63149 1 6 21 5 0 2 1 0 0  aaa99977799aa6764298a768686a99835a4888a573554
63151 1 6 21 5 1 0 1 0 0  aaa99977799aa6766698a738586a99852a4888a574543
63217 1 6 21 7 0 0 1 0 0  aaa99977799aa6764698a578286a99855a7888a354634
63502 1 6 22 3 5 2 0 0 0  aaa99964599aa8635797a775748a99286a7864a888653
63516 1 6 22 4 2 0 0 0 0  aaa99977799aa8666797a755448a99286a4865a888353
63517 1 6 22 4 2 0 1 0 0  aaa99977799aa8666797a755428a99486a4865a888353
63617 1 6 22 7 0 2 1 0 0  aaa99977799aa8766394a576368a99485a7846a888552
63730 1 6 22 10 1 2 0 0 0  aaa99974599aa8735696a765648a99287a6874a888753
63756 1 7 0 0 0 0 0 0 0  aaa99988599aa8984897a873876a97676a3654a575624
63758 1 7 0 0 0 1 0 0 0  aaa99988599aa8984897a873876a97676a3654a572654
63792 1 7 0 1 0 0 0 0 0  aaa99988599aa8983897a877877a93676a2655a446654
63842 1 7 0 2 2 1 0 0 0  aaa99988499aa8983897a877877a93665a6566a545724
63846 1 7 0 2 3 0 0 0 0  aaa99988499aa8983897a877877a93666a2556a456745
63848 1 7 0 2 3 1 0 0 0  aaa99988499aa8983897a877877a93666a2546a556745
63858 1 7 0 2 5 0 0 0 0  aaa99988599aa8984897a877877a92564a5653a666743
63864 1 7 0 3 0 0 0 0 0  aaa99988599aa8983897a873866a92777a7565a465464
63900 1 7 0 4 0 0 0 0 0  aaa99988599aa8983897a877866a93777a2565a465464
64088 1 7 0 9 1 1 0 0 0  aaa99988599aa8984897a873875a93766a6776a565442
64094 1 7 0 9 2 1 0 0 0  aaa99988599aa8984897a873876a93766a6774a562554
64098 1 7 0 9 3 0 0 0 0  aaa99988599aa8984897a873876a93766a6775a455642
64100 1 7 0 9 3 1 0 0 0  aaa99988599aa8984897a873876a93766a6774a555624
64106 1 7 0 9 4 1 0 0 0  aaa99988599aa8984897a873876a96765a3774a662554
64112 1 7 0 9 5 1 0 0 0  aaa99988599aa8984897a873876a93765a2774a666554
64124 1 7 0 10 1 1 0 0 0  aaa99988599aa8984897a863875a93766a6777a565442
64130 1 7 0 10 2 1 0 0 0  aaa99988599aa8984897a844876a93766a6777a563552
64136 1 7 0 10 3 1 0 0 0  aaa99988599aa8984897a844876a93766a6777a555632
64142 1 7 0 10 4 1 0 0 0  aaa99988599aa8984897a844876a96765a3777a663552
64148 1 7 0 10 5 1 0 0 0  aaa99988599aa8984897a844876a93765a3777a666552
64171 1 7 1 0 3 0 1 0 0  aaa99988899aa7974892a877877a94866a6655a533645
64292 1 7 1 3 5 1 0 0 0  aaa99988899aa6975897a874876a93865a3774a662554
65046 1 7 3 2 5 0 0 0 0  aaa99988899aa6985897a877877a94564a5653a662743
65300 1 7 3 9 5 1 0 0 0  aaa99988899aa6985897a874876a93765a3774a662554
65336 1 7 3 10 5 1 0 0 0  aaa99988899aa6985897a844876a94765a3777a663552
65392 1 7 4 1 2 2 0 0 0  aaa99988899aa5984898a873777a93667a6566a545724
65404 1 7 4 1 4 2 0 0 0  aaa99988899aa5984898a873777a93657a6666a545724
65408 1 7 4 1 5 1 0 0 0  aaa99988899aa6985898a875777a93567a5644a663742
65494 1 7 4 4 1 2 0 0 0  aaa99988899aa5984898a863777a93667a6526a545774
66150 1 7 6 0 3 0 0 0 0  aaa99988899aa8985897a874776a93666a3556a775442
66152 1 7 6 0 3 1 0 0 0  aaa99988899aa8985897a874776a93666a3456a774552
66528 1 7 7 0 0 0 0 0 0  aaa99977599aa8977898a883866a93787a2565a465464
66600 1 7 7 2 0 0 0 0 0  aaa99977799aa8975898a883866a93787a2565a465464
66652 1 7 7 3 2 2 0 0 0  aaa99965799aa8954898a883876a97786a3775a662445
66686 1 7 7 4 2 1 0 0 0  aaa99977799aa8954898a885876a93786a3675a644625
66688 1 7 7 4 2 2 0 0 0  aaa99977799aa8945898a885876a95786a5673a644623
66716 1 7 7 5 1 1 0 0 0  aaa99977799aa8974898a883866a96587a3576a545624
66818 1 7 7 8 0 1 0 0 0  aaa99966599aa8964898a883876a97787a3757a644552
66918 1 7 7 10 5 0 0 0 0  aaa99976599aa8964898a883854a95587a3276a764776
67060 1 7 8 3 4 2 0 0 0  aaa99988899aa5984896a863777a97657a3668a545724
67339 1 7 9 0 3 0 1 0 0  aaa99988899aa7987298a877767a98666a3545a563445
67458 1 7 9 3 5 0 0 0 0  aaa99988899aa6985798a874777a98564a5653a662743
67582 1 7 9 7 1 2 0 0 0  aaa99988899aa5987798a877725a98664a6567a534643
67583 1 7 9 7 1 2 1 0 0  aaa99988899aa5987798a877725a98664a6567a453643
67716 1 7 10 0 0 0 0 0 0  aaa99977599aa7974898a883866a93767a8865a455642
67718 1 7 10 0 0 1 0 0 0  aaa99977599aa7974898a883866a93767a8864a555624
67906 1 7 10 5 1 2 0 0 0  aaa99977799aa5974898a883866a96257a8876a545634
68112 1 7 11 0 0 0 0 0 0  aaa99977599aa7973898a888866a93787a2565a465464
68231 1 7 11 3 1 2 1 0 0  aaa99965799aa6966898a888872a97783a4775a654534
68508 1 7 12 0 0 0 0 0 0  aaa99977599aa7973898a883866a92787a8565a465464
68627 1 7 12 3 1 2 1 0 0  aaa99965799aa6966898a884872a97783a8775a654534
68698 1 7 12 5 1 2 0 0 0  aaa99977799aa5974898a883866a96287a8576a545634
68761 1 7 12 7 0 0 1 0 0  aaa99977799aa6976898a887866a93587a8524a543564
68918 1 7 13 0 2 1 0 0 0  aaa99977599aa7974898a883868a93767a8664a562554
68942 1 7 13 1 0 1 0 0 0  aaa99977799aa6964898a883878a93757a8665a552446
69122 1 7 13 6 0 1 0 0 0  aaa99966599aa7964898a883878a93766a8774a572554
69314 1 7 14 0 2 1 0 0 0  aaa99977599aa7974898a883868a98767a3664a562554
69318 1 7 14 0 3 0 0 0 0  aaa99977599aa7974898a883868a98767a3665a455642
69320 1 7 14 0 3 1 0 0 0  aaa99977599aa7974898a883868a98767a3664a555624
69330 1 7 14 0 5 0 0 0 0  aaa99977599aa7974898a883858a98767a3654a666254
69402 1 7 14 2 5 0 0 0 0  aaa99977799aa6975898a884858a98767a3654a663254
69463 1 7 14 4 3 0 1 0 0  aaa99977799aa6966898a884828a98777a4655a533645
69490 1 7 14 5 1 2 0 0 0  aaa99977799aa5974898a883828a98667a6576a545634
69553 1 7 14 7 0 0 1 0 0  aaa99977799aa6976898a887858a98667a3524a543564
69660 1 7 14 10 0 0 0 0 0  aaa99966599aa7964898a883858a98676a3754a777254
69740 1 7 15 1 1 1 0 0 0  aaa99988899aa7984797a873766a96578a3568a545624
69778 1 7 15 2 1 2 0 0 0  aaa99988899aa5984797a873766a96258a7768a545634
69850 1 7 15 4 1 2 0 0 0  aaa99988899aa5984797a873766a96278a7568a545634
69956 1 7 15 7 1 1 0 0 0  aaa99988899aa6985797a874766a93658a3768a545724
69958 1 7 15 7 1 2 0 0 0  aaa99988899aa6985797a875766a95648a5768a433742
69964 1 7 15 7 2 2 0 0 0  aaa99988899aa5984797a873766a96658a3768a545724
69980 1 7 15 7 5 1 0 0 0  aaa99988899aa6985797a875756a95468a4748a663732
70194 1 7 16 2 5 0 0 0 0  aaa99988899aa6985797a873756a98468a7754a663452
70282 1 7 16 5 1 2 0 0 0  aaa99988899aa5984797a873727a98668a6576a545634
70309 1 7 16 6 0 0 1 0 0  aaa99988899aa6986797a877757a98668a3524a543564
70372 1 7 16 7 4 2 0 0 0  aaa99988899aa5984797a873766a98658a3766a545724
70378 1 7 16 7 5 2 0 0 0  aaa99988899aa6985797a875746a98368a5743a665742
70482 1 7 16 10 5 0 0 0 0  aaa99988899aa6984597a853576a98768a3777a662445
70488 1 7 17 0 0 0 0 0 0  aaa99977599aa7974898a883866a98767a3865a455642
70490 1 7 17 0 0 1 0 0 0  aaa99977599aa7974898a883866a98767a3864a555624
70518 1 7 17 0 5 0 0 0 0  aaa99977599aa7974898a883856a98767a3854a666254
70590 1 7 17 2 5 0 0 0 0  aaa99977799aa6975898a884856a98767a3854a663254
70678 1 7 17 5 1 2 0 0 0  aaa99977799aa5974898a883825a98667a6876a545634
70812 1 7 17 9 0 0 0 0 0  aaa99966599aa7967898a884857a98676a3854a773254
70848 1 7 17 10 0 0 0 0 0  aaa99966599aa7964898a883857a98676a3854a777254
70898 1 7 18 0 2 1 0 0 0  aaa99977599aa7974898a888868a93767a3664a562554
71137 1 7 18 7 0 0 1 0 0  aaa99977799aa6976898a888858a97667a3524a543564
71388 1 7 19 3 0 0 0 0 0  aaa99987599aa6964898a883866a93777a7857a545624
71390 1 7 19 3 0 1 0 0 0  aaa99987599aa6964898a883866a93777a7847a555642
71468 1 7 19 5 1 1 0 0 0  aaa99987499aa7977898a883857a93676a6856a562454
71584 1 7 19 8 2 2 0 0 0  aaa99985499aa7944898a883876a93777a7865a662565
71590 1 7 19 8 3 2 0 0 0  aaa99985499aa7953898a883876a96777a7865a662445
71596 1 7 19 8 4 2 0 0 0  aaa99985499aa7953898a883876a92777a7865a666445
71600 1 7 19 8 5 1 0 0 0  aaa99986599aa7964898a883875a93777a7846a565642
71676 1 7 20 0 0 0 0 0 0  aaa99977599aa7974898a888866a93767a3865a455642
71678 1 7 20 0 0 1 0 0 0  aaa99977599aa7974898a888866a93767a3864a555624
72262 1 7 21 5 1 2 0 0 0  aaa99977799aa5974698a768686a93857a3888a545624
72282 1 7 21 5 5 0 0 0 0  aaa99977799aa6974598a758586a93867a3888a662445
72468 1 7 22 0 0 0 0 0 0  aaa99977599aa8977796a764668a92584a5853a888643
72540 1 7 22 2 0 0 0 0 0  aaa99977799aa8975796a764668a92584a5853a888643
72678 1 7 22 5 5 0 0 0 0  aaa99977799aa8974596a753568a93687a2866a888445
72684 1 7 22 6 0 0 0 0 0  aaa99966599aa8964797a773758a97686a3854a888254
72756 1 7 22 8 0 0 0 0 0  aaa99966599aa8964797a773658a97786a3854a888254
72864 1 8 0 0 0 0 0 0 0  aaa99988698aa7875798a984897a93766a3567a546254
72866 1 8 0 0 0 1 0 0 0  aaa99988598aa7874798a983897a93766a2567a565446
72872 1 8 0 0 1 1 0 0 0  aaa99988698aa7874798a983897a93765a6657a644525
72878 1 8 0 0 2 1 0 0 0  aaa99988598aa7874798a983897a93766a6657a562454
72880 1 8 0 0 2 2 0 0 0  aaa99988598aa7875798a985897a95766a6647a464332
72882 1 8 0 0 3 0 0 0 0  aaa99988598aa7874798a983897a93766a6657a545624
72884 1 8 0 0 3 1 0 0 0  aaa99988598aa7874798a983897a93766a6647a555642
72890 1 8 0 0 4 1 0 0 0  aaa99988598aa7874798a983897a93765a6657a662454
72892 1 8 0 0 4 2 0 0 0  aaa99988598aa7875798a985897a95764a6637a662434
72896 1 8 0 0 5 1 0 0 0  aaa99988598aa7874798a983897a93765a2657a666454
72898 1 8 0 0 5 2 0 0 0  aaa99988598aa7875798a985897a95764a4647a666332
72926 1 8 0 1 4 1 0 0 0  aaa99988598aa7877698a984896a93775a3674a662554
72944 1 8 0 2 1 1 0 0 0  aaa99988498aa7877798a983897a93665a6567a545624
72950 1 8 0 2 2 1 0 0 0  aaa99988598aa7877798a984897a93666a3257a566454
72952 1 8 0 2 2 2 0 0 0  aaa99988598aa7877798a985897a95666a5447a366432
72997 1 8 0 3 4 0 1 0 0  aaa99988598aa6876298a984896a94777a7637a655534
73061 1 8 0 5 2 2 1 0 0  aaa99988598aa7877298a985897a95676a6437a644635
73079 1 8 0 5 5 2 1 0 0  aaa99988598aa7877298a985897a95376a3467a644665
73093 1 8 0 6 2 0 1 0 0  aaa99988598aa7864398a984897a93777a7666a525546
73096 1 8 0 6 2 2 0 0 0  aaa99988598aa7865298a985897a95777a7666a344436
73117 1 8 0 7 0 0 1 0 0  aaa99988798aa7877398a985897a93665a5467a464562
73121 1 8 0 7 0 2 1 0 0  aaa99988798aa7877298a985897a95663a5467a464365
73123 1 8 0 7 1 0 1 0 0  aaa99988798aa7877298a984897a94665a6367a553645
73127 1 8 0 7 1 2 1 0 0  aaa99988798aa7877298a984897a94663a6567a555634
73131 1 8 0 7 2 1 1 0 0  aaa99988798aa7877398a984897a93666a4557a266554
73133 1 8 0 7 2 2 1 0 0  aaa99988798aa7877398a984897a93666a4257a566554
73135 1 8 0 7 3 0 1 0 0  aaa99988798aa7877298a984897a94663a6567a564535
73139 1 8 0 7 3 2 1 0 0  aaa99988798aa7877298a984897a94665a6367a563554
73141 1 8 0 7 4 0 1 0 0  aaa99988798aa7877298a984897a94666a6557a365534
73143 1 8 0 7 4 1 1 0 0  aaa99988798aa7877298a984897a94666a6537a565534
73145 1 8 0 7 4 2 1 0 0  aaa99988798aa7877298a984897a94666a6357a563554
73149 1 8 0 7 5 1 1 0 0  aaa99988798aa7877298a984897a94565a5637a666534
73151 1 8 0 7 5 2 1 0 0  aaa99988798aa7877298a984897a94365a3657a666554
73153 1 8 0 8 0 0 1 0 0  aaa99988698aa7866298a984896a94777a7557a365534
73155 1 8 0 8 0 1 1 0 0  aaa99988698aa7866298a984896a94777a7537a565534
73157 1 8 0 8 0 2 1 0 0  aaa99988698aa7866298a984896a94777a7357a563554
73178 1 8 0 8 4 1 0 0 0  aaa99988598aa7844698a984896a93777a7657a663552
73183 1 8 0 8 5 0 1 0 0  aaa99988598aa7855298a984896a94777a7637a666534
73207 1 8 0 9 3 0 1 0 0  aaa99988698aa7875298a984897a94676a6736a755534
73218 1 8 0 9 5 0 0 0 0  aaa99988698aa7876298a986897a96575a6745a743453
73219 1 8 0 9 5 0 1 0 0  aaa99988698aa7876298a986897a96575a6745a753443
73220 1 8 0 9 5 1 0 0 0  aaa99988698aa7876298a986897a96574a6755a743453
73221 1 8 0 9 5 1 1 0 0  aaa99988698aa7876298a986897a96574a6755a753443
73223 1 8 0 9 5 2 1 0 0  aaa99988698aa7876298a986897a96375a3754a746554
73243 1 8 0 10 3 0 1 0 0  aaa99988698aa7855298a985897a94676a6736a774534
73255 1 8 0 10 5 0 1 0 0  aaa99988698aa7856298a986897a96575a6745a773443
73257 1 8 0 10 5 1 1 0 0  aaa99988698aa7856298a986897a96574a6755a773443
73259 1 8 0 10 5 2 1 0 0  aaa99988698aa7846298a986897a96375a3754a776554
74066 1 8 3 0 2 1 0 0 0  aaa99988898aa7874795a983897a93766a6657a562454
74078 1 8 3 0 4 1 0 0 0  aaa99988898aa7874795a983897a93765a6657a662454
74287 1 8 3 6 3 0 1 0 0  aaa99988898aa6866297a984896a94777a7557a353654
74289 1 8 3 6 3 1 1 0 0  aaa99988898aa6866297a984896a94777a7557a355634
74291 1 8 3 6 3 2 1 0 0  aaa99988898aa6866297a984896a94777a7537a555634
74293 1 8 3 6 4 0 1 0 0  aaa99988898aa6865297a984896a94777a7637a655534
74299 1 8 3 6 5 0 1 0 0  aaa99988898aa6855297a985896a94777a7637a664534
74317 1 8 3 7 2 0 1 0 0  aaa99988898aa7877296a987897a94665a6567a354534
74323 1 8 3 7 3 0 1 0 0  aaa99988898aa7877296a987897a94666a4557a365534
74325 1 8 3 7 3 1 1 0 0  aaa99988898aa7877296a987897a94666a4537a565534
74327 1 8 3 7 3 2 1 0 0  aaa99988898aa7877296a987897a94666a4357a563554
74402 1 8 3 9 4 1 0 0 0  aaa99988898aa6865797a984896a93765a3777a644552
74408 1 8 3 9 5 1 0 0 0  aaa99988898aa6845797a984896a93765a3777a662554
74438 1 8 3 10 4 1 0 0 0  aaa99988898aa7845696a984897a93675a3766a772554
74483 1 8 4 0 5 2 1 0 0  aaa99988898aa8877792a987396a94765a3657a664554
74870 1 8 5 0 4 1 0 0 0  aaa99988898aa7875794a984697a94768a3657a663552
74879 1 8 5 0 5 2 1 0 0  aaa99988898aa7875792a985397a95768a3647a666445
74978 1 8 5 3 4 1 0 0 0  aaa99988898aa6864797a983797a97568a3675a652445
75170 1 8 5 9 0 1 0 0 0  aaa99988898aa6865797a984696a93758a3777a545624
75172 1 8 5 9 0 2 0 0 0  aaa99988898aa6865797a985696a95748a5777a433642
75209 1 8 5 10 0 2 1 0 0  aaa99988898aa7866393a986297a95678a5746a775445
75254 1 8 6 0 2 1 0 0 0  aaa99988898aa7875798a984697a93766a3657a562454
75256 1 8 6 0 2 2 0 0 0  aaa99988898aa7875798a985697a95766a5647a464332
75277 1 8 6 1 0 0 1 0 0  aaa99988898aa7877398a984797a93766a4656a554265
75295 1 8 6 1 3 0 1 0 0  aaa99988898aa7877298a984797a94766a6655a533645
75455 1 8 6 5 5 2 1 0 0  aaa99988898aa7877398a985397a95276a5467a644665
75746 1 8 7 3 0 1 0 0 0  aaa99966598aa8884898a963796a93877a7757a644552
75940 1 8 7 8 2 2 0 0 0  aaa99975498aa8883898a944796a93877a7765a662565
75946 1 8 7 8 3 2 0 0 0  aaa99975498aa8883898a953796a96877a7765a662445
75952 1 8 7 8 4 2 0 0 0  aaa99975498aa8883898a953796a92877a7765a666445
75956 1 8 7 8 5 1 0 0 0  aaa99976598aa8884898a963795a93877a7746a565642
76046 1 8 8 0 2 1 0 0 0  aaa99988898aa7875796a984697a93667a3568a545724
76048 1 8 8 0 2 2 0 0 0  aaa99988898aa7875796a985697a95667a5468a433742
76063 1 8 8 0 5 0 1 0 0  aaa99988898aa7875795a985297a94567a4638a666734
76118 1 8 8 2 2 1 0 0 0  aaa99988898aa7877796a984697a93664a4568a553752
76142 1 8 8 3 0 1 0 0 0  aaa99988898aa6864797a983797a97664a4578a553652
76247 1 8 8 5 5 2 1 0 0  aaa99988898aa7877395a986397a96574a6558a426746
76309 1 8 8 7 4 0 1 0 0  aaa99988898aa7877692a987697a94666a4558a353754
76427 1 8 8 10 5 2 1 0 0  aaa99988898aa7846393a986597a96575a5728a776464
76435 1 8 9 0 1 0 1 0 0  aaa99988897aa8873795a987696a98756a6657a543424
76440 1 8 9 0 2 0 0 0 0  aaa99988897aa8875794a987692a98766a3647a565543
76441 1 8 9 0 2 0 1 0 0  aaa99988897aa8875793a987692a98766a4637a565544
76445 1 8 9 0 2 2 1 0 0  aaa99988897aa8874792a987693a98766a4657a563554
76453 1 8 9 0 4 0 1 0 0  aaa99988897aa8873795a987695a98766a6657a543424
76458 1 8 9 0 5 0 0 0 0  aaa99988897aa8875794a987296a98765a5647a663543
76459 1 8 9 0 5 0 1 0 0  aaa99988897aa8875793a987296a98765a5637a664544
76463 1 8 9 0 5 2 1 0 0  aaa99988897aa8874792a987396a98765a3657a664554
76789 1 8 9 10 0 0 1 0 0  aaa99988896aa8864695a986297a98575a4736a777534
76838 1 8 10 0 2 1 0 0 0  aaa99977598aa8884898a977796a93687a3664a562554
76910 1 8 10 2 2 1 0 0 0  aaa99977798aa8885898a974796a93687a3664a562554
76934 1 8 10 3 0 1 0 0 0  aaa99966598aa8884898a963797a93787a7664a572554
77004 1 8 10 5 0 0 0 0 0  aaa99977798aa8885898a974696a93687a3476a654552
77006 1 8 10 5 0 1 0 0 0  aaa99977798aa8885898a974696a93687a3576a655442
77018 1 8 10 5 2 1 0 0 0  aaa99977798aa8884898a973696a96587a3675a652445
77030 1 8 10 5 4 1 0 0 0  aaa99977798aa8885898a974696a93487a4675a663525
77042 1 8 10 6 0 1 0 0 0  aaa99966598aa8884898a963796a93787a7757a644552
77214 1 8 10 10 5 0 0 0 0  aaa99976598aa8884898a963594a95587a3276a764776
77437 1 8 11 6 0 0 1 0 0  aaa99966598aa8888898a964796a94773a7277a655534
77833 1 8 12 6 0 0 1 0 0  aaa99966598aa8884898a968796a94773a7277a655534
78062 1 8 13 1 2 1 0 0 0  aaa99977798aa8885898a954896a93767a3765a644625
78064 1 8 13 1 2 2 0 0 0  aaa99977798aa8885898a945896a95767a5763a644623
78070 1 8 13 1 3 2 0 0 0  aaa99977798aa8884898a953896a96767a3765a652445
78202 1 8 13 5 1 2 0 0 0  aaa99977798aa8884898a973895a93667a6576a545624
78218 1 8 13 5 4 1 0 0 0  aaa99977798aa8884898a973896a96567a3675a652445
78224 1 8 13 5 5 1 0 0 0  aaa99977798aa8885898a974896a93467a4675a663525
78230 1 8 13 6 0 1 0 0 0  aaa99966598aa8884898a963897a93777a7664a572554
78438 1 8 14 0 5 0 0 0 0  aaa99977598aa8884895a977896a98767a3654a663254
78518 1 8 14 3 0 1 0 0 0  aaa99966498aa8883897a973895a98777a7665a552446
78865 1 8 15 1 4 0 1 0 0  aaa99988897aa7875797a984296a96768a4638a655534
78876 1 8 15 2 0 0 0 0 0  aaa99988897aa7875797a984696a93678a3568a562454
78878 1 8 15 2 0 1 0 0 0  aaa99988897aa7875797a984696a93678a3568a565442
78902 1 8 15 2 4 1 0 0 0  aaa99988897aa7875797a984696a93478a4658a663552
79087 1 8 15 7 5 0 1 0 0  aaa99988897aa7875795a985296a94578a4638a666734
79166 1 8 15 10 0 1 0 0 0  aaa99988896aa7865696a984597a93578a5748a773642
79183 1 8 15 10 3 0 1 0 0  aaa99988896aa7866695a985297a95578a4738a774634
79198 1 8 15 10 5 2 0 0 0  aaa99988895aa7836594a986597a95278a6748a776463
79199 1 8 15 10 5 2 1 0 0  aaa99988895aa7836594a986597a95478a6748a776362
79554 1 8 16 9 5 0 0 0 0  aaa99988895aa6854797a983596a98768a3777a662445
79584 1 8 16 10 4 0 0 0 0  aaa99988895aa7854696a983597a98678a3766a772445
79601 1 8 17 0 0 2 1 0 0  aaa99977698aa8884892a977896a96737a4865a653545
79604 1 8 17 0 1 1 0 0 0  aaa99977598aa8884896a977896a93757a3866a655442
79620 1 8 17 0 4 0 0 0 0  aaa99977598aa8884895a977896a96767a3854a663254
79626 1 8 17 0 5 0 0 0 0  aaa99977598aa8884895a977896a93767a3854a666254
79646 1 8 17 1 2 1 0 0 0  aaa99977798aa8885897a954896a93767a3865a644625
79648 1 8 17 1 2 2 0 0 0  aaa99977798aa8885897a945896a95767a5863a644623
79654 1 8 17 1 3 2 0 0 0  aaa99977798aa8884897a953896a96767a3865a652445
79706 1 8 17 3 0 1 0 0 0  aaa99966598aa8884897a973896a93777a7856a644552
79814 1 8 17 6 0 1 0 0 0  aaa99966598aa8884897a963896a93777a7857a644552
79892 1 8 17 8 1 1 0 0 0  aaa99966598aa8884897a963897a93777a7865a652445
79894 1 8 17 8 1 2 0 0 0  aaa99966598aa8885897a965897a95777a7864a644332
79900 1 8 17 8 2 2 0 0 0  aaa99966698aa8884897a953897a93777a7865a652445
79912 1 8 17 8 4 2 0 0 0  aaa99965698aa8884897a953897a93777a7865a644625
79918 1 8 17 8 5 2 0 0 0  aaa99965498aa8883897a953897a92777a7865a644665
80022 1 8 18 0 5 0 0 0 0  aaa99977598aa8888895a977896a94767a3654a663254
80570 1 8 19 5 0 1 0 0 0  aaa99987598aa8884897a977696a93786a3764a562554
80620 1 8 19 6 2 2 0 0 0  aaa99985498aa8883897a944796a93787a7765a662565
80626 1 8 19 6 3 2 0 0 0  aaa99985498aa8883897a953796a96787a7765a662445
80632 1 8 19 6 4 2 0 0 0  aaa99985498aa8883897a953796a92787a7765a666445
80636 1 8 19 6 5 1 0 0 0  aaa99986598aa8884897a963795a93787a7746a565642
80798 1 8 20 0 2 1 0 0 0  aaa99977598aa8888897a974796a93687a3664a562554
81326 1 8 21 4 0 1 0 0 0  aaa99977796aa8658695a964798a93787a3865a882445
81422 1 8 21 6 4 1 0 0 0  aaa99966497aa8658797a977798a93586a3865a882445
81433 1 8 21 7 0 0 1 0 0  aaa99977796aa8768695a976298a97585a4836a884534
81512 1 8 21 9 1 1 0 0 0  aaa99975794aa8758696a964698a94587a6875a883732
81515 1 8 21 9 1 2 1 0 0  aaa99975793aa8758696a964698a93287a6875a884745
81518 1 8 21 9 2 1 0 0 0  aaa99975796aa8758696a965698a93487a4874a883725
81522 1 8 21 9 3 0 0 0 0  aaa99975795aa8758696a964598a96687a3874a883724
81525 1 8 21 9 3 1 1 0 0  aaa99975796aa8758696a965398a94687a3872a884745
81549 1 8 21 10 1 1 1 0 0  aaa99975593aa8758696a964698a93287a6875a884774
81551 1 8 21 10 1 2 1 0 0  aaa99975493aa8758696a964698a93287a6875a884775
81829 1 8 22 7 0 0 1 0 0  aaa99977796aa8764695a976298a97585a4836a888534
81919 1 8 22 9 3 0 1 0 0  aaa99976796aa8766695a954398a94587a3872a888745
82738 1 9 1 10 1 2 0 0 0  aaa99995499aa8898898a744668a63867a3275a756775
82830 1 9 2 1 5 0 0 0 0  aaa99996599aa8898898a784778a73574a5526a763646
83249 1 9 3 2 2 2 1 0 0  aaa99995799aa8898797a874828a57866a6765a354634
83255 1 9 3 2 3 2 1 0 0  aaa99995799aa8898797a874828a57866a6765a364534
83261 1 9 3 2 4 2 1 0 0  aaa99995799aa8898797a874828a57863a4765a666534
83267 1 9 3 2 5 2 1 0 0  aaa99995799aa8898797a874828a57836a4765a653664
83363 1 9 3 5 3 2 1 0 0  aaa99995699aa8898797a874828a57866a6775a364534
83371 1 9 3 5 5 0 1 0 0  aaa99996599aa8898797a874828a67853a5776a564634
83373 1 9 3 5 5 1 1 0 0  aaa99996599aa8898797a874828a67855a5776a364634
83374 1 9 3 5 5 2 0 0 0  aaa99996599aa8898797a875828a67834a5776a365644
83375 1 9 3 5 5 2 1 0 0  aaa99996599aa8898797a875828a67843a5776a464635
83407 1 9 3 6 5 0 1 0 0  aaa99996599aa8898797a877828a64853a5776a564634
83409 1 9 3 6 5 1 1 0 0  aaa99996599aa8898797a877828a64855a5776a364634
83410 1 9 3 6 5 2 0 0 0  aaa99996599aa8898797a877828a65834a5776a365644
83411 1 9 3 6 5 2 1 0 0  aaa99996599aa8898797a877828a65843a5776a464635
83515 1 9 3 9 5 0 1 0 0  aaa99996599aa8898297a867878a64853a5777a564634
83517 1 9 3 9 5 1 1 0 0  aaa99996599aa8898297a867878a64855a5777a364634
83518 1 9 3 9 5 2 0 0 0  aaa99996599aa8898297a867878a65834a5777a365644
83519 1 9 3 9 5 2 1 0 0  aaa99996599aa8898297a867878a65843a5777a464635
83521 1 9 3 10 0 0 1 0 0  aaa99997699aa8898696a874828a76855a4657a375734
83523 1 9 3 10 0 1 1 0 0  aaa99997699aa8898696a874828a76855a5657a374734
83525 1 9 3 10 0 2 1 0 0  aaa99997699aa8898696a874828a76835a4657a573754
83533 1 9 3 10 2 0 1 0 0  aaa99997599aa8898696a876828a74853a5667a574734
83535 1 9 3 10 2 1 1 0 0  aaa99997599aa8898696a876828a74855a5667a374734
83536 1 9 3 10 2 2 0 0 0  aaa99997599aa8898696a876828a75834a5667a375744
83537 1 9 3 10 2 2 1 0 0  aaa99997599aa8898696a876828a75843a5667a474735
83541 1 9 3 10 3 1 1 0 0  aaa99997699aa8898696a876828a74855a5657a374734
83543 1 9 3 10 3 2 1 0 0  aaa99997699aa8898696a876828a74835a4657a573754
83545 1 9 3 10 4 0 1 0 0  aaa99997599aa8898296a876868a74853a5667a574734
83547 1 9 3 10 4 1 1 0 0  aaa99997599aa8898296a876868a74855a5667a374734
83548 1 9 3 10 4 2 0 0 0  aaa99997599aa8898296a876868a75834a5667a375744
83549 1 9 3 10 4 2 1 0 0  aaa99997599aa8898296a876868a75843a5667a474735
83550 1 9 3 10 5 0 0 0 0  aaa99997699aa8898394a876838a76855a6547a476752
83551 1 9 3 10 5 0 1 0 0  aaa99997699aa8898595a876828a76854a6547a476733
83552 1 9 3 10 5 1 0 0 0  aaa99997699aa8898595a876828a76834a6557a376744
83553 1 9 3 10 5 1 1 0 0  aaa99997699aa8898295a876858a76854a6547a476733
83554 1 9 3 10 5 2 0 0 0  aaa99997699aa8898295a876858a76834a6557a376744
83555 1 9 3 10 5 2 1 0 0  aaa99997699aa8898295a876858a76843a6557a474736
83941 1 9 4 10 4 0 1 0 0  aaa99997599aa8898296a874888a74666a6557a375734
83943 1 9 4 10 4 1 1 0 0  aaa99997599aa8898296a874888a74666a6537a575734
83944 1 9 4 10 4 2 0 0 0  aaa99997599aa8898296a875888a75666a6347a375744
83945 1 9 4 10 4 2 1 0 0  aaa99997599aa8898296a875888a75666a6437a474735
83947 1 9 4 10 5 0 1 0 0  aaa99997699aa8898595a876888a76554a6247a476733
83948 1 9 4 10 5 1 0 0 0  aaa99997699aa8898295a876888a76555a6347a376744
83949 1 9 4 10 5 1 1 0 0  aaa99997699aa8898595a876888a76524a6547a476733
83950 1 9 4 10 5 2 0 0 0  aaa99997699aa8898295a876888a76534a6557a376744
83951 1 9 4 10 5 2 1 0 0  aaa99997699aa8898295a876888a76543a6557a474736
84004 1 9 5 1 2 2 0 0 0  aaa99995499aa8898797a873788a53687a2665a766445
84010 1 9 5 1 3 2 0 0 0  aaa99995499aa8898797a873788a53687a6665a762445
84016 1 9 5 1 4 2 0 0 0  aaa99995499aa8898797a873788a53687a6666a752445
84020 1 9 5 1 5 1 0 0 0  aaa99996599aa8898797a875788a63587a5446a764632
84040 1 9 5 2 2 2 0 0 0  aaa99995499aa8898797a873788a53687a2766a644565
84046 1 9 5 2 3 2 0 0 0  aaa99995499aa8898797a873788a53687a6766a652445
84052 1 9 5 2 4 2 0 0 0  aaa99995499aa8898797a873788a53687a2765a644665
84056 1 9 5 2 5 1 0 0 0  aaa99996599aa8898797a874788a63487a4756a563652
84126 1 9 5 4 5 0 0 0 0  aaa99996599aa8898797a874788a63587a7546a265643
84160 1 9 5 5 4 2 0 0 0  aaa99995499aa8898797a873788a57286a6765a644635
84196 1 9 5 6 4 2 0 0 0  aaa99995499aa8898797a877688a53786a3765a644625
84230 1 9 5 7 4 1 0 0 0  aaa99997499aa8898797a873788a53586a6765a644625
84232 1 9 5 7 4 2 0 0 0  aaa99997599aa8898797a875788a45486a6764a635623
84268 1 9 5 8 4 2 0 0 0  aaa99995499aa8898797a877788a53286a6765a644635
84286 1 9 5 9 1 2 0 0 0  aaa99995499aa8898797a853688a66786a3777a652445
84304 1 9 5 9 4 2 0 0 0  aaa99995499aa8898797a853688a53786a2777a644665
84308 1 9 5 9 5 1 0 0 0  aaa99996599aa8898797a864588a63785a5777a464632
84314 1 9 5 10 0 1 0 0 0  aaa99997599aa8898696a874688a73486a4657a573752
84733 1 9 6 10 4 0 1 0 0  aaa99997599aa8898298a874868a74666a6557a375734
84735 1 9 6 10 4 1 1 0 0  aaa99997599aa8898298a874868a74666a6537a575734
84736 1 9 6 10 4 2 0 0 0  aaa99997599aa8898298a875868a75666a6347a375744
84737 1 9 6 10 4 2 1 0 0  aaa99997599aa8898298a875868a75666a6437a474735
84739 1 9 6 10 5 0 1 0 0  aaa99997699aa8898598a876858a76554a6247a476733
84740 1 9 6 10 5 1 0 0 0  aaa99997699aa8898298a876858a76555a6347a376744
84741 1 9 6 10 5 1 1 0 0  aaa99997699aa8898598a876858a76524a6547a476733
84742 1 9 6 10 5 2 0 0 0  aaa99997699aa8898298a876858a76534a6557a376744
84743 1 9 6 10 5 2 1 0 0  aaa99997699aa8898298a876858a76543a6557a474736
84792 1 9 7 1 2 0 0 0 0  aaa99996599aa8794898a883877a73787a2666a455546
84830 1 9 7 2 2 1 0 0 0  aaa99995499aa8695898a883877a73786a7666a752445
84832 1 9 7 2 2 2 0 0 0  aaa99994599aa8695898a885877a75786a7666a744332
84938 1 9 7 5 2 1 0 0 0  aaa99995499aa8695898a883877a73786a2675a667445
84940 1 9 7 5 2 2 0 0 0  aaa99994599aa8695898a885877a75786a2673a667443
84944 1 9 7 5 3 1 0 0 0  aaa99996599aa8694898a883877a73785a2674a667554
84950 1 9 7 5 4 1 0 0 0  aaa99994499aa8696898a885877a74786a3275a657635
84952 1 9 7 5 4 2 0 0 0  aaa99994599aa8696898a885877a75786a5474a637623
84956 1 9 7 5 5 1 0 0 0  aaa99994499aa8695898a884877a73786a3275a657665
84958 1 9 7 5 5 2 0 0 0  aaa99994599aa8695898a885877a75786a2474a637663
84974 1 9 7 6 2 1 0 0 0  aaa99995499aa8695898a883877a77786a3675a662445
84976 1 9 7 6 2 2 0 0 0  aaa99994599aa8695898a885877a77786a5673a662443
85008 1 9 7 7 2 0 0 0 0  aaa99997599aa8694898a883877a73785a5666a744562
85010 1 9 7 7 2 1 0 0 0  aaa99997599aa8695898a884877a73786a3666a755442
85016 1 9 7 7 3 1 0 0 0  aaa99997599aa8694898a883877a73785a2666a746554
85046 1 9 7 8 2 1 0 0 0  aaa99995499aa8695898a883877a77786a3666a752445
85048 1 9 7 8 2 2 0 0 0  aaa99994599aa8695898a885877a77786a5666a744332
85082 1 9 7 9 2 1 0 0 0  aaa99995499aa8695898a883876a57786a3777a662445
85084 1 9 7 9 2 2 0 0 0  aaa99994599aa8695898a885876a37786a5777a662443
85124 1 9 7 10 3 1 0 0 0  aaa99994499aa8795898a884866a63687a3275a756775
85126 1 9 7 10 3 2 0 0 0  aaa99994599aa8795898a885866a65687a2474a736773
85134 1 9 7 10 5 0 0 0 0  aaa99996599aa8794898a883854a65587a3276a764776
85192 1 9 8 1 2 2 0 0 0  aaa99995499aa8898797a873788a53678a2665a766445
85198 1 9 8 1 3 2 0 0 0  aaa99995499aa8898797a873788a53678a6665a762445
85204 1 9 8 1 4 2 0 0 0  aaa99995499aa8898797a873788a53678a6666a752445
85208 1 9 8 1 5 1 0 0 0  aaa99996599aa8898797a875788a63578a5446a764632
85314 1 9 8 4 5 0 0 0 0  aaa99996599aa8898797a874788a63578a7546a265643
85474 1 9 8 9 1 2 0 0 0  aaa99995499aa8898797a853688a66768a3777a652445
85492 1 9 8 9 4 2 0 0 0  aaa99995499aa8898797a853688a53768a2777a666445
85496 1 9 8 9 5 1 0 0 0  aaa99996599aa8898797a864588a63758a5777a464632
85535 1 9 8 10 5 2 1 0 0  aaa99997699aa8898395a876388a76548a6557a474762
85733 1 9 9 5 2 2 1 0 0  aaa99995899aa8898797a874828a57766a6765a354634
85739 1 9 9 5 3 2 1 0 0  aaa99995899aa8898797a874828a57766a6765a364534
85745 1 9 9 5 4 2 1 0 0  aaa99995899aa8898797a874828a57763a4765a666534
85751 1 9 9 5 5 2 1 0 0  aaa99995899aa8898797a874828a57736a4765a653664
85781 1 9 9 6 4 2 1 0 0  aaa99995899aa8898797a877828a54763a4765a666534
85787 1 9 9 6 5 2 1 0 0  aaa99995899aa8898797a877828a54736a4765a653664
85891 1 9 9 9 5 0 1 0 0  aaa99996899aa8898297a875878a64753a5776a564634
85893 1 9 9 9 5 1 1 0 0  aaa99996899aa8898297a875878a64755a5776a364634
85894 1 9 9 9 5 2 0 0 0  aaa99996899aa8898297a875878a65734a5776a365644
85895 1 9 9 9 5 2 1 0 0  aaa99996899aa8898297a875878a65743a5776a464635
85927 1 9 9 10 5 0 1 0 0  aaa99996899aa8898297a865878a64753a5777a564634
85929 1 9 9 10 5 1 1 0 0  aaa99996899aa8898297a865878a64755a5777a364634
85930 1 9 9 10 5 2 0 0 0  aaa99996899aa8898297a865878a65734a5777a365644
85931 1 9 9 10 5 2 1 0 0  aaa99996899aa8898297a865878a65743a5777a464635
85984 1 9 10 1 2 2 0 0 0  aaa99995499aa7797898a883877a44762a8865a663565
86826 1 9 12 2 5 0 0 0 0  aaa99996599aa7797898a884877a63587a8546a265643
86914 1 9 12 5 1 2 0 0 0  aaa99995499aa7797898a883867a66287a8765a653445
87228 1 9 13 3 0 0 0 0 0  aaa99997599aa6694898a883878a73756a8776a562454
87230 1 9 13 3 0 1 0 0 0  aaa99997599aa6694898a883878a73756a8776a565442
87246 1 9 13 3 3 0 0 0 0  aaa99997599aa6696898a884878a73765a8774a525634
87252 1 9 13 3 4 0 0 0 0  aaa99997599aa6596898a884878a73764a8772a663545
87254 1 9 13 3 4 1 0 0 0  aaa99997599aa6596898a884878a73765a8774a663254
87280 1 9 13 4 2 2 0 0 0  aaa99995499aa7797898a883878a44762a8765a663565
87956 1 9 15 1 1 1 0 0 0  aaa99996599aa8898797a874768a63687a3685a752445
87958 1 9 15 1 1 2 0 0 0  aaa99996599aa8898797a875768a65687a5684a744332
87964 1 9 15 1 2 2 0 0 0  aaa99995499aa8898797a873768a66687a3685a752445
87976 1 9 15 1 4 2 0 0 0  aaa99995499aa8898797a873768a56687a3686a752445
87980 1 9 15 1 5 1 0 0 0  aaa99996599aa8898797a875758a65487a4486a763632
88017 1 9 15 2 5 1 1 0 0  aaa99996599aa8898797a875758a65287a4786a364634
88066 1 9 15 4 1 2 0 0 0  aaa99995499aa8898797a873768a66287a7685a653445
88120 1 9 15 5 4 2 0 0 0  aaa99995499aa8898797a873728a57686a3785a644665
88122 1 9 15 5 5 0 0 0 0  aaa99996499aa8898797a873758a67585a3786a464652
88138 1 9 15 6 1 2 0 0 0  aaa99995499aa8898797a877668a63786a3785a652445
88159 1 9 15 6 5 0 1 0 0  aaa99996599aa8898797a877528a65785a4786a364634
88166 1 9 15 7 0 1 0 0 0  aaa99997599aa8898797a874768a63686a3784a562554
88176 1 9 15 7 2 0 0 0 0  aaa99997499aa8898797a873768a66585a3785a464652
88275 1 9 15 10 0 1 1 0 0  aaa99997599aa8898696a875658a75286a4687a374734
88285 1 9 15 10 2 0 1 0 0  aaa99997599aa8898696a876528a75685a4687a374734
88372 1 9 16 1 4 2 0 0 0  aaa99995899aa8898797a874768a63687a3665a752445
88378 1 9 16 1 5 2 0 0 0  aaa99995899aa8898797a874768a53687a3666a752445
88912 1 9 17 5 4 2 0 0 0  aaa99995499aa7797898a883827a58676a3875a644665
88914 1 9 17 5 5 0 0 0 0  aaa99996499aa7797898a883857a68575a3876a464652
89008 1 9 17 8 2 2 0 0 0  aaa99995499aa7693898a883876a58777a7865a662445
89542 1 9 19 1 1 2 0 0 0  aaa99995699aa6896898a884877a73767a3825a644575
89546 1 9 19 1 2 1 0 0 0  aaa99995499aa6895898a883877a73767a2865a644675
89548 1 9 19 1 2 2 0 0 0  aaa99994599aa6895898a885877a75767a2863a644673
89554 1 9 19 1 3 2 0 0 0  aaa99995499aa6896898a883877a73767a2865a644575
89558 1 9 19 1 4 1 0 0 0  aaa99994499aa6896898a885877a74767a3825a663575
89560 1 9 19 1 4 2 0 0 0  aaa99994599aa6896898a885877a75767a5844a662373
89564 1 9 19 1 5 1 0 0 0  aaa99994499aa6895898a884877a73767a3825a666575
89566 1 9 19 1 5 2 0 0 0  aaa99994599aa6895898a885877a75767a2844a666373
89582 1 9 19 2 2 1 0 0 0  aaa99994499aa7895898a884877a73767a3865a662565
89584 1 9 19 2 2 2 0 0 0  aaa99994599aa7895898a885877a75767a4863a662364
89588 1 9 19 2 3 1 0 0 0  aaa99995499aa7895898a883877a73767a6865a662445
89590 1 9 19 2 3 2 0 0 0  aaa99994599aa7895898a885877a75767a6863a662443
89594 1 9 19 2 4 1 0 0 0  aaa99995499aa7895898a883877a73767a2865a666445
89596 1 9 19 2 4 2 0 0 0  aaa99994599aa7895898a885877a75767a2863a666443
89600 1 9 19 2 5 1 0 0 0  aaa99996599aa7894898a883877a73757a2846a565646
89618 1 9 19 3 2 1 0 0 0  aaa99995499aa6895898a883877a77767a3865a644625
89620 1 9 19 3 2 2 0 0 0  aaa99994599aa6895898a885877a77767a5863a644623
89626 1 9 19 3 3 2 0 0 0  aaa99995499aa6896898a883877a77767a3865a652445
89654 1 9 19 4 2 1 0 0 0  aaa99995499aa6895898a883877a73767a7865a644625
89656 1 9 19 4 2 2 0 0 0  aaa99994599aa6895898a885877a75767a7863a644623
89662 1 9 19 4 3 2 0 0 0  aaa99995499aa6896898a883877a73767a7865a652445
89684 1 9 19 5 1 1 0 0 0  aaa99996599aa7894898a883877a73766a6874a562554
89702 1 9 19 5 4 1 0 0 0  aaa99996599aa7894898a883877a73765a2874a666554
89748 1 9 19 7 0 0 0 0 0  aaa99997599aa7894898a883877a73766a2865a464556
89750 1 9 19 7 0 1 0 0 0  aaa99997599aa7895898a883877a73766a2864a565446
89756 1 9 19 7 1 1 0 0 0  aaa99997599aa7894898a883877a73766a6856a562454
89758 1 9 19 7 1 2 0 0 0  aaa99997599aa7895898a885877a75766a6846a464332
89760 1 9 19 7 2 0 0 0 0  aaa99997599aa7894898a883877a73766a6865a455642
89762 1 9 19 7 2 1 0 0 0  aaa99997599aa7894898a883877a73766a6864a555624
89768 1 9 19 7 3 1 0 0 0  aaa99997599aa7894898a883877a73766a6864a562554
89774 1 9 19 7 4 1 0 0 0  aaa99997599aa7894898a883877a73765a2864a666554
89780 1 9 19 7 5 1 0 0 0  aaa99997599aa7894898a883877a73756a2864a655664
90849 1 9 22 4 3 1 1 0 0  aaa99997499aa8595797a724668a76386a3856a888547
90855 1 9 22 4 4 1 1 0 0  aaa99997499aa8595797a724638a73686a6856a888547
91092 1 10 0 0 2 0 0 0 0  aaa99988597aa8874897a693796a83487a4697a655562
91100 1 10 0 0 3 1 0 0 0  aaa99988597aa8874897a593796a86687a3697a644552
91130 1 10 0 1 2 1 0 0 0  aaa99988597aa8877897a694796a83786a3695a652445
91132 1 10 0 1 2 2 0 0 0  aaa99988597aa8877897a695796a85786a5694a644332
91176 1 10 0 2 4 0 0 0 0  aaa99988497aa8877895a593796a86587a3697a662454
91182 1 10 0 2 5 0 0 0 0  aaa99988497aa8877895a593796a83587a2697a666454
91189 1 10 0 3 0 0 1 0 0  aaa99988597aa8874896a694797a87683a6297a655534
91224 1 10 0 4 0 0 0 0 0  aaa99988597aa8877896a694796a83787a3695a455642
91226 1 10 0 4 0 1 0 0 0  aaa99988597aa8877896a694796a83787a3694a555624
91261 1 10 0 5 0 0 1 0 0  aaa99988597aa8877896a694797a84683a6297a655534
91370 1 10 0 8 0 1 0 0 0  aaa99988597aa8874896a693797a87786a3694a562554
91610 1 10 1 3 4 1 0 0 0  aaa99988898aa6864898a793797a77567a3695a652445
91625 1 10 1 4 0 2 1 0 0  aaa99988898aa7877898a696792a56773a4695a654534
91913 1 10 2 1 0 2 1 0 0  aaa99988898aa7877897a696892a56773a4695a654534
92276 1 10 3 0 1 1 0 0 0  aaa99988897aa8874795a793696a86786a3597a545624
92303 1 10 3 0 5 2 1 0 0  aaa99988897aa8875792a795496a85784a4697a666353
92635 1 10 3 10 1 0 1 0 0  aaa99988896aa8867696a697595a87583a7294a547374
92653 1 10 3 10 4 0 1 0 0  aaa99988896aa8867695a597696a87583a7294a547374
92699 1 10 4 0 5 2 1 0 0  aaa99988898aa8877297a597796a74365a3698a664554
92845 1 10 4 5 0 0 1 0 0  aaa99988898aa8866797a796796a74255a4798a365534
92858 1 10 4 5 2 1 0 0 0  aaa99988898aa8845797a794796a73666a3798a562554
92864 1 10 4 5 3 1 0 0 0  aaa99988898aa8845797a794796a73666a3798a555624
92917 1 10 4 7 0 0 1 0 0  aaa99988898aa8866797a796796a64255a4798a353754
93062 1 10 5 0 0 1 0 0 0  aaa99988897aa8875792a897696a84756a3697a545634
93064 1 10 5 0 0 2 0 0 0  aaa99988897aa8875792a897696a85746a5697a435643
93070 1 10 5 0 1 2 0 0 0  aaa99988897aa8874792a897696a86756a3597a545634
93092 1 10 5 0 5 1 0 0 0  aaa99988897aa8875792a897596a84765a5697a663443
93095 1 10 5 0 5 2 1 0 0  aaa99988897aa8875792a897496a85764a4697a665353
93132 1 10 5 2 0 0 0 0 0  aaa99988897aa8877797a894696a83655a3596a672454
93186 1 10 5 3 3 0 0 0 0  aaa99988897aa8875796a894797a83666a3597a562454
93188 1 10 5 3 3 1 0 0 0  aaa99988897aa8875796a894797a83666a3597a565442
93354 1 10 5 8 1 0 0 0 0  aaa99988897aa8875797a893797a83666a2496a455546
93356 1 10 5 8 1 1 0 0 0  aaa99988897aa8874797a893797a83666a2596a455546
93366 1 10 5 8 3 0 0 0 0  aaa99988897aa8875797a894797a83666a3596a546254
93816 1 10 6 10 0 0 0 0 0  aaa99988896aa8864895a593697a83576a2796a777454
93884 1 10 7 0 5 1 0 0 0  aaa99977598aa8884898a797796a73865a3694a662554
93902 1 10 7 1 2 1 0 0 0  aaa99977798aa8885898a694797a53867a3695a644625
93904 1 10 7 1 2 2 0 0 0  aaa99977798aa8885898a695797a45867a5693a644623
93929 1 10 7 2 0 2 1 0 0  aaa99977798aa8886898a696296a74877a4395a653545
93950 1 10 7 2 4 1 0 0 0  aaa99977798aa8885898a594696a73877a3694a662554
93974 1 10 7 3 2 1 0 0 0  aaa99975498aa8885898a693797a77867a3695a644625
93976 1 10 7 3 2 2 0 0 0  aaa99974598aa8885898a695797a77867a5693a644623
94190 1 10 7 9 2 1 0 0 0  aaa99966698aa8884898a693597a57876a3795a772445
94202 1 10 7 9 4 1 0 0 0  aaa99965698aa8885898a694497a57876a4792a773635
94278 1 10 8 0 5 0 0 0 0  aaa99988897aa8875797a694594a85576a3298a674663
94642 1 10 8 10 5 2 0 0 0  aaa99988894aa8846492a596397a86375a6798a777556
94643 1 10 8 10 5 2 1 0 0  aaa99988894aa8826493a596497a86375a6798a777556
94646 1 10 9 0 0 1 0 0 0  aaa99988897aa8875792a798696a84756a3697a545634
94648 1 10 9 0 0 2 0 0 0  aaa99988897aa8875792a798696a85746a5697a435643
94654 1 10 9 0 1 2 0 0 0  aaa99988897aa8874792a798696a86756a3597a545634
94676 1 10 9 0 5 1 0 0 0  aaa99988897aa8875792a798596a84765a5697a663443
94679 1 10 9 0 5 2 1 0 0  aaa99988897aa8875792a798496a85764a4697a665353
95038 1 10 9 10 5 2 0 0 0  aaa99988898aa7856494a298497a56373a6798a776565
95039 1 10 9 10 5 2 1 0 0  aaa99988898aa7856494a498397a56372a6798a776565
95117 1 10 10 2 0 2 1 0 0  aaa99977798aa8886898a696296a74787a4395a653545
95138 1 10 10 2 4 1 0 0 0  aaa99977798aa8885898a594696a73787a3694a662554
95220 1 10 10 5 0 0 0 0 0  aaa99977798aa8885898a794696a73687a3496a654552
95222 1 10 10 5 0 1 0 0 0  aaa99977798aa8885898a794696a73687a3596a655442
95234 1 10 10 5 2 1 0 0 0  aaa99977798aa8884898a793696a76587a3695a652445
95246 1 10 10 5 4 1 0 0 0  aaa99977798aa8885898a794696a73487a4695a663525
95420 1 10 10 10 3 1 0 0 0  aaa99974498aa8885898a794696a63687a3295a756775
95422 1 10 10 10 3 2 0 0 0  aaa99974598aa8885898a795696a65687a2494a736773
95430 1 10 10 10 5 0 0 0 0  aaa99976598aa8884898a793594a65587a3296a764776
95856 1 10 12 0 4 0 0 0 0  aaa99977598aa8884898a298497a74767a6695a663553
95858 1 10 12 0 4 1 0 0 0  aaa99977598aa8884898a598697a73767a3694a662554
95863 1 10 12 0 5 0 1 0 0  aaa99977598aa8884898a298397a74767a3695a666554
95935 1 10 12 2 5 0 1 0 0  aaa99977798aa8885898a298396a74767a3695a664554
96049 1 10 12 6 0 0 1 0 0  aaa99966598aa8884898a398797a77767a4296a655534
96121 1 10 12 8 0 0 1 0 0  aaa99966598aa8884898a398797a77766a4296a755534
96157 1 10 12 9 0 0 1 0 0  aaa99966598aa8884898a398796a74777a7296a655534
96193 1 10 12 10 0 0 1 0 0  aaa99966598aa8884898a298397a64676a3795a777554
96234 1 10 13 0 1 0 0 0 0  aaa99977598aa8883898a797897a73666a2496a455546
96236 1 10 13 0 1 1 0 0 0  aaa99977498aa8883898a797897a73666a2596a455546
96246 1 10 13 0 3 0 0 0 0  aaa99977598aa8884898a797897a73666a3596a546254
96332 1 10 13 2 5 1 0 0 0  aaa99977798aa8885898a594896a73767a3694a662554
96418 1 10 13 5 1 2 0 0 0  aaa99977798aa8884898a793895a73667a6596a545624
96434 1 10 13 5 4 1 0 0 0  aaa99977798aa8884898a793896a76567a3695a652445
96440 1 10 13 5 5 1 0 0 0  aaa99977798aa8885898a794896a73467a4695a663525
96566 1 10 13 9 2 1 0 0 0  aaa99966698aa8884898a693897a57576a3795a772445
96578 1 10 13 9 4 1 0 0 0  aaa99965698aa8885898a693897a57476a4794a773625
96630 1 10 14 0 1 0 0 0 0  aaa99977598aa8883897a793897a78666a2496a455546
96632 1 10 14 0 1 1 0 0 0  aaa99977498aa8883897a793897a78666a2596a455546
96642 1 10 14 0 3 0 0 0 0  aaa99977598aa8884897a793897a78666a3596a546254
96698 1 10 14 2 0 1 0 0 0  aaa99977798aa8884897a793896a78664a4596a553652
96702 1 10 14 2 1 0 0 0 0  aaa99977798aa8885897a793894a78666a3296a455546
97025 1 10 15 0 0 2 1 0 0  aaa99988897aa7866797a896396a85377a5298a465445
97058 1 10 15 1 0 1 0 0 0  aaa99988897aa7875797a894696a83756a3698a545624
97060 1 10 15 1 0 2 0 0 0  aaa99988897aa7875797a895696a85746a5698a433642
97066 1 10 15 1 1 2 0 0 0  aaa99988897aa7874797a893696a86756a3598a545624
97088 1 10 15 1 5 1 0 0 0  aaa99988897aa7875797a894596a83765a5698a663442
97100 1 10 15 2 1 1 0 0 0  aaa99988897aa7874797a893696a86576a3598a545624
97280 1 10 15 7 1 1 0 0 0  aaa99988897aa7874796a893696a86674a4598a553752
97286 1 10 15 7 2 1 0 0 0  aaa99988897aa7874795a893696a86676a3598a545724
97295 1 10 15 7 3 2 1 0 0  aaa99988897aa7875792a895696a86673a5498a644735
97298 1 10 15 7 4 1 0 0 0  aaa99988897aa7874795a893696a83676a6598a545724
97382 1 10 15 10 0 1 0 0 0  aaa99988896aa7865696a894597a83574a5798a773642
97384 1 10 15 10 0 2 0 0 0  aaa99988896aa7865696a895497a85274a5798a773643
97414 1 10 15 10 5 2 0 0 0  aaa99988894aa7846492a896597a86575a5798a776363
97415 1 10 15 10 5 2 1 0 0  aaa99988892aa7846393a896597a86575a5798a776464
97432 1 10 16 0 2 2 0 0 0  aaa99988897aa7854797a893696a86277a8695a653445
97442 1 10 16 0 4 1 0 0 0  aaa99988897aa7854797a893696a83577a8695a662445
97444 1 10 16 0 4 2 0 0 0  aaa99988897aa7845797a895696a85477a8694a665332
97489 1 10 16 2 0 0 1 0 0  aaa99988897aa7875797a894696a84673a8296a655534
97814 1 10 17 0 0 1 0 0 0  aaa99977598aa8884897a793897a73665a2896a644556
97818 1 10 17 0 1 0 0 0 0  aaa99977598aa8884897a793897a73666a2896a455546
97824 1 10 17 0 2 0 0 0 0  aaa99977698aa8886897a794897a73665a6895a553442
97826 1 10 17 0 2 1 0 0 0  aaa99977598aa8884897a793897a73666a2894a566554
97898 1 10 17 2 2 1 0 0 0  aaa99977798aa8885897a794896a73666a3894a562554
97958 1 10 17 4 0 1 0 0 0  aaa99977798aa8885896a694895a63777a3896a655442
97987 1 10 17 4 5 0 1 0 0  aaa99977798aa8885892a595893a64777a4896a563646
98108 1 10 17 8 1 1 0 0 0  aaa99966598aa8884897a693897a63777a7895a652445
98110 1 10 17 8 1 2 0 0 0  aaa99966598aa8885897a695897a65777a7894a644332
98116 1 10 17 8 2 2 0 0 0  aaa99966698aa8884897a693897a53777a7895a652445
98128 1 10 17 8 4 2 0 0 0  aaa99965698aa8884897a693897a53777a7895a644625
98134 1 10 17 8 5 2 0 0 0  aaa99965498aa8883897a693897a52777a7895a644665
98138 1 10 17 9 0 1 0 0 0  aaa99966598aa8884896a693897a63775a2894a777554
98214 1 10 18 0 1 0 0 0 0  aaa99977598aa8888897a793897a73666a2496a455546
98216 1 10 18 0 1 1 0 0 0  aaa99977498aa8888897a793897a73666a2596a455546
98226 1 10 18 0 3 0 0 0 0  aaa99977598aa8888897a794897a73666a3596a546254
98656 1 10 19 1 2 2 0 0 0  aaa99985498aa8883897a797797a44786a3695a662565
98662 1 10 19 1 3 2 0 0 0  aaa99985498aa8883897a797797a53786a2696a656445
98668 1 10 19 1 4 2 0 0 0  aaa99985498aa8883897a797797a53786a2695a666445
98672 1 10 19 1 5 1 0 0 0  aaa99986598aa8884897a797797a63784a4596a565632
98710 1 10 19 2 5 2 0 0 0  aaa99986598aa8885897a797794a65783a5296a764634
98726 1 10 19 3 2 1 0 0 0  aaa99985498aa8885897a693797a77786a3695a662445
98728 1 10 19 3 2 2 0 0 0  aaa99984598aa8885897a695797a77786a5693a662443
98860 1 10 19 7 0 2 0 0 0  aaa99985798aa8884897a797696a53786a3695a744625
98878 1 10 19 7 3 2 0 0 0  aaa99985798aa8884897a797696a63786a3695a752445
98886 1 10 19 7 5 0 0 0 0  aaa99986798aa8884897a797595a63784a5596a763642
98891 1 10 19 7 5 2 1 0 0  aaa99986798aa8885897a797394a65783a5496a764652
98914 1 10 19 8 3 2 0 0 0  aaa99985498aa8883896a696797a77786a3695a752445
98922 1 10 19 8 5 0 0 0 0  aaa99986498aa8883895a593797a77784a4596a762656
98982 1 10 19 10 3 0 0 0 0  aaa99987498aa8883896a696595a73684a5597a672747
99402 1 10 21 0 1 0 0 0 0  aaa99977598aa7873897a793898a88666a2496a455546
99404 1 10 21 0 1 1 0 0 0  aaa99977498aa7873897a793898a88666a2596a455546
99414 1 10 21 0 3 0 0 0 0  aaa99977598aa7874897a793898a88666a3596a546254
99792 1 10 22 0 0 0 0 0 0  aaa99977496aa8767795a593698a73586a2896a888454
100000 0 10 22 5 4 2 0 0 0  aaa99977796aa8765694a795698a76484a5893a888352
100078 1 10 22 7 5 2 0 0 0  aaa99977796aa8744693a597698a66385a4897a888552
100079 1 10 22 7 5 2 1 0 0  aaa99977796aa8724693a597698a66385a4897a888554
100220 1 11 0 0 5 1 0 0 0  aaa99988587aa9874798a997896a83765a3657a662454
100222 1 11 0 0 5 2 0 0 0  aaa99988587aa9875798a997896a85764a5637a662434
100277 1 11 0 2 2 2 1 0 0  aaa99988587aa9877298a995897a85676a6437a644635
100295 1 11 0 2 5 2 1 0 0  aaa99988587aa9877298a995897a85376a3467a644665
100304 1 11 0 3 1 1 0 0 0  aaa99988487aa9873798a993897a87665a6567a545624
100310 1 11 0 3 2 1 0 0 0  aaa99988587aa9874798a993897a87666a3257a566454
100312 1 11 0 3 2 2 0 0 0  aaa99988587aa9875798a995897a87666a5447a366432
100351 1 11 0 4 3 0 1 0 0  aaa99988587aa9877298a994897a84676a6736a655534
100357 1 11 0 4 4 0 1 0 0  aaa99988587aa9877398a994897a83276a6765a655644
100361 1 11 0 4 4 2 1 0 0  aaa99988587aa9877398a995897a83276a6764a645654
100367 1 11 0 4 5 2 1 0 0  aaa99988587aa9877298a995897a85376a3764a645664
100376 1 11 0 5 1 1 0 0 0  aaa99988487aa9877798a993897a83665a6567a545624
100382 1 11 0 5 2 1 0 0 0  aaa99988587aa9877798a994897a83666a3257a566454
100384 1 11 0 5 2 2 0 0 0  aaa99988587aa9877798a995897a85666a5447a366432
100430 1 11 0 6 4 1 0 0 0  aaa99988487aa9853798a993897a87576a6765a644625
100432 1 11 0 6 4 2 0 0 0  aaa99988587aa9845798a995897a87476a6764a635623
100476 1 11 0 8 0 0 0 0 0  aaa99988587aa9873798a993897a87676a2655a446654
100531 1 11 0 9 3 0 1 0 0  aaa99988687aa9855298a995897a84676a6736a774534
100543 1 11 0 9 5 0 1 0 0  aaa99988687aa9856298a996897a86575a6745a773443
100545 1 11 0 9 5 1 1 0 0  aaa99988687aa9856298a996897a86574a6755a773443
100547 1 11 0 9 5 2 1 0 0  aaa99988687aa9846298a996897a86375a3754a776554
100561 1 11 0 10 2 0 1 0 0  aaa99988586aa9866298a994897a84573a5756a777634
100563 1 11 0 10 2 1 1 0 0  aaa99988586aa9866298a994897a84575a5736a777634
100564 1 11 0 10 2 2 0 0 0  aaa99988586aa9866298a995897a85374a5736a777644
100565 1 11 0 10 2 2 1 0 0  aaa99988586aa9866298a995897a85474a4736a777635
100577 1 11 0 10 4 2 1 0 0  aaa99988584aa9865498a995897a84376a5763a777662
100843 1 11 1 7 1 0 1 0 0  aaa99988887aa9877895a997897a43665a6567a543624
100846 1 11 1 7 1 2 0 0 0  aaa99988887aa9877892a997897a34664a6567a555643
100847 1 11 1 7 1 2 1 0 0  aaa99988887aa9877893a997897a64666a4357a564552
100982 1 11 2 0 0 1 0 0 0  aaa99988887aa9875898a994796a63674a4677a555632
101481 1 11 3 2 5 1 1 0 0  aaa99988887aa9877298a994796a84575a5637a666534
101483 1 11 3 2 5 2 1 0 0  aaa99988887aa9877298a994796a84375a3657a666554
101492 1 11 3 3 1 1 0 0 0  aaa99988887aa9874798a993797a83665a6567a545624
101498 1 11 3 3 2 1 0 0 0  aaa99988887aa9875798a994797a83666a3257a566454
101500 1 11 3 3 2 2 0 0 0  aaa99988887aa9875798a995797a85666a5447a366432
101805 1 11 4 0 5 1 1 0 0  aaa99988888aa9877297a997796a74565a5638a664534
101807 1 11 4 0 5 2 1 0 0  aaa99988888aa9877297a997796a74365a3658a664554
102169 1 11 5 0 0 0 1 0 0  aaa99988887aa9876795a997696a83758a6657a543424
102203 1 11 5 0 5 2 1 0 0  aaa99988887aa9875792a997396a85768a3647a665445
102284 1 11 5 3 1 1 0 0 0  aaa99988887aa9874795a993797a83668a6567a545624
102456 1 11 5 8 0 0 0 0 0  aaa99988887aa9875797a993797a83668a2565a465464
102596 1 11 6 0 5 1 0 0 0  aaa99988887aa9874795a997896a83765a3657a662454
102598 1 11 6 0 5 2 0 0 0  aaa99988887aa9875794a997896a85764a5647a665332
102890 1 11 6 9 0 1 0 0 0  aaa99988886aa9865797a994896a83764a4777a555632
102914 1 11 6 9 4 1 0 0 0  aaa99988886aa9845797a994896a83765a3777a662554
102941 1 11 6 10 2 2 1 0 0  aaa99988886aa9866294a995897a85473a5746a777635
102957 1 11 6 10 5 1 1 0 0  aaa99988882aa9846595a996897a86573a6754a777364
102996 1 11 7 1 0 0 0 0 0  aaa99977788aa9885798a994796a63887a3665a455246
103046 1 11 7 2 2 1 0 0 0  aaa99977788aa9885698a994796a63887a3657a644552
103154 1 11 7 5 2 1 0 0 0  aaa99977788aa9885698a994696a73887a3675a652445
103156 1 11 7 5 2 2 0 0 0  aaa99977788aa9885698a995696a75887a5674a644332
103176 1 11 7 6 0 0 0 0 0  aaa99966588aa9884798a993797a73887a7665a455246
103248 1 11 7 8 0 0 0 0 0  aaa99966588aa9884798a997797a73887a3665a455246
103284 1 11 7 9 0 0 0 0 0  aaa99966588aa9884798a993797a77887a3665a455246
103334 1 11 7 10 2 1 0 0 0  aaa99975488aa9885698a993696a44887a3675a762775
103336 1 11 7 10 2 2 0 0 0  aaa99974588aa9885698a995696a35887a4673a762774
103342 1 11 7 10 3 2 0 0 0  aaa99975488aa9883698a996696a53887a2675a744775
103358 1 11 8 0 0 1 0 0 0  aaa99988887aa9874797a993696a83675a2568a576454
103360 1 11 8 0 0 2 0 0 0  aaa99988887aa9875797a995696a85674a5468a476332
103386 1 11 8 0 5 0 0 0 0  aaa99988887aa9875797a994594a85576a3268a674663
103478 1 11 8 3 2 1 0 0 0  aaa99988887aa9874796a993797a83665a6568a545724
103652 1 11 8 8 1 1 0 0 0  aaa99988887aa9874797a993797a83665a6568a545624
103658 1 11 8 8 2 1 0 0 0  aaa99988887aa9875797a994797a83666a3258a566454
103660 1 11 8 8 2 2 0 0 0  aaa99988887aa9875797a995797a85666a5448a366432
103750 1 11 8 10 5 2 0 0 0  aaa99988884aa9846492a996397a86375a6758a777556
103751 1 11 8 10 5 2 1 0 0  aaa99988884aa9826493a996497a86375a6758a777556
103753 1 11 9 0 0 0 1 0 0  aaa99988887aa9874792a997696a84736a8657a553645
103754 1 11 9 0 0 1 0 0 0  aaa99988887aa9874792a997696a83756a8657a545634
103771 1 11 9 0 3 0 1 0 0  aaa99988887aa9873795a997696a86756a8657a543424
103777 1 11 9 0 4 0 1 0 0  aaa99988887aa9873795a997596a86765a8657a643424
103780 1 11 9 0 4 2 0 0 0  aaa99988887aa9875792a997496a86764a8647a635355
103781 1 11 9 0 4 2 1 0 0  aaa99988887aa9874793a997296a86765a8637a564554
103784 1 11 9 0 5 1 0 0 0  aaa99988887aa9874792a997596a83765a8657a663454
103787 1 11 9 0 5 2 1 0 0  aaa99988887aa9874792a997396a83765a8657a664554
104040 1 11 9 8 0 0 0 0 0  aaa99988887aa9874797a993797a83665a8565a562464
104160 1 11 10 0 2 0 0 0 0  aaa99977588aa9884798a993896a73767a2865a655464
104162 1 11 10 0 2 1 0 0 0  aaa99977588aa9885798a994896a73767a3864a655624
104168 1 11 10 0 3 1 0 0 0  aaa99977588aa9884798a993896a76767a3865a652445
104170 1 11 10 0 3 2 0 0 0  aaa99977588aa9885798a995896a76767a5864a644332
104198 1 11 10 1 2 1 0 0 0  aaa99977788aa9884698a993897a66577a3856a562454
104219 1 11 10 1 5 2 1 0 0  aaa99977788aa9885298a995897a65377a3846a465646
104264 1 11 10 3 1 1 0 0 0  aaa99966588aa9884798a993897a77776a3864a562554
104282 1 11 10 3 4 1 0 0 0  aaa99966588aa9884798a993897a77776a3865a652445
104284 1 11 10 3 4 2 0 0 0  aaa99966588aa9885798a995897a77776a5864a644332
104288 1 11 10 3 5 1 0 0 0  aaa99965488aa9885798a993897a77776a3865a644625
104290 1 11 10 3 5 2 0 0 0  aaa99964588aa9885798a995897a77776a5863a644623
104342 1 11 10 5 2 1 0 0 0  aaa99977788aa9884698a993896a76567a3875a652445
104354 1 11 10 5 4 1 0 0 0  aaa99977788aa9885698a994896a73467a4875a663525
104363 1 11 10 5 5 2 1 0 0  aaa99977788aa9885298a995896a75367a3874a666454
104378 1 11 10 6 2 1 0 0 0  aaa99966688aa9884798a993897a77576a3865a752445
104390 1 11 10 6 4 1 0 0 0  aaa99965688aa9884798a993897a77576a3865a744625
104446 1 11 10 8 1 2 0 0 0  aaa99957488aa9883798a993897a77676a6856a562454
104462 1 11 10 8 4 1 0 0 0  aaa99967688aa9884798a993897a77576a3865a652445
104468 1 11 10 8 5 1 0 0 0  aaa99967588aa9884798a993897a77476a4865a653625
104762 1 11 11 6 0 1 0 0 0  aaa99966488aa9888798a993797a73857a7665a552446
104948 1 11 12 0 1 1 0 0 0  aaa99977588aa9884798a993696a76877a3865a652445
104950 1 11 12 0 1 2 0 0 0  aaa99977588aa9885798a995696a76877a5864a644332
105158 1 11 12 6 0 1 0 0 0  aaa99966588aa9884798a993797a73867a7856a644552
105230 1 11 12 8 0 1 0 0 0  aaa99966588aa9884798a997797a73867a3856a644552
105266 1 11 12 9 0 1 0 0 0  aaa99966588aa9884798a993797a77867a3856a644552
105481 1 11 13 4 0 0 1 0 0  aaa99977788aa9884398a998796a63877a4665a554256
105517 1 11 13 5 0 0 1 0 0  aaa99977788aa9886298a998696a74857a6675a534543
105554 1 11 13 6 0 1 0 0 0  aaa99966488aa9883798a998797a73857a7665a552446
105626 1 11 13 8 0 1 0 0 0  aaa99966588aa9884798a998797a73867a3756a644552
105746 1 11 14 0 2 1 0 0 0  aaa99977588aa9884796a993898a78767a3664a562554
105965 1 11 14 6 2 2 1 0 0  aaa99966688aa9884297a994898a58777a7367a653545
105985 1 11 14 7 0 0 1 0 0  aaa99977788aa9887296a996898a78667a5554a345364
105986 1 11 14 7 0 1 0 0 0  aaa99977788aa9887296a996898a78667a4555a345364
105987 1 11 14 7 0 1 1 0 0  aaa99977788aa9887296a996898a78667a5534a545364
105988 1 11 14 7 0 2 0 0 0  aaa99977788aa9887296a996898a78667a4534a555364
105989 1 11 14 7 0 2 1 0 0  aaa99977788aa9887296a996898a78357a6563a554644
106037 1 11 14 8 2 2 1 0 0  aaa99966688aa9884297a994898a58777a7365a673545
106049 1 11 14 8 4 2 1 0 0  aaa99965688aa9884297a994898a58777a7365a673645
106053 1 11 14 8 5 1 1 0 0  aaa99965588aa9884297a994898a58777a7365a673664
106178 1 11 15 1 2 1 0 0 0  aaa99988877aa9875697a994696a83778a3658a644552
106226 1 11 15 2 4 1 0 0 0  aaa99988877aa9875697a994796a83468a4758a663552
106235 1 11 15 2 5 2 1 0 0  aaa99988877aa9875297a995796a85368a3748a666445
106343 1 11 15 5 5 2 1 0 0  aaa99988877aa9875297a997796a85368a3648a665445
106394 1 11 15 7 2 1 0 0 0  aaa99988877aa9874697a993796a86568a3658a572454
106406 1 11 15 7 4 1 0 0 0  aaa99988877aa9875697a994796a83468a4658a673552
106415 1 11 15 7 5 2 1 0 0  aaa99988877aa9875297a995796a85368a3648a676445
106451 1 11 15 8 5 2 1 0 0  aaa99988877aa9877297a995796a85368a3648a665445
106489 1 11 15 10 0 0 1 0 0  aaa99988866aa9855296a995697a84378a3768a777544
106491 1 11 15 10 0 1 1 0 0  aaa99988866aa9854296a995697a84378a3768a777545
106492 1 11 15 10 0 2 0 0 0  aaa99988866aa9835296a995697a85478a4768a777354
106493 1 11 15 10 0 2 1 0 0  aaa99988866aa9845296a995697a85378a3768a777454
106505 1 11 15 10 2 2 1 0 0  aaa99988866aa9865396a996397a85278a5748a777445
106511 1 11 15 10 3 2 1 0 0  aaa99988866aa9865296a995697a85378a3748a777445
106517 1 11 15 10 4 2 1 0 0  aaa99988866aa9866396a995397a85278a5748a777445
106521 1 11 15 10 5 1 1 0 0  aaa99988855aa9856294a996597a86478a6748a777363
106522 1 11 15 10 5 2 0 0 0  aaa99988845aa9846594a996597a85378a6738a777266
106523 1 11 15 10 5 2 1 0 0  aaa99988835aa9836594a996597a85478a6748a777266
106555 1 11 16 0 5 0 1 0 0  aaa99988877aa9855297a998796a85468a7744a666533
106669 1 11 16 4 0 0 1 0 0  aaa99988877aa9876297a998696a85748a6755a644353
106673 1 11 16 4 0 2 1 0 0  aaa99988877aa9876397a998693a86768a4725a654545
106709 1 11 16 5 0 2 1 0 0  aaa99988872aa9877797a998696a85638a5346a675445
106734 1 11 16 5 5 0 0 0 0  aaa99988872aa9877797a998596a85568a4634a676354
106735 1 11 16 5 5 0 1 0 0  aaa99988875aa9877797a998596a83568a3654a676424
106777 1 11 16 7 0 0 1 0 0  aaa99988877aa9876297a998796a86668a3545a573445
106813 1 11 16 8 0 0 1 0 0  aaa99988877aa9877297a998796a86668a5554a345364
106814 1 11 16 8 0 1 0 0 0  aaa99988877aa9877297a998796a86668a4555a345364
106815 1 11 16 8 0 1 1 0 0  aaa99988877aa9877297a998796a86668a5534a545364
106816 1 11 16 8 0 2 0 0 0  aaa99988877aa9877297a998796a86668a4534a555364
106817 1 11 16 8 0 2 1 0 0  aaa99988877aa9877297a998796a86548a6555a644633
106885 1 11 16 10 0 0 1 0 0  aaa99988866aa9855296a998697a85378a4763a777544
106887 1 11 16 10 0 1 1 0 0  aaa99988866aa9855296a998697a84378a3765a777544
106889 1 11 16 10 0 2 1 0 0  aaa99988866aa9854296a998697a84378a3765a777545
106896 1 11 16 10 2 0 0 0 0  aaa99988862aa9866696a998597a85578a4734a777354
106897 1 11 16 10 2 0 1 0 0  aaa99988865aa9866696a998597a83578a3754a777424
106908 1 11 16 10 4 0 0 0 0  aaa99988866aa9866296a998597a85578a4734a777354
106909 1 11 16 10 4 0 1 0 0  aaa99988866aa9866596a998597a83578a3754a777424
107065 1 11 17 4 0 0 1 0 0  aaa99977788aa9884398a998896a63777a4665a554256
107126 1 11 17 5 4 1 0 0 0  aaa99977788aa9884698a998896a73567a3675a652445
107135 1 11 17 5 5 2 1 0 0  aaa99977788aa9885298a998896a75367a3674a665454
107162 1 11 17 6 4 1 0 0 0  aaa99966488aa9883798a998897a77576a3765a652445
107173 1 11 17 7 0 0 1 0 0  aaa99977788aa9887298a998896a76667a5554a345364
107174 1 11 17 7 0 1 0 0 0  aaa99977788aa9887298a998896a76667a4555a345364
107175 1 11 17 7 0 1 1 0 0  aaa99977788aa9887298a998896a76667a5534a545364
107176 1 11 17 7 0 2 0 0 0  aaa99977788aa9887298a998896a76667a4534a555364
107177 1 11 17 7 0 2 1 0 0  aaa99977788aa9887298a998896a76547a6555a644633
107293 1 11 17 10 2 0 1 0 0  aaa99966688aa9885298a998897a55376a4763a777544
107297 1 11 17 10 2 2 1 0 0  aaa99966688aa9884298a998897a54376a3765a777545
107309 1 11 17 10 4 2 1 0 0  aaa99965688aa9884298a998897a54376a3765a777645
107330 1 11 18 0 2 1 0 0 0  aaa99977588aa9888796a994898a73767a3664a562554
107549 1 11 18 6 2 2 1 0 0  aaa99966688aa9888297a994898a54777a7367a653545
107621 1 11 18 8 2 2 1 0 0  aaa99966688aa9888297a994898a54777a7365a673545
107633 1 11 18 8 4 2 1 0 0  aaa99965688aa9888297a994898a54777a7365a673645
107918 1 11 19 5 4 1 0 0 0  aaa99985488aa9883798a997897a73576a6765a644625
107920 1 11 19 5 4 2 0 0 0  aaa99984588aa9885798a997897a75476a6764a635623
107954 1 11 19 6 4 1 0 0 0  aaa99985488aa9883798a993897a77576a6765a644625
107956 1 11 19 6 4 2 0 0 0  aaa99984588aa9885798a995897a77476a6764a635623
107964 1 11 19 7 0 0 0 0 0  aaa99987588aa9883798a997897a73676a2655a446654
108000 1 11 19 8 0 0 0 0 0  aaa99987588aa9883798a993897a77676a2655a446654
108044 1 11 19 9 1 1 0 0 0  aaa99986588aa9884798a993897a44676a6756a773552
108062 1 11 19 9 4 1 0 0 0  aaa99986588aa9884798a993897a53476a4765a772665
108149 1 11 20 1 0 2 1 0 0  aaa99977788aa9888698a996896a54727a6735a654534
108314 1 11 20 5 4 1 0 0 0  aaa99977788aa9888698a994896a73567a3675a652445
108323 1 11 20 5 5 2 1 0 0  aaa99977788aa9888298a995896a75367a3674a665454
108350 1 11 20 6 4 1 0 0 0  aaa99966488aa9888798a993897a77576a3765a652445
108361 1 11 20 7 0 0 1 0 0  aaa99977788aa9888298a997896a76667a5554a345364
108362 1 11 20 7 0 1 0 0 0  aaa99977788aa9888298a997896a76667a4555a345364
108363 1 11 20 7 0 1 1 0 0  aaa99977788aa9888298a997896a76667a5534a545364
108364 1 11 20 7 0 2 0 0 0  aaa99977788aa9888298a997896a76667a4534a555364
108365 1 11 20 7 0 2 1 0 0  aaa99977788aa9888298a997896a76547a6555a644633
108485 1 11 20 10 2 2 1 0 0  aaa99966688aa9888298a994897a54376a3765a777545
108497 1 11 20 10 4 2 1 0 0  aaa99965688aa9888298a994897a54376a3765a777645
108518 1 11 21 0 2 1 0 0 0  aaa99977578aa9874896a993898a88767a3664a562554
108737 1 11 21 6 2 2 1 0 0  aaa99966628aa9854897a994898a88777a7367a653545
108809 1 11 21 8 2 2 1 0 0  aaa99966628aa9854897a994898a88777a7365a673545
108821 1 11 21 8 4 2 1 0 0  aaa99965628aa9854897a994898a88777a7365a673645
108950 1 11 22 1 2 1 0 0 0  aaa99985477aa9875697a993696a44778a3685a862885
108952 1 11 22 1 2 2 0 0 0  aaa99984577aa9875697a995696a35778a4683a862884
108958 1 11 22 1 3 2 0 0 0  aaa99985477aa9873697a996696a53778a2685a844885
109008 1 11 22 3 0 0 0 0 0  aaa99986677aa9877297a996695a65758a4483a834885
109009 1 11 22 3 0 0 1 0 0  aaa99986677aa9877297a996695a65748a5583a844883
109166 1 11 22 7 2 1 0 0 0  aaa99987577aa9874697a993796a63468a4685a852885
109339 1 12 0 1 1 0 1 0 0  aaa99998898aa7787298a698897a74665a6567a354534
109349 1 12 0 1 2 2 1 0 0  aaa99998898aa7787398a598897a73666a4257a566544
109355 1 12 0 1 3 2 1 0 0  aaa99998898aa7787298a598897a74665a6367a563544
109361 1 12 0 1 4 2 1 0 0  aaa99998898aa7787298a598897a74666a6357a563544
109367 1 12 0 1 5 2 1 0 0  aaa99998898aa7787298a598897a74365a3657a666544
109381 1 12 0 2 2 0 1 0 0  aaa99998898aa7787298a798897a74665a6566a354534
109477 1 12 0 5 0 0 1 0 0  aaa99998898aa7787298a798897a66575a6646a553443
109479 1 12 0 5 0 1 1 0 0  aaa99998898aa7787298a798897a66574a6566a553443
109480 1 12 0 5 0 2 0 0 0  aaa99998898aa7787298a798897a66474a6566a555433
109481 1 12 0 5 0 2 1 0 0  aaa99998898aa7787298a798897a66675a4356a536544
109507 1 12 0 5 5 0 1 0 0  aaa99998898aa7787298a798897a55476a5464a653663
109572 1 12 0 7 4 0 0 0 0  aaa99998898aa7787298a798897a55634a7666a356454
109573 1 12 0 7 4 0 1 0 0  aaa99998898aa7787498a798897a44655a7666a356352
109578 1 12 0 7 5 0 0 0 0  aaa99998898aa7787298a798897a55364a7635a666454
109579 1 12 0 7 5 0 1 0 0  aaa99998898aa7787498a798897a44565a7635a666352
109650 1 12 0 9 5 0 0 0 0  aaa99998898aa7687298a698897a55476a4765a735643
109651 1 12 0 9 5 0 1 0 0  aaa99998898aa7687298a698897a55376a5763a754644
109655 1 12 0 9 5 2 1 0 0  aaa99998898aa7687298a698897a54376a3765a754645
109680 1 12 0 10 4 0 0 0 0  aaa99998898aa7686298a698897a55476a4765a775343
109681 1 12 0 10 4 0 1 0 0  aaa99998898aa7686298a698897a55376a5763a774544
109685 1 12 0 10 4 2 1 0 0  aaa99998898aa7686298a698897a54376a3765a774545
109687 1 12 0 10 5 0 1 0 0  aaa99998898aa7685298a698897a55376a3765a774644
109691 1 12 0 10 5 2 1 0 0  aaa99998898aa7685298a698897a45376a3764a775654
109774 1 12 1 2 1 2 0 0 0  aaa99995698aa8844898a794797a73867a8725a663565
109780 1 12 1 2 2 2 0 0 0  aaa99995498aa8844898a793797a73867a8765a662565
109784 1 12 1 2 3 1 0 0 0  aaa99996598aa8854898a793797a73867a8765a662445
109786 1 12 1 2 3 2 0 0 0  aaa99996598aa8845898a795797a75867a8763a662443
109792 1 12 1 2 4 2 0 0 0  aaa99995498aa8853898a793797a72867a8765a666445
109794 1 12 1 2 5 0 0 0 0  aaa99996598aa8864898a793797a73827a8756a565446
109796 1 12 1 2 5 1 0 0 0  aaa99996598aa8864898a793797a73857a8746a565642
109844 1 12 1 4 1 1 0 0 0  aaa99996598aa8854898a793797a73867a8676a652445
109846 1 12 1 4 1 2 0 0 0  aaa99996598aa8845898a795797a75867a8676a644332
109852 1 12 1 4 2 2 0 0 0  aaa99995498aa8853898a793797a72867a8675a644665
109858 1 12 1 4 3 2 0 0 0  aaa99995498aa8853898a793797a72867a8676a644565
109864 1 12 1 4 4 2 0 0 0  aaa99995498aa8853898a793797a72867a8676a656445
109870 1 12 1 4 5 2 0 0 0  aaa99995498aa8853898a793797a72867a8675a666445
109958 1 12 1 7 2 1 0 0 0  aaa99997598aa8854898a693797a73867a8765a662445
109960 1 12 1 7 2 2 0 0 0  aaa99997598aa8845898a695797a75867a8763a662443
109996 1 12 1 8 2 2 0 0 0  aaa99995498aa8853898a693797a77867a8765a662445
110028 1 12 1 9 2 0 0 0 0  aaa99996598aa8863898a693497a47876a8755a772654
110044 1 12 1 9 4 2 0 0 0  aaa99995498aa8844898a696297a57876a8765a773635
110050 1 12 1 9 5 2 0 0 0  aaa99995498aa8844898a693297a57876a8765a773665
110138 1 12 2 1 2 1 0 0 0  aaa99995498aa8853898a797797a75867a3628a644665
110140 1 12 2 1 2 2 0 0 0  aaa99994598aa8835898a797797a75867a5628a644663
110174 1 12 2 2 2 1 0 0 0  aaa99995498aa8844898a795797a73867a3768a662565
110176 1 12 2 2 2 2 0 0 0  aaa99994598aa8835898a795797a75867a4768a662364
110180 1 12 2 2 3 1 0 0 0  aaa99995498aa8853898a795797a73867a6768a662445
110182 1 12 2 2 3 2 0 0 0  aaa99994598aa8835898a795797a75867a6768a662443
110186 1 12 2 2 4 1 0 0 0  aaa99995498aa8853898a795797a73867a2768a666445
110188 1 12 2 2 4 2 0 0 0  aaa99994598aa8835898a795797a75867a2768a666443
110192 1 12 2 2 5 1 0 0 0  aaa99996598aa8864898a793797a73857a2748a565646
110210 1 12 2 3 2 1 0 0 0  aaa99995498aa8853898a795797a77867a3628a644665
110212 1 12 2 3 2 2 0 0 0  aaa99994598aa8835898a795797a77867a5628a644663
110242 1 12 2 4 1 2 0 0 0  aaa99995698aa8854898a793797a73867a6678a652445
110246 1 12 2 4 2 1 0 0 0  aaa99995498aa8853898a795797a73867a2678a644665
110248 1 12 2 4 2 2 0 0 0  aaa99994598aa8835898a795797a75867a2678a644663
110252 1 12 2 4 3 1 0 0 0  aaa99995498aa8853898a795797a73867a6678a644625
110254 1 12 2 4 3 2 0 0 0  aaa99994598aa8835898a795797a75867a6678a644623
110258 1 12 2 4 4 1 0 0 0  aaa99995498aa8853898a795797a73867a6678a662445
110260 1 12 2 4 4 2 0 0 0  aaa99994598aa8835898a795797a75867a6678a662443
110264 1 12 2 4 5 1 0 0 0  aaa99995498aa8853898a795797a73867a2678a666445
110266 1 12 2 4 5 2 0 0 0  aaa99994598aa8835898a795797a75867a2678a666443
110282 1 12 2 5 2 1 0 0 0  aaa99995498aa8853898a695797a73867a7768a662445
110284 1 12 2 5 2 2 0 0 0  aaa99994598aa8835898a695797a75867a7768a662443
110288 1 12 2 5 3 1 0 0 0  aaa99996598aa8844898a694797a73867a7758a663552
110320 1 12 2 6 2 2 0 0 0  aaa99995498aa8853898a693797a77866a6768a752445
110344 1 12 2 7 0 2 0 0 0  aaa99997698aa8866898a594797a73867a3758a562454
110352 1 12 2 7 2 0 0 0 0  aaa99997598aa8844898a694797a73867a3758a662565
110354 1 12 2 7 2 1 0 0 0  aaa99997598aa8855898a695797a74867a3768a663442
110360 1 12 2 7 3 1 0 0 0  aaa99997598aa8844898a694797a73867a6758a663552
110366 1 12 2 7 4 1 0 0 0  aaa99997598aa8844898a694797a73867a3758a666552
110372 1 12 2 7 5 1 0 0 0  aaa99997598aa8844898a694797a73857a3768a655662
110390 1 12 2 8 2 1 0 0 0  aaa99995498aa8853898a695797a77867a3768a662445
110392 1 12 2 8 2 2 0 0 0  aaa99994598aa8835898a695797a77867a5768a662443
110428 1 12 2 9 2 2 0 0 0  aaa99995498aa8853898a693697a57876a6768a772445
110464 1 12 2 10 2 2 0 0 0  aaa99996498aa8863898a593697a66875a2758a777454
110489 1 12 3 0 0 2 1 0 0  aaa99997798aa8866898a797793a76285a4658a563544
110528 1 12 3 1 1 1 0 0 0  aaa99995498aa8853898a795797a73786a6678a662445
110530 1 12 3 1 1 2 0 0 0  aaa99994598aa8835898a795797a75786a6678a662443
110534 1 12 3 1 2 1 0 0 0  aaa99995498aa8844898a795797a73786a3678a662565
110536 1 12 3 1 2 2 0 0 0  aaa99994598aa8835898a795797a75786a4678a662364
110538 1 12 3 1 3 0 0 0 0  aaa99995598aa8854898a795797a73786a3678a662446
110540 1 12 3 1 3 1 0 0 0  aaa99996598aa8855898a795797a74786a3678a663442
110546 1 12 3 1 4 1 0 0 0  aaa99995498aa8853898a795797a73786a2678a666445
110548 1 12 3 1 4 2 0 0 0  aaa99994598aa8835898a795797a75786a2678a666443
110552 1 12 3 1 5 1 0 0 0  aaa99996598aa8864898a793797a73784a4578a565626
110570 1 12 3 2 2 1 0 0 0  aaa99995498aa8853898a695797a73786a2678a667445
110572 1 12 3 2 2 2 0 0 0  aaa99994598aa8835898a695797a75786a2678a667443
110576 1 12 3 2 3 1 0 0 0  aaa99996598aa8844898a694797a73785a3678a667552
110582 1 12 3 2 4 1 0 0 0  aaa99995498aa8844898a696797a73786a3578a657625
110584 1 12 3 2 4 2 0 0 0  aaa99994598aa8835898a696797a75786a5478a647623
110588 1 12 3 2 5 1 0 0 0  aaa99995498aa8844898a693797a73786a2578a657665
110590 1 12 3 2 5 2 0 0 0  aaa99994598aa8835898a695797a75786a2478a647663
110606 1 12 3 3 2 1 0 0 0  aaa99995498aa8853898a695797a77786a3678a662445
110608 1 12 3 3 2 2 0 0 0  aaa99994598aa8835898a695797a77786a5678a662443
110612 1 12 3 3 3 1 0 0 0  aaa99996598aa8844898a694797a77785a3678a663552
110636 1 12 3 4 1 1 0 0 0  aaa99995498aa8853898a795797a73687a6678a662445
110638 1 12 3 4 1 2 0 0 0  aaa99994598aa8835898a795797a75687a6678a662443
110640 1 12 3 4 2 0 0 0 0  aaa99996598aa8855898a794797a73487a4678a663526
110648 1 12 3 4 3 1 0 0 0  aaa99995498aa8844898a795797a73687a3678a662565
110650 1 12 3 4 3 2 0 0 0  aaa99994598aa8835898a795797a75687a4678a662364
110654 1 12 3 4 4 1 0 0 0  aaa99995498aa8853898a795797a73687a2678a666445
110656 1 12 3 4 4 2 0 0 0  aaa99994598aa8835898a795797a75687a2678a666443
110660 1 12 3 4 5 1 0 0 0  aaa99996598aa8864898a793797a73487a4578a565626
110678 1 12 3 5 2 1 0 0 0  aaa99995498aa8844898a693797a73787a2658a667565
110680 1 12 3 5 2 2 0 0 0  aaa99994598aa8835898a695797a75787a2648a667463
110684 1 12 3 5 3 1 0 0 0  aaa99996598aa8844898a694797a73787a3658a667552
110690 1 12 3 5 4 1 0 0 0  aaa99995498aa8844898a696797a73787a3568a657625
110692 1 12 3 5 4 2 0 0 0  aaa99994598aa8835898a696797a75787a5468a647623
110696 1 12 3 5 5 1 0 0 0  aaa99995498aa8844898a693797a73787a2568a657665
110698 1 12 3 5 5 2 0 0 0  aaa99994598aa8835898a695797a75787a2468a647663
110714 1 12 3 6 2 1 0 0 0  aaa99995498aa8844898a693797a77787a3658a662565
110716 1 12 3 6 2 2 0 0 0  aaa99994598aa8835898a695797a77787a5648a662463
110740 1 12 3 7 0 2 0 0 0  aaa99997698aa8866898a594797a73785a3658a762454
110744 1 12 3 7 1 1 0 0 0  aaa99997598aa8844898a694797a73785a3668a766552
110750 1 12 3 7 2 1 0 0 0  aaa99997598aa8864898a593797a73784a4658a766652
110752 1 12 3 7 2 2 0 0 0  aaa99997598aa8865898a495797a75784a4638a766632
110756 1 12 3 7 3 1 0 0 0  aaa99997598aa8864898a593797a73785a2668a766454
110758 1 12 3 7 3 2 0 0 0  aaa99997598aa8865898a495797a75784a4668a766332
110762 1 12 3 7 4 1 0 0 0  aaa99997598aa8844898a696797a74786a3568a755632
110768 1 12 3 7 5 1 0 0 0  aaa99997598aa8844898a694797a73786a3568a755662
110788 1 12 3 8 2 2 0 0 0  aaa99996498aa8863898a593797a77785a2658a766454
110812 1 12 3 9 0 2 0 0 0  aaa99996698aa8836898a695797a35484a5728a777645
110864 1 12 3 10 3 1 0 0 0  aaa99995498aa8844898a793696a63687a2578a756775
110866 1 12 3 10 3 2 0 0 0  aaa99994598aa8835898a795696a65687a2478a746773
110874 1 12 3 10 5 0 0 0 0  aaa99996598aa8864898a793594a65587a3278a764776
110915 1 12 4 0 5 2 1 0 0  aaa99997798aa8854898a698297a74786a7365a653645
110932 1 12 4 1 2 2 0 0 0  aaa99995498aa8844898a798797a73786a3675a662565
110938 1 12 4 1 3 2 0 0 0  aaa99995498aa8853898a798797a73786a2676a656445
110944 1 12 4 1 4 2 0 0 0  aaa99995498aa8853898a798797a73786a2675a666445
110948 1 12 4 1 5 1 0 0 0  aaa99996598aa8864898a798797a73784a4576a565632
110968 1 12 4 2 2 2 0 0 0  aaa99995498aa8853898a698797a73786a2675a667445
110980 1 12 4 2 4 2 0 0 0  aaa99995498aa8844898a698797a73786a6275a657635
110986 1 12 4 2 5 2 0 0 0  aaa99995498aa8844898a698797a73786a3275a657665
111004 1 12 4 3 2 2 0 0 0  aaa99995498aa8853898a698797a77786a3675a662445
111040 1 12 4 4 2 2 0 0 0  aaa99995498aa8853898a798797a73687a2676a656445
111046 1 12 4 4 3 2 0 0 0  aaa99995498aa8853898a798797a73687a6676a652445
111052 1 12 4 4 4 2 0 0 0  aaa99995498aa8853898a798797a73687a2675a666445
111056 1 12 4 4 5 1 0 0 0  aaa99996598aa8864898a798797a73487a4576a565632
111070 1 12 4 5 1 2 0 0 0  aaa99995698aa8853898a498797a73787a2666a447565
111076 1 12 4 5 2 2 0 0 0  aaa99995498aa8844898a698797a73787a3666a257565
111088 1 12 4 5 4 2 0 0 0  aaa99995498aa8844898a698797a73787a3266a657565
111094 1 12 4 5 5 2 0 0 0  aaa99995498aa8844898a698797a73787a3265a657665
111146 1 12 4 7 2 1 0 0 0  aaa99997598aa8854898a698797a73786a3666a752445
111148 1 12 4 7 2 2 0 0 0  aaa99997598aa8845898a698797a75786a5666a744332
111184 1 12 4 8 2 2 0 0 0  aaa99995498aa8853898a698797a77786a3666a752445
111232 1 12 4 9 4 2 0 0 0  aaa99995498aa8853898a698797a44286a6765a777635
111262 1 12 4 10 3 2 0 0 0  aaa99995498aa8844898a798696a63687a3275a756775
111270 1 12 4 10 5 0 0 0 0  aaa99996598aa8864898a798594a65587a3276a764773
111311 1 12 5 0 5 2 1 0 0  aaa99997798aa8854892a698897a74736a7865a653645
111346 1 12 5 1 5 2 0 0 0  aaa99995498aa8853897a698897a77776a3865a644625
111380 1 12 5 2 5 1 0 0 0  aaa99997498aa8853895a698897a77776a3865a644625
111382 1 12 5 2 5 2 0 0 0  aaa99997598aa8845894a698897a77776a5864a635623
111436 1 12 5 4 2 2 0 0 0  aaa99995498aa8853896a298897a77777a3866a644565
111448 1 12 5 4 4 2 0 0 0  aaa99995498aa8853896a698897a77777a3825a644665
111454 1 12 5 4 5 2 0 0 0  aaa99995498aa8853892a698897a77777a3865a644665
111574 1 12 5 8 1 2 0 0 0  aaa99996498aa8853897a698897a53777a7866a652445
111616 1 12 5 9 2 2 0 0 0  aaa99995498aa8853896a298897a44776a3866a777565
111628 1 12 5 9 4 2 0 0 0  aaa99995498aa8853896a698897a44776a3825a777665
111634 1 12 5 9 5 2 0 0 0  aaa99995498aa8853892a698897a44776a3865a777665
111646 1 12 5 10 1 2 0 0 0  aaa99995498aa8853892a798896a66667a3875a744775
111664 1 12 5 10 4 2 0 0 0  aaa99995498aa8853892a798896a44667a3875a766775
111724 1 12 6 1 2 2 0 0 0  aaa99995498aa8844898a793797a73786a8675a662565
111730 1 12 6 1 3 2 0 0 0  aaa99995498aa8853898a793797a72786a8676a656445
111736 1 12 6 1 4 2 0 0 0  aaa99995498aa8853898a793797a72786a8675a666445
111738 1 12 6 1 5 0 0 0 0  aaa99996598aa8864898a793797a73785a8276a565446
111740 1 12 6 1 5 1 0 0 0  aaa99996598aa8864898a793797a73784a8576a565642
111760 1 12 6 2 2 2 0 0 0  aaa99995498aa8853898a693797a72786a8675a667445
111772 1 12 6 2 4 2 0 0 0  aaa99995498aa8844898a696797a73786a8275a657635
111778 1 12 6 2 5 2 0 0 0  aaa99995498aa8844898a693797a73786a8275a657665
111796 1 12 6 3 2 2 0 0 0  aaa99995498aa8853898a693797a77786a8675a662445
111826 1 12 6 4 1 2 0 0 0  aaa99995498aa8853898a793797a72687a8676a644565
111832 1 12 6 4 2 2 0 0 0  aaa99995498aa8853898a793797a72687a8676a656445
111836 1 12 6 4 3 1 0 0 0  aaa99996598aa8854898a793797a73687a8676a652445
111838 1 12 6 4 3 2 0 0 0  aaa99996598aa8845898a795797a75687a8676a644332
111844 1 12 6 4 4 2 0 0 0  aaa99995498aa8853898a793797a72687a8675a666445
111846 1 12 6 4 5 0 0 0 0  aaa99996598aa8864898a793797a73587a8576a465642
111848 1 12 6 4 5 1 0 0 0  aaa99996598aa8865898a794797a73287a8576a465643
111868 1 12 6 5 2 2 0 0 0  aaa99995498aa8844898a693797a73787a8666a257565
111880 1 12 6 5 4 2 0 0 0  aaa99995498aa8844898a696797a73787a8265a657635
111886 1 12 6 5 5 2 0 0 0  aaa99995498aa8844898a693797a73787a8265a657665
111938 1 12 6 7 2 1 0 0 0  aaa99997598aa8854898a693797a73786a8666a752445
111940 1 12 6 7 2 2 0 0 0  aaa99997598aa8845898a695797a75786a8666a744332
111976 1 12 6 8 2 2 0 0 0  aaa99995498aa8853898a693797a77786a8666a752445
112012 1 12 6 9 2 2 0 0 0  aaa99995498aa8853898a693797a44682a8766a777565
112024 1 12 6 9 4 2 0 0 0  aaa99995498aa8853898a696797a44286a8765a777635
112030 1 12 6 9 5 2 0 0 0  aaa99995498aa8853898a693797a44286a8765a777665
112048 1 12 6 10 2 2 0 0 0  aaa99995498aa8844898a793696a63287a8675a756775
112054 1 12 6 10 3 2 0 0 0  aaa99995498aa8844898a793696a63687a8275a756775
112062 1 12 6 10 5 0 0 0 0  aaa99996598aa8864898a793594a65587a8276a764773
112154 1 12 7 2 2 1 0 0 0  aaa99994498aa8885898a794797a73867a3765a662565
112156 1 12 7 2 2 2 0 0 0  aaa99994598aa8885898a795797a75867a4763a662364
112160 1 12 7 2 3 1 0 0 0  aaa99995498aa8885898a793797a73867a6765a662445
112162 1 12 7 2 3 2 0 0 0  aaa99994598aa8885898a795797a75867a6763a662443
112166 1 12 7 2 4 1 0 0 0  aaa99995498aa8885898a793797a73867a2765a666445
112168 1 12 7 2 4 2 0 0 0  aaa99994598aa8885898a795797a75867a2763a666443
112172 1 12 7 2 5 1 0 0 0  aaa99996598aa8884898a793797a73857a2746a565646
112222 1 12 7 4 1 2 0 0 0  aaa99995698aa8884898a793797a73867a6675a652445
112226 1 12 7 4 2 1 0 0 0  aaa99995498aa8885898a793797a73867a2675a644665
112228 1 12 7 4 2 2 0 0 0  aaa99994598aa8885898a795797a75867a2673a644663
112232 1 12 7 4 3 1 0 0 0  aaa99995498aa8885898a793797a73867a6676a652445
112234 1 12 7 4 3 2 0 0 0  aaa99994598aa8885898a795797a75867a6676a644332
112238 1 12 7 4 4 1 0 0 0  aaa99995498aa8885898a793797a73867a6675a662445
112240 1 12 7 4 4 2 0 0 0  aaa99994598aa8885898a795797a75867a6673a662443
112244 1 12 7 4 5 1 0 0 0  aaa99995498aa8885898a793797a73867a2675a666445
112246 1 12 7 4 5 2 0 0 0  aaa99994598aa8885898a795797a75867a2673a666443
112262 1 12 7 5 2 1 0 0 0  aaa99995498aa8885898a693797a73867a7765a662445
112264 1 12 7 5 2 2 0 0 0  aaa99994598aa8885898a695797a75867a7763a662443
112300 1 12 7 6 2 2 0 0 0  aaa99995498aa8883898a693797a77866a6765a752445
112332 1 12 7 7 2 0 0 0 0  aaa99997598aa8884898a595797a73867a3764a662564
112334 1 12 7 7 2 1 0 0 0  aaa99997598aa8885898a694797a73867a3764a662554
112352 1 12 7 7 5 1 0 0 0  aaa99997598aa8884898a693797a73857a2764a655664
112370 1 12 7 8 2 1 0 0 0  aaa99995498aa8885898a693797a77867a3765a662445
112372 1 12 7 8 2 2 0 0 0  aaa99994598aa8885898a695797a77867a5763a662443
112408 1 12 7 9 2 2 0 0 0  aaa99995498aa8883898a693697a57876a6765a772445
112444 1 12 7 10 2 2 0 0 0  aaa99996498aa8883898a593697a66875a2756a777454
112488 1 12 8 0 4 0 0 0 0  aaa99997798aa8855896a698297a75786a7845a634643
112489 1 12 8 0 4 0 1 0 0  aaa99997798aa8855896a698297a75786a7833a654644
112491 1 12 8 0 4 1 1 0 0  aaa99997798aa8855896a698297a74786a7835a654634
112494 1 12 8 0 5 0 0 0 0  aaa99997798aa8855892a698497a74786a7865a635643
112495 1 12 8 0 5 0 1 0 0  aaa99997798aa8855893a698297a75786a7863a654644
112497 1 12 8 0 5 1 1 0 0  aaa99997798aa8855892a698397a73786a7865a654644
112499 1 12 8 0 5 2 1 0 0  aaa99997798aa8854892a698397a73786a7865a654645
112516 1 12 8 1 2 2 0 0 0  aaa99995498aa8853897a798797a73786a2865a666445
112528 1 12 8 1 4 2 0 0 0  aaa99995498aa8853897a798797a73786a6865a644625
112534 1 12 8 1 5 2 0 0 0  aaa99995498aa8853897a798797a73786a2865a644665
112548 1 12 8 2 2 0 0 0 0  aaa99996598aa8864897a698797a73786a3845a755642
112550 1 12 8 2 2 1 0 0 0  aaa99996598aa8864897a698797a73786a3845a752645
112558 1 12 8 2 3 2 0 0 0  aaa99995498aa8853897a698797a73786a6866a752445
112564 1 12 8 2 4 2 0 0 0  aaa99995498aa8853897a698797a73786a6865a744625
112570 1 12 8 2 5 2 0 0 0  aaa99995498aa8853897a698797a73786a2865a744665
112606 1 12 8 3 5 2 0 0 0  aaa99995498aa8853897a698797a77786a3865a644625
112624 1 12 8 4 2 2 0 0 0  aaa99995498aa8853897a698797a73786a2875a666445
112636 1 12 8 4 4 2 0 0 0  aaa99995498aa8853897a698797a73786a6875a644625
112642 1 12 8 4 5 2 0 0 0  aaa99995498aa8853897a698797a73786a2875a644665
112654 1 12 8 5 1 2 0 0 0  aaa99995698aa8853896a498797a73787a2866a447565
112660 1 12 8 5 2 2 0 0 0  aaa99995498aa8844896a298797a73787a3866a657565
112672 1 12 8 5 4 2 0 0 0  aaa99995498aa8844896a698797a73787a3825a657665
112678 1 12 8 5 5 2 0 0 0  aaa99995498aa8844892a698797a73787a3865a657665
112696 1 12 8 6 2 2 0 0 0  aaa99995498aa8853896a298797a77787a3866a644565
112708 1 12 8 6 4 2 0 0 0  aaa99995498aa8853896a698797a77787a3825a644665
112714 1 12 8 6 5 2 0 0 0  aaa99995498aa8853892a698797a77787a3865a644665
112730 1 12 8 7 2 1 0 0 0  aaa99997498aa8853896a598797a73786a2866a744565
112732 1 12 8 7 2 2 0 0 0  aaa99997598aa8845896a398797a75786a5866a744362
112736 1 12 8 7 3 1 0 0 0  aaa99997598aa8864896a598797a73786a3866a744552
112742 1 12 8 7 4 1 0 0 0  aaa99997498aa8853896a698797a73786a2855a744665
112744 1 12 8 7 4 2 0 0 0  aaa99997598aa8845896a698797a75786a5844a733662
112748 1 12 8 7 5 1 0 0 0  aaa99997498aa8853895a698797a73786a2865a744665
112750 1 12 8 7 5 2 0 0 0  aaa99997598aa8845894a698797a75786a5864a733662
112768 1 12 8 8 2 2 0 0 0  aaa99995498aa8853896a298797a77786a3866a744565
112780 1 12 8 8 4 2 0 0 0  aaa99995498aa8853896a698797a77786a3825a744665
112786 1 12 8 8 5 2 0 0 0  aaa99995498aa8853892a698797a77786a3865a744665
112798 1 12 8 9 1 2 0 0 0  aaa99995498aa8853897a798696a63687a2865a744775
112804 1 12 8 9 2 2 0 0 0  aaa99995498aa8853897a798696a63687a6825a744775
112810 1 12 8 9 3 2 0 0 0  aaa99995498aa8844897a798696a63687a3825a756775
112816 1 12 8 9 4 2 0 0 0  aaa99995498aa8853897a798696a66687a3825a744775
112818 1 12 8 9 5 0 0 0 0  aaa99996598aa8864897a798594a65587a3826a764773
112820 1 12 8 9 5 1 0 0 0  aaa99996598aa8863897a798595a65487a4846a763772
112823 1 12 8 9 5 2 1 0 0  aaa99996598aa8865897a798493a65487a4826a763775
112834 1 12 8 10 1 2 0 0 0  aaa99995498aa8853896a798696a63687a2875a744775
112840 1 12 8 10 2 2 0 0 0  aaa99995498aa8853892a798696a63687a6875a744775
112846 1 12 8 10 3 2 0 0 0  aaa99995498aa8844892a798696a63687a3875a756775
112852 1 12 8 10 4 2 0 0 0  aaa99995498aa8853892a798696a66687a3875a744775
112854 1 12 8 10 5 0 0 0 0  aaa99996598aa8864892a798594a65587a3876a764773
112856 1 12 8 10 5 1 0 0 0  aaa99996598aa8863894a798595a65487a4876a763772
112859 1 12 8 10 5 2 1 0 0  aaa99996598aa8865892a798493a65487a4876a763775
112891 1 12 9 0 5 0 1 0 0  aaa99997798aa8855894a698297a75786a7484a653663
112912 1 12 9 1 2 2 0 0 0  aaa99995498aa8844897a798797a73786a3685a662565
112918 1 12 9 1 3 2 0 0 0  aaa99995498aa8853897a798797a73786a2686a656445
112924 1 12 9 1 4 2 0 0 0  aaa99995498aa8853897a798797a73786a2685a666445
112928 1 12 9 1 5 1 0 0 0  aaa99996598aa8864897a798797a73784a4586a565632
112984 1 12 9 3 2 2 0 0 0  aaa99995498aa8853897a698797a77786a3685a662445
113020 1 12 9 4 2 2 0 0 0  aaa99995498aa8844896a798797a73687a3685a662575
113050 1 12 9 5 1 2 0 0 0  aaa99995498aa8844896a698797a73787a3686a257565
113068 1 12 9 5 4 2 0 0 0  aaa99995498aa8844896a698797a73787a3285a657665
113070 1 12 9 5 5 0 0 0 0  aaa99996498aa8863895a598797a73787a2586a467546
113072 1 12 9 5 5 1 0 0 0  aaa99996598aa8865894a598797a73787a3486a467652
113120 1 12 9 7 1 1 0 0 0  aaa99997598aa8854896a698797a73786a3686a752445
113122 1 12 9 7 1 2 0 0 0  aaa99997598aa8845896a698797a75786a5686a744332
113142 1 12 9 7 5 0 0 0 0  aaa99997498aa8863895a598797a73784a4586a762656
113158 1 12 9 8 1 2 0 0 0  aaa99995498aa8853896a698797a77786a3686a752445
113178 1 12 9 8 5 0 0 0 0  aaa99996498aa8863895a598797a77784a4586a763652
113224 1 12 9 10 0 2 0 0 0  aaa99997598aa8875896a698694a75683a5287a674734
113238 1 12 9 10 3 0 0 0 0  aaa99997498aa8873895a598696a76684a4587a673752
113251 1 12 9 10 5 0 1 0 0  aaa99997698aa8876895a598394a76583a6487a476752
113300 1 12 10 1 1 1 0 0 0  aaa99996598aa8884898a793797a73785a2676a646554
113306 1 12 10 1 2 1 0 0 0  aaa99994498aa8885898a794797a73786a3675a662565
113308 1 12 10 1 2 2 0 0 0  aaa99994598aa8885898a795797a75786a4673a662364
113312 1 12 10 1 3 1 0 0 0  aaa99995498aa8885898a793797a73786a2676a656445
113314 1 12 10 1 3 2 0 0 0  aaa99994598aa8885898a795797a75786a2676a636443
113318 1 12 10 1 4 1 0 0 0  aaa99995498aa8885898a793797a73786a2675a666445
113320 1 12 10 1 4 2 0 0 0  aaa99994598aa8885898a795797a75786a2673a666443
113324 1 12 10 1 5 1 0 0 0  aaa99996598aa8884898a793797a73784a4576a565626
113342 1 12 10 2 2 1 0 0 0  aaa99995498aa8885898a693797a73786a2675a667445
113344 1 12 10 2 2 2 0 0 0  aaa99994598aa8885898a695797a75786a2673a667443
113348 1 12 10 2 3 1 0 0 0  aaa99996598aa8884898a693797a73785a2674a667554
113354 1 12 10 2 4 1 0 0 0  aaa99994498aa8885898a696797a74786a3275a657635
113356 1 12 10 2 4 2 0 0 0  aaa99994598aa8885898a696797a75786a5474a637623
113360 1 12 10 2 5 1 0 0 0  aaa99994498aa8885898a694797a73786a3275a657665
113362 1 12 10 2 5 2 0 0 0  aaa99994598aa8885898a695797a75786a2474a637663
113378 1 12 10 3 2 1 0 0 0  aaa99995498aa8885898a693797a77786a3675a662445
113380 1 12 10 3 2 2 0 0 0  aaa99994598aa8885898a695797a77786a5673a662443
113414 1 12 10 4 2 1 0 0 0  aaa99995498aa8885898a793797a73687a2676a656445
113416 1 12 10 4 2 2 0 0 0  aaa99994598aa8885898a795797a75687a2676a636443
113420 1 12 10 4 3 1 0 0 0  aaa99995498aa8885898a793797a73687a6676a652445
113422 1 12 10 4 3 2 0 0 0  aaa99994598aa8885898a795797a75687a6676a644332
113426 1 12 10 4 4 1 0 0 0  aaa99995498aa8885898a793797a73687a2675a666445
113428 1 12 10 4 4 2 0 0 0  aaa99994598aa8885898a795797a75687a2673a666443
113432 1 12 10 4 5 1 0 0 0  aaa99996598aa8884898a793797a73487a4576a565626
113450 1 12 10 5 2 1 0 0 0  aaa99994498aa8885898a694797a73787a3666a257565
113452 1 12 10 5 2 2 0 0 0  aaa99994598aa8885898a695797a75787a2666a447363
113462 1 12 10 5 4 1 0 0 0  aaa99994498aa8885898a696797a74787a3265a657635
113464 1 12 10 5 4 2 0 0 0  aaa99994598aa8885898a696797a75787a5464a637623
113468 1 12 10 5 5 1 0 0 0  aaa99994498aa8885898a694797a73787a3265a657665
113470 1 12 10 5 5 2 0 0 0  aaa99994598aa8885898a695797a75787a2464a637663
113520 1 12 10 7 2 0 0 0 0  aaa99997598aa8884898a693797a73785a5666a744562
113522 1 12 10 7 2 1 0 0 0  aaa99997598aa8885898a694797a73786a3666a755442
113528 1 12 10 7 3 1 0 0 0  aaa99997598aa8884898a693797a73785a2666a746554
113558 1 12 10 8 2 1 0 0 0  aaa99995498aa8885898a693797a77786a3666a752445
113560 1 12 10 8 2 2 0 0 0  aaa99994598aa8885898a695797a77786a5666a744332
113636 1 12 10 10 3 1 0 0 0  aaa99994498aa8885898a794696a63687a3275a756775
113638 1 12 10 10 3 2 0 0 0  aaa99994598aa8885898a795696a65687a2474a736773
113646 1 12 10 10 5 0 0 0 0  aaa99996598aa8884898a793594a65587a3276a764776
113822 1 12 11 4 4 1 0 0 0  aaa99995498aa8888898a793797a73567a6675a662445
113824 1 12 11 4 4 2 0 0 0  aaa99994598aa8888898a795797a75467a6674a665332
114218 1 12 12 4 4 1 0 0 0  aaa99995498aa8883898a798797a73567a6675a662445
114220 1 12 12 4 4 2 0 0 0  aaa99994598aa8885898a798797a75467a6674a665332
114302 1 12 12 7 0 1 0 0 0  aaa99997598aa8884898a698797a73766a3656a744552
114308 1 12 12 7 1 1 0 0 0  aaa99997498aa8883898a598797a73766a6656a744525
114494 1 12 13 1 2 1 0 0 0  aaa99995498aa8885898a693897a77776a3675a662445
114496 1 12 13 1 2 2 0 0 0  aaa99994598aa8885898a695897a77776a5673a662443
114634 1 12 13 5 1 2 0 0 0  aaa99997498aa8883898a593897a77676a6756a562454
114650 1 12 13 5 4 1 0 0 0  aaa99997498aa8883898a696897a77576a3765a652445
114656 1 12 13 5 5 1 0 0 0  aaa99997598aa8884898a693897a77476a4765a653625
114746 1 12 13 8 2 1 0 0 0  aaa99995498aa8883898a693897a44777a7657a662565
114748 1 12 13 8 2 2 0 0 0  aaa99994598aa8885898a695897a35777a7647a662463
114948 1 12 14 3 0 0 0 0 0  aaa99997598aa8884896a693896a48777a7657a525634
115012 1 12 14 4 4 2 0 0 0  aaa99995498aa8883897a797897a58276a6765a644635
115246 1 12 15 0 1 2 0 0 0  aaa99997798aa8864897a597897a73666a3856a582454
115294 1 12 15 1 3 2 0 0 0  aaa99995498aa8853897a797897a53776a6866a682445
115300 1 12 15 1 4 2 0 0 0  aaa99995498aa8853897a797897a44776a6865a683625
115306 1 12 15 1 5 2 0 0 0  aaa99995498aa8853897a797897a44776a3865a682665
115357 1 12 15 3 2 0 1 0 0  aaa99997598aa8855896a696892a54777a7837a684634
115369 1 12 15 3 4 0 1 0 0  aaa99997598aa8855892a696893a54777a7867a683644
115370 1 12 15 3 4 1 0 0 0  aaa99997598aa8844892a696895a55777a7867a684633
115373 1 12 15 3 4 2 1 0 0  aaa99997598aa8845892a696893a45777a7867a683654
115375 1 12 15 3 5 0 1 0 0  aaa99997598aa8855892a694893a54777a7867a683664
115382 1 12 15 4 0 1 0 0 0  aaa99997598aa8874897a797896a63665a3857a484652
115384 1 12 15 4 0 2 0 0 0  aaa99997598aa8875897a797896a65664a5837a484632
115390 1 12 15 4 1 2 0 0 0  aaa99997498aa8873897a797896a66665a3857a582454
115468 1 12 15 6 2 2 0 0 0  aaa99996498aa8863897a593896a66777a7857a582454
115546 1 12 15 8 3 2 0 0 0  aaa99995498aa8853897a696897a53777a7866a682445
115552 1 12 15 8 4 2 0 0 0  aaa99995498aa8853897a696897a44777a7865a683625
115558 1 12 15 8 5 2 0 0 0  aaa99995498aa8853897a693897a44777a7865a682665
115568 1 12 15 9 1 1 0 0 0  aaa99995498aa8844895a797896a66667a3875a783725
115570 1 12 15 9 1 2 0 0 0  aaa99994598aa8835894a797896a66667a5874a785723
115589 1 12 15 9 4 2 1 0 0  aaa99996698aa8865893a797894a65347a5876a784752
115684 1 12 16 1 2 2 0 0 0  aaa99995498aa8853897a797897a44776a3865a666825
115696 1 12 16 1 4 2 0 0 0  aaa99995498aa8853897a797897a53776a2866a644865
115700 1 12 16 1 5 1 0 0 0  aaa99996598aa8864897a797897a63775a3856a464852
115702 1 12 16 1 5 2 0 0 0  aaa99996598aa8865897a797897a65774a5836a464832
115775 1 12 16 3 5 2 1 0 0  aaa99997698aa8846892a596893a46777a7857a536854
115824 1 12 16 5 2 0 0 0 0  aaa99996498aa8863897a797896a66755a3857a745824
115936 1 12 16 8 2 2 0 0 0  aaa99995498aa8853897a693897a44777a7865a666825
115948 1 12 16 8 4 2 0 0 0  aaa99995498aa8853897a693897a52777a7866a644865
115952 1 12 16 8 5 1 0 0 0  aaa99996598aa8864897a593897a63777a7856a464852
115954 1 12 16 8 5 2 0 0 0  aaa99996598aa8865897a495897a65777a7836a464832
116080 1 12 17 1 2 2 0 0 0  aaa99995498aa8883897a797897a53776a2865a666445
116092 1 12 17 1 4 2 0 0 0  aaa99995498aa8883897a797897a53776a6865a644625
116098 1 12 17 1 5 2 0 0 0  aaa99995498aa8883897a797897a53776a2865a644665
116186 1 12 17 4 2 1 0 0 0  aaa99997598aa8884897a797896a73666a3857a562454
116188 1 12 17 4 2 2 0 0 0  aaa99997598aa8885897a797896a75666a5847a464332
116220 1 12 17 5 2 0 0 0 0  aaa99996498aa8883897a797896a66755a3857a745624
116332 1 12 17 8 2 2 0 0 0  aaa99995498aa8883897a693897a52777a7865a666445
116344 1 12 17 8 4 2 0 0 0  aaa99995498aa8883897a696897a53777a7865a644625
116350 1 12 17 8 5 2 0 0 0  aaa99995498aa8883897a693897a52777a7865a644665
116378 1 12 17 9 4 1 0 0 0  aaa99995498aa8883895a696897a44776a3865a777625
116380 1 12 17 9 4 2 0 0 0  aaa99994598aa8885894a696897a35776a5864a777623
116596 1 12 18 4 4 2 0 0 0  aaa99995498aa8888897a797897a53276a6765a644635
116872 1 12 19 1 2 2 0 0 0  aaa99995498aa8883897a797797a44786a3685a662565
116878 1 12 19 1 3 2 0 0 0  aaa99995498aa8883897a797797a53786a2686a656445
116884 1 12 19 1 4 2 0 0 0  aaa99995498aa8883897a797797a53786a2685a666445
116888 1 12 19 1 5 1 0 0 0  aaa99996598aa8884897a797797a63784a4586a565632
116926 1 12 19 2 5 2 0 0 0  aaa99996598aa8885897a797794a65783a5286a764634
116942 1 12 19 3 2 1 0 0 0  aaa99995498aa8885897a693797a77786a3685a662445
116944 1 12 19 3 2 2 0 0 0  aaa99994598aa8885897a695797a77786a5683a662443
117076 1 12 19 7 0 2 0 0 0  aaa99995798aa8884897a797696a53786a3685a744625
117094 1 12 19 7 3 2 0 0 0  aaa99995798aa8884897a797696a63786a3685a752445
117102 1 12 19 7 5 0 0 0 0  aaa99996798aa8884897a797595a63784a5586a763642
117107 1 12 19 7 5 2 1 0 0  aaa99996798aa8885897a797394a65783a5486a764652
117130 1 12 19 8 3 2 0 0 0  aaa99995498aa8883896a696797a77786a3685a752445
117138 1 12 19 8 5 0 0 0 0  aaa99996498aa8883895a593797a77784a4586a762656
117198 1 12 19 10 3 0 0 0 0  aaa99997498aa8883896a696595a73684a5587a672747
117503 1 12 20 7 5 2 1 0 0  aaa99996798aa8888897a797393a65784a5246a765645
118039 1 12 22 0 5 0 1 0 0  aaa99997797aa8674397a697598a53586a4862a888645
118060 1 12 22 1 2 2 0 0 0  aaa99996497aa8773797a593698a66785a2856a888454
118262 1 12 22 7 0 1 0 0 0  aaa99997597aa8774796a693698a53687a2845a888645
118428 1 13 0 0 4 0 0 0 0  aaa99988578aa9874798a983897a44765a5667a566932
118547 1 13 0 3 5 2 1 0 0  aaa99988628aa9846798a986897a77775a6354a536954
118649 1 13 0 6 4 2 1 0 0  aaa99988528aa9845798a985897a77376a3766a645964
118655 1 13 0 6 5 2 1 0 0  aaa99988628aa9846798a986897a77375a6753a546954
118728 1 13 0 9 0 0 0 0 0  aaa99988668aa9865798a986897a64574a5753a772943
118746 1 13 0 9 3 0 0 0 0  aaa99988668aa9866798a985897a64574a5753a772943
118759 1 13 0 9 5 0 1 0 0  aaa99988638aa9836798a986897a56575a6725a774944
118761 1 13 0 9 5 1 1 0 0  aaa99988638aa9836798a986897a56572a6755a774944
118762 1 13 0 9 5 2 0 0 0  aaa99988628aa9856798a986897a56374a6735a774945
118763 1 13 0 9 5 2 1 0 0  aaa99988628aa9856798a986897a56474a4735a776935
118777 1 13 0 10 2 0 1 0 0  aaa99988568aa9866298a984897a64573a5756a777934
118779 1 13 0 10 2 1 1 0 0  aaa99988568aa9866298a984897a64575a5736a777934
118780 1 13 0 10 2 2 0 0 0  aaa99988568aa9866298a985897a65374a5736a777944
118781 1 13 0 10 2 2 1 0 0  aaa99988568aa9866298a985897a65474a4736a777935
119322 1 13 2 3 3 0 0 0 0  aaa99988887aa9857898a937797a74666a2556a456943
119324 1 13 2 3 3 1 0 0 0  aaa99988887aa9857898a937797a74666a2546a556943
119334 1 13 2 3 5 0 0 0 0  aaa99988887aa9837898a937797a75564a5652a666944
119615 1 13 3 0 3 2 1 0 0  aaa99988878aa9875792a985897a35766a6467a464953
119917 1 13 3 9 0 0 1 0 0  aaa99988878aa9866297a986896a64755a4777a353954
119919 1 13 3 9 0 1 1 0 0  aaa99988878aa9866297a986896a64755a5777a354934
119921 1 13 3 9 0 2 1 0 0  aaa99988878aa9866297a986896a64753a4777a555934
119947 1 13 3 9 5 0 1 0 0  aaa99988878aa9855297a985896a54763a4777a666934
120023 1 13 4 0 5 2 1 0 0  aaa99988888aa9877397a975796a37264a5648a665945
120112 1 13 4 3 2 2 0 0 0  aaa99988888aa9835797a977796a66474a5628a635945
120124 1 13 4 3 4 2 0 0 0  aaa99988888aa9835797a977796a36474a5628a665945
120130 1 13 4 3 5 2 0 0 0  aaa99988888aa9835797a977796a35474a5628a666945
120173 1 13 4 5 0 2 1 0 0  aaa99988888aa9866797a976797a25364a5378a465945
120220 1 13 4 6 2 2 0 0 0  aaa99988888aa9835797a977797a35666a5448a266945
120232 1 13 4 6 4 2 0 0 0  aaa99988888aa9835797a977797a35666a6448a265945
120238 1 13 4 6 5 2 0 0 0  aaa99988888aa9835797a977797a35464a5628a666945
120292 1 13 4 8 2 2 0 0 0  aaa99988888aa9835797a977796a66464a5728a635945
120310 1 13 4 8 5 2 0 0 0  aaa99988888aa9835797a977796a35464a5728a666945
120328 1 13 4 9 2 2 0 0 0  aaa99988888aa9835797a935797a77666a5448a266945
120340 1 13 4 9 4 2 0 0 0  aaa99988888aa9835797a935797a77666a6448a265945
120346 1 13 4 9 5 2 0 0 0  aaa99988888aa9835797a935797a77464a5628a666945
120364 1 13 4 10 2 2 0 0 0  aaa99988888aa9835696a965697a36474a5728a777945
120376 1 13 4 10 4 2 0 0 0  aaa99988888aa9835696a966697a35474a5728a777945
120378 1 13 4 10 5 0 0 0 0  aaa99988888aa9836595a936497a56574a6748a777962
120380 1 13 4 10 5 1 0 0 0  aaa99988888aa9836595a956497a46574a6728a777963
120497 1 13 5 3 0 2 1 0 0  aaa99988878aa9875797a987696a35648a5426a674953
120512 1 13 5 3 3 1 0 0 0  aaa99988878aa9874797a987696a63648a4555a675932
120569 1 13 5 5 0 2 1 0 0  aaa99988878aa9877797a985696a35648a5426a674953
120584 1 13 5 5 3 1 0 0 0  aaa99988878aa9877797a984696a63648a4555a675932
120673 1 13 5 8 0 0 1 0 0  aaa99988878aa9874797a987796a64268a6556a353954
120978 1 13 6 5 3 0 0 0 0  aaa99988878aa9877798a985696a64654a5527a673943
121157 1 13 6 10 2 2 1 0 0  aaa99988868aa9866298a984597a64575a5736a777934
121180 1 13 7 0 0 2 0 0 0  aaa99977588aa9885298a977796a65887a5664a443936
121181 1 13 7 0 0 2 1 0 0  aaa99977588aa9885398a977796a63887a5662a444956
121182 1 13 7 0 1 0 0 0 0  aaa99977588aa9884698a977796a63887a3665a455942
121184 1 13 7 0 1 1 0 0 0  aaa99977588aa9884698a977796a63887a3664a555924
121188 1 13 7 0 2 0 0 0 0  aaa99977588aa9884698a977796a63887a3645a655942
121190 1 13 7 0 2 1 0 0 0  aaa99977588aa9884698a977796a63887a3645a652945
121196 1 13 7 0 3 1 0 0 0  aaa99977488aa9883698a977796a63887a2645a555946
121207 1 13 7 0 5 0 1 0 0  aaa99977588aa9884298a977796a55887a4635a666934
121260 1 13 7 2 2 0 0 0 0  aaa99977788aa9885698a974796a63887a3645a655942
121262 1 13 7 2 2 1 0 0 0  aaa99977788aa9885698a974796a63887a3645a652945
121370 1 13 7 5 2 1 0 0 0  aaa99977788aa9885698a974696a53887a3675a644925
121372 1 13 7 5 2 2 0 0 0  aaa99977788aa9885698a975696a45887a5673a644923
121392 1 13 7 6 0 0 0 0 0  aaa99966588aa9884798a963797a73887a7665a455942
121394 1 13 7 6 0 1 0 0 0  aaa99966588aa9884798a963797a73887a7664a555924
121464 1 13 7 8 0 0 0 0 0  aaa99966588aa9884798a967797a73887a3665a455942
121466 1 13 7 8 0 1 0 0 0  aaa99966588aa9884798a967797a73887a3664a555924
121500 1 13 7 9 0 0 0 0 0  aaa99966588aa9884798a963797a77887a3665a455942
121502 1 13 7 9 0 1 0 0 0  aaa99966588aa9884798a963797a77887a3664a555924
121607 1 13 8 0 5 2 1 0 0  aaa99988878aa9876794a986795a36452a6748a575963
121698 1 13 8 3 3 0 0 0 0  aaa99988878aa9875797a987696a64654a5528a673943
121770 1 13 8 5 3 0 0 0 0  aaa99988878aa9877797a985696a64654a5528a673943
121804 1 13 8 6 2 2 0 0 0  aaa99988878aa9835797a987797a35666a5448a266945
121816 1 13 8 6 4 2 0 0 0  aaa99988878aa9835797a987797a35666a6448a265945
121822 1 13 8 6 5 2 0 0 0  aaa99988878aa9835797a987797a35464a5628a666945
121955 1 13 8 10 3 2 1 0 0  aaa99988868aa9866296a984597a64575a5738a777934
121966 1 13 8 10 5 2 0 0 0  aaa99988848aa9846493a986597a26575a5738a777966
121967 1 13 8 10 5 2 1 0 0  aaa99988848aa9836494a986597a36575a5728a777966
122081 1 13 9 3 0 2 1 0 0  aaa99988878aa9875797a987696a25634a8346a675945
122153 1 13 9 5 0 2 1 0 0  aaa99988878aa9877797a985696a25634a8346a675945
122257 1 13 9 8 0 0 1 0 0  aaa99988878aa9874797a987796a64266a8556a353954
122364 1 13 10 0 0 0 0 0 0  aaa99977588aa9884798a973896a63767a6856a545924
122366 1 13 10 0 0 1 0 0 0  aaa99977588aa9884798a973896a63767a6846a555942
122372 1 13 10 0 1 1 0 0 0  aaa99977588aa9884798a973896a66757a3864a655924
122376 1 13 10 0 2 0 0 0 0  aaa99977588aa9884798a973896a66767a3845a655942
122378 1 13 10 0 2 1 0 0 0  aaa99977588aa9884798a973896a66767a3845a652945
122382 1 13 10 0 3 0 0 0 0  aaa99977588aa9884798a973896a66767a3856a545924
122384 1 13 10 0 3 1 0 0 0  aaa99977588aa9884798a973896a66767a3846a555942
122388 1 13 10 0 4 0 0 0 0  aaa99977588aa9884798a973896a46767a3855a662954
122390 1 13 10 0 4 1 0 0 0  aaa99977588aa9884798a973896a56767a3845a662945
122396 1 13 10 0 5 1 0 0 0  aaa99977588aa9884798a973896a53767a2845a666945
122425 1 13 10 1 4 0 1 0 0  aaa99977788aa9885298a966897a64577a5856a364934
122429 1 13 10 1 4 2 1 0 0  aaa99977788aa9885298a966897a65377a3846a465945
122435 1 13 10 1 5 2 1 0 0  aaa99977788aa9885298a965897a65377a3846a465946
122448 1 13 10 2 2 0 0 0 0  aaa99977788aa9885698a974896a63767a3845a655942
122450 1 13 10 2 2 1 0 0 0  aaa99977788aa9885698a974896a63767a3845a652945
122478 1 13 10 3 1 0 0 0 0  aaa99966588aa9884798a963897a77776a3865a455942
122480 1 13 10 3 1 1 0 0 0  aaa99966588aa9884798a963897a77776a3864a555924
122498 1 13 10 3 4 1 0 0 0  aaa99966588aa9884798a953897a77776a3865a644925
122500 1 13 10 3 4 2 0 0 0  aaa99966588aa9885798a945897a77776a5863a644923
122506 1 13 10 3 5 2 0 0 0  aaa99965488aa9883798a953897a77776a2865a644965
122558 1 13 10 5 2 1 0 0 0  aaa99977788aa9885698a974896a63467a4875a653925
122579 1 13 10 5 5 2 1 0 0  aaa99977788aa9885298a975896a45367a3874a666954
122580 1 13 10 6 0 0 0 0 0  aaa99966588aa9884798a963897a77676a3845a755942
122582 1 13 10 6 0 1 0 0 0  aaa99966588aa9884798a963897a77676a3845a752945
122617 1 13 10 7 0 0 1 0 0  aaa99977788aa9887698a976896a55347a6835a644952
122690 1 13 10 9 0 1 0 0 0  aaa99966588aa9884798a963897a53676a2845a777945
122734 1 13 10 10 1 2 0 0 0  aaa99957488aa9883698a973896a76665a2857a474957
122761 1 13 11 0 0 0 1 0 0  aaa99977488aa9888298a977796a64867a6556a353954
122763 1 13 11 0 0 1 1 0 0  aaa99977488aa9888298a977796a64867a6556a355934
122765 1 13 11 0 0 2 1 0 0  aaa99977488aa9888298a977796a64867a6536a555934
122791 1 13 11 0 5 0 1 0 0  aaa99977588aa9888298a977796a55867a4635a664934
123046 1 13 11 7 5 2 0 0 0  aaa99977788aa9888498a975296a47867a5633a665954
123168 1 13 12 0 2 0 0 0 0  aaa99977588aa9884698a977796a63867a3845a655942
123170 1 13 12 0 2 1 0 0 0  aaa99977588aa9884698a977796a63867a3845a652945
123174 1 13 12 0 3 0 0 0 0  aaa99977588aa9884698a977796a63867a3856a545924
123176 1 13 12 0 3 1 0 0 0  aaa99977588aa9884698a977796a63867a3846a555942
123187 1 13 12 0 5 0 1 0 0  aaa99977588aa9884298a977796a55867a4835a666934
123240 1 13 12 2 2 0 0 0 0  aaa99977788aa9885698a974796a63867a3845a655942
123242 1 13 12 2 2 1 0 0 0  aaa99977788aa9885698a974796a63867a3845a652945
123372 1 13 12 6 0 0 0 0 0  aaa99966588aa9884798a963797a73867a7845a655942
123374 1 13 12 6 0 1 0 0 0  aaa99966588aa9884798a963797a73867a7845a652945
123444 1 13 12 8 0 0 0 0 0  aaa99966588aa9884798a967797a73867a3845a655942
123446 1 13 12 8 0 1 0 0 0  aaa99966588aa9884798a967797a73867a3845a652945
123452 1 13 12 8 1 1 0 0 0  aaa99966688aa9884798a957797a73867a3855a644925
123480 1 13 12 9 0 0 0 0 0  aaa99966588aa9884798a963797a77867a3845a655942
123482 1 13 12 9 0 1 0 0 0  aaa99966588aa9884798a963797a77867a3845a652945
123564 1 13 13 0 2 0 0 0 0  aaa99977588aa9884798a978696a63877a3645a655942
123566 1 13 13 0 2 1 0 0 0  aaa99977588aa9884798a978696a63877a3645a652945
123614 1 13 13 1 4 1 0 0 0  aaa99977788aa9884798a958796a63867a3655a644925
123625 1 13 13 2 0 0 1 0 0  aaa99977788aa9884298a978796a64867a6556a353954
123627 1 13 13 2 0 1 1 0 0  aaa99977788aa9884298a978796a64867a6556a355934
123629 1 13 13 2 0 2 1 0 0  aaa99977788aa9884298a978796a64867a6536a555934
123655 1 13 13 2 5 0 1 0 0  aaa99977788aa9885298a978796a55867a4635a664934
123710 1 13 13 4 2 1 0 0 0  aaa99977788aa9884698a958796a63877a3655a644925
123805 1 13 13 7 0 0 1 0 0  aaa99977788aa9887398a978696a53847a6655a544962
123913 1 13 13 10 0 0 1 0 0  aaa99966588aa9884298a968697a55876a4735a777934
123931 1 13 13 10 3 0 1 0 0  aaa99966688aa9884298a968597a54876a5735a777934
123960 1 13 14 0 2 0 0 0 0  aaa99977488aa9883796a973898a58767a2664a556954
124272 1 13 14 9 0 0 0 0 0  aaa99966588aa9884797a963898a58766a3777a455942
124274 1 13 14 9 0 1 0 0 0  aaa99966588aa9884797a963898a48766a3777a555924
124345 1 13 15 0 0 0 1 0 0  aaa99988877aa9866297a986795a85658a7736a444935
124349 1 13 15 0 0 2 1 0 0  aaa99988877aa9866297a986795a84658a7736a554934
124378 1 13 15 0 5 2 0 0 0  aaa99988877aa9835297a985796a85468a7743a666945
124381 1 13 15 1 0 0 1 0 0  aaa99988877aa9876697a986296a84778a4655a533945
124392 1 13 15 1 2 0 0 0 0  aaa99988877aa9875697a984696a83778a3645a655942
124394 1 13 15 1 2 1 0 0 0  aaa99988877aa9875697a984696a83778a3645a652945
124415 1 13 15 1 5 2 1 0 0  aaa99988877aa9875497a985496a84778a5633a666952
124442 1 13 15 2 4 1 0 0 0  aaa99988877aa9875697a985796a83568a5744a663942
124487 1 13 15 3 5 2 1 0 0  aaa99988877aa9877497a985496a84768a5633a665952
124523 1 13 15 4 5 2 1 0 0  aaa99988877aa9875497a985496a84768a5733a666952
124525 1 13 15 5 0 0 1 0 0  aaa99988877aa9876297a987796a86668a3455a544935
124705 1 13 15 10 0 0 1 0 0  aaa99988866aa9855296a985697a84378a3765a777944
124709 1 13 15 10 0 2 1 0 0  aaa99988866aa9845296a985697a85378a3764a777954
124715 1 13 15 10 1 2 1 0 0  aaa99988866aa9865496a985497a84678a5733a777952
124734 1 13 15 10 5 0 0 0 0  aaa99988854aa9856593a986497a86478a6735a777962
124740 1 13 16 0 0 0 0 0 0  aaa99988877aa9866297a986796a68558a7754a354934
124741 1 13 16 0 0 0 1 0 0  aaa99988877aa9866297a986796a68558a7754a345934
124790 1 13 16 1 2 1 0 0 0  aaa99988877aa9874697a983696a58778a3655a644925
124810 1 13 16 1 5 2 0 0 0  aaa99988877aa9875497a985296a48778a5633a666954
124882 1 13 16 3 5 2 0 0 0  aaa99988877aa9877497a985296a48768a5633a665954
124918 1 13 16 4 5 2 0 0 0  aaa99988877aa9875497a985296a48768a5733a666954
124920 1 13 16 5 0 0 0 0 0  aaa99988877aa9873297a987796a68568a6546a454935
124921 1 13 16 5 0 0 1 0 0  aaa99988877aa9873297a987796a68568a6546a453945
124923 1 13 16 5 0 1 1 0 0  aaa99988877aa9874297a987796a68568a6556a354934
125103 1 13 16 10 0 1 1 0 0  aaa99988866aa9855296a984697a58378a3765a777944
125105 1 13 16 10 0 2 1 0 0  aaa99988866aa9854296a984697a58378a3765a777945
125110 1 13 16 10 1 2 0 0 0  aaa99988866aa9865496a985297a48678a5733a777954
125160 1 13 17 0 4 0 0 0 0  aaa99977588aa9884798a978896a63767a3645a655942
125162 1 13 17 0 4 1 0 0 0  aaa99977588aa9884798a978896a63767a3645a652945
125168 1 13 17 0 5 1 0 0 0  aaa99977588aa9884798a978896a53767a3645a662945
125186 1 13 17 1 2 1 0 0 0  aaa99977788aa9884698a958896a63767a3755a644925
125209 1 13 17 2 0 0 1 0 0  aaa99977788aa9884298a978896a64767a6556a353954
125211 1 13 17 2 0 1 1 0 0  aaa99977788aa9884298a978896a64767a6556a355934
125213 1 13 17 2 0 2 1 0 0  aaa99977788aa9884298a978896a64767a6536a555934
125239 1 13 17 2 5 0 1 0 0  aaa99977788aa9885298a978896a55767a4635a664934
125294 1 13 17 4 2 1 0 0 0  aaa99977788aa9884698a958896a63777a3655a644925
125321 1 13 17 5 0 2 1 0 0  aaa99977788aa9884398a978896a63267a6576a555944
125336 1 13 17 5 3 1 0 0 0  aaa99977788aa9884698a978896a63567a3576a545924
125347 1 13 17 5 5 0 1 0 0  aaa99977788aa9885298a978896a55367a3675a664944
125351 1 13 17 5 5 2 1 0 0  aaa99977788aa9885298a978896a45367a3674a665954
125378 1 13 17 6 4 1 0 0 0  aaa99966488aa9883798a958897a77576a3765a644925
125388 1 13 17 7 0 0 0 0 0  aaa99977788aa9887498a978896a64267a6556a353954
125389 1 13 17 7 0 0 1 0 0  aaa99977788aa9887398a978896a63567a6546a452945
125391 1 13 17 7 0 1 1 0 0  aaa99977788aa9887298a978896a64567a6556a354934
125462 1 13 17 9 0 1 0 0 0  aaa99966588aa9884798a968897a53676a3745a772945
125497 1 13 17 10 0 0 1 0 0  aaa99966588aa9884298a968897a55676a4735a777934
125513 1 13 17 10 2 2 1 0 0  aaa99966688aa9884298a958897a54376a3765a777945
125858 1 13 18 9 0 1 0 0 0  aaa99966588aa9888797a964898a44766a3777a555932
125952 1 13 19 0 4 0 0 0 0  aaa99987788aa9884798a973896a63765a7655a644925
126313 1 13 19 10 4 0 1 0 0  aaa99986688aa9885298a964897a64573a5756a777934
126315 1 13 19 10 4 1 1 0 0  aaa99986688aa9885298a964897a64575a5736a777934
126316 1 13 19 10 4 2 0 0 0  aaa99986688aa9885298a965897a65374a5736a777944
126317 1 13 19 10 4 2 1 0 0  aaa99986688aa9885298a965897a65474a4736a777935
126348 1 13 20 0 4 0 0 0 0  aaa99977588aa9888798a974896a63767a3645a655942
126350 1 13 20 0 4 1 0 0 0  aaa99977588aa9888798a974896a63767a3645a652945
126356 1 13 20 0 5 1 0 0 0  aaa99977588aa9888798a974896a53767a3645a662945
126539 1 13 20 5 5 2 1 0 0  aaa99977788aa9888298a975896a45367a3674a665954
126650 1 13 20 9 0 1 0 0 0  aaa99966588aa9888798a964897a53676a3745a772945
126701 1 13 20 10 2 2 1 0 0  aaa99966688aa9888298a954897a54376a3765a777945
126722 1 13 21 0 0 1 0 0 0  aaa99977478aa9873896a963898a88767a2645a555946
126750 1 13 21 0 5 0 0 0 0  aaa99977578aa9874895a945898a88767a3652a666934
127046 1 13 21 9 0 1 0 0 0  aaa99966578aa9864897a944898a88766a3777a555932
127198 1 13 22 2 1 2 0 0 0  aaa99958477aa9783697a983796a86665a2758a484958
127224 1 13 22 3 0 0 0 0 0  aaa99968677aa9787297a986695a85756a4438a384958
127225 1 13 22 3 0 0 1 0 0  aaa99968677aa9787297a986695a85746a5538a484938
127296 1 13 22 5 0 0 0 0 0  aaa99968677aa9786297a987795a85656a4438a384958
127297 1 13 22 5 0 0 1 0 0  aaa99968677aa9786297a987795a85646a5538a484938
127404 1 13 22 8 0 0 0 0 0  aaa99968677aa9787297a986795a85656a4438a384958
127405 1 13 22 8 0 0 1 0 0  aaa99968677aa9787297a986795a85646a5538a484938
127583 1 14 0 1 5 2 1 0 0  aaa99998892aa8698897a787897a54776a4365a653645
127686 1 14 0 4 5 0 0 0 0  aaa99998892aa8698897a787897a55476a4765a635643
127687 1 14 0 4 5 0 1 0 0  aaa99998892aa8698897a787897a55376a5763a654644
127691 1 14 0 4 5 2 1 0 0  aaa99998892aa8698897a787897a54376a3765a654645
127883 1 14 0 10 1 2 1 0 0  aaa99998892aa8598896a686897a64375a3756a777544
127982 1 14 1 2 0 1 0 0 0  aaa99997498aa8893898a777796a63857a8665a552446
128248 1 14 1 9 2 2 0 0 0  aaa99995498aa8893898a666297a57876a8765a773445
128260 1 14 1 9 4 2 0 0 0  aaa99994498aa8894898a656297a57876a8765a773635
128266 1 14 1 9 5 2 0 0 0  aaa99995498aa8893898a644297a57876a8765a773665
128354 1 14 2 1 2 1 0 0 0  aaa99995498aa8895898a777797a53867a3628a644665
128356 1 14 2 1 2 2 0 0 0  aaa99994598aa8895898a777797a35867a5628a644663
128402 1 14 2 2 4 1 0 0 0  aaa99997598aa8894898a777796a63867a3658a644552
128408 1 14 2 2 5 1 0 0 0  aaa99997598aa8894898a777796a44867a3658a663552
128426 1 14 2 3 2 1 0 0 0  aaa99995498aa8895898a753797a77867a3628a644665
128428 1 14 2 3 2 2 0 0 0  aaa99994598aa8895898a735797a77867a5628a644663
128498 1 14 2 5 2 1 0 0 0  aaa99997598aa8894898a777696a63857a3678a655442
128514 1 14 2 5 5 0 0 0 0  aaa99997598aa8894898a777496a55867a4678a663532
128516 1 14 2 5 5 1 0 0 0  aaa99997598aa8894898a777596a55867a3678a663442
128772 1 14 3 2 0 0 0 0 0  aaa99997598aa8894898a777796a63687a3658a545624
128774 1 14 3 2 0 1 0 0 0  aaa99997598aa8894898a777796a63687a3648a555642
128898 1 14 3 5 3 0 0 0 0  aaa99997598aa8894898a777696a63687a3478a654552
128900 1 14 3 5 3 1 0 0 0  aaa99997598aa8894898a777696a63687a3578a655442
128910 1 14 3 5 5 0 0 0 0  aaa99997498aa8893898a777596a53587a2678a666445
129080 1 14 3 10 3 1 0 0 0  aaa99995498aa8893898a744696a63687a2578a756775
129082 1 14 3 10 3 2 0 0 0  aaa99994598aa8895898a735696a65687a2478a746773
129090 1 14 3 10 5 0 0 0 0  aaa99996598aa8894898a763594a65587a3278a764776
129140 1 14 4 1 1 1 0 0 0  aaa99996598aa8894898a783797a73785a2676a646554
129146 1 14 4 1 2 1 0 0 0  aaa99994498aa8895898a784797a73786a3675a662565
129148 1 14 4 1 2 2 0 0 0  aaa99994598aa8895898a785797a75786a4673a662364
129152 1 14 4 1 3 1 0 0 0  aaa99995498aa8895898a783797a73786a2676a656445
129154 1 14 4 1 3 2 0 0 0  aaa99994598aa8895898a785797a75786a2676a636443
129158 1 14 4 1 4 1 0 0 0  aaa99995498aa8895898a783797a73786a2675a666445
129160 1 14 4 1 4 2 0 0 0  aaa99994598aa8895898a785797a75786a2673a666443
129164 1 14 4 1 5 1 0 0 0  aaa99996598aa8894898a783797a73784a4576a565626
129182 1 14 4 2 2 1 0 0 0  aaa99995498aa8895898a683797a73786a2675a667445
129184 1 14 4 2 2 2 0 0 0  aaa99994598aa8895898a685797a75786a2673a667443
129188 1 14 4 2 3 1 0 0 0  aaa99996598aa8894898a683797a73785a2674a667554
129194 1 14 4 2 4 1 0 0 0  aaa99994498aa8895898a686797a74786a3275a657635
129196 1 14 4 2 4 2 0 0 0  aaa99994598aa8895898a686797a75786a5474a637623
129200 1 14 4 2 5 1 0 0 0  aaa99994498aa8895898a684797a73786a3275a657665
129202 1 14 4 2 5 2 0 0 0  aaa99994598aa8895898a685797a75786a2474a637663
129218 1 14 4 3 2 1 0 0 0  aaa99995498aa8895898a683797a77786a3675a662445
129220 1 14 4 3 2 2 0 0 0  aaa99994598aa8895898a685797a77786a5673a662443
129254 1 14 4 4 2 1 0 0 0  aaa99995498aa8895898a783797a73687a2676a656445
129256 1 14 4 4 2 2 0 0 0  aaa99994598aa8895898a785797a75687a2676a636443
129260 1 14 4 4 3 1 0 0 0  aaa99995498aa8895898a783797a73687a6676a652445
129262 1 14 4 4 3 2 0 0 0  aaa99994598aa8895898a785797a75687a6676a644332
129266 1 14 4 4 4 1 0 0 0  aaa99995498aa8895898a783797a73687a2675a666445
129268 1 14 4 4 4 2 0 0 0  aaa99994598aa8895898a785797a75687a2673a666443
129272 1 14 4 4 5 1 0 0 0  aaa99996598aa8894898a783797a73487a4576a565626
129290 1 14 4 5 2 1 0 0 0  aaa99994498aa8895898a684797a73787a3666a257565
129292 1 14 4 5 2 2 0 0 0  aaa99994598aa8895898a685797a75787a2666a447363
129302 1 14 4 5 4 1 0 0 0  aaa99994498aa8895898a686797a74787a3265a657635
129304 1 14 4 5 4 2 0 0 0  aaa99994598aa8895898a686797a75787a5464a637623
129308 1 14 4 5 5 1 0 0 0  aaa99994498aa8895898a684797a73787a3265a657665
129310 1 14 4 5 5 2 0 0 0  aaa99994598aa8895898a685797a75787a2464a637663
129360 1 14 4 7 2 0 0 0 0  aaa99997598aa8894898a683797a73785a5666a744562
129362 1 14 4 7 2 1 0 0 0  aaa99997598aa8895898a684797a73786a3666a755442
129368 1 14 4 7 3 1 0 0 0  aaa99997598aa8894898a683797a73785a2666a746554
129398 1 14 4 8 2 1 0 0 0  aaa99995498aa8895898a683797a77786a3666a752445
129400 1 14 4 8 2 2 0 0 0  aaa99994598aa8895898a685797a77786a5666a744332
129476 1 14 4 10 3 1 0 0 0  aaa99994498aa8895898a784696a63687a3275a756775
129478 1 14 4 10 3 2 0 0 0  aaa99994598aa8895898a785696a65687a2474a736773
129486 1 14 4 10 5 0 0 0 0  aaa99996598aa8894898a783594a65587a3276a764776
129544 1 14 5 1 2 2 0 0 0  aaa99995498aa8893897a787897a53776a2865a666445
129556 1 14 5 1 4 2 0 0 0  aaa99995498aa8893897a787897a53776a6865a644625
129562 1 14 5 1 5 2 0 0 0  aaa99995498aa8893897a787897a53776a2865a644665
129650 1 14 5 4 2 1 0 0 0  aaa99997598aa8894897a787896a73666a3857a562454
129652 1 14 5 4 2 2 0 0 0  aaa99997598aa8895897a787896a75666a5847a464332
129684 1 14 5 5 2 0 0 0 0  aaa99996498aa8893897a787896a66755a3857a745624
129796 1 14 5 8 2 2 0 0 0  aaa99995498aa8893897a683897a52777a7865a666445
129808 1 14 5 8 4 2 0 0 0  aaa99995498aa8893897a686897a53777a7865a644625
129814 1 14 5 8 5 2 0 0 0  aaa99995498aa8893897a683897a52777a7865a644665
129842 1 14 5 9 4 1 0 0 0  aaa99995498aa8893895a686897a44776a3865a777625
129844 1 14 5 9 4 2 0 0 0  aaa99994598aa8895894a686897a35776a5864a777623
129954 1 14 6 1 5 0 0 0 0  aaa99996598aa8894898a777797a63587a8546a265643
129979 1 14 6 2 3 0 1 0 0  aaa99997498aa8894898a777796a66287a8655a533645
130082 1 14 6 5 2 1 0 0 0  aaa99997498aa8893898a777696a63587a8675a652445
130084 1 14 6 5 2 2 0 0 0  aaa99997598aa8895898a777696a65487a8674a645332
130228 1 14 6 9 2 2 0 0 0  aaa99995498aa8893898a666797a53286a8765a777445
130240 1 14 6 9 4 2 0 0 0  aaa99995498aa8893898a656797a44286a8765a777635
130246 1 14 6 9 5 2 0 0 0  aaa99995498aa8893898a653797a44286a8765a777665
130264 1 14 6 10 2 2 0 0 0  aaa99995498aa8893898a744696a63287a8675a756775
130270 1 14 6 10 3 2 0 0 0  aaa99995498aa8893898a744696a63687a8275a756775
130278 1 14 6 10 5 0 0 0 0  aaa99996598aa8894898a763594a65587a8276a764773
130715 1 14 8 0 5 2 1 0 0  aaa99997798aa8895897a687794a75386a5863a644652
130732 1 14 8 1 2 2 0 0 0  aaa99995498aa8893897a787797a53786a2865a666445
130744 1 14 8 1 4 2 0 0 0  aaa99995498aa8893897a787797a53786a6865a644625
130750 1 14 8 1 5 2 0 0 0  aaa99995498aa8893897a787797a53786a2865a644665
130816 1 14 8 3 4 2 0 0 0  aaa99995498aa8893897a686797a77786a3865a652445
130820 1 14 8 3 5 1 0 0 0  aaa99995498aa8895897a683797a77786a3865a644625
130822 1 14 8 3 5 2 0 0 0  aaa99994598aa8895897a685797a77786a5863a644623
130826 1 14 8 4 0 1 0 0 0  aaa99997598aa8894897a787696a73685a3867a562454
130828 1 14 8 4 0 2 0 0 0  aaa99997598aa8895897a787696a75684a5867a464332
130854 1 14 8 4 5 0 0 0 0  aaa99997498aa8893897a787595a73586a2867a645664
130868 1 14 8 5 1 1 0 0 0  aaa99995498aa8895897a787696a63786a3867a752445
130870 1 14 8 5 1 2 0 0 0  aaa99994598aa8895897a787696a65786a5867a744332
130922 1 14 8 6 4 1 0 0 0  aaa99995498aa8893895a686797a77787a3865a644625
130924 1 14 8 6 4 2 0 0 0  aaa99994598aa8895894a686797a77787a5864a635623
130936 1 14 8 7 0 2 0 0 0  aaa99995798aa8894897a787696a53786a3865a762445
130942 1 14 8 7 1 2 0 0 0  aaa99995798aa8894897a787696a63786a3865a752445
130994 1 14 8 8 4 1 0 0 0  aaa99995498aa8893895a686797a77786a3865a744625
130996 1 14 8 8 4 2 0 0 0  aaa99994598aa8895894a686797a77786a5864a735623
131008 1 14 8 9 0 2 0 0 0  aaa99996698aa8896894a787693a65287a5874a735754
131012 1 14 8 9 1 1 0 0 0  aaa99995498aa8895896a787696a63687a3875a744725
131014 1 14 8 9 1 2 0 0 0  aaa99994598aa8895896a787696a65687a5873a744723
131018 1 14 8 9 2 1 0 0 0  aaa99995498aa8893895a787696a63687a6875a744725
131020 1 14 8 9 2 2 0 0 0  aaa99994598aa8895894a787696a65687a6874a735723
131024 1 14 8 9 3 1 0 0 0  aaa99994498aa8894895a787696a63687a3875a756725
131026 1 14 8 9 3 2 0 0 0  aaa99994598aa8895894a787696a65687a5874a736723
131030 1 14 8 9 4 1 0 0 0  aaa99995498aa8893895a787696a66687a3875a744725
131032 1 14 8 9 4 2 0 0 0  aaa99994598aa8895894a787696a66687a5874a735723
131034 1 14 8 9 5 0 0 0 0  aaa99996598aa8894892a787594a65587a3876a764736
131036 1 14 8 9 5 1 0 0 0  aaa99996598aa8893894a787595a65487a4876a763726
131039 1 14 8 9 5 2 1 0 0  aaa99996598aa8895892a787493a65487a4876a763756
131044 1 14 8 10 0 2 0 0 0  aaa99996698aa8896894a785693a65287a5874a735774
131048 1 14 8 10 1 1 0 0 0  aaa99995498aa8895896a783696a63687a2875a744775
131050 1 14 8 10 1 2 0 0 0  aaa99994598aa8895896a785696a65687a2873a744773
131128 1 14 9 1 2 2 0 0 0  aaa99995498aa8893897a787797a44786a3685a662565
131134 1 14 9 1 3 2 0 0 0  aaa99995498aa8893897a787797a53786a2686a656445
131140 1 14 9 1 4 2 0 0 0  aaa99995498aa8893897a787797a53786a2685a666445
131144 1 14 9 1 5 1 0 0 0  aaa99996598aa8894897a787797a63784a4586a565632
131182 1 14 9 2 5 2 0 0 0  aaa99996598aa8895897a787794a65783a5286a764634
131198 1 14 9 3 2 1 0 0 0  aaa99995498aa8895897a683797a77786a3685a662445
131200 1 14 9 3 2 2 0 0 0  aaa99994598aa8895897a685797a77786a5683a662443
131332 1 14 9 7 0 2 0 0 0  aaa99995798aa8894897a787696a53786a3685a744625
131350 1 14 9 7 3 2 0 0 0  aaa99995798aa8894897a787696a63786a3685a752445
131358 1 14 9 7 5 0 0 0 0  aaa99996798aa8894897a787595a63784a5586a763642
131363 1 14 9 7 5 2 1 0 0  aaa99996798aa8895897a787394a65783a5486a764652
131386 1 14 9 8 3 2 0 0 0  aaa99995498aa8893896a686797a77786a3685a752445
131394 1 14 9 8 5 0 0 0 0  aaa99996498aa8893895a583797a77784a4586a762656
131454 1 14 9 10 3 0 0 0 0  aaa99997498aa8893896a686595a73684a5587a672747
131854 1 14 10 10 3 2 0 0 0  aaa99995498aa8898898a744696a63687a3275a756775
131862 1 14 10 10 5 0 0 0 0  aaa99996598aa8898898a764594a65587a3276a764773
132038 1 14 11 4 4 1 0 0 0  aaa99995498aa8793898a888797a73567a6675a662445
132040 1 14 11 4 4 2 0 0 0  aaa99994598aa8795898a888797a75467a6674a665332
132434 1 14 12 4 4 1 0 0 0  aaa99995498aa8898898a783797a73567a6675a662445
132436 1 14 12 4 4 2 0 0 0  aaa99994598aa8898898a785797a75467a6674a665332
132866 1 14 13 5 4 1 0 0 0  aaa99997498aa8898898a777896a63567a3675a652445
133462 1 14 15 0 1 2 0 0 0  aaa99997798aa8894897a573897a67666a3856a582454
133498 1 14 15 1 1 2 0 0 0  aaa99995698aa8894897a773897a53776a6865a682445
133500 1 14 15 1 2 0 0 0 0  aaa99996598aa8894897a773897a55776a3865a484626
133508 1 14 15 1 3 1 0 0 0  aaa99995498aa8895897a773897a53776a6866a682445
133510 1 14 15 1 3 2 0 0 0  aaa99994598aa8895897a775897a35776a6866a682443
133514 1 14 15 1 4 1 0 0 0  aaa99995498aa8895897a773897a44776a6865a683625
133516 1 14 15 1 4 2 0 0 0  aaa99994598aa8895897a775897a35776a6863a684624
133520 1 14 15 1 5 1 0 0 0  aaa99995498aa8895897a773897a44776a3865a682665
133522 1 14 15 1 5 2 0 0 0  aaa99994598aa8895897a775897a35776a4863a682664
133538 1 14 15 2 2 1 0 0 0  aaa99996498aa8893897a773896a66755a7856a782454
133576 1 14 15 3 2 2 0 0 0  aaa99996498aa8893897a777896a66775a3856a582454
133612 1 14 15 4 2 2 0 0 0  aaa99996498aa8893897a773896a66775a7856a582454
133697 1 14 15 6 4 2 1 0 0  aaa99996698aa8895897a777894a65347a5836a784652
133704 1 14 15 7 0 0 0 0 0  aaa99997598aa8894897a773896a63765a6846a782545
133706 1 14 15 7 0 1 0 0 0  aaa99997598aa8895897a774896a63766a3856a782454
133716 1 14 15 7 2 0 0 0 0  aaa99997598aa8894897a773896a66745a5856a784632
133718 1 14 15 7 2 1 0 0 0  aaa99997598aa8894897a773896a66755a5846a783642
133724 1 14 15 7 3 1 0 0 0  aaa99997598aa8894897a773896a66765a3856a782454
133726 1 14 15 7 3 2 0 0 0  aaa99997598aa8895897a775896a66764a5836a782434
133728 1 14 15 7 4 0 0 0 0  aaa99997598aa8894897a773894a55766a3865a784662
133730 1 14 15 7 4 1 0 0 0  aaa99997598aa8894897a773895a55766a3864a782664
133784 1 14 15 9 1 1 0 0 0  aaa99994498aa8895892a757896a66667a4875a783735
133786 1 14 15 9 1 2 0 0 0  aaa99994598aa8895894a747896a66667a5873a785723
133794 1 14 15 9 3 0 0 0 0  aaa99996598aa8894895a747896a66567a5872a783734
133805 1 14 15 9 4 2 1 0 0  aaa99996698aa8895893a767894a65347a5876a784752
133830 1 14 15 10 3 0 0 0 0  aaa99996498aa8893896a766895a53647a4875a785772
133894 1 14 16 1 1 2 0 0 0  aaa99995698aa8894897a773897a53776a6865a644825
133898 1 14 16 1 2 1 0 0 0  aaa99995498aa8895897a773897a44776a3865a666825
133900 1 14 16 1 2 2 0 0 0  aaa99994598aa8895897a775897a35776a4863a666824
133904 1 14 16 1 3 1 0 0 0  aaa99996598aa8894897a773897a53776a2845a666845
133910 1 14 16 1 4 1 0 0 0  aaa99995498aa8895897a773897a53776a2866a644865
133912 1 14 16 1 4 2 0 0 0  aaa99994598aa8895897a775897a35776a2866a644863
133916 1 14 16 1 5 1 0 0 0  aaa99996598aa8894897a773897a63775a2856a464856
133918 1 14 16 1 5 2 0 0 0  aaa99996598aa8895897a775897a65774a4846a363826
133932 1 14 16 2 2 0 0 0 0  aaa99996498aa8893897a773896a66755a7856a745824
133938 1 14 16 2 3 0 0 0 0  aaa99996498aa8893897a773896a66765a7855a744825
134010 1 14 16 4 3 0 0 0 0  aaa99996498aa8893897a773896a66775a7855a644825
134040 1 14 16 5 2 0 0 0 0  aaa99996498aa8893897a767896a66755a3857a745824
134076 1 14 16 6 2 0 0 0 0  aaa99996498aa8893897a777896a66557a3856a745824
134081 1 14 16 6 2 2 1 0 0  aaa99996598aa8895897a777896a66347a5836a744852
134100 1 14 16 7 0 0 0 0 0  aaa99997598aa8894897a773896a63766a2845a755846
134106 1 14 16 7 1 0 0 0 0  aaa99997598aa8894897a773896a66766a3845a755842
134108 1 14 16 7 1 1 0 0 0  aaa99997598aa8894897a773896a66766a3845a752845
134126 1 14 16 7 4 1 0 0 0  aaa99997598aa8894897a773896a53766a2845a766845
134148 1 14 16 8 2 0 0 0 0  aaa99996498aa8893897a777896a66755a3856a745824
134186 1 14 16 9 2 1 0 0 0  aaa99995498aa8893896a663897a44776a2855a777865
134188 1 14 16 9 2 2 0 0 0  aaa99994598aa8895896a665897a35776a2844a777863
134296 1 14 17 1 2 2 0 0 0  aaa99995498aa8898897a773897a53776a2865a666445
134308 1 14 17 1 4 2 0 0 0  aaa99995498aa8898897a773897a53776a6865a644625
134314 1 14 17 1 5 2 0 0 0  aaa99995498aa8898897a773897a53776a2865a644665
134495 1 14 17 6 5 2 1 0 0  aaa99996598aa8898897a777894a65347a5836a764652
134498 1 14 17 7 0 1 0 0 0  aaa99997598aa8898897a774896a63766a3856a744552
134508 1 14 17 7 2 0 0 0 0  aaa99997498aa8898897a773896a66755a3856a745624
134584 1 14 17 9 2 2 0 0 0  aaa99995498aa8898896a663897a44776a3825a777565
134992 1 14 18 9 4 2 0 0 0  aaa99995498aa7697898a888897a53276a6765a744635
135088 1 14 19 1 2 2 0 0 0  aaa99995498aa8898897a773797a44786a3685a662565
135094 1 14 19 1 3 2 0 0 0  aaa99995498aa8898897a773797a53786a2686a656445
135100 1 14 19 1 4 2 0 0 0  aaa99995498aa8898897a773797a53786a2685a666445
135104 1 14 19 1 5 1 0 0 0  aaa99996598aa8898897a774797a63784a4586a565632
135142 1 14 19 2 5 2 0 0 0  aaa99996598aa8898897a775794a65783a5286a764634
135238 1 14 19 5 3 2 0 0 0  aaa99994498aa8898897a774696a63786a3785a256575
135246 1 14 19 5 5 0 0 0 0  aaa99996598aa8898897a774594a65785a3786a264673
135290 1 14 19 7 0 1 0 0 0  aaa99997598aa8898897a774696a53786a3685a744625
135292 1 14 19 7 0 2 0 0 0  aaa99997598aa8898897a775696a45786a5683a744623
135308 1 14 19 7 3 1 0 0 0  aaa99997598aa8898897a774696a63786a3685a752445
135310 1 14 19 7 3 2 0 0 0  aaa99997598aa8898897a775696a65786a5684a744332
135318 1 14 19 7 5 0 0 0 0  aaa99997498aa8898897a773595a63784a5586a762646
135346 1 14 19 8 3 2 0 0 0  aaa99995498aa8898897a777696a63786a3685a752445
135354 1 14 19 8 5 0 0 0 0  aaa99996498aa8898897a777595a63784a5586a763642
135359 1 14 19 8 5 2 1 0 0  aaa99996598aa8898897a777394a65783a5486a764652
135400 1 14 19 10 0 2 0 0 0  aaa99997598aa8898896a675694a75683a5287a674734
135414 1 14 19 10 3 0 0 0 0  aaa99997498aa8898896a676595a73684a5587a673742
135419 1 14 19 10 3 2 1 0 0  aaa99997598aa8898896a676394a75683a5487a674752
135427 1 14 19 10 5 0 1 0 0  aaa99997698aa8898895a576394a76583a6487a476752
135647 1 14 20 5 5 2 1 0 0  aaa99996598aa7797898a888397a65873a5476a464652
135719 1 14 20 7 5 2 1 0 0  aaa99995798aa7797898a888297a54867a4635a666534
135784 1 14 20 9 4 2 0 0 0  aaa99995498aa7697898a888697a53876a3765a744625
135808 1 14 20 10 2 2 0 0 0  aaa99996498aa7593898a888697a66875a3756a772454
136243 1 14 22 0 3 0 1 0 0  aaa99997792aa8797796a676598a54685a4835a888634
136493 1 14 22 7 2 2 1 0 0  aaa99995797aa8797796a656298a54687a4836a888534
136499 1 14 22 7 3 2 1 0 0  aaa99995797aa8797796a664398a54687a3825a888564
136505 1 14 22 7 4 2 1 0 0  aaa99995797aa8797796a666298a54687a4835a888534
136507 1 14 22 7 5 0 1 0 0  aaa99996797aa8797795a564398a64587a3826a888654
136509 1 14 22 7 5 1 1 0 0  aaa99996797aa8797795a565298a64587a4836a888634
136510 1 14 22 7 5 2 0 0 0  aaa99996797aa8797794a365498a65487a5836a888652
136511 1 14 22 7 5 2 1 0 0  aaa99996797aa8797794a365298a65487a5846a888635
136528 1 14 22 8 2 2 0 0 0  aaa99996497aa8593797a773698a66785a2856a888454
136800 1 15 0 5 0 0 0 0 0  aaa99988598aa7893798a987897a73676a2655a446654
136836 1 15 0 6 0 0 0 0 0  aaa99988598aa7893798a983897a77676a2655a446654
136880 1 15 0 7 1 1 0 0 0  aaa99988498aa7893798a987897a73665a6567a545624
136886 1 15 0 7 2 1 0 0 0  aaa99988598aa7894798a987897a73666a3257a566454
136888 1 15 0 7 2 2 0 0 0  aaa99988598aa7895798a987897a75666a5447a366432
136916 1 15 0 8 1 1 0 0 0  aaa99988498aa7893798a983897a77665a6567a545624
136922 1 15 0 8 2 1 0 0 0  aaa99988598aa7894798a983897a77666a3257a566454
136924 1 15 0 8 2 2 0 0 0  aaa99988598aa7895798a985897a77666a5447a366432
136973 1 15 0 9 4 2 1 0 0  aaa99988598aa7897298a985897a65376a3764a745664
136978 1 15 0 9 5 2 0 0 0  aaa99988598aa7897298a985897a65374a5736a764646
136979 1 15 0 9 5 2 1 0 0  aaa99988598aa7897298a985897a65474a4736a765636
136988 1 15 0 10 1 1 0 0 0  aaa99988598aa7894698a983897a66675a3756a772454
136990 1 15 0 10 1 2 0 0 0  aaa99988598aa7895698a985897a66674a5736a772434
137011 1 15 0 10 5 0 1 0 0  aaa99988698aa7896298a986897a56575a6745a773443
137013 1 15 0 10 5 1 1 0 0  aaa99988698aa7896298a986897a56574a6755a773443
137015 1 15 0 10 5 2 1 0 0  aaa99988698aa7896298a986897a46375a3754a776554
137268 1 15 1 7 0 0 0 0 0  aaa99988898aa7895898a974797a73766a3656a545264
137821 1 15 3 0 2 0 1 0 0  aaa99988898aa7897297a987897a74665a6566a354534
138164 1 15 3 9 5 1 0 0 0  aaa99988898aa6895797a984896a44765a3777a663552
138170 1 15 3 10 0 1 0 0 0  aaa99988898aa7895696a984897a63675a3754a772654
138174 1 15 3 10 1 0 0 0 0  aaa99988898aa7895696a986897a64574a5753a772643
138194 1 15 3 10 4 1 0 0 0  aaa99988898aa7895696a984897a44675a3766a773552
138206 1 15 4 0 0 1 0 0 0  aaa99988898aa8894797a983796a63567a6756a572454
138208 1 15 4 0 0 2 0 0 0  aaa99988898aa8895797a985796a65467a6746a475332
138224 1 15 4 0 3 1 0 0 0  aaa99988898aa8894797a983796a66567a3756a572454
138318 1 15 4 3 1 0 0 0 0  aaa99988898aa8895797a983797a73666a2476a455546
138320 1 15 4 3 1 1 0 0 0  aaa99988898aa8894797a983797a73666a2576a455546
138330 1 15 4 3 3 0 0 0 0  aaa99988898aa8895797a984797a73666a3576a546254
138492 1 15 4 8 0 0 0 0 0  aaa99988898aa8895797a983797a73667a2565a465464
138605 1 15 5 0 0 2 1 0 0  aaa99988898aa7897297a987797a66658a3546a556443
138631 1 15 5 0 5 0 1 0 0  aaa99988898aa7897297a987797a55468a5644a666533
138718 1 15 5 3 1 2 0 0 0  aaa99988898aa5894797a983797a73668a6576a545624
138734 1 15 5 3 4 1 0 0 0  aaa99988898aa6896797a984797a73568a3675a652445
138740 1 15 5 3 5 1 0 0 0  aaa99988898aa6895797a984797a73468a4675a663525
138853 1 15 5 7 0 0 1 0 0  aaa99988898aa5897797a987796a63568a6756a543424
138918 1 15 5 8 5 0 0 0 0  aaa99988898aa6895797a984797a73568a7654a663254
138962 1 15 5 10 0 1 0 0 0  aaa99988898aa7894696a983697a53578a6765a772445
138964 1 15 5 10 0 2 0 0 0  aaa99988898aa7895696a985697a45478a6764a775332
140310 1 15 9 3 3 0 0 0 0  aaa99988897aa8897796a983797a58666a3545a562474
140962 1 15 10 10 3 2 0 0 0  aaa99975498aa8898898a944696a63687a3275a756775
140970 1 15 10 10 5 0 0 0 0  aaa99976598aa8898898a964594a65587a3276a764773
141206 1 15 11 6 2 1 0 0 0  aaa99985498aa6895897a953898a83777a7627a644665
141208 1 15 11 6 2 2 0 0 0  aaa99984598aa6895897a935898a85777a7627a644663
141974 1 15 13 5 4 1 0 0 0  aaa99977798aa8898898a974896a63567a3675a652445
142194 1 15 14 0 5 0 0 0 0  aaa99977598aa8898895a977896a84767a3654a663254
142931 1 15 15 10 1 2 1 0 0  aaa99988892aa7895696a986497a85478a4763a775653
142954 1 15 15 10 5 2 0 0 0  aaa99988893aa7896395a986297a86578a6755a774464
143347 1 15 16 10 5 0 1 0 0  aaa99988895aa7896595a986297a48578a6734a776364
143363 1 15 17 0 1 2 1 0 0  aaa99977498aa8898892a977896a66737a4865a653545
143435 1 15 17 2 1 2 1 0 0  aaa99977798aa8898892a974896a66737a4865a653545
143531 1 15 17 4 5 2 1 0 0  aaa99977798aa8898893a965894a65777a5836a464652
143650 1 15 17 8 1 2 0 0 0  aaa99966498aa8898897a963897a53777a7865a652445
143778 1 15 18 0 5 0 0 0 0  aaa99977598aa6898895a977898a84767a3654a663254
143858 1 15 18 3 0 1 0 0 0  aaa99966498aa5898897a973898a83777a7665a552446
144590 1 15 20 1 2 1 0 0 0  aaa99977798aa6895898a954898a83767a3765a644625
144592 1 15 20 1 2 2 0 0 0  aaa99977798aa6895898a945898a85767a5763a644623
144598 1 15 20 1 3 2 0 0 0  aaa99977798aa6896898a954898a83767a3765a652445
144730 1 15 20 5 1 2 0 0 0  aaa99977798aa5894898a973898a83667a6576a545624
144746 1 15 20 5 4 1 0 0 0  aaa99977798aa6896898a974898a83567a3675a652445
144752 1 15 20 5 5 1 0 0 0  aaa99977798aa6895898a974898a83467a4675a663525
144758 1 15 20 6 0 1 0 0 0  aaa99966598aa7894898a963898a83777a7664a572554
144966 1 15 21 0 5 0 0 0 0  aaa99977598aa6894895a977898a88767a3654a663254
145085 1 15 21 4 0 2 1 0 0  aaa99977798aa6896892a956898a88777a4665a354534
145766 1 16 0 1 0 1 0 0 0  aaa99988598aa7877698a684978a63776a3596a545924
145768 1 16 0 1 0 2 0 0 0  aaa99988598aa7877698a685978a65776a5496a433942
145772 1 16 0 1 1 1 0 0 0  aaa99988498aa7877698a686978a63774a4596a553952
145799 1 16 0 1 5 2 1 0 0  aaa99988698aa7877298a586978a46775a6394a536954
145800 1 16 0 2 0 0 0 0 0  aaa99988598aa7877698a684968a73776a3695a455942
145802 1 16 0 2 0 1 0 0 0  aaa99988598aa7877698a684968a73776a3694a555924
145838 1 16 0 3 0 1 0 0 0  aaa99988498aa6863798a783978a77567a6596a545924
145840 1 16 0 3 0 2 0 0 0  aaa99988598aa6865798a785978a77467a6496a435923
145856 1 16 0 3 3 1 0 0 0  aaa99988498aa6866798a783978a77567a3596a545924
145862 1 16 0 3 4 1 0 0 0  aaa99988598aa6864798a783978a77467a4695a653925
145868 1 16 0 3 5 1 0 0 0  aaa99988598aa6854798a783978a77467a4695a663925
145874 1 16 0 4 0 1 0 0 0  aaa99988598aa7877698a684968a44777a3596a655932
145946 1 16 0 6 0 1 0 0 0  aaa99988598aa6864798a484978a77766a3796a555932
146018 1 16 0 8 0 1 0 0 0  aaa99988598aa6864798a783978a77766a3596a545924
146020 1 16 0 8 0 2 0 0 0  aaa99988598aa6865798a785978a77766a5496a433942
146036 1 16 0 8 3 1 0 0 0  aaa99988498aa6866798a783978a77764a4596a553952
146056 1 16 0 9 0 2 0 0 0  aaa99988598aa7837698a685968a35476a4796a775942
146132 1 16 1 0 1 1 0 0 0  aaa99988898aa7875898a774977a63666a3596a545924
146134 1 16 1 0 1 2 0 0 0  aaa99988898aa7875898a775977a65666a5496a433942
146204 1 16 1 2 1 1 0 0 0  aaa99988898aa7877898a474977a64666a3596a553952
146450 1 16 1 9 0 1 0 0 0  aaa99988898aa7875898a664947a64676a3795a753925
146465 1 16 1 9 2 2 1 0 0  aaa99988898aa7875898a666927a65474a4796a735953
146474 1 16 1 9 4 1 0 0 0  aaa99988898aa7875898a664947a64575a5796a763932
146502 1 16 1 10 3 0 0 0 0  aaa99988898aa7865898a666957a45576a4792a773934
146528 1 16 2 0 1 1 0 0 0  aaa99988898aa7874897a474987a67666a3596a553952
146731 1 16 2 5 5 0 1 0 0  aaa99988898aa7877895a576987a46572a6394a536964
146960 1 16 3 1 1 1 0 0 0  aaa99988898aa7877797a484987a64666a3596a553952
147023 1 16 3 2 5 2 1 0 0  aaa99988898aa7877793a485987a25364a5697a666945
147061 1 16 3 4 0 0 1 0 0  aaa99988898aa7877696a385986a55777a4296a654934
147116 1 16 3 5 3 1 0 0 0  aaa99988898aa7877696a684987a63674a4597a553952
147130 1 16 3 5 5 2 0 0 0  aaa99988898aa7877494a586987a46375a6397a526956
147131 1 16 3 5 5 2 1 0 0  aaa99988898aa7877394a586987a36475a6497a526956
147134 1 16 3 6 0 1 0 0 0  aaa99988898aa6864797a787987a73566a3596a545924
147246 1 16 3 9 1 0 0 0 0  aaa99988898aa7875696a684987a63574a5795a763942
147248 1 16 3 9 1 1 0 0 0  aaa99988898aa7875696a684987a63575a5794a763924
147282 1 16 3 10 1 0 0 0 0  aaa99988898aa7865696a684987a63574a5795a773942
147284 1 16 3 10 1 1 0 0 0  aaa99988898aa7865696a684987a63575a5794a773924
147347 1 16 4 0 5 2 1 0 0  aaa99988898aa8877294a787976a75463a5694a665935
147505 1 16 4 5 2 0 1 0 0  aaa99988898aa8855797a785927a74766a6695a364934
147517 1 16 4 5 4 0 1 0 0  aaa99988898aa8855797a785927a74763a6695a664934
147523 1 16 4 5 5 0 1 0 0  aaa99988898aa8855797a785927a74763a4695a666934
147533 1 16 4 6 0 2 1 0 0  aaa99988898aa8866797a787927a76653a4596a554934
147593 1 16 4 7 4 2 1 0 0  aaa99988898aa8854797a784937a53762a6695a664975
147641 1 16 4 9 0 2 1 0 0  aaa99988898aa8866792a786977a77653a4596a554934
147691 1 16 4 10 3 0 1 0 0  aaa99988898aa8855696a685927a64673a4795a777934
147743 1 16 5 0 5 2 1 0 0  aaa99988897aa8875793a847936a85762a5697a646954
147749 1 16 5 1 0 2 1 0 0  aaa99988897aa8877797a866925a86753a4696a554934
147768 1 16 5 1 4 0 0 0 0  aaa99988897aa8877797a855926a86764a5695a634943
147769 1 16 5 1 4 0 1 0 0  aaa99988897aa8877797a855936a86762a5693a654944
147771 1 16 5 1 4 1 1 0 0  aaa99988897aa8877797a855926a86763a4695a654934
147775 1 16 5 1 5 0 1 0 0  aaa99988897aa8877797a855926a85763a4695a664934
147785 1 16 5 2 0 2 1 0 0  aaa99988897aa8877797a866925a86653a4596a574934
147854 1 16 5 4 0 1 0 0 0  aaa99988897aa8877697a864976a83764a4596a553952
147929 1 16 5 6 0 2 1 0 0  aaa99988897aa8866797a877927a86653a4596a554934
148001 1 16 5 8 0 2 1 0 0  aaa99988897aa8866797a877925a86753a4696a554934
148020 1 16 5 8 4 0 0 0 0  aaa99988897aa8855797a877926a86764a5695a634943
148021 1 16 5 8 4 0 1 0 0  aaa99988897aa8855797a877936a86762a5693a654944
148023 1 16 5 8 4 1 1 0 0  aaa99988897aa8855797a877926a86763a4695a654934
148027 1 16 5 8 5 0 1 0 0  aaa99988897aa8855797a877926a85763a4695a664934
148211 1 16 6 2 5 2 1 0 0  aaa99988898aa7877798a485937a35264a5697a666945
148214 1 16 6 3 0 1 0 0 0  aaa99988898aa6864798a783977a73567a6596a545924
148216 1 16 6 3 0 2 0 0 0  aaa99988898aa6865798a785977a75467a6496a435923
148232 1 16 6 3 3 1 0 0 0  aaa99988898aa6866798a784977a73567a3596a545924
148238 1 16 6 3 4 1 0 0 0  aaa99988898aa6865798a784977a73467a4695a653925
148244 1 16 6 3 5 1 0 0 0  aaa99988898aa6854798a785977a73467a4695a663925
148256 1 16 6 4 1 1 0 0 0  aaa99988898aa7877798a484977a64666a3596a553952
148285 1 16 6 5 0 0 1 0 0  aaa99988898aa7877698a685967a55276a4697a354934
148318 1 16 6 5 5 2 0 0 0  aaa99988898aa7877498a586947a26475a6397a536956
148319 1 16 6 5 5 2 1 0 0  aaa99988898aa7877498a586947a46375a6397a526956
148322 1 16 6 6 0 1 0 0 0  aaa99988898aa6864798a787977a73566a3596a545924
148394 1 16 6 8 0 1 0 0 0  aaa99988898aa6865798a784977a73766a3596a545924
148396 1 16 6 8 0 2 0 0 0  aaa99988898aa6865798a785977a75766a5496a433942
148412 1 16 6 8 3 1 0 0 0  aaa99988898aa6866798a784977a73764a4596a553952
148430 1 16 6 9 0 1 0 0 0  aaa99988898aa6864798a783977a77566a3596a545924
148469 1 16 6 10 0 2 1 0 0  aaa99988898aa7866298a486967a65374a5793a775945
148530 1 16 7 0 5 0 0 0 0  aaa99977598aa8884898a747976a73865a5692a566934
148538 1 16 7 1 0 1 0 0 0  aaa99977798aa8885898a664947a64877a3695a653925
148550 1 16 7 1 2 1 0 0 0  aaa99977798aa8884898a666957a63877a3596a545924
148579 1 16 7 2 1 0 1 0 0  aaa99977798aa8885898a374962a66877a4695a655934
148591 1 16 7 2 3 0 1 0 0  aaa99977798aa8885898a374966a56877a4296a655934
148661 1 16 7 4 2 2 1 0 0  aaa99977798aa8885898a666927a65873a5496a744935
148671 1 16 7 4 4 1 1 0 0  aaa99977798aa8885898a665957a65873a4296a764934
148690 1 16 7 5 1 2 0 0 0  aaa99977798aa8884898a763966a76857a3596a545924
148706 1 16 7 5 4 1 0 0 0  aaa99977798aa8884898a753956a76867a3695a644925
148708 1 16 7 5 4 2 0 0 0  aaa99977798aa8885898a745946a76867a5694a635923
148712 1 16 7 5 5 1 0 0 0  aaa99977798aa8885898a754946a74867a3695a663925
148717 1 16 7 6 0 0 1 0 0  aaa99966598aa8884898a656977a77873a4296a755934
148722 1 16 7 6 1 0 0 0 0  aaa99966698aa8884898a553977a77875a3696a744925
148735 1 16 7 6 3 0 1 0 0  aaa99966698aa8885898a655977a77873a4296a754934
148757 1 16 7 7 0 2 1 0 0  aaa99977798aa8887898a766925a76853a4696a554934
148776 1 16 7 7 4 0 0 0 0  aaa99977798aa8887898a755926a76864a5695a634943
148777 1 16 7 7 4 0 1 0 0  aaa99977798aa8887898a755936a76862a5693a654944
148779 1 16 7 7 4 1 1 0 0  aaa99977798aa8887898a755926a76863a4695a654934
148783 1 16 7 7 5 0 1 0 0  aaa99977798aa8887898a755926a75863a4695a664934
148808 1 16 7 8 3 1 0 0 0  aaa99967498aa8883898a666977a77874a4596a553952
148812 1 16 7 8 4 0 0 0 0  aaa99967498aa8883898a553977a77874a4695a666952
148830 1 16 7 9 1 0 0 0 0  aaa99966698aa8884898a553967a67874a4795a773952
148838 1 16 7 9 2 1 0 0 0  aaa99966698aa8885898a644927a57876a4795a773935
148840 1 16 7 9 2 2 0 0 0  aaa99966698aa8885898a645947a47876a5793a775923
148843 1 16 7 9 3 0 1 0 0  aaa99966698aa8885898a655927a67873a4795a774934
148850 1 16 7 9 4 1 0 0 0  aaa99966598aa8884898a644927a57876a3795a773965
148852 1 16 7 9 4 2 0 0 0  aaa99966598aa8885898a645947a47876a5793a772963
148856 1 16 7 9 5 1 0 0 0  aaa99956498aa8885898a563927a67874a4796a773956
148858 1 16 7 9 5 2 0 0 0  aaa99946598aa8885898a365927a67873a5796a774946
148866 1 16 7 10 1 0 0 0 0  aaa99966698aa8884898a553967a63874a4795a777952
148879 1 16 7 10 3 0 1 0 0  aaa99966698aa8885898a655927a64873a4795a777934
148904 1 16 8 0 1 1 0 0 0  aaa99988897aa8874795a783966a86766a3597a545924
148913 1 16 8 0 2 2 1 0 0  aaa99988897aa8875792a785966a86763a5497a644935
148916 1 16 8 0 3 1 0 0 0  aaa99988897aa8874796a783966a86764a4597a553952
148922 1 16 8 0 4 1 0 0 0  aaa99988897aa8875795a785926a86764a5697a634943
148923 1 16 8 0 4 1 1 0 0  aaa99988897aa8875793a785936a86765a5697a624944
148925 1 16 8 0 4 2 1 0 0  aaa99988897aa8875793a785936a86764a5697a465942
148929 1 16 8 0 5 1 1 0 0  aaa99988897aa8875795a785926a85763a4697a664934
149117 1 16 8 6 0 2 1 0 0  aaa99988897aa8866797a787927a86653a4596a554934
149152 1 16 8 7 0 2 0 0 0  aaa99988897aa8877796a684966a83256a7597a545934
149178 1 16 8 7 5 0 0 0 0  aaa99988897aa8877795a584946a84562a7697a663953
149189 1 16 8 8 0 2 1 0 0  aaa99988897aa8866797a787925a86753a4696a554934
149208 1 16 8 8 4 0 0 0 0  aaa99988897aa8855797a787926a86764a5695a634943
149209 1 16 8 8 4 0 1 0 0  aaa99988897aa8855797a787936a86762a5693a654944
149211 1 16 8 8 4 1 1 0 0  aaa99988897aa8855797a787926a86763a4695a654934
149215 1 16 8 8 5 0 1 0 0  aaa99988897aa8855797a787926a85763a4695a664934
149291 1 16 8 10 5 2 1 0 0  aaa99988893aa8836295a486957a86574a6795a777946
149309 1 16 9 0 2 2 1 0 0  aaa99988897aa8875792a785966a68763a5497a644935
149312 1 16 9 0 3 1 0 0 0  aaa99988897aa8874796a783966a68764a4597a553952
149318 1 16 9 0 4 1 0 0 0  aaa99988897aa8875795a785926a68764a5697a634943
149319 1 16 9 0 4 1 1 0 0  aaa99988897aa8875793a785936a68765a5697a624944
149321 1 16 9 0 4 2 1 0 0  aaa99988897aa8875793a785936a68764a5697a426945
149327 1 16 9 0 5 2 1 0 0  aaa99988897aa8875793a785936a48762a5697a646954
149332 1 16 9 1 0 2 0 0 0  aaa99988897aa8877797a686945a48766a3592a545936
149473 1 16 9 5 0 0 1 0 0  aaa99988897aa8877796a684975a58653a6295a674934
149491 1 16 9 5 3 0 1 0 0  aaa99988897aa8877796a686975a58653a4295a674934
149604 1 16 9 8 4 0 0 0 0  aaa99988897aa8855797a787926a68764a5695a634943
149605 1 16 9 8 4 0 1 0 0  aaa99988897aa8855797a787936a68762a5693a654944
149607 1 16 9 8 4 1 1 0 0  aaa99988897aa8855797a787926a68763a4695a654934
149613 1 16 9 8 5 1 1 0 0  aaa99988897aa8855797a787926a58763a4695a664934
149726 1 16 10 1 0 1 0 0 0  aaa99977798aa8885898a664975a63787a3694a655924
149740 1 16 10 1 2 2 0 0 0  aaa99977798aa8884898a666975a63787a3596a545924
149767 1 16 10 2 1 0 1 0 0  aaa99977798aa8885898a374962a66787a4695a655934
149779 1 16 10 2 3 0 1 0 0  aaa99977798aa8885898a374966a56787a4296a655934
149834 1 16 10 4 0 1 0 0 0  aaa99977798aa8885898a664947a64686a3795a753925
149849 1 16 10 4 2 2 1 0 0  aaa99977798aa8885898a666927a65484a4796a735953
149858 1 16 10 4 4 1 0 0 0  aaa99977798aa8885898a664947a64585a5796a763932
149876 1 16 10 5 1 1 0 0 0  aaa99977798aa8884898a763966a76587a3596a545924
149943 1 16 10 7 0 1 1 0 0  aaa99977798aa8887898a766955a76683a4296a554934
149945 1 16 10 7 0 2 1 0 0  aaa99977798aa8887898a766925a76683a4596a554934
149977 1 16 10 8 0 0 1 0 0  aaa99966598aa8884898a656977a77783a4296a755934
149982 1 16 10 8 1 0 0 0 0  aaa99966698aa8884898a553977a77785a3696a744925
149995 1 16 10 8 3 0 1 0 0  aaa99966698aa8885898a655977a77783a4296a754934
150000 0 16 10 8 4 0 0 0 0  aaa99966598aa8883898a655977a77786a3495a742964
150018 1 16 10 9 1 0 0 0 0  aaa99966698aa8884898a553967a63784a4795a777952
150031 1 16 10 9 3 0 1 0 0  aaa99966698aa8885898a655927a64783a4795a777934
150078 1 16 10 10 5 0 0 0 0  aaa99967598aa8884898a673954a75586a3297a674967
150094 1 16 11 0 1 2 0 0 0  aaa99977498aa8888898a767975a73666a3596a545924
150340 1 16 11 7 0 2 0 0 0  aaa99977798aa8888898a766925a76654a7596a534943
150341 1 16 11 7 0 2 1 0 0  aaa99977798aa8888898a766925a76654a7596a453943
150482 1 16 12 0 0 1 0 0 0  aaa99977598aa8884898a668947a74767a3596a655932
150492 1 16 12 0 2 0 0 0 0  aaa99977598aa8884898a458967a73767a3696a655942
150494 1 16 12 0 2 1 0 0 0  aaa99977598aa8884898a458967a73767a3696a652945
150542 1 16 12 1 4 1 0 0 0  aaa99977798aa8884898a558976a63767a3695a644925
150548 1 16 12 1 5 1 0 0 0  aaa99977798aa8884898a558976a44767a3695a663925
150638 1 16 12 4 2 1 0 0 0  aaa99977798aa8884898a458966a63777a3595a626945
150812 1 16 12 9 1 1 0 0 0  aaa99966698aa8884898a458957a57676a3792a773945
150884 1 16 13 0 1 1 0 0 0  aaa99977598aa8884897a768987a73666a3596a545924
150886 1 16 13 0 1 2 0 0 0  aaa99977598aa8885897a768987a75666a5496a433942
150894 1 16 13 0 3 0 0 0 0  aaa99977598aa8884897a748987a73666a3596a526954
150958 1 16 13 2 1 2 0 0 0  aaa99977798aa8884897a768985a73666a3596a545924
151086 1 16 13 5 5 0 0 0 0  aaa99977798aa8885895a748986a74567a5692a663934
151093 1 16 13 6 0 0 1 0 0  aaa99966598aa8884897a368986a55777a7297a654934
151280 1 16 14 0 1 1 0 0 0  aaa99977598aa8884897a763987a78666a3596a545924
151282 1 16 14 0 1 2 0 0 0  aaa99977598aa8885897a765987a78666a5496a433942
151354 1 16 14 2 1 2 0 0 0  aaa99977798aa8884897a763985a78666a3596a545924
151482 1 16 14 5 5 0 0 0 0  aaa99977798aa8885895a745986a78567a4692a663934
151679 1 16 15 0 1 2 1 0 0  aaa99988897aa7865797a835966a86277a5498a464953
151692 1 16 15 0 4 0 0 0 0  aaa99988897aa7855797a853946a86477a4698a665932
151694 1 16 15 0 4 1 0 0 0  aaa99988897aa7853797a853946a86477a4698a665925
151707 1 16 15 1 0 1 1 0 0  aaa99988897aa7876797a866926a84755a5598a364934
151709 1 16 15 1 0 2 1 0 0  aaa99988897aa7876797a866926a84753a4598a565934
151717 1 16 15 1 2 0 1 0 0  aaa99988897aa7875797a855966a86763a4298a654934
151729 1 16 15 1 4 0 1 0 0  aaa99988897aa7875797a855926a86763a4698a654934
151737 1 16 15 1 5 1 1 0 0  aaa99988897aa7875797a855926a85763a4698a664934
151739 1 16 15 1 5 2 1 0 0  aaa99988897aa7875797a845926a85763a5698a646934
151757 1 16 15 2 2 2 1 0 0  aaa99988897aa7875797a835966a86474a4298a665953
151759 1 16 15 2 3 0 1 0 0  aaa99988897aa7875797a855966a86673a4298a654934
151769 1 16 15 2 4 2 1 0 0  aaa99988897aa7875797a835926a86474a4698a665953
151775 1 16 15 2 5 2 1 0 0  aaa99988897aa7875797a835926a85474a4698a666953
151777 1 16 15 3 0 0 1 0 0  aaa99988897aa7877797a866955a86563a4298a564934
151811 1 16 15 3 5 2 1 0 0  aaa99988897aa7877797a835926a85464a4698a665953
151847 1 16 15 4 5 2 1 0 0  aaa99988897aa7875797a837926a85464a4698a665953
151850 1 16 15 5 0 1 0 0 0  aaa99988897aa7875796a864975a83676a3598a465942
151852 1 16 15 5 0 2 0 0 0  aaa99988897aa7875796a865974a85676a5398a463942
151858 1 16 15 5 1 2 0 0 0  aaa99988897aa7874796a866975a83676a3598a545924
151877 1 16 15 5 4 2 1 0 0  aaa99988897aa7875793a835976a86474a4698a665952
151883 1 16 15 5 5 2 1 0 0  aaa99988897aa7875793a835976a85474a4698a666952
151888 1 16 15 6 0 2 0 0 0  aaa99988897aa7877796a864975a83656a3598a465942
151919 1 16 15 6 5 2 1 0 0  aaa99988897aa7877793a835976a85464a4698a665952
152027 1 16 15 9 5 2 1 0 0  aaa99988897aa6875793a835977a87464a4698a665952
152033 1 16 15 10 0 2 1 0 0  aaa99988896aa7865696a825937a83474a4798a775956
152039 1 16 15 10 1 2 1 0 0  aaa99988896aa7866696a835927a85474a4798a775953
152045 1 16 15 10 2 2 1 0 0  aaa99988896aa7866693a835967a85474a4798a775952
152051 1 16 15 10 3 2 1 0 0  aaa99988896aa7866393a865967a85474a4798a775952
152057 1 16 15 10 4 2 1 0 0  aaa99988896aa7835696a866927a85474a4798a775953
152061 1 16 15 10 5 1 1 0 0  aaa99988895aa7846592a846957a86573a6798a776934
152062 1 16 15 10 5 2 0 0 0  aaa99988895aa7836594a846957a85472a6798a776963
152063 1 16 15 10 5 2 1 0 0  aaa99988895aa7846592a846957a85373a6798a776964
152124 1 16 16 1 4 0 0 0 0  aaa99988897aa7875797a855926a86764a8695a634943
152125 1 16 16 1 4 0 1 0 0  aaa99988897aa7875797a855936a86762a8693a654944
152127 1 16 16 1 4 1 1 0 0  aaa99988897aa7874797a855926a86763a8695a654934
152131 1 16 16 1 5 0 1 0 0  aaa99988897aa7875797a855926a84763a8695a664934
152176 1 16 16 3 0 2 0 0 0  aaa99988897aa7877797a866925a86654a8596a534943
152177 1 16 16 3 0 2 1 0 0  aaa99988897aa7877797a866925a86654a8596a453943
152371 1 16 16 8 3 0 1 0 0  aaa99988897aa7877796a866965a85374a8593a462945
152462 1 16 17 0 0 1 0 0 0  aaa99977698aa8884897a766987a73684a4596a553952
152474 1 16 17 0 2 1 0 0 0  aaa99977598aa8884897a744987a73686a6696a555932
152480 1 16 17 0 3 1 0 0 0  aaa99977598aa8884897a744987a73686a6596a655932
152568 1 16 17 3 0 0 0 0 0  aaa99966598aa8884897a777987a63686a3795a455942
152570 1 16 17 3 0 1 0 0 0  aaa99966598aa8884897a777987a63686a3794a555924
152670 1 16 17 5 5 0 0 0 0  aaa99977798aa8885895a745986a74587a3692a666934
152864 1 16 18 0 1 1 0 0 0  aaa99977598aa8888897a764987a73666a3596a545924
152866 1 16 18 0 1 2 0 0 0  aaa99977598aa8888897a765987a75666a5496a433942
152938 1 16 18 2 1 2 0 0 0  aaa99977798aa8888897a764985a73666a3596a545924
153066 1 16 18 5 5 0 0 0 0  aaa99977798aa8888895a745986a75567a4692a663934
153308 1 16 19 1 3 1 0 0 0  aaa99985498aa8883897a773977a44686a6596a657925
153310 1 16 19 1 3 2 0 0 0  aaa99984598aa8885897a775977a35686a6496a647923
153312 1 16 19 1 4 0 0 0 0  aaa99986698aa8885897a774977a63584a5596a267943
153318 1 16 19 1 5 0 0 0 0  aaa99986598aa8884897a773977a63584a5596a267946
153338 1 16 19 2 2 1 0 0 0  aaa99985498aa8885897a773977a44687a3696a656925
153340 1 16 19 2 2 2 0 0 0  aaa99984598aa8885897a775977a35687a4696a636924
153344 1 16 19 2 3 1 0 0 0  aaa99985498aa8885897a773977a53687a6696a644925
153346 1 16 19 2 3 2 0 0 0  aaa99984598aa8885897a775977a35687a6696a644923
153350 1 16 19 2 4 1 0 0 0  aaa99985498aa8885897a773977a44687a3695a666925
153352 1 16 19 2 4 2 0 0 0  aaa99984598aa8885897a775977a35687a4693a666924
153356 1 16 19 2 5 1 0 0 0  aaa99986598aa8884897a773977a63487a4596a565926
153504 1 16 19 7 0 0 0 0 0  aaa99987598aa8884897a773976a63687a2695a455946
153506 1 16 19 7 0 1 0 0 0  aaa99987598aa8885897a774976a63687a3692a455946
153510 1 16 19 7 1 0 0 0 0  aaa99987598aa8884897a773976a66687a3695a455942
153512 1 16 19 7 1 1 0 0 0  aaa99987598aa8884897a773976a66687a3694a555924
153518 1 16 19 7 2 1 0 0 0  aaa99987598aa8884897a773976a66487a4695a653925
153524 1 16 19 7 3 1 0 0 0  aaa99987598aa8884897a773976a66487a4596a655932
153530 1 16 19 7 4 1 0 0 0  aaa99987598aa8884897a773976a56487a4695a663925
153536 1 16 19 7 5 1 0 0 0  aaa99987598aa8884897a773976a53487a4695a666925
153584 1 16 19 9 1 1 0 0 0  aaa99985498aa8885897a753976a66786a3797a644925
153586 1 16 19 9 1 2 0 0 0  aaa99984598aa8885897a735976a66786a5797a644923
153590 1 16 19 9 2 1 0 0 0  aaa99986598aa8884897a763976a66784a4797a555932
153602 1 16 19 9 4 1 0 0 0  aaa99985498aa8885897a753976a44786a3797a666925
153604 1 16 19 9 4 2 0 0 0  aaa99984598aa8885897a735976a35786a4797a666924
153608 1 16 19 9 5 1 0 0 0  aaa99986598aa8884897a763975a63784a4797a565926
153614 1 16 19 10 0 1 0 0 0  aaa99987598aa8884896a673966a73486a4597a575927
153638 1 16 19 10 4 1 0 0 0  aaa99987598aa8884896a673965a73684a4697a575927
153655 1 16 20 0 1 0 1 0 0  aaa99977598aa8888897a755927a74686a6695a364934
153723 1 16 20 2 0 1 1 0 0  aaa99977798aa8888897a766955a76683a4296a554934
153725 1 16 20 2 0 2 1 0 0  aaa99977798aa8888897a766925a76683a4596a554934
153919 1 16 20 7 3 0 1 0 0  aaa99977798aa8888896a766965a75384a7593a462945
154052 1 16 21 0 1 1 0 0 0  aaa99977598aa7874897a763988a88666a3596a545924
154054 1 16 21 0 1 2 0 0 0  aaa99977598aa7875897a765988a88666a5496a433942
154126 1 16 21 2 1 2 0 0 0  aaa99977798aa5874897a763988a88666a3596a545924
154254 1 16 21 5 5 0 0 0 0  aaa99977798aa6875895a745988a88567a4692a663934
154531 1 16 22 2 3 0 1 0 0  aaa99977797aa8755696a675928a64683a4895a888934
155312 1 17 1 2 1 1 0 0 0  aaa99996598aa8894998a783877a73875a2676a646554
155318 1 17 1 2 2 1 0 0 0  aaa99994498aa8895998a784877a73876a3675a662565
155320 1 17 1 2 2 2 0 0 0  aaa99994598aa8895998a785877a75876a4673a662364
155324 1 17 1 2 3 1 0 0 0  aaa99995498aa8895998a783877a73876a2676a656445
155326 1 17 1 2 3 2 0 0 0  aaa99994598aa8895998a785877a75876a2676a636443
155330 1 17 1 2 4 1 0 0 0  aaa99995498aa8895998a783877a73876a2675a666445
155332 1 17 1 2 4 2 0 0 0  aaa99994598aa8895998a785877a75876a2673a666443
155336 1 17 1 2 5 1 0 0 0  aaa99996598aa8894998a783877a73874a4576a565626
155386 1 17 1 4 1 2 0 0 0  aaa99995698aa8894998a783877a73867a6675a652445
155390 1 17 1 4 2 1 0 0 0  aaa99995498aa8895998a783877a73867a2675a644665
155392 1 17 1 4 2 2 0 0 0  aaa99994598aa8895998a785877a75867a2673a644663
155396 1 17 1 4 3 1 0 0 0  aaa99995498aa8895998a783877a73867a6676a652445
155398 1 17 1 4 3 2 0 0 0  aaa99994598aa8895998a785877a75867a6676a644332
155402 1 17 1 4 4 1 0 0 0  aaa99995498aa8895998a783877a73867a6675a662445
155404 1 17 1 4 4 2 0 0 0  aaa99994598aa8895998a785877a75867a6673a662443
155408 1 17 1 4 5 1 0 0 0  aaa99995498aa8895998a783877a73867a2675a666445
155410 1 17 1 4 5 2 0 0 0  aaa99994598aa8895998a785877a75867a2673a666443
155426 1 17 1 5 2 1 0 0 0  aaa99995498aa8895998a683877a57876a3677a662445
155428 1 17 1 5 2 2 0 0 0  aaa99994598aa8895998a685877a37876a5677a662443
155432 1 17 1 5 3 1 0 0 0  aaa99996598aa8894998a683877a47875a3677a662554
155462 1 17 1 6 2 1 0 0 0  aaa99995498aa8895998a683877a77876a3666a752445
155464 1 17 1 6 2 2 0 0 0  aaa99994598aa8895998a685877a77876a5666a744332
155492 1 17 1 7 1 1 0 0 0  aaa99997598aa8894998a686877a73875a3674a662554
155496 1 17 1 7 2 0 0 0 0  aaa99997598aa8894998a683877a73875a5674a662564
155498 1 17 1 7 2 1 0 0 0  aaa99997598aa8895998a684877a73876a3674a662554
155504 1 17 1 7 3 1 0 0 0  aaa99997598aa8894998a683877a73875a2676a646554
155510 1 17 1 7 4 1 0 0 0  aaa99997598aa8894998a683877a73875a2674a666554
155534 1 17 1 8 2 1 0 0 0  aaa99995498aa8895998a683877a77876a3675a662445
155536 1 17 1 8 2 2 0 0 0  aaa99994598aa8895998a685877a77876a5673a662443
155570 1 17 1 9 2 1 0 0 0  aaa99995498aa8895998a683867a57876a3766a772445
155572 1 17 1 9 2 2 0 0 0  aaa99994598aa8895998a685867a37876a5766a772443
155576 1 17 1 9 3 1 0 0 0  aaa99996598aa8894998a683867a47875a3766a772554
155582 1 17 1 9 4 1 0 0 0  aaa99994498aa8895998a686827a57876a4765a773635
155584 1 17 1 9 4 2 0 0 0  aaa99994598aa8895998a686847a47876a5763a775623
155588 1 17 1 9 5 1 0 0 0  aaa99994498aa8895998a684827a57876a3765a773665
155590 1 17 1 9 5 2 0 0 0  aaa99994598aa8895998a685847a47876a5763a772663
155718 1 17 2 2 3 0 0 0 0  aaa99997598aa8894998a777866a63877a3568a546254
155810 1 17 2 5 0 1 0 0 0  aaa99997598aa8894998a777865a63867a3678a545624
155812 1 17 2 5 0 2 0 0 0  aaa99997598aa8895998a777864a65867a5678a433642
155820 1 17 2 5 2 0 0 0 0  aaa99997598aa8894998a777866a63867a3478a654552
155822 1 17 2 5 2 1 0 0 0  aaa99997598aa8894998a777866a63867a3578a655442
155830 1 17 2 5 3 2 0 0 0  aaa99997498aa8893998a777865a66857a3678a545624
155838 1 17 2 5 5 0 0 0 0  aaa99997598aa8894998a777846a54867a3678a663552
155840 1 17 2 5 5 1 0 0 0  aaa99997598aa8894998a777856a55867a3678a663442
155966 1 17 2 9 2 1 0 0 0  aaa99995498aa8893998a666857a57876a3768a772445
155968 1 17 2 9 2 2 0 0 0  aaa99994598aa8895998a666847a47876a5768a775332
155978 1 17 2 9 4 1 0 0 0  aaa99994498aa8894998a656857a57876a3768a773625
155980 1 17 2 9 4 2 0 0 0  aaa99994598aa8895998a636847a47876a5768a775623
155984 1 17 2 9 5 1 0 0 0  aaa99995498aa8893998a644857a57876a3768a772665
155986 1 17 2 9 5 2 0 0 0  aaa99994598aa8895998a635847a47876a5768a772663
156034 1 17 3 0 1 2 0 0 0  aaa99995898aa8894997a753876a73677a8866a652445
156052 1 17 3 0 4 2 0 0 0  aaa99995898aa8894997a753876a73277a8865a666445
156056 1 17 3 0 5 1 0 0 0  aaa99996898aa8895997a763875a73477a8846a565642
156059 1 17 3 0 5 2 1 0 0  aaa99996898aa8895997a765874a75377a8836a464652
156076 1 17 3 1 2 2 0 0 0  aaa99995898aa8894997a773877a53672a8866a644565
156088 1 17 3 1 4 2 0 0 0  aaa99995898aa8894997a773877a53676a8825a644665
156094 1 17 3 1 5 2 0 0 0  aaa99995898aa8894997a773877a53276a8865a644665
156336 1 17 3 8 4 0 0 0 0  aaa99995898aa8894997a777876a46567a8852a663534
156431 1 17 4 0 1 2 1 0 0  aaa99997798aa8894997a574867a67835a8662a583546
156451 1 17 4 0 5 0 1 0 0  aaa99997798aa8894997a674857a57836a8562a683645
156572 1 17 4 4 1 1 0 0 0  aaa99995698aa8894997a773877a47825a8666a586534
156574 1 17 4 4 1 2 0 0 0  aaa99995698aa8893997a773877a57844a8666a286545
156672 1 17 4 7 0 0 0 0 0  aaa99997598aa8894997a773876a63847a8665a284556
156673 1 17 4 7 0 0 1 0 0  aaa99997498aa8894997a774876a63857a8665a583526
156674 1 17 4 7 0 1 0 0 0  aaa99997598aa8893997a773876a62857a8664a585446
156904 1 17 5 2 2 2 0 0 0  aaa99993598aa8895997a775886a66774a8644a685372
156916 1 17 5 2 4 2 0 0 0  aaa99993598aa8895997a775886a65774a8644a686372
156920 1 17 5 2 5 1 0 0 0  aaa99996498aa8893997a773884a64775a8526a585676
156922 1 17 5 2 5 2 0 0 0  aaa99996598aa8895997a775884a65772a8446a383676
156974 1 17 5 4 2 1 0 0 0  aaa99995498aa8893997a773887a44675a8766a682565
156976 1 17 5 4 2 2 0 0 0  aaa99994598aa8895997a775887a35674a8766a682463
156980 1 17 5 4 3 1 0 0 0  aaa99996598aa8894997a773887a44675a8766a683552
156986 1 17 5 4 4 1 0 0 0  aaa99995498aa8893997a773887a44676a8755a682665
156988 1 17 5 4 4 2 0 0 0  aaa99994598aa8895997a775887a35676a8744a682663
156992 1 17 5 4 5 1 0 0 0  aaa99995498aa8893997a773887a44576a8765a682665
156994 1 17 5 4 5 2 0 0 0  aaa99994598aa8895997a775887a35476a8764a682663
157012 1 17 5 5 2 2 0 0 0  aaa99993598aa8895997a775886a66764a8744a685372
157024 1 17 5 5 4 2 0 0 0  aaa99993598aa8895997a775886a65764a8744a686372
157028 1 17 5 5 5 1 0 0 0  aaa99996498aa8893997a773884a64752a8756a585676
157030 1 17 5 5 5 2 0 0 0  aaa99996598aa8895997a775884a65744a8726a383676
157068 1 17 5 7 0 0 0 0 0  aaa99997598aa8894997a773886a63766a8556a785442
157070 1 17 5 7 0 1 0 0 0  aaa99997598aa8894997a773886a63766a8456a784552
157088 1 17 5 7 3 1 0 0 0  aaa99997498aa8893997a773886a66765a8556a782454
157393 1 17 6 5 0 0 1 0 0  aaa99997598aa8894998a777866a55267a8876a354634
157394 1 17 6 5 0 1 0 0 0  aaa99997598aa8894998a777866a44267a8876a555633
157552 1 17 6 9 2 2 0 0 0  aaa99995498aa8893998a666877a53276a8865a777445
157564 1 17 6 9 4 2 0 0 0  aaa99995498aa8893998a656877a44276a8865a777635
157570 1 17 6 9 5 2 0 0 0  aaa99995498aa8893998a653877a44276a8865a777665
157594 1 17 6 10 3 2 0 0 0  aaa99995498aa8893998a744866a63627a8875a756775
157602 1 17 6 10 5 0 0 0 0  aaa99996598aa8894998a763854a65527a8876a764773
157948 1 17 7 9 2 2 0 0 0  aaa99995498aa8898998a666827a57876a3765a773445
157960 1 17 7 9 4 2 0 0 0  aaa99994498aa8898998a656827a57876a4765a773635
157966 1 17 7 9 5 2 0 0 0  aaa99995498aa8898998a644827a57876a3765a773665
158035 1 17 8 0 5 0 1 0 0  aaa99997798aa8894997a674857a57536a8862a683645
158054 1 17 8 1 2 1 0 0 0  aaa99995498aa8893997a773877a44675a8866a682565
158056 1 17 8 1 2 2 0 0 0  aaa99994598aa8895997a775877a35674a8866a682463
158060 1 17 8 1 3 1 0 0 0  aaa99996598aa8894997a773877a44675a8866a683552
158066 1 17 8 1 4 1 0 0 0  aaa99995498aa8893997a773877a44676a8855a682665
158068 1 17 8 1 4 2 0 0 0  aaa99994598aa8895997a775877a35676a8844a682663
158072 1 17 8 1 5 1 0 0 0  aaa99995498aa8893997a773877a44576a8865a682665
158074 1 17 8 1 5 2 0 0 0  aaa99994598aa8895997a775877a35476a8864a682663
158139 1 17 8 3 4 1 1 0 0  aaa99995598aa8894997a777877a54266a8865a383664
158175 1 17 8 4 4 1 1 0 0  aaa99995598aa8894997a774877a57266a8865a383664
158198 1 17 8 5 2 1 0 0 0  aaa99996498aa8893997a773876a66755a8856a782454
158256 1 17 8 7 0 0 0 0 0  aaa99997598aa8894997a773876a63667a8854a585624
158258 1 17 8 7 0 1 0 0 0  aaa99997598aa8894997a773876a63667a8854a582654
158268 1 17 8 7 2 0 0 0 0  aaa99997598aa8894997a773876a66567a8854a683254
158276 1 17 8 7 3 1 0 0 0  aaa99997498aa8893997a773876a66567a8856a582454
158278 1 17 8 7 3 2 0 0 0  aaa99997598aa8895997a775876a66467a8846a485332
158280 1 17 8 7 4 0 0 0 0  aaa99997598aa8894997a773876a63567a8854a686254
158382 1 17 8 10 3 0 0 0 0  aaa99996598aa8893996a766865a45457a8874a783772
158452 1 17 9 1 2 2 0 0 0  aaa99995498aa8893997a877877a53672a8866a644565
158464 1 17 9 1 4 2 0 0 0  aaa99995498aa8893997a877877a53676a8825a644665
158470 1 17 9 1 5 2 0 0 0  aaa99995498aa8893997a877877a53276a8865a644665
158543 1 17 9 3 5 2 1 0 0  aaa99996598aa8895993a865877a77747a8836a464652
158632 1 17 9 6 2 2 0 0 0  aaa99995498aa8893997a844877a77762a8865a663565
158704 1 17 9 8 2 2 0 0 0  aaa99995498aa8893997a853877a77672a8866a644565
158716 1 17 9 8 4 2 0 0 0  aaa99995498aa8893997a853877a77676a8825a644665
158722 1 17 9 8 5 2 0 0 0  aaa99995498aa8893997a853877a77276a8865a644665
158771 1 17 9 10 1 2 1 0 0  aaa99997598aa8895993a875866a76646a8837a474752
158780 1 17 9 10 3 1 0 0 0  aaa99997598aa8894996a873866a76265a8857a474753
158782 1 17 9 10 3 2 0 0 0  aaa99997598aa8895996a875866a76464a8837a475732
158827 1 17 10 0 5 0 1 0 0  aaa99997798aa8898997a674857a57836a4562a683645
159422 1 17 11 6 2 1 0 0 0  aaa99995498aa6895997a853888a83777a7627a644665
159424 1 17 11 6 2 2 0 0 0  aaa99994598aa6895997a835888a85777a7627a644663
159985 1 17 13 0 0 0 1 0 0  aaa99997798aa8898997a676857a87866a4533a524546
160178 1 17 13 5 2 1 0 0 0  aaa99995498aa8898997a775876a83867a3765a644625
160180 1 17 13 5 2 2 0 0 0  aaa99994598aa8898997a775876a85867a5763a644623
160186 1 17 13 5 3 2 0 0 0  aaa99995498aa8898997a773876a86867a3765a652445
160786 1 17 15 0 1 2 0 0 0  aaa99997798aa8894997a573887a67666a3256a588454
160806 1 17 15 0 5 0 0 0 0  aaa99997798aa8895997a674887a47536a5365a688624
160826 1 17 15 1 2 1 0 0 0  aaa99995498aa8893997a773887a44776a2666a588565
160828 1 17 15 1 2 2 0 0 0  aaa99994598aa8895997a775887a35776a2666a488463
160832 1 17 15 1 3 1 0 0 0  aaa99996598aa8894997a773887a44776a3666a588552
160838 1 17 15 1 4 1 0 0 0  aaa99995498aa8893997a773887a44776a6565a688625
160840 1 17 15 1 4 2 0 0 0  aaa99994598aa8895997a775887a35776a6464a688623
160844 1 17 15 1 5 1 0 0 0  aaa99995498aa8893997a773887a44776a2565a688665
160846 1 17 15 1 5 2 0 0 0  aaa99994598aa8895997a775887a35776a2464a688663
160966 1 17 15 5 1 2 0 0 0  aaa99993598aa8895997a775886a66766a5744a488372
160988 1 17 15 5 5 1 0 0 0  aaa99996398aa8893997a772884a64755a5756a488676
161028 1 17 15 7 0 0 0 0 0  aaa99997598aa8894997a773886a63766a2556a788454
161030 1 17 15 7 0 1 0 0 0  aaa99997598aa8895997a774886a63766a3256a788454
161034 1 17 15 7 1 0 0 0 0  aaa99997598aa8894997a773886a66766a3554a788254
161048 1 17 15 7 3 1 0 0 0  aaa99997498aa8893997a773886a66765a2556a788454
161050 1 17 15 7 3 2 0 0 0  aaa99997598aa8895997a775886a66764a5446a788332
161052 1 17 15 7 4 0 0 0 0  aaa99997598aa8894997a773885a45766a3562a788664
161154 1 17 15 10 3 0 0 0 0  aaa99996498aa8893996a766885a53647a4572a788775
161246 1 17 16 2 0 1 0 0 0  aaa99997498aa8893997a877886a63775a2665a484556
161248 1 17 16 2 0 2 0 0 0  aaa99997598aa8895997a877886a65774a5662a484336
161274 1 17 16 2 5 0 0 0 0  aaa99997598aa8894997a877885a45776a3562a683664
161354 1 17 16 5 0 1 0 0 0  aaa99997598aa8894997a877886a63766a3756a582454
161356 1 17 16 5 0 2 0 0 0  aaa99997598aa8895997a877886a65766a5746a484332
161374 1 17 16 5 3 2 0 0 0  aaa99997498aa8893997a877886a66765a3756a582454
161382 1 17 16 5 5 0 0 0 0  aaa99997498aa8893997a877885a53746a4765a685662
161474 1 17 16 8 2 1 0 0 0  aaa99996598aa8894997a863887a44777a7666a583552
161820 1 17 17 7 0 0 0 0 0  aaa99997598aa8898997a774886a63766a3556a785442
161822 1 17 17 7 0 1 0 0 0  aaa99997598aa8898997a774886a63766a3456a784552
162172 1 17 18 5 4 2 0 0 0  aaa99993598aa6898997a775888a85764a6744a665372
162216 1 17 18 7 0 0 0 0 0  aaa99997598aa4898997a774888a83766a3656a724565
162217 1 17 18 7 0 0 1 0 0  aaa99997498aa5898997a774888a84766a3656a753562
162218 1 17 18 7 0 1 0 0 0  aaa99997598aa5898997a773888a83766a2646a755464
162223 1 17 18 7 1 0 1 0 0  aaa99997598aa2898997a774888a84766a6636a755534
162424 1 17 19 1 4 2 0 0 0  aaa99995498aa8898997a877877a53276a6865a644635
162503 1 17 19 3 5 2 1 0 0  aaa99996598aa8898993a865877a77747a5836a464652
162676 1 17 19 8 4 2 0 0 0  aaa99995498aa8898997a853877a77276a6865a644635
162731 1 17 19 10 1 2 1 0 0  aaa99997598aa8898993a875866a76646a5837a474752
162844 1 17 20 2 2 2 0 0 0  aaa99993598aa6895997a775888a85774a8666a446372
162856 1 17 20 2 4 2 0 0 0  aaa99993598aa6896997a775888a85774a8644a665372
162862 1 17 20 2 5 2 0 0 0  aaa99993598aa6895997a775888a85774a8644a666372
162914 1 17 20 4 2 1 0 0 0  aaa99995498aa7893997a773888a82675a8766a644565
162916 1 17 20 4 2 2 0 0 0  aaa99994598aa7895997a775888a85673a8766a644362
162920 1 17 20 4 3 1 0 0 0  aaa99996598aa7894997a773888a83675a8766a644552
162926 1 17 20 4 4 1 0 0 0  aaa99995498aa7893997a773888a82676a8755a644665
162928 1 17 20 4 4 2 0 0 0  aaa99994598aa7895997a775888a85676a8744a633662
162932 1 17 20 4 5 1 0 0 0  aaa99995498aa7893997a773888a82576a8765a644665
162934 1 17 20 4 5 2 0 0 0  aaa99994598aa7895997a775888a85476a8764a633662
162946 1 17 20 5 1 2 0 0 0  aaa99995698aa6896997a774888a82763a8735a644575
162950 1 17 20 5 2 1 0 0 0  aaa99995498aa6895997a773888a83762a8765a644675
162952 1 17 20 5 2 2 0 0 0  aaa99994598aa6895997a775888a85762a8763a644673
162964 1 17 20 5 4 2 0 0 0  aaa99993598aa6896997a775888a85764a8744a665372
162970 1 17 20 5 5 2 0 0 0  aaa99993598aa6895997a775888a85764a8744a666372
163022 1 17 20 7 2 1 0 0 0  aaa99997598aa6894997a773888a83765a8666a744552
163026 1 17 20 7 3 0 0 0 0  aaa99997598aa6894997a773888a83746a8666a754552
163028 1 17 20 7 3 1 0 0 0  aaa99997598aa6894997a773888a83756a8666a755442
163138 1 17 20 10 3 2 0 0 0  aaa99993598aa7895996a665888a85674a8744a777362
163952 1 18 0 0 1 1 0 0 0  aaa99988598aa7874798a583968a76775a3699a662454
163954 1 18 0 0 1 2 0 0 0  aaa99988598aa7875798a485968a76773a5699a662434
163956 1 18 0 0 2 0 0 0 0  aaa99988598aa7874798a683948a74775a5699a663562
163962 1 18 0 0 3 0 0 0 0  aaa99988598aa7874798a585968a73775a3699a662464
163964 1 18 0 0 3 1 0 0 0  aaa99988598aa7875798a684968a73775a5699a663442
163970 1 18 0 0 4 1 0 0 0  aaa99988598aa7874798a583968a73775a2699a666454
163972 1 18 0 0 4 2 0 0 0  aaa99988598aa7875798a485968a75774a4699a666332
163976 1 18 0 0 5 1 0 0 0  aaa99988598aa7874798a683948a74776a3599a655662
163980 1 18 0 1 0 0 0 0 0  aaa99988598aa7877698a684978a63776a3599a562454
163982 1 18 0 1 0 1 0 0 0  aaa99988598aa7877698a684978a63776a3599a565442
164054 1 18 0 3 0 1 0 0 0  aaa99988598aa6864798a783978a77667a3599a545624
164056 1 18 0 3 0 2 0 0 0  aaa99988598aa6865798a785978a77667a5499a433642
164072 1 18 0 3 3 1 0 0 0  aaa99988498aa6866798a783978a77567a3599a545624
164090 1 18 0 4 0 1 0 0 0  aaa99988598aa7877698a684968a44777a3699a555632
164126 1 18 0 5 0 1 0 0 0  aaa99988598aa7877698a684968a73675a3799a644552
164159 1 18 0 5 5 2 1 0 0  aaa99988598aa7877498a685948a74276a5799a635663
164225 1 18 0 7 4 2 1 0 0  aaa99988798aa7877298a584968a74375a3699a666554
164234 1 18 0 8 0 1 0 0 0  aaa99988498aa6863798a783978a77765a6599a545624
164252 1 18 0 8 3 1 0 0 0  aaa99988498aa6866798a783978a77764a4599a553652
164258 1 18 0 8 4 1 0 0 0  aaa99988598aa6864798a783978a77765a3699a644552
164264 1 18 0 8 5 1 0 0 0  aaa99988598aa6844798a784978a77765a3699a663552
164718 1 18 1 10 3 0 0 0 0  aaa99988898aa7864898a666957a53576a3799a772445
165134 1 18 3 0 0 1 0 0 0  aaa99988898aa7874796a683987a44657a6599a653725
165161 1 18 3 0 4 2 1 0 0  aaa99988898aa7875794a484987a35267a6699a665753
165167 1 18 3 0 5 2 1 0 0  aaa99988898aa7875794a484987a35267a5699a666753
165239 1 18 3 2 5 2 1 0 0  aaa99988898aa7877793a485987a25364a5699a666745
165332 1 18 3 5 3 1 0 0 0  aaa99988898aa7877696a684987a63674a4599a553752
165346 1 18 3 5 5 2 0 0 0  aaa99988898aa7877494a586987a46375a6399a526756
165347 1 18 3 5 5 2 1 0 0  aaa99988898aa7877394a586987a36475a6499a526756
165350 1 18 3 6 0 1 0 0 0  aaa99988898aa6864797a787987a73664a4599a553652
165458 1 18 3 9 0 1 0 0 0  aaa99988898aa7875696a584987a63675a3799a762454
165460 1 18 3 9 0 2 0 0 0  aaa99988898aa7875696a485987a65673a5799a762434
165462 1 18 3 9 1 0 0 0 0  aaa99988898aa7875696a684987a63575a3799a762454
165464 1 18 3 9 1 1 0 0 0  aaa99988898aa7875696a684987a63575a5799a763442
165476 1 18 3 9 3 1 0 0 0  aaa99988898aa7875696a684987a63675a3799a744552
165498 1 18 3 10 1 0 0 0 0  aaa99988898aa7865696a684987a63575a3799a772454
165500 1 18 3 10 1 1 0 0 0  aaa99988898aa7865696a684987a63575a5799a773442
165512 1 18 3 10 3 1 0 0 0  aaa99988898aa7845696a684987a63675a3799a772554
165563 1 18 4 0 5 2 1 0 0  aaa99988898aa8877393a787976a75264a5699a665445
165721 1 18 4 5 2 0 1 0 0  aaa99988898aa8855797a785927a74766a6699a364534
165727 1 18 4 5 3 0 1 0 0  aaa99988898aa8855797a785927a74766a6699a354634
165733 1 18 4 5 4 0 1 0 0  aaa99988898aa8855797a785927a74763a6699a664534
165739 1 18 4 5 5 0 1 0 0  aaa99988898aa8855797a785927a74763a4699a666534
165805 1 18 4 7 4 0 1 0 0  aaa99988898aa8855797a785927a54763a6699a664734
165811 1 18 4 7 5 0 1 0 0  aaa99988898aa8855797a785927a54763a4699a666734
165907 1 18 4 10 3 0 1 0 0  aaa99988898aa8855696a685927a64673a4799a777534
165918 1 18 4 10 5 0 0 0 0  aaa99988898aa8836594a586957a36474a6799a777562
165943 1 18 5 0 3 0 1 0 0  aaa99988897aa8875797a855966a86673a4299a674534
165949 1 18 5 0 4 0 1 0 0  aaa99988897aa8875797a855926a84673a4699a676534
165991 1 18 5 1 5 0 1 0 0  aaa99988897aa8877797a855926a85763a4699a664534
166070 1 18 5 4 0 1 0 0 0  aaa99988897aa8877697a864976a83764a4599a553652
166243 1 18 5 8 5 0 1 0 0  aaa99988897aa8855797a877926a85763a4699a664534
166289 1 18 5 10 0 2 1 0 0  aaa99988896aa8865696a835927a85474a4799a777653
166328 1 18 6 0 1 1 0 0 0  aaa99988898aa7874798a484967a66667a3599a553752
166349 1 18 6 0 4 2 1 0 0  aaa99988898aa7875798a385947a44267a6699a665735
166355 1 18 6 0 5 2 1 0 0  aaa99988898aa7875798a385947a44267a5699a666735
166427 1 18 6 2 5 2 1 0 0  aaa99988898aa7877798a485937a35264a5699a666745
166430 1 18 6 3 0 1 0 0 0  aaa99988898aa6865798a784977a73667a3599a545624
166432 1 18 6 3 0 2 0 0 0  aaa99988898aa6865798a785977a75667a5499a433642
166448 1 18 6 3 3 1 0 0 0  aaa99988898aa6866798a784977a73567a3599a545624
166501 1 18 6 5 0 0 1 0 0  aaa99988898aa7877698a685967a55276a4699a354734
166534 1 18 6 5 5 2 0 0 0  aaa99988898aa7877498a586947a26475a6399a536756
166535 1 18 6 5 5 2 1 0 0  aaa99988898aa7877498a586947a46375a6399a526756
166538 1 18 6 6 0 1 0 0 0  aaa99988898aa6864798a787977a73664a4599a553652
166610 1 18 6 8 0 1 0 0 0  aaa99988898aa6864798a783977a73765a6599a545624
166628 1 18 6 8 3 1 0 0 0  aaa99988898aa6866798a784977a73764a4599a553652
166634 1 18 6 8 4 1 0 0 0  aaa99988898aa6865798a784977a73765a3699a644552
166640 1 18 6 8 5 1 0 0 0  aaa99988898aa6845798a784977a73765a3699a662554
166646 1 18 6 9 0 1 0 0 0  aaa99988898aa6864798a783977a77664a4599a553652
166685 1 18 6 10 0 2 1 0 0  aaa99988898aa7866298a586967a64375a3799a774554
166748 1 18 7 0 5 1 0 0 0  aaa99977598aa8884898a747976a73865a3699a662554
166802 1 18 7 2 2 1 0 0 0  aaa99977798aa8885898a573966a63877a2499a646554
166808 1 18 7 2 3 1 0 0 0  aaa99977798aa8884898a474965a66877a3699a553652
166922 1 18 7 5 4 1 0 0 0  aaa99977798aa8885898a754926a76867a3699a653445
166924 1 18 7 5 4 2 0 0 0  aaa99977798aa8885898a745926a76867a5699a635443
166951 1 18 7 6 3 0 1 0 0  aaa99966698aa8885898a655977a77873a4299a764534
166999 1 18 7 7 5 0 1 0 0  aaa99977798aa8887898a755926a75863a4699a664534
167036 1 18 7 8 5 1 0 0 0  aaa99967598aa8884898a644977a77876a3599a655632
167042 1 18 7 9 0 1 0 0 0  aaa99966598aa8884898a646927a67875a3799a773554
167054 1 18 7 9 2 1 0 0 0  aaa99966698aa8884898a653957a57876a3799a772445
167056 1 18 7 9 2 2 0 0 0  aaa99966698aa8885898a645947a47876a5799a775332
167059 1 18 7 9 3 0 1 0 0  aaa99966698aa8885898a655927a67873a4799a774534
167060 1 18 7 9 3 1 0 0 0  aaa99966698aa8885898a644927a67875a4799a773553
167066 1 18 7 9 4 1 0 0 0  aaa99965698aa8884898a644957a57876a3799a773625
167068 1 18 7 9 4 2 0 0 0  aaa99964698aa8885898a635947a47876a5799a775623
167072 1 18 7 9 5 1 0 0 0  aaa99965498aa8883898a644957a57876a3799a772665
167074 1 18 7 9 5 2 0 0 0  aaa99964598aa8885898a635947a47876a5799a772663
167095 1 18 7 10 3 0 1 0 0  aaa99966698aa8885898a655927a64873a4799a777534
167142 1 18 8 0 5 0 0 0 0  aaa99988897aa8875797a684954a85576a3299a674663
167431 1 18 8 8 5 0 1 0 0  aaa99988897aa8855797a787926a85763a4699a664534
167506 1 18 8 10 5 2 0 0 0  aaa99988894aa8846493a586937a86275a6799a777556
167507 1 18 8 10 5 2 1 0 0  aaa99988894aa8826493a586947a86375a6799a777556
167611 1 18 9 2 5 0 1 0 0  aaa99988897aa8877797a483956a58564a3699a676542
167689 1 18 9 5 0 0 1 0 0  aaa99988897aa8877796a684975a58653a6299a674534
167707 1 18 9 5 3 0 1 0 0  aaa99988897aa8877796a686975a58653a4299a674534
167873 1 18 9 10 0 2 1 0 0  aaa99988896aa8865696a485937a38274a5799a777645
167875 1 18 9 10 1 0 1 0 0  aaa99988896aa8866696a483957a58574a3799a777542
167942 1 18 10 1 0 1 0 0 0  aaa99977798aa8885898a664975a63787a3699a655442
167990 1 18 10 2 2 1 0 0 0  aaa99977798aa8885898a573966a63787a2499a646554
167996 1 18 10 2 3 1 0 0 0  aaa99977798aa8884898a474965a66787a3699a553652
168130 1 18 10 6 1 2 0 0 0  aaa99957498aa8883898a573977a77686a6699a562454
168148 1 18 10 6 4 2 0 0 0  aaa99957498aa8883898a573977a77685a2699a666454
168152 1 18 10 6 5 1 0 0 0  aaa99967598aa8884898a673977a77486a4599a655632
168211 1 18 10 8 3 0 1 0 0  aaa99966698aa8885898a655977a77783a4299a764534
168247 1 18 10 9 3 0 1 0 0  aaa99966698aa8885898a655927a64783a4799a777534
168284 1 18 10 10 3 1 0 0 0  aaa99975498aa8883898a744966a63687a2599a756775
168286 1 18 10 10 3 2 0 0 0  aaa99974598aa8885898a735966a65687a2499a746773
168294 1 18 10 10 5 0 0 0 0  aaa99976598aa8884898a763954a65587a3299a764776
168565 1 18 11 7 2 0 1 0 0  aaa99977798aa8888898a743966a76565a7599a643524
168577 1 18 11 7 4 0 1 0 0  aaa99977798aa8888898a743956a76565a7699a643524
168781 1 18 12 2 2 0 1 0 0  aaa99977798aa8885898a378966a64767a4299a655534
168799 1 18 12 2 5 0 1 0 0  aaa99977798aa8885898a378926a55767a4699a664534
168805 1 18 12 3 0 0 1 0 0  aaa99966598aa8884898a368977a77767a4299a655534
168913 1 18 12 6 0 0 1 0 0  aaa99966598aa8884898a368977a77676a4299a755534
168985 1 18 12 8 0 0 1 0 0  aaa99966598aa8884898a368977a77766a4299a755534
169020 1 18 12 9 0 0 0 0 0  aaa99966598aa8884898a468957a57676a3799a773245
169021 1 18 12 9 0 0 1 0 0  aaa99966498aa8884898a568957a57676a4799a773532
169022 1 18 12 9 0 1 0 0 0  aaa99966598aa8883898a568947a47676a3799a772554
169057 1 18 12 10 0 0 1 0 0  aaa99966598aa8884898a368927a55676a4799a777534
169104 1 18 13 0 2 0 0 0 0  aaa99977598aa8884897a748987a73666a3599a566254
169302 1 18 13 5 5 0 0 0 0  aaa99977798aa8884895a758986a73567a3699a662445
169422 1 18 13 9 1 0 0 0 0  aaa99966698aa8884896a658987a47575a3799a773524
169668 1 18 14 5 0 0 0 0 0  aaa99977798aa8884896a763985a78647a6299a564535
169698 1 18 14 5 5 0 0 0 0  aaa99977798aa8884895a753986a78567a3699a662445
169933 1 18 15 1 2 0 1 0 0  aaa99988897aa7875797a855966a86763a4299a684534
169945 1 18 15 1 4 0 1 0 0  aaa99988897aa7875797a855926a86763a4699a684534
169946 1 18 15 1 4 1 0 0 0  aaa99988897aa7875797a844926a86765a4699a683553
169951 1 18 15 1 5 0 1 0 0  aaa99988897aa7875797a855926a84763a4699a686534
169975 1 18 15 2 3 0 1 0 0  aaa99988897aa7875797a855966a86673a4299a684534
169981 1 18 15 2 4 0 1 0 0  aaa99988897aa7875797a855926a84673a4699a686534
170162 1 18 15 7 4 1 0 0 0  aaa99988897aa7875796a864965a83674a4699a585732
170249 1 18 15 10 0 2 1 0 0  aaa99988896aa7865696a835927a85474a4799a787653
170306 1 18 16 0 4 1 0 0 0  aaa99988897aa7854797a852936a86377a8699a665445
170308 1 18 16 0 4 2 0 0 0  aaa99988897aa7845797a825936a86377a8699a665445
170347 1 18 16 1 5 0 1 0 0  aaa99988897aa7875797a855926a84763a8699a664534
170401 1 18 16 3 2 0 1 0 0  aaa99988897aa7877797a843966a86565a8599a643524
170413 1 18 16 3 4 0 1 0 0  aaa99988897aa7877797a843956a86565a8699a643524
170645 1 18 16 10 0 2 1 0 0  aaa99988896aa7865694a836947a85472a8799a775653
170684 1 18 17 0 1 1 0 0 0  aaa99977598aa8884897a744987a73686a6699a563552
170690 1 18 17 0 2 1 0 0 0  aaa99977598aa8884897a744987a73686a6599a655632
170696 1 18 17 0 3 1 0 0 0  aaa99977598aa8884897a744987a73686a6699a555632
170702 1 18 17 0 4 1 0 0 0  aaa99977598aa8884897a744987a73685a3699a666552
170880 1 18 17 5 4 0 0 0 0  aaa99977798aa8884895a753986a76587a3699a662445
170886 1 18 17 5 5 0 0 0 0  aaa99977798aa8884895a753986a73587a2699a666445
171282 1 18 18 5 5 0 0 0 0  aaa99977798aa8888895a754986a73567a3699a662445
171518 1 18 19 1 2 1 0 0 0  aaa99985498aa8883897a773977a44686a6599a657625
171520 1 18 19 1 2 2 0 0 0  aaa99984598aa8885897a775977a35686a6499a647623
171530 1 18 19 1 4 1 0 0 0  aaa99985498aa8883897a773977a44686a2599a657665
171532 1 18 19 1 4 2 0 0 0  aaa99984598aa8885897a775977a35686a2499a647663
171534 1 18 19 1 5 0 0 0 0  aaa99986598aa8884897a773977a63584a5599a267646
171541 1 18 19 2 0 0 1 0 0  aaa99986698aa8886897a775977a55287a4699a364534
171548 1 18 19 2 1 1 0 0 0  aaa99985498aa8885897a773977a53687a6699a662445
171550 1 18 19 2 1 2 0 0 0  aaa99984598aa8885897a775977a35687a6699a662443
171552 1 18 19 2 2 0 0 0 0  aaa99986598aa8884897a773977a55487a4699a663526
171560 1 18 19 2 3 1 0 0 0  aaa99985498aa8885897a773977a44687a3699a662565
171562 1 18 19 2 3 2 0 0 0  aaa99984598aa8885897a775977a35687a4699a662364
171566 1 18 19 2 4 1 0 0 0  aaa99985498aa8885897a773977a53687a2699a666445
171568 1 18 19 2 4 2 0 0 0  aaa99984598aa8885897a775977a35687a2699a666443
171572 1 18 19 2 5 1 0 0 0  aaa99986598aa8884897a773977a63487a4599a565626
171656 1 18 19 5 1 1 0 0 0  aaa99984598aa8884897a773976a66786a3599a755624
171668 1 18 19 5 3 1 0 0 0  aaa99986598aa8884897a773976a66785a3699a744552
171674 1 18 19 5 4 1 0 0 0  aaa99986598aa8884897a773976a44785a3699a766552
171720 1 18 19 7 0 0 0 0 0  aaa99987598aa8884897a773976a63687a2699a455546
171722 1 18 19 7 0 1 0 0 0  aaa99987598aa8885897a774976a63687a3699a545624
171810 1 18 19 9 3 0 0 0 0  aaa99986498aa8883897a666957a53586a2799a777445
171830 1 18 19 10 0 1 0 0 0  aaa99987598aa8884896a673966a73486a4599a575727
171854 1 18 19 10 4 1 0 0 0  aaa99987598aa8884896a673965a73684a4699a575727
171871 1 18 20 0 1 0 1 0 0  aaa99977598aa8888897a755927a74686a6699a364534
172470 1 18 21 5 5 0 0 0 0  aaa99977798aa6874895a753988a88567a3699a662445
172693 1 18 22 1 0 0 1 0 0  aaa99977797aa8766796a463958a56584a3899a888542
172747 1 18 22 2 3 0 1 0 0  aaa99977797aa8755696a675928a64683a4899a888534
172758 1 18 22 2 5 0 0 0 0  aaa99977797aa8736594a576958a36484a6899a888562
172841 1 18 22 5 0 2 1 0 0  aaa99977796aa8765696a735928a75484a4899a888653
172913 1 18 22 7 0 2 1 0 0  aaa99977796aa8765696a475938a37284a5899a888645
172915 1 18 22 7 1 0 1 0 0  aaa99977796aa8766696a473958a57584a3899a888542
172945 1 18 22 8 0 0 1 0 0  aaa99976697aa8777796a463958a56584a3899a888542
173072 1 19 0 0 3 1 0 0 0  aaa99988487aa9873795a798986a83766a6597a545624
173074 1 19 0 0 3 2 0 0 0  aaa99988587aa9875794a798986a85766a6497a435623
173078 1 19 0 0 4 1 0 0 0  aaa99988587aa9874792a798986a86765a3697a644553
173082 1 19 0 0 5 0 0 0 0  aaa99988587aa9874792a798986a83765a5697a646534
173084 1 19 0 0 5 1 0 0 0  aaa99988587aa9875792a798986a84765a5697a663443
173154 1 19 0 2 5 0 0 0 0  aaa99988487aa9877795a798986a83565a3697a662454
173381 1 19 0 9 0 2 1 0 0  aaa99988687aa9866296a598987a84375a3796a774554
173390 1 19 0 9 2 1 0 0 0  aaa99988587aa9844696a698987a84675a3796a773552
173412 1 19 0 10 0 0 0 0 0  aaa99988486aa9863695a698987a83575a2796a777454
173663 1 19 1 5 5 2 1 0 0  aaa99988887aa9877893a495987a25364a5697a666745
173825 1 19 1 10 2 2 1 0 0  aaa99988886aa9866893a495987a25374a5796a777645
173885 1 19 2 1 0 2 1 0 0  aaa99988887aa9877898a696972a56773a4695a654534
174032 1 19 2 5 1 1 0 0 0  aaa99988887aa9877898a494977a64666a3596a553752
174221 1 19 2 10 2 2 1 0 0  aaa99988886aa9866898a495937a35274a5796a777645
174266 1 19 3 0 4 1 0 0 0  aaa99988887aa9875798a794926a86765a3697a644553
174356 1 19 3 3 1 1 0 0 0  aaa99988887aa9874798a494977a83666a3596a552756
174362 1 19 3 3 2 1 0 0 0  aaa99988887aa9874798a494977a83656a6696a553752
174368 1 19 3 3 3 1 0 0 0  aaa99988887aa9874798a494977a83666a3596a556752
174374 1 19 3 3 4 1 0 0 0  aaa99988887aa9874798a494977a83666a6596a553752
174534 1 19 3 8 1 0 0 0 0  aaa99988887aa9875798a793977a83666a2496a455546
174536 1 19 3 8 1 1 0 0 0  aaa99988887aa9874798a793977a83666a2596a455546
174546 1 19 3 8 3 0 0 0 0  aaa99988887aa9875798a794977a83666a3596a546254
174671 1 19 4 0 5 2 1 0 0  aaa99988888aa9877393a797976a75264a5698a665445
174829 1 19 4 5 2 0 1 0 0  aaa99988888aa9855797a795927a74766a6698a364534
174835 1 19 4 5 3 0 1 0 0  aaa99988888aa9855797a795927a74766a6698a354634
174841 1 19 4 5 4 0 1 0 0  aaa99988888aa9855797a795927a74763a6698a664534
174847 1 19 4 5 5 0 1 0 0  aaa99988888aa9855797a795927a74763a4698a666534
174913 1 19 4 7 4 0 1 0 0  aaa99988888aa9855797a795927a54763a6698a664734
174919 1 19 4 7 5 0 1 0 0  aaa99988888aa9855797a795927a54763a4698a666734
175015 1 19 4 10 3 0 1 0 0  aaa99988888aa9855696a695927a64673a4798a777534
175026 1 19 4 10 5 0 0 0 0  aaa99988888aa9836594a596957a36474a6798a777562
175091 1 19 5 1 3 2 1 0 0  aaa99988878aa9877792a894976a66763a4598a555634
175099 1 19 5 1 5 0 1 0 0  aaa99988878aa9877792a895976a55763a4698a664534
175158 1 19 5 3 3 0 0 0 0  aaa99988878aa9874797a897966a63655a3598a672454
175230 1 19 5 5 3 0 0 0 0  aaa99988878aa9877797a894966a63655a3598a672454
175397 1 19 5 10 0 2 1 0 0  aaa99988868aa9865692a895967a35474a4798a777653
175448 1 19 6 0 3 1 0 0 0  aaa99988887aa9874795a793986a83766a6597a545624
175766 1 19 6 9 2 1 0 0 0  aaa99988887aa9845696a694987a83675a3796a772554
175850 1 19 7 0 4 1 0 0 0  aaa99977588aa9884698a797976a73885a3694a662554
175860 1 19 7 1 0 0 0 0 0  aaa99977788aa9885798a794976a63886a3496a654552
175862 1 19 7 1 0 1 0 0 0  aaa99977788aa9885798a794976a63886a3596a655442
175910 1 19 7 2 2 1 0 0 0  aaa99977788aa9885798a793966a63885a2497a646554
175916 1 19 7 2 3 1 0 0 0  aaa99977788aa9884798a793965a66884a4697a553652
175927 1 19 7 2 5 0 1 0 0  aaa99977788aa9885798a794926a55883a4697a666534
175940 1 19 7 3 1 1 0 0 0  aaa99976588aa9884798a793977a73885a2696a646554
175946 1 19 7 3 2 1 0 0 0  aaa99974488aa9885798a794977a73886a3695a662565
175948 1 19 7 3 2 2 0 0 0  aaa99974588aa9885798a795977a75886a4693a662364
175952 1 19 7 3 3 1 0 0 0  aaa99975488aa9885798a793977a73886a2696a656445
175954 1 19 7 3 3 2 0 0 0  aaa99974588aa9885798a795977a75886a2696a636443
175958 1 19 7 3 4 1 0 0 0  aaa99975488aa9885798a793977a73886a2695a666445
175960 1 19 7 3 4 2 0 0 0  aaa99974588aa9885798a795977a75886a2693a666443
175964 1 19 7 3 5 1 0 0 0  aaa99976588aa9884798a793977a73884a4596a565626
175970 1 19 7 4 0 1 0 0 0  aaa99977788aa9885698a694967a53886a3796a752445
175972 1 19 7 4 0 2 0 0 0  aaa99977788aa9885698a695967a45886a5796a744332
175990 1 19 7 4 3 2 0 0 0  aaa99977788aa9884698a696967a53886a3795a752445
175998 1 19 7 4 5 0 0 0 0  aaa99977788aa9884598a593957a63884a4796a762656
176250 1 19 8 0 5 0 0 0 0  aaa99988887aa9875797a694954a85576a3298a674663
176539 1 19 8 8 5 0 1 0 0  aaa99988887aa9855797a797926a85763a4698a664534
176614 1 19 8 10 5 2 0 0 0  aaa99988884aa9846493a596937a86275a6798a777556
176615 1 19 8 10 5 2 1 0 0  aaa99988884aa9826493a596947a86375a6798a777556
176921 1 19 9 8 2 2 1 0 0  aaa99988887aa9854797a797966a86763a8295a654534
176933 1 19 9 8 4 2 1 0 0  aaa99988887aa9854797a797926a86763a8695a654534
177037 1 19 10 0 4 0 1 0 0  aaa99977588aa9884398a797978a73862a6695a664554
177086 1 19 10 2 0 1 0 0 0  aaa99977788aa9885798a794968a63864a4697a555632
177109 1 19 10 2 4 0 1 0 0  aaa99977788aa9885798a794928a55863a6697a664534
177115 1 19 10 2 5 0 1 0 0  aaa99977788aa9885798a794928a55863a4697a666534
177158 1 19 10 4 0 1 0 0 0  aaa99977788aa9885698a694968a53876a3796a752445
177160 1 19 10 4 0 2 0 0 0  aaa99977788aa9885698a695968a45876a5796a744332
177178 1 19 10 4 3 2 0 0 0  aaa99977788aa9884698a696968a53876a3795a752445
177186 1 19 10 4 5 0 0 0 0  aaa99977788aa9884598a593958a63874a4796a762656
177238 1 19 10 6 1 2 0 0 0  aaa99957488aa9883798a593978a77866a6696a572454
177256 1 19 10 6 4 2 0 0 0  aaa99957488aa9883798a593978a77865a2696a676454
177260 1 19 10 6 5 1 0 0 0  aaa99967588aa9884798a693978a77856a3594a675624
177511 1 19 11 2 5 0 1 0 0  aaa99977788aa9888798a795926a55863a4697a664534
177556 1 19 11 4 0 2 0 0 0  aaa99977788aa9888698a694967a53876a3695a752445
177830 1 19 12 0 4 1 0 0 0  aaa99977588aa9884698a797976a73865a3894a662554
177890 1 19 12 2 2 1 0 0 0  aaa99977788aa9885798a794966a63865a3897a644552
177896 1 19 12 2 3 1 0 0 0  aaa99977788aa9885798a794966a63864a4897a555632
177907 1 19 12 2 5 0 1 0 0  aaa99977788aa9885798a794926a55863a4897a666534
177920 1 19 12 3 1 1 0 0 0  aaa99976588aa9884798a793977a73866a6894a562554
177938 1 19 12 3 4 1 0 0 0  aaa99976588aa9884798a793977a73865a2894a666554
177950 1 19 12 4 0 1 0 0 0  aaa99977788aa9885698a694967a53876a3896a752445
177952 1 19 12 4 0 2 0 0 0  aaa99977788aa9885698a695967a45876a5896a744332
177970 1 19 12 4 3 2 0 0 0  aaa99977788aa9884698a696967a53876a3895a752445
177978 1 19 12 4 5 0 0 0 0  aaa99977788aa9884598a593957a63874a4896a762656
177998 1 19 12 5 2 1 0 0 0  aaa99977788aa9885698a794966a73867a3895a652445
178000 1 19 12 5 2 2 0 0 0  aaa99977788aa9885698a795966a75867a5894a644332
178178 1 19 12 10 2 1 0 0 0  aaa99975488aa9885698a793966a44867a3895a762775
178180 1 19 12 10 2 2 0 0 0  aaa99974588aa9885698a795966a35867a4893a762774
178214 1 19 13 0 2 1 0 0 0  aaa99977588aa9884798a798966a63865a3797a644552
178220 1 19 13 0 3 1 0 0 0  aaa99977588aa9884798a798966a63864a4797a555632
178231 1 19 13 0 5 0 1 0 0  aaa99977588aa9884798a798926a55863a4797a666534
178303 1 19 13 2 5 0 1 0 0  aaa99977788aa9885798a798926a55863a4697a664534
178348 1 19 13 4 0 2 0 0 0  aaa99977788aa9884698a698967a53876a3695a752445
178390 1 19 13 5 1 2 0 0 0  aaa99977788aa9884698a798966a73857a3596a545624
178417 1 19 13 6 0 0 1 0 0  aaa99966588aa9884798a398977a74876a6296a755534
178457 1 19 13 7 0 2 1 0 0  aaa99977788aa9887298a798966a74863a4596a555634
178561 1 19 13 10 0 0 1 0 0  aaa99966588aa9884698a698927a55873a4796a777534
178621 1 19 14 0 4 0 1 0 0  aaa99977588aa9884793a793988a58762a6697a664554
178677 1 19 14 2 1 1 1 0 0  aaa99977788aa9884397a793988a78666a4596a554256
178687 1 19 14 2 3 0 1 0 0  aaa99977788aa9884397a793988a78666a4596a526545
178849 1 19 14 7 0 0 1 0 0  aaa99977788aa9887296a796988a78656a5594a346354
178937 1 19 14 9 2 2 1 0 0  aaa99966688aa9884297a694988a58376a3795a777545
178949 1 19 14 9 4 2 1 0 0  aaa99965688aa9884297a694988a58376a3795a777645
178953 1 19 14 9 5 1 1 0 0  aaa99965588aa9884297a694988a58376a3795a777664
178997 1 19 15 0 0 2 1 0 0  aaa99988877aa9866397a896937a85764a5298a765445
179027 1 19 15 0 5 2 1 0 0  aaa99988877aa9846397a896937a86752a6598a755464
179150 1 19 15 4 2 1 0 0 0  aaa99988877aa9875697a894966a83765a3798a644552
179207 1 19 15 5 5 2 1 0 0  aaa99988877aa9875397a897937a85264a5698a666445
179243 1 19 15 6 5 2 1 0 0  aaa99988877aa9877393a895977a85264a5698a666445
179252 1 19 15 7 1 1 0 0 0  aaa99988877aa9874697a893967a86664a4598a553752
179279 1 19 15 7 5 2 1 0 0  aaa99988877aa9875397a895937a85464a4698a666752
179315 1 19 15 8 5 2 1 0 0  aaa99988877aa9877397a895937a85264a5698a666445
179351 1 19 15 9 5 2 1 0 0  aaa99988837aa9875793a895977a87264a5698a666445
179369 1 19 15 10 2 2 1 0 0  aaa99988866aa9865396a896937a85274a5798a777445
179375 1 19 15 10 3 2 1 0 0  aaa99988866aa9865396a895937a86274a5798a777445
179381 1 19 15 10 4 2 1 0 0  aaa99988866aa9866396a895937a85274a5798a777445
179383 1 19 15 10 5 0 1 0 0  aaa99988852aa9856594a896947a86473a6798a777365
179385 1 19 15 10 5 1 1 0 0  aaa99988855aa9856294a896947a86473a6798a777365
179386 1 19 15 10 5 2 0 0 0  aaa99988845aa9846594a896957a85373a6798a777266
179387 1 19 15 10 5 2 1 0 0  aaa99988855aa9855294a896947a86473a6798a777366
179423 1 19 16 0 5 2 1 0 0  aaa99988877aa9865397a895937a85742a8496a764656
179675 1 19 16 7 5 2 1 0 0  aaa99988877aa9875297a895947a85463a8694a666735
179786 1 19 17 0 0 1 0 0 0  aaa99977588aa9884798a798968a63764a4697a555632
179809 1 19 17 0 4 0 1 0 0  aaa99977588aa9884798a798928a55763a6697a664534
179815 1 19 17 0 5 0 1 0 0  aaa99977588aa9884798a798928a55763a4697a666534
180037 1 19 17 7 0 0 1 0 0  aaa99977788aa9887298a798968a76656a5594a346354
180121 1 19 17 9 2 0 1 0 0  aaa99966688aa9885298a698978a55376a4793a777544
180125 1 19 17 9 2 2 1 0 0  aaa99966688aa9884298a698978a54376a3795a777545
180137 1 19 17 9 4 2 1 0 0  aaa99965688aa9884298a698978a54376a3795a777645
180189 1 19 18 0 1 1 1 0 0  aaa99977488aa9888397a793988a77666a4596a554256
180199 1 19 18 0 3 0 1 0 0  aaa99977488aa9888397a793988a77666a4596a526545
180261 1 19 18 2 1 1 1 0 0  aaa99977788aa9888397a794988a73666a4596a554256
180271 1 19 18 2 3 0 1 0 0  aaa99977788aa9888397a794988a73666a4596a526545
180521 1 19 18 9 2 2 1 0 0  aaa99966688aa9888297a694988a54376a3795a777545
180533 1 19 18 9 4 2 1 0 0  aaa99965688aa9888297a694988a54376a3795a777645
180585 1 19 19 0 1 1 1 0 0  aaa99987788aa9884398a797978a73666a4596a554256
180595 1 19 19 0 3 0 1 0 0  aaa99987788aa9884398a797978a73666a4596a526545
180628 1 19 19 1 2 2 0 0 0  aaa99985488aa9883798a797978a44776a3695a662565
180634 1 19 19 1 3 2 0 0 0  aaa99985488aa9883798a797978a53776a2696a656445
180640 1 19 19 1 4 2 0 0 0  aaa99985488aa9883798a797978a53776a2695a666445
180644 1 19 19 1 5 1 0 0 0  aaa99986588aa9884798a797978a63774a4596a565632
180664 1 19 19 2 2 2 0 0 0  aaa99985488aa9883798a797978a53667a6795a662445
180670 1 19 19 2 3 2 0 0 0  aaa99985488aa9883798a797978a53667a6796a652445
180676 1 19 19 2 4 2 0 0 0  aaa99985488aa9883798a797978a53667a2795a666445
180678 1 19 19 2 5 0 0 0 0  aaa99986588aa9884798a797978a63557a3796a465642
180680 1 19 19 2 5 1 0 0 0  aaa99986588aa9884798a797978a63557a5796a464632
180710 1 19 19 3 4 1 0 0 0  aaa99985488aa9883798a793978a77567a6695a662445
180712 1 19 19 3 4 2 0 0 0  aaa99984588aa9885798a795978a77467a6694a665332
180782 1 19 19 5 4 1 0 0 0  aaa99985488aa9883798a797978a73567a6695a662445
180784 1 19 19 5 4 2 0 0 0  aaa99984588aa9885798a797978a75467a6694a665332
180856 1 19 19 7 4 2 0 0 0  aaa99985788aa9884798a797978a53267a6695a663445
180936 1 19 19 10 0 0 0 0 0  aaa99987588aa9884698a693968a73556a2697a475747
180938 1 19 19 10 0 1 0 0 0  aaa99987588aa9884698a693968a73556a5697a474727
180981 1 19 20 0 1 1 1 0 0  aaa99977488aa9888398a797978a73666a4596a554256
180991 1 19 20 0 3 0 1 0 0  aaa99977488aa9888398a797978a73666a4596a526545
181313 1 19 20 9 2 2 1 0 0  aaa99966688aa9888298a694978a54376a3795a777545
181325 1 19 20 9 4 2 1 0 0  aaa99965688aa9888298a694978a54376a3795a777645
181377 1 19 21 0 1 1 1 0 0  aaa99977438aa9877897a793988a88666a4596a554256
181387 1 19 21 0 3 0 1 0 0  aaa99977438aa9877897a793988a88666a4596a526545
181449 1 19 21 2 1 1 1 0 0  aaa99977738aa9874897a793988a88666a4596a554256
181459 1 19 21 2 3 0 1 0 0  aaa99977738aa9874897a793988a88666a4596a526545
181709 1 19 21 9 2 2 1 0 0  aaa99966628aa9854897a694988a88376a3795a777545
181721 1 19 21 9 4 2 1 0 0  aaa99965628aa9854897a694988a88376a3795a777645
181872 1 19 22 3 0 0 0 0 0  aaa99986677aa9877297a896965a65758a4493a834885
181873 1 19 22 3 0 0 1 0 0  aaa99986677aa9877297a896965a65748a5593a844883
181922 1 19 22 4 2 1 0 0 0  aaa99985477aa9875697a893966a44768a3795a862885
181924 1 19 22 4 2 2 0 0 0  aaa99984577aa9875697a895966a35768a4793a862884
182030 1 19 22 7 2 1 0 0 0  aaa99987577aa9874697a893967a63658a2694a855884
182231 1 20 0 1 5 2 1 0 0  aaa99998898aa7787298a658978a54776a4369a653645
182339 1 20 0 4 5 2 1 0 0  aaa99998898aa7787298a658978a54736a4769a653645
182515 1 20 0 9 5 0 1 0 0  aaa99998898aa7687598a658958a24376a3769a774645
182551 1 20 0 10 5 0 1 0 0  aaa99998898aa7684598a658958a24376a3769a777645
182680 1 20 1 3 2 2 0 0 0  aaa99995498aa8853898a753977a77862a8679a644665
182896 1 20 1 9 2 2 0 0 0  aaa99995498aa8853898a666927a57876a8769a773445
182908 1 20 1 9 4 2 0 0 0  aaa99995498aa8844898a656927a57876a8769a773635
182914 1 20 1 9 5 2 0 0 0  aaa99995498aa8853898a644927a57876a8769a773665
182961 1 20 2 0 1 1 1 0 0  aaa99998398aa8877892a787975a75664a6569a453648
182993 1 20 2 1 0 2 1 0 0  aaa99998698aa8866897a787977a24375a3659a564548
183075 1 20 2 3 2 1 1 0 0  aaa99998498aa8833897a784977a77666a4559a266558
183077 1 20 2 3 2 2 1 0 0  aaa99998498aa8833897a784977a77666a4259a566558
183111 1 20 2 4 2 1 1 0 0  aaa99998498aa8833897a787977a74666a4559a266558
183113 1 20 2 4 2 2 1 0 0  aaa99998498aa8833897a787977a74666a4259a566558
183275 1 20 2 8 5 2 1 0 0  aaa99998598aa8825897a685977a77376a3469a644658
183578 1 20 3 6 2 1 0 0 0  aaa99998598aa8844897a684977a77786a3659a663552
183586 1 20 3 6 3 2 0 0 0  aaa99998498aa8863897a583977a77785a2669a566454
183596 1 20 3 6 5 1 0 0 0  aaa99998598aa8844897a684977a77786a3569a655632
183722 1 20 3 10 2 1 0 0 0  aaa99998598aa8844896a784966a63687a3579a755772
183749 1 20 4 0 0 2 1 0 0  aaa99997798aa8866898a787973a76285a4659a563544
183788 1 20 4 1 1 1 0 0 0  aaa99995698aa8844898a784977a73787a3659a662565
183790 1 20 4 1 1 2 0 0 0  aaa99994698aa8835898a785977a75787a5649a662463
183792 1 20 4 1 2 0 0 0 0  aaa99996598aa8855898a784977a73787a3649a662546
183794 1 20 4 1 2 1 0 0 0  aaa99996598aa8865898a784977a73787a3659a662454
183800 1 20 4 1 3 1 0 0 0  aaa99996598aa8844898a784977a73787a3669a566552
183806 1 20 4 1 4 1 0 0 0  aaa99996598aa8844898a784977a73787a3659a666552
183832 1 20 4 2 2 2 0 0 0  aaa99996498aa8863898a583977a72785a7659a766454
183866 1 20 4 3 2 1 0 0 0  aaa99995498aa8844898a683977a77787a3659a662565
183868 1 20 4 3 2 2 0 0 0  aaa99994598aa8835898a685977a77787a5649a662463
183902 1 20 4 4 2 1 0 0 0  aaa99995498aa8844898a683977a73787a7659a662565
183904 1 20 4 4 2 2 0 0 0  aaa99994598aa8835898a685977a75787a7649a662463
183938 1 20 4 5 2 1 0 0 0  aaa99995498aa8853898a685977a73786a2679a667445
183940 1 20 4 5 2 2 0 0 0  aaa99994598aa8835898a685977a75786a2679a667443
183944 1 20 4 5 3 1 0 0 0  aaa99996598aa8844898a684977a73785a3679a667552
183950 1 20 4 5 4 1 0 0 0  aaa99995498aa8844898a686977a73786a3579a657625
183952 1 20 4 5 4 2 0 0 0  aaa99994598aa8835898a686977a75786a5479a647623
183956 1 20 4 5 5 1 0 0 0  aaa99995498aa8844898a683977a73786a2579a657665
183958 1 20 4 5 5 2 0 0 0  aaa99994598aa8835898a685977a75786a2479a647663
183974 1 20 4 6 2 1 0 0 0  aaa99995498aa8853898a685977a77786a3679a662445
183976 1 20 4 6 2 2 0 0 0  aaa99994598aa8835898a685977a77786a5679a662443
183980 1 20 4 6 3 1 0 0 0  aaa99996598aa8844898a684977a77785a3679a663552
184000 1 20 4 7 0 2 0 0 0  aaa99997698aa8866898a584977a73785a3659a762454
184004 1 20 4 7 1 1 0 0 0  aaa99997598aa8844898a684977a73785a3669a766552
184010 1 20 4 7 2 1 0 0 0  aaa99997598aa8864898a583977a73784a4659a766652
184012 1 20 4 7 2 2 0 0 0  aaa99997598aa8865898a485977a75784a4639a766632
184016 1 20 4 7 3 1 0 0 0  aaa99997598aa8864898a583977a73785a2669a766454
184018 1 20 4 7 3 2 0 0 0  aaa99997598aa8865898a485977a75784a4669a766332
184022 1 20 4 7 4 1 0 0 0  aaa99997598aa8844898a686977a74786a3569a755632
184028 1 20 4 7 5 1 0 0 0  aaa99997598aa8844898a684977a73786a3569a755662
184048 1 20 4 8 2 2 0 0 0  aaa99996498aa8863898a583977a77785a2659a766454
184084 1 20 4 9 2 2 0 0 0  aaa99996498aa8863898a583967a66785a2759a777454
184124 1 20 4 10 3 1 0 0 0  aaa99995498aa8844898a783966a63687a2579a756775
184126 1 20 4 10 3 2 0 0 0  aaa99994598aa8835898a785966a65687a2479a746773
184134 1 20 4 10 5 0 0 0 0  aaa99996598aa8864898a783954a65587a3279a764776
184202 1 20 5 1 4 1 0 0 0  aaa99995498aa8853897a787987a75286a6769a644635
184204 1 20 5 1 4 2 0 0 0  aaa99994598aa8835897a787987a75286a6769a635644
184222 1 20 5 2 1 2 0 0 0  aaa99995498aa8853897a787987a53687a2769a666445
184240 1 20 5 2 4 2 0 0 0  aaa99995498aa8853897a787987a53687a2769a644665
184244 1 20 5 2 5 1 0 0 0  aaa99996598aa8864897a787987a63487a4759a563652
184310 1 20 5 4 4 1 0 0 0  aaa99995498aa8853897a787987a44286a6769a675635
184312 1 20 5 4 4 2 0 0 0  aaa99994598aa8835897a787987a35286a6769a675644
184366 1 20 5 6 1 2 0 0 0  aaa99995698aa8854897a686987a53786a3779a672445
184368 1 20 5 6 2 0 0 0 0  aaa99996598aa8855897a684987a53786a3779a474626
184382 1 20 5 6 4 1 0 0 0  aaa99995498aa8853897a686987a44786a5779a673625
184384 1 20 5 6 4 2 0 0 0  aaa99994598aa8835897a686987a35786a5779a674624
184388 1 20 5 6 5 1 0 0 0  aaa99995498aa8853897a685987a44786a3779a672665
184390 1 20 5 6 5 2 0 0 0  aaa99994598aa8835897a685987a35786a4779a672664
184444 1 20 5 8 2 2 0 0 0  aaa99995498aa8853897a687987a53786a2779a666445
184456 1 20 5 8 4 2 0 0 0  aaa99995498aa8853897a687987a53786a6779a644625
184462 1 20 5 8 5 2 0 0 0  aaa99995498aa8853897a687987a53786a2779a644665
184468 1 20 5 9 0 2 0 0 0  aaa99996698aa8836897a685987a35484a5729a777645
184723 1 20 6 5 1 0 1 0 0  aaa99997598aa8855898a777964a66287a8679a644533
184727 1 20 6 5 1 2 1 0 0  aaa99997498aa8854898a777963a66287a8679a653545
184798 1 20 6 7 1 2 0 0 0  aaa99997398aa8857898a777966a63487a8469a452565
184906 1 20 6 10 1 2 0 0 0  aaa99995698aa8853898a753966a62487a8479a746775
184918 1 20 6 10 3 2 0 0 0  aaa99995498aa8853898a744966a63687a8279a756775
184926 1 20 6 10 5 0 0 0 0  aaa99996598aa8864898a763954a65587a8279a764773
185022 1 20 7 2 3 0 0 0 0  aaa99997598aa8884898a777966a63877a3569a546254
185114 1 20 7 5 0 1 0 0 0  aaa99997598aa8884898a777965a63867a3679a545624
185116 1 20 7 5 0 2 0 0 0  aaa99997598aa8885898a777964a65867a5679a433642
185124 1 20 7 5 2 0 0 0 0  aaa99997598aa8884898a777966a63867a3479a654552
185126 1 20 7 5 2 1 0 0 0  aaa99997598aa8884898a777966a63867a3579a655442
185134 1 20 7 5 3 2 0 0 0  aaa99997498aa8883898a777965a66857a3679a545624
185142 1 20 7 5 5 0 0 0 0  aaa99997598aa8884898a777946a54867a3679a663552
185144 1 20 7 5 5 1 0 0 0  aaa99997598aa8884898a777956a55867a3679a663442
185270 1 20 7 9 2 1 0 0 0  aaa99995498aa8883898a666957a57876a3769a772445
185272 1 20 7 9 2 2 0 0 0  aaa99994598aa8885898a666947a47876a5769a775332
185282 1 20 7 9 4 1 0 0 0  aaa99994498aa8884898a656957a57876a3769a773625
185284 1 20 7 9 4 2 0 0 0  aaa99994598aa8885898a636947a47876a5769a775623
185288 1 20 7 9 5 1 0 0 0  aaa99995498aa8883898a644957a57876a3769a772665
185290 1 20 7 9 5 2 0 0 0  aaa99994598aa8885898a635947a47876a5769a772663
185329 1 20 8 0 0 0 1 0 0  aaa99997798aa8866895a787972a76585a4839a664534
185390 1 20 8 1 4 1 0 0 0  aaa99995498aa8853897a787977a44286a6869a675635
185392 1 20 8 1 4 2 0 0 0  aaa99994598aa8835897a787977a35286a6869a675644
185410 1 20 8 2 1 2 0 0 0  aaa99995498aa8853897a787977a53687a2869a666445
185428 1 20 8 2 4 2 0 0 0  aaa99995498aa8853897a787977a53687a2869a644665
185432 1 20 8 2 5 1 0 0 0  aaa99996598aa8864897a787977a63487a4859a563652
185462 1 20 8 3 4 1 0 0 0  aaa99995498aa8853897a785977a77286a6869a644635
185464 1 20 8 3 4 2 0 0 0  aaa99994598aa8835897a785977a77286a6869a635644
185498 1 20 8 4 4 1 0 0 0  aaa99995498aa8853897a787977a75286a6869a644635
185500 1 20 8 4 4 2 0 0 0  aaa99994598aa8835897a787977a75286a6869a635644
185572 1 20 8 6 4 2 0 0 0  aaa99995498aa8853897a686977a77786a3869a652445
185576 1 20 8 6 5 1 0 0 0  aaa99995498aa8853897a685977a77786a3869a644625
185578 1 20 8 6 5 2 0 0 0  aaa99994598aa8835897a685977a77786a5869a644623
185615 1 20 8 7 5 2 1 0 0  aaa99996798aa8865897a787974a65387a5839a464652
185620 1 20 8 8 0 2 0 0 0  aaa99996698aa8836897a685977a77484a5829a735645
185660 1 20 8 9 1 1 0 0 0  aaa99995498aa8853892a787966a65687a6879a744735
185662 1 20 8 9 1 2 0 0 0  aaa99994598aa8835892a787966a65687a6879a735744
185666 1 20 8 9 2 1 0 0 0  aaa99995498aa8853896a787966a65687a3879a744725
185668 1 20 8 9 2 2 0 0 0  aaa99994598aa8835896a787966a65687a5879a744723
185702 1 20 8 10 2 1 0 0 0  aaa99995498aa8853896a785966a63687a2879a744775
185704 1 20 8 10 2 2 0 0 0  aaa99994598aa8835896a785966a65687a2879a744773
185806 1 20 9 2 1 2 0 0 0  aaa99995498aa8853897a787977a53687a6689a662445
185818 1 20 9 2 3 2 0 0 0  aaa99995498aa8853897a787977a44687a3689a662565
185824 1 20 9 2 4 2 0 0 0  aaa99995498aa8853897a787977a53687a2689a666445
185828 1 20 9 2 5 1 0 0 0  aaa99996598aa8864897a787977a63487a4589a565632
185938 1 20 9 5 5 2 0 0 0  aaa99996598aa8865897a787974a65783a5289a764634
185954 1 20 9 6 2 1 0 0 0  aaa99995498aa8853897a685977a77786a3689a662445
185956 1 20 9 6 2 2 0 0 0  aaa99994598aa8835897a685977a77786a5689a662443
185960 1 20 9 6 3 1 0 0 0  aaa99996598aa8844897a684977a77785a3689a663552
186034 1 20 9 8 3 2 0 0 0  aaa99995498aa8853897a683977a77686a6689a752445
186086 1 20 9 10 0 1 0 0 0  aaa99997598aa8874896a683966a73486a4589a575727
186110 1 20 9 10 4 1 0 0 0  aaa99997598aa8874896a683965a73684a4689a575727
186210 1 20 10 2 3 0 0 0 0  aaa99997598aa8884898a777966a63787a3569a546254
186318 1 20 10 5 3 0 0 0 0  aaa99997598aa8884898a777966a63687a3479a654552
186320 1 20 10 5 3 1 0 0 0  aaa99997598aa8884898a777966a63687a3579a655442
186330 1 20 10 5 5 0 0 0 0  aaa99997498aa8883898a777956a53587a2679a666445
186500 1 20 10 10 3 1 0 0 0  aaa99995498aa8883898a744966a63687a2579a756775
186502 1 20 10 10 3 2 0 0 0  aaa99994598aa8885898a735966a65687a2479a746773
186510 1 20 10 10 5 0 0 0 0  aaa99996598aa8884898a763954a65587a3279a764776
186726 1 20 11 5 5 0 0 0 0  aaa99997498aa8888898a777956a53567a3679a662445
186962 1 20 12 1 2 1 0 0 0  aaa99995498aa8885898a758977a73767a3629a644665
186964 1 20 12 1 2 2 0 0 0  aaa99994598aa8885898a738977a75767a5629a644663
187000 1 20 12 2 2 2 0 0 0  aaa99996498aa8883898a568977a73765a7659a762454
187164 1 20 12 7 0 0 0 0 0  aaa99997498aa8883898a668977a73756a6559a762454
187172 1 20 12 7 1 1 0 0 0  aaa99997498aa8883898a568977a73766a6559a762454
187358 1 20 13 1 2 1 0 0 0  aaa99995498aa8883897a778987a44776a3659a662565
187360 1 20 13 1 2 2 0 0 0  aaa99994598aa8885897a778987a35776a5649a662463
187560 1 20 13 7 0 0 0 0 0  aaa99997498aa8883897a778986a63765a6559a745624
187612 1 20 13 8 2 2 0 0 0  aaa99995498aa8883897a658987a44777a7629a663565
187754 1 20 14 1 2 1 0 0 0  aaa99994498aa8884897a773987a58776a3659a662565
187756 1 20 14 1 2 2 0 0 0  aaa99994598aa8885897a775987a38776a5649a662463
187784 1 20 14 2 1 1 0 0 0  aaa99996498aa8883897a773986a68765a7659a744525
187856 1 20 14 4 1 1 0 0 0  aaa99996498aa8883897a773986a68775a7659a644525
187956 1 20 14 7 0 0 0 0 0  aaa99997498aa8883897a773986a68765a6559a745624
188186 1 20 15 2 2 1 0 0 0  aaa99996498aa8863897a773986a66785a7559a782454
188192 1 20 15 2 3 1 0 0 0  aaa99996498aa8844897a773986a66785a7659a783525
188234 1 20 15 3 4 1 0 0 0  aaa99995498aa8853897a777987a44286a6769a685635
188236 1 20 15 3 4 2 0 0 0  aaa99994598aa8835897a777987a35286a6769a685644
188270 1 20 15 4 4 1 0 0 0  aaa99995498aa8853897a775987a44286a6769a687635
188272 1 20 15 4 4 2 0 0 0  aaa99994598aa8835897a775987a35286a6769a687644
188288 1 20 15 5 1 1 0 0 0  aaa99995498aa8844897a773986a66786a3759a682575
188290 1 20 15 5 1 2 0 0 0  aaa99994598aa8835897a775986a66786a5749a682473
188296 1 20 15 5 2 2 0 0 0  aaa99996598aa8865897a775986a66784a5739a484372
188312 1 20 15 5 5 1 0 0 0  aaa99996498aa8863897a773985a62784a4759a585676
188332 1 20 15 6 2 2 0 0 0  aaa99996498aa8863897a777986a66785a3759a582454
188360 1 20 15 7 1 1 0 0 0  aaa99997598aa8844897a774986a66785a3669a783552
188366 1 20 15 7 2 1 0 0 0  aaa99997598aa8864897a773986a66785a3459a784652
188372 1 20 15 7 3 1 0 0 0  aaa99997598aa8864897a773986a66785a3659a782454
188374 1 20 15 7 3 2 0 0 0  aaa99997598aa8865897a775986a66784a5639a782434
188378 1 20 15 7 4 1 0 0 0  aaa99997598aa8844897a774985a55786a3669a783662
188438 1 20 15 9 2 1 0 0 0  aaa99996498aa8863895a747986a66587a5579a783724
188580 1 20 16 2 2 0 0 0 0  aaa99996498aa8863897a773986a66785a7559a745824
188608 1 20 16 3 0 2 0 0 0  aaa99996698aa8836897a777987a35484a5729a665845
188644 1 20 16 4 0 2 0 0 0  aaa99996698aa8836897a775987a35484a5729a667845
188684 1 20 16 5 1 1 0 0 0  aaa99995498aa8853897a775986a66786a3729a644875
188686 1 20 16 5 1 2 0 0 0  aaa99994598aa8835897a775986a66786a5729a644873
188690 1 20 16 5 2 1 0 0 0  aaa99996498aa8863897a773986a66784a4759a555872
188702 1 20 16 5 4 1 0 0 0  aaa99995498aa8853897a775986a44786a3729a666875
188704 1 20 16 5 4 2 0 0 0  aaa99994598aa8835897a775986a35786a4729a666874
188708 1 20 16 5 5 1 0 0 0  aaa99996498aa8863897a773985a62784a4759a565876
188824 1 20 16 9 0 2 0 0 0  aaa99996698aa8836897a665987a35484a5729a777845
188976 1 20 17 2 2 0 0 0 0  aaa99996498aa8883897a773986a66785a7559a745624
188984 1 20 17 2 3 1 0 0 0  aaa99996498aa8883897a773986a66785a7659a744525
189026 1 20 17 3 4 1 0 0 0  aaa99995498aa8885897a777987a53286a6769a644635
189028 1 20 17 3 4 2 0 0 0  aaa99994598aa8885897a777987a35286a6769a635644
189062 1 20 17 4 4 1 0 0 0  aaa99995498aa8885897a773987a44286a6769a657635
189064 1 20 17 4 4 2 0 0 0  aaa99994598aa8885897a775987a35286a6769a637644
189080 1 20 17 5 1 1 0 0 0  aaa99995498aa8883897a773986a66786a2759a644575
189082 1 20 17 5 1 2 0 0 0  aaa99994598aa8885897a775986a66786a5739a644372
189086 1 20 17 5 2 1 0 0 0  aaa99996498aa8883897a773986a66784a4759a555672
189098 1 20 17 5 4 1 0 0 0  aaa99995498aa8883897a773986a44786a2759a666575
189100 1 20 17 5 4 2 0 0 0  aaa99994598aa8885897a775986a35786a2749a666473
189104 1 20 17 5 5 1 0 0 0  aaa99996498aa8883897a773985a62784a4759a565676
189146 1 20 17 7 0 1 0 0 0  aaa99997598aa8884897a773986a63785a2669a744556
189152 1 20 17 7 1 1 0 0 0  aaa99997598aa8884897a773986a66785a3669a744552
189170 1 20 17 7 4 1 0 0 0  aaa99997598aa8884897a773986a44785a3669a766552
189338 1 20 18 1 2 1 0 0 0  aaa99995498aa8888897a773987a44776a3659a662565
189340 1 20 18 1 2 2 0 0 0  aaa99994598aa8888897a775987a35776a5649a662463
189540 1 20 18 7 0 0 0 0 0  aaa99997498aa8888897a773986a63765a6559a745624
189734 1 20 19 1 2 1 0 0 0  aaa99995498aa8883897a773977a44686a6589a657625
189736 1 20 19 1 2 2 0 0 0  aaa99994598aa8885897a775977a35686a6489a647623
189746 1 20 19 1 4 1 0 0 0  aaa99995498aa8883897a773977a44686a2589a657665
189748 1 20 19 1 4 2 0 0 0  aaa99994598aa8885897a775977a35686a2489a647663
189750 1 20 19 1 5 0 0 0 0  aaa99996598aa8884897a773977a63584a5589a267646
189757 1 20 19 2 0 0 1 0 0  aaa99996698aa8886897a775977a55287a4689a364534
189764 1 20 19 2 1 1 0 0 0  aaa99995498aa8885897a773977a53687a6689a662445
189766 1 20 19 2 1 2 0 0 0  aaa99994598aa8885897a775977a35687a6689a662443
189768 1 20 19 2 2 0 0 0 0  aaa99996598aa8884897a773977a55487a4689a663526
189776 1 20 19 2 3 1 0 0 0  aaa99995498aa8885897a773977a44687a3689a662565
189778 1 20 19 2 3 2 0 0 0  aaa99994598aa8885897a775977a35687a4689a662364
189782 1 20 19 2 4 1 0 0 0  aaa99995498aa8885897a773977a53687a2689a666445
189784 1 20 19 2 4 2 0 0 0  aaa99994598aa8885897a775977a35687a2689a666443
189788 1 20 19 2 5 1 0 0 0  aaa99996598aa8884897a773977a63487a4589a565626
189872 1 20 19 5 1 1 0 0 0  aaa99994598aa8884897a773976a66786a3589a755624
189884 1 20 19 5 3 1 0 0 0  aaa99996598aa8884897a773976a66785a3689a744552
189890 1 20 19 5 4 1 0 0 0  aaa99996598aa8884897a773976a44785a3689a766552
189936 1 20 19 7 0 0 0 0 0  aaa99997598aa8884897a773976a63687a2689a455546
189938 1 20 19 7 0 1 0 0 0  aaa99997598aa8885897a774976a63687a3689a545624
190026 1 20 19 9 3 0 0 0 0  aaa99996498aa8883897a666957a53586a2789a777445
190046 1 20 19 10 0 1 0 0 0  aaa99997598aa8884896a673966a73486a4589a575727
190070 1 20 19 10 4 1 0 0 0  aaa99997598aa8884896a673965a73684a4689a575727
190142 1 20 20 1 4 1 0 0 0  aaa99995498aa8888897a773977a44286a6569a657635
190144 1 20 20 1 4 2 0 0 0  aaa99993598aa8888897a775977a35486a6469a647652
190332 1 20 20 7 0 0 0 0 0  aaa99997598aa8888897a774976a63687a3659a545624
190334 1 20 20 7 0 1 0 0 0  aaa99997598aa8888897a774976a63687a3649a555642
190686 1 20 21 5 5 0 0 0 0  aaa99997498aa7877895a653988a88576a3769a644625
190903 1 20 22 0 5 0 1 0 0  aaa99997797aa8674597a657958a24386a3869a888645
190962 1 20 22 2 3 0 0 0 0  aaa99996497aa8773797a666958a53587a2869a888445
191072 1 20 22 5 3 1 0 0 0  aaa99995497aa8773796a663978a44687a2859a888565
191074 1 20 22 5 3 2 0 0 0  aaa99994597aa8775796a665978a35687a2849a888463
191082 1 20 22 5 5 0 0 0 0  aaa99996597aa8774795a465978a63587a3829a888646
191138 1 20 22 7 2 1 0 0 0  aaa99997597aa8774796a663968a44687a3859a888552
191268 1 21 0 0 0 0 0 0 0  aaa99988678aa9875798a984897a93766a3567a546254
191270 1 21 0 0 0 1 0 0 0  aaa99988578aa9874798a983897a93766a2567a565446
191276 1 21 0 0 1 1 0 0 0  aaa99988678aa9874798a983897a93765a6657a644525
191282 1 21 0 0 2 1 0 0 0  aaa99988578aa9874798a983897a93766a6657a562454
191284 1 21 0 0 2 2 0 0 0  aaa99988578aa9875798a985897a95766a6647a464332
191286 1 21 0 0 3 0 0 0 0  aaa99988578aa9874798a983897a93766a6657a545624
191288 1 21 0 0 3 1 0 0 0  aaa99988578aa9874798a983897a93766a6647a555642
191294 1 21 0 0 4 1 0 0 0  aaa99988578aa9874798a983897a93765a6657a662454
191296 1 21 0 0 4 2 0 0 0  aaa99988578aa9875798a985897a95764a6637a662434
191300 1 21 0 0 5 1 0 0 0  aaa99988578aa9874798a983897a93765a2657a666454
191302 1 21 0 0 5 2 0 0 0  aaa99988578aa9875798a985897a95764a4647a666332
191304 1 21 0 1 0 0 0 0 0  aaa99988578aa9877798a983897a93676a2655a446654
191348 1 21 0 2 1 1 0 0 0  aaa99988478aa9877798a983897a93665a6567a545624
191354 1 21 0 2 2 1 0 0 0  aaa99988578aa9877798a984897a93666a3257a566454
191356 1 21 0 2 2 2 0 0 0  aaa99988578aa9877798a985897a95666a5447a366432
191438 1 21 0 4 4 1 0 0 0  aaa99988578aa9877698a984896a93765a3757a662454
191440 1 21 0 4 4 2 0 0 0  aaa99988578aa9877698a985896a95764a5737a662434
191462 1 21 0 5 2 1 0 0 0  aaa99988578aa9877798a984896a93666a3257a576454
191464 1 21 0 5 2 2 0 0 0  aaa99988578aa9877798a985896a95666a5447a376432
191497 1 21 0 6 2 0 1 0 0  aaa99988568aa9866298a984897a94777a7556a375634
191499 1 21 0 6 2 1 1 0 0  aaa99988568aa9866298a984897a94777a7536a575634
191500 1 21 0 6 2 2 0 0 0  aaa99988568aa9866298a985897a95777a7346a375644
191501 1 21 0 6 2 2 1 0 0  aaa99988568aa9866298a985897a95777a7436a474635
191513 1 21 0 6 4 2 1 0 0  aaa99988548aa9865498a984897a95777a7363a675662
191569 1 21 0 8 2 0 1 0 0  aaa99988568aa9866298a984897a94777a7557a365634
191571 1 21 0 8 2 1 1 0 0  aaa99988568aa9866298a984897a94777a7537a565634
191572 1 21 0 8 2 2 0 0 0  aaa99988568aa9866298a985897a95777a7347a365644
191573 1 21 0 8 2 2 1 0 0  aaa99988568aa9866298a985897a95777a7437a464635
191600 1 21 0 9 1 1 0 0 0  aaa99988568aa9866798a984897a93675a3756a772454
191602 1 21 0 9 1 2 0 0 0  aaa99988568aa9866798a985897a95674a5736a772434
191623 1 21 0 9 5 0 1 0 0  aaa99988628aa9856798a986897a96575a6745a773443
191625 1 21 0 9 5 1 1 0 0  aaa99988628aa9856798a986897a96574a6755a773443
191627 1 21 0 9 5 2 1 0 0  aaa99988628aa9846798a986897a96375a3754a776554
191641 1 21 0 10 2 0 1 0 0  aaa99988568aa9866298a984897a94573a5756a777634
191643 1 21 0 10 2 1 1 0 0  aaa99988568aa9866298a984897a94575a5736a777634
191644 1 21 0 10 2 2 0 0 0  aaa99988568aa9866298a985897a95374a5736a777644
191645 1 21 0 10 2 2 1 0 0  aaa99988568aa9866298a985897a95474a4736a777635
191657 1 21 0 10 4 2 1 0 0  aaa99988548aa9865498a984897a95376a5763a777662
191664 1 21 1 0 0 0 0 0 0  aaa99988887aa9875897a973897a93676a2655a446654
191983 1 21 1 8 5 0 1 0 0  aaa99988882aa9865897a964897a94777a7556a365634
191985 1 21 1 8 5 1 1 0 0  aaa99988882aa9865897a964897a94777a7536a565634
191986 1 21 1 8 5 2 0 0 0  aaa99988882aa9865897a965897a95777a7346a365644
191987 1 21 1 8 5 2 1 0 0  aaa99988882aa9865897a965897a95777a7436a464635
192470 1 21 3 0 2 1 0 0 0  aaa99988878aa9874795a983897a93766a6657a562454
192482 1 21 3 0 4 1 0 0 0  aaa99988878aa9874795a983897a93765a6657a662454
192781 1 21 3 9 0 0 1 0 0  aaa99988878aa9866297a986896a94755a4777a365534
192783 1 21 3 9 0 1 1 0 0  aaa99988878aa9866297a986896a94755a5777a364534
192785 1 21 3 9 0 2 1 0 0  aaa99988878aa9866297a986896a94735a4777a563554
192806 1 21 3 9 4 1 0 0 0  aaa99988878aa9845697a984896a93765a3777a662554
192811 1 21 3 9 5 0 1 0 0  aaa99988878aa9855297a985896a94763a4777a666534
192863 1 21 4 0 1 2 1 0 0  aaa99988888aa9877297a974795a97663a6568a554634
192865 1 21 4 0 2 0 1 0 0  aaa99988888aa9877297a974796a97666a4558a365534
192867 1 21 4 0 2 1 1 0 0  aaa99988888aa9877297a974796a97666a4538a565534
192869 1 21 4 0 2 2 1 0 0  aaa99988888aa9877297a974796a97666a4358a563554
192871 1 21 4 0 3 0 1 0 0  aaa99988888aa9877297a974796a97665a6568a354534
192885 1 21 4 0 5 1 1 0 0  aaa99988888aa9877297a974796a97565a5638a664534
192887 1 21 4 0 5 2 1 0 0  aaa99988888aa9877297a974796a97365a3658a664554
192907 1 21 4 1 3 0 1 0 0  aaa99988888aa9855797a975792a94676a6638a754634
192965 1 21 4 3 0 2 1 0 0  aaa99988888aa9866797a977793a96275a4658a563544
193010 1 21 4 4 2 1 0 0 0  aaa99988888aa9845797a974796a93677a3668a562554
193118 1 21 4 7 2 1 0 0 0  aaa99988888aa9875797a974796a93666a3758a562454
193120 1 21 4 7 2 2 0 0 0  aaa99988888aa9875797a975796a95666a5748a464332
193145 1 21 4 8 0 2 1 0 0  aaa99988888aa9866797a977793a96265a4758a563544
193577 1 21 5 9 0 2 1 0 0  aaa99988878aa9866397a986396a95728a5777a465445
193658 1 21 6 0 2 1 0 0 0  aaa99988878aa9875798a984796a93666a3757a562454
193660 1 21 6 0 2 2 0 0 0  aaa99988878aa9875798a985796a95666a5747a464332
194021 1 21 6 10 2 2 1 0 0  aaa99988868aa9866298a984597a94575a5736a777634
194037 1 21 6 10 5 1 1 0 0  aaa99988828aa9846598a986597a96575a6734a777364
194186 1 21 7 4 0 1 0 0 0  aaa99977788aa9885698a964697a93886a3756a744552
194234 1 21 7 5 2 1 0 0 0  aaa99977788aa9885698a974696a93887a3675a652445
194236 1 21 7 5 2 2 0 0 0  aaa99977788aa9885698a975696a95887a5674a644332
194264 1 21 7 6 1 1 0 0 0  aaa99966588aa9884798a963797a97886a3765a752445
194266 1 21 7 6 1 2 0 0 0  aaa99966588aa9885798a965797a97886a5764a744332
194272 1 21 7 6 2 2 0 0 0  aaa99966688aa9884798a953797a97886a3765a752445
194284 1 21 7 6 4 2 0 0 0  aaa99965688aa9884798a953797a97886a3765a744625
194290 1 21 7 6 5 2 0 0 0  aaa99965488aa9883798a953797a97886a2765a744665
194328 1 21 7 8 0 0 0 0 0  aaa99966588aa9884798a973797a97887a3665a455246
194456 1 21 8 0 3 1 0 0 0  aaa99988878aa9875796a984796a93666a3758a572454
194458 1 21 8 0 3 2 0 0 0  aaa99988878aa9875796a985796a95666a5748a474332
194830 1 21 8 10 5 2 0 0 0  aaa99988848aa9846492a986397a96375a6758a777556
194831 1 21 8 10 5 2 1 0 0  aaa99988848aa9826494a986397a96375a6758a777556
194846 1 21 9 0 2 1 0 0 0  aaa99988878aa9874795a983796a93666a8757a562454
195227 1 21 9 10 5 2 1 0 0  aaa99988858aa9826595a958497a96474a6738a777366
195240 1 21 10 0 2 0 0 0 0  aaa99977588aa9884798a973896a93767a2865a655464
195242 1 21 10 0 2 1 0 0 0  aaa99977588aa9885798a974896a93767a3864a655624
195248 1 21 10 0 3 1 0 0 0  aaa99977588aa9884798a973896a96767a3865a652445
195250 1 21 10 0 3 2 0 0 0  aaa99977588aa9885798a975896a96767a5864a644332
195278 1 21 10 1 2 1 0 0 0  aaa99977788aa9884698a966897a93577a3856a562454
195299 1 21 10 1 5 2 1 0 0  aaa99977788aa9885298a965897a95377a3846a465646
195374 1 21 10 4 0 1 0 0 0  aaa99977788aa9885698a964896a93777a3856a644552
195422 1 21 10 5 2 1 0 0 0  aaa99977788aa9884698a973896a96567a3875a652445
195434 1 21 10 5 4 1 0 0 0  aaa99977788aa9885698a974896a93467a4875a663525
195443 1 21 10 5 5 2 1 0 0  aaa99977788aa9885298a975896a95367a3874a666454
195517 1 21 10 8 0 0 1 0 0  aaa99966588aa9884398a964897a93777a7827a656554
196025 1 21 12 0 0 2 1 0 0  aaa99977688aa9884298a977796a96837a4865a653545
196070 1 21 12 1 2 1 0 0 0  aaa99977788aa9885798a954796a93867a3865a644625
196072 1 21 12 1 2 2 0 0 0  aaa99977788aa9885798a945796a95867a5863a644623
196078 1 21 12 1 3 2 0 0 0  aaa99977788aa9884798a953796a96867a3865a652445
196138 1 21 12 3 1 2 0 0 0  aaa99957488aa9883798a973797a97866a6856a562454
196160 1 21 12 3 5 1 0 0 0  aaa99967588aa9884798a973797a97856a3864a655624
196166 1 21 12 4 0 1 0 0 0  aaa99977788aa9885698a964796a93877a3856a644552
196310 1 21 12 8 0 1 0 0 0  aaa99966588aa9884798a973797a97867a3856a644552
196597 1 21 13 5 0 0 1 0 0  aaa99977788aa9886298a978696a94857a6675a534543
196764 1 21 13 9 4 0 0 0 0  aaa99965588aa9885798a958697a94876a3764a773624
196767 1 21 13 9 4 1 1 0 0  aaa99965688aa9885798a958397a94876a3762a774645
196826 1 21 14 0 2 1 0 0 0  aaa99977588aa9884796a973898a98767a3664a562554
196957 1 21 14 4 0 0 1 0 0  aaa99977788aa9884396a963898a98777a4655a526645
197065 1 21 14 7 0 0 1 0 0  aaa99977788aa9887296a976898a98667a5554a345364
197066 1 21 14 7 0 1 0 0 0  aaa99977788aa9887296a976898a98667a4555a345364
197067 1 21 14 7 0 1 1 0 0  aaa99977788aa9887296a976898a98667a5534a545364
197068 1 21 14 7 0 2 0 0 0  aaa99977788aa9887296a976898a98667a4534a555364
197069 1 21 14 7 0 2 1 0 0  aaa99977788aa9887296a976898a98357a6563a554644
197258 1 21 15 1 2 1 0 0 0  aaa99988877aa9875697a984696a93778a3658a644552
197306 1 21 15 2 4 1 0 0 0  aaa99988877aa9875697a984796a93468a4758a663552
197315 1 21 15 2 5 2 1 0 0  aaa99988877aa9875297a985796a95368a3748a666445
197423 1 21 15 5 5 2 1 0 0  aaa99988877aa9875297a987796a95368a3648a665445
197474 1 21 15 7 2 1 0 0 0  aaa99988877aa9874697a983796a96568a3658a572454
197486 1 21 15 7 4 1 0 0 0  aaa99988877aa9875697a984796a93468a4658a673552
197495 1 21 15 7 5 2 1 0 0  aaa99988877aa9875297a985796a95368a3648a676445
197531 1 21 15 8 5 2 1 0 0  aaa99988877aa9877297a985796a95368a3648a665445
197569 1 21 15 10 0 0 1 0 0  aaa99988866aa9855296a985697a94378a3768a777544
197571 1 21 15 10 0 1 1 0 0  aaa99988866aa9854296a985697a94378a3768a777545
197572 1 21 15 10 0 2 0 0 0  aaa99988866aa9835296a985697a95478a4768a777354
197573 1 21 15 10 0 2 1 0 0  aaa99988866aa9845296a985697a95378a3768a777454
197585 1 21 15 10 2 2 1 0 0  aaa99988866aa9865396a986397a95278a5748a777445
197591 1 21 15 10 3 2 1 0 0  aaa99988866aa9865296a985697a95378a3748a777445
197597 1 21 15 10 4 2 1 0 0  aaa99988866aa9866396a985397a95278a5748a777445
197601 1 21 15 10 5 1 1 0 0  aaa99988855aa9856294a986597a96478a6748a777363
197602 1 21 15 10 5 2 0 0 0  aaa99988845aa9846594a986597a95378a6738a777266
197603 1 21 15 10 5 2 1 0 0  aaa99988835aa9836594a986597a95478a6748a777266
197635 1 21 16 0 5 0 1 0 0  aaa99988877aa9855297a985796a98468a7744a666533
197785 1 21 16 5 0 0 1 0 0  aaa99988877aa9874297a987796a98668a4565a533645
197821 1 21 16 6 0 0 1 0 0  aaa99988877aa9877296a986797a98668a5554a345364
197822 1 21 16 6 0 1 0 0 0  aaa99988877aa9877296a986797a98668a4555a345364
197823 1 21 16 6 0 1 1 0 0  aaa99988877aa9877296a986797a98668a5534a545364
197824 1 21 16 6 0 2 0 0 0  aaa99988877aa9877296a986797a98668a4534a555364
197825 1 21 16 6 0 2 1 0 0  aaa99988877aa9877296a986797a98358a6563a554644
197965 1 21 16 10 0 0 1 0 0  aaa99988866aa9855296a985697a98378a4763a777544
197967 1 21 16 10 0 1 1 0 0  aaa99988866aa9855296a984697a98378a3765a777544
197969 1 21 16 10 0 2 1 0 0  aaa99988866aa9854296a984697a98378a3765a777545
198206 1 21 17 5 4 1 0 0 0  aaa99977788aa9884698a978896a93567a3675a652445
198215 1 21 17 5 5 2 1 0 0  aaa99977788aa9885298a978896a95367a3674a665454
198233 1 21 17 6 2 2 1 0 0  aaa99966688aa9884298a958897a94777a7365a673545
198245 1 21 17 6 4 2 1 0 0  aaa99965688aa9884298a958897a94777a7365a673645
198249 1 21 17 6 5 1 1 0 0  aaa99965588aa9884298a958897a94777a7365a673664
198253 1 21 17 7 0 0 1 0 0  aaa99977788aa9887298a978896a96667a5554a345364
198254 1 21 17 7 0 1 0 0 0  aaa99977788aa9887298a978896a96667a4555a345364
198255 1 21 17 7 0 1 1 0 0  aaa99977788aa9887298a978896a96667a5534a545364
198256 1 21 17 7 0 2 0 0 0  aaa99977788aa9887298a978896a96667a4534a555364
198257 1 21 17 7 0 2 1 0 0  aaa99977788aa9887298a978896a96547a6555a644633
198305 1 21 17 8 2 2 1 0 0  aaa99966688aa9884298a958897a94777a7367a653545
198338 1 21 17 9 2 1 0 0 0  aaa99966688aa9884798a958897a93576a3765a772445
198350 1 21 17 9 4 1 0 0 0  aaa99965688aa9885798a958897a93476a4764a773625
198377 1 21 17 10 2 2 1 0 0  aaa99966688aa9884298a958897a94376a3765a777545
198389 1 21 17 10 4 2 1 0 0  aaa99965688aa9884298a958897a94376a3765a777645
198393 1 21 17 10 5 1 1 0 0  aaa99965588aa9884298a958897a94376a3765a777664
198410 1 21 18 0 2 1 0 0 0  aaa99977588aa9888796a974898a93767a3664a562554
198649 1 21 18 7 0 0 1 0 0  aaa99977788aa9888296a976898a97667a5554a345364
198650 1 21 18 7 0 1 0 0 0  aaa99977788aa9888296a976898a97667a4555a345364
198651 1 21 18 7 0 1 1 0 0  aaa99977788aa9888296a976898a97667a5534a545364
198652 1 21 18 7 0 2 0 0 0  aaa99977788aa9888296a976898a97667a4534a555364
198653 1 21 18 7 0 2 1 0 0  aaa99977788aa9888296a976898a97357a6563a554644
198864 1 21 19 2 0 0 0 0 0  aaa99987588aa9883798a977897a93676a2655a446654
198900 1 21 19 3 0 0 0 0 0  aaa99987588aa9884698a963896a93777a7657a545624
198902 1 21 19 3 0 1 0 0 0  aaa99987588aa9884698a963896a93777a7647a555642
198926 1 21 19 3 4 1 0 0 0  aaa99987588aa9884698a944896a93777a7657a663552
198962 1 21 19 4 4 1 0 0 0  aaa99985488aa9883798a977897a93576a6765a644625
198964 1 21 19 4 4 2 0 0 0  aaa99984588aa9885798a977897a95476a6764a635623
198980 1 21 19 5 1 1 0 0 0  aaa99987488aa9883798a977897a93665a6567a545624
198986 1 21 19 5 2 1 0 0 0  aaa99987588aa9884798a977897a93666a3257a566454
198988 1 21 19 5 2 2 0 0 0  aaa99987588aa9885798a977897a95666a5447a366432
199124 1 21 19 9 1 1 0 0 0  aaa99986588aa9884798a944897a93676a6756a773552
199142 1 21 19 9 4 1 0 0 0  aaa99986588aa9884798a953897a93476a4765a772665
199394 1 21 20 5 4 1 0 0 0  aaa99977788aa9888698a974896a93567a3675a652445
199403 1 21 20 5 5 2 1 0 0  aaa99977788aa9888298a975896a95367a3674a665454
199421 1 21 20 6 2 2 1 0 0  aaa99966688aa9888298a954897a94777a7365a673545
199433 1 21 20 6 4 2 1 0 0  aaa99965688aa9888298a954897a94777a7365a673645
199493 1 21 20 8 2 2 1 0 0  aaa99966688aa9888298a954897a94777a7367a653545
199565 1 21 20 10 2 2 1 0 0  aaa99966688aa9888298a954897a94376a3765a777545
199577 1 21 20 10 4 2 1 0 0  aaa99965688aa9888298a954897a94376a3765a777645
199617 1 21 21 0 5 1 1 0 0  aaa99977628aa9747795a976598a96585a6834a888364
199871 1 21 21 7 5 2 1 0 0  aaa99977758aa9726595a957498a96484a6837a888366
200000 0 21 22 0 3 1 0 0 0  aaa99987767aa9876697a967694a94558a5485a833882
200193 1 21 22 5 5 1 1 0 0  aaa99985577aa9874297a957796a94368a3685a866884
200234 1 21 22 7 0 1 0 0 0  aaa99987577aa9874697a963796a93468a4586a855882
200258 1 21 22 7 4 1 0 0 0  aaa99987577aa9874697a953796a93468a4685a862885
200384 1 22 0 0 1 1 0 0 0  aaa99998898aa7785298a778897a97666a3546a545436
200386 1 22 0 0 1 2 0 0 0  aaa99998898aa7785298a778897a97666a5446a345356
200389 1 22 0 0 2 0 1 0 0  aaa99998898aa7784298a778897a97665a6566a354534
200627 1 22 0 6 5 2 1 0 0  aaa99998898aa7684298a658897a94777a7365a653645
200735 1 22 0 9 5 2 1 0 0  aaa99998898aa7687298a658897a94376a3765a754645
200765 1 22 0 10 4 2 1 0 0  aaa99998898aa7686298a658897a94376a3765a774545
200771 1 22 0 10 5 2 1 0 0  aaa99998898aa7685298a648897a95376a3764a775654
200903 1 22 1 3 3 2 1 0 0  aaa99996798aa8854898a666297a97876a8735a754534
200980 1 22 1 5 4 2 0 0 0  aaa99997498aa8853898a777296a96867a8675a653445
201012 1 22 1 6 4 0 0 0 0  aaa99995598aa8854898a636797a97846a8763a774652
201041 1 22 1 7 2 2 1 0 0  aaa99997498aa8857898a777696a96827a8635a654534
201053 1 22 1 7 4 2 1 0 0  aaa99997498aa8857898a777296a96867a8635a654534
201062 1 22 1 8 0 1 0 0 0  aaa99996698aa8856898a664297a97877a8754a573534
201064 1 22 1 8 0 2 0 0 0  aaa99996698aa8856898a663297a97877a8745a474535
201068 1 22 1 8 1 1 0 0 0  aaa99996598aa8854898a663297a97877a8765a673445
201070 1 22 1 8 1 2 0 0 0  aaa99996598aa8845898a665297a97877a8763a675443
201076 1 22 1 8 2 2 0 0 0  aaa99995498aa8853898a666297a97877a8765a673445
201084 1 22 1 8 4 0 0 0 0  aaa99995598aa8844898a656297a97877a8764a675633
201088 1 22 1 8 4 2 0 0 0  aaa99995498aa8844898a656297a97877a8765a673635
201090 1 22 1 8 5 0 0 0 0  aaa99995598aa8853898a644297a97877a8764a675663
201094 1 22 1 8 5 2 0 0 0  aaa99995498aa8853898a644297a97877a8765a673665
201100 1 22 1 9 0 2 0 0 0  aaa99996698aa8856898a663497a97874a8745a773525
201112 1 22 1 9 2 2 0 0 0  aaa99995498aa8853898a666297a97876a8765a773445
201120 1 22 1 9 4 0 0 0 0  aaa99995598aa8844898a656297a97876a8764a775633
201124 1 22 1 9 4 2 0 0 0  aaa99995498aa8844898a656297a97876a8765a773635
201126 1 22 1 9 5 0 0 0 0  aaa99995598aa8853898a644297a97876a8764a775663
201130 1 22 1 9 5 2 0 0 0  aaa99995498aa8853898a644297a97876a8765a773665
201156 1 22 1 10 4 0 0 0 0  aaa99995598aa8854898a636497a94876a8763a777652
201218 1 22 2 1 2 1 0 0 0  aaa99995498aa8853898a777797a95867a3628a644665
201220 1 22 2 1 2 2 0 0 0  aaa99994598aa8835898a777797a95867a5628a644663
201254 1 22 2 2 2 1 0 0 0  aaa99997598aa8844898a777796a94867a3568a655632
201272 1 22 2 2 5 1 0 0 0  aaa99997598aa8844898a777796a94867a3658a663552
201326 1 22 2 4 2 1 0 0 0  aaa99995498aa8853898a777796a95877a3628a644665
201328 1 22 2 4 2 2 0 0 0  aaa99994598aa8835898a777796a95877a5628a644663
201451 1 22 2 7 5 0 1 0 0  aaa99997598aa8857898a777396a94867a3628a664554
201472 1 22 2 8 2 2 0 0 0  aaa99995498aa8853898a744796a93877a7768a662565
201478 1 22 2 8 3 2 0 0 0  aaa99995498aa8853898a753796a96877a7768a662445
201484 1 22 2 8 4 2 0 0 0  aaa99995498aa8853898a753796a92877a7768a666445
201488 1 22 2 8 5 1 0 0 0  aaa99996598aa8864898a763795a93877a7748a565642
201511 1 22 2 9 3 0 1 0 0  aaa99996598aa8855898a666297a97876a4738a774534
201547 1 22 2 10 3 0 1 0 0  aaa99996598aa8855898a666297a94876a4738a777534
201650 1 22 3 2 2 1 0 0 0  aaa99997598aa8844898a777796a94687a3668a563552
201722 1 22 3 4 2 1 0 0 0  aaa99995498aa8853898a777796a95787a3628a644665
201724 1 22 3 4 2 2 0 0 0  aaa99994598aa8835898a777796a95787a5628a644663
201749 1 22 3 5 0 2 1 0 0  aaa99997698aa8866898a777396a95387a5278a465445
201794 1 22 3 6 2 1 0 0 0  aaa99996598aa8864898a744796a93787a7658a763552
201802 1 22 3 6 3 2 0 0 0  aaa99995498aa8853898a753796a96787a7668a762445
201808 1 22 3 6 4 2 0 0 0  aaa99995498aa8853898a753796a92787a7668a766445
201812 1 22 3 6 5 1 0 0 0  aaa99996598aa8864898a763795a93787a7548a765642
201862 1 22 3 8 1 2 0 0 0  aaa99995698aa8854898a744797a93787a7628a663565
201866 1 22 3 8 2 1 0 0 0  aaa99996598aa8864898a744797a93787a7658a663552
201954 1 22 3 10 5 0 0 0 0  aaa99996598aa8864898a763594a95587a3278a764776
202012 1 22 4 1 2 2 0 0 0  aaa99995498aa8844898a783797a97786a3675a662565
202018 1 22 4 1 3 2 0 0 0  aaa99995498aa8853898a783797a97786a2676a656445
202024 1 22 4 1 4 2 0 0 0  aaa99995498aa8853898a783797a97786a2675a666445
202028 1 22 4 1 5 1 0 0 0  aaa99996598aa8864898a783797a97784a4576a565632
202048 1 22 4 2 2 2 0 0 0  aaa99996498aa8863898a583797a97785a2657a766454
202118 1 22 4 4 2 1 0 0 0  aaa99995498aa8853898a685797a97786a3677a662445
202120 1 22 4 4 2 2 0 0 0  aaa99994598aa8835898a685797a97786a5677a662443
202124 1 22 4 4 3 1 0 0 0  aaa99996598aa8844898a684797a97785a3677a663552
202190 1 22 4 6 2 1 0 0 0  aaa99995498aa8853898a685796a93787a7767a662445
202192 1 22 4 6 2 2 0 0 0  aaa99994598aa8835898a685796a95787a7767a662443
202228 1 22 4 7 2 2 0 0 0  aaa99995798aa8854898a683797a97786a3666a752445
202262 1 22 4 8 2 1 0 0 0  aaa99995498aa8844898a683797a93787a7657a662565
202264 1 22 4 8 2 2 0 0 0  aaa99994598aa8835898a685797a95787a7647a662463
202350 1 22 4 10 5 0 0 0 0  aaa99996598aa8864898a783594a95587a3276a764776
202357 1 22 5 0 0 0 1 0 0  aaa99997798aa8866892a787894a96765a5857a464335
202361 1 22 5 0 0 2 1 0 0  aaa99997798aa8866892a787893a96765a4857a563544
202367 1 22 5 0 1 2 1 0 0  aaa99997798aa8864892a787893a94766a6857a563554
202408 1 22 5 1 2 2 0 0 0  aaa99995498aa8853897a787897a93776a2865a666445
202420 1 22 5 1 4 2 0 0 0  aaa99995498aa8853897a787897a93776a6865a644625
202426 1 22 5 1 5 2 0 0 0  aaa99995498aa8853897a787897a93776a2865a644665
202442 1 22 5 2 2 1 0 0 0  aaa99995498aa8844897a787896a95776a3865a663725
202444 1 22 5 2 2 2 0 0 0  aaa99994598aa8835897a787896a95776a5863a664724
202477 1 22 5 3 2 0 1 0 0  aaa99997598aa8855896a686892a94777a7837a654634
202495 1 22 5 3 5 0 1 0 0  aaa99997598aa8855892a684893a94777a7867a653664
202514 1 22 5 4 2 1 0 0 0  aaa99997598aa8874897a787896a93666a3857a562454
202516 1 22 5 4 2 2 0 0 0  aaa99997598aa8875897a787896a95666a5847a464332
202543 1 22 5 5 1 0 1 0 0  aaa99996598aa8855897a787892a94766a6837a764534
202558 1 22 5 5 3 2 0 0 0  aaa99995498aa8853897a787896a93766a6867a752445
202586 1 22 5 6 2 1 0 0 0  aaa99995498aa8853897a685896a93777a7867a662445
202588 1 22 5 6 2 2 0 0 0  aaa99994598aa8835897a685896a95777a7867a662443
202660 1 22 5 8 2 2 0 0 0  aaa99995498aa8853897a683897a92777a7865a666445
202672 1 22 5 8 4 2 0 0 0  aaa99995498aa8853897a686897a93777a7865a644625
202678 1 22 5 8 5 2 0 0 0  aaa99995498aa8853897a683897a92777a7865a644665
202706 1 22 5 9 4 1 0 0 0  aaa99995498aa8844895a686897a93776a3865a777625
202708 1 22 5 9 4 2 0 0 0  aaa99994598aa8835894a686897a95776a5864a777623
202723 1 22 5 10 1 0 1 0 0  aaa99996598aa8855892a784893a94667a6876a753774
202738 1 22 5 10 3 2 0 0 0  aaa99995498aa8853896a783896a92667a6875a744775
202818 1 22 6 1 5 0 0 0 0  aaa99996598aa8864898a777797a93587a8546a265643
202948 1 22 6 5 2 2 0 0 0  aaa99997498aa8853898a777696a96287a8675a653445
202958 1 22 6 5 4 1 0 0 0  aaa99997498aa8853898a777696a93587a8675a662445
202960 1 22 6 5 4 2 0 0 0  aaa99997598aa8845898a777696a95487a8674a665332
202992 1 22 6 6 4 0 0 0 0  aaa99995598aa8854898a636497a94786a8777a637652
203092 1 22 6 9 2 2 0 0 0  aaa99995498aa8853898a666797a93286a8765a777445
203104 1 22 6 9 4 2 0 0 0  aaa99995498aa8844898a656797a93286a8765a777635
203110 1 22 6 9 5 2 0 0 0  aaa99995498aa8853898a644797a93286a8765a777665
203128 1 22 6 10 2 2 0 0 0  aaa99995498aa8853898a744696a96287a8675a763775
203140 1 22 6 10 4 2 0 0 0  aaa99995498aa8853898a744696a93287a8675a766775
203142 1 22 6 10 5 0 0 0 0  aaa99996598aa8864898a763594a95587a8276a764773
203452 1 22 7 8 2 2 0 0 0  aaa99995498aa8883898a744796a93877a7765a662565
203458 1 22 7 8 3 2 0 0 0  aaa99995498aa8883898a753796a96877a7765a662445
203464 1 22 7 8 4 2 0 0 0  aaa99995498aa8883898a753796a92877a7765a666445
203468 1 22 7 8 5 1 0 0 0  aaa99996598aa8884898a763795a93877a7746a565642
203596 1 22 8 1 2 2 0 0 0  aaa99995498aa8853897a787797a93786a2865a666445
203608 1 22 8 1 4 2 0 0 0  aaa99995498aa8853897a787797a93786a6865a644625
203614 1 22 8 1 5 2 0 0 0  aaa99995498aa8853897a787797a93786a2865a644665
203678 1 22 8 3 4 1 0 0 0  aaa99995498aa8844895a686797a93787a7865a673625
203680 1 22 8 3 4 2 0 0 0  aaa99994598aa8835894a686797a95787a7864a675623
203690 1 22 8 4 0 1 0 0 0  aaa99997598aa8874897a787696a93685a3867a562454
203692 1 22 8 4 0 2 0 0 0  aaa99997598aa8875897a787696a95684a5867a464332
203718 1 22 8 4 5 0 0 0 0  aaa99997498aa8873897a787595a93586a2867a645664
203734 1 22 8 5 1 2 0 0 0  aaa99995498aa8853897a787696a96786a3867a752445
203774 1 22 8 6 2 1 0 0 0  aaa99995498aa8853897a685796a93787a7867a662445
203776 1 22 8 6 2 2 0 0 0  aaa99994598aa8835897a685796a95787a7867a662443
203808 1 22 8 7 2 0 0 0 0  aaa99994798aa8836897a787696a96785a5853a744265
203848 1 22 8 8 2 2 0 0 0  aaa99995498aa8853897a683797a92787a7865a666445
203860 1 22 8 8 4 2 0 0 0  aaa99995498aa8853897a686797a93787a7865a644625
203866 1 22 8 8 5 2 0 0 0  aaa99995498aa8853897a683797a92787a7865a644665
203878 1 22 8 9 1 2 0 0 0  aaa99995498aa8853896a787696a96687a3875a744725
203888 1 22 8 9 3 1 0 0 0  aaa99995498aa8844895a787696a96687a3875a763725
203890 1 22 8 9 3 2 0 0 0  aaa99994598aa8835894a787696a96687a5874a765723
203892 1 22 8 9 4 0 0 0 0  aaa99996698aa8865892a787594a95587a4876a764733
203894 1 22 8 9 4 1 0 0 0  aaa99996698aa8865894a787595a95487a4876a763732
203897 1 22 8 9 4 2 1 0 0  aaa99996698aa8865892a787493a95487a4876a763755
203898 1 22 8 9 5 0 0 0 0  aaa99996598aa8864892a787594a95587a3876a764736
203900 1 22 8 9 5 1 0 0 0  aaa99996598aa8863894a787595a95487a4876a763726
203903 1 22 8 9 5 2 1 0 0  aaa99996598aa8865892a787493a95487a4876a763756
203914 1 22 8 10 1 2 0 0 0  aaa99995498aa8853896a783696a96687a2875a744775
203933 1 22 8 10 4 2 1 0 0  aaa99996698aa8865892a785493a95487a4876a763775
203965 1 22 9 0 4 0 1 0 0  aaa99997798aa8855892a787696a95783a4687a664534
203966 1 22 9 0 4 1 0 0 0  aaa99997798aa8845892a787696a94785a3687a663554
203992 1 22 9 1 2 2 0 0 0  aaa99995498aa8844897a787797a93786a3685a662565
203998 1 22 9 1 3 2 0 0 0  aaa99995498aa8853897a787797a93786a2686a656445
204004 1 22 9 1 4 2 0 0 0  aaa99995498aa8853897a787797a93786a2685a666445
204008 1 22 9 1 5 1 0 0 0  aaa99996598aa8864897a787797a93784a4586a565632
204026 1 22 9 2 2 1 0 0 0  aaa99996598aa8864897a787796a93785a3684a762554
204046 1 22 9 2 5 2 0 0 0  aaa99996598aa8865897a787794a95783a5286a764634
204098 1 22 9 4 2 1 0 0 0  aaa99995498aa8844897a787697a95686a3785a673625
204100 1 22 9 4 2 2 0 0 0  aaa99994598aa8835897a787697a95686a5783a674624
204172 1 22 9 6 2 2 0 0 0  aaa99995498aa8844897a683796a93787a7785a662565
204178 1 22 9 6 3 2 0 0 0  aaa99995498aa8853897a683796a96787a7785a662445
204184 1 22 9 6 4 2 0 0 0  aaa99995498aa8853897a683796a92787a7785a666445
204188 1 22 9 6 5 1 0 0 0  aaa99996598aa8864897a484795a93787a7786a565632
204222 1 22 9 7 5 0 0 0 0  aaa99996798aa8864897a787595a93784a5586a763642
204227 1 22 9 7 5 2 1 0 0  aaa99996798aa8865897a787394a95783a5486a764652
204244 1 22 9 8 2 2 0 0 0  aaa99995498aa8844897a683797a93787a7685a662565
204250 1 22 9 8 3 2 0 0 0  aaa99995498aa8853897a683797a92787a7686a656445
204256 1 22 9 8 4 2 0 0 0  aaa99995498aa8853897a683797a92787a7685a666445
204260 1 22 9 8 5 1 0 0 0  aaa99996598aa8864897a484797a93787a7586a565632
204318 1 22 9 10 3 0 0 0 0  aaa99997498aa8873896a686595a93684a5587a672747
204422 1 22 10 2 2 1 0 0 0  aaa99997598aa8884898a777796a93687a3664a562554
204516 1 22 10 5 0 0 0 0 0  aaa99997598aa8884898a777696a93687a3476a654552
204518 1 22 10 5 0 1 0 0 0  aaa99997598aa8884898a777696a93687a3576a655442
204530 1 22 10 5 2 1 0 0 0  aaa99997498aa8883898a777696a96587a3675a652445
204542 1 22 10 5 4 1 0 0 0  aaa99997598aa8884898a777696a93487a4675a663525
204726 1 22 10 10 5 0 0 0 0  aaa99996598aa8884898a763594a95587a3276a764776
205360 1 22 12 6 2 2 0 0 0  aaa99995498aa8883898a658796a93776a7677a652445
205574 1 22 13 1 2 1 0 0 0  aaa99995498aa8885898a777896a93767a3765a644625
205576 1 22 13 1 2 2 0 0 0  aaa99994598aa8885898a777896a95767a5763a644623
205582 1 22 13 1 3 2 0 0 0  aaa99995498aa8883898a777896a96767a3765a652445
205714 1 22 13 5 1 2 0 0 0  aaa99997498aa8883898a777895a93667a6576a545624
205730 1 22 13 5 4 1 0 0 0  aaa99997498aa8883898a777896a96567a3675a652445
205736 1 22 13 5 5 1 0 0 0  aaa99997598aa8884898a777896a93467a4675a663525
206128 1 22 14 5 4 2 0 0 0  aaa99993598aa8885897a775896a98764a6744a665372
206172 1 22 14 7 0 0 0 0 0  aaa99997598aa8884897a773894a98766a3656a724565
206173 1 22 14 7 0 0 1 0 0  aaa99997498aa8884897a774895a98766a3656a753562
206174 1 22 14 7 0 1 0 0 0  aaa99997598aa8883897a773895a98766a2646a755464
206179 1 22 14 7 1 0 1 0 0  aaa99997598aa8884897a774892a98766a6636a755534
206326 1 22 15 0 1 2 0 0 0  aaa99997798aa8864897a573897a97666a3856a582454
206362 1 22 15 1 1 2 0 0 0  aaa99995698aa8854897a773897a93776a6865a682445
206364 1 22 15 1 2 0 0 0 0  aaa99996598aa8855897a774897a93776a3865a484626
206372 1 22 15 1 3 1 0 0 0  aaa99995498aa8853897a775897a93776a6866a682445
206374 1 22 15 1 3 2 0 0 0  aaa99994598aa8835897a775897a95776a6866a682443
206378 1 22 15 1 4 1 0 0 0  aaa99995498aa8844897a775897a93776a6865a683625
206380 1 22 15 1 4 2 0 0 0  aaa99994598aa8835897a775897a95776a6863a684624
206384 1 22 15 1 5 1 0 0 0  aaa99995498aa8844897a775897a93776a3865a682665
206386 1 22 15 1 5 2 0 0 0  aaa99994598aa8835897a775897a95776a4863a682664
206398 1 22 15 2 1 2 0 0 0  aaa99995498aa8853897a773896a92766a7865a786445
206440 1 22 15 3 2 2 0 0 0  aaa99995498aa8853897a777896a93776a2865a686445
206476 1 22 15 4 2 2 0 0 0  aaa99995498aa8853897a773896a92776a7865a686445
206496 1 22 15 5 0 0 0 0 0  aaa99996698aa8836897a737895a95756a4847a782645
206498 1 22 15 5 0 1 0 0 0  aaa99996698aa8836897a737895a94756a2847a785645
206500 1 22 15 5 0 2 0 0 0  aaa99996698aa8836897a737894a95746a4827a785655
206503 1 22 15 5 1 0 1 0 0  aaa99996598aa8855897a757892a94766a6837a784634
206518 1 22 15 5 3 2 0 0 0  aaa99995498aa8853897a757896a93766a6867a782445
206554 1 22 15 6 3 2 0 0 0  aaa99995498aa8853897a777896a93667a6865a782445
206561 1 22 15 6 4 2 1 0 0  aaa99996698aa8865897a777894a95347a5836a784652
206588 1 22 15 7 3 1 0 0 0  aaa99997598aa8854897a773896a93766a6865a782445
206590 1 22 15 7 3 2 0 0 0  aaa99997598aa8845897a775896a95766a6863a782443
206626 1 22 15 8 3 2 0 0 0  aaa99995498aa8853897a777896a93766a6865a782445
206662 1 22 15 9 3 2 0 0 0  aaa99995498aa8844896a757896a93667a6875a783725
206669 1 22 15 9 4 2 1 0 0  aaa99996698aa8865893a767894a95347a5876a784752
206758 1 22 16 1 1 2 0 0 0  aaa99995698aa8854897a773897a93776a6865a644825
206762 1 22 16 1 2 1 0 0 0  aaa99995498aa8844897a775897a93776a3865a666825
206764 1 22 16 1 2 2 0 0 0  aaa99994598aa8835897a775897a95776a4863a666824
206768 1 22 16 1 3 1 0 0 0  aaa99996598aa8854897a773897a93776a2845a666845
206774 1 22 16 1 4 1 0 0 0  aaa99995498aa8853897a775897a93776a2866a644865
206776 1 22 16 1 4 2 0 0 0  aaa99994598aa8835897a775897a95776a2866a644863
206780 1 22 16 1 5 1 0 0 0  aaa99996598aa8864897a773897a93775a2856a464856
206782 1 22 16 1 5 2 0 0 0  aaa99996598aa8865897a775897a95774a4846a363826
206796 1 22 16 2 2 0 0 0 0  aaa99996598aa8864897a773896a93764a7855a762845
206798 1 22 16 2 2 1 0 0 0  aaa99996598aa8864897a773896a93765a7854a762854
206834 1 22 16 3 2 1 0 0 0  aaa99995498aa8844897a777896a95776a3865a663825
206836 1 22 16 3 2 2 0 0 0  aaa99994598aa8835897a777896a95776a5863a664824
206870 1 22 16 4 2 1 0 0 0  aaa99995498aa8844897a775896a93776a7865a663825
206872 1 22 16 4 2 2 0 0 0  aaa99994598aa8835897a775896a95776a7863a664824
206899 1 22 16 5 1 0 1 0 0  aaa99996598aa8855897a757892a94766a6837a764834
206914 1 22 16 5 3 2 0 0 0  aaa99995498aa8853897a757896a93766a6867a744825
206935 1 22 16 6 1 0 1 0 0  aaa99996598aa8855897a777892a94667a6836a754834
206950 1 22 16 6 3 2 0 0 0  aaa99995498aa8853897a777896a93667a6865a744825
206978 1 22 16 7 2 1 0 0 0  aaa99997598aa8854897a773896a93766a6845a762845
206984 1 22 16 7 3 1 0 0 0  aaa99997598aa8854897a773896a93766a6865a744825
206986 1 22 16 7 3 2 0 0 0  aaa99997598aa8845897a775896a95766a6863a744823
206990 1 22 16 7 4 1 0 0 0  aaa99997598aa8854897a773896a93766a2845a766845
207007 1 22 16 8 1 0 1 0 0  aaa99996598aa8855897a777892a94766a6835a764834
207022 1 22 16 8 3 2 0 0 0  aaa99995498aa8853897a777896a93766a6865a744825
207050 1 22 16 9 2 1 0 0 0  aaa99995498aa8844896a663897a93776a2855a777865
207052 1 22 16 9 2 2 0 0 0  aaa99994598aa8835896a665897a95776a2844a777863
207154 1 22 17 1 1 2 0 0 0  aaa99995698aa8884897a773897a93776a6865a652445
207158 1 22 17 1 2 1 0 0 0  aaa99995498aa8885897a773897a93776a2865a666445
207160 1 22 17 1 2 2 0 0 0  aaa99994598aa8885897a775897a95776a2863a666443
207170 1 22 17 1 4 1 0 0 0  aaa99995498aa8885897a773897a93776a6865a644625
207172 1 22 17 1 4 2 0 0 0  aaa99994598aa8885897a775897a95776a6863a644623
207176 1 22 17 1 5 1 0 0 0  aaa99995498aa8885897a773897a93776a2865a644665
207178 1 22 17 1 5 2 0 0 0  aaa99994598aa8885897a775897a95776a2863a644663
207194 1 22 17 2 2 1 0 0 0  aaa99996598aa8884897a773896a93765a7856a762454
207196 1 22 17 2 2 2 0 0 0  aaa99996598aa8885897a775896a95764a7836a762434
207230 1 22 17 3 2 1 0 0 0  aaa99995498aa8885897a777896a93776a3865a662445
207232 1 22 17 3 2 2 0 0 0  aaa99994598aa8885897a777896a95776a5863a662443
207266 1 22 17 4 2 1 0 0 0  aaa99995498aa8885897a773896a93776a7865a662445
207268 1 22 17 4 2 2 0 0 0  aaa99994598aa8885897a775896a95776a7863a662443
207295 1 22 17 5 1 0 1 0 0  aaa99996598aa8884897a757893a94766a6827a763554
207310 1 22 17 5 3 2 0 0 0  aaa99995498aa8883897a757896a93766a6867a752445
207346 1 22 17 6 3 2 0 0 0  aaa99995498aa8883897a777896a93667a6865a752445
207380 1 22 17 7 3 1 0 0 0  aaa99997598aa8884897a773896a93766a6865a752445
207382 1 22 17 7 3 2 0 0 0  aaa99997598aa8885897a775896a95766a6864a744332
207418 1 22 17 8 3 2 0 0 0  aaa99995498aa8883897a777896a93766a6865a752445
207446 1 22 17 9 2 1 0 0 0  aaa99994498aa8885896a664897a93776a3825a777565
207448 1 22 17 9 2 2 0 0 0  aaa99994598aa8885896a665897a95776a2844a777363
207944 1 22 19 1 1 1 0 0 0  aaa99996598aa8884897a773797a93785a2686a646554
207950 1 22 19 1 2 1 0 0 0  aaa99994498aa8885897a774797a93786a3685a662565
207952 1 22 19 1 2 2 0 0 0  aaa99994598aa8885897a775797a95786a4683a662364
207956 1 22 19 1 3 1 0 0 0  aaa99995498aa8885897a773797a93786a2686a656445
207958 1 22 19 1 3 2 0 0 0  aaa99994598aa8885897a775797a95786a2686a636443
207962 1 22 19 1 4 1 0 0 0  aaa99995498aa8885897a773797a93786a2685a666445
207964 1 22 19 1 4 2 0 0 0  aaa99994598aa8885897a775797a95786a2683a666443
207968 1 22 19 1 5 1 0 0 0  aaa99996598aa8884897a773797a93784a4586a565626
207984 1 22 19 2 2 0 0 0 0  aaa99996598aa8884897a773796a93784a4685a762556
207992 1 22 19 2 3 1 0 0 0  aaa99996598aa8884897a773796a96785a3684a762554
207998 1 22 19 2 4 1 0 0 0  aaa99996598aa8884897a773796a93785a2684a766554
208022 1 22 19 3 2 1 0 0 0  aaa99995498aa8885897a777796a93786a3685a644625
208024 1 22 19 3 2 2 0 0 0  aaa99994598aa8885897a777796a95786a5683a644623
208058 1 22 19 4 2 1 0 0 0  aaa99995498aa8885897a773796a93786a7685a644625
208060 1 22 19 4 2 2 0 0 0  aaa99994598aa8885897a775796a95786a7683a644623
208110 1 22 19 5 5 0 0 0 0  aaa99996598aa8884897a773594a95785a3786a264676
208152 1 22 19 7 0 0 0 0 0  aaa99997598aa8884897a773696a93786a2685a755464
208154 1 22 19 7 0 1 0 0 0  aaa99997598aa8885897a774696a93786a3684a755624
208166 1 22 19 7 2 1 0 0 0  aaa99997598aa8884897a773696a96785a3684a762554
208172 1 22 19 7 3 1 0 0 0  aaa99997598aa8884897a773696a96786a3685a752445
208174 1 22 19 7 3 2 0 0 0  aaa99997598aa8885897a775696a96786a5684a744332
208178 1 22 19 7 4 1 0 0 0  aaa99997598aa8884897a773696a93785a2684a766554
208210 1 22 19 8 3 2 0 0 0  aaa99995498aa8883897a777696a96786a3685a752445
208218 1 22 19 8 5 0 0 0 0  aaa99996498aa8883897a777595a93784a5586a762646
208278 1 22 19 10 3 0 0 0 0  aaa99997498aa8883896a676595a93684a5587a672747
208388 1 22 20 2 3 1 0 0 0  aaa99995498aa8888897a775796a93786a3666a752445
208390 1 22 20 2 3 2 0 0 0  aaa99994598aa8888897a775796a95786a5666a744332
208506 1 22 20 5 5 0 0 0 0  aaa99996598aa8888897a773594a95785a3746a462676
208548 1 22 20 7 0 0 0 0 0  aaa99997598aa8888897a774696a93786a3645a755642
208550 1 22 20 7 0 1 0 0 0  aaa99997598aa8888897a774696a93786a3645a752645
208814 1 22 21 3 2 1 0 0 0  aaa99995496aa8668797a773798a93586a7865a882445
208816 1 22 21 3 2 2 0 0 0  aaa99994596aa8668797a775798a95486a7864a885332
208826 1 22 21 3 4 1 0 0 0  aaa99994496aa8658797a774798a93586a7865a883625
208828 1 22 21 3 4 2 0 0 0  aaa99994596aa8638797a775798a95486a7864a885623
208833 1 22 21 3 5 1 1 0 0  aaa99995593aa8658797a774798a93286a7865a884664
208835 1 22 21 3 5 2 1 0 0  aaa99995493aa8658797a774798a93286a7865a884665
208946 1 22 21 7 0 1 0 0 0  aaa99997597aa8778796a654698a93687a3845a882645
208957 1 22 21 7 2 0 1 0 0  aaa99997597aa8778796a656398a94687a3826a884554
208963 1 22 21 7 3 0 1 0 0  aaa99997597aa8778796a664398a94687a3855a884265
208965 1 22 21 7 3 1 1 0 0  aaa99997597aa8778796a664398a94687a3825a884565
208966 1 22 21 7 3 2 0 0 0  aaa99997597aa8778796a665298a95687a5834a884364
208967 1 22 21 7 3 2 1 0 0  aaa99997597aa8778796a665398a95687a3824a885464
208996 1 22 21 8 2 2 0 0 0  aaa99995497aa8658797a773698a93786a6865a882445
209061 1 22 21 10 1 1 1 0 0  aaa99995593aa8758696a764698a93287a6875a884774
209063 1 22 21 10 1 2 1 0 0  aaa99995493aa8758696a764698a93287a6875a884775
209342 1 22 22 7 0 1 0 0 0  aaa99997597aa8774796a653698a93687a2845a888645
209353 1 22 22 7 2 0 1 0 0  aaa99997597aa8774796a656398a94687a3826a888554
209397 1 22 22 8 3 1 1 0 0  aaa99995597aa8777796a664398a94687a3825a888564
209644 1 23 0 4 2 2 0 0 0  aaa99999499aa8853798a877878a44762a8765a663565
209716 1 23 0 6 2 2 0 0 0  aaa99999499aa8853798a844878a77762a8765a663565
209818 1 23 0 9 1 2 0 0 0  aaa99999699aa8854798a853878a44762a8777a663565
209822 1 23 0 9 2 1 0 0 0  aaa99999599aa8864798a863878a44765a8777a663552
209875 1 23 0 10 5 0 1 0 0  aaa99999699aa8876598a876858a76554a8247a476733
209876 1 23 0 10 5 1 0 0 0  aaa99999699aa8876298a876858a76555a8347a376744
209877 1 23 0 10 5 1 1 0 0  aaa99999699aa8876598a876858a76524a8547a476733
209878 1 23 0 10 5 2 0 0 0  aaa99999699aa8876298a876858a76534a8557a376744
209879 1 23 0 10 5 2 1 0 0  aaa99999699aa8876298a876858a76543a8557a474736
209899 1 23 1 0 3 0 1 0 0  aaa99999699aa8885898a774378a74877a3626a656554
210024 1 23 1 4 0 0 0 0 0  aaa99999599aa8883898a777768a63877a2655a446654
210060 1 23 1 5 0 0 0 0 0  aaa99999599aa8884898a777668a73867a3476a654552
210062 1 23 1 5 0 1 0 0 0  aaa99999599aa8884898a777668a73867a3576a655442
210086 1 23 1 5 4 1 0 0 0  aaa99999599aa8884898a777648a74867a3675a663525
210096 1 23 1 6 0 0 0 0 0  aaa99999599aa8884898a663778a77877a3665a455246
210248 1 23 1 10 1 1 0 0 0  aaa99999599aa8884898a744668a63867a3275a756775
210250 1 23 1 10 1 2 0 0 0  aaa99999599aa8885898a745668a65867a2474a736773
210314 1 23 2 1 0 1 0 0 0  aaa99999599aa8884898a758778a73676a3645a726645
210332 1 23 2 1 3 1 0 0 0  aaa99999499aa8883898a758778a73676a6655a744625
210342 1 23 2 1 5 0 0 0 0  aaa99999599aa8884898a768778a73574a5526a763646
210530 1 23 2 7 0 1 0 0 0  aaa99999599aa8884898a678778a73676a3674a562554
210684 1 23 3 0 2 0 0 0 0  aaa99999599aa8884797a855868a73876a3766a454762
210686 1 23 3 0 2 1 0 0 0  aaa99999599aa8885797a855868a74876a3766a644732
210692 1 23 3 0 3 1 0 0 0  aaa99999599aa8884797a844868a76876a3766a555732
210698 1 23 3 0 4 1 0 0 0  aaa99999599aa8884797a853868a73876a2765a644765
210700 1 23 3 0 4 2 0 0 0  aaa99999599aa8885797a845868a75876a2763a644763
210782 1 23 3 3 0 1 0 0 0  aaa99999599aa8884797a877868a63876a3764a562554
210860 1 23 3 5 1 1 0 0 0  aaa99999599aa8883797a873848a67866a6774a562554
210869 1 23 3 5 2 2 1 0 0  aaa99999699aa8886797a874828a57866a6775a354534
210878 1 23 3 5 4 1 0 0 0  aaa99999599aa8883797a873848a67865a2774a666554
210930 1 23 3 7 1 0 0 0 0  aaa99999599aa8883797a873848a67866a6754a565724
210932 1 23 3 7 1 1 0 0 0  aaa99999499aa8883797a873858a67866a6755a464752
210959 1 23 3 7 5 2 1 0 0  aaa99999699aa8886797a876828a47835a6754a536754
210995 1 23 3 8 5 2 1 0 0  aaa99999699aa8886797a877828a46835a6754a536754
211021 1 23 3 9 4 0 1 0 0  aaa99999599aa8884297a867878a55863a4777a666534
211076 1 23 4 0 1 1 0 0 0  aaa99999599aa8884797a844888a73767a6666a573552
211082 1 23 4 0 2 1 0 0 0  aaa99999599aa8884797a844888a73767a3666a576552
211088 1 23 4 0 3 1 0 0 0  aaa99999599aa8884797a853888a73767a2666a474565
211094 1 23 4 0 4 1 0 0 0  aaa99999599aa8884797a844888a73767a3656a676552
211250 1 23 4 5 0 1 0 0 0  aaa99999599aa8884797a873888a67766a3764a562554
211332 1 23 4 7 2 0 0 0 0  aaa99999499aa8883797a873888a57766a6565a475642
211338 1 23 4 7 3 0 0 0 0  aaa99999499aa8883797a873888a57766a6655a474652
211400 1 23 4 9 1 1 0 0 0  aaa99999599aa8884797a863888a44766a6777a563552
211418 1 23 4 9 4 1 0 0 0  aaa99999599aa8884797a863888a44765a3777a666552
211478 1 23 5 0 2 1 0 0 0  aaa99999599aa8884797a853788a44687a3766a672565
211480 1 23 5 0 2 2 0 0 0  aaa99999599aa8885797a845788a35687a4766a672364
211484 1 23 5 0 3 1 0 0 0  aaa99999599aa8884797a853788a53687a6766a672445
211486 1 23 5 0 3 2 0 0 0  aaa99999599aa8885797a845788a35687a6766a672443
211490 1 23 5 0 4 1 0 0 0  aaa99999599aa8884797a853788a44687a3765a672665
211492 1 23 5 0 4 2 0 0 0  aaa99999599aa8885797a845788a35687a4763a672664
211496 1 23 5 0 5 1 0 0 0  aaa99999599aa8884797a863788a63487a4756a572656
211510 1 23 5 1 1 2 0 0 0  aaa99999699aa8884797a873788a53687a6665a752445
211514 1 23 5 1 2 1 0 0 0  aaa99999599aa8884797a873788a53687a2665a766445
211516 1 23 5 1 2 2 0 0 0  aaa99999599aa8885797a875788a45687a2663a766443
211520 1 23 5 1 3 1 0 0 0  aaa99999599aa8884797a873788a53687a6665a762445
211522 1 23 5 1 3 2 0 0 0  aaa99999599aa8885797a875788a45687a6663a762443
211526 1 23 5 1 4 1 0 0 0  aaa99999599aa8884797a873788a53687a6666a752445
211528 1 23 5 1 4 2 0 0 0  aaa99999599aa8885797a875788a45687a6666a744332
211532 1 23 5 1 5 1 0 0 0  aaa99999599aa8885797a873788a63587a5446a764626
211550 1 23 5 2 2 1 0 0 0  aaa99999599aa8884797a873788a53687a2766a644565
211552 1 23 5 2 2 2 0 0 0  aaa99999599aa8885797a875788a45687a2766a644363
211556 1 23 5 2 3 1 0 0 0  aaa99999599aa8884797a873788a53687a6766a652445
211558 1 23 5 2 3 2 0 0 0  aaa99999599aa8885797a875788a45687a6766a644332
211562 1 23 5 2 4 1 0 0 0  aaa99999599aa8884797a873788a53687a2765a644665
211564 1 23 5 2 4 2 0 0 0  aaa99999599aa8885797a875788a45687a2763a644663
211568 1 23 5 2 5 1 0 0 0  aaa99999599aa8884797a873788a63487a4756a562656
211616 1 23 5 4 1 1 0 0 0  aaa99999599aa8884797a873788a63687a7664a562554
211638 1 23 5 4 5 0 0 0 0  aaa99999599aa8884797a873788a63587a7546a265646
211646 1 23 5 5 0 1 0 0 0  aaa99999599aa8884797a873788a67686a3756a644552
211658 1 23 5 5 2 1 0 0 0  aaa99999499aa8883797a873788a57686a6755a644625
211670 1 23 5 5 4 1 0 0 0  aaa99999499aa8883797a873788a57586a6765a644625
211672 1 23 5 5 4 2 0 0 0  aaa99999599aa8885797a875788a47486a6764a635623
211676 1 23 5 5 5 1 0 0 0  aaa99999499aa8883797a873788a57586a2765a644665
211682 1 23 5 6 0 1 0 0 0  aaa99999599aa8884797a877688a63786a3756a644552
211696 1 23 5 6 2 2 0 0 0  aaa99999499aa8883797a877688a66785a3756a562454
211706 1 23 5 6 4 1 0 0 0  aaa99999599aa8884797a877688a53786a3765a644625
211708 1 23 5 6 4 2 0 0 0  aaa99999599aa8885797a877688a45786a5763a644623
211722 1 23 5 7 1 0 0 0 0  aaa99999599aa8884797a873788a63686a6756a545724
211724 1 23 5 7 1 1 0 0 0  aaa99999599aa8884797a873788a63686a6746a555742
211778 1 23 5 8 4 1 0 0 0  aaa99999499aa8883797a877788a53586a6765a644625
211780 1 23 5 8 4 2 0 0 0  aaa99999599aa8885797a877788a45486a6764a635623
211796 1 23 5 9 1 1 0 0 0  aaa99999599aa8884797a853688a66786a3777a652445
211798 1 23 5 9 1 2 0 0 0  aaa99999599aa8885797a845688a66786a5777a644332
211802 1 23 5 9 2 1 0 0 0  aaa99999599aa8884797a863688a66785a3777a562454
211804 1 23 5 9 2 2 0 0 0  aaa99999599aa8885797a865688a66784a5777a464332
211814 1 23 5 9 4 1 0 0 0  aaa99999599aa8884797a853688a53786a2777a644665
211816 1 23 5 9 4 2 0 0 0  aaa99999599aa8885797a845688a35786a2777a644663
211820 1 23 5 9 5 1 0 0 0  aaa99999599aa8884797a863588a63785a5777a464626
211826 1 23 5 10 0 1 0 0 0  aaa99999599aa8884696a873688a73486a4657a572757
211868 1 23 6 0 1 1 0 0 0  aaa99999599aa8884798a873878a44766a6656a773552
211874 1 23 6 0 2 1 0 0 0  aaa99999599aa8884798a873878a53766a6465a774625
211880 1 23 6 0 3 1 0 0 0  aaa99999599aa8884798a873878a53766a6645a772645
211886 1 23 6 0 4 1 0 0 0  aaa99999599aa8884798a873878a53766a2465a774665
212192 1 23 6 9 1 1 0 0 0  aaa99999599aa8884798a863878a44766a6777a563552
212210 1 23 6 9 4 1 0 0 0  aaa99999599aa8884798a863878a44765a3777a666552
212662 1 23 8 0 1 2 0 0 0  aaa99999499aa8883797a853788a52668a7766a756445
212664 1 23 8 0 2 0 0 0 0  aaa99999599aa8884797a863788a63648a7766a754552
212666 1 23 8 0 2 1 0 0 0  aaa99999599aa8884797a863788a63658a7766a755442
212674 1 23 8 0 3 2 0 0 0  aaa99999499aa8883797a853788a52668a7766a744565
212682 1 23 8 0 5 0 0 0 0  aaa99999599aa8884797a863788a63558a7746a765642
212698 1 23 8 1 1 2 0 0 0  aaa99999699aa8884797a873788a53678a6665a752445
212702 1 23 8 1 2 1 0 0 0  aaa99999599aa8884797a873788a53678a2665a766445
212704 1 23 8 1 2 2 0 0 0  aaa99999599aa8885797a875788a45678a2663a766443
212708 1 23 8 1 3 1 0 0 0  aaa99999599aa8884797a873788a53678a6665a762445
212710 1 23 8 1 3 2 0 0 0  aaa99999599aa8885797a875788a45678a6663a762443
212714 1 23 8 1 4 1 0 0 0  aaa99999599aa8884797a873788a53678a6666a752445
212716 1 23 8 1 4 2 0 0 0  aaa99999599aa8885797a875788a45678a6666a744332
212720 1 23 8 1 5 1 0 0 0  aaa99999599aa8885797a873788a63578a5446a764626
212804 1 23 8 4 1 1 0 0 0  aaa99999599aa8884797a873788a63678a7664a562554
212826 1 23 8 4 5 0 0 0 0  aaa99999599aa8884797a873788a63578a7546a265646
212834 1 23 8 5 0 1 0 0 0  aaa99999599aa8883797a873788a57668a2765a464465
212870 1 23 8 6 0 1 0 0 0  aaa99999599aa8884797a877688a63768a3756a644552
212910 1 23 8 7 1 0 0 0 0  aaa99999599aa8884797a873788a63668a6756a545724
212912 1 23 8 7 1 1 0 0 0  aaa99999599aa8884797a873788a63668a6746a555742
212918 1 23 8 7 2 1 0 0 0  aaa99999599aa8884797a873788a44668a6766a555732
212930 1 23 8 7 4 1 0 0 0  aaa99999599aa8884797a873788a53668a2745a666745
212984 1 23 8 9 1 1 0 0 0  aaa99999599aa8884797a853688a66768a3777a652445
212986 1 23 8 9 1 2 0 0 0  aaa99999599aa8885797a845688a66768a5777a644332
212990 1 23 8 9 2 1 0 0 0  aaa99999599aa8884797a863688a66758a3777a565442
213002 1 23 8 9 4 1 0 0 0  aaa99999599aa8884797a853688a53768a2777a666445
213004 1 23 8 9 4 2 0 0 0  aaa99999599aa8885797a845688a35768a2777a666443
213008 1 23 8 9 5 1 0 0 0  aaa99999599aa8884797a863588a63758a5777a464626
213062 1 23 9 0 2 1 0 0 0  aaa99999599aa8884797a844868a73767a3668a576552
213068 1 23 9 0 3 1 0 0 0  aaa99999599aa8884797a844868a76767a3668a573552
213074 1 23 9 0 4 1 0 0 0  aaa99999599aa8884797a844868a73767a3658a676552
213078 1 23 9 0 5 0 0 0 0  aaa99999699aa8886797a846828a76757a6558a374534
213079 1 23 9 0 5 0 1 0 0  aaa99999699aa8886797a846828a76757a6558a373454
213096 1 23 9 1 2 0 0 0 0  aaa99999599aa8884797a873868a27675a7648a663545
213098 1 23 9 1 2 1 0 0 0  aaa99999599aa8884797a873868a47675a7658a663254
213230 1 23 9 5 0 1 0 0 0  aaa99999599aa8884797a873868a67756a3768a565442
213236 1 23 9 5 1 1 0 0 0  aaa99999499aa8883797a873858a67766a6758a562454
213238 1 23 9 5 1 2 0 0 0  aaa99999599aa8885797a875848a67766a6748a465332
213240 1 23 9 5 2 0 0 0 0  aaa99999599aa8884797a873828a57766a6768a455643
213242 1 23 9 5 2 1 0 0 0  aaa99999599aa8883797a873848a47766a6768a555624
213248 1 23 9 5 3 1 0 0 0  aaa99999599aa8883797a873848a47766a6768a562554
213254 1 23 9 5 4 1 0 0 0  aaa99999599aa8883797a873848a47765a2768a666554
213260 1 23 9 5 5 1 0 0 0  aaa99999599aa8883797a873848a47756a2768a655664
213266 1 23 9 6 0 1 0 0 0  aaa99999599aa8884797a877868a63756a3768a565442
213289 1 23 9 6 4 0 1 0 0  aaa99999599aa8884797a877828a55763a4768a666534
213295 1 23 9 6 5 0 1 0 0  aaa99999599aa8884797a877828a55736a4768a653664
213302 1 23 9 7 0 1 0 0 0  aaa99999599aa8884797a873868a67765a3658a474652
213304 1 23 9 7 0 2 0 0 0  aaa99999599aa8885797a875868a67764a5638a474632
213317 1 23 9 7 2 2 1 0 0  aaa99999599aa8885797a875838a37766a6468a474652
213338 1 23 9 8 0 1 0 0 0  aaa99999599aa8884797a877868a63765a3658a474652
213340 1 23 9 8 0 2 0 0 0  aaa99999599aa8885797a877868a65764a5638a474632
213346 1 23 9 8 1 2 0 0 0  aaa99999499aa8883797a877868a66765a3658a572454
213380 1 23 9 9 1 1 0 0 0  aaa99999599aa8884697a873878a66765a3778a562454
213382 1 23 9 9 1 2 0 0 0  aaa99999599aa8885697a875878a66764a5778a464332
213413 1 23 9 10 0 2 1 0 0  aaa99999799aa8887696a847838a67625a7358a567454
213425 1 23 9 10 2 2 1 0 0  aaa99999799aa8887696a867828a47635a7658a537454
213431 1 23 9 10 3 2 1 0 0  aaa99999799aa8887696a867838a47625a7358a567454
213437 1 23 9 10 4 2 1 0 0  aaa99999799aa8887296a867868a47635a7658a537454
213439 1 23 9 10 5 0 1 0 0  aaa99999799aa8887296a847868a47655a7668a357354
213441 1 23 9 10 5 1 1 0 0  aaa99999799aa8887296a847868a47653a7668a557354
213443 1 23 9 10 5 2 1 0 0  aaa99999799aa8887296a847868a47635a7668a537554
213870 1 23 11 0 5 0 0 0 0  aaa99999599aa7764898a888877a63587a7546a265643
214028 1 23 11 5 1 1 0 0 0  aaa99999499aa7773898a888867a66587a3765a652445
214446 1 23 12 5 5 0 0 0 0  aaa99999599aa8888897a774878a63754a5526a763646
214884 1 23 13 7 0 0 0 0 0  aaa99999599aa8888897a774678a63687a3654a575624
214886 1 23 13 7 0 1 0 0 0  aaa99999599aa8888897a774678a63687a3654a572654
214910 1 23 13 7 4 1 0 0 0  aaa99999599aa8888897a774678a44687a3666a573552
214972 1 23 13 9 2 2 0 0 0  aaa99999499aa8888897a573678a66785a3776a562454
215030 1 23 14 0 0 1 0 0 0  aaa99999499aa8888797a663758a63686a7875a752445
215189 1 23 14 4 2 2 1 0 0  aaa99999499aa8888797a724668a76385a3866a574557
215195 1 23 14 4 3 2 1 0 0  aaa99999499aa8888797a724668a76386a3856a574557
215201 1 23 14 4 4 2 1 0 0  aaa99999499aa8888797a724638a73686a6856a574557
215205 1 23 14 4 5 1 1 0 0  aaa99999499aa8888797a724558a75386a3865a674667
215206 1 23 14 4 5 2 0 0 0  aaa99999599aa8888797a745348a75386a5864a672667
215207 1 23 14 4 5 2 1 0 0  aaa99999599aa8888797a725438a75486a4863a675667
215234 1 23 14 5 4 1 0 0 0  aaa99999499aa8888797a753758a57286a6867a644635
215236 1 23 14 5 4 2 0 0 0  aaa99999599aa8888797a735748a47486a6867a635652
215342 1 23 14 8 4 1 0 0 0  aaa99999599aa8888797a774628a57786a3865a644635
215344 1 23 14 8 4 2 0 0 0  aaa99999599aa8888797a775648a47786a5863a645623
215432 1 23 15 0 1 1 0 0 0  aaa99999599aa8884797a853768a66487a4785a673625
215444 1 23 15 0 3 1 0 0 0  aaa99999599aa8884797a863768a66687a3784a572554
215451 1 23 15 0 4 1 1 0 0  aaa99999599aa8885797a866758a65287a4786a374634
215460 1 23 15 1 0 0 0 0 0  aaa99999599aa8884797a873768a63687a6585a765442
215462 1 23 15 1 0 1 0 0 0  aaa99999599aa8884797a873768a63687a6485a764525
215466 1 23 15 1 1 0 0 0 0  aaa99999599aa8884797a873768a63687a2685a755446
215468 1 23 15 1 1 1 0 0 0  aaa99999599aa8885797a874768a63687a3684a755624
215474 1 23 15 1 2 1 0 0 0  aaa99999599aa8884797a873768a66687a3685a752445
215476 1 23 15 1 2 2 0 0 0  aaa99999599aa8885797a875768a66687a5684a744332
215478 1 23 15 1 3 0 0 0 0  aaa99999599aa8884797a873768a66687a3585a765442
215480 1 23 15 1 3 1 0 0 0  aaa99999599aa8884797a873768a66687a3485a764525
215486 1 23 15 1 4 1 0 0 0  aaa99999599aa8884797a873768a56687a3686a752445
215488 1 23 15 1 4 2 0 0 0  aaa99999599aa8885797a875768a46687a5686a744332
215492 1 23 15 1 5 1 0 0 0  aaa99999599aa8885797a873758a65487a4486a763626
215498 1 23 15 2 0 1 0 0 0  aaa99999599aa8884797a873768a63687a6784a562554
215504 1 23 15 2 1 1 0 0 0  aaa99999599aa8884797a873768a66487a4785a663525
215516 1 23 15 2 3 1 0 0 0  aaa99999599aa8884797a873768a66687a3784a562554
215523 1 23 15 2 4 1 1 0 0  aaa99999599aa8885797a874728a66587a5786a364634
215540 1 23 15 3 1 1 0 0 0  aaa99999499aa8883797a877768a66587a3685a652445
215568 1 23 15 4 0 0 0 0 0  aaa99999599aa8883797a873768a62487a7684a556654
215576 1 23 15 4 1 1 0 0 0  aaa99999499aa8883797a873768a66587a7685a652445
215578 1 23 15 4 1 2 0 0 0  aaa99999599aa8885797a875768a66487a7684a645332
215606 1 23 15 5 0 1 0 0 0  aaa99999599aa8884797a873768a67686a3784a562554
215626 1 23 15 5 3 2 0 0 0  aaa99999499aa8883797a873768a57686a6785a652445
215630 1 23 15 5 4 1 0 0 0  aaa99999599aa8884797a873728a57686a3785a644665
215632 1 23 15 5 4 2 0 0 0  aaa99999599aa8885797a875748a47686a5783a642663
215634 1 23 15 5 5 0 0 0 0  aaa99999499aa8883797a873758a67585a2786a464656
215642 1 23 15 6 0 1 0 0 0  aaa99999599aa8884797a877668a53786a3786a652445
215644 1 23 15 6 0 2 0 0 0  aaa99999599aa8885797a877668a45786a5786a644332
215648 1 23 15 6 1 1 0 0 0  aaa99999599aa8884797a877668a63786a3785a652445
215650 1 23 15 6 1 2 0 0 0  aaa99999599aa8885797a877668a65786a5784a644332
215676 1 23 15 7 0 0 0 0 0  aaa99999599aa8884797a873768a63685a6784a565724
215682 1 23 15 7 1 0 0 0 0  aaa99999599aa8884797a873768a66686a3785a455742
215684 1 23 15 7 1 1 0 0 0  aaa99999599aa8884797a873768a66686a3784a555724
215714 1 23 15 8 0 1 0 0 0  aaa99999599aa8884797a877768a63686a3784a562554
215724 1 23 15 8 2 0 0 0 0  aaa99999499aa8883797a877768a66585a3785a464652
215756 1 23 15 9 1 1 0 0 0  aaa99999499aa8883796a866778a77587a3685a652445
215822 1 23 16 0 0 1 0 0 0  aaa99999699aa8884797a866768a63587a3758a572454
215834 1 23 16 0 2 1 0 0 0  aaa99999599aa8884797a844768a66687a3768a573552
215840 1 23 16 0 3 1 0 0 0  aaa99999599aa8884797a863768a66687a3758a572454
215842 1 23 16 0 3 2 0 0 0  aaa99999599aa8885797a865768a66687a5748a474332
215856 1 23 16 1 0 0 0 0 0  aaa99999599aa8884797a873768a63687a6558a765442
215858 1 23 16 1 0 1 0 0 0  aaa99999599aa8884797a873768a63687a6458a764552
215862 1 23 16 1 1 0 0 0 0  aaa99999599aa8884797a873768a63687a2648a755546
215870 1 23 16 1 2 1 0 0 0  aaa99999599aa8884797a873768a66687a3658a744552
215874 1 23 16 1 3 0 0 0 0  aaa99999599aa8884797a873768a66687a3558a765442
215876 1 23 16 1 3 1 0 0 0  aaa99999599aa8884797a873768a66687a3458a764552
215880 1 23 16 1 4 0 0 0 0  aaa99999599aa8884797a873768a56687a3668a755442
215882 1 23 16 1 4 1 0 0 0  aaa99999599aa8885797a874768a63687a3668a755442
215894 1 23 16 2 0 1 0 0 0  aaa99999599aa8884797a873768a63687a6758a562454
215896 1 23 16 2 0 2 0 0 0  aaa99999599aa8885797a875768a65687a6748a464332
215912 1 23 16 2 3 1 0 0 0  aaa99999599aa8884797a873768a66687a3758a562454
215914 1 23 16 2 3 2 0 0 0  aaa99999599aa8885797a875768a66687a5748a464332
215964 1 23 16 4 0 0 0 0 0  aaa99999599aa8883797a873768a62587a7658a446654
216002 1 23 16 5 0 1 0 0 0  aaa99999599aa8884797a873768a67686a3758a562454
216004 1 23 16 5 0 2 0 0 0  aaa99999599aa8885797a875768a67686a5748a464332
216012 1 23 16 5 2 0 0 0 0  aaa99999499aa8883797a873758a57686a6758a644625
216024 1 23 16 5 4 0 0 0 0  aaa99999499aa8883797a873758a57586a6768a644625
216026 1 23 16 5 4 1 0 0 0  aaa99999599aa8885797a873748a47486a6768a655632
216030 1 23 16 5 5 0 0 0 0  aaa99999499aa8883797a873758a57586a2768a644665
216044 1 23 16 6 1 1 0 0 0  aaa99999599aa8884797a877668a63786a3758a644552
216072 1 23 16 7 0 0 0 0 0  aaa99999599aa8884797a873768a63685a6748a565742
216074 1 23 16 7 0 1 0 0 0  aaa99999599aa8885797a874768a63686a3748a565742
216078 1 23 16 7 1 0 0 0 0  aaa99999599aa8884797a873768a66686a3758a545724
216080 1 23 16 7 1 1 0 0 0  aaa99999599aa8884797a873768a66686a3748a555742
216086 1 23 16 7 2 1 0 0 0  aaa99999599aa8884797a873768a66684a4768a555732
216092 1 23 16 7 3 1 0 0 0  aaa99999599aa8884797a873768a66685a3758a464752
216094 1 23 16 7 3 2 0 0 0  aaa99999599aa8885797a875768a66684a5738a464732
216110 1 23 16 8 0 1 0 0 0  aaa99999599aa8884797a877768a63686a3758a562454
216112 1 23 16 8 0 2 0 0 0  aaa99999599aa8885797a877768a65686a5748a464332
216130 1 23 16 8 3 2 0 0 0  aaa99999499aa8883797a877768a66685a3758a562454
216132 1 23 16 8 4 0 0 0 0  aaa99999499aa8883797a877758a53586a6768a644625
216138 1 23 16 8 5 0 0 0 0  aaa99999499aa8883797a877758a53586a2768a644665
216258 1 23 17 1 1 0 0 0 0  aaa99999599aa8888797a874768a63687a3645a755642
216260 1 23 17 1 1 1 0 0 0  aaa99999599aa8888797a874768a63687a3645a752645
216278 1 23 17 1 4 1 0 0 0  aaa99999599aa8888797a874768a63687a3665a752445
216280 1 23 17 1 4 2 0 0 0  aaa99999599aa8888797a875768a65687a5664a744332
216284 1 23 17 1 5 1 0 0 0  aaa99999599aa8888797a874768a53687a3666a752445
216286 1 23 17 1 5 2 0 0 0  aaa99999599aa8888797a875768a45687a5666a744332
216296 1 23 17 2 1 1 0 0 0  aaa99999499aa8888797a873768a66587a3765a652445
216360 1 23 17 4 0 0 0 0 0  aaa99999499aa8888797a873768a63587a7654a556624
216361 1 23 17 4 0 0 1 0 0  aaa99999499aa8888797a874768a64387a7653a556625
216468 1 23 17 7 0 0 0 0 0  aaa99999599aa8888797a874768a63686a3754a565724
216470 1 23 17 7 0 1 0 0 0  aaa99999599aa8888797a874768a63686a3754a562754
216578 1 23 17 10 0 1 0 0 0  aaa99999599aa8888697a864678a44786a3777a563552
216792 1 23 18 5 0 0 0 0 0  aaa99999599aa7774898a888868a63676a3754a565274
217044 1 23 19 1 0 0 0 0 0  aaa99999599aa8888797a874768a63676a3558a765442
217046 1 23 19 1 0 1 0 0 0  aaa99999599aa8888797a874768a63676a3458a764552
217070 1 23 19 1 4 1 0 0 0  aaa99999599aa8888797a874768a63675a3668a744552
217262 1 23 19 7 0 1 0 0 0  aaa99999599aa8888797a874768a63656a3748a565742
217403 1 23 19 10 5 2 1 0 0  aaa99999799aa8888296a857468a57644a7668a357375
217586 1 23 20 5 0 1 0 0 0  aaa99999599aa7774898a888867a63676a3874a562554
217596 1 23 20 5 2 0 0 0 0  aaa99999499aa7773898a888867a66575a3875a464652
217980 1 23 21 5 0 0 0 0 0  aaa99999599aa7774896a863888a88676a3754a565274
218198 1 23 22 0 0 1 0 0 0  aaa99999599aa8774697a763768a73685a2854a888654
218214 1 23 22 0 3 0 0 0 0  aaa99999599aa8774697a766768a72584a5853a888643
218222 1 23 22 0 4 1 0 0 0  aaa99999599aa8774697a744768a73685a3866a888552
218406 1 23 22 5 5 0 0 0 0  aaa99999499aa8777596a753568a73687a2866a888445
218412 1 23 22 6 0 0 0 0 0  aaa99999599aa8664797a773758a67686a3854a888254
218663 1 24 0 1 5 2 1 0 0  aaa99998892aa8698897a787987a54776a4365a653645
218766 1 24 0 4 5 0 0 0 0  aaa99998892aa8698897a787987a55476a4765a635643
218767 1 24 0 4 5 0 1 0 0  aaa99998892aa8698897a787987a55376a5763a654644
218771 1 24 0 4 5 2 1 0 0  aaa99998892aa8698897a787987a54376a3765a654645
218963 1 24 0 10 1 2 1 0 0  aaa99998892aa8598896a686987a64375a3756a777544
219112 1 24 1 3 2 2 0 0 0  aaa99995498aa8893898a753977a77862a8675a644665
219328 1 24 1 9 2 2 0 0 0  aaa99995498aa8893898a666927a57876a8765a773445
219340 1 24 1 9 4 2 0 0 0  aaa99994498aa8894898a656927a57876a8765a773635
219346 1 24 1 9 5 2 0 0 0  aaa99995498aa8893898a644927a57876a8765a773665
219474 1 24 2 2 3 0 0 0 0  aaa99997598aa8894898a777966a63877a3568a546254
219566 1 24 2 5 0 1 0 0 0  aaa99997598aa8894898a777965a63867a3678a545624
219568 1 24 2 5 0 2 0 0 0  aaa99997598aa8895898a777964a65867a5678a433642
219576 1 24 2 5 2 0 0 0 0  aaa99997598aa8894898a777966a63867a3478a654552
219578 1 24 2 5 2 1 0 0 0  aaa99997598aa8894898a777966a63867a3578a655442
219586 1 24 2 5 3 2 0 0 0  aaa99997498aa8893898a777965a66857a3678a545624
219594 1 24 2 5 5 0 0 0 0  aaa99997598aa8894898a777946a54867a3678a663552
219596 1 24 2 5 5 1 0 0 0  aaa99997598aa8894898a777956a55867a3678a663442
219722 1 24 2 9 2 1 0 0 0  aaa99995498aa8893898a666957a57876a3768a772445
219724 1 24 2 9 2 2 0 0 0  aaa99994598aa8895898a666947a47876a5768a775332
219734 1 24 2 9 4 1 0 0 0  aaa99994498aa8894898a656957a57876a3768a773625
219736 1 24 2 9 4 2 0 0 0  aaa99994598aa8895898a636947a47876a5768a775623
219740 1 24 2 9 5 1 0 0 0  aaa99995498aa8893898a644957a57876a3768a772665
219742 1 24 2 9 5 2 0 0 0  aaa99994598aa8895898a635947a47876a5768a772663
219870 1 24 3 2 3 0 0 0 0  aaa99997598aa8894898a777966a63787a3568a546254
219978 1 24 3 5 3 0 0 0 0  aaa99997598aa8894898a777966a63687a3478a654552
219980 1 24 3 5 3 1 0 0 0  aaa99997598aa8894898a777966a63687a3578a655442
219990 1 24 3 5 5 0 0 0 0  aaa99997498aa8893898a777956a53587a2678a666445
220160 1 24 3 10 3 1 0 0 0  aaa99995498aa8893898a744966a63687a2578a756775
220162 1 24 3 10 3 2 0 0 0  aaa99994598aa8895898a735966a65687a2478a746773
220170 1 24 3 10 5 0 0 0 0  aaa99996598aa8894898a763954a65587a3278a764776
220224 1 24 4 1 2 0 0 0 0  aaa99996598aa8894898a783977a73787a2666a455546
220262 1 24 4 2 2 1 0 0 0  aaa99995498aa8895898a683977a73786a7666a752445
220264 1 24 4 2 2 2 0 0 0  aaa99994598aa8895898a685977a75786a7666a744332
220370 1 24 4 5 2 1 0 0 0  aaa99995498aa8895898a683977a73786a2675a667445
220372 1 24 4 5 2 2 0 0 0  aaa99994598aa8895898a685977a75786a2673a667443
220376 1 24 4 5 3 1 0 0 0  aaa99996598aa8894898a683977a73785a2674a667554
220382 1 24 4 5 4 1 0 0 0  aaa99994498aa8895898a686977a74786a3275a657635
220384 1 24 4 5 4 2 0 0 0  aaa99994598aa8895898a686977a75786a5474a637623
220388 1 24 4 5 5 1 0 0 0  aaa99994498aa8895898a684977a73786a3275a657665
220390 1 24 4 5 5 2 0 0 0  aaa99994598aa8895898a685977a75786a2474a637663
220406 1 24 4 6 2 1 0 0 0  aaa99995498aa8895898a683977a77786a3675a662445
220408 1 24 4 6 2 2 0 0 0  aaa99994598aa8895898a685977a77786a5673a662443
220440 1 24 4 7 2 0 0 0 0  aaa99997598aa8894898a683977a73785a5666a744562
220442 1 24 4 7 2 1 0 0 0  aaa99997598aa8895898a684977a73786a3666a755442
220448 1 24 4 7 3 1 0 0 0  aaa99997598aa8894898a683977a73785a2666a746554
220478 1 24 4 8 2 1 0 0 0  aaa99995498aa8895898a683977a77786a3666a752445
220480 1 24 4 8 2 2 0 0 0  aaa99994598aa8895898a685977a77786a5666a744332
220514 1 24 4 9 2 1 0 0 0  aaa99995498aa8895898a683976a57786a3777a662445
220516 1 24 4 9 2 2 0 0 0  aaa99994598aa8895898a685976a37786a5777a662443
220556 1 24 4 10 3 1 0 0 0  aaa99994498aa8895898a784966a63687a3275a756775
220558 1 24 4 10 3 2 0 0 0  aaa99994598aa8895898a785966a65687a2474a736773
220566 1 24 4 10 5 0 0 0 0  aaa99996598aa8894898a783954a65587a3276a764776
220634 1 24 5 1 4 1 0 0 0  aaa99995498aa8893897a787987a73586a6765a644625
220636 1 24 5 1 4 2 0 0 0  aaa99994598aa8895897a787987a75486a6764a635623
220660 1 24 5 2 2 2 0 0 0  aaa99995498aa8893897a787987a53687a2766a644565
220666 1 24 5 2 3 2 0 0 0  aaa99995498aa8893897a787987a53687a6766a652445
220672 1 24 5 2 4 2 0 0 0  aaa99995498aa8893897a787987a53687a2765a644665
220676 1 24 5 2 5 1 0 0 0  aaa99996598aa8894897a787987a63487a4756a563652
220742 1 24 5 4 4 1 0 0 0  aaa99995498aa8893897a787987a44586a6765a673625
220744 1 24 5 4 4 2 0 0 0  aaa99994598aa8895897a787987a35486a6764a675623
220880 1 24 5 8 3 1 0 0 0  aaa99996498aa8893897a783986a66785a7757a644525
221350 1 24 6 10 3 2 0 0 0  aaa99995498aa8893898a744966a63687a8275a756775
221358 1 24 6 10 5 0 0 0 0  aaa99996598aa8894898a763954a65587a8276a764773
221704 1 24 7 9 2 2 0 0 0  aaa99995498aa8898898a666927a57876a3765a773445
221716 1 24 7 9 4 2 0 0 0  aaa99994498aa8898898a656927a57876a4765a773635
221722 1 24 7 9 5 2 0 0 0  aaa99995498aa8898898a644927a57876a3765a773665
221771 1 24 8 0 1 2 1 0 0  aaa99997798aa8894892a787973a74686a6856a563554
221794 1 24 8 0 5 2 0 0 0  aaa99997798aa8895894a787973a75286a5864a635664
221822 1 24 8 1 4 1 0 0 0  aaa99995498aa8893897a787977a44586a6865a673625
221824 1 24 8 1 4 2 0 0 0  aaa99994598aa8895897a787977a35486a6864a675623
221848 1 24 8 2 2 2 0 0 0  aaa99995498aa8893897a787977a53687a2866a644565
221854 1 24 8 2 3 2 0 0 0  aaa99995498aa8893897a787977a53687a6866a652445
221860 1 24 8 2 4 2 0 0 0  aaa99995498aa8893897a787977a53687a2865a644665
221864 1 24 8 2 5 1 0 0 0  aaa99996598aa8894897a787977a63487a4856a563652
221894 1 24 8 3 4 1 0 0 0  aaa99995498aa8893897a783977a77586a6865a644625
221896 1 24 8 3 4 2 0 0 0  aaa99994598aa8895897a785977a77486a6864a635623
221930 1 24 8 4 4 1 0 0 0  aaa99995498aa8893897a787977a73586a6865a644625
221932 1 24 8 4 4 2 0 0 0  aaa99994598aa8895897a787977a75486a6864a635623
222004 1 24 8 6 4 2 0 0 0  aaa99995498aa8893897a686977a77786a3865a652445
222008 1 24 8 6 5 1 0 0 0  aaa99995498aa8895897a683977a77786a3865a644625
222010 1 24 8 6 5 2 0 0 0  aaa99994598aa8895897a685977a77786a5863a644623
222014 1 24 8 7 0 1 0 0 0  aaa99996798aa8894897a787976a63587a3865a652445
222047 1 24 8 7 5 2 1 0 0  aaa99996798aa8895897a787974a65387a5836a464652
222124 1 24 8 10 0 2 0 0 0  aaa99996698aa8896894a785963a65287a5874a735774
222134 1 24 8 10 2 1 0 0 0  aaa99995498aa8895896a783966a63687a2875a744775
222136 1 24 8 10 2 2 0 0 0  aaa99994598aa8895896a785966a65687a2873a744773
222244 1 24 9 2 2 2 0 0 0  aaa99995498aa8893897a787977a53687a2686a656445
222250 1 24 9 2 3 2 0 0 0  aaa99995498aa8893897a787977a53687a6686a652445
222256 1 24 9 2 4 2 0 0 0  aaa99995498aa8893897a787977a53687a2685a666445
222260 1 24 9 2 5 1 0 0 0  aaa99996598aa8894897a787977a63487a4586a565632
222370 1 24 9 5 5 2 0 0 0  aaa99996598aa8895897a787974a65783a5286a764634
222386 1 24 9 6 2 1 0 0 0  aaa99995498aa8895897a683977a77786a3685a662445
222388 1 24 9 6 2 2 0 0 0  aaa99994598aa8895897a685977a77786a5683a662443
222466 1 24 9 8 3 2 0 0 0  aaa99995498aa8893897a683977a77686a6685a752445
222488 1 24 9 9 1 1 0 0 0  aaa99995498aa8895897a783976a66786a3787a652445
222490 1 24 9 9 1 2 0 0 0  aaa99994598aa8895897a785976a66786a5787a644332
222494 1 24 9 9 2 1 0 0 0  aaa99996598aa8894897a783976a66784a4787a555632
222500 1 24 9 9 3 1 0 0 0  aaa99996598aa8894897a783976a66785a3787a644552
222506 1 24 9 9 4 1 0 0 0  aaa99995498aa8895897a783976a53786a2787a666445
222508 1 24 9 9 4 2 0 0 0  aaa99994598aa8895897a785976a35786a2787a666443
222512 1 24 9 9 5 1 0 0 0  aaa99996598aa8894897a783975a63784a4787a565626
222518 1 24 9 10 0 1 0 0 0  aaa99997598aa8894896a683966a73486a4587a575727
222542 1 24 9 10 4 1 0 0 0  aaa99997598aa8894896a683965a73684a4687a575727
222934 1 24 10 10 3 2 0 0 0  aaa99995498aa8898898a744966a63687a3275a756775
222942 1 24 10 10 5 0 0 0 0  aaa99996598aa8898898a764954a65587a3276a764773
223912 1 24 13 4 4 2 0 0 0  aaa99995498aa8898897a787987a53276a6765a644635
224618 1 24 15 2 2 1 0 0 0  aaa99996498aa8893897a773986a66785a7556a782454
224666 1 24 15 3 4 1 0 0 0  aaa99995498aa8893897a777987a44586a6765a683625
224668 1 24 15 3 4 2 0 0 0  aaa99994598aa8895897a777987a35486a6764a685623
224684 1 24 15 4 1 1 0 0 0  aaa99996498aa8893897a773987a44686a6756a587525
224702 1 24 15 4 4 1 0 0 0  aaa99995498aa8893897a773987a44586a6765a687625
224704 1 24 15 4 4 2 0 0 0  aaa99994598aa8895897a775987a35486a6764a687623
224720 1 24 15 5 1 1 0 0 0  aaa99994498aa8895897a774986a66786a3725a683575
224722 1 24 15 5 1 2 0 0 0  aaa99994598aa8895897a775986a66786a5744a682373
224728 1 24 15 5 2 2 0 0 0  aaa99996598aa8895897a775986a66784a5736a484372
224744 1 24 15 5 5 1 0 0 0  aaa99996498aa8893897a773985a62784a4756a585676
224764 1 24 15 6 2 2 0 0 0  aaa99996498aa8893897a777986a66785a3756a582454
224784 1 24 15 7 0 0 0 0 0  aaa99997598aa8894897a773986a63784a4665a782556
224786 1 24 15 7 0 1 0 0 0  aaa99997598aa8895897a773986a63785a5664a782446
224792 1 24 15 7 1 1 0 0 0  aaa99997598aa8894897a773986a66785a3664a782554
224798 1 24 15 7 2 1 0 0 0  aaa99997598aa8894897a773986a66785a3456a784652
224804 1 24 15 7 3 1 0 0 0  aaa99997598aa8894897a773986a66785a3654a782654
224808 1 24 15 7 4 0 0 0 0  aaa99997598aa8894897a773984a55786a3665a784662
224810 1 24 15 7 4 1 0 0 0  aaa99997598aa8894897a773985a55786a3664a782664
224872 1 24 15 9 2 2 0 0 0  aaa99996498aa8893897a567986a66785a3777a582454
224910 1 24 15 10 3 0 0 0 0  aaa99996598aa8894896a766985a45687a3572a783774
224964 1 24 16 1 0 0 0 0 0  aaa99996798aa8895897a774986a63785a7664a525834
225012 1 24 16 2 2 0 0 0 0  aaa99996498aa8893897a773986a66785a7556a745824
225018 1 24 16 2 3 0 0 0 0  aaa99996498aa8893897a773986a66785a7655a744825
225116 1 24 16 5 1 1 0 0 0  aaa99995498aa8893897a773986a66786a2755a644875
225118 1 24 16 5 1 2 0 0 0  aaa99994598aa8895897a775986a66786a5744a633872
225122 1 24 16 5 2 1 0 0 0  aaa99996498aa8893897a773986a66784a4756a555872
225134 1 24 16 5 4 1 0 0 0  aaa99995498aa8893897a773986a44786a2755a666875
225136 1 24 16 5 4 2 0 0 0  aaa99994598aa8895897a775986a35786a2744a666873
225140 1 24 16 5 5 1 0 0 0  aaa99996498aa8893897a773985a62784a4756a565876
225270 1 24 16 9 3 0 0 0 0  aaa99996498aa8893897a557986a66785a3777a644825
225460 1 24 17 3 4 2 0 0 0  aaa99995498aa8898897a777987a53286a6765a644635
225496 1 24 17 4 4 2 0 0 0  aaa99995498aa8898897a773987a44286a6765a657635
225514 1 24 17 5 1 2 0 0 0  aaa99995498aa8898897a773986a66786a3725a644575
225532 1 24 17 5 4 2 0 0 0  aaa99995498aa8898897a773986a44786a3725a666575
225536 1 24 17 5 5 1 0 0 0  aaa99996498aa8898897a773985a63784a4756a565672
226180 1 24 19 1 4 2 0 0 0  aaa99995498aa8898897a773977a44686a3285a657665
226182 1 24 19 1 5 0 0 0 0  aaa99996598aa8898897a774977a63584a5586a267643
226204 1 24 19 2 2 2 0 0 0  aaa99995498aa8898897a773977a53687a2686a656445
226210 1 24 19 2 3 2 0 0 0  aaa99995498aa8898897a773977a53687a6686a652445
226216 1 24 19 2 4 2 0 0 0  aaa99995498aa8898897a773977a53687a2685a666445
226220 1 24 19 2 5 1 0 0 0  aaa99996598aa8898897a774977a63487a4586a565632
226330 1 24 19 5 5 2 0 0 0  aaa99996598aa8898897a775974a65783a5286a764634
226368 1 24 19 7 0 0 0 0 0  aaa99997598aa8898897a774976a63687a3685a455642
226370 1 24 19 7 0 1 0 0 0  aaa99997598aa8898897a774976a63687a3684a555624
226382 1 24 19 7 2 1 0 0 0  aaa99997498aa8898897a773976a66587a3685a652445
226394 1 24 19 7 4 1 0 0 0  aaa99997498aa8898897a773976a56587a3685a662445
226450 1 24 19 9 1 2 0 0 0  aaa99995498aa8898897a753976a66786a3787a652445
226468 1 24 19 9 4 2 0 0 0  aaa99995498aa8898897a753976a53786a2787a666445
226472 1 24 19 9 5 1 0 0 0  aaa99996598aa8898897a764975a63784a4787a565632
226478 1 24 19 10 0 1 0 0 0  aaa99997598aa8898896a674966a73486a4587a575732
226495 1 24 19 10 3 0 1 0 0  aaa99997598aa8898896a676965a75286a4587a374734
226502 1 24 19 10 4 1 0 0 0  aaa99997598aa8898896a674965a73684a4687a575732
227323 1 24 22 0 3 0 1 0 0  aaa99997792aa8797796a676968a55486a5844a888533
227506 1 24 22 5 3 2 0 0 0  aaa99995497aa8797796a663978a44687a3825a888565
227514 1 24 22 5 5 0 0 0 0  aaa99996597aa8797795a465978a64587a3826a888643
227720 1 25 0 0 3 1 0 0 0  aaa99988587aa9874798a793896a83766a6597a545624
227722 1 25 0 0 3 2 0 0 0  aaa99988587aa9875798a795896a85766a6497a433642
227726 1 25 0 0 4 1 0 0 0  aaa99988587aa9874798a793896a86765a3697a644552
227730 1 25 0 0 5 0 0 0 0  aaa99988587aa9874798a793896a83765a5697a646524
227732 1 25 0 0 5 1 0 0 0  aaa99988587aa9875798a794896a83765a5697a663442
227746 1 25 0 1 1 2 0 0 0  aaa99988487aa9877798a793895a83667a6596a545624
227762 1 25 0 1 4 1 0 0 0  aaa99988487aa9877798a793896a86567a3695a652445
227768 1 25 0 1 5 1 0 0 0  aaa99988587aa9877798a794896a83467a4695a663525
227784 1 25 0 2 2 0 0 0 0  aaa99988587aa9877798a794896a83666a3597a562454
227786 1 25 0 2 2 1 0 0 0  aaa99988587aa9877798a794896a83666a3597a565442
227794 1 25 0 2 3 2 0 0 0  aaa99988487aa9877798a793895a83656a6697a545624
227802 1 25 0 2 5 0 0 0 0  aaa99988587aa9877798a794896a83565a3697a662454
227804 1 25 0 2 5 1 0 0 0  aaa99988587aa9877798a794896a83565a5697a663442
227822 1 25 0 3 2 1 0 0 0  aaa99988487aa9873798a593897a87666a2597a566454
227824 1 25 0 3 2 2 0 0 0  aaa99988587aa9875798a495897a87666a5497a466332
227858 1 25 0 4 2 1 0 0 0  aaa99988487aa9877698a696897a83576a3795a652445
227870 1 25 0 4 4 1 0 0 0  aaa99988587aa9877698a694897a83476a4795a653625
227879 1 25 0 4 5 2 1 0 0  aaa99988587aa9877298a695897a85376a3794a645664
227894 1 25 0 5 2 1 0 0 0  aaa99988487aa9877798a593897a83666a2597a566454
227896 1 25 0 5 2 2 0 0 0  aaa99988587aa9877798a495897a85666a5497a466332
227932 1 25 0 6 2 2 0 0 0  aaa99988487aa9853798a693897a87676a6795a652445
227994 1 25 0 8 1 0 0 0 0  aaa99988587aa9873798a793897a87666a2496a455546
227996 1 25 0 8 1 1 0 0 0  aaa99988487aa9873798a793897a87666a2596a455546
228006 1 25 0 8 3 0 0 0 0  aaa99988587aa9874798a793897a87666a3596a546254
228032 1 25 0 9 1 1 0 0 0  aaa99988587aa9854698a696897a83676a3795a772445
228034 1 25 0 9 1 2 0 0 0  aaa99988587aa9845698a696897a85676a5793a772443
228038 1 25 0 9 2 1 0 0 0  aaa99988587aa9854698a696897a83476a4795a773625
228050 1 25 0 9 4 1 0 0 0  aaa99988587aa9854698a693897a83476a4795a772665
228059 1 25 0 9 5 2 1 0 0  aaa99988687aa9846298a596897a86375a3794a776554
228060 1 25 0 10 0 0 0 0 0  aaa99988586aa9864698a693897a83575a2796a777454
228062 1 25 0 10 0 1 0 0 0  aaa99988586aa9864698a693897a83575a5796a777442
228077 1 25 0 10 2 2 1 0 0  aaa99988586aa9866398a395897a85474a4796a777652
228093 1 25 0 10 5 1 1 0 0  aaa99988682aa9846598a596897a86375a6793a777454
228311 1 25 1 5 5 2 1 0 0  aaa99988887aa9877893a495897a25364a5697a666745
228473 1 25 1 10 2 2 1 0 0  aaa99988886aa9866893a495897a25374a5796a777645
228641 1 25 2 4 0 2 1 0 0  aaa99988887aa9877898a696792a56773a4695a654534
228722 1 25 2 6 2 1 0 0 0  aaa99988887aa9854898a695797a73767a3695a644625
228724 1 25 2 6 2 2 0 0 0  aaa99988887aa9845898a695797a75767a5693a644623
228890 1 25 3 0 0 1 0 0 0  aaa99988887aa9875798a794696a83756a3697a545624
228892 1 25 3 0 0 2 0 0 0  aaa99988887aa9875798a795696a85746a5697a433642
228898 1 25 3 0 1 2 0 0 0  aaa99988887aa9874798a793696a86756a3597a545624
228920 1 25 3 0 5 1 0 0 0  aaa99988887aa9875798a794596a83765a5697a663442
229010 1 25 3 3 2 1 0 0 0  aaa99988887aa9874798a593797a83666a2597a566454
229012 1 25 3 3 2 2 0 0 0  aaa99988887aa9875798a495797a85666a5497a466332
229182 1 25 3 8 1 0 0 0 0  aaa99988887aa9875798a793797a83666a2496a455546
229184 1 25 3 8 1 1 0 0 0  aaa99988887aa9874798a793797a83666a2596a455546
229194 1 25 3 8 3 0 0 0 0  aaa99988887aa9875798a794797a83666a3596a546254
229319 1 25 4 0 5 2 1 0 0  aaa99988888aa9877297a597796a74365a3698a664554
229465 1 25 4 5 0 0 1 0 0  aaa99988888aa9866797a796796a74255a4798a365534
229478 1 25 4 5 2 1 0 0 0  aaa99988888aa9845797a794796a73666a3798a562554
229484 1 25 4 5 3 1 0 0 0  aaa99988888aa9845797a794796a73666a3798a555624
229537 1 25 4 7 0 0 1 0 0  aaa99988888aa9866797a796796a64255a4798a353754
229715 1 25 5 0 5 2 1 0 0  aaa99988878aa9876792a896795a46353a6798a575464
229739 1 25 5 1 3 2 1 0 0  aaa99988878aa9877792a894796a66763a4598a555634
229747 1 25 5 1 5 0 1 0 0  aaa99988878aa9877792a895796a55763a4698a664534
229793 1 25 5 3 0 2 1 0 0  aaa99988878aa9875797a897696a35246a5698a474653
229806 1 25 5 3 3 0 0 0 0  aaa99988878aa9874797a897696a63655a3598a672454
229865 1 25 5 5 0 2 1 0 0  aaa99988878aa9877797a895696a35246a5698a474653
229878 1 25 5 5 3 0 0 0 0  aaa99988878aa9877797a894696a63655a3598a672454
229955 1 25 5 7 3 2 1 0 0  aaa99988878aa9877793a895696a65624a7398a675445
229970 1 25 5 8 0 1 0 0 0  aaa99988878aa9874797a897796a63664a4598a553652
230045 1 25 5 10 0 2 1 0 0  aaa99988868aa9865692a895697a35474a4798a777653
230061 1 25 5 10 3 1 1 0 0  aaa99988868aa9866692a894597a55573a4798a777634
230070 1 25 5 10 5 0 0 0 0  aaa99988858aa9856593a896497a46374a6798a777562
230096 1 25 6 0 3 1 0 0 0  aaa99988887aa9874795a793896a83766a6597a545624
230414 1 25 6 9 2 1 0 0 0  aaa99988887aa9845696a694897a83675a3796a772554
230498 1 25 7 0 4 1 0 0 0  aaa99977588aa9884698a797796a73885a3694a662554
230508 1 25 7 1 0 0 0 0 0  aaa99977788aa9885798a794796a63886a3496a654552
230510 1 25 7 1 0 1 0 0 0  aaa99977788aa9885798a794796a63886a3596a655442
230546 1 25 7 2 0 1 0 0 0  aaa99977788aa9885798a794696a44886a3697a555632
230588 1 25 7 3 1 1 0 0 0  aaa99976588aa9884798a793797a73885a2696a646554
230594 1 25 7 3 2 1 0 0 0  aaa99974488aa9885798a794797a73886a3695a662565
230596 1 25 7 3 2 2 0 0 0  aaa99974588aa9885798a795797a75886a4693a662364
230600 1 25 7 3 3 1 0 0 0  aaa99975488aa9885798a793797a73886a2696a656445
230602 1 25 7 3 3 2 0 0 0  aaa99974588aa9885798a795797a75886a2696a636443
230606 1 25 7 3 4 1 0 0 0  aaa99975488aa9885798a793797a73886a2695a666445
230608 1 25 7 3 4 2 0 0 0  aaa99974588aa9885798a795797a75886a2693a666443
230612 1 25 7 3 5 1 0 0 0  aaa99976588aa9884798a793797a73884a4596a565626
230666 1 25 7 5 2 1 0 0 0  aaa99977788aa9885698a794696a73887a3695a652445
230668 1 25 7 5 2 2 0 0 0  aaa99977788aa9885698a795696a75887a5694a644332
230760 1 25 7 8 0 0 0 0 0  aaa99966588aa9884798a793797a73884a7596a656245
230761 1 25 7 8 0 0 1 0 0  aaa99966488aa9884798a794797a73885a7596a656532
230762 1 25 7 8 0 1 0 0 0  aaa99966588aa9883798a793797a72885a7496a646554
230846 1 25 7 10 2 1 0 0 0  aaa99975488aa9885698a793696a44887a3695a762775
230848 1 25 7 10 2 2 0 0 0  aaa99974588aa9885698a795696a35887a4693a762774
230854 1 25 7 10 3 2 0 0 0  aaa99975488aa9883698a796696a53887a2695a744775
230898 1 25 8 0 5 0 0 0 0  aaa99988887aa9875797a694594a85576a3298a674663
231262 1 25 8 10 5 2 0 0 0  aaa99988884aa9846492a596397a86375a6798a777556
231263 1 25 8 10 5 2 1 0 0  aaa99988884aa9826493a596497a86375a6798a777556
231299 1 25 9 0 5 2 1 0 0  aaa99988887aa9875792a795396a83764a8697a665445
231658 1 25 9 10 5 2 0 0 0  aaa99988858aa9826595a598497a46473a6798a777366
231659 1 25 9 10 5 2 1 0 0  aaa99988858aa9836595a598497a36474a6798a777266
231661 1 25 10 0 0 0 1 0 0  aaa99977588aa9884298a797897a74665a5896a633546
231667 1 25 10 0 1 0 1 0 0  aaa99977588aa9884398a797897a73666a4896a525546
231670 1 25 10 0 1 2 0 0 0  aaa99977588aa9885298a797897a75666a5896a344436
231673 1 25 10 0 2 0 1 0 0  aaa99977588aa9884398a797897a73666a4895a266554
231734 1 25 10 2 0 1 0 0 0  aaa99977788aa9885798a794896a63664a4897a555632
231854 1 25 10 5 2 1 0 0 0  aaa99977788aa9884698a793896a76567a3895a652445
231866 1 25 10 5 4 1 0 0 0  aaa99977788aa9885698a794896a73467a4895a663525
231875 1 25 10 5 5 2 1 0 0  aaa99977788aa9885298a795896a75367a3894a666454
231890 1 25 10 6 2 1 0 0 0  aaa99966688aa9884798a693897a77576a3895a752445
231902 1 25 10 6 4 1 0 0 0  aaa99965688aa9884798a693897a77576a3895a744625
231962 1 25 10 8 2 1 0 0 0  aaa99966688aa9884798a793897a77576a3895a652445
231974 1 25 10 8 4 1 0 0 0  aaa99965688aa9884798a793897a77576a3895a644625
232478 1 25 12 0 4 1 0 0 0  aaa99977588aa9884698a797796a73865a3894a662554
232568 1 25 12 3 1 1 0 0 0  aaa99976588aa9884798a793797a73866a6894a562554
232586 1 25 12 3 4 1 0 0 0  aaa99976588aa9884798a793797a73865a2894a666554
233029 1 25 13 5 0 0 1 0 0  aaa99977788aa9886298a798696a74857a6695a534543
233065 1 25 13 6 0 0 1 0 0  aaa99966588aa9884798a398797a74867a7296a655534
233269 1 25 14 0 4 0 1 0 0  aaa99977588aa9884793a793898a58762a6697a664554
233325 1 25 14 2 1 1 1 0 0  aaa99977788aa9884397a793898a78666a4596a554256
233335 1 25 14 2 3 0 1 0 0  aaa99977788aa9884397a793898a78666a4596a526545
233497 1 25 14 7 0 0 1 0 0  aaa99977788aa9887296a796898a78656a5594a346354
233585 1 25 14 9 2 2 1 0 0  aaa99966688aa9884297a694898a58376a3795a777545
233597 1 25 14 9 4 2 1 0 0  aaa99965688aa9884297a694898a58376a3795a777645
233601 1 25 14 9 5 1 1 0 0  aaa99965588aa9884297a694898a58376a3795a777664
233640 1 25 15 0 0 0 0 0 0  aaa99988877aa9866497a896796a84257a5798a564335
233641 1 25 15 0 0 0 1 0 0  aaa99988877aa9866297a896796a84557a4798a564533
233645 1 25 15 0 0 2 1 0 0  aaa99988877aa9866297a896796a85337a5798a465445
233671 1 25 15 0 5 0 1 0 0  aaa99988877aa9855297a895796a84367a3798a666544
233673 1 25 15 0 5 1 1 0 0  aaa99988877aa9854297a895796a84367a3798a666545
233674 1 25 15 0 5 2 0 0 0  aaa99988877aa9835297a895796a85467a4798a666354
233675 1 25 15 0 5 2 1 0 0  aaa99988877aa9845297a895796a85367a3798a666454
233743 1 25 15 2 5 0 1 0 0  aaa99988877aa9875397a894796a83265a5798a666544
233747 1 25 15 2 5 2 1 0 0  aaa99988877aa9875297a895796a85464a4798a666353
233851 1 25 15 5 5 0 1 0 0  aaa99988877aa9875397a897796a83265a5698a664544
233855 1 25 15 5 5 2 1 0 0  aaa99988877aa9875297a897796a85464a4698a665353
233891 1 25 15 6 5 2 1 0 0  aaa99988877aa9877393a895797a85264a5698a666445
233917 1 25 15 7 4 0 1 0 0  aaa99988877aa9875397a894796a83666a6298a575544
233921 1 25 15 7 4 2 1 0 0  aaa99988877aa9875297a895796a85666a6498a474353
233923 1 25 15 7 5 0 1 0 0  aaa99988877aa9875397a894796a83265a5698a676544
233927 1 25 15 7 5 2 1 0 0  aaa99988877aa9875297a895796a85464a4698a676353
233959 1 25 15 8 5 0 1 0 0  aaa99988877aa9877397a895796a83265a5698a664544
233963 1 25 15 8 5 2 1 0 0  aaa99988877aa9877297a895796a85464a4698a665353
233999 1 25 15 9 5 2 1 0 0  aaa99988837aa9875793a895797a87264a5698a666445
234019 1 25 15 10 3 0 1 0 0  aaa99988866aa9865396a894697a83275a5798a777544
234023 1 25 15 10 3 2 1 0 0  aaa99988866aa9865296a895697a85474a4798a777353
234034 1 25 15 10 5 2 0 0 0  aaa99988844aa9836294a896597a86575a5798a777366
234035 1 25 15 10 5 2 1 0 0  aaa99988844aa9846393a896597a86575a5798a777266
234052 1 25 16 0 2 2 0 0 0  aaa99988877aa9854697a893796a86267a8795a653445
234059 1 25 16 0 3 2 1 0 0  aaa99988877aa9856697a894796a86267a8795a354534
234062 1 25 16 0 4 1 0 0 0  aaa99988877aa9854697a893796a83567a8795a662445
234064 1 25 16 0 4 2 0 0 0  aaa99988877aa9845697a895796a85467a8794a665332
234067 1 25 16 0 5 0 1 0 0  aaa99988877aa9855297a895796a84367a8793a666544
234069 1 25 16 0 5 1 1 0 0  aaa99988877aa9855397a894796a83267a8795a666544
234071 1 25 16 0 5 2 1 0 0  aaa99988877aa9854397a894796a83267a8795a666545
234430 1 25 16 10 5 2 0 0 0  aaa99988845aa9846594a896597a58373a6798a777266
234431 3 25 16 10 5 2 1 0 0  aaa99988855aa9857595a897596a57464a7698a668377
234434 1 25 17 0 0 1 0 0 0  aaa99977488aa9883798a798896a63765a6597a545624
234452 1 25 17 0 3 1 0 0 0  aaa99977488aa9883798a798896a66764a4597a553652
234458 1 25 17 0 4 1 0 0 0  aaa99977588aa9884798a798896a63765a3697a644552
234464 1 25 17 0 5 1 0 0 0  aaa99977588aa9884798a798896a44765a3697a663552
234506 1 25 17 2 0 1 0 0 0  aaa99977788aa9884798a798896a63664a4597a553652
234638 1 25 17 5 4 1 0 0 0  aaa99977788aa9884698a798896a73567a3695a652445
234647 1 25 17 5 5 2 1 0 0  aaa99977788aa9885298a798896a75367a3694a665454
234674 1 25 17 6 4 1 0 0 0  aaa99966488aa9883798a698897a77576a3795a652445
234756 1 25 17 9 0 0 0 0 0  aaa99966588aa9884798a498897a63576a6795a773245
234758 1 25 17 9 0 1 0 0 0  aaa99966588aa9884798a598897a63676a3794a772554
234805 1 25 17 10 2 0 1 0 0  aaa99966688aa9885298a698897a55376a4793a777544
234809 1 25 17 10 2 2 1 0 0  aaa99966688aa9884298a698897a54376a3795a777545
234821 1 25 17 10 4 2 1 0 0  aaa99965688aa9884298a698897a54376a3795a777645
234837 1 25 18 0 1 1 1 0 0  aaa99977488aa9888397a793898a77666a4596a554256
234847 1 25 18 0 3 0 1 0 0  aaa99977488aa9888397a793898a77666a4596a526545
234909 1 25 18 2 1 1 1 0 0  aaa99977788aa9888397a794898a73666a4596a554256
234919 1 25 18 2 3 0 1 0 0  aaa99977788aa9888397a794898a73666a4596a526545
235169 1 25 18 9 2 2 1 0 0  aaa99966688aa9888297a694898a54376a3795a777545
235181 1 25 18 9 4 2 1 0 0  aaa99965688aa9888297a694898a54376a3795a777645
235233 1 25 19 0 1 1 1 0 0  aaa99987788aa9884398a797897a73666a4596a554256
235243 1 25 19 0 3 0 1 0 0  aaa99987788aa9884398a797897a73666a4596a526545
235276 1 25 19 1 2 2 0 0 0  aaa99985488aa9883798a797897a44776a3695a662565
235282 1 25 19 1 3 2 0 0 0  aaa99985488aa9883798a797897a53776a2696a656445
235288 1 25 19 1 4 2 0 0 0  aaa99985488aa9883798a797897a53776a2695a666445
235292 1 25 19 1 5 1 0 0 0  aaa99986588aa9884798a797897a63774a4596a565632
235312 1 25 19 2 2 2 0 0 0  aaa99985488aa9883798a797897a53667a6795a662445
235318 1 25 19 2 3 2 0 0 0  aaa99985488aa9883798a797897a53667a6796a652445
235324 1 25 19 2 4 2 0 0 0  aaa99985488aa9883798a797897a53667a2795a666445
235326 1 25 19 2 5 0 0 0 0  aaa99986588aa9884798a797897a63557a3796a465642
235328 1 25 19 2 5 1 0 0 0  aaa99986588aa9884798a797897a63557a5796a464632
235358 1 25 19 3 4 1 0 0 0  aaa99985488aa9883798a793897a77567a6695a662445
235360 1 25 19 3 4 2 0 0 0  aaa99984588aa9885798a795897a77467a6694a665332
235384 1 25 19 4 2 2 0 0 0  aaa99985488aa9883798a797897a53676a6795a644625
235390 1 25 19 4 3 2 0 0 0  aaa99985488aa9883798a797897a53676a6796a652445
235396 1 25 19 4 4 2 0 0 0  aaa99985488aa9883798a797897a53676a2795a644665
235398 1 25 19 4 5 0 0 0 0  aaa99986588aa9884798a797897a63475a4796a565632
235400 1 25 19 4 5 1 0 0 0  aaa99986588aa9884798a797897a63575a5796a464632
235430 1 25 19 5 4 1 0 0 0  aaa99985488aa9883798a797897a73567a6695a662445
235432 1 25 19 5 4 2 0 0 0  aaa99984588aa9885798a797897a75467a6694a665332
235456 1 25 19 6 2 2 0 0 0  aaa99985488aa9883798a693897a77676a6795a652445
235504 1 25 19 7 4 2 0 0 0  aaa99985788aa9884798a797897a53267a6695a663445
235556 1 25 19 9 1 1 0 0 0  aaa99986588aa9884798a593897a44676a6796a773552
235562 1 25 19 9 2 1 0 0 0  aaa99985488aa9885798a693897a44676a6795a773625
235564 1 25 19 9 2 2 0 0 0  aaa99984588aa9885798a695897a35676a6793a774624
235568 1 25 19 9 3 1 0 0 0  aaa99985488aa9885798a693897a53676a6796a772445
235570 1 25 19 9 3 2 0 0 0  aaa99984588aa9885798a695897a35676a6796a772443
235574 1 25 19 9 4 1 0 0 0  aaa99985488aa9885798a693897a44676a3795a772665
235576 1 25 19 9 4 2 0 0 0  aaa99984588aa9885798a695897a35676a4793a772664
235580 1 25 19 9 5 1 0 0 0  aaa99986588aa9884798a494897a63575a5796a773626
235629 1 25 20 0 1 1 1 0 0  aaa99977488aa9888398a797897a73666a4596a554256
235639 1 25 20 0 3 0 1 0 0  aaa99977488aa9888398a797897a73666a4596a526545
235694 1 25 20 2 0 1 0 0 0  aaa99977788aa9888798a794896a63664a4597a553652
235826 1 25 20 5 4 1 0 0 0  aaa99977788aa9888698a794896a73567a3695a652445
235835 1 25 20 5 5 2 1 0 0  aaa99977788aa9888298a795896a75367a3694a665454
235862 1 25 20 6 4 1 0 0 0  aaa99966488aa9888798a693897a77576a3795a652445
235997 1 25 20 10 2 2 1 0 0  aaa99966688aa9888298a694897a54376a3795a777545
236009 1 25 20 10 4 2 1 0 0  aaa99965688aa9888298a694897a54376a3795a777645
236025 1 25 21 0 1 1 1 0 0  aaa99977438aa9877897a793898a88666a4596a554256
236035 1 25 21 0 3 0 1 0 0  aaa99977438aa9877897a793898a88666a4596a526545
236097 1 25 21 2 1 1 1 0 0  aaa99977738aa9874897a793898a88666a4596a554256
236107 1 25 21 2 3 0 1 0 0  aaa99977738aa9874897a793898a88666a4596a526545
236357 1 25 21 9 2 2 1 0 0  aaa99966628aa9854897a694898a88376a3795a777545
236369 1 25 21 9 4 2 1 0 0  aaa99965628aa9854897a694898a88376a3795a777645
236462 1 25 22 1 2 1 0 0 0  aaa99985477aa9875697a893696a44778a3695a862885
236464 1 25 22 1 2 2 0 0 0  aaa99984577aa9875697a895696a35778a4693a862884
236470 1 25 22 1 3 2 0 0 0  aaa99985477aa9873697a896696a53778a2695a844885
236520 1 25 22 3 0 0 0 0 0  aaa99986677aa9877297a896695a65758a4493a834885
236521 1 25 22 3 0 0 1 0 0  aaa99986677aa9877297a896695a65748a5593a844883
236678 1 25 22 7 2 1 0 0 0  aaa99987577aa9874697a893796a63468a4695a852885
236815 1 26 0 0 1 0 1 0 0  aaa99998898aa7784298a778897a57665a6369a553644
236821 1 26 0 0 2 0 1 0 0  aaa99998898aa7784298a778897a57666a4559a366534
236827 1 26 0 0 3 0 1 0 0  aaa99998898aa7784298a778897a57663a6569a564534
237167 1 26 0 9 5 2 1 0 0  aaa99998898aa7687298a658897a54376a3769a754645
237197 1 26 0 10 4 2 1 0 0  aaa99998898aa7686298a658897a54376a3769a774545
237202 1 26 0 10 5 2 0 0 0  aaa99998898aa7685398a648897a35276a5769a775644
237203 1 26 0 10 5 2 1 0 0  aaa99998898aa7685298a648897a45376a3769a775654
237256 1 26 1 1 2 2 0 0 0  aaa99995498aa8853898a777797a53867a8629a644665
237328 1 26 1 3 2 2 0 0 0  aaa99995498aa8853898a753797a77867a8629a644665
237544 1 26 1 9 2 2 0 0 0  aaa99995498aa8853898a666297a57876a8769a773445
237556 1 26 1 9 4 2 0 0 0  aaa99995498aa8844898a656297a57876a8769a773635
237562 1 26 1 9 5 2 0 0 0  aaa99995498aa8853898a644297a57876a8769a773665
237641 1 26 2 1 0 2 1 0 0  aaa99998698aa8866897a787797a24765a4359a563548
237845 1 26 2 6 4 2 1 0 0  aaa99998498aa8824893a583797a77767a6659a664558
237851 1 26 2 6 5 2 1 0 0  aaa99998498aa8824893a583797a77767a4659a666558
237917 1 26 2 8 4 2 1 0 0  aaa99998498aa8824893a583797a77766a4659a766558
237921 1 26 2 8 5 1 1 0 0  aaa99998498aa8824893a683797a77756a5569a754668
237923 1 26 2 8 5 2 1 0 0  aaa99998498aa8824893a683797a77756a4569a755668
237953 1 26 2 9 4 2 1 0 0  aaa99998498aa8824893a583796a76777a7659a664558
237959 1 26 2 9 5 2 1 0 0  aaa99998498aa8824893a583796a74777a7659a666558
237977 1 26 2 10 2 2 1 0 0  aaa99998598aa8835896a686497a35476a4729a777658
237989 1 26 2 10 4 2 1 0 0  aaa99998498aa8824893a583697a64676a6759a777558
237993 1 26 2 10 5 1 1 0 0  aaa99998498aa8824893a683597a55576a4769a777668
237994 1 26 2 10 5 2 0 0 0  aaa99998598aa8825893a685497a45376a4769a777668
238046 1 26 3 1 2 1 0 0 0  aaa99998498aa8853897a787797a44786a3659a662565
238048 1 26 3 1 2 2 0 0 0  aaa99998598aa8845897a787797a35786a5649a662463
238118 1 26 3 3 2 1 0 0 0  aaa99998598aa8844897a684797a77786a3659a663552
238126 1 26 3 3 3 2 0 0 0  aaa99998498aa8863897a583797a77785a2669a566454
238136 1 26 3 3 5 1 0 0 0  aaa99998598aa8844897a684797a77786a3569a655632
238162 1 26 3 4 3 2 0 0 0  aaa99998498aa8863897a787697a66685a3759a572454
238184 1 26 3 5 1 1 0 0 0  aaa99998598aa8844897a787696a64786a3769a555732
238364 1 26 3 10 1 1 0 0 0  aaa99998598aa8844896a784696a63687a3579a755772
238397 1 26 4 0 0 2 1 0 0  aaa99997798aa8866898a787793a76285a4659a563544
238436 1 26 4 1 1 1 0 0 0  aaa99995498aa8853898a785797a73786a6679a662445
238438 1 26 4 1 1 2 0 0 0  aaa99994598aa8835898a785797a75786a6679a662443
238442 1 26 4 1 2 1 0 0 0  aaa99995498aa8844898a785797a73786a3679a662565
238444 1 26 4 1 2 2 0 0 0  aaa99994598aa8835898a785797a75786a4679a662364
238446 1 26 4 1 3 0 0 0 0  aaa99995598aa8854898a785797a73786a3679a662446
238448 1 26 4 1 3 1 0 0 0  aaa99996598aa8855898a785797a74786a3679a663442
238454 1 26 4 1 4 1 0 0 0  aaa99995498aa8853898a785797a73786a2679a666445
238456 1 26 4 1 4 2 0 0 0  aaa99994598aa8835898a785797a75786a2679a666443
238460 1 26 4 1 5 1 0 0 0  aaa99996598aa8864898a783797a73784a4579a565626
238478 1 26 4 2 2 1 0 0 0  aaa99995498aa8853898a685797a73786a2679a667445
238480 1 26 4 2 2 2 0 0 0  aaa99994598aa8835898a685797a75786a2679a667443
238484 1 26 4 2 3 1 0 0 0  aaa99996598aa8844898a684797a73785a3679a667552
238490 1 26 4 2 4 1 0 0 0  aaa99995498aa8844898a686797a73786a3579a657625
238492 1 26 4 2 4 2 0 0 0  aaa99994598aa8835898a686797a75786a5479a647623
238496 1 26 4 2 5 1 0 0 0  aaa99995498aa8844898a683797a73786a2579a657665
238498 1 26 4 2 5 2 0 0 0  aaa99994598aa8835898a685797a75786a2479a647663
238514 1 26 4 3 2 1 0 0 0  aaa99995498aa8853898a685797a77786a3679a662445
238516 1 26 4 3 2 2 0 0 0  aaa99994598aa8835898a685797a77786a5679a662443
238520 1 26 4 3 3 1 0 0 0  aaa99996598aa8844898a684797a77785a3679a663552
238544 1 26 4 4 1 1 0 0 0  aaa99995498aa8853898a785797a73687a6679a662445
238546 1 26 4 4 1 2 0 0 0  aaa99994598aa8835898a785797a75687a6679a662443
238548 1 26 4 4 2 0 0 0 0  aaa99996598aa8855898a784797a73487a4679a663526
238556 1 26 4 4 3 1 0 0 0  aaa99995498aa8844898a785797a73687a3679a662565
238558 1 26 4 4 3 2 0 0 0  aaa99994598aa8835898a785797a75687a4679a662364
238562 1 26 4 4 4 1 0 0 0  aaa99995498aa8853898a785797a73687a2679a666445
238564 1 26 4 4 4 2 0 0 0  aaa99994598aa8835898a785797a75687a2679a666443
238568 1 26 4 4 5 1 0 0 0  aaa99996598aa8864898a783797a73487a4579a565626
238586 1 26 4 5 2 1 0 0 0  aaa99995498aa8844898a683797a73787a2659a667565
238588 1 26 4 5 2 2 0 0 0  aaa99994598aa8835898a685797a75787a2649a667463
238592 1 26 4 5 3 1 0 0 0  aaa99996598aa8844898a684797a73787a3659a667552
238598 1 26 4 5 4 1 0 0 0  aaa99995498aa8844898a686797a73787a3569a657625
238600 1 26 4 5 4 2 0 0 0  aaa99994598aa8835898a686797a75787a5469a647623
238604 1 26 4 5 5 1 0 0 0  aaa99995498aa8844898a683797a73787a2569a657665
238606 1 26 4 5 5 2 0 0 0  aaa99994598aa8835898a685797a75787a2469a647663
238622 1 26 4 6 2 1 0 0 0  aaa99995498aa8844898a683797a77787a3659a662565
238624 1 26 4 6 2 2 0 0 0  aaa99994598aa8835898a685797a77787a5649a662463
238648 1 26 4 7 0 2 0 0 0  aaa99997698aa8866898a584797a73785a3659a762454
238652 1 26 4 7 1 1 0 0 0  aaa99997598aa8844898a684797a73785a3669a766552
238658 1 26 4 7 2 1 0 0 0  aaa99997598aa8864898a583797a73784a4659a766652
238660 1 26 4 7 2 2 0 0 0  aaa99997598aa8865898a485797a75784a4639a766632
238664 1 26 4 7 3 1 0 0 0  aaa99997598aa8864898a583797a73785a2669a766454
238666 1 26 4 7 3 2 0 0 0  aaa99997598aa8865898a485797a75784a4669a766332
238670 1 26 4 7 4 1 0 0 0  aaa99997598aa8844898a686797a74786a3569a755632
238676 1 26 4 7 5 1 0 0 0  aaa99997598aa8844898a684797a73786a3569a755662
238696 1 26 4 8 2 2 0 0 0  aaa99996498aa8863898a583797a77785a2659a766454
238720 1 26 4 9 0 2 0 0 0  aaa99996698aa8836898a685797a35484a5729a777645
238772 1 26 4 10 3 1 0 0 0  aaa99995498aa8844898a783696a63687a2579a756775
238774 1 26 4 10 3 2 0 0 0  aaa99994598aa8835898a785696a65687a2479a746773
238782 1 26 4 10 5 0 0 0 0  aaa99996598aa8864898a783594a65587a3279a764776
238840 1 26 5 1 2 2 0 0 0  aaa99995498aa8853897a787897a53776a2869a666445
238852 1 26 5 1 4 2 0 0 0  aaa99995498aa8853897a787897a53776a6869a644625
238858 1 26 5 1 5 2 0 0 0  aaa99995498aa8853897a787897a53776a2869a644665
238922 1 26 5 3 4 1 0 0 0  aaa99995498aa8853892a686897a75777a7869a644635
238924 1 26 5 3 4 2 0 0 0  aaa99994598aa8835892a686897a75777a7869a635644
238980 1 26 5 5 2 0 0 0 0  aaa99996498aa8863897a787896a66755a3859a745724
239030 1 26 5 6 4 1 0 0 0  aaa99995498aa8853892a686897a44777a7869a675635
239032 1 26 5 6 4 2 0 0 0  aaa99994598aa8835892a686897a35777a7869a675644
239092 1 26 5 8 2 2 0 0 0  aaa99995498aa8853897a683897a52777a7869a666445
239104 1 26 5 8 4 2 0 0 0  aaa99995498aa8853897a686897a53777a7869a644625
239110 1 26 5 8 5 2 0 0 0  aaa99995498aa8853897a683897a52777a7869a644665
239138 1 26 5 9 4 1 0 0 0  aaa99995498aa8853892a686897a44776a5869a777635
239140 1 26 5 9 4 2 0 0 0  aaa99994598aa8835892a686897a35776a5869a777644
239250 1 26 6 1 5 0 0 0 0  aaa99996598aa8864898a777797a63587a8549a265643
239378 1 26 6 5 2 1 0 0 0  aaa99997598aa8854898a777696a63287a8679a653445
239380 1 26 6 5 2 2 0 0 0  aaa99997598aa8845898a777696a65287a8679a635443
239524 1 26 6 9 2 2 0 0 0  aaa99995498aa8853898a666797a53286a8769a777445
239532 1 26 6 9 4 0 0 0 0  aaa99995598aa8853898a646797a44286a8769a777653
239536 1 26 6 9 4 2 0 0 0  aaa99995498aa8853898a656797a44286a8769a777635
239542 1 26 6 9 5 2 0 0 0  aaa99995498aa8853898a653797a44286a8769a777665
239556 1 26 6 10 2 0 0 0 0  aaa99995598aa8853898a744696a65287a8679a746773
239560 1 26 6 10 2 2 0 0 0  aaa99995498aa8853898a744696a63287a8679a756775
239566 1 26 6 10 3 2 0 0 0  aaa99995498aa8853898a744696a63687a8279a756775
239574 1 26 6 10 5 0 0 0 0  aaa99996598aa8864898a763594a65587a8279a764773
239630 1 26 7 1 2 1 0 0 0  aaa99995498aa8885898a777797a53867a3629a644665
239632 1 26 7 1 2 2 0 0 0  aaa99994598aa8885898a777797a35867a5629a644663
239678 1 26 7 2 4 1 0 0 0  aaa99997598aa8884898a777796a63867a3659a644552
239684 1 26 7 2 5 1 0 0 0  aaa99997598aa8884898a777796a44867a3659a663552
239702 1 26 7 3 2 1 0 0 0  aaa99995498aa8885898a753797a77867a3629a644665
239704 1 26 7 3 2 2 0 0 0  aaa99994598aa8885898a735797a77867a5629a644663
239774 1 26 7 5 2 1 0 0 0  aaa99997598aa8884898a777696a63857a3679a655442
239790 1 26 7 5 5 0 0 0 0  aaa99997598aa8884898a777496a55867a4679a663532
239792 1 26 7 5 5 1 0 0 0  aaa99997598aa8884898a777596a55867a3679a663442
239981 1 26 8 0 0 2 1 0 0  aaa99997798aa8866897a587793a76285a4859a663544
240007 1 26 8 0 5 0 1 0 0  aaa99997798aa8855897a687793a75286a4869a653644
240011 1 26 8 0 5 2 1 0 0  aaa99997798aa8835897a687794a75286a5869a644653
240028 1 26 8 1 2 2 0 0 0  aaa99995498aa8853897a787797a53786a2869a666445
240040 1 26 8 1 4 2 0 0 0  aaa99995498aa8853897a787797a53786a6869a644625
240046 1 26 8 1 5 2 0 0 0  aaa99995498aa8853897a787797a53786a2869a644665
240112 1 26 8 3 4 2 0 0 0  aaa99995498aa8853897a686797a77786a3869a652445
240116 1 26 8 3 5 1 0 0 0  aaa99995498aa8853897a685797a77786a3869a644625
240118 1 26 8 3 5 2 0 0 0  aaa99994598aa8835897a685797a77786a5869a644623
240164 1 26 8 5 1 1 0 0 0  aaa99995498aa8853897a787696a65786a3869a744725
240166 1 26 8 5 1 2 0 0 0  aaa99994598aa8835897a787696a65786a5869a744723
240218 1 26 8 6 4 1 0 0 0  aaa99995498aa8853892a686797a77787a5869a644635
240220 1 26 8 6 4 2 0 0 0  aaa99994598aa8835892a686797a77787a5869a635644
240238 1 26 8 7 1 2 0 0 0  aaa99995798aa8854897a787696a63786a3869a752445
240290 1 26 8 8 4 1 0 0 0  aaa99995498aa8853892a686797a77786a5869a744635
240292 1 26 8 8 4 2 0 0 0  aaa99994598aa8835892a686797a77786a5869a735644
240308 1 26 8 9 1 1 0 0 0  aaa99995498aa8853896a787696a65687a3879a744725
240310 1 26 8 9 1 2 0 0 0  aaa99994598aa8835896a787696a65687a5879a744723
240314 1 26 8 9 2 1 0 0 0  aaa99995498aa8853892a787696a65687a6879a744735
240316 1 26 8 9 2 2 0 0 0  aaa99994598aa8835892a787696a65687a6879a735744
240320 1 26 8 9 3 1 0 0 0  aaa99995498aa8844892a787696a65687a3879a756735
240322 1 26 8 9 3 2 0 0 0  aaa99994598aa8835892a787696a65687a5879a736744
240326 1 26 8 9 4 1 0 0 0  aaa99995498aa8853892a787696a66687a5879a744735
240328 1 26 8 9 4 2 0 0 0  aaa99994598aa8835892a787696a66687a5879a735744
240330 1 26 8 9 5 0 0 0 0  aaa99996598aa8864892a787594a65587a3879a764736
240332 1 26 8 9 5 1 0 0 0  aaa99996598aa8863894a787595a65487a4879a763726
240335 1 26 8 9 5 2 1 0 0  aaa99996598aa8865892a787493a65487a4879a763756
240344 1 26 8 10 1 1 0 0 0  aaa99995498aa8853896a785696a63687a2879a744775
240346 1 26 8 10 1 2 0 0 0  aaa99994598aa8835896a785696a65687a2879a744773
240373 1 26 9 0 0 0 1 0 0  aaa99997798aa8866897a587794a76285a5689a464335
240377 1 26 9 0 0 2 1 0 0  aaa99997798aa8866897a587793a76285a4689a563544
240418 1 26 9 1 1 2 0 0 0  aaa99995498aa8853897a787797a53786a6689a662445
240424 1 26 9 1 2 2 0 0 0  aaa99995498aa8853897a787797a44786a3689a662565
240428 1 26 9 1 3 1 0 0 0  aaa99996598aa8854897a787797a53786a3689a662445
240430 1 26 9 1 3 2 0 0 0  aaa99996598aa8845897a787797a35786a5689a662443
240436 1 26 9 1 4 2 0 0 0  aaa99995498aa8853897a787797a53786a2689a666445
240440 1 26 9 1 5 1 0 0 0  aaa99996598aa8864897a787797a63784a4589a565632
240478 1 26 9 2 5 2 0 0 0  aaa99996598aa8865897a787794a65783a5289a764634
240494 1 26 9 3 2 1 0 0 0  aaa99995498aa8853897a685797a77786a3689a662445
240496 1 26 9 3 2 2 0 0 0  aaa99994598aa8835897a685797a77786a5689a662443
240500 1 26 9 3 3 1 0 0 0  aaa99996598aa8844897a684797a77785a3689a663552
240646 1 26 9 7 3 2 0 0 0  aaa99995798aa8854897a787696a63786a3689a752445
240654 1 26 9 7 5 0 0 0 0  aaa99996798aa8864897a787595a63784a5589a763642
240659 1 26 9 7 5 2 1 0 0  aaa99996798aa8865897a787394a65783a5489a764652
240682 1 26 9 8 3 2 0 0 0  aaa99995498aa8853896a686797a77786a3689a752445
240690 1 26 9 8 5 0 0 0 0  aaa99996498aa8863895a583797a77784a4589a762656
240750 1 26 9 10 3 0 0 0 0  aaa99997498aa8873896a686595a73684a5589a672747
240840 1 26 10 2 0 0 0 0 0  aaa99997598aa8884898a777796a63687a3659a545624
240842 1 26 10 2 0 1 0 0 0  aaa99997598aa8884898a777796a63687a3649a555642
240966 1 26 10 5 3 0 0 0 0  aaa99997598aa8884898a777696a63687a3479a654552
240968 1 26 10 5 3 1 0 0 0  aaa99997598aa8884898a777696a63687a3579a655442
240978 1 26 10 5 5 0 0 0 0  aaa99997498aa8883898a777596a53587a2679a666445
241148 1 26 10 10 3 1 0 0 0  aaa99995498aa8883898a744696a63687a2579a756775
241150 1 26 10 10 3 2 0 0 0  aaa99994598aa8885898a735696a65687a2479a746773
241158 1 26 10 10 5 0 0 0 0  aaa99996598aa8884898a763594a65587a3279a764776
241374 1 26 11 5 5 0 0 0 0  aaa99997498aa8888898a777596a53567a3679a662445
241730 1 26 12 4 4 1 0 0 0  aaa99995498aa8885898a758797a73267a6679a663445
241732 1 26 12 4 4 2 0 0 0  aaa99994598aa8885898a738797a75267a6679a665443
241812 1 26 12 7 0 0 0 0 0  aaa99997498aa8883898a668797a73756a6559a762454
241820 1 26 12 7 1 1 0 0 0  aaa99997498aa8883898a568797a73766a6559a762454
242054 1 26 13 2 4 1 0 0 0  aaa99997598aa8884898a777896a63767a3659a644552
242060 1 26 13 2 5 1 0 0 0  aaa99997598aa8884898a777896a44767a3659a663552
242138 1 26 13 5 0 1 0 0 0  aaa99997598aa8884898a777896a63667a3579a545624
242140 1 26 13 5 0 2 0 0 0  aaa99997598aa8885898a777896a65667a5479a433642
242156 1 26 13 5 3 1 0 0 0  aaa99997498aa8883898a777896a66567a3579a545624
242254 1 26 13 8 1 2 0 0 0  aaa99995698aa8884898a753897a44777a7629a663565
242258 1 26 13 8 2 1 0 0 0  aaa99996598aa8884898a763897a44777a7659a663552
242402 1 26 14 1 2 1 0 0 0  aaa99994498aa8884897a773897a58776a3659a662565
242404 1 26 14 1 2 2 0 0 0  aaa99994598aa8885897a775897a38776a5649a662463
242432 1 26 14 2 1 1 0 0 0  aaa99996498aa8883897a773896a68765a7659a744525
242504 1 26 14 4 1 1 0 0 0  aaa99996498aa8883897a773896a68775a7659a644525
242604 1 26 14 7 0 0 0 0 0  aaa99997498aa8883897a773896a68765a6559a745624
242794 1 26 15 1 1 2 0 0 0  aaa99995698aa8854897a773897a53776a6869a682445
242796 1 26 15 1 2 0 0 0 0  aaa99996598aa8855897a774897a53776a3869a484626
242810 1 26 15 1 4 1 0 0 0  aaa99995498aa8853897a775897a44776a6869a683625
242812 1 26 15 1 4 2 0 0 0  aaa99994598aa8835897a775897a35776a6869a684624
242816 1 26 15 1 5 1 0 0 0  aaa99995498aa8853897a775897a44776a3869a682665
242818 1 26 15 1 5 2 0 0 0  aaa99994598aa8835897a775897a35776a4869a682664
242834 1 26 15 2 2 1 0 0 0  aaa99996498aa8863897a773896a66755a7859a782454
242840 1 26 15 2 3 1 0 0 0  aaa99996498aa8844897a773896a66765a7859a783525
242872 1 26 15 3 2 2 0 0 0  aaa99996498aa8863897a777896a66775a3859a582454
242908 1 26 15 4 2 2 0 0 0  aaa99996498aa8863897a773896a66775a7859a582454
242912 1 26 15 4 3 1 0 0 0  aaa99996498aa8844897a773896a66775a7859a683525
242918 1 26 15 4 4 1 0 0 0  aaa99995498aa8853897a775896a44776a7869a683625
242920 1 26 15 4 4 2 0 0 0  aaa99994598aa8835897a775896a35776a7869a684624
242950 1 26 15 5 3 2 0 0 0  aaa99997498aa8863897a577896a66765a3879a582454
242993 1 26 15 6 4 2 1 0 0  aaa99996698aa8865897a777894a65347a5839a784652
243008 1 26 15 7 1 1 0 0 0  aaa99997598aa8844897a774896a66766a3859a783552
243012 1 26 15 7 2 0 0 0 0  aaa99997598aa8864897a773896a66745a5859a784632
243014 1 26 15 7 2 1 0 0 0  aaa99997598aa8864897a773896a66755a5849a783642
243020 1 26 15 7 3 1 0 0 0  aaa99997598aa8864897a773896a66765a3859a782454
243022 1 26 15 7 3 2 0 0 0  aaa99997598aa8865897a775896a66764a5839a782434
243026 1 26 15 7 4 1 0 0 0  aaa99997598aa8844897a774895a55766a3869a783662
243080 1 26 15 9 1 1 0 0 0  aaa99995498aa8844895a757896a66667a3879a783725
243082 1 26 15 9 1 2 0 0 0  aaa99994598aa8835894a747896a66667a5879a785723
243089 1 26 15 9 2 2 1 0 0  aaa99996598aa8865893a737896a66447a4879a785752
243101 1 26 15 9 4 2 1 0 0  aaa99996698aa8865893a767894a65347a5879a784752
243190 1 26 16 1 1 2 0 0 0  aaa99995698aa8854897a773897a53776a6869a644825
243194 1 26 16 1 2 1 0 0 0  aaa99995498aa8853897a775897a44776a3869a666825
243196 1 26 16 1 2 2 0 0 0  aaa99994598aa8835897a775897a35776a4869a666824
243206 1 26 16 1 4 1 0 0 0  aaa99995498aa8853897a775897a44776a3869a662865
243208 1 26 16 1 4 2 0 0 0  aaa99994598aa8835897a775897a35776a4869a662864
243212 1 26 16 1 5 1 0 0 0  aaa99996598aa8864897a773897a63775a2859a464856
243214 1 26 16 1 5 2 0 0 0  aaa99996598aa8865897a775897a65774a4849a363826
243228 1 26 16 2 2 0 0 0 0  aaa99996498aa8863897a773896a66755a7859a745824
243372 1 26 16 6 2 0 0 0 0  aaa99996498aa8863897a777896a66557a3859a745824
243377 1 26 16 6 2 2 1 0 0  aaa99996598aa8865897a777896a66347a5839a744852
243396 1 26 16 7 0 0 0 0 0  aaa99997698aa8866897a774896a63755a3859a745824
243444 1 26 16 8 2 0 0 0 0  aaa99996498aa8863897a777896a66755a3859a745824
243482 1 26 16 9 2 1 0 0 0  aaa99995498aa8853896a665897a44776a3829a777865
243484 1 26 16 9 2 2 0 0 0  aaa99994598aa8835896a665897a35776a4829a777864
243586 1 26 17 1 1 2 0 0 0  aaa99995698aa8884897a773897a53776a6869a652445
243590 1 26 17 1 2 1 0 0 0  aaa99995498aa8885897a773897a53776a2869a666445
243592 1 26 17 1 2 2 0 0 0  aaa99994598aa8885897a775897a35776a2869a666443
243596 1 26 17 1 3 1 0 0 0  aaa99996598aa8884897a773897a44776a3859a666552
243602 1 26 17 1 4 1 0 0 0  aaa99995498aa8885897a773897a53776a6869a644625
243604 1 26 17 1 4 2 0 0 0  aaa99994598aa8885897a775897a35776a6869a644623
243608 1 26 17 1 5 1 0 0 0  aaa99995498aa8885897a773897a53776a2869a644665
243610 1 26 17 1 5 2 0 0 0  aaa99994598aa8885897a775897a35776a2869a644663
243624 1 26 17 2 2 0 0 0 0  aaa99996498aa8883897a773896a66755a7859a745624
243632 1 26 17 2 3 1 0 0 0  aaa99996498aa8883897a773896a66765a7859a744525
243704 1 26 17 4 3 1 0 0 0  aaa99996498aa8883897a773896a66775a7859a644525
243768 1 26 17 6 2 0 0 0 0  aaa99996498aa8883897a777896a66557a3859a745624
243773 1 26 17 6 2 2 1 0 0  aaa99996598aa8885897a777896a66347a5839a744652
243792 1 26 17 7 0 0 0 0 0  aaa99997598aa8884897a773896a63766a2849a755546
243800 1 26 17 7 1 1 0 0 0  aaa99997598aa8884897a773896a66766a3859a744552
243818 1 26 17 7 4 1 0 0 0  aaa99997598aa8884897a773896a44766a3859a766552
243840 1 26 17 8 2 0 0 0 0  aaa99996498aa8883897a777896a66755a3859a745624
243878 1 26 17 9 2 1 0 0 0  aaa99995498aa8883896a663897a44776a2859a777565
243880 1 26 17 9 2 2 0 0 0  aaa99994598aa8885896a665897a35776a2849a777463
243986 1 26 18 1 2 1 0 0 0  aaa99995498aa8888897a773897a44776a3659a662565
243988 1 26 18 1 2 2 0 0 0  aaa99994598aa8888897a775897a35776a5649a662463
244188 1 26 18 7 0 0 0 0 0  aaa99997498aa8888897a773896a63765a6559a745624
244376 1 26 19 1 1 1 0 0 0  aaa99995498aa8885897a773797a53786a6689a662445
244378 1 26 19 1 1 2 0 0 0  aaa99994598aa8885897a775797a35786a6689a662443
244382 1 26 19 1 2 1 0 0 0  aaa99995498aa8885897a773797a44786a3689a662565
244384 1 26 19 1 2 2 0 0 0  aaa99994598aa8885897a775797a35786a4689a662364
244386 1 26 19 1 3 0 0 0 0  aaa99995598aa8885897a774797a53786a3689a662446
244388 1 26 19 1 3 1 0 0 0  aaa99996598aa8885897a774797a55786a3689a663442
244394 1 26 19 1 4 1 0 0 0  aaa99995498aa8885897a773797a53786a2689a666445
244396 1 26 19 1 4 2 0 0 0  aaa99994598aa8885897a775797a35786a2689a666443
244400 1 26 19 1 5 1 0 0 0  aaa99996598aa8884897a773797a63784a4589a565626
244412 1 26 19 2 1 1 0 0 0  aaa99994598aa8884897a773796a66786a3589a755624
244424 1 26 19 2 3 1 0 0 0  aaa99996598aa8884897a773796a66785a3689a744552
244430 1 26 19 2 4 1 0 0 0  aaa99996598aa8884897a773796a44785a3689a766552
244532 1 26 19 5 3 1 0 0 0  aaa99994498aa8885897a774696a63786a3789a256575
244534 1 26 19 5 3 2 0 0 0  aaa99994598aa8885897a775696a65786a2789a446373
244542 1 26 19 5 5 0 0 0 0  aaa99996598aa8884897a773594a65785a3789a264676
244584 1 26 19 7 0 0 0 0 0  aaa99997598aa8884897a773696a55786a3689a752464
244586 1 26 19 7 0 1 0 0 0  aaa99997598aa8885897a774696a55786a3689a744632
244590 1 26 19 7 1 0 0 0 0  aaa99997698aa8885897a774696a63784a6289a755543
244592 1 26 19 7 1 1 0 0 0  aaa99997598aa8884897a773696a63786a2589a755464
244596 1 26 19 7 2 0 0 0 0  aaa99997598aa8884897a773696a63786a6489a754552
244598 1 26 19 7 2 1 0 0 0  aaa99997598aa8884897a773696a63786a6589a755442
244602 1 26 19 7 3 0 0 0 0  aaa99997598aa8884897a773696a63786a2589a756445
244604 1 26 19 7 3 1 0 0 0  aaa99997598aa8885897a774696a63786a3689a755442
244608 1 26 19 7 4 0 0 0 0  aaa99997598aa8884897a773696a66786a3489a754552
244610 1 26 19 7 4 1 0 0 0  aaa99997598aa8884897a773696a66786a3589a755442
244640 1 26 19 8 3 1 0 0 0  aaa99995498aa8885897a777696a63786a3689a752445
244642 1 26 19 8 3 2 0 0 0  aaa99994598aa8885897a777696a65786a5689a744332
244650 1 26 19 8 5 0 0 0 0  aaa99996498aa8883897a777595a63784a5589a762646
244710 1 26 19 10 3 0 0 0 0  aaa99997498aa8883896a676595a73684a5589a672747
244778 1 26 20 1 2 1 0 0 0  aaa99995498aa8888897a773797a44786a3659a662565
244780 1 26 20 1 2 2 0 0 0  aaa99994598aa8888897a775797a35786a5649a662463
244930 1 26 20 5 3 2 0 0 0  aaa99993598aa8888897a775696a65786a5749a446372
244938 1 26 20 5 5 0 0 0 0  aaa99996598aa8888897a773594a65785a3749a462676
244986 1 26 20 7 1 0 0 0 0  aaa99997598aa8888897a774696a63786a3469a754552
244988 1 26 20 7 1 1 0 0 0  aaa99997598aa8888897a774696a63786a3569a755442
245000 1 26 20 7 3 1 0 0 0  aaa99997598aa8888897a774696a63786a3659a744552
245334 1 26 21 5 5 0 0 0 0  aaa99997498aa7877895a653898a88576a3769a644625
245551 1 26 22 0 5 0 1 0 0  aaa99997797aa8674597a657598a24386a3869a888645
245610 1 26 22 2 3 0 0 0 0  aaa99996497aa8773797a666598a53587a2869a888445
245780 1 26 22 7 1 1 0 0 0  aaa99997597aa8774796a663698a44687a3859a888552
245790 1 26 22 7 3 0 0 0 0  aaa99997597aa8774796a663498a55687a4829a888563
245792 1 26 22 7 3 1 0 0 0  aaa99997597aa8773796a663598a55687a2849a888464
246264 1 27 0 9 4 0 0 0 0  aaa99998828aa9686798a698897a55476a4765a775343
246265 1 27 0 9 4 0 1 0 0  aaa99998828aa9686798a698897a55376a5763a774544
246267 1 27 0 9 4 1 1 0 0  aaa99998828aa9686798a698897a55376a3765a774544
246269 1 27 0 9 4 2 1 0 0  aaa99998828aa9686798a698897a54376a3765a774545
246271 1 27 0 9 5 0 1 0 0  aaa99998828aa9685798a698897a55376a3765a774644
246275 1 27 0 9 5 2 1 0 0  aaa99998828aa9685798a698897a45376a3764a775654
246364 1 27 1 1 2 2 0 0 0  aaa99996488aa9863798a797697a66885a3757a582454
246374 1 27 1 1 4 1 0 0 0  aaa99995488aa9853798a797697a44886a5767a683625
246376 1 27 1 1 4 2 0 0 0  aaa99994588aa9835798a797697a35886a5767a684624
246428 1 27 1 3 1 1 0 0 0  aaa99996588aa9844798a794797a73885a3676a686552
246434 1 27 1 3 2 1 0 0 0  aaa99995488aa9844798a795797a73886a3675a686625
246436 1 27 1 3 2 2 0 0 0  aaa99994588aa9835798a795797a75886a4673a686624
246440 1 27 1 3 3 1 0 0 0  aaa99995488aa9853798a795797a73886a2676a686445
246442 1 27 1 3 3 2 0 0 0  aaa99994588aa9835798a795797a75886a2676a686443
246446 1 27 1 3 4 1 0 0 0  aaa99995488aa9844798a795797a73886a3675a682665
246448 1 27 1 3 4 2 0 0 0  aaa99994588aa9835798a795797a75886a4673a682664
246452 1 27 1 3 5 1 0 0 0  aaa99996588aa9864798a793797a73884a4576a585626
246456 1 27 1 4 0 0 0 0 0  aaa99997588aa9874798a797696a73886a3654a585624
246458 1 27 1 4 0 1 0 0 0  aaa99997588aa9874798a797696a73886a3654a582654
246508 1 27 1 5 2 2 0 0 0  aaa99995488aa9853798a797797a44886a3675a686625
246514 1 27 1 5 3 2 0 0 0  aaa99995488aa9853798a797797a53886a2676a686445
246520 1 27 1 5 4 2 0 0 0  aaa99995488aa9853798a797797a44886a3675a682665
246524 1 27 1 5 5 1 0 0 0  aaa99996588aa9864798a797797a63884a4576a585632
246688 1 27 1 10 2 2 0 0 0  aaa99995488aa9853698a793696a44887a2675a786775
246694 1 27 1 10 3 2 0 0 0  aaa99995488aa9853698a796696a44887a3675a782775
246772 1 27 2 1 4 2 0 0 0  aaa99995488aa9853798a797697a53886a8767a644625
246832 1 27 2 3 2 2 0 0 0  aaa99995488aa9844798a793797a73886a8675a662565
246838 1 27 2 3 3 2 0 0 0  aaa99995488aa9853798a793797a72886a8676a656445
246844 1 27 2 3 4 2 0 0 0  aaa99995488aa9853798a793797a72886a8675a666445
246846 1 27 2 3 5 0 0 0 0  aaa99996588aa9864798a793797a73885a8276a565446
246848 1 27 2 3 5 1 0 0 0  aaa99996588aa9864798a793797a73884a8576a565642
246880 1 27 2 4 4 2 0 0 0  aaa99995488aa9853798a797697a44886a8765a673625
247084 1 27 2 10 2 2 0 0 0  aaa99995488aa9853698a793696a44887a8675a762775
247109 1 27 3 0 0 2 1 0 0  aaa99997788aa9866298a797897a76635a4856a583544
247122 1 27 3 0 3 0 0 0 0  aaa99997788aa9855498a797897a74666a5836a386542
247162 1 27 3 1 3 2 0 0 0  aaa99995488aa9853798a797897a53776a6866a682445
247168 1 27 3 1 4 2 0 0 0  aaa99995488aa9853798a797897a44776a6865a683625
247174 1 27 3 1 5 2 0 0 0  aaa99995488aa9853798a797897a44776a3865a682665
247192 1 27 3 2 2 2 0 0 0  aaa99995488aa9853798a797897a44676a6875a683625
247198 1 27 3 2 3 2 0 0 0  aaa99995488aa9853798a797897a53676a6876a682445
247204 1 27 3 2 4 2 0 0 0  aaa99995488aa9853798a797897a44676a3875a682665
247206 1 27 3 2 5 0 0 0 0  aaa99996588aa9864798a797897a63475a4876a585632
247208 1 27 3 2 5 1 0 0 0  aaa99996588aa9864798a797897a63575a5876a484632
247268 1 27 3 4 3 1 0 0 0  aaa99997588aa9874798a797896a73666a3856a582454
247270 1 27 3 4 3 2 0 0 0  aaa99997588aa9875798a797896a75666a5846a484332
247418 1 27 3 8 4 1 0 0 0  aaa99995488aa9844798a793897a77576a6865a683625
247420 1 27 3 8 4 2 0 0 0  aaa99994588aa9835798a795897a77476a6864a685623
247436 1 27 3 9 1 1 0 0 0  aaa99995488aa9844798a795896a66667a3875a783725
247438 1 27 3 9 1 2 0 0 0  aaa99994588aa9835798a795896a66667a5873a784724
247440 1 27 3 9 2 0 0 0 0  aaa99996588aa9864798a793896a66547a5875a784732
247442 1 27 3 9 2 1 0 0 0  aaa99996588aa9864798a793896a66557a5874a783724
247448 1 27 3 9 3 1 0 0 0  aaa99996588aa9854798a793896a66467a4875a783725
247454 1 27 3 9 4 1 0 0 0  aaa99996688aa9865798a794894a64557a5876a783732
247460 1 27 3 9 5 1 0 0 0  aaa99996588aa9864798a793894a64557a5876a783726
247505 1 27 4 0 0 2 1 0 0  aaa99997788aa9866298a797897a76365a3858a564544
247512 1 27 4 0 2 0 0 0 0  aaa99997788aa9855498a797897a74666a5838a366542
247552 1 27 4 1 2 2 0 0 0  aaa99995488aa9853798a797897a53776a2868a666445
247564 1 27 4 1 4 2 0 0 0  aaa99995488aa9853798a797897a53776a6868a644625
247570 1 27 4 1 5 2 0 0 0  aaa99995488aa9853798a797897a53776a2868a644665
247670 1 27 4 4 4 1 0 0 0  aaa99995488aa9853798a797897a44276a6868a675635
247672 1 27 4 4 4 2 0 0 0  aaa99994588aa9835798a797897a35276a6868a675644
247720 1 27 4 6 0 2 0 0 0  aaa99996688aa9836798a695897a77474a5828a735645
247814 1 27 4 8 4 1 0 0 0  aaa99995488aa9853798a795897a77276a6868a644635
247816 1 27 4 8 4 2 0 0 0  aaa99994588aa9835798a795897a77276a6868a635644
247828 1 27 4 9 0 2 0 0 0  aaa99996688aa9836798a695897a35474a5828a777645
247948 1 27 5 1 2 2 0 0 0  aaa99995488aa9844798a798897a73767a3865a662565
247954 1 27 5 1 3 2 0 0 0  aaa99995488aa9853798a798897a73767a6865a662445
247960 1 27 5 1 4 2 0 0 0  aaa99995488aa9853798a798897a73767a2865a666445
247964 1 27 5 1 5 1 0 0 0  aaa99996588aa9864798a798897a73757a3846a565642
247984 1 27 5 2 2 2 0 0 0  aaa99995488aa9853798a798897a73676a6875a644625
247990 1 27 5 2 3 2 0 0 0  aaa99995488aa9853798a798897a73676a6876a652445
247996 1 27 5 2 4 2 0 0 0  aaa99995488aa9853798a798897a73676a2875a644665
247998 1 27 5 2 5 0 0 0 0  aaa99996588aa9864798a798897a73475a4876a565632
248000 1 27 5 2 5 1 0 0 0  aaa99996588aa9864798a798897a73575a5876a464632
248056 1 27 5 4 2 2 0 0 0  aaa99995488aa9853798a798897a73667a6875a662445
248062 1 27 5 4 3 2 0 0 0  aaa99995488aa9853798a798897a73667a6876a652445
248068 1 27 5 4 4 2 0 0 0  aaa99995488aa9853798a798897a73667a2875a666445
248070 1 27 5 4 5 0 0 0 0  aaa99996588aa9864798a798897a73557a3876a465642
248072 1 27 5 4 5 1 0 0 0  aaa99996588aa9864798a798897a73557a5876a464632
248104 1 27 5 5 4 2 0 0 0  aaa99995488aa9844798a798897a73276a6865a657635
248140 1 27 5 6 4 2 0 0 0  aaa99995488aa9853798a698897a77276a6865a744635
248174 1 27 5 7 4 1 0 0 0  aaa99997488aa9853798a798897a73576a6865a644625
248176 1 27 5 7 4 2 0 0 0  aaa99997588aa9845798a798897a75476a6864a635623
248212 1 27 5 8 4 2 0 0 0  aaa99995488aa9853798a798897a77276a6865a644635
248248 1 27 5 9 4 2 0 0 0  aaa99995488aa9853798a698897a44276a6865a777635
248266 1 27 5 10 1 2 0 0 0  aaa99995488aa9853698a798896a63667a2875a744775
248287 1 27 5 10 5 0 1 0 0  aaa99996588aa9864298a798895a65357a3876a764774
248291 1 27 5 10 5 2 1 0 0  aaa99996588aa9865398a798893a65447a4876a765772
248323 1 27 6 0 5 0 1 0 0  aaa99997788aa9842398a797897a73556a8865a645664
248338 1 27 6 1 1 2 0 0 0  aaa99996488aa9853798a797897a53776a8866a652445
248452 1 27 6 4 2 2 0 0 0  aaa99995488aa9853798a797897a44672a8866a673565
248464 1 27 6 4 4 2 0 0 0  aaa99995488aa9853798a797897a44676a8825a673665
248470 1 27 6 4 5 2 0 0 0  aaa99995488aa9853798a797897a44276a8865a673665
248524 1 27 6 6 2 2 0 0 0  aaa99995488aa9853798a693897a77672a8866a744565
248536 1 27 6 6 4 2 0 0 0  aaa99995488aa9853798a696897a77276a8865a744635
248542 1 27 6 6 5 2 0 0 0  aaa99995488aa9853798a693897a77276a8865a744665
248596 1 27 6 8 2 2 0 0 0  aaa99995488aa9853798a793897a77672a8866a644565
248608 1 27 6 8 4 2 0 0 0  aaa99995488aa9853798a793897a77676a8825a644665
248614 1 27 6 8 5 2 0 0 0  aaa99995488aa9853798a793897a77276a8865a644665
248632 1 27 6 9 2 2 0 0 0  aaa99995488aa9853798a693897a44672a8866a777565
248644 1 27 6 9 4 2 0 0 0  aaa99995488aa9853798a696897a44276a8865a777635
248650 1 27 6 9 5 2 0 0 0  aaa99995488aa9853798a693897a44276a8865a777665
248668 1 27 6 10 2 2 0 0 0  aaa99995488aa9844698a793896a63267a8875a756775
248674 1 27 6 10 3 2 0 0 0  aaa99995488aa9853698a796896a63267a8875a744775
248680 1 27 6 10 4 2 0 0 0  aaa99995488aa9853698a793896a66267a8875a744775
248684 1 27 6 10 5 1 0 0 0  aaa99996588aa9863598a793895a65447a8876a764772
248687 1 27 6 10 5 2 1 0 0  aaa99996588aa9865498a795894a64337a8876a765772
248740 1 27 7 1 2 2 0 0 0  aaa99996488aa9883798a797697a66885a3757a562454
248750 1 27 7 1 4 1 0 0 0  aaa99995488aa9885798a797697a53886a3767a644625
248752 1 27 7 1 4 2 0 0 0  aaa99994588aa9885798a797697a35886a5767a644623
248804 1 27 7 3 1 1 0 0 0  aaa99996588aa9884798a793797a73885a2676a646554
248810 1 27 7 3 2 1 0 0 0  aaa99994488aa9885798a794797a73886a3675a662565
248812 1 27 7 3 2 2 0 0 0  aaa99994588aa9885798a795797a75886a4673a662364
248816 1 27 7 3 3 1 0 0 0  aaa99995488aa9885798a793797a73886a2676a656445
248818 1 27 7 3 3 2 0 0 0  aaa99994588aa9885798a795797a75886a2676a636443
248822 1 27 7 3 4 1 0 0 0  aaa99995488aa9885798a793797a73886a2675a666445
248824 1 27 7 3 4 2 0 0 0  aaa99994588aa9885798a795797a75886a2673a666443
248828 1 27 7 3 5 1 0 0 0  aaa99996588aa9884798a793797a73884a4576a565626
248848 1 27 7 4 2 2 0 0 0  aaa99996488aa9883798a797697a66885a3756a572454
248858 1 27 7 4 4 1 0 0 0  aaa99995488aa9885798a797697a44886a3765a673625
248860 1 27 7 4 4 2 0 0 0  aaa99994588aa9885798a797697a35886a5763a674624
248884 1 27 7 5 2 2 0 0 0  aaa99995488aa9883798a797797a44886a3675a662565
248890 1 27 7 5 3 2 0 0 0  aaa99995488aa9883798a797797a53886a2676a656445
248896 1 27 7 5 4 2 0 0 0  aaa99995488aa9883798a797797a53886a2675a666445
248900 1 27 7 5 5 1 0 0 0  aaa99996588aa9884798a797797a63884a4576a565632
249062 1 27 7 10 2 1 0 0 0  aaa99995488aa9885698a793696a44887a3675a762775
249064 1 27 7 10 2 2 0 0 0  aaa99994588aa9885698a795696a35887a4673a762774
249070 1 27 7 10 3 2 0 0 0  aaa99995488aa9883698a796696a53887a2675a744775
249106 1 27 8 0 3 2 0 0 0  aaa99997788aa9864798a593898a73766a7658a562454
249223 1 27 8 3 5 0 1 0 0  aaa99997588aa9855298a694898a54777a7368a673664
249236 1 27 8 4 1 1 0 0 0  aaa99997488aa9873798a797898a73665a6568a545624
249242 1 27 8 4 2 1 0 0 0  aaa99997588aa9874798a797898a73666a3258a566454
249244 1 27 8 4 2 2 0 0 0  aaa99997588aa9875798a797898a75666a5448a366432
249290 1 27 8 5 4 1 0 0 0  aaa99995488aa9853798a797898a75267a6678a663445
249292 1 27 8 5 4 2 0 0 0  aaa99994588aa9835798a797898a75267a6678a665443
249325 1 27 8 6 4 0 1 0 0  aaa99996588aa9855298a794898a54777a7638a666734
249397 1 27 8 8 4 0 1 0 0  aaa99996588aa9855298a794898a54777a7368a673664
249433 1 27 8 9 4 0 1 0 0  aaa99996588aa9855298a794898a54376a3768a777664
249469 1 27 8 10 4 0 1 0 0  aaa99996588aa9855298a794898a54367a3678a766774
249481 1 27 9 0 0 0 1 0 0  aaa99997788aa9866298a797897a76565a4538a864534
249486 1 27 9 0 1 0 0 0 0  aaa99997788aa9855298a797897a75663a6468a854634
249487 1 27 9 0 1 0 1 0 0  aaa99997788aa9855298a797897a74663a6568a854634
249489 1 27 9 0 1 1 1 0 0  aaa99997788aa9854298a797897a74663a6568a855634
249490 1 27 9 0 1 2 0 0 0  aaa99997788aa9845298a797897a75663a6468a845635
249491 1 27 9 0 1 2 1 0 0  aaa99997788aa9865298a797897a75666a5348a863445
249498 1 27 9 0 3 0 0 0 0  aaa99997788aa9855298a797897a75663a6468a864534
249499 1 27 9 0 3 0 1 0 0  aaa99997788aa9855298a797897a74665a6368a863544
249501 1 27 9 0 3 1 1 0 0  aaa99997788aa9854298a797897a74665a6368a863554
249502 1 27 9 0 3 2 0 0 0  aaa99997788aa9845298a797897a75664a6368a863455
249503 1 27 9 0 3 2 1 0 0  aaa99997788aa9845298a797897a75666a5338a865464
249510 1 27 9 0 5 0 0 0 0  aaa99997788aa9856298a797897a76554a6448a856363
249511 1 27 9 0 5 0 1 0 0  aaa99997788aa9846298a797897a76355a6538a846564
249514 1 27 9 0 5 2 0 0 0  aaa99997788aa9856298a797897a76344a6438a856565
249526 1 27 9 1 1 2 0 0 0  aaa99995488aa9853798a797897a53776a2668a866445
249544 1 27 9 1 4 2 0 0 0  aaa99995488aa9853798a797897a53776a2668a844665
249548 1 27 9 1 5 1 0 0 0  aaa99996588aa9864798a797897a63775a3458a864652
249562 1 27 9 2 1 2 0 0 0  aaa99995488aa9853798a797897a53667a6768a844625
249574 1 27 9 2 3 2 0 0 0  aaa99995488aa9853798a797897a53667a6768a862445
249582 1 27 9 2 5 0 0 0 0  aaa99996588aa9864798a797897a63547a5758a864632
249584 1 27 9 2 5 1 0 0 0  aaa99996588aa9864798a797897a63557a5748a863642
249618 1 27 9 3 5 0 0 0 0  aaa99996588aa9864798a792897a77547a5538a864636
249690 1 27 9 5 5 0 0 0 0  aaa99996588aa9864798a797897a72547a5538a864636
249700 1 27 9 6 0 2 0 0 0  aaa99996688aa9836798a695897a77474a5728a835645
249762 1 27 9 7 5 0 0 0 0  aaa99996788aa9865798a797897a64547a5538a864632
249798 1 27 9 8 5 0 0 0 0  aaa99996588aa9864798a793897a77574a5528a863646
249808 1 27 9 9 0 2 0 0 0  aaa99996688aa9836798a695897a35474a5728a877645
249840 1 27 9 10 0 0 0 0 0  aaa99997588aa9874698a693896a73546a5658a874727
249842 1 27 9 10 0 1 0 0 0  aaa99997588aa9874698a693896a73556a5648a872747
249846 1 27 9 10 1 0 0 0 0  aaa99997588aa9874698a696896a73564a5528a873747
249858 1 27 9 10 3 0 0 0 0  aaa99997588aa9874698a696896a72546a5538a874737
249875 1 27 9 10 5 2 1 0 0  aaa99997688aa9876298a496895a76354a6538a875747
249880 1 27 10 0 0 2 0 0 0  aaa99997788aa9885298a797897a75664a5863a464365
249928 1 27 10 1 2 2 0 0 0  aaa99995488aa9883798a797897a53776a2865a666445
249940 1 27 10 1 4 2 0 0 0  aaa99995488aa9883798a797897a53776a6865a644625
249946 1 27 10 1 5 2 0 0 0  aaa99995488aa9883798a797897a53776a2865a644665
250000 0 27 10 3 2 2 0 0 0  aaa99995488aa9883798a793897a77667a6866a454525
250046 1 27 10 4 4 1 0 0 0  aaa99995488aa9883798a797897a44576a6865a673625
250048 1 27 10 4 4 2 0 0 0  aaa99994588aa9885798a797897a35476a6864a675623
250190 1 27 10 8 4 1 0 0 0  aaa99995488aa9883798a793897a77576a6865a644625
250192 1 27 10 8 4 2 0 0 0  aaa99994588aa9885798a795897a77476a6864a635623
250272 1 27 11 0 0 0 0 0 0  aaa99997788aa9888298a797796a76866a4553a454356
250273 1 27 11 0 0 0 1 0 0  aaa99997788aa9888298a797796a76866a5553a435446
250274 1 27 11 0 0 1 0 0 0  aaa99997788aa9888298a797796a76866a4555a435346
250275 1 27 11 0 0 1 1 0 0  aaa99997788aa9888298a797796a76866a5543a535446
250276 1 27 11 0 0 2 0 0 0  aaa99997788aa9888298a797796a76866a4543a555346
250277 1 27 11 0 0 2 1 0 0  aaa99997788aa9888298a797796a76854a6663a555443
250444 1 27 11 4 4 2 0 0 0  aaa99995488aa9888798a797697a53876a3765a644625
250720 1 27 12 1 2 2 0 0 0  aaa99996488aa9883798a797796a66875a3856a572454
250750 1 27 12 2 1 2 0 0 0  aaa99995488aa9883798a797796a66876a3875a652445
250768 1 27 12 2 4 2 0 0 0  aaa99995488aa9883798a797796a53876a2875a666445
250772 1 27 12 2 5 1 0 0 0  aaa99996588aa9884798a797795a63874a4876a565632
250784 1 27 12 3 1 1 0 0 0  aaa99996588aa9884798a793797a73866a6874a562554
250802 1 27 12 3 4 1 0 0 0  aaa99996588aa9884798a793797a73865a2874a666554
250828 1 27 12 4 2 2 0 0 0  aaa99996488aa9883798a797697a66875a3856a572454
250838 1 27 12 4 4 1 0 0 0  aaa99995488aa9885798a797697a44876a3865a673625
250840 1 27 12 4 4 2 0 0 0  aaa99994588aa9885798a797697a35876a5863a674624
250970 1 27 12 8 2 1 0 0 0  aaa99994488aa9884798a793797a73865a7865a662565
250972 1 27 12 8 2 2 0 0 0  aaa99994588aa9885798a795797a75864a7863a662463
251152 1 27 13 2 2 2 0 0 0  aaa99995488aa9883798a798797a53862a7675a644665
251332 1 27 13 7 2 2 0 0 0  aaa99995488aa9883798a798797a44862a7765a663565
251532 1 27 14 2 0 0 0 0 0  aaa99997588aa9884797a793898a78766a3656a545264
251624 1 27 14 4 3 1 0 0 0  aaa99997588aa9884797a793898a78666a3256a576454
251626 1 27 14 4 3 2 0 0 0  aaa99997588aa9885797a795898a78666a5446a376432
251634 1 27 14 4 5 0 0 0 0  aaa99997588aa9884797a792898a78546a5563a674663
251742 1 27 14 7 5 0 0 0 0  aaa99996588aa9884797a793898a78754a5526a763646
252028 1 27 15 4 4 2 0 0 0  aaa99995488aa9853798a798898a77267a6675a663445
252103 1 27 15 6 5 0 1 0 0  aaa99996588aa9864298a798898a64777a7556a365734
252105 1 27 15 6 5 1 1 0 0  aaa99996588aa9864298a798898a64777a7536a565734
252106 1 27 15 6 5 2 0 0 0  aaa99996588aa9865298a798898a65777a7346a365744
252107 1 27 15 6 5 2 1 0 0  aaa99996588aa9865298a798898a65777a7436a464735
252175 1 27 15 8 5 0 1 0 0  aaa99996588aa9864298a798898a64777a7557a365634
252177 1 27 15 8 5 1 1 0 0  aaa99996588aa9864298a798898a64777a7537a565634
252178 1 27 15 8 5 2 0 0 0  aaa99996588aa9865298a798898a65777a7347a365644
252179 1 27 15 8 5 2 1 0 0  aaa99996588aa9865298a798898a65777a7437a464635
252211 1 27 15 9 5 0 1 0 0  aaa99996588aa9864298a798898a64573a5756a777634
252213 1 27 15 9 5 1 1 0 0  aaa99996588aa9864298a798898a64575a5736a777634
252214 1 27 15 9 5 2 0 0 0  aaa99996588aa9865298a798898a65374a5736a777644
252215 1 27 15 9 5 2 1 0 0  aaa99996588aa9865298a798898a65474a4736a777635
252247 1 27 15 10 5 0 1 0 0  aaa99996588aa9864298a798898a64537a5576a763774
252249 1 27 15 10 5 1 1 0 0  aaa99996588aa9864298a798898a64557a5376a763774
252250 1 27 15 10 5 2 0 0 0  aaa99996588aa9865298a798898a65347a5376a764774
252251 1 27 15 10 5 2 1 0 0  aaa99996588aa9865298a798898a65447a4376a763775
252298 1 27 16 1 1 2 0 0 0  aaa99995488aa9853798a798897a73767a6666a852445
252304 1 27 16 1 2 2 0 0 0  aaa99995488aa9853798a798897a73767a2666a856445
252310 1 27 16 1 3 2 0 0 0  aaa99995488aa9853798a798897a73767a2666a844565
252316 1 27 16 1 4 2 0 0 0  aaa99995488aa9853798a798897a73767a2665a866445
252320 1 27 16 1 5 1 0 0 0  aaa99996588aa9864798a798897a73757a3546a865642
252334 1 27 16 2 1 2 0 0 0  aaa99995488aa9853798a798897a73676a6675a862445
252340 1 27 16 2 2 2 0 0 0  aaa99995488aa9853798a798897a73676a6676a852445
252346 1 27 16 2 3 2 0 0 0  aaa99995488aa9853798a798897a73676a6675a844625
252348 1 27 16 2 4 0 0 0 0  aaa99996688aa9864798a798897a73575a3576a862454
252354 1 27 16 2 5 0 0 0 0  aaa99996588aa9864798a798897a73574a5576a863642
252356 1 27 16 2 5 1 0 0 0  aaa99996588aa9864798a798897a73575a5476a864632
252390 1 27 16 3 5 0 0 0 0  aaa99996588aa9864798a798897a77547a5536a864632
252496 1 27 16 6 4 2 0 0 0  aaa99995488aa9853798a698897a77276a6765a844635
252534 1 27 16 7 5 0 0 0 0  aaa99997588aa9864798a798897a73574a5526a863646
252570 1 27 16 8 5 0 0 0 0  aaa99996588aa9864798a798897a77574a5526a863643
252604 1 27 16 9 4 2 0 0 0  aaa99995488aa9853798a698897a44276a6765a877635
252612 1 27 16 10 0 0 0 0 0  aaa99997588aa9874698a698896a73546a5657a874732
252614 1 27 16 10 0 1 0 0 0  aaa99997588aa9874698a698896a73556a5647a873742
252618 1 27 16 10 1 0 0 0 0  aaa99997588aa9874698a698896a76546a5537a874732
252630 1 27 16 10 3 0 0 0 0  aaa99997588aa9874698a698896a76564a5527a873743
252641 1 27 16 10 4 2 1 0 0  aaa99997588aa9875298a498896a75666a6347a873745
252645 1 27 16 10 5 1 1 0 0  aaa99997688aa9876598a498895a76254a6547a876733
252647 1 27 16 10 5 2 1 0 0  aaa99997688aa9876298a498895a76354a6537a875746
252818 1 27 17 4 4 1 0 0 0  aaa99995488aa9883798a798897a73567a6675a662445
252820 1 27 17 4 4 2 0 0 0  aaa99994588aa9885798a798897a75467a6674a665332
252854 1 27 17 5 4 1 0 0 0  aaa99995488aa9883798a798897a73576a6765a644625
252856 1 27 17 5 4 2 0 0 0  aaa99994588aa9885798a798897a75476a6764a635623
252892 1 27 17 6 4 2 0 0 0  aaa99995488aa9883798a698897a77276a6765a653445
252900 1 27 17 7 0 0 0 0 0  aaa99997588aa9883798a798897a73676a2655a446654
252980 1 27 17 9 1 1 0 0 0  aaa99996488aa9883798a598897a44676a6756a773525
252998 1 27 17 9 4 1 0 0 0  aaa99995488aa9883798a698897a44576a6765a773625
253000 1 27 17 9 4 2 0 0 0  aaa99994588aa9885798a698897a35476a6764a775623
253116 1 27 18 2 0 0 0 0 0  aaa99997588aa9888797a794898a73766a3656a545264
253208 1 27 18 4 3 1 0 0 0  aaa99997588aa9888797a794898a73666a3256a576454
253210 1 27 18 4 3 2 0 0 0  aaa99997588aa9888797a795898a75666a5446a376432
253218 1 27 18 4 5 0 0 0 0  aaa99997588aa9888797a794898a72546a5563a674663
253326 1 27 18 7 5 0 0 0 0  aaa99996588aa9888797a794898a73754a5526a763646
253443 1 27 19 0 0 1 1 0 0  aaa99997788aa9884298a797897a74663a3565a864565
253444 1 27 19 0 0 2 0 0 0  aaa99997788aa9885298a797897a75663a5464a865364
253445 1 27 19 0 0 2 1 0 0  aaa99997788aa9885298a797897a75664a5346a836645
253447 1 27 19 0 1 0 1 0 0  aaa99997788aa9884398a797897a73666a4556a854256
253452 1 27 19 0 2 0 0 0 0  aaa99997788aa9885498a797897a74663a6266a855534
253453 1 27 19 0 2 0 1 0 0  aaa99997788aa9884298a797897a74665a6566a854533
253455 1 27 19 0 2 1 1 0 0  aaa99997788aa9884298a797897a74663a6566a855534
253456 1 27 19 0 2 2 0 0 0  aaa99997788aa9885298a797897a75663a6466a845354
253457 1 27 19 0 2 2 1 0 0  aaa99997788aa9885298a797897a75664a6366a835445
253470 1 27 19 0 5 0 0 0 0  aaa99997788aa9886298a797897a76553a6454a856364
253471 1 27 19 0 5 0 1 0 0  aaa99997788aa9886298a797897a76455a6544a836563
253492 1 27 19 1 2 2 0 0 0  aaa99995488aa9883798a797897a53776a2666a844565
253498 1 27 19 1 3 2 0 0 0  aaa99995488aa9883798a797897a53776a2666a856445
253504 1 27 19 1 4 2 0 0 0  aaa99995488aa9883798a797897a53776a2665a844665
253508 1 27 19 1 5 1 0 0 0  aaa99996588aa9884798a797897a63775a3456a864652
253522 1 27 19 2 1 2 0 0 0  aaa99995488aa9883798a797897a53667a6765a844625
253528 1 27 19 2 2 2 0 0 0  aaa99995488aa9883798a797897a53667a6766a852445
253534 1 27 19 2 3 2 0 0 0  aaa99995488aa9883798a797897a53667a6765a862445
253542 1 27 19 2 5 0 0 0 0  aaa99996588aa9884798a797897a63547a5756a864632
253544 1 27 19 2 5 1 0 0 0  aaa99996588aa9884798a797897a63557a5746a863642
253578 1 27 19 3 5 0 0 0 0  aaa99996588aa9884798a792897a77547a5536a864636
253650 1 27 19 5 5 0 0 0 0  aaa99996588aa9884798a797897a72547a5536a864636
253722 1 27 19 7 5 0 0 0 0  aaa99996788aa9885798a797897a64547a5536a864632
253758 1 27 19 8 5 0 0 0 0  aaa99996588aa9884798a793897a77574a5526a863646
253800 1 27 19 10 0 0 0 0 0  aaa99997588aa9884698a693896a73546a5657a874727
253802 1 27 19 10 0 1 0 0 0  aaa99997588aa9884698a693896a73556a5647a872747
253806 1 27 19 10 1 0 0 0 0  aaa99997588aa9884698a696896a73564a5527a873747
253818 1 27 19 10 3 0 0 0 0  aaa99997588aa9884698a696896a72546a5537a874737
253835 1 27 19 10 5 2 1 0 0  aaa99997688aa9886298a496895a76354a6537a875747
253849 1 27 20 0 2 0 1 0 0  aaa99997788aa9888298a797897a74665a6566a354534
254008 1 27 20 4 4 2 0 0 0  aaa99995488aa9888798a797897a53276a6765a644635
254678 1 27 22 1 2 1 0 0 0  aaa99995477aa9875697a893696a44778a3685a862885
254680 1 27 22 1 2 2 0 0 0  aaa99994577aa9875697a895696a35778a4683a862884
254686 1 27 22 1 3 2 0 0 0  aaa99995477aa9873697a896696a53778a2685a844885
254736 1 27 22 3 0 0 0 0 0  aaa99996677aa9877297a896695a65758a4483a834885
254737 1 27 22 3 0 0 1 0 0  aaa99996677aa9877297a896695a65748a5583a844883
254894 1 27 22 7 2 1 0 0 0  aaa99997577aa9874697a893796a63468a4685a852885
255038 1 28 0 0 2 1 0 0 0  aaa99999598aa8774898a747796a73688a3668a562554
255062 1 28 0 1 0 1 0 0 0  aaa99999598aa8777898a664795a63788a3678a655442
255101 1 28 0 2 0 2 1 0 0  aaa99999698aa8777898a676296a54788a4378a653545
255110 1 28 0 2 2 1 0 0 0  aaa99999598aa8777898a574696a63788a3678a644552
255209 1 28 0 5 0 2 1 0 0  aaa99999698aa8777898a766396a75388a5278a465445
255404 1 28 0 10 3 1 0 0 0  aaa99999498aa8753898a744696a63688a2578a756775
255406 1 28 0 10 3 2 0 0 0  aaa99999598aa8745898a735696a65688a2478a746773
255414 1 28 0 10 5 0 0 0 0  aaa99999598aa8764898a763594a65588a3278a764776
255494 1 28 1 2 0 1 0 0 0  aaa99999498aa8873898a777796a63857a8665a552446
255760 1 28 1 9 2 2 0 0 0  aaa99999498aa8853898a666297a57876a8765a773445
255772 1 28 1 9 4 2 0 0 0  aaa99999498aa8844898a656297a57876a8765a773635
255778 1 28 1 9 5 2 0 0 0  aaa99999498aa8853898a644297a57876a8765a773665
255866 1 28 2 1 2 1 0 0 0  aaa99999598aa8854898a777797a53867a3628a644665
255868 1 28 2 1 2 2 0 0 0  aaa99999598aa8845898a777797a35867a5628a644663
255914 1 28 2 2 4 1 0 0 0  aaa99999598aa8874898a777796a63867a3658a644552
255920 1 28 2 2 5 1 0 0 0  aaa99999598aa8874898a777796a44867a3658a663552
255938 1 28 2 3 2 1 0 0 0  aaa99999598aa8854898a753797a77867a3628a644665
255940 1 28 2 3 2 2 0 0 0  aaa99999598aa8845898a735797a77867a5628a644663
256010 1 28 2 5 2 1 0 0 0  aaa99999598aa8874898a777696a63857a3678a655442
256026 1 28 2 5 5 0 0 0 0  aaa99999598aa8874898a777496a55867a4678a663532
256028 1 28 2 5 5 1 0 0 0  aaa99999598aa8874898a777596a55867a3678a663442
256284 1 28 3 2 0 0 0 0 0  aaa99999598aa8874898a777796a63687a3658a545624
256286 1 28 3 2 0 1 0 0 0  aaa99999598aa8874898a777796a63687a3648a555642
256410 1 28 3 5 3 0 0 0 0  aaa99999598aa8874898a777696a63687a3478a654552
256412 1 28 3 5 3 1 0 0 0  aaa99999598aa8874898a777696a63687a3578a655442
256422 1 28 3 5 5 0 0 0 0  aaa99999498aa8873898a777596a53587a2678a666445
256592 1 28 3 10 3 1 0 0 0  aaa99999498aa8853898a744696a63687a2578a756775
256594 1 28 3 10 3 2 0 0 0  aaa99999598aa8845898a735696a65687a2478a746773
256602 1 28 3 10 5 0 0 0 0  aaa99999598aa8864898a763594a65587a3278a764776
256652 1 28 4 1 1 1 0 0 0  aaa99999598aa8864898a783797a73785a2676a646554
256658 1 28 4 1 2 1 0 0 0  aaa99999598aa8844898a784797a73786a3675a662565
256660 1 28 4 1 2 2 0 0 0  aaa99999598aa8845898a785797a75786a4673a662364
256664 1 28 4 1 3 1 0 0 0  aaa99999598aa8854898a783797a73786a2676a656445
256666 1 28 4 1 3 2 0 0 0  aaa99999598aa8845898a785797a75786a2676a636443
256670 1 28 4 1 4 1 0 0 0  aaa99999598aa8854898a783797a73786a2675a666445
256672 1 28 4 1 4 2 0 0 0  aaa99999598aa8845898a785797a75786a2673a666443
256676 1 28 4 1 5 1 0 0 0  aaa99999598aa8864898a783797a73784a4576a565626
256694 1 28 4 2 2 1 0 0 0  aaa99999598aa8854898a683797a73786a2675a667445
256696 1 28 4 2 2 2 0 0 0  aaa99999598aa8845898a685797a75786a2673a667443
256700 1 28 4 2 3 1 0 0 0  aaa99999598aa8864898a683797a73785a2674a667554
256706 1 28 4 2 4 1 0 0 0  aaa99999598aa8844898a686797a74786a3275a657635
256708 1 28 4 2 4 2 0 0 0  aaa99999598aa8845898a686797a75786a5474a637623
256712 1 28 4 2 5 1 0 0 0  aaa99999598aa8844898a684797a73786a3275a657665
256714 1 28 4 2 5 2 0 0 0  aaa99999598aa8845898a685797a75786a2474a637663
256730 1 28 4 3 2 1 0 0 0  aaa99999598aa8854898a683797a77786a3675a662445
256732 1 28 4 3 2 2 0 0 0  aaa99999598aa8845898a685797a77786a5673a662443
256766 1 28 4 4 2 1 0 0 0  aaa99999598aa8854898a783797a73687a2676a656445
256768 1 28 4 4 2 2 0 0 0  aaa99999598aa8845898a785797a75687a2676a636443
256772 1 28 4 4 3 1 0 0 0  aaa99999598aa8854898a783797a73687a6676a652445
256774 1 28 4 4 3 2 0 0 0  aaa99999598aa8845898a785797a75687a6676a644332
256778 1 28 4 4 4 1 0 0 0  aaa99999598aa8854898a783797a73687a2675a666445
256780 1 28 4 4 4 2 0 0 0  aaa99999598aa8845898a785797a75687a2673a666443
256784 1 28 4 4 5 1 0 0 0  aaa99999598aa8864898a783797a73487a4576a565626
256802 1 28 4 5 2 1 0 0 0  aaa99999598aa8844898a684797a73787a3666a257565
256804 1 28 4 5 2 2 0 0 0  aaa99999598aa8845898a685797a75787a2666a447363
256814 1 28 4 5 4 1 0 0 0  aaa99999598aa8844898a686797a74787a3265a657635
256816 1 28 4 5 4 2 0 0 0  aaa99999598aa8845898a686797a75787a5464a637623
256820 1 28 4 5 5 1 0 0 0  aaa99999598aa8844898a684797a73787a3265a657665
256822 1 28 4 5 5 2 0 0 0  aaa99999598aa8845898a685797a75787a2464a637663
256872 1 28 4 7 2 0 0 0 0  aaa99999598aa8874898a683797a73785a5666a744562
256874 1 28 4 7 2 1 0 0 0  aaa99999598aa8875898a684797a73786a3666a755442
256880 1 28 4 7 3 1 0 0 0  aaa99999598aa8874898a683797a73785a2666a746554
256910 1 28 4 8 2 1 0 0 0  aaa99999598aa8854898a683797a77786a3666a752445
256912 1 28 4 8 2 2 0 0 0  aaa99999598aa8845898a685797a77786a5666a744332
256988 1 28 4 10 3 1 0 0 0  aaa99999598aa8844898a784696a63687a3275a756775
256990 1 28 4 10 3 2 0 0 0  aaa99999598aa8845898a785696a65687a2474a736773
256998 1 28 4 10 5 0 0 0 0  aaa99999598aa8864898a783594a65587a3276a764776
257056 1 28 5 1 2 2 0 0 0  aaa99999498aa8853897a787897a53776a2865a666445
257068 1 28 5 1 4 2 0 0 0  aaa99999498aa8853897a787897a53776a6865a644625
257074 1 28 5 1 5 2 0 0 0  aaa99999498aa8853897a787897a53776a2865a644665
257162 1 28 5 4 2 1 0 0 0  aaa99999598aa8874897a787896a73666a3857a562454
257164 1 28 5 4 2 2 0 0 0  aaa99999598aa8875897a787896a75666a5847a464332
257196 1 28 5 5 2 0 0 0 0  aaa99999498aa8863897a787896a66755a3857a745624
257308 1 28 5 8 2 2 0 0 0  aaa99999498aa8853897a683897a52777a7865a666445
257320 1 28 5 8 4 2 0 0 0  aaa99999498aa8853897a686897a53777a7865a644625
257326 1 28 5 8 5 2 0 0 0  aaa99999498aa8853897a683897a52777a7865a644665
257354 1 28 5 9 4 1 0 0 0  aaa99999498aa8853895a686897a44776a3865a777625
257356 1 28 5 9 4 2 0 0 0  aaa99999598aa8845894a686897a35776a5864a777623
257466 1 28 6 1 5 0 0 0 0  aaa99999598aa8864898a777797a63587a8546a265643
257491 1 28 6 2 3 0 1 0 0  aaa99999498aa8874898a777796a66287a8655a533645
257594 1 28 6 5 2 1 0 0 0  aaa99999498aa8873898a777696a63587a8675a652445
257596 1 28 6 5 2 2 0 0 0  aaa99999598aa8875898a777696a65487a8674a645332
257740 1 28 6 9 2 2 0 0 0  aaa99999498aa8853898a666797a53286a8765a777445
257752 1 28 6 9 4 2 0 0 0  aaa99999498aa8853898a656797a44286a8765a777635
257758 1 28 6 9 5 2 0 0 0  aaa99999498aa8853898a653797a44286a8765a777665
257776 1 28 6 10 2 2 0 0 0  aaa99999498aa8853898a744696a63287a8675a756775
257782 1 28 6 10 3 2 0 0 0  aaa99999498aa8853898a744696a63687a8275a756775
257790 1 28 6 10 5 0 0 0 0  aaa99999598aa8864898a763594a65587a8276a764773
257940 1 28 7 4 0 0 0 0 0  aaa99999598aa8884898a777796a63877a3665a455246
258014 1 28 7 6 0 1 0 0 0  aaa99999598aa8884898a663797a77866a3756a744552
258086 1 28 7 8 0 1 0 0 0  aaa99999598aa8884898a663797a77867a3756a644552
258134 1 28 7 9 2 1 0 0 0  aaa99999498aa8883898a666597a57876a3765a772445
258146 1 28 7 9 4 1 0 0 0  aaa99999598aa8884898a656497a57876a4762a773635
258227 1 28 8 0 5 2 1 0 0  aaa99999598aa8877897a687794a75386a5863a644652
258244 1 28 8 1 2 2 0 0 0  aaa99999498aa8853897a787797a53786a2865a666445
258256 1 28 8 1 4 2 0 0 0  aaa99999498aa8853897a787797a53786a6865a644625
258262 1 28 8 1 5 2 0 0 0  aaa99999498aa8853897a787797a53786a2865a644665
258328 1 28 8 3 4 2 0 0 0  aaa99999498aa8853897a686797a77786a3865a652445
258332 1 28 8 3 5 1 0 0 0  aaa99999598aa8854897a683797a77786a3865a644625
258334 1 28 8 3 5 2 0 0 0  aaa99999598aa8845897a685797a77786a5863a644623
258338 1 28 8 4 0 1 0 0 0  aaa99999598aa8874897a787696a73685a3867a562454
258340 1 28 8 4 0 2 0 0 0  aaa99999598aa8875897a787696a75684a5867a464332
258366 1 28 8 4 5 0 0 0 0  aaa99999498aa8873897a787595a73586a2867a645664
258380 1 28 8 5 1 1 0 0 0  aaa99999598aa8854897a787696a63786a3867a752445
258382 1 28 8 5 1 2 0 0 0  aaa99999598aa8845897a787696a65786a5867a744332
258434 1 28 8 6 4 1 0 0 0  aaa99999498aa8853895a686797a77787a3865a644625
258436 1 28 8 6 4 2 0 0 0  aaa99999598aa8845894a686797a77787a5864a635623
258454 1 28 8 7 1 2 0 0 0  aaa99999798aa8854897a787696a63786a3865a752445
258506 1 28 8 8 4 1 0 0 0  aaa99999498aa8853895a686797a77786a3865a744625
258508 1 28 8 8 4 2 0 0 0  aaa99999598aa8845894a686797a77786a5864a735623
258520 1 28 8 9 0 2 0 0 0  aaa99999698aa8866894a787693a65287a5874a735754
258524 1 28 8 9 1 1 0 0 0  aaa99999598aa8854896a787696a63687a3875a744725
258526 1 28 8 9 1 2 0 0 0  aaa99999598aa8845896a787696a65687a5873a744723
258530 1 28 8 9 2 1 0 0 0  aaa99999498aa8853895a787696a63687a6875a744725
258532 1 28 8 9 2 2 0 0 0  aaa99999598aa8845894a787696a65687a6874a735723
258536 1 28 8 9 3 1 0 0 0  aaa99999498aa8844895a787696a63687a3875a756725
258538 1 28 8 9 3 2 0 0 0  aaa99999598aa8845894a787696a65687a5874a736723
258542 1 28 8 9 4 1 0 0 0  aaa99999498aa8853895a787696a66687a3875a744725
258544 1 28 8 9 4 2 0 0 0  aaa99999598aa8845894a787696a66687a5874a735723
258546 1 28 8 9 5 0 0 0 0  aaa99999598aa8864892a787594a65587a3876a764736
258548 1 28 8 9 5 1 0 0 0  aaa99999598aa8863894a787595a65487a4876a763726
258551 1 28 8 9 5 2 1 0 0  aaa99999598aa8865892a787493a65487a4876a763756
258556 1 28 8 10 0 2 0 0 0  aaa99999698aa8866894a785693a65287a5874a735774
258560 1 28 8 10 1 1 0 0 0  aaa99999598aa8854896a783696a63687a2875a744775
258562 1 28 8 10 1 2 0 0 0  aaa99999598aa8845896a785696a65687a2873a744773
258640 1 28 9 1 2 2 0 0 0  aaa99999498aa8853897a787797a44786a3685a662565
258646 1 28 9 1 3 2 0 0 0  aaa99999498aa8853897a787797a53786a2686a656445
258652 1 28 9 1 4 2 0 0 0  aaa99999498aa8853897a787797a53786a2685a666445
258656 1 28 9 1 5 1 0 0 0  aaa99999598aa8864897a787797a63784a4586a565632
258694 1 28 9 2 5 2 0 0 0  aaa99999598aa8865897a787794a65783a5286a764634
258710 1 28 9 3 2 1 0 0 0  aaa99999598aa8854897a683797a77786a3685a662445
258712 1 28 9 3 2 2 0 0 0  aaa99999598aa8845897a685797a77786a5683a662443
258862 1 28 9 7 3 2 0 0 0  aaa99999798aa8854897a787696a63786a3685a752445
258870 1 28 9 7 5 0 0 0 0  aaa99999798aa8864897a787595a63784a5586a763642
258875 1 28 9 7 5 2 1 0 0  aaa99999798aa8865897a787394a65783a5486a764652
258898 1 28 9 8 3 2 0 0 0  aaa99999498aa8853896a686797a77786a3685a752445
258906 1 28 9 8 5 0 0 0 0  aaa99999498aa8863895a583797a77784a4586a762656
258966 1 28 9 10 3 0 0 0 0  aaa99999498aa8873896a686595a73684a5587a672747
259003 1 28 10 0 3 0 1 0 0  aaa99999698aa8885898a774397a74787a3626a656554
259128 1 28 10 4 0 0 0 0 0  aaa99999598aa8884898a777796a63787a3665a455246
259164 1 28 10 5 0 0 0 0 0  aaa99999598aa8884898a777696a73687a3476a654552
259166 1 28 10 5 0 1 0 0 0  aaa99999598aa8884898a777696a73687a3576a655442
259178 1 28 10 5 2 1 0 0 0  aaa99999498aa8883898a777696a76587a3675a652445
259190 1 28 10 5 4 1 0 0 0  aaa99999598aa8884898a777696a73487a4675a663525
259200 1 28 10 6 0 0 0 0 0  aaa99999598aa8884898a663797a77787a3665a455246
259364 1 28 10 10 3 1 0 0 0  aaa99999598aa8884898a744696a63687a3275a756775
259366 1 28 10 10 3 2 0 0 0  aaa99999598aa8885898a745696a65687a2474a736773
259374 1 28 10 10 5 0 0 0 0  aaa99999598aa8884898a763594a65587a3276a764776
259848 1 28 12 2 0 0 0 0 0  aaa99999598aa8884898a668797a73766a3576a547254
259920 1 28 12 4 0 0 0 0 0  aaa99999598aa8884898a768797a73667a3476a654552
259922 1 28 12 4 0 1 0 0 0  aaa99999598aa8884898a768797a73667a3576a655442
259934 1 28 12 4 2 1 0 0 0  aaa99999498aa8883898a758797a73667a6575a662445
259946 1 28 12 4 4 1 0 0 0  aaa99999498aa8883898a758797a73567a6675a662445
259948 1 28 12 4 4 2 0 0 0  aaa99999598aa8885898a748797a75467a6674a665332
259952 1 28 12 4 5 1 0 0 0  aaa99999498aa8883898a758797a73567a2675a666445
260030 1 28 12 7 0 1 0 0 0  aaa99999598aa8884898a678797a73766a3656a744552
260036 1 28 12 7 1 1 0 0 0  aaa99999498aa8883898a578797a73766a6656a744525
260316 1 28 13 4 0 0 0 0 0  aaa99999598aa8884898a777896a63777a3665a455246
260362 1 28 13 5 1 2 0 0 0  aaa99999498aa8883898a777895a73667a6576a545624
260378 1 28 13 5 4 1 0 0 0  aaa99999498aa8883898a777896a76567a3675a652445
260384 1 28 13 5 5 1 0 0 0  aaa99999598aa8884898a777896a73467a4675a663525
260390 1 28 13 6 0 1 0 0 0  aaa99999598aa8884898a663897a63777a7664a572554
260510 1 28 13 9 2 1 0 0 0  aaa99999498aa8883898a666897a57576a3765a772445
260522 1 28 13 9 4 1 0 0 0  aaa99999598aa8883898a656897a57476a4764a773625
260590 1 28 14 0 3 2 0 0 0  aaa99999498aa8883897a753897a58762a7666a744565
260598 1 28 14 0 5 0 0 0 0  aaa99999598aa8883897a763897a68755a7446a765642
260748 1 28 14 5 0 0 0 0 0  aaa99999598aa8884897a773896a68766a3756a545274
260820 1 28 14 7 0 0 0 0 0  aaa99999598aa8884897a773894a78766a3656a724565
260821 1 28 14 7 0 0 1 0 0  aaa99999498aa8884897a774895a78766a3656a753562
260822 1 28 14 7 0 1 0 0 0  aaa99999598aa8883897a773895a78766a2646a755464
260827 1 28 14 7 1 0 1 0 0  aaa99999598aa8884897a774892a78766a6636a755534
260974 1 28 15 0 1 2 0 0 0  aaa99999498aa8877897a573897a67666a3856a582454
261010 1 28 15 1 1 2 0 0 0  aaa99999698aa8854897a773897a53776a6865a682445
261012 1 28 15 1 2 0 0 0 0  aaa99999598aa8864897a773897a55776a3865a484626
261020 1 28 15 1 3 1 0 0 0  aaa99999598aa8854897a773897a53776a6866a682445
261022 1 28 15 1 3 2 0 0 0  aaa99999598aa8845897a775897a35776a6866a682443
261026 1 28 15 1 4 1 0 0 0  aaa99999598aa8854897a773897a44776a6865a683625
261028 1 28 15 1 4 2 0 0 0  aaa99999598aa8845897a775897a35776a6863a684624
261032 1 28 15 1 5 1 0 0 0  aaa99999598aa8854897a773897a44776a3865a682665
261034 1 28 15 1 5 2 0 0 0  aaa99999598aa8845897a775897a35776a4863a682664
261050 1 28 15 2 2 1 0 0 0  aaa99999498aa8863897a773896a66755a7856a782454
261088 1 28 15 3 2 2 0 0 0  aaa99999498aa8863897a777896a66775a3856a582454
261124 1 28 15 4 2 2 0 0 0  aaa99999498aa8863897a773896a66775a7856a582454
261209 1 28 15 6 4 2 1 0 0  aaa99999598aa8866897a777894a65347a5836a784652
261216 1 28 15 7 0 0 0 0 0  aaa99999598aa8874897a773896a63765a6846a782545
261218 1 28 15 7 0 1 0 0 0  aaa99999598aa8875897a774896a63766a3856a782454
261228 1 28 15 7 2 0 0 0 0  aaa99999598aa8874897a773896a66745a5856a784632
261230 1 28 15 7 2 1 0 0 0  aaa99999598aa8874897a773896a66755a5846a783642
261236 1 28 15 7 3 1 0 0 0  aaa99999598aa8874897a773896a66765a3856a782454
261238 1 28 15 7 3 2 0 0 0  aaa99999598aa8875897a775896a66764a5836a782434
261240 1 28 15 7 4 0 0 0 0  aaa99999598aa8874897a773894a55766a3865a784662
261242 1 28 15 7 4 1 0 0 0  aaa99999598aa8874897a773895a55766a3864a782664
261296 1 28 15 9 1 1 0 0 0  aaa99999598aa8844892a757896a66667a4875a783735
261298 1 28 15 9 1 2 0 0 0  aaa99999598aa8845894a747896a66667a5873a785723
261306 1 28 15 9 3 0 0 0 0  aaa99999598aa8864895a747896a66567a5872a783734
261317 1 28 15 9 4 2 1 0 0  aaa99999598aa8866893a767894a65347a5876a784752
261342 1 28 15 10 3 0 0 0 0  aaa99999498aa8863896a766895a53647a4875a785772
261406 1 28 16 1 1 2 0 0 0  aaa99999698aa8854897a773897a53776a6865a644825
261410 1 28 16 1 2 1 0 0 0  aaa99999598aa8854897a773897a44776a3865a666825
261412 1 28 16 1 2 2 0 0 0  aaa99999598aa8845897a775897a35776a4863a666824
261416 1 28 16 1 3 1 0 0 0  aaa99999598aa8864897a773897a53776a2845a666845
261422 1 28 16 1 4 1 0 0 0  aaa99999598aa8854897a773897a53776a2866a644865
261424 1 28 16 1 4 2 0 0 0  aaa99999598aa8845897a775897a35776a2866a644863
261428 1 28 16 1 5 1 0 0 0  aaa99999598aa8864897a773897a63775a2856a464856
261430 1 28 16 1 5 2 0 0 0  aaa99999598aa8865897a775897a65774a4846a363826
261444 1 28 16 2 2 0 0 0 0  aaa99999498aa8863897a773896a66755a7856a745824
261450 1 28 16 2 3 0 0 0 0  aaa99999498aa8863897a773896a66765a7855a744825
261522 1 28 16 4 3 0 0 0 0  aaa99999498aa8863897a773896a66775a7855a644825
261552 1 28 16 5 2 0 0 0 0  aaa99999498aa8863897a767896a66755a3857a745824
261588 1 28 16 6 2 0 0 0 0  aaa99999498aa8863897a777896a66557a3856a745824
261593 1 28 16 6 2 2 1 0 0  aaa99999598aa8865897a777896a66347a5836a744852
261612 1 28 16 7 0 0 0 0 0  aaa99999598aa8874897a773896a63766a2845a755846
261618 1 28 16 7 1 0 0 0 0  aaa99999598aa8874897a773896a66766a3845a755842
261620 1 28 16 7 1 1 0 0 0  aaa99999598aa8874897a773896a66766a3845a752845
261638 1 28 16 7 4 1 0 0 0  aaa99999598aa8874897a773896a53766a2845a766845
261660 1 28 16 8 2 0 0 0 0  aaa99999498aa8863897a777896a66755a3856a745824
261698 1 28 16 9 2 1 0 0 0  aaa99999498aa8853896a663897a44776a2855a777865
261700 1 28 16 9 2 2 0 0 0  aaa99999598aa8845896a665897a35776a2844a777863
261766 1 28 17 0 1 2 0 0 0  aaa99999498aa8883897a753897a52766a7865a766445
261784 1 28 17 0 4 2 0 0 0  aaa99999498aa8883897a753897a52766a7865a744665
261786 1 28 17 0 5 0 0 0 0  aaa99999598aa8884897a763897a63755a7846a765642
261788 1 28 17 0 5 1 0 0 0  aaa99999598aa8884897a763897a63745a7856a764652
261802 1 28 17 1 1 2 0 0 0  aaa99999698aa8884897a773897a53776a6865a652445
261806 1 28 17 1 2 1 0 0 0  aaa99999598aa8884897a773897a53776a2865a666445
261808 1 28 17 1 2 2 0 0 0  aaa99999598aa8885897a775897a45776a2863a666443
261818 1 28 17 1 4 1 0 0 0  aaa99999598aa8884897a773897a53776a6865a644625
261820 1 28 17 1 4 2 0 0 0  aaa99999598aa8885897a775897a45776a6863a644623
261824 1 28 17 1 5 1 0 0 0  aaa99999598aa8884897a773897a53776a2865a644665
261826 1 28 17 1 5 2 0 0 0  aaa99999598aa8885897a775897a45776a2863a644663
261830 1 28 17 2 0 1 0 0 0  aaa99999598aa8884897a773896a63766a7856a744552
261840 1 28 17 2 2 0 0 0 0  aaa99999498aa8883897a773896a66755a7856a745624
261848 1 28 17 2 3 1 0 0 0  aaa99999498aa8883897a773896a66765a7856a744525
261866 1 28 17 3 0 1 0 0 0  aaa99999598aa8884897a777896a63776a3856a644552
261902 1 28 17 4 0 1 0 0 0  aaa99999598aa8884897a773896a63776a7856a644552
261920 1 28 17 4 3 1 0 0 0  aaa99999498aa8883897a773896a66775a7856a644525
261938 1 28 17 5 0 1 0 0 0  aaa99999598aa8884897a767896a63766a3857a744552
261948 1 28 17 5 2 0 0 0 0  aaa99999498aa8883897a767896a66755a3857a745624
261984 1 28 17 6 2 0 0 0 0  aaa99999498aa8883897a777896a66557a3856a745624
261989 1 28 17 6 2 2 1 0 0  aaa99999598aa8885897a777896a66347a5836a744652
262028 1 28 17 7 3 1 0 0 0  aaa99999598aa8884897a773896a73766a6865a752445
262030 1 28 17 7 3 2 0 0 0  aaa99999598aa8885897a775896a75766a6864a744332
262046 1 28 17 8 0 1 0 0 0  aaa99999598aa8884897a777896a63766a3856a744552
262056 1 28 17 8 2 0 0 0 0  aaa99999498aa8883897a777896a66755a3856a745624
262082 1 28 17 9 0 1 0 0 0  aaa99999598aa8884896a644897a63776a3856a777552
262094 1 28 17 9 2 1 0 0 0  aaa99999598aa8884896a663897a44776a3825a777565
262096 1 28 17 9 2 2 0 0 0  aaa99999598aa8885896a665897a45776a2844a777363
262118 1 28 17 10 0 1 0 0 0  aaa99999598aa8884896a763895a63667a2874a755774
262174 1 28 18 0 3 2 0 0 0  aaa99999498aa8888897a753897a53762a7666a744565
262182 1 28 18 0 5 0 0 0 0  aaa99999598aa8888897a763897a63755a7446a765642
262332 1 28 18 5 0 0 0 0 0  aaa99999598aa8888897a774896a63766a3756a545274
262556 1 28 19 0 1 1 0 0 0  aaa99999598aa8884897a753796a66786a3485a774625
262568 1 28 19 0 3 1 0 0 0  aaa99999598aa8884897a763796a66785a3684a772554
262576 1 28 19 0 4 2 0 0 0  aaa99999598aa8885897a766794a65783a5286a774634
262592 1 28 19 1 1 1 0 0 0  aaa99999598aa8884897a773797a63785a2686a646554
262598 1 28 19 1 2 1 0 0 0  aaa99999598aa8884897a773797a44786a3685a662565
262600 1 28 19 1 2 2 0 0 0  aaa99999598aa8885897a775797a45786a4683a662364
262604 1 28 19 1 3 1 0 0 0  aaa99999598aa8884897a773797a53786a2686a656445
262606 1 28 19 1 3 2 0 0 0  aaa99999598aa8885897a775797a45786a2686a636443
262610 1 28 19 1 4 1 0 0 0  aaa99999598aa8884897a773797a53786a2685a666445
262612 1 28 19 1 4 2 0 0 0  aaa99999598aa8885897a775797a45786a2683a666443
262616 1 28 19 1 5 1 0 0 0  aaa99999598aa8884897a773797a63784a4586a565626
262622 1 28 19 2 0 1 0 0 0  aaa99999698aa8885897a773796a63785a2486a746554
262656 1 28 19 3 0 0 0 0 0  aaa99999598aa8884897a777796a63786a3486a654552
262658 1 28 19 3 0 1 0 0 0  aaa99999598aa8884897a777796a63786a3586a655442
262692 1 28 19 4 0 0 0 0 0  aaa99999598aa8884897a773796a63786a7486a654552
262694 1 28 19 4 0 1 0 0 0  aaa99999598aa8884897a773796a63786a7586a655442
262710 1 28 19 4 3 0 0 0 0  aaa99999598aa8884897a773796a66785a7684a525634
262730 1 28 19 5 0 1 0 0 0  aaa99999498aa8883897a773696a44786a2785a556675
262732 1 28 19 5 0 2 0 0 0  aaa99999598aa8885897a775696a45786a2783a446673
262746 1 28 19 5 3 0 0 0 0  aaa99999598aa8883897a773696a62784a6785a655474
262748 1 28 19 5 3 1 0 0 0  aaa99999598aa8885897a773696a63786a2784a456475
262750 1 28 19 5 3 2 0 0 0  aaa99999598aa8885897a775696a65786a2784a446373
262758 1 28 19 5 5 0 0 0 0  aaa99999598aa8884897a773594a65785a3786a264676
262800 1 28 19 7 0 0 0 0 0  aaa99999598aa8884897a773696a73786a2685a755464
262802 1 28 19 7 0 1 0 0 0  aaa99999598aa8885897a774696a73786a3684a755624
262814 1 28 19 7 2 1 0 0 0  aaa99999598aa8884897a773696a76785a3684a762554
262820 1 28 19 7 3 1 0 0 0  aaa99999598aa8884897a773696a76786a3685a752445
262822 1 28 19 7 3 2 0 0 0  aaa99999598aa8885897a775696a76786a5684a744332
262826 1 28 19 7 4 1 0 0 0  aaa99999598aa8884897a773696a73785a2684a766554
262838 1 28 19 8 0 1 0 0 0  aaa99999598aa8884897a777696a53786a3685a744625
262840 1 28 19 8 0 2 0 0 0  aaa99999598aa8885897a777696a45786a5683a744623
262856 1 28 19 8 3 1 0 0 0  aaa99999598aa8884897a777696a63786a3685a752445
262858 1 28 19 8 3 2 0 0 0  aaa99999598aa8885897a777696a65786a5684a744332
262866 1 28 19 8 5 0 0 0 0  aaa99999498aa8883897a777595a63784a5586a762646
262926 1 28 19 10 3 0 0 0 0  aaa99999498aa8883896a676595a73684a5587a672747
263142 1 28 20 5 3 0 0 0 0  aaa99999598aa8888897a773696a63786a2754a446575
263144 1 28 20 5 3 1 0 0 0  aaa99999598aa8888897a773696a63786a2745a446575
263146 1 28 20 5 3 2 0 0 0  aaa99999598aa8888897a775696a65786a5744a436372
263154 1 28 20 5 5 0 0 0 0  aaa99999598aa8888897a773594a65785a3746a462676
263196 1 28 20 7 0 0 0 0 0  aaa99999598aa8888897a774696a73786a3645a755642
263198 1 28 20 7 0 1 0 0 0  aaa99999598aa8888897a774696a73786a3645a752645
263996 1 28 22 7 1 1 0 0 0  aaa99999597aa8774796a663698a44687a3857a888552
264006 1 28 22 7 3 0 0 0 0  aaa99999597aa8774796a663498a55687a4827a888563
264008 1 28 22 7 3 1 0 0 0  aaa99999597aa8773796a663598a55687a2847a888464
264173 1 29 0 1 0 2 1 0 0  aaa99999998aa8777898a665774a65288a5678a644353
264241 1 29 0 3 0 0 1 0 0  aaa99999998aa8667898a636777a74588a7528a564543
264259 1 29 0 3 3 0 1 0 0  aaa99999998aa8637898a666777a74588a7528a564543
264287 1 29 0 4 1 2 1 0 0  aaa99999998aa8777898a666276a54788a4378a653545
264346 1 29 0 5 5 2 0 0 0  aaa99999998aa8777898a745336a75288a5678a666445
264349 1 29 0 6 0 0 1 0 0  aaa99999998aa8664898a656775a77288a4778a564533
264361 1 29 0 6 2 0 1 0 0  aaa99999998aa8666898a655774a77288a5778a644533
264365 1 29 0 6 2 2 1 0 0  aaa99999998aa8666898a654773a77288a4778a653545
265046 1 29 2 3 2 1 0 0 0  aaa99999998aa8854898a753777a75867a3628a644665
265048 1 29 2 3 2 2 0 0 0  aaa99999998aa8845898a735777a75867a5628a644663
266113 1 29 5 0 0 0 1 0 0  aaa99999998aa8877892a787876a76665a5854a345364
266176 1 29 5 1 4 2 0 0 0  aaa99999998aa8854897a787877a53276a6865a644635
266545 1 29 6 1 0 0 1 0 0  aaa99999998aa8866898a777776a63587a8524a543564
266646 1 29 6 3 5 0 0 0 0  aaa99999998aa8865898a764777a73587a8546a265643
266725 1 29 6 6 0 0 1 0 0  aaa99999998aa8866898a662757a77787a8534a546534
266797 1 29 6 8 0 0 1 0 0  aaa99999998aa8866898a662777a47587a8537a546534
266833 1 29 6 9 0 0 1 0 0  aaa99999998aa8866898a662777a77587a8534a546534
266880 1 29 6 10 2 0 0 0 0  aaa99999998aa8855898a754663a46287a8676a735774
266881 1 29 6 10 2 0 1 0 0  aaa99999998aa8855898a735664a56287a8676a744773
266885 1 29 6 10 2 2 1 0 0  aaa99999998aa8854898a754663a56287a8676a753774
267122 1 29 7 6 0 1 0 0 0  aaa99999998aa8884898a663777a73857a7665a552446
267422 1 29 8 3 2 1 0 0 0  aaa99999998aa8854896a785777a73687a3865a644625
267424 1 29 8 3 2 2 0 0 0  aaa99999998aa8845896a785777a75687a5863a644623
267430 1 29 8 3 3 2 0 0 0  aaa99999998aa8854896a786777a73687a3865a652445
267472 1 29 8 4 4 2 0 0 0  aaa99999998aa8854897a787777a53286a6865a644635
267490 1 29 8 5 1 2 0 0 0  aaa99999998aa8854897a787676a63786a3865a752445
267587 1 29 8 7 5 2 1 0 0  aaa99999998aa8867897a787373a65287a5846a465645
267602 1 29 8 8 2 1 0 0 0  aaa99999998aa8854897a685777a73687a3866a652445
267604 1 29 8 8 2 2 0 0 0  aaa99999998aa8845897a685777a75687a5866a644332
267682 1 29 8 10 3 2 0 0 0  aaa99999998aa8854896a783666a53287a6875a744775
267803 1 29 9 2 5 2 1 0 0  aaa99999998aa8865897a787377a65387a5486a464652
267818 1 29 9 3 2 1 0 0 0  aaa99999998aa8854896a785777a73687a3685a662445
267820 1 29 9 3 2 2 0 0 0  aaa99999998aa8845896a785777a75687a5683a662443
267826 1 29 9 3 3 2 0 0 0  aaa99999998aa8854896a786777a73687a3685a652445
267898 1 29 9 5 3 2 0 0 0  aaa99999998aa8854897a787676a63786a3685a752445
267906 1 29 9 5 5 0 0 0 0  aaa99999998aa8864897a787575a63784a5586a763642
267911 1 29 9 5 5 2 1 0 0  aaa99999998aa8865897a787374a65783a5486a764652
268351 1 29 10 7 1 0 1 0 0  aaa99999998aa8887898a777666a73587a6524a543564
269114 1 29 12 6 2 1 0 0 0  aaa99999998aa8884898a548777a73657a7662a566534
269116 1 29 12 6 2 2 0 0 0  aaa99999998aa8883898a458777a73647a7665a466525
269294 1 29 13 0 2 1 0 0 0  aaa99999998aa8885898a774867a73767a3664a562554
269698 1 29 14 0 3 2 0 0 0  aaa99999998aa8884897a753887a53762a7666a744565
269706 1 29 14 0 5 0 0 0 0  aaa99999998aa8885897a763887a63755a7446a765642
269856 1 29 14 5 0 0 0 0 0  aaa99999998aa8885897a774886a63766a3756a545274
270103 1 29 15 0 5 0 1 0 0  aaa99999998aa8877897a674857a57536a4862a683645
270134 1 29 15 1 4 1 0 0 0  aaa99999998aa8854897a773877a44576a6865a683625
270136 1 29 15 1 4 2 0 0 0  aaa99999998aa8845897a775877a35476a6864a685623
270326 1 29 15 7 0 1 0 0 0  aaa99999998aa8874897a773876a63567a6856a582454
270328 1 29 15 7 0 2 0 0 0  aaa99999998aa8875897a775876a65467a6846a485332
270344 1 29 15 7 3 1 0 0 0  aaa99999998aa8874897a773876a66567a3856a582454
270618 1 29 16 4 1 0 0 0 0  aaa99999998aa8865897a774877a47666a3856a525834
270660 1 29 16 5 2 0 0 0 0  aaa99999998aa8864897a773876a66755a3856a745824
270720 1 29 16 7 0 0 0 0 0  aaa99999998aa8875897a774876a63267a6856a545834
270722 1 29 16 7 0 1 0 0 0  aaa99999998aa8875897a773876a63467a6846a555842
270926 1 29 17 1 4 1 0 0 0  aaa99999998aa8884897a773877a53576a6865a644625
270928 1 29 17 1 4 2 0 0 0  aaa99999998aa8885897a775877a45476a6864a635623
271046 1 29 17 5 0 1 0 0 0  aaa99999998aa8885897a774876a63766a3856a744552
271056 1 29 17 5 2 0 0 0 0  aaa99999998aa8884897a773876a66755a3856a745624
271118 1 29 17 7 0 1 0 0 0  aaa99999998aa8884897a773876a63567a6856a572454
271120 1 29 17 7 0 2 0 0 0  aaa99999998aa8885897a775876a65467a6846a475332
271136 1 29 17 7 3 1 0 0 0  aaa99999998aa8884897a773876a66567a3856a572454
271513 1 29 18 7 0 0 1 0 0  aaa99999998aa8888897a774876a64267a6556a375534
271691 1 29 19 0 5 2 1 0 0  aaa99999998aa8885897a765377a65387a7486a464652
271692 1 29 19 1 0 0 0 0 0  aaa99999998aa8885897a774776a63685a7684a525634
271728 1 29 19 2 0 0 0 0 0  aaa99999998aa8885897a774677a63687a3685a455642
271730 1 29 19 2 0 1 0 0 0  aaa99999998aa8885897a774677a63687a3684a555624
271838 1 29 19 5 0 1 0 0 0  aaa99999998aa8885897a774676a53786a3685a744625
271840 1 29 19 5 0 2 0 0 0  aaa99999998aa8885897a775676a45786a5683a744623
271856 1 29 19 5 3 1 0 0 0  aaa99999998aa8885897a774676a63786a3685a752445
271858 1 29 19 5 3 2 0 0 0  aaa99999998aa8885897a775676a65786a5684a744332
271866 1 29 19 5 5 0 0 0 0  aaa99999998aa8884897a773575a63784a5586a762646
271926 1 29 19 7 3 0 0 0 0  aaa99999998aa8885897a774676a63687a3585a675442
271928 1 29 19 7 3 1 0 0 0  aaa99999998aa8885897a774676a63687a3485a674525
272053 1 29 20 0 0 0 1 0 0  aaa99999998aa8888897a766677a62587a7534a546534
272087 1 29 20 0 5 2 1 0 0  aaa99999998aa8888897a765277a65487a7446a365635
273278 1 30 0 1 0 1 0 0 0  aaa99999598aa8777998a664877a63468a4875a653825
273343 1 30 0 2 5 0 1 0 0  aaa99999598aa8777998a374876a55268a4875a666834
273386 1 30 0 4 0 1 0 0 0  aaa99999598aa8777998a664875a63768a3874a655824
273400 1 30 0 4 2 2 0 0 0  aaa99999498aa8777998a666875a63758a3876a545824
273446 1 30 0 5 4 1 0 0 0  aaa99999598aa8777998a754866a73468a4875a663825
273534 1 30 0 8 1 0 0 0 0  aaa99999598aa8666998a545877a77768a4852a763834
273547 1 30 0 8 3 0 1 0 0  aaa99999598aa8666998a655877a77728a4836a754834
273716 1 30 1 2 1 1 0 0 0  aaa99999598aa8864998a783877a73875a2676a646554
273722 1 30 1 2 2 1 0 0 0  aaa99999598aa8844998a784877a73876a3675a662565
273724 1 30 1 2 2 2 0 0 0  aaa99999598aa8845998a785877a75876a4673a662364
273728 1 30 1 2 3 1 0 0 0  aaa99999598aa8854998a783877a73876a2676a656445
273730 1 30 1 2 3 2 0 0 0  aaa99999598aa8845998a785877a75876a2676a636443
273734 1 30 1 2 4 1 0 0 0  aaa99999598aa8854998a783877a73876a2675a666445
273736 1 30 1 2 4 2 0 0 0  aaa99999598aa8845998a785877a75876a2673a666443
273740 1 30 1 2 5 1 0 0 0  aaa99999598aa8864998a783877a73874a4576a565626
273790 1 30 1 4 1 2 0 0 0  aaa99999698aa8854998a783877a73867a6675a652445
273794 1 30 1 4 2 1 0 0 0  aaa99999598aa8854998a783877a73867a2675a644665
273796 1 30 1 4 2 2 0 0 0  aaa99999598aa8845998a785877a75867a2673a644663
273800 1 30 1 4 3 1 0 0 0  aaa99999598aa8854998a783877a73867a6676a652445
273802 1 30 1 4 3 2 0 0 0  aaa99999598aa8845998a785877a75867a6676a644332
273806 1 30 1 4 4 1 0 0 0  aaa99999598aa8854998a783877a73867a6675a662445
273808 1 30 1 4 4 2 0 0 0  aaa99999598aa8845998a785877a75867a6673a662443
273812 1 30 1 4 5 1 0 0 0  aaa99999598aa8854998a783877a73867a2675a666445
273814 1 30 1 4 5 2 0 0 0  aaa99999598aa8845998a785877a75867a2673a666443
273830 1 30 1 5 2 1 0 0 0  aaa99999598aa8854998a683877a57876a3677a662445
273832 1 30 1 5 2 2 0 0 0  aaa99999598aa8845998a685877a37876a5677a662443
273836 1 30 1 5 3 1 0 0 0  aaa99999598aa8864998a683877a47875a3677a662554
273866 1 30 1 6 2 1 0 0 0  aaa99999598aa8854998a683877a77876a3666a752445
273868 1 30 1 6 2 2 0 0 0  aaa99999598aa8845998a685877a77876a5666a744332
273896 1 30 1 7 1 1 0 0 0  aaa99999598aa8874998a686877a73875a3674a662554
273900 1 30 1 7 2 0 0 0 0  aaa99999598aa8874998a683877a73875a5674a662564
273902 1 30 1 7 2 1 0 0 0  aaa99999598aa8875998a684877a73876a3674a662554
273908 1 30 1 7 3 1 0 0 0  aaa99999598aa8874998a683877a73875a2676a646554
273914 1 30 1 7 4 1 0 0 0  aaa99999598aa8874998a683877a73875a2674a666554
273938 1 30 1 8 2 1 0 0 0  aaa99999598aa8854998a683877a77876a3675a662445
273940 1 30 1 8 2 2 0 0 0  aaa99999598aa8845998a685877a77876a5673a662443
273974 1 30 1 9 2 1 0 0 0  aaa99999598aa8854998a683867a57876a3766a772445
273976 1 30 1 9 2 2 0 0 0  aaa99999598aa8845998a685867a37876a5766a772443
273980 1 30 1 9 3 1 0 0 0  aaa99999598aa8864998a683867a47875a3766a772554
273986 1 30 1 9 4 1 0 0 0  aaa99999598aa8844998a686827a57876a4765a773635
273988 1 30 1 9 4 2 0 0 0  aaa99999598aa8845998a686847a47876a5763a775623
273992 1 30 1 9 5 1 0 0 0  aaa99999598aa8844998a684827a57876a3765a773665
273994 1 30 1 9 5 2 0 0 0  aaa99999598aa8845998a685847a47876a5763a772663
274122 1 30 2 2 3 0 0 0 0  aaa99999598aa8874998a777866a63877a3568a546254
274214 1 30 2 5 0 1 0 0 0  aaa99999598aa8874998a777865a63867a3678a545624
274216 1 30 2 5 0 2 0 0 0  aaa99999598aa8875998a777864a65867a5678a433642
274224 1 30 2 5 2 0 0 0 0  aaa99999598aa8874998a777866a63867a3478a654552
274226 1 30 2 5 2 1 0 0 0  aaa99999598aa8874998a777866a63867a3578a655442
274234 1 30 2 5 3 2 0 0 0  aaa99999498aa8873998a777865a66857a3678a545624
274242 1 30 2 5 5 0 0 0 0  aaa99999598aa8874998a777846a54867a3678a663552
274244 1 30 2 5 5 1 0 0 0  aaa99999598aa8874998a777856a55867a3678a663442
274370 1 30 2 9 2 1 0 0 0  aaa99999498aa8853998a666857a57876a3768a772445
274372 1 30 2 9 2 2 0 0 0  aaa99999598aa8845998a666847a47876a5768a775332
274382 1 30 2 9 4 1 0 0 0  aaa99999498aa8844998a656857a57876a3768a773625
274384 1 30 2 9 4 2 0 0 0  aaa99999598aa8845998a636847a47876a5768a775623
274388 1 30 2 9 5 1 0 0 0  aaa99999498aa8853998a644857a57876a3768a772665
274390 1 30 2 9 5 2 0 0 0  aaa99999598aa8845998a635847a47876a5768a772663
274433 1 30 3 0 0 2 1 0 0  aaa99999898aa8877997a676827a47636a8854a536554
274480 1 30 3 1 2 2 0 0 0  aaa99999898aa8854997a773877a53672a8866a644565
274492 1 30 3 1 4 2 0 0 0  aaa99999898aa8854997a773877a53676a8825a644665
274498 1 30 3 1 5 2 0 0 0  aaa99999898aa8854997a773877a53276a8865a644665
274835 1 30 4 0 1 2 1 0 0  aaa99999498aa8877997a574867a67835a8662a583546
274855 1 30 4 0 5 0 1 0 0  aaa99999498aa8877997a674857a57836a8562a683645
275076 1 30 4 7 0 0 0 0 0  aaa99999598aa8874997a773876a63847a8665a284556
275077 1 30 4 7 0 0 1 0 0  aaa99999498aa8874997a774876a63857a8665a583526
275078 1 30 4 7 0 1 0 0 0  aaa99999598aa8873997a773876a62857a8664a585446
275308 1 30 5 2 2 2 0 0 0  aaa99999598aa8835997a775886a66774a8644a685372
275320 1 30 5 2 4 2 0 0 0  aaa99999598aa8835997a775886a65774a8644a686372
275324 1 30 5 2 5 1 0 0 0  aaa99999498aa8863997a773884a64775a8526a585676
275326 1 30 5 2 5 2 0 0 0  aaa99999598aa8865997a775884a65772a8446a383676
275378 1 30 5 4 2 1 0 0 0  aaa99999498aa8853997a773887a44675a8766a682565
275380 1 30 5 4 2 2 0 0 0  aaa99999598aa8845997a775887a35674a8766a682463
275384 1 30 5 4 3 1 0 0 0  aaa99999598aa8864997a773887a44675a8766a683552
275390 1 30 5 4 4 1 0 0 0  aaa99999498aa8853997a773887a44676a8755a682665
275392 1 30 5 4 4 2 0 0 0  aaa99999598aa8845997a775887a35676a8744a682663
275396 1 30 5 4 5 1 0 0 0  aaa99999498aa8853997a773887a44576a8765a682665
275398 1 30 5 4 5 2 0 0 0  aaa99999598aa8845997a775887a35476a8764a682663
275416 1 30 5 5 2 2 0 0 0  aaa99999598aa8835997a775886a66764a8744a685372
275428 1 30 5 5 4 2 0 0 0  aaa99999598aa8835997a775886a65764a8744a686372
275432 1 30 5 5 5 1 0 0 0  aaa99999498aa8863997a773884a64752a8756a585676
275434 1 30 5 5 5 2 0 0 0  aaa99999598aa8865997a775884a65744a8726a383676
275472 1 30 5 7 0 0 0 0 0  aaa99999598aa8874997a773886a63766a8556a785442
275474 1 30 5 7 0 1 0 0 0  aaa99999598aa8874997a773886a63766a8456a784552
275492 1 30 5 7 3 1 0 0 0  aaa99999498aa8873997a773886a66765a8556a782454
275797 1 30 6 5 0 0 1 0 0  aaa99999598aa8874998a777866a55267a8876a354634
275798 1 30 6 5 0 1 0 0 0  aaa99999598aa8874998a777866a44267a8876a555633
275956 1 30 6 9 2 2 0 0 0  aaa99999498aa8853998a666877a53276a8865a777445
275968 1 30 6 9 4 2 0 0 0  aaa99999498aa8853998a656877a44276a8865a777635
275974 1 30 6 9 5 2 0 0 0  aaa99999498aa8853998a653877a44276a8865a777665
275998 1 30 6 10 3 2 0 0 0  aaa99999498aa8853998a744866a63627a8875a756775
276006 1 30 6 10 5 0 0 0 0  aaa99999598aa8864998a763854a65527a8876a764773
276048 1 30 7 1 0 0 0 0 0  aaa99999598aa8883998a777867a63877a2655a446654
276084 1 30 7 2 0 0 0 0 0  aaa99999598aa8883998a777866a73877a2565a465464
276194 1 30 7 5 0 1 0 0 0  aaa99999598aa8884998a777866a73867a3576a545624
276196 1 30 7 5 0 2 0 0 0  aaa99999598aa8885998a777866a75867a5476a433642
276202 1 30 7 5 1 2 0 0 0  aaa99999498aa8883998a777866a76857a3576a545624
276218 1 30 7 5 4 1 0 0 0  aaa99999498aa8883998a777856a76867a3675a652445
276220 1 30 7 5 4 2 0 0 0  aaa99999598aa8885998a777846a76867a5674a645332
276224 1 30 7 5 5 1 0 0 0  aaa99999598aa8884998a777846a74867a3675a663525
276336 1 30 7 9 0 0 0 0 0  aaa99999598aa8884998a663857a67876a6754a773254
276350 1 30 7 9 2 1 0 0 0  aaa99999598aa8884998a666827a57876a3765a773445
276352 1 30 7 9 2 2 0 0 0  aaa99999598aa8885998a666847a47876a5763a775423
276354 1 30 7 9 3 0 0 0 0  aaa99999598aa8884998a666857a67876a3754a773254
276360 1 30 7 9 4 0 0 0 0  aaa99999598aa8883998a655847a57876a6764a773624
276362 1 30 7 9 4 1 0 0 0  aaa99999598aa8885998a646847a57876a3764a773625
276364 1 30 7 9 4 2 0 0 0  aaa99999598aa8885998a646847a47876a5763a775623
276368 1 30 7 9 5 1 0 0 0  aaa99999598aa8884998a644827a57876a3765a773665
276370 1 30 7 9 5 2 0 0 0  aaa99999598aa8885998a645847a47876a5763a772663
276439 1 30 8 0 5 0 1 0 0  aaa99999498aa8877997a674857a57536a8862a683645
276458 1 30 8 1 2 1 0 0 0  aaa99999498aa8853997a773877a44675a8866a682565
276460 1 30 8 1 2 2 0 0 0  aaa99999598aa8845997a775877a35674a8866a682463
276464 1 30 8 1 3 1 0 0 0  aaa99999598aa8864997a773877a44675a8866a683552
276470 1 30 8 1 4 1 0 0 0  aaa99999498aa8853997a773877a44676a8855a682665
276472 1 30 8 1 4 2 0 0 0  aaa99999598aa8845997a775877a35676a8844a682663
276476 1 30 8 1 5 1 0 0 0  aaa99999498aa8853997a773877a44576a8865a682665
276478 1 30 8 1 5 2 0 0 0  aaa99999598aa8845997a775877a35476a8864a682663
276543 1 30 8 3 4 1 1 0 0  aaa99999498aa8855997a777877a54266a8865a383664
276579 1 30 8 4 4 1 1 0 0  aaa99999498aa8855997a774877a57266a8865a383664
276602 1 30 8 5 2 1 0 0 0  aaa99999498aa8863997a773876a66755a8856a782454
276660 1 30 8 7 0 0 0 0 0  aaa99999598aa8874997a773876a63667a8854a585624
276662 1 30 8 7 0 1 0 0 0  aaa99999598aa8874997a773876a63667a8854a582654
276672 1 30 8 7 2 0 0 0 0  aaa99999598aa8874997a773876a66567a8854a683254
276680 1 30 8 7 3 1 0 0 0  aaa99999498aa8873997a773876a66567a8856a582454
276682 1 30 8 7 3 2 0 0 0  aaa99999598aa8875997a775876a66467a8846a485332
276684 1 30 8 7 4 0 0 0 0  aaa99999598aa8874997a773876a63567a8854a686254
276786 1 30 8 10 3 0 0 0 0  aaa99999598aa8863996a766865a45457a8874a783772
276856 1 30 9 1 2 2 0 0 0  aaa99999498aa8853997a877877a53672a8866a644565
276868 1 30 9 1 4 2 0 0 0  aaa99999498aa8853997a877877a53676a8825a644665
276874 1 30 9 1 5 2 0 0 0  aaa99999498aa8853997a877877a53276a8865a644665
276947 1 30 9 3 5 2 1 0 0  aaa99999598aa8865993a865877a77747a8836a464652
277036 1 30 9 6 2 2 0 0 0  aaa99999498aa8853997a844877a77762a8865a663565
277108 1 30 9 8 2 2 0 0 0  aaa99999498aa8853997a853877a77672a8866a644565
277120 1 30 9 8 4 2 0 0 0  aaa99999498aa8853997a853877a77676a8825a644665
277126 1 30 9 8 5 2 0 0 0  aaa99999498aa8853997a853877a77276a8865a644665
277175 1 30 9 10 1 2 1 0 0  aaa99999598aa8875993a875866a76646a8837a474752
277184 1 30 9 10 3 1 0 0 0  aaa99999598aa8874996a873866a76265a8857a474753
277186 1 30 9 10 3 2 0 0 0  aaa99999598aa8875996a875866a76464a8837a475732
277208 1 30 10 0 1 1 0 0 0  aaa99999598aa8884997a753876a73677a8866a652445
277210 1 30 10 0 1 2 0 0 0  aaa99999598aa8885997a745876a75677a8866a644332
277220 1 30 10 0 3 1 0 0 0  aaa99999598aa8884997a763875a73677a8866a655442
277226 1 30 10 0 4 1 0 0 0  aaa99999498aa8883997a753876a72577a8865a666445
277228 1 30 10 0 4 2 0 0 0  aaa99999598aa8885997a745876a75477a8864a666332
277232 1 30 10 0 5 1 0 0 0  aaa99999598aa8883997a763875a72477a8846a565646
277250 1 30 10 1 2 1 0 0 0  aaa99999498aa8883997a773877a52675a8866a644565
277252 1 30 10 1 2 2 0 0 0  aaa99999598aa8885997a775877a45673a8866a644362
277256 1 30 10 1 3 1 0 0 0  aaa99999598aa8884997a773877a63675a8866a644552
277262 1 30 10 1 4 1 0 0 0  aaa99999498aa8883997a773877a52676a8855a644665
277264 1 30 10 1 4 2 0 0 0  aaa99999598aa8885997a775877a45676a8844a633662
277268 1 30 10 1 5 1 0 0 0  aaa99999498aa8883997a773877a52576a8865a644665
277270 1 30 10 1 5 2 0 0 0  aaa99999598aa8885997a775877a45476a8864a633662
277382 1 30 10 5 0 1 0 0 0  aaa99999598aa8884997a773876a63766a8856a744552
277392 1 30 10 5 2 0 0 0 0  aaa99999498aa8883997a773876a66755a8856a745624
277400 1 30 10 5 3 1 0 0 0  aaa99999498aa8883997a773876a66765a8856a744525
277452 1 30 10 7 0 0 0 0 0  aaa99999598aa8884997a773876a63667a8854a575624
277454 1 30 10 7 0 1 0 0 0  aaa99999598aa8884997a773876a63667a8854a572654
277464 1 30 10 7 2 0 0 0 0  aaa99999598aa8884997a773876a66567a8854a673254
277472 1 30 10 7 3 1 0 0 0  aaa99999498aa8883997a773876a66567a8856a572454
277474 1 30 10 7 3 2 0 0 0  aaa99999598aa8885997a775876a66467a8846a475332
277476 1 30 10 7 4 0 0 0 0  aaa99999598aa8884997a773876a63567a8854a676254
277560 1 30 10 10 0 0 0 0 0  aaa99999498aa8883996a763865a46557a8875a762774
277578 1 30 10 10 3 0 0 0 0  aaa99999598aa8883996a766865a45457a8874a763772
278172 1 30 12 5 0 0 0 0 0  aaa99999598aa8884997a773876a63847a8756a624565
278173 1 30 12 5 0 0 1 0 0  aaa99999498aa8884997a774876a63857a8756a653562
278174 1 30 12 5 0 1 0 0 0  aaa99999598aa8883997a773876a62857a8746a655464
278244 1 30 12 7 0 0 0 0 0  aaa99999598aa8884997a773876a63847a8665a274556
278245 1 30 12 7 0 0 1 0 0  aaa99999498aa8884997a774876a63857a8665a573526
278246 1 30 12 7 0 1 0 0 0  aaa99999598aa8883997a773876a62857a8664a575446
278282 1 30 12 8 0 1 0 0 0  aaa99999498aa8883997a777876a63857a8665a552446
278408 1 30 13 0 3 1 0 0 0  aaa99999598aa8884997a744886a73776a8666a555732
278460 1 30 13 2 0 0 0 0 0  aaa99999498aa8883997a773886a62776a8556a645574
278462 1 30 13 2 0 1 0 0 0  aaa99999598aa8883997a773886a62774a8664a555476
278476 1 30 13 2 2 2 0 0 0  aaa99999598aa8885997a775886a66774a8644a635372
278488 1 30 13 2 4 2 0 0 0  aaa99999598aa8885997a775886a36774a8644a665372
278494 1 30 13 2 5 2 0 0 0  aaa99999598aa8885997a775886a35774a8644a666372
278546 1 30 13 4 2 1 0 0 0  aaa99999498aa8883997a773887a52675a8766a644565
278548 1 30 13 4 2 2 0 0 0  aaa99999598aa8885997a775887a45673a8766a644362
278552 1 30 13 4 3 1 0 0 0  aaa99999598aa8884997a773887a63675a8766a644552
278558 1 30 13 4 4 1 0 0 0  aaa99999498aa8883997a773887a52676a8755a644665
278560 1 30 13 4 4 2 0 0 0  aaa99999598aa8885997a775887a45676a8744a633662
278564 1 30 13 4 5 1 0 0 0  aaa99999498aa8883997a773887a52576a8765a644665
278566 1 30 13 4 5 2 0 0 0  aaa99999598aa8885997a775887a45476a8764a633662
278568 1 30 13 5 0 0 0 0 0  aaa99999598aa8884997a773886a63766a8756a545274
278584 1 30 13 5 2 2 0 0 0  aaa99999598aa8885997a775886a66764a8744a635372
278586 1 30 13 5 3 0 0 0 0  aaa99999598aa8883997a773886a66765a8746a545472
278596 1 30 13 5 4 2 0 0 0  aaa99999598aa8885997a775886a36764a8744a665372
278602 1 30 13 5 5 2 0 0 0  aaa99999598aa8885997a775886a35764a8744a666372
278654 1 30 13 7 2 1 0 0 0  aaa99999598aa8884997a773886a73765a8666a744552
278658 1 30 13 7 3 0 0 0 0  aaa99999598aa8884997a773886a73746a8666a754552
278660 1 30 13 7 3 1 0 0 0  aaa99999598aa8884997a773886a73756a8666a755442
278770 1 30 13 10 3 2 0 0 0  aaa99999598aa8885996a665887a35674a8744a777362
278806 1 30 14 0 3 2 0 0 0  aaa99999498aa8883997a753887a58762a7666a744565
278814 1 30 14 0 5 0 0 0 0  aaa99999598aa8883997a763887a68755a7446a765642
278964 1 30 14 5 0 0 0 0 0  aaa99999598aa8884997a773886a68766a3756a545274
279036 1 30 14 7 0 0 0 0 0  aaa99999598aa8884997a773884a78766a3656a724565
279037 1 30 14 7 0 0 1 0 0  aaa99999498aa8884997a774885a78766a3656a753562
279038 1 30 14 7 0 1 0 0 0  aaa99999598aa8883997a773885a78766a2646a755464
279043 1 30 14 7 1 0 1 0 0  aaa99999598aa8884997a774882a78766a6636a755534
279190 1 30 15 0 1 2 0 0 0  aaa99999498aa8877997a573887a67666a3256a588454
279210 1 30 15 0 5 0 0 0 0  aaa99999598aa8877997a674887a47536a5365a688624
279230 1 30 15 1 2 1 0 0 0  aaa99999498aa8853997a773887a44776a2666a588565
279232 1 30 15 1 2 2 0 0 0  aaa99999598aa8845997a775887a35776a2666a488463
279236 1 30 15 1 3 1 0 0 0  aaa99999598aa8864997a773887a44776a3666a588552
279242 1 30 15 1 4 1 0 0 0  aaa99999498aa8853997a773887a44776a6565a688625
279244 1 30 15 1 4 2 0 0 0  aaa99999598aa8845997a775887a35776a6464a688623
279248 1 30 15 1 5 1 0 0 0  aaa99999498aa8853997a773887a44776a2565a688665
279250 1 30 15 1 5 2 0 0 0  aaa99999598aa8845997a775887a35776a2464a688663
279370 1 30 15 5 1 2 0 0 0  aaa99999598aa8835997a775886a66766a5744a488372
279392 1 30 15 5 5 1 0 0 0  aaa99999398aa8863997a772884a64755a5756a488676
279432 1 30 15 7 0 0 0 0 0  aaa99999598aa8874997a773886a63766a2556a788454
279434 1 30 15 7 0 1 0 0 0  aaa99999598aa8875997a774886a63766a3256a788454
279438 1 30 15 7 1 0 0 0 0  aaa99999598aa8874997a773886a66766a3554a788254
279452 1 30 15 7 3 1 0 0 0  aaa99999498aa8873997a773886a66765a2556a788454
279454 1 30 15 7 3 2 0 0 0  aaa99999598aa8875997a775886a66764a5446a788332
279456 1 30 15 7 4 0 0 0 0  aaa99999598aa8874997a773885a45766a3562a788664
279558 1 30 15 10 3 0 0 0 0  aaa99999498aa8863996a766885a53647a4572a788775
279650 1 30 16 2 0 1 0 0 0  aaa99999498aa8873997a877886a63775a2665a484556
279652 1 30 16 2 0 2 0 0 0  aaa99999598aa8875997a877886a65774a5662a484336
279678 1 30 16 2 5 0 0 0 0  aaa99999598aa8874997a877885a45776a3562a683664
279758 1 30 16 5 0 1 0 0 0  aaa99999598aa8874997a877886a63766a3756a582454
279760 1 30 16 5 0 2 0 0 0  aaa99999598aa8875997a877886a65766a5746a484332
279778 1 30 16 5 3 2 0 0 0  aaa99999498aa8873997a877886a66765a3756a582454
279786 1 30 16 5 5 0 0 0 0  aaa99999498aa8873997a877885a53746a4765a685662
279878 1 30 16 8 2 1 0 0 0  aaa99999598aa8864997a863887a44777a7666a583552
279982 1 30 17 0 1 2 0 0 0  aaa99999698aa8883997a753887a52744a7666a758465
279988 1 30 17 0 2 2 0 0 0  aaa99999498aa8883997a753887a44726a7666a758565
279994 1 30 17 0 3 2 0 0 0  aaa99999498aa8883997a753887a44762a7666a758565
280000 1 30 17 0 4 2 0 0 0  aaa99999498aa8883997a753887a44766a7265a758665
280002 1 30 17 0 5 0 0 0 0  aaa99999498aa8883997a763887a62755a7546a768546
280004 1 30 17 0 5 1 0 0 0  aaa99999598aa8885997a763887a63745a7446a768652
280022 1 30 17 1 2 1 0 0 0  aaa99999598aa8884997a773887a44776a3666a258565
280024 1 30 17 1 2 2 0 0 0  aaa99999598aa8885997a775887a45776a2666a448363
280034 1 30 17 1 4 1 0 0 0  aaa99999598aa8884997a773887a44776a6265a658635
280036 1 30 17 1 4 2 0 0 0  aaa99999598aa8885997a775887a45776a6464a638623
280040 1 30 17 1 5 1 0 0 0  aaa99999598aa8884997a773887a44776a3265a658665
280042 1 30 17 1 5 2 0 0 0  aaa99999598aa8885997a775887a45776a2464a638663
280082 1 30 17 3 0 1 0 0 0  aaa99999498aa8883997a777886a63774a4665a528556
280084 1 30 17 3 0 2 0 0 0  aaa99999598aa8885997a777886a65774a5662a448336
280110 1 30 17 3 5 0 0 0 0  aaa99999598aa8884997a777885a45776a2563a638664
280118 1 30 17 4 0 1 0 0 0  aaa99999598aa8883997a773886a62775a7664a448556
280120 1 30 17 4 0 2 0 0 0  aaa99999598aa8885997a775886a65774a7662a448336
280146 1 30 17 4 5 0 0 0 0  aaa99999598aa8884997a772885a45776a7563a638664
280152 1 30 17 5 0 0 0 0 0  aaa99999598aa8883997a773886a62765a6746a448575
280154 1 30 17 5 0 1 0 0 0  aaa99999598aa8885997a773886a63766a2746a448575
280158 1 30 17 5 1 0 0 0 0  aaa99999598aa8883997a773886a66766a2754a448575
280160 1 30 17 5 1 1 0 0 0  aaa99999598aa8883997a773886a66766a2745a448575
280162 1 30 17 5 1 2 0 0 0  aaa99999598aa8885997a775886a66766a5744a438372
280184 1 30 17 5 5 1 0 0 0  aaa99999398aa8883997a772884a64755a5756a468676
280244 1 30 17 7 3 1 0 0 0  aaa99999598aa8884997a773886a73766a6265a758445
280246 1 30 17 7 3 2 0 0 0  aaa99999598aa8885997a775886a75766a6464a738423
280338 1 30 17 10 1 0 0 0 0  aaa99999598aa8884996a766885a45667a2573a738774
280390 1 30 18 0 3 2 0 0 0  aaa99999498aa8888997a753887a53762a7666a744565
280398 1 30 18 0 5 0 0 0 0  aaa99999598aa8888997a763887a63755a7446a765642
280548 1 30 18 5 0 0 0 0 0  aaa99999598aa8888997a774886a63766a3756a545274
280766 1 30 19 0 0 1 0 0 0  aaa99999598aa8884997a873876a67476a4856a673552
280788 1 30 19 0 4 0 0 0 0  aaa99999598aa8883997a873875a57476a6864a675624
280790 1 30 19 0 4 1 0 0 0  aaa99999498aa8883997a873874a57576a6865a674625
280793 1 30 19 0 4 2 1 0 0  aaa99999598aa8885997a875873a47276a6864a673654
280826 1 30 19 1 4 1 0 0 0  aaa99999498aa8883997a877877a53576a6865a644625
280828 1 30 19 1 4 2 0 0 0  aaa99999598aa8885997a877877a45476a6864a635623
280842 1 30 19 2 1 0 0 0 0  aaa99999598aa8884997a877877a63666a3856a545724
280844 1 30 19 2 1 1 0 0 0  aaa99999598aa8884997a877877a63666a3846a555742
280946 1 30 19 5 0 1 0 0 0  aaa99999598aa8884997a877876a63766a3856a572454
280948 1 30 19 5 0 2 0 0 0  aaa99999598aa8885997a877876a65766a5846a474332
280966 1 30 19 5 3 2 0 0 0  aaa99999498aa8883997a877876a66765a3856a572454
280974 1 30 19 5 5 0 0 0 0  aaa99999498aa8883997a877875a53746a4865a675662
281018 1 30 19 7 0 1 0 0 0  aaa99999798aa8884997a877876a63566a3856a572454
281078 1 30 19 8 4 1 0 0 0  aaa99999498aa8883997a853877a77576a6865a644625
281080 1 30 19 8 4 2 0 0 0  aaa99999598aa8885997a845877a77476a6864a635623
281222 1 30 20 1 4 1 0 0 0  aaa99999498aa8888997a773877a53576a6865a644625
281224 1 30 20 1 4 2 0 0 0  aaa99999598aa8888997a775877a45476a6864a635623
281342 1 30 20 5 0 1 0 0 0  aaa99999598aa8888997a774876a63766a3856a744552
281352 1 30 20 5 2 0 0 0 0  aaa99999498aa8888997a773876a66755a3856a745624
281414 1 30 20 7 0 1 0 0 0  aaa99999498aa8888997a773876a63567a6856a572454
281416 1 30 20 7 0 2 0 0 0  aaa99999598aa8888997a775876a65467a6846a475332
281432 1 30 20 7 3 1 0 0 0  aaa99999498aa8888997a773876a66567a3856a572454
282230 1 30 22 7 4 1 0 0 0  aaa99999597aa8774996a763768a44685a3867a888552
282362 1 31 0 0 2 1 0 0 0  aaa99999598aa8774898a747976a73688a3668a562554
282494 1 31 0 4 0 1 0 0 0  aaa99999598aa8777898a664975a63788a3678a655442
282728 1 31 0 10 3 1 0 0 0  aaa99999498aa8753898a744966a63688a2578a756775
282730 1 31 0 10 3 2 0 0 0  aaa99999598aa8745898a735966a65688a2478a746773
282738 1 31 0 10 5 0 0 0 0  aaa99999598aa8764898a763954a65588a3278a764776
282868 1 31 1 3 2 2 0 0 0  aaa99999498aa8853898a753977a77862a8675a644665
283084 1 31 1 9 2 2 0 0 0  aaa99999498aa8853898a666927a57876a8765a773445
283096 1 31 1 9 4 2 0 0 0  aaa99999498aa8844898a656927a57876a8765a773635
283102 1 31 1 9 5 2 0 0 0  aaa99999498aa8853898a644927a57876a8765a773665
283230 1 31 2 2 3 0 0 0 0  aaa99999598aa8874898a777966a63877a3568a546254
283322 1 31 2 5 0 1 0 0 0  aaa99999598aa8874898a777965a63867a3678a545624
283324 1 31 2 5 0 2 0 0 0  aaa99999598aa8875898a777964a65867a5678a433642
283332 1 31 2 5 2 0 0 0 0  aaa99999598aa8874898a777966a63867a3478a654552
283334 1 31 2 5 2 1 0 0 0  aaa99999598aa8874898a777966a63867a3578a655442
283342 1 31 2 5 3 2 0 0 0  aaa99999498aa8873898a777965a66857a3678a545624
283350 1 31 2 5 5 0 0 0 0  aaa99999598aa8874898a777946a54867a3678a663552
283352 1 31 2 5 5 1 0 0 0  aaa99999598aa8874898a777956a55867a3678a663442
283478 1 31 2 9 2 1 0 0 0  aaa99999498aa8853898a666957a57876a3768a772445
283480 1 31 2 9 2 2 0 0 0  aaa99999598aa8845898a666947a47876a5768a775332
283490 1 31 2 9 4 1 0 0 0  aaa99999498aa8844898a656957a57876a3768a773625
283492 1 31 2 9 4 2 0 0 0  aaa99999598aa8845898a636947a47876a5768a775623
283496 1 31 2 9 5 1 0 0 0  aaa99999498aa8853898a644957a57876a3768a772665
283498 1 31 2 9 5 2 0 0 0  aaa99999598aa8845898a635947a47876a5768a772663
283626 1 31 3 2 3 0 0 0 0  aaa99999598aa8874898a777966a63787a3568a546254
283734 1 31 3 5 3 0 0 0 0  aaa99999598aa8874898a777966a63687a3478a654552
283736 1 31 3 5 3 1 0 0 0  aaa99999598aa8874898a777966a63687a3578a655442
283746 1 31 3 5 5 0 0 0 0  aaa99999498aa8873898a777956a53587a2678a666445
283916 1 31 3 10 3 1 0 0 0  aaa99999498aa8853898a744966a63687a2578a756775
283918 1 31 3 10 3 2 0 0 0  aaa99999598aa8845898a735966a65687a2478a746773
283926 1 31 3 10 5 0 0 0 0  aaa99999598aa8864898a763954a65587a3278a764776
283980 1 31 4 1 2 0 0 0 0  aaa99999598aa8864898a783977a73787a2666a455546
284018 1 31 4 2 2 1 0 0 0  aaa99999598aa8854898a683977a73786a7666a752445
284020 1 31 4 2 2 2 0 0 0  aaa99999598aa8845898a685977a75786a7666a744332
284126 1 31 4 5 2 1 0 0 0  aaa99999598aa8854898a683977a73786a2675a667445
284128 1 31 4 5 2 2 0 0 0  aaa99999598aa8845898a685977a75786a2673a667443
284132 1 31 4 5 3 1 0 0 0  aaa99999598aa8864898a683977a73785a2674a667554
284138 1 31 4 5 4 1 0 0 0  aaa99999598aa8844898a686977a74786a3275a657635
284140 1 31 4 5 4 2 0 0 0  aaa99999598aa8845898a686977a75786a5474a637623
284144 1 31 4 5 5 1 0 0 0  aaa99999598aa8844898a684977a73786a3275a657665
284146 1 31 4 5 5 2 0 0 0  aaa99999598aa8845898a685977a75786a2474a637663
284162 1 31 4 6 2 1 0 0 0  aaa99999598aa8854898a683977a77786a3675a662445
284164 1 31 4 6 2 2 0 0 0  aaa99999598aa8845898a685977a77786a5673a662443
284196 1 31 4 7 2 0 0 0 0  aaa99999598aa8874898a683977a73785a5666a744562
284198 1 31 4 7 2 1 0 0 0  aaa99999598aa8875898a684977a73786a3666a755442
284204 1 31 4 7 3 1 0 0 0  aaa99999598aa8874898a683977a73785a2666a746554
284234 1 31 4 8 2 1 0 0 0  aaa99999598aa8854898a683977a77786a3666a752445
284236 1 31 4 8 2 2 0 0 0  aaa99999598aa8845898a685977a77786a5666a744332
284270 1 31 4 9 2 1 0 0 0  aaa99999598aa8854898a683976a57786a3777a662445
284272 1 31 4 9 2 2 0 0 0  aaa99999598aa8845898a685976a37786a5777a662443
284312 1 31 4 10 3 1 0 0 0  aaa99999598aa8844898a784966a63687a3275a756775
284314 1 31 4 10 3 2 0 0 0  aaa99999598aa8845898a785966a65687a2474a736773
284322 1 31 4 10 5 0 0 0 0  aaa99999598aa8864898a783954a65587a3276a764776
284390 1 31 5 1 4 1 0 0 0  aaa99999498aa8853897a787987a73586a6765a644625
284392 1 31 5 1 4 2 0 0 0  aaa99999598aa8845897a787987a75486a6764a635623
284416 1 31 5 2 2 2 0 0 0  aaa99999498aa8853897a787987a53687a2766a644565
284422 1 31 5 2 3 2 0 0 0  aaa99999498aa8853897a787987a53687a6766a652445
284428 1 31 5 2 4 2 0 0 0  aaa99999498aa8853897a787987a53687a2765a644665
284432 1 31 5 2 5 1 0 0 0  aaa99999598aa8864897a787987a63487a4756a563652
284498 1 31 5 4 4 1 0 0 0  aaa99999498aa8853897a787987a44586a6765a673625
284500 1 31 5 4 4 2 0 0 0  aaa99999598aa8845897a787987a35486a6764a675623
284636 1 31 5 8 3 1 0 0 0  aaa99999498aa8863897a783986a66785a7757a644525
285106 1 31 6 10 3 2 0 0 0  aaa99999498aa8853898a744966a63687a8275a756775
285114 1 31 6 10 5 0 0 0 0  aaa99999598aa8864898a763954a65587a8276a764773
285156 1 31 7 1 0 0 0 0 0  aaa99999598aa8883898a777967a63877a2655a446654
285192 1 31 7 2 0 0 0 0 0  aaa99999598aa8883898a777966a73877a2565a465464
285302 1 31 7 5 0 1 0 0 0  aaa99999598aa8884898a777966a73867a3576a545624
285304 1 31 7 5 0 2 0 0 0  aaa99999598aa8885898a777966a75867a5476a433642
285310 1 31 7 5 1 2 0 0 0  aaa99999498aa8883898a777966a76857a3576a545624
285326 1 31 7 5 4 1 0 0 0  aaa99999498aa8883898a777956a76867a3675a652445
285328 1 31 7 5 4 2 0 0 0  aaa99999598aa8885898a777946a76867a5674a645332
285332 1 31 7 5 5 1 0 0 0  aaa99999598aa8884898a777946a74867a3675a663525
285444 1 31 7 9 0 0 0 0 0  aaa99999598aa8884898a663957a67876a6754a773254
285458 1 31 7 9 2 1 0 0 0  aaa99999598aa8884898a666927a57876a3765a773445
285460 1 31 7 9 2 2 0 0 0  aaa99999598aa8885898a666947a47876a5763a775423
285462 1 31 7 9 3 0 0 0 0  aaa99999598aa8884898a666957a67876a3754a773254
285468 1 31 7 9 4 0 0 0 0  aaa99999598aa8883898a655947a57876a6764a773624
285470 1 31 7 9 4 1 0 0 0  aaa99999598aa8885898a646947a57876a3764a773625
285472 1 31 7 9 4 2 0 0 0  aaa99999598aa8885898a646947a47876a5763a775623
285476 1 31 7 9 5 1 0 0 0  aaa99999598aa8884898a644927a57876a3765a773665
285478 1 31 7 9 5 2 0 0 0  aaa99999598aa8885898a645947a47876a5763a772663
285527 1 31 8 0 1 2 1 0 0  aaa99999498aa8877892a787973a74686a6856a563554
285550 1 31 8 0 5 2 0 0 0  aaa99999598aa8877894a787973a75286a5864a635664
285578 1 31 8 1 4 1 0 0 0  aaa99999498aa8853897a787977a44586a6865a673625
285580 1 31 8 1 4 2 0 0 0  aaa99999598aa8845897a787977a35486a6864a675623
285604 1 31 8 2 2 2 0 0 0  aaa99999498aa8853897a787977a53687a2866a644565
285610 1 31 8 2 3 2 0 0 0  aaa99999498aa8853897a787977a53687a6866a652445
285616 1 31 8 2 4 2 0 0 0  aaa99999498aa8853897a787977a53687a2865a644665
285620 1 31 8 2 5 1 0 0 0  aaa99999598aa8864897a787977a63487a4856a563652
285650 1 31 8 3 4 1 0 0 0  aaa99999498aa8853897a783977a77586a6865a644625
285652 1 31 8 3 4 2 0 0 0  aaa99999598aa8845897a785977a77486a6864a635623
285686 1 31 8 4 4 1 0 0 0  aaa99999498aa8853897a787977a73586a6865a644625
285688 1 31 8 4 4 2 0 0 0  aaa99999598aa8845897a787977a75486a6864a635623
285760 1 31 8 6 4 2 0 0 0  aaa99999498aa8853897a686977a77786a3865a652445
285764 1 31 8 6 5 1 0 0 0  aaa99999598aa8854897a683977a77786a3865a644625
285766 1 31 8 6 5 2 0 0 0  aaa99999598aa8845897a685977a77786a5863a644623
285803 1 31 8 7 5 2 1 0 0  aaa99999798aa8865897a787974a65387a5836a464652
285880 1 31 8 10 0 2 0 0 0  aaa99999698aa8866894a785963a65287a5874a735774
285890 1 31 8 10 2 1 0 0 0  aaa99999598aa8854896a783966a63687a2875a744775
285892 1 31 8 10 2 2 0 0 0  aaa99999598aa8845896a785966a65687a2873a744773
286000 1 31 9 2 2 2 0 0 0  aaa99999498aa8853897a787977a53687a2686a656445
286006 1 31 9 2 3 2 0 0 0  aaa99999498aa8853897a787977a53687a6686a652445
286012 1 31 9 2 4 2 0 0 0  aaa99999498aa8853897a787977a53687a2685a666445
286016 1 31 9 2 5 1 0 0 0  aaa99999598aa8864897a787977a63487a4586a565632
286126 1 31 9 5 5 2 0 0 0  aaa99999598aa8865897a787974a65783a5286a764634
286142 1 31 9 6 2 1 0 0 0  aaa99999598aa8854897a683977a77786a3685a662445
286144 1 31 9 6 2 2 0 0 0  aaa99999598aa8845897a685977a77786a5683a662443
286222 1 31 9 8 3 2 0 0 0  aaa99999498aa8853897a683977a77686a6685a752445
286244 1 31 9 9 1 1 0 0 0  aaa99999598aa8854897a783976a66786a3787a652445
286246 1 31 9 9 1 2 0 0 0  aaa99999598aa8845897a785976a66786a5787a644332
286250 1 31 9 9 2 1 0 0 0  aaa99999598aa8864897a783976a66784a4787a555632
286256 1 31 9 9 3 1 0 0 0  aaa99999598aa8864897a783976a66785a3787a644552
286262 1 31 9 9 4 1 0 0 0  aaa99999598aa8854897a783976a53786a2787a666445
286264 1 31 9 9 4 2 0 0 0  aaa99999598aa8845897a785976a35786a2787a666443
286268 1 31 9 9 5 1 0 0 0  aaa99999598aa8864897a783975a63784a4787a565626
286274 1 31 9 10 0 1 0 0 0  aaa99999598aa8874896a683966a73486a4587a575727
286298 1 31 9 10 4 1 0 0 0  aaa99999598aa8874896a683965a73684a4687a575727
286320 1 31 10 0 2 0 0 0 0  aaa99999698aa8886898a775957a75787a2654a636443
286322 1 31 10 0 2 1 0 0 0  aaa99999598aa8884898a773967a73787a2664a566554
286328 1 31 10 0 3 1 0 0 0  aaa99999598aa8884898a773967a76787a3664a562554
286344 1 31 10 1 0 0 0 0 0  aaa99999598aa8884898a777976a63787a3665a455246
286380 1 31 10 2 0 0 0 0 0  aaa99999598aa8883898a777966a73787a2565a465464
286416 1 31 10 3 0 0 0 0 0  aaa99999598aa8884898a663977a77787a3665a455246
286452 1 31 10 4 0 0 0 0 0  aaa99999598aa8884898a777976a63786a3476a654552
286454 1 31 10 4 0 1 0 0 0  aaa99999598aa8884898a777976a63786a3576a655442
286496 1 31 10 5 1 1 0 0 0  aaa99999498aa8883898a777966a76587a3576a545624
286688 1 31 10 10 3 1 0 0 0  aaa99999598aa8884898a744966a63687a3275a756775
286690 1 31 10 10 3 2 0 0 0  aaa99999598aa8885898a745966a65687a2474a736773
286698 1 31 10 10 5 0 0 0 0  aaa99999598aa8884898a763954a65587a3276a764776
286718 1 31 11 0 2 1 0 0 0  aaa99999598aa8888898a774967a73767a3664a562554
287114 1 31 12 0 2 1 0 0 0  aaa99999598aa8884898a778967a73767a3664a562554
287246 1 31 12 4 0 1 0 0 0  aaa99999498aa8883898a668977a73757a7665a552446
287280 1 31 12 5 0 0 0 0 0  aaa99999598aa8884898a668977a73766a3576a547254
287354 1 31 12 7 0 1 0 0 0  aaa99999598aa8884898a678977a73766a3656a744552
287360 1 31 12 7 1 1 0 0 0  aaa99999498aa8883898a578977a73766a6656a744525
287518 1 31 13 0 3 2 0 0 0  aaa99999498aa8883897a758987a53762a7666a744565
287526 1 31 13 0 5 0 0 0 0  aaa99999598aa8883897a768987a63755a7446a765642
287676 1 31 13 5 0 0 0 0 0  aaa99999598aa8884897a778986a63766a3756a545274
287914 1 31 14 0 3 2 0 0 0  aaa99999498aa8883897a753987a58762a7666a744565
287922 1 31 14 0 5 0 0 0 0  aaa99999598aa8883897a763987a68755a7446a765642
288072 1 31 14 5 0 0 0 0 0  aaa99999598aa8884897a773986a68766a3756a545274
288144 1 31 14 7 0 0 0 0 0  aaa99999598aa8884897a773984a78766a3656a724565
288145 1 31 14 7 0 0 1 0 0  aaa99999498aa8884897a774985a78766a3656a753562
288146 1 31 14 7 0 1 0 0 0  aaa99999598aa8883897a773985a78766a2646a755464
288151 1 31 14 7 1 0 1 0 0  aaa99999598aa8884897a774982a78766a6636a755534
288374 1 31 15 2 2 1 0 0 0  aaa99999498aa8863897a773986a66785a7556a782454
288422 1 31 15 3 4 1 0 0 0  aaa99999498aa8853897a777987a44586a6765a683625
288424 1 31 15 3 4 2 0 0 0  aaa99999598aa8845897a777987a35486a6764a685623
288440 1 31 15 4 1 1 0 0 0  aaa99999498aa8863897a773987a44686a6756a587525
288458 1 31 15 4 4 1 0 0 0  aaa99999498aa8853897a773987a44586a6765a687625
288460 1 31 15 4 4 2 0 0 0  aaa99999598aa8845897a775987a35486a6764a687623
288476 1 31 15 5 1 1 0 0 0  aaa99999598aa8844897a774986a66786a3725a683575
288478 1 31 15 5 1 2 0 0 0  aaa99999598aa8845897a775986a66786a5744a682373
288484 1 31 15 5 2 2 0 0 0  aaa99999598aa8865897a775986a66784a5736a484372
288500 1 31 15 5 5 1 0 0 0  aaa99999498aa8863897a773985a62784a4756a585676
288520 1 31 15 6 2 2 0 0 0  aaa99999498aa8863897a777986a66785a3756a582454
288540 1 31 15 7 0 0 0 0 0  aaa99999598aa8874897a773986a63784a4665a782556
288542 1 31 15 7 0 1 0 0 0  aaa99999598aa8875897a773986a63785a5664a782446
288548 1 31 15 7 1 1 0 0 0  aaa99999598aa8874897a773986a66785a3664a782554
288554 1 31 15 7 2 1 0 0 0  aaa99999598aa8874897a773986a66785a3456a784652
288560 1 31 15 7 3 1 0 0 0  aaa99999598aa8874897a773986a66785a3654a782654
288564 1 31 15 7 4 0 0 0 0  aaa99999598aa8874897a773984a55786a3665a784662
288566 1 31 15 7 4 1 0 0 0  aaa99999598aa8874897a773985a55786a3664a782664
288628 1 31 15 9 2 2 0 0 0  aaa99999498aa8863897a567986a66785a3777a582454
288666 1 31 15 10 3 0 0 0 0  aaa99999598aa8864896a766985a45687a3572a783774
288768 1 31 16 2 2 0 0 0 0  aaa99999498aa8863897a773986a66785a7556a745824
288774 1 31 16 2 3 0 0 0 0  aaa99999498aa8863897a773986a66785a7655a744825
288872 1 31 16 5 1 1 0 0 0  aaa99999498aa8853897a773986a66786a2755a644875
288874 1 31 16 5 1 2 0 0 0  aaa99999598aa8845897a775986a66786a5744a633872
288878 1 31 16 5 2 1 0 0 0  aaa99999498aa8863897a773986a66784a4756a555872
288890 1 31 16 5 4 1 0 0 0  aaa99999498aa8853897a773986a44786a2755a666875
288892 1 31 16 5 4 2 0 0 0  aaa99999598aa8845897a775986a35786a2744a666873
288896 1 31 16 5 5 1 0 0 0  aaa99999498aa8863897a773985a62784a4756a565876
289026 1 31 16 9 3 0 0 0 0  aaa99999498aa8863897a557986a66785a3777a644825
289096 1 31 17 0 2 2 0 0 0  aaa99999498aa8883897a753987a52786a7666a744565
289102 1 31 17 0 3 2 0 0 0  aaa99999498aa8883897a753987a52786a7666a756445
289108 1 31 17 0 4 2 0 0 0  aaa99999498aa8883897a753987a52786a7665a744665
289110 1 31 17 0 5 0 0 0 0  aaa99999598aa8884897a763987a63784a7556a765642
289112 1 31 17 0 5 1 0 0 0  aaa99999598aa8884897a763987a63785a7456a764652
289164 1 31 17 2 2 0 0 0 0  aaa99999498aa8883897a773986a66785a7556a745624
289170 1 31 17 2 3 0 0 0 0  aaa99999498aa8883897a773986a66785a7655a744625
289214 1 31 17 3 4 1 0 0 0  aaa99999498aa8883897a777987a53586a6765a644625
289216 1 31 17 3 4 2 0 0 0  aaa99999598aa8885897a777987a45486a6764a635623
289250 1 31 17 4 4 1 0 0 0  aaa99999498aa8883897a773987a44586a6765a657625
289252 1 31 17 4 4 2 0 0 0  aaa99999598aa8885897a775987a45486a6764a637623
289260 1 31 17 5 0 0 0 0 0  aaa99999598aa8884897a773986a63786a2756a644575
289262 1 31 17 5 0 1 0 0 0  aaa99999598aa8885897a773986a63786a2746a655474
289268 1 31 17 5 1 1 0 0 0  aaa99999598aa8884897a773986a66786a3725a644575
289270 1 31 17 5 1 2 0 0 0  aaa99999598aa8885897a775986a66786a5744a642373
289274 1 31 17 5 2 1 0 0 0  aaa99999498aa8883897a773986a66784a4756a555672
289286 1 31 17 5 4 1 0 0 0  aaa99999598aa8884897a773986a44786a3725a666575
289288 1 31 17 5 4 2 0 0 0  aaa99999598aa8885897a775986a45786a2744a666373
289292 1 31 17 5 5 1 0 0 0  aaa99999498aa8883897a773985a62784a4756a565676
289298 1 31 17 6 0 1 0 0 0  aaa99999598aa8884897a777986a63786a3756a644552
289340 1 31 17 7 1 1 0 0 0  aaa99999598aa8884897a773986a76785a3666a744552
289346 1 31 17 7 2 1 0 0 0  aaa99999598aa8884897a773986a73785a2666a746554
289350 1 31 17 7 3 0 0 0 0  aaa99999598aa8884897a773986a73785a5666a744562
289352 1 31 17 7 3 1 0 0 0  aaa99999598aa8885897a774986a73786a3666a755442
289358 1 31 17 7 4 1 0 0 0  aaa99999598aa8884897a773986a73785a2664a766554
289498 1 31 18 0 3 2 0 0 0  aaa99999498aa8888897a753987a53762a7666a744565
289506 1 31 18 0 5 0 0 0 0  aaa99999598aa8888897a763987a63755a7446a765642
289656 1 31 18 5 0 0 0 0 0  aaa99999598aa8888897a774986a63766a3756a545274
289882 1 31 19 0 1 2 0 0 0  aaa99999498aa8883897a753977a52687a7686a644565
289888 1 31 19 0 2 2 0 0 0  aaa99999498aa8883897a753977a52687a7686a656445
289892 1 31 19 0 3 1 0 0 0  aaa99999598aa8884897a763977a53687a7686a652445
289894 1 31 19 0 3 2 0 0 0  aaa99999598aa8885897a765977a45687a7686a644332
289900 1 31 19 0 4 2 0 0 0  aaa99999498aa8883897a753977a52687a7685a666445
289902 1 31 19 0 5 0 0 0 0  aaa99999598aa8884897a763977a63587a7586a465642
289904 1 31 19 0 5 1 0 0 0  aaa99999598aa8885897a764977a63287a7586a465643
289934 1 31 19 1 4 1 0 0 0  aaa99999598aa8884897a773977a44686a3285a657665
289936 1 31 19 1 4 2 0 0 0  aaa99999598aa8885897a775977a45686a2484a637663
289938 1 31 19 1 5 0 0 0 0  aaa99999598aa8884897a773977a63584a5586a267646
289958 1 31 19 2 2 1 0 0 0  aaa99999598aa8884897a773977a53687a2686a656445
289960 1 31 19 2 2 2 0 0 0  aaa99999598aa8885897a775977a45687a2686a636443
289964 1 31 19 2 3 1 0 0 0  aaa99999598aa8884897a773977a53687a6686a652445
289966 1 31 19 2 3 2 0 0 0  aaa99999598aa8885897a775977a45687a6686a644332
289970 1 31 19 2 4 1 0 0 0  aaa99999598aa8884897a773977a53687a2685a666445
289972 1 31 19 2 4 2 0 0 0  aaa99999598aa8885897a775977a45687a2683a666443
289976 1 31 19 2 5 1 0 0 0  aaa99999598aa8884897a773977a63487a4586a565626
290018 1 31 19 4 0 1 0 0 0  aaa99999598aa8883897a773977a57686a2685a446645
290054 1 31 19 5 0 1 0 0 0  aaa99999698aa8885897a773976a63785a2486a746554
290088 1 31 19 6 0 0 0 0 0  aaa99999598aa8884897a777976a63786a3486a654552
290090 1 31 19 6 0 1 0 0 0  aaa99999598aa8884897a777976a63786a3586a655442
290124 1 31 19 7 0 0 0 0 0  aaa99999598aa8884897a773976a63687a2685a474556
290132 1 31 19 7 1 1 0 0 0  aaa99999598aa8884897a773976a66687a3684a572554
290138 1 31 19 7 2 1 0 0 0  aaa99999598aa8884897a773976a66487a4685a673525
290150 1 31 19 7 4 1 0 0 0  aaa99999598aa8884897a773976a63487a4685a676525
290160 1 31 19 8 0 0 0 0 0  aaa99999598aa8884897a777976a63687a3685a455642
290162 1 31 19 8 0 1 0 0 0  aaa99999598aa8884897a777976a63687a3684a555624
290174 1 31 19 8 2 1 0 0 0  aaa99999498aa8883897a777976a66587a3685a652445
290186 1 31 19 8 4 1 0 0 0  aaa99999498aa8883897a777976a56587a3685a662445
290204 1 31 19 9 1 1 0 0 0  aaa99999598aa8884897a753976a66786a3787a652445
290206 1 31 19 9 1 2 0 0 0  aaa99999598aa8885897a745976a66786a5787a644332
290210 1 31 19 9 2 1 0 0 0  aaa99999598aa8884897a763976a66784a4787a555632
290216 1 31 19 9 3 1 0 0 0  aaa99999598aa8884897a763976a66785a3787a644552
290222 1 31 19 9 4 1 0 0 0  aaa99999598aa8884897a753976a53786a2787a666445
290224 1 31 19 9 4 2 0 0 0  aaa99999598aa8885897a745976a35786a2787a666443
290228 1 31 19 9 5 1 0 0 0  aaa99999598aa8884897a763975a63784a4787a565626
290234 1 31 19 10 0 1 0 0 0  aaa99999598aa8884896a673966a73486a4587a575727
290258 1 31 19 10 4 1 0 0 0  aaa99999598aa8884896a673965a73684a4687a575727
290298 1 31 20 0 5 0 0 0 0  aaa99999598aa8888897a764977a63587a7546a265643
290520 1 31 20 7 0 0 0 0 0  aaa99999598aa8888897a774976a63687a3654a575624
290522 1 31 20 7 0 1 0 0 0  aaa99999598aa8888897a774976a63687a3654a572654
291070 1 31 22 0 1 2 0 0 0  aaa99999497aa8753797a666968a53287a7865a888445
291134 1 31 22 2 0 1 0 0 0  aaa99999597aa8774797a663948a64687a3865a888525
291260 1 31 22 5 3 1 0 0 0  aaa99999597aa8774796a663978a44687a3825a888565
291262 1 31 22 5 3 2 0 0 0  aaa99999597aa8775796a665978a45687a2844a888363
291270 1 31 22 5 5 0 0 0 0  aaa99999597aa8774795a465978a63587a3826a888646
291326 1 31 22 7 2 1 0 0 0  aaa99999597aa8774796a663968a44687a3857a888552
291846 1 32 0 10 5 0 0 0 0  aaa99998898aa7685998a698857a45576a4762a773634
291904 1 32 1 1 2 2 0 0 0  aaa99995498aa8853998a698877a73867a7675a644625
291910 1 32 1 1 3 2 0 0 0  aaa99995498aa8853998a698877a73867a7676a652445
291940 1 32 1 2 2 2 0 0 0  aaa99995498aa8844998a798877a73876a3675a662565
291946 1 32 1 2 3 2 0 0 0  aaa99995498aa8853998a798877a73876a2676a656445
291952 1 32 1 2 4 2 0 0 0  aaa99995498aa8853998a798877a73876a2675a666445
291956 1 32 1 2 5 1 0 0 0  aaa99996598aa8864998a798877a73874a4576a565632
292012 1 32 1 4 2 2 0 0 0  aaa99995498aa8853998a798877a73867a2675a644665
292018 1 32 1 4 3 2 0 0 0  aaa99995498aa8853998a798877a73867a6676a652445
292024 1 32 1 4 4 2 0 0 0  aaa99995498aa8853998a798877a73867a6675a662445
292030 1 32 1 4 5 2 0 0 0  aaa99995498aa8853998a798877a73867a2675a666445
292048 1 32 1 5 2 2 0 0 0  aaa99995498aa8853998a698877a57876a3677a662445
292084 1 32 1 6 2 2 0 0 0  aaa99995498aa8853998a698877a77876a3666a752445
292118 1 32 1 7 2 1 0 0 0  aaa99997598aa8854998a698877a73876a3675a662445
292120 1 32 1 7 2 2 0 0 0  aaa99997598aa8845998a698877a75876a5673a662443
292156 1 32 1 8 2 2 0 0 0  aaa99995498aa8853998a698877a77876a3675a662445
292192 1 32 1 9 2 2 0 0 0  aaa99995498aa8853998a698867a57876a3766a772445
292204 1 32 1 9 4 2 0 0 0  aaa99995498aa8844998a698827a57876a6765a773635
292210 1 32 1 9 5 2 0 0 0  aaa99995498aa8844998a698827a57876a3765a773665
292328 1 32 2 2 1 1 0 0 0  aaa99995498aa8853998a795877a73876a6678a662445
292330 1 32 2 2 1 2 0 0 0  aaa99994598aa8835998a795877a75876a6678a662443
292334 1 32 2 2 2 1 0 0 0  aaa99995498aa8844998a795877a73876a3678a662565
292336 1 32 2 2 2 2 0 0 0  aaa99994598aa8835998a795877a75876a4678a662364
292338 1 32 2 2 3 0 0 0 0  aaa99995598aa8854998a795877a73876a3678a662446
292340 1 32 2 2 3 1 0 0 0  aaa99996598aa8855998a795877a74876a3678a663442
292346 1 32 2 2 4 1 0 0 0  aaa99995498aa8853998a795877a73876a2678a666445
292348 1 32 2 2 4 2 0 0 0  aaa99994598aa8835998a795877a75876a2678a666443
292352 1 32 2 2 5 1 0 0 0  aaa99996598aa8864998a793877a73874a4578a565626
292402 1 32 2 4 1 2 0 0 0  aaa99995698aa8854998a793877a73867a6678a652445
292406 1 32 2 4 2 1 0 0 0  aaa99995498aa8853998a795877a73867a2678a644665
292408 1 32 2 4 2 2 0 0 0  aaa99994598aa8835998a795877a75867a2678a644663
292412 1 32 2 4 3 1 0 0 0  aaa99995498aa8853998a795877a73867a6678a644625
292414 1 32 2 4 3 2 0 0 0  aaa99994598aa8835998a795877a75867a6678a644623
292418 1 32 2 4 4 1 0 0 0  aaa99995498aa8853998a795877a73867a6678a662445
292420 1 32 2 4 4 2 0 0 0  aaa99994598aa8835998a795877a75867a6678a662443
292424 1 32 2 4 5 1 0 0 0  aaa99995498aa8853998a795877a73867a2678a666445
292426 1 32 2 4 5 2 0 0 0  aaa99994598aa8835998a795877a75867a2678a666443
292480 1 32 2 6 2 2 0 0 0  aaa99996498aa8863998a593877a77875a2658a766454
292504 1 32 2 7 0 2 0 0 0  aaa99997698aa8866998a594877a73875a3678a562454
292508 1 32 2 7 1 1 0 0 0  aaa99997598aa8844998a696877a74875a3678a663552
292512 1 32 2 7 2 0 0 0 0  aaa99997598aa8855998a694877a73874a4678a663562
292514 1 32 2 7 2 1 0 0 0  aaa99997598aa8855998a695877a74876a3678a663442
292518 1 32 2 7 3 0 0 0 0  aaa99997598aa8855998a694877a73874a4678a663526
292520 1 32 2 7 3 1 0 0 0  aaa99997598aa8865998a694877a73875a5678a663442
292526 1 32 2 7 4 1 0 0 0  aaa99997598aa8844998a694877a73875a3678a666552
292532 1 32 2 7 5 1 0 0 0  aaa99997598aa8844998a694877a73876a3578a655662
292550 1 32 2 8 2 1 0 0 0  aaa99995498aa8853998a695877a77876a3678a662445
292552 1 32 2 8 2 2 0 0 0  aaa99994598aa8835998a695877a77876a5678a662443
292556 1 32 2 8 3 1 0 0 0  aaa99996598aa8844998a694877a77875a3678a663552
292582 1 32 2 9 1 2 0 0 0  aaa99995698aa8854998a696827a57876a3768a773445
292584 1 32 2 9 2 0 0 0 0  aaa99996598aa8864998a693857a47876a3758a772654
292594 1 32 2 9 3 2 0 0 0  aaa99995498aa8853998a696867a57876a3768a772445
292598 1 32 2 9 4 1 0 0 0  aaa99995498aa8844998a696857a57876a3768a773625
292600 1 32 2 9 4 2 0 0 0  aaa99994598aa8835998a696847a47876a5768a775623
292604 1 32 2 9 5 1 0 0 0  aaa99995498aa8844998a693857a57876a3768a772665
292606 1 32 2 9 5 2 0 0 0  aaa99994598aa8835998a695847a47876a5768a772663
292624 1 32 2 10 2 2 0 0 0  aaa99996498aa8863998a593867a66875a2758a777454
292966 1 32 3 8 5 2 0 0 0  aaa99995898aa8854997a693877a77276a8865a644635
293026 1 32 3 10 3 2 0 0 0  aaa99995898aa8854996a793866a63267a8875a744775
293596 1 32 5 4 2 2 0 0 0  aaa99995498aa8853997a797887a44672a8766a683565
293608 1 32 5 4 4 2 0 0 0  aaa99995498aa8853997a797887a44676a8725a683665
293614 1 32 5 4 5 2 0 0 0  aaa99995498aa8853997a797887a44276a8765a683665
293878 1 32 6 1 1 2 0 0 0  aaa99995698aa8844998a794877a73767a8825a663565
293884 1 32 6 1 2 2 0 0 0  aaa99995498aa8844998a793877a73767a8865a662565
293888 1 32 6 1 3 1 0 0 0  aaa99996598aa8854998a793877a73767a8865a662445
293890 1 32 6 1 3 2 0 0 0  aaa99996598aa8845998a795877a75767a8863a662443
293896 1 32 6 1 4 2 0 0 0  aaa99995498aa8853998a793877a72767a8865a666445
293898 1 32 6 1 5 0 0 0 0  aaa99996598aa8864998a793877a73727a8856a565446
293900 1 32 6 1 5 1 0 0 0  aaa99996598aa8864998a793877a73757a8846a565642
293920 1 32 6 2 2 2 0 0 0  aaa99995498aa8853998a693877a72767a8865a667445
293932 1 32 6 2 4 2 0 0 0  aaa99995498aa8844998a696877a73727a8865a657635
293938 1 32 6 2 5 2 0 0 0  aaa99995498aa8844998a693877a73727a8865a657665
293956 1 32 6 3 2 2 0 0 0  aaa99995498aa8853998a693877a77767a8865a662445
293986 1 32 6 4 1 2 0 0 0  aaa99995498aa8853998a793877a72667a8876a656445
293988 1 32 6 4 2 0 0 0 0  aaa99996598aa8864998a793877a73567a8875a662445
293990 1 32 6 4 2 1 0 0 0  aaa99996598aa8865998a793877a73467a8874a662554
293998 1 32 6 4 3 2 0 0 0  aaa99995498aa8844998a793877a73667a8875a662565
294004 1 32 6 4 4 2 0 0 0  aaa99995498aa8853998a793877a72667a8875a666445
294006 1 32 6 4 5 0 0 0 0  aaa99996598aa8864998a793877a73557a8876a465642
294008 1 32 6 4 5 1 0 0 0  aaa99996598aa8865998a794877a73257a8876a465643
294028 1 32 6 5 2 2 0 0 0  aaa99995498aa8844998a693877a73762a8875a667565
294040 1 32 6 5 4 2 0 0 0  aaa99995498aa8844998a696877a73726a8875a657635
294046 1 32 6 5 5 2 0 0 0  aaa99995498aa8844998a693877a73726a8875a657665
294064 1 32 6 6 2 2 0 0 0  aaa99995498aa8844998a693877a77762a8875a663565
294100 1 32 6 7 2 2 0 0 0  aaa99997498aa8863998a593877a72765a8856a766454
294172 1 32 6 9 2 2 0 0 0  aaa99995498aa8853998a693877a44672a8866a777565
294184 1 32 6 9 4 2 0 0 0  aaa99995498aa8853998a696877a44276a8865a777635
294190 1 32 6 9 5 2 0 0 0  aaa99995498aa8853998a693877a44276a8865a777665
294214 1 32 6 10 3 2 0 0 0  aaa99995498aa8844998a793866a63627a8875a756775
294222 1 32 6 10 5 0 0 0 0  aaa99996598aa8864998a793854a65527a8876a764773
294308 1 32 7 2 1 1 0 0 0  aaa99996598aa8884998a793877a73875a2676a646554
294314 1 32 7 2 2 1 0 0 0  aaa99994498aa8885998a794877a73876a3675a662565
294316 1 32 7 2 2 2 0 0 0  aaa99994598aa8885998a795877a75876a4673a662364
294320 1 32 7 2 3 1 0 0 0  aaa99995498aa8885998a793877a73876a2676a656445
294322 1 32 7 2 3 2 0 0 0  aaa99994598aa8885998a795877a75876a2676a636443
294326 1 32 7 2 4 1 0 0 0  aaa99995498aa8885998a793877a73876a2675a666445
294328 1 32 7 2 4 2 0 0 0  aaa99994598aa8885998a795877a75876a2673a666443
294332 1 32 7 2 5 1 0 0 0  aaa99996598aa8884998a793877a73874a4576a565626
294382 1 32 7 4 1 2 0 0 0  aaa99995698aa8884998a793877a73867a6675a652445
294386 1 32 7 4 2 1 0 0 0  aaa99995498aa8885998a793877a73867a2675a644665
294388 1 32 7 4 2 2 0 0 0  aaa99994598aa8885998a795877a75867a2673a644663
294392 1 32 7 4 3 1 0 0 0  aaa99995498aa8885998a793877a73867a6676a652445
294394 1 32 7 4 3 2 0 0 0  aaa99994598aa8885998a795877a75867a6676a644332
294398 1 32 7 4 4 1 0 0 0  aaa99995498aa8885998a793877a73867a6675a662445
294400 1 32 7 4 4 2 0 0 0  aaa99994598aa8885998a795877a75867a6673a662443
294404 1 32 7 4 5 1 0 0 0  aaa99995498aa8885998a793877a73867a2675a666445
294406 1 32 7 4 5 2 0 0 0  aaa99994598aa8885998a795877a75867a2673a666443
294422 1 32 7 5 2 1 0 0 0  aaa99995498aa8885998a693877a57876a3677a662445
294424 1 32 7 5 2 2 0 0 0  aaa99994598aa8885998a695877a37876a5677a662443
294428 1 32 7 5 3 1 0 0 0  aaa99996598aa8884998a693877a47875a3677a662554
294458 1 32 7 6 2 1 0 0 0  aaa99995498aa8885998a693877a77876a3666a752445
294460 1 32 7 6 2 2 0 0 0  aaa99994598aa8885998a695877a77876a5666a744332
294488 1 32 7 7 1 1 0 0 0  aaa99997598aa8884998a696877a73875a3674a662554
294492 1 32 7 7 2 0 0 0 0  aaa99997598aa8884998a693877a73875a5674a662564
294494 1 32 7 7 2 1 0 0 0  aaa99997598aa8885998a694877a73876a3674a662554
294500 1 32 7 7 3 1 0 0 0  aaa99997598aa8884998a693877a73875a2676a646554
294506 1 32 7 7 4 1 0 0 0  aaa99997598aa8884998a693877a73875a2674a666554
294530 1 32 7 8 2 1 0 0 0  aaa99995498aa8885998a693877a77876a3675a662445
294532 1 32 7 8 2 2 0 0 0  aaa99994598aa8885998a695877a77876a5673a662443
294566 1 32 7 9 2 1 0 0 0  aaa99995498aa8885998a693867a57876a3766a772445
294568 1 32 7 9 2 2 0 0 0  aaa99994598aa8885998a695867a37876a5766a772443
294572 1 32 7 9 3 1 0 0 0  aaa99996598aa8884998a693867a47875a3766a772554
294578 1 32 7 9 4 1 0 0 0  aaa99994498aa8885998a696827a57876a4765a773635
294580 1 32 7 9 4 2 0 0 0  aaa99994598aa8885998a696847a47876a5763a775623
294584 1 32 7 9 5 1 0 0 0  aaa99994498aa8885998a694827a57876a3765a773665
294586 1 32 7 9 5 2 0 0 0  aaa99994598aa8885998a695847a47876a5763a772663
294635 1 32 8 0 1 2 1 0 0  aaa99997798aa8864992a797873a74666a8856a583554
294676 1 32 8 1 2 2 0 0 0  aaa99995498aa8853997a797877a44672a8866a683565
294688 1 32 8 1 4 2 0 0 0  aaa99995498aa8853997a797877a44676a8825a683665
294694 1 32 8 1 5 2 0 0 0  aaa99995498aa8853997a797877a44276a8865a683665
294759 1 32 8 3 4 1 1 0 0  aaa99995598aa8854997a794877a77266a8865a383664
294795 1 32 8 4 4 1 1 0 0  aaa99995598aa8854997a797877a74266a8865a383664
294940 1 32 8 8 4 2 0 0 0  aaa99995498aa8853997a696877a77276a8865a683445
294944 1 32 8 8 5 1 0 0 0  aaa99995498aa8844997a693877a77576a8865a683625
294946 1 32 8 8 5 2 0 0 0  aaa99994598aa8835997a695877a77476a8864a685623
295004 1 32 8 10 3 1 0 0 0  aaa99995498aa8844996a793866a63567a8875a782775
295006 1 32 8 10 3 2 0 0 0  aaa99994598aa8835996a795866a65467a8874a782773
295108 1 32 9 2 2 2 0 0 0  aaa99995498aa8853997a897877a73672a8866a644565
295120 1 32 9 2 4 2 0 0 0  aaa99995498aa8853997a897877a73676a8825a644665
295126 1 32 9 2 5 2 0 0 0  aaa99995498aa8853997a897877a73276a8865a644665
295163 1 32 9 3 5 2 1 0 0  aaa99996598aa8865993a895877a77747a8836a464652
295168 1 32 9 4 0 2 0 0 0  aaa99996698aa8856996a893877a73447a8876a452575
295210 1 32 9 5 1 2 0 0 0  aaa99995498aa8853997a893877a72766a8865a766445
295228 1 32 9 5 4 2 0 0 0  aaa99995498aa8853997a893877a72766a8865a744665
295230 1 32 9 5 5 0 0 0 0  aaa99996598aa8864997a893877a73755a8846a765642
295232 1 32 9 5 5 1 0 0 0  aaa99996598aa8864997a893877a73745a8856a764652
295252 1 32 9 6 2 2 0 0 0  aaa99995498aa8844997a893877a77762a8865a663565
295286 1 32 9 7 2 1 0 0 0  aaa99997498aa8853997a893877a72675a8866a644565
295288 1 32 9 7 2 2 0 0 0  aaa99997598aa8845997a895877a75673a8866a644362
295292 1 32 9 7 3 1 0 0 0  aaa99997598aa8864997a893877a73675a8866a644552
295298 1 32 9 7 4 1 0 0 0  aaa99997498aa8853997a893877a72676a8855a644665
295300 1 32 9 7 4 2 0 0 0  aaa99997598aa8845997a895877a75676a8844a633662
295304 1 32 9 7 5 1 0 0 0  aaa99997498aa8853997a893877a72576a8865a644665
295306 1 32 9 7 5 2 0 0 0  aaa99997598aa8845997a895877a75476a8864a633662
295324 1 32 9 8 2 2 0 0 0  aaa99995498aa8853997a893877a77672a8866a644565
295336 1 32 9 8 4 2 0 0 0  aaa99995498aa8853997a893877a77676a8825a644665
295342 1 32 9 8 5 2 0 0 0  aaa99995498aa8853997a893877a77276a8865a644665
295391 1 32 9 10 1 2 1 0 0  aaa99997598aa8875993a895866a76646a8837a474752
295400 1 32 9 10 3 1 0 0 0  aaa99997598aa8874996a893866a76265a8857a474753
295402 1 32 9 10 3 2 0 0 0  aaa99997598aa8875996a895866a76464a8837a475732
295468 1 32 10 1 2 2 0 0 0  aaa99995498aa8883997a797877a53672a8866a644565
295480 1 32 10 1 4 2 0 0 0  aaa99995498aa8883997a797877a53676a8825a644665
295486 1 32 10 1 5 2 0 0 0  aaa99995498aa8883997a797877a53276a8865a644665
295692 1 32 10 7 4 0 0 0 0  aaa99995798aa8884997a797876a46567a8852a663534
295732 1 32 10 8 4 2 0 0 0  aaa99995498aa8883997a696877a77276a8865a653445
295736 1 32 10 8 5 1 0 0 0  aaa99995498aa8883997a693877a77576a8865a644625
295738 1 32 10 8 5 2 0 0 0  aaa99994598aa8885997a695877a77476a8864a635623
295796 1 32 10 10 3 1 0 0 0  aaa99995498aa8883996a793866a62567a8875a744775
295798 1 32 10 10 3 2 0 0 0  aaa99994598aa8885996a795866a65467a8874a733772
295813 1 32 11 0 0 0 1 0 0  aaa99997798aa8888995a797876a76866a4533a524546
296764 1 32 13 4 2 2 0 0 0  aaa99995498aa8883997a797887a53672a8766a644565
296776 1 32 13 4 4 2 0 0 0  aaa99995498aa8883997a797887a53676a8725a644665
296782 1 32 13 4 5 2 0 0 0  aaa99995498aa8883997a797887a53276a8765a644665
297108 1 32 14 3 0 0 0 0 0  aaa99997598aa8884996a693886a48777a7657a525634
297172 1 32 14 4 4 2 0 0 0  aaa99995498aa8883997a797887a58276a6765a644635
297406 1 32 15 0 1 2 0 0 0  aaa99997798aa8864997a597887a73666a3256a588454
297448 1 32 15 1 2 2 0 0 0  aaa99995498aa8853997a797887a44776a3666a288565
297460 1 32 15 1 4 2 0 0 0  aaa99995498aa8853997a797887a44776a6265a688635
297466 1 32 15 1 5 2 0 0 0  aaa99995498aa8853997a797887a44776a3265a688665
297568 1 32 15 4 4 2 0 0 0  aaa99995498aa8853997a797887a44276a6765a688635
297700 1 32 15 8 2 2 0 0 0  aaa99995498aa8853997a693887a44777a7666a288565
297712 1 32 15 8 4 2 0 0 0  aaa99995498aa8853997a696887a44777a7265a688635
297718 1 32 15 8 5 2 0 0 0  aaa99995498aa8853997a693887a44777a7265a688665
297920 1 32 16 3 3 1 0 0 0  aaa99997498aa8863995a893886a66777a7657a582454
297980 1 32 16 5 1 1 0 0 0  aaa99997498aa8863995a893887a77676a6756a582454
298094 1 32 16 8 2 1 0 0 0  aaa99996598aa8864997a893887a44777a7666a583552
298198 1 32 17 0 1 2 0 0 0  aaa99997798aa8883997a597887a73666a2456a548456
298200 1 32 17 0 2 0 0 0 0  aaa99997798aa8885997a497887a73662a6566a548453
298240 1 32 17 1 2 2 0 0 0  aaa99995498aa8883997a797887a44776a3666a258565
298252 1 32 17 1 4 2 0 0 0  aaa99995498aa8883997a797887a44776a6265a658635
298258 1 32 17 1 5 2 0 0 0  aaa99995498aa8883997a797887a44776a3265a658665
298360 1 32 17 4 4 2 0 0 0  aaa99995498aa8883997a797887a44276a6765a658635
298492 1 32 17 8 2 2 0 0 0  aaa99995498aa8883997a693887a44777a7666a258565
298504 1 32 17 8 4 2 0 0 0  aaa99995498aa8883997a696887a44777a7265a658635
298510 1 32 17 8 5 2 0 0 0  aaa99995498aa8883997a693887a44777a7265a658665
298756 1 32 18 4 4 2 0 0 0  aaa99995498aa8888997a797887a53276a6765a644635
299078 1 32 19 2 4 1 0 0 0  aaa99995498aa8883997a897877a73576a6865a644625
299080 1 32 19 2 4 2 0 0 0  aaa99994598aa8885997a897877a75476a6864a635623
299174 1 32 19 5 2 1 0 0 0  aaa99995498aa8885997a893877a73766a6865a744625
299176 1 32 19 5 2 2 0 0 0  aaa99994598aa8885997a895877a75766a6863a744623
299180 1 32 19 5 3 1 0 0 0  aaa99995498aa8885997a893877a73766a6865a762445
299182 1 32 19 5 3 2 0 0 0  aaa99994598aa8885997a895877a75766a6863a762443
299186 1 32 19 5 4 1 0 0 0  aaa99995498aa8885997a893877a73766a2865a744665
299188 1 32 19 5 4 2 0 0 0  aaa99994598aa8885997a895877a75766a2863a744663
299190 1 32 19 5 5 0 0 0 0  aaa99996598aa8884997a893877a73745a5856a764626
299192 1 32 19 5 5 1 0 0 0  aaa99996598aa8884997a893877a73755a5846a762646
299234 1 32 19 7 0 1 0 0 0  aaa99997598aa8884997a893877a73676a2856a644556
299240 1 32 19 7 1 1 0 0 0  aaa99997598aa8884997a893877a73676a6856a562454
299242 1 32 19 7 1 2 0 0 0  aaa99997598aa8885997a895877a75676a6846a464332
299244 1 32 19 7 2 0 0 0 0  aaa99997598aa8884997a893877a73676a6845a655642
299246 1 32 19 7 2 1 0 0 0  aaa99997598aa8884997a893877a73676a6845a652645
299252 1 32 19 7 3 1 0 0 0  aaa99997598aa8884997a893877a73676a6856a644552
299256 1 32 19 7 4 0 0 0 0  aaa99997598aa8884997a893877a73576a6865a644625
299258 1 32 19 7 4 1 0 0 0  aaa99997598aa8885997a893877a73476a6864a655624
299264 1 32 19 7 5 1 0 0 0  aaa99997598aa8884997a893877a73476a4865a652665
299294 1 32 19 8 4 1 0 0 0  aaa99995498aa8883997a893877a77576a6865a644625
299296 1 32 19 8 4 2 0 0 0  aaa99994598aa8885997a895877a77476a6864a635623
299377 1 32 20 0 0 0 1 0 0  aaa99997798aa8888992a797876a76665a5854a345364
299440 1 32 20 1 4 2 0 0 0  aaa99995498aa8888997a797877a53276a6865a644635
300000 0 32 21 6 2 0 0 0 0  aaa99995598aa6866997a495888a88777a7637a652434
300438 1 32 22 7 3 0 0 0 0  aaa99997597aa8774996a792768a66584a5853a888643
300452 1 32 22 7 5 1 0 0 0  aaa99997597aa8774996a793768a44685a3866a888552
300635 1 33 0 1 5 2 1 0 0  aaa99998898aa7787298a698978a54776a4365a653645
300743 1 33 0 4 5 2 1 0 0  aaa99998898aa7787298a698978a54736a4765a653645
300817 1 33 0 7 0 0 1 0 0  aaa99998898aa7787298a798968a67676a3545a563445
300955 1 33 0 10 5 0 1 0 0  aaa99998898aa7684398a698958a53576a4762a777645
301012 1 33 1 1 2 2 0 0 0  aaa99995498aa8853898a797977a73862a8675a644665
301048 1 33 1 2 2 2 0 0 0  aaa99995498aa8844898a793977a73876a8675a662565
301054 1 33 1 2 3 2 0 0 0  aaa99995498aa8853898a793977a72876a8676a656445
301060 1 33 1 2 4 2 0 0 0  aaa99995498aa8853898a793977a72876a8675a666445
301062 1 33 1 2 5 0 0 0 0  aaa99996598aa8864898a793977a73875a8276a565446
301064 1 33 1 2 5 1 0 0 0  aaa99996598aa8864898a793977a73874a8576a565642
301084 1 33 1 3 2 2 0 0 0  aaa99995498aa8853898a793977a77862a8675a644665
301112 1 33 1 4 1 1 0 0 0  aaa99996598aa8854898a793977a73867a8676a652445
301114 1 33 1 4 1 2 0 0 0  aaa99996598aa8845898a795977a75867a8676a644332
301120 1 33 1 4 2 2 0 0 0  aaa99995498aa8853898a793977a72867a8675a644665
301126 1 33 1 4 3 2 0 0 0  aaa99995498aa8853898a793977a72867a8676a644565
301132 1 33 1 4 4 2 0 0 0  aaa99995498aa8853898a793977a72867a8676a656445
301138 1 33 1 4 5 2 0 0 0  aaa99995498aa8853898a793977a72867a8675a666445
301156 1 33 1 5 2 2 0 0 0  aaa99995498aa8853898a693977a57876a8677a662445
301192 1 33 1 6 2 2 0 0 0  aaa99995498aa8853898a693977a77876a8666a752445
301226 1 33 1 7 2 1 0 0 0  aaa99997598aa8854898a693977a73876a8675a662445
301228 1 33 1 7 2 2 0 0 0  aaa99997598aa8845898a695977a75876a8673a662443
301264 1 33 1 8 2 2 0 0 0  aaa99995498aa8853898a693977a77876a8675a662445
301300 1 33 1 9 2 2 0 0 0  aaa99995498aa8853898a693967a57876a8766a772445
301312 1 33 1 9 4 2 0 0 0  aaa99995498aa8844898a696927a57876a8765a773635
301318 1 33 1 9 5 2 0 0 0  aaa99995498aa8844898a693927a57876a8765a773665
301436 1 33 2 2 1 1 0 0 0  aaa99995498aa8853898a795977a73876a6678a662445
301438 1 33 2 2 1 2 0 0 0  aaa99994598aa8835898a795977a75876a6678a662443
301442 1 33 2 2 2 1 0 0 0  aaa99995498aa8844898a795977a73876a3678a662565
301444 1 33 2 2 2 2 0 0 0  aaa99994598aa8835898a795977a75876a4678a662364
301446 1 33 2 2 3 0 0 0 0  aaa99995598aa8854898a795977a73876a3678a662446
301448 1 33 2 2 3 1 0 0 0  aaa99996598aa8855898a795977a74876a3678a663442
301454 1 33 2 2 4 1 0 0 0  aaa99995498aa8853898a795977a73876a2678a666445
301456 1 33 2 2 4 2 0 0 0  aaa99994598aa8835898a795977a75876a2678a666443
301460 1 33 2 2 5 1 0 0 0  aaa99996598aa8864898a793977a73874a4578a565626
301510 1 33 2 4 1 2 0 0 0  aaa99995698aa8854898a793977a73867a6678a652445
301514 1 33 2 4 2 1 0 0 0  aaa99995498aa8853898a795977a73867a2678a644665
301516 1 33 2 4 2 2 0 0 0  aaa99994598aa8835898a795977a75867a2678a644663
301520 1 33 2 4 3 1 0 0 0  aaa99995498aa8853898a795977a73867a6678a644625
301522 1 33 2 4 3 2 0 0 0  aaa99994598aa8835898a795977a75867a6678a644623
301526 1 33 2 4 4 1 0 0 0  aaa99995498aa8853898a795977a73867a6678a662445
301528 1 33 2 4 4 2 0 0 0  aaa99994598aa8835898a795977a75867a6678a662443
301532 1 33 2 4 5 1 0 0 0  aaa99995498aa8853898a795977a73867a2678a666445
301534 1 33 2 4 5 2 0 0 0  aaa99994598aa8835898a795977a75867a2678a666443
301588 1 33 2 6 2 2 0 0 0  aaa99996498aa8863898a593977a77875a2658a766454
301612 1 33 2 7 0 2 0 0 0  aaa99997698aa8866898a594977a73875a3678a562454
301616 1 33 2 7 1 1 0 0 0  aaa99997598aa8844898a696977a74875a3678a663552
301620 1 33 2 7 2 0 0 0 0  aaa99997598aa8855898a694977a73874a4678a663562
301622 1 33 2 7 2 1 0 0 0  aaa99997598aa8855898a695977a74876a3678a663442
301626 1 33 2 7 3 0 0 0 0  aaa99997598aa8855898a694977a73874a4678a663526
301628 1 33 2 7 3 1 0 0 0  aaa99997598aa8865898a694977a73875a5678a663442
301634 1 33 2 7 4 1 0 0 0  aaa99997598aa8844898a694977a73875a3678a666552
301640 1 33 2 7 5 1 0 0 0  aaa99997598aa8844898a694977a73876a3578a655662
301658 1 33 2 8 2 1 0 0 0  aaa99995498aa8853898a695977a77876a3678a662445
301660 1 33 2 8 2 2 0 0 0  aaa99994598aa8835898a695977a77876a5678a662443
301664 1 33 2 8 3 1 0 0 0  aaa99996598aa8844898a694977a77875a3678a663552
301690 1 33 2 9 1 2 0 0 0  aaa99995698aa8854898a696927a57876a3768a773445
301692 1 33 2 9 2 0 0 0 0  aaa99996598aa8864898a693957a47876a3758a772654
301702 1 33 2 9 3 2 0 0 0  aaa99995498aa8853898a696967a57876a3768a772445
301706 1 33 2 9 4 1 0 0 0  aaa99995498aa8844898a696957a57876a3768a773625
301708 1 33 2 9 4 2 0 0 0  aaa99994598aa8835898a696947a47876a5768a775623
301712 1 33 2 9 5 1 0 0 0  aaa99995498aa8844898a693957a57876a3768a772665
301714 1 33 2 9 5 2 0 0 0  aaa99994598aa8835898a695947a47876a5768a772663
301732 1 33 2 10 2 2 0 0 0  aaa99996498aa8863898a593967a66875a2758a777454
301757 1 33 3 0 0 2 1 0 0  aaa99997798aa8866898a797973a76285a4658a563544
301796 1 33 3 1 1 1 0 0 0  aaa99995698aa8844898a794977a73787a3658a662565
301798 1 33 3 1 1 2 0 0 0  aaa99994698aa8835898a795977a75787a5648a662463
301800 1 33 3 1 2 0 0 0 0  aaa99996598aa8855898a794977a73787a3648a662546
301802 1 33 3 1 2 1 0 0 0  aaa99996598aa8865898a794977a73787a3658a662454
301808 1 33 3 1 3 1 0 0 0  aaa99996598aa8844898a794977a73787a3668a566552
301814 1 33 3 1 4 1 0 0 0  aaa99996598aa8844898a794977a73787a3658a666552
301840 1 33 3 2 2 2 0 0 0  aaa99996498aa8863898a593977a72785a7658a766454
301874 1 33 3 3 2 1 0 0 0  aaa99995498aa8844898a693977a77787a3658a662565
301876 1 33 3 3 2 2 0 0 0  aaa99994598aa8835898a695977a77787a5648a662463
301910 1 33 3 4 2 1 0 0 0  aaa99995498aa8844898a693977a73787a7658a662565
301912 1 33 3 4 2 2 0 0 0  aaa99994598aa8835898a695977a75787a7648a662463
301946 1 33 3 5 2 1 0 0 0  aaa99995498aa8853898a695977a73786a2678a667445
301948 1 33 3 5 2 2 0 0 0  aaa99994598aa8835898a695977a75786a2678a667443
301952 1 33 3 5 3 1 0 0 0  aaa99996598aa8844898a694977a73785a3678a667552
301958 1 33 3 5 4 1 0 0 0  aaa99995498aa8844898a696977a73786a3578a657625
301960 1 33 3 5 4 2 0 0 0  aaa99994598aa8835898a696977a75786a5478a647623
301964 1 33 3 5 5 1 0 0 0  aaa99995498aa8844898a693977a73786a2578a657665
301966 1 33 3 5 5 2 0 0 0  aaa99994598aa8835898a695977a75786a2478a647663
301982 1 33 3 6 2 1 0 0 0  aaa99995498aa8853898a695977a77786a3678a662445
301984 1 33 3 6 2 2 0 0 0  aaa99994598aa8835898a695977a77786a5678a662443
301988 1 33 3 6 3 1 0 0 0  aaa99996598aa8844898a694977a77785a3678a663552
302008 1 33 3 7 0 2 0 0 0  aaa99997698aa8866898a594977a73785a3658a762454
302012 1 33 3 7 1 1 0 0 0  aaa99997598aa8844898a694977a73785a3668a766552
302018 1 33 3 7 2 1 0 0 0  aaa99997598aa8864898a593977a73784a4658a766652
302020 1 33 3 7 2 2 0 0 0  aaa99997598aa8865898a495977a75784a4638a766632
302024 1 33 3 7 3 1 0 0 0  aaa99997598aa8864898a593977a73785a2668a766454
302026 1 33 3 7 3 2 0 0 0  aaa99997598aa8865898a495977a75784a4668a766332
302030 1 33 3 7 4 1 0 0 0  aaa99997598aa8844898a696977a74786a3568a755632
302036 1 33 3 7 5 1 0 0 0  aaa99997598aa8844898a694977a73786a3568a755662
302056 1 33 3 8 2 2 0 0 0  aaa99996498aa8863898a593977a77785a2658a766454
302092 1 33 3 9 2 2 0 0 0  aaa99996498aa8863898a593967a66785a2758a777454
302132 1 33 3 10 3 1 0 0 0  aaa99995498aa8844898a793966a63687a2578a756775
302134 1 33 3 10 3 2 0 0 0  aaa99994598aa8835898a795966a65687a2478a746773
302142 1 33 3 10 5 0 0 0 0  aaa99996598aa8864898a793954a65587a3278a764776
302236 1 33 4 2 2 2 0 0 0  aaa99995498aa8853898a698977a73786a7666a752445
302248 1 33 4 2 4 2 0 0 0  aaa99995498aa8853898a698977a73786a7665a744625
302344 1 33 4 5 2 2 0 0 0  aaa99995498aa8853898a698977a73786a2675a667445
302356 1 33 4 5 4 2 0 0 0  aaa99995498aa8844898a698977a73786a6275a657635
302362 1 33 4 5 5 2 0 0 0  aaa99995498aa8844898a698977a73786a3275a657665
302380 1 33 4 6 2 2 0 0 0  aaa99995498aa8853898a698977a77786a3675a662445
302414 1 33 4 7 2 1 0 0 0  aaa99997598aa8854898a698977a73786a3666a752445
302416 1 33 4 7 2 2 0 0 0  aaa99997598aa8845898a698977a75786a5666a744332
302452 1 33 4 8 2 2 0 0 0  aaa99995498aa8853898a698977a77786a3666a752445
302488 1 33 4 9 2 2 0 0 0  aaa99995498aa8853898a698976a57786a3777a662445
302530 1 33 4 10 3 2 0 0 0  aaa99995498aa8844898a798966a63687a3275a756775
302538 1 33 4 10 5 0 0 0 0  aaa99996598aa8864898a798954a65587a3276a764773
302608 1 33 5 1 4 2 0 0 0  aaa99995498aa8853897a798987a77286a6765a644635
302644 1 33 5 2 4 2 0 0 0  aaa99997498aa8853897a698987a77286a6765a653445
302662 1 33 5 3 1 2 0 0 0  aaa99995498aa8853897a798986a66786a3727a644575
302680 1 33 5 3 4 2 0 0 0  aaa99995498aa8853897a798986a44786a3727a666575
302684 1 33 5 3 5 1 0 0 0  aaa99996498aa8863897a798985a63784a4757a565672
302722 1 33 5 4 5 2 0 0 0  aaa99995498aa8853897a698987a77786a3765a644625
303028 1 33 6 2 2 2 0 0 0  aaa99995498aa8844898a693977a73787a8666a257565
303040 1 33 6 2 4 2 0 0 0  aaa99995498aa8844898a696977a73787a8265a657635
303046 1 33 6 2 5 2 0 0 0  aaa99995498aa8844898a693977a73787a8265a657665
303094 1 33 6 4 1 2 0 0 0  aaa99995498aa8853898a793977a72687a8676a644565
303100 1 33 6 4 2 2 0 0 0  aaa99995498aa8853898a793977a72687a8676a656445
303104 1 33 6 4 3 1 0 0 0  aaa99996598aa8854898a793977a73687a8676a652445
303106 1 33 6 4 3 2 0 0 0  aaa99996598aa8845898a795977a75687a8676a644332
303112 1 33 6 4 4 2 0 0 0  aaa99995498aa8853898a793977a72687a8675a666445
303114 1 33 6 4 5 0 0 0 0  aaa99996598aa8864898a793977a73587a8576a465642
303116 1 33 6 4 5 1 0 0 0  aaa99996598aa8865898a794977a73287a8576a465643
303136 1 33 6 5 2 2 0 0 0  aaa99995498aa8853898a693977a72786a8675a667445
303148 1 33 6 5 4 2 0 0 0  aaa99995498aa8844898a696977a73786a8275a657635
303154 1 33 6 5 5 2 0 0 0  aaa99995498aa8844898a693977a73786a8275a657665
303172 1 33 6 6 2 2 0 0 0  aaa99995498aa8853898a693977a77786a8675a662445
303206 1 33 6 7 2 1 0 0 0  aaa99997598aa8854898a693977a73786a8666a752445
303208 1 33 6 7 2 2 0 0 0  aaa99997598aa8845898a695977a75786a8666a744332
303244 1 33 6 8 2 2 0 0 0  aaa99995498aa8853898a693977a77786a8666a752445
303280 1 33 6 9 2 2 0 0 0  aaa99995498aa8853898a693976a57786a8777a662445
303322 1 33 6 10 3 2 0 0 0  aaa99995498aa8844898a793966a63687a8275a756775
303330 1 33 6 10 5 0 0 0 0  aaa99996598aa8864898a793954a65587a8276a764773
303416 1 33 7 2 1 1 0 0 0  aaa99996598aa8884898a793977a73875a2676a646554
303422 1 33 7 2 2 1 0 0 0  aaa99994498aa8885898a794977a73876a3675a662565
303424 1 33 7 2 2 2 0 0 0  aaa99994598aa8885898a795977a75876a4673a662364
303428 1 33 7 2 3 1 0 0 0  aaa99995498aa8885898a793977a73876a2676a656445
303430 1 33 7 2 3 2 0 0 0  aaa99994598aa8885898a795977a75876a2676a636443
303434 1 33 7 2 4 1 0 0 0  aaa99995498aa8885898a793977a73876a2675a666445
303436 1 33 7 2 4 2 0 0 0  aaa99994598aa8885898a795977a75876a2673a666443
303440 1 33 7 2 5 1 0 0 0  aaa99996598aa8884898a793977a73874a4576a565626
303490 1 33 7 4 1 2 0 0 0  aaa99995698aa8884898a793977a73867a6675a652445
303494 1 33 7 4 2 1 0 0 0  aaa99995498aa8885898a793977a73867a2675a644665
303496 1 33 7 4 2 2 0 0 0  aaa99994598aa8885898a795977a75867a2673a644663
303500 1 33 7 4 3 1 0 0 0  aaa99995498aa8885898a793977a73867a6676a652445
303502 1 33 7 4 3 2 0 0 0  aaa99994598aa8885898a795977a75867a6676a644332
303506 1 33 7 4 4 1 0 0 0  aaa99995498aa8885898a793977a73867a6675a662445
303508 1 33 7 4 4 2 0 0 0  aaa99994598aa8885898a795977a75867a6673a662443
303512 1 33 7 4 5 1 0 0 0  aaa99995498aa8885898a793977a73867a2675a666445
303514 1 33 7 4 5 2 0 0 0  aaa99994598aa8885898a795977a75867a2673a666443
303530 1 33 7 5 2 1 0 0 0  aaa99995498aa8885898a693977a57876a3677a662445
303532 1 33 7 5 2 2 0 0 0  aaa99994598aa8885898a695977a37876a5677a662443
303536 1 33 7 5 3 1 0 0 0  aaa99996598aa8884898a693977a47875a3677a662554
303566 1 33 7 6 2 1 0 0 0  aaa99995498aa8885898a693977a77876a3666a752445
303568 1 33 7 6 2 2 0 0 0  aaa99994598aa8885898a695977a77876a5666a744332
303596 1 33 7 7 1 1 0 0 0  aaa99997598aa8884898a696977a73875a3674a662554
303600 1 33 7 7 2 0 0 0 0  aaa99997598aa8884898a693977a73875a5674a662564
303602 1 33 7 7 2 1 0 0 0  aaa99997598aa8885898a694977a73876a3674a662554
303608 1 33 7 7 3 1 0 0 0  aaa99997598aa8884898a693977a73875a2676a646554
303614 1 33 7 7 4 1 0 0 0  aaa99997598aa8884898a693977a73875a2674a666554
303638 1 33 7 8 2 1 0 0 0  aaa99995498aa8885898a693977a77876a3675a662445
303640 1 33 7 8 2 2 0 0 0  aaa99994598aa8885898a695977a77876a5673a662443
303674 1 33 7 9 2 1 0 0 0  aaa99995498aa8885898a693967a57876a3766a772445
303676 1 33 7 9 2 2 0 0 0  aaa99994598aa8885898a695967a37876a5766a772443
303680 1 33 7 9 3 1 0 0 0  aaa99996598aa8884898a693967a47875a3766a772554
303686 1 33 7 9 4 1 0 0 0  aaa99994498aa8885898a696927a57876a4765a773635
303688 1 33 7 9 4 2 0 0 0  aaa99994598aa8885898a696947a47876a5763a775623
303692 1 33 7 9 5 1 0 0 0  aaa99994498aa8885898a694927a57876a3765a773665
303694 1 33 7 9 5 2 0 0 0  aaa99994598aa8885898a695947a47876a5763a772663
303784 1 33 8 1 2 2 0 0 0  aaa99995498aa8853897a798977a73687a2866a644565
303790 1 33 8 1 3 2 0 0 0  aaa99995498aa8853897a798977a73687a6866a652445
303796 1 33 8 1 4 2 0 0 0  aaa99995498aa8853897a798977a73687a2865a644665
303800 1 33 8 1 5 1 0 0 0  aaa99996598aa8864897a798977a73487a4856a563652
303832 1 33 8 2 4 2 0 0 0  aaa99995498aa8844897a798977a73286a6865a657635
303868 1 33 8 3 4 2 0 0 0  aaa99995498aa8853897a798977a77286a6865a644635
303892 1 33 8 4 2 2 0 0 0  aaa99995498aa8853896a298977a73787a7866a644565
303904 1 33 8 4 4 2 0 0 0  aaa99995498aa8853896a698977a73787a7825a644665
303910 1 33 8 4 5 2 0 0 0  aaa99995498aa8853892a698977a73787a7865a644665
303924 1 33 8 5 2 0 0 0 0  aaa99996598aa8864897a698977a73786a3845a755642
303926 1 33 8 5 2 1 0 0 0  aaa99996598aa8864897a698977a73786a3845a752645
303934 1 33 8 5 3 2 0 0 0  aaa99995498aa8853897a698977a73786a6866a752445
303940 1 33 8 5 4 2 0 0 0  aaa99995498aa8853897a698977a73786a6865a744625
303946 1 33 8 5 5 2 0 0 0  aaa99995498aa8853897a698977a73786a2865a744665
303982 1 33 8 6 5 2 0 0 0  aaa99995498aa8853897a698977a77786a3865a644625
303992 1 33 8 7 1 1 0 0 0  aaa99997498aa8863897a598977a73686a6856a744525
304010 1 33 8 7 4 1 0 0 0  aaa99997498aa8853897a698977a73586a6865a744625
304012 1 33 8 7 4 2 0 0 0  aaa99997598aa8845897a698977a75486a6864a735623
304048 1 33 8 8 4 2 0 0 0  aaa99995498aa8853897a698977a77286a6865a744635
304072 1 33 8 9 2 2 0 0 0  aaa99995498aa8853897a698977a53786a2877a666445
304084 1 33 8 9 4 2 0 0 0  aaa99995498aa8853897a698977a53786a6877a644625
304090 1 33 8 9 5 2 0 0 0  aaa99995498aa8853897a698977a53786a2877a644665
304102 1 33 8 10 1 2 0 0 0  aaa99995498aa8853892a798966a63687a6875a744775
304108 1 33 8 10 2 2 0 0 0  aaa99995498aa8853896a798966a63687a2875a744775
304180 1 33 9 1 2 2 0 0 0  aaa99995498aa8853897a798977a73687a2686a656445
304186 1 33 9 1 3 2 0 0 0  aaa99995498aa8853897a798977a73687a6686a652445
304192 1 33 9 1 4 2 0 0 0  aaa99995498aa8853897a798977a73687a2685a666445
304196 1 33 9 1 5 1 0 0 0  aaa99996598aa8864897a798977a73487a4586a565632
304228 1 33 9 2 4 2 0 0 0  aaa99995498aa8844897a798977a73686a3285a657665
304230 1 33 9 2 5 0 0 0 0  aaa99996598aa8864897a798977a73584a5586a267643
304360 1 33 9 6 2 2 0 0 0  aaa99995498aa8853897a698977a77786a3685a662445
304402 1 33 9 7 3 2 0 0 0  aaa99997498aa8853897a698977a73686a6685a752445
304410 1 33 9 7 5 0 0 0 0  aaa99997598aa8864897a498977a73582a5586a763646
304446 1 33 9 8 5 0 0 0 0  aaa99996598aa8864897a498977a77582a5586a763643
304462 1 33 9 9 1 2 0 0 0  aaa99995498aa8853897a798976a66786a3787a652445
304480 1 33 9 9 4 2 0 0 0  aaa99995498aa8853897a798976a53786a2787a666445
304484 1 33 9 9 5 1 0 0 0  aaa99996598aa8864897a798975a63784a4787a565632
304490 1 33 9 10 0 1 0 0 0  aaa99997598aa8874896a698966a73486a4587a575732
304506 1 33 9 10 3 0 0 0 0  aaa99997598aa8874896a498966a76582a5587a673743
304514 1 33 9 10 4 1 0 0 0  aaa99997598aa8874896a698965a73684a4687a575732
304572 1 33 10 1 2 0 0 0 0  aaa99996598aa8884898a793977a73787a2666a455546
304610 1 33 10 2 2 1 0 0 0  aaa99995498aa8885898a693977a73786a7666a752445
304612 1 33 10 2 2 2 0 0 0  aaa99994598aa8885898a695977a75786a7666a744332
304718 1 33 10 5 2 1 0 0 0  aaa99995498aa8885898a693977a73786a2675a667445
304720 1 33 10 5 2 2 0 0 0  aaa99994598aa8885898a695977a75786a2673a667443
304724 1 33 10 5 3 1 0 0 0  aaa99996598aa8884898a693977a73785a2674a667554
304730 1 33 10 5 4 1 0 0 0  aaa99994498aa8885898a696977a74786a3275a657635
304732 1 33 10 5 4 2 0 0 0  aaa99994598aa8885898a696977a75786a5474a637623
304736 1 33 10 5 5 1 0 0 0  aaa99994498aa8885898a694977a73786a3275a657665
304738 1 33 10 5 5 2 0 0 0  aaa99994598aa8885898a695977a75786a2474a637663
304754 1 33 10 6 2 1 0 0 0  aaa99995498aa8885898a693977a77786a3675a662445
304756 1 33 10 6 2 2 0 0 0  aaa99994598aa8885898a695977a77786a5673a662443
304788 1 33 10 7 2 0 0 0 0  aaa99997598aa8884898a693977a73785a5666a744562
304790 1 33 10 7 2 1 0 0 0  aaa99997598aa8885898a694977a73786a3666a755442
304796 1 33 10 7 3 1 0 0 0  aaa99997598aa8884898a693977a73785a2666a746554
304826 1 33 10 8 2 1 0 0 0  aaa99995498aa8885898a693977a77786a3666a752445
304828 1 33 10 8 2 2 0 0 0  aaa99994598aa8885898a695977a77786a5666a744332
304862 1 33 10 9 2 1 0 0 0  aaa99995498aa8885898a693976a57786a3777a662445
304864 1 33 10 9 2 2 0 0 0  aaa99994598aa8885898a695976a37786a5777a662443
304904 1 33 10 10 3 1 0 0 0  aaa99994498aa8885898a794966a63687a3275a756775
304906 1 33 10 10 3 2 0 0 0  aaa99994598aa8885898a795966a65687a2474a736773
304914 1 33 10 10 5 0 0 0 0  aaa99996598aa8884898a793954a65587a3276a764776
305570 1 33 12 7 0 1 0 0 0  aaa99997598aa8884898a698977a73766a3656a744552
305576 1 33 12 7 1 1 0 0 0  aaa99997498aa8883898a598977a73766a6656a744525
305814 1 33 13 2 5 0 0 0 0  aaa99997598aa8884895a698987a77776a3564a625634
305902 1 33 13 5 1 2 0 0 0  aaa99997498aa8883892a598987a77676a6756a563454
306216 1 33 14 3 0 0 0 0 0  aaa99997598aa8884896a693986a48777a7657a525634
306280 1 33 14 4 4 2 0 0 0  aaa99995498aa8883897a797987a58276a6765a644635
306566 1 33 15 1 4 1 0 0 0  aaa99995498aa8844897a797987a73586a6765a683625
306568 1 33 15 1 4 2 0 0 0  aaa99994598aa8835897a797987a75486a6764a685623
306592 1 33 15 2 2 2 0 0 0  aaa99995498aa8853897a797987a44687a3766a682565
306598 1 33 15 2 3 2 0 0 0  aaa99995498aa8853897a797987a53687a6766a682445
306604 1 33 15 2 4 2 0 0 0  aaa99995498aa8853897a797987a44687a3765a682665
306608 1 33 15 2 5 1 0 0 0  aaa99996598aa8864897a797987a63487a4756a583652
306650 1 33 15 4 0 1 0 0 0  aaa99997598aa8874897a797986a63685a3657a484652
306652 1 33 15 4 0 2 0 0 0  aaa99997598aa8875897a797986a65684a5637a484632
306658 1 33 15 4 1 2 0 0 0  aaa99997498aa8873897a797986a66685a3657a582454
306736 1 33 15 6 2 2 0 0 0  aaa99996498aa8863897a797986a66785a3757a582454
306808 1 33 15 8 2 2 0 0 0  aaa99996498aa8863897a793986a66785a7757a582454
306812 1 33 15 8 3 1 0 0 0  aaa99996498aa8844897a793986a66785a7757a683525
306818 1 33 15 8 4 1 0 0 0  aaa99995498aa8853897a795986a44786a7767a683625
306820 1 33 15 8 4 2 0 0 0  aaa99994598aa8835897a795986a35786a7767a684624
306844 1 33 15 9 2 2 0 0 0  aaa99996498aa8863897a597986a66785a3777a582454
306880 1 33 15 10 2 2 0 0 0  aaa99996598aa8865894a795986a66387a5473a784772
306988 1 33 16 2 2 2 0 0 0  aaa99995498aa8853897a797987a53687a2766a644865
306994 1 33 16 2 3 2 0 0 0  aaa99995498aa8853897a797987a53687a6766a644825
307004 1 33 16 2 5 1 0 0 0  aaa99996598aa8864897a797987a63487a4756a563852
307358 1 33 17 1 4 1 0 0 0  aaa99995498aa8883897a797987a73586a6765a644625
307360 1 33 17 1 4 2 0 0 0  aaa99994598aa8885897a797987a75486a6764a635623
307384 1 33 17 2 2 2 0 0 0  aaa99995498aa8883897a797987a53687a2766a644565
307390 1 33 17 2 3 2 0 0 0  aaa99995498aa8883897a797987a53687a6766a652445
307396 1 33 17 2 4 2 0 0 0  aaa99995498aa8883897a797987a53687a2765a644665
307400 1 33 17 2 5 1 0 0 0  aaa99996598aa8884897a797987a63487a4756a563652
307466 1 33 17 4 4 1 0 0 0  aaa99995498aa8883897a797987a44586a6765a673625
307468 1 33 17 4 4 2 0 0 0  aaa99994598aa8885897a797987a35486a6764a675623
307604 1 33 17 8 3 1 0 0 0  aaa99996498aa8883897a793986a66785a7757a644525
307864 1 33 18 4 4 2 0 0 0  aaa99995498aa8888897a797987a53276a6765a644635
308176 1 33 19 2 2 2 0 0 0  aaa99995498aa8883897a797977a53687a2686a656445
308182 1 33 19 2 3 2 0 0 0  aaa99995498aa8883897a797977a53687a6686a652445
308188 1 33 19 2 4 2 0 0 0  aaa99995498aa8883897a797977a53687a2685a666445
308192 1 33 19 2 5 1 0 0 0  aaa99996598aa8884897a797977a63487a4586a565632
308302 1 33 19 5 5 2 0 0 0  aaa99996598aa8885897a797974a65783a5286a764634
308318 1 33 19 6 2 1 0 0 0  aaa99995498aa8885897a693977a77786a3685a662445
308320 1 33 19 6 2 2 0 0 0  aaa99994598aa8885897a695977a77786a5683a662443
308398 1 33 19 8 3 2 0 0 0  aaa99995498aa8883897a693977a77686a6685a752445
308420 1 33 19 9 1 1 0 0 0  aaa99995498aa8885897a793976a66786a3787a652445
308422 1 33 19 9 1 2 0 0 0  aaa99994598aa8885897a795976a66786a5787a644332
308426 1 33 19 9 2 1 0 0 0  aaa99996598aa8884897a793976a66784a4787a555632
308432 1 33 19 9 3 1 0 0 0  aaa99996598aa8884897a793976a66785a3787a644552
308438 1 33 19 9 4 1 0 0 0  aaa99995498aa8885897a793976a53786a2787a666445
308440 1 33 19 9 4 2 0 0 0  aaa99994598aa8885897a795976a35786a2787a666443
308444 1 33 19 9 5 1 0 0 0  aaa99996598aa8884897a793975a63784a4787a565626
308450 1 33 19 10 0 1 0 0 0  aaa99997598aa8884896a693966a73486a4587a575727
308474 1 33 19 10 4 1 0 0 0  aaa99997598aa8884896a693965a73684a4687a575727
309307 1 33 22 0 5 0 1 0 0  aaa99997797aa8674397a697958a53586a4862a888645
309486 1 33 22 5 5 0 0 0 0  aaa99996597aa8774795a495978a63587a3826a888646
309560 1 33 22 7 5 1 0 0 0  aaa99997597aa8774796a593968a44687a3866a888552
309743 1 34 0 1 5 2 1 0 0  aaa99998898aa7787298a658978a94776a4365a653645
309851 1 34 0 4 5 2 1 0 0  aaa99998898aa7787298a658978a94736a4765a653645
309899 1 34 0 6 1 2 1 0 0  aaa99998898aa6686298a568978a94777a7357a563544
309995 1 34 0 8 5 2 1 0 0  aaa99998898aa7684298a658978a94777a7365a653645
310228 1 34 1 4 2 2 0 0 0  aaa99995498aa8853898a777976a93862a8775a644665
310276 1 34 1 5 4 2 0 0 0  aaa99997498aa8853898a777926a96867a8675a653445
310408 1 34 1 9 2 2 0 0 0  aaa99995498aa8853898a666927a97876a8765a773445
310420 1 34 1 9 4 2 0 0 0  aaa99995498aa8844898a656927a97876a8765a773635
310426 1 34 1 9 5 2 0 0 0  aaa99995498aa8853898a644927a97876a8765a773665
310588 1 34 2 3 2 2 0 0 0  aaa99995798aa8854898a666927a97876a3768a753445
310600 1 34 2 3 4 2 0 0 0  aaa99995798aa8854898a656927a97876a3768a744635
310606 1 34 2 3 5 2 0 0 0  aaa99995798aa8854898a653927a97876a3768a744665
310670 1 34 2 5 4 1 0 0 0  aaa99997598aa8854898a777926a96867a3678a653445
310672 1 34 2 5 4 2 0 0 0  aaa99997598aa8845898a777926a96867a5678a635443
310766 1 34 2 8 2 1 0 0 0  aaa99995498aa8853898a666927a97877a5768a673445
310768 1 34 2 8 2 2 0 0 0  aaa99994598aa8835898a666927a97877a5768a675443
310771 1 34 2 8 3 0 1 0 0  aaa99996598aa8855898a666927a97877a4768a374534
310772 1 34 2 8 3 1 0 0 0  aaa99996598aa8844898a666927a97877a4768a573553
310778 1 34 2 8 4 1 0 0 0  aaa99995498aa8844898a656927a97877a5768a673635
310780 1 34 2 8 4 2 0 0 0  aaa99994598aa8835898a636927a97877a5768a675644
310784 1 34 2 8 5 1 0 0 0  aaa99995498aa8853898a644927a97877a5768a673665
310786 1 34 2 8 5 2 0 0 0  aaa99994598aa8835898a635927a97877a5768a674664
310802 1 34 2 9 2 1 0 0 0  aaa99995498aa8853898a666927a97876a5768a773445
310804 1 34 2 9 2 2 0 0 0  aaa99994598aa8835898a666927a97876a5768a775443
310814 1 34 2 9 4 1 0 0 0  aaa99995498aa8844898a656927a97876a5768a773635
310816 1 34 2 9 4 2 0 0 0  aaa99994598aa8835898a636927a97876a5768a775644
310820 1 34 2 9 5 1 0 0 0  aaa99995498aa8853898a644927a97876a5768a773665
310822 1 34 2 9 5 2 0 0 0  aaa99994598aa8835898a635927a97876a5768a774664
310910 1 34 3 1 2 1 0 0 0  aaa99995498aa8853898a777976a95787a3628a644665
310912 1 34 3 1 2 2 0 0 0  aaa99994598aa8835898a777976a95787a5628a644663
311018 1 34 3 4 2 1 0 0 0  aaa99995498aa8853898a777976a95786a3678a644625
311020 1 34 3 4 2 2 0 0 0  aaa99994598aa8835898a777976a95786a5678a644623
311026 1 34 3 4 3 2 0 0 0  aaa99995498aa8853898a777976a96786a3678a652445
311224 1 34 3 10 0 2 0 0 0  aaa99996698aa8836898a735946a95287a5478a764775
311250 1 34 3 10 5 0 0 0 0  aaa99996598aa8864898a763954a95587a3278a764776
311261 1 34 4 0 0 2 1 0 0  aaa99997798aa8866898a787973a96285a4657a563544
311380 1 34 4 3 2 2 0 0 0  aaa99995798aa8854898a683976a97786a3775a662445
311416 1 34 4 4 2 2 0 0 0  aaa99995498aa8853898a783977a97687a2676a656445
311422 1 34 4 4 3 2 0 0 0  aaa99995498aa8853898a783977a97687a6676a652445
311428 1 34 4 4 4 2 0 0 0  aaa99995498aa8853898a783977a97687a2675a666445
311432 1 34 4 4 5 1 0 0 0  aaa99996598aa8864898a783977a97487a4576a565632
311452 1 34 4 5 2 2 0 0 0  aaa99995498aa8853898a683977a97786a2675a676445
311486 1 34 4 6 2 1 0 0 0  aaa99995498aa8853898a685977a97786a3677a662445
311488 1 34 4 6 2 2 0 0 0  aaa99994598aa8835898a685977a97786a5677a662443
311492 1 34 4 6 3 1 0 0 0  aaa99996598aa8844898a684977a97785a3677a663552
311524 1 34 4 7 2 2 0 0 0  aaa99995798aa8854898a683977a97786a3666a752445
311558 1 34 4 8 2 1 0 0 0  aaa99995498aa8853898a685976a97787a3767a662445
311560 1 34 4 8 2 2 0 0 0  aaa99994598aa8835898a685976a97787a5767a662443
311564 1 34 4 8 3 1 0 0 0  aaa99996598aa8844898a684976a97787a3757a663552
311594 1 34 4 9 2 1 0 0 0  aaa99995498aa8853898a685976a97786a3777a662445
311596 1 34 4 9 2 2 0 0 0  aaa99994598aa8835898a685976a97786a5777a662443
311600 1 34 4 9 3 1 0 0 0  aaa99996598aa8844898a684976a97785a3777a663552
311646 1 34 4 10 5 0 0 0 0  aaa99996598aa8864898a783954a95587a3276a764776
311653 1 34 5 0 0 0 1 0 0  aaa99997798aa8866892a787984a96785a5657a464335
311657 1 34 5 0 0 2 1 0 0  aaa99997798aa8866892a787983a96785a4657a563544
311701 1 34 5 1 2 0 1 0 0  aaa99997598aa8855897a787982a94686a6735a674634
311707 1 34 5 1 3 0 1 0 0  aaa99997598aa8855897a787982a94686a6736a674534
311713 1 34 5 1 4 0 1 0 0  aaa99997598aa8855897a787983a94286a6765a673644
311717 1 34 5 1 4 2 1 0 0  aaa99997598aa8845897a787983a95286a6764a673654
311719 1 34 5 1 5 0 1 0 0  aaa99997598aa8855897a787983a94286a4765a673664
311740 1 34 5 2 2 2 0 0 0  aaa99995498aa8853897a787987a93687a2766a644565
311746 1 34 5 2 3 2 0 0 0  aaa99995498aa8853897a787987a93687a6766a652445
311752 1 34 5 2 4 2 0 0 0  aaa99995498aa8853897a787987a93687a2765a644665
311756 1 34 5 2 5 1 0 0 0  aaa99996598aa8864897a787987a93487a4756a563652
311776 1 34 5 3 2 2 0 0 0  aaa99995798aa8854897a687986a93786a3775a662445
311822 1 34 5 4 4 1 0 0 0  aaa99995498aa8844897a787987a93586a6765a673625
311824 1 34 5 4 4 2 0 0 0  aaa99994598aa8835897a787987a95486a6764a675623
311846 1 34 5 5 2 1 0 0 0  aaa99995498aa8844897a787986a95786a3765a663725
311848 1 34 5 5 2 2 0 0 0  aaa99994598aa8835897a787986a95786a5763a664724
311882 1 34 5 6 2 1 0 0 0  aaa99995498aa8853897a787986a95786a3767a662445
311884 1 34 5 6 2 2 0 0 0  aaa99994598aa8835897a787986a95786a5767a662443
311926 1 34 5 7 3 2 0 0 0  aaa99995798aa8854897a787986a93786a3666a752445
311954 1 34 5 8 2 1 0 0 0  aaa99995498aa8853897a785986a93786a7767a662445
311956 1 34 5 8 2 2 0 0 0  aaa99994598aa8835897a785986a95786a7767a662443
311990 1 34 5 9 2 1 0 0 0  aaa99995498aa8853897a687986a95786a3777a662445
311992 1 34 5 9 2 2 0 0 0  aaa99994598aa8835897a687986a95786a5777a662443
312026 1 34 5 10 2 1 0 0 0  aaa99995498aa8844896a785986a93687a3675a762775
312028 1 34 5 10 2 2 0 0 0  aaa99994598aa8835896a785986a95687a4673a762774
312034 1 34 5 10 3 2 0 0 0  aaa99995498aa8853896a786986a93687a2675a744775
312208 1 34 6 4 2 2 0 0 0  aaa99995498aa8853898a777976a93786a8675a644625
312438 1 34 6 10 5 0 0 0 0  aaa99996598aa8864898a763954a95587a8276a764773
312516 1 34 7 2 0 0 0 0 0  aaa99997598aa8883898a777966a93877a2565a465464
312626 1 34 7 5 0 1 0 0 0  aaa99997598aa8884898a777966a93867a3576a545624
312628 1 34 7 5 0 2 0 0 0  aaa99997598aa8885898a777966a95867a5476a433642
312634 1 34 7 5 1 2 0 0 0  aaa99997498aa8883898a777966a96857a3576a545624
312650 1 34 7 5 4 1 0 0 0  aaa99997498aa8883898a777956a96867a3675a652445
312652 1 34 7 5 4 2 0 0 0  aaa99997598aa8885898a777946a96867a5674a645332
312656 1 34 7 5 5 1 0 0 0  aaa99997598aa8884898a777946a94867a3675a663525
312782 1 34 7 9 2 1 0 0 0  aaa99995498aa8883898a666957a97876a3765a772445
312784 1 34 7 9 2 2 0 0 0  aaa99994598aa8885898a666947a97876a5764a775332
312786 1 34 7 9 3 0 0 0 0  aaa99996598aa8884898a666957a97876a3754a773254
312794 1 34 7 9 4 1 0 0 0  aaa99994498aa8884898a656957a97876a3765a773625
312796 1 34 7 9 4 2 0 0 0  aaa99994598aa8885898a636947a97876a5764a775623
312800 1 34 7 9 5 1 0 0 0  aaa99995498aa8883898a644957a97876a3765a772665
312802 1 34 7 9 5 2 0 0 0  aaa99994598aa8885898a635947a97876a5764a772663
312841 1 34 8 0 0 0 1 0 0  aaa99997798aa8866895a787972a96585a4837a664534
312902 1 34 8 1 4 1 0 0 0  aaa99995498aa8844897a787977a93586a6865a673625
312904 1 34 8 1 4 2 0 0 0  aaa99994598aa8835897a787977a95486a6864a675623
312928 1 34 8 2 2 2 0 0 0  aaa99995498aa8853897a787977a93687a2866a644565
312934 1 34 8 2 3 2 0 0 0  aaa99995498aa8853897a787977a93687a6866a652445
312940 1 34 8 2 4 2 0 0 0  aaa99995498aa8853897a787977a93687a2865a644665
312944 1 34 8 2 5 1 0 0 0  aaa99996598aa8864897a787977a93487a4856a563652
312964 1 34 8 3 2 2 0 0 0  aaa99995798aa8854897a687976a93786a3875a662445
312986 1 34 8 4 0 1 0 0 0  aaa99997498aa8873897a787966a93685a6857a644525
313014 1 34 8 4 5 0 0 0 0  aaa99997498aa8873897a787955a93586a2867a645664
313070 1 34 8 6 2 1 0 0 0  aaa99995498aa8853897a787976a95786a3867a662445
313072 1 34 8 6 2 2 0 0 0  aaa99994598aa8835897a787976a95786a5867a662443
313127 1 34 8 7 5 2 1 0 0  aaa99996798aa8865897a787974a95387a5836a464652
313144 1 34 8 8 2 2 0 0 0  aaa99995498aa8853897a687977a93786a2875a666445
313156 1 34 8 8 4 2 0 0 0  aaa99995498aa8853897a687977a93786a6875a644625
313162 1 34 8 8 5 2 0 0 0  aaa99995498aa8853897a687977a93786a2875a644665
313178 1 34 8 9 2 1 0 0 0  aaa99995498aa8853897a687976a95786a3877a662445
313180 1 34 8 9 2 2 0 0 0  aaa99994598aa8835897a687976a95786a5877a662443
313216 1 34 8 10 2 2 0 0 0  aaa99995498aa8853896a783966a96687a2875a744775
313324 1 34 9 2 2 2 0 0 0  aaa99995498aa8853897a787977a93687a2686a656445
313330 1 34 9 2 3 2 0 0 0  aaa99995498aa8853897a787977a93687a6686a652445
313336 1 34 9 2 4 2 0 0 0  aaa99995498aa8853897a787977a93687a2685a666445
313340 1 34 9 2 5 1 0 0 0  aaa99996598aa8864897a787977a93487a4586a565632
313358 1 34 9 3 2 1 0 0 0  aaa99995498aa8844897a785976a93786a3785a662765
313360 1 34 9 3 2 2 0 0 0  aaa99994598aa8835897a785976a95786a4783a662764
313364 1 34 9 3 3 1 0 0 0  aaa99995498aa8844897a785976a96786a3785a663725
313366 1 34 9 3 3 2 0 0 0  aaa99994598aa8835897a785976a96786a5783a664724
313370 1 34 9 3 4 1 0 0 0  aaa99995498aa8844897a785976a93786a3785a666725
313372 1 34 9 3 4 2 0 0 0  aaa99994598aa8835897a785976a95786a4783a666724
313376 1 34 9 3 5 1 0 0 0  aaa99996598aa8864897a783975a93784a4786a565726
313387 1 34 9 4 1 0 1 0 0  aaa99996598aa8855897a787927a94686a6786a374534
313402 1 34 9 4 3 2 0 0 0  aaa99995498aa8853897a787967a93686a6785a672445
313430 1 34 9 5 2 1 0 0 0  aaa99996598aa8864897a787976a93785a3684a762554
313450 1 34 9 5 5 2 0 0 0  aaa99996598aa8865897a787974a95783a5286a764634
313468 1 34 9 6 2 2 0 0 0  aaa99995498aa8844897a787976a93786a3785a662565
313474 1 34 9 6 3 2 0 0 0  aaa99995498aa8853897a787976a96786a3785a662445
313480 1 34 9 6 4 2 0 0 0  aaa99995498aa8853897a787976a93786a2785a666445
313484 1 34 9 6 5 1 0 0 0  aaa99996598aa8864897a787975a93784a4786a565632
313504 1 34 9 7 2 2 0 0 0  aaa99995798aa8854897a787976a93687a3686a652445
313534 1 34 9 8 1 2 0 0 0  aaa99995498aa8853897a783976a97786a6785a662445
313540 1 34 9 8 2 2 0 0 0  aaa99995498aa8844897a783976a97786a3785a662565
313544 1 34 9 8 3 1 0 0 0  aaa99996598aa8854897a783976a97786a3785a662445
313546 1 34 9 8 3 2 0 0 0  aaa99996598aa8845897a785976a97786a5783a662443
313552 1 34 9 8 4 2 0 0 0  aaa99995498aa8853897a783976a97786a2785a666445
313556 1 34 9 8 5 1 0 0 0  aaa99996598aa8864897a783975a97784a4786a565632
313574 1 34 9 9 2 1 0 0 0  aaa99995498aa8844897a785976a93786a3787a662565
313576 1 34 9 9 2 2 0 0 0  aaa99994598aa8835897a785976a95786a4787a662364
313580 1 34 9 9 3 1 0 0 0  aaa99995498aa8853897a785976a96786a3787a662445
313582 1 34 9 9 3 2 0 0 0  aaa99994598aa8835897a785976a96786a5787a662443
313586 1 34 9 9 4 1 0 0 0  aaa99995498aa8853897a785976a93786a2787a666445
313588 1 34 9 9 4 2 0 0 0  aaa99994598aa8835897a785976a95786a2787a666443
313592 1 34 9 9 5 1 0 0 0  aaa99996598aa8864897a783975a93784a4787a565626
313598 1 34 9 10 0 1 0 0 0  aaa99997598aa8874896a683966a93486a4587a575727
313622 1 34 9 10 4 1 0 0 0  aaa99997598aa8874896a683965a93684a4687a575727
313704 1 34 10 2 0 0 0 0 0  aaa99997598aa8883898a777966a93787a2565a465464
313790 1 34 10 4 2 1 0 0 0  aaa99995498aa8885898a777976a93786a3675a644625
313792 1 34 10 4 2 2 0 0 0  aaa99994598aa8885898a777976a95786a5673a644623
313820 1 34 10 5 1 1 0 0 0  aaa99997498aa8883898a777966a96587a3576a545624
314022 1 34 10 10 5 0 0 0 0  aaa99996598aa8884898a763954a95587a3276a764776
314596 1 34 12 4 4 2 0 0 0  aaa99995498aa8883898a758977a97267a6675a663445
315424 1 34 14 5 4 2 0 0 0  aaa99993598aa8885897a775986a98764a6744a665372
315468 1 34 14 7 0 0 0 0 0  aaa99997598aa8884897a773984a98766a3656a724565
315469 1 34 14 7 0 0 1 0 0  aaa99997498aa8884897a774985a98766a3656a753562
315470 1 34 14 7 0 1 0 0 0  aaa99997598aa8883897a773985a98766a2646a755464
315475 1 34 14 7 1 0 1 0 0  aaa99997598aa8884897a774982a98766a6636a755534
315704 1 34 15 2 3 1 0 0 0  aaa99995498aa8853897a775986a93786a7666a782445
315706 1 34 15 2 3 2 0 0 0  aaa99994598aa8835897a775986a95786a7666a782443
315746 1 34 15 3 4 1 0 0 0  aaa99995498aa8844897a777987a93586a6765a683625
315748 1 34 15 3 4 2 0 0 0  aaa99994598aa8835897a777987a95486a6764a685623
315764 1 34 15 4 1 1 0 0 0  aaa99996498aa8844897a773987a93686a6756a587525
315782 1 34 15 4 4 1 0 0 0  aaa99995498aa8844897a773987a93586a6765a687625
315784 1 34 15 4 4 2 0 0 0  aaa99994598aa8835897a775987a95486a6764a687623
315808 1 34 15 5 2 2 0 0 0  aaa99995498aa8844897a773986a93786a2765a686575
315814 1 34 15 5 3 2 0 0 0  aaa99995698aa8844897a774986a93786a3725a686575
315824 1 34 15 5 5 1 0 0 0  aaa99996498aa8863897a773985a92784a4756a585676
315844 1 34 15 6 2 2 0 0 0  aaa99995498aa8853897a777986a93786a2765a686445
315872 1 34 15 7 1 1 0 0 0  aaa99997598aa8844897a774986a96785a3666a783552
315878 1 34 15 7 2 1 0 0 0  aaa99997598aa8844897a774986a93785a3666a786552
315882 1 34 15 7 3 0 0 0 0  aaa99997598aa8855897a774986a93784a4666a783562
315884 1 34 15 7 3 1 0 0 0  aaa99997598aa8855897a775986a94786a3666a783442
315920 1 34 15 8 3 1 0 0 0  aaa99995498aa8853897a777986a95786a3666a782445
315922 1 34 15 8 3 2 0 0 0  aaa99994598aa8835897a777986a95786a5666a782443
315952 1 34 15 9 2 2 0 0 0  aaa99995498aa8853897a657986a93786a2777a686445
316100 1 34 16 2 3 1 0 0 0  aaa99995498aa8853897a775986a93786a7666a744825
316102 1 34 16 2 3 2 0 0 0  aaa99994598aa8835897a775986a95786a7666a744823
316202 1 34 16 5 2 1 0 0 0  aaa99995498aa8844897a775986a93786a3765a662875
316204 1 34 16 5 2 2 0 0 0  aaa99994598aa8835897a775986a95786a4763a662874
316208 1 34 16 5 3 1 0 0 0  aaa99995498aa8844897a773986a96786a3755a662875
316210 1 34 16 5 3 2 0 0 0  aaa99994598aa8835897a775986a96786a5744a662873
316214 1 34 16 5 4 1 0 0 0  aaa99995498aa8844897a773986a93786a2755a666875
316216 1 34 16 5 4 2 0 0 0  aaa99994598aa8835897a775986a95786a2744a666873
316220 1 34 16 5 5 1 0 0 0  aaa99996498aa8863897a773985a92784a4756a565876
316238 1 34 16 6 2 1 0 0 0  aaa99995498aa8844897a777986a95786a3765a663825
316240 1 34 16 6 2 2 0 0 0  aaa99994598aa8835897a777986a95786a5763a664824
316278 1 34 16 7 3 0 0 0 0  aaa99997598aa8855897a774986a93784a4666a753862
316280 1 34 16 7 3 1 0 0 0  aaa99997598aa8855897a775986a94786a3666a744832
316316 1 34 16 8 3 1 0 0 0  aaa99995498aa8853897a777986a95786a3666a744825
316318 1 34 16 8 3 2 0 0 0  aaa99994598aa8835897a777986a95786a5666a744823
316346 1 34 16 9 2 1 0 0 0  aaa99995498aa8844897a657986a95786a3777a663825
316348 1 34 16 9 2 2 0 0 0  aaa99994598aa8835897a637986a95786a5777a664824
316496 1 34 17 2 3 1 0 0 0  aaa99995498aa8885897a773986a93786a7666a752445
316498 1 34 17 2 3 2 0 0 0  aaa99994598aa8885897a775986a95786a7666a744332
316538 1 34 17 3 4 1 0 0 0  aaa99995498aa8883897a777987a93586a6765a644625
316540 1 34 17 3 4 2 0 0 0  aaa99994598aa8885897a777987a95486a6764a635623
316574 1 34 17 4 4 1 0 0 0  aaa99994498aa8884897a773987a93586a6765a657625
316576 1 34 17 4 4 2 0 0 0  aaa99994598aa8885897a775987a95486a6764a637623
316598 1 34 17 5 2 1 0 0 0  aaa99994498aa8885897a774986a93786a3765a662575
316600 1 34 17 5 2 2 0 0 0  aaa99994598aa8885897a775986a95786a4763a662374
316604 1 34 17 5 3 1 0 0 0  aaa99994498aa8885897a774986a96786a3725a663575
316606 1 34 17 5 3 2 0 0 0  aaa99994598aa8885897a775986a96786a5744a662373
316610 1 34 17 5 4 1 0 0 0  aaa99994498aa8885897a774986a93786a3725a666575
316612 1 34 17 5 4 2 0 0 0  aaa99994598aa8885897a775986a95786a2744a666373
316616 1 34 17 5 5 1 0 0 0  aaa99996498aa8883897a773985a92784a4756a565676
316634 1 34 17 6 2 1 0 0 0  aaa99995498aa8885897a777986a93786a3765a662445
316636 1 34 17 6 2 2 0 0 0  aaa99994598aa8885897a777986a95786a5763a662443
316664 1 34 17 7 1 1 0 0 0  aaa99997598aa8884897a773986a96785a3666a744552
316670 1 34 17 7 2 1 0 0 0  aaa99997598aa8884897a773986a93785a2666a746554
316674 1 34 17 7 3 0 0 0 0  aaa99997598aa8884897a773986a93785a5666a744562
316676 1 34 17 7 3 1 0 0 0  aaa99997598aa8885897a774986a93786a3666a755442
316682 1 34 17 7 4 1 0 0 0  aaa99997598aa8884897a773986a93785a2664a766554
316712 1 34 17 8 3 1 0 0 0  aaa99995498aa8885897a777986a93786a3666a752445
316714 1 34 17 8 3 2 0 0 0  aaa99994598aa8885897a777986a95786a5666a744332
316742 1 34 17 9 2 1 0 0 0  aaa99995498aa8885897a657986a93786a3777a662445
316744 1 34 17 9 2 2 0 0 0  aaa99994598aa8885897a637986a95786a5777a662443
317258 1 34 19 1 4 1 0 0 0  aaa99994498aa8885897a774977a93686a3285a657665
317260 1 34 19 1 4 2 0 0 0  aaa99994598aa8885897a775977a95686a2484a637663
317262 1 34 19 1 5 0 0 0 0  aaa99996598aa8884897a773977a93584a5586a267646
317282 1 34 19 2 2 1 0 0 0  aaa99995498aa8885897a773977a93687a2686a656445
317284 1 34 19 2 2 2 0 0 0  aaa99994598aa8885897a775977a95687a2686a636443
317288 1 34 19 2 3 1 0 0 0  aaa99995498aa8885897a773977a93687a6686a652445
317290 1 34 19 2 3 2 0 0 0  aaa99994598aa8885897a775977a95687a6686a644332
317294 1 34 19 2 4 1 0 0 0  aaa99995498aa8885897a773977a93687a2685a666445
317296 1 34 19 2 4 2 0 0 0  aaa99994598aa8885897a775977a95687a2683a666443
317300 1 34 19 2 5 1 0 0 0  aaa99996598aa8884897a773977a93487a4586a565626
317388 1 34 19 5 2 0 0 0 0  aaa99996598aa8884897a773976a93784a4685a762556
317396 1 34 19 5 3 1 0 0 0  aaa99996598aa8884897a773976a96785a3684a762554
317402 1 34 19 5 4 1 0 0 0  aaa99996598aa8884897a773976a93785a2684a766554
317426 1 34 19 6 2 1 0 0 0  aaa99995498aa8885897a777976a93786a3685a644625
317428 1 34 19 6 2 2 0 0 0  aaa99994598aa8885897a777976a95786a5683a644623
317460 1 34 19 7 2 0 0 0 0  aaa99997598aa8884897a773976a93687a2686a556454
317462 1 34 19 7 2 1 0 0 0  aaa99997598aa8885897a774976a93687a3686a655442
317474 1 34 19 7 4 1 0 0 0  aaa99997598aa8884897a773976a96487a4685a663525
317480 1 34 19 7 5 1 0 0 0  aaa99997598aa8884897a773976a93487a4685a666525
317498 1 34 19 8 2 1 0 0 0  aaa99995498aa8885897a777976a93687a3686a652445
317500 1 34 19 8 2 2 0 0 0  aaa99994598aa8885897a777976a95687a5686a644332
317534 1 34 19 9 2 1 0 0 0  aaa99995498aa8885897a744976a93786a3787a662565
317536 1 34 19 9 2 2 0 0 0  aaa99994598aa8885897a735976a95786a4787a662364
317540 1 34 19 9 3 1 0 0 0  aaa99995498aa8885897a753976a96786a3787a662445
317542 1 34 19 9 3 2 0 0 0  aaa99994598aa8885897a735976a96786a5787a662443
317546 1 34 19 9 4 1 0 0 0  aaa99995498aa8885897a753976a93786a2787a666445
317548 1 34 19 9 4 2 0 0 0  aaa99994598aa8885897a735976a95786a2787a666443
317552 1 34 19 9 5 1 0 0 0  aaa99996598aa8884897a763975a93784a4787a565626
317558 1 34 19 10 0 1 0 0 0  aaa99997598aa8884896a673966a93486a4587a575727
317582 1 34 19 10 4 1 0 0 0  aaa99997598aa8884896a673965a93684a4687a575727
317593 1 34 20 0 0 0 1 0 0  aaa99997798aa8888897a676957a97686a2534a546534
317792 1 34 20 5 3 1 0 0 0  aaa99995498aa8888897a775976a93786a3666a752445
317794 1 34 20 5 3 2 0 0 0  aaa99994598aa8888897a775976a95786a5666a744332
317858 1 34 20 7 2 1 0 0 0  aaa99997598aa8888897a774976a93687a3664a562554
317930 1 34 20 9 2 1 0 0 0  aaa99995498aa8888897a675976a93786a3775a662445
317932 1 34 20 9 2 2 0 0 0  aaa99994598aa8888897a675976a95786a5773a662443
318074 1 34 21 2 2 1 0 0 0  aaa99995497aa7753798a678986a95876a3888a662445
318076 1 34 21 2 2 2 0 0 0  aaa99994597aa7735798a678986a95876a5888a662443
318184 1 34 21 5 2 2 0 0 0  aaa99995497aa7753798a658986a97876a3888a662445
318254 1 34 21 7 2 1 0 0 0  aaa99995497aa7744798a658986a95876a3888a663725
318256 1 34 21 7 2 2 0 0 0  aaa99994597aa7735798a638986a95876a5888a664724
318290 1 34 21 8 2 1 0 0 0  aaa99995497aa7775798a658986a93876a3888a662445
318292 1 34 21 8 2 2 0 0 0  aaa99994597aa7775798a638986a95876a5888a662443
318584 1 34 22 5 3 1 0 0 0  aaa99994497aa8775796a664978a93687a3825a888565
318586 1 34 22 5 3 2 0 0 0  aaa99994597aa8775796a665978a95687a2844a888363
318594 1 34 22 5 5 0 0 0 0  aaa99996597aa8774795a465978a93587a3826a888646
318948 1 35 0 4 4 0 0 0 0  aaa99998878aa7783798a558978a73466a9649a566425
319104 1 35 0 9 0 0 0 0 0  aaa99998878aa7686298a668958a56574a9739a774345
319135 1 35 0 9 5 0 1 0 0  aaa99998878aa7684598a658958a33276a9769a774645
319634 1 35 2 1 4 1 0 0 0  aaa99995488aa8777798a753976a65268a9689a644835
319636 1 35 2 1 4 2 0 0 0  aaa99994588aa8777798a735976a65268a9689a635844
319640 1 35 2 1 5 1 0 0 0  aaa99995488aa8777798a753976a44268a9689a665835
319642 1 35 2 1 5 2 0 0 0  aaa99994588aa8777798a735976a35268a9689a665844
319664 1 35 2 2 3 1 0 0 0  aaa99997488aa8777798a744966a63658a9589a653825
319804 1 35 2 6 2 2 0 0 0  aaa99996488aa8666798a777977a63258a9589a545834
319812 1 35 2 6 4 0 0 0 0  aaa99995588aa8354798a777977a45668a9289a666834
319813 1 35 2 6 4 0 1 0 0  aaa99995588aa8335798a777977a54668a9289a666844
319818 1 35 2 6 5 0 0 0 0  aaa99995588aa8354798a777977a45268a9689a666834
319819 1 35 2 6 5 0 1 0 0  aaa99995588aa8335798a777977a54268a9689a666844
319845 1 35 2 7 3 1 1 0 0  aaa99997488aa8777698a766965a57258a9589a364834
319854 1 35 2 7 5 0 0 0 0  aaa99997588aa8777598a745936a57368a9689a664824
319855 1 35 2 7 5 0 1 0 0  aaa99997588aa8777598a745956a47268a9689a663834
319886 1 35 2 8 4 1 0 0 0  aaa99995488aa8753798a777976a65268a9689a644835
319888 1 35 2 8 4 2 0 0 0  aaa99994588aa8735798a777976a65268a9689a635844
319892 1 35 2 8 5 1 0 0 0  aaa99995488aa8753798a777976a44268a9689a665835
319894 1 35 2 8 5 2 0 0 0  aaa99994588aa8735798a777976a35268a9689a665844
319912 1 35 2 9 2 2 0 0 0  aaa99996488aa8666798a763977a77258a9589a545834
319920 1 35 2 9 4 0 0 0 0  aaa99995588aa8354798a745977a77668a9289a666834
319921 1 35 2 9 4 0 1 0 0  aaa99995588aa8335798a754977a77668a9289a666844
319926 1 35 2 9 5 0 0 0 0  aaa99995588aa8354798a745977a77268a9689a666834
319927 1 35 2 9 5 0 1 0 0  aaa99995588aa8335798a754977a77268a9689a666844
319949 1 35 2 10 2 2 1 0 0  aaa99996488aa8666598a364957a55278a9789a777834
319951 1 35 2 10 3 0 1 0 0  aaa99996488aa8666598a654957a33278a9789a777845
319956 1 35 2 10 4 0 0 0 0  aaa99995588aa8354698a666967a45278a9789a777834
319957 1 35 2 10 4 0 1 0 0  aaa99995588aa8335698a666967a54278a9789a777844
320152 1 35 3 5 0 2 0 0 0  aaa99997488aa8777698a763965a83858a9679a545624
320178 1 35 3 5 5 0 0 0 0  aaa99997488aa8777598a753956a83868a9679a662445
320220 1 35 3 7 0 0 0 0 0  aaa99997488aa8777698a763965a87848a9269a564535
320467 1 35 4 2 5 0 1 0 0  aaa99997588aa8777798a755926a84863a9689a664534
320513 1 35 4 4 0 2 1 0 0  aaa99996688aa8777698a564937a84875a9389a726554
320548 1 35 4 5 0 2 0 0 0  aaa99997488aa8777698a763965a83857a9689a545624
320574 1 35 4 5 5 0 0 0 0  aaa99997488aa8777598a753956a83867a9689a662445
320707 1 35 4 9 3 0 1 0 0  aaa99996588aa8666798a655927a84873a9789a774534
320944 1 35 5 5 0 2 0 0 0  aaa99997488aa8777698a863965a83857a9679a545624
320970 1 35 5 5 5 0 0 0 0  aaa99997488aa8777598a853956a83867a9679a662445
321205 1 35 6 1 2 0 1 0 0  aaa99998588aa8777798a755976a84863a9269a654634
321224 1 35 6 1 5 1 0 0 0  aaa99998488aa8777798a744976a83865a9659a663525
321457 1 35 6 8 2 0 1 0 0  aaa99998588aa8755798a777976a84863a9269a654634
321476 1 35 6 8 5 1 0 0 0  aaa99998488aa8744798a777976a83865a9659a663525
321482 1 35 6 9 0 1 0 0 0  aaa99998588aa8664798a563967a83875a9769a772454
321484 1 35 6 9 0 2 0 0 0  aaa99998588aa8665798a465967a85873a9769a772434
321514 1 35 6 9 5 2 0 0 0  aaa99998588aa8635798a635947a84876a9769a775642
322128 1 35 8 5 0 0 0 0 0  aaa99997488aa8777698a763965a88847a9269a564535
322298 1 35 8 9 4 1 0 0 0  aaa99995488aa8665798a653927a88876a9769a773445
322300 1 35 8 9 4 2 0 0 0  aaa99994588aa8665798a635927a88876a9769a775443
322304 1 35 8 9 5 1 0 0 0  aaa99995488aa8653798a644927a88876a9769a775635
322306 1 35 8 9 5 2 0 0 0  aaa99994588aa8635798a635927a88876a9769a775644
322321 1 35 8 10 2 0 1 0 0  aaa99995388aa8666598a653957a88876a9749a777442
322394 1 35 9 1 2 1 0 0 0  aaa99995488aa8777798a753976a85286a9689a644635
322396 1 35 9 1 2 2 0 0 0  aaa99994588aa8777798a735976a85286a9689a635644
322493 1 35 9 4 0 2 1 0 0  aaa99996688aa8777698a564937a84385a9789a726554
322508 1 35 9 4 3 1 0 0 0  aaa99995488aa8777698a665967a83286a9789a753445
322510 1 35 9 4 3 2 0 0 0  aaa99994588aa8777698a665967a85286a9789a735443
322518 1 35 9 4 5 0 0 0 0  aaa99996588aa8777598a465957a83484a9789a763626
322554 1 35 9 5 5 0 0 0 0  aaa99997488aa8777598a753956a83287a9689a666445
322631 1 35 9 7 5 2 1 0 0  aaa99997588aa8777498a447936a85387a9689a666255
322646 1 35 9 8 2 1 0 0 0  aaa99995488aa8753798a777976a85286a9689a644635
322648 1 35 9 8 2 2 0 0 0  aaa99994588aa8735798a777976a85286a9689a635644
322752 1 35 10 0 2 0 0 0 0  aaa99997788aa8855298a775976a87863a9469a654634
322753 1 35 10 0 2 0 1 0 0  aaa99997788aa8855298a774976a87863a9569a654634
322755 1 35 10 0 2 1 1 0 0  aaa99997788aa8854298a774976a87863a9569a655634
322756 1 35 10 0 2 2 0 0 0  aaa99997788aa8845298a775976a87863a9469a645635
322757 1 35 10 0 2 2 1 0 0  aaa99997788aa8845298a775976a87836a9369a665454
322770 1 35 10 0 5 0 0 0 0  aaa99997788aa8855498a774976a87863a9639a665542
322790 1 35 10 1 2 1 0 0 0  aaa99995488aa8853798a775976a83876a9769a662445
322792 1 35 10 1 2 2 0 0 0  aaa99994588aa8835798a775976a85876a9769a662443
322826 1 35 10 2 2 1 0 0 0  aaa99995488aa8853798a775976a83867a9769a644625
322828 1 35 10 2 2 2 0 0 0  aaa99994588aa8835798a775976a85867a9769a644623
322834 1 35 10 2 3 2 0 0 0  aaa99995488aa8853798a773976a86867a9769a652445
322910 1 35 10 4 4 1 0 0 0  aaa99995488aa8853798a775967a83876a9769a644625
322912 1 35 10 4 4 2 0 0 0  aaa99994588aa8835798a775967a85876a9769a644623
322934 1 35 10 5 2 1 0 0 0  aaa99995488aa8853798a775977a83867a9629a644665
322936 1 35 10 5 2 2 0 0 0  aaa99994588aa8835798a775977a85867a9629a644663
322940 1 35 10 5 3 1 0 0 0  aaa99996588aa8844798a774977a83867a9669a563552
322970 1 35 10 6 2 1 0 0 0  aaa99995488aa8852798a777977a85863a9639a644665
322972 1 35 10 6 2 2 0 0 0  aaa99994588aa8825798a777977a85863a9639a644665
323006 1 35 10 7 2 1 0 0 0  aaa99997588aa8844798a774976a83867a9569a655632
323024 1 35 10 7 5 1 0 0 0  aaa99997588aa8844798a774976a83867a9659a663552
323192 1 35 11 1 3 1 0 0 0  aaa99996488aa8883798a773976a66875a9759a644525
323296 1 35 11 4 2 2 0 0 0  aaa99996488aa8883798a773967a66875a9759a562454
323306 1 35 11 4 4 1 0 0 0  aaa99995488aa8885798a773967a53876a9769a644625
323308 1 35 11 4 4 2 0 0 0  aaa99994588aa8885798a775967a35876a9769a644623
323330 1 35 11 5 2 1 0 0 0  aaa99995488aa8885798a773977a53867a9629a644665
323332 1 35 11 5 2 2 0 0 0  aaa99994588aa8885798a775977a35867a9629a644663
323336 1 35 11 5 3 1 0 0 0  aaa99996588aa8884798a773977a44867a9669a563552
323366 1 35 11 6 2 1 0 0 0  aaa99995488aa8885798a777977a52863a9639a644665
323368 1 35 11 6 2 2 0 0 0  aaa99994588aa8885798a777977a25863a9639a644665
323388 1 35 11 7 0 0 0 0 0  aaa99997588aa8883798a773976a62847a9669a455546
323390 1 35 11 7 0 1 0 0 0  aaa99997488aa8883798a773976a62857a9669a455546
323414 1 35 11 7 4 1 0 0 0  aaa99997588aa8884798a773976a63867a9659a644552
323420 1 35 11 7 5 1 0 0 0  aaa99997588aa8884798a773976a44867a9659a663552
323474 1 35 11 9 2 1 0 0 0  aaa99995488aa8885798a752977a77863a9639a644665
323476 1 35 11 9 2 2 0 0 0  aaa99994588aa8885798a725977a77863a9639a644665
323598 1 35 12 1 5 0 0 0 0  aaa99998588aa8873797a783957a25446a9569a674668
323958 1 35 13 0 5 0 0 0 0  aaa99997788aa8855498a787976a74863a9639a665542
324050 1 35 13 3 2 1 0 0 0  aaa99995488aa8853798a785977a73867a9629a644665
324052 1 35 13 3 2 2 0 0 0  aaa99994588aa8835798a785977a75867a9629a644663
324056 1 35 13 3 3 1 0 0 0  aaa99996588aa8844798a784977a73867a9669a563552
324100 1 35 13 4 4 2 0 0 0  aaa99995488aa8853798a787967a53876a9769a644625
324124 1 35 13 5 2 2 0 0 0  aaa99995488aa8853798a787977a53867a9629a644665
324158 1 35 13 6 2 1 0 0 0  aaa99995488aa8852798a787977a75863a9639a644665
324160 1 35 13 6 2 2 0 0 0  aaa99994588aa8825798a787977a75863a9639a644665
324266 1 35 13 9 2 1 0 0 0  aaa99995488aa8852798a785977a77863a9639a644665
324268 1 35 13 9 2 2 0 0 0  aaa99994588aa8825798a785977a77863a9639a644665
324329 1 35 14 0 0 2 1 0 0  aaa99997788aa8866798a588942a76475a9649a567533
324376 1 35 14 1 2 2 0 0 0  aaa99997588aa8835798a788977a35666a9449a266745
324382 1 35 14 1 3 2 0 0 0  aaa99997588aa8835798a788977a35666a9449a264765
324394 1 35 14 1 5 2 0 0 0  aaa99997588aa8835798a788977a35464a9629a666745
324409 1 35 14 2 2 0 1 0 0  aaa99995588aa8843798a788977a43762a9569a665764
324411 1 35 14 2 2 1 1 0 0  aaa99995588aa8854798a788977a54762a9369a663764
324433 1 35 14 3 0 0 1 0 0  aaa99996688aa8836798a788977a74567a9529a564543
324590 1 35 14 7 2 1 0 0 0  aaa99995488aa8852798a788977a44763a9639a675665
324592 1 35 14 7 2 2 0 0 0  aaa99994588aa8825798a788977a44763a9639a675665
324626 1 35 14 8 2 1 0 0 0  aaa99995488aa8852798a788977a75763a9639a644665
324628 1 35 14 8 2 2 0 0 0  aaa99994588aa8825798a788977a75763a9639a644665
324733 1 35 15 0 2 0 1 0 0  aaa99997788aa8774798a837956a88666a9529a564543
324792 1 35 15 2 0 0 0 0 0  aaa99997488aa8777698a863965a88747a9269a564535
324895 1 35 15 4 5 0 1 0 0  aaa99995388aa8777598a853956a88777a9649a666442
324900 1 35 15 5 0 0 0 0 0  aaa99997488aa8777698a863965a88647a9279a564535
324926 1 35 15 5 4 1 0 0 0  aaa99997588aa8777698a854936a88367a9679a652445
324928 1 35 15 5 4 2 0 0 0  aaa99997588aa8777698a845936a88367a9679a625445
324930 1 35 15 5 5 0 0 0 0  aaa99997488aa8777598a853956a88267a9679a663445
324941 1 35 15 6 0 2 1 0 0  aaa99996688aa8526698a864973a88735a9779a577544
324943 1 35 15 6 1 0 1 0 0  aaa99995388aa8666598a853975a88766a9779a477442
324949 1 35 15 6 2 0 1 0 0  aaa99995488aa8666598a854975a88726a9779a677343
324961 1 35 15 6 4 0 1 0 0  aaa99995588aa8656498a844973a88736a9779a677652
324967 1 35 15 6 5 0 1 0 0  aaa99995488aa8634598a854975a88726a9779a677663
325058 1 35 15 9 2 1 0 0 0  aaa99995488aa8666798a852937a88376a9769a775445
325060 1 35 15 9 2 2 0 0 0  aaa99994588aa8666798a825937a88376a9769a775445
325070 1 35 15 9 4 1 0 0 0  aaa99995488aa8656798a844937a88376a9769a775625
325072 1 35 15 9 4 2 0 0 0  aaa99994588aa8626798a844937a88376a9769a775655
325076 1 35 15 9 5 1 0 0 0  aaa99995488aa8652798a844937a88376a9769a775665
325078 1 35 15 9 5 2 0 0 0  aaa99994588aa8625798a844937a88376a9769a775665
325085 1 35 15 10 0 2 1 0 0  aaa99996688aa8526698a864937a88375a9759a777544
325087 1 35 15 10 1 0 1 0 0  aaa99995388aa8666598a853957a88676a9749a777442
325093 1 35 15 10 2 0 1 0 0  aaa99995488aa8666598a854957a88276a9769a777343
325105 1 35 15 10 4 0 1 0 0  aaa99995588aa8656498a844937a88376a9769a777652
325111 1 35 15 10 5 0 1 0 0  aaa99995488aa8634598a854957a88276a9769a777663
325243 1 35 16 3 3 0 1 0 0  aaa99997488aa8666798a874977a87286a9559a365534
325326 1 35 16 5 5 0 0 0 0  aaa99997488aa8777598a853956a83287a9679a666445
325375 1 35 16 7 1 0 1 0 0  aaa99997488aa8777698a867966a84287a9559a353654
325513 1 35 17 0 0 0 1 0 0  aaa99997788aa8866298a787976a78554a9349a365465
325514 1 35 17 0 0 1 0 0 0  aaa99997788aa8866298a787976a78555a9349a365464
325515 1 35 17 0 0 1 1 0 0  aaa99997788aa8866298a787976a78354a9539a465465
325516 1 35 17 0 0 2 0 0 0  aaa99997788aa8866298a787976a78354a9539a565464
325517 1 35 17 0 0 2 1 0 0  aaa99997788aa8866298a787975a78456a9449a556633
325524 1 35 17 0 2 0 0 0 0  aaa99997788aa8855298a787976a78666a9349a365544
325525 1 35 17 0 2 0 1 0 0  aaa99997788aa8835298a787976a78666a9559a465443
325526 1 35 17 0 2 1 0 0 0  aaa99997788aa8834298a787976a78666a9549a565543
325527 1 35 17 0 2 1 1 0 0  aaa99997788aa8835298a787976a78666a9549a565443
325528 1 35 17 0 2 2 0 0 0  aaa99997788aa8834298a787976a78666a9459a564553
325529 1 35 17 0 2 2 1 0 0  aaa99997788aa8864298a787976a78365a9359a564654
325530 1 35 17 0 3 0 0 0 0  aaa99997788aa8855298a787976a78666a9439a354654
325531 1 35 17 0 3 0 1 0 0  aaa99997788aa8854298a787976a78666a9559a354634
325532 1 35 17 0 3 1 0 0 0  aaa99997788aa8834298a787976a78666a9559a455643
325533 1 35 17 0 3 1 1 0 0  aaa99997788aa8854298a787976a78666a9539a554634
325534 1 35 17 0 3 2 0 0 0  aaa99997788aa8834298a787976a78666a9549a555643
325535 1 35 17 0 3 2 1 0 0  aaa99997788aa8843698a787976a78266a9659a543554
325542 1 35 17 0 5 0 0 0 0  aaa99997788aa8855298a787976a78364a9639a665544
325543 1 35 17 0 5 0 1 0 0  aaa99997788aa8854298a787976a78565a9639a664534
325544 1 35 17 0 5 1 0 0 0  aaa99997788aa8845298a787976a78365a9639a664554
325545 1 35 17 0 5 1 1 0 0  aaa99997788aa8854298a787976a78365a9639a664554
325546 1 35 17 0 5 2 0 0 0  aaa99997788aa8845298a787976a78364a9639a665455
325547 1 35 17 0 5 2 1 0 0  aaa99997788aa8825798a685943a78476a9469a637655
325596 1 35 17 2 2 0 0 0 0  aaa99995588aa8853798a787976a48267a9769a644653
325600 1 35 17 2 2 2 0 0 0  aaa99995488aa8853798a787976a58267a9769a644635
325621 1 35 17 3 0 0 1 0 0  aaa99996688aa8836798a784977a78567a9529a564543
325814 1 35 17 8 2 1 0 0 0  aaa99995488aa8852798a785977a78763a9639a644665
325816 1 35 17 8 2 2 0 0 0  aaa99994588aa8825798a785977a78763a9639a644665
325862 1 35 17 9 4 1 0 0 0  aaa99995488aa8844798a686957a58276a9769a773635
325864 1 35 17 9 4 2 0 0 0  aaa99993588aa8835798a686947a48476a9769a775652
325868 1 35 17 9 5 1 0 0 0  aaa99995488aa8844798a683957a58276a9769a773665
325870 1 35 17 9 5 2 0 0 0  aaa99993588aa8835798a685947a48476a9769a775662
325872 1 35 17 10 0 0 0 0 0  aaa99996688aa8836698a585947a68275a9749a777345
325898 1 35 17 10 4 1 0 0 0  aaa99995488aa8844698a683957a58276a9769a777635
325900 1 35 17 10 4 2 0 0 0  aaa99993588aa8835698a685947a48476a9769a777652
325909 1 35 18 0 0 0 1 0 0  aaa99997788aa8884298a778976a67665a9559a354634
325910 1 35 18 0 0 1 0 0 0  aaa99997788aa8884298a778976a67665a9549a553643
325912 1 35 18 0 0 2 0 0 0  aaa99997788aa8883298a778976a67665a9459a543654
325939 1 35 18 0 5 0 1 0 0  aaa99997788aa8884298a778976a57565a9639a664534
326017 1 35 18 3 0 0 1 0 0  aaa99996688aa8886798a738977a74567a9529a564543
326179 1 35 18 7 3 0 1 0 0  aaa99997488aa8884798a778976a66267a9559a353654
326210 1 35 18 8 2 1 0 0 0  aaa99995488aa8885798a758977a72763a9639a644665
326212 1 35 18 8 2 2 0 0 0  aaa99994588aa8885798a728977a75763a9639a644665
326334 1 35 19 0 5 0 0 0 0  aaa99997788aa8855298a775976a87384a9639a666544
326335 1 35 19 0 5 0 1 0 0  aaa99997788aa8854298a774976a87585a9639a666534
326336 1 35 19 0 5 1 0 0 0  aaa99997788aa8834498a774976a87585a9629a666553
326337 1 35 19 0 5 1 1 0 0  aaa99997788aa8854398a773976a87285a9659a666544
326338 1 35 19 0 5 2 0 0 0  aaa99997788aa8834498a774976a87285a9659a666553
326339 1 35 19 0 5 2 1 0 0  aaa99997788aa8835298a775947a87486a9469a635665
326354 1 35 19 1 2 1 0 0 0  aaa99995488aa8853798a775976a83286a9769a667445
326356 1 35 19 1 2 2 0 0 0  aaa99994588aa8835798a775976a85286a9769a667443
326367 1 35 19 1 4 1 1 0 0  aaa99995588aa8854798a774973a83686a9729a657664
326373 1 35 19 1 5 1 1 0 0  aaa99995588aa8854798a774973a83286a9769a657664
326390 1 35 19 2 2 1 0 0 0  aaa99995488aa8844798a775976a83287a9769a663565
326392 1 35 19 2 2 2 0 0 0  aaa99994588aa8835798a775976a85287a9769a664364
326396 1 35 19 2 3 1 0 0 0  aaa99995488aa8853798a775976a86287a9769a663445
326398 1 35 19 2 3 2 0 0 0  aaa99994588aa8835798a775976a86287a9769a665443
326402 1 35 19 2 4 1 0 0 0  aaa99995488aa8853798a775976a83287a9769a666445
326404 1 35 19 2 4 2 0 0 0  aaa99994588aa8835798a775976a85287a9769a666443
326408 1 35 19 2 5 1 0 0 0  aaa99996588aa8863798a773975a82487a9749a565646
326462 1 35 19 4 2 1 0 0 0  aaa99995488aa8853798a775976a83786a9769a662445
326464 1 35 19 4 2 2 0 0 0  aaa99994588aa8835798a775976a85786a9769a662443
326492 1 35 19 5 1 1 0 0 0  aaa99996588aa8844798a774977a83687a9669a563552
326514 1 35 19 5 5 0 0 0 0  aaa99996588aa8864798a773977a83587a9549a265646
326557 1 35 19 7 0 0 1 0 0  aaa99997688aa8866798a774976a84287a9559a365534
326570 1 35 19 7 2 1 0 0 0  aaa99997588aa8844798a774976a83687a9669a563552
326576 1 35 19 7 3 1 0 0 0  aaa99997588aa8844798a774976a83687a9669a555632
326593 1 35 19 8 0 0 1 0 0  aaa99996688aa8836798a777976a84587a9529a564543
326744 1 35 20 1 1 1 0 0 0  aaa99996488aa8883798a773976a68775a9659a644525
326786 1 35 20 2 2 1 0 0 0  aaa99995488aa8885798a773976a58267a9769a644635
326788 1 35 20 2 2 2 0 0 0  aaa99994588aa8885798a775976a38267a9769a635644
326852 1 35 20 4 1 1 0 0 0  aaa99996488aa8883798a773976a68765a9759a644525
326881 1 35 20 5 0 0 1 0 0  aaa99996688aa8886798a774977a38567a9529a564543
326982 1 35 20 7 5 0 0 0 0  aaa99997588aa8884798a773976a48567a9659a663254
327038 1 35 20 9 2 1 0 0 0  aaa99995488aa8883798a666957a58276a9769a773445
327040 1 35 20 9 2 2 0 0 0  aaa99993588aa8885798a666947a48476a9769a775352
327050 1 35 20 9 4 1 0 0 0  aaa99994488aa8884798a656957a58276a9769a773635
327052 1 35 20 9 4 2 0 0 0  aaa99993588aa8885798a636947a48476a9769a775652
327056 1 35 20 9 5 1 0 0 0  aaa99995488aa8883798a644957a58276a9769a773665
327058 1 35 20 9 5 2 0 0 0  aaa99993588aa8885798a635947a48476a9769a775662
327367 1 35 21 7 3 0 1 0 0  aaa99997488aa8888798a774976a66267a9559a353654
327672 1 35 22 5 0 0 0 0 0  aaa99996677aa8736697a575948a67285a9849a888345
327698 1 35 22 5 4 1 0 0 0  aaa99995477aa8744697a673958a57286a9869a888635
327700 1 35 22 5 4 2 0 0 0  aaa99993577aa8735697a675948a47486a9869a888652
327764 1 35 22 7 3 1 0 0 0  aaa99995477aa8744697a663968a73287a9859a888565
327766 1 35 22 7 3 2 0 0 0  aaa99993577aa8735697a665968a75487a9849a888462
327774 1 35 22 7 5 0 0 0 0  aaa99996577aa8763597a465958a73487a9849a888626
327919 1 36 0 0 5 0 1 0 0  aaa99999588aa7764398a774978a63828a9756a585646
327991 1 36 0 2 5 0 1 0 0  aaa99999588aa7774398a764978a63828a9756a585646
328014 1 36 0 3 3 0 0 0 0  aaa99999488aa7777698a663978a56858a9764a583524
328063 1 36 0 4 5 0 1 0 0  aaa99999788aa7773598a657958a43828a9564a687664
328070 1 36 0 5 0 1 0 0 0  aaa99999488aa7773698a763968a44878a9765a582556
328140 1 36 0 7 0 0 0 0 0  aaa99999588aa7774698a763968a73878a9654a585624
328142 1 36 0 7 0 1 0 0 0  aaa99999588aa7774698a763968a73878a9654a582654
328166 1 36 0 7 4 1 0 0 0  aaa99999588aa7774698a744968a73878a9666a583552
328310 1 36 1 0 4 1 0 0 0  aaa99999488aa8773698a757976a73868a9655a644825
328468 1 36 1 5 0 2 0 0 0  aaa99999488aa8777698a763965a73858a9672a455846
328494 1 36 1 5 5 0 0 0 0  aaa99999588aa8777598a745956a74868a9672a663834
328682 1 36 2 0 0 1 0 0 0  aaa99999488aa8773698a767976a73568a9586a545824
328684 1 36 2 0 0 2 0 0 0  aaa99999588aa8775698a767976a75468a9486a435823
328690 1 36 2 0 1 2 0 0 0  aaa99999488aa8773698a767976a76258a9586a545834
328699 1 36 2 0 3 0 1 0 0  aaa99999488aa8774698a767976a76268a9585a533845
328706 1 36 2 0 4 1 0 0 0  aaa99999488aa8773698a757976a73568a9685a644825
328708 1 36 2 0 4 2 0 0 0  aaa99999588aa8775698a747976a75468a9684a635823
328710 1 36 2 0 5 0 0 0 0  aaa99999588aa8773598a757976a75468a9684a663824
328712 1 36 2 0 5 1 0 0 0  aaa99999488aa8773498a757976a74568a9685a663825
328715 1 36 2 0 5 2 1 0 0  aaa99999588aa8775398a747976a73268a9684a665854
328735 1 36 2 1 3 0 1 0 0  aaa99999488aa8777798a764976a66268a9585a533845
328742 1 36 2 1 4 1 0 0 0  aaa99999488aa8777798a753976a63568a9685a644825
328744 1 36 2 1 4 2 0 0 0  aaa99999588aa8777798a745976a65468a9684a635823
328748 1 36 2 1 5 1 0 0 0  aaa99999488aa8777798a753976a44568a9685a663825
328750 1 36 2 1 5 2 0 0 0  aaa99999588aa8777798a745976a35468a9684a665823
328772 1 36 2 2 3 1 0 0 0  aaa99999488aa8777798a744966a63658a9587a653825
328890 1 36 2 5 5 0 0 0 0  aaa99999588aa8777598a745956a73468a9684a766832
328896 1 36 2 6 0 0 0 0 0  aaa99999588aa8664798a777977a63568a9584a625834
328912 1 36 2 6 2 2 0 0 0  aaa99999488aa8666798a777977a63258a9586a545834
328962 1 36 2 7 5 0 0 0 0  aaa99999788aa8777598a745956a73468a9684a665832
328987 1 36 2 8 3 0 1 0 0  aaa99999488aa8764798a777976a66268a9585a533845
328994 1 36 2 8 4 1 0 0 0  aaa99999488aa8753798a777976a63568a9685a644825
328996 1 36 2 8 4 2 0 0 0  aaa99999588aa8745798a777976a65468a9684a635823
329000 1 36 2 8 5 1 0 0 0  aaa99999488aa8753798a777976a44568a9685a663825
329002 1 36 2 8 5 2 0 0 0  aaa99999588aa8745798a777976a35468a9684a665823
329004 1 36 2 9 0 0 0 0 0  aaa99999588aa8664798a763977a77568a9584a625834
329020 1 36 2 9 2 2 0 0 0  aaa99999488aa8666798a763977a77258a9586a545834
329040 1 36 2 10 0 0 0 0 0  aaa99999488aa8663598a656957a63578a9784a777824
329058 1 36 2 10 3 0 0 0 0  aaa99999588aa8666598a645957a63478a9784a777832
329081 1 36 3 0 0 2 1 0 0  aaa99999688aa8774798a766926a84838a9757a563554
329102 1 36 3 0 4 1 0 0 0  aaa99999588aa8774798a744966a83868a9757a663552
329185 1 36 3 3 0 0 1 0 0  aaa99999588aa8664798a777976a84828a9736a655534
329294 1 36 3 6 0 1 0 0 0  aaa99999488aa8663798a777977a83858a9665a552446
329473 1 36 4 0 0 0 1 0 0  aaa99999688aa8774798a766926a84855a9787a365534
329475 1 36 4 0 0 1 1 0 0  aaa99999688aa8774798a766926a84853a9787a565534
329477 1 36 4 0 0 2 1 0 0  aaa99999688aa8774798a766926a84835a9787a563554
329498 1 36 4 0 4 1 0 0 0  aaa99999588aa8774798a744966a83865a9787a663552
329503 1 36 4 0 5 0 1 0 0  aaa99999588aa8774798a755926a84863a9787a666534
329575 1 36 4 2 5 0 1 0 0  aaa99999588aa8777798a755926a84863a9687a664534
329620 1 36 4 4 0 2 0 0 0  aaa99999488aa8777698a653967a83876a9685a752445
329656 1 36 4 5 0 2 0 0 0  aaa99999488aa8777698a763965a83857a9687a545624
329682 1 36 4 5 5 0 0 0 0  aaa99999488aa8777598a753956a83867a9687a662445
329797 1 36 4 9 0 0 1 0 0  aaa99999588aa8664798a656937a83872a9786a774554
329815 1 36 4 9 3 0 1 0 0  aaa99999588aa8666798a655927a84873a9786a774534
329833 1 36 4 10 0 0 1 0 0  aaa99999588aa8664698a655927a84873a9786a777534
329868 1 36 5 0 0 0 0 0 0  aaa99999588aa8773798a873966a82877a9565a465464
330192 1 36 5 9 0 0 0 0 0  aaa99999588aa8664798a855967a83874a9765a773246
330194 1 36 5 9 0 1 0 0 0  aaa99999588aa8664798a863967a83875a9764a772554
330229 1 36 5 10 0 0 1 0 0  aaa99999588aa8664398a864967a83872a9765a777554
330267 1 36 6 0 0 1 1 0 0  aaa99999688aa8774798a766926a84853a9757a565834
330269 1 36 6 0 0 2 1 0 0  aaa99999688aa8774798a766926a84835a9757a563854
330288 1 36 6 0 4 0 0 0 0  aaa99999588aa8774798a744956a86862a9757a663853
330414 1 36 6 4 1 0 0 0 0  aaa99999588aa8777698a664976a83865a9774a525834
330448 1 36 6 5 0 2 0 0 0  aaa99999488aa8777698a763965a83857a9567a465842
330479 1 36 6 5 5 2 1 0 0  aaa99999588aa8777498a735946a84867a9627a665853
330551 1 36 6 7 5 2 1 0 0  aaa99999788aa8777398a735926a85864a9647a665845
330594 1 36 6 9 1 0 0 0 0  aaa99999588aa8666798a545967a84875a9762a773834
330614 1 36 6 9 4 1 0 0 0  aaa99999588aa8664798a653947a84876a9765a773825
330647 1 36 6 10 3 2 1 0 0  aaa99999588aa8666398a635927a85874a9746a777845
330665 1 36 7 0 0 2 1 0 0  aaa99999688aa8877698a776976a37264a9548a555348
330673 1 36 7 0 2 0 1 0 0  aaa99999588aa8877698a773976a67264a9648a455538
330677 1 36 7 0 2 2 1 0 0  aaa99999488aa8877698a774976a67265a9658a533548
330722 1 36 7 1 4 1 0 0 0  aaa99999488aa8844798a773976a56775a9658a663528
330830 1 36 7 4 4 1 0 0 0  aaa99999488aa8844798a773976a56765a9758a663528
330947 1 36 7 7 5 2 1 0 0  aaa99999588aa8875798a775976a33267a9648a665448
331061 1 36 8 0 0 2 1 0 0  aaa99999688aa8774798a766926a88835a9757a563544
331069 1 36 8 0 2 0 1 0 0  aaa99999588aa8774798a755926a88863a9767a654634
331082 1 36 8 0 4 1 0 0 0  aaa99999488aa8773798a744966a88865a9757a663525
331236 1 36 8 5 0 0 0 0 0  aaa99999488aa8777698a763965a88847a9267a564535
331406 1 36 8 9 4 1 0 0 0  aaa99999488aa8663798a653957a88876a9765a772445
331408 1 36 8 9 4 2 0 0 0  aaa99999588aa8665798a645947a88876a9764a775332
331412 1 36 8 9 5 1 0 0 0  aaa99999488aa8653798a644957a88876a9765a773625
331414 1 36 8 9 5 2 0 0 0  aaa99999588aa8645798a635947a88876a9764a775623
331465 1 36 9 0 2 0 1 0 0  aaa99999588aa8774798a755966a86783a9287a664534
331477 1 36 9 0 4 0 1 0 0  aaa99999588aa8774798a755926a86783a9687a664534
331478 1 36 9 0 4 1 0 0 0  aaa99999588aa8774798a744926a86785a9687a663553
331483 1 36 9 0 5 0 1 0 0  aaa99999588aa8774798a755926a84783a9687a666534
331561 1 36 9 3 0 0 1 0 0  aaa99999588aa8664798a777976a84783a9286a655534
331598 1 36 9 4 0 1 0 0 0  aaa99999588aa8777698a654967a83286a9786a753445
331600 1 36 9 4 0 2 0 0 0  aaa99999588aa8777698a645967a85286a9786a735443
331616 1 36 9 4 3 1 0 0 0  aaa99999488aa8777698a663967a83586a9785a752445
331618 1 36 9 4 3 2 0 0 0  aaa99999588aa8777698a665967a85486a9784a745332
331626 1 36 9 4 5 0 0 0 0  aaa99999588aa8777598a465957a83484a9786a763626
331662 1 36 9 5 5 0 0 0 0  aaa99999488aa8777598a753956a83287a9687a666445
331739 1 36 9 7 5 2 1 0 0  aaa99999788aa8777398a736952a86584a9585a476466
331898 1 36 10 1 2 1 0 0 0  aaa99999588aa8854798a773976a83876a9765a662445
331900 1 36 10 1 2 2 0 0 0  aaa99999588aa8845798a775976a85876a9763a662443
331934 1 36 10 2 2 1 0 0 0  aaa99999588aa8854798a773976a83867a9765a644625
331936 1 36 10 2 2 2 0 0 0  aaa99999588aa8845798a775976a85867a9763a644623
331942 1 36 10 2 3 2 0 0 0  aaa99999488aa8853798a773976a86867a9765a652445
332006 1 36 10 4 2 1 0 0 0  aaa99999588aa8854798a773967a83876a9766a652445
332008 1 36 10 4 2 2 0 0 0  aaa99999588aa8845798a775967a85876a9766a644332
332018 1 36 10 4 4 1 0 0 0  aaa99999588aa8854798a773967a83876a9765a644625
332020 1 36 10 4 4 2 0 0 0  aaa99999588aa8845798a775967a85876a9763a644623
332282 1 36 11 1 0 1 0 0 0  aaa99999588aa8884798a773976a63876a9756a644552
332300 1 36 11 1 3 1 0 0 0  aaa99999488aa8883798a773976a66875a9756a644525
332316 1 36 11 2 0 0 0 0 0  aaa99999588aa8884798a773976a63847a9756a624565
332317 1 36 11 2 0 0 1 0 0  aaa99999488aa8884798a774976a63857a9756a653562
332318 1 36 11 2 0 1 0 0 0  aaa99999588aa8883798a773976a62857a9746a655464
332390 1 36 11 4 0 1 0 0 0  aaa99999588aa8884798a773967a63876a9764a562554
332402 1 36 11 4 2 1 0 0 0  aaa99999488aa8883798a773967a66875a9755a464652
332414 1 36 11 4 4 1 0 0 0  aaa99999588aa8884798a773967a53876a9765a644625
332416 1 36 11 4 4 2 0 0 0  aaa99999588aa8885798a775967a45876a9763a644623
332496 1 36 11 7 0 0 0 0 0  aaa99999588aa8884798a773976a63847a9665a274556
332497 1 36 11 7 0 0 1 0 0  aaa99999488aa8884798a774976a63857a9665a573526
332498 1 36 11 7 0 1 0 0 0  aaa99999588aa8883798a773976a62857a9664a575446
332534 1 36 11 8 0 1 0 0 0  aaa99999488aa8883798a777976a63857a9665a552446
332696 1 36 12 1 3 1 0 0 0  aaa99999488aa8863798a773976a66875a9758a644525
332800 1 36 12 4 2 2 0 0 0  aaa99999488aa8863798a773967a66875a9758a562454
332810 1 36 12 4 4 1 0 0 0  aaa99999588aa8854798a773967a53876a9768a644625
332812 1 36 12 4 4 2 0 0 0  aaa99999588aa8845798a775967a35876a9768a644623
332834 1 36 12 5 2 1 0 0 0  aaa99999588aa8854798a773977a53867a9628a644665
332836 1 36 12 5 2 2 0 0 0  aaa99999588aa8845798a775977a35867a9628a644663
332840 1 36 12 5 3 1 0 0 0  aaa99999588aa8864798a773977a44867a9668a563552
332870 1 36 12 6 2 1 0 0 0  aaa99999588aa8854798a777977a52863a9638a644665
332872 1 36 12 6 2 2 0 0 0  aaa99999588aa8845798a777977a25863a9638a644665
332892 1 36 12 7 0 0 0 0 0  aaa99999588aa8873798a773976a62847a9668a455546
332894 1 36 12 7 0 1 0 0 0  aaa99999488aa8873798a773976a62857a9668a455546
332918 1 36 12 7 4 1 0 0 0  aaa99999588aa8874798a773976a63867a9658a644552
332924 1 36 12 7 5 1 0 0 0  aaa99999588aa8874798a773976a44867a9658a663552
332978 1 36 12 9 2 1 0 0 0  aaa99999588aa8854798a752977a77863a9638a644665
332980 1 36 12 9 2 2 0 0 0  aaa99999588aa8845798a725977a77863a9638a644665
333626 1 36 14 5 2 1 0 0 0  aaa99999588aa8854798a788977a52763a9637a644665
333628 1 36 14 5 2 2 0 0 0  aaa99999588aa8845798a788977a25763a9637a644665
333858 1 36 15 0 5 0 0 0 0  aaa99999588aa8774798a873956a88767a9654a663254
334117 1 36 15 8 0 0 1 0 0  aaa99999588aa8664798a864976a88727a9737a655534
334224 1 36 16 0 0 0 0 0 0  aaa99999588aa8773798a873966a82787a9565a465464
334362 1 36 16 3 5 0 0 0 0  aaa99999588aa8674798a873977a87586a9564a625634
334369 1 36 16 4 0 0 1 0 0  aaa99999588aa8777698a864976a84783a9276a655534
334483 1 36 16 7 1 0 1 0 0  aaa99999788aa8777698a876966a83587a9524a543564
334550 1 36 16 9 0 1 0 0 0  aaa99999588aa8664798a863976a83785a9777a644552
334621 1 36 17 0 0 0 1 0 0  aaa99999488aa8877298a787976a78665a9565a534643
334623 1 36 17 0 0 1 1 0 0  aaa99999488aa8877298a787976a78665a9563a554643
334625 1 36 17 0 0 2 1 0 0  aaa99999388aa8877298a787976a78664a9546a555643
334630 1 36 17 0 1 2 0 0 0  aaa99999388aa8877298a787975a78666a9546a545436
334633 1 36 17 0 2 0 1 0 0  aaa99999388aa8877298a787976a78666a9545a563445
335287 1 36 18 7 3 0 1 0 0  aaa99999488aa8884798a778976a66267a9556a375534
335463 1 36 19 1 2 1 1 0 0  aaa99999488aa8855798a774973a83682a9766a657564
335475 1 36 19 1 4 1 1 0 0  aaa99999488aa8855798a774973a83686a9725a657664
335481 1 36 19 1 5 1 1 0 0  aaa99999488aa8855798a774973a83286a9765a657664
335492 1 36 19 2 1 1 0 0 0  aaa99999588aa8854798a773976a83687a9766a652445
335494 1 36 19 2 1 2 0 0 0  aaa99999588aa8845798a775976a85687a9766a644332
335504 1 36 19 2 3 1 0 0 0  aaa99999588aa8864798a773975a83687a9766a655442
335510 1 36 19 2 4 1 0 0 0  aaa99999488aa8853798a773976a82587a9765a666445
335512 1 36 19 2 4 2 0 0 0  aaa99999588aa8845798a775976a85487a9764a666332
335516 1 36 19 2 5 1 0 0 0  aaa99999588aa8863798a773975a82487a9746a565646
335570 1 36 19 4 2 1 0 0 0  aaa99999588aa8854798a773976a83786a9765a662445
335572 1 36 19 4 2 2 0 0 0  aaa99999588aa8845798a775976a85786a9763a662443
335600 1 36 19 5 1 1 0 0 0  aaa99999588aa8864798a773977a83687a9664a562554
335622 1 36 19 5 5 0 0 0 0  aaa99999588aa8864798a773977a83587a9546a265646
335678 1 36 19 7 2 1 0 0 0  aaa99999588aa8874798a773976a83687a9664a562554
335682 1 36 19 7 3 0 0 0 0  aaa99999588aa8874798a773976a83687a9665a455642
335684 1 36 19 7 3 1 0 0 0  aaa99999588aa8874798a773976a83687a9664a555624
335694 1 36 19 7 5 0 0 0 0  aaa99999588aa8874798a773976a83587a9654a666254
335960 1 36 20 4 1 1 0 0 0  aaa99999488aa8883798a773976a68765a9756a644525
336108 1 36 20 8 2 0 0 0 0  aaa99999488aa8883798a777976a58657a9664a563524
336475 1 36 21 7 3 0 1 0 0  aaa99999488aa8888798a774976a66267a9556a375534
336623 1 36 22 0 3 2 1 0 0  aaa99999577aa8666397a635928a75784a9846a888745
336874 1 36 22 7 3 2 0 0 0  aaa99999577aa8735697a665968a75487a9843a888462
336882 1 36 22 7 5 0 0 0 0  aaa99999577aa8763597a465958a73487a9846a888626
337004 1 37 0 0 1 1 0 0 0  aaa99988578aa9874798a484978a63676a6599a575632
337016 1 37 0 0 3 1 0 0 0  aaa99988578aa9874798a683978a44676a6699a573552
337106 1 37 0 3 0 1 0 0 0  aaa99988578aa9874798a787968a63664a4599a575632
337154 1 37 0 4 2 1 0 0 0  aaa99988578aa9877698a784968a63657a3699a755442
337170 1 37 0 4 5 0 0 0 0  aaa99988678aa9877298a786958a56537a6399a746544
337171 1 37 0 4 5 0 1 0 0  aaa99988678aa9877298a786958a56547a6499a746533
337175 1 37 0 4 5 2 1 0 0  aaa99988678aa9877498a786948a46257a6599a755363
337178 1 37 0 5 0 1 0 0 0  aaa99988578aa9877798a784968a63664a4599a575632
337331 1 37 0 9 1 2 1 0 0  aaa99988568aa9866298a685978a45376a3799a777454
337361 1 37 0 10 0 2 1 0 0  aaa99988768aa9867698a587968a47335a7299a567454
337607 1 37 1 5 5 2 1 0 0  aaa99988887aa9877893a475987a25364a5699a666745
337681 1 37 1 8 0 0 1 0 0  aaa99988886aa9865897a777986a55763a4299a754634
337695 1 37 1 8 2 1 1 0 0  aaa99988886aa9866897a777985a55753a4299a764634
337769 1 37 1 10 2 2 1 0 0  aaa99988886aa9866893a465987a25374a5799a777645
337790 1 37 2 0 0 1 0 0 0  aaa99988887aa9874898a773976a63765a6599a545624
337808 1 37 2 0 3 1 0 0 0  aaa99988887aa9874898a773976a66764a4599a553652
337814 1 37 2 0 4 1 0 0 0  aaa99988887aa9875898a774976a63765a3699a644552
337820 1 37 2 0 5 1 0 0 0  aaa99988887aa9875898a774976a44765a3699a663552
337910 1 37 2 3 2 1 0 0 0  aaa99988887aa9847898a527977a74666a3599a566534
337912 1 37 2 3 2 2 0 0 0  aaa99988887aa9857898a457977a73666a3499a466525
338165 1 37 2 10 2 2 1 0 0  aaa99988886aa9866898a465937a35274a5799a777645
338291 1 37 3 2 5 2 1 0 0  aaa99988878aa9877793a485987a25364a5699a666745
338294 1 37 3 3 0 1 0 0 0  aaa99988878aa9875797a784986a63664a4599a575632
338402 1 37 3 6 0 1 0 0 0  aaa99988878aa9877797a784986a63664a4599a553652
338455 1 37 3 7 3 0 1 0 0  aaa99988878aa9877796a686985a54653a7299a674534
338510 1 37 3 9 0 1 0 0 0  aaa99988878aa9874797a787986a63664a4599a553652
338549 1 37 3 10 0 2 1 0 0  aaa99988868aa9865693a485987a26374a5799a777645
338567 1 37 3 10 3 2 1 0 0  aaa99988868aa9866693a485987a25374a5799a777645
338779 1 37 4 5 3 0 1 0 0  aaa99988888aa9855797a754927a75766a6699a384634
338944 1 37 4 10 0 2 0 0 0  aaa99988888aa9857696a457936a57644a7399a687572
338945 1 37 4 10 0 2 1 0 0  aaa99988888aa9857696a457936a57624a7399a687475
338953 1 37 4 10 2 0 1 0 0  aaa99988888aa9847696a647956a67553a7299a587374
338962 1 37 4 10 3 2 0 0 0  aaa99988888aa9857696a657946a57643a7499a387572
338963 1 37 4 10 3 2 1 0 0  aaa99988888aa9857696a657926a57643a7499a487375
338978 1 37 5 0 0 1 0 0 0  aaa99988878aa9875796a864975a63667a3599a485742
338980 1 37 5 0 0 2 0 0 0  aaa99988878aa9875796a865974a65667a5399a483742
338998 1 37 5 0 3 2 0 0 0  aaa99988878aa9874796a866975a63657a3599a485742
339000 1 37 5 0 4 0 0 0 0  aaa99988878aa9875795a845976a64567a3699a683724
339002 1 37 5 0 4 1 0 0 0  aaa99988878aa9875795a855976a64467a4699a683732
339006 1 37 5 0 5 0 0 0 0  aaa99988878aa9874795a853976a44567a3699a686725
339037 1 37 5 1 4 0 1 0 0  aaa99988878aa9877792a855976a65763a4699a684534
339179 1 37 5 5 3 2 1 0 0  aaa99988878aa9877797a835966a65642a5499a684753
339251 1 37 5 7 3 2 1 0 0  aaa99988878aa9877796a866925a64653a7599a584734
339349 1 37 5 10 2 0 1 0 0  aaa99988868aa9847696a847956a67553a7299a587374
339366 1 37 5 10 5 0 0 0 0  aaa99988828aa9867595a867945a67543a7499a387676
339367 1 37 5 10 5 0 1 0 0  aaa99988858aa9867592a867954a67543a7499a387676
339382 1 37 6 0 1 2 0 0 0  aaa99988878aa9874798a583976a66675a3699a572454
339391 1 37 6 0 3 0 1 0 0  aaa99988878aa9875798a585976a66275a4699a374634
339498 1 37 6 3 3 0 0 0 0  aaa99988878aa9874798a787966a63655a3599a672454
339570 1 37 6 5 3 0 0 0 0  aaa99988878aa9877798a784966a63655a3599a672454
339662 1 37 6 8 0 1 0 0 0  aaa99988878aa9874798a787976a63664a4599a553652
339755 1 37 6 10 3 2 1 0 0  aaa99988868aa9866698a485937a35274a5799a777645
339763 1 37 6 10 5 0 1 0 0  aaa99988858aa9856598a486937a36274a6799a777465
339770 1 37 7 0 0 1 0 0 0  aaa99977588aa9884698a767976a73884a4699a555632
339776 1 37 7 0 1 1 0 0 0  aaa99977488aa9883698a767976a76884a4599a553652
339794 1 37 7 0 4 1 0 0 0  aaa99977588aa9884698a747976a73885a3699a662554
339847 1 37 7 2 1 0 1 0 0  aaa99977788aa9885798a755962a66883a4699a674534
339853 1 37 7 2 2 0 1 0 0  aaa99977788aa9885798a755966a64883a4299a676534
339854 1 37 7 2 2 1 0 0 0  aaa99977788aa9885798a744966a64885a3299a676553
339865 1 37 7 2 4 0 1 0 0  aaa99977788aa9885798a755966a66883a4299a674534
339932 1 37 7 4 3 1 0 0 0  aaa99977788aa9885698a664967a53886a3799a752445
339934 1 37 7 4 3 2 0 0 0  aaa99977788aa9885698a665967a45886a5799a744332
339942 1 37 7 4 5 0 0 0 0  aaa99977788aa9884598a563957a63884a4799a762656
339950 1 37 7 5 0 1 0 0 0  aaa99977788aa9885698a764965a73887a3699a545624
339952 1 37 7 5 0 2 0 0 0  aaa99977788aa9885698a765964a75887a5699a433642
339978 1 37 7 5 5 0 0 0 0  aaa99977788aa9884598a753956a73887a2699a666445
340188 1 37 8 0 4 0 0 0 0  aaa99988878aa9875795a485976a64567a3699a683742
340190 1 37 8 0 4 1 0 0 0  aaa99988878aa9875795a585976a64467a4699a683732
340199 1 37 8 0 5 2 1 0 0  aaa99988878aa9875794a484976a35267a5699a686753
340239 1 37 8 2 0 1 1 0 0  aaa99988878aa9877796a684975a55653a6299a684734
340257 1 37 8 2 3 1 1 0 0  aaa99988878aa9877796a686975a55653a4299a684734
340271 1 37 8 2 5 2 1 0 0  aaa99988878aa9877793a485976a25364a5699a686745
340290 1 37 8 3 3 0 0 0 0  aaa99988878aa9875797a784966a63654a5599a683247
340379 1 37 8 5 5 2 1 0 0  aaa99988878aa9877797a485936a35264a5699a686745
340398 1 37 8 6 3 0 0 0 0  aaa99988878aa9877797a784966a63655a3599a682454
340454 1 37 8 8 0 1 0 0 0  aaa99988878aa9875797a784967a63664a4599a585632
340506 1 37 8 9 3 0 0 0 0  aaa99988878aa9874797a787966a63655a3599a682454
340524 1 37 8 10 0 0 0 0 0  aaa99988868aa9867695a587964a47533a7499a587672
340529 1 37 8 10 0 2 1 0 0  aaa99988868aa9867695a487956a37524a7599a487673
340531 1 37 8 10 1 0 1 0 0  aaa99988868aa9867696a387954a57543a7499a287675
340535 1 37 8 10 1 2 1 0 0  aaa99988868aa9867696a487935a37254a7599a587476
340536 1 37 8 10 2 0 0 0 0  aaa99988868aa9837696a587956a67545a7299a487473
340554 1 37 8 10 5 0 0 0 0  aaa99988858aa9857495a687943a57436a7299a687667
340555 1 37 8 10 5 0 1 0 0  aaa99988858aa9857495a687944a57336a7299a687667
340556 1 37 8 10 5 1 0 0 0  aaa99988858aa9857595a687944a27436a7399a687667
340557 1 37 8 10 5 1 1 0 0  aaa99988858aa9857595a687944a47336a7299a687667
340558 1 37 8 10 5 2 0 0 0  aaa99988848aa9847594a687955a57336a7299a687667
340559 1 37 8 10 5 2 1 0 0  aaa99988838aa9837594a687955a57426a7499a687667
340561 1 37 9 0 0 0 1 0 0  aaa99988878aa9875796a684976a55276a8699a374534
340562 1 37 9 0 0 1 0 0 0  aaa99988878aa9875796a684976a44276a8699a573553
340651 1 37 9 2 3 0 1 0 0  aaa99988878aa9877796a686975a54653a8299a674534
340674 1 37 9 3 1 0 0 0 0  aaa99988878aa9874797a783966a63656a8499a574525
340676 1 37 9 3 1 1 0 0 0  aaa99988878aa9874797a783966a63656a8599a572454
340686 1 37 9 3 3 0 0 0 0  aaa99988878aa9874797a783966a63655a8599a672454
340846 1 37 9 7 5 2 0 0 0  aaa99988878aa9877794a485946a25363a8699a667755
340847 1 37 9 7 5 2 1 0 0  aaa99988878aa9877794a385946a25463a8699a667755
340848 1 37 9 8 0 0 0 0 0  aaa99988878aa9874797a783967a63656a8499a564525
340850 1 37 9 8 0 1 0 0 0  aaa99988878aa9874797a783967a63656a8599a562454
340925 1 37 9 10 0 2 1 0 0  aaa99988868aa9865693a485967a25374a8799a777645
340951 1 37 9 10 5 0 1 0 0  aaa99988868aa9853696a686957a53574a8799a777442
340963 1 37 10 0 1 0 1 0 0  aaa99977588aa9884398a767978a73866a6299a565544
340967 1 37 10 0 1 2 1 0 0  aaa99977588aa9885298a767978a75866a6499a464353
341120 1 37 10 4 3 1 0 0 0  aaa99977788aa9885698a664968a53876a3799a752445
341122 1 37 10 4 3 2 0 0 0  aaa99977788aa9885698a665968a45876a5799a744332
341130 1 37 10 4 5 0 0 0 0  aaa99977788aa9884598a563958a63874a4799a762656
341138 1 37 10 5 0 1 0 0 0  aaa99977788aa9885698a764968a73857a3699a545624
341140 1 37 10 5 0 2 0 0 0  aaa99977788aa9885698a765968a75847a5699a433642
341160 1 37 10 5 4 0 0 0 0  aaa99977788aa9884598a753958a73867a6699a662445
341166 1 37 10 5 5 0 0 0 0  aaa99977788aa9884598a753958a73867a2699a666445
341223 1 37 10 7 2 1 1 0 0  aaa99977788aa9887698a766928a74855a5599a364634
341225 1 37 10 7 2 2 1 0 0  aaa99977788aa9887698a766928a74853a4599a565634
341354 1 37 11 0 0 1 0 0 0  aaa99977488aa9888698a767976a73864a4599a553652
341437 1 37 11 2 2 0 1 0 0  aaa99977788aa9888798a755966a65863a4299a674534
341500 1 37 11 4 0 2 0 0 0  aaa99977788aa9888698a654967a53876a3699a752445
341536 1 37 11 5 0 2 0 0 0  aaa99977788aa9888698a764965a73857a3699a545624
341562 1 37 11 5 5 0 0 0 0  aaa99977788aa9888598a754956a73867a3699a662445
341750 1 37 12 0 0 1 0 0 0  aaa99977588aa9884698a767976a73864a4899a555632
341774 1 37 12 0 4 1 0 0 0  aaa99977588aa9884698a747976a73865a3899a662554
341828 1 37 12 2 1 1 0 0 0  aaa99977788aa9885798a744966a64866a3899a573552
341834 1 37 12 2 2 1 0 0 0  aaa99977788aa9885798a744966a64865a3899a673552
341840 1 37 12 2 3 1 0 0 0  aaa99977788aa9885798a764966a63865a3899a572454
341842 1 37 12 2 3 2 0 0 0  aaa99977788aa9885798a765966a65864a5899a474332
341912 1 37 12 4 3 1 0 0 0  aaa99977788aa9885698a664967a53876a3899a752445
341914 1 37 12 4 3 2 0 0 0  aaa99977788aa9885698a665967a45876a5899a744332
341922 1 37 12 4 5 0 0 0 0  aaa99977788aa9884598a563957a63874a4899a762656
341958 1 37 12 5 5 0 0 0 0  aaa99977788aa9884598a753956a73867a2899a666445
342158 1 37 13 0 2 1 0 0 0  aaa99977588aa9884798a748966a63875a3299a676554
342292 1 37 13 4 0 2 0 0 0  aaa99977788aa9884698a658967a53876a3699a752445
342328 1 37 13 5 0 2 0 0 0  aaa99977788aa9884698a768965a73857a3699a545624
342334 1 37 13 5 1 2 0 0 0  aaa99977788aa9884698a768966a73857a3599a545624
342354 1 37 13 5 5 0 0 0 0  aaa99977788aa9884598a758956a73867a3699a662445
342540 1 37 14 0 0 0 0 0 0  aaa99977588aa9884796a763988a68676a3599a572454
342542 1 37 14 0 0 1 0 0 0  aaa99977588aa9884796a763988a68676a3599a575442
342564 1 37 14 0 4 0 0 0 0  aaa99977588aa9884795a745988a28676a3599a673664
342613 1 37 14 2 0 0 1 0 0  aaa99977788aa9886297a766988a78565a4599a364534
342823 1 37 14 7 5 0 1 0 0  aaa99977788aa9887295a754988a78563a4699a666534
342941 1 37 15 0 0 2 1 0 0  aaa99988877aa9866697a865937a85724a6399a785445
342953 1 37 15 0 2 2 1 0 0  aaa99988877aa9865697a866927a85743a5499a784635
342954 1 37 15 0 3 0 0 0 0  aaa99988877aa9864697a866967a83755a3599a782454
342971 1 37 15 0 5 2 1 0 0  aaa99988877aa9856397a856937a86742a6499a784565
342974 1 37 15 1 0 1 0 0 0  aaa99988877aa9875697a864965a83774a4699a585632
343043 1 37 15 2 5 2 1 0 0  aaa99988877aa9876397a846937a86752a6599a585464
343150 1 37 15 5 5 2 0 0 0  aaa99988877aa9876497a847947a86335a6299a586556
343151 1 37 15 5 5 2 1 0 0  aaa99988877aa9876397a837947a86425a6499a586556
343182 1 37 15 6 5 0 0 0 0  aaa99988877aa9877295a856977a86544a6499a386365
343183 1 37 15 6 5 0 1 0 0  aaa99988877aa9877295a856977a86543a6499a486365
343186 1 37 15 6 5 2 0 0 0  aaa99988877aa9877494a826977a86435a6399a586556
343187 1 37 15 6 5 2 1 0 0  aaa99988877aa9877494a846977a86335a6299a586556
343217 1 37 15 7 4 2 1 0 0  aaa99988877aa9875397a835967a85666a6499a484752
343221 1 37 15 7 5 1 1 0 0  aaa99988877aa9876597a836957a86524a6599a486743
343222 1 37 15 7 5 2 0 0 0  aaa99988877aa9876497a846947a86353a6599a585762
343223 1 37 15 7 5 2 1 0 0  aaa99988877aa9876397a836927a86555a5499a484766
343258 1 37 15 8 5 2 0 0 0  aaa99988877aa9877497a846947a86335a6299a586556
343259 1 37 15 8 5 2 1 0 0  aaa99988877aa9877397a836947a86425a6499a586556
343294 1 37 15 9 5 2 0 0 0  aaa99988874aa9846797a877947a86335a6299a586556
343295 1 37 15 9 5 2 1 0 0  aaa99988873aa9836797a877947a86425a6499a586556
343299 1 37 15 10 0 1 1 0 0  aaa99988866aa9847296a847956a87653a7599a587374
343308 1 37 15 10 2 0 0 0 0  aaa99988866aa9867295a857966a87544a7499a387375
343309 1 37 15 10 2 0 1 0 0  aaa99988866aa9867295a857966a87543a7499a487375
343312 1 37 15 10 2 2 0 0 0  aaa99988866aa9867495a847954a87533a7599a287676
343313 1 37 15 10 2 2 1 0 0  aaa99988866aa9867395a837954a87542a7599a487676
343318 1 37 15 10 3 2 0 0 0  aaa99988866aa9867496a847945a87353a7599a587672
343319 1 37 15 10 3 2 1 0 0  aaa99988866aa9867494a847965a87353a7599a587672
343324 1 37 15 10 4 2 0 0 0  aaa99988864aa9847696a867945a87653a7599a587372
343325 1 37 15 10 4 2 1 0 0  aaa99988863aa9847696a867935a87652a7599a587474
343326 1 37 15 10 5 0 0 0 0  aaa99988855aa9827494a857956a87463a7699a686377
343327 1 37 15 10 5 0 1 0 0  aaa99988854aa9857495a827946a87363a7699a686577
343328 1 37 15 10 5 1 0 0 0  aaa99988855aa9857495a847946a87363a7699a686277
343329 1 37 15 10 5 1 1 0 0  aaa99988855aa9857494a847956a87363a7699a686277
343330 1 37 15 10 5 2 0 0 0  aaa99988854aa9847595a857946a87363a7699a686277
343331 1 37 15 10 5 2 1 0 0  aaa99988863aa9845696a686937a85278a5799a777454
343349 1 37 16 0 2 2 1 0 0  aaa99988877aa9865697a866937a85724a8399a765445
343367 1 37 16 0 5 2 1 0 0  aaa99988877aa9865397a865937a85742a8499a764656
343419 1 37 16 2 2 1 1 0 0  aaa99988877aa9874697a866927a84755a8599a365634
343421 1 37 16 2 2 2 1 0 0  aaa99988877aa9874697a866927a84753a8599a565634
343537 1 37 16 5 4 0 1 0 0  aaa99988877aa9874597a857957a84266a8699a366534
343541 1 37 16 5 4 2 1 0 0  aaa99988877aa9875297a847967a85363a8699a665454
343547 1 37 16 5 5 2 1 0 0  aaa99988877aa9875497a827946a84363a8699a665755
343611 1 37 16 7 4 1 1 0 0  aaa99988877aa9874597a855957a84266a8699a366734
343612 1 37 16 7 4 2 0 0 0  aaa99988877aa9875497a845937a85366a8699a266754
343613 1 37 16 7 4 2 1 0 0  aaa99988877aa9875497a844937a85366a8699a266755
343619 1 37 16 7 5 2 1 0 0  aaa99988877aa9875497a825947a84363a8699a666755
343645 1 37 16 8 4 0 1 0 0  aaa99988877aa9877597a854957a84266a8699a366534
343649 1 37 16 8 4 2 1 0 0  aaa99988877aa9877297a845967a85363a8699a665454
343655 1 37 16 8 5 2 1 0 0  aaa99988877aa9877497a825946a84363a8699a665755
343681 1 37 16 9 4 0 1 0 0  aaa99988875aa9854797a877957a84266a8699a366534
343685 1 37 16 9 4 2 1 0 0  aaa99988872aa9845797a877967a85363a8699a665454
343691 1 37 16 9 5 2 1 0 0  aaa99988873aa9845797a877936a85762a8699a665454
343693 1 37 16 10 0 0 1 0 0  aaa99988866aa9853596a853957a86674a8799a777442
343709 1 37 16 10 2 2 1 0 0  aaa99988866aa9863595a855967a86274a8799a777443
343715 1 37 16 10 3 2 1 0 0  aaa99988866aa9865494a846967a85373a8799a777255
343721 1 37 16 10 4 2 1 0 0  aaa99988866aa9866595a855967a83274a8799a777443
343727 1 37 16 10 5 2 1 0 0  aaa99988863aa9854696a686937a58278a4799a777545
343728 1 37 17 0 0 0 0 0 0  aaa99977588aa9884798a768968a63676a3599a572454
343730 1 37 17 0 0 1 0 0 0  aaa99977588aa9884798a768968a63676a3599a575442
343752 1 37 17 0 4 0 0 0 0  aaa99977588aa9884798a748958a25676a3599a673664
343932 1 37 17 5 4 0 0 0 0  aaa99977788aa9884598a758958a73267a6699a663445
344015 1 37 17 7 5 2 1 0 0  aaa99977788aa9887598a478958a55367a3699a666442
344069 1 37 17 9 2 2 1 0 0  aaa99966688aa9884298a658978a54376a3799a777545
344081 1 37 17 9 4 2 1 0 0  aaa99965688aa9884298a658978a54376a3799a777645
344125 1 37 18 0 0 0 1 0 0  aaa99977688aa9888297a766988a77565a4599a364534
344246 1 37 18 3 2 1 0 0 0  aaa99954788aa9888797a774988a27666a3599a566534
344248 1 37 18 3 2 2 0 0 0  aaa99945788aa9888797a773988a57666a3499a466525
344564 1 37 19 1 1 1 0 0 0  aaa99985488aa9885798a773978a53776a6699a662445
344566 1 37 19 1 1 2 0 0 0  aaa99984588aa9885798a775978a35776a6699a662443
344570 1 37 19 1 2 1 0 0 0  aaa99985488aa9885798a773978a44776a3699a662565
344572 1 37 19 1 2 2 0 0 0  aaa99984588aa9885798a775978a35776a4699a662364
344574 1 37 19 1 3 0 0 0 0  aaa99985588aa9885798a774978a53776a3699a662446
344576 1 37 19 1 3 1 0 0 0  aaa99986588aa9885798a774978a55776a3699a663442
344582 1 37 19 1 4 1 0 0 0  aaa99985488aa9885798a773978a53776a2699a666445
344584 1 37 19 1 4 2 0 0 0  aaa99984588aa9885798a775978a35776a2699a666443
344588 1 37 19 1 5 1 0 0 0  aaa99986588aa9884798a773978a63774a4599a565626
344593 1 37 19 2 0 0 1 0 0  aaa99986688aa9886798a775978a55267a4799a364534
344600 1 37 19 2 1 1 0 0 0  aaa99985488aa9885798a773978a53667a6799a644625
344602 1 37 19 2 1 2 0 0 0  aaa99984588aa9885798a775978a35667a6799a644623
344606 1 37 19 2 2 1 0 0 0  aaa99985488aa9885798a773978a53667a6799a662445
344608 1 37 19 2 2 2 0 0 0  aaa99984588aa9885798a775978a35667a6799a662443
344614 1 37 19 2 3 2 0 0 0  aaa99985688aa9884798a773978a53667a6799a652445
344618 1 37 19 2 4 1 0 0 0  aaa99985488aa9885798a773978a53667a2799a666445
344620 1 37 19 2 4 2 0 0 0  aaa99984588aa9885798a775978a35667a2799a666443
344622 1 37 19 2 5 0 0 0 0  aaa99986588aa9884798a773978a63557a2799a465646
344624 1 37 19 2 5 1 0 0 0  aaa99986588aa9884798a773978a63557a5799a464626
344672 1 37 19 4 1 1 0 0 0  aaa99986588aa9884798a773978a44766a6799a563552
344690 1 37 19 4 4 1 0 0 0  aaa99986588aa9884798a773978a44765a3799a666552
344726 1 37 19 5 4 1 0 0 0  aaa99985488aa9885798a773978a57267a6699a663445
344728 1 37 19 5 4 2 0 0 0  aaa99984588aa9885798a775978a37267a6699a665443
344780 1 37 19 7 1 1 0 0 0  aaa99987588aa9884798a773978a44667a6599a655632
344796 1 37 19 7 4 0 0 0 0  aaa99987588aa9884798a773978a55647a4699a666532
344798 1 37 19 7 4 1 0 0 0  aaa99987588aa9885798a774978a55267a6699a663443
344834 1 37 19 8 4 1 0 0 0  aaa99985488aa9885798a777978a53267a6699a663445
344836 1 37 19 8 4 2 0 0 0  aaa99984588aa9885798a777978a35267a6699a665443
344850 1 37 19 9 1 0 0 0 0  aaa99985688aa9884698a663978a46575a3799a777524
344880 1 37 19 10 0 0 0 0 0  aaa99987588aa9884698a673968a73556a2699a475747
344882 1 37 19 10 0 1 0 0 0  aaa99987588aa9884698a673968a73556a5699a474727
345120 1 37 20 5 4 0 0 0 0  aaa99977788aa9888598a754958a73267a6699a663445
345193 1 37 20 7 4 0 1 0 0  aaa99977788aa9888598a754958a74266a7699a366534
345197 1 37 20 7 4 2 1 0 0  aaa99977788aa9888298a745968a75363a7699a665454
345203 1 37 20 7 5 2 1 0 0  aaa99977788aa9888498a375948a47267a5699a666355
345257 1 37 20 9 2 2 1 0 0  aaa99966688aa9888298a654978a54376a3799a777545
345516 1 37 21 5 4 0 0 0 0  aaa99977785aa9754898a888958a73267a6699a663445
345589 1 37 21 7 4 0 1 0 0  aaa99977785aa9754898a888958a74266a7699a366534
345593 1 37 21 7 4 2 1 0 0  aaa99977782aa9745898a888968a75363a7699a665454
345599 1 37 21 7 5 2 1 0 0  aaa99977784aa9375898a888948a47267a5699a666355
345653 1 37 21 9 2 2 1 0 0  aaa99966682aa9654898a888978a54376a3799a777545
346157 1 38 0 1 2 2 1 0 0  aaa99998878aa7784798a528896a74666a9359a563547
346174 1 38 0 1 5 2 0 0 0  aaa99998878aa7785798a448896a75364a9639a665257
346175 1 38 0 1 5 2 1 0 0  aaa99998878aa7784798a538896a74265a9659a664357
346382 1 38 0 7 4 1 0 0 0  aaa99998878aa7784798a548896a26575a9679a663534
346384 1 38 0 7 4 2 0 0 0  aaa99998878aa7783798a458896a56474a9679a663525
346420 1 38 0 8 4 2 0 0 0  aaa99998878aa7787798a548896a36275a9659a664354
346428 1 38 0 9 0 0 0 0 0  aaa99998878aa7686298a668897a56374a9739a755454
346429 1 38 0 9 0 0 1 0 0  aaa99998878aa7686398a668897a36575a9729a754544
346431 1 38 0 9 0 1 1 0 0  aaa99998878aa7686398a668897a36275a9759a754544
346433 1 38 0 9 0 2 1 0 0  aaa99998878aa7686698a648897a43275a9759a746553
346457 1 38 0 9 4 2 1 0 0  aaa99998878aa7686398a658897a53276a9769a754544
346463 1 38 0 9 5 2 1 0 0  aaa99998878aa7684398a658897a53276a9769a754645
346585 1 38 1 2 2 0 1 0 0  aaa99997588aa8777798a755696a64828a9639a654834
346603 1 38 1 2 5 0 1 0 0  aaa99997588aa8777798a755296a54868a9639a664834
346958 1 38 2 1 4 1 0 0 0  aaa99995488aa8777798a753796a65268a9689a644835
346960 1 38 2 1 4 2 0 0 0  aaa99994588aa8777798a735796a65268a9689a635844
346964 1 38 2 1 5 1 0 0 0  aaa99995488aa8777798a753796a44268a9689a665835
346966 1 38 2 1 5 2 0 0 0  aaa99994588aa8777798a735796a35268a9689a665844
346988 1 38 2 2 3 1 0 0 0  aaa99997488aa8777798a744696a63658a9589a653825
347075 1 38 2 4 5 2 1 0 0  aaa99996588aa8777498a265497a64378a9389a765856
347128 1 38 2 6 2 2 0 0 0  aaa99996488aa8666798a777797a63258a9589a545834
347136 1 38 2 6 4 0 0 0 0  aaa99995588aa8354798a777797a45668a9289a666834
347137 1 38 2 6 4 0 1 0 0  aaa99995588aa8335798a777797a54668a9289a666844
347142 1 38 2 6 5 0 0 0 0  aaa99995588aa8354798a777797a45268a9689a666834
347143 1 38 2 6 5 0 1 0 0  aaa99995588aa8335798a777797a54268a9689a666844
347169 1 38 2 7 3 1 1 0 0  aaa99997488aa8777698a766695a57258a9589a364834
347178 1 38 2 7 5 0 0 0 0  aaa99997588aa8777598a745396a57368a9689a664824
347179 1 38 2 7 5 0 1 0 0  aaa99997588aa8777598a745596a47268a9689a663834
347210 1 38 2 8 4 1 0 0 0  aaa99995488aa8753798a777796a65268a9689a644835
347212 1 38 2 8 4 2 0 0 0  aaa99994588aa8735798a777796a65268a9689a635844
347216 1 38 2 8 5 1 0 0 0  aaa99995488aa8753798a777796a44268a9689a665835
347218 1 38 2 8 5 2 0 0 0  aaa99994588aa8735798a777796a35268a9689a665844
347236 1 38 2 9 2 2 0 0 0  aaa99996488aa8666798a763797a77258a9589a545834
347244 1 38 2 9 4 0 0 0 0  aaa99995588aa8354798a745797a77668a9289a666834
347245 1 38 2 9 4 0 1 0 0  aaa99995588aa8335798a754797a77668a9289a666844
347250 1 38 2 9 5 0 0 0 0  aaa99995588aa8354798a745797a77268a9689a666834
347251 1 38 2 9 5 0 1 0 0  aaa99995588aa8335798a754797a77268a9689a666844
347273 1 38 2 10 2 2 1 0 0  aaa99996488aa8666598a364597a55278a9789a777834
347275 1 38 2 10 3 0 1 0 0  aaa99996488aa8666598a654597a33278a9789a777845
347280 1 38 2 10 4 0 0 0 0  aaa99995588aa8354698a666697a45278a9789a777834
347281 1 38 2 10 4 0 1 0 0  aaa99995588aa8335698a666697a54278a9789a777844
347305 1 38 3 0 2 0 1 0 0  aaa99997788aa8774798a557896a66265a9689a354834
347316 1 38 3 0 4 0 0 0 0  aaa99997788aa8774798a557896a63265a9689a644835
347322 1 38 3 0 5 0 0 0 0  aaa99997788aa8774798a557896a44265a9689a663835
347333 1 38 3 1 0 2 1 0 0  aaa99996688aa8777798a736897a35444a9689a265855
347353 1 38 3 1 4 0 1 0 0  aaa99995588aa8777798a743897a43266a9689a566854
347355 1 38 3 1 4 1 1 0 0  aaa99995588aa8777798a754897a54266a9689a366834
347477 1 38 3 5 0 2 1 0 0  aaa99997488aa8777698a764896a33267a9589a555846
347506 1 38 3 5 5 2 0 0 0  aaa99997588aa8777398a745896a35267a9689a665844
347507 1 38 3 5 5 2 1 0 0  aaa99997588aa8777498a735896a44267a9689a665853
347534 1 38 3 6 4 1 0 0 0  aaa99995488aa8753798a777896a65267a9689a644835
347536 1 38 3 6 4 2 0 0 0  aaa99994588aa8735798a777896a65267a9689a635844
347540 1 38 3 6 5 1 0 0 0  aaa99995488aa8753798a777896a44267a9689a665835
347542 1 38 3 6 5 2 0 0 0  aaa99994588aa8735798a777896a35267a9689a665844
347585 1 38 3 8 0 2 1 0 0  aaa99996688aa8736798a777897a35444a9689a265855
347605 1 38 3 8 4 0 1 0 0  aaa99995588aa8743798a777897a43266a9689a566854
347607 1 38 3 8 4 1 1 0 0  aaa99995588aa8754798a777897a54266a9689a366834
347616 1 38 3 9 0 0 0 0 0  aaa99996688aa8664798a556897a44275a9789a773835
347630 1 38 3 9 2 1 0 0 0  aaa99995488aa8666798a653897a44276a9789a775835
347632 1 38 3 9 2 2 0 0 0  aaa99994588aa8666798a635897a35276a9789a775844
347642 1 38 3 9 4 1 0 0 0  aaa99995488aa8665798a653897a44276a9789a773865
347644 1 38 3 9 4 2 0 0 0  aaa99994588aa8665798a635897a35276a9789a774864
347648 1 38 3 9 5 1 0 0 0  aaa99996488aa8563798a464897a63575a9789a772856
347650 1 38 3 9 5 2 0 0 0  aaa99996588aa8465798a365897a65474a9789a772836
347669 1 38 3 10 2 2 1 0 0  aaa99995488aa8666398a654897a53276a9789a777845
347872 1 38 4 5 0 2 0 0 0  aaa99997488aa8777698a763695a83867a9589a545624
347898 1 38 4 5 5 0 0 0 0  aaa99997488aa8777598a753596a83867a9689a662445
347940 1 38 4 7 0 0 0 0 0  aaa99997488aa8777698a763695a87846a9289a564535
348268 1 38 5 5 0 2 0 0 0  aaa99997488aa8777698a863695a83867a9579a545624
348294 1 38 5 5 5 0 0 0 0  aaa99997488aa8777598a853596a83867a9679a662445
348427 1 38 5 9 3 0 1 0 0  aaa99996588aa8666798a855297a84876a9739a774534
348485 1 38 6 0 0 2 1 0 0  aaa99998688aa8774798a766295a84876a9539a575634
348494 1 38 6 0 2 1 0 0 0  aaa99998488aa8773798a744696a86875a9659a673525
348506 1 38 6 0 4 1 0 0 0  aaa99998488aa8773798a744696a83875a9659a676525
348529 1 38 6 1 2 0 1 0 0  aaa99998588aa8777798a755796a84863a9269a654634
348548 1 38 6 1 5 1 0 0 0  aaa99998488aa8777798a744796a83865a9659a663525
348557 1 38 6 2 0 2 1 0 0  aaa99998688aa8777798a766295a84856a9539a574634
348781 1 38 6 8 2 0 1 0 0  aaa99998588aa8755798a777796a84863a9269a654634
348800 1 38 6 8 5 1 0 0 0  aaa99998488aa8744798a777796a83865a9659a663525
348806 1 38 6 9 0 1 0 0 0  aaa99998588aa8664798a563697a83876a9759a772454
348808 1 38 6 9 0 2 0 0 0  aaa99998588aa8665798a465697a85876a9739a772434
348817 1 38 6 9 2 0 1 0 0  aaa99998588aa8666798a655297a84876a9739a774534
348838 1 38 6 9 5 2 0 0 0  aaa99998588aa8635798a635497a84876a9769a775642
348911 1 38 7 0 5 2 1 0 0  aaa99998888aa8877397a587796a73265a9659a664544
348934 1 38 7 1 3 2 0 0 0  aaa99998888aa8864797a783796a66275a9659a573454
349144 1 38 7 7 2 2 0 0 0  aaa99998888aa8835797a785796a66464a9729a635745
349154 1 38 7 7 4 1 0 0 0  aaa99998888aa8844797a785796a46265a9759a663753
349156 1 38 7 7 4 2 0 0 0  aaa99998888aa8835797a785796a36464a9729a665745
349162 1 38 7 7 5 2 0 0 0  aaa99998888aa8835797a785796a35464a9729a666745
349454 1 38 8 5 0 1 0 0 0  aaa99997488aa8777698a763896a83567a9589a545624
349456 1 38 8 5 0 2 0 0 0  aaa99997588aa8777698a765896a85467a9489a435623
349467 1 38 8 5 2 1 1 0 0  aaa99997488aa8777698a766895a85257a9589a364634
349468 1 38 8 5 2 2 0 0 0  aaa99997488aa8777698a766895a83257a9589a465643
349474 1 38 8 5 3 2 0 0 0  aaa99997488aa8777698a766896a83257a9589a545634
349478 1 38 8 5 4 1 0 0 0  aaa99997588aa8777698a754896a83267a9689a653445
349480 1 38 8 5 4 2 0 0 0  aaa99997588aa8777698a745896a85267a9689a635443
349482 1 38 8 5 5 0 0 0 0  aaa99997588aa8777498a755896a84267a9689a664533
349484 1 38 8 5 5 1 0 0 0  aaa99997588aa8777598a755896a84267a9689a663443
349487 1 38 8 5 5 2 1 0 0  aaa99997588aa8777398a745896a83267a9689a665454
349499 1 38 8 6 1 2 1 0 0  aaa99995688aa8754798a777896a86267a9689a354534
349516 1 38 8 6 4 2 0 0 0  aaa99995488aa8753798a777896a86267a9689a653445
349520 1 38 8 6 5 1 0 0 0  aaa99995488aa8753798a777896a85267a9689a663445
349522 1 38 8 6 5 2 0 0 0  aaa99994588aa8735798a777896a85267a9689a665443
349610 1 38 8 9 2 1 0 0 0  aaa99995488aa8666798a653897a85276a9789a773445
349612 1 38 8 9 2 2 0 0 0  aaa99994588aa8666798a635897a85276a9789a775443
349622 1 38 8 9 4 1 0 0 0  aaa99995488aa8656798a644897a85276a9789a773635
349624 1 38 8 9 4 2 0 0 0  aaa99994588aa8636798a635897a85276a9789a775644
349628 1 38 8 9 5 1 0 0 0  aaa99995488aa8653798a644897a85276a9789a773665
349630 1 38 8 9 5 2 0 0 0  aaa99994588aa8635798a635897a85276a9789a774664
349645 1 38 8 10 2 0 1 0 0  aaa99995588aa8666398a635897a84276a9789a777544
349649 1 38 8 10 2 2 1 0 0  aaa99995488aa8666398a654897a83276a9789a777545
349853 1 38 9 5 0 2 1 0 0  aaa99997588aa8777698a765896a35267a9489a484653
349883 1 38 9 5 5 2 1 0 0  aaa99997488aa8777398a754896a53267a9689a686545
349910 1 38 9 6 4 1 0 0 0  aaa99995488aa8753798a777896a65267a9689a683445
349912 1 38 9 6 4 2 0 0 0  aaa99994588aa8735798a777896a65267a9689a685443
349918 1 38 9 6 5 2 0 0 0  aaa99995488aa8753798a777896a53267a9689a686445
349925 1 38 9 7 0 2 1 0 0  aaa99997588aa8777698a765896a27364a9389a485645
350000 0 38 9 9 1 1 0 0 0  aaa99995388aa8666798a555897a44676a9789a787432
350008 1 38 9 9 2 2 0 0 0  aaa99995488aa8666798a653897a53276a9789a787445
350020 1 38 9 9 4 2 0 0 0  aaa99995488aa8656798a653897a44276a9789a787635
350026 1 38 9 9 5 2 0 0 0  aaa99995488aa8653798a653897a44276a9789a787665
350050 1 38 9 10 3 2 0 0 0  aaa99996588aa8735698a766896a35447a9289a784775
350076 1 38 10 0 2 0 0 0 0  aaa99997788aa8855298a775796a87863a9469a654634
350077 1 38 10 0 2 0 1 0 0  aaa99997788aa8855298a774796a87863a9569a654634
350079 1 38 10 0 2 1 1 0 0  aaa99997788aa8854298a774796a87863a9569a655634
350080 1 38 10 0 2 2 0 0 0  aaa99997788aa8845298a775796a87863a9469a645635
350081 1 38 10 0 2 2 1 0 0  aaa99997788aa8845298a775796a87836a9369a665454
350094 1 38 10 0 5 0 0 0 0  aaa99997788aa8855498a774796a87863a9639a665542
350114 1 38 10 1 2 1 0 0 0  aaa99995488aa8853798a775796a83876a9769a662445
350116 1 38 10 1 2 2 0 0 0  aaa99994588aa8835798a775796a85876a9769a662443
350150 1 38 10 2 2 1 0 0 0  aaa99995488aa8853798a775796a83876a9679a644625
350152 1 38 10 2 2 2 0 0 0  aaa99994588aa8835798a775796a85876a9679a644623
350158 1 38 10 2 3 2 0 0 0  aaa99995488aa8853798a773796a86876a9679a652445
350227 1 38 10 4 3 0 1 0 0  aaa99996588aa8855798a774297a84876a9739a666534
350234 1 38 10 4 4 1 0 0 0  aaa99995488aa8853798a775697a83876a9769a644625
350236 1 38 10 4 4 2 0 0 0  aaa99994588aa8835798a775697a85876a9769a644623
350258 1 38 10 5 2 1 0 0 0  aaa99995488aa8853798a775797a83862a9679a644665
350260 1 38 10 5 2 2 0 0 0  aaa99994588aa8835798a775797a85862a9679a644663
350264 1 38 10 5 3 1 0 0 0  aaa99996588aa8844798a774797a83866a9679a563552
350294 1 38 10 6 2 1 0 0 0  aaa99995488aa8852798a777797a85863a9639a644665
350296 1 38 10 6 2 2 0 0 0  aaa99994588aa8825798a777797a85863a9639a644665
350329 1 38 10 7 2 0 1 0 0  aaa99997588aa8855798a774796a84862a9379a653664
350330 1 38 10 7 2 1 0 0 0  aaa99997588aa8844798a774796a83862a9579a655663
350348 1 38 10 7 5 1 0 0 0  aaa99997588aa8844798a774796a83865a9679a663552
350407 1 38 10 9 3 0 1 0 0  aaa99996588aa8855798a666297a84876a9739a774534
350516 1 38 11 1 3 1 0 0 0  aaa99996488aa8883798a773796a66875a9759a644525
350620 1 38 11 4 2 2 0 0 0  aaa99996488aa8883798a773697a66875a9759a562454
350630 1 38 11 4 4 1 0 0 0  aaa99995488aa8885798a773697a53876a9769a644625
350632 1 38 11 4 4 2 0 0 0  aaa99994588aa8885798a775697a35876a9769a644623
350654 1 38 11 5 2 1 0 0 0  aaa99995488aa8885798a773797a53862a9679a644665
350656 1 38 11 5 2 2 0 0 0  aaa99994588aa8885798a775797a35862a9679a644663
350660 1 38 11 5 3 1 0 0 0  aaa99996588aa8884798a773797a44866a9679a563552
350690 1 38 11 6 2 1 0 0 0  aaa99995488aa8885798a777797a52863a9639a644665
350692 1 38 11 6 2 2 0 0 0  aaa99994588aa8885798a777797a25863a9639a644665
350712 1 38 11 7 0 0 0 0 0  aaa99997588aa8883798a773796a62866a9479a455546
350714 1 38 11 7 0 1 0 0 0  aaa99997488aa8883798a773796a62866a9579a455546
350732 1 38 11 7 3 1 0 0 0  aaa99997488aa8883798a773796a66865a9579a545624
350738 1 38 11 7 4 1 0 0 0  aaa99997588aa8884798a773796a63865a9679a644552
350744 1 38 11 7 5 1 0 0 0  aaa99997588aa8884798a773796a44865a9679a663552
350798 1 38 11 9 2 1 0 0 0  aaa99995488aa8885798a752797a77863a9639a644665
350800 1 38 11 9 2 2 0 0 0  aaa99994588aa8885798a725797a77863a9639a644665
350869 1 38 12 0 2 0 1 0 0  aaa99998588aa8877697a587796a76264a9649a535348
350885 1 38 12 0 4 2 1 0 0  aaa99998488aa8877697a587796a74265a9659a633548
350891 1 38 12 0 5 2 1 0 0  aaa99998488aa8877397a587796a73265a9659a664548
350907 1 38 12 1 2 1 1 0 0  aaa99998488aa8833797a784796a66575a9629a674558
350909 1 38 12 1 2 2 1 0 0  aaa99998488aa8833797a784796a66275a9659a674558
350914 1 38 12 1 3 2 0 0 0  aaa99998488aa8863797a783796a66275a9659a474558
350919 1 38 12 1 4 1 1 0 0  aaa99998488aa8833797a784796a64575a9629a676558
350921 1 38 12 1 4 2 1 0 0  aaa99998488aa8833797a784796a64275a9659a676558
350925 1 38 12 1 5 1 1 0 0  aaa99998488aa8833797a784795a55276a9569a674668
350926 1 38 12 1 5 2 0 0 0  aaa99998588aa8825797a785794a45376a9369a674668
350983 1 38 12 3 3 0 1 0 0  aaa99998588aa8863797a787796a66274a9649a455538
350987 1 38 12 3 3 2 1 0 0  aaa99998488aa8864797a787796a66275a9659a533548
351029 1 38 12 4 4 2 1 0 0  aaa99998588aa8845797a785697a45376a9369a672468
351035 1 38 12 4 5 2 1 0 0  aaa99998588aa8825797a785497a44376a9369a675668
351063 1 38 12 5 4 1 1 0 0  aaa99998488aa8833797a784796a76565a9729a664558
351065 1 38 12 5 4 2 1 0 0  aaa99998488aa8833797a784796a76265a9759a664558
351069 1 38 12 5 5 1 1 0 0  aaa99998488aa8833797a784796a74565a9729a666558
351071 1 38 12 5 5 2 1 0 0  aaa99998488aa8833797a784796a74265a9759a666558
351163 1 38 12 8 3 0 1 0 0  aaa99998588aa8863797a787796a66264a9749a455538
351167 1 38 12 8 3 2 1 0 0  aaa99998488aa8864797a787796a66265a9759a533548
351197 1 38 12 9 2 2 1 0 0  aaa99998488aa8833797a584797a77666a9259a566548
351209 1 38 12 9 4 2 1 0 0  aaa99998488aa8833797a584797a77266a9659a566548
351215 1 38 12 9 5 2 1 0 0  aaa99998488aa8833797a584797a77265a9659a666548
351231 1 38 12 10 2 1 1 0 0  aaa99998488aa8833696a684697a64575a9729a777558
351233 1 38 12 10 2 2 1 0 0  aaa99998488aa8833696a684697a64275a9759a777558
351282 1 38 13 0 5 0 0 0 0  aaa99997788aa8855498a787796a74863a9639a665542
351374 1 38 13 3 2 1 0 0 0  aaa99995488aa8853798a785797a73862a9679a644665
351376 1 38 13 3 2 2 0 0 0  aaa99994588aa8835798a785797a75862a9679a644663
351380 1 38 13 3 3 1 0 0 0  aaa99996588aa8844798a784797a73866a9679a563552
351424 1 38 13 4 4 2 0 0 0  aaa99995488aa8853798a787697a53876a9769a644625
351448 1 38 13 5 2 2 0 0 0  aaa99995488aa8853798a787797a53862a9679a644665
351482 1 38 13 6 2 1 0 0 0  aaa99995488aa8852798a787797a75863a9639a644665
351484 1 38 13 6 2 2 0 0 0  aaa99994588aa8825798a787797a75863a9639a644665
351590 1 38 13 9 2 1 0 0 0  aaa99995488aa8852798a785797a77863a9639a644665
351592 1 38 13 9 2 2 0 0 0  aaa99994588aa8825798a785797a77863a9639a644665
351653 1 38 14 0 0 2 1 0 0  aaa99997788aa8866798a588492a76474a9659a567533
351679 1 38 14 0 5 0 1 0 0  aaa99997788aa8855798a688494a74376a9369a657652
351700 1 38 14 1 2 2 0 0 0  aaa99997588aa8835798a788797a35666a9449a266745
351706 1 38 14 1 3 2 0 0 0  aaa99997588aa8835798a788797a35666a9449a264765
351718 1 38 14 1 5 2 0 0 0  aaa99997588aa8835798a788797a35464a9629a666745
351733 1 38 14 2 2 0 1 0 0  aaa99995588aa8843798a788797a43762a9569a665764
351735 1 38 14 2 2 1 1 0 0  aaa99995588aa8854798a788797a54762a9369a663764
351797 1 38 14 4 0 2 1 0 0  aaa99996688aa8836798a788797a35444a9679a265755
351817 1 38 14 4 4 0 1 0 0  aaa99995588aa8843798a788797a43266a9679a566754
351819 1 38 14 4 4 1 1 0 0  aaa99995588aa8854798a788797a54266a9679a366734
351914 1 38 14 7 2 1 0 0 0  aaa99995488aa8852798a788797a44763a9639a675665
351916 1 38 14 7 2 2 0 0 0  aaa99994588aa8825798a788797a44763a9639a675665
351950 1 38 14 8 2 1 0 0 0  aaa99995488aa8852798a788797a75763a9639a644665
351952 1 38 14 8 2 2 0 0 0  aaa99994588aa8825798a788797a75763a9639a644665
352166 1 38 15 3 2 1 0 0 0  aaa99995488aa8666798a875897a83276a9769a753445
352168 1 38 15 3 2 2 0 0 0  aaa99994588aa8666798a875897a85276a9769a735443
352178 1 38 15 3 4 1 0 0 0  aaa99995488aa8656798a875897a83276a9769a744635
352180 1 38 15 3 4 2 0 0 0  aaa99994588aa8636798a875897a85276a9769a735644
352184 1 38 15 3 5 1 0 0 0  aaa99995488aa8653798a875897a83276a9769a744665
352186 1 38 15 3 5 2 0 0 0  aaa99994588aa8635798a875897a85276a9769a744663
352226 1 38 15 5 0 1 0 0 0  aaa99997488aa8777698a863896a83567a9579a545624
352228 1 38 15 5 0 2 0 0 0  aaa99997588aa8777698a865896a85467a9479a435623
352239 1 38 15 5 2 1 1 0 0  aaa99997488aa8777698a866895a85257a9579a364634
352240 1 38 15 5 2 2 0 0 0  aaa99997488aa8777698a866895a83257a9579a465643
352246 1 38 15 5 3 2 0 0 0  aaa99997488aa8777698a866896a83257a9579a545634
352250 1 38 15 5 4 1 0 0 0  aaa99997588aa8777698a854896a83267a9679a653445
352252 1 38 15 5 4 2 0 0 0  aaa99997588aa8777698a845896a85267a9679a635443
352254 1 38 15 5 5 0 0 0 0  aaa99997588aa8777498a855896a84267a9679a664533
352256 1 38 15 5 5 1 0 0 0  aaa99997588aa8777598a855896a84267a9679a663443
352259 1 38 15 5 5 2 1 0 0  aaa99997588aa8777398a845896a83267a9679a665454
352276 1 38 15 6 2 2 0 0 0  aaa99995488aa8666798a853897a87276a9769a753445
352288 1 38 15 6 4 2 0 0 0  aaa99995488aa8656798a853897a87276a9769a744635
352294 1 38 15 6 5 2 0 0 0  aaa99995488aa8653798a853897a87276a9769a744665
352297 1 38 15 7 0 0 1 0 0  aaa99997488aa8777698a867896a84267a9559a353654
352346 1 38 15 8 2 1 0 0 0  aaa99995488aa8666798a853897a85277a9769a673445
352348 1 38 15 8 2 2 0 0 0  aaa99994588aa8666798a835897a85277a9769a675443
352351 1 38 15 8 3 0 1 0 0  aaa99996588aa8666798a855897a84277a9769a374534
352352 1 38 15 8 3 1 0 0 0  aaa99996588aa8666798a844897a84277a9769a573553
352358 1 38 15 8 4 1 0 0 0  aaa99995488aa8656798a844897a85277a9769a673635
352360 1 38 15 8 4 2 0 0 0  aaa99994588aa8636798a835897a85277a9769a675644
352364 1 38 15 8 5 1 0 0 0  aaa99995488aa8653798a844897a85277a9769a673665
352366 1 38 15 8 5 2 0 0 0  aaa99994588aa8635798a835897a85277a9769a674664
352382 1 38 15 9 2 1 0 0 0  aaa99995488aa8666798a853897a85276a9769a773445
352384 1 38 15 9 2 2 0 0 0  aaa99994588aa8666798a835897a85276a9769a775443
352394 1 38 15 9 4 1 0 0 0  aaa99995488aa8656798a844897a85276a9769a773635
352396 1 38 15 9 4 2 0 0 0  aaa99994588aa8636798a835897a85276a9769a775644
352400 1 38 15 9 5 1 0 0 0  aaa99995488aa8653798a844897a85276a9769a773665
352402 1 38 15 9 5 2 0 0 0  aaa99994588aa8635798a835897a85276a9769a774664
352417 1 38 15 10 2 0 1 0 0  aaa99995588aa8666398a835897a84276a9769a777544
352421 1 38 15 10 2 2 1 0 0  aaa99995488aa8666398a854897a83276a9769a777545
352433 1 38 15 10 4 2 1 0 0  aaa99995488aa8656398a854897a83276a9769a777645
352625 1 38 16 5 0 2 1 0 0  aaa99997588aa8777698a865896a35267a9479a484653
352655 1 38 16 5 5 2 1 0 0  aaa99997488aa8777398a854896a53267a9679a686545
352682 1 38 16 6 4 1 0 0 0  aaa99995488aa8665798a853897a77276a9769a683445
352684 1 38 16 6 4 2 0 0 0  aaa99994588aa8665798a835897a77276a9769a685443
352688 1 38 16 6 5 1 0 0 0  aaa99995488aa8653798a844897a77276a9769a685635
352690 1 38 16 6 5 2 0 0 0  aaa99994588aa8635798a835897a77276a9769a685644
352711 1 38 16 7 3 0 1 0 0  aaa99997488aa8777698a867896a36567a9529a584543
352717 1 38 16 7 4 0 1 0 0  aaa99997488aa8777698a837896a66567a9529a584543
352747 1 38 16 8 3 0 1 0 0  aaa99997488aa8666798a864897a77276a9559a385534
352780 1 38 16 9 2 2 0 0 0  aaa99995488aa8666798a853897a53276a9769a787445
352792 1 38 16 9 4 2 0 0 0  aaa99995488aa8656798a853897a44276a9769a787635
352798 1 38 16 9 5 2 0 0 0  aaa99995488aa8653798a853897a44276a9769a787665
352822 1 38 16 10 3 2 0 0 0  aaa99996588aa8735698a866896a35447a9279a784775
352843 1 38 17 0 1 0 1 0 0  aaa99997788aa8864298a787897a74666a9559a365534
352845 1 38 17 0 1 1 1 0 0  aaa99997788aa8864298a787897a74666a9539a565534
352847 1 38 17 0 1 2 1 0 0  aaa99997788aa8864298a787897a74666a9359a563554
352848 1 38 17 0 2 0 0 0 0  aaa99997788aa8855298a787897a75666a9349a366544
352849 1 38 17 0 2 0 1 0 0  aaa99997788aa8854298a787897a74666a9559a366534
352850 1 38 17 0 2 1 0 0 0  aaa99997788aa8834498a787897a74666a9559a266553
352851 1 38 17 0 2 1 1 0 0  aaa99997788aa8854398a787897a73666a9259a566544
352852 1 38 17 0 2 2 0 0 0  aaa99997788aa8834498a787897a74666a9259a566553
352853 1 38 17 0 2 2 1 0 0  aaa99997788aa8864398a787897a73265a9659a564654
352854 1 38 17 0 3 0 0 0 0  aaa99997788aa8855298a787897a75666a9439a364564
352855 1 38 17 0 3 0 1 0 0  aaa99997788aa8845398a787897a73666a9559a265464
352856 1 38 17 0 3 1 0 0 0  aaa99997788aa8834498a787897a74666a9529a565563
352857 1 38 17 0 3 1 1 0 0  aaa99997788aa8845398a787897a73666a9529a565464
352858 1 38 17 0 3 2 0 0 0  aaa99997788aa8845298a787897a75666a9349a365465
352859 1 38 17 0 3 2 1 0 0  aaa99997788aa8864398a787897a73266a9659a564554
352861 1 38 17 0 4 0 1 0 0  aaa99997788aa8854298a787897a74566a9659a366534
352864 1 38 17 0 4 2 0 0 0  aaa99997788aa8834498a787897a74266a9659a566553
352865 1 38 17 0 4 2 1 0 0  aaa99997788aa8864398a787897a73265a9659a664554
352866 1 38 17 0 5 0 0 0 0  aaa99997788aa8855298a787897a75364a9639a666544
352867 1 38 17 0 5 0 1 0 0  aaa99997788aa8854298a787897a74565a9639a666534
352868 1 38 17 0 5 1 0 0 0  aaa99997788aa8834498a787897a74565a9629a666553
352869 1 38 17 0 5 1 1 0 0  aaa99997788aa8854398a787897a73265a9659a666544
352870 1 38 17 0 5 2 0 0 0  aaa99997788aa8834498a787897a74265a9659a666553
352871 1 38 17 0 5 2 1 0 0  aaa99997788aa8835798a685894a75276a9469a647653
352888 1 38 17 1 2 2 0 0 0  aaa99995488aa8853798a787897a44776a9629a663565
352920 1 38 17 2 2 0 0 0 0  aaa99995588aa8853798a787897a44267a9769a665463
352924 1 38 17 2 2 2 0 0 0  aaa99995488aa8853798a787897a44267a9769a663565
352930 1 38 17 2 3 2 0 0 0  aaa99995488aa8853798a787897a44667a9729a663565
352945 1 38 17 3 0 0 1 0 0  aaa99996688aa8836798a784897a77567a9529a564543
352996 1 38 17 4 2 2 0 0 0  aaa99995488aa8853798a787897a53276a9769a666445
353008 1 38 17 4 4 2 0 0 0  aaa99995488aa8853798a787897a53676a9729a644665
353014 1 38 17 4 5 2 0 0 0  aaa99995488aa8853798a787897a53276a9769a644665
353017 1 38 17 5 0 0 1 0 0  aaa99996688aa8836798a787897a74567a9529a564543
353080 1 38 17 6 4 2 0 0 0  aaa99995488aa8853798a686897a77276a9769a653445
353084 1 38 17 6 5 1 0 0 0  aaa99995488aa8853798a685897a77276a9769a644635
353086 1 38 17 6 5 2 0 0 0  aaa99994588aa8835798a685897a77276a9769a635644
353164 1 38 17 9 0 2 0 0 0  aaa99996688aa8836798a685897a35474a9729a775645
353170 1 38 17 9 1 2 0 0 0  aaa99995688aa8854798a686897a53276a9769a773445
353186 1 38 17 9 4 1 0 0 0  aaa99995488aa8853798a686897a44276a9769a775635
353188 1 38 17 9 4 2 0 0 0  aaa99994588aa8835798a686897a35276a9769a775644
353192 1 38 17 9 5 1 0 0 0  aaa99995488aa8853798a685897a44276a9769a773665
353194 1 38 17 9 5 2 0 0 0  aaa99994588aa8835798a685897a35276a9769a774664
353212 1 38 17 10 2 2 0 0 0  aaa99995488aa8853698a686897a53276a9769a777445
353222 1 38 17 10 4 1 0 0 0  aaa99995488aa8853698a685897a44276a9769a777635
353224 1 38 17 10 4 2 0 0 0  aaa99994588aa8835698a685897a35276a9769a777644
353233 1 38 18 0 0 0 1 0 0  aaa99997788aa8884298a778796a67665a9559a354634
353234 1 38 18 0 0 1 0 0 0  aaa99997788aa8884298a778796a67665a9549a553643
353236 1 38 18 0 0 2 0 0 0  aaa99997788aa8883298a778796a67665a9459a543654
353263 1 38 18 0 5 0 1 0 0  aaa99997788aa8884298a778796a57565a9639a664534
353486 1 38 18 7 0 1 0 0 0  aaa99997488aa8883798a778796a63665a9579a545624
353534 1 38 18 8 2 1 0 0 0  aaa99995488aa8885798a758797a72763a9639a644665
353536 1 38 18 8 2 2 0 0 0  aaa99994588aa8885798a728797a75763a9639a644665
353632 1 38 19 0 0 2 0 0 0  aaa99997788aa8866698a774897a67335a9259a586454
353640 1 38 19 0 2 0 0 0 0  aaa99997788aa8855298a775897a57666a9439a384664
353641 1 38 19 0 2 0 1 0 0  aaa99997788aa8835598a775897a57666a9429a484663
353645 1 38 19 0 2 2 1 0 0  aaa99997788aa8846398a776897a37265a9659a586454
353646 1 38 19 0 3 0 0 0 0  aaa99997788aa8855298a775897a57666a9349a386644
353647 1 38 19 0 3 0 1 0 0  aaa99997788aa8835598a775897a57666a9249a486643
353651 1 38 19 0 3 2 1 0 0  aaa99997788aa8846398a773897a47266a9659a586554
353652 1 38 19 0 4 0 0 0 0  aaa99997788aa8855298a775897a57364a9639a686644
353653 1 38 19 0 4 0 1 0 0  aaa99997788aa8835598a775897a57264a9649a686643
353657 1 38 19 0 4 2 1 0 0  aaa99997788aa8846398a773897a47265a9659a686554
353658 1 38 19 0 5 0 0 0 0  aaa99997788aa8855298a775897a57346a9369a684664
353659 1 38 19 0 5 0 1 0 0  aaa99997788aa8835598a775897a57246a9469a684663
353663 1 38 19 0 5 2 1 0 0  aaa99997788aa8845798a675892a45376a9369a687654
353668 1 38 19 1 0 2 0 0 0  aaa99996688aa8836798a775897a35776a9449a285645
353714 1 38 19 2 2 1 0 0 0  aaa99995488aa8853798a775897a44267a9769a686635
353716 1 38 19 2 2 2 0 0 0  aaa99994588aa8835798a775897a35267a9769a686644
353782 1 38 19 4 1 2 0 0 0  aaa99995688aa8854798a773897a53276a9769a686445
353784 1 38 19 4 2 0 0 0 0  aaa99996588aa8855798a774897a53276a9769a484636
353787 1 38 19 4 2 1 1 0 0  aaa99996588aa8865798a774897a55276a9769a384634
353788 1 38 19 4 2 2 0 0 0  aaa99996588aa8865798a775897a45276a9769a384634
353789 1 38 19 4 2 2 1 0 0  aaa99996588aa8865798a775897a25376a9739a684644
353798 1 38 19 4 4 1 0 0 0  aaa99995488aa8853798a775897a44676a9729a683665
353800 1 38 19 4 4 2 0 0 0  aaa99994588aa8835798a775897a35676a9729a684664
353804 1 38 19 4 5 1 0 0 0  aaa99995488aa8853798a775897a44276a9769a683665
353806 1 38 19 4 5 2 0 0 0  aaa99994588aa8835798a775897a35276a9769a684664
353810 1 38 19 5 0 1 0 0 0  aaa99996688aa8836798a775897a37257a9569a485644
353812 1 38 19 5 0 2 0 0 0  aaa99996688aa8836798a775897a37447a9269a485655
353870 1 38 19 6 4 1 0 0 0  aaa99995488aa8853798a777896a65267a9679a683445
353872 1 38 19 6 4 2 0 0 0  aaa99994588aa8835798a777896a65267a9679a685443
353878 1 38 19 6 5 2 0 0 0  aaa99995488aa8853798a777896a53267a9679a686445
353914 1 38 19 7 5 2 0 0 0  aaa99997688aa8856798a776897a56447a9349a386525
353968 1 38 19 9 2 2 0 0 0  aaa99995488aa8853798a666897a53276a9769a787445
353976 1 38 19 9 4 0 0 0 0  aaa99995588aa8853798a646897a44276a9769a787653
353980 1 38 19 9 4 2 0 0 0  aaa99995488aa8853798a656897a44276a9769a787635
353986 1 38 19 9 5 2 0 0 0  aaa99995488aa8853798a653897a44276a9769a787665
354010 1 38 19 10 3 2 0 0 0  aaa99996588aa8835698a766896a35447a9279a784775
354031 1 38 20 0 1 0 1 0 0  aaa99997788aa8884298a774897a67666a9559a365534
354033 1 38 20 0 1 1 1 0 0  aaa99997788aa8884298a774897a67666a9539a565534
354035 1 38 20 0 1 2 1 0 0  aaa99997788aa8884298a774897a67666a9359a563554
354074 1 38 20 1 2 1 0 0 0  aaa99995488aa8883798a773897a44776a9659a662565
354076 1 38 20 1 2 2 0 0 0  aaa99994588aa8885798a775897a35776a9649a662463
354080 1 38 20 1 3 1 0 0 0  aaa99996488aa8883798a773897a44775a9669a566525
354110 1 38 20 2 2 1 0 0 0  aaa99995488aa8885798a773897a44267a9769a663565
354112 1 38 20 2 2 2 0 0 0  aaa99994588aa8885798a775897a35267a9769a664364
354116 1 38 20 2 3 1 0 0 0  aaa99995488aa8883798a773897a44667a9759a662565
354118 1 38 20 2 3 2 0 0 0  aaa99994588aa8885798a775897a35667a9749a662463
354182 1 38 20 4 2 1 0 0 0  aaa99995488aa8885798a773897a53276a9769a666445
354184 1 38 20 4 2 2 0 0 0  aaa99994588aa8885798a775897a35276a9769a666443
354194 1 38 20 4 4 1 0 0 0  aaa99995488aa8885798a773897a53676a9729a644665
354196 1 38 20 4 4 2 0 0 0  aaa99994588aa8885798a775897a35676a9729a644663
354200 1 38 20 4 5 1 0 0 0  aaa99995488aa8885798a773897a53276a9769a644665
354202 1 38 20 4 5 2 0 0 0  aaa99994588aa8885798a775897a35276a9769a644663
354205 1 38 20 5 0 0 1 0 0  aaa99996688aa8886798a774897a37567a9529a564543
354266 1 38 20 6 4 1 0 0 0  aaa99995488aa8885798a777896a63267a9679a653445
354268 1 38 20 6 4 2 0 0 0  aaa99994588aa8885798a777896a65267a9679a635443
354272 1 38 20 6 5 1 0 0 0  aaa99995488aa8885798a777896a53267a9679a663445
354274 1 38 20 6 5 2 0 0 0  aaa99994588aa8885798a777896a35267a9679a665443
354277 1 38 20 7 0 0 1 0 0  aaa99997688aa8884798a774897a66267a9559a365534
354282 1 38 20 7 1 0 0 0 0  aaa99997588aa8884798a773897a63657a9669a562454
354284 1 38 20 7 1 1 0 0 0  aaa99997588aa8884798a773897a63657a9669a565442
354362 1 38 20 9 2 1 0 0 0  aaa99995488aa8885798a666897a53276a9769a773445
354364 1 38 20 9 2 2 0 0 0  aaa99994588aa8885798a666897a35276a9769a775443
354374 1 38 20 9 4 1 0 0 0  aaa99995488aa8885798a656897a44276a9769a773635
354376 1 38 20 9 4 2 0 0 0  aaa99994588aa8885798a636897a35276a9769a775644
354380 1 38 20 9 5 1 0 0 0  aaa99995488aa8885798a653897a44276a9769a773665
354382 1 38 20 9 5 2 0 0 0  aaa99994588aa8885798a635897a35276a9769a774664
354392 1 38 20 10 1 1 0 0 0  aaa99995688aa8884698a663897a46275a9759a777534
354394 1 38 20 10 1 2 0 0 0  aaa99995688aa8883698a663897a56474a9729a777545
354398 1 38 20 10 2 1 0 0 0  aaa99995488aa8885698a663897a53276a9769a777445
354400 1 38 20 10 2 2 0 0 0  aaa99994588aa8885698a665897a35276a9769a777443
354674 1 38 21 7 0 1 0 0 0  aaa99997488aa8888798a773796a63665a9579a545624
354975 1 38 22 4 2 1 1 0 0  aaa99997477aa8733696a674698a64585a9829a888557
354977 1 38 22 4 2 2 1 0 0  aaa99997477aa8733696a674698a64285a9859a888557
355012 1 38 22 5 2 2 0 0 0  aaa99995477aa8753697a676798a53286a9869a888445
355022 1 38 22 5 4 1 0 0 0  aaa99995477aa8753697a675798a44286a9869a888635
355024 1 38 22 5 4 2 0 0 0  aaa99994577aa8735697a675798a35286a9869a888644
355082 1 38 22 7 2 1 0 0 0  aaa99995477aa8753697a665798a44286a9869a888735
355084 1 38 22 7 2 2 0 0 0  aaa99994577aa8735697a665798a35286a9869a888744
355112 1 38 22 8 1 1 0 0 0  aaa99995677aa8774697a663798a46285a9859a888534
355114 1 38 22 8 1 2 0 0 0  aaa99995677aa8773697a663798a56484a9829a888545
355118 1 38 22 8 2 1 0 0 0  aaa99995477aa8775697a663798a53286a9869a888445
355120 1 38 22 8 2 2 0 0 0  aaa99994577aa8775697a665798a35286a9869a888443
355602 1 39 0 10 5 0 0 0 0  aaa99998828aa9786598a758958a46347a6379a746765
355603 1 39 0 10 5 0 1 0 0  aaa99998858aa9786598a738958a36547a6479a746762
355609 1 39 1 0 0 0 1 0 0  aaa99997788aa9866298a776976a67885a5459a484335
355613 1 39 1 0 0 2 1 0 0  aaa99997788aa9866298a776976a67885a4359a583544
355660 1 39 1 1 2 2 0 0 0  aaa99996488aa9863798a773976a66885a2759a587454
355688 1 39 1 2 1 1 0 0 0  aaa99995488aa9853798a775976a66887a3769a682445
355690 1 39 1 2 1 2 0 0 0  aaa99994588aa9835798a775976a66887a5769a682443
355694 1 39 1 2 2 1 0 0 0  aaa99996588aa9864798a773976a66887a3759a582454
355696 1 39 1 2 2 2 0 0 0  aaa99996588aa9865798a775976a66887a5749a484332
355700 1 39 1 2 3 1 0 0 0  aaa99996588aa9844798a774976a66887a3759a683552
355706 1 39 1 2 4 1 0 0 0  aaa99995488aa9853798a775976a44887a3769a682665
355708 1 39 1 2 4 2 0 0 0  aaa99994588aa9835798a775976a35887a4769a682664
355712 1 39 1 2 5 1 0 0 0  aaa99996588aa9864798a773975a63887a2749a585646
355732 1 39 1 3 2 2 0 0 0  aaa99996488aa9863798a777976a66885a3759a582454
355768 1 39 1 4 2 2 0 0 0  aaa99996488aa9863798a773967a66885a2759a587454
355828 1 39 1 6 0 2 0 0 0  aaa99996688aa9836798a777977a35886a5449a285645
355868 1 39 1 7 1 1 0 0 0  aaa99997588aa9844798a774976a66887a3669a583552
355874 1 39 1 7 2 1 0 0 0  aaa99997588aa9844798a774976a66887a3659a683552
355880 1 39 1 7 3 1 0 0 0  aaa99997588aa9864798a773976a66887a3659a582454
355882 1 39 1 7 3 2 0 0 0  aaa99997588aa9865798a775976a66887a5649a484332
355886 1 39 1 7 4 1 0 0 0  aaa99997588aa9844798a774976a63887a3659a686552
355936 1 39 1 9 0 2 0 0 0  aaa99996688aa9836798a735977a77886a5449a285645
356068 1 39 2 1 4 2 0 0 0  aaa99995488aa9853798a773976a44886a8769a657625
356086 1 39 2 2 1 2 0 0 0  aaa99995488aa9853798a773976a66887a8769a652445
356104 1 39 2 2 4 2 0 0 0  aaa99995488aa9853798a773976a52887a8769a666445
356108 1 39 2 2 5 1 0 0 0  aaa99996588aa9864798a773975a63887a8749a565642
356176 1 39 2 4 4 2 0 0 0  aaa99995488aa9853798a773967a44886a8769a657625
356194 1 39 2 5 1 2 0 0 0  aaa99995688aa9854798a773977a44887a8629a663565
356198 1 39 2 5 2 1 0 0 0  aaa99996588aa9864798a773977a44887a8659a663552
356236 1 39 2 6 2 2 0 0 0  aaa99995488aa9853798a777977a44886a8629a663565
356344 1 39 2 9 2 2 0 0 0  aaa99995488aa9853798a744977a77886a8629a663565
356412 1 39 3 0 2 0 0 0 0  aaa99997788aa9855498a774978a57863a8639a625664
356413 1 39 3 0 2 0 1 0 0  aaa99997788aa9845598a775978a57863a8639a642664
356444 1 39 3 1 1 1 0 0 0  aaa99996588aa9854798a773978a53876a8769a662445
356446 1 39 3 1 1 2 0 0 0  aaa99996588aa9845798a775978a35876a8769a662443
356452 1 39 3 1 2 2 0 0 0  aaa99995488aa9853798a773978a52876a8769a666445
356464 1 39 3 1 4 2 0 0 0  aaa99995488aa9853798a773978a44876a8769a656625
356470 1 39 3 1 5 2 0 0 0  aaa99995488aa9853798a773978a52876a8769a644665
356482 1 39 3 2 1 2 0 0 0  aaa99995688aa9854798a773978a44867a8729a663565
356488 1 39 3 2 2 2 0 0 0  aaa99995488aa9853798a773978a44867a8769a662565
356492 1 39 3 2 3 1 0 0 0  aaa99996588aa9854798a773978a53867a8769a662445
356494 1 39 3 2 3 2 0 0 0  aaa99996588aa9845798a775978a35867a8769a662443
356500 1 39 3 2 4 2 0 0 0  aaa99995488aa9853798a773978a52867a8769a666445
356502 1 39 3 2 5 0 0 0 0  aaa99996588aa9864798a773978a63827a8759a565446
356504 1 39 3 2 5 1 0 0 0  aaa99996588aa9864798a773978a63857a8749a565642
356524 1 39 3 3 2 2 0 0 0  aaa99995488aa9853798a777978a44862a8769a663565
356596 1 39 3 5 2 2 0 0 0  aaa99995488aa9853798a773978a57867a8629a644665
356644 1 39 3 6 4 2 0 0 0  aaa99995488aa9853798a777968a53867a8679a662445
356666 1 39 3 7 2 1 0 0 0  aaa99997588aa9854798a773978a53867a8629a644665
356668 1 39 3 7 2 2 0 0 0  aaa99997588aa9845798a775978a35867a8629a644663
356672 1 39 3 7 3 1 0 0 0  aaa99997588aa9864798a773978a44867a8669a563552
356704 1 39 3 8 2 2 0 0 0  aaa99995488aa9853798a777978a53867a8629a644665
356740 1 39 3 9 2 2 0 0 0  aaa99995488aa9853698a663978a52876a8769a777445
356801 1 39 4 0 0 2 1 0 0  aaa99997788aa9866298a776976a87835a4859a563544
356858 1 39 4 1 4 1 0 0 0  aaa99995488aa9853798a775967a83876a7869a644625
356860 1 39 4 1 4 2 0 0 0  aaa99994588aa9835798a775967a85876a7869a644623
356962 1 39 4 4 3 2 0 0 0  aaa99995488aa9853798a773967a82876a6869a657445
356990 1 39 4 5 2 1 0 0 0  aaa99995488aa9844798a775977a83867a3869a662565
356992 1 39 4 5 2 2 0 0 0  aaa99994588aa9835798a775977a85867a4869a662364
356996 1 39 4 5 3 1 0 0 0  aaa99995488aa9853798a775977a83867a6869a662445
356998 1 39 4 5 3 2 0 0 0  aaa99994588aa9835798a775977a85867a6869a662443
357002 1 39 4 5 4 1 0 0 0  aaa99995488aa9853798a775977a83867a2869a666445
357004 1 39 4 5 4 2 0 0 0  aaa99994588aa9835798a775977a85867a2869a666443
357008 1 39 4 5 5 1 0 0 0  aaa99996588aa9864798a773977a83857a2849a565646
357060 1 39 4 7 2 0 0 0 0  aaa99997588aa9855798a774976a83867a3869a652464
357062 1 39 4 7 2 1 0 0 0  aaa99997588aa9855798a775976a84867a3869a644632
357068 1 39 4 7 3 1 0 0 0  aaa99997588aa9854798a773976a86867a3869a652445
357070 1 39 4 7 3 2 0 0 0  aaa99997588aa9845798a775976a86867a5869a644332
357074 1 39 4 7 4 1 0 0 0  aaa99997588aa9844798a774976a86867a3859a663552
357080 1 39 4 7 5 1 0 0 0  aaa99997588aa9844798a774976a83867a3859a666552
357098 1 39 4 8 2 1 0 0 0  aaa99995488aa9853798a777976a85867a3869a644625
357100 1 39 4 8 2 2 0 0 0  aaa99994588aa9835798a777976a85867a5869a644623
357106 1 39 4 8 3 2 0 0 0  aaa99995488aa9853798a777976a86867a3869a652445
357193 1 39 5 0 0 0 1 0 0  aaa99997788aa9866298a787978a76865a5459a464335
357197 1 39 5 0 0 2 1 0 0  aaa99997788aa9866298a787978a76865a4359a563544
357199 1 39 5 0 1 0 1 0 0  aaa99997788aa9864298a787978a74866a6559a365534
357201 1 39 5 0 1 1 1 0 0  aaa99997788aa9864298a787978a74866a6539a565534
357203 1 39 5 0 1 2 1 0 0  aaa99997788aa9864298a787978a74866a6359a563554
357216 1 39 5 0 4 0 0 0 0  aaa99997788aa9855498a787978a74863a6639a665542
357244 1 39 5 1 2 2 0 0 0  aaa99995488aa9853798a787978a53876a2769a666445
357256 1 39 5 1 4 2 0 0 0  aaa99995488aa9853798a787978a53876a6769a644625
357262 1 39 5 1 5 2 0 0 0  aaa99995488aa9853798a787978a53876a2769a644665
357280 1 39 5 2 2 2 0 0 0  aaa99995488aa9853798a787978a44867a3769a662565
357286 1 39 5 2 3 2 0 0 0  aaa99995488aa9853798a787978a53867a6769a662445
357292 1 39 5 2 4 2 0 0 0  aaa99995488aa9853798a787978a53867a2769a666445
357296 1 39 5 2 5 1 0 0 0  aaa99996588aa9864798a787978a63857a3749a565642
357314 1 39 5 3 2 1 0 0 0  aaa99995488aa9853798a785978a77867a3629a644665
357316 1 39 5 3 2 2 0 0 0  aaa99994588aa9835798a785978a77867a5629a644663
357350 1 39 5 4 2 1 0 0 0  aaa99997488aa9873798a787958a73866a6659a562454
357362 1 39 5 4 4 1 0 0 0  aaa99997488aa9873798a787958a73865a6659a662454
357386 1 39 5 5 2 1 0 0 0  aaa99995488aa9853798a787978a75867a3629a644665
357388 1 39 5 5 2 2 0 0 0  aaa99994588aa9835798a787978a75867a5629a644663
357460 1 39 5 7 2 2 0 0 0  aaa99995788aa9854798a787978a53867a3629a644665
357532 1 39 5 9 2 2 0 0 0  aaa99995488aa9853698a686978a53876a2769a777445
357542 1 39 5 9 4 1 0 0 0  aaa99995488aa9853698a685978a44876a3769a777625
357544 1 39 5 9 4 2 0 0 0  aaa99994588aa9835698a685978a35876a4769a777624
357566 1 39 5 10 2 1 0 0 0  aaa99996588aa9864698a783968a63857a2579a745774
357568 1 39 5 10 2 2 0 0 0  aaa99996588aa9865698a785968a65847a4479a733772
357599 1 39 6 0 1 2 1 0 0  aaa99997788aa9865398a775978a37866a6249a485645
357634 1 39 6 1 1 2 0 0 0  aaa99995688aa9854798a773978a53876a6769a682445
357636 1 39 6 1 2 0 0 0 0  aaa99996588aa9855798a774978a53876a3769a484626
357650 1 39 6 1 4 1 0 0 0  aaa99995488aa9853798a775978a44876a6769a683625
357652 1 39 6 1 4 2 0 0 0  aaa99994588aa9835798a775978a35876a6769a684624
357656 1 39 6 1 5 1 0 0 0  aaa99995488aa9853798a775978a44876a3769a682665
357658 1 39 6 1 5 2 0 0 0  aaa99994588aa9835798a775978a35876a4769a682664
357674 1 39 6 2 2 1 0 0 0  aaa99995488aa9853798a775978a44867a3769a686625
357676 1 39 6 2 2 2 0 0 0  aaa99994588aa9835798a775978a35867a4769a686624
357682 1 39 6 2 3 2 0 0 0  aaa99995688aa9854798a773978a53867a2769a686445
357686 1 39 6 2 4 1 0 0 0  aaa99995488aa9853798a775978a44867a3769a682665
357688 1 39 6 2 4 2 0 0 0  aaa99994588aa9835798a775978a35867a4769a682664
357692 1 39 6 2 5 1 0 0 0  aaa99996588aa9864798a773978a63857a2749a585646
357782 1 39 6 5 2 1 0 0 0  aaa99995488aa9844798a775978a57867a3629a683665
357784 1 39 6 5 2 2 0 0 0  aaa99994588aa9835798a775978a37867a5629a684664
357832 1 39 6 6 4 2 0 0 0  aaa99995488aa9853798a777968a53867a2679a686445
357852 1 39 6 7 2 0 0 0 0  aaa99997688aa9856798a775978a55867a2649a386434
357854 1 39 6 7 2 1 0 0 0  aaa99997588aa9855798a775978a44867a4629a683663
357856 1 39 6 7 2 2 0 0 0  aaa99997588aa9845798a775978a44867a5629a683663
357890 1 39 6 8 2 1 0 0 0  aaa99995488aa9853798a777978a44867a5629a683665
357892 1 39 6 8 2 2 0 0 0  aaa99994588aa9835798a777978a35867a5629a684664
357920 1 39 6 9 1 1 0 0 0  aaa99995488aa9853798a744968a66867a5679a783725
357922 1 39 6 9 1 2 0 0 0  aaa99994588aa9835798a735968a66867a5679a784724
357938 1 39 6 9 4 1 0 0 0  aaa99996688aa9865798a764948a64857a3579a785732
357944 1 39 6 9 5 1 0 0 0  aaa99996588aa9864798a763948a64857a3579a785726
358064 1 39 7 2 1 1 0 0 0  aaa99995488aa9885798a773976a66887a3769a652445
358066 1 39 7 2 1 2 0 0 0  aaa99994588aa9885798a775976a66887a5769a644332
358068 1 39 7 2 2 0 0 0 0  aaa99996588aa9884798a773976a66887a3759a545624
358070 1 39 7 2 2 1 0 0 0  aaa99996588aa9884798a773976a66887a3749a555642
358076 1 39 7 2 3 1 0 0 0  aaa99996588aa9884798a773976a66887a3759a644552
358082 1 39 7 2 4 1 0 0 0  aaa99995488aa9885798a773976a53887a2769a666445
358084 1 39 7 2 4 2 0 0 0  aaa99994588aa9885798a775976a35887a2769a666443
358088 1 39 7 2 5 1 0 0 0  aaa99996588aa9884798a773975a63887a2749a565646
358144 1 39 7 4 2 2 0 0 0  aaa99996488aa9883798a773967a66885a2759a567454
358172 1 39 7 5 1 1 0 0 0  aaa99995688aa9884798a773977a44887a3659a662565
358174 1 39 7 5 1 2 0 0 0  aaa99994688aa9885798a775977a35887a5649a662463
358176 1 39 7 5 2 0 0 0 0  aaa99996588aa9884798a773977a55887a3649a662546
358178 1 39 7 5 2 1 0 0 0  aaa99996588aa9885798a774977a63887a3659a662454
358184 1 39 7 5 3 1 0 0 0  aaa99996588aa9884798a773977a44887a3669a566552
358190 1 39 7 5 4 1 0 0 0  aaa99996588aa9884798a773977a44887a3659a666552
358214 1 39 7 6 2 1 0 0 0  aaa99995488aa9883798a777977a44886a3659a662565
358216 1 39 7 6 2 2 0 0 0  aaa99994588aa9885798a777977a35886a5649a662463
358236 1 39 7 7 0 0 0 0 0  aaa99997588aa9884798a773976a63887a2669a455546
358250 1 39 7 7 2 1 0 0 0  aaa99997588aa9884798a773976a66887a3659a644552
358254 1 39 7 7 3 0 0 0 0  aaa99997588aa9884798a773976a66887a3659a545624
358256 1 39 7 7 3 1 0 0 0  aaa99997588aa9884798a773976a66887a3649a555642
358260 1 39 7 7 4 0 0 0 0  aaa99997588aa9884798a773976a55887a3669a466542
358262 1 39 7 7 4 1 0 0 0  aaa99997588aa9884798a773976a46887a3659a662554
358268 1 39 7 7 5 1 0 0 0  aaa99997588aa9884798a773976a44887a3659a666552
358322 1 39 7 9 2 1 0 0 0  aaa99995488aa9883798a744977a77886a3659a662565
358324 1 39 7 9 2 2 0 0 0  aaa99994588aa9885798a735977a77886a5649a662463
358381 1 39 8 0 0 0 1 0 0  aaa99997788aa9866298a776978a87865a5459a464335
358385 1 39 8 0 0 2 1 0 0  aaa99997788aa9866298a776978a87865a4359a563544
358387 1 39 8 0 1 0 1 0 0  aaa99997788aa9864298a774978a87866a6559a365534
358389 1 39 8 0 1 1 1 0 0  aaa99997788aa9864298a774978a87866a6539a565534
358391 1 39 8 0 1 2 1 0 0  aaa99997788aa9864298a774978a87866a6359a563554
358404 1 39 8 0 4 0 0 0 0  aaa99997788aa9855498a774978a87863a6639a665542
358426 1 39 8 1 1 2 0 0 0  aaa99995688aa9854798a773978a83876a6769a652445
358430 1 39 8 1 2 1 0 0 0  aaa99995488aa9853798a775978a83876a2769a666445
358432 1 39 8 1 2 2 0 0 0  aaa99994588aa9835798a775978a85876a2769a666443
358436 1 39 8 1 3 1 0 0 0  aaa99996588aa9844798a774978a83876a3759a666552
358442 1 39 8 1 4 1 0 0 0  aaa99995488aa9853798a775978a83876a6769a644625
358444 1 39 8 1 4 2 0 0 0  aaa99994588aa9835798a775978a85876a6769a644623
358448 1 39 8 1 5 1 0 0 0  aaa99995488aa9853798a775978a83876a2769a644665
358450 1 39 8 1 5 2 0 0 0  aaa99994588aa9835798a775978a85876a2769a644663
358466 1 39 8 2 2 1 0 0 0  aaa99995488aa9844798a775978a83867a3769a662565
358468 1 39 8 2 2 2 0 0 0  aaa99994588aa9835798a775978a85867a4769a662364
358472 1 39 8 2 3 1 0 0 0  aaa99995488aa9853798a775978a83867a6769a662445
358474 1 39 8 2 3 2 0 0 0  aaa99994588aa9835798a775978a85867a6769a662443
358478 1 39 8 2 4 1 0 0 0  aaa99995488aa9853798a775978a83867a2769a666445
358480 1 39 8 2 4 2 0 0 0  aaa99994588aa9835798a775978a85867a2769a666443
358484 1 39 8 2 5 1 0 0 0  aaa99996588aa9864798a773978a83857a2749a565646
358540 1 39 8 4 2 2 0 0 0  aaa99995788aa9857798a773948a87866a6649a463525
358544 1 39 8 4 3 1 0 0 0  aaa99995788aa9837798a772948a87866a6649a555643
358552 1 39 8 4 4 2 0 0 0  aaa99995788aa9857798a773948a87864a6649a663525
358556 1 39 8 4 5 1 0 0 0  aaa99994788aa9827798a774958a87865a3659a666534
358558 1 39 8 4 5 2 0 0 0  aaa99995788aa9857798a773928a87864a4649a666535
358574 1 39 8 5 2 1 0 0 0  aaa99995488aa9853798a775978a87867a3629a644665
358576 1 39 8 5 2 2 0 0 0  aaa99994588aa9835798a775978a87867a5629a644663
358618 1 39 8 6 3 2 0 0 0  aaa99995488aa9853798a777968a83867a6679a652445
358644 1 39 8 7 2 0 0 0 0  aaa99997588aa9855798a774978a83867a3469a664562
358646 1 39 8 7 2 1 0 0 0  aaa99997588aa9855798a775978a84867a3629a644663
358652 1 39 8 7 3 1 0 0 0  aaa99997588aa9844798a774978a83867a6669a563552
358658 1 39 8 7 4 1 0 0 0  aaa99997588aa9844798a774978a83867a6659a663552
358664 1 39 8 7 5 1 0 0 0  aaa99997588aa9844798a774978a83867a3659a666552
358682 1 39 8 8 2 1 0 0 0  aaa99995488aa9853798a777978a85867a3629a644665
358684 1 39 8 8 2 2 0 0 0  aaa99994588aa9835798a777978a85867a5629a644663
358718 1 39 8 9 2 1 0 0 0  aaa99995488aa9853698a665978a83876a2769a777445
358720 1 39 8 9 2 2 0 0 0  aaa99994588aa9835698a665978a85876a2769a777443
358787 1 39 9 0 1 2 1 0 0  aaa99997788aa9865398a775978a37866a6249a465845
358800 1 39 9 0 4 0 0 0 0  aaa99997788aa9855498a774978a57863a6639a665842
358822 1 39 9 1 1 2 0 0 0  aaa99995688aa9854798a773978a53876a6769a644825
358826 1 39 9 1 2 1 0 0 0  aaa99995488aa9853798a775978a44876a3769a666825
358828 1 39 9 1 2 2 0 0 0  aaa99994588aa9835798a775978a35876a4769a666824
358838 1 39 9 1 4 1 0 0 0  aaa99995488aa9853798a775978a44876a3769a662865
358840 1 39 9 1 4 2 0 0 0  aaa99994588aa9835798a775978a35876a4769a662864
358844 1 39 9 1 5 1 0 0 0  aaa99996588aa9864798a773978a63875a2759a464856
358846 1 39 9 1 5 2 0 0 0  aaa99996588aa9865798a775978a65874a4749a363826
358862 1 39 9 2 2 1 0 0 0  aaa99995488aa9853798a775978a44867a3769a662865
358864 1 39 9 2 2 2 0 0 0  aaa99994588aa9835798a775978a35867a4769a662864
358868 1 39 9 2 3 1 0 0 0  aaa99995488aa9853798a775978a44867a6769a663825
358870 1 39 9 2 3 2 0 0 0  aaa99994588aa9835798a775978a35867a6769a664824
358874 1 39 9 2 4 1 0 0 0  aaa99995488aa9853798a775978a44867a3769a666825
358876 1 39 9 2 4 2 0 0 0  aaa99994588aa9835798a775978a35867a4769a666824
358880 1 39 9 2 5 1 0 0 0  aaa99996588aa9864798a773978a63857a2749a565846
358960 1 39 9 5 0 2 0 0 0  aaa99996688aa9836798a775978a37867a5449a265845
359008 1 39 9 6 2 2 0 0 0  aaa99996488aa9863798a777968a66857a3579a545824
359068 1 39 9 8 0 2 0 0 0  aaa99996688aa9836798a777978a35867a5449a265845
359114 1 39 9 9 2 1 0 0 0  aaa99995488aa9853698a665978a44876a3769a777825
359116 1 39 9 9 2 2 0 0 0  aaa99994588aa9835698a665978a35876a4769a777824
359138 1 39 9 10 0 1 0 0 0  aaa99997588aa9874698a673968a73856a2649a575847
359179 1 39 10 0 1 0 1 0 0  aaa99997788aa9884298a774978a67866a6559a365534
359181 1 39 10 0 1 1 1 0 0  aaa99997788aa9884298a774978a67866a6539a565534
359183 1 39 10 0 1 2 1 0 0  aaa99997788aa9884298a774978a67866a6359a563554
359218 1 39 10 1 1 2 0 0 0  aaa99995688aa9884798a773978a53876a6769a652445
359222 1 39 10 1 2 1 0 0 0  aaa99995488aa9885798a773978a53876a2769a666445
359224 1 39 10 1 2 2 0 0 0  aaa99994588aa9885798a775978a35876a2769a666443
359228 1 39 10 1 3 1 0 0 0  aaa99996588aa9884798a773978a44876a3759a666552
359234 1 39 10 1 4 1 0 0 0  aaa99995488aa9885798a773978a53876a6769a644625
359236 1 39 10 1 4 2 0 0 0  aaa99994588aa9885798a775978a35876a6769a644623
359240 1 39 10 1 5 1 0 0 0  aaa99995488aa9885798a773978a53876a2769a644665
359242 1 39 10 1 5 2 0 0 0  aaa99994588aa9885798a775978a35876a2769a644663
359258 1 39 10 2 2 1 0 0 0  aaa99995488aa9885798a773978a44867a3769a662565
359260 1 39 10 2 2 2 0 0 0  aaa99994588aa9885798a775978a35867a4769a662364
359264 1 39 10 2 3 1 0 0 0  aaa99995488aa9885798a773978a53867a6769a662445
359266 1 39 10 2 3 2 0 0 0  aaa99994588aa9885798a775978a35867a6769a662443
359270 1 39 10 2 4 1 0 0 0  aaa99995488aa9885798a773978a53867a2769a666445
359272 1 39 10 2 4 2 0 0 0  aaa99994588aa9885798a775978a35867a2769a666443
359276 1 39 10 2 5 1 0 0 0  aaa99996588aa9884798a773978a63857a2749a565646
359366 1 39 10 5 2 1 0 0 0  aaa99995488aa9885798a773978a57867a3629a644665
359368 1 39 10 5 2 2 0 0 0  aaa99994588aa9885798a775978a37867a5629a644663
359436 1 39 10 7 2 0 0 0 0  aaa99997588aa9884798a773978a55867a3469a664562
359438 1 39 10 7 2 1 0 0 0  aaa99997588aa9885798a774978a55867a3629a644663
359444 1 39 10 7 3 1 0 0 0  aaa99997588aa9884798a773978a44867a6669a563552
359450 1 39 10 7 4 1 0 0 0  aaa99997588aa9884798a773978a44867a6659a663552
359456 1 39 10 7 5 1 0 0 0  aaa99997588aa9884798a773978a44867a3659a666552
359474 1 39 10 8 2 1 0 0 0  aaa99995488aa9885798a777978a53867a3629a644665
359476 1 39 10 8 2 2 0 0 0  aaa99994588aa9885798a777978a35867a5629a644663
359510 1 39 10 9 2 1 0 0 0  aaa99995488aa9885698a663978a53876a2769a777445
359512 1 39 10 9 2 2 0 0 0  aaa99994588aa9885698a665978a35876a2769a777443
359728 1 39 11 4 2 2 0 0 0  aaa99996488aa9888798a773967a66875a3759a562454
359762 1 39 11 5 2 1 0 0 0  aaa99995488aa9888798a775977a53867a3629a644665
359764 1 39 11 5 2 2 0 0 0  aaa99994588aa9888798a775977a35867a5629a644663
359846 1 39 11 7 4 1 0 0 0  aaa99997588aa9888798a774976a63867a3659a644552
359852 1 39 11 7 5 1 0 0 0  aaa99997588aa9888798a774976a44867a3659a663552
360016 1 39 12 1 2 2 0 0 0  aaa99996488aa9883798a773967a66875a7859a562454
360026 1 39 12 1 4 1 0 0 0  aaa99995488aa9885798a773967a53876a7869a644625
360028 1 39 12 1 4 2 0 0 0  aaa99994588aa9885798a775967a35876a7869a644623
360050 1 39 12 2 2 1 0 0 0  aaa99996488aa9883798a773967a66857a2859a567454
360088 1 39 12 3 2 2 0 0 0  aaa99996488aa9883798a777967a66875a3859a562454
360124 1 39 12 4 2 2 0 0 0  aaa99996488aa9883798a773967a66875a2859a567454
360158 1 39 12 5 2 1 0 0 0  aaa99995488aa9885798a773977a44867a3869a662565
360160 1 39 12 5 2 2 0 0 0  aaa99994588aa9885798a775977a35867a4869a662364
360164 1 39 12 5 3 1 0 0 0  aaa99995488aa9885798a773977a53867a6869a662445
360166 1 39 12 5 3 2 0 0 0  aaa99994588aa9885798a775977a35867a6869a662443
360170 1 39 12 5 4 1 0 0 0  aaa99995488aa9885798a773977a53867a2869a666445
360172 1 39 12 5 4 2 0 0 0  aaa99994588aa9885798a775977a35867a2869a666443
360176 1 39 12 5 5 1 0 0 0  aaa99996588aa9884798a773977a63857a2849a565646
360216 1 39 12 7 0 0 0 0 0  aaa99997588aa9884798a773976a63867a6859a545624
360218 1 39 12 7 0 1 0 0 0  aaa99997588aa9884798a773976a63867a6849a555642
360224 1 39 12 7 1 1 0 0 0  aaa99997588aa9884798a773976a66857a3869a655442
360230 1 39 12 7 2 1 0 0 0  aaa99997588aa9884798a773976a66867a3859a644552
360234 1 39 12 7 3 0 0 0 0  aaa99997588aa9884798a773976a66867a3859a545624
360236 1 39 12 7 3 1 0 0 0  aaa99997588aa9884798a773976a66867a3849a555642
360240 1 39 12 7 4 0 0 0 0  aaa99997588aa9884798a773976a55867a6849a663542
360242 1 39 12 7 4 1 0 0 0  aaa99997588aa9884798a773976a46867a3859a662554
360248 1 39 12 7 5 1 0 0 0  aaa99997588aa9884798a773976a44867a3859a666552
360361 1 39 13 0 0 0 1 0 0  aaa99997788aa9884298a778976a67865a6559a354634
360362 1 39 13 0 0 1 0 0 0  aaa99997788aa9884298a778976a67865a6549a553643
360364 1 39 13 0 0 2 0 0 0  aaa99997788aa9883298a778976a67865a6459a543654
360482 1 39 13 3 2 1 0 0 0  aaa99995488aa9885798a758977a73867a3629a644665
360484 1 39 13 3 2 2 0 0 0  aaa99994588aa9885798a738977a75867a5629a644663
360520 1 39 13 4 2 2 0 0 0  aaa99996488aa9883798a778967a66875a3759a562454
360554 1 39 13 5 2 1 0 0 0  aaa99995488aa9885798a778977a53867a3629a644665
360556 1 39 13 5 2 2 0 0 0  aaa99994588aa9885798a778977a35867a5629a644663
360638 1 39 13 7 4 1 0 0 0  aaa99997588aa9884798a778976a63867a3659a644552
360644 1 39 13 7 5 1 0 0 0  aaa99997588aa9884798a778976a44867a3659a663552
360854 1 39 14 2 4 1 0 0 0  aaa99997488aa9883797a744988a78765a6659a663525
361038 1 39 14 7 5 0 0 0 0  aaa99996588aa9884797a763988a78754a5529a763646
361159 1 39 15 0 1 0 1 0 0  aaa99997788aa9854298a787978a78665a6369a553644
361162 1 39 15 0 1 2 0 0 0  aaa99997788aa9834298a787978a78664a6569a555643
361163 1 39 15 0 1 2 1 0 0  aaa99997788aa9864298a787978a78666a4359a563554
361164 1 39 15 0 2 0 0 0 0  aaa99997788aa9855298a787978a78666a5349a366544
361165 1 39 15 0 2 0 1 0 0  aaa99997788aa9854298a787978a78666a4559a366534
361166 1 39 15 0 2 1 0 0 0  aaa99997788aa9845298a787978a78666a4359a366554
361167 1 39 15 0 2 1 1 0 0  aaa99997788aa9854298a787978a78666a4359a366554
361168 1 39 15 0 2 2 0 0 0  aaa99997788aa9845298a787978a78666a5349a366455
361169 1 39 15 0 2 2 1 0 0  aaa99997788aa9836298a787978a78664a6549a555463
361171 1 39 15 0 3 0 1 0 0  aaa99997788aa9854298a787978a78663a6569a564534
361174 1 39 15 0 3 2 0 0 0  aaa99997788aa9834298a787978a78665a6469a564553
361175 1 39 15 0 3 2 1 0 0  aaa99997788aa9836298a787978a78664a6569a555443
361176 1 39 15 0 4 0 0 0 0  aaa99997788aa9855298a787978a78666a6349a365544
361177 1 39 15 0 4 0 1 0 0  aaa99997788aa9835298a787978a78666a6559a465443
361178 1 39 15 0 4 1 0 0 0  aaa99997788aa9834298a787978a78666a6549a565543
361179 1 39 15 0 4 1 1 0 0  aaa99997788aa9835298a787978a78666a6549a565443
361180 1 39 15 0 4 2 0 0 0  aaa99997788aa9834298a787978a78666a6459a564553
361181 1 39 15 0 4 2 1 0 0  aaa99997788aa9836298a787978a78666a6549a555443
361182 1 39 15 0 5 0 0 0 0  aaa99997788aa9855298a787978a78364a5639a666544
361183 1 39 15 0 5 0 1 0 0  aaa99997788aa9835298a787978a78564a5659a666443
361184 1 39 15 0 5 1 0 0 0  aaa99997788aa9834298a787978a78565a5649a666543
361185 1 39 15 0 5 1 1 0 0  aaa99997788aa9835298a787978a78565a5649a666443
361186 1 39 15 0 5 2 0 0 0  aaa99997788aa9834298a787978a78465a4659a666553
361187 1 39 15 0 5 2 1 0 0  aaa99997788aa9834798a584928a78765a7659a666543
361204 1 39 15 1 2 2 0 0 0  aaa99995488aa9844798a787978a58776a3629a663565
361276 1 39 15 3 2 2 0 0 0  aaa99995488aa9844798a683978a58777a7629a663565
361369 1 39 15 6 0 0 1 0 0  aaa99996688aa9846698a783958a68777a7529a543754
361395 1 39 15 6 4 1 1 0 0  aaa99995588aa9854298a784968a58777a7639a666734
361473 1 39 15 8 5 1 1 0 0  aaa99995588aa9854298a684978a58777a7369a673664
361509 1 39 15 9 5 1 1 0 0  aaa99995588aa9854298a684978a58376a3769a777664
361539 1 39 15 10 4 1 1 0 0  aaa99995588aa9854298a784968a58367a3679a766774
361594 1 39 16 1 1 2 0 0 0  aaa99995688aa9854798a787978a44778a3629a663565
361598 1 39 16 1 2 1 0 0 0  aaa99996588aa9864798a787978a44778a3659a663552
361634 1 39 16 2 2 1 0 0 0  aaa99996588aa9864798a787978a44768a3659a763552
361642 1 39 16 2 3 2 0 0 0  aaa99995488aa9853798a787978a53768a6669a762445
361648 1 39 16 2 4 2 0 0 0  aaa99995488aa9853798a787978a53768a2669a766445
361652 1 39 16 2 5 1 0 0 0  aaa99996588aa9864798a787978a63758a3549a765642
361686 1 39 16 3 5 0 0 0 0  aaa99996588aa9864798a782978a77548a5539a764636
361708 1 39 16 4 2 2 0 0 0  aaa99995488aa9853798a787978a44768a3769a662565
361714 1 39 16 4 3 2 0 0 0  aaa99995488aa9853798a787978a53768a6769a662445
361720 1 39 16 4 4 2 0 0 0  aaa99995488aa9853798a787978a53768a2769a666445
361724 1 39 16 4 5 1 0 0 0  aaa99996588aa9864798a787978a63758a3749a565642
361758 1 39 16 5 5 0 0 0 0  aaa99996588aa9864798a787978a72548a5539a764636
361778 1 39 16 6 2 1 0 0 0  aaa99995488aa9853798a685978a77768a3769a662445
361780 1 39 16 6 2 2 0 0 0  aaa99994588aa9835798a685978a77768a5769a662443
361830 1 39 16 7 5 0 0 0 0  aaa99996788aa9865798a787978a64548a5539a764632
361850 1 39 16 8 2 1 0 0 0  aaa99995488aa9853798a785978a77768a3629a644665
361852 1 39 16 8 2 2 0 0 0  aaa99994588aa9835798a785978a77768a5629a644663
361910 1 39 16 10 0 1 0 0 0  aaa99997588aa9874698a683968a73658a2549a675747
361926 1 39 16 10 3 0 0 0 0  aaa99997588aa9874698a686968a72548a5539a674737
361934 1 39 16 10 4 1 0 0 0  aaa99997588aa9874698a484968a73658a3669a575727
361951 1 39 17 0 1 0 1 0 0  aaa99997788aa9884298a778978a57665a6369a553644
361957 1 39 17 0 2 0 1 0 0  aaa99997788aa9884298a778978a57666a4559a366534
361963 1 39 17 0 3 0 1 0 0  aaa99997788aa9884298a778978a57663a6569a564534
361994 1 39 17 1 2 1 0 0 0  aaa99995488aa9883798a778978a44776a3659a662565
361996 1 39 17 1 2 2 0 0 0  aaa99994588aa9885798a778978a35776a5649a662463
362438 1 39 18 2 4 1 0 0 0  aaa99997488aa9888797a744988a73765a6659a663525
362462 1 39 18 3 2 1 0 0 0  aaa99995788aa9888797a774988a47666a3259a566534
362464 1 39 18 3 2 2 0 0 0  aaa99995788aa9888797a773988a57666a3449a266545
362622 1 39 18 7 5 0 0 0 0  aaa99996588aa9888797a764988a73754a5529a763646
362780 1 39 19 1 1 1 0 0 0  aaa99995688aa9884798a773978a44778a3659a662565
362782 1 39 19 1 1 2 0 0 0  aaa99994688aa9885798a775978a35778a5649a662463
362784 1 39 19 1 2 0 0 0 0  aaa99996588aa9884798a773978a55778a3649a662546
362786 1 39 19 1 2 1 0 0 0  aaa99996588aa9885798a774978a63778a3659a662454
362792 1 39 19 1 3 1 0 0 0  aaa99996588aa9884798a773978a44778a3669a566552
362798 1 39 19 1 4 1 0 0 0  aaa99996588aa9884798a773978a44778a3659a666552
362820 1 39 19 2 2 0 0 0 0  aaa99996588aa9884798a773978a55768a3649a762546
362822 1 39 19 2 2 1 0 0 0  aaa99996588aa9885798a774978a63768a3659a762454
362828 1 39 19 2 3 1 0 0 0  aaa99995488aa9885798a773978a53768a6669a762445
362830 1 39 19 2 3 2 0 0 0  aaa99994588aa9885798a775978a35768a6669a762443
362834 1 39 19 2 4 1 0 0 0  aaa99995488aa9885798a773978a53768a2669a766445
362836 1 39 19 2 4 2 0 0 0  aaa99994588aa9885798a775978a35768a2669a766443
362840 1 39 19 2 5 1 0 0 0  aaa99996588aa9884798a773978a63758a2549a765646
362858 1 39 19 3 2 1 0 0 0  aaa99995488aa9885798a777978a53768a3629a644665
362860 1 39 19 3 2 2 0 0 0  aaa99994588aa9885798a777978a35768a5629a644663
362894 1 39 19 4 2 1 0 0 0  aaa99995488aa9885798a773978a44768a3769a662565
362896 1 39 19 4 2 2 0 0 0  aaa99994588aa9885798a775978a35768a4769a662364
362900 1 39 19 4 3 1 0 0 0  aaa99995488aa9885798a773978a53768a6769a662445
362902 1 39 19 4 3 2 0 0 0  aaa99994588aa9885798a775978a35768a6769a662443
362906 1 39 19 4 4 1 0 0 0  aaa99995488aa9885798a773978a53768a2769a666445
362908 1 39 19 4 4 2 0 0 0  aaa99994588aa9885798a775978a35768a2769a666443
362912 1 39 19 4 5 1 0 0 0  aaa99996588aa9884798a773978a63758a2749a565646
362946 1 39 19 5 5 0 0 0 0  aaa99996588aa9884798a772978a67548a5539a764636
362996 1 39 19 7 1 1 0 0 0  aaa99997588aa9884798a773978a44668a6569a755632
363054 1 39 19 8 5 0 0 0 0  aaa99996588aa9884798a777978a62548a5539a764636
363098 1 39 19 10 0 1 0 0 0  aaa99997588aa9884698a673968a73658a2549a675747
363114 1 39 19 10 3 0 0 0 0  aaa99997588aa9884698a676968a72548a5539a674737
363122 1 39 19 10 4 1 0 0 0  aaa99997588aa9884698a474968a73658a3669a575727
363182 1 39 20 1 2 1 0 0 0  aaa99995488aa9888798a773978a44776a3659a662565
363184 1 39 20 1 2 2 0 0 0  aaa99994588aa9888798a775978a35776a5649a662463
363578 1 39 21 1 2 1 0 0 0  aaa99995487aa9773898a888978a44776a3659a662565
363580 1 39 21 1 2 2 0 0 0  aaa99994587aa9775898a888978a35776a5649a662463
364333 1 40 0 0 2 0 1 0 0  aaa99999588aa7755398a737897a74628a9866a684564
364335 1 40 0 0 2 1 1 0 0  aaa99999488aa7755298a757897a74638a9866a683564
364341 1 40 0 0 3 1 1 0 0  aaa99999488aa7755298a757897a74668a9866a383564
364345 1 40 0 0 4 0 1 0 0  aaa99999588aa7755398a737897a74628a9865a684664
364347 1 40 0 0 4 1 1 0 0  aaa99999488aa7755298a757897a74638a9865a683664
364409 1 40 0 2 2 2 1 0 0  aaa99999588aa7775698a766897a27338a9846a485645
364470 1 40 0 4 1 0 0 0 0  aaa99999488aa7773798a666897a57658a9864a583524
364531 1 40 0 5 5 0 1 0 0  aaa99999588aa7774398a764897a63278a9856a585646
364535 1 40 0 5 5 2 1 0 0  aaa99999588aa7775398a765897a63278a9846a485646
364538 1 40 0 6 0 1 0 0 0  aaa99999488aa7777698a644897a63278a9865a583556
364550 1 40 0 6 2 1 0 0 0  aaa99999488aa7777698a663897a53578a9865a682445
364552 1 40 0 6 2 2 0 0 0  aaa99999588aa7777698a665897a45478a9864a685332
364571 1 40 0 6 5 2 1 0 0  aaa99999488aa7777398a654897a53278a9865a684665
364577 1 40 0 7 0 2 1 0 0  aaa99999688aa7775698a765897a26338a9847a485645
364583 1 40 0 7 1 2 1 0 0  aaa99999588aa7775698a766897a35248a9867a484653
364595 1 40 0 7 3 2 1 0 0  aaa99999688aa7775698a766897a25338a9847a485645
364604 1 40 0 7 5 1 0 0 0  aaa99999688aa7776398a746897a36528a9857a586544
364605 1 40 0 7 5 1 1 0 0  aaa99999688aa7776398a746897a36528a9857a586454
364625 1 40 0 8 2 2 1 0 0  aaa99999588aa7777698a766897a25338a9846a485645
364658 1 40 0 9 2 1 0 0 0  aaa99999488aa7673698a663897a52578a9865a787445
364660 1 40 0 9 2 2 0 0 0  aaa99999588aa7675698a665897a45478a9864a787332
364697 1 40 0 10 2 2 1 0 0  aaa99999488aa6766398a754896a53268a9875a784775
364742 1 40 1 0 4 1 0 0 0  aaa99999488aa8773698a757796a73868a9655a644825
364801 1 40 1 2 2 0 1 0 0  aaa99999588aa8777798a755696a64828a9637a654834
364819 1 40 1 2 5 0 1 0 0  aaa99999588aa8777798a755296a54868a9637a664834
364861 1 40 1 4 0 0 1 0 0  aaa99999588aa8777698a655297a64878a9365a763844
364865 1 40 1 4 0 2 1 0 0  aaa99999588aa8777698a645297a65878a9364a763854
364900 1 40 1 5 0 2 0 0 0  aaa99999488aa8777698a763695a73868a9576a545824
364926 1 40 1 5 5 0 0 0 0  aaa99999588aa8777598a745596a74868a9672a663834
365114 1 40 2 0 0 1 0 0 0  aaa99999488aa8773698a767796a73568a9586a545824
365116 1 40 2 0 0 2 0 0 0  aaa99999588aa8775698a767796a75468a9486a435823
365122 1 40 2 0 1 2 0 0 0  aaa99999488aa8773698a767796a76258a9586a545834
365131 1 40 2 0 3 0 1 0 0  aaa99999488aa8774698a767796a76268a9585a533845
365138 1 40 2 0 4 1 0 0 0  aaa99999488aa8773698a757796a73568a9685a644825
365140 1 40 2 0 4 2 0 0 0  aaa99999588aa8775698a747796a75468a9684a635823
365142 1 40 2 0 5 0 0 0 0  aaa99999588aa8773598a757796a75468a9684a663824
365144 1 40 2 0 5 1 0 0 0  aaa99999488aa8773498a757796a74568a9685a663825
365147 1 40 2 0 5 2 1 0 0  aaa99999588aa8775398a747796a73268a9684a665854
365167 1 40 2 1 3 0 1 0 0  aaa99999488aa8777798a764796a66268a9585a533845
365174 1 40 2 1 4 1 0 0 0  aaa99999488aa8777798a753796a63568a9685a644825
365176 1 40 2 1 4 2 0 0 0  aaa99999588aa8777798a745796a65468a9684a635823
365180 1 40 2 1 5 1 0 0 0  aaa99999488aa8777798a753796a44568a9685a663825
365182 1 40 2 1 5 2 0 0 0  aaa99999588aa8777798a745796a35468a9684a665823
365204 1 40 2 2 3 1 0 0 0  aaa99999488aa8777798a744696a63658a9587a653825
365291 1 40 2 4 5 2 1 0 0  aaa99999588aa8777498a265497a64378a9386a765856
365294 1 40 2 5 0 1 0 0 0  aaa99999488aa8777698a763695a73568a9586a745824
365296 1 40 2 5 0 2 0 0 0  aaa99999588aa8777698a765694a75468a9486a735823
365314 1 40 2 5 3 2 0 0 0  aaa99999488aa8777698a766695a73258a9586a745834
365322 1 40 2 5 5 0 0 0 0  aaa99999588aa8777598a745596a73468a9684a766832
365328 1 40 2 6 0 0 0 0 0  aaa99999588aa8664798a777797a63568a9584a625834
365344 1 40 2 6 2 2 0 0 0  aaa99999488aa8666798a777797a63258a9586a545834
365368 1 40 2 7 0 2 0 0 0  aaa99999788aa8777698a764695a73268a9586a545834
365394 1 40 2 7 5 0 0 0 0  aaa99999788aa8777598a745596a73468a9684a665832
365419 1 40 2 8 3 0 1 0 0  aaa99999488aa8764798a777796a66268a9585a533845
365426 1 40 2 8 4 1 0 0 0  aaa99999488aa8753798a777796a63568a9685a644825
365428 1 40 2 8 4 2 0 0 0  aaa99999588aa8745798a777796a65468a9684a635823
365432 1 40 2 8 5 1 0 0 0  aaa99999488aa8753798a777796a44568a9685a663825
365434 1 40 2 8 5 2 0 0 0  aaa99999588aa8745798a777796a35468a9684a665823
365436 1 40 2 9 0 0 0 0 0  aaa99999588aa8664798a763797a77568a9584a625834
365452 1 40 2 9 2 2 0 0 0  aaa99999488aa8666798a763797a77258a9586a545834
365472 1 40 2 10 0 0 0 0 0  aaa99999488aa8663598a656597a63578a9784a777824
365489 1 40 2 10 2 2 1 0 0  aaa99999588aa8666498a265497a64378a9783a777855
365490 1 40 2 10 3 0 0 0 0  aaa99999588aa8666598a645597a63478a9784a777832
365533 1 40 3 0 4 0 1 0 0  aaa99999488aa8774598a757897a75266a9685a366834
365536 1 40 3 0 4 2 0 0 0  aaa99999588aa8775498a747897a75366a9683a266854
365537 1 40 3 0 4 2 1 0 0  aaa99999588aa8775298a747897a75363a9686a646854
365571 1 40 3 1 4 1 1 0 0  aaa99999488aa8777798a755897a54266a9685a366834
365635 1 40 3 3 3 0 1 0 0  aaa99999488aa8666798a777897a64276a9585a533845
365690 1 40 3 5 0 1 0 0 0  aaa99999488aa8777698a763896a73567a9586a545824
365692 1 40 3 5 0 2 0 0 0  aaa99999588aa8777698a765896a75467a9486a435823
365695 1 40 3 5 1 0 1 0 0  aaa99999488aa8777698a766896a74267a9585a533845
365703 1 40 3 5 2 1 1 0 0  aaa99999488aa8777698a766895a75257a9586a364834
365704 1 40 3 5 2 2 0 0 0  aaa99999488aa8777698a766895a73257a9586a465843
365710 1 40 3 5 3 2 0 0 0  aaa99999488aa8777698a766896a73257a9586a545834
365714 1 40 3 5 4 1 0 0 0  aaa99999488aa8777698a753896a73567a9685a644825
365716 1 40 3 5 4 2 0 0 0  aaa99999588aa8777698a745896a75467a9684a635823
365718 1 40 3 5 5 0 0 0 0  aaa99999588aa8777498a755896a74267a9685a664833
365720 1 40 3 5 5 1 0 0 0  aaa99999588aa8777598a755896a73467a9684a663824
365723 1 40 3 5 5 2 1 0 0  aaa99999588aa8777398a745896a73267a9684a665854
365743 1 40 3 6 3 0 1 0 0  aaa99999488aa8764798a777896a66267a9585a533845
365750 1 40 3 6 4 1 0 0 0  aaa99999488aa8753798a777896a63567a9685a644825
365752 1 40 3 6 4 2 0 0 0  aaa99999588aa8745798a777896a65467a9684a635823
365756 1 40 3 6 5 1 0 0 0  aaa99999488aa8753798a777896a44567a9685a663825
365758 1 40 3 6 5 2 0 0 0  aaa99999588aa8745798a777896a35467a9684a665823
365823 1 40 3 8 4 1 1 0 0  aaa99999488aa8755798a777897a54266a9685a366834
365846 1 40 3 9 2 1 0 0 0  aaa99999488aa8666798a653897a44576a9785a773825
365848 1 40 3 9 2 2 0 0 0  aaa99999588aa8666798a645897a35476a9784a775823
365858 1 40 3 9 4 1 0 0 0  aaa99999488aa8663798a653897a44576a9785a772865
365860 1 40 3 9 4 2 0 0 0  aaa99999588aa8665798a645897a35476a9784a772863
365864 1 40 3 9 5 1 0 0 0  aaa99999488aa8563798a464897a63575a9786a772856
365866 1 40 3 9 5 2 0 0 0  aaa99999588aa8465798a365897a65474a9786a772836
365885 1 40 3 10 2 2 1 0 0  aaa99999488aa8666398a654897a53276a9785a777845
365911 1 40 4 0 1 0 1 0 0  aaa99999588aa8774398a767897a73666a9288a565544
365915 1 40 4 0 1 2 1 0 0  aaa99999588aa8775298a767897a75666a9488a464353
365929 1 40 4 0 4 0 1 0 0  aaa99999488aa8774598a757897a75266a9688a366534
365931 1 40 4 0 4 1 1 0 0  aaa99999488aa8774398a757897a73266a9688a566554
365932 1 40 4 0 4 2 0 0 0  aaa99999588aa8775498a747897a75266a9688a366354
365933 1 40 4 0 4 2 1 0 0  aaa99999588aa8775398a737897a75266a9688a466445
366086 1 40 4 5 0 1 0 0 0  aaa99999488aa8777698a763896a73567a9588a545624
366088 1 40 4 5 0 2 0 0 0  aaa99999588aa8777698a765896a75467a9488a435623
366099 1 40 4 5 2 1 1 0 0  aaa99999488aa8777698a766895a75257a9588a364634
366100 1 40 4 5 2 2 0 0 0  aaa99999488aa8777698a766895a73257a9588a465643
366106 1 40 4 5 3 2 0 0 0  aaa99999488aa8777698a766896a73257a9588a545634
366110 1 40 4 5 4 1 0 0 0  aaa99999588aa8777698a754896a73267a9688a653445
366112 1 40 4 5 4 2 0 0 0  aaa99999588aa8777698a745896a75267a9688a635443
366114 1 40 4 5 5 0 0 0 0  aaa99999588aa8777498a755896a74267a9688a664533
366116 1 40 4 5 5 1 0 0 0  aaa99999588aa8777598a755896a74267a9688a663443
366119 1 40 4 5 5 2 1 0 0  aaa99999588aa8777398a745896a73267a9688a665454
366146 1 40 4 6 4 1 0 0 0  aaa99999588aa8754798a777896a63267a9688a653445
366148 1 40 4 6 4 2 0 0 0  aaa99999588aa8745798a777896a65267a9688a635443
366152 1 40 4 6 5 1 0 0 0  aaa99999588aa8754798a777896a53267a9688a663445
366154 1 40 4 6 5 2 0 0 0  aaa99999588aa8745798a777896a35267a9688a665443
366228 1 40 4 9 0 0 0 0 0  aaa99999588aa8664798a646897a63575a9788a773254
366242 1 40 4 9 2 1 0 0 0  aaa99999588aa8666798a654897a53276a9788a773445
366244 1 40 4 9 2 2 0 0 0  aaa99999588aa8666798a645897a35276a9788a775443
366254 1 40 4 9 4 1 0 0 0  aaa99999588aa8656798a654897a44276a9788a773635
366256 1 40 4 9 4 2 0 0 0  aaa99999588aa8646798a635897a35276a9788a775644
366260 1 40 4 9 5 1 0 0 0  aaa99999588aa8654798a653897a44276a9788a773665
366262 1 40 4 9 5 2 0 0 0  aaa99999588aa8645798a635897a35276a9788a774664
366281 1 40 4 10 2 2 1 0 0  aaa99999488aa8666398a654897a53276a9788a777545
366300 1 40 5 0 0 0 0 0 0  aaa99999588aa8773798a873896a62747a9668a455546
366302 1 40 5 0 0 1 0 0 0  aaa99999488aa8773798a873896a62757a9668a455546
366326 1 40 5 0 4 1 0 0 0  aaa99999588aa8774798a873896a63767a9658a644552
366332 1 40 5 0 5 1 0 0 0  aaa99999588aa8774798a873896a44767a9658a663552
366512 1 40 5 5 5 1 0 0 0  aaa99999588aa8777598a874896a55267a9678a663443
366515 1 40 5 5 5 2 1 0 0  aaa99999588aa8777498a875896a44267a9678a665353
366542 1 40 5 6 4 1 0 0 0  aaa99999588aa8664798a853897a77276a9768a653445
366544 1 40 5 6 4 2 0 0 0  aaa99999588aa8665798a845897a77276a9768a635443
366548 1 40 5 6 5 1 0 0 0  aaa99999588aa8654798a853897a77276a9768a644635
366550 1 40 5 6 5 2 0 0 0  aaa99999588aa8645798a835897a77276a9768a635644
366598 1 40 5 8 1 2 0 0 0  aaa99999488aa8573798a863897a77675a9668a562454
366626 1 40 5 9 0 1 0 0 0  aaa99999588aa8664798a863897a44676a9758a773552
366638 1 40 5 9 2 1 0 0 0  aaa99999588aa8666798a854897a53276a9768a773445
366640 1 40 5 9 2 2 0 0 0  aaa99999588aa8666798a845897a35276a9768a775443
366650 1 40 5 9 4 1 0 0 0  aaa99999588aa8656798a854897a44276a9768a773635
366652 1 40 5 9 4 2 0 0 0  aaa99999588aa8646798a835897a35276a9768a775644
366656 1 40 5 9 5 1 0 0 0  aaa99999588aa8654798a853897a44276a9768a773665
366658 1 40 5 9 5 2 0 0 0  aaa99999588aa8645798a835897a35276a9768a774664
366677 1 40 5 10 2 2 1 0 0  aaa99999488aa8666398a854897a53276a9768a777545
366689 1 40 5 10 4 2 1 0 0  aaa99999488aa8656398a854897a53276a9768a777645
366703 1 40 6 0 1 0 1 0 0  aaa99999588aa8774398a767897a73628a9668a565544
366707 1 40 6 0 1 2 1 0 0  aaa99999588aa8775298a767897a75648a9668a464353
366787 1 40 6 2 3 0 1 0 0  aaa99999488aa8777798a764896a66268a9558a375534
366878 1 40 6 5 0 1 0 0 0  aaa99999488aa8777698a763896a73568a9578a545624
366880 1 40 6 5 0 2 0 0 0  aaa99999588aa8777698a765896a75468a9478a435623
366891 1 40 6 5 2 1 1 0 0  aaa99999488aa8777698a766895a75258a9578a364634
366892 1 40 6 5 2 2 0 0 0  aaa99999488aa8777698a766895a73258a9578a465643
366898 1 40 6 5 3 2 0 0 0  aaa99999488aa8777698a766896a73258a9578a545634
366902 1 40 6 5 4 1 0 0 0  aaa99999588aa8777698a754896a73268a9678a653445
366904 1 40 6 5 4 2 0 0 0  aaa99999588aa8777698a745896a75268a9678a635443
366906 1 40 6 5 5 0 0 0 0  aaa99999588aa8777498a755896a74268a9678a664533
366908 1 40 6 5 5 1 0 0 0  aaa99999588aa8777598a755896a74268a9678a663443
366911 1 40 6 5 5 2 1 0 0  aaa99999588aa8777398a745896a73268a9678a665454
366938 1 40 6 6 4 1 0 0 0  aaa99999588aa8754798a777896a63268a9678a653445
366940 1 40 6 6 4 2 0 0 0  aaa99999588aa8745798a777896a65268a9678a635443
366944 1 40 6 6 5 1 0 0 0  aaa99999588aa8754798a777896a53268a9678a663445
366946 1 40 6 6 5 2 0 0 0  aaa99999588aa8745798a777896a35268a9678a665443
366949 1 40 6 7 0 0 1 0 0  aaa99999788aa8777698a764896a74268a9558a353654
367020 1 40 6 9 0 0 0 0 0  aaa99999588aa8664798a646897a63578a9758a773254
367034 1 40 6 9 2 1 0 0 0  aaa99999588aa8666798a654897a53278a9768a773445
367036 1 40 6 9 2 2 0 0 0  aaa99999588aa8666798a645897a35278a9768a775443
367046 1 40 6 9 4 1 0 0 0  aaa99999588aa8656798a654897a44278a9768a773635
367048 1 40 6 9 4 2 0 0 0  aaa99999588aa8646798a635897a35278a9768a775644
367052 1 40 6 9 5 1 0 0 0  aaa99999588aa8654798a653897a44278a9768a773665
367054 1 40 6 9 5 2 0 0 0  aaa99999588aa8645798a635897a35278a9768a774664
367073 1 40 6 10 2 2 1 0 0  aaa99999488aa8666398a654897a53278a9768a777545
367097 1 40 7 0 0 2 1 0 0  aaa99999688aa8877698a776796a37264a9548a555348
367105 1 40 7 0 2 0 1 0 0  aaa99999588aa8877698a773796a67264a9648a455538
367109 1 40 7 0 2 2 1 0 0  aaa99999488aa8877698a774796a67265a9658a533548
367154 1 40 7 1 4 1 0 0 0  aaa99999488aa8844798a773796a56765a9758a663528
367262 1 40 7 4 4 1 0 0 0  aaa99999488aa8844798a773796a56775a9658a663528
367296 1 40 7 5 4 0 0 0 0  aaa99999588aa8855798a774797a44266a9678a366538
367300 1 40 7 5 4 2 0 0 0  aaa99999588aa8845798a775797a44266a9678a366358
367344 1 40 7 7 0 0 0 0 0  aaa99999588aa8874798a773796a63662a9578a544658
367346 1 40 7 7 0 1 0 0 0  aaa99999588aa8874798a773796a63664a9578a525648
367379 1 40 7 7 5 2 1 0 0  aaa99999588aa8875798a775796a33264a9678a665448
367501 1 40 8 0 2 0 1 0 0  aaa99999588aa8774798a755896a84762a9387a653664
367502 1 40 8 0 2 1 0 0 0  aaa99999588aa8774798a744896a83762a9587a655663
367520 1 40 8 0 5 1 0 0 0  aaa99999588aa8774798a744896a83765a9687a663552
367670 1 40 8 5 0 1 0 0 0  aaa99999488aa8777698a763896a83567a9587a545624
367672 1 40 8 5 0 2 0 0 0  aaa99999588aa8777698a765896a85467a9487a435623
367683 1 40 8 5 2 1 1 0 0  aaa99999488aa8777698a766895a85257a9587a364634
367684 1 40 8 5 2 2 0 0 0  aaa99999488aa8777698a766895a83257a9587a465643
367690 1 40 8 5 3 2 0 0 0  aaa99999488aa8777698a766896a83257a9587a545634
367694 1 40 8 5 4 1 0 0 0  aaa99999588aa8777698a754896a83267a9687a653445
367696 1 40 8 5 4 2 0 0 0  aaa99999588aa8777698a745896a85267a9687a635443
367698 1 40 8 5 5 0 0 0 0  aaa99999588aa8777498a755896a84267a9687a664533
367700 1 40 8 5 5 1 0 0 0  aaa99999588aa8777598a755896a84267a9687a663443
367703 1 40 8 5 5 2 1 0 0  aaa99999588aa8777398a745896a83267a9687a665454
367732 1 40 8 6 4 2 0 0 0  aaa99999488aa8753798a777896a86267a9685a653445
367736 1 40 8 6 5 1 0 0 0  aaa99999488aa8753798a777896a83567a9685a662445
367738 1 40 8 6 5 2 0 0 0  aaa99999588aa8745798a777896a85467a9684a665332
367812 1 40 8 9 0 0 0 0 0  aaa99999588aa8664798a646897a83575a9786a773254
367826 1 40 8 9 2 1 0 0 0  aaa99999488aa8666798a653897a83576a9785a772445
367828 1 40 8 9 2 2 0 0 0  aaa99999588aa8666798a645897a85476a9784a775332
367838 1 40 8 9 4 1 0 0 0  aaa99999488aa8656798a644897a83576a9785a773625
367840 1 40 8 9 4 2 0 0 0  aaa99999588aa8646798a635897a85476a9784a775623
367844 1 40 8 9 5 1 0 0 0  aaa99999488aa8653798a644897a83576a9785a772665
367846 1 40 8 9 5 2 0 0 0  aaa99999588aa8645798a635897a85476a9784a772663
367865 1 40 8 10 2 2 1 0 0  aaa99999488aa8666398a654897a83276a9785a777545
367895 1 40 9 0 1 2 1 0 0  aaa99999588aa8775298a767897a75666a9348a863445
367914 1 40 9 0 5 0 0 0 0  aaa99999688aa8776498a747897a76553a9258a856364
367915 1 40 9 0 5 0 1 0 0  aaa99999688aa8776298a747897a76355a9538a846564
367918 1 40 9 0 5 2 0 0 0  aaa99999688aa8776298a757897a76344a9438a856565
368064 1 40 9 5 0 0 0 0 0  aaa99999488aa8777698a763896a73567a9548a852645
368066 1 40 9 5 0 1 0 0 0  aaa99999488aa8777698a763896a73567a9558a845624
368155 1 40 9 7 3 0 1 0 0  aaa99999788aa8777698a766896a74553a9258a854634
368234 1 40 9 9 4 1 0 0 0  aaa99999588aa8664798a653897a53276a9768a877445
368236 1 40 9 9 4 2 0 0 0  aaa99999588aa8665798a645897a35276a9768a877443
368240 1 40 9 9 5 1 0 0 0  aaa99999588aa8654798a653897a44276a9768a877635
368242 1 40 9 9 5 2 0 0 0  aaa99999588aa8645798a635897a35276a9768a877644
368287 1 40 10 0 1 0 1 0 0  aaa99999488aa8877298a774897a67666a9558a365534
368289 1 40 10 0 1 1 1 0 0  aaa99999488aa8877298a774897a67666a9538a565534
368291 1 40 10 0 1 2 1 0 0  aaa99999488aa8877298a774897a67666a9358a563554
368330 1 40 10 1 2 1 0 0 0  aaa99999488aa8853798a773897a44776a9658a662565
368332 1 40 10 1 2 2 0 0 0  aaa99999588aa8845798a775897a35776a9648a662463
368336 1 40 10 1 3 1 0 0 0  aaa99999488aa8863798a773897a44775a9668a566525
368366 1 40 10 2 2 1 0 0 0  aaa99999588aa8854798a773897a44267a9768a663565
368368 1 40 10 2 2 2 0 0 0  aaa99999588aa8845798a775897a35267a9768a664364
368372 1 40 10 2 3 1 0 0 0  aaa99999488aa8853798a773897a44667a9758a662565
368374 1 40 10 2 3 2 0 0 0  aaa99999588aa8845798a775897a35667a9748a662463
368438 1 40 10 4 2 1 0 0 0  aaa99999588aa8854798a773897a53276a9768a666445
368440 1 40 10 4 2 2 0 0 0  aaa99999588aa8845798a775897a35276a9768a666443
368450 1 40 10 4 4 1 0 0 0  aaa99999588aa8854798a773897a53676a9728a644665
368452 1 40 10 4 4 2 0 0 0  aaa99999588aa8845798a775897a35676a9728a644663
368456 1 40 10 4 5 1 0 0 0  aaa99999588aa8854798a773897a53276a9768a644665
368458 1 40 10 4 5 2 0 0 0  aaa99999588aa8845798a775897a35276a9768a644663
368461 1 40 10 5 0 0 1 0 0  aaa99999688aa8866798a774897a37567a9528a564543
368522 1 40 10 6 4 1 0 0 0  aaa99999588aa8854798a777896a63267a9678a653445
368524 1 40 10 6 4 2 0 0 0  aaa99999588aa8845798a777896a65267a9678a635443
368528 1 40 10 6 5 1 0 0 0  aaa99999588aa8854798a777896a53267a9678a663445
368530 1 40 10 6 5 2 0 0 0  aaa99999588aa8845798a777896a35267a9678a665443
368533 1 40 10 7 0 0 1 0 0  aaa99999688aa8874798a774897a66267a9558a365534
368538 1 40 10 7 1 0 0 0 0  aaa99999588aa8874798a773897a63657a9668a562454
368540 1 40 10 7 1 1 0 0 0  aaa99999588aa8874798a773897a63657a9668a565442
368618 1 40 10 9 2 1 0 0 0  aaa99999588aa8854798a666897a53276a9768a773445
368620 1 40 10 9 2 2 0 0 0  aaa99999588aa8845798a666897a35276a9768a775443
368630 1 40 10 9 4 1 0 0 0  aaa99999588aa8854798a656897a44276a9768a773635
368632 1 40 10 9 4 2 0 0 0  aaa99999588aa8845798a636897a35276a9768a775644
368636 1 40 10 9 5 1 0 0 0  aaa99999588aa8854798a653897a44276a9768a773665
368638 1 40 10 9 5 2 0 0 0  aaa99999588aa8845798a635897a35276a9768a774664
368654 1 40 10 10 2 1 0 0 0  aaa99999588aa8854698a663897a53276a9768a777445
368656 1 40 10 10 2 2 0 0 0  aaa99999588aa8845698a665897a35276a9768a777443
368714 1 40 11 1 0 1 0 0 0  aaa99999588aa8884798a773796a63876a9756a644552
368732 1 40 11 1 3 1 0 0 0  aaa99999488aa8883798a773796a66875a9756a644525
368748 1 40 11 2 0 0 0 0 0  aaa99999588aa8884798a773796a63876a9476a654552
368750 1 40 11 2 0 1 0 0 0  aaa99999588aa8884798a773796a63876a9576a655442
368766 1 40 11 2 3 0 0 0 0  aaa99999588aa8884798a773796a66875a9674a525634
368822 1 40 11 4 0 1 0 0 0  aaa99999588aa8884798a773697a63876a9756a644552
368836 1 40 11 4 2 2 0 0 0  aaa99999488aa8883798a773697a66875a9756a562454
368846 1 40 11 4 4 1 0 0 0  aaa99999588aa8884798a773697a53876a9765a644625
368848 1 40 11 4 4 2 0 0 0  aaa99999588aa8885798a775697a45876a9763a644623
368870 1 40 11 5 2 1 0 0 0  aaa99999588aa8884798a773797a53862a9675a644665
368872 1 40 11 5 2 2 0 0 0  aaa99999588aa8885798a775797a45862a9673a644663
368928 1 40 11 7 0 0 0 0 0  aaa99999588aa8884798a773796a63866a9576a572454
368930 1 40 11 7 0 1 0 0 0  aaa99999588aa8884798a773796a63866a9576a575442
368952 1 40 11 7 4 0 0 0 0  aaa99999588aa8884798a773796a56862a9674a673554
368954 1 40 11 7 4 1 0 0 0  aaa99999588aa8884798a773796a63865a9674a672554
369037 1 40 11 10 0 0 1 0 0  aaa99999588aa8884698a655297a64876a9736a777534
369128 1 40 12 1 3 1 0 0 0  aaa99999488aa8863798a773796a66875a9758a644525
369232 1 40 12 4 2 2 0 0 0  aaa99999488aa8863798a773697a66875a9758a562454
369242 1 40 12 4 4 1 0 0 0  aaa99999588aa8854798a773697a53876a9768a644625
369244 1 40 12 4 4 2 0 0 0  aaa99999588aa8845798a775697a35876a9768a644623
369266 1 40 12 5 2 1 0 0 0  aaa99999588aa8854798a773797a53862a9678a644665
369268 1 40 12 5 2 2 0 0 0  aaa99999588aa8845798a775797a35862a9678a644663
369272 1 40 12 5 3 1 0 0 0  aaa99999588aa8864798a773797a44866a9678a563552
369302 1 40 12 6 2 1 0 0 0  aaa99999588aa8854798a777797a52863a9638a644665
369304 1 40 12 6 2 2 0 0 0  aaa99999588aa8845798a777797a25863a9638a644665
369324 1 40 12 7 0 0 0 0 0  aaa99999588aa8873798a773796a62866a9478a455546
369326 1 40 12 7 0 1 0 0 0  aaa99999488aa8873798a773796a62866a9578a455546
369344 1 40 12 7 3 1 0 0 0  aaa99999488aa8873798a773796a66865a9578a545624
369350 1 40 12 7 4 1 0 0 0  aaa99999588aa8874798a773796a63865a9678a644552
369356 1 40 12 7 5 1 0 0 0  aaa99999588aa8874798a773796a44865a9678a663552
369410 1 40 12 9 2 1 0 0 0  aaa99999588aa8854798a752797a77863a9638a644665
369412 1 40 12 9 2 2 0 0 0  aaa99999588aa8845798a725797a77863a9638a644665
369590 1 40 13 3 2 1 0 0 0  aaa99999588aa8854798a783797a73862a9675a644665
369592 1 40 13 3 2 2 0 0 0  aaa99999588aa8845798a785797a75862a9673a644663
369640 1 40 13 4 4 2 0 0 0  aaa99999488aa8853798a787697a53876a9765a644625
369664 1 40 13 5 2 2 0 0 0  aaa99999488aa8853798a787797a53862a9675a644665
370035 1 40 14 4 4 1 1 0 0  aaa99999488aa8855798a788797a54266a9675a366734
370466 1 40 15 5 4 1 0 0 0  aaa99999488aa8777698a873896a83567a9675a652445
370468 1 40 15 5 4 2 0 0 0  aaa99999588aa8777698a875896a85467a9674a645332
370471 1 40 15 5 5 0 1 0 0  aaa99999588aa8777398a874896a83267a9675a664554
370475 1 40 15 5 5 2 1 0 0  aaa99999588aa8777398a875896a83267a9674a665454
370493 1 40 15 6 2 2 1 0 0  aaa99999488aa8666398a854897a83726a9777a657545
370495 1 40 15 6 3 0 1 0 0  aaa99999488aa8666398a864897a83756a9777a527545
370505 1 40 15 6 4 2 1 0 0  aaa99999488aa8656398a854897a83726a9777a657645
370513 1 40 15 7 0 0 1 0 0  aaa99999788aa8777698a876896a83567a9524a543564
370531 1 40 15 7 3 0 1 0 0  aaa99999788aa8777698a873896a86567a9524a543564
370543 1 40 15 7 5 0 1 0 0  aaa99999788aa8777398a874896a83567a9652a664545
370598 1 40 15 9 2 1 0 0 0  aaa99999488aa8666798a853897a83576a9765a772445
370600 1 40 15 9 2 2 0 0 0  aaa99999588aa8666798a845897a85476a9764a775332
370602 1 40 15 9 3 0 0 0 0  aaa99999588aa8666798a864897a83576a9754a773254
370610 1 40 15 9 4 1 0 0 0  aaa99999488aa8656798a844897a83576a9765a773625
370612 1 40 15 9 4 2 0 0 0  aaa99999588aa8646798a835897a85476a9764a775623
370616 1 40 15 9 5 1 0 0 0  aaa99999488aa8653798a844897a83576a9765a772665
370618 1 40 15 9 5 2 0 0 0  aaa99999588aa8645798a835897a85476a9764a772663
370637 1 40 15 10 2 2 1 0 0  aaa99999488aa8666398a854897a83276a9765a777545
370639 1 40 15 10 3 0 1 0 0  aaa99999488aa8666398a864897a83576a9752a777545
370649 1 40 15 10 4 2 1 0 0  aaa99999488aa8656398a854897a83276a9765a777645
370656 1 40 16 0 0 0 0 0 0  aaa99999588aa8774798a873896a63747a9665a284556
370657 1 40 16 0 0 0 1 0 0  aaa99999488aa8774798a874896a63757a9665a583526
370658 1 40 16 0 0 1 0 0 0  aaa99999588aa8773798a873896a62757a9664a585446
370850 1 40 16 5 2 1 0 0 0  aaa99999588aa8777698a873896a63467a9674a582554
370871 1 40 16 5 5 2 1 0 0  aaa99999488aa8777398a874896a53267a9675a686545
370898 1 40 16 6 4 1 0 0 0  aaa99999488aa8663798a853897a77576a9765a682445
370900 1 40 16 6 4 2 0 0 0  aaa99999588aa8665798a845897a77476a9764a685332
370904 1 40 16 6 5 1 0 0 0  aaa99999488aa8653798a844897a77576a9765a683625
370906 1 40 16 6 5 2 0 0 0  aaa99999588aa8645798a835897a77476a9764a685623
370996 1 40 16 9 2 2 0 0 0  aaa99999488aa8666798a853897a53276a9765a787445
371008 1 40 16 9 4 2 0 0 0  aaa99999488aa8656798a853897a44276a9765a787635
371014 1 40 16 9 5 2 0 0 0  aaa99999488aa8653798a853897a44276a9765a787665
371212 1 40 17 4 2 2 0 0 0  aaa99999488aa8853798a787897a53672a9766a644565
371224 1 40 17 4 4 2 0 0 0  aaa99999488aa8853798a787897a53676a9725a644665
371230 1 40 17 4 5 2 0 0 0  aaa99999488aa8853798a787897a53276a9765a644665
371296 1 40 17 6 4 2 0 0 0  aaa99999488aa8853798a686897a77276a9765a653445
371300 1 40 17 6 5 1 0 0 0  aaa99999488aa8853798a683897a77576a9765a644625
371302 1 40 17 6 5 2 0 0 0  aaa99999588aa8845798a685897a77476a9764a635623
371390 1 40 17 9 2 1 0 0 0  aaa99999488aa8853798a683897a44675a9766a772565
371392 1 40 17 9 2 2 0 0 0  aaa99999588aa8845798a685897a35674a9766a772463
371396 1 40 17 9 3 1 0 0 0  aaa99999588aa8864798a683897a44675a9766a773552
371402 1 40 17 9 4 1 0 0 0  aaa99999488aa8853798a686897a44576a9765a773625
371404 1 40 17 9 4 2 0 0 0  aaa99999588aa8845798a686897a35476a9764a775623
371408 1 40 17 9 5 1 0 0 0  aaa99999488aa8853798a683897a44576a9765a772665
371410 1 40 17 9 5 2 0 0 0  aaa99999588aa8845798a685897a35476a9764a772663
371428 1 40 17 10 2 2 0 0 0  aaa99999488aa8853698a686897a53276a9765a777445
371438 1 40 17 10 4 1 0 0 0  aaa99999488aa8853698a683897a44576a9765a777625
371440 1 40 17 10 4 2 0 0 0  aaa99999588aa8845698a685897a35476a9764a777623
371520 1 40 18 2 0 0 0 0 0  aaa99999588aa8884798a778796a63675a9674a525634
371557 1 40 18 3 0 0 1 0 0  aaa99999588aa8884798a768797a74663a9276a655534
371700 1 40 18 7 0 0 0 0 0  aaa99999488aa8883798a778796a63566a9576a572454
371851 1 40 19 0 1 0 1 0 0  aaa99999488aa8877298a774897a67666a9556a385534
371853 1 40 19 0 1 1 1 0 0  aaa99999488aa8877298a774897a67666a9536a585534
371855 1 40 19 0 1 2 1 0 0  aaa99999488aa8877298a774897a67666a9356a583554
372002 1 40 19 4 2 1 0 0 0  aaa99999488aa8853798a773897a44675a9766a682565
372004 1 40 19 4 2 2 0 0 0  aaa99999588aa8845798a775897a35674a9766a682463
372008 1 40 19 4 3 1 0 0 0  aaa99999588aa8864798a773897a44675a9766a683552
372014 1 40 19 4 4 1 0 0 0  aaa99999488aa8853798a773897a44676a9755a682665
372016 1 40 19 4 4 2 0 0 0  aaa99999588aa8845798a775897a35676a9744a682663
372020 1 40 19 4 5 1 0 0 0  aaa99999488aa8853798a773897a44576a9765a682665
372022 1 40 19 4 5 2 0 0 0  aaa99999588aa8845798a775897a35476a9764a682663
372086 1 40 19 6 4 1 0 0 0  aaa99999488aa8853798a777896a63567a9675a682445
372088 1 40 19 6 4 2 0 0 0  aaa99999588aa8845798a777896a65467a9674a685332
372094 1 40 19 6 5 2 0 0 0  aaa99999488aa8853798a777896a53267a9675a686445
372109 1 40 19 7 2 0 1 0 0  aaa99999588aa8874798a774897a55627a9636a686534
372110 1 40 19 7 2 1 0 0 0  aaa99999588aa8874798a773897a44627a9656a686553
372184 1 40 19 9 2 2 0 0 0  aaa99999488aa8853798a666897a53276a9765a787445
372196 1 40 19 9 4 2 0 0 0  aaa99999488aa8853798a656897a44276a9765a787635
372202 1 40 19 9 5 2 0 0 0  aaa99999488aa8853798a653897a44276a9765a787665
372398 1 40 20 4 2 1 0 0 0  aaa99999488aa8883798a773897a52675a9766a644565
372400 1 40 20 4 2 2 0 0 0  aaa99999588aa8885798a775897a45673a9766a644362
372404 1 40 20 4 3 1 0 0 0  aaa99999588aa8884798a773897a63675a9766a644552
372410 1 40 20 4 4 1 0 0 0  aaa99999488aa8883798a773897a52676a9755a644665
372412 1 40 20 4 4 2 0 0 0  aaa99999588aa8885798a775897a45676a9744a633662
372416 1 40 20 4 5 1 0 0 0  aaa99999488aa8883798a773897a52576a9765a644665
372418 1 40 20 4 5 2 0 0 0  aaa99999588aa8885798a775897a45476a9764a633662
372482 1 40 20 6 4 1 0 0 0  aaa99999488aa8883798a777896a63567a9675a652445
372484 1 40 20 6 4 2 0 0 0  aaa99999588aa8885798a777896a65467a9674a645332
372488 1 40 20 6 5 1 0 0 0  aaa99999488aa8883798a777896a53567a9675a662445
372490 1 40 20 6 5 2 0 0 0  aaa99999588aa8885798a777896a45467a9674a665332
372493 1 40 20 7 0 0 1 0 0  aaa99999688aa8884798a774897a66267a9557a365534
372498 1 40 20 7 1 0 0 0 0  aaa99999588aa8884798a773897a63657a9667a562454
372500 1 40 20 7 1 1 0 0 0  aaa99999588aa8884798a773897a63657a9667a565442
372578 1 40 20 9 2 1 0 0 0  aaa99999488aa8883798a666897a53576a9765a772445
372580 1 40 20 9 2 2 0 0 0  aaa99999588aa8885798a666897a45476a9764a775332
372582 1 40 20 9 3 0 0 0 0  aaa99999588aa8884798a666897a63576a9754a773254
372590 1 40 20 9 4 1 0 0 0  aaa99999488aa8883798a656897a44576a9765a773625
372592 1 40 20 9 4 2 0 0 0  aaa99999588aa8885798a646897a35476a9764a775623
372596 1 40 20 9 5 1 0 0 0  aaa99999488aa8883798a653897a44576a9765a772665
372598 1 40 20 9 5 2 0 0 0  aaa99999588aa8885798a645897a35476a9764a772663
372614 1 40 20 10 2 1 0 0 0  aaa99999488aa8883698a663897a52576a9765a777445
372616 1 40 20 10 2 2 0 0 0  aaa99999588aa8885698a665897a45476a9764a777332
372708 1 40 21 2 0 0 0 0 0  aaa99999588aa8888798a774796a63675a9674a525634
372888 1 40 21 7 0 0 0 0 0  aaa99999488aa8888798a773796a63566a9576a572454
373049 1 40 22 0 2 2 1 0 0  aaa99999477aa8666397a654798a53287a9867a888545
373118 1 40 22 2 2 1 0 0 0  aaa99999577aa8754697a663798a53286a9867a888445
373120 1 40 22 2 2 2 0 0 0  aaa99999577aa8745697a665798a35286a9867a888443
373141 1 40 22 3 0 0 1 0 0  aaa99999577aa8774697a655298a64786a9836a888534
373228 1 40 22 5 2 2 0 0 0  aaa99999477aa8753697a676798a53286a9865a888445
373238 1 40 22 5 4 1 0 0 0  aaa99999477aa8753697a673798a44586a9865a888625
373240 1 40 22 5 4 2 0 0 0  aaa99999577aa8745697a675798a35486a9864a888623
373298 1 40 22 7 2 1 0 0 0  aaa99999477aa8753697a663798a44586a9865a888725
373300 1 40 22 7 2 2 0 0 0  aaa99999577aa8745697a665798a35486a9864a888723
373334 1 40 22 8 2 1 0 0 0  aaa99999477aa8773697a663798a52586a9865a888445
373336 1 40 22 8 2 2 0 0 0  aaa99999577aa8775697a665798a45486a9864a888332
373463 1 41 0 0 5 2 1 0 0  aaa99999988aa7765298a775978a65834a8746a863645
373535 1 41 0 2 5 2 1 0 0  aaa99999988aa7775298a765978a65834a8746a863645
373559 1 41 0 3 3 2 1 0 0  aaa99999988aa7777698a664978a56826a8735a854534
373565 1 41 0 3 4 2 1 0 0  aaa99999988aa7777698a666978a54826a8735a854534
373571 1 41 0 3 5 2 1 0 0  aaa99999988aa7777298a654978a54836a8765a853664
373607 1 41 0 4 5 2 1 0 0  aaa99999988aa7772398a657938a57846a8465a847665
373751 1 41 0 8 5 2 1 0 0  aaa99999988aa7777298a765948a65873a8446a865635
373799 1 41 0 10 1 2 1 0 0  aaa99999988aa6766298a754968a54837a8675a853774
373850 1 41 1 0 4 1 0 0 0  aaa99999988aa8774698a757976a73868a3655a644825
374008 1 41 1 5 0 2 0 0 0  aaa99999988aa8777698a764965a73858a3672a455846
374034 1 41 1 5 5 0 0 0 0  aaa99999988aa8777598a745956a74868a5672a663834
374339 1 41 2 3 1 2 1 0 0  aaa99999988aa8666798a777976a54828a8735a654534
374621 1 41 3 0 0 2 1 0 0  aaa99999988aa8776798a766926a84838a4757a563554
374642 1 41 3 0 4 1 0 0 0  aaa99999988aa8775798a744966a84868a3757a663552
375013 1 41 4 0 0 0 1 0 0  aaa99999988aa8776798a766926a84855a4787a365534
375015 1 41 4 0 0 1 1 0 0  aaa99999988aa8776798a766926a84855a5787a364534
375017 1 41 4 0 0 2 1 0 0  aaa99999988aa8776798a766926a84835a4787a563554
375038 1 41 4 0 4 1 0 0 0  aaa99999988aa8775798a744966a84865a3787a663552
375043 1 41 4 0 5 0 1 0 0  aaa99999988aa8775798a755926a84863a4787a666534
375115 1 41 4 2 5 0 1 0 0  aaa99999988aa8777798a755926a85863a4687a664534
375160 1 41 4 4 0 2 0 0 0  aaa99999988aa8777698a654967a83876a3685a752445
375196 1 41 4 5 0 2 0 0 0  aaa99999988aa8777698a764965a83857a3687a545624
375222 1 41 4 5 5 0 0 0 0  aaa99999988aa8777598a754956a83867a3687a662445
375355 1 41 4 9 3 0 1 0 0  aaa99999988aa8666798a655927a85873a4786a774534
375373 1 41 4 10 0 0 1 0 0  aaa99999988aa8665698a655927a84873a4786a777534
375408 1 41 5 0 0 0 0 0 0  aaa99999988aa8775798a873966a83877a2565a465464
375807 1 41 6 0 0 1 1 0 0  aaa99999988aa8776798a766926a84855a5757a364834
375809 1 41 6 0 0 2 1 0 0  aaa99999988aa8776798a766926a84835a4757a563854
375988 1 41 6 5 0 2 0 0 0  aaa99999988aa8777698a764965a83857a3567a465842
376019 1 41 6 5 5 2 1 0 0  aaa99999988aa8777498a735946a84867a5627a665853
376091 1 41 6 7 5 2 1 0 0  aaa99999988aa8777398a735926a87864a5647a665845
376134 1 41 6 9 1 0 0 0 0  aaa99999988aa8666798a554967a83874a4765a773852
376154 1 41 6 9 4 1 0 0 0  aaa99999988aa8665798a654947a84876a3765a773825
376187 1 41 6 10 3 2 1 0 0  aaa99999988aa8666398a635927a85874a5746a777845
376372 1 41 7 4 4 2 0 0 0  aaa99999988aa8854798a773967a53876a8765a644625
376454 1 41 7 7 0 1 0 0 0  aaa99999988aa8874798a773976a63857a8665a552446
376601 1 41 8 0 0 2 1 0 0  aaa99999988aa8776798a766926a88835a4757a563544
376946 1 41 8 9 4 1 0 0 0  aaa99999988aa8664798a653957a88876a3765a772445
376948 1 41 8 9 4 2 0 0 0  aaa99999988aa8665798a645947a88876a5764a775332
376952 1 41 8 9 5 1 0 0 0  aaa99999988aa8654798a644957a88876a3765a773625
376954 1 41 8 9 5 2 0 0 0  aaa99999988aa8645798a635947a88876a5764a775623
377005 1 41 9 0 2 0 1 0 0  aaa99999988aa8775798a755966a86783a4287a664534
377017 1 41 9 0 4 0 1 0 0  aaa99999988aa8775798a755926a86783a4687a664534
377018 1 41 9 0 4 1 0 0 0  aaa99999988aa8775798a744926a86785a4687a663553
377023 1 41 9 0 5 0 1 0 0  aaa99999988aa8775798a755926a84783a4687a666534
377156 1 41 9 4 3 1 0 0 0  aaa99999988aa8777698a664967a83586a3785a752445
377279 1 41 9 7 5 2 1 0 0  aaa99999988aa8777398a736952a87584a6585a476466
377438 1 41 10 1 2 1 0 0 0  aaa99999988aa8854798a775976a83876a3765a662445
377440 1 41 10 1 2 2 0 0 0  aaa99999988aa8845798a775976a85876a5763a662443
377474 1 41 10 2 2 1 0 0 0  aaa99999988aa8854798a775976a83867a3765a644625
377476 1 41 10 2 2 2 0 0 0  aaa99999988aa8845798a775976a85867a5763a644623
377482 1 41 10 2 3 2 0 0 0  aaa99999988aa8854798a773976a86867a3765a652445
377546 1 41 10 4 2 1 0 0 0  aaa99999988aa8854798a775967a83876a3766a652445
377548 1 41 10 4 2 2 0 0 0  aaa99999988aa8845798a775967a85876a5766a644332
377822 1 41 11 1 0 1 0 0 0  aaa99999988aa8885798a774976a63876a3756a644552
377930 1 41 11 4 0 1 0 0 0  aaa99999988aa8885798a774967a63876a3764a562554
378340 1 41 12 4 2 2 0 0 0  aaa99999988aa8864798a773967a66875a3758a562454
378374 1 41 12 5 2 1 0 0 0  aaa99999988aa8854798a775977a53867a3628a644665
378376 1 41 12 5 2 2 0 0 0  aaa99999988aa8845798a775977a35867a5628a644663
378458 1 41 12 7 4 1 0 0 0  aaa99999988aa8875798a774976a63867a3658a644552
378464 1 41 12 7 5 1 0 0 0  aaa99999988aa8875798a774976a44867a3658a663552
378576 1 41 13 0 0 0 0 0 0  aaa99999988aa8877298a787976a76866a4553a454356
378577 1 41 13 0 0 0 1 0 0  aaa99999988aa8877298a787976a76866a5553a435446
378578 1 41 13 0 0 1 0 0 0  aaa99999988aa8877298a787976a76866a4555a435346
378579 1 41 13 0 0 1 1 0 0  aaa99999988aa8877298a787976a76866a5543a535446
378580 1 41 13 0 0 2 0 0 0  aaa99999988aa8877298a787976a76866a4543a555346
378581 1 41 13 0 0 2 1 0 0  aaa99999988aa8877298a787976a76854a6663a555443
379398 1 41 15 0 5 0 0 0 0  aaa99999988aa8775798a874956a88767a3654a663254
379687 1 41 15 8 5 0 1 0 0  aaa99999988aa8655398a835974a88777a7465a674662
379764 1 41 16 0 0 0 0 0 0  aaa99999988aa8775798a873966a83787a2565a465464
380160 1 41 17 0 0 0 0 0 0  aaa99999988aa8877298a787976a78665a5463a534645
380161 1 41 17 0 0 0 1 0 0  aaa99999988aa8877298a787976a78665a4565a534643
380162 1 41 17 0 0 1 0 0 0  aaa99999988aa8877298a787976a78663a4565a545634
380163 1 41 17 0 0 1 1 0 0  aaa99999988aa8877298a787976a78665a4563a554643
380164 1 41 17 0 0 2 0 0 0  aaa99999988aa8877298a787976a78663a4564a555634
380165 1 41 17 0 0 2 1 0 0  aaa99999988aa8877298a787976a78663a3564a555464
380170 1 41 17 0 1 2 0 0 0  aaa99999988aa8877298a787975a78666a3546a545436
380580 1 41 18 0 4 0 0 0 0  aaa99999988aa8884798a758976a46567a7752a663534
380809 1 41 18 7 0 0 1 0 0  aaa99999988aa8884798a778976a64267a6556a375534
381110 1 41 19 4 2 1 0 0 0  aaa99999988aa8854798a775976a83786a3765a662445
381112 1 41 19 4 2 2 0 0 0  aaa99999988aa8845798a775976a85786a5763a662443
381218 1 41 19 7 2 1 0 0 0  aaa99999988aa8875798a774976a83687a3664a562554
381601 1 41 20 7 0 0 1 0 0  aaa99999988aa8884798a774976a68267a6556a375534
381997 1 41 21 7 0 0 1 0 0  aaa99999988aa8888798a774976a64267a6556a375534
382163 1 41 22 0 3 2 1 0 0  aaa99999977aa8666397a635928a75784a5846a888745
382645 1 42 0 3 0 0 1 0 0  aaa99998878aa9587798a778896a64266a7556a354934
382717 1 42 0 5 0 0 1 0 0  aaa99998878aa9787798a578896a64267a6556a354934
382889 1 42 0 9 4 2 1 0 0  aaa99998828aa9686798a658897a54376a3765a774945
382895 1 42 0 9 5 2 1 0 0  aaa99998828aa9684798a658897a54376a3765a774965
382933 1 42 1 0 0 0 1 0 0  aaa99997788aa9866298a776796a67885a5444a583935
382962 1 42 1 0 5 0 0 0 0  aaa99997788aa9856298a776795a57883a6544a386964
383068 1 42 1 3 4 2 0 0 0  aaa99995488aa9853798a777697a44886a3765a682965
383104 1 42 1 4 4 2 0 0 0  aaa99995488aa9853798a773697a44886a2765a687965
383132 1 42 1 5 3 1 0 0 0  aaa99995488aa9853798a775797a44886a3676a686925
383134 1 42 1 5 3 2 0 0 0  aaa99994588aa9835798a775797a35886a4676a686924
383138 1 42 1 5 4 1 0 0 0  aaa99996688aa9865798a774797a63884a4576a585932
383144 1 42 1 5 5 1 0 0 0  aaa99996588aa9864798a773797a63884a4576a585926
383192 1 42 1 7 1 1 0 0 0  aaa99997588aa9854798a773796a66886a3475a684925
383328 1 42 2 0 0 0 0 0 0  aaa99997788aa9866298a776796a67885a8554a354934
383329 1 42 2 0 0 0 1 0 0  aaa99997788aa9866298a776796a67885a8554a345934
383396 1 42 2 1 5 1 0 0 0  aaa99996788aa9864798a773497a64885a8556a267953
383399 1 42 2 1 5 2 1 0 0  aaa99996788aa9864798a774397a63885a8256a567954
383468 1 42 2 3 5 1 0 0 0  aaa99996488aa9863798a777597a63885a8756a464952
383504 1 42 2 4 5 1 0 0 0  aaa99996588aa9864798a773497a64885a8756a267953
383524 1 42 2 5 2 2 0 0 0  aaa99995488aa9853798a773797a44886a8675a662965
383530 1 42 2 5 3 2 0 0 0  aaa99995488aa9853798a773797a44886a8676a656925
383536 1 42 2 5 4 2 0 0 0  aaa99995488aa9853798a773797a44886a8675a666925
383538 1 42 2 5 5 0 0 0 0  aaa99996588aa9864798a773797a63882a8576a544956
383540 1 42 2 5 5 1 0 0 0  aaa99996588aa9864798a773797a63884a8576a565942
383598 1 42 2 7 3 0 0 0 0  aaa99997588aa9864798a773796a66885a8674a525934
383696 1 42 2 10 1 1 0 0 0  aaa99997488aa9873698a676596a73885a8657a474952
383742 1 42 3 0 3 0 0 0 0  aaa99997788aa9855498a774897a57666a5836a386942
383770 1 42 3 1 1 2 0 0 0  aaa99995688aa9854798a773897a44776a6865a683925
383780 1 42 3 1 3 1 0 0 0  aaa99995488aa9853798a775897a44776a6866a683925
383782 1 42 3 1 3 2 0 0 0  aaa99994588aa9835798a775897a35776a6866a684924
383786 1 42 3 1 4 1 0 0 0  aaa99995488aa9853798a775897a44776a3866a682965
383788 1 42 3 1 4 2 0 0 0  aaa99994588aa9835798a775897a35776a4866a682964
383792 1 42 3 1 5 1 0 0 0  aaa99996588aa9864798a773897a63775a2856a484956
383794 1 42 3 1 5 2 0 0 0  aaa99996588aa9865798a775897a65774a4846a383926
383959 1 42 3 6 3 0 1 0 0  aaa99996588aa9855798a777896a66267a4875a384934
384002 1 42 3 7 4 1 0 0 0  aaa99997588aa9864798a773897a63657a2846a585946
384058 1 42 3 9 1 2 0 0 0  aaa99995488aa9853798a744896a66667a3875a782975
384080 1 42 3 9 5 1 0 0 0  aaa99996588aa9864798a763894a64557a5876a783972
384132 1 42 4 0 2 0 0 0 0  aaa99997788aa9855498a774897a57666a5838a366942
384166 1 42 4 1 1 2 0 0 0  aaa99995688aa9854798a773897a53776a6868a644925
384170 1 42 4 1 2 1 0 0 0  aaa99995488aa9853798a775897a44776a3868a666925
384172 1 42 4 1 2 2 0 0 0  aaa99994588aa9835798a775897a35776a4868a666924
384182 1 42 4 1 4 1 0 0 0  aaa99995488aa9853798a775897a44776a3868a662965
384184 1 42 4 1 4 2 0 0 0  aaa99994588aa9835798a775897a35776a4868a662964
384188 1 42 4 1 5 1 0 0 0  aaa99996588aa9864798a773897a63775a2858a464956
384190 1 42 4 1 5 2 0 0 0  aaa99996588aa9865798a775897a65774a4848a363926
384232 1 42 4 3 0 2 0 0 0  aaa99996688aa9836798a777897a35474a5828a665945
384268 1 42 4 4 0 2 0 0 0  aaa99996688aa9836798a775897a35474a5828a667945
384355 1 42 4 6 3 0 1 0 0  aaa99996588aa9855798a777896a66267a4878a354934
384448 1 42 4 9 0 2 0 0 0  aaa99996688aa9836798a665897a35474a5828a777945
384517 1 42 5 0 0 0 1 0 0  aaa99997788aa9866298a787897a76655a4856a354934
384534 1 42 5 0 3 0 0 0 0  aaa99997788aa9855498a787897a74666a5836a356942
384546 1 42 5 0 5 0 0 0 0  aaa99997788aa9856298a787897a76553a6835a446964
384568 1 42 5 1 2 2 0 0 0  aaa99995488aa9853798a787897a44776a3865a666925
384580 1 42 5 1 4 2 0 0 0  aaa99995488aa9853798a787897a53776a2866a644965
384584 1 42 5 1 5 1 0 0 0  aaa99996588aa9864798a787897a63775a3856a464952
384586 1 42 5 1 5 2 0 0 0  aaa99996588aa9865798a787897a65774a5836a464932
384956 1 42 6 1 1 1 0 0 0  aaa99996588aa9854798a773897a53776a8866a644925
384958 1 42 6 1 1 2 0 0 0  aaa99996588aa9845798a775897a35776a8866a644923
384964 1 42 6 1 2 2 0 0 0  aaa99995488aa9853798a773897a44776a8865a666925
384976 1 42 6 1 4 2 0 0 0  aaa99995488aa9853798a773897a52776a8866a644965
384980 1 42 6 1 5 1 0 0 0  aaa99996588aa9864798a773897a63775a8856a464952
384982 1 42 6 1 5 2 0 0 0  aaa99996588aa9865798a775897a65774a8836a464932
384994 1 42 6 2 1 2 0 0 0  aaa99995688aa9854798a772897a44637a8866a357965
385000 1 42 6 2 2 2 0 0 0  aaa99995488aa9853798a773897a44627a8866a657965
385006 1 42 6 2 3 2 0 0 0  aaa99995488aa9853798a773897a44667a8866a257965
385014 1 42 6 2 5 0 0 0 0  aaa99996488aa9863798a773897a62557a8856a457946
385016 1 42 6 2 5 1 0 0 0  aaa99996588aa9865798a773897a63447a8856a467952
385036 1 42 6 3 2 2 0 0 0  aaa99995488aa9853798a777897a53672a8866a644965
385048 1 42 6 3 4 2 0 0 0  aaa99995488aa9853798a777897a53276a8866a644965
385052 1 42 6 3 5 1 0 0 0  aaa99996588aa9864798a777897a63275a8856a464953
385054 1 42 6 3 5 2 0 0 0  aaa99996588aa9865798a777897a65474a8836a465932
385066 1 42 6 4 1 2 0 0 0  aaa99995688aa9853798a773897a52674a8866a447965
385072 1 42 6 4 2 2 0 0 0  aaa99995488aa9853798a773897a44672a8866a657965
385084 1 42 6 4 4 2 0 0 0  aaa99995488aa9853798a773897a44276a8866a657965
385086 1 42 6 4 5 0 0 0 0  aaa99996488aa9863798a773897a62575a8846a557946
385088 1 42 6 4 5 1 0 0 0  aaa99996588aa9865798a773897a63475a8846a467952
385090 1 42 6 4 5 2 0 0 0  aaa99996588aa9865798a775897a65474a8836a467932
385144 1 42 6 6 2 2 0 0 0  aaa99995488aa9853798a777896a66267a8875a644935
385156 1 42 6 6 4 2 0 0 0  aaa99995488aa9844798a777896a56267a8875a663935
385162 1 42 6 6 5 2 0 0 0  aaa99995488aa9853798a777896a44267a8875a666935
385252 1 42 6 9 2 2 0 0 0  aaa99995488aa9853798a666897a44276a8865a777935
385264 1 42 6 9 4 2 0 0 0  aaa99995488aa9853798a663897a44276a8865a777965
385268 1 42 6 9 5 1 0 0 0  aaa99996588aa9864798a464897a63275a8856a777953
385270 1 42 6 9 5 2 0 0 0  aaa99996588aa9865798a465897a65474a8836a777932
385272 1 42 6 10 0 0 0 0 0  aaa99997588aa9874698a673896a73565a8867a474952
385274 1 42 6 10 0 1 0 0 0  aaa99997588aa9875698a673896a73446a8857a476952
385280 1 42 6 10 1 1 0 0 0  aaa99997588aa9874698a676896a73265a8857a474953
385282 1 42 6 10 1 2 0 0 0  aaa99997588aa9875698a676896a75464a8837a475932
385285 1 42 6 10 2 0 1 0 0  aaa99997588aa9874698a676895a75256a8867a374934
385286 1 42 6 10 2 1 0 0 0  aaa99997488aa9873698a676895a73556a8867a475942
385288 1 42 6 10 2 2 0 0 0  aaa99997588aa9875698a676894a75446a8867a375932
385298 1 42 6 10 4 1 0 0 0  aaa99997588aa9874698a474896a73265a8857a676953
385300 1 42 6 10 4 2 0 0 0  aaa99997588aa9875698a475896a75464a8837a676932
385304 1 42 6 10 5 1 0 0 0  aaa99997588aa9873598a673895a75446a8867a674962
385307 1 42 6 10 5 2 1 0 0  aaa99997588aa9875498a675894a74336a8867a675962
385344 1 42 7 1 0 0 0 0 0  aaa99996788aa9885798a774796a63885a7664a525934
385398 1 42 7 2 3 0 0 0 0  aaa99996588aa9884798a773796a66885a7674a525934
385444 1 42 7 3 4 2 0 0 0  aaa99995488aa9883798a777697a53886a2765a644965
385470 1 42 7 4 3 0 0 0 0  aaa99996588aa9883798a773697a66886a2755a447954
385480 1 42 7 4 4 2 0 0 0  aaa99995488aa9883798a773697a44886a2765a657965
385502 1 42 7 5 2 1 0 0 0  aaa99995488aa9885798a773797a44886a3675a662965
385504 1 42 7 5 2 2 0 0 0  aaa99994588aa9885798a775797a35886a4673a662964
385508 1 42 7 5 3 1 0 0 0  aaa99995488aa9885798a773797a44886a3676a656925
385510 1 42 7 5 3 2 0 0 0  aaa99994588aa9885798a775797a35886a4676a636924
385514 1 42 7 5 4 1 0 0 0  aaa99995488aa9885798a773797a44886a3675a666925
385516 1 42 7 5 4 2 0 0 0  aaa99994588aa9885798a775797a35886a4673a666924
385520 1 42 7 5 5 1 0 0 0  aaa99996588aa9884798a773797a63884a4576a565926
385560 1 42 7 7 0 0 0 0 0  aaa99997588aa9884798a773796a63884a4576a652965
385562 1 42 7 7 0 1 0 0 0  aaa99997588aa9885798a774796a63886a3576a645924
385584 1 42 7 7 4 0 0 0 0  aaa99997588aa9884798a773796a55884a4676a656932
385718 1 42 8 0 2 1 0 0 0  aaa99997788aa9854798a675898a52763a7638a644965
385720 1 42 8 0 2 2 0 0 0  aaa99997788aa9845798a675898a25763a7638a644965
385753 1 42 8 1 2 0 1 0 0  aaa99995588aa9843798a773898a47762a7568a665964
385755 1 42 8 1 2 1 1 0 0  aaa99995588aa9854798a774898a57762a7368a663964
385786 1 42 8 2 1 2 0 0 0  aaa99996788aa9835798a775898a37667a6448a265945
385816 1 42 8 3 0 2 0 0 0  aaa99996688aa9836798a777898a35767a5448a265945
385910 1 42 8 5 4 1 0 0 0  aaa99995488aa9844798a775898a57267a6678a663935
385912 1 42 8 5 4 2 0 0 0  aaa99994588aa9835798a775898a37267a6678a665944
385946 1 42 8 6 4 1 0 0 0  aaa99995488aa9853798a777898a44267a6678a665935
385948 1 42 8 6 4 2 0 0 0  aaa99994588aa9835798a777898a35267a6678a665944
386032 1 42 8 9 0 2 0 0 0  aaa99996688aa9836698a765898a35474a5728a777945
386050 1 42 8 9 3 2 0 0 0  aaa99996588aa9836698a766898a35474a5728a777945
386053 1 42 8 9 4 0 1 0 0  aaa99996688aa9865298a764898a64573a5758a777934
386055 1 42 8 9 4 1 1 0 0  aaa99996688aa9865298a764898a64575a5738a777934
386056 1 42 8 9 4 2 0 0 0  aaa99996688aa9865298a765898a65374a5738a777944
386057 1 42 8 9 4 2 1 0 0  aaa99996688aa9865298a765898a65474a4738a777935
386101 1 42 9 0 0 0 1 0 0  aaa99997788aa9866698a774897a67553a6258a854934
386106 1 42 9 0 1 0 0 0 0  aaa99997788aa9855298a775897a57646a6638a864934
386107 1 42 9 0 1 0 1 0 0  aaa99997788aa9854598a775897a57626a6638a864934
386110 1 42 9 0 1 2 0 0 0  aaa99997788aa9845498a775897a47626a6638a865935
386111 1 42 9 0 1 2 1 0 0  aaa99997788aa9856298a774897a57666a4338a856945
386118 1 42 9 0 3 0 0 0 0  aaa99997788aa9855298a775897a57663a6468a864934
386119 1 42 9 0 3 0 1 0 0  aaa99997788aa9854598a775897a57663a6268a864934
386122 1 42 9 0 3 2 0 0 0  aaa99997788aa9845498a775897a47663a6268a865935
386123 1 42 9 0 3 2 1 0 0  aaa99997788aa9845298a775897a47666a5338a865964
386130 1 42 9 0 5 0 0 0 0  aaa99997788aa9846498a776897a47355a6358a856962
386131 1 42 9 0 5 0 1 0 0  aaa99997788aa9846298a776897a47355a6358a856964
386134 1 42 9 0 5 2 0 0 0  aaa99997788aa9856298a776897a57344a6438a856965
386144 1 42 9 1 1 1 0 0 0  aaa99995488aa9853798a775897a44776a3668a866925
386146 1 42 9 1 1 2 0 0 0  aaa99994588aa9835798a775897a35776a4668a866924
386162 1 42 9 1 4 1 0 0 0  aaa99996688aa9865798a774897a63775a3458a864952
386168 1 42 9 1 5 1 0 0 0  aaa99996588aa9864798a773897a63775a2458a864956
386192 1 42 9 2 3 1 0 0 0  aaa99995488aa9853798a775897a44667a6768a863925
386194 1 42 9 2 3 2 0 0 0  aaa99994588aa9835798a775897a35667a6768a864924
386196 1 42 9 2 4 0 0 0 0  aaa99996688aa9865798a774897a63547a5758a864932
386198 1 42 9 2 4 1 0 0 0  aaa99996688aa9865798a774897a63557a5748a863942
386202 1 42 9 2 5 0 0 0 0  aaa99996588aa9864798a773897a63547a5758a864926
386204 1 42 9 2 5 1 0 0 0  aaa99996588aa9864798a773897a63557a5748a862946
386212 1 42 9 3 0 2 0 0 0  aaa99996688aa9836798a777897a35474a5628a865945
386232 1 42 9 3 4 0 0 0 0  aaa99996688aa9865798a777897a64574a5528a863943
386238 1 42 9 3 5 0 0 0 0  aaa99996588aa9864798a777897a63574a5528a863946
386284 1 42 9 5 0 2 0 0 0  aaa99996688aa9836798a775897a37467a5248a865945
386310 1 42 9 5 5 0 0 0 0  aaa99996588aa9864798a772897a67547a5538a864936
386392 1 42 9 8 0 2 0 0 0  aaa99996688aa9836798a777897a35467a5248a865945
386418 1 42 9 8 5 0 0 0 0  aaa99996588aa9864798a777897a62547a5538a864936
386428 1 42 9 9 0 2 0 0 0  aaa99996688aa9836798a665897a35474a5728a877945
386460 1 42 9 10 0 0 0 0 0  aaa99997588aa9874698a673896a73546a5658a874927
386462 1 42 9 10 0 1 0 0 0  aaa99997588aa9874698a673896a73556a5648a872947
386466 1 42 9 10 1 0 0 0 0  aaa99997588aa9874698a676896a73564a5528a873947
386478 1 42 9 10 3 0 0 0 0  aaa99997588aa9874698a676896a72546a5538a874937
386495 1 42 9 10 5 2 1 0 0  aaa99997688aa9876298a476895a76354a6538a875947
386542 1 42 10 1 1 2 0 0 0  aaa99995688aa9884798a773897a53776a6865a644925
386546 1 42 10 1 2 1 0 0 0  aaa99995488aa9885798a773897a44776a3865a666925
386548 1 42 10 1 2 2 0 0 0  aaa99994588aa9885798a775897a35776a4863a666924
386552 1 42 10 1 3 1 0 0 0  aaa99996588aa9884798a773897a53776a2845a666945
386558 1 42 10 1 4 1 0 0 0  aaa99995488aa9885798a773897a53776a2866a644965
386560 1 42 10 1 4 2 0 0 0  aaa99994588aa9885798a775897a35776a2866a644963
386564 1 42 10 1 5 1 0 0 0  aaa99996588aa9884798a773897a63775a2856a464956
386566 1 42 10 1 5 2 0 0 0  aaa99996588aa9885798a775897a65774a4846a363926
386682 1 42 10 5 1 0 0 0 0  aaa99996588aa9884798a773897a47667a6856a525934
386754 1 42 10 7 1 0 0 0 0  aaa99997588aa9884798a773897a63667a6856a545924
386756 1 42 10 7 1 1 0 0 0  aaa99997588aa9884798a773897a63667a6846a555942
386762 1 42 10 7 2 1 0 0 0  aaa99997588aa9884798a773897a44667a6866a555932
386774 1 42 10 7 4 1 0 0 0  aaa99997588aa9884798a773897a53667a2845a666945
387146 1 42 11 7 0 1 0 0 0  aaa99997588aa9888798a774796a63866a3576a545924
387148 1 42 11 7 0 2 0 0 0  aaa99997588aa9888798a775796a65866a5476a433942
387164 1 42 11 7 3 1 0 0 0  aaa99997488aa9888798a773796a66864a4576a553952
387368 1 42 12 2 1 1 0 0 0  aaa99995488aa9885798a773796a66876a3875a644925
387370 1 42 12 2 1 2 0 0 0  aaa99994588aa9885798a775796a66876a5873a644923
387374 1 42 12 2 2 1 0 0 0  aaa99996588aa9884798a773796a66874a4876a555932
387386 1 42 12 2 4 1 0 0 0  aaa99995488aa9885798a773796a44876a3875a666925
387388 1 42 12 2 4 2 0 0 0  aaa99994588aa9885798a775796a35876a4873a666924
387392 1 42 12 2 5 1 0 0 0  aaa99996588aa9884798a773795a63874a4876a565926
387450 1 42 12 4 3 0 0 0 0  aaa99996488aa9883798a773796a66875a7855a644925
387540 1 42 12 7 0 0 0 0 0  aaa99997588aa9884798a773796a63865a6876a545924
387542 1 42 12 7 0 1 0 0 0  aaa99997588aa9885798a774796a63866a3876a545924
387546 1 42 12 7 1 0 0 0 0  aaa99997588aa9884798a773796a66866a3875a455942
387548 1 42 12 7 1 1 0 0 0  aaa99997588aa9884798a773796a66866a3874a555924
387560 1 42 12 7 3 1 0 0 0  aaa99997588aa9884798a773796a66864a4876a555932
387564 1 42 12 7 4 0 0 0 0  aaa99997588aa9884798a773796a55864a6875a663942
387650 1 42 12 10 0 1 0 0 0  aaa99997588aa9884698a673695a73864a4867a575927
387685 1 42 13 0 0 0 1 0 0  aaa99997788aa9884298a778796a67866a4556a353954
387687 1 42 13 0 0 1 1 0 0  aaa99997788aa9884298a778796a67866a4556a355934
387689 1 42 13 0 0 2 1 0 0  aaa99997788aa9884298a778796a67866a4536a555934
387938 1 42 13 7 0 1 0 0 0  aaa99997588aa9884798a778796a63866a3576a545924
387940 1 42 13 7 0 2 0 0 0  aaa99997588aa9885798a778796a65866a5476a433942
387956 1 42 13 7 3 1 0 0 0  aaa99997488aa9883798a778796a66864a4576a553952
387978 1 42 13 8 1 0 0 0 0  aaa99995688aa9884798a738797a72855a7666a456943
387980 1 42 13 8 1 1 0 0 0  aaa99995688aa9884798a738797a72854a7666a556943
388302 1 42 14 6 1 0 0 0 0  aaa99996488aa9883797a773898a58766a6755a464952
388362 1 42 14 7 5 0 0 0 0  aaa99996588aa9884797a763898a78754a5526a763946
388441 1 42 14 10 0 0 1 0 0  aaa99997488aa9884396a673898a78655a6527a674957
388458 1 42 14 10 3 0 0 0 0  aaa99997588aa9884696a673898a78654a5527a673947
388609 1 42 15 3 4 0 1 0 0  aaa99997588aa9855298a684898a54777a7637a666934
388619 1 42 15 3 5 2 1 0 0  aaa99997688aa9846298a586898a46777a7357a536954
388634 1 42 15 4 2 1 0 0 0  aaa99997488aa9873798a787898a73665a6566a545924
388638 1 42 15 4 3 0 0 0 0  aaa99997488aa9873798a787898a73666a2556a456945
388640 1 42 15 4 3 1 0 0 0  aaa99997488aa9873798a787898a73666a2546a556945
388650 1 42 15 4 5 0 0 0 0  aaa99997588aa9874798a787898a72564a5653a666943
388682 1 42 15 5 4 1 0 0 0  aaa99995488aa9844798a787898a73567a6675a663925
388684 1 42 15 5 4 2 0 0 0  aaa99994588aa9835798a787898a75467a6674a665923
388721 1 42 15 6 4 2 1 0 0  aaa99995788aa9857298a684898a54777a7635a666934
388727 1 42 15 6 5 2 1 0 0  aaa99996788aa9867298a584898a64777a7356a563954
388789 1 42 15 8 4 0 1 0 0  aaa99996588aa9855298a784898a54777a7637a666934
388812 1 42 15 9 2 0 0 0 0  aaa99996588aa9864698a782898a66574a5753a777943
388825 1 42 15 9 4 0 1 0 0  aaa99996688aa9865298a784898a64573a5756a777934
388827 1 42 15 9 4 1 1 0 0  aaa99996688aa9865298a784898a64575a5736a777934
388828 1 42 15 9 4 2 0 0 0  aaa99996688aa9865298a785898a65374a5736a777944
388829 1 42 15 9 4 2 1 0 0  aaa99996688aa9865298a785898a65474a4736a777935
388872 1 42 16 0 0 0 0 0 0  aaa99997788aa9866298a787897a76655a4456a854933
388873 1 42 16 0 0 0 1 0 0  aaa99997788aa9866298a787897a76655a4356a853944
388874 1 42 16 0 0 1 0 0 0  aaa99997788aa9866298a787897a76655a5546a834943
388875 1 42 16 0 0 1 1 0 0  aaa99997788aa9866298a787897a76655a5336a854944
388883 1 42 16 0 1 2 1 0 0  aaa99997788aa9865298a787897a75666a5436a844935
388884 1 42 16 0 2 0 0 0 0  aaa99997788aa9855298a787897a75663a6466a854934
388885 1 42 16 0 2 0 1 0 0  aaa99997788aa9855298a787897a74663a6566a854934
388887 1 42 16 0 2 1 1 0 0  aaa99997788aa9854298a787897a74663a6566a855934
388888 1 42 16 0 2 2 0 0 0  aaa99997788aa9845298a787897a75663a6466a845935
388889 1 42 16 0 2 2 1 0 0  aaa99997788aa9835298a787897a75666a5444a866953
388902 1 42 16 0 5 0 0 0 0  aaa99997788aa9856298a787897a76554a6445a836963
388903 1 42 16 0 5 0 1 0 0  aaa99997788aa9836298a787897a76455a6454a856963
388924 1 42 16 1 2 2 0 0 0  aaa99995488aa9853798a787897a53776a2666a844965
388930 1 42 16 1 3 2 0 0 0  aaa99995488aa9853798a787897a44776a3666a856925
388940 1 42 16 1 5 1 0 0 0  aaa99996588aa9864798a787897a63775a3456a864952
388960 1 42 16 2 2 2 0 0 0  aaa99995488aa9853798a787897a53667a6766a844925
388966 1 42 16 2 3 2 0 0 0  aaa99995488aa9853798a787897a44667a6765a863925
388968 1 42 16 2 4 0 0 0 0  aaa99996688aa9864798a787897a63557a3756a845924
388973 1 42 16 2 4 2 1 0 0  aaa99996688aa9865798a787897a65347a5736a844952
388974 1 42 16 2 5 0 0 0 0  aaa99996588aa9864798a787897a63547a5756a864932
388976 1 42 16 2 5 1 0 0 0  aaa99996588aa9864798a787897a63557a5746a863942
389010 1 42 16 3 5 0 0 0 0  aaa99996588aa9864798a782897a77547a5536a864936
389082 1 42 16 5 5 0 0 0 0  aaa99996588aa9864798a787897a72547a5536a864936
389154 1 42 16 7 5 0 0 0 0  aaa99996788aa9865798a787897a64547a5536a864932
389190 1 42 16 8 5 0 0 0 0  aaa99996588aa9864798a783897a77574a5526a863946
389232 1 42 16 10 0 0 0 0 0  aaa99997588aa9874698a683896a73546a5657a874927
389234 1 42 16 10 0 1 0 0 0  aaa99997588aa9874698a683896a73556a5647a872947
389238 1 42 16 10 1 0 0 0 0  aaa99997588aa9874698a686896a73564a5527a873947
389250 1 42 16 10 3 0 0 0 0  aaa99997588aa9874698a686896a72546a5537a874937
389267 1 42 16 10 5 2 1 0 0  aaa99997688aa9876298a486895a76354a6537a875947
389273 1 42 17 0 0 2 1 0 0  aaa99997788aa9885298a778897a67664a5346a635945
389275 1 42 17 0 1 0 1 0 0  aaa99997788aa9884298a778897a67666a4556a353954
389277 1 42 17 0 1 1 1 0 0  aaa99997788aa9884298a778897a67666a4556a355934
389279 1 42 17 0 1 2 1 0 0  aaa99997788aa9884298a778897a67666a4536a555934
389281 1 42 17 0 2 0 1 0 0  aaa99997788aa9884298a778897a57665a6366a553944
389598 1 42 17 9 1 0 0 0 0  aaa99996488aa9883798a558897a44676a6756a773925
389634 1 42 17 10 1 0 0 0 0  aaa99993688aa9885698a668897a36574a5752a777944
389790 1 42 18 3 3 0 0 0 0  aaa99995788aa9888797a774898a37666a2556a456943
389792 1 42 18 3 3 1 0 0 0  aaa99995788aa9888797a774898a37666a2546a556943
389802 1 42 18 3 5 0 0 0 0  aaa99993788aa9888797a775898a37564a5652a666944
389946 1 42 18 7 5 0 0 0 0  aaa99996588aa9888797a764898a73754a5526a763946
390061 1 42 19 0 0 0 1 0 0  aaa99997788aa9886698a776897a67553a4256a854934
390071 1 42 19 0 1 2 1 0 0  aaa99997788aa9885298a775897a67666a5436a844935
390075 1 42 19 0 2 1 1 0 0  aaa99997788aa9884298a774897a57663a6566a855934
390076 1 42 19 0 2 2 0 0 0  aaa99997788aa9885498a775897a47662a6366a835954
390077 1 42 19 0 2 2 1 0 0  aaa99997788aa9885398a775897a37662a6466a844955
390090 1 42 19 0 5 0 0 0 0  aaa99997788aa9886498a776897a47552a6353a856964
390091 1 42 19 0 5 0 1 0 0  aaa99997788aa9886398a776897a37455a6454a856962
390110 1 42 19 1 2 1 0 0 0  aaa99995488aa9885798a773897a53776a2666a844965
390112 1 42 19 1 2 2 0 0 0  aaa99994588aa9885798a775897a35776a2666a844963
390116 1 42 19 1 3 1 0 0 0  aaa99995488aa9885798a773897a44776a3666a856925
390118 1 42 19 1 3 2 0 0 0  aaa99994588aa9885798a775897a35776a4666a836924
390122 1 42 19 1 4 1 0 0 0  aaa99996688aa9885798a774897a63775a3456a864952
390128 1 42 19 1 5 1 0 0 0  aaa99996588aa9884798a773897a63775a2456a864956
390133 1 42 19 2 0 0 1 0 0  aaa99996688aa9886798a775897a55627a4736a854934
390146 1 42 19 2 2 1 0 0 0  aaa99995488aa9885798a773897a53667a6766a844925
390148 1 42 19 2 2 2 0 0 0  aaa99994588aa9885798a775897a35667a6766a844923
390152 1 42 19 2 3 1 0 0 0  aaa99995488aa9885798a773897a44667a6765a863925
390154 1 42 19 2 3 2 0 0 0  aaa99994588aa9885798a775897a35667a6763a864924
390156 1 42 19 2 4 0 0 0 0  aaa99996688aa9885798a774897a63547a5756a864932
390158 1 42 19 2 4 1 0 0 0  aaa99996688aa9885798a774897a63557a5746a863942
390162 1 42 19 2 5 0 0 0 0  aaa99996588aa9884798a773897a63547a5756a864926
390164 1 42 19 2 5 1 0 0 0  aaa99996588aa9884798a773897a63557a5746a862946
390198 1 42 19 3 5 0 0 0 0  aaa99996588aa9884798a777897a63574a5526a863946
390270 1 42 19 5 5 0 0 0 0  aaa99996588aa9884798a772897a67547a5536a864936
390318 1 42 19 7 1 0 0 0 0  aaa99997588aa9884798a773897a63667a6556a845924
390320 1 42 19 7 1 1 0 0 0  aaa99997588aa9884798a773897a63667a6546a855942
390326 1 42 19 7 2 1 0 0 0  aaa99997588aa9884798a773897a44667a6566a855932
390332 1 42 19 7 3 1 0 0 0  aaa99997588aa9884798a773897a53667a6465a864925
390338 1 42 19 7 4 1 0 0 0  aaa99997588aa9884798a773897a44657a6666a855932
390378 1 42 19 8 5 0 0 0 0  aaa99996588aa9884798a777897a62547a5536a864936
390420 1 42 19 10 0 0 0 0 0  aaa99997588aa9884698a673896a73546a5657a874927
390422 1 42 19 10 0 1 0 0 0  aaa99997588aa9884698a673896a73556a5647a872947
390426 1 42 19 10 1 0 0 0 0  aaa99997588aa9884698a676896a73564a5527a873947
390438 1 42 19 10 3 0 0 0 0  aaa99997588aa9884698a676896a72546a5537a874937
390455 1 42 19 10 5 2 1 0 0  aaa99997688aa9886298a476895a76354a6537a875947
390463 1 42 20 0 1 0 1 0 0  aaa99997788aa9888298a774897a67666a4556a353954
390465 1 42 20 0 1 1 1 0 0  aaa99997788aa9888298a774897a67666a4556a355934
390467 1 42 20 0 1 2 1 0 0  aaa99997788aa9888298a774897a67666a4536a555934
390822 1 42 20 10 1 0 0 0 0  aaa99993688aa9888698a665897a36574a5752a777944
390859 1 42 21 0 1 0 1 0 0  aaa99997782aa9774898a888897a67666a4556a353954
390861 1 42 21 0 1 1 1 0 0  aaa99997782aa9774898a888897a67666a4556a355934
390863 1 42 21 0 1 2 1 0 0  aaa99997782aa9774898a888897a67666a4536a555934
391218 1 42 21 10 1 0 0 0 0  aaa99993686aa9665898a888897a36574a5752a777944
391394 1 42 22 4 0 1 0 0 0  aaa99998577aa9784697a683695a83764a4768a585928
391500 1 42 22 7 0 0 0 0 0  aaa99998577aa9784697a683796a83546a5658a784928
391502 1 42 22 7 0 1 0 0 0  aaa99998577aa9784697a683796a83556a5648a782948
391506 1 42 22 7 1 0 0 0 0  aaa99998577aa9784697a686796a83564a5528a783948
391518 1 42 22 7 3 0 0 0 0  aaa99998577aa9784697a686796a82546a5538a784938
391535 1 42 22 7 5 2 1 0 0  aaa99998677aa9786297a486795a86354a6538a785948
391736 1 43 0 2 3 1 0 0 0  aaa99999488aa9777798a763896a66568a3857a582454
391754 1 43 0 3 0 1 0 0 0  aaa99999588aa9664798a777897a63678a3864a582554
391808 1 43 0 4 3 1 0 0 0  aaa99999488aa9777698a663897a56578a3865a782445
391823 1 43 0 4 5 2 1 0 0  aaa99999588aa9777298a465897a65378a3846a785646
391837 1 43 0 5 2 0 1 0 0  aaa99999588aa9777698a766895a75258a4876a384634
391859 1 43 0 5 5 2 1 0 0  aaa99999688aa9777298a746895a76358a6873a585464
391898 1 43 0 7 0 1 0 0 0  aaa99999788aa9777698a764896a73568a3856a582454
391970 1 43 0 9 0 1 0 0 0  aaa99999588aa9767698a764896a53468a4875a783725
391985 1 43 0 9 2 2 1 0 0  aaa99999588aa9767698a766894a35248a5876a784753
392003 1 43 0 9 5 2 1 0 0  aaa99999588aa9767398a765893a65448a4876a785726
392164 1 43 1 3 2 2 0 0 0  aaa99999488aa9863798a777697a66885a3756a582454
392174 1 43 1 3 4 1 0 0 0  aaa99999588aa9854798a777697a44886a3765a683625
392176 1 43 1 3 4 2 0 0 0  aaa99999588aa9845798a777697a35886a5763a684624
392200 1 43 1 4 2 2 0 0 0  aaa99999488aa9863798a773697a66885a2756a587454
392210 1 43 1 4 4 1 0 0 0  aaa99999588aa9854798a773697a44886a3765a687625
392212 1 43 1 4 4 2 0 0 0  aaa99999588aa9845798a775697a35886a4763a687624
392228 1 43 1 5 1 1 0 0 0  aaa99999588aa9864798a773797a44885a3676a686552
392234 1 43 1 5 2 1 0 0 0  aaa99999588aa9854798a773797a44886a3675a686625
392236 1 43 1 5 2 2 0 0 0  aaa99999588aa9845798a775797a35886a4673a686624
392240 1 43 1 5 3 1 0 0 0  aaa99999588aa9854798a773797a53886a2676a686445
392242 1 43 1 5 3 2 0 0 0  aaa99999588aa9845798a775797a35886a2676a686443
392246 1 43 1 5 4 1 0 0 0  aaa99999588aa9854798a773797a44886a3675a682665
392248 1 43 1 5 4 2 0 0 0  aaa99999588aa9845798a775797a35886a4673a682664
392252 1 43 1 5 5 1 0 0 0  aaa99999588aa9864798a773797a63884a4576a585626
392292 1 43 1 7 0 0 0 0 0  aaa99999588aa9874798a773796a63885a5476a684562
392298 1 43 1 7 1 0 0 0 0  aaa99999588aa9874798a773796a66886a3575a685442
392300 1 43 1 7 1 1 0 0 0  aaa99999588aa9874798a773796a66886a3475a684525
392306 1 43 1 7 2 1 0 0 0  aaa99999588aa9874798a773796a66885a3674a682554
392318 1 43 1 7 4 1 0 0 0  aaa99999588aa9874798a773796a63885a2674a686554
392418 1 43 1 10 3 0 0 0 0  aaa99999588aa9864698a766695a45887a3572a783774
392500 1 43 2 1 4 2 0 0 0  aaa99999788aa9854798a773697a44886a8265a657635
392507 1 43 2 1 5 2 1 0 0  aaa99999788aa9854798a774397a53886a8265a657664
392572 1 43 2 3 4 2 0 0 0  aaa99999488aa9853798a777697a53886a8765a644625
392608 1 43 2 4 4 2 0 0 0  aaa99999488aa9853798a773697a44886a8765a657625
392632 1 43 2 5 2 2 0 0 0  aaa99999488aa9853798a773797a44886a8675a662565
392638 1 43 2 5 3 2 0 0 0  aaa99999488aa9853798a773797a52886a8676a656445
392644 1 43 2 5 4 2 0 0 0  aaa99999488aa9853798a773797a52886a8675a666445
392646 1 43 2 5 5 0 0 0 0  aaa99999588aa9864798a773797a63885a8276a565446
392648 1 43 2 5 5 1 0 0 0  aaa99999588aa9864798a773797a63884a8576a565642
392688 1 43 2 7 0 0 0 0 0  aaa99999588aa9874798a773796a63886a8476a654552
392690 1 43 2 7 0 1 0 0 0  aaa99999588aa9874798a773796a63886a8576a655442
392706 1 43 2 7 3 0 0 0 0  aaa99999588aa9874798a773796a66885a8674a525634
392878 1 43 3 1 1 2 0 0 0  aaa99999688aa9854798a773897a53776a6865a682445
392880 1 43 3 1 2 0 0 0 0  aaa99999588aa9864798a773897a55776a3865a484626
392888 1 43 3 1 3 1 0 0 0  aaa99999588aa9854798a773897a53776a6866a682445
392890 1 43 3 1 3 2 0 0 0  aaa99999588aa9845798a775897a35776a6866a682443
392894 1 43 3 1 4 1 0 0 0  aaa99999588aa9854798a773897a44776a6865a683625
392896 1 43 3 1 4 2 0 0 0  aaa99999588aa9845798a775897a35776a6863a684624
392900 1 43 3 1 5 1 0 0 0  aaa99999588aa9854798a773897a44776a3865a682665
392902 1 43 3 1 5 2 0 0 0  aaa99999588aa9845798a775897a35776a4863a682664
392966 1 43 3 3 4 1 0 0 0  aaa99999488aa9853798a777897a44576a6865a683625
392968 1 43 3 3 4 2 0 0 0  aaa99999588aa9845798a777897a35476a6864a685623
392984 1 43 3 4 1 1 0 0 0  aaa99999488aa9863798a773897a44676a6856a587525
393002 1 43 3 4 4 1 0 0 0  aaa99999488aa9853798a773897a44576a6865a687625
393004 1 43 3 4 4 2 0 0 0  aaa99999588aa9845798a775897a35476a6864a687623
393098 1 43 3 7 2 1 0 0 0  aaa99999588aa9874798a773897a44667a6866a583552
393104 1 43 3 7 3 1 0 0 0  aaa99999588aa9874798a773897a44667a6856a683552
393164 1 43 3 9 1 1 0 0 0  aaa99999588aa9854798a744896a66667a3875a783725
393166 1 43 3 9 1 2 0 0 0  aaa99999588aa9845798a735896a66667a5873a784724
393168 1 43 3 9 2 0 0 0 0  aaa99999588aa9864798a763896a66547a5875a784732
393170 1 43 3 9 2 1 0 0 0  aaa99999588aa9864798a763896a66557a5874a783724
393176 1 43 3 9 3 1 0 0 0  aaa99999588aa9864798a753896a66467a4875a783725
393182 1 43 3 9 4 1 0 0 0  aaa99999588aa9866798a764894a64557a5876a783732
393188 1 43 3 9 5 1 0 0 0  aaa99999588aa9864798a763894a64557a5876a783726
393274 1 43 4 1 1 2 0 0 0  aaa99999688aa9854798a773897a53776a6868a652445
393278 1 43 4 1 2 1 0 0 0  aaa99999588aa9854798a773897a53776a2868a666445
393280 1 43 4 1 2 2 0 0 0  aaa99999588aa9845798a775897a35776a2868a666443
393284 1 43 4 1 3 1 0 0 0  aaa99999588aa9864798a773897a44776a3858a666552
393290 1 43 4 1 4 1 0 0 0  aaa99999588aa9854798a773897a53776a6868a644625
393292 1 43 4 1 4 2 0 0 0  aaa99999588aa9845798a775897a35776a6868a644623
393296 1 43 4 1 5 1 0 0 0  aaa99999588aa9854798a773897a53776a2868a644665
393298 1 43 4 1 5 2 0 0 0  aaa99999588aa9845798a775897a35776a2868a644663
393362 1 43 4 3 4 1 0 0 0  aaa99999588aa9854798a777897a53276a6868a644635
393364 1 43 4 3 4 2 0 0 0  aaa99999588aa9845798a777897a35276a6868a635644
393398 1 43 4 4 4 1 0 0 0  aaa99999588aa9854798a773897a44276a6868a657635
393400 1 43 4 4 4 2 0 0 0  aaa99999588aa9845798a775897a35276a6868a637644
393482 1 43 4 7 0 1 0 0 0  aaa99999688aa9874798a773897a66567a3858a562454
393488 1 43 4 7 1 1 0 0 0  aaa99999588aa9874798a773897a44667a6868a555632
393494 1 43 4 7 2 1 0 0 0  aaa99999588aa9874798a773897a44667a6858a663552
393500 1 43 4 7 3 1 0 0 0  aaa99999588aa9874798a773897a44667a6868a563552
393506 1 43 4 7 4 1 0 0 0  aaa99999588aa9874798a773897a44667a3858a666552
393628 1 43 5 0 0 2 0 0 0  aaa99999588aa9877298a787897a75664a5863a464365
393676 1 43 5 1 2 2 0 0 0  aaa99999488aa9853798a787897a53776a2865a666445
393688 1 43 5 1 4 2 0 0 0  aaa99999488aa9853798a787897a53776a6865a644625
393694 1 43 5 1 5 2 0 0 0  aaa99999488aa9853798a787897a53776a2865a644665
393794 1 43 5 4 4 1 0 0 0  aaa99999488aa9853798a787897a44576a6865a673625
393796 1 43 5 4 4 2 0 0 0  aaa99999588aa9845798a787897a35476a6864a675623
393938 1 43 5 8 4 1 0 0 0  aaa99999488aa9853798a783897a77576a6865a644625
393940 1 43 5 8 4 2 0 0 0  aaa99999588aa9845798a785897a77476a6864a635623
394064 1 43 6 1 1 1 0 0 0  aaa99999588aa9864798a773897a53776a8866a652445
394066 1 43 6 1 1 2 0 0 0  aaa99999588aa9865798a775897a45776a8866a644332
394072 1 43 6 1 2 2 0 0 0  aaa99999488aa9853798a773897a52776a8865a666445
394084 1 43 6 1 4 2 0 0 0  aaa99999488aa9853798a773897a52776a8866a644565
394090 1 43 6 1 5 2 0 0 0  aaa99999488aa9853798a773897a52776a8865a644665
394102 1 43 6 2 1 2 0 0 0  aaa99999688aa9853798a773897a52647a8866a457465
394108 1 43 6 2 2 2 0 0 0  aaa99999488aa9853798a773897a44627a8866a657565
394114 1 43 6 2 3 2 0 0 0  aaa99999488aa9853798a773897a44667a8866a257565
394120 1 43 6 2 4 2 0 0 0  aaa99999488aa9853798a773897a44627a8865a657665
394122 1 43 6 2 5 0 0 0 0  aaa99999488aa9863798a773897a62557a8856a467546
394124 1 43 6 2 5 1 0 0 0  aaa99999588aa9865798a773897a63447a8856a467652
394144 1 43 6 3 2 2 0 0 0  aaa99999488aa9853798a777897a53672a8866a644565
394156 1 43 6 3 4 2 0 0 0  aaa99999488aa9853798a777897a53676a8825a644665
394162 1 43 6 3 5 2 0 0 0  aaa99999488aa9853798a777897a53276a8865a644665
394174 1 43 6 4 1 2 0 0 0  aaa99999688aa9853798a773897a52674a8866a447565
394180 1 43 6 4 2 2 0 0 0  aaa99999488aa9853798a773897a44672a8866a657565
394192 1 43 6 4 4 2 0 0 0  aaa99999488aa9853798a773897a44676a8825a657665
394198 1 43 6 4 5 2 0 0 0  aaa99999488aa9853798a773897a44276a8865a657665
394252 1 43 6 6 2 2 0 0 0  aaa99999488aa9853798a777896a66267a8875a653445
394264 1 43 6 6 4 2 0 0 0  aaa99999488aa9853798a777896a56267a8875a663445
394270 1 43 6 6 5 2 0 0 0  aaa99999488aa9853798a777896a53267a8875a666445
394360 1 43 6 9 2 2 0 0 0  aaa99999488aa9853798a666897a53276a8865a777445
394372 1 43 6 9 4 2 0 0 0  aaa99999488aa9853798a656897a44276a8865a777635
394378 1 43 6 9 5 2 0 0 0  aaa99999488aa9853798a653897a44276a8865a777665
394390 1 43 6 10 1 2 0 0 0  aaa99999488aa9853698a766896a53267a8875a744775
394408 1 43 6 10 4 2 0 0 0  aaa99999488aa9853698a753896a66267a8875a744775
394412 1 43 6 10 5 1 0 0 0  aaa99999588aa9863598a763895a65447a8876a764772
394415 1 43 6 10 5 2 1 0 0  aaa99999588aa9865498a765894a64337a8876a765772
394426 1 43 7 0 1 2 0 0 0  aaa99999488aa9883798a753796a66886a7775a652445
394444 1 43 7 0 4 2 0 0 0  aaa99999488aa9883798a753796a52886a7775a666445
394448 1 43 7 0 5 1 0 0 0  aaa99999588aa9884798a763795a63884a7776a565642
394488 1 43 7 2 0 0 0 0 0  aaa99999588aa9884798a773796a63886a7476a654552
394490 1 43 7 2 0 1 0 0 0  aaa99999588aa9884798a773796a63886a7576a655442
394506 1 43 7 2 3 0 0 0 0  aaa99999588aa9884798a773796a66885a7674a525634
394526 1 43 7 3 0 1 0 0 0  aaa99999588aa9884798a777697a63886a3756a644552
394540 1 43 7 3 2 2 0 0 0  aaa99999488aa9883798a777697a66885a3756a562454
394550 1 43 7 3 4 1 0 0 0  aaa99999588aa9884798a777697a53886a3765a644625
394552 1 43 7 3 4 2 0 0 0  aaa99999588aa9885798a777697a45886a5763a644623
394560 1 43 7 4 0 0 0 0 0  aaa99999688aa9884798a773697a63885a6746a557245
394562 1 43 7 4 0 1 0 0 0  aaa99999588aa9884798a773697a63886a2756a647554
394576 1 43 7 4 2 2 0 0 0  aaa99999488aa9883798a773697a66885a2756a567454
394586 1 43 7 4 4 1 0 0 0  aaa99999588aa9884798a773697a44886a3765a657625
394588 1 43 7 4 4 2 0 0 0  aaa99999588aa9885798a775697a45886a4763a637624
394604 1 43 7 5 1 1 0 0 0  aaa99999588aa9884798a773797a63885a2676a646554
394610 1 43 7 5 2 1 0 0 0  aaa99999588aa9884798a773797a44886a3675a662565
394612 1 43 7 5 2 2 0 0 0  aaa99999588aa9885798a775797a45886a4673a662364
394616 1 43 7 5 3 1 0 0 0  aaa99999588aa9884798a773797a53886a2676a656445
394618 1 43 7 5 3 2 0 0 0  aaa99999588aa9885798a775797a45886a2676a636443
394622 1 43 7 5 4 1 0 0 0  aaa99999588aa9884798a773797a53886a2675a666445
394624 1 43 7 5 4 2 0 0 0  aaa99999588aa9885798a775797a45886a2673a666443
394628 1 43 7 5 5 1 0 0 0  aaa99999588aa9884798a773797a63884a4576a565626
394668 1 43 7 7 0 0 0 0 0  aaa99999588aa9884798a773796a63885a5476a674562
394674 1 43 7 7 1 0 0 0 0  aaa99999588aa9884798a773796a66886a3575a675442
394676 1 43 7 7 1 1 0 0 0  aaa99999588aa9884798a773796a66886a3475a674525
394682 1 43 7 7 2 1 0 0 0  aaa99999588aa9884798a773796a66885a3674a672554
394694 1 43 7 7 4 1 0 0 0  aaa99999588aa9884798a773796a63885a2674a676554
394704 1 43 7 8 0 0 0 0 0  aaa99999588aa9884798a777796a63886a3476a654552
394706 1 43 7 8 0 1 0 0 0  aaa99999588aa9884798a777796a63886a3576a655442
394834 1 43 8 0 3 2 0 0 0  aaa99999488aa9877798a573898a63766a7658a562454
394862 1 43 8 1 2 1 0 0 0  aaa99999588aa9854798a772898a57763a7638a644665
394864 1 43 8 1 2 2 0 0 0  aaa99999588aa9845798a775898a27763a7638a644665
394934 1 43 8 3 2 1 0 0 0  aaa99999588aa9854798a777898a53767a3628a644665
394936 1 43 8 3 2 2 0 0 0  aaa99999588aa9845798a777898a35767a5628a644663
394970 1 43 8 4 2 1 0 0 0  aaa99999788aa9857798a774898a47666a3258a566534
394972 1 43 8 4 2 2 0 0 0  aaa99999788aa9857798a773898a57666a3448a266545
395018 1 43 8 5 4 1 0 0 0  aaa99999588aa9854798a773898a57267a6678a663445
395020 1 43 8 5 4 2 0 0 0  aaa99999588aa9845798a775898a37267a6678a665443
395054 1 43 8 6 4 1 0 0 0  aaa99999588aa9854798a777898a53267a6678a663445
395056 1 43 8 6 4 2 0 0 0  aaa99999588aa9845798a777898a35267a6678a665443
395088 1 43 8 7 4 0 0 0 0  aaa99999588aa9874798a773898a47567a6658a663254
395217 1 43 9 0 1 1 1 0 0  aaa99999488aa9877298a774897a57663a6568a855634
395218 1 43 9 0 1 2 0 0 0  aaa99999588aa9877498a775897a47662a6368a835654
395219 1 43 9 0 1 2 1 0 0  aaa99999588aa9877398a775897a37662a6468a844655
395229 1 43 9 0 3 1 1 0 0  aaa99999488aa9877298a774897a57665a6368a863554
395230 1 43 9 0 3 2 0 0 0  aaa99999588aa9877498a775897a47663a6268a865354
395231 1 43 9 0 3 2 1 0 0  aaa99999588aa9877398a775897a37664a6268a865445
395238 1 43 9 0 5 0 0 0 0  aaa99999688aa9877498a776897a47553a6258a856364
395239 1 43 9 0 5 0 1 0 0  aaa99999688aa9877298a776897a47355a6538a846564
395242 1 43 9 0 5 2 0 0 0  aaa99999688aa9877298a776897a57344a6438a856565
395252 1 43 9 1 1 1 0 0 0  aaa99999588aa9854798a773897a53776a2668a866445
395254 1 43 9 1 1 2 0 0 0  aaa99999588aa9845798a775897a35776a2668a866443
395258 1 43 9 1 2 1 0 0 0  aaa99999588aa9864798a773897a63775a2658a866454
395260 1 43 9 1 2 2 0 0 0  aaa99999588aa9865798a775897a65774a4648a866332
395264 1 43 9 1 3 1 0 0 0  aaa99999588aa9864798a773897a44775a3668a866552
395270 1 43 9 1 4 1 0 0 0  aaa99999588aa9854798a773897a53776a2668a844665
395272 1 43 9 1 4 2 0 0 0  aaa99999588aa9845798a775897a35776a2668a844663
395276 1 43 9 1 5 1 0 0 0  aaa99999588aa9864798a773897a63775a2458a864656
395288 1 43 9 2 1 1 0 0 0  aaa99999588aa9854798a773897a53667a6768a844625
395290 1 43 9 2 1 2 0 0 0  aaa99999588aa9845798a775897a35667a6768a844623
395300 1 43 9 2 3 1 0 0 0  aaa99999588aa9854798a773897a53667a6768a862445
395302 1 43 9 2 3 2 0 0 0  aaa99999588aa9845798a775897a35667a6768a862443
395304 1 43 9 2 4 0 0 0 0  aaa99999588aa9866798a774897a63547a5758a864632
395306 1 43 9 2 4 1 0 0 0  aaa99999588aa9866798a774897a63557a5748a863642
395310 1 43 9 2 5 0 0 0 0  aaa99999588aa9864798a773897a63547a5758a864626
395312 1 43 9 2 5 1 0 0 0  aaa99999588aa9864798a773897a63557a5748a862646
395346 1 43 9 3 5 0 0 0 0  aaa99999588aa9864798a777897a63574a5528a863646
395418 1 43 9 5 5 0 0 0 0  aaa99999588aa9864798a772897a67547a5538a864636
395468 1 43 9 7 1 1 0 0 0  aaa99999588aa9874798a773897a44667a6568a855632
395526 1 43 9 8 5 0 0 0 0  aaa99999588aa9864798a777897a62547a5538a864636
395568 1 43 9 10 0 0 0 0 0  aaa99999588aa9874698a673896a73546a5658a874727
395570 1 43 9 10 0 1 0 0 0  aaa99999588aa9874698a673896a73556a5648a872747
395574 1 43 9 10 1 0 0 0 0  aaa99999588aa9874698a676896a73564a5528a873747
395586 1 43 9 10 3 0 0 0 0  aaa99999588aa9874698a676896a72546a5538a874737
395603 1 43 9 10 5 2 1 0 0  aaa99999688aa9876298a476895a76354a6538a875747
395612 1 43 10 0 1 1 0 0 0  aaa99999588aa9884798a753897a53767a2866a676445
395614 1 43 10 0 1 2 0 0 0  aaa99999588aa9885798a745897a35767a2866a676443
395618 1 43 10 0 2 1 0 0 0  aaa99999588aa9884798a753897a44767a3865a676625
395620 1 43 10 0 2 2 0 0 0  aaa99999588aa9885798a745897a35767a4863a676624
395626 1 43 10 0 3 2 0 0 0  aaa99999688aa9884798a753897a53767a2865a676445
395630 1 43 10 0 4 1 0 0 0  aaa99999588aa9884798a753897a44767a3865a672665
395632 1 43 10 0 4 2 0 0 0  aaa99999588aa9885798a745897a35767a4863a672664
395636 1 43 10 0 5 1 0 0 0  aaa99999588aa9884798a763897a63757a2846a575646
395650 1 43 10 1 1 2 0 0 0  aaa99999688aa9884798a773897a53776a6865a652445
395654 1 43 10 1 2 1 0 0 0  aaa99999588aa9884798a773897a53776a2865a666445
395656 1 43 10 1 2 2 0 0 0  aaa99999588aa9885798a775897a45776a2863a666443
395666 1 43 10 1 4 1 0 0 0  aaa99999588aa9884798a773897a53776a6865a644625
395668 1 43 10 1 4 2 0 0 0  aaa99999588aa9885798a775897a45776a6863a644623
395672 1 43 10 1 5 1 0 0 0  aaa99999588aa9884798a773897a53776a2865a644665
395674 1 43 10 1 5 2 0 0 0  aaa99999588aa9885798a775897a45776a2863a644663
395738 1 43 10 3 4 1 0 0 0  aaa99999488aa9883798a777897a53576a6865a644625
395740 1 43 10 3 4 2 0 0 0  aaa99999588aa9885798a777897a45476a6864a635623
395774 1 43 10 4 4 1 0 0 0  aaa99999488aa9883798a773897a44576a6865a657625
395776 1 43 10 4 4 2 0 0 0  aaa99999588aa9885798a775897a45476a6864a637623
395786 1 43 10 5 0 1 0 0 0  aaa99999588aa9883798a773897a57667a2865a464465
395834 1 43 10 6 2 1 0 0 0  aaa99999488aa9883798a777896a66567a3875a652445
395846 1 43 10 6 4 1 0 0 0  aaa99999488aa9883798a777896a56567a3875a662445
395858 1 43 10 7 0 1 0 0 0  aaa99999688aa9884798a773897a66567a3857a562454
395864 1 43 10 7 1 1 0 0 0  aaa99999588aa9884798a773897a44667a6867a555632
395870 1 43 10 7 2 1 0 0 0  aaa99999588aa9884798a773897a44667a6857a663552
395876 1 43 10 7 3 1 0 0 0  aaa99999588aa9884798a773897a44667a6867a563552
395882 1 43 10 7 4 1 0 0 0  aaa99999588aa9884798a773897a44667a3857a666552
396038 1 43 11 1 0 1 0 0 0  aaa99999588aa9888798a774796a63876a3756a644552
396072 1 43 11 2 0 0 0 0 0  aaa99999588aa9888798a774796a63876a3476a654552
396074 1 43 11 2 0 1 0 0 0  aaa99999588aa9888798a774796a63876a3576a655442
396252 1 43 11 7 0 0 0 0 0  aaa99999588aa9888798a774796a63866a3576a572454
396254 1 43 11 7 0 1 0 0 0  aaa99999588aa9888798a774796a63866a3576a575442
396278 1 43 11 7 4 1 0 0 0  aaa99999588aa9888798a774796a63865a3674a672554
396404 1 43 12 0 1 1 0 0 0  aaa99999588aa9884798a753796a66876a3877a652445
396406 1 43 12 0 1 2 0 0 0  aaa99999588aa9885798a745796a66876a5877a644332
396410 1 43 12 0 2 1 0 0 0  aaa99999588aa9884798a763796a66874a4877a555632
396416 1 43 12 0 3 1 0 0 0  aaa99999588aa9884798a763796a66875a3877a644552
396422 1 43 12 0 4 1 0 0 0  aaa99999588aa9884798a753796a53876a2877a666445
396424 1 43 12 0 4 2 0 0 0  aaa99999588aa9885798a745796a35876a2877a666443
396428 1 43 12 0 5 1 0 0 0  aaa99999588aa9884798a763795a63874a4877a565626
396432 1 43 12 1 0 0 0 0 0  aaa99999588aa9884798a773796a63875a5856a647264
396434 1 43 12 1 0 1 0 0 0  aaa99999588aa9884798a773796a63876a2856a647554
396468 1 43 12 2 0 0 0 0 0  aaa99999588aa9884798a773796a63875a5876a644562
396470 1 43 12 2 0 1 0 0 0  aaa99999588aa9885798a774796a63876a3876a655442
396476 1 43 12 2 1 1 0 0 0  aaa99999588aa9884798a773796a66876a3875a652445
396478 1 43 12 2 1 2 0 0 0  aaa99999588aa9885798a775796a66876a5874a644332
396482 1 43 12 2 2 1 0 0 0  aaa99999588aa9884798a773796a66874a4876a555632
396488 1 43 12 2 3 1 0 0 0  aaa99999588aa9884798a773796a66875a3876a644552
396494 1 43 12 2 4 1 0 0 0  aaa99999588aa9884798a773796a53876a2875a666445
396496 1 43 12 2 4 2 0 0 0  aaa99999588aa9885798a775796a45876a2873a666443
396500 1 43 12 2 5 1 0 0 0  aaa99999588aa9884798a773795a63874a4876a565626
396506 1 43 12 3 0 1 0 0 0  aaa99999588aa9884798a777796a63876a3856a644552
396542 1 43 12 4 0 1 0 0 0  aaa99999588aa9884798a773796a63876a7856a644552
396560 1 43 12 4 3 1 0 0 0  aaa99999488aa9883798a773796a66875a7856a644525
396584 1 43 12 5 1 1 0 0 0  aaa99999588aa9884798a773797a63866a6874a562554
396602 1 43 12 5 4 1 0 0 0  aaa99999588aa9884798a773797a63865a2874a666554
396648 1 43 12 7 0 0 0 0 0  aaa99999588aa9884798a773796a63865a6876a575442
396650 1 43 12 7 0 1 0 0 0  aaa99999588aa9885798a774796a63866a3876a575442
396656 1 43 12 7 1 1 0 0 0  aaa99999588aa9884798a773796a66866a3874a572554
396662 1 43 12 7 2 1 0 0 0  aaa99999588aa9884798a773796a66865a3874a672554
396668 1 43 12 7 3 1 0 0 0  aaa99999588aa9884798a773796a66865a3876a572454
396670 1 43 12 7 3 2 0 0 0  aaa99999588aa9885798a775796a66864a5876a474332
396674 1 43 12 7 4 1 0 0 0  aaa99999588aa9884798a773796a63865a2874a676554
396792 1 43 13 0 0 0 0 0 0  aaa99999588aa9884798a768796a63876a3477a654552
396794 1 43 13 0 0 1 0 0 0  aaa99999588aa9884798a768796a63876a3577a655442
396830 1 43 13 1 0 1 0 0 0  aaa99999588aa9884798a778796a63876a3756a644552
396864 1 43 13 2 0 0 0 0 0  aaa99999588aa9884798a778796a63876a3476a654552
396866 1 43 13 2 0 1 0 0 0  aaa99999588aa9884798a778796a63876a3576a655442
397044 1 43 13 7 0 0 0 0 0  aaa99999588aa9884798a778796a63866a3576a572454
397046 1 43 13 7 0 1 0 0 0  aaa99999588aa9884798a778796a63866a3576a575442
397070 1 43 13 7 4 1 0 0 0  aaa99999588aa9884798a778796a63865a3674a672554
397190 1 43 14 0 0 1 0 0 0  aaa99999588aa9883797a663898a78757a2664a575446
397353 1 43 14 4 3 1 1 0 0  aaa99999488aa9884797a733898a78666a4556a276557
397355 1 43 14 4 3 2 1 0 0  aaa99999488aa9884797a733898a78666a4256a576557
397406 1 43 14 6 0 1 0 0 0  aaa99999588aa9884797a773898a68766a3764a562554
397470 1 43 14 7 5 0 0 0 0  aaa99999588aa9884797a763898a78754a5526a763646
397646 1 43 15 1 4 1 0 0 0  aaa99999488aa9844798a787898a73765a6657a663525
397656 1 43 15 2 0 0 0 0 0  aaa99999588aa9873798a787898a73667a2565a465464
397692 1 43 15 3 0 0 0 0 0  aaa99999588aa9874698a683898a63777a7567a562454
397694 1 43 15 3 0 1 0 0 0  aaa99999588aa9874698a683898a63777a7567a565442
397736 1 43 15 4 1 1 0 0 0  aaa99999488aa9873798a787898a73665a6567a545624
397742 1 43 15 4 2 1 0 0 0  aaa99999588aa9874798a787898a73666a3257a566454
397744 1 43 15 4 2 2 0 0 0  aaa99999588aa9875798a787898a75666a5447a366432
397790 1 43 15 5 4 1 0 0 0  aaa99999488aa9853798a787898a73567a6675a662445
397792 1 43 15 5 4 2 0 0 0  aaa99999588aa9845798a787898a75467a6674a665332
397983 1 43 16 0 0 1 1 0 0  aaa99999488aa9877298a787897a74663a3565a864565
397984 1 43 16 0 0 2 0 0 0  aaa99999588aa9877298a787897a75663a5464a865364
397985 1 43 16 0 0 2 1 0 0  aaa99999588aa9877298a787897a75664a5346a836645
397987 1 43 16 0 1 0 1 0 0  aaa99999488aa9877398a787897a73666a4556a854256
397992 1 43 16 0 2 0 0 0 0  aaa99999588aa9877498a787897a74663a6266a855534
397993 1 43 16 0 2 0 1 0 0  aaa99999488aa9877298a787897a74665a6566a854533
397995 1 43 16 0 2 1 1 0 0  aaa99999488aa9877298a787897a74663a6566a855534
397996 1 43 16 0 2 2 0 0 0  aaa99999588aa9877298a787897a75663a6466a845354
397997 1 43 16 0 2 2 1 0 0  aaa99999588aa9877298a787897a75664a6366a835445
398010 1 43 16 0 5 0 0 0 0  aaa99999688aa9877298a787897a76553a6454a856364
398011 1 43 16 0 5 0 1 0 0  aaa99999688aa9877298a787897a76455a6544a836563
398032 1 43 16 1 2 2 0 0 0  aaa99999488aa9853798a787897a53776a2666a844565
398038 1 43 16 1 3 2 0 0 0  aaa99999488aa9853798a787897a53776a2666a856445
398044 1 43 16 1 4 2 0 0 0  aaa99999488aa9853798a787897a53776a2665a844665
398048 1 43 16 1 5 1 0 0 0  aaa99999588aa9864798a787897a63775a3456a864652
398062 1 43 16 2 1 2 0 0 0  aaa99999488aa9853798a787897a53667a6765a844625
398068 1 43 16 2 2 2 0 0 0  aaa99999488aa9853798a787897a53667a6766a852445
398074 1 43 16 2 3 2 0 0 0  aaa99999488aa9853798a787897a53667a6765a862445
398082 1 43 16 2 5 0 0 0 0  aaa99999588aa9864798a787897a63547a5756a864632
398084 1 43 16 2 5 1 0 0 0  aaa99999588aa9864798a787897a63557a5746a863642
398118 1 43 16 3 5 0 0 0 0  aaa99999588aa9864798a782897a77547a5536a864636
398190 1 43 16 5 5 0 0 0 0  aaa99999588aa9864798a787897a72547a5536a864636
398262 1 43 16 7 5 0 0 0 0  aaa99999788aa9865798a787897a64547a5536a864632
398298 1 43 16 8 5 0 0 0 0  aaa99999588aa9864798a783897a77574a5526a863646
398340 1 43 16 10 0 0 0 0 0  aaa99999588aa9874698a683896a73546a5657a874727
398342 1 43 16 10 0 1 0 0 0  aaa99999588aa9874698a683896a73556a5647a872747
398346 1 43 16 10 1 0 0 0 0  aaa99999588aa9874698a686896a73564a5527a873747
398358 1 43 16 10 3 0 0 0 0  aaa99999588aa9874698a686896a72546a5537a874737
398375 1 43 16 10 5 2 1 0 0  aaa99999688aa9876298a486895a76354a6537a875747
398546 1 43 17 4 4 1 0 0 0  aaa99999488aa9883798a778897a53576a6765a644625
398548 1 43 17 4 4 2 0 0 0  aaa99999588aa9885798a778897a45476a6764a635623
398618 1 43 17 6 4 1 0 0 0  aaa99999488aa9883798a668897a77576a3765a652445
398624 1 43 17 6 5 1 0 0 0  aaa99999488aa9883798a658897a77576a3765a644625
398708 1 43 17 9 1 1 0 0 0  aaa99999488aa9883798a568897a44676a6756a773525
398774 1 43 18 0 0 1 0 0 0  aaa99999588aa9888797a663898a73757a2664a575446
398937 1 43 18 4 3 1 1 0 0  aaa99999488aa9888797a733898a74666a4556a276557
398939 1 43 18 4 3 2 1 0 0  aaa99999488aa9888797a733898a74666a4256a576557
399054 1 43 18 7 5 0 0 0 0  aaa99999588aa9888797a764898a73754a5526a763646
399178 1 43 19 0 1 2 0 0 0  aaa99999488aa9883798a753897a52667a7766a856445
399180 1 43 19 0 2 0 0 0 0  aaa99999588aa9884798a763897a63647a7766a854552
399182 1 43 19 0 2 1 0 0 0  aaa99999588aa9884798a763897a63657a7766a855442
399190 1 43 19 0 3 2 0 0 0  aaa99999488aa9883798a753897a52667a7766a844565
399198 1 43 19 0 5 0 0 0 0  aaa99999588aa9884798a763897a63557a7746a865642
399218 1 43 19 1 2 1 0 0 0  aaa99999588aa9884798a773897a53776a2666a844565
399220 1 43 19 1 2 2 0 0 0  aaa99999588aa9885798a775897a45776a2666a844363
399224 1 43 19 1 3 1 0 0 0  aaa99999588aa9884798a773897a53776a2666a856445
399226 1 43 19 1 3 2 0 0 0  aaa99999588aa9885798a775897a45776a2666a836443
399230 1 43 19 1 4 1 0 0 0  aaa99999588aa9884798a773897a53776a2665a844665
399232 1 43 19 1 4 2 0 0 0  aaa99999588aa9885798a775897a45776a2663a844663
399236 1 43 19 1 5 1 0 0 0  aaa99999588aa9884798a773897a63775a2456a864656
399248 1 43 19 2 1 1 0 0 0  aaa99999588aa9884798a773897a53667a6765a844625
399250 1 43 19 2 1 2 0 0 0  aaa99999588aa9885798a775897a45667a6763a844623
399254 1 43 19 2 2 1 0 0 0  aaa99999588aa9884798a773897a53667a6766a852445
399256 1 43 19 2 2 2 0 0 0  aaa99999588aa9885798a775897a45667a6766a844332
399260 1 43 19 2 3 1 0 0 0  aaa99999588aa9884798a773897a53667a6765a862445
399262 1 43 19 2 3 2 0 0 0  aaa99999588aa9885798a775897a45667a6763a862443
399264 1 43 19 2 4 0 0 0 0  aaa99999588aa9884798a773897a66547a5756a864632
399266 1 43 19 2 4 1 0 0 0  aaa99999588aa9884798a773897a66557a5746a863642
399270 1 43 19 2 5 0 0 0 0  aaa99999588aa9884798a773897a63547a5756a864626
399272 1 43 19 2 5 1 0 0 0  aaa99999588aa9884798a773897a63557a5746a862646
399306 1 43 19 3 5 0 0 0 0  aaa99999588aa9884798a777897a63574a5526a863646
399320 1 43 19 4 1 1 0 0 0  aaa99999588aa9884798a773897a63676a6756a844552
399338 1 43 19 4 4 1 0 0 0  aaa99999588aa9884798a773897a63476a4765a852665
399350 1 43 19 5 0 1 0 0 0  aaa99999588aa9884798a773897a57667a3465a864265
399368 1 43 19 5 3 1 0 0 0  aaa99999488aa9883798a773897a57667a6565a862445
399378 1 43 19 5 5 0 0 0 0  aaa99999588aa9884798a772897a67547a5536a864636
399384 1 43 19 6 0 0 0 0 0  aaa99999488aa9883798a777896a63567a6576a852445
399398 1 43 19 6 2 1 0 0 0  aaa99999488aa9883798a777896a66567a3675a852445
399410 1 43 19 6 4 1 0 0 0  aaa99999488aa9883798a777896a56567a3675a862445
399428 1 43 19 7 1 1 0 0 0  aaa99999588aa9884798a773897a44667a6567a855632
399486 1 43 19 8 5 0 0 0 0  aaa99999588aa9884798a777897a62547a5536a864636
399528 1 43 19 10 0 0 0 0 0  aaa99999588aa9884698a673896a73546a5657a874727
399530 1 43 19 10 0 1 0 0 0  aaa99999588aa9884698a673896a73556a5647a872747
399534 1 43 19 10 1 0 0 0 0  aaa99999588aa9884698a676896a73564a5527a873747
399546 1 43 19 10 3 0 0 0 0  aaa99999588aa9884698a676896a72546a5537a874737
399563 1 43 19 10 5 2 1 0 0  aaa99999688aa9886298a476895a76354a6537a875747
399734 1 43 20 4 4 1 0 0 0  aaa99999488aa9888798a773897a53576a6765a644625
399736 1 43 20 4 4 2 0 0 0  aaa99999588aa9888798a775897a45476a6764a635623
399806 1 43 20 6 4 1 0 0 0  aaa99999488aa9888798a777896a63567a3675a652445
400000 0 43 21 1 0 2 0 0 0  aaa99999687aa9774898a888897a66775a3656a544532
400130 1 43 21 4 4 1 0 0 0  aaa99999487aa9773898a888897a53576a6765a644625
400132 1 43 21 4 4 2 0 0 0  aaa99999587aa9775898a888897a45476a6764a635623
400202 1 43 21 6 4 1 0 0 0  aaa99999487aa9777898a888896a63567a3675a652445
400366 1 43 22 0 1 2 0 0 0  aaa99999477aa9853697a866796a53268a7785a844885
400384 1 43 22 0 4 2 0 0 0  aaa99999477aa9853697a853796a66268a7785a844885
400388 1 43 22 0 5 1 0 0 0  aaa99999577aa9863597a863795a65448a7786a864882
400391 1 43 22 0 5 2 1 0 0  aaa99999577aa9865497a865794a64338a7786a865882
400550 1 43 22 5 2 1 0 0 0  aaa99999477aa9873697a857796a63568a2685a844885
400643 1 43 22 7 5 2 1 0 0  aaa99999677aa9876297a846795a46358a6583a875884
400758 1 44 0 0 1 0 0 0 0  aaa99999988aa7755298a757897a75668a6864a384634
400759 1 44 0 0 1 0 1 0 0  aaa99999988aa7755398a737897a75668a6865a284644
400761 1 44 0 0 1 1 1 0 0  aaa99999988aa7755298a757897a74668a6865a384634
400776 1 44 0 0 4 0 0 0 0  aaa99999988aa7755298a757897a75638a4864a683664
400777 1 44 0 0 4 0 1 0 0  aaa99999988aa7755398a737897a75628a4865a684664
400779 1 44 0 0 4 1 1 0 0  aaa99999988aa7755298a757897a74638a4865a683664
400841 1 44 0 2 2 2 1 0 0  aaa99999988aa7775698a766897a27338a5846a485645
400967 1 44 0 5 5 2 1 0 0  aaa99999988aa7775298a765897a65378a3846a485646
401003 1 44 0 6 5 2 1 0 0  aaa99999988aa7777298a654897a54378a3865a684665
401009 1 44 0 7 0 2 1 0 0  aaa99999988aa7776698a765897a26338a5847a485645
401015 1 44 0 7 1 2 1 0 0  aaa99999988aa7775698a766897a35248a5867a484653
401027 1 44 0 7 3 2 1 0 0  aaa99999988aa7776698a766897a25338a5847a485645
401036 1 44 0 7 5 1 0 0 0  aaa99999988aa7776398a746897a36528a6857a586544
401037 1 44 0 7 5 1 1 0 0  aaa99999988aa7776398a746897a36528a6857a586454
401057 1 44 0 8 2 2 1 0 0  aaa99999988aa7777698a766897a25338a5846a485645
401129 1 44 0 10 2 2 1 0 0  aaa99999988aa6766298a754896a54368a3875a784775
401174 1 44 1 0 4 1 0 0 0  aaa99999988aa8774698a757796a73868a3655a644825
401225 1 44 1 2 0 2 1 0 0  aaa99999988aa8777798a766296a64858a6537a554834
401233 1 44 1 2 2 0 1 0 0  aaa99999988aa8777798a755696a65828a4637a654834
401251 1 44 1 2 5 0 1 0 0  aaa99999988aa8777798a755296a54868a5637a664834
401332 1 44 1 5 0 2 0 0 0  aaa99999988aa8777698a764695a73868a3576a545824
401358 1 44 1 5 5 0 0 0 0  aaa99999988aa8777598a754496a75868a4675a663832
401689 1 44 2 4 0 0 1 0 0  aaa99999988aa8777698a655297a65878a8363a764544
401691 1 44 2 4 0 1 1 0 0  aaa99999988aa8777698a655297a64878a8365a763544
401693 1 44 2 4 0 2 1 0 0  aaa99999988aa8777698a654297a64878a8365a763545
401723 1 44 2 4 5 2 1 0 0  aaa99999988aa8777398a465397a65878a8246a765645
401915 1 44 2 10 1 2 1 0 0  aaa99999988aa8666698a654297a54878a8735a777534
402122 1 44 3 5 0 1 0 0 0  aaa99999988aa8777698a764896a73567a3586a545824
402155 1 44 3 5 5 2 1 0 0  aaa99999988aa8777298a745896a75367a3684a665854
402317 1 44 3 10 2 2 1 0 0  aaa99999988aa8666298a654897a54376a3785a777845
402518 1 44 4 5 0 1 0 0 0  aaa99999988aa8777698a764896a73567a3588a545624
402551 1 44 4 5 5 2 1 0 0  aaa99999988aa8777298a745896a75367a3688a665454
402713 1 44 4 10 2 2 1 0 0  aaa99999988aa8666298a654897a54376a3788a777545
402758 1 44 5 0 4 1 0 0 0  aaa99999988aa8775798a874896a63767a3658a644552
402764 1 44 5 0 5 1 0 0 0  aaa99999988aa8775798a874896a44767a3658a663552
402947 1 44 5 5 5 2 1 0 0  aaa99999988aa8777298a875896a45367a3678a665454
403058 1 44 5 9 0 1 0 0 0  aaa99999988aa8665798a864897a44676a3758a773552
403109 1 44 5 10 2 2 1 0 0  aaa99999988aa8666298a854897a54376a3768a777545
403121 1 44 5 10 4 2 1 0 0  aaa99999988aa8656298a854897a54376a3768a777645
403157 1 44 6 0 4 2 1 0 0  aaa99999988aa8774298a757897a74363a8686a656545
403189 1 44 6 1 4 0 1 0 0  aaa99999988aa8777798a755897a35266a8685a466443
403193 1 44 6 1 4 2 1 0 0  aaa99999988aa8777798a754897a54266a8685a366534
403336 1 44 6 5 4 2 0 0 0  aaa99999988aa8777698a754896a73267a8685a653445
403343 1 44 6 5 5 2 1 0 0  aaa99999988aa8777398a754896a73267a8685a664545
403361 1 44 6 6 2 2 1 0 0  aaa99999988aa8754798a777896a66267a8685a354534
403372 1 44 6 6 4 2 0 0 0  aaa99999988aa8754798a777896a63267a8685a653445
403378 1 44 6 6 5 2 0 0 0  aaa99999988aa8754798a777896a53267a8685a663445
403441 1 44 6 8 4 0 1 0 0  aaa99999988aa8755798a777897a35266a8685a466443
403445 1 44 6 8 4 2 1 0 0  aaa99999988aa8754798a777897a54266a8685a366534
403468 1 44 6 9 2 2 0 0 0  aaa99999988aa8666798a654897a53276a8785a773445
403480 1 44 6 9 4 2 0 0 0  aaa99999988aa8656798a654897a44276a8785a773635
403486 1 44 6 9 5 2 0 0 0  aaa99999988aa8654798a653897a44276a8785a773665
403505 1 44 6 10 2 2 1 0 0  aaa99999988aa8666398a654897a53276a8785a777544
403523 1 44 6 10 5 2 1 0 0  aaa99999988aa8654398a654897a53276a8785a777664
403696 1 44 7 4 4 2 0 0 0  aaa99999988aa8854798a773697a53876a8765a644625
403720 1 44 7 5 2 2 0 0 0  aaa99999988aa8854798a773797a53862a8675a644665
403952 1 44 8 0 5 1 0 0 0  aaa99999988aa8775798a744896a84765a3687a663552
404102 1 44 8 5 0 1 0 0 0  aaa99999988aa8777698a764896a83567a3587a545624
404135 1 44 8 5 5 2 1 0 0  aaa99999988aa8777298a745896a85367a3687a665454
404297 1 44 8 10 2 2 1 0 0  aaa99999988aa8666298a654897a84376a3785a777545
404323 1 44 9 0 1 0 1 0 0  aaa99999988aa8774598a757897a75663a6268a854634
404325 1 44 9 0 1 1 1 0 0  aaa99999988aa8774298a757897a74663a6568a855634
404326 1 44 9 0 1 2 0 0 0  aaa99999988aa8775498a747897a75662a6368a835654
404327 1 44 9 0 1 2 1 0 0  aaa99999988aa8775398a737897a75662a6468a844655
404335 1 44 9 0 3 0 1 0 0  aaa99999988aa8774598a757897a75663a6268a864534
404337 1 44 9 0 3 1 1 0 0  aaa99999988aa8774298a757897a74665a6368a863554
404338 1 44 9 0 3 2 0 0 0  aaa99999988aa8775498a747897a75663a6268a865354
404339 1 44 9 0 3 2 1 0 0  aaa99999988aa8775398a737897a75664a6268a865445
404346 1 44 9 0 5 0 0 0 0  aaa99999988aa8776498a747897a76553a6258a856364
404347 1 44 9 0 5 0 1 0 0  aaa99999988aa8776298a747897a76355a6538a846564
404350 1 44 9 0 5 2 0 0 0  aaa99999988aa8776298a757897a76344a6438a856565
404587 1 44 9 7 3 0 1 0 0  aaa99999988aa8777698a766896a74553a7258a854634
404762 1 44 10 1 2 1 0 0 0  aaa99999988aa8854798a773897a44776a3658a662565
404764 1 44 10 1 2 2 0 0 0  aaa99999988aa8845798a775897a35776a5648a662463
404882 1 44 10 4 4 1 0 0 0  aaa99999988aa8854798a775897a53276a6768a644635
404884 1 44 10 4 4 2 0 0 0  aaa99999988aa8845798a775897a35276a6768a635644
405146 1 44 11 1 0 1 0 0 0  aaa99999988aa8885798a774796a63876a3756a644552
405180 1 44 11 2 0 0 0 0 0  aaa99999988aa8885798a774796a63876a3476a654552
405182 1 44 11 2 0 1 0 0 0  aaa99999988aa8885798a774796a63876a3576a655442
405360 1 44 11 7 0 0 0 0 0  aaa99999988aa8885798a774796a63866a3576a572454
405362 1 44 11 7 0 1 0 0 0  aaa99999988aa8885798a774796a63866a3576a575442
405386 1 44 11 7 4 1 0 0 0  aaa99999988aa8885798a774796a63865a3674a672554
405758 1 44 12 7 0 1 0 0 0  aaa99999988aa8874798a773796a63865a6578a545624
405776 1 44 12 7 3 1 0 0 0  aaa99999988aa8874798a773796a66864a4578a553652
405782 1 44 12 7 4 1 0 0 0  aaa99999988aa8875798a774796a63865a3678a644552
405788 1 44 12 7 5 1 0 0 0  aaa99999988aa8875798a774796a44865a3678a663552
405900 1 44 13 0 0 0 0 0 0  aaa99999988aa8877298a787796a76866a4553a454356
405901 1 44 13 0 0 0 1 0 0  aaa99999988aa8877298a787796a76866a5553a435446
405902 1 44 13 0 0 1 0 0 0  aaa99999988aa8877298a787796a76866a4555a435346
405903 1 44 13 0 0 1 1 0 0  aaa99999988aa8877298a787796a76866a5543a535446
405904 1 44 13 0 0 2 0 0 0  aaa99999988aa8877298a787796a76866a4543a555346
405905 1 44 13 0 0 2 1 0 0  aaa99999988aa8877298a787796a76854a6663a555443
406072 1 44 13 4 4 2 0 0 0  aaa99999988aa8854798a787697a53876a3765a644625
406898 1 44 15 5 4 1 0 0 0  aaa99999988aa8777698a874896a83567a3675a652445
406907 1 44 15 5 5 2 1 0 0  aaa99999988aa8777298a875896a85367a3674a665454
406925 1 44 15 6 2 2 1 0 0  aaa99999988aa8666298a854897a84777a7365a673545
406937 1 44 15 6 4 2 1 0 0  aaa99999988aa8656298a854897a84777a7365a673645
406997 1 44 15 8 2 2 1 0 0  aaa99999988aa8666298a854897a84777a7367a653545
407069 1 44 15 10 2 2 1 0 0  aaa99999988aa8666298a854897a84376a3765a777545
407081 1 44 15 10 4 2 1 0 0  aaa99999988aa8656298a854897a84376a3765a777645
407303 1 44 16 5 5 2 1 0 0  aaa99999988aa8777298a874896a54367a3675a686545
407497 1 44 17 0 2 0 1 0 0  aaa99999988aa8877298a787897a74665a6566a354534
407656 1 44 17 4 4 2 0 0 0  aaa99999988aa8854798a787897a53276a6765a644635
407904 1 44 18 0 4 0 0 0 0  aaa99999988aa8884798a758796a46575a3677a663524
408283 1 44 19 0 1 0 1 0 0  aaa99999988aa8877298a774897a67666a4556a385534
408285 1 44 19 0 1 1 1 0 0  aaa99999988aa8877298a774897a67666a4536a585534
408287 1 44 19 0 1 2 1 0 0  aaa99999988aa8877298a774897a67666a4356a583554
408446 1 44 19 4 4 1 0 0 0  aaa99999988aa8854798a773897a44576a6765a683625
408448 1 44 19 4 4 2 0 0 0  aaa99999988aa8845798a775897a35476a6764a685623
408842 1 44 20 4 4 1 0 0 0  aaa99999988aa8884798a773897a53576a6765a644625
408844 1 44 20 4 4 2 0 0 0  aaa99999988aa8885798a775897a45476a6764a635623
408914 1 44 20 6 4 1 0 0 0  aaa99999988aa8884798a777896a63567a3675a652445
409481 1 44 22 0 2 2 1 0 0  aaa99999977aa8666397a654798a53286a7875a888544
409499 1 44 22 0 5 2 1 0 0  aaa99999977aa8654397a654798a53286a7875a888664
409722 1 44 22 7 1 0 0 0 0  aaa99999977aa8736697a665798a36584a5852a888744
409912 1 45 0 1 2 2 0 0 0  aaa88777498aa9683999a999877a53766a6865a852445
409940 1 45 0 2 1 1 0 0 0  aaa88777598aa9784999a999877a63666a3856a844552
409973 1 45 0 3 0 2 1 0 0  aaa88777798aa9686999a999877a56626a4835a854534
410009 1 45 0 4 0 2 1 0 0  aaa88777698aa9686999a999877a57626a4835a854534
410286 1 45 1 0 5 0 0 0 0  aaa88877598aa9877999a999856a45767a4652a663834
410358 1 45 1 2 5 0 0 0 0  aaa88877798aa9875999a999856a45767a4652a663834
410466 1 45 1 5 5 0 0 0 0  aaa88877798aa9875999a999856a45567a4672a663834
410616 1 45 1 10 0 0 0 0 0  aaa88866598aa9864999a999857a45676a3752a777834
410666 1 45 2 0 2 1 0 0 0  aaa88877598aa9884999a999867a73767a3664a562554
411935 1 45 5 2 3 2 1 0 0  aaa88877798aa9374999a999876a66268a4578a555634
412246 1 45 6 0 1 2 0 0 0  aaa88877498aa9767999a999875a73666a3586a545824
412492 1 45 6 7 0 2 0 0 0  aaa88877798aa9766999a999825a76654a7586a534843
412493 1 45 6 7 0 2 1 0 0  aaa88877798aa9766999a999825a76654a7586a453843
413293 1 45 8 7 2 0 1 0 0  aaa88877798aa9743999a999866a76565a7588a643524
413305 1 45 8 7 4 0 1 0 0  aaa88877798aa9743999a999856a76565a7688a643524
414030 1 45 10 5 5 0 0 0 0  aaa88887498aa9777999a999856a53567a3678a662445
414230 1 45 11 0 2 1 0 0 0  aaa88888598aa9774999a999867a73767a3664a562554
415405 1 45 14 0 0 0 1 0 0  aaa88878796aa9776999a999876a47268a8554a335564
415478 1 45 14 2 0 1 0 0 0  aaa88878497aa9773999a999876a63758a8665a552446
415675 1 45 14 7 3 0 1 0 0  aaa88878497aa9774999a999876a66268a8556a375534
415903 1 45 15 2 5 0 1 0 0  aaa88877797aa9753999a999856a53564a8688a676442
416010 1 45 15 5 5 0 0 0 0  aaa88877795aa9754999a999856a73267a8688a663445
416087 1 45 15 7 5 2 1 0 0  aaa88877794aa9375999a999846a47267a8688a665355
416165 1 45 15 10 0 2 1 0 0  aaa88866596aa9645999a999827a45373a8788a777456
416167 1 45 15 10 1 0 1 0 0  aaa88866696aa9653999a999857a53574a8788a777442
416183 1 45 15 10 3 2 1 0 0  aaa88866695aa9463999a999857a55276a8788a777443
416395 1 45 16 5 3 0 1 0 0  aaa88877796aa9766999a999865a75358a3278a468445
416424 1 45 16 6 2 0 0 0 0  aaa88866697aa9777999a999877a55428a4468a658353
416425 1 45 16 6 2 0 1 0 0  aaa88866697aa9777999a999877a55448a4268a658353
416532 1 45 16 9 2 0 0 0 0  aaa88866697aa9755999a999877a77428a4468a658353
416533 1 45 16 9 2 0 1 0 0  aaa88866697aa9755999a999877a77448a4268a658353
416863 1 45 17 7 3 0 1 0 0  aaa88887497aa9774999a999876a66267a8558a353654
417259 1 45 18 7 3 0 1 0 0  aaa88888497aa9774999a999876a66267a8556a375534
417636 1 45 19 7 0 0 0 0 0  aaa88887497aa9773999a999876a63667a2558a458645
417638 1 45 19 7 0 1 0 0 0  aaa88887497aa9773999a999876a63667a2548a558645
417852 1 45 20 2 0 0 0 0 0  aaa88888597aa9774999a999786a63675a8674a525634
418032 1 45 20 7 0 0 0 0 0  aaa88888497aa9773999a999786a63566a8576a572454
418429 1 45 21 7 0 0 1 0 0  aaa88888897aa9774999a999876a64267a6556a375534
418991 1 46 0 0 3 2 1 0 0  aaa88977583aa9877786a766389a85694a5942a999645
418999 1 46 0 0 5 0 1 0 0  aaa88977683aa9877785a756389a86594a6942a999465
419063 1 46 0 2 3 2 1 0 0  aaa88977783aa9875786a766389a85694a5942a999645
419071 1 46 0 2 5 0 1 0 0  aaa88977783aa9876785a756389a86594a6942a999465
419179 1 46 0 5 5 0 1 0 0  aaa88977785aa9876585a746289a86597a6934a999364
419436 1 46 1 2 0 0 0 0 0  aaa88987588aa9777786a764669a82594a5953a999643
419574 1 46 1 5 5 0 0 0 0  aaa88987488aa9777586a753569a83697a2966a999445
419925 1 46 2 4 3 1 1 0 0  aaa88987488aa9585787a724669a76396a3956a999547
419931 1 46 2 4 4 1 1 0 0  aaa88987488aa9585787a724639a73696a6956a999547
420175 1 46 3 0 3 0 1 0 0  aaa88987782aa9787786a676589a54695a4935a999634
420425 1 46 3 7 2 2 1 0 0  aaa88985787aa9787786a656289a54697a4936a999534
420431 1 46 3 7 3 2 1 0 0  aaa88985787aa9787786a664389a54697a3925a999564
420437 1 46 3 7 4 2 1 0 0  aaa88985787aa9787786a666289a54697a4935a999534
420439 1 46 3 7 5 0 1 0 0  aaa88986787aa9787785a564389a64597a3926a999654
420441 1 46 3 7 5 1 1 0 0  aaa88986787aa9787785a565289a64597a4936a999634
420442 1 46 3 7 5 2 0 0 0  aaa88986787aa9787784a365489a65497a5936a999652
420443 1 46 3 7 5 2 1 0 0  aaa88986787aa9787784a365289a65497a5946a999635
420460 1 46 3 8 2 2 0 0 0  aaa88986487aa9583787a773689a66795a2956a999454
420583 1 46 4 0 5 0 1 0 0  aaa88987787aa9674387a687589a53596a4962a999645
420604 1 46 4 1 2 2 0 0 0  aaa88986487aa9773787a583689a66795a2956a999454
420806 1 46 4 7 0 1 0 0 0  aaa88987587aa9774786a683689a53697a2945a999645
420979 1 46 5 0 5 0 1 0 0  aaa88987787aa9674587a657859a24396a3968a999645
421038 1 46 5 2 3 0 0 0 0  aaa88986487aa9773787a666859a53597a2968a999445
421148 1 46 5 5 3 1 0 0 0  aaa88985487aa9773786a663879a44697a2958a999565
421150 1 46 5 5 3 2 0 0 0  aaa88984587aa9775786a665879a35697a2948a999463
421158 1 46 5 5 5 0 0 0 0  aaa88986587aa9774785a465879a63597a3928a999646
421214 1 46 5 7 2 1 0 0 0  aaa88987587aa9774786a663869a44697a3958a999552
421598 1 46 6 7 0 1 0 0 0  aaa88987587aa9774786a653689a83697a2945a999645
421609 1 46 6 7 2 0 1 0 0  aaa88987587aa9774786a656389a84697a3926a999554
421653 1 46 6 8 3 1 1 0 0  aaa88985587aa9777786a664389a84697a3925a999564
421742 1 46 7 0 0 1 0 0 0  aaa88988588aa9774687a763769a73695a2954a999654
421758 1 46 7 0 3 0 0 0 0  aaa88988588aa9774687a766769a72594a5953a999643
421766 1 46 7 0 4 1 0 0 0  aaa88988588aa9774687a744769a73695a3966a999552
421950 1 46 7 5 5 0 0 0 0  aaa88988488aa9777586a753569a73697a2966a999445
421956 1 46 7 6 0 0 0 0 0  aaa88988588aa9664787a773759a67696a3954a999254
422167 1 46 8 0 5 0 1 0 0  aaa88987787aa9674587a657589a24396a3968a999645
422226 1 46 8 2 3 0 0 0 0  aaa88986487aa9773787a666589a53597a2968a999445
422396 1 46 8 7 1 1 0 0 0  aaa88987587aa9774786a663689a44697a3958a999552
422406 1 46 8 7 3 0 0 0 0  aaa88987587aa9774786a663489a55697a4928a999563
422408 1 46 8 7 3 1 0 0 0  aaa88987587aa9773786a663589a55697a2948a999464
422590 1 46 9 1 3 2 0 0 0  aaa88985477aa9873687a686689a53797a2965a999445
422598 1 46 9 1 5 0 0 0 0  aaa88986477aa9873587a583489a65797a4956a999626
422786 1 46 9 7 0 1 0 0 0  aaa88987577aa9874687a683789a63496a4956a999552
422810 1 46 9 7 4 1 0 0 0  aaa88987577aa9874687a683789a53496a4965a999625
423188 1 46 10 7 1 1 0 0 0  aaa88988587aa9774786a663689a44697a3957a999552
423198 1 46 10 7 3 0 0 0 0  aaa88988587aa9774786a663489a55697a4927a999563
423200 1 46 10 7 3 1 0 0 0  aaa88988587aa9773786a663589a55697a2947a999464
423353 1 46 11 0 4 2 1 0 0  aaa88988887aa9754787a354669a66297a7965a999534
423357 1 46 11 0 5 1 1 0 0  aaa88988887aa9764787a364559a65297a7956a999634
423358 1 46 11 0 5 2 0 0 0  aaa88988887aa9765787a465349a65397a7946a999652
423359 1 46 11 0 5 2 1 0 0  aaa88988887aa9765787a365249a65497a7946a999635
423594 1 46 11 7 3 0 0 0 0  aaa88988887aa9775786a663569a45597a3947a999462
423611 1 46 11 7 5 2 1 0 0  aaa88988887aa9776785a346259a46597a6957a999364
423998 1 46 12 7 4 1 0 0 0  aaa88988587aa9774886a763769a44695a3967a999552
424126 1 46 13 0 1 2 0 0 0  aaa88988487aa9753787a666869a53297a7965a999445
424190 1 46 13 2 0 1 0 0 0  aaa88988587aa9774787a663849a64697a3965a999525
424316 1 46 13 5 3 1 0 0 0  aaa88988587aa9774786a663879a44697a3925a999565
424318 1 46 13 5 3 2 0 0 0  aaa88988587aa9775786a665879a45697a2944a999363
424326 1 46 13 5 5 0 0 0 0  aaa88988587aa9774785a465879a63597a3926a999646
424382 1 46 13 7 2 1 0 0 0  aaa88988587aa9774786a663869a44697a3957a999552
424535 1 46 14 0 3 2 1 0 0  aaa88988577aa9666387a635829a75794a8946a999745
424786 1 46 14 7 3 2 0 0 0  aaa88988577aa9735687a665869a75497a8943a999462
424794 1 46 14 7 5 0 0 0 0  aaa88988577aa9763587a465859a73497a8946a999626
425067 1 46 15 4 2 1 1 0 0  aaa88987477aa9733686a674689a64595a8928a999557
425069 1 46 15 4 2 2 1 0 0  aaa88987477aa9733686a674689a64295a8958a999557
425104 1 46 15 5 2 2 0 0 0  aaa88985477aa9753687a676789a53296a8968a999445
425114 1 46 15 5 4 1 0 0 0  aaa88985477aa9753687a675789a44296a8968a999635
425116 1 46 15 5 4 2 0 0 0  aaa88984577aa9735687a675789a35296a8968a999644
425174 1 46 15 7 2 1 0 0 0  aaa88985477aa9753687a665789a44296a8968a999735
425176 1 46 15 7 2 2 0 0 0  aaa88984577aa9735687a665789a35296a8968a999744
425204 1 46 15 8 1 1 0 0 0  aaa88985677aa9774687a663789a46295a8958a999534
425206 1 46 15 8 1 2 0 0 0  aaa88985677aa9773687a663789a56494a8928a999545
425210 1 46 15 8 2 1 0 0 0  aaa88985477aa9775687a663789a53296a8968a999445
425212 1 46 15 8 2 2 0 0 0  aaa88984577aa9775687a665789a35296a8968a999443
425360 1 46 16 1 3 1 0 0 0  aaa88985477aa9873687a663869a44797a2958a999565
425362 1 46 16 1 3 2 0 0 0  aaa88984577aa9875687a665869a35797a2948a999463
425370 1 46 16 1 5 0 0 0 0  aaa88986577aa9874587a465859a63797a3928a999646
425468 1 46 16 4 3 1 0 0 0  aaa88985477aa9875687a663869a53796a2978a999445
425470 1 46 16 4 3 2 0 0 0  aaa88984577aa9875687a665869a35796a2978a999443
425478 1 46 16 4 5 0 0 0 0  aaa88986477aa9873587a563859a62794a4978a999656
425717 1 46 17 0 2 2 1 0 0  aaa88988477aa9666387a654789a53297a8967a999545
425786 1 46 17 2 2 1 0 0 0  aaa88988577aa9754687a663789a53296a8967a999445
425788 1 46 17 2 2 2 0 0 0  aaa88988577aa9745687a665789a35296a8967a999443
425809 1 46 17 3 0 0 1 0 0  aaa88988577aa9774687a655289a64796a8936a999534
425896 1 46 17 5 2 2 0 0 0  aaa88988477aa9753687a676789a53296a8965a999445
425906 1 46 17 5 4 1 0 0 0  aaa88988477aa9753687a673789a44596a8965a999625
425908 1 46 17 5 4 2 0 0 0  aaa88988577aa9745687a675789a35496a8964a999623
425966 1 46 17 7 2 1 0 0 0  aaa88988477aa9753687a663789a44596a8965a999725
425968 1 46 17 7 2 2 0 0 0  aaa88988577aa9745687a665789a35496a8964a999723
426002 1 46 17 8 2 1 0 0 0  aaa88988477aa9773687a663789a52596a8965a999445
426004 1 46 17 8 2 2 0 0 0  aaa88988577aa9775687a665789a45496a8964a999332
426119 1 46 18 0 3 2 1 0 0  aaa88988877aa9666387a635829a75794a5946a999745
426508 1 46 19 0 2 2 0 0 0  aaa88988477aa9853687a663789a44296a7975a999565
426514 1 46 19 0 3 2 0 0 0  aaa88988477aa9853687a663789a56296a7975a999445
426520 1 46 19 0 4 2 0 0 0  aaa88988477aa9853687a666789a53296a7975a999445
426522 1 46 19 0 5 0 0 0 0  aaa88988577aa9864487a565789a64295a7976a999633
426524 1 46 19 0 5 1 0 0 0  aaa88988577aa9863587a565789a63494a7976a999642
426527 1 46 19 0 5 2 1 0 0  aaa88988577aa9865387a465789a63294a7976a999645
426532 1 46 19 1 0 2 0 0 0  aaa88988477aa9873687a653689a52797a6965a999445
426548 1 46 19 1 3 1 0 0 0  aaa88988577aa9874687a663689a53797a2965a999445
426550 1 46 19 1 3 2 0 0 0  aaa88988577aa9875687a665689a45797a2963a999443
426558 1 46 19 1 5 0 0 0 0  aaa88988477aa9873587a563489a65797a4956a999626
426584 1 46 19 2 3 1 0 0 0  aaa88988477aa9873687a663789a56596a2975a999445
426758 1 46 19 7 2 1 0 0 0  aaa88988577aa9874687a663789a53496a4965a999725
426779 1 46 19 7 5 2 1 0 0  aaa88988677aa9876287a546789a46395a6953a999754
426905 1 46 20 0 2 2 1 0 0  aaa88988877aa9666387a654789a53296a7975a999544
426923 1 46 20 0 5 2 1 0 0  aaa88988877aa9654387a654789a53296a7975a999664
427146 1 46 20 7 1 0 0 0 0  aaa88988877aa9736687a665789a36594a5952a999744
