0 0 0 0 0 0 0 0 0 0  aaaa99887789a9875989aa876869a475695637a544632
68 1 0 0 1 5 1 0 0 0  aaaa99885789a9877989aa847869a376593657a662454
70 1 0 0 1 5 2 0 0 0  aaaa99885789a9877989aa857869a576495637a662434
146 1 0 0 4 0 1 0 0 0  aaaa99885789a9877989aa846869a375693767a565442
283 1 0 0 7 5 0 1 0 0  aaaa99887389a9864989aa837879a775594526a764656
390 1 0 0 10 5 0 0 0 0  aaaa99886489a9846989aa862879a657596735a777354
391 1 0 0 10 5 0 1 0 0  aaaa99886289a9846989aa865879a657396754a777534
869 1 0 2 2 0 2 1 0 0  aaaa99888789a9877979aa668839a627594657a563544
1296 1 0 3 3 0 0 0 0 0  aaaa99888789a9875979aa838669a377792565a465464
1449 1 0 3 7 1 1 1 0 0  aaaa99888789a9877979aa848559a766396267a554634
1451 1 0 3 7 1 2 1 0 0  aaaa99888789a9877979aa848259a766396567a554634
1625 1 0 4 1 0 2 1 0 0  aaaa99888889a9866979aa777739a626594758a563544
1766 1 0 4 5 0 1 0 0 0  aaaa99888889a9874979aa777669a376494568a553652
1981 1 0 5 0 0 0 1 0 0  aaaa99888789a9875979aa847669a462896737a655534
2006 1 0 5 0 4 1 0 0 0  aaaa99888789a9875979aa847669a346894757a663552
2297 1 0 5 8 4 2 1 0 0  aaaa99888389a9854979aa837779a726896675a664545
2303 1 0 5 8 5 2 1 0 0  aaaa99888289a9854979aa847779a736893675a666545
2581 1 0 6 5 4 0 1 0 0  aaaa99888789a9877989aa846269a765696557a374534
2772 1 0 7 0 0 0 0 0 0  aaaa99775889a9884989aa777669a386793865a455642
2774 1 0 7 0 0 1 0 0 0  aaaa99775889a9884989aa777669a386793864a555624
2822 1 0 7 1 2 1 0 0 0  aaaa99777889a9885989aa547769a386793865a644625
2824 1 0 7 1 2 2 0 0 0  aaaa99777889a9885989aa457769a586795863a644623
2830 1 0 7 1 3 2 0 0 0  aaaa99777889a9884989aa537769a686793865a652445
2844 1 0 7 2 0 0 0 0 0  aaaa99777889a9885989aa747669a386793865a455642
2846 1 0 7 2 0 1 0 0 0  aaaa99777889a9885989aa747669a386793864a555624
2896 1 0 7 3 2 2 0 0 0  aaaa99754889a9883989aa447779a786793865a662565
2902 1 0 7 3 3 2 0 0 0  aaaa99754889a9883989aa537779a786796865a662445
2908 1 0 7 3 4 2 0 0 0  aaaa99754889a9883989aa537779a786792865a666445
2912 1 0 7 3 5 1 0 0 0  aaaa99765889a9884989aa637779a785793846a565642
2954 1 0 7 5 0 1 0 0 0  aaaa99777889a9885989aa746659a386793876a655442
3062 1 0 7 8 0 1 0 0 0  aaaa99665889a9884989aa637779a786793857a644552
3170 1 0 8 0 0 1 0 0 0  aaaa99888789a9874979aa837669a365596758a672454
3314 1 0 8 4 0 1 0 0 0  aaaa99888789a9877979aa847669a376494568a553652
3354 1 0 8 5 1 0 0 0 0  aaaa99888789a9877979aa856669a354695548a473762
3445 1 0 8 7 4 0 1 0 0  aaaa99888789a9877979aa846269a765696558a374534
3590 1 0 9 0 4 1 0 0 0  aaaa99888789a9875979aa847669a326598757a663454
3592 1 0 9 0 4 2 0 0 0  aaaa99888789a9875979aa857669a546498737a665432
3757 1 0 9 5 2 0 1 0 0  aaaa99888789a9877979aa846659a626698557a374534
3850 1 0 9 7 5 2 0 0 0  aaaa99888789a9877979aa854469a736498637a665255
3880 1 0 9 8 4 2 0 0 0  aaaa99888389a9854979aa837779a726698675a466545
3881 1 0 9 8 4 2 1 0 0  aaaa99888289a9854979aa847779a736398676a656545
3974 1 0 10 0 2 1 0 0 0  aaaa99775889a9884989aa777869a368793664a562554
4046 1 0 10 2 2 1 0 0 0  aaaa99777889a9885989aa747869a368793664a562554
4070 1 0 10 3 0 1 0 0 0  aaaa99665889a9884989aa637879a378797664a572554
4140 1 0 10 5 0 0 0 0 0  aaaa99777889a9885989aa746869a368793476a654552
4142 1 0 10 5 0 1 0 0 0  aaaa99777889a9885989aa746869a368793576a655442
4154 1 0 10 5 2 1 0 0 0  aaaa99777889a9884989aa736869a658793675a652445
4166 1 0 10 5 4 1 0 0 0  aaaa99777889a9885989aa746869a348794675a663525
4178 1 0 10 6 0 1 0 0 0  aaaa99665889a9884989aa637869a378797757a644552
4350 1 0 10 10 5 0 0 0 0  aaaa99765889a9884989aa635849a558793276a764776
4680 1 0 11 9 0 0 0 0 0  aaaa99665889a9888989aa646579a787693754a773254
4752 1 0 12 0 0 0 0 0 0  aaaa99775889a9883989aa777669a388792565a465464
4824 1 0 12 2 0 0 0 0 0  aaaa99777889a9885989aa737669a388792565a465464
5148 1 0 13 0 0 0 0 0 0  aaaa99775889a9884989aa587669a386793767a455642
5150 1 0 13 0 0 1 0 0 0  aaaa99775889a9884989aa487669a386793767a555624
5172 1 0 13 0 4 0 0 0 0  aaaa99775889a9884989aa487569a686793757a663254
5174 1 0 13 0 4 1 0 0 0  aaaa99775889a9884989aa487669a386793757a662554
5472 1 0 13 9 0 0 0 0 0  aaaa99665889a9884989aa686579a787693754a773254
5582 1 0 14 1 0 1 0 0 0  aaaa99777889a9885969aa648889a376793756a644552
5760 1 0 14 6 0 0 0 0 0  aaaa99665889a9884979aa778889a377793665a455246
5868 1 0 14 9 0 0 0 0 0  aaaa99665889a9884979aa738889a377797665a455246
5945 1 0 15 0 0 2 1 0 0  aaaa99888779a9866979aa863769a537895278a465445
5978 1 0 15 1 0 1 0 0 0  aaaa99888779a9875979aa846659a376893768a565442
6012 1 0 15 2 0 0 0 0 0  aaaa99888779a9875979aa846769a367893568a562454
6014 1 0 15 2 0 1 0 0 0  aaaa99888779a9875979aa846769a367893568a565442
6038 1 0 15 2 4 1 0 0 0  aaaa99888779a9875979aa846769a347894658a663552
6334 1 0 15 10 5 2 0 0 0  aaaa99888449a9826959aa865479a657895738a777366
6335 1 0 15 10 5 2 1 0 0  aaaa99888449a9846959aa865379a657895738a777266
6600 1 0 16 7 2 0 0 0 0  aaaa99888779a9874979aa836759a866893466a574525
6602 1 0 16 7 2 1 0 0 0  aaaa99888779a9874979aa836759a866893566a572454
6949 1 0 17 6 0 0 1 0 0  aaaa99665889a9884989aa687869a477397277a655534
7525 1 0 19 0 0 0 1 0 0  aaaa99877889a9886989aa662879a776595457a464335
7529 1 0 19 0 0 2 1 0 0  aaaa99877889a9886989aa662879a776594357a563544
7626 1 0 19 2 5 0 0 0 0  aaaa99865889a9884989aa637879a775495527a763646
7754 1 0 19 6 2 1 0 0 0  aaaa99854889a9885989aa537869a377697677a644625
7756 1 0 19 6 2 2 0 0 0  aaaa99845889a9885989aa357869a577697677a644623
7762 1 0 19 6 3 2 0 0 0  aaaa99854889a9883989aa537869a677697677a652445
7806 1 0 19 7 5 0 0 0 0  aaaa99867889a9885989aa647879a775495526a763643
7826 1 0 19 8 2 1 0 0 0  aaaa99854889a9885989aa537869a777793627a644665
7828 1 0 19 8 2 2 0 0 0  aaaa99845889a9885989aa357869a777795627a644663
7832 1 0 19 8 3 1 0 0 0  aaaa99865889a9884989aa447869a777793667a563552
7862 1 0 19 9 2 1 0 0 0  aaaa99854889a9885989aa537869a377797627a644665
7864 1 0 19 9 2 2 0 0 0  aaaa99845889a9885989aa357869a577797627a644663
8137 1 0 20 6 0 0 1 0 0  aaaa99665889a9888989aa647869a477397277a655534
8719 1 0 22 0 1 0 1 0 0  aaaa99877279a9876979aa576669a355896485a844883
8721 1 0 22 0 1 1 1 0 0  aaaa99877279a9876979aa576669a354896585a844883
8723 1 0 22 0 1 2 1 0 0  aaaa99877379a9875979aa376629a646895484a865885
8814 1 0 22 2 5 0 0 0 0  aaaa99865779a9874979aa635749a557893286a864886
9072 1 0 22 10 0 0 0 0 0  aaaa99875669a9874969aa735649a556893287a874887
9311 1 1 0 5 3 2 1 0 0  aaaa99988998a7787829aa589676a687694675a354534
9359 1 1 0 6 5 2 1 0 0  aaaa99988998a7684829aa589777a787694365a653645
9383 1 1 0 7 3 2 1 0 0  aaaa99988998a7787839aa389676a685792546a655447
9395 1 1 0 7 5 2 1 0 0  aaaa99988998a7787829aa489375a386597674a666554
9449 1 1 0 9 2 2 1 0 0  aaaa99988998a7687829aa589676a687694735a754534
9461 1 1 0 9 4 2 1 0 0  aaaa99988998a7687839aa589276a687693765a754544
9467 1 1 0 9 5 2 1 0 0  aaaa99988998a7687839aa589276a487693765a754645
9497 1 1 0 10 4 2 1 0 0  aaaa99988998a7686839aa589276a487693765a774545
9503 1 1 0 10 5 2 1 0 0  aaaa99988998a7685839aa489276a587693764a775654
9590 1 1 1 2 2 1 0 0 0  aaaa99954998a8853889aa449877a777695628a663765
9592 1 1 1 2 2 2 0 0 0  aaaa99945998a8835889aa359877a777695628a664764
9688 1 1 1 5 0 2 0 0 0  aaaa99966998a8836889aa359877a747495728a665745
9724 1 1 1 6 0 2 0 0 0  aaaa99966998a8836889aa359876a577797448a275645
9756 1 1 1 7 0 0 0 0 0  aaaa99937998a8866889aa369877a727595678a564445
9806 1 1 1 8 2 1 0 0 0  aaaa99954998a8853889aa449876a577797628a663765
9808 1 1 1 8 2 2 0 0 0  aaaa99945998a8835889aa359876a577797628a664764
9832 1 1 1 9 0 2 0 0 0  aaaa99966998a8836889aa359876a747495728a775645
9854 1 1 1 9 4 1 0 0 0  aaaa99954998a8853889aa449876a727696768a775635
9856 1 1 1 9 4 2 0 0 0  aaaa99945998a8835889aa359876a727696768a775644
9868 1 1 1 10 0 2 0 0 0  aaaa99966998a8836889aa359876a547495728a777645
9913 1 1 2 0 2 0 1 0 0  aaaa99977998a8855889aa439865a826797767a643654
9915 1 1 2 0 2 1 1 0 0  aaaa99977998a8855889aa549863a826797767a654634
9950 1 1 2 1 2 1 0 0 0  aaaa99977998a8854889aa529863a877795637a644665
9952 1 1 2 1 2 2 0 0 0  aaaa99977998a8845889aa259863a877795637a644665
9986 1 1 2 2 2 1 0 0 0  aaaa99974998a8853889aa449876a877793657a662565
9988 1 1 2 2 2 2 0 0 0  aaaa99975998a8845889aa359876a877795647a662463
9992 1 1 2 2 3 1 0 0 0  aaaa99974998a8863889aa449875a877793667a566525
10022 1 1 2 3 2 1 0 0 0  aaaa99975998a8854889aa529863a877797637a644665
10024 1 1 2 3 2 2 0 0 0  aaaa99975998a8845889aa259863a877797637a644665
10056 1 1 2 4 2 0 0 0 0  aaaa99975998a8874889aa559862a877793467a664563
10058 1 1 2 4 2 1 0 0 0  aaaa99975998a8875889aa559863a877794637a644662
10064 1 1 2 4 3 1 0 0 0  aaaa99975998a8874889aa639866a877793657a562454
10066 1 1 2 4 3 2 0 0 0  aaaa99975998a8875889aa659866a877795647a464332
10070 1 1 2 4 4 1 0 0 0  aaaa99974998a8873889aa449866a877793657a566525
10076 1 1 2 4 5 1 0 0 0  aaaa99974998a8873889aa449865a877793657a666525
10090 1 1 2 5 1 2 0 0 0  aaaa99956998a8854889aa449873a877397677a662565
10096 1 1 2 5 2 2 0 0 0  aaaa99954998a8853889aa539876a877697677a662445
10162 1 1 2 7 1 2 0 0 0  aaaa99954998a8853889aa449876a877793667a266575
10164 1 1 2 7 2 0 0 0 0  aaaa99955998a8853889aa449876a877795627a646673
10168 1 1 2 7 2 2 0 0 0  aaaa99954998a8853889aa449876a877793627a656675
10174 1 1 2 7 3 2 0 0 0  aaaa99965998a8845889aa359874a877795667a266473
10180 1 1 2 7 4 2 0 0 0  aaaa99954998a8853889aa449876a877793627a666575
10182 1 1 2 7 5 0 0 0 0  aaaa99965998a8863889aa639875a877792447a565476
10184 1 1 2 7 5 1 0 0 0  aaaa99965998a8865889aa639874a877793447a565672
10204 1 1 2 8 2 2 0 0 0  aaaa99954998a8853889aa449876a877797627a663565
10252 1 1 2 9 4 2 0 0 0  aaaa99954998a8853889aa449877a827696765a677635
10288 1 1 2 10 4 2 0 0 0  aaaa99954998a8853889aa449876a827696765a777635
10578 1 1 3 7 5 0 0 0 0  aaaa99985998a8864789aa879787a375495526a763646
10614 1 1 3 8 5 0 0 0 0  aaaa99985998a8864789aa839787a775495526a763646
10624 1 1 3 9 0 2 0 0 0  aaaa99986998a8866789aa849785a376593777a562454
10628 1 1 3 9 1 1 0 0 0  aaaa99985998a8864789aa839785a376696777a562454
10630 1 1 3 9 1 2 0 0 0  aaaa99985998a8865789aa859784a576696777a464332
10634 1 1 3 9 2 1 0 0 0  aaaa99985998a8844789aa849786a376696777a555632
10640 1 1 3 9 3 1 0 0 0  aaaa99985998a8844789aa849786a376696777a563552
10646 1 1 3 9 4 1 0 0 0  aaaa99985998a8844789aa849786a376593777a666552
10652 1 1 3 9 5 1 0 0 0  aaaa99985998a8844789aa849786a375693777a655662
10659 1 1 3 10 0 1 1 0 0  aaaa99986998a8866289aa849687a455795376a753774
10661 1 1 3 10 0 2 1 0 0  aaaa99986998a8866289aa849687a435793576a755774
10682 1 1 3 10 4 1 0 0 0  aaaa99985998a8844689aa849687a365793676a755772
10697 1 1 4 0 0 2 1 0 0  aaaa99977998a8866789aa889285a774596657a464533
10786 1 1 4 2 3 2 0 0 0  aaaa99954998a8853789aa889787a376297666a744565
10794 1 1 4 2 5 0 0 0 0  aaaa99965998a8863789aa889787a375597446a765642
10955 1 1 4 7 1 2 1 0 0  aaaa99957998a8854289aa889787a776696636a754534
10961 1 1 4 7 2 2 1 0 0  aaaa99957998a8854289aa889787a776696635a764534
10964 1 1 4 7 3 1 0 0 0  aaaa99957998a8855289aa889787a776696645a734643
10965 1 1 4 7 3 1 1 0 0  aaaa99957998a8855289aa889787a776696633a754644
10967 1 1 4 7 3 2 1 0 0  aaaa99957998a8854289aa889787a776696635a754634
10973 1 1 4 7 4 2 1 0 0  aaaa99957998a8854289aa889787a776694635a766534
10974 1 1 4 7 5 0 0 0 0  aaaa99967998a8864289aa889787a775494556a763653
10975 1 1 4 7 5 0 1 0 0  aaaa99967998a8865289aa889787a775495546a763643
10977 1 1 4 7 5 1 1 0 0  aaaa99967998a8864289aa889787a775595536a764634
10978 1 1 4 7 5 2 0 0 0  aaaa99967998a8865289aa889787a774495436a765635
10979 1 1 4 7 5 2 1 0 0  aaaa99967998a8865289aa889787a773495346a765645
11010 1 1 4 8 5 0 0 0 0  aaaa99965998a8864789aa889787a775495526a763643
11055 1 1 4 10 0 1 1 0 0  aaaa99966998a8836289aa889687a555795476a744773
11057 1 1 4 10 0 2 1 0 0  aaaa99966998a8836489aa889487a465792576a755773
11119 1 1 5 0 5 0 1 0 0  aaaa99977998a8855789aa879286a583694767a653644
11123 1 1 5 0 5 2 1 0 0  aaaa99977998a8835789aa879286a584695767a644653
11212 1 1 5 3 2 2 0 0 0  aaaa99954998a8853789aa839787a787692765a666445
11224 1 1 5 3 4 2 0 0 0  aaaa99954998a8853789aa839787a787696765a644625
11230 1 1 5 3 5 2 0 0 0  aaaa99954998a8853789aa839787a787692765a644665
11356 1 1 5 7 2 2 0 0 0  aaaa99954998a8844789aa879787a386793765a662565
11362 1 1 5 7 3 2 0 0 0  aaaa99954998a8853789aa879787a386796765a662445
11368 1 1 5 7 4 2 0 0 0  aaaa99954998a8853789aa879787a386792765a666445
11372 1 1 5 7 5 1 0 0 0  aaaa99965998a8864789aa879787a385793746a565642
11392 1 1 5 8 2 2 0 0 0  aaaa99954998a8844789aa839787a786793765a662565
11398 1 1 5 8 3 2 0 0 0  aaaa99954998a8853789aa839787a786796765a662445
11404 1 1 5 8 4 2 0 0 0  aaaa99954998a8853789aa839787a786792765a666445
11408 1 1 5 8 5 1 0 0 0  aaaa99965998a8864789aa839787a785793746a565642
11428 1 1 5 9 2 2 0 0 0  aaaa99954998a8853689aa839786a687692765a777445
11438 1 1 5 9 4 1 0 0 0  aaaa99954998a8844689aa859786a387693765a777625
11440 1 1 5 9 4 2 0 0 0  aaaa99945998a8835689aa859786a587694763a777624
11458 1 1 5 10 1 2 0 0 0  aaaa99954998a8853689aa839687a686792675a744775
11536 1 1 6 1 2 2 0 0 0  aaaa99954998a8844789aa839887a776793765a662565
11542 1 1 6 1 3 2 0 0 0  aaaa99954998a8853789aa839887a776796765a662445
11548 1 1 6 1 4 2 0 0 0  aaaa99954998a8853789aa839887a776792765a666445
11552 1 1 6 1 5 1 0 0 0  aaaa99965998a8864789aa839887a775793746a565642
11617 1 1 6 3 4 0 1 0 0  aaaa99975998a8855289aa849886a477797637a666534
11623 1 1 6 3 5 0 1 0 0  aaaa99975998a8855289aa849886a477797367a653664
11692 1 1 6 5 4 2 0 0 0  aaaa99957998a8854789aa839887a726796675a663445
11709 1 1 6 6 1 1 1 0 0  aaaa99956998a8855289aa849887a477797666a356734
11719 1 1 6 6 3 0 1 0 0  aaaa99965998a8855289aa849887a477797666a356734
11725 1 1 6 6 4 0 1 0 0  aaaa99965998a8855289aa849887a477797635a666734
11745 1 1 6 7 1 1 1 0 0  aaaa99956998a8855389aa849887a377794627a667564
11747 1 1 6 7 1 2 1 0 0  aaaa99956998a8854389aa849887a377794627a667565
11755 1 1 6 7 3 0 1 0 0  aaaa99965998a8855389aa849887a377794627a667564
11759 1 1 6 7 3 2 1 0 0  aaaa99965998a8845389aa859887a377795627a667464
11761 1 1 6 7 4 0 1 0 0  aaaa99965998a8855389aa849887a377794267a657664
11765 1 1 6 7 4 2 1 0 0  aaaa99965998a8845389aa859887a377795267a647664
11767 1 1 6 7 5 0 1 0 0  aaaa99965998a8864389aa849887a377794557a267656
11769 1 1 6 7 5 1 1 0 0  aaaa99965998a8864389aa849887a377794257a567656
11770 1 1 6 7 5 2 0 0 0  aaaa99965998a8865289aa859887a577794347a367646
11771 1 1 6 7 5 2 1 0 0  aaaa99965998a8865389aa859887a377795247a467646
11781 1 1 6 8 1 1 1 0 0  aaaa99956998a8855389aa849887a377797627a664564
11783 1 1 6 8 1 2 1 0 0  aaaa99956998a8854389aa849887a377797627a664565
11791 1 1 6 8 3 0 1 0 0  aaaa99965998a8855289aa849887a477797667a366534
11797 1 1 6 8 4 0 1 0 0  aaaa99965998a8855289aa849887a477797637a666534
11815 1 1 6 9 1 0 1 0 0  aaaa99965998a8855289aa849887a467696736a777534
11825 1 1 6 9 2 2 1 0 0  aaaa99956998a8856289aa849887a467696735a777534
11833 1 1 6 9 4 0 1 0 0  aaaa99965998a8855289aa849887a437693765a777664
11851 1 1 6 10 1 0 1 0 0  aaaa99965998a8855289aa849887a466796376a753774
11861 1 1 6 10 2 2 1 0 0  aaaa99956998a8856289aa849887a466796375a753774
11869 1 1 6 10 4 0 1 0 0  aaaa99965998a8855289aa849887a436793675a766774
11930 1 1 7 1 2 1 0 0 0  aaaa99954998a8883889aa449877a777693657a662565
11932 1 1 7 1 2 2 0 0 0  aaaa99945998a8885889aa359877a777695647a662463
12014 1 1 7 3 4 1 0 0 0  aaaa99974998a8883889aa449865a677797657a663525
12182 1 1 7 8 2 1 0 0 0  aaaa99954998a8883889aa449876a377797657a662565
12184 1 1 7 8 2 2 0 0 0  aaaa99945998a8885889aa359876a577797647a662463
12212 1 1 7 9 1 1 0 0 0  aaaa99964998a8883889aa449875a767696756a773525
12230 1 1 7 9 4 1 0 0 0  aaaa99954998a8883889aa449876a757696765a773625
12232 1 1 7 9 4 2 0 0 0  aaaa99945998a8885889aa359876a747696764a775623
12307 1 1 8 0 5 0 1 0 0  aaaa99977998a8855789aa879286a573694867a653644
12311 1 1 8 0 5 2 1 0 0  aaaa99977998a8835789aa879286a574695867a644653
12400 1 1 8 3 2 2 0 0 0  aaaa99954998a8853789aa839787a777692865a666445
12412 1 1 8 3 4 2 0 0 0  aaaa99954998a8853789aa839787a777696865a644625
12418 1 1 8 3 5 2 0 0 0  aaaa99954998a8853789aa839787a777692865a644665
12544 1 1 8 7 2 2 0 0 0  aaaa99954998a8853789aa879787a376696865a744625
12550 1 1 8 7 3 2 0 0 0  aaaa99954998a8853789aa879787a376696865a762445
12556 1 1 8 7 4 2 0 0 0  aaaa99954998a8853789aa879787a376692865a744665
12558 1 1 8 7 5 0 0 0 0  aaaa99965998a8864789aa879787a374595856a764632
12560 1 1 8 7 5 1 0 0 0  aaaa99965998a8864789aa879787a375595846a763642
12580 1 1 8 8 2 2 0 0 0  aaaa99954998a8853789aa839787a776696865a744625
12586 1 1 8 8 3 2 0 0 0  aaaa99954998a8853789aa839787a776696865a762445
12592 1 1 8 8 4 2 0 0 0  aaaa99954998a8853789aa839787a776692865a744665
12594 1 1 8 8 5 0 0 0 0  aaaa99965998a8864789aa839787a774595856a764632
12596 1 1 8 8 5 1 0 0 0  aaaa99965998a8864789aa839787a775595846a763642
12614 1 1 8 9 2 1 0 0 0  aaaa99954998a8853789aa859687a366796876a744725
12616 1 1 8 9 2 2 0 0 0  aaaa99945998a8835789aa859687a566796876a744723
12620 1 1 8 9 3 1 0 0 0  aaaa99954998a8844789aa859687a366796875a763725
12622 1 1 8 9 3 2 0 0 0  aaaa99945998a8835789aa859687a566796873a764724
12626 1 1 8 9 4 1 0 0 0  aaaa99966998a8865789aa849487a455795876a763732
12632 1 1 8 9 5 1 0 0 0  aaaa99965998a8864789aa839487a455795876a763726
12637 1 1 8 10 0 0 1 0 0  aaaa99966998a8856289aa849687a455794876a753773
12646 1 1 8 10 1 2 0 0 0  aaaa99954998a8853689aa839687a666792875a744775
12665 1 1 8 10 4 2 1 0 0  aaaa99966998a8865389aa859387a544794876a765772
12796 1 1 9 3 2 2 0 0 0  aaaa99954998a8844789aa839787a777693685a662565
12802 1 1 9 3 3 2 0 0 0  aaaa99954998a8853789aa839787a777692686a656445
12808 1 1 9 3 4 2 0 0 0  aaaa99954998a8853789aa839787a777692685a666445
12812 1 1 9 3 5 1 0 0 0  aaaa99965998a8864789aa839787a777494586a565632
12834 1 1 9 4 3 0 0 0 0  aaaa99957998a8847789aa879787a466693586a526534
12934 1 1 9 7 1 2 0 0 0  aaaa99954998a8853789aa879787a376696686a752445
12940 1 1 9 7 2 2 0 0 0  aaaa99954998a8853789aa879787a376696685a762445
12946 1 1 9 7 3 2 0 0 0  aaaa99954998a8853789aa879787a376696685a744625
12952 1 1 9 7 4 2 0 0 0  aaaa99954998a8853789aa879787a376692685a766445
12954 1 1 9 7 5 0 0 0 0  aaaa99965998a8864789aa879787a375495586a763642
12956 1 1 9 7 5 1 0 0 0  aaaa99965998a8864789aa879787a375595486a764632
12970 1 1 9 8 1 2 0 0 0  aaaa99954998a8853789aa839787a776696686a752445
12976 1 1 9 8 2 2 0 0 0  aaaa99954998a8853789aa839787a776696685a762445
12982 1 1 9 8 3 2 0 0 0  aaaa99954998a8853789aa839787a776696685a744625
12988 1 1 9 8 4 2 0 0 0  aaaa99954998a8853789aa839787a776692685a766445
12990 1 1 9 8 5 0 0 0 0  aaaa99965998a8864789aa839787a775495586a763642
12992 1 1 9 8 5 1 0 0 0  aaaa99965998a8864789aa839787a775595486a764632
13006 1 1 9 9 1 2 0 0 0  aaaa99954998a8853689aa839786a667692785a777445
13140 1 1 10 2 0 0 0 0 0  aaaa99975998a8884789aa789787a376693656a545264
13232 1 1 10 4 3 1 0 0 0  aaaa99975998a8884789aa789787a366693256a576454
13234 1 1 10 4 3 2 0 0 0  aaaa99975998a8885789aa789787a566695446a376432
13242 1 1 10 4 5 0 0 0 0  aaaa99975998a8884789aa789787a254695563a674663
13350 1 1 10 7 5 0 0 0 0  aaaa99965998a8884789aa789787a375495526a763646
13469 1 1 11 0 0 2 1 0 0  aaaa99977998a8888889aa669275a774596657a464533
13616 1 1 11 4 1 1 0 0 0  aaaa99974998a8888889aa739777a366596567a545624
13622 1 1 11 4 2 1 0 0 0  aaaa99975998a8888889aa749777a366693257a566454
13624 1 1 11 4 2 2 0 0 0  aaaa99975998a8888889aa759777a566695447a366432
13746 1 1 11 7 5 0 0 0 0  aaaa99965998a8888889aa639777a375495526a474676
13940 1 1 12 2 1 1 0 0 0  aaaa99956998a8884889aa489777a372597666a576534
13942 1 1 12 2 1 2 0 0 0  aaaa99956998a8883889aa589777a374497666a276545
14012 1 1 12 4 1 1 0 0 0  aaaa99974998a8883889aa789777a366596567a545624
14018 1 1 12 4 2 1 0 0 0  aaaa99975998a8884889aa789777a366693257a566454
14020 1 1 12 4 2 2 0 0 0  aaaa99975998a8885889aa789777a566695447a366432
14142 1 1 12 7 5 0 0 0 0  aaaa99965998a8883889aa689777a375495526a474676
14261 1 1 13 0 0 2 1 0 0  aaaa99977998a8886889aa669267a783594757a563544
14318 1 1 13 1 4 1 0 0 0  aaaa99977998a8884889aa449777a386596657a663525
14332 1 1 13 2 0 2 0 0 0  aaaa99976998a8884889aa669777a387593657a562454
14336 1 1 13 2 1 1 0 0 0  aaaa99975998a8884889aa449777a387693667a566552
14340 1 1 13 2 2 0 0 0 0  aaaa99975998a8884889aa449777a387693657a662565
14342 1 1 13 2 2 1 0 0 0  aaaa99975998a8885889aa559777a387693647a662464
14348 1 1 13 2 3 1 0 0 0  aaaa99975998a8884889aa639777a387592667a566454
14350 1 1 13 2 3 2 0 0 0  aaaa99975998a8885889aa659777a587494667a466332
14354 1 1 13 2 4 1 0 0 0  aaaa99975998a8884889aa449777a387693657a666552
14360 1 1 13 2 5 1 0 0 0  aaaa99975998a8884889aa449777a387693567a655662
14390 1 1 13 3 4 1 0 0 0  aaaa99974998a8883889aa449777a786596657a663525
14400 1 1 13 4 0 0 0 0 0  aaaa99976998a8885889aa749777a386693567a546254
14402 1 1 13 4 0 1 0 0 0  aaaa99975998a8884889aa739777a386692567a565446
14408 1 1 13 4 1 1 0 0 0  aaaa99976998a8884889aa739777a386596657a644525
14414 1 1 13 4 2 1 0 0 0  aaaa99975998a8884889aa739777a386696657a562454
14416 1 1 13 4 2 2 0 0 0  aaaa99975998a8885889aa759777a586696647a464332
14418 1 1 13 4 3 0 0 0 0  aaaa99975998a8884889aa739777a386696657a545624
14420 1 1 13 4 3 1 0 0 0  aaaa99975998a8884889aa739777a386696647a555642
14426 1 1 13 4 4 1 0 0 0  aaaa99975998a8884889aa739777a386596657a662454
14428 1 1 13 4 4 2 0 0 0  aaaa99975998a8885889aa759777a586496637a662434
14432 1 1 13 4 5 1 0 0 0  aaaa99975998a8884889aa739777a386592657a666454
14434 1 1 13 4 5 2 0 0 0  aaaa99975998a8885889aa759777a586494647a666332
14450 1 1 13 5 2 1 0 0 0  aaaa99954998a8885889aa539776a787693677a662445
14452 1 1 13 5 2 2 0 0 0  aaaa99945998a8885889aa359776a787695677a662443
14456 1 1 13 5 3 1 0 0 0  aaaa99965998a8884889aa449776a787593677a663552
14516 1 1 13 7 1 1 0 0 0  aaaa99954998a8883889aa449777a387692667a566575
14518 1 1 13 7 1 2 0 0 0  aaaa99945998a8885889aa359777a587692667a466473
14522 1 1 13 7 2 1 0 0 0  aaaa99954998a8885889aa449777a387693627a656675
14524 1 1 13 7 2 2 0 0 0  aaaa99945998a8885889aa359777a587694627a636674
14534 1 1 13 7 4 1 0 0 0  aaaa99954998a8883889aa449777a387692657a666575
14536 1 1 13 7 4 2 0 0 0  aaaa99945998a8885889aa359777a587692647a666473
14540 1 1 13 7 5 1 0 0 0  aaaa99965998a8883889aa639777a287494547a565676
14558 1 1 13 8 2 1 0 0 0  aaaa99954998a8883889aa449777a787693657a662565
14560 1 1 13 8 2 2 0 0 0  aaaa99945998a8885889aa359777a787695647a662463
14594 1 1 13 9 2 1 0 0 0  aaaa99954998a8883889aa449675a787693766a772565
14596 1 1 13 9 2 2 0 0 0  aaaa99945998a8885889aa359674a787695766a772463
14600 1 1 13 9 3 1 0 0 0  aaaa99965998a8884889aa449675a787693766a773552
14606 1 1 13 9 4 1 0 0 0  aaaa99954998a8883889aa449676a787693755a772665
14608 1 1 13 9 4 2 0 0 0  aaaa99945998a8885889aa359676a787695744a772663
14612 1 1 13 9 5 1 0 0 0  aaaa99954998a8883889aa449576a787693765a772665
14614 1 1 13 9 5 2 0 0 0  aaaa99945998a8885889aa359476a787695764a772663
14642 1 1 13 10 4 1 0 0 0  aaaa99954998a8883889aa449576a687693765a777625
14644 1 1 13 10 4 2 0 0 0  aaaa99945998a8885889aa359476a687695764a777623
14662 1 1 14 0 1 2 0 0 0  aaaa99977998a8883789aa739666a287598456a547456
14664 1 1 14 0 2 0 0 0 0  aaaa99977998a8885789aa739664a687298566a547453
14760 1 1 14 3 0 0 0 0 0  aaaa99975998a8884789aa739777a386698656a545264
14778 1 1 14 3 3 0 0 0 0  aaaa99975998a8884789aa739777a386598666a545264
14954 1 1 14 8 2 1 0 0 0  aaaa99954998a8885789aa579777a286398637a644665
14956 1 1 14 8 2 2 0 0 0  aaaa99945998a8885789aa279777a586398637a644665
15096 1 1 15 1 2 0 0 0 0  aaaa99965998a8864789aa779786a387693754a585624
15098 1 1 15 1 2 1 0 0 0  aaaa99965998a8864789aa779786a387693754a582654
15112 1 1 15 1 4 2 0 0 0  aaaa99954998a8853789aa779786a687693765a682445
15116 1 1 15 1 5 1 0 0 0  aaaa99954998a8844789aa779786a587693765a683625
15118 1 1 15 1 5 2 0 0 0  aaaa99945998a8835789aa779786a587695763a684624
15196 1 1 15 4 0 2 0 0 0  aaaa99966998a8836789aa779786a584495773a285645
15386 1 1 15 9 2 1 0 0 0  aaaa99954998a8853789aa449687a586793676a786725
15388 1 1 15 9 2 2 0 0 0  aaaa99945998a8835789aa359687a586794676a786724
15392 1 1 15 9 3 1 0 0 0  aaaa99954998a8853789aa449687a686795676a783725
15394 1 1 15 9 3 2 0 0 0  aaaa99945998a8835789aa359687a686795676a784724
15398 1 1 15 9 4 1 0 0 0  aaaa99966998a8865789aa649487a485793576a785732
15404 1 1 15 9 5 1 0 0 0  aaaa99965998a8864789aa639487a485793576a785726
15508 1 1 16 1 4 2 0 0 0  aaaa99954998a8853789aa779786a687693765a644825
15514 1 1 16 1 5 2 0 0 0  aaaa99954998a8853789aa779786a387692765a644865
15796 1 1 16 9 4 2 0 0 0  aaaa99954998a8853689aa449786a387692765a777865
15904 1 1 17 1 4 2 0 0 0  aaaa99954998a8883789aa779786a687693765a652445
15908 1 1 17 1 5 1 0 0 0  aaaa99954998a8885789aa779786a387693765a644625
15910 1 1 17 1 5 2 0 0 0  aaaa99945998a8885789aa779786a587695763a644623
15922 1 1 17 2 1 2 0 0 0  aaaa99974998a8883789aa779785a386696756a562454
15944 1 1 17 2 5 1 0 0 0  aaaa99975998a8884789aa779786a385693764a655624
15948 1 1 17 3 0 0 0 0 0  aaaa99975998a8884789aa739787a786693656a545264
16020 1 1 17 5 0 0 0 0 0  aaaa99975998a8884789aa779787a386693656a545264
16180 1 1 17 9 2 2 0 0 0  aaaa99964998a8883689aa669785a387592756a777454
16190 1 1 17 9 4 1 0 0 0  aaaa99954998a8885689aa449786a387693765a777625
16192 1 1 17 9 4 2 0 0 0  aaaa99945998a8885689aa359786a587694763a777624
16344 1 1 18 3 0 0 0 0 0  aaaa99975998a8888789aa749777a386693656a545264
16682 1 1 19 1 2 1 0 0 0  aaaa99954998a8885789aa779786a377693685a662445
16684 1 1 19 1 2 2 0 0 0  aaaa99945998a8885789aa779786a577695683a662443
16746 1 1 19 3 1 0 0 0 0  aaaa99975998a8883789aa739787a766692486a455546
16748 1 1 19 3 1 1 0 0 0  aaaa99974998a8883789aa739787a766692586a455546
16758 1 1 19 3 3 0 0 0 0  aaaa99975998a8884789aa739787a766693586a546254
16818 1 1 19 5 1 0 0 0 0  aaaa99975998a8883789aa779787a366692486a455546
16820 1 1 19 5 1 1 0 0 0  aaaa99974998a8883789aa779787a366692586a455546
16830 1 1 19 5 3 0 0 0 0  aaaa99975998a8884789aa779787a366693586a546254
17532 1 1 21 3 0 0 0 0 0  aaaa99975998a6684789aa739777a388898656a545264
18074 1 1 22 7 0 1 0 0 0  aaaa99975997a8774679aa639687a368592854a888654
18090 1 1 22 7 3 0 0 0 0  aaaa99975997a8774679aa669687a258495853a888643
18098 1 1 22 7 4 1 0 0 0  aaaa99975997a8774679aa449687a368593866a888552
18626 1 2 1 0 2 1 0 0 0  aaaa99988888a9774969aa839577a376692657a568454
18647 1 2 1 0 5 2 1 0 0  aaaa99988888a9775949aa859377a574694367a628665
18883 1 2 1 7 3 0 1 0 0  aaaa99988888a9777939aa879667a665593527a648454
19045 1 2 2 1 0 0 1 0 0  aaaa99966888a9777929aa869767a475594888a365534
19058 1 2 2 1 2 1 0 0 0  aaaa99945888a9777969aa849767a376693888a562554
19094 1 2 2 2 2 1 0 0 0  aaaa99975888a9777969aa849767a366593888a644552
19166 1 2 2 4 2 1 0 0 0  aaaa99945888a9777969aa849777a366593888a662554
19223 1 2 2 5 5 2 1 0 0  aaaa99975888a9777949aa859267a546794888a666353
19231 1 2 2 6 1 0 1 0 0  aaaa99955888a9666969aa859777a727694888a374534
19297 1 2 2 8 0 0 1 0 0  aaaa99966888a9664929aa869777a775594888a375534
19368 1 2 2 10 0 0 0 0 0  aaaa99966888a9746959aa859267a553794888a763774
19369 1 2 2 10 0 0 1 0 0  aaaa99966888a9726959aa859367a535794888a764774
19418 1 2 3 0 2 1 0 0 0  aaaa99988888a9775969aa849877a376693657a562454
19420 1 2 3 0 2 2 0 0 0  aaaa99988888a9775969aa859877a576695647a464332
19804 1 2 4 0 0 2 0 0 0  aaaa99986888a9774969aa869877a376593657a582454
19814 1 2 4 0 2 1 0 0 0  aaaa99985888a9774969aa839877a376692657a586454
19816 1 2 4 0 2 2 0 0 0  aaaa99985888a9775969aa859877a576692647a386434
19820 1 2 4 0 3 1 0 0 0  aaaa99985888a9774969aa869877a376693657a582454
19822 1 2 4 0 3 2 0 0 0  aaaa99985888a9775969aa869877a576695647a484332
19826 1 2 4 0 4 1 0 0 0  aaaa99985888a9774969aa839877a376696657a582454
19828 1 2 4 0 4 2 0 0 0  aaaa99985888a9775969aa859877a576696647a484332
19832 1 2 4 0 5 1 0 0 0  aaaa99985888a9774959aa839877a375695467a684662
19850 1 2 4 1 2 1 0 0 0  aaaa99985888a9777969aa849877a367693656a582454
19852 1 2 4 1 2 2 0 0 0  aaaa99985888a9777969aa859877a567695646a484332
20191 1 2 4 10 5 0 1 0 0  aaaa99986888a9746959aa869857a653796574a783724
20197 1 2 5 0 0 0 1 0 0  aaaa99985888a9774939aa889877a476693267a565546
20210 1 2 5 0 2 1 0 0 0  aaaa99985888a9774969aa889877a376693657a562454
20212 1 2 5 0 2 2 0 0 0  aaaa99985888a9775969aa889877a576695647a464332
20214 1 2 5 0 3 0 0 0 0  aaaa99985888a9774969aa889877a376693657a545624
20216 1 2 5 0 3 1 0 0 0  aaaa99985888a9774969aa889877a376693647a555642
20233 1 2 5 1 0 0 1 0 0  aaaa99984888a9777939aa889877a467693655a526645
20269 1 2 5 2 0 0 1 0 0  aaaa99985888a9777929aa889877a366595467a464563
20273 1 2 5 2 0 2 1 0 0  aaaa99985888a9777939aa889877a566395467a464265
20276 1 2 5 2 1 1 0 0 0  aaaa99984888a9777969aa889877a366494567a553652
20320 1 2 5 3 2 2 0 0 0  aaaa99984888a9573979aa889866a677793657a562454
20332 1 2 5 3 4 2 0 0 0  aaaa99984888a9573979aa889865a677793657a662454
20338 1 2 5 3 5 2 0 0 0  aaaa99984888a9573979aa889865a377792657a666454
20386 1 2 5 5 1 2 0 0 0  aaaa99984888a9777969aa889857a366793567a545624
20516 1 2 5 8 5 1 0 0 0  aaaa99985888a9644979aa889876a477793567a655632
20606 1 2 6 0 2 1 0 0 0  aaaa99985888a9774969aa839877a376692857a566454
20608 1 2 6 0 2 2 0 0 0  aaaa99985888a9775969aa859877a576692847a366434
20612 1 2 6 0 3 1 0 0 0  aaaa99985888a9774969aa869877a376693857a562454
20614 1 2 6 0 3 2 0 0 0  aaaa99985888a9775969aa869877a576695847a464332
20618 1 2 6 0 4 1 0 0 0  aaaa99985888a9774969aa839877a376696857a562454
20620 1 2 6 0 4 2 0 0 0  aaaa99985888a9775969aa859877a576696847a464332
20624 1 2 6 0 5 1 0 0 0  aaaa99985888a9774959aa839877a375695867a644662
20678 1 2 6 2 2 1 0 0 0  aaaa99985888a9777969aa849877a366593857a662454
20680 1 2 6 2 2 2 0 0 0  aaaa99985888a9777969aa859877a566495837a662434
20786 1 2 6 5 2 1 0 0 0  aaaa99985888a9777969aa849867a366793857a644552
20840 1 2 6 6 5 1 0 0 0  aaaa99985888a9644979aa849856a377697877a655632
20912 1 2 6 8 5 1 0 0 0  aaaa99985888a9644979aa879856a477793867a655632
20948 1 2 6 9 5 1 0 0 0  aaaa99985888a9644979aa849856a377797867a655632
20964 1 2 6 10 2 0 0 0 0  aaaa99985888a9755969aa849867a366793875a746724
20966 1 2 6 10 2 1 0 0 0  aaaa99985888a9755969aa859867a466793874a763724
20972 1 2 6 10 3 1 0 0 0  aaaa99985888a9744969aa869857a466793876a755732
20978 1 2 6 10 4 1 0 0 0  aaaa99985888a9744969aa849857a366796876a755732
21169 1 2 7 5 0 0 1 0 0  aaaa99988888a9866959aa869777a376593557a467442
21173 1 2 7 5 0 2 1 0 0  aaaa99988888a9866939aa869777a476593257a567544
21182 1 2 7 5 2 1 0 0 0  aaaa99988888a9844969aa849777a376693657a567525
21205 1 2 7 6 0 0 1 0 0  aaaa99988888a9866929aa869777a776595457a464335
21209 1 2 7 6 0 2 1 0 0  aaaa99988888a9866929aa869777a776594357a563544
21246 1 2 7 7 1 0 0 0 0  aaaa99988888a9856969aa869777a376693545a572474
21256 1 2 7 7 2 2 0 0 0  aaaa99988888a9835969aa859777a576695644a476372
21398 1 2 8 0 2 1 0 0 0  aaaa99985888a9774969aa839887a776693657a562454
21400 1 2 8 0 2 2 0 0 0  aaaa99985888a9775969aa859887a776695647a464332
21482 1 2 8 2 4 1 0 0 0  aaaa99984888a9777979aa839885a356796657a662454
21484 1 2 8 2 4 2 0 0 0  aaaa99985888a9777979aa859884a546796647a665332
21632 1 2 8 6 5 1 0 0 0  aaaa99985888a9644979aa849886a377697577a655632
21704 1 2 8 8 5 1 0 0 0  aaaa99985888a9644979aa879886a477793567a655632
21740 1 2 8 9 5 1 0 0 0  aaaa99985888a9644979aa849886a377797567a655632
21758 1 2 8 10 2 1 0 0 0  aaaa99985888a9744969aa849887a365796676a755732
21764 1 2 8 10 3 1 0 0 0  aaaa99985888a9744969aa869887a466793576a755732
21770 1 2 8 10 4 1 0 0 0  aaaa99985888a9744969aa849887a366796576a755732
21775 1 2 8 10 5 0 1 0 0  aaaa99986888a9746959aa869887a653796574a753724
21792 1 2 9 0 2 0 0 0 0  aaaa99985888a9774969aa839877a378696467a654552
21794 1 2 9 0 2 1 0 0 0  aaaa99985888a9774969aa839877a378696567a655442
21896 1 2 9 3 1 1 0 0 0  aaaa99985888a9664979aa839876a378797764a562554
21914 1 2 9 3 4 1 0 0 0  aaaa99985888a9664979aa839876a378797765a652445
21916 1 2 9 3 4 2 0 0 0  aaaa99985888a9665979aa859876a578797764a644332
21920 1 2 9 3 5 1 0 0 0  aaaa99985888a9654979aa839876a378797765a644625
21922 1 2 9 3 5 2 0 0 0  aaaa99985888a9645979aa859876a578797763a644623
21924 1 2 9 4 0 0 0 0 0  aaaa99985888a9777979aa849866a378793656a545264
22028 1 2 9 6 5 1 0 0 0  aaaa99985888a9644979aa849856a378797767a655632
22148 1 2 9 10 1 1 0 0 0  aaaa99985888a9754969aa839867a368796675a744725
22150 1 2 9 10 1 2 0 0 0  aaaa99985888a9745969aa859867a568796673a744723
22154 1 2 9 10 2 1 0 0 0  aaaa99985888a9744969aa849857a368796676a755732
22237 1 2 10 1 4 0 1 0 0  aaaa99985888a9855929aa849877a777694637a666534
22243 1 2 10 1 5 0 1 0 0  aaaa99985888a9855929aa849877a777694367a653664
22418 1 2 10 6 4 1 0 0 0  aaaa99984888a9844979aa839865a677597677a663525
22490 1 2 10 8 4 1 0 0 0  aaaa99984888a9844979aa879865a677793657a663525
22526 1 2 10 9 4 1 0 0 0  aaaa99984888a9844979aa839865a677797657a663525
22840 1 2 11 7 2 2 0 0 0  aaaa99958888a9883969aa589777a376692644a476575
22848 1 2 11 7 4 0 0 0 0  aaaa99958888a9883969aa689777a376696545a572474
23030 1 2 12 1 4 1 0 0 0  aaaa99984888a9844979aa879777a376596658a663525
23102 1 2 12 3 4 1 0 0 0  aaaa99984888a9844979aa839777a776596658a663525
23124 1 2 12 4 2 0 0 0 0  aaaa99985888a9855979aa849777a376297468a664563
23126 1 2 12 4 2 1 0 0 0  aaaa99985888a9855979aa859777a476397638a644662
23132 1 2 12 4 3 1 0 0 0  aaaa99985888a9864979aa839777a376697658a562454
23134 1 2 12 4 3 2 0 0 0  aaaa99985888a9865979aa859777a576697648a464332
23138 1 2 12 4 4 1 0 0 0  aaaa99984888a9844979aa839777a376697658a566525
23144 1 2 12 4 5 1 0 0 0  aaaa99984888a9844979aa839777a376597658a666525
23162 1 2 12 5 2 1 0 0 0  aaaa99984888a9844969aa839775a776693678a576525
23189 1 2 12 6 0 2 1 0 0  aaaa99986888a9866929aa859777a747695448a375635
23219 1 2 12 6 5 2 1 0 0  aaaa99985888a9835949aa859777a747694268a675663
23225 1 2 12 7 0 2 1 0 0  aaaa99986888a9866939aa849777a475693528a575674
23232 1 2 12 7 2 0 0 0 0  aaaa99985888a9844969aa849777a376693658a276575
23234 1 2 12 7 2 1 0 0 0  aaaa99984888a9844969aa839777a376692658a576575
23251 1 2 12 7 5 0 1 0 0  aaaa99986888a9846929aa869777a675596358a375474
23261 1 2 12 8 0 2 1 0 0  aaaa99986888a9866929aa849777a775694538a575634
23270 1 2 12 8 2 1 0 0 0  aaaa99984888a9844969aa839777a776693658a576525
23318 1 2 12 9 4 1 0 0 0  aaaa99984888a9844979aa839765a677797658a663525
23345 1 2 12 10 2 2 1 0 0  aaaa99985888a9835949aa859676a647694728a777653
23380 1 2 13 0 2 2 0 0 0  aaaa99984888a9877969aa889275a776693657a563454
23395 1 2 13 0 5 0 1 0 0  aaaa99983888a9877959aa889575a776593647a666442
23399 1 2 13 0 5 2 1 0 0  aaaa99984888a9877939aa889275a776593657a666544
23545 1 2 13 5 0 0 1 0 0  aaaa99986888a9866959aa889777a376593557a467442
23549 1 2 13 5 0 2 1 0 0  aaaa99986888a9866939aa889777a476593257a567544
23552 1 2 13 5 1 1 0 0 0  aaaa99985888a9864969aa889777a376693257a567454
23554 1 2 13 5 1 2 0 0 0  aaaa99985888a9865969aa889777a576695447a367432
23558 1 2 13 5 2 1 0 0 0  aaaa99984888a9844969aa889777a376693657a567525
23581 1 2 13 6 0 0 1 0 0  aaaa99986888a9866929aa889777a776595457a464335
23585 1 2 13 6 0 2 1 0 0  aaaa99986888a9866929aa889777a776594357a563544
23632 1 2 13 7 2 2 0 0 0  aaaa99985888a9835969aa889777a576695644a476372
23824 1 2 14 1 4 2 0 0 0  aaaa99954888a9853979aa779886a876693765a744625
24064 1 2 14 8 2 2 0 0 0  aaaa99954888a9844979aa579886a877793627a663565
24296 1 2 15 3 5 1 0 0 0  aaaa99975888a9644979aa889886a477793567a655632
24337 1 2 15 5 0 0 1 0 0  aaaa99974888a9777939aa889887a466793565a564265
24470 1 2 15 8 4 1 0 0 0  aaaa99954888a9663979aa889886a377792567a657445
24472 1 2 15 8 4 2 0 0 0  aaaa99945888a9665979aa889886a577795467a647332
24476 1 2 15 8 5 1 0 0 0  aaaa99954888a9644979aa889886a377793567a657625
24478 1 2 15 8 5 2 0 0 0  aaaa99945888a9635979aa889886a577795467a647623
24524 1 2 15 10 1 1 0 0 0  aaaa99965888a9744969aa889887a466793576a755732
24536 1 2 15 10 3 1 0 0 0  aaaa99954888a9744969aa889887a366793576a756725
24538 1 2 15 10 3 2 0 0 0  aaaa99945888a9735969aa889887a566795476a746723
24625 1 2 16 2 0 0 1 0 0  aaaa99974888a9777939aa889877a468693655a526645
24688 1 2 16 3 4 2 0 0 0  aaaa99954888a9663979aa889876a378797765a652445
24694 1 2 16 3 5 2 0 0 0  aaaa99954888a9653979aa889876a378797765a644625
24922 1 2 16 10 1 2 0 0 0  aaaa99954888a9753969aa889867a368796675a744725
25082 1 2 17 3 4 1 0 0 0  aaaa99974888a9844979aa889865a677793657a663525
25231 1 2 17 7 5 0 1 0 0  aaaa99967888a9864929aa889877a757594576a363654
25250 1 2 17 8 2 1 0 0 0  aaaa99954888a9844979aa889876a377793657a662565
25252 1 2 17 8 2 2 0 0 0  aaaa99945888a9835979aa889876a577795647a662463
25396 1 2 18 1 2 2 0 0 0  aaaa99954888a9883979aa779886a376696765a752445
25426 1 2 18 2 1 2 0 0 0  aaaa99974888a9883979aa779885a376696756a562454
25448 1 2 18 2 5 1 0 0 0  aaaa99975888a9884979aa779886a375693764a655624
25646 1 2 18 8 2 1 0 0 0  aaaa99944888a9884979aa579886a377793657a662565
25648 1 2 18 8 2 2 0 0 0  aaaa99945888a9885979aa379886a577795647a662463
25745 1 2 19 0 0 2 1 0 0  aaaa99977888a9866979aa879835a628594757a663544
25771 1 2 19 0 5 0 1 0 0  aaaa99977888a9855979aa879836a528694767a653644
25775 1 2 19 0 5 2 1 0 0  aaaa99977888a9835979aa879846a528695767a644653
25792 1 2 19 1 2 2 0 0 0  aaaa99954888a9853979aa839877a778692765a666445
25804 1 2 19 1 4 2 0 0 0  aaaa99954888a9853979aa839877a778696765a644625
25810 1 2 19 1 5 2 0 0 0  aaaa99954888a9853979aa839877a778692765a644665
25822 1 2 19 2 1 2 0 0 0  aaaa99954888a9853969aa839877a768796767a652445
25864 1 2 19 3 2 2 0 0 0  aaaa99954888a9853979aa839876a278797765a666445
25876 1 2 19 3 4 2 0 0 0  aaaa99954888a9853979aa839876a678797765a644625
25882 1 2 19 3 5 2 0 0 0  aaaa99954888a9853979aa839876a278797765a644665
25900 1 2 19 4 2 2 0 0 0  aaaa99954888a9853969aa839877a778696767a652445
25910 1 2 19 4 4 1 0 0 0  aaaa99954888a9853969aa859877a778693767a644625
25912 1 2 19 4 4 2 0 0 0  aaaa99945888a9835969aa859877a778695767a644623
25930 1 2 19 5 1 2 0 0 0  aaaa99954888a9853969aa839877a768796765a672445
26044 1 2 19 8 2 2 0 0 0  aaaa99954888a9844979aa839867a378797765a662565
26050 1 2 19 8 3 2 0 0 0  aaaa99954888a9853979aa839867a678797765a662445
26056 1 2 19 8 4 2 0 0 0  aaaa99954888a9853979aa839867a278797765a666445
26060 1 2 19 8 5 1 0 0 0  aaaa99965888a9864979aa839857a378797746a565642
26080 1 2 19 9 2 2 0 0 0  aaaa99954888a9853969aa839876a278696765a777445
26110 1 2 19 10 1 2 0 0 0  aaaa99954888a9853969aa839867a268796675a744775
26244 1 2 20 3 0 0 0 0 0  aaaa99975888a9884979aa789866a377793656a545264
26419 1 2 20 7 5 0 1 0 0  aaaa99967888a9884929aa689877a757594576a363654
26640 1 2 21 3 0 0 0 0 0  aaaa99975888a9888979aa749866a377793656a545264
27089 1 2 22 4 2 2 1 0 0  aaaa99975777a9835949aa759668a646894287a865883
27190 1 2 22 7 1 2 0 0 0  aaaa99954777a9853969aa739768a267896685a844885
27439 1 3 0 3 1 0 1 0 0  aaaa99988289a9786989aa487857a977575666a546433
27443 1 3 0 3 1 2 1 0 0  aaaa99988389a9783989aa487827a977576666a546554
27735 1 3 1 0 2 1 1 0 0  aaaa99977889a9855989aa547666a982674835a787634
27747 1 3 1 0 4 1 1 0 0  aaaa99977889a9855989aa547266a983673865a787644
27749 1 3 1 0 4 2 1 0 0  aaaa99977889a9854989aa547266a983673865a787645
27751 1 3 1 0 5 0 1 0 0  aaaa99977889a9843989aa437556a985672865a787664
27770 1 3 1 1 2 1 0 0 0  aaaa99974889a9863989aa637775a986766855a484752
27802 1 3 1 2 1 2 0 0 0  aaaa99954889a9853989aa447776a986766827a683575
27814 1 3 1 2 3 2 0 0 0  aaaa99965889a9845989aa357774a986766827a685473
27820 1 3 1 2 4 2 0 0 0  aaaa99954889a9853989aa537776a986744867a682675
27822 1 3 1 2 5 0 0 0 0  aaaa99965889a9864989aa637775a984764827a585673
27824 1 3 1 2 5 1 0 0 0  aaaa99964889a9863989aa637775a984764857a585672
27874 1 3 1 4 1 2 0 0 0  aaaa99954889a9853989aa447776a986766825a683775
27884 1 3 1 4 3 1 0 0 0  aaaa99964889a9853989aa447772a986766855a683775
27886 1 3 1 4 3 2 0 0 0  aaaa99965889a9835989aa357774a986766844a685772
27894 1 3 1 4 5 0 0 0 0  aaaa99965889a9864989aa637775a984764826a585773
27896 1 3 1 4 5 1 0 0 0  aaaa99964889a9863989aa637775a984764856a585772
27928 1 3 1 5 4 2 0 0 0  aaaa99954889a9853989aa447776a986757867a683625
28000 1 3 1 7 4 2 0 0 0  aaaa99954889a9853989aa537776a986744867a687625
28110 1 3 1 10 5 0 0 0 0  aaaa99965889a9864989aa635547a982765876a784773
28116 1 3 2 0 0 0 0 0 0  aaaa99977889a9866989aa367465a982575848a767345
28117 1 3 2 0 0 0 1 0 0  aaaa99977889a9866989aa367565a985572848a767443
28121 1 3 2 0 0 2 1 0 0  aaaa99977889a9866989aa467265a983573858a767454
28143 1 3 2 0 4 1 1 0 0  aaaa99977889a9855989aa547266a983673868a757644
28145 1 3 2 0 4 2 1 0 0  aaaa99977889a9854989aa547266a983673868a757645
28270 1 3 2 4 1 2 0 0 0  aaaa99954889a9853989aa537776a986766828a644775
28280 1 3 2 4 3 1 0 0 0  aaaa99965889a9854989aa527773a986766838a644775
28282 1 3 2 4 3 2 0 0 0  aaaa99965889a9845989aa257773a986766838a644775
28288 1 3 2 4 4 2 0 0 0  aaaa99954889a9853989aa537776a986744828a666775
28290 1 3 2 4 5 0 0 0 0  aaaa99965889a9864989aa637775a984764828a565773
28292 1 3 2 4 5 1 0 0 0  aaaa99964889a9863989aa637775a984764858a565772
28312 1 3 2 5 2 2 0 0 0  aaaa99954889a9853989aa447776a986277878a663565
28348 1 3 2 6 2 2 0 0 0  aaaa99954889a9853989aa447777a986277868a663565
28396 1 3 2 7 4 2 0 0 0  aaaa99954889a9853989aa447776a982676878a657635
28432 1 3 2 8 4 2 0 0 0  aaaa99954889a9853989aa447777a982676868a657635
28456 1 3 2 9 2 2 0 0 0  aaaa99954889a9853989aa447762a987777868a663565
28506 1 3 2 10 5 0 0 0 0  aaaa99965889a9864989aa635547a982765878a764773
28513 1 3 3 0 0 0 1 0 0  aaaa99977889a9866989aa367825a968575746a487345
28524 1 3 3 0 2 0 0 0 0  aaaa99977889a9855989aa547826a968676734a687354
28525 1 3 3 0 2 0 1 0 0  aaaa99977889a9855989aa357826a968676745a687443
28529 1 3 3 0 2 2 1 0 0  aaaa99977889a9854989aa547826a968676735a687534
28539 1 3 3 0 4 1 1 0 0  aaaa99977889a9855989aa547866a928674765a387634
28545 1 3 3 0 5 1 1 0 0  aaaa99977889a9855989aa547826a938673765a687644
28547 1 3 3 0 5 2 1 0 0  aaaa99977889a9854989aa547826a938673765a687645
28600 1 3 3 2 2 2 0 0 0  aaaa99954889a9853989aa537877a978666267a687445
28608 1 3 3 2 4 0 0 0 0  aaaa99955889a9853989aa447877a978646267a687653
28612 1 3 3 2 4 2 0 0 0  aaaa99954889a9853989aa447877a978656267a687635
28618 1 3 3 2 5 2 0 0 0  aaaa99954889a9853989aa537877a978644267a687665
28630 1 3 3 3 1 2 0 0 0  aaaa99956889a9854989aa447873a978772666a387565
28636 1 3 3 3 2 2 0 0 0  aaaa99954889a9853989aa447876a978773666a287565
28644 1 3 3 3 4 0 0 0 0  aaaa99955889a9853989aa447876a978775266a687463
28648 1 3 3 3 4 2 0 0 0  aaaa99954889a9853989aa447876a978773266a687565
28654 1 3 3 3 5 2 0 0 0  aaaa99954889a9853989aa447876a978773265a687665
28708 1 3 3 5 2 2 0 0 0  aaaa99954889a9853989aa447877a978673666a287565
28720 1 3 3 5 4 2 0 0 0  aaaa99954889a9853989aa447877a978676265a687635
28726 1 3 3 5 5 2 0 0 0  aaaa99954889a9853989aa447877a978673265a687665
28780 1 3 3 7 2 2 0 0 0  aaaa99954889a9853989aa447877a978666265a687735
28792 1 3 3 7 4 2 0 0 0  aaaa99954889a9853989aa447877a978663265a687765
28796 1 3 3 7 5 1 0 0 0  aaaa99965889a9864989aa637877a978464256a587753
28798 1 3 3 7 5 2 0 0 0  aaaa99965889a9865989aa657877a978465446a387732
28882 1 3 3 10 1 2 0 0 0  aaaa99954889a9853989aa446867a968763275a786775
28902 1 3 3 10 5 0 0 0 0  aaaa99965889a9863989aa635857a948765476a784772
28909 1 3 4 0 0 0 1 0 0  aaaa99977889a9866989aa367865a928487747a565345
28943 1 3 4 0 5 2 1 0 0  aaaa99977889a9854989aa547836a928687767a653645
28958 1 3 4 1 2 1 0 0 0  aaaa99974889a9853989aa447877a978683657a662565
28960 1 3 4 1 2 2 0 0 0  aaaa99975889a9845989aa357877a978685647a662463
28996 1 3 4 2 2 2 0 0 0  aaaa99954889a9853989aa447877a978683627a667565
29008 1 3 4 2 4 2 0 0 0  aaaa99954889a9853989aa447877a978686267a657635
29014 1 3 4 2 5 2 0 0 0  aaaa99954889a9853989aa447877a978683267a657665
29140 1 3 4 6 2 2 0 0 0  aaaa99954889a9853989aa447862a978787767a663565
29182 1 3 4 7 3 2 0 0 0  aaaa99954889a9853989aa447877a978683666a276575
29192 1 3 4 7 5 1 0 0 0  aaaa99965889a9863989aa637877a978484546a575672
29212 1 3 4 8 2 2 0 0 0  aaaa99954889a9853989aa447876a978787627a663565
29260 1 3 4 9 4 2 0 0 0  aaaa99954889a9853989aa447876a928686765a777635
29298 1 3 4 10 5 0 0 0 0  aaaa99965889a9863989aa635857a948785476a764772
29321 1 3 5 0 2 2 1 0 0  aaaa99977889a9854989aa847826a968676735a657534
29331 1 3 5 0 4 1 1 0 0  aaaa99977889a9855989aa847866a928674765a357634
29337 1 3 5 0 5 1 1 0 0  aaaa99977889a9855989aa847826a938673765a657644
29339 1 3 5 0 5 2 1 0 0  aaaa99977889a9854989aa847826a938673765a657645
29392 1 3 5 2 2 2 0 0 0  aaaa99954889a9853989aa837877a978666267a657445
29404 1 3 5 2 4 2 0 0 0  aaaa99954889a9844989aa837877a978656267a657635
29410 1 3 5 2 5 2 0 0 0  aaaa99954889a9853989aa837877a978644267a657665
29422 1 3 5 3 1 2 0 0 0  aaaa99956889a9853989aa837874a978772666a447565
29428 1 3 5 3 2 2 0 0 0  aaaa99954889a9844989aa837876a978773666a257565
29440 1 3 5 3 4 2 0 0 0  aaaa99954889a9844989aa837876a978773266a657565
29446 1 3 5 3 5 2 0 0 0  aaaa99954889a9844989aa837876a978773265a657665
29448 1 3 5 4 0 0 0 0 0  aaaa99975889a9873989aa837877a968672655a446654
29500 1 3 5 5 2 2 0 0 0  aaaa99954889a9844989aa837877a978673666a257565
29512 1 3 5 5 4 2 0 0 0  aaaa99954889a9844989aa837877a978676265a657635
29518 1 3 5 5 5 2 0 0 0  aaaa99954889a9844989aa837877a978673265a657665
29556 1 3 5 7 0 0 0 0 0  aaaa99966889a9856989aa837877a978663545a572474
29588 1 3 5 7 5 1 0 0 0  aaaa99965889a9863989aa837877a978464546a575672
29608 1 3 5 8 2 2 0 0 0  aaaa99954889a9844989aa837876a978757627a663565
29674 1 3 5 10 1 2 0 0 0  aaaa99954889a9844989aa836867a968763275a756775
29694 1 3 5 10 5 0 0 0 0  aaaa99965889a9863989aa835857a948765476a764772
29713 1 3 6 0 2 0 1 0 0  aaaa99977889a9855989aa357826a968676748a657443
29717 1 3 6 0 2 2 1 0 0  aaaa99977889a9854989aa547826a968676738a657534
29727 1 3 6 0 4 1 1 0 0  aaaa99977889a9855989aa547866a928674768a357634
29733 1 3 6 0 5 1 1 0 0  aaaa99977889a9855989aa547826a938673768a657644
29735 1 3 6 0 5 2 1 0 0  aaaa99977889a9854989aa547826a938673768a657645
29798 1 3 6 2 4 1 0 0 0  aaaa99975889a9854989aa537877a928676768a644635
29800 1 3 6 2 4 2 0 0 0  aaaa99975889a9845989aa357877a928676768a635644
29818 1 3 6 3 1 2 0 0 0  aaaa99956889a9854989aa447873a978772638a667565
29824 1 3 6 3 2 2 0 0 0  aaaa99954889a9853989aa447876a978773628a667565
29836 1 3 6 3 4 2 0 0 0  aaaa99954889a9853989aa447876a978773668a257665
29842 1 3 6 3 5 2 0 0 0  aaaa99954889a9853989aa447876a978773268a657665
29896 1 3 6 5 2 2 0 0 0  aaaa99954889a9853989aa447877a978673628a667565
29908 1 3 6 5 4 2 0 0 0  aaaa99954889a9853989aa447877a978676268a657635
29914 1 3 6 5 5 2 0 0 0  aaaa99954889a9853989aa447877a978673268a657665
29932 1 3 6 6 2 2 0 0 0  aaaa99954889a9853989aa447877a978677628a663565
29984 1 3 6 7 5 1 0 0 0  aaaa99965889a9863989aa637877a978464548a575672
29998 1 3 6 8 1 2 0 0 0  aaaa99956889a9854989aa447873a978377678a662565
30004 1 3 6 8 2 2 0 0 0  aaaa99954889a9853989aa537876a978677678a662445
30040 1 3 6 9 2 2 0 0 0  aaaa99954889a9853989aa447876a978777628a663565
30070 1 3 6 10 1 2 0 0 0  aaaa99954889a9853989aa446867a968763278a756775
30074 1 3 6 10 2 1 0 0 0  aaaa99964889a9863989aa446857a968763578a752775
30090 1 3 6 10 5 0 0 0 0  aaaa99965889a9863989aa635857a948765478a764772
30123 1 3 7 0 4 1 1 0 0  aaaa99977889a9884989aa557266a983673865a757644
30125 1 3 7 0 4 2 1 0 0  aaaa99977889a9884989aa547266a983673865a757645
30150 1 3 7 1 3 0 0 0 0  aaaa99974889a9883989aa637775a986766855a644725
30178 1 3 7 2 1 2 0 0 0  aaaa99954889a9883989aa537776a986766827a644575
30180 1 3 7 2 2 0 0 0 0  aaaa99965889a9883989aa637775a986766847a545472
30190 1 3 7 2 3 2 0 0 0  aaaa99965889a9885989aa457774a986766827a635473
30196 1 3 7 2 4 2 0 0 0  aaaa99954889a9883989aa537776a986744827a666575
30198 1 3 7 2 5 0 0 0 0  aaaa99965889a9884989aa637775a984764827a565673
30200 1 3 7 2 5 1 0 0 0  aaaa99964889a9883989aa637775a984764857a565672
30250 1 3 7 4 1 2 0 0 0  aaaa99954889a9883989aa537776a986766825a644775
30260 1 3 7 4 3 1 0 0 0  aaaa99964889a9883989aa537772a986766855a644775
30262 1 3 7 4 3 2 0 0 0  aaaa99965889a9885989aa357774a986766844a635772
30268 1 3 7 4 4 2 0 0 0  aaaa99954889a9883989aa537776a986744825a666775
30270 1 3 7 4 5 0 0 0 0  aaaa99965889a9884989aa637775a984764826a565773
30272 1 3 7 4 5 1 0 0 0  aaaa99964889a9883989aa637775a984764856a565772
30292 1 3 7 5 2 2 0 0 0  aaaa99954889a9883989aa537776a986757867a662445
30328 1 3 7 6 2 2 0 0 0  aaaa99954889a9883989aa447777a986277865a663565
30376 1 3 7 7 4 2 0 0 0  aaaa99954889a9883989aa537776a986744867a657625
30436 1 3 7 9 2 2 0 0 0  aaaa99954889a9883989aa447762a987777865a663565
30486 1 3 7 10 5 0 0 0 0  aaaa99965889a9884989aa635547a982765876a764773
30493 1 3 8 0 0 0 1 0 0  aaaa99977889a9866989aa367885a926487747a565345
30574 1 3 8 2 1 2 0 0 0  aaaa99954889a9853989aa447887a977683667a266575
30576 1 3 8 2 2 0 0 0 0  aaaa99955889a9853989aa447887a977685627a646673
30580 1 3 8 2 2 2 0 0 0  aaaa99954889a9853989aa447887a977683627a656675
30592 1 3 8 2 4 2 0 0 0  aaaa99954889a9853989aa447887a977683627a666575
30596 1 3 8 2 5 1 0 0 0  aaaa99965889a9863989aa637887a977484547a565672
30658 1 3 8 4 3 2 0 0 0  aaaa99954889a9853989aa447887a977683666a256775
30664 1 3 8 4 4 2 0 0 0  aaaa99954889a9853989aa447887a977683625a666775
30668 1 3 8 4 5 1 0 0 0  aaaa99965889a9863989aa637887a977484546a565772
30688 1 3 8 5 2 2 0 0 0  aaaa99954889a9853989aa447887a976287767a663565
30718 1 3 8 6 1 2 0 0 0  aaaa99956889a9854989aa447883a977387677a662565
30724 1 3 8 6 2 2 0 0 0  aaaa99954889a9853989aa537886a977687677a662445
30760 1 3 8 7 2 2 0 0 0  aaaa99954889a9853989aa447887a977683627a667565
30772 1 3 8 7 4 2 0 0 0  aaaa99954889a9853989aa447887a977686267a657635
30778 1 3 8 7 5 2 0 0 0  aaaa99954889a9853989aa447887a977683267a657665
30796 1 3 8 8 2 2 0 0 0  aaaa99954889a9853989aa447887a977687627a663565
30832 1 3 8 9 2 2 0 0 0  aaaa99954889a9853989aa447886a977787627a663565
30874 1 3 8 10 3 2 0 0 0  aaaa99954889a9853989aa446887a966783276a756775
30954 1 3 9 1 5 0 0 0 0  aaaa99975889a9864989aa637877a975485527a863646
30988 1 3 9 2 4 2 0 0 0  aaaa99954889a9853989aa447877a976683267a857665
30990 1 3 9 2 5 0 0 0 0  aaaa99965889a9864989aa637877a975485527a867643
31007 1 3 9 3 1 2 1 0 0  aaaa99956889a9854989aa547827a977387666a856734
31018 1 3 9 3 3 2 0 0 0  aaaa99954889a9853989aa537867a977687666a844725
31026 1 3 9 3 5 0 0 0 0  aaaa99965889a9864989aa637827a977487556a865743
31090 1 3 9 5 3 2 0 0 0  aaaa99954889a9853989aa447877a976287666a873565
31098 1 3 9 5 5 0 0 0 0  aaaa99965889a9863989aa637877a975587446a875642
31114 1 3 9 6 1 2 0 0 0  aaaa99954889a9853989aa537866a977687677a862445
31118 1 3 9 6 2 1 0 0 0  aaaa99964889a9863989aa447865a977587677a863525
31134 1 3 9 6 5 0 0 0 0  aaaa99965889a9864989aa637855a977487277a865643
31150 1 3 9 7 1 2 0 0 0  aaaa99954889a9853989aa447877a976686626a873575
31162 1 3 9 7 3 2 0 0 0  aaaa99954889a9853989aa447877a976686625a873675
31164 1 3 9 7 4 0 0 0 0  aaaa99966889a9864989aa637877a975583256a875474
31170 1 3 9 7 5 0 0 0 0  aaaa99965889a9864989aa637877a974585256a874673
31172 1 3 9 7 5 1 0 0 0  aaaa99964889a9863989aa637877a975585456a874672
31186 1 3 9 8 1 2 0 0 0  aaaa99954889a9853989aa537867a977687667a862445
31190 1 3 9 8 2 1 0 0 0  aaaa99964889a9863989aa447867a977587657a863525
31206 1 3 9 8 5 0 0 0 0  aaaa99965889a9864989aa637827a977487557a865643
31222 1 3 9 9 1 2 0 0 0  aaaa99954889a9853989aa447866a977787627a863565
31226 1 3 9 9 2 1 0 0 0  aaaa99964889a9863989aa447865a977787657a863525
31242 1 3 9 9 5 0 0 0 0  aaaa99965889a9863989aa637855a977787447a865642
31248 1 3 9 10 0 0 0 0 0  aaaa99975889a9874989aa736864a965285567a876743
31255 1 3 9 10 1 0 1 0 0  aaaa99976889a9874989aa746866a955386257a875734
31258 1 3 9 10 1 2 0 0 0  aaaa99976889a9875989aa756866a934486437a875752
31260 1 3 9 10 2 0 0 0 0  aaaa99975889a9873989aa736866a965586447a875742
31266 1 3 9 10 3 0 0 0 0  aaaa99975889a9874989aa736866a965485527a876743
31272 1 3 9 10 4 0 0 0 0  aaaa99975889a9874989aa736826a966486557a875743
31278 1 3 9 10 5 0 0 0 0  aaaa99975889a9873989aa736855a966686447a875742
31301 1 3 10 0 2 2 1 0 0  aaaa99977889a9884989aa547826a968676735a657534
31311 1 3 10 0 4 1 1 0 0  aaaa99977889a9884989aa557866a928674765a357634
31317 1 3 10 0 5 1 1 0 0  aaaa99977889a9884989aa557826a938673765a657644
31319 1 3 10 0 5 2 1 0 0  aaaa99977889a9884989aa547826a938673765a657645
31372 1 3 10 2 2 2 0 0 0  aaaa99954889a9883989aa537877a978666267a657445
31384 1 3 10 2 4 2 0 0 0  aaaa99954889a9883989aa447877a978656267a657635
31390 1 3 10 2 5 2 0 0 0  aaaa99954889a9883989aa537877a978644267a657665
31402 1 3 10 3 1 2 0 0 0  aaaa99956889a9883989aa537874a978772666a447565
31408 1 3 10 3 2 2 0 0 0  aaaa99954889a9883989aa447876a978773666a257565
31420 1 3 10 3 4 2 0 0 0  aaaa99954889a9883989aa447876a978773266a657565
31426 1 3 10 3 5 2 0 0 0  aaaa99954889a9883989aa447876a978773265a657665
31428 1 3 10 4 0 0 0 0 0  aaaa99975889a9883989aa737877a968672655a446654
31480 1 3 10 5 2 2 0 0 0  aaaa99954889a9883989aa447877a978673666a257565
31492 1 3 10 5 4 2 0 0 0  aaaa99954889a9883989aa447877a978676265a657635
31498 1 3 10 5 5 2 0 0 0  aaaa99954889a9883989aa447877a978673265a657665
31568 1 3 10 7 5 1 0 0 0  aaaa99965889a9883989aa637877a978464546a575672
31588 1 3 10 8 2 2 0 0 0  aaaa99954889a9883989aa447876a978757627a663565
31654 1 3 10 10 1 2 0 0 0  aaaa99954889a9883989aa446867a968763275a756775
31674 1 3 10 10 5 0 0 0 0  aaaa99965889a9883989aa635857a948765476a764772
31768 1 3 11 2 2 2 0 0 0  aaaa99954889a9888989aa527773a986766637a644575
31780 1 3 11 2 4 2 0 0 0  aaaa99954889a9888989aa447773a986756637a662575
31786 1 3 11 2 5 2 0 0 0  aaaa99954889a9888989aa527773a986744637a666575
31840 1 3 11 4 2 2 0 0 0  aaaa99954889a9888989aa527773a986766635a644775
31852 1 3 11 4 4 2 0 0 0  aaaa99953889a9888989aa537774a986756644a662775
31858 1 3 11 4 5 2 0 0 0  aaaa99953889a9888989aa537774a986752644a666775
32103 1 3 12 0 4 1 1 0 0  aaaa99977889a9884989aa557266a988674765a357634
32108 1 3 12 0 5 1 0 0 0  aaaa99977889a9884989aa447526a988673765a657635
32110 1 3 12 0 5 2 0 0 0  aaaa99977889a9885989aa357446a988675764a637652
32158 1 3 12 2 1 2 0 0 0  aaaa99954889a9883989aa537776a988744667a266575
32164 1 3 12 2 2 2 0 0 0  aaaa99954889a9883989aa537776a988744627a656675
32170 1 3 12 2 3 2 0 0 0  aaaa99965889a9885989aa457774a988735667a266473
32176 1 3 12 2 4 2 0 0 0  aaaa99954889a9883989aa537776a988744627a666575
32178 1 3 12 2 5 0 0 0 0  aaaa99965889a9883989aa637775a988762447a565476
32180 1 3 12 2 5 1 0 0 0  aaaa99965889a9885989aa637774a988763447a565672
32230 1 3 12 4 1 2 0 0 0  aaaa99956889a9883989aa537774a988752666a446775
32242 1 3 12 4 3 2 0 0 0  aaaa99954889a9883989aa537776a988744666a256775
32248 1 3 12 4 4 2 0 0 0  aaaa99954889a9883989aa537776a988744625a666775
32250 1 3 12 4 5 0 0 0 0  aaaa99964889a9883989aa637775a988762556a454776
32252 1 3 12 4 5 1 0 0 0  aaaa99965889a9885989aa637774a988763446a565772
32272 1 3 12 5 2 2 0 0 0  aaaa99954889a9883989aa447776a988757627a663565
32338 1 3 12 7 1 2 0 0 0  aaaa99956889a9884989aa527773a988744637a667565
32344 1 3 12 7 2 2 0 0 0  aaaa99954889a9883989aa537776a988744627a667565
32356 1 3 12 7 4 2 0 0 0  aaaa99954889a9883989aa537776a988744667a257665
32362 1 3 12 7 5 2 0 0 0  aaaa99954889a9883989aa537776a988744267a657665
32380 1 3 12 8 2 2 0 0 0  aaaa99954889a9883989aa447777a988657627a663565
32416 1 3 12 9 2 2 0 0 0  aaaa99954889a9883989aa537276a988666765a777445
32428 1 3 12 9 4 2 0 0 0  aaaa99954889a9883989aa537676a988644725a777665
32434 1 3 12 9 5 2 0 0 0  aaaa99954889a9883989aa537276a988644765a777665
32464 1 3 12 10 4 2 0 0 0  aaaa99954889a9883989aa536267a988744675a766775
32508 1 3 13 1 0 0 0 0 0  aaaa99975889a9884989aa687775a986763664a525734
32560 1 3 13 2 2 2 0 0 0  aaaa99954889a9882989aa587773a986766637a644575
32572 1 3 13 2 4 2 0 0 0  aaaa99944889a9884989aa587773a986756637a662575
32578 1 3 13 2 5 2 0 0 0  aaaa99954889a9882989aa587773a986744637a666575
32632 1 3 13 4 2 2 0 0 0  aaaa99954889a9882989aa587773a986766635a644775
32644 1 3 13 4 4 2 0 0 0  aaaa99953889a9883989aa587774a986756644a662775
32650 1 3 13 4 5 2 0 0 0  aaaa99953889a9883989aa587774a986752644a666775
32920 1 3 14 1 2 2 0 0 0  aaaa99954889a9883979aa778886a976663765a752445
33172 1 3 14 8 2 2 0 0 0  aaaa99954889a9883979aa578886a977744627a663565
33364 1 3 15 2 4 2 0 0 0  aaaa99954889a9853989aa837887a977644627a666575
33368 1 3 15 2 5 1 0 0 0  aaaa99965889a9863989aa837887a977464547a565672
33394 1 3 15 3 3 2 0 0 0  aaaa99954889a9844989aa837887a977673666a256575
33400 1 3 15 3 4 2 0 0 0  aaaa99954889a9844989aa837887a977673625a666575
33404 1 3 15 3 5 1 0 0 0  aaaa99965889a9863989aa837887a977474546a565672
33436 1 3 15 4 4 2 0 0 0  aaaa99954889a9853989aa837887a977644625a666775
33440 1 3 15 4 5 1 0 0 0  aaaa99965889a9863989aa837887a977464546a565772
33490 1 3 15 6 1 2 0 0 0  aaaa99956889a9853989aa837884a977447677a662565
33496 1 3 15 6 2 2 0 0 0  aaaa99954889a9853989aa837886a977657677a662445
33532 1 3 15 7 2 2 0 0 0  aaaa99954889a9853989aa837887a977666267a657445
33544 1 3 15 7 4 2 0 0 0  aaaa99954889a9844989aa837887a977656267a657635
33550 1 3 15 7 5 2 0 0 0  aaaa99954889a9853989aa837887a977644267a657665
33568 1 3 15 8 2 2 0 0 0  aaaa99954889a9844989aa837887a977657627a663565
33716 1 3 16 1 3 1 0 0 0  aaaa99974889a9853989aa837877a976662657a844565
33718 1 3 16 1 3 2 0 0 0  aaaa99975889a9845989aa857877a976665637a844362
33726 1 3 16 1 5 0 0 0 0  aaaa99975889a9864989aa837877a975465527a863646
33754 1 3 16 2 3 2 0 0 0  aaaa99954889a9844989aa837877a976663627a857565
33762 1 3 16 2 5 0 0 0 0  aaaa99965889a9864989aa837877a975465527a867643
33779 1 3 16 3 1 2 1 0 0  aaaa99956889a9854989aa847827a977373666a856574
33790 1 3 16 3 3 2 0 0 0  aaaa99954889a9853989aa837867a977672666a844575
33810 1 3 16 4 1 0 0 0 0  aaaa99975889a9873989aa837877a966672556a845446
33817 1 3 16 4 2 0 1 0 0  aaaa99975889a9874989aa847877a966376266a855534
33868 1 3 16 5 4 2 0 0 0  aaaa99954889a9844989aa837877a976673265a857665
33870 1 3 16 5 5 0 0 0 0  aaaa99965889a9864989aa837877a975475526a867643
33898 1 3 16 6 3 2 0 0 0  aaaa99954889a9853989aa837877a976277666a844565
33906 1 3 16 6 5 0 0 0 0  aaaa99965889a9863989aa837877a975577446a865642
33922 1 3 16 7 1 2 0 0 0  aaaa99956889a9853989aa837877a976662445a876475
33928 1 3 16 7 2 2 0 0 0  aaaa99954889a9844989aa837877a976663625a876575
33934 1 3 16 7 3 2 0 0 0  aaaa99954889a9844989aa837877a976663265a876575
33940 1 3 16 7 4 2 0 0 0  aaaa99954889a9844989aa837877a976666625a873575
33942 1 3 16 7 5 0 0 0 0  aaaa99965889a9864989aa837877a974565256a874673
33944 1 3 16 7 5 1 0 0 0  aaaa99964889a9863989aa837877a975565456a874672
33958 1 3 16 8 1 2 0 0 0  aaaa99954889a9853989aa837867a977657667a862445
33978 1 3 16 8 5 0 0 0 0  aaaa99965889a9864989aa837827a977467557a865643
33995 1 3 16 9 1 2 1 0 0  aaaa99956889a9854989aa847827a977377666a856534
34006 1 3 16 9 3 2 0 0 0  aaaa99954889a9853989aa837867a977677666a852445
34014 1 3 16 9 5 0 0 0 0  aaaa99965889a9864989aa837827a977477556a865643
34042 1 3 16 10 3 2 0 0 0  aaaa99954889a9853989aa837862a977777666a844565
34050 1 3 16 10 5 0 0 0 0  aaaa99965889a9863989aa837855a977777446a865642
34136 1 3 17 2 1 1 0 0 0  aaaa99964889a9883989aa587877a976646257a567534
34138 1 3 17 2 1 2 0 0 0  aaaa99963889a9883989aa587877a976656447a267545
34150 1 3 17 2 3 2 0 0 0  aaaa99953889a9883989aa587877a976662647a447565
34318 1 3 17 7 1 2 0 0 0  aaaa99956889a9883989aa587877a976663445a276475
34324 1 3 17 7 2 2 0 0 0  aaaa99953889a9883989aa587877a976662644a476575
34330 1 3 17 7 3 2 0 0 0  aaaa99953889a9883989aa587877a976662465a476475
34338 1 3 17 7 5 0 0 0 0  aaaa99965889a9883989aa687877a975465526a474673
34756 1 3 18 8 2 2 0 0 0  aaaa99954889a9888979aa578863a977752637a644665
34904 1 3 19 1 3 1 0 0 0  aaaa99974889a9883989aa537877a976662657a844565
34906 1 3 19 1 3 2 0 0 0  aaaa99975889a9885989aa457877a976665637a844362
34914 1 3 19 1 5 0 0 0 0  aaaa99975889a9884989aa637877a975465527a863646
34942 1 3 19 2 3 2 0 0 0  aaaa99954889a9883989aa447877a976663627a857565
34950 1 3 19 2 5 0 0 0 0  aaaa99965889a9884989aa637877a975465527a867643
34967 1 3 19 3 1 2 1 0 0  aaaa99956889a9884989aa547827a977373666a856574
34978 1 3 19 3 3 2 0 0 0  aaaa99954889a9883989aa537867a977672666a844575
34998 1 3 19 4 1 0 0 0 0  aaaa99975889a9883989aa737877a966672556a845446
35005 1 3 19 4 2 0 1 0 0  aaaa99975889a9884989aa747877a966376266a855534
35056 1 3 19 5 4 2 0 0 0  aaaa99954889a9883989aa447877a976673265a857665
35058 1 3 19 5 5 0 0 0 0  aaaa99965889a9884989aa637877a975475526a867643
35086 1 3 19 6 3 2 0 0 0  aaaa99954889a9883989aa537877a976277666a844565
35094 1 3 19 6 5 0 0 0 0  aaaa99965889a9883989aa637877a975577446a865642
35110 1 3 19 7 1 2 0 0 0  aaaa99956889a9883989aa537877a976662445a876475
35116 1 3 19 7 2 2 0 0 0  aaaa99954889a9883989aa447877a976663625a876575
35122 1 3 19 7 3 2 0 0 0  aaaa99954889a9883989aa447877a976663265a876575
35128 1 3 19 7 4 2 0 0 0  aaaa99954889a9883989aa447877a976666625a873575
35130 1 3 19 7 5 0 0 0 0  aaaa99965889a9884989aa637877a974565256a874673
35132 1 3 19 7 5 1 0 0 0  aaaa99964889a9883989aa637877a975565456a874672
35146 1 3 19 8 1 2 0 0 0  aaaa99954889a9883989aa537867a977657667a862445
35166 1 3 19 8 5 0 0 0 0  aaaa99965889a9884989aa637827a977467557a865643
35183 1 3 19 9 1 2 1 0 0  aaaa99956889a9884989aa547827a977377666a856534
35194 1 3 19 9 3 2 0 0 0  aaaa99954889a9883989aa537867a977677666a852445
35202 1 3 19 9 5 0 0 0 0  aaaa99965889a9884989aa637827a977477556a865643
35230 1 3 19 10 3 2 0 0 0  aaaa99954889a9883989aa537862a977777666a844565
35238 1 3 19 10 5 0 0 0 0  aaaa99965889a9883989aa637855a977777446a865642
35338 1 3 20 2 3 2 0 0 0  aaaa99953889a9888989aa537877a976662647a447565
35506 1 3 20 7 1 2 0 0 0  aaaa99956889a9888989aa537877a976663445a276475
35512 1 3 20 7 2 2 0 0 0  aaaa99953889a9888989aa537877a976662644a476575
35518 1 3 20 7 3 2 0 0 0  aaaa99953889a9888989aa537877a976662465a476475
35526 1 3 20 7 5 0 0 0 0  aaaa99965889a9888989aa637877a975465526a474673
35668 1 3 21 0 4 2 0 0 0  aaaa99977879a9676989aa548336a988882765a657445
35672 1 3 21 0 5 1 0 0 0  aaaa99977879a9674989aa448526a988883765a657635
35674 1 3 21 0 5 2 0 0 0  aaaa99977879a9675989aa358446a988885764a637652
35686 1 3 21 1 1 2 0 0 0  aaaa99956879a9773989aa538764a988882744a667565
35692 1 3 21 1 2 2 0 0 0  aaaa99954879a9773989aa448762a988883765a667565
35704 1 3 21 1 4 2 0 0 0  aaaa99954879a9773989aa448766a988883765a257665
35710 1 3 21 1 5 2 0 0 0  aaaa99954879a9773989aa448726a988883765a657665
35722 1 3 21 2 1 2 0 0 0  aaaa99954879a9773989aa448766a988883765a266575
35724 1 3 21 2 2 0 0 0 0  aaaa99955879a9775989aa448762a988883765a646673
35728 1 3 21 2 2 2 0 0 0  aaaa99954879a9773989aa448762a988883765a656675
35734 1 3 21 2 3 2 0 0 0  aaaa99965879a9775989aa358766a988885744a466372
35740 1 3 21 2 4 2 0 0 0  aaaa99954879a9773989aa448762a988883765a666575
35742 1 3 21 2 5 0 0 0 0  aaaa99965879a9773989aa638744a988882756a565476
35744 1 3 21 2 5 1 0 0 0  aaaa99965879a9775989aa638744a988883746a565672
35764 1 3 21 3 2 2 0 0 0  aaaa99954879a9777989aa448762a988883765a663565
35794 1 3 21 4 1 2 0 0 0  aaaa99956879a9773989aa538674a988882766a447565
35800 1 3 21 4 2 2 0 0 0  aaaa99954879a9773989aa448672a988883766a657565
35812 1 3 21 4 4 2 0 0 0  aaaa99954879a9773989aa448676a988883725a657665
35818 1 3 21 4 5 2 0 0 0  aaaa99954879a9773989aa448276a988883765a657665
35830 1 3 21 5 1 2 0 0 0  aaaa99956879a9773989aa538774a988882666a446575
35832 1 3 21 5 2 0 0 0 0  aaaa99965879a9774989aa638775a988883666a545274
35842 1 3 21 5 3 2 0 0 0  aaaa99954879a9773989aa448776a988883666a256575
35848 1 3 21 5 4 2 0 0 0  aaaa99954879a9773989aa448776a988883625a666575
35850 1 3 21 5 5 0 0 0 0  aaaa99965879a9773989aa638775a988882446a565476
35852 1 3 21 5 5 1 0 0 0  aaaa99965879a9775989aa638774a988883446a565672
35912 1 3 21 7 3 1 0 0 0  aaaa99974879a9773989aa538765a988882666a744565
35914 1 3 21 7 3 2 0 0 0  aaaa99975879a9775989aa458763a988885666a744362
35922 1 3 21 7 5 0 0 0 0  aaaa99975879a9773989aa638755a988882446a765646
35950 1 3 21 8 3 2 0 0 0  aaaa99954879a9777989aa538762a988883666a744565
35958 1 3 21 8 5 0 0 0 0  aaaa99965879a9777989aa638755a988883446a765642
35980 1 3 21 9 2 2 0 0 0  aaaa99954879a9666989aa538276a988883765a777445
35992 1 3 21 9 4 2 0 0 0  aaaa99954879a9656989aa448276a988883765a777635
35998 1 3 21 9 5 2 0 0 0  aaaa99954879a9653989aa448276a988883765a777665
36028 1 3 21 10 4 2 0 0 0  aaaa99954869a9753989aa448267a988883675a766775
36310 1 3 22 7 3 2 0 0 0  aaaa99954779a9753989aa738762a988888666a744565
36318 1 3 22 7 5 0 0 0 0  aaaa99965779a9763989aa738755a988888446a765642
36431 1 3 22 10 5 2 1 0 0  aaaa99965249a9765989aa658447a988888376a763775
36432 1 4 0 0 0 0 0 0 0  aaaa99995998a8774789aa839887a376672656a545864
36434 1 4 0 0 0 1 0 0 0  aaaa99995998a8775789aa849887a376673626a545864
36438 1 4 0 0 1 0 0 0 0  aaaa99995998a8774789aa839887a376676656a545824
36440 1 4 0 0 1 1 0 0 0  aaaa99995998a8774789aa839887a376676646a555842
36444 1 4 0 0 2 0 0 0 0  aaaa99995998a8774789aa839887a376676654a565824
36446 1 4 0 0 2 1 0 0 0  aaaa99995998a8774789aa839887a376676654a562854
36450 1 4 0 0 3 0 0 0 0  aaaa99995998a8774789aa839887a376676565a465842
36452 1 4 0 0 3 1 0 0 0  aaaa99995998a8774789aa839887a376676564a565824
36456 1 4 0 0 4 0 0 0 0  aaaa99995998a8774789aa839887a376476655a662845
36458 1 4 0 0 4 1 0 0 0  aaaa99995998a8774789aa839887a376576654a662854
36464 1 4 0 0 5 1 0 0 0  aaaa99995998a8774789aa839887a376572654a666854
36493 1 4 0 1 4 0 1 0 0  aaaa99995998a8777289aa849886a476755735a666834
36503 1 4 0 1 5 2 1 0 0  aaaa99996998a8777289aa869885a673746754a536854
36518 1 4 0 2 2 1 0 0 0  aaaa99994998a8777789aa839887a366576566a545824
36522 1 4 0 2 3 0 0 0 0  aaaa99994998a8777789aa839887a366672556a456845
36524 1 4 0 2 3 1 0 0 0  aaaa99994998a8777789aa839887a366672546a556845
36534 1 4 0 2 5 0 0 0 0  aaaa99995998a8777789aa849887a256475653a666843
36571 1 4 0 3 5 0 1 0 0  aaaa99995998a8674389aa849886a377757267a655864
36601 1 4 0 4 4 0 1 0 0  aaaa99995998a8777289aa849886a477755635a666834
36611 1 4 0 4 5 2 1 0 0  aaaa99996998a8777289aa869885a677746354a536854
36616 1 4 0 5 0 2 0 0 0  aaaa99995998a8777289aa859887a566745367a364864
36647 1 4 0 5 5 2 1 0 0  aaaa99995998a8777289aa859887a546744637a666835
36655 1 4 0 6 1 0 1 0 0  aaaa99996998a8755289aa859887a477774666a356834
36687 1 4 0 7 0 1 1 0 0  aaaa99997998a8777289aa849887a466373565a565864
36688 1 4 0 7 0 2 0 0 0  aaaa99997998a8777289aa859887a566375464a365864
36689 1 4 0 7 0 2 1 0 0  aaaa99997998a8777289aa859887a566475346a635846
36697 1 4 0 7 2 0 1 0 0  aaaa99997998a8777289aa849887a466576366a553845
36701 1 4 0 7 2 2 1 0 0  aaaa99997998a8777289aa849887a466376566a555834
36703 1 4 0 7 3 0 1 0 0  aaaa99997998a8777389aa849887a366674556a256854
36705 1 4 0 7 3 1 1 0 0  aaaa99997998a8777389aa849887a366674526a556854
36706 1 4 0 7 3 2 0 0 0  aaaa99997998a8777289aa859887a566675436a346854
36707 1 4 0 7 3 2 1 0 0  aaaa99997998a8777289aa859887a566675436a446835
36709 1 4 0 7 4 0 1 0 0  aaaa99997998a8777289aa849887a466676556a353854
36711 1 4 0 7 4 1 1 0 0  aaaa99997998a8777289aa849887a466676556a355834
36713 1 4 0 7 4 2 1 0 0  aaaa99997998a8777289aa849887a466676536a555834
36715 1 4 0 7 5 0 1 0 0  aaaa99997998a8777389aa849887a356574625a666854
36717 1 4 0 7 5 1 1 0 0  aaaa99997998a8777289aa849887a456575635a666834
36718 1 4 0 7 5 2 0 0 0  aaaa99997998a8777289aa859887a546375634a666854
36719 1 4 0 7 5 2 1 0 0  aaaa99997998a8777289aa859887a546375644a666835
36745 1 4 0 8 4 0 1 0 0  aaaa99995998a8755289aa849886a477757637a666834
36755 1 4 0 8 5 2 1 0 0  aaaa99996998a8746289aa869885a677747357a536854
36781 1 4 0 9 4 0 1 0 0  aaaa99995998a8755289aa849886a477777635a666834
36791 1 4 0 9 5 2 1 0 0  aaaa99996998a8746289aa869885a677777354a536854
36799 1 4 0 10 1 0 1 0 0  aaaa99995998a8764389aa849887a366756276a755874
36805 1 4 0 10 2 0 1 0 0  aaaa99995998a8764389aa849887a366764575a725876
36807 1 4 0 10 2 1 1 0 0  aaaa99995998a8764389aa849887a366764572a755876
36808 1 4 0 10 2 2 0 0 0  aaaa99995998a8765289aa859887a566764473a734876
36809 1 4 0 10 2 2 1 0 0  aaaa99995998a8765389aa859887a366765472a744876
36811 1 4 0 10 3 0 1 0 0  aaaa99995998a8764389aa849887a362766675a755874
36950 1 4 1 3 2 1 0 0 0  aaaa99995998a8854889aa539867a377677678a644625
36952 1 4 1 3 2 2 0 0 0  aaaa99995998a8845889aa359867a577677678a644623
36958 1 4 1 3 3 2 0 0 0  aaaa99994998a8853889aa539867a677677678a652445
36986 1 4 1 4 2 1 0 0 0  aaaa99994998a8853889aa449877a777673658a662565
36988 1 4 1 4 2 2 0 0 0  aaaa99995998a8845889aa359877a777675648a662463
37022 1 4 1 5 2 1 0 0 0  aaaa99995998a8854889aa539877a767663728a644765
37024 1 4 1 5 2 2 0 0 0  aaaa99995998a8845889aa359877a767665728a644763
37058 1 4 1 6 2 1 0 0 0  aaaa99994998a8853889aa449876a377772658a667565
37060 1 4 1 6 2 2 0 0 0  aaaa99995998a8845889aa359876a577772648a667463
37064 1 4 1 6 3 1 0 0 0  aaaa99995998a8864889aa449876a377773658a667552
37070 1 4 1 6 4 1 0 0 0  aaaa99994998a8853889aa449876a677773568a657625
37072 1 4 1 6 4 2 0 0 0  aaaa99995998a8845889aa359876a677775468a647623
37076 1 4 1 6 5 1 0 0 0  aaaa99994998a8853889aa449876a377772568a657665
37078 1 4 1 6 5 2 0 0 0  aaaa99995998a8845889aa359876a577772468a647663
37130 1 4 1 8 2 1 0 0 0  aaaa99995998a8854889aa539876a377677678a662445
37132 1 4 1 8 2 2 0 0 0  aaaa99995998a8845889aa359876a577677678a662443
37136 1 4 1 8 3 1 0 0 0  aaaa99995998a8864889aa449876a377577678a663552
37166 1 4 1 9 2 1 0 0 0  aaaa99994998a8853889aa449876a377777658a662565
37168 1 4 1 9 2 2 0 0 0  aaaa99995998a8845889aa359876a577777648a662463
37202 1 4 1 10 2 1 0 0 0  aaaa99994998a8853889aa449876a367662758a777565
37204 1 4 1 10 2 2 0 0 0  aaaa99995998a8845889aa359876a567662748a777463
37274 1 4 2 1 2 1 0 0 0  aaaa99995998a8877889aa549863a877752637a644665
37276 1 4 2 1 2 2 0 0 0  aaaa99995998a8877889aa459863a877725637a644665
37310 1 4 2 2 2 1 0 0 0  aaaa99994998a8873889aa539876a877744657a662565
37312 1 4 2 2 2 2 0 0 0  aaaa99995998a8875889aa459876a877735647a662463
37316 1 4 2 2 3 1 0 0 0  aaaa99994998a8873889aa639875a877744667a566525
37346 1 4 2 3 2 1 0 0 0  aaaa99995998a8874889aa529863a877757637a644665
37348 1 4 2 3 2 2 0 0 0  aaaa99995998a8875889aa459863a877727637a644665
37368 1 4 2 4 0 0 0 0 0  aaaa99995998a8874889aa739866a877763567a562454
37370 1 4 2 4 0 1 0 0 0  aaaa99995998a8874889aa739866a877763567a565442
37380 1 4 2 4 2 0 0 0 0  aaaa99995998a8874889aa739862a877755467a664563
37382 1 4 2 4 2 1 0 0 0  aaaa99995998a8875889aa749863a877755637a644662
37388 1 4 2 4 3 1 0 0 0  aaaa99995998a8874889aa739866a877763657a562454
37390 1 4 2 4 3 2 0 0 0  aaaa99995998a8875889aa759866a877765647a464332
37394 1 4 2 4 4 1 0 0 0  aaaa99994998a8873889aa739866a877744657a566525
37400 1 4 2 4 5 1 0 0 0  aaaa99994998a8873889aa739865a877744657a666525
37414 1 4 2 5 1 2 0 0 0  aaaa99996998a8853889aa539874a877447677a662565
37420 1 4 2 5 2 2 0 0 0  aaaa99994998a8853889aa539876a877657677a662445
37450 1 4 2 6 1 2 0 0 0  aaaa99996998a8853889aa539874a877772666a447565
37456 1 4 2 6 2 2 0 0 0  aaaa99994998a8853889aa449876a877773666a257565
37468 1 4 2 6 4 2 0 0 0  aaaa99994998a8853889aa449876a877773266a657565
37474 1 4 2 6 5 2 0 0 0  aaaa99994998a8853889aa449876a877773265a657665
37486 1 4 2 7 1 2 0 0 0  aaaa99994998a8853889aa539876a877744667a266575
37492 1 4 2 7 2 2 0 0 0  aaaa99994998a8853889aa539876a877744627a656675
37498 1 4 2 7 3 2 0 0 0  aaaa99995998a8865889aa459874a877735667a266473
37504 1 4 2 7 4 2 0 0 0  aaaa99994998a8853889aa539876a877744627a666575
37506 1 4 2 7 5 0 0 0 0  aaaa99995998a8863889aa639875a877762447a565476
37508 1 4 2 7 5 1 0 0 0  aaaa99995998a8865889aa639874a877763447a565672
37528 1 4 2 8 2 2 0 0 0  aaaa99994998a8853889aa449876a877757627a663565
37600 1 4 2 10 2 2 0 0 0  aaaa99994998a8853889aa449876a867663725a777565
37892 1 4 3 7 3 1 0 0 0  aaaa99994998a8853789aa879787a376662658a744565
37894 1 4 3 7 3 2 0 0 0  aaaa99995998a8845789aa879787a576665638a744362
37902 1 4 3 7 5 0 0 0 0  aaaa99995998a8864789aa879787a375465528a763646
37928 1 4 3 8 3 1 0 0 0  aaaa99994998a8853789aa839787a776662658a744565
37930 1 4 3 8 3 2 0 0 0  aaaa99995998a8845789aa859787a776665638a744362
37938 1 4 3 8 5 0 0 0 0  aaaa99995998a8864789aa839787a775465528a763646
37969 1 4 3 9 4 0 1 0 0  aaaa99995998a8855289aa849786a477777638a666534
37975 1 4 3 9 5 0 1 0 0  aaaa99995998a8855289aa849786a477777368a653664
38005 1 4 3 10 4 0 1 0 0  aaaa99995998a8855289aa849687a466766378a753774
38118 1 4 4 2 5 0 0 0 0  aaaa99995998a8864789aa889787a375475526a763646
38269 1 4 4 7 0 0 1 0 0  aaaa99997998a8866289aa889787a775665534a746354
38273 1 4 4 7 0 2 1 0 0  aaaa99997998a8866289aa889787a774536656a744553
38282 1 4 4 7 2 1 0 0 0  aaaa99997998a8844289aa889787a776663654a756553
38285 1 4 4 7 2 2 1 0 0  aaaa99997998a8854289aa889787a776664635a756534
38286 1 4 4 7 3 0 0 0 0  aaaa99997998a8855289aa889787a776665645a743463
38287 1 4 4 7 3 0 1 0 0  aaaa99997998a8855289aa889787a776663655a743464
38290 1 4 4 7 3 2 0 0 0  aaaa99997998a8845289aa889787a776665644a735365
38291 1 4 4 7 3 2 1 0 0  aaaa99997998a8854289aa889787a776664635a754365
38297 1 4 4 7 4 2 1 0 0  aaaa99997998a8854289aa889787a776666635a754534
38298 1 4 4 7 5 0 0 0 0  aaaa99997998a8864289aa889787a775464556a763653
38299 1 4 4 7 5 0 1 0 0  aaaa99997998a8865289aa889787a775465546a763643
38301 1 4 4 7 5 1 1 0 0  aaaa99997998a8864289aa889787a775565536a764634
38302 1 4 4 7 5 2 0 0 0  aaaa99997998a8865289aa889787a774465436a765635
38303 1 4 4 7 5 2 1 0 0  aaaa99997998a8865289aa889787a773465346a765645
38326 1 4 4 8 3 2 0 0 0  aaaa99994998a8853789aa889787a776663625a744565
38334 1 4 4 8 5 0 0 0 0  aaaa99995998a8864789aa889787a775465526a763643
38528 1 4 5 3 1 1 0 0 0  aaaa99995998a8864789aa839787a787663765a652445
38530 1 4 5 3 1 2 0 0 0  aaaa99995998a8865789aa859787a787665764a644332
38536 1 4 5 3 2 2 0 0 0  aaaa99994998a8853789aa839787a787666765a652445
38548 1 4 5 3 4 2 0 0 0  aaaa99994998a8853789aa839787a787656765a644625
38554 1 4 5 3 5 2 0 0 0  aaaa99994998a8853789aa839787a787652765a644665
38674 1 4 5 7 1 2 0 0 0  aaaa99994998a8853789aa879787a386766765a652445
38692 1 4 5 7 4 2 0 0 0  aaaa99994998a8853789aa879787a386752765a666445
38696 1 4 5 7 5 1 0 0 0  aaaa99995998a8864789aa879787a385763746a565642
38710 1 4 5 8 1 2 0 0 0  aaaa99994998a8853789aa839787a786766765a652445
38728 1 4 5 8 4 2 0 0 0  aaaa99994998a8853789aa839787a786752765a666445
38732 1 4 5 8 5 1 0 0 0  aaaa99995998a8864789aa839787a785763746a565642
38752 1 4 5 9 2 2 0 0 0  aaaa99994998a8853689aa839786a687652765a777445
38762 1 4 5 9 4 1 0 0 0  aaaa99995998a8854689aa839786a387644765a777625
38764 1 4 5 9 4 2 0 0 0  aaaa99995998a8845689aa859786a587644763a777623
38782 1 4 5 10 1 2 0 0 0  aaaa99994998a8853689aa839687a686752675a744775
38854 1 4 6 1 1 2 0 0 0  aaaa99994998a8853789aa839887a776766765a652445
38872 1 4 6 1 4 2 0 0 0  aaaa99994998a8853789aa839887a776752765a666445
38876 1 4 6 1 5 1 0 0 0  aaaa99995998a8864789aa839887a775763746a565642
38941 1 4 6 3 4 0 1 0 0  aaaa99995998a8874389aa849886a377757627a666554
38947 1 4 6 3 5 0 1 0 0  aaaa99995998a8874389aa849886a377757267a655664
39004 1 4 6 5 2 2 0 0 0  aaaa99997998a8854789aa839887a766763275a656445
39025 1 4 6 6 0 0 1 0 0  aaaa99996998a8866389aa849887a377774656a554275
39033 1 4 6 6 1 1 1 0 0  aaaa99996998a8855389aa849887a377774666a256574
39035 1 4 6 6 1 2 1 0 0  aaaa99996998a8854389aa849887a377774666a256575
39037 1 4 6 6 2 0 1 0 0  aaaa99995998a8864389aa849887a377774666a525576
39039 1 4 6 6 2 1 1 0 0  aaaa99995998a8864389aa849887a377774666a555276
39040 1 4 6 6 2 2 0 0 0  aaaa99995998a8865289aa859887a577774666a434376
39041 1 4 6 6 2 2 1 0 0  aaaa99995998a8865389aa859887a377775666a444276
39043 1 4 6 6 3 0 1 0 0  aaaa99995998a8864389aa849887a377774666a556275
39045 1 4 6 6 3 1 1 0 0  aaaa99995998a8864389aa849887a377774666a256575
39046 1 4 6 6 3 2 0 0 0  aaaa99995998a8865289aa859887a577774666a346374
39047 1 4 6 6 3 2 1 0 0  aaaa99995998a8865389aa859887a377775666a246474
39049 1 4 6 6 4 0 1 0 0  aaaa99995998a8864389aa849887a377774655a666275
39051 1 4 6 6 4 1 1 0 0  aaaa99995998a8864389aa849887a377774625a666575
39052 1 4 6 6 4 2 0 0 0  aaaa99995998a8865289aa859887a577774634a666374
39053 1 4 6 6 4 2 1 0 0  aaaa99995998a8865389aa859887a377775624a666474
39055 1 4 6 6 5 0 1 0 0  aaaa99995998a8864389aa849887a377774556a265676
39057 1 4 6 6 5 1 1 0 0  aaaa99995998a8864389aa849887a377774526a565676
39058 1 4 6 6 5 2 0 0 0  aaaa99995998a8865289aa859887a577774436a364676
39059 1 4 6 6 5 2 1 0 0  aaaa99995998a8865389aa859887a377775426a464676
39069 1 4 6 7 1 1 1 0 0  aaaa99996998a8855389aa849887a377754627a667564
39071 1 4 6 7 1 2 1 0 0  aaaa99996998a8854389aa849887a377754627a667565
39079 1 4 6 7 3 0 1 0 0  aaaa99995998a8864389aa849887a377755627a667564
39082 1 4 6 7 3 2 0 0 0  aaaa99995998a8865289aa859887a577743647a667463
39083 1 4 6 7 3 2 1 0 0  aaaa99995998a8865389aa859887a377745627a667464
39085 1 4 6 7 4 0 1 0 0  aaaa99995998a8864389aa849887a377755267a657664
39088 1 4 6 7 4 2 0 0 0  aaaa99995998a8865289aa859887a577743467a647663
39089 1 4 6 7 4 2 1 0 0  aaaa99995998a8865389aa859887a377745267a647664
39091 1 4 6 7 5 0 1 0 0  aaaa99995998a8864389aa849887a377764557a267656
39093 1 4 6 7 5 1 1 0 0  aaaa99995998a8864389aa849887a377764257a567656
39094 1 4 6 7 5 2 0 0 0  aaaa99995998a8865289aa859887a577764347a367646
39095 1 4 6 7 5 2 1 0 0  aaaa99995998a8865389aa859887a377765247a467646
39105 1 4 6 8 1 1 1 0 0  aaaa99996998a8855389aa849887a377757627a664564
39107 1 4 6 8 1 2 1 0 0  aaaa99996998a8854389aa849887a377757627a664565
39115 1 4 6 8 3 0 1 0 0  aaaa99995998a8864389aa849887a377757667a266554
39121 1 4 6 8 4 0 1 0 0  aaaa99995998a8864389aa849887a377757627a666554
39145 1 4 6 9 2 0 1 0 0  aaaa99995998a8864389aa849887a377777666a525546
39148 1 4 6 9 2 2 0 0 0  aaaa99995998a8865289aa859887a577777666a344436
39175 1 4 6 10 1 0 1 0 0  aaaa99995998a8864389aa849887a366756276a755774
39181 1 4 6 10 2 0 1 0 0  aaaa99995998a8864389aa849887a366764575a725776
39183 1 4 6 10 2 1 1 0 0  aaaa99995998a8864389aa849887a366764572a755776
39184 1 4 6 10 2 2 0 0 0  aaaa99995998a8865289aa859887a566764473a734776
39185 1 4 6 10 2 2 1 0 0  aaaa99995998a8865389aa859887a366765472a744776
39187 1 4 6 10 3 0 1 0 0  aaaa99995998a8864389aa849887a362766675a755774
39312 1 4 7 3 0 0 0 0 0  aaaa99995998a8884889aa739866a377767567a562454
39314 1 4 7 3 0 1 0 0 0  aaaa99995998a8884889aa739866a377767567a565442
39330 1 4 7 3 3 0 0 0 0  aaaa99995998a8884889aa739866a677747657a525634
39336 1 4 7 3 4 0 0 0 0  aaaa99995998a8884889aa739865a677727647a663545
39338 1 4 7 3 4 1 0 0 0  aaaa99995998a8884889aa739865a677747657a663254
39390 1 4 7 5 1 0 0 0 0  aaaa99995998a8884889aa639877a767646756a525734
39398 1 4 7 5 2 1 0 0 0  aaaa99994998a8883889aa539877a767662755a644765
39400 1 4 7 5 2 2 0 0 0  aaaa99995998a8885889aa459877a767665744a633762
39434 1 4 7 6 2 1 0 0 0  aaaa99995998a8884889aa449876a377773666a257565
39436 1 4 7 6 2 2 0 0 0  aaaa99995998a8885889aa459876a577772666a447363
39446 1 4 7 6 4 1 0 0 0  aaaa99995998a8884889aa449876a677773265a657635
39448 1 4 7 6 4 2 0 0 0  aaaa99995998a8885889aa459876a677775464a637623
39452 1 4 7 6 5 1 0 0 0  aaaa99995998a8884889aa449876a377773265a657665
39454 1 4 7 6 5 2 0 0 0  aaaa99995998a8885889aa459876a577772464a637663
39506 1 4 7 8 2 1 0 0 0  aaaa99994998a8883889aa449876a377757657a662565
39508 1 4 7 8 2 2 0 0 0  aaaa99995998a8885889aa459876a577737647a662463
39578 1 4 7 10 2 1 0 0 0  aaaa99995998a8884889aa449876a367663725a777565
39580 1 4 7 10 2 2 0 0 0  aaaa99995998a8885889aa459876a567662744a777363
39635 1 4 8 0 5 2 1 0 0  aaaa99995998a8877789aa879386a574675863a644652
39716 1 4 8 3 1 1 0 0 0  aaaa99995998a8864789aa839787a777663865a652445
39718 1 4 8 3 1 2 0 0 0  aaaa99995998a8865789aa859787a777665864a644332
39724 1 4 8 3 2 2 0 0 0  aaaa99994998a8853789aa839787a777666865a652445
39736 1 4 8 3 4 2 0 0 0  aaaa99994998a8853789aa839787a777656865a644625
39742 1 4 8 3 5 2 0 0 0  aaaa99994998a8853789aa839787a777652865a644665
39868 1 4 8 7 2 2 0 0 0  aaaa99994998a8853789aa879787a376662865a744565
39874 1 4 8 7 3 2 0 0 0  aaaa99994998a8853789aa879787a376662865a756445
39880 1 4 8 7 4 2 0 0 0  aaaa99994998a8853789aa879787a376666865a752445
39882 1 4 8 7 5 0 0 0 0  aaaa99995998a8864789aa879787a374565856a764632
39884 1 4 8 7 5 1 0 0 0  aaaa99995998a8864789aa879787a375565846a763642
39904 1 4 8 8 2 2 0 0 0  aaaa99994998a8853789aa839787a776662865a744565
39910 1 4 8 8 3 2 0 0 0  aaaa99994998a8853789aa839787a776662865a756445
39916 1 4 8 8 4 2 0 0 0  aaaa99994998a8853789aa839787a776666865a752445
39918 1 4 8 8 5 0 0 0 0  aaaa99995998a8864789aa839787a774565856a764632
39920 1 4 8 8 5 1 0 0 0  aaaa99995998a8864789aa839787a775565846a763642
39940 1 4 8 9 2 2 0 0 0  aaaa99994998a8853689aa839786a677777865a652445
39950 1 4 8 9 4 1 0 0 0  aaaa99995998a8854689aa839786a377777865a644625
39952 1 4 8 9 4 2 0 0 0  aaaa99995998a8845689aa859786a577777863a644623
39970 1 4 8 10 1 2 0 0 0  aaaa99994998a8853689aa839687a666752875a744775
40114 1 4 9 3 1 2 0 0 0  aaaa99994998a8853789aa839787a777666685a652445
40132 1 4 9 3 4 2 0 0 0  aaaa99994998a8853789aa839787a777652685a666445
40136 1 4 9 3 5 1 0 0 0  aaaa99995998a8864789aa839787a777464586a565632
40258 1 4 9 7 1 2 0 0 0  aaaa99996998a8854789aa879787a376663285a756445
40264 1 4 9 7 2 2 0 0 0  aaaa99994998a8853789aa879787a376662685a756445
40270 1 4 9 7 3 2 0 0 0  aaaa99994998a8853789aa879787a376662685a744565
40276 1 4 9 7 4 2 0 0 0  aaaa99994998a8853789aa879787a376666685a752445
40278 1 4 9 7 5 0 0 0 0  aaaa99995998a8864789aa879787a375465586a763642
40280 1 4 9 7 5 1 0 0 0  aaaa99995998a8864789aa879787a375565486a764632
40294 1 4 9 8 1 2 0 0 0  aaaa99996998a8854789aa839787a776663285a756445
40300 1 4 9 8 2 2 0 0 0  aaaa99994998a8853789aa839787a776662685a756445
40306 1 4 9 8 3 2 0 0 0  aaaa99994998a8853789aa839787a776662685a744565
40312 1 4 9 8 4 2 0 0 0  aaaa99994998a8853789aa839787a776666685a752445
40314 1 4 9 8 5 0 0 0 0  aaaa99995998a8864789aa839787a775465586a763642
40316 1 4 9 8 5 1 0 0 0  aaaa99995998a8864789aa839787a775565486a764632
40330 1 4 9 9 1 2 0 0 0  aaaa99994998a8853689aa839786a677777685a652445
40428 1 4 10 1 0 0 0 0 0  aaaa99995998a8883789aa789787a367672655a446654
40482 1 4 10 2 3 0 0 0 0  aaaa99995998a8884789aa789787a376663654a575264
40494 1 4 10 2 5 0 0 0 0  aaaa99995998a8884789aa789787a375645562a673664
40556 1 4 10 4 3 1 0 0 0  aaaa99995998a8884789aa789787a366673256a576454
40558 1 4 10 4 3 2 0 0 0  aaaa99995998a8885789aa789787a566675446a376432
40566 1 4 10 4 5 0 0 0 0  aaaa99995998a8884789aa789787a254675563a674663
40574 1 4 10 5 0 1 0 0 0  aaaa99994998a8883789aa789787a376644765a562556
40646 1 4 10 7 0 1 0 0 0  aaaa99994998a8883789aa789787a376652656a744565
40648 1 4 10 7 0 2 0 0 0  aaaa99995998a8885789aa789787a576645636a744362
40664 1 4 10 7 3 1 0 0 0  aaaa99995998a8884789aa789787a376663625a744565
40666 1 4 10 7 3 2 0 0 0  aaaa99995998a8885789aa789787a576665644a742363
40674 1 4 10 7 5 0 0 0 0  aaaa99995998a8884789aa789787a375465526a763646
40824 1 4 11 1 0 0 0 0 0  aaaa99995998a8888889aa749777a376673656a545264
40990 1 4 11 5 3 2 0 0 0  aaaa99995998a8888889aa359777a576665647a447362
41050 1 4 11 7 1 2 0 0 0  aaaa99996998a8888889aa259777a576665434a476375
41056 1 4 11 7 2 2 0 0 0  aaaa99995998a8888889aa359777a576665644a476372
41060 1 4 11 7 3 1 0 0 0  aaaa99994998a8888889aa449777a376663565a276575
41062 1 4 11 7 3 2 0 0 0  aaaa99995998a8888889aa359777a576665464a476372
41070 1 4 11 7 5 0 0 0 0  aaaa99995998a8888889aa639777a375465526a474676
41206 1 4 12 0 3 2 0 0 0  aaaa99994998a8883889aa589776a376676625a744575
41220 1 4 12 1 0 0 0 0 0  aaaa99995998a8884889aa789777a376673656a545264
41386 1 4 12 5 3 2 0 0 0  aaaa99995998a8885889aa389777a576665647a447362
41440 1 4 12 7 0 2 0 0 0  aaaa99996998a8883889aa589777a376652465a476475
41446 1 4 12 7 1 2 0 0 0  aaaa99996998a8885889aa289777a576665434a476375
41452 1 4 12 7 2 2 0 0 0  aaaa99995998a8885889aa389777a576665644a476372
41456 1 4 12 7 3 1 0 0 0  aaaa99995998a8883889aa589777a376662465a476475
41458 1 4 12 7 3 2 0 0 0  aaaa99995998a8885889aa389777a576665464a476372
41466 1 4 12 7 5 0 0 0 0  aaaa99995998a8883889aa689777a375465526a474676
41634 1 4 13 1 3 0 0 0 0  aaaa99995998a8884889aa779777a386663657a545264
41652 1 4 13 2 0 0 0 0 0  aaaa99995998a8884889aa739777a387662667a455546
41664 1 4 13 2 2 0 0 0 0  aaaa99995998a8884889aa739777a387666467a654552
41666 1 4 13 2 2 1 0 0 0  aaaa99995998a8884889aa739777a387666567a655442
41670 1 4 13 2 3 0 0 0 0  aaaa99995998a8884889aa739777a387666567a562454
41672 1 4 13 2 3 1 0 0 0  aaaa99995998a8884889aa739777a387666567a565442
41678 1 4 13 2 4 1 0 0 0  aaaa99995998a8884889aa739777a387644657a666552
41684 1 4 13 2 5 1 0 0 0  aaaa99995998a8884889aa739777a387644567a655662
41706 1 4 13 3 3 0 0 0 0  aaaa99995998a8884889aa739777a786663657a545264
41724 1 4 13 4 0 0 0 0 0  aaaa99996998a8885889aa749777a386673567a546254
41726 1 4 13 4 0 1 0 0 0  aaaa99995998a8884889aa739777a386672567a565446
41732 1 4 13 4 1 1 0 0 0  aaaa99996998a8884889aa739777a386576657a644525
41738 1 4 13 4 2 1 0 0 0  aaaa99995998a8884889aa739777a386676657a562454
41740 1 4 13 4 2 2 0 0 0  aaaa99995998a8885889aa759777a586676647a464332
41742 1 4 13 4 3 0 0 0 0  aaaa99995998a8884889aa739777a386676657a545624
41744 1 4 13 4 3 1 0 0 0  aaaa99995998a8884889aa739777a386676647a555642
41750 1 4 13 4 4 1 0 0 0  aaaa99995998a8884889aa739777a386576657a662454
41752 1 4 13 4 4 2 0 0 0  aaaa99995998a8885889aa759777a586476637a662434
41756 1 4 13 4 5 1 0 0 0  aaaa99995998a8884889aa739777a386572657a666454
41758 1 4 13 4 5 2 0 0 0  aaaa99995998a8885889aa759777a586474647a666332
41858 1 4 13 7 4 1 0 0 0  aaaa99994998a8883889aa539777a287644657a666575
41860 1 4 13 7 4 2 0 0 0  aaaa99995998a8885889aa459777a587644637a666372
41864 1 4 13 7 5 1 0 0 0  aaaa99995998a8883889aa639777a287464547a565676
41918 1 4 13 9 2 1 0 0 0  aaaa99994998a8883889aa539576a787666765a772445
41920 1 4 13 9 2 2 0 0 0  aaaa99995998a8885889aa459476a787666764a775332
41922 1 4 13 9 3 0 0 0 0  aaaa99995998a8884889aa639576a787666754a773254
41930 1 4 13 9 4 1 0 0 0  aaaa99994998a8883889aa539676a787644755a772665
41932 1 4 13 9 4 2 0 0 0  aaaa99995998a8885889aa459676a787635744a772663
41936 1 4 13 9 5 1 0 0 0  aaaa99994998a8883889aa539576a787644765a772665
41938 1 4 13 9 5 2 0 0 0  aaaa99995998a8885889aa459476a787635764a772663
41966 1 4 13 10 4 1 0 0 0  aaaa99994998a8883889aa539576a687644765a777625
41968 1 4 13 10 4 2 0 0 0  aaaa99995998a8885889aa459476a687635764a777623
41976 1 4 14 0 0 0 0 0 0  aaaa99995998a8884789aa739766a384778765a264556
41977 1 4 14 0 0 0 1 0 0  aaaa99994998a8884789aa749766a385778765a563526
41978 1 4 14 0 0 1 0 0 0  aaaa99995998a8883789aa739766a285778764a565446
42084 1 4 14 3 0 0 0 0 0  aaaa99995998a8884789aa739777a386678656a545264
42102 1 4 14 3 3 0 0 0 0  aaaa99995998a8884789aa739777a386578666a545264
42436 1 4 15 1 4 2 0 0 0  aaaa99994998a8853789aa779786a687653765a682445
42440 1 4 15 1 5 1 0 0 0  aaaa99995998a8854789aa779786a387644765a683625
42442 1 4 15 1 5 2 0 0 0  aaaa99995998a8845789aa779786a587635763a684624
42458 1 4 15 2 2 1 0 0 0  aaaa99995998a8874789aa779786a386663764a582554
42474 1 4 15 2 5 0 0 0 0  aaaa99995998a8874789aa779786a384655765a684632
42476 1 4 15 2 5 1 0 0 0  aaaa99995998a8874789aa779786a385655764a683624
42498 1 4 15 3 3 0 0 0 0  aaaa99995998a8874789aa739787a786663654a585264
42510 1 4 15 3 5 0 0 0 0  aaaa99995998a8874789aa739787a785645562a683664
42570 1 4 15 5 3 0 0 0 0  aaaa99995998a8874789aa779787a386663654a585264
42582 1 4 15 5 5 0 0 0 0  aaaa99995998a8874789aa779787a385645562a683664
42654 1 4 15 7 5 0 0 0 0  aaaa99997998a8875789aa779786a485645562a683634
42704 1 4 15 9 1 1 0 0 0  aaaa99995998a8854789aa449687a386766675a783725
42706 1 4 15 9 1 2 0 0 0  aaaa99995998a8845789aa359687a586766673a784724
42710 1 4 15 9 2 1 0 0 0  aaaa99995998a8865789aa639587a586766474a784732
42716 1 4 15 9 3 1 0 0 0  aaaa99995998a8864789aa539487a486766675a783725
42722 1 4 15 9 4 1 0 0 0  aaaa99995998a8866789aa649487a485763576a785732
42728 1 4 15 9 5 1 0 0 0  aaaa99995998a8864789aa639487a485763576a785726
42750 1 4 15 10 3 0 0 0 0  aaaa99995998a8864689aa669687a385745572a783774
42768 1 4 16 0 0 0 0 0 0  aaaa99994998a8877789aa739686a387657655a464852
42832 1 4 16 1 4 2 0 0 0  aaaa99994998a8853789aa779786a687653765a644825
42838 1 4 16 1 5 2 0 0 0  aaaa99994998a8853789aa779786a387652765a644865
42852 1 4 16 2 2 0 0 0 0  aaaa99995998a8874789aa779786a386663765a455842
42854 1 4 16 2 2 1 0 0 0  aaaa99995998a8874789aa779786a386663764a555824
42858 1 4 16 2 3 0 0 0 0  aaaa99995998a8873789aa779786a386662755a446854
42888 1 4 16 3 2 0 0 0 0  aaaa99995998a8873789aa739787a786662655a446854
42906 1 4 16 3 5 0 0 0 0  aaaa99995998a8874789aa739787a786545652a666834
42960 1 4 16 5 2 0 0 0 0  aaaa99995998a8873789aa779787a386662655a446854
42978 1 4 16 5 5 0 0 0 0  aaaa99995998a8874789aa779787a386545652a666834
43110 1 4 16 9 3 0 0 0 0  aaaa99995998a8864689aa669786a387545752a777834
43120 1 4 16 9 4 2 0 0 0  aaaa99994998a8853689aa539786a287644765a777865
43176 1 4 17 0 2 0 0 0 0  aaaa99995998a8884789aa739785a586773764a662564
43178 1 4 17 0 2 1 0 0 0  aaaa99995998a8885789aa749786a386773764a662554
43196 1 4 17 0 5 1 0 0 0  aaaa99995998a8884789aa739786a385772764a655664
43228 1 4 17 1 4 2 0 0 0  aaaa99994998a8883789aa779786a687653765a652445
43232 1 4 17 1 5 1 0 0 0  aaaa99995998a8884789aa779786a387653765a644625
43234 1 4 17 1 5 2 0 0 0  aaaa99995998a8885789aa779786a587645763a644623
43246 1 4 17 2 1 2 0 0 0  aaaa99994998a8883789aa779785a386676756a562454
43268 1 4 17 2 5 1 0 0 0  aaaa99995998a8884789aa779786a385673764a655624
43272 1 4 17 3 0 0 0 0 0  aaaa99995998a8884789aa739787a786673656a545264
43344 1 4 17 5 0 0 0 0 0  aaaa99995998a8884789aa779787a386673656a545264
43454 1 4 17 8 0 1 0 0 0  aaaa99994998a8883789aa739787a786644765a562556
43490 1 4 17 9 0 1 0 0 0  aaaa99995998a8884689aa639786a387562764a777554
43504 1 4 17 9 2 2 0 0 0  aaaa99994998a8883689aa669785a387562756a777454
43514 1 4 17 9 4 1 0 0 0  aaaa99995998a8884689aa539786a387644765a777625
43516 1 4 17 9 4 2 0 0 0  aaaa99995998a8885689aa459786a587644763a777623
43526 1 4 17 10 0 1 0 0 0  aaaa99995998a8884689aa639687a385762674a755774
43668 1 4 18 3 0 0 0 0 0  aaaa99995998a8888789aa749777a386673656a545264
43958 1 4 19 0 0 1 0 0 0  aaaa99996998a8884789aa739786a656773785a652445
43964 1 4 19 0 1 1 0 0 0  aaaa99995998a8884789aa739784a466776786a555632
43970 1 4 19 0 2 1 0 0 0  aaaa99995998a8884789aa739785a366776784a662554
43976 1 4 19 0 3 1 0 0 0  aaaa99995998a8884789aa739785a366776786a644552
43982 1 4 19 0 4 1 0 0 0  aaaa99995998a8884789aa739785a366772784a666554
44070 1 4 19 3 1 0 0 0 0  aaaa99995998a8883789aa739787a766672486a455546
44072 1 4 19 3 1 1 0 0 0  aaaa99994998a8883789aa739787a766672586a455546
44082 1 4 19 3 3 0 0 0 0  aaaa99995998a8884789aa739787a766673586a546254
44142 1 4 19 5 1 0 0 0 0  aaaa99995998a8883789aa779787a366672486a455546
44144 1 4 19 5 1 1 0 0 0  aaaa99994998a8883789aa779787a366672586a455546
44154 1 4 19 5 3 0 0 0 0  aaaa99995998a8884789aa779787a366673586a546254
44280 1 4 19 9 0 0 0 0 0  aaaa99995998a8884689aa639786a377777486a654552
44282 1 4 19 9 0 1 0 0 0  aaaa99995998a8884689aa639786a377777586a655442
44856 1 4 21 3 0 0 0 0 0  aaaa99995998a6678789aa749777a388883656a545264
44874 1 4 21 3 3 0 0 0 0  aaaa99995998a6578789aa749777a388883666a545264
45580 1 5 0 1 0 2 0 0 0  aaaa99988778a9784899aa786695a386593767a562454
45586 1 5 0 1 1 2 0 0 0  aaaa99988778a9784899aa786696a386593757a562454
45611 1 5 0 1 5 2 1 0 0  aaaa99988778a9785899aa783396a584695767a644652
45688 1 5 0 4 0 2 0 0 0  aaaa99988778a9784899aa786695a386593267a576454
45694 1 5 0 4 1 2 0 0 0  aaaa99988778a9784899aa786696a386593257a576454
45719 1 5 0 4 5 2 1 0 0  aaaa99988778a9785899aa783396a584695467a674652
45938 1 5 1 0 0 1 0 0 0  aaaa99988888a9774799aa836697a376592567a568454
45940 1 5 1 0 0 2 0 0 0  aaaa99988888a9775799aa856697a576495467a468332
46147 1 5 1 5 5 0 1 0 0  aaaa99988888a9777599aa865397a654796537a448266
46186 1 5 1 6 5 2 0 0 0  aaaa99988888a9635799aa857797a547697463a648652
46189 1 5 1 7 0 0 1 0 0  aaaa99988888a9777299aa876697a456594567a368534
46312 1 5 1 10 2 2 0 0 0  aaaa99988888a9735699aa856697a546796473a748752
46337 1 5 2 0 0 2 1 0 0  aaaa99977888a9775799aa876396a536495888a426645
46489 1 5 2 4 2 0 1 0 0  aaaa99955888a9777799aa857297a466694888a366534
46496 1 5 2 4 3 1 0 0 0  aaaa99945888a9777799aa847697a366693888a562554
46546 1 5 2 5 5 2 0 0 0  aaaa99976888a9777499aa864297a645796888a555363
46547 1 5 2 5 5 2 1 0 0  aaaa99976888a9777499aa864497a625796888a555363
46562 1 5 2 6 2 1 0 0 0  aaaa99954888a9666799aa857797a327697888a653445
46564 1 5 2 6 2 2 0 0 0  aaaa99945888a9666799aa857797a527697888a635443
46574 1 5 2 6 4 1 0 0 0  aaaa99954888a9656799aa857797a327697888a644635
46576 1 5 2 6 4 2 0 0 0  aaaa99945888a9636799aa857797a527697888a635644
46580 1 5 2 6 5 1 0 0 0  aaaa99954888a9653799aa857797a327697888a644665
46582 1 5 2 6 5 2 0 0 0  aaaa99945888a9635799aa857797a527697888a644663
46589 1 5 2 7 0 2 1 0 0  aaaa99976888a9777399aa876397a626594888a564554
46706 1 5 2 10 2 1 0 0 0  aaaa99954888a9753699aa856697a326796888a744775
46708 1 5 2 10 2 2 0 0 0  aaaa99945888a9735699aa856697a526796888a744773
46742 1 5 3 0 2 1 0 0 0  aaaa99988888a9775799aa846897a376693657a562454
46744 1 5 3 0 2 2 0 0 0  aaaa99988888a9775799aa856897a576695647a464332
46765 1 5 3 1 0 0 1 0 0  aaaa99988888a9777399aa847897a376694656a554265
46783 1 5 3 1 3 0 1 0 0  aaaa99988888a9777299aa847897a476696655a533645
46943 1 5 3 5 5 2 1 0 0  aaaa99988888a9777399aa853897a526795647a666445
47123 1 5 3 10 5 2 1 0 0  aaaa99988888a9746399aa863897a625796574a755764
47128 1 5 4 0 0 2 0 0 0  aaaa99986888a9774799aa836897a676593657a582454
47138 1 5 4 0 2 1 0 0 0  aaaa99985888a9774799aa836897a376692657a586454
47140 1 5 4 0 2 2 0 0 0  aaaa99985888a9775799aa856897a576692647a386434
47144 1 5 4 0 3 1 0 0 0  aaaa99985888a9774799aa836897a676693657a582454
47146 1 5 4 0 3 2 0 0 0  aaaa99985888a9775799aa856897a676695647a484332
47150 1 5 4 0 4 1 0 0 0  aaaa99985888a9774799aa836897a376696657a582454
47152 1 5 4 0 4 2 0 0 0  aaaa99985888a9775799aa856897a576696647a484332
47156 1 5 4 0 5 1 0 0 0  aaaa99985888a9774799aa835897a375695467a684662
47177 1 5 4 1 2 2 1 0 0  aaaa99985888a9777299aa857897a576696463a484653
47234 1 5 4 3 0 1 0 0 0  aaaa99985888a9664799aa837897a776693756a582454
47236 1 5 4 3 0 2 0 0 0  aaaa99985888a9665799aa857897a776695746a484332
47288 1 5 4 4 3 1 0 0 0  aaaa99985888a9777799aa847897a366693256a586454
47290 1 5 4 4 3 2 0 0 0  aaaa99985888a9777799aa857897a566695446a386432
47298 1 5 4 4 5 0 0 0 0  aaaa99985888a9777799aa847897a254695563a684663
47339 1 5 4 5 5 2 1 0 0  aaaa99986888a9777399aa863897a625796547a585446
47364 1 5 4 6 4 0 0 0 0  aaaa99985888a9664799aa837897a777693565a685442
47366 1 5 4 6 4 1 0 0 0  aaaa99985888a9664799aa837897a777693465a684525
47372 1 5 4 6 5 1 0 0 0  aaaa99985888a9654799aa837897a777693465a684625
47407 1 5 4 7 5 0 1 0 0  aaaa99987888a9777299aa846897a466696557a385534
47409 1 5 4 7 5 1 1 0 0  aaaa99987888a9777299aa846897a466696537a585534
47411 1 5 4 7 5 2 1 0 0  aaaa99987888a9777299aa846897a466696357a583554
47472 1 5 4 9 4 0 0 0 0  aaaa99985888a9664799aa837896a377797565a685442
47474 1 5 4 9 4 1 0 0 0  aaaa99985888a9664799aa837896a377797465a684525
47480 1 5 4 9 5 1 0 0 0  aaaa99985888a9654799aa837896a377797465a684625
47489 1 5 4 10 0 2 1 0 0  aaaa99986888a9766399aa853897a564795476a784752
47498 1 5 4 10 2 1 0 0 0  aaaa99985888a9754699aa836897a666793475a784725
47510 1 5 4 10 4 1 0 0 0  aaaa99985888a9754699aa836897a366796475a784725
47518 1 5 4 10 5 2 0 0 0  aaaa99986888a9746299aa865897a655795474a786733
47519 1 5 4 10 5 2 1 0 0  aaaa99986888a9746299aa865897a655795374a783764
47534 1 5 5 0 2 1 0 0 0  aaaa99985888a9774799aa886897a376693657a562454
47536 1 5 5 0 2 2 0 0 0  aaaa99985888a9775799aa886897a576695647a464332
47557 1 5 5 1 0 0 1 0 0  aaaa99984888a9777399aa887897a376694656a554265
47575 1 5 5 1 3 0 1 0 0  aaaa99984888a9777299aa887897a476696655a533645
47735 1 5 5 5 5 2 1 0 0  aaaa99985888a9777399aa883897a526795647a666445
47915 1 5 5 10 5 2 1 0 0  aaaa99986888a9746399aa883897a625796574a755764
47930 1 5 6 0 2 1 0 0 0  aaaa99985888a9774799aa836897a376692857a566454
47932 1 5 6 0 2 2 0 0 0  aaaa99985888a9775799aa856897a576692847a366434
47936 1 5 6 0 3 1 0 0 0  aaaa99985888a9774799aa836897a676693857a562454
47938 1 5 6 0 3 2 0 0 0  aaaa99985888a9775799aa856897a676695847a464332
47942 1 5 6 0 4 1 0 0 0  aaaa99985888a9774799aa836897a376696857a562454
47944 1 5 6 0 4 2 0 0 0  aaaa99985888a9775799aa856897a576696847a464332
47948 1 5 6 0 5 1 0 0 0  aaaa99985888a9774799aa835897a375695867a644662
47953 1 5 6 1 0 0 1 0 0  aaaa99985888a9777399aa847897a376694862a565546
47956 1 5 6 1 0 2 0 0 0  aaaa99985888a9777299aa857897a576695864a463436
47957 1 5 6 1 0 2 1 0 0  aaaa99985888a9777399aa857897a376695862a465446
48002 1 5 6 2 2 1 0 0 0  aaaa99985888a9777799aa846897a366593857a662454
48004 1 5 6 2 2 2 0 0 0  aaaa99985888a9777799aa856897a566495837a662434
48056 1 5 6 3 5 1 0 0 0  aaaa99985888a9644799aa847897a775693867a655632
48140 1 5 6 6 1 1 0 0 0  aaaa99985888a9664799aa837897a777693864a562554
48158 1 5 6 6 4 1 0 0 0  aaaa99985888a9664799aa837897a777693865a652445
48160 1 5 6 6 4 2 0 0 0  aaaa99985888a9665799aa857897a777695864a644332
48164 1 5 6 6 5 1 0 0 0  aaaa99985888a9654799aa837897a777693865a644625
48166 1 5 6 6 5 2 0 0 0  aaaa99985888a9645799aa857897a777695863a644623
48248 1 5 6 9 1 1 0 0 0  aaaa99985888a9664799aa837896a377797864a562554
48266 1 5 6 9 4 1 0 0 0  aaaa99985888a9664799aa837896a377797865a652445
48268 1 5 6 9 4 2 0 0 0  aaaa99985888a9665799aa857896a577797864a644332
48272 1 5 6 9 5 1 0 0 0  aaaa99985888a9654799aa837896a377797865a644625
48274 1 5 6 9 5 2 0 0 0  aaaa99985888a9645799aa857896a577797863a644623
48281 1 5 6 10 0 2 1 0 0  aaaa99986888a9766399aa853897a564795876a744752
48284 1 5 6 10 1 1 0 0 0  aaaa99985888a9744699aa846897a665793876a755732
48290 1 5 6 10 2 1 0 0 0  aaaa99985888a9754699aa836897a666793875a744725
48292 1 5 6 10 2 2 0 0 0  aaaa99985888a9745699aa856897a666795873a744723
48302 1 5 6 10 4 1 0 0 0  aaaa99985888a9754699aa836897a366796875a744725
48304 1 5 6 10 4 2 0 0 0  aaaa99985888a9745699aa856897a566796873a744723
48743 1 5 8 0 5 2 1 0 0  aaaa99986888a9776299aa867898a644794757a536553
48744 1 5 8 1 0 0 0 0 0  aaaa99985888a9777799aa837898a366792565a465464
48781 1 5 8 2 0 0 1 0 0  aaaa99985888a9777399aa847898a366794267a565564
48797 1 5 8 2 2 2 1 0 0  aaaa99985888a9777299aa857898a566796347a663445
48799 1 5 8 2 3 0 1 0 0  aaaa99985888a9777399aa847898a366796267a565544
48803 1 5 8 2 3 2 1 0 0  aaaa99985888a9777299aa857898a566796467a464353
48809 1 5 8 2 4 2 1 0 0  aaaa99985888a9777399aa857898a326796647a665445
48815 1 5 8 2 5 2 1 0 0  aaaa99985888a9777299aa857898a536793647a666445
48816 1 5 8 3 0 0 0 0 0  aaaa99985888a9664799aa877898a377793665a455246
48922 1 5 8 5 5 2 0 0 0  aaaa99986888a9777499aa864898a645796573a575362
48923 1 5 8 5 5 2 1 0 0  aaaa99986888a9777399aa863898a625796574a575464
48924 1 5 8 6 0 0 0 0 0  aaaa99985888a9664799aa837898a777793665a455246
48995 1 5 8 7 5 2 1 0 0  aaaa99987888a9777399aa853898a526795647a666445
48996 1 5 8 8 0 0 0 0 0  aaaa99985888a9664799aa837898a377792667a455546
49008 1 5 8 8 2 0 0 0 0  aaaa99985888a9666799aa847898a377793467a654552
49010 1 5 8 8 2 1 0 0 0  aaaa99985888a9666799aa847898a377793567a655442
49014 1 5 8 8 3 0 0 0 0  aaaa99985888a9666799aa847898a377793567a562454
49016 1 5 8 8 3 1 0 0 0  aaaa99985888a9666799aa847898a377793567a565442
49022 1 5 8 8 4 1 0 0 0  aaaa99985888a9644799aa847898a377793657a666552
49028 1 5 8 8 5 1 0 0 0  aaaa99985888a9644799aa847898a377793567a655662
49032 1 5 8 9 0 0 0 0 0  aaaa99985888a9664799aa837898a377797665a455246
49116 1 5 9 0 2 0 0 0 0  aaaa99985888a9774799aa836897a378696467a654552
49118 1 5 9 0 2 1 0 0 0  aaaa99985888a9774799aa836897a378696567a655442
49220 1 5 9 3 1 1 0 0 0  aaaa99985888a9664799aa837897a778693764a562554
49238 1 5 9 3 4 1 0 0 0  aaaa99985888a9664799aa837897a778693765a652445
49240 1 5 9 3 4 2 0 0 0  aaaa99985888a9665799aa857897a778695764a644332
49244 1 5 9 3 5 1 0 0 0  aaaa99985888a9654799aa837897a778693765a644625
49246 1 5 9 3 5 2 0 0 0  aaaa99985888a9645799aa857897a778695763a644623
49248 1 5 9 4 0 0 0 0 0  aaaa99985888a9777799aa837897a368692655a446654
49319 1 5 9 5 5 2 1 0 0  aaaa99986888a9777399aa863897a628796547a555446
49391 1 5 9 7 5 2 1 0 0  aaaa99987888a9777399aa853897a528695467a644665
49436 1 5 9 9 1 1 0 0 0  aaaa99985888a9774699aa836897a668793675a752445
49438 1 5 9 9 1 2 0 0 0  aaaa99985888a9775699aa856897a668795674a744332
49463 1 5 9 9 5 2 1 0 0  aaaa99986888a9776299aa864897a648794375a753565
49469 1 5 9 10 0 2 1 0 0  aaaa99986888a9766399aa853897a568795476a744752
49472 1 5 9 10 1 1 0 0 0  aaaa99985888a9754699aa836897a668793675a744725
49474 1 5 9 10 1 2 0 0 0  aaaa99985888a9745699aa856897a668795673a744723
49499 1 5 9 10 5 2 1 0 0  aaaa99986888a9756299aa864897a648794375a753765
49782 1 5 10 7 5 0 0 0 0  aaaa99985888a9864799aa877897a375495526a763646
49818 1 5 10 8 5 0 0 0 0  aaaa99985888a9864799aa837897a775495526a763646
50000 0 5 11 2 5 1 0 0 0  aaaa99978888a9884799aa787796a357695565a644632
50062 1 5 11 4 3 2 0 0 0  aaaa99978888a9884799aa787795a366693256a576454
50070 1 5 11 4 5 0 0 0 0  aaaa99978888a9885799aa787796a454695563a674623
50142 1 5 11 6 5 0 0 0 0  aaaa99958888a9884799aa487797a357697562a653664
50268 1 5 11 10 2 0 0 0 0  aaaa99958888a9884699aa486697a356796572a753774
50293 1 5 12 0 0 0 1 0 0  aaaa99985888a9877799aa876695a527694658a374634
50314 1 5 12 0 3 2 0 0 0  aaaa99984888a9877799aa876696a327596658a573454
50322 1 5 12 0 5 0 0 0 0  aaaa99985888a9877799aa875496a557693468a674632
50344 1 5 12 1 2 2 0 0 0  aaaa99984888a9877799aa877795a366693258a566454
50512 1 5 12 6 0 2 0 0 0  aaaa99986888a9866799aa847797a327597658a563454
50516 1 5 12 6 1 1 0 0 0  aaaa99985888a9864799aa837797a367597668a562454
50518 1 5 12 6 1 2 0 0 0  aaaa99985888a9865799aa857797a567497668a464332
50522 1 5 12 6 2 1 0 0 0  aaaa99984888a9844799aa837797a367597668a566525
50534 1 5 12 6 4 1 0 0 0  aaaa99984888a9844799aa837797a367597658a666525
50945 1 5 13 7 0 2 1 0 0  aaaa99986888a9866299aa887797a437593657a564574
50950 1 5 13 7 1 2 0 0 0  aaaa99985888a9835299aa887797a567696647a464375
50968 1 5 13 7 4 2 0 0 0  aaaa99985888a9835299aa887797a567494647a666375
50972 1 5 13 7 5 1 0 0 0  aaaa99986888a9836299aa887797a657496557a446573
51280 1 5 14 5 2 2 0 0 0  aaaa99974888a9583799aa777898a866693257a566454
51386 1 5 14 8 2 1 0 0 0  aaaa99954888a9683799aa447898a877793657a662565
51388 1 5 14 8 2 2 0 0 0  aaaa99945888a9685799aa357898a877795647a662463
51553 1 5 15 2 0 0 1 0 0  aaaa99974888a9777399aa887898a366794565a564265
51559 1 5 15 2 1 0 1 0 0  aaaa99974888a9777299aa887898a466796565a533645
51594 1 5 15 3 1 0 0 0 0  aaaa99947888a9666299aa887898a777795663a535544
51599 1 5 15 3 1 2 1 0 0  aaaa99957888a9666299aa887898a777794665a354534
51605 1 5 15 3 2 2 1 0 0  aaaa99957888a9666299aa887898a777794365a653544
51617 1 5 15 3 4 2 1 0 0  aaaa99957888a9654299aa887898a777794635a666534
51623 1 5 15 3 5 2 1 0 0  aaaa99957888a9654299aa887898a777794365a653664
51739 1 5 15 7 1 0 1 0 0  aaaa99974888a9777299aa886898a766794565a533645
51841 1 5 15 10 0 0 1 0 0  aaaa99966888a9746599aa885898a365793576a742774
52012 1 5 16 3 4 2 0 0 0  aaaa99954888a9663799aa887897a778693765a652445
52018 1 5 16 3 5 2 0 0 0  aaaa99954888a9653799aa887897a778693765a644625
52089 1 5 16 5 5 1 1 0 0  aaaa99976888a9777299aa885897a658796554a346364
52210 1 5 16 9 1 2 0 0 0  aaaa99954888a9773699aa886897a668793675a752445
52225 1 5 16 9 4 0 1 0 0  aaaa99966888a9775299aa885897a558794376a763644
52229 1 5 16 9 4 2 1 0 0  aaaa99966888a9775299aa884897a548794376a763655
52231 1 5 16 9 5 0 1 0 0  aaaa99965888a9774299aa885897a558794376a763646
52235 1 5 16 9 5 2 1 0 0  aaaa99965888a9775299aa884897a548794376a763656
52246 1 5 16 10 1 2 0 0 0  aaaa99954888a9753699aa886897a668793675a744725
52261 1 5 16 10 4 0 1 0 0  aaaa99966888a9765299aa885897a558794376a763744
52265 1 5 16 10 4 2 1 0 0  aaaa99966888a9765299aa884897a548794376a763755
52267 1 5 16 10 5 0 1 0 0  aaaa99965888a9764299aa885897a558794376a763746
52271 1 5 16 10 5 2 1 0 0  aaaa99965888a9765299aa884897a548794376a763756
52374 1 5 17 2 5 0 0 0 0  aaaa99965888a9864799aa887897a375495527a763646
52535 1 5 17 7 1 2 1 0 0  aaaa99957888a9854299aa887897a776696636a754534
52541 1 5 17 7 2 2 1 0 0  aaaa99957888a9854299aa887897a776696635a764534
52544 1 5 17 7 3 1 0 0 0  aaaa99957888a9855299aa887897a776696645a734643
52545 1 5 17 7 3 1 1 0 0  aaaa99957888a9855299aa887897a776696633a754644
52547 1 5 17 7 3 2 1 0 0  aaaa99957888a9854299aa887897a776696635a754634
52553 1 5 17 7 4 2 1 0 0  aaaa99957888a9854299aa887897a776694635a766534
52554 1 5 17 7 5 0 0 0 0  aaaa99967888a9864299aa887897a775494556a763653
52555 1 5 17 7 5 0 1 0 0  aaaa99967888a9865299aa887897a775495546a763643
52557 1 5 17 7 5 1 1 0 0  aaaa99967888a9864299aa887897a775595536a764634
52558 1 5 17 7 5 2 0 0 0  aaaa99967888a9865299aa887897a774495436a765635
52559 1 5 17 7 5 2 1 0 0  aaaa99967888a9865299aa887897a773495346a765645
52590 1 5 17 8 5 0 0 0 0  aaaa99965888a9864799aa887897a775495526a763643
52633 1 5 17 10 0 0 1 0 0  aaaa99966888a9846599aa885897a365793576a742774
52970 1 5 18 8 2 1 0 0 0  aaaa99954888a9883799aa447896a877793657a662565
52972 1 5 18 8 2 2 0 0 0  aaaa99945888a9885799aa357896a877795647a662463
52976 1 5 18 8 3 1 0 0 0  aaaa99964888a9883799aa447895a877793667a566525
53095 1 5 19 0 5 0 1 0 0  aaaa99977888a9855799aa872896a578694367a653644
53099 1 5 19 0 5 2 1 0 0  aaaa99977888a9835799aa872896a578695467a644653
53188 1 5 19 3 2 2 0 0 0  aaaa99954888a9853799aa837897a778692765a666445
53200 1 5 19 3 4 2 0 0 0  aaaa99954888a9853799aa837897a778696765a644625
53206 1 5 19 3 5 2 0 0 0  aaaa99954888a9853799aa837897a778692765a644665
53260 1 5 19 5 2 2 0 0 0  aaaa99954888a9853799aa837897a278697666a744565
53266 1 5 19 5 3 2 0 0 0  aaaa99954888a9853799aa837897a278697666a756445
53272 1 5 19 5 4 2 0 0 0  aaaa99954888a9853799aa837897a278697665a744665
53274 1 5 19 5 5 0 0 0 0  aaaa99965888a9864799aa837897a378497556a765642
53276 1 5 19 5 5 1 0 0 0  aaaa99965888a9864799aa837897a378597456a764652
53290 1 5 19 6 1 2 0 0 0  aaaa99954888a9853799aa837897a768696675a762445
53296 1 5 19 6 2 2 0 0 0  aaaa99954888a9853799aa837897a768696676a752445
53302 1 5 19 6 3 2 0 0 0  aaaa99954888a9853799aa837897a768696675a744625
53304 1 5 19 6 4 0 0 0 0  aaaa99966888a9864799aa837897a758593576a762454
53310 1 5 19 6 5 0 0 0 0  aaaa99965888a9864799aa837897a758495576a763642
53312 1 5 19 6 5 1 0 0 0  aaaa99965888a9864799aa837897a758595476a764632
53332 1 5 19 7 2 2 0 0 0  aaaa99954888a9853799aa877897a378692666a744565
53338 1 5 19 7 3 2 0 0 0  aaaa99954888a9853799aa877897a378692666a756445
53344 1 5 19 7 4 2 0 0 0  aaaa99954888a9853799aa877897a378692665a744665
53348 1 5 19 7 5 1 0 0 0  aaaa99965888a9864799aa877897a378593456a764652
53368 1 5 19 8 2 2 0 0 0  aaaa99954888a9853799aa837897a778692666a744565
53374 1 5 19 8 3 2 0 0 0  aaaa99954888a9853799aa837897a778692666a756445
53380 1 5 19 8 4 2 0 0 0  aaaa99954888a9853799aa837897a778692665a744665
53384 1 5 19 8 5 1 0 0 0  aaaa99965888a9864799aa837897a778593456a764652
53389 1 5 19 9 0 0 1 0 0  aaaa99966888a9856799aa853897a468793276a755744
53393 1 5 19 9 0 2 1 0 0  aaaa99966888a9836799aa852897a568795476a744753
53396 1 5 19 9 1 1 0 0 0  aaaa99954888a9844799aa856897a368796675a763725
53398 1 5 19 9 1 2 0 0 0  aaaa99945888a9835799aa856897a568796673a764724
53402 1 5 19 9 2 1 0 0 0  aaaa99954888a9853799aa856897a368796676a744725
53404 1 5 19 9 2 2 0 0 0  aaaa99945888a9835799aa856897a568796676a744723
53410 1 5 19 9 3 2 0 0 0  aaaa99956888a9854799aa836897a368796675a744725
53414 1 5 19 9 4 1 0 0 0  aaaa99966888a9865799aa845897a358795476a764732
53420 1 5 19 9 5 1 0 0 0  aaaa99965888a9864799aa835897a358795476a764726
53434 1 5 19 10 1 2 0 0 0  aaaa99954888a9853699aa836897a668792675a744775
53453 1 5 19 10 4 2 1 0 0  aaaa99966888a9865299aa854897a548794376a763775
53532 1 5 20 2 0 0 0 0 0  aaaa99975888a9884799aa787897a376693656a545264
53612 1 5 20 4 1 1 0 0 0  aaaa99974888a9883799aa787897a366596567a545624
53618 1 5 20 4 2 1 0 0 0  aaaa99975888a9884799aa787897a366693257a566454
53620 1 5 20 4 2 2 0 0 0  aaaa99975888a9885799aa787897a566695447a366432
53742 1 5 20 7 5 0 0 0 0  aaaa99965888a9884799aa787897a375495526a763646
54118 1 5 21 7 1 2 0 0 0  aaaa99973888a9888799aa777895a366692456a547456
54287 1 5 22 0 5 2 1 0 0  aaaa99977736a9874399aa546798a766896285a854885
54372 1 5 22 3 2 0 0 0 0  aaaa99957777a9874699aa476698a356896582a853884
54433 1 5 22 5 0 0 1 0 0  aaaa99966777a9846599aa775798a365893586a842884
54514 1 5 22 7 1 2 0 0 0  aaaa99954777a9853699aa736798a667892685a844885
54533 1 5 22 7 4 2 1 0 0  aaaa99966777a9865299aa754798a547894386a863885
54911 1 6 0 7 1 2 1 0 0  aaaa99988998a7787869aa689274a986736546a555347
54931 1 6 0 7 5 0 1 0 0  aaaa99988998a7787859aa589274a986735645a666347
54933 1 6 0 7 5 1 1 0 0  aaaa99988998a7787859aa389274a986755645a666347
55043 1 6 0 10 5 2 1 0 0  aaaa99988998a7684839aa589276a987653765a774645
55045 1 6 1 0 0 0 1 0 0  aaaa99977998a8866889aa369875a976575248a467345
55096 1 6 1 1 2 2 0 0 0  aaaa99957998a8854889aa539862a977673678a644675
55126 1 6 1 2 1 2 0 0 0  aaaa99954998a8853889aa449872a977676678a663575
55132 1 6 1 2 2 2 0 0 0  aaaa99954998a8853889aa449876a977673678a662575
55168 1 6 1 3 2 2 0 0 0  aaaa99954998a8853889aa539867a977677678a644625
55180 1 6 1 3 4 2 0 0 0  aaaa99954998a8853889aa539867a977677678a662445
55204 1 6 1 4 2 2 0 0 0  aaaa99954998a8853889aa539867a977672678a644675
55216 1 6 1 4 4 2 0 0 0  aaaa99954998a8853889aa449867a977673678a662575
55238 1 6 1 5 2 1 0 0 0  aaaa99975998a8854889aa529863a976377778a644665
55240 1 6 1 5 2 2 0 0 0  aaaa99975998a8845889aa259863a976377778a644665
55270 1 6 1 6 1 2 0 0 0  aaaa99956998a8854889aa449873a977772638a667565
55276 1 6 1 6 2 2 0 0 0  aaaa99954998a8853889aa449876a977773628a667565
55288 1 6 1 6 4 2 0 0 0  aaaa99954998a8853889aa449876a977773668a257665
55294 1 6 1 6 5 2 0 0 0  aaaa99954998a8853889aa449876a977773268a657665
55310 1 6 1 7 2 1 0 0 0  aaaa99975998a8854889aa539876a977673678a662445
55312 1 6 1 7 2 2 0 0 0  aaaa99975998a8845889aa359876a977675678a662443
55316 1 6 1 7 3 1 0 0 0  aaaa99975998a8864889aa449876a977573678a663552
55342 1 6 1 8 1 2 0 0 0  aaaa99956998a8854889aa449873a977377678a662565
55348 1 6 1 8 2 2 0 0 0  aaaa99954998a8853889aa539876a977677678a662445
55384 1 6 1 9 2 2 0 0 0  aaaa99954998a8853889aa449876a977777628a663565
55420 1 6 1 10 2 2 0 0 0  aaaa99954998a8853889aa449876a967663728a777565
55468 1 6 2 0 4 2 0 0 0  aaaa99984998a8877789aa879266a976573658a563454
55474 1 6 2 0 5 2 0 0 0  aaaa99984998a8877789aa879265a976573658a663454
55664 1 6 2 6 1 1 0 0 0  aaaa99984998a8844789aa839777a967663658a576525
55769 1 6 2 9 0 2 1 0 0  aaaa99986998a8866289aa849765a977777358a563544
55790 1 6 2 9 4 1 0 0 0  aaaa99984998a8844689aa839765a977777658a663525
56067 1 6 3 6 2 1 1 0 0  aaaa99984998a8855389aa839786a977757627a664564
56069 1 6 3 6 2 2 1 0 0  aaaa99984998a8854389aa839786a977757627a664565
56110 1 6 3 7 3 2 0 0 0  aaaa99984998a8853789aa879787a976663625a744565
56118 1 6 3 7 5 0 0 0 0  aaaa99985998a8864789aa879787a975465526a763643
56139 1 6 3 8 2 1 1 0 0  aaaa99984998a8855389aa839786a977774666a257564
56141 1 6 3 8 2 2 1 0 0  aaaa99984998a8854389aa839786a977774666a257565
56150 1 6 3 8 4 1 0 0 0  aaaa99985998a8844689aa849786a977773265a657635
56152 1 6 3 8 4 2 0 0 0  aaaa99985998a8845689aa859786a977775464a637623
56157 1 6 3 8 5 1 1 0 0  aaaa99984998a8855389aa839786a977774265a657664
56159 1 6 3 8 5 2 1 0 0  aaaa99984998a8854389aa839786a977774265a657665
56217 1 6 3 10 3 1 1 0 0  aaaa99984998a8855389aa839687a966764275a756774
56219 1 6 3 10 3 2 1 0 0  aaaa99984998a8854389aa839687a966764275a756775
56236 1 6 4 0 0 2 0 0 0  aaaa99977998a8866289aa889685a973576356a747544
56255 1 6 4 0 3 2 1 0 0  aaaa99977998a8854689aa889686a972674635a757534
56267 1 6 4 0 5 2 1 0 0  aaaa99977998a8852389aa889386a944774765a657665
56334 1 6 4 2 5 0 0 0 0  aaaa99965998a8864789aa889787a975475526a763643
56448 1 6 4 6 0 0 0 0 0  aaaa99966998a8836489aa889784a977737657a565425
56452 1 6 4 6 0 2 0 0 0  aaaa99966998a8846289aa889785a977737657a564354
56455 1 6 4 6 1 0 1 0 0  aaaa99955998a8835289aa889786a977757667a466443
56459 1 6 4 6 1 2 1 0 0  aaaa99954998a8854289aa889786a977757667a366534
56461 1 6 4 6 2 0 1 0 0  aaaa99955998a8843289aa889786a977747657a663564
56464 1 6 4 6 2 2 0 0 0  aaaa99945998a8835289aa889786a977737647a665465
56465 1 6 4 6 2 2 1 0 0  aaaa99954998a8854289aa889786a977757637a664365
56473 1 6 4 6 4 0 1 0 0  aaaa99955998a8835289aa889786a977757647a666443
56477 1 6 4 6 4 2 1 0 0  aaaa99954998a8854289aa889786a977757637a666534
56479 1 6 4 6 5 0 1 0 0  aaaa99955998a8835289aa889786a977757467a644663
56483 1 6 4 6 5 2 1 0 0  aaaa99954998a8854289aa889786a977757367a653664
56503 1 6 4 7 3 0 1 0 0  aaaa99955998a8843289aa889786a977743666a576574
56506 1 6 4 7 3 2 0 0 0  aaaa99945998a8835289aa889786a977735666a476475
56507 1 6 4 7 3 2 1 0 0  aaaa99954998a8854289aa889786a977754666a376375
56514 1 6 4 7 5 0 0 0 0  aaaa99965998a8863489aa889784a977763556a475672
56515 1 6 4 7 5 0 1 0 0  aaaa99965998a8864389aa889783a977764556a275674
56516 1 6 4 7 5 1 0 0 0  aaaa99965998a8863489aa889784a977763546a575672
56517 1 6 4 7 5 1 1 0 0  aaaa99965998a8864389aa889783a977764526a575674
56519 1 6 4 7 5 2 1 0 0  aaaa99965998a8865389aa889783a977765426a474675
56524 1 6 4 8 0 2 0 0 0  aaaa99966998a8846289aa889785a977774656a537354
56532 1 6 4 8 2 0 0 0 0  aaaa99955998a8854289aa889786a977775666a347364
56533 1 6 4 8 2 0 1 0 0  aaaa99955998a8843289aa889786a977773666a557464
56536 1 6 4 8 2 2 0 0 0  aaaa99945998a8835289aa889786a977775666a447365
56537 1 6 4 8 2 2 1 0 0  aaaa99954998a8854289aa889786a977774666a357365
56548 1 6 4 8 4 2 0 0 0  aaaa99954998a8844689aa889786a977773265a657635
56550 1 6 4 8 5 0 0 0 0  aaaa99955998a8854289aa889786a977775364a637664
56551 1 6 4 8 5 0 1 0 0  aaaa99955998a8843289aa889786a977773565a647664
56554 1 6 4 8 5 2 0 0 0  aaaa99945998a8835289aa889786a977775464a637665
56555 1 6 4 8 5 2 1 0 0  aaaa99954998a8854289aa889786a977774365a637665
56568 1 6 4 9 2 0 0 0 0  aaaa99955998a8854289aa889786a977777666a345364
56569 1 6 4 9 2 0 1 0 0  aaaa99955998a8845289aa889786a977777666a353464
56573 1 6 4 9 2 2 1 0 0  aaaa99954998a8854289aa889786a977777666a353564
56574 1 6 4 9 3 0 0 0 0  aaaa99955998a8854289aa889786a977777666a346354
56575 1 6 4 9 3 0 1 0 0  aaaa99955998a8835289aa889786a977777666a456443
56579 1 6 4 9 3 2 1 0 0  aaaa99954998a8854289aa889786a977777666a356534
56580 1 6 4 9 4 0 0 0 0  aaaa99955998a8854289aa889786a977777634a666354
56581 1 6 4 9 4 0 1 0 0  aaaa99955998a8835289aa889786a977777645a666443
56585 1 6 4 9 4 2 1 0 0  aaaa99954998a8854289aa889786a977777635a666534
56586 1 6 4 9 5 0 0 0 0  aaaa99955998a8854289aa889786a977777364a635664
56587 1 6 4 9 5 0 1 0 0  aaaa99955998a8835289aa889786a977777465a644663
56591 1 6 4 9 5 2 1 0 0  aaaa99954998a8854289aa889786a977777365a653664
56605 1 6 4 10 2 0 1 0 0  aaaa99955998a8835289aa889687a966756476a744773
56609 1 6 4 10 2 2 1 0 0  aaaa99954998a8854289aa889687a966756376a753774
56610 1 6 4 10 3 0 0 0 0  aaaa99955998a8854289aa889687a966765374a736774
56611 1 6 4 10 3 0 1 0 0  aaaa99955998a8843289aa889687a966763575a746774
56614 1 6 4 10 3 2 0 0 0  aaaa99945998a8835289aa889687a966765474a736775
56615 1 6 4 10 3 2 1 0 0  aaaa99954998a8854289aa889687a966764375a736775
56616 1 6 4 10 4 0 0 0 0  aaaa99955998a8854289aa889687a966766374a735774
56617 1 6 4 10 4 0 1 0 0  aaaa99955998a8835289aa889687a966766475a744773
56621 1 6 4 10 4 2 1 0 0  aaaa99954998a8854289aa889687a966766375a753774
56622 1 6 4 10 5 0 0 0 0  aaaa99965998a8864389aa889387a954765576a764772
56623 1 6 4 10 5 0 1 0 0  aaaa99965998a8863289aa889587a954765476a764773
56625 1 6 4 10 5 1 1 0 0  aaaa99964998a8864289aa889587a955765376a763774
56627 1 6 4 10 5 2 1 0 0  aaaa99965998a8865289aa889487a943765476a763775
56764 1 6 5 3 4 2 0 0 0  aaaa99954998a8853689aa839786a987777765a644625
56845 1 6 5 6 0 0 1 0 0  aaaa99966998a8856289aa849687a987777576a534543
56866 1 6 5 6 3 2 0 0 0  aaaa99954998a8853689aa839687a987777676a652445
56879 1 6 5 6 5 2 1 0 0  aaaa99965998a8865389aa859387a987777476a464652
56938 1 6 5 8 3 2 0 0 0  aaaa99954998a8853689aa839687a987777766a652445
56980 1 6 5 9 4 2 0 0 0  aaaa99954998a8853689aa839786a987644765a777625
57075 1 6 6 1 2 1 1 0 0  aaaa99977998a8855389aa839886a977754627a664564
57077 1 6 6 1 2 2 1 0 0  aaaa99977998a8854389aa839886a977754627a664565
57111 1 6 6 2 2 1 1 0 0  aaaa99974998a8855389aa839886a977754627a667564
57113 1 6 6 2 2 2 1 0 0  aaaa99974998a8854389aa839886a977754627a667565
57115 1 6 6 2 3 0 1 0 0  aaaa99975998a8864289aa849886a977755637a667534
57122 1 6 6 2 4 1 0 0 0  aaaa99974998a8853689aa839886a977744567a657625
57124 1 6 6 2 4 2 0 0 0  aaaa99975998a8845689aa859886a977735467a647623
57129 1 6 6 2 5 1 1 0 0  aaaa99974998a8855389aa839886a977754267a657664
57131 1 6 6 2 5 2 1 0 0  aaaa99974998a8854389aa839886a977754267a657665
57147 1 6 6 3 2 1 1 0 0  aaaa99974998a8855389aa839886a977757627a664564
57149 1 6 6 3 2 2 1 0 0  aaaa99974998a8854389aa839886a977757627a664565
57175 1 6 6 4 1 0 1 0 0  aaaa99975998a8874289aa849886a977755667a366534
57181 1 6 6 4 2 0 1 0 0  aaaa99975998a8874389aa839886a977755627a664564
57185 1 6 6 4 2 2 1 0 0  aaaa99975998a8875389aa839886a977745627a665464
57188 1 6 6 4 3 1 0 0 0  aaaa99974998a8873589aa839885a977762667a566454
57193 1 6 6 4 4 0 1 0 0  aaaa99975998a8874289aa849886a977755637a666534
57199 1 6 6 4 5 0 1 0 0  aaaa99975998a8874289aa849886a977755367a653664
57216 1 6 6 5 2 0 0 0 0  aaaa99955998a8854489aa849887a976737767a665362
57235 1 6 6 5 5 0 1 0 0  aaaa99965998a8864389aa839887a972767757a565644
57239 1 6 6 5 5 2 1 0 0  aaaa99965998a8865289aa859887a974767737a464635
57246 1 6 6 6 1 0 0 0 0  aaaa99956998a8855289aa859887a977774666a346374
57247 1 6 6 6 1 0 1 0 0  aaaa99956998a8855389aa839887a977775666a246474
57251 1 6 6 6 1 2 1 0 0  aaaa99956998a8854389aa839887a977774666a256574
57261 1 6 6 6 3 1 1 0 0  aaaa99964998a8855389aa839887a977774666a256574
57263 1 6 6 6 3 2 1 0 0  aaaa99964998a8854389aa839887a977774666a256575
57267 1 6 6 6 4 1 1 0 0  aaaa99964998a8855389aa839887a977774625a666574
57269 1 6 6 6 4 2 1 0 0  aaaa99964998a8854389aa839887a977774625a666575
57271 1 6 6 6 5 0 1 0 0  aaaa99965998a8864389aa839887a977774556a265674
57273 1 6 6 6 5 1 1 0 0  aaaa99965998a8864389aa839887a977774526a565674
57274 1 6 6 6 5 2 0 0 0  aaaa99965998a8865289aa859887a977775436a364674
57275 1 6 6 6 5 2 1 0 0  aaaa99965998a8865389aa839887a977775426a464675
57282 1 6 6 7 1 0 0 0 0  aaaa99956998a8855289aa859887a977743647a667463
57283 1 6 6 7 1 0 1 0 0  aaaa99956998a8855389aa839887a977745627a667464
57287 1 6 6 7 1 2 1 0 0  aaaa99956998a8854389aa839887a977754627a667564
57289 1 6 6 7 2 0 1 0 0  aaaa99965998a8864289aa849887a977755637a667534
57297 1 6 6 7 3 1 1 0 0  aaaa99964998a8855389aa839887a977754627a667564
57299 1 6 6 7 3 2 1 0 0  aaaa99964998a8854389aa839887a977754627a667565
57303 1 6 6 7 4 1 1 0 0  aaaa99964998a8855389aa839887a977754267a657664
57305 1 6 6 7 4 2 1 0 0  aaaa99964998a8854389aa839887a977754267a657665
57307 1 6 6 7 5 0 1 0 0  aaaa99965998a8864389aa839887a977764557a267654
57309 1 6 6 7 5 1 1 0 0  aaaa99965998a8864389aa839887a977764257a567654
57310 1 6 6 7 5 2 0 0 0  aaaa99965998a8865289aa859887a977765347a367644
57311 1 6 6 7 5 2 1 0 0  aaaa99965998a8865389aa839887a977765247a467645
57319 1 6 6 8 1 0 1 0 0  aaaa99956998a8855389aa839887a977747627a665464
57323 1 6 6 8 1 2 1 0 0  aaaa99956998a8854389aa839887a977757627a664564
57325 1 6 6 8 2 0 1 0 0  aaaa99965998a8864389aa839887a977757627a664554
57343 1 6 6 8 5 0 1 0 0  aaaa99965998a8864289aa849887a977767557a365634
57345 1 6 6 8 5 1 1 0 0  aaaa99965998a8864289aa849887a977767537a565634
57346 1 6 6 8 5 2 0 0 0  aaaa99965998a8865289aa859887a977767347a365644
57347 1 6 6 8 5 2 1 0 0  aaaa99965998a8865289aa859887a977767437a464635
57359 1 6 6 9 1 2 1 0 0  aaaa99956998a8854289aa849887a977777666a356534
57379 1 6 6 9 5 0 1 0 0  aaaa99965998a8864289aa849887a977777556a365634
57381 1 6 6 9 5 1 1 0 0  aaaa99965998a8864289aa849887a977777536a565634
57382 1 6 6 9 5 2 0 0 0  aaaa99965998a8865289aa859887a977777346a365644
57383 1 6 6 9 5 2 1 0 0  aaaa99965998a8865289aa859887a977777436a464635
57415 1 6 6 10 5 0 1 0 0  aaaa99965998a8864289aa849887a953765576a763774
57417 1 6 6 10 5 1 1 0 0  aaaa99965998a8864289aa849887a955765376a763774
57418 1 6 6 10 5 2 0 0 0  aaaa99965998a8865289aa859887a934765376a764774
57419 1 6 6 10 5 2 1 0 0  aaaa99965998a8865289aa859887a944764376a763775
57470 1 6 7 1 2 1 0 0 0  aaaa99977998a8885889aa549863a977752637a644665
57472 1 6 7 1 2 2 0 0 0  aaaa99977998a8885889aa459863a977725637a644665
57506 1 6 7 2 2 1 0 0 0  aaaa99974998a8883889aa539876a977744657a662565
57508 1 6 7 2 2 2 0 0 0  aaaa99975998a8885889aa459876a977735647a662463
57512 1 6 7 2 3 1 0 0 0  aaaa99974998a8883889aa639875a977744667a566525
57542 1 6 7 3 2 1 0 0 0  aaaa99975998a8884889aa529863a977757637a644665
57544 1 6 7 3 2 2 0 0 0  aaaa99975998a8885889aa459863a977727637a644665
57564 1 6 7 4 0 0 0 0 0  aaaa99975998a8884889aa739866a977763567a562454
57566 1 6 7 4 0 1 0 0 0  aaaa99975998a8884889aa739866a977763567a565442
57576 1 6 7 4 2 0 0 0 0  aaaa99975998a8884889aa739862a977755467a664563
57578 1 6 7 4 2 1 0 0 0  aaaa99975998a8885889aa749863a977755637a644662
57584 1 6 7 4 3 1 0 0 0  aaaa99975998a8884889aa739866a977763657a562454
57586 1 6 7 4 3 2 0 0 0  aaaa99975998a8885889aa759866a977765647a464332
57590 1 6 7 4 4 1 0 0 0  aaaa99974998a8883889aa739866a977744657a566525
57596 1 6 7 4 5 1 0 0 0  aaaa99974998a8883889aa739865a977744657a666525
57610 1 6 7 5 1 2 0 0 0  aaaa99956998a8883889aa539874a977447677a662565
57616 1 6 7 5 2 2 0 0 0  aaaa99954998a8883889aa539876a977657677a662445
57646 1 6 7 6 1 2 0 0 0  aaaa99956998a8883889aa539874a977772666a447565
57652 1 6 7 6 2 2 0 0 0  aaaa99954998a8883889aa449876a977773666a257565
57664 1 6 7 6 4 2 0 0 0  aaaa99954998a8883889aa449876a977773266a657565
57670 1 6 7 6 5 2 0 0 0  aaaa99954998a8883889aa449876a977773265a657665
57682 1 6 7 7 1 2 0 0 0  aaaa99954998a8883889aa539876a977744667a266575
57688 1 6 7 7 2 2 0 0 0  aaaa99954998a8883889aa539876a977744627a656675
57694 1 6 7 7 3 2 0 0 0  aaaa99965998a8885889aa459874a977735667a266473
57700 1 6 7 7 4 2 0 0 0  aaaa99954998a8883889aa539876a977744627a666575
57702 1 6 7 7 5 0 0 0 0  aaaa99965998a8883889aa639875a977762447a565476
57704 1 6 7 7 5 1 0 0 0  aaaa99965998a8885889aa639874a977763447a565672
57724 1 6 7 8 2 2 0 0 0  aaaa99954998a8883889aa449876a977757627a663565
57796 1 6 7 10 2 2 0 0 0  aaaa99954998a8883889aa449876a967663725a777565
57833 1 6 8 0 2 2 1 0 0  aaaa99977998a8854789aa879286a976676865a354534
57851 1 6 8 0 5 2 1 0 0  aaaa99977998a8854789aa879286a973674865a653645
57932 1 6 8 3 1 1 0 0 0  aaaa99965998a8854789aa839786a977773866a652445
57934 1 6 8 3 1 2 0 0 0  aaaa99965998a8845789aa859786a977775866a644332
57940 1 6 8 3 2 2 0 0 0  aaaa99954998a8853789aa839786a977772865a666445
57952 1 6 8 3 4 2 0 0 0  aaaa99954998a8853789aa839786a977772866a644565
57958 1 6 8 3 5 2 0 0 0  aaaa99954998a8853789aa839786a977772865a644665
58060 1 6 8 6 4 2 0 0 0  aaaa99954998a8853689aa839786a977757867a644625
58126 1 6 8 8 3 2 0 0 0  aaaa99954998a8853689aa839786a977772866a657445
58132 1 6 8 8 4 2 0 0 0  aaaa99954998a8844689aa839786a977773865a657625
58134 1 6 8 8 5 0 0 0 0  aaaa99955998a8854489aa849786a977775863a637662
58168 1 6 8 9 4 2 0 0 0  aaaa99954998a8853689aa839786a977777865a644625
58186 1 6 8 10 1 2 0 0 0  aaaa99954998a8853689aa839687a966762875a744775
58194 1 6 8 10 3 0 0 0 0  aaaa99955998a8854489aa849687a966765873a736772
58211 1 6 8 10 5 2 1 0 0  aaaa99965998a8865389aa859387a944764876a765772
58235 1 6 9 0 3 2 1 0 0  aaaa99977998a8854789aa879286a976676685a354534
58336 1 6 9 3 2 2 0 0 0  aaaa99954998a8844789aa839786a977773685a662565
58342 1 6 9 3 3 2 0 0 0  aaaa99954998a8853789aa839786a977772686a656445
58348 1 6 9 3 4 2 0 0 0  aaaa99954998a8853789aa839786a977772685a666445
58350 1 6 9 3 5 0 0 0 0  aaaa99965998a8864789aa839785a977773286a565446
58352 1 6 9 3 5 1 0 0 0  aaaa99965998a8864789aa839784a977773586a565642
58361 1 6 9 4 0 2 1 0 0  aaaa99967998a8857789aa879787a966354286a654534
58438 1 6 9 6 1 2 0 0 0  aaaa99954998a8853689aa839786a977757687a662445
58440 1 6 9 6 2 0 0 0 0  aaaa99955998a8854489aa849786a977737687a665362
58463 1 6 9 6 5 2 1 0 0  aaaa99965998a8865389aa859783a977767487a464652
58469 1 6 9 7 0 2 1 0 0  aaaa99966998a8856789aa879787a976364285a754534
58494 1 6 9 7 5 0 0 0 0  aaaa99964998a8863789aa879787a975563586a762454
58510 1 6 9 8 1 2 0 0 0  aaaa99954998a8853689aa839786a977772685a667445
58512 1 6 9 8 2 0 0 0 0  aaaa99955998a8854489aa849786a977775683a667362
58528 1 6 9 8 4 2 0 0 0  aaaa99954998a8844689aa839786a977773285a657665
58532 1 6 9 8 5 1 0 0 0  aaaa99964998a8863489aa849785a977773586a567652
58535 1 6 9 8 5 2 1 0 0  aaaa99965998a8865389aa839784a977775286a467645
58548 1 6 9 9 2 0 0 0 0  aaaa99955998a8854489aa849786a977777683a665362
58571 1 6 9 9 5 2 1 0 0  aaaa99965998a8865389aa859783a977777486a464652
58601 1 6 9 10 4 2 1 0 0  aaaa99975998a8875389aa859683a966676487a474752
58603 1 6 9 10 5 0 1 0 0  aaaa99976998a8876389aa869583a954576487a476752
58607 1 6 9 10 5 2 1 0 0  aaaa99976998a8876489aa869484a935376587a575762
58835 1 6 10 6 1 2 1 0 0  aaaa99954998a8884289aa589786a977757667a366534
58837 1 6 10 6 2 0 1 0 0  aaaa99955998a8883589aa589786a977747627a663464
58840 1 6 10 6 2 2 0 0 0  aaaa99945998a8885489aa489786a977727637a665365
58841 1 6 10 6 2 2 1 0 0  aaaa99954998a8884289aa589786a977757637a664365
58853 1 6 10 6 4 2 1 0 0  aaaa99954998a8884289aa589786a977757637a666534
58859 1 6 10 6 5 2 1 0 0  aaaa99954998a8884289aa589786a977757367a653664
58882 1 6 10 7 3 2 0 0 0  aaaa99954998a8883789aa789787a976663625a744565
58890 1 6 10 7 5 0 0 0 0  aaaa99965998a8884789aa789787a975465526a763643
58908 1 6 10 8 2 0 0 0 0  aaaa99955998a8885289aa589786a977774666a347364
58909 1 6 10 8 2 0 1 0 0  aaaa99955998a8883589aa589786a977773666a247464
58912 1 6 10 8 2 2 0 0 0  aaaa99945998a8885489aa489786a977775666a337265
58913 1 6 10 8 2 2 1 0 0  aaaa99954998a8884289aa589786a977774666a357365
58924 1 6 10 8 4 2 0 0 0  aaaa99944998a8884689aa589786a977773265a657635
58926 1 6 10 8 5 0 0 0 0  aaaa99955998a8885289aa589786a977774364a637664
58927 1 6 10 8 5 0 1 0 0  aaaa99955998a8883589aa589786a977773264a647664
58930 1 6 10 8 5 2 0 0 0  aaaa99945998a8885489aa489786a977775363a627665
58931 1 6 10 8 5 2 1 0 0  aaaa99954998a8884289aa589786a977774365a637665
58949 1 6 10 9 2 2 1 0 0  aaaa99954998a8884289aa589786a977777666a353564
58955 1 6 10 9 3 2 1 0 0  aaaa99954998a8884289aa589786a977777666a356534
58961 1 6 10 9 4 2 1 0 0  aaaa99954998a8884289aa589786a977777635a666534
58967 1 6 10 9 5 2 1 0 0  aaaa99954998a8884289aa589786a977777365a653664
58985 1 6 10 10 2 2 1 0 0  aaaa99954998a8884289aa589687a966756376a753774
58986 1 6 10 10 3 0 0 0 0  aaaa99955998a8885289aa589687a966764374a736774
58987 1 6 10 10 3 0 1 0 0  aaaa99955998a8883589aa589687a966763274a746774
58990 1 6 10 10 3 2 0 0 0  aaaa99945998a8885489aa489687a966765373a726775
58991 1 6 10 10 3 2 1 0 0  aaaa99954998a8884289aa589687a966764375a736775
58997 1 6 10 10 4 2 1 0 0  aaaa99954998a8884289aa589687a966766375a753774
58998 1 6 10 10 5 0 0 0 0  aaaa99965998a8884389aa689387a954765576a764772
58999 1 6 10 10 5 0 1 0 0  aaaa99965998a8883289aa689587a954765476a764773
59001 1 6 10 10 5 1 1 0 0  aaaa99964998a8884289aa689587a955765376a763774
59003 1 6 10 10 5 2 1 0 0  aaaa99965998a8885289aa689487a943765476a763775
59206 1 6 11 5 3 2 0 0 0  aaaa99953998a8888889aa539777a976662647a447565
59236 1 6 11 6 2 2 0 0 0  aaaa99954998a8888889aa529763a977757637a644665
59266 1 6 11 7 1 2 0 0 0  aaaa99956998a8888889aa539777a976663445a276475
59272 1 6 11 7 2 2 0 0 0  aaaa99953998a8888889aa539777a976662644a476575
59278 1 6 11 7 3 2 0 0 0  aaaa99953998a8888889aa539777a976662465a476475
59286 1 6 11 7 5 0 0 0 0  aaaa99965998a8888889aa639777a975465526a474673
59302 1 6 11 8 1 2 0 0 0  aaaa99956998a8888889aa539744a977773666a257465
59308 1 6 11 8 2 2 0 0 0  aaaa99953998a8888889aa539746a977772666a457465
59314 1 6 11 8 3 2 0 0 0  aaaa99953998a8888889aa539764a977772666a447565
59320 1 6 11 8 4 2 0 0 0  aaaa99953998a8888889aa539764a977772644a667565
59326 1 6 11 8 5 2 0 0 0  aaaa99953998a8888889aa539746a977772464a657665
59386 1 6 11 10 3 2 0 0 0  aaaa99953998a8888889aa539674a967662744a777565
59522 1 6 12 3 2 1 0 0 0  aaaa99974998a8883889aa589666a977747257a566534
59524 1 6 12 3 2 2 0 0 0  aaaa99973998a8883889aa589666a977757447a266545
59526 1 6 12 3 3 0 0 0 0  aaaa99975998a8882889aa489666a977737557a465463
59528 1 6 12 3 3 1 0 0 0  aaaa99975998a8882889aa489666a977737547a565463
59536 1 6 12 3 4 2 0 0 0  aaaa99973998a8883889aa589466a977757647a466525
59540 1 6 12 3 5 1 0 0 0  aaaa99974998a8883889aa589265a977747657a666534
59542 1 6 12 3 5 2 0 0 0  aaaa99973998a8883889aa589464a977757627a666545
59588 1 6 12 5 1 1 0 0 0  aaaa99964998a8883889aa589777a976646257a567534
59590 1 6 12 5 1 2 0 0 0  aaaa99963998a8883889aa589777a976656447a267545
59602 1 6 12 5 3 2 0 0 0  aaaa99953998a8883889aa589777a976662647a447565
59632 1 6 12 6 2 2 0 0 0  aaaa99954998a8882889aa589763a977757637a644665
59662 1 6 12 7 1 2 0 0 0  aaaa99956998a8883889aa589777a976663445a276475
59668 1 6 12 7 2 2 0 0 0  aaaa99953998a8883889aa589777a976662644a476575
59674 1 6 12 7 3 2 0 0 0  aaaa99953998a8883889aa589777a976662465a476475
59682 1 6 12 7 5 0 0 0 0  aaaa99965998a8883889aa689777a975465526a474673
59698 1 6 12 8 1 2 0 0 0  aaaa99956998a8883889aa589744a977773666a257465
59704 1 6 12 8 2 2 0 0 0  aaaa99953998a8883889aa589746a977772666a457465
59710 1 6 12 8 3 2 0 0 0  aaaa99953998a8883889aa589764a977772666a447565
59716 1 6 12 8 4 2 0 0 0  aaaa99953998a8883889aa589764a977772644a667565
59722 1 6 12 8 5 2 0 0 0  aaaa99953998a8883889aa589746a977772464a657665
59768 1 6 12 10 1 1 0 0 0  aaaa99964998a8883889aa589275a967646756a777534
59770 1 6 12 10 1 2 0 0 0  aaaa99963998a8883889aa589474a967656726a777545
59782 1 6 12 10 3 2 0 0 0  aaaa99953998a8883889aa589674a967662744a777565
59958 1 6 13 4 3 0 0 0 0  aaaa99975998a8884889aa739777a986663657a545264
59992 1 6 13 5 2 2 0 0 0  aaaa99954998a8883889aa539777a987666267a657445
60004 1 6 13 5 4 2 0 0 0  aaaa99954998a8883889aa449777a987656267a657635
60010 1 6 13 5 5 2 0 0 0  aaaa99954998a8883889aa539777a987644267a657665
60028 1 6 13 6 2 2 0 0 0  aaaa99954998a8883889aa539672a987777766a644565
60040 1 6 13 6 4 2 0 0 0  aaaa99954998a8883889aa539676a987777725a644665
60046 1 6 13 6 5 2 0 0 0  aaaa99954998a8883889aa539276a987777765a644665
60076 1 6 13 7 4 2 0 0 0  aaaa99954998a8883889aa539777a987644627a666575
60080 1 6 13 7 5 1 0 0 0  aaaa99965998a8883889aa639777a987464547a565672
60136 1 6 13 9 2 2 0 0 0  aaaa99954998a8883889aa539277a987666765a677445
60148 1 6 13 9 4 2 0 0 0  aaaa99954998a8883889aa449277a987656765a677635
60154 1 6 13 9 5 2 0 0 0  aaaa99954998a8883889aa539277a987644765a677665
60172 1 6 13 10 2 2 0 0 0  aaaa99954998a8883889aa539276a987666765a777445
60184 1 6 13 10 4 2 0 0 0  aaaa99954998a8883889aa539676a987644725a777665
60190 1 6 13 10 5 2 0 0 0  aaaa99954998a8883889aa539276a987644765a777665
60204 1 6 14 0 2 0 0 0 0  aaaa99977998a8884789aa729666a987658545a537643
60226 1 6 14 0 5 2 0 0 0  aaaa99977998a8885789aa759446a987628364a637655
60526 1 6 14 9 1 2 0 0 0  aaaa99956998a8883789aa539674a987448766a772565
60532 1 6 14 9 2 2 0 0 0  aaaa99954998a8883789aa449672a987658766a773565
60544 1 6 14 9 4 2 0 0 0  aaaa99954998a8883789aa449676a987658725a773665
60550 1 6 14 9 5 2 0 0 0  aaaa99954998a8883789aa449276a987658765a773665
60580 1 6 14 10 4 2 0 0 0  aaaa99954998a8883689aa449276a987658765a777635
60652 1 6 15 1 4 2 0 0 0  aaaa99954998a8853789aa779786a987663765a682445
60658 1 6 15 1 5 2 0 0 0  aaaa99954998a8853789aa779786a987644765a683625
60724 1 6 15 3 4 2 0 0 0  aaaa99954998a8853689aa449786a987777765a683625
60833 1 6 15 6 4 2 1 0 0  aaaa99966998a8865389aa659387a987777276a485445
60839 1 6 15 6 5 2 1 0 0  aaaa99965998a8865389aa659387a987777476a484652
60922 1 6 15 9 1 2 0 0 0  aaaa99954998a8853789aa449687a986766675a783725
60932 1 6 15 9 3 1 0 0 0  aaaa99964998a8853789aa449587a986766675a783725
60934 1 6 15 9 3 2 0 0 0  aaaa99965998a8845789aa359487a986766674a785723
60938 1 6 15 9 4 1 0 0 0  aaaa99966998a8864789aa639587a984764575a785732
60942 1 6 15 9 5 0 0 0 0  aaaa99965998a8864789aa639587a984764576a785732
60944 1 6 15 9 5 1 0 0 0  aaaa99965998a8865789aa639487a985765476a784732
60960 1 6 15 10 2 0 0 0 0  aaaa99965998a8863689aa669487a985745574a783772
60977 1 6 15 10 4 2 1 0 0  aaaa99966998a8865289aa659487a983765474a783775
61048 1 6 16 1 4 2 0 0 0  aaaa99954998a8853789aa779786a987663765a644825
61124 1 6 16 3 5 1 0 0 0  aaaa99964998a8863589aa639785a987777756a464852
61213 1 6 16 6 2 0 1 0 0  aaaa99964998a8864689aa669287a987777575a533845
61235 1 6 16 6 5 2 1 0 0  aaaa99965998a8865389aa659387a987777476a464852
61285 1 6 16 8 2 0 1 0 0  aaaa99964998a8864689aa669287a987777755a533845
61301 1 6 16 8 4 2 1 0 0  aaaa99966998a8865389aa659387a987777746a425845
61340 1 6 16 9 5 1 0 0 0  aaaa99964998a8863589aa639785a987464756a777852
61358 1 6 16 10 2 1 0 0 0  aaaa99975998a8874689aa739686a985673547a675842
61370 1 6 16 10 4 1 0 0 0  aaaa99974998a8873589aa739685a986474657a676852
61444 1 6 17 1 4 2 0 0 0  aaaa99954998a8883789aa779786a987663765a652445
61450 1 6 17 1 5 2 0 0 0  aaaa99954998a8883789aa779786a987653765a644625
61516 1 6 17 3 4 2 0 0 0  aaaa99954998a8883689aa539786a987777765a644625
61631 1 6 17 6 5 2 1 0 0  aaaa99965998a8885389aa659387a987777476a464652
61732 1 6 17 9 4 2 0 0 0  aaaa99954998a8883689aa539786a987644765a777625
62116 1 6 18 9 2 2 0 0 0  aaaa99954998a8888789aa539276a987666765a773445
62128 1 6 18 9 4 2 0 0 0  aaaa99954998a8888789aa539676a987644725a773665
62134 1 6 18 9 5 2 0 0 0  aaaa99954998a8888789aa539276a987644765a773665
62164 1 6 18 10 4 2 0 0 0  aaaa99954998a8888689aa539276a987644765a777635
62296 1 6 19 3 2 2 0 0 0  aaaa99954998a8883789aa449786a977773685a662565
62302 1 6 19 3 3 2 0 0 0  aaaa99954998a8883789aa539786a977772686a656445
62308 1 6 19 3 4 2 0 0 0  aaaa99954998a8883789aa539786a977772685a666445
62310 1 6 19 3 5 0 0 0 0  aaaa99965998a8884789aa639785a977773286a565446
62312 1 6 19 3 5 1 0 0 0  aaaa99965998a8884789aa639784a977773586a565642
62423 1 6 19 6 5 2 1 0 0  aaaa99965998a8885389aa659783a977767487a464652
62470 1 6 19 8 1 2 0 0 0  aaaa99954998a8883689aa669786a977773285a657445
62488 1 6 19 8 4 2 0 0 0  aaaa99954998a8883689aa449786a977773285a657665
62492 1 6 19 8 5 1 0 0 0  aaaa99964998a8883489aa649785a977773586a567652
62495 1 6 19 8 5 2 1 0 0  aaaa99965998a8885389aa639784a977775286a467645
62531 1 6 19 9 5 2 1 0 0  aaaa99965998a8885389aa659783a977777486a464652
62561 1 6 19 10 4 2 1 0 0  aaaa99975998a8885389aa759683a966676487a474752
62563 1 6 19 10 5 0 1 0 0  aaaa99976998a8886389aa769583a954576487a476752
62567 1 6 19 10 5 2 1 0 0  aaaa99976998a8886489aa769484a935376587a575762
62813 1 6 20 6 4 2 1 0 0  aaaa99954998a8888289aa549786a977757637a666534
62819 1 6 20 6 5 2 1 0 0  aaaa99954998a8888289aa549786a977757367a653664
62884 1 6 20 8 4 2 0 0 0  aaaa99954998a8888689aa449786a977773265a657635
62891 1 6 20 8 5 2 1 0 0  aaaa99954998a8888389aa539786a977774265a657664
62921 1 6 20 9 4 2 1 0 0  aaaa99954998a8888289aa549786a977777635a666534
62927 1 6 20 9 5 2 1 0 0  aaaa99954998a8888289aa549786a977777365a653664
62957 1 6 20 10 4 2 1 0 0  aaaa99954998a8888289aa549687a966766375a753774
62961 1 6 20 10 5 1 1 0 0  aaaa99964998a8888289aa649587a955765376a763774
62963 1 6 20 10 5 2 1 0 0  aaaa99965998a8888289aa659487a943765476a763775
63172 1 6 21 5 4 2 0 0 0  aaaa99954998a7778689aa539276a988883765a644675
63216 1 6 21 7 0 0 0 0 0  aaaa99975998a7778689aa649675a988883674a525634
63316 1 6 21 9 4 2 0 0 0  aaaa99954998a7678689aa449276a988883765a757635
63568 1 6 22 5 4 2 0 0 0  aaaa99954998a7773689aa539276a988888765a644675
63604 1 6 22 6 4 2 0 0 0  aaaa99954998a7777689aa539276a988888765a644635
63612 1 6 22 7 0 0 0 0 0  aaaa99975998a7774689aa639675a988888674a525634
63787 1 7 0 0 5 0 1 0 0  aaaa99988999a8787879aa482767a958547635a666354
64169 1 7 1 0 2 2 1 0 0  aaaa99977999a8884889aa547286a986676765a357534
64179 1 7 1 0 4 1 1 0 0  aaaa99977999a8884889aa557686a982674735a657634
64185 1 7 1 0 5 1 1 0 0  aaaa99977999a8884889aa557286a983673765a657644
64187 1 7 1 0 5 2 1 0 0  aaaa99977999a8884889aa547286a983673765a657645
64240 1 7 1 2 2 2 0 0 0  aaaa99954999a8883889aa537787a987666267a657445
64252 1 7 1 2 4 2 0 0 0  aaaa99954999a8883889aa447787a987656267a657635
64258 1 7 1 2 5 2 0 0 0  aaaa99954999a8883889aa537787a987644267a657665
64276 1 7 1 3 2 2 0 0 0  aaaa99954999a8883889aa447786a987757627a663565
64312 1 7 1 4 2 2 0 0 0  aaaa99954999a8883889aa537787a987666265a677445
64324 1 7 1 4 4 2 0 0 0  aaaa99954999a8883889aa447787a987656265a677635
64330 1 7 1 4 5 2 0 0 0  aaaa99954999a8883889aa537787a987644265a677665
64348 1 7 1 5 2 2 0 0 0  aaaa99954999a8883889aa447787a987657627a663565
64432 1 7 1 7 4 2 0 0 0  aaaa99954999a8883889aa537787a987644627a666575
64436 1 7 1 7 5 1 0 0 0  aaaa99965999a8883889aa637787a987464547a565672
64450 1 7 1 8 1 2 0 0 0  aaaa99956999a8883889aa537784a987772666a447565
64456 1 7 1 8 2 2 0 0 0  aaaa99954999a8883889aa447786a987773666a257565
64468 1 7 1 8 4 2 0 0 0  aaaa99954999a8883889aa447786a987773266a657565
64474 1 7 1 8 5 2 0 0 0  aaaa99954999a8883889aa447786a987773265a657665
64528 1 7 1 10 2 2 0 0 0  aaaa99954999a8883889aa446287a986763675a756775
64534 1 7 1 10 3 2 0 0 0  aaaa99954999a8883889aa446687a986763275a756775
64642 1 7 2 2 3 2 0 0 0  aaaa99953999a8883889aa587787a967662647a447565
64700 1 7 2 4 1 1 0 0 0  aaaa99964999a8883889aa587787a967646256a577534
64702 1 7 2 4 1 2 0 0 0  aaaa99963999a8883889aa587787a967656446a277545
64714 1 7 2 4 3 2 0 0 0  aaaa99953999a8883889aa587787a967662644a477565
64810 1 7 2 7 1 2 0 0 0  aaaa99953999a8883889aa587787a967662647a446575
65118 1 7 3 4 5 0 0 0 0  aaaa99965999a8883829aa687787a957865456a477643
65123 1 7 3 4 5 2 1 0 0  aaaa99965999a8885829aa687787a947865446a377635
65262 1 7 3 8 5 0 0 0 0  aaaa99965999a8884879aa787587a977863546a265643
65392 1 7 4 1 2 2 0 0 0  aaaa99954999a8883879aa777887a966863275a656445
65788 1 7 5 1 2 2 0 0 0  aaaa99954999a8883879aa777786a968663785a652445
66034 1 7 5 8 1 2 0 0 0  aaaa99954999a8883879aa577687a978673686a652445
66270 1 7 6 3 5 0 0 0 0  aaaa99957999a8884879aa477586a987873562a653664
66512 1 7 6 10 3 1 0 0 0  aaaa99975999a8884869aa736686a985873647a575742
66559 1 7 7 0 5 0 1 0 0  aaaa99977999a8888889aa557286a944674765a637653
66622 1 7 7 2 3 2 0 0 0  aaaa99953999a8888889aa537787a967662647a447565
66694 1 7 7 4 3 2 0 0 0  aaaa99953999a8888889aa537787a967662644a477565
66790 1 7 7 7 1 2 0 0 0  aaaa99953999a8888889aa537787a967662647a446575
66991 1 7 8 1 5 0 1 0 0  aaaa99965999a8884879aa777783a925865786a564634
67084 1 7 8 4 2 2 0 0 0  aaaa99954999a8883879aa777787a966863285a656445
67222 1 7 8 8 1 2 0 0 0  aaaa99954999a8883879aa737687a977852686a644565
67228 1 7 8 8 2 2 0 0 0  aaaa99954999a8883879aa737687a977852686a656445
67232 1 7 8 8 3 1 0 0 0  aaaa99965999a8884879aa737687a977853686a652445
67234 1 7 8 8 3 2 0 0 0  aaaa99965999a8885879aa757687a977845686a644332
67240 1 7 8 8 4 2 0 0 0  aaaa99954999a8883879aa737687a977852685a666445
67242 1 7 8 8 5 0 0 0 0  aaaa99965999a8884879aa737587a977863586a465642
67244 1 7 8 8 5 1 0 0 0  aaaa99965999a8885879aa747287a977863586a465643
67321 1 7 9 0 0 0 1 0 0  aaaa99985999a8884879aa747287a966855767a363564
67322 1 7 9 0 0 1 0 0 0  aaaa99985999a8884879aa737287a966853767a464565
67340 1 7 9 0 3 1 0 0 0  aaaa99985999a8884879aa737687a966863757a644552
67530 1 7 9 5 5 0 0 0 0  aaaa99985999a8883879aa777486a975845564a673662
67616 1 7 9 8 1 1 0 0 0  aaaa99985999a8884879aa737687a977863664a562554
67638 1 7 9 8 5 0 0 0 0  aaaa99985999a8884879aa737587a977863546a265646
68034 1 7 10 8 5 0 0 0 0  aaaa99965999a8888879aa747587a977863546a265643
68256 1 7 11 4 0 0 0 0 0  aaaa99985999a7774879aa838888a977663665a455246
69352 1 7 14 1 2 2 0 0 0  aaaa99954999a8888779aa736782a968653875a744665
69406 1 7 14 2 5 2 0 0 0  aaaa99954999a8888779aa723786a938657875a644665
69454 1 7 14 4 1 2 0 0 0  aaaa99954999a8888779aa736687a928656876a753445
69460 1 7 14 4 2 2 0 0 0  aaaa99954999a8888779aa732687a968656876a753445
69472 1 7 14 4 4 2 0 0 0  aaaa99954999a8888779aa736687a928666875a753445
69478 1 7 14 4 5 2 0 0 0  aaaa99954999a8888779aa736287a968666875a753445
69514 1 7 14 5 5 2 0 0 0  aaaa99954999a8888779aa723787a938657865a644665
69652 1 7 14 9 4 2 0 0 0  aaaa99954999a8888679aa577286a978773865a644635
69658 1 7 14 9 5 2 0 0 0  aaaa99954999a8888379aa577386a978772865a644665
69688 1 7 14 10 4 2 0 0 0  aaaa99954999a8888679aa537286a978777865a644635
69730 1 7 15 0 5 2 0 0 0  aaaa99977999a8883769aa736484a968662785a457585
69731 1 7 15 0 5 2 1 0 0  aaaa99977999a8884769aa746383a968664785a257585
69742 1 7 15 1 1 2 0 0 0  aaaa99954999a8883779aa736786a968256785a744685
69748 1 7 15 1 2 2 0 0 0  aaaa99954999a8883779aa732786a968656785a744685
69754 1 7 15 1 3 2 0 0 0  aaaa99954999a8883779aa736786a968256786a744585
69760 1 7 15 1 4 2 0 0 0  aaaa99954999a8883779aa736786a968266785a744585
69766 1 7 15 1 5 2 0 0 0  aaaa99954999a8883779aa736782a968666785a744585
69778 1 7 15 2 1 2 0 0 0  aaaa99954999a8883779aa736786a968762785a644585
69798 1 7 15 2 5 0 0 0 0  aaaa99965999a8884779aa735785a928765786a464683
69803 1 7 15 2 5 2 1 0 0  aaaa99965999a8885779aa754783a948764786a365682
69820 1 7 15 3 2 2 0 0 0  aaaa99954999a8883779aa776782a968653785a644685
69841 1 7 15 4 0 0 1 0 0  aaaa99966999a8886779aa476785a928565787a345384
69856 1 7 15 4 2 2 0 0 0  aaaa99954999a8883779aa576782a968653787a644685
69906 1 7 15 5 5 0 0 0 0  aaaa99965999a8883779aa734787a958467586a465682
70019 1 7 15 8 5 2 1 0 0  aaaa99965999a8885779aa773783a928765486a464685
70048 1 7 15 9 4 2 0 0 0  aaaa99953999a8883479aa577684a978772685a666485
70050 1 7 15 9 5 0 0 0 0  aaaa99965999a8883479aa677584a978773586a465682
70100 1 7 16 0 1 1 0 0 0  aaaa99985999a8884779aa536786a968763785a644725
70102 1 7 16 0 1 2 0 0 0  aaaa99985999a8885779aa456786a968765783a644723
70122 1 7 16 0 5 0 0 0 0  aaaa99984999a8883779aa635785a958762786a464756
70142 1 7 16 1 2 1 0 0 0  aaaa99985999a8884779aa736782a968653785a744665
70144 1 7 16 1 2 2 0 0 0  aaaa99985999a8885779aa756782a968645783a744663
70166 1 7 16 2 0 1 0 0 0  aaaa99985999a8884779aa736786a968753786a652445
70168 1 7 16 2 0 2 0 0 0  aaaa99985999a8885779aa756786a968745786a644332
70172 1 7 16 2 1 1 0 0 0  aaaa99985999a8884779aa736786a968763785a652445
70174 1 7 16 2 1 2 0 0 0  aaaa99985999a8885779aa756786a968765784a644332
70194 1 7 16 2 5 0 0 0 0  aaaa99984999a8883779aa735785a958762786a464656
70244 1 7 16 4 1 1 0 0 0  aaaa99984999a8883779aa736687a958662685a744575
70250 1 7 16 4 2 1 0 0 0  aaaa99985999a8884779aa736287a968653686a744575
70252 1 7 16 4 2 2 0 0 0  aaaa99985999a8885779aa756287a968645686a744373
70350 1 7 16 7 1 0 0 0 0  aaaa99985999a8884779aa736786a968763585a675442
70352 1 7 16 7 1 1 0 0 0  aaaa99985999a8884779aa736786a968763485a674525
70364 1 7 16 7 3 1 0 0 0  aaaa99985999a8884779aa736786a968763684a572554
70416 1 7 16 9 0 0 0 0 0  aaaa99985999a8884679aa677685a978773684a525634
70452 1 7 16 10 0 0 0 0 0  aaaa99985999a8884679aa637685a978777684a525634
70523 1 7 17 0 5 2 1 0 0  aaaa99977999a8888769aa736285a968663784a547554
70540 1 7 17 1 2 2 0 0 0  aaaa99954999a8888779aa736782a968653785a744665
70570 1 7 17 2 1 2 0 0 0  aaaa99954999a8888779aa736786a968763785a652445
70590 1 7 17 2 5 0 0 0 0  aaaa99964999a8888779aa735785a958763786a464652
70648 1 7 17 4 2 2 0 0 0  aaaa99954999a8888779aa736287a968653686a744575
70699 1 7 17 5 5 0 1 0 0  aaaa99964999a8888779aa742787a958567586a363654
70811 1 7 17 8 5 2 1 0 0  aaaa99965999a8888779aa773784a938765286a465645
70843 1 7 17 9 5 0 1 0 0  aaaa99964999a8888279aa677585a978774586a363654
70924 1 7 18 1 0 2 0 0 0  aaaa99957999a7773829aa888888a967657645a446635
71086 1 7 18 5 3 2 0 0 0  aaaa99954999a7773869aa888888a967653726a644575
71461 1 7 19 5 0 0 1 0 0  aaaa99984999a8888779aa743787a967863655a526645
71544 1 7 19 7 2 0 0 0 0  aaaa99985999a8888779aa746785a967863664a525734
71872 1 7 20 5 2 2 0 0 0  aaaa99954999a7773869aa838888a967658725a644675
72037 1 7 20 10 0 0 1 0 0  aaaa99966999a7662859aa868888a957348754a777534
72107 1 7 21 0 5 2 1 0 0  aaaa99977999a3773489aa588446a988882765a657665
72124 1 7 21 1 2 2 0 0 0  aaaa99944999a7774789aa588762a988883765a663565
72268 1 7 21 5 2 2 0 0 0  aaaa99954999a7773689aa588676a988883725a644675
72274 1 7 21 5 3 2 0 0 0  aaaa99954999a7773689aa688676a988883725a644575
72280 1 7 21 5 4 2 0 0 0  aaaa99954999a7773689aa588276a988883765a644675
72282 1 7 21 5 5 0 0 0 0  aaaa99965999a7773489aa688475a988883746a565672
72284 1 7 21 5 5 1 0 0 0  aaaa99965999a7775489aa688472a988883746a565673
72316 1 7 21 6 4 2 0 0 0  aaaa99954999a7777689aa588276a988883765a644635
72322 1 7 21 6 5 2 0 0 0  aaaa99954999a7777389aa588376a988882765a644665
72324 1 7 21 7 0 0 0 0 0  aaaa99975999a7774689aa688675a988883674a525634
72391 1 7 21 8 5 0 1 0 0  aaaa99964999a7777289aa688575a988884576a363654
72424 1 7 21 9 4 2 0 0 0  aaaa99953999a7667489aa588476a988883764a772565
72430 1 7 21 9 5 2 0 0 0  aaaa99953999a7657489aa588476a988883764a772665
72448 1 7 21 10 2 2 0 0 0  aaaa99954999a7666389aa588376a988882765a777445
72460 1 7 21 10 4 2 0 0 0  aaaa99953999a7656489aa588476a988883764a777625
72466 1 7 21 10 5 2 0 0 0  aaaa99953999a7653489aa588476a988882764a777665
72676 1 7 22 5 4 2 0 0 0  aaaa99954999a7773689aa538276a988888765a644675
72712 1 7 22 6 4 2 0 0 0  aaaa99954999a7777689aa538276a988888765a644635
72720 1 7 22 7 0 0 0 0 0  aaaa99975999a7774689aa638675a988888674a525634
72865 1 8 0 0 0 0 1 0 0  aaaa99988877a9895999aa848766a827655676a374534
73188 1 8 0 9 0 0 0 0 0  aaaa99988877a9894999aa838665a877773565a562464
73338 1 8 1 2 1 0 0 0 0  aaaa99988888a9795999aa847776a366763567a548254
73378 1 8 1 3 1 2 0 0 0  aaaa99988888a9695999aa857777a566376464a428357
73384 1 8 1 3 2 2 0 0 0  aaaa99988888a9593999aa837777a266576466a548457
73390 1 8 1 3 3 2 0 0 0  aaaa99988888a9593999aa837777a266576464a568457
73396 1 8 1 3 4 2 0 0 0  aaaa99988888a9593999aa837777a266676456a548457
73400 1 8 1 3 5 1 0 0 0  aaaa99988888a9695999aa857777a354675464a628637
73410 1 8 1 4 1 0 0 0 0  aaaa99988888a9794999aa837776a366762565a548754
73456 1 8 1 5 2 2 0 0 0  aaaa99988888a9593999aa837775a266767447a548656
73462 1 8 1 5 3 2 0 0 0  aaaa99988888a9593999aa837775a266767467a548456
73470 1 8 1 5 5 0 0 0 0  aaaa99988888a9695999aa837776a345757467a648625
73472 1 8 1 5 5 1 0 0 0  aaaa99988888a9695999aa857776a344757267a648635
73486 1 8 1 6 1 2 0 0 0  aaaa99988888a9593999aa837777a266677456a548456
73506 1 8 1 6 5 0 0 0 0  aaaa99988888a9695999aa837777a344677565a648625
73508 1 8 1 6 5 1 0 0 0  aaaa99988888a9695999aa857777a344677265a648635
73519 1 8 1 7 1 0 1 0 0  aaaa99988888a9595999aa837774a366627576a578446
73522 1 8 1 7 1 2 0 0 0  aaaa99988888a9495999aa857773a566627476a478356
73523 1 8 1 7 1 2 1 0 0  aaaa99988888a9594999aa847775a466637276a578356
73542 1 8 1 7 5 0 0 0 0  aaaa99988888a9695999aa837776a354657474a678625
73543 1 8 1 7 5 0 1 0 0  aaaa99988888a9694999aa847776a435657573a678625
73544 1 8 1 7 5 1 0 0 0  aaaa99988888a9695999aa857776a344657274a678635
73578 1 8 1 8 5 0 0 0 0  aaaa99988888a9695999aa837777a345657467a648625
73580 1 8 1 8 5 1 0 0 0  aaaa99988888a9695999aa857777a344657267a648635
73594 1 8 1 9 1 2 0 0 0  aaaa99988888a9593999aa837777a766672456a548456
73630 1 8 1 10 1 2 0 0 0  aaaa99988888a9593999aa837666a277777456a548456
73700 1 8 2 1 1 1 0 0 0  aaaa99954888a9797999aa857776a366763888a652445
73702 1 8 2 1 1 2 0 0 0  aaaa99945888a9797999aa857776a566765888a644332
73712 1 8 2 1 3 1 0 0 0  aaaa99965888a9797999aa847775a366763888a644552
73734 1 8 2 2 1 0 0 0 0  aaaa99955888a9795999aa847774a466763888a673562
73736 1 8 2 2 1 1 0 0 0  aaaa99955888a9795999aa857776a466763888a673442
73742 1 8 2 2 2 1 0 0 0  aaaa99945888a9794999aa837775a366762888a676554
73746 1 8 2 2 3 0 0 0 0  aaaa99955888a9795999aa847774a466763888a673526
73748 1 8 2 2 3 1 0 0 0  aaaa99965888a9795999aa847775a566763888a673442
73754 1 8 2 2 4 1 0 0 0  aaaa99945888a9794999aa837775a366766888a672554
73772 1 8 2 3 1 1 0 0 0  aaaa99975888a9594999aa837777a366672888a464556
73774 1 8 2 3 1 2 0 0 0  aaaa99975888a9495999aa857777a566672888a464336
73778 1 8 2 3 2 1 0 0 0  aaaa99975888a9594999aa837777a366672888a566454
73780 1 8 2 3 2 2 0 0 0  aaaa99975888a9495999aa857777a566672888a366434
73782 1 8 2 3 3 0 0 0 0  aaaa99975888a9595999aa847777a366673888a562464
73784 1 8 2 3 3 1 0 0 0  aaaa99975888a9695999aa847777a366673888a565442
73790 1 8 2 3 4 1 0 0 0  aaaa99975888a9594999aa837777a366676888a562454
73792 1 8 2 3 4 2 0 0 0  aaaa99975888a9495999aa857777a566676888a464332
73794 1 8 2 3 5 0 0 0 0  aaaa99975888a9694999aa837777a355672888a645664
73796 1 8 2 3 5 1 0 0 0  aaaa99975888a9694999aa837777a355675888a644662
73806 1 8 2 4 1 0 0 0 0  aaaa99955888a9795999aa847774a466763888a653762
73808 1 8 2 4 1 1 0 0 0  aaaa99955888a9795999aa857776a466763888a644732
73818 1 8 2 4 3 0 0 0 0  aaaa99955888a9795999aa847774a466763888a653726
73830 1 8 2 4 5 0 0 0 0  aaaa99956888a9796999aa867774a625756888a534743
73831 1 8 2 4 5 0 1 0 0  aaaa99956888a9796999aa867774a625756888a435743
73876 1 8 2 6 0 2 0 0 0  aaaa99966888a9596999aa847777a326577888a563454
73880 1 8 2 6 1 1 0 0 0  aaaa99965888a9594999aa837777a366677888a562454
73882 1 8 2 6 1 2 0 0 0  aaaa99965888a9495999aa857777a566677888a464332
73892 1 8 2 6 3 1 0 0 0  aaaa99945888a9694999aa837777a366677888a562554
73915 1 8 2 7 1 0 1 0 0  aaaa99956888a9795999aa847377a376664888a276554
73952 1 8 2 8 1 1 0 0 0  aaaa99965888a9594999aa837777a366672888a567454
73954 1 8 2 8 1 2 0 0 0  aaaa99965888a9495999aa857777a566672888a367434
73964 1 8 2 8 3 1 0 0 0  aaaa99945888a9694999aa837777a366672888a567554
73988 1 8 2 9 1 1 0 0 0  aaaa99965888a9594999aa837777a766673888a562454
73990 1 8 2 9 1 2 0 0 0  aaaa99965888a9495999aa857777a766675888a464332
74000 1 8 2 9 3 1 0 0 0  aaaa99945888a9694999aa837777a766673888a562554
74024 1 8 2 10 1 1 0 0 0  aaaa99965888a9594999aa837666a377777888a562454
74026 1 8 2 10 1 2 0 0 0  aaaa99965888a9495999aa857666a577777888a464332
74036 1 8 2 10 3 1 0 0 0  aaaa99945888a9694999aa837666a377777888a562554
74098 1 8 3 1 1 2 0 0 0  aaaa99988888a9596999aa837877a376662457a546457
74104 1 8 3 1 2 2 0 0 0  aaaa99988888a9494999aa847877a376663657a526557
74154 1 8 3 2 5 0 0 0 0  aaaa99988888a9695999aa847877a375645567a627634
74212 1 8 3 4 2 2 0 0 0  aaaa99988888a9494999aa847877a366673257a566557
74322 1 8 3 7 3 0 0 0 0  aaaa99988888a9795999aa847877a376663654a575264
74334 1 8 3 7 5 0 0 0 0  aaaa99988888a9795999aa847877a375645562a673664
74370 1 8 3 8 5 0 0 0 0  aaaa99988888a9695999aa847877a775645562a673634
74494 1 8 4 1 1 2 0 0 0  aaaa99986888a9494999aa847877a376663257a586557
74500 1 8 4 1 2 2 0 0 0  aaaa99984888a9494999aa837877a376662657a586557
74504 1 8 4 1 3 1 0 0 0  aaaa99985888a9694999aa837877a376662657a484557
74506 1 8 4 1 3 2 0 0 0  aaaa99985888a9695999aa857877a576662647a484337
74512 1 8 4 1 4 2 0 0 0  aaaa99984888a9593999aa837877a276666657a484557
74514 1 8 4 1 5 0 0 0 0  aaaa99985888a9694999aa837877a374655267a684567
74516 1 8 4 1 5 1 0 0 0  aaaa99985888a9694999aa837877a375655467a684627
74530 1 8 4 2 1 2 0 0 0  aaaa99984888a9593999aa837877a276566667a587454
74536 1 8 4 2 2 2 0 0 0  aaaa99984888a9593999aa837877a276566657a687454
74540 1 8 4 2 3 1 0 0 0  aaaa99985888a9694999aa837877a376662657a587454
74542 1 8 4 2 3 2 0 0 0  aaaa99985888a9695999aa857877a576662647a387434
74548 1 8 4 2 4 2 0 0 0  aaaa99984888a9593999aa837877a276666657a587454
74550 1 8 4 2 5 0 0 0 0  aaaa99985888a9694999aa837877a375645567a687624
74552 1 8 4 2 5 1 0 0 0  aaaa99985888a9695999aa847877a375645267a687634
74566 1 8 4 3 1 2 0 0 0  aaaa99986888a9594999aa837877a776663257a586454
74572 1 8 4 3 2 2 0 0 0  aaaa99984888a9593999aa837877a776662657a586454
74576 1 8 4 3 3 1 0 0 0  aaaa99985888a9694999aa837877a776663657a582454
74578 1 8 4 3 3 2 0 0 0  aaaa99985888a9695999aa857877a776665647a484332
74584 1 8 4 3 4 2 0 0 0  aaaa99984888a9593999aa837877a776666657a582454
74586 1 8 4 3 5 0 0 0 0  aaaa99985888a9694999aa837877a775645567a683624
74588 1 8 4 3 5 1 0 0 0  aaaa99985888a9694999aa837877a775655467a684632
74638 1 8 4 5 1 2 0 0 0  aaaa99984888a9593999aa837877a276676656a587454
74674 1 8 4 6 1 2 0 0 0  aaaa99984888a9593999aa837877a776676656a582454
74692 1 8 4 6 4 2 0 0 0  aaaa99984888a9593999aa837877a776572656a686454
74696 1 8 4 6 5 1 0 0 0  aaaa99985888a9694999aa837877a775673564a685624
74700 1 8 4 7 0 0 0 0 0  aaaa99985888a9794999aa837877a376644656a287565
74702 1 8 4 7 0 1 0 0 0  aaaa99984888a9793999aa837877a276644656a587565
74706 1 8 4 7 1 0 0 0 0  aaaa99985888a9794999aa837877a376626656a487545
74708 1 8 4 7 1 1 0 0 0  aaaa99985888a9794999aa837877a376646656a587254
74718 1 8 4 7 3 0 0 0 0  aaaa99985888a9794999aa837877a376646655a287654
74720 1 8 4 7 3 1 0 0 0  aaaa99985888a9795999aa837877a376662644a487565
74730 1 8 4 7 5 0 0 0 0  aaaa99985888a9794999aa837877a375645562a687664
74746 1 8 4 8 1 2 0 0 0  aaaa99984888a9593999aa837877a766672756a484556
74752 1 8 4 8 2 2 0 0 0  aaaa99984888a9593999aa837877a766576766a582454
74758 1 8 4 8 3 2 0 0 0  aaaa99984888a9593999aa837877a766672756a586454
74764 1 8 4 8 4 2 0 0 0  aaaa99984888a9593999aa837877a766676756a582454
74766 1 8 4 8 5 0 0 0 0  aaaa99985888a9694999aa837877a754675765a684632
74768 1 8 4 8 5 1 0 0 0  aaaa99985888a9694999aa837877a755675764a683624
74782 1 8 4 9 1 2 0 0 0  aaaa99986888a9594999aa837825a777773666a586454
74788 1 8 4 9 2 2 0 0 0  aaaa99984888a9593999aa837865a777772666a586454
74792 1 8 4 9 3 1 0 0 0  aaaa99985888a9694999aa837865a777773666a582454
74794 1 8 4 9 3 2 0 0 0  aaaa99985888a9695999aa857864a777775666a484332
74800 1 8 4 9 4 2 0 0 0  aaaa99984888a9593999aa837865a777772656a686454
74802 1 8 4 9 5 0 0 0 0  aaaa99985888a9694999aa837846a777773565a684625
74804 1 8 4 9 5 1 0 0 0  aaaa99985888a9694999aa837856a777773564a685624
74818 1 8 4 10 1 2 0 0 0  aaaa99984888a9593999aa837866a677777656a582454
74836 1 8 4 10 4 2 0 0 0  aaaa99984888a9593999aa837865a277777656a686454
74840 1 8 4 10 5 1 0 0 0  aaaa99985888a9694999aa837856a377777564a685624
74890 1 8 5 1 1 2 0 0 0  aaaa99986888a9593999aa887877a376662457a546457
74896 1 8 5 1 2 2 0 0 0  aaaa99984888a9494999aa887877a376663657a526557
74946 1 8 5 2 5 0 0 0 0  aaaa99985888a9694999aa887877a375645567a627634
75004 1 8 5 4 2 2 0 0 0  aaaa99984888a9494999aa887877a366673257a566557
75114 1 8 5 7 3 0 0 0 0  aaaa99985888a9794999aa887877a376663654a575264
75126 1 8 5 7 5 0 0 0 0  aaaa99985888a9794999aa887877a375645562a673664
75162 1 8 5 8 5 0 0 0 0  aaaa99985888a9694999aa887877a775645562a673634
75286 1 8 6 1 1 2 0 0 0  aaaa99986888a9494999aa847877a376663857a526557
75288 1 8 6 1 2 0 0 0 0  aaaa99985888a9694999aa837877a376662867a455547
75294 1 8 6 1 3 0 0 0 0  aaaa99985888a9595999aa837877a376662867a546447
75296 1 8 6 1 3 1 0 0 0  aaaa99985888a9695999aa837877a376662847a546457
75298 1 8 6 1 3 2 0 0 0  aaaa99985888a9695999aa857877a576662847a446337
75306 1 8 6 1 5 0 0 0 0  aaaa99985888a9694999aa837877a374655867a654627
75318 1 8 6 2 1 0 0 0 0  aaaa99985888a9694999aa837877a376566847a627545
75320 1 8 6 2 1 1 0 0 0  aaaa99985888a9694999aa837877a376566857a647254
75330 1 8 6 2 3 0 0 0 0  aaaa99985888a9694999aa837877a376626857a467545
75332 1 8 6 2 3 1 0 0 0  aaaa99985888a9694999aa837877a376646857a567254
75400 1 8 6 4 2 2 0 0 0  aaaa99984888a9494999aa837877a366672857a566557
75406 1 8 6 4 3 2 0 0 0  aaaa99984888a9593999aa837877a266576867a464557
75412 1 8 6 4 4 2 0 0 0  aaaa99984888a9593999aa837877a266676857a464557
75414 1 8 6 4 5 0 0 0 0  aaaa99985888a9694999aa837877a342674867a655567
75416 1 8 6 4 5 1 0 0 0  aaaa99985888a9694999aa837877a355675867a644627
75430 1 8 6 5 1 2 0 0 0  aaaa99984888a9593999aa837877a276676856a567454
75446 1 8 6 5 4 1 0 0 0  aaaa99984888a9696999aa837877a375672865a657445
75452 1 8 6 5 5 1 0 0 0  aaaa99985888a9694999aa837877a374674865a657625
75466 1 8 6 6 1 2 0 0 0  aaaa99984888a9593999aa837877a776676856a562454
75488 1 8 6 6 5 1 0 0 0  aaaa99985888a9694999aa837877a775673864a655624
75506 1 8 6 7 2 1 0 0 0  aaaa99985888a9794999aa837877a376662865a474565
75510 1 8 6 7 3 0 0 0 0  aaaa99985888a9794999aa837877a376662856a476545
75512 1 8 6 7 3 1 0 0 0  aaaa99985888a9794999aa837877a376662864a576554
75518 1 8 6 7 4 1 0 0 0  aaaa99985888a9794999aa837877a376666864a572554
75522 1 8 6 7 5 0 0 0 0  aaaa99985888a9794999aa837877a374655865a674662
75524 1 8 6 7 5 1 0 0 0  aaaa99985888a9794999aa837877a375655864a672664
75542 1 8 6 8 2 1 0 0 0  aaaa99985888a9694999aa837877a776663864a572554
75558 1 8 6 8 5 0 0 0 0  aaaa99985888a9694999aa837877a774655865a674632
75560 1 8 6 8 5 1 0 0 0  aaaa99985888a9694999aa837877a775655864a673624
75576 1 8 6 9 2 0 0 0 0  aaaa99985888a9595999aa847865a777773864a663264
75578 1 8 6 9 2 1 0 0 0  aaaa99985888a9694999aa837865a777773864a662554
75586 1 8 6 9 3 2 0 0 0  aaaa99984888a9593999aa837866a777772856a566454
75594 1 8 6 9 5 0 0 0 0  aaaa99985888a9694999aa837826a777773865a655464
75596 1 8 6 9 5 1 0 0 0  aaaa99985888a9694999aa837856a777773864a655624
75610 1 8 6 10 1 2 0 0 0  aaaa99984888a9593999aa837866a677777856a562454
75632 1 8 6 10 5 1 0 0 0  aaaa99985888a9694999aa837856a377777864a655624
75637 1 8 7 0 0 0 1 0 0  aaaa99988888a9895999aa847766a427655676a373574
75667 1 8 7 0 5 0 1 0 0  aaaa99988888a9896999aa867755a627546574a376374
75680 1 8 7 1 1 1 0 0 0  aaaa99988888a9895999aa847776a366763562a455747
75682 1 8 7 1 1 2 0 0 0  aaaa99988888a9895999aa857776a566765464a433727
75686 1 8 7 1 2 1 0 0 0  aaaa99988888a9894999aa837774a466726566a553757
75690 1 8 7 1 3 0 0 0 0  aaaa99988888a9894999aa837774a466763565a526757
75692 1 8 7 1 3 1 0 0 0  aaaa99988888a9894999aa837774a466763562a556757
75762 1 8 7 3 3 0 0 0 0  aaaa99988888a9895999aa837777a366672546a546457
75764 1 8 7 3 3 1 0 0 0  aaaa99988888a9895999aa837777a366672456a546457
75766 1 8 7 3 3 2 0 0 0  aaaa99988888a9895999aa857777a566675446a346327
75774 1 8 7 3 5 0 0 0 0  aaaa99988888a9895999aa837777a356475654a666427
75852 1 8 7 6 0 0 0 0 0  aaaa99988888a9894999aa837777a366577565a562464
75894 1 8 7 7 1 0 0 0 0  aaaa99988888a9895999aa847776a366763567a547254
76082 1 8 8 1 2 1 0 0 0  aaaa99985888a9694999aa837887a776663764a572554
76098 1 8 8 1 5 0 0 0 0  aaaa99985888a9694999aa837887a774655765a674632
76100 1 8 8 1 5 1 0 0 0  aaaa99985888a9694999aa837887a775655764a673624
76106 1 8 8 2 0 1 0 0 0  aaaa99984888a9793999aa837887a776644765a562556
76212 1 8 8 5 0 0 0 0 0  aaaa99985888a9794999aa837887a777663665a455246
76328 1 8 8 8 1 1 0 0 0  aaaa99984888a9693999aa837885a777744667a566525
76334 1 8 8 8 2 1 0 0 0  aaaa99985888a9694999aa837886a777744657a663552
76342 1 8 8 8 3 2 0 0 0  aaaa99984888a9593999aa837885a777762667a566454
76346 1 8 8 8 4 1 0 0 0  aaaa99984888a9693999aa837885a777744657a666525
76352 1 8 8 8 5 1 0 0 0  aaaa99985888a9694999aa837886a777744567a655632
76476 1 8 9 1 2 0 0 0 0  aaaa99985888a9693999aa837877a278666467a455547
76478 1 8 9 1 2 1 0 0 0  aaaa99984888a9693999aa837877a278666567a455547
76496 1 8 9 1 5 1 0 0 0  aaaa99985888a9694999aa837877a378644567a655627
76512 1 8 9 2 2 0 0 0 0  aaaa99985888a9694999aa837877a378666567a547254
76520 1 8 9 2 3 1 0 0 0  aaaa99985888a9694999aa837877a378666257a567454
76522 1 8 9 2 3 2 0 0 0  aaaa99985888a9695999aa857877a578666447a367432
76526 1 8 9 2 4 1 0 0 0  aaaa99984888a9696999aa837877a378652567a657445
76528 1 8 9 2 4 2 0 0 0  aaaa99985888a9696999aa857877a578645467a647332
76530 1 8 9 2 5 0 0 0 0  aaaa99985888a9694999aa837877a378644567a657625
76532 1 8 9 2 5 1 0 0 0  aaaa99985888a9695999aa837877a378655467a647624
76568 1 8 9 3 5 1 0 0 0  aaaa99985888a9694999aa837877a778644567a655632
76582 1 8 9 4 1 2 0 0 0  aaaa99984888a9593999aa837877a268676657a464557
76584 1 8 9 4 2 0 0 0 0  aaaa99985888a9693999aa837877a268676557a645447
76600 1 8 9 4 4 2 0 0 0  aaaa99984888a9593999aa837877a268474657a666557
76604 1 8 9 4 5 1 0 0 0  aaaa99985888a9694999aa837877a348674567a655627
76628 1 8 9 5 3 1 0 0 0  aaaa99985888a9694999aa837877a378474666a527556
76630 1 8 9 5 3 2 0 0 0  aaaa99985888a9695999aa857877a578474666a427336
76634 1 8 9 5 4 1 0 0 0  aaaa99985888a9696999aa847877a378673265a657445
76636 1 8 9 5 4 2 0 0 0  aaaa99985888a9696999aa857877a578675464a637423
76638 1 8 9 5 5 0 0 0 0  aaaa99985888a9694999aa837877a378474565a627665
76640 1 8 9 5 5 1 0 0 0  aaaa99985888a9695999aa837877a378672465a647465
76680 1 8 9 7 0 0 0 0 0  aaaa99985888a9794999aa837877a378662665a474556
76682 1 8 9 7 0 1 0 0 0  aaaa99985888a9795999aa837877a378662664a575446
76688 1 8 9 7 1 1 0 0 0  aaaa99985888a9794999aa837877a378666664a572554
76692 1 8 9 7 2 0 0 0 0  aaaa99985888a9794999aa837877a378666565a675442
76694 1 8 9 7 2 1 0 0 0  aaaa99985888a9794999aa837877a378666465a674525
76698 1 8 9 7 3 0 0 0 0  aaaa99985888a9794999aa837877a378666556a675442
76700 1 8 9 7 3 1 0 0 0  aaaa99985888a9794999aa837877a378666456a674552
76704 1 8 9 7 4 0 0 0 0  aaaa99985888a9794999aa837877a378646565a675624
76706 1 8 9 7 4 1 0 0 0  aaaa99985888a9794999aa837877a378656465a674625
76712 1 8 9 7 5 1 0 0 0  aaaa99985888a9794999aa837877a378652465a674665
76748 1 8 9 8 5 1 0 0 0  aaaa99985888a9694999aa837877a778653465a674625
76788 1 8 9 10 0 0 0 0 0  aaaa99985888a9794999aa836867a368744576a756725
76790 1 8 9 10 0 1 0 0 0  aaaa99985888a9795999aa836867a368755476a746724
76796 1 8 9 10 1 1 0 0 0  aaaa99985888a9794999aa836867a668744576a755732
76808 1 8 9 10 3 1 0 0 0  aaaa99985888a9794999aa836867a668753475a764725
76842 1 8 10 0 3 0 0 0 0  aaaa99985888a9894999aa837876a376662657a744575
76844 1 8 10 0 3 1 0 0 0  aaaa99985888a9895999aa837876a376662647a755474
76866 1 8 10 1 1 0 0 0 0  aaaa99986888a9895999aa837877a376662547a546457
76868 1 8 10 1 1 1 0 0 0  aaaa99986888a9895999aa837877a376662457a546457
76870 1 8 10 1 1 2 0 0 0  aaaa99986888a9895999aa857877a576665447a346327
76872 1 8 10 1 2 0 0 0 0  aaaa99985888a9893999aa837877a276646657a565447
76874 1 8 10 1 2 1 0 0 0  aaaa99985888a9895999aa837877a376662647a546457
76876 1 8 10 1 2 2 0 0 0  aaaa99985888a9895999aa857877a576662647a446337
76878 1 8 10 1 3 0 0 0 0  aaaa99985888a9894999aa837877a376656647a255647
76880 1 8 10 1 3 1 0 0 0  aaaa99985888a9895999aa837877a376662647a545467
76908 1 8 10 2 2 0 0 0 0  aaaa99985888a9894999aa837877a376626657a467545
76910 1 8 10 2 2 1 0 0 0  aaaa99985888a9894999aa837877a376646657a567254
76914 1 8 10 2 3 0 0 0 0  aaaa99985888a9894999aa837877a376646627a557654
76916 1 8 10 2 3 1 0 0 0  aaaa99985888a9895999aa837877a376662647a447565
76926 1 8 10 2 5 0 0 0 0  aaaa99985888a9894999aa837877a375645567a627664
76950 1 8 10 3 3 0 0 0 0  aaaa99985888a9894999aa837877a776663657a545264
76970 1 8 10 4 0 1 0 0 0  aaaa99984888a9893999aa837877a266474567a565567
76974 1 8 10 4 1 0 0 0 0  aaaa99985888a9894999aa837877a366276567a544657
76976 1 8 10 4 1 1 0 0 0  aaaa99985888a9894999aa837877a366476567a525647
76980 1 8 10 4 2 0 0 0 0  aaaa99984888a9893999aa837877a266576557a665447
76982 1 8 10 4 2 1 0 0 0  aaaa99985888a9895999aa837877a366672457a466457
76984 1 8 10 4 2 2 0 0 0  aaaa99985888a9895999aa857877a566672447a366437
77004 1 8 10 5 0 0 0 0 0  aaaa99986888a9894999aa837877a376576665a557442
77006 1 8 10 5 0 1 0 0 0  aaaa99985888a9895999aa837877a376672646a447565
77022 1 8 10 5 3 0 0 0 0  aaaa99985888a9893999aa837877a276676655a447654
77040 1 8 10 6 0 0 0 0 0  aaaa99985888a9894999aa837877a776673656a545264
77078 1 8 10 7 0 1 0 0 0  aaaa99986888a9894999aa837877a376644565a276575
77080 1 8 10 7 0 2 0 0 0  aaaa99986888a9895999aa857877a576635464a476372
77082 1 8 10 7 1 0 0 0 0  aaaa99986888a9895999aa837877a376662455a476475
77084 1 8 10 7 1 1 0 0 0  aaaa99986888a9895999aa857877a376663445a276475
77088 1 8 10 7 2 0 0 0 0  aaaa99985888a9894999aa837877a376646565a275674
77090 1 8 10 7 2 1 0 0 0  aaaa99985888a9895999aa837877a376662644a476575
77094 1 8 10 7 3 0 0 0 0  aaaa99985888a9894999aa837877a376646652a575674
77096 1 8 10 7 3 1 0 0 0  aaaa99985888a9895999aa837877a376662465a476475
77100 1 8 10 7 4 0 0 0 0  aaaa99985888a9894999aa837877a376666654a575274
77130 1 8 10 8 3 0 0 0 0  aaaa99985888a9894999aa837877a776663654a575264
77142 1 8 10 8 5 0 0 0 0  aaaa99985888a9894999aa837877a775645562a673664
77148 1 8 10 9 0 0 0 0 0  aaaa99985888a9894999aa837866a777773656a545264
77166 1 8 10 9 3 0 0 0 0  aaaa99985888a9894999aa837865a777773666a545264
77184 1 8 10 10 0 0 0 0 0  aaaa99985888a9894999aa837866a377777656a545264
77221 1 8 11 0 0 0 1 0 0  aaaa99985888a9898999aa847766a427655676a373574
77251 1 8 11 0 5 0 1 0 0  aaaa99986888a9898999aa867755a627546574a376374
77264 1 8 11 1 1 1 0 0 0  aaaa99985888a9898999aa847776a366763562a455747
77266 1 8 11 1 1 2 0 0 0  aaaa99985888a9898999aa857776a566765464a433727
77270 1 8 11 1 2 1 0 0 0  aaaa99984888a9898999aa837774a466726566a553757
77274 1 8 11 1 3 0 0 0 0  aaaa99984888a9898999aa837774a466763565a526757
77276 1 8 11 1 3 1 0 0 0  aaaa99984888a9898999aa837774a466763562a556757
77346 1 8 11 3 3 0 0 0 0  aaaa99985888a9898999aa837777a366672546a546457
77348 1 8 11 3 3 1 0 0 0  aaaa99985888a9898999aa837777a366672456a546457
77350 1 8 11 3 3 2 0 0 0  aaaa99985888a9898999aa857777a566675446a346327
77358 1 8 11 3 5 0 0 0 0  aaaa99985888a9898999aa837777a356475654a666427
77436 1 8 11 6 0 0 0 0 0  aaaa99984888a9898999aa837777a366577565a562464
77478 1 8 11 7 1 0 0 0 0  aaaa99985888a9898999aa847776a366763567a547254
77616 1 8 12 0 0 0 0 0 0  aaaa99985888a9894999aa837766a367545678a572674
77618 1 8 12 0 0 1 0 0 0  aaaa99985888a9894999aa837766a367555678a474672
77622 1 8 12 0 1 0 0 0 0  aaaa99985888a9894999aa837766a667545678a573274
77635 1 8 12 0 3 0 1 0 0  aaaa99985888a9894999aa847766a627655678a373574
77640 1 8 12 0 4 0 0 0 0  aaaa99985888a9893999aa837754a567666678a572474
77660 1 8 12 1 1 1 0 0 0  aaaa99985888a9894999aa837776a366762568a455747
77662 1 8 12 1 1 2 0 0 0  aaaa99985888a9895999aa857776a566762468a433747
77666 1 8 12 1 2 1 0 0 0  aaaa99984888a9893999aa837774a465766668a552757
77670 1 8 12 1 3 0 0 0 0  aaaa99985888a9894999aa837774a466763568a526757
77672 1 8 12 1 3 1 0 0 0  aaaa99984888a9893999aa837774a466762568a556757
77678 1 8 12 1 4 1 0 0 0  aaaa99984888a9893999aa837774a466766568a552757
77702 1 8 12 2 2 1 0 0 0  aaaa99984888a9893999aa837774a466672578a566557
77704 1 8 12 2 2 2 0 0 0  aaaa99985888a9895999aa857774a566672478a466337
77706 1 8 12 2 3 0 0 0 0  aaaa99985888a9893999aa837776a264676678a455547
77708 1 8 12 2 3 1 0 0 0  aaaa99984888a9893999aa837776a265676678a455547
77726 1 8 12 3 0 1 0 0 0  aaaa99984888a9893999aa837777a266474568a565567
77730 1 8 12 3 1 0 0 0 0  aaaa99985888a9894999aa837777a366276568a544657
77732 1 8 12 3 1 1 0 0 0  aaaa99985888a9894999aa837777a366476568a525647
77736 1 8 12 3 2 0 0 0 0  aaaa99984888a9893999aa837777a266576558a665447
77738 1 8 12 3 2 1 0 0 0  aaaa99985888a9895999aa837777a366672458a466457
77740 1 8 12 3 2 2 0 0 0  aaaa99985888a9895999aa857777a566672448a366437
77768 1 8 12 4 1 1 0 0 0  aaaa99985888a9894999aa837776a366762568a545774
77770 1 8 12 4 1 2 0 0 0  aaaa99985888a9895999aa857776a566762468a343774
77774 1 8 12 4 2 1 0 0 0  aaaa99984888a9893999aa837775a265766668a545774
77780 1 8 12 4 3 1 0 0 0  aaaa99984888a9893999aa837774a466762568a556775
77786 1 8 12 4 4 1 0 0 0  aaaa99984888a9893999aa837775a266766568a545774
77810 1 8 12 5 2 1 0 0 0  aaaa99984888a9893999aa837775a266677578a566454
77812 1 8 12 5 2 2 0 0 0  aaaa99985888a9895999aa857774a566677478a466332
77814 1 8 12 5 3 0 0 0 0  aaaa99985888a9894999aa837776a366677578a562454
77816 1 8 12 5 3 1 0 0 0  aaaa99985888a9894999aa837776a366677578a565442
77822 1 8 12 5 4 1 0 0 0  aaaa99985888a9894999aa837775a326677678a566454
77824 1 8 12 5 4 2 0 0 0  aaaa99985888a9895999aa857774a526677678a366434
77828 1 8 12 5 5 1 0 0 0  aaaa99984888a9893999aa837775a256577678a666454
77830 1 8 12 5 5 2 0 0 0  aaaa99985888a9895999aa857774a546477678a666332
77846 1 8 12 6 2 1 0 0 0  aaaa99985888a9894999aa837777a366677258a566454
77848 1 8 12 6 2 2 0 0 0  aaaa99985888a9895999aa857777a566677448a366432
77850 1 8 12 6 3 0 0 0 0  aaaa99985888a9893999aa837777a266677558a465464
77852 1 8 12 6 3 1 0 0 0  aaaa99985888a9893999aa837777a266677548a565464
77858 1 8 12 6 4 1 0 0 0  aaaa99984888a9893999aa837777a256677658a566454
77860 1 8 12 6 4 2 0 0 0  aaaa99985888a9895999aa857777a546677648a466332
77864 1 8 12 6 5 1 0 0 0  aaaa99985888a9894999aa837777a326577658a666454
77866 1 8 12 6 5 2 0 0 0  aaaa99985888a9895999aa857777a546477638a666432
77876 1 8 12 7 1 1 0 0 0  aaaa99984888a9893999aa837775a265676678a567454
77878 1 8 12 7 1 2 0 0 0  aaaa99985888a9895999aa857774a564676678a467332
77882 1 8 12 7 2 1 0 0 0  aaaa99985888a9894999aa837775a366576278a667454
77884 1 8 12 7 2 2 0 0 0  aaaa99985888a9895999aa857774a566376278a667434
77886 1 8 12 7 3 0 0 0 0  aaaa99985888a9894999aa837776a365676678a547254
77894 1 8 12 7 4 1 0 0 0  aaaa99984888a9893999aa837775a266676578a567454
77896 1 8 12 7 4 2 0 0 0  aaaa99985888a9895999aa857774a566676478a467332
77900 1 8 12 7 5 1 0 0 0  aaaa99985888a9893999aa837776a255675478a647664
77906 1 8 12 8 0 1 0 0 0  aaaa99985888a9894999aa837776a765673678a565442
77918 1 8 12 8 2 1 0 0 0  aaaa99984888a9893999aa837775a766672578a566454
77920 1 8 12 8 2 2 0 0 0  aaaa99985888a9895999aa857774a766675478a466332
77948 1 8 12 9 1 1 0 0 0  aaaa99984888a9893999aa837777a766576568a545624
77954 1 8 12 9 2 1 0 0 0  aaaa99985888a9894999aa837777a766673258a566454
77956 1 8 12 9 2 2 0 0 0  aaaa99985888a9895999aa857777a766675448a366432
77984 1 8 12 10 1 1 0 0 0  aaaa99984888a9893999aa837665a677777568a545624
77990 1 8 12 10 2 1 0 0 0  aaaa99985888a9894999aa837666a377777258a566454
77992 1 8 12 10 2 2 0 0 0  aaaa99985888a9895999aa857666a577777448a366432
78013 1 8 13 0 0 0 1 0 0  aaaa99985888a9894999aa887766a427655676a373574
78043 1 8 13 0 5 0 1 0 0  aaaa99986888a9896999aa887755a627546574a376374
78056 1 8 13 1 1 1 0 0 0  aaaa99985888a9894999aa887776a366763562a455747
78058 1 8 13 1 1 2 0 0 0  aaaa99985888a9895999aa887776a566765464a433727
78062 1 8 13 1 2 1 0 0 0  aaaa99984888a9893999aa887774a466726566a553757
78066 1 8 13 1 3 0 0 0 0  aaaa99984888a9893999aa887774a466763565a526757
78068 1 8 13 1 3 1 0 0 0  aaaa99984888a9893999aa887774a466763562a556757
78138 1 8 13 3 3 0 0 0 0  aaaa99985888a9893999aa887777a366672546a546457
78140 1 8 13 3 3 1 0 0 0  aaaa99985888a9893999aa887777a366672456a546457
78142 1 8 13 3 3 2 0 0 0  aaaa99985888a9895999aa887777a566675446a346327
78150 1 8 13 3 5 0 0 0 0  aaaa99985888a9893999aa887777a356475654a666427
78228 1 8 13 6 0 0 0 0 0  aaaa99984888a9893999aa887777a366577565a562464
78270 1 8 13 7 1 0 0 0 0  aaaa99985888a9894999aa887776a366763567a547254
78508 1 8 14 2 4 2 0 0 0  aaaa99954888a9893999aa537887a877644627a666575
78512 1 8 14 2 5 1 0 0 0  aaaa99965888a9893999aa637887a877464547a565672
78538 1 8 14 3 3 2 0 0 0  aaaa99954888a9893999aa447887a877673666a256575
78544 1 8 14 3 4 2 0 0 0  aaaa99954888a9893999aa447887a877673625a666575
78548 1 8 14 3 5 1 0 0 0  aaaa99965888a9893999aa637887a877474546a565672
78580 1 8 14 4 4 2 0 0 0  aaaa99954888a9893999aa537887a877644625a666775
78584 1 8 14 4 5 1 0 0 0  aaaa99965888a9893999aa637887a877464546a565772
78634 1 8 14 6 1 2 0 0 0  aaaa99956888a9893999aa537884a877447677a662565
78640 1 8 14 6 2 2 0 0 0  aaaa99954888a9893999aa537886a877657677a662445
78676 1 8 14 7 2 2 0 0 0  aaaa99954888a9893999aa537887a877666267a657445
78688 1 8 14 7 4 2 0 0 0  aaaa99954888a9893999aa447887a877656267a657635
78694 1 8 14 7 5 2 0 0 0  aaaa99954888a9893999aa537887a877644267a657665
78712 1 8 14 8 2 2 0 0 0  aaaa99954888a9893999aa447887a877657627a663565
79268 1 8 16 1 5 1 0 0 0  aaaa99975888a9694999aa887877a378644567a655632
79300 1 8 16 2 4 2 0 0 0  aaaa99954888a9696999aa887877a378653267a657445
79304 1 8 16 2 5 1 0 0 0  aaaa99954888a9693999aa887877a378644567a657625
79306 1 8 16 2 5 2 0 0 0  aaaa99945888a9695999aa887877a578635467a647623
79354 1 8 16 4 1 2 0 0 0  aaaa99974888a9593999aa887877a368676657a562454
79372 1 8 16 4 4 2 0 0 0  aaaa99974888a9593999aa887877a368572657a666454
79376 1 8 16 4 5 1 0 0 0  aaaa99975888a9694999aa887877a348674567a655632
79408 1 8 16 5 4 2 0 0 0  aaaa99954888a9696999aa887877a378673265a657445
79412 1 8 16 5 5 1 0 0 0  aaaa99944888a9695999aa887877a478673265a657635
79414 1 8 16 5 5 2 0 0 0  aaaa99945888a9695999aa887877a578675464a637623
79590 1 8 16 10 5 0 0 0 0  aaaa99965888a9794999aa885847a558763276a764736
79650 1 8 17 1 3 0 0 0 0  aaaa99975888a9894999aa887877a376663657a545264
79690 1 8 17 2 3 2 0 0 0  aaaa99935888a9895999aa887877a576665647a447362
79748 1 8 17 4 1 1 0 0 0  aaaa99974888a9893999aa887877a366576567a545624
79754 1 8 17 4 2 1 0 0 0  aaaa99975888a9894999aa887877a366673257a566454
79756 1 8 17 4 2 2 0 0 0  aaaa99975888a9895999aa887877a566675447a366432
79858 1 8 17 7 1 2 0 0 0  aaaa99926888a9895999aa887877a576665434a476375
79864 1 8 17 7 2 2 0 0 0  aaaa99935888a9895999aa887877a576665644a476372
79868 1 8 17 7 3 1 0 0 0  aaaa99944888a9894999aa887877a376663565a276575
79870 1 8 17 7 3 2 0 0 0  aaaa99935888a9895999aa887877a576665464a476372
79878 1 8 17 7 5 0 0 0 0  aaaa99965888a9893999aa887877a375465526a474676
80086 1 8 18 2 3 2 0 0 0  aaaa99954888a9898999aa537887a776663627a744565
80094 1 8 18 2 5 0 0 0 0  aaaa99965888a9898999aa647887a775465527a763643
80296 1 8 18 8 2 2 0 0 0  aaaa99954888a9898999aa537886a777744627a663565
80422 1 8 19 0 5 2 0 0 0  aaaa99977888a9895999aa852876a778675364a635644
80423 1 8 19 0 5 2 1 0 0  aaaa99977888a9895999aa852876a778675463a644653
80424 1 8 19 1 0 0 0 0 0  aaaa99975888a9894999aa837877a378662667a455546
80436 1 8 19 1 2 0 0 0 0  aaaa99975888a9894999aa837877a378666467a654552
80438 1 8 19 1 2 1 0 0 0  aaaa99975888a9894999aa837877a378666567a655442
80442 1 8 19 1 3 0 0 0 0  aaaa99975888a9894999aa837877a378666567a562454
80444 1 8 19 1 3 1 0 0 0  aaaa99975888a9894999aa837877a378666567a565442
80450 1 8 19 1 4 1 0 0 0  aaaa99975888a9894999aa837877a378644657a666552
80456 1 8 19 1 5 1 0 0 0  aaaa99975888a9894999aa837877a378644567a655662
80474 1 8 19 2 2 1 0 0 0  aaaa99954888a9893999aa837877a278666567a657445
80476 1 8 19 2 2 2 0 0 0  aaaa99945888a9895999aa857877a578666467a647332
80478 1 8 19 2 3 0 0 0 0  aaaa99965888a9894999aa837877a378666567a547254
80486 1 8 19 2 4 1 0 0 0  aaaa99944888a9894999aa837877a378656567a657625
80488 1 8 19 2 4 2 0 0 0  aaaa99945888a9895999aa857877a578636467a647623
80492 1 8 19 2 5 1 0 0 0  aaaa99954888a9893999aa837877a278644567a657665
80494 1 8 19 2 5 2 0 0 0  aaaa99945888a9895999aa857877a578644367a637662
80532 1 8 19 4 0 0 0 0 0  aaaa99975888a9894999aa837877a368672647a556645
80534 1 8 19 4 0 1 0 0 0  aaaa99975888a9894999aa837877a368672657a546654
80540 1 8 19 4 1 1 0 0 0  aaaa99975888a9894999aa837877a368676657a562454
80542 1 8 19 4 1 2 0 0 0  aaaa99975888a9895999aa857877a568676647a464332
80544 1 8 19 4 2 0 0 0 0  aaaa99975888a9894999aa837877a368676557a645624
80546 1 8 19 4 2 1 0 0 0  aaaa99975888a9894999aa837877a368676547a655642
80550 1 8 19 4 3 0 0 0 0  aaaa99975888a9894999aa837877a368676657a545624
80552 1 8 19 4 3 1 0 0 0  aaaa99975888a9894999aa837877a368676647a555642
80558 1 8 19 4 4 1 0 0 0  aaaa99975888a9894999aa837877a368572657a666454
80560 1 8 19 4 4 2 0 0 0  aaaa99975888a9895999aa857877a568474647a666332
80564 1 8 19 4 5 1 0 0 0  aaaa99975888a9894999aa837877a348674567a655662
80582 1 8 19 5 2 1 0 0 0  aaaa99944888a9895999aa847877a378673666a257565
80584 1 8 19 5 2 2 0 0 0  aaaa99945888a9895999aa857877a578672666a447363
80594 1 8 19 5 4 1 0 0 0  aaaa99944888a9895999aa847877a378676265a657635
80596 1 8 19 5 4 2 0 0 0  aaaa99945888a9895999aa857877a578676464a637623
80600 1 8 19 5 5 1 0 0 0  aaaa99944888a9895999aa847877a378673265a657665
80602 1 8 19 5 5 2 0 0 0  aaaa99945888a9895999aa857877a578672464a637663
80658 1 8 19 7 3 0 0 0 0  aaaa99965888a9893999aa837877a278666565a475474
80672 1 8 19 7 5 1 0 0 0  aaaa99965888a9893999aa837877a278464546a575676
80778 1 8 19 10 5 0 0 0 0  aaaa99965888a9894999aa835847a558763276a764776
80838 1 8 20 1 3 0 0 0 0  aaaa99975888a9898999aa847877a376663657a545264
80878 1 8 20 2 3 2 0 0 0  aaaa99935888a9898999aa857877a576665647a447362
80936 1 8 20 4 1 1 0 0 0  aaaa99974888a9898999aa837877a366576567a545624
80942 1 8 20 4 2 1 0 0 0  aaaa99975888a9898999aa847877a366673257a566454
80944 1 8 20 4 2 2 0 0 0  aaaa99975888a9898999aa857877a566675447a366432
81046 1 8 20 7 1 2 0 0 0  aaaa99926888a9898999aa857877a576665434a476375
81052 1 8 20 7 2 2 0 0 0  aaaa99935888a9898999aa857877a576665644a476372
81056 1 8 20 7 3 1 0 0 0  aaaa99944888a9898999aa847877a376663565a276575
81058 1 8 20 7 3 2 0 0 0  aaaa99935888a9898999aa857877a576665464a476372
81066 1 8 20 7 5 0 0 0 0  aaaa99965888a9898999aa837877a375465526a474676
81274 1 8 21 2 3 2 0 0 0  aaaa99954887a9797999aa538888a876663627a744565
81282 1 8 21 2 5 0 0 0 0  aaaa99965887a9797999aa648888a875465527a763643
81484 1 8 21 8 2 2 0 0 0  aaaa99954887a9697999aa538888a877744627a663565
81648 1 8 22 2 0 0 0 0 0  aaaa99975778a9794999aa738766a388888656a545264
81728 1 8 22 4 1 1 0 0 0  aaaa99974778a9793999aa738665a688888567a545624
81734 1 8 22 4 2 1 0 0 0  aaaa99975778a9794999aa738666a388888257a566454
81736 1 8 22 4 2 2 0 0 0  aaaa99975778a9795999aa758666a588888447a366432
81858 1 8 22 7 5 0 0 0 0  aaaa99965778a9794999aa738754a588888526a763646
82054 1 9 0 2 1 2 0 0 0  aaaa99994999a8853879aa877787a386866765a652445
82072 1 9 0 2 4 2 0 0 0  aaaa99994999a8853879aa877787a386852765a666445
82076 1 9 0 2 5 1 0 0 0  aaaa99995999a8864879aa877787a385863746a565642
82124 1 9 0 4 1 1 0 0 0  aaaa99994999a8844869aa837787a387866656a577525
82130 1 9 0 4 2 1 0 0 0  aaaa99995999a8864869aa837787a387866256a577454
82132 1 9 0 4 2 2 0 0 0  aaaa99995999a8865869aa857787a587866446a377432
82142 1 9 0 4 4 1 0 0 0  aaaa99995999a8863859aa837787a287855464a677664
82160 1 9 0 5 1 1 0 0 0  aaaa99996999a8854879aa837787a387844657a662565
82162 1 9 0 5 1 2 0 0 0  aaaa99996999a8845879aa857787a587835647a662463
82164 1 9 0 5 2 0 0 0 0  aaaa99995999a8864879aa837787a387855647a662546
82166 1 9 0 5 2 1 0 0 0  aaaa99995999a8865879aa847787a387863657a662454
82172 1 9 0 5 3 1 0 0 0  aaaa99995999a8864879aa837787a387844667a566552
82178 1 9 0 5 4 1 0 0 0  aaaa99995999a8864879aa837787a387844657a666552
82232 1 9 0 7 1 1 0 0 0  aaaa99995999a8854879aa837787a386866765a644725
82234 1 9 0 7 1 2 0 0 0  aaaa99995999a8845879aa857787a586866763a644723
82236 1 9 0 7 2 0 0 0 0  aaaa99995999a8864879aa837787a386866756a545724
82238 1 9 0 7 2 1 0 0 0  aaaa99995999a8864879aa837787a386866746a555742
82242 1 9 0 7 3 0 0 0 0  aaaa99995999a8864879aa837787a386866745a655742
82244 1 9 0 7 3 1 0 0 0  aaaa99995999a8864879aa837787a386866745a652745
82250 1 9 0 7 4 1 0 0 0  aaaa99995999a8854879aa837787a386844765a666725
82252 1 9 0 7 4 2 0 0 0  aaaa99995999a8845879aa857787a586844763a666723
82256 1 9 0 7 5 1 0 0 0  aaaa99995999a8864879aa837787a385862746a565746
82270 1 9 0 8 1 2 0 0 0  aaaa99994999a8853879aa837787a786866765a652445
82288 1 9 0 8 4 2 0 0 0  aaaa99994999a8853879aa837787a786852765a666445
82292 1 9 0 8 5 1 0 0 0  aaaa99995999a8864879aa837787a785863746a565642
82352 1 9 0 10 3 1 0 0 0  aaaa99995999a8874869aa836686a385872647a575747
82402 1 9 1 0 5 2 0 0 0  aaaa99995999a8885889aa772786a787675364a635644
82403 1 9 1 0 5 2 1 0 0  aaaa99995999a8885889aa772786a787675463a644653
82404 1 9 1 1 0 0 0 0 0  aaaa99995999a8884889aa737787a387662665a474556
82406 1 9 1 1 0 1 0 0 0  aaaa99995999a8885889aa737787a387662664a575446
82412 1 9 1 1 1 1 0 0 0  aaaa99995999a8884889aa737787a387666664a572554
82416 1 9 1 1 2 0 0 0 0  aaaa99995999a8884889aa737787a387666565a675442
82418 1 9 1 1 2 1 0 0 0  aaaa99995999a8884889aa737787a387666465a674525
82422 1 9 1 1 3 0 0 0 0  aaaa99995999a8884889aa737787a387666556a675442
82424 1 9 1 1 3 1 0 0 0  aaaa99995999a8884889aa737787a387666456a674552
82428 1 9 1 1 4 0 0 0 0  aaaa99995999a8884889aa737787a387646565a675624
82430 1 9 1 1 4 1 0 0 0  aaaa99995999a8884889aa737787a387656465a674625
82436 1 9 1 1 5 1 0 0 0  aaaa99995999a8884889aa737787a387652465a674665
82454 1 9 1 2 2 1 0 0 0  aaaa99994999a8883889aa537787a287666567a657445
82456 1 9 1 2 2 2 0 0 0  aaaa99995999a8885889aa457787a587666467a647332
82458 1 9 1 2 3 0 0 0 0  aaaa99995999a8884889aa637787a387666567a547254
82466 1 9 1 2 4 1 0 0 0  aaaa99994999a8883889aa447787a387656567a657625
82468 1 9 1 2 4 2 0 0 0  aaaa99995999a8885889aa457787a587636467a647623
82472 1 9 1 2 5 1 0 0 0  aaaa99994999a8883889aa537787a287644567a657665
82474 1 9 1 2 5 2 0 0 0  aaaa99995999a8885889aa457787a587644367a637662
82526 1 9 1 4 2 1 0 0 0  aaaa99994999a8883889aa537787a287666565a677445
82528 1 9 1 4 2 2 0 0 0  aaaa99995999a8885889aa457787a587666464a677332
82538 1 9 1 4 4 1 0 0 0  aaaa99994999a8883889aa447787a387656565a677625
82540 1 9 1 4 4 2 0 0 0  aaaa99995999a8885889aa457787a587636464a677623
82544 1 9 1 4 5 1 0 0 0  aaaa99994999a8883889aa537787a287644565a677665
82546 1 9 1 4 5 2 0 0 0  aaaa99995999a8885889aa457787a587644363a677662
82562 1 9 1 5 2 1 0 0 0  aaaa99994999a8883889aa447787a387657657a662565
82564 1 9 1 5 2 2 0 0 0  aaaa99995999a8885889aa457787a587637647a662463
82646 1 9 1 7 4 1 0 0 0  aaaa99994999a8883889aa537787a287644657a666575
82648 1 9 1 7 4 2 0 0 0  aaaa99995999a8885889aa457787a587644637a666372
82652 1 9 1 7 5 1 0 0 0  aaaa99995999a8883889aa637787a287464547a565676
82784 1 9 2 0 3 1 0 0 0  aaaa99995999a8883889aa587786a367662675a474475
82818 1 9 2 1 3 0 0 0 0  aaaa99995999a8884889aa787787a367663654a575264
82830 1 9 2 1 5 0 0 0 0  aaaa99995999a8884889aa787787a357645562a673664
82840 1 9 2 2 0 2 0 0 0  aaaa99995999a8885889aa487787a567635647a267463
82858 1 9 2 2 3 2 0 0 0  aaaa99995999a8885889aa387787a567665647a447362
82930 1 9 2 4 3 2 0 0 0  aaaa99995999a8885889aa387787a567665644a477362
83018 1 9 2 7 0 1 0 0 0  aaaa99994999a8883889aa587787a367644627a556675
83020 1 9 2 7 0 2 0 0 0  aaaa99995999a8885889aa387787a567635647a446672
83026 1 9 2 7 1 2 0 0 0  aaaa99995999a8885889aa387787a567665647a446372
83180 1 9 3 0 3 1 0 0 0  aaaa99995999a8884879aa787687a366863757a644552
83202 1 9 3 1 1 0 0 0 0  aaaa99995999a8883879aa787787a366862565a475464
83334 1 9 3 4 5 0 0 0 0  aaaa99995999a8883829aa687787a357865456a477646
83342 1 9 3 5 0 1 0 0 0  aaaa99995999a8884879aa687787a367863657a644552
83432 1 9 3 7 3 1 0 0 0  aaaa99995999a8883879aa587787a366862765a446745
83558 1 9 4 0 0 1 0 0 0  aaaa99995999a8884879aa737887a366852767a464565
83568 1 9 4 0 2 0 0 0 0  aaaa99996999a8886879aa747887a366856757a553442
83570 1 9 4 0 2 1 0 0 0  aaaa99995999a8884879aa737887a366862757a646554
83606 1 9 4 1 2 1 0 0 0  aaaa99995999a8884879aa777887a366863275a656445
83608 1 9 4 1 2 2 0 0 0  aaaa99995999a8885879aa777887a566865474a636423
83646 1 9 4 2 3 0 0 0 0  aaaa99995999a8884879aa777887a366863567a546254
83678 1 9 4 3 2 1 0 0 0  aaaa99995999a8884879aa737886a377844666a555762
83684 1 9 4 3 3 1 0 0 0  aaaa99995999a8884879aa737886a377852666a456745
83690 1 9 4 3 4 1 0 0 0  aaaa99995999a8884879aa737886a377852645a666745
83766 1 9 4 5 5 0 0 0 0  aaaa99995999a8884879aa777886a375845562a673664
83856 1 9 4 8 2 0 0 0 0  aaaa99995999a8884879aa737887a377862666a455546
83970 1 9 5 0 3 0 0 0 0  aaaa99995999a8884879aa737687a368662787a545564
83972 1 9 5 0 3 1 0 0 0  aaaa99995999a8885879aa747687a368663787a655442
84002 1 9 5 1 2 1 0 0 0  aaaa99995999a8884879aa777786a368663785a652445
84004 1 9 5 1 2 2 0 0 0  aaaa99995999a8885879aa777786a568665784a644332
84042 1 9 5 2 3 0 0 0 0  aaaa99995999a8884879aa777687a368663487a654552
84044 1 9 5 2 3 1 0 0 0  aaaa99995999a8884879aa777687a368663587a655442
84158 1 9 5 5 4 1 0 0 0  aaaa99995999a8884879aa777686a378653485a674625
84256 1 9 5 8 2 2 0 0 0  aaaa99994999a8883879aa537787a768662785a644565
84262 1 9 5 8 3 2 0 0 0  aaaa99994999a8883879aa537787a768656786a652445
84268 1 9 5 8 4 2 0 0 0  aaaa99994999a8883879aa537787a768666785a652445
84270 1 9 5 8 5 0 0 0 0  aaaa99995999a8884879aa637787a748564786a565632
84272 1 9 5 8 5 1 0 0 0  aaaa99995999a8884879aa637787a758565786a464632
84278 1 9 5 9 0 1 0 0 0  aaaa99995999a8883879aa577686a378772685a446645
84456 1 9 6 3 0 0 0 0 0  aaaa99995999a8884879aa737787a786863665a455246
84492 1 9 6 4 0 0 0 0 0  aaaa99995999a8884879aa777787a386863665a455246
84646 1 9 6 8 1 2 0 0 0  aaaa99994999a8883879aa537787a786866765a652445
84664 1 9 6 8 4 2 0 0 0  aaaa99994999a8883879aa537787a786852765a666445
84668 1 9 6 8 5 1 0 0 0  aaaa99995999a8884879aa637787a785863746a565642
84728 1 9 6 10 3 1 0 0 0  aaaa99995999a8884869aa736686a385872647a575747
84798 1 9 7 1 3 0 0 0 0  aaaa99995999a8888889aa747787a367663654a575264
84810 1 9 7 1 5 0 0 0 0  aaaa99995999a8888889aa747787a357645562a673664
84838 1 9 7 2 3 2 0 0 0  aaaa99995999a8888889aa357787a567665647a447362
84910 1 9 7 4 3 2 0 0 0  aaaa99995999a8888889aa357787a567665644a477362
85006 1 9 7 7 1 2 0 0 0  aaaa99995999a8888889aa357787a567665647a446372
85158 1 9 8 0 3 0 0 0 0  aaaa99995999a8884879aa737687a366862787a556454
85160 1 9 8 0 3 1 0 0 0  aaaa99995999a8885879aa747687a366863787a655442
85230 1 9 8 2 3 0 0 0 0  aaaa99995999a8884879aa777687a366863487a654552
85232 1 9 8 2 3 1 0 0 0  aaaa99995999a8884879aa777687a366863587a655442
85262 1 9 8 3 2 1 0 0 0  aaaa99995999a8884879aa737787a766863285a656445
85264 1 9 8 3 2 2 0 0 0  aaaa99995999a8885879aa757787a766865484a636423
85298 1 9 8 4 2 1 0 0 0  aaaa99995999a8884879aa777787a366863285a656445
85300 1 9 8 4 2 2 0 0 0  aaaa99995999a8885879aa777787a566865484a636423
85338 1 9 8 5 3 0 0 0 0  aaaa99994999a8883879aa777686a675853685a475642
85366 1 9 8 6 1 2 0 0 0  aaaa99994999a8883879aa537787a767866685a652445
85384 1 9 8 6 4 2 0 0 0  aaaa99994999a8883879aa537787a767852685a666445
85388 1 9 8 6 5 1 0 0 0  aaaa99995999a8884879aa637787a747864586a565632
85444 1 9 8 8 2 2 0 0 0  aaaa99994999a8883879aa537787a766862785a656445
85450 1 9 8 8 3 2 0 0 0  aaaa99994999a8883879aa537787a766856786a652445
85456 1 9 8 8 4 2 0 0 0  aaaa99994999a8883879aa537787a766866785a652445
85458 1 9 8 8 5 0 0 0 0  aaaa99995999a8884879aa637787a755863786a465642
85460 1 9 8 8 5 1 0 0 0  aaaa99995999a8884879aa637787a755865786a464632
85466 1 9 8 9 0 1 0 0 0  aaaa99995999a8883879aa577686a377872685a446645
85548 1 9 9 0 2 0 0 0 0  aaaa99995999a8884779aa836887a376862557a744656
85550 1 9 9 0 2 1 0 0 0  aaaa99995999a8884779aa836887a376862657a746554
85556 1 9 9 0 3 1 0 0 0  aaaa99995999a8884779aa836887a676863657a744552
85562 1 9 9 0 4 1 0 0 0  aaaa99995999a8884779aa836887a376866657a744552
85566 1 9 9 0 5 0 0 0 0  aaaa99996999a8886779aa862887a675856547a734543
85567 1 9 9 0 5 0 1 0 0  aaaa99996999a8886779aa862887a675856547a733445
85586 1 9 9 1 2 1 0 0 0  aaaa99995999a8884779aa876887a366853775a662445
85588 1 9 9 1 2 2 0 0 0  aaaa99995999a8885779aa876887a566845773a662443
85952 1 9 10 0 3 1 0 0 0  aaaa99995999a8888879aa747687a366863757a644552
86330 1 9 11 0 0 1 0 0 0  aaaa99995999a7784879aa838888a367652677a456645
86340 1 9 11 0 2 0 0 0 0  aaaa99996999a7786879aa848888a267656477a554353
86342 1 9 11 0 2 1 0 0 0  aaaa99995999a7784879aa838888a367662577a655464
86376 1 9 11 1 2 0 0 0 0  aaaa99995999a7787869aa848888a377663467a654552
86378 1 9 11 1 2 1 0 0 0  aaaa99995999a7787869aa848888a377663567a655442
86472 1 9 11 4 0 0 0 0 0  aaaa99995999a7787879aa848888a377663665a455246
86544 1 9 11 6 0 0 0 0 0  aaaa99995999a6684879aa838888a377657477a264556
86545 1 9 11 6 0 0 1 0 0  aaaa99994999a6684879aa848888a377657577a563526
86546 1 9 11 6 0 1 0 0 0  aaaa99995999a6683879aa838888a277647577a565446
86616 1 9 11 8 0 0 0 0 0  aaaa99995999a6684879aa878888a377763567a562454
86618 1 9 11 8 0 1 0 0 0  aaaa99995999a6684879aa878888a377763567a565442
86642 1 9 11 8 4 1 0 0 0  aaaa99994999a6586879aa878888a377744657a663525
86652 1 9 11 9 0 0 0 0 0  aaaa99995999a6684879aa878888a377773656a545264
86688 1 9 11 10 0 0 0 0 0  aaaa99995999a6684879aa838888a377777656a545264
86754 1 9 12 0 5 0 0 0 0  aaaa99995999a8888879aa748786a375645562a773664
86826 1 9 12 2 5 0 0 0 0  aaaa99995999a8888879aa778786a475645562a673634
87140 1 9 13 0 3 1 0 0 0  aaaa99995999a8888879aa747687a368663757a644552
87424 1 9 13 8 2 2 0 0 0  aaaa99994999a8888879aa537787a768663725a644565
87546 1 9 14 0 5 0 0 0 0  aaaa99995999a8888779aa645784a558763827a763646
87674 1 9 14 4 2 1 0 0 0  aaaa99994999a8888779aa736687a658663875a752445
87686 1 9 14 4 4 1 0 0 0  aaaa99994999a8888779aa736587a668663875a752445
87688 1 9 14 4 4 2 0 0 0  aaaa99995999a8888779aa756487a668665874a745332
87692 1 9 14 4 5 1 0 0 0  aaaa99994999a8888779aa736587a368666875a752445
87710 1 9 14 5 2 1 0 0 0  aaaa99994999a8888779aa736787a368657855a644625
87770 1 9 14 7 0 1 0 0 0  aaaa99995999a8888779aa746786a368744856a673552
87934 1 9 15 0 3 2 0 0 0  aaaa99994999a8883779aa536786a668752785a644785
87942 1 9 15 0 5 0 0 0 0  aaaa99995999a8883779aa635784a558762786a464786
87952 1 9 15 1 0 2 0 0 0  aaaa99996999a8885779aa756786a548436784a735682
87974 1 9 15 1 4 1 0 0 0  aaaa99994999a8883779aa736785a668662785a744585
87976 1 9 15 1 4 2 0 0 0  aaaa99995999a8885779aa756783a668665784a744382
87986 1 9 15 2 0 1 0 0 0  aaaa99995999a8884779aa736786a368752786a644585
87988 1 9 15 2 0 2 0 0 0  aaaa99995999a8885779aa756786a568744786a642383
88006 1 9 15 2 3 2 0 0 0  aaaa99994999a8883779aa736786a668752785a644585
88014 1 9 15 2 5 0 0 0 0  aaaa99995999a8883779aa735784a558762786a464686
88080 1 9 15 4 4 0 0 0 0  aaaa99997999a8887779aa746286a768366585a544385
88081 1 9 15 4 4 0 1 0 0  aaaa99997999a8887779aa736586a768566584a543482
88085 1 9 15 4 4 2 1 0 0  aaaa99997999a8887779aa746383a768664685a254585
88176 1 9 15 7 2 0 0 0 0  aaaa99995999a8883779aa736786a668762585a475484
88188 1 9 15 7 4 0 0 0 0  aaaa99995999a8883779aa736786a268766585a475484
88308 1 9 16 0 0 0 0 0 0  aaaa99995999a8884779aa836786a368755786a454762
88310 1 9 16 0 0 1 0 0 0  aaaa99995999a8885779aa846786a368755786a644732
88316 1 9 16 0 1 1 0 0 0  aaaa99995999a8884779aa836786a668744786a555732
88320 1 9 16 0 2 0 0 0 0  aaaa99995999a8884779aa836786a668763785a455742
88322 1 9 16 0 2 1 0 0 0  aaaa99995999a8884779aa836786a668763784a555724
88328 1 9 16 0 3 1 0 0 0  aaaa99995999a8884779aa836786a668753785a644725
88330 1 9 16 0 3 2 0 0 0  aaaa99995999a8885779aa856786a668745783a644723
88332 1 9 16 0 4 0 0 0 0  aaaa99995999a8884779aa836786a368766785a455742
88334 1 9 16 0 4 1 0 0 0  aaaa99995999a8884779aa836786a368766784a555724
88382 1 9 16 2 0 1 0 0 0  aaaa99995999a8884779aa876786a368753786a652445
88384 1 9 16 2 0 2 0 0 0  aaaa99995999a8885779aa876786a568745786a644332
88402 1 9 16 2 3 2 0 0 0  aaaa99994999a8883779aa876786a668753785a652445
88410 1 9 16 2 5 0 0 0 0  aaaa99994999a8883779aa875785a358762786a464656
88453 1 9 16 4 0 0 1 0 0  aaaa99995999a8884779aa876786a428565787a633546
88604 1 9 16 8 1 1 0 0 0  aaaa99995999a8884769aa877787a368673684a562554
88614 1 9 16 8 3 0 0 0 0  aaaa99995999a8884769aa877787a368673685a455642
88616 1 9 16 8 3 1 0 0 0  aaaa99995999a8884769aa877787a368673684a555624
88726 1 9 17 0 3 2 0 0 0  aaaa99994999a8888779aa536786a668753785a644725
88734 1 9 17 0 5 0 0 0 0  aaaa99994999a8888779aa635785a358762786a464756
88778 1 9 17 2 0 1 0 0 0  aaaa99995999a8888779aa746786a368753786a652445
88780 1 9 17 2 0 2 0 0 0  aaaa99995999a8888779aa756786a568745786a644332
88798 1 9 17 2 3 2 0 0 0  aaaa99994999a8888779aa736786a668753785a652445
88806 1 9 17 2 5 0 0 0 0  aaaa99994999a8888779aa735785a358762786a464656
89140 1 9 18 1 0 2 0 0 0  aaaa99997999a7775849aa888888a567647624a336655
89244 1 9 18 4 0 0 0 0 0  aaaa99995999a7774879aa888888a377663665a455246
89280 1 9 18 5 0 0 0 0 0  aaaa99995999a7774849aa888888a267654736a655376
89282 1 9 18 5 0 1 0 0 0  aaaa99994999a7773859aa888888a367655726a644576
89285 1 9 18 5 0 2 1 0 0  aaaa99995999a7775849aa888888a567644736a625376
89300 1 9 18 5 3 1 0 0 0  aaaa99994999a7773869aa888888a367652756a644575
89302 1 9 18 5 3 2 0 0 0  aaaa99995999a7775869aa888888a567645736a644372
89316 1 9 18 6 0 0 0 0 0  aaaa99995999a7777829aa888888a467655736a644536
89360 1 9 18 7 1 1 0 0 0  aaaa99994999a7773869aa888888a367644675a562557
89372 1 9 18 7 3 1 0 0 0  aaaa99994999a7773869aa888888a367644675a555627
89376 1 9 18 7 4 0 0 0 0  aaaa99995999a7774869aa888888a367663675a455247
89785 1 9 19 8 0 0 1 0 0  aaaa99994999a8888739aa877787a467863655a526645
89966 1 9 20 2 0 1 0 0 0  aaaa99995999a7773879aa838888a267658675a446645
90036 1 9 20 4 0 0 0 0 0  aaaa99995999a7774879aa838888a377668665a455246
90086 1 9 20 5 2 1 0 0 0  aaaa99994999a7773869aa838888a267658755a644675
90088 1 9 20 5 2 2 0 0 0  aaaa99995999a7775869aa858888a567648744a633672
90122 1 9 20 6 2 1 0 0 0  aaaa99994999a7777869aa838888a367658755a644625
90156 1 9 20 7 2 0 0 0 0  aaaa99995999a7774869aa838888a367658676a455247
90162 1 9 20 7 3 0 0 0 0  aaaa99995999a7773869aa868888a367658674a455427
90432 1 9 21 4 0 0 0 0 0  aaaa99995999a7774879aa838888a877663665a455246
91081 1 10 0 0 0 0 1 0 0  aaaa99988278a9785899aa987696a487655677a364534
91093 1 10 0 0 2 0 1 0 0  aaaa99988278a9785899aa987696a687655477a644533
91097 1 10 0 0 2 2 1 0 0  aaaa99988278a9784899aa987696a687654377a653545
91144 1 10 0 1 4 2 0 0 0  aaaa99988778a9784899aa987296a687653765a653445
91344 1 10 0 7 2 0 0 0 0  aaaa99988278a9787899aa987696a685543676a457453
91345 1 10 0 7 2 0 1 0 0  aaaa99988278a9787899aa987696a685435676a537445
91363 1 10 0 7 5 0 1 0 0  aaaa99988278a9787899aa987596a583645574a637664
91367 1 10 0 7 5 2 1 0 0  aaaa99988278a9787899aa983796a385647564a755664
91441 1 10 0 10 0 0 1 0 0  aaaa99988268a9786899aa986597a583763574a746754
91657 1 10 1 5 0 0 1 0 0  aaaa99988888a9777299aa986697a456754568a376534
91661 1 10 1 5 0 2 1 0 0  aaaa99988888a9777299aa986697a533765648a475645
91729 1 10 1 7 0 0 1 0 0  aaaa99988888a9777299aa986697a456574568a367534
91943 1 10 2 1 5 2 1 0 0  aaaa99965888a9777399aa987397a572465846a868645
92057 1 10 2 5 0 2 1 0 0  aaaa99974888a9777299aa986697a436753865a868545
92233 1 10 2 10 0 0 1 0 0  aaaa99966888a9662599aa987593a677777854a848534
92311 1 10 3 1 1 0 1 0 0  aaaa99988888a9777299aa987897a676665554a346354
92312 1 10 3 1 1 1 0 0 0  aaaa99988888a9777299aa987897a676664555a346354
92313 1 10 3 1 1 1 1 0 0  aaaa99988888a9777299aa987897a676665354a536454
92314 1 10 3 1 1 2 0 0 0  aaaa99988888a9777299aa987897a676664354a536554
92315 1 10 3 1 1 2 1 0 0  aaaa99988888a9777399aa987897a376646656a542554
92521 1 10 3 7 0 0 1 0 0  aaaa99988888a9777299aa986897a665475643a537465
92663 1 10 3 10 5 2 1 0 0  aaaa99988888a9654299aa987896a477777365a653645
92845 1 10 4 5 0 0 1 0 0  aaaa99978888a9777299aa986897a665745634a548365
92847 1 10 4 5 0 1 1 0 0  aaaa99978888a9777299aa986897a665755634a548364
92848 1 10 4 5 0 2 0 0 0  aaaa99978888a9777299aa986897a664754635a358564
92849 1 10 4 5 0 2 1 0 0  aaaa99978888a9777299aa986897a663753645a458465
92917 1 10 4 7 0 0 1 0 0  aaaa99978888a9777299aa986897a665547654a358364
92919 1 10 4 7 0 1 1 0 0  aaaa99978888a9777299aa986897a665557654a348364
92921 1 10 4 7 0 2 1 0 0  aaaa99978888a9777299aa986897a663547654a538564
93016 1 10 4 9 4 2 0 0 0  aaaa99958888a9664799aa987896a377773265a658445
93022 1 10 4 9 5 2 0 0 0  aaaa99958888a9644799aa987896a477773265a658635
93053 1 10 4 10 4 2 1 0 0  aaaa99958888a9664399aa987896a377777265a658544
93054 1 10 4 10 5 0 0 0 0  aaaa99958888a9655299aa987896a577777364a638644
93055 1 10 4 10 5 0 1 0 0  aaaa99958888a9655399aa987896a377777264a648654
93059 1 10 4 10 5 2 1 0 0  aaaa99958888a9654399aa987896a377777265a658644
93077 1 10 5 0 2 2 1 0 0  aaaa99977878a9874899aa986896a678357265a654534
93095 1 10 5 0 5 2 1 0 0  aaaa99977878a9874899aa982896a478657365a653645
93130 1 10 5 1 5 2 0 0 0  aaaa99954878a9877899aa987896a378653765a644625
93342 1 10 5 7 5 0 0 0 0  aaaa99975878a9877899aa987896a458645563a637624
93455 1 10 5 10 5 2 1 0 0  aaaa99965828a9865899aa984897a548764376a763775
93509 1 10 6 1 2 2 1 0 0  aaaa99958888a9777299aa987897a476664865a353564
93515 1 10 6 1 3 2 1 0 0  aaaa99958888a9777299aa987897a476664865a356534
93521 1 10 6 1 4 2 1 0 0  aaaa99958888a9777299aa987897a476666865a354534
93527 1 10 6 1 5 2 1 0 0  aaaa99958888a9777299aa987897a473654865a653664
93709 1 10 6 7 0 0 1 0 0  aaaa99978888a9777299aa986897a665547864a356354
93711 1 10 6 7 0 1 1 0 0  aaaa99978888a9777299aa986897a665557864a346354
93713 1 10 6 7 0 2 1 0 0  aaaa99978888a9777299aa986897a663547864a536554
93808 1 10 6 9 4 2 0 0 0  aaaa99958888a9664799aa987896a377773865a652445
93814 1 10 6 9 5 2 0 0 0  aaaa99958888a9654799aa987896a377773865a644625
93833 1 10 6 10 2 2 1 0 0  aaaa99958888a9666299aa987896a477777865a354534
94110 1 10 7 7 1 0 0 0 0  aaaa99988888a9855299aa987797a567664637a356474
94123 1 10 7 7 3 0 1 0 0  aaaa99988888a9854299aa987797a467636657a554673
94251 1 10 8 0 0 1 1 0 0  aaaa99958888a9774299aa987898a466755767a363564
94261 1 10 8 0 2 0 1 0 0  aaaa99938888a9775299aa987898a466764757a636545
94333 1 10 8 2 2 0 1 0 0  aaaa99978888a9777299aa987898a466756566a534543
94361 1 10 8 3 0 2 1 0 0  aaaa99968888a9667299aa987898a777754665a354534
94364 1 10 8 3 1 1 0 0 0  aaaa99958888a9547299aa987898a777736666a536544
94366 1 10 8 3 1 2 0 0 0  aaaa99958888a9457299aa987898a777756666a356434
94369 1 10 8 3 2 0 1 0 0  aaaa99958888a9647299aa987898a777755666a345364
94375 1 10 8 3 3 0 1 0 0  aaaa99958888a9647299aa987898a777755666a346354
94381 1 10 8 3 4 0 1 0 0  aaaa99958888a9647299aa987898a777755634a666354
94387 1 10 8 3 5 0 1 0 0  aaaa99958888a9647299aa987898a777755364a635664
94403 1 10 8 4 1 2 1 0 0  aaaa99958888a9777299aa987898a476766665a354534
94409 1 10 8 4 2 2 1 0 0  aaaa99958888a9777299aa987898a476766635a654534
94421 1 10 8 4 4 2 1 0 0  aaaa99958888a9777299aa987898a476756635a664534
94427 1 10 8 4 5 2 1 0 0  aaaa99958888a9777299aa987898a476754635a666534
94505 1 10 8 7 0 2 1 0 0  aaaa99978888a9777699aa986898a762754635a654534
94619 1 10 8 10 1 2 1 0 0  aaaa99958888a9666299aa987898a477777665a354534
94625 1 10 8 10 2 2 1 0 0  aaaa99958888a9666299aa987898a477777365a653544
94637 1 10 8 10 4 2 1 0 0  aaaa99958888a9654299aa987898a477777635a666534
94643 1 10 8 10 5 2 1 0 0  aaaa99958888a9654299aa987898a477777365a653664
94691 1 10 9 1 1 2 1 0 0  aaaa99958888a9777299aa987897a478666665a354534
94697 1 10 9 1 2 2 1 0 0  aaaa99958888a9777299aa987897a478666365a653544
94709 1 10 9 1 4 2 1 0 0  aaaa99958888a9777299aa987897a478654635a666534
94715 1 10 9 1 5 2 1 0 0  aaaa99958888a9777299aa987897a478654365a653664
94854 1 10 9 5 5 0 0 0 0  aaaa99978888a9777299aa985897a558764346a365646
94855 1 10 9 5 5 0 1 0 0  aaaa99978888a9777599aa985897a358763546a462646
94897 1 10 9 7 0 0 1 0 0  aaaa99978888a9777299aa986897a668557465a446353
94901 1 10 9 7 0 2 1 0 0  aaaa99978888a9777299aa986897a668547364a536554
94927 1 10 9 7 5 0 1 0 0  aaaa99978888a9777299aa985897a558647364a635664
95035 1 10 9 10 5 0 1 0 0  aaaa99968888a9765299aa985897a558764376a763744
95039 1 10 9 10 5 2 1 0 0  aaaa99968888a9765299aa984897a548764376a763755
95134 1 10 10 2 3 2 0 0 0  aaaa99958888a9854799aa987897a376663627a744565
95142 1 10 10 2 5 0 0 0 0  aaaa99968888a9865799aa987897a475465527a763643
95293 1 10 10 7 0 0 1 0 0  aaaa99958888a9847299aa987897a776655636a745364
95294 1 10 10 7 0 1 0 0 0  aaaa99958888a9857299aa987897a776655646a743463
95295 1 10 10 7 0 1 1 0 0  aaaa99958888a9857299aa987897a776643656a743564
95299 1 10 10 7 1 0 1 0 0  aaaa99958888a9847299aa987897a776646636a755354
95311 1 10 10 7 3 0 1 0 0  aaaa99958888a9847299aa987897a776665634a755364
95323 1 10 10 7 5 0 1 0 0  aaaa99968888a9867299aa987897a775564536a764534
95429 1 10 10 10 4 2 1 0 0  aaaa99958888a9854299aa987896a477777635a666534
95435 1 10 10 10 5 2 1 0 0  aaaa99958888a9854299aa987896a477777365a653664
95440 1 10 11 0 0 2 0 0 0  aaaa99958888a9886299aa987796a667653475a473475
95492 1 10 11 1 3 1 0 0 0  aaaa99958888a9884799aa987796a367663655a744725
95689 1 10 11 7 0 0 1 0 0  aaaa99958888a9884299aa987797a467634657a556673
95962 1 10 12 3 3 2 0 0 0  aaaa99958888a9853799aa987797a367662644a478565
96087 1 10 12 7 0 1 1 0 0  aaaa99958888a9866299aa987797a667463547a558473
96089 1 10 12 7 0 2 1 0 0  aaaa99938888a9866299aa987797a657555647a468473
96090 1 10 12 7 1 0 0 0 0  aaaa99938888a9855499aa987797a467636657a268574
96105 1 10 12 7 3 1 1 0 0  aaaa99948888a9845599aa987797a567646627a338675
96142 1 10 12 8 3 2 0 0 0  aaaa99958888a9853799aa987797a367662647a448565
96502 1 10 13 7 3 2 0 0 0  aaaa99954878a9887899aa987897a376663625a744565
96510 1 10 13 7 5 0 0 0 0  aaaa99965878a9887899aa987897a475465526a763643
96538 1 10 13 8 3 2 0 0 0  aaaa99954878a9883899aa987897a776663625a744565
96546 1 10 13 8 5 0 0 0 0  aaaa99965878a9884899aa987897a775465526a763643
96637 1 10 14 0 2 0 1 0 0  aaaa99977888a9787299aa947898a866576566a354534
96769 1 10 14 4 0 0 1 0 0  aaaa99966888a9786299aa947898a877664575a533745
96790 1 10 14 4 3 2 0 0 0  aaaa99965888a9785299aa957898a877666374a635744
96791 1 10 14 4 3 2 1 0 0  aaaa99965888a9785299aa957898a877666473a644753
96799 1 10 14 4 5 0 1 0 0  aaaa99965888a9784299aa947898a877565376a563746
96841 1 10 14 6 0 0 1 0 0  aaaa99966888a9586299aa947898a877667577a354534
96926 1 10 14 8 2 1 0 0 0  aaaa99954888a9683799aa937898a877744657a662565
96928 1 10 14 8 2 2 0 0 0  aaaa99945888a9685799aa957898a877735647a662463
97128 1 10 15 3 0 0 0 0 0  aaaa99975878a9874899aa987797a388663665a455246
97480 1 10 16 1 4 2 0 0 0  aaaa99954878a9877899aa987296a687653765a844635
97526 1 10 16 3 0 1 0 0 0  aaaa99974878a9873899aa987797a386652656a844565
97528 1 10 16 3 0 2 0 0 0  aaaa99975878a9875899aa987797a586645636a844362
97544 1 10 16 3 3 1 0 0 0  aaaa99975878a9874899aa987797a386663625a844565
97546 1 10 16 3 3 2 0 0 0  aaaa99975878a9875899aa987797a586665644a842363
97554 1 10 16 3 5 0 0 0 0  aaaa99975878a9874899aa987797a385465526a863646
97590 1 10 16 4 5 0 0 0 0  aaaa99965878a9877899aa987594a587764526a863643
97654 1 10 16 6 3 2 0 0 0  aaaa99954878a9877899aa987797a386663625a844565
97662 1 10 16 6 5 0 0 0 0  aaaa99965878a9877899aa987797a485465526a863643
97691 1 10 16 7 3 2 1 0 0  aaaa99974878a9877899aa987696a682654635a857534
97714 1 10 16 8 1 2 0 0 0  aaaa99954878a9873899aa987797a387666665a852445
97732 1 10 16 8 4 2 0 0 0  aaaa99954878a9873899aa987797a387652665a844665
97736 1 10 16 8 5 1 0 0 0  aaaa99965878a9874899aa987797a387563456a864652
97762 1 10 16 9 3 2 0 0 0  aaaa99954878a9873899aa987797a786663625a844565
97770 1 10 16 9 5 0 0 0 0  aaaa99965878a9874899aa987797a785465526a863643
97790 1 10 16 10 2 1 0 0 0  aaaa99975868a9874899aa986695a386673457a874752
97800 1 10 16 10 4 0 0 0 0  aaaa99975868a9876899aa986696a485475527a873743
97806 1 10 16 10 5 0 0 0 0  aaaa99975868a9874899aa986696a685475527a873743
98482 1 10 18 7 3 2 0 0 0  aaaa99954888a9883799aa977897a876663625a744565
98490 1 10 18 7 5 0 0 0 0  aaaa99965888a9884799aa977897a875465526a763643
98510 1 10 18 8 2 1 0 0 0  aaaa99954888a9883799aa937896a877744657a662565
98512 1 10 18 8 2 2 0 0 0  aaaa99945888a9885799aa957896a877735647a662463
98516 1 10 18 8 3 1 0 0 0  aaaa99964888a9883799aa937895a877744667a566525
98621 1 10 19 0 2 2 1 0 0  aaaa99977888a9854799aa986893a778676265a654534
98639 1 10 19 0 5 2 1 0 0  aaaa99977888a9854799aa982896a778674365a653645
98648 1 10 19 1 1 1 0 0 0  aaaa99965888a9854799aa987897a378663765a672445
98650 1 10 19 1 1 2 0 0 0  aaaa99965888a9845799aa987897a578665763a672443
98656 1 10 19 1 2 2 0 0 0  aaaa99954888a9853799aa987897a378666765a672445
98668 1 10 19 1 4 2 0 0 0  aaaa99954888a9844799aa987897a378656765a673625
98674 1 10 19 1 5 2 0 0 0  aaaa99954888a9853799aa987897a378644765a672665
98686 1 10 19 2 1 2 0 0 0  aaaa99954888a9853799aa987897a378666667a752445
98704 1 10 19 2 4 2 0 0 0  aaaa99954888a9853799aa987897a378652667a744665
98708 1 10 19 2 5 1 0 0 0  aaaa99965888a9864799aa987897a378563457a764652
98722 1 10 19 3 1 2 0 0 0  aaaa99964888a9853799aa987897a778663765a652445
98756 1 10 19 4 1 1 0 0 0  aaaa99965888a9854799aa987897a378663767a652445
98758 1 10 19 4 1 2 0 0 0  aaaa99965888a9845799aa987897a578665767a644332
98764 1 10 19 4 2 2 0 0 0  aaaa99954888a9853799aa987897a378666767a652445
98776 1 10 19 4 4 2 0 0 0  aaaa99954888a9853799aa987897a378656767a644625
98782 1 10 19 4 5 2 0 0 0  aaaa99954888a9853799aa987897a378652767a644665
98800 1 10 19 5 2 2 0 0 0  aaaa99954888a9853799aa987897a378672666a744565
98806 1 10 19 5 3 2 0 0 0  aaaa99954888a9853799aa987897a378672666a756445
98812 1 10 19 5 4 2 0 0 0  aaaa99954888a9853799aa987897a378672665a744665
98816 1 10 19 5 5 1 0 0 0  aaaa99965888a9864799aa987897a378573456a764652
98868 1 10 19 7 2 0 0 0 0  aaaa99967888a9864299aa987897a778666545a735543
98875 1 10 19 7 3 0 1 0 0  aaaa99967888a9855299aa987897a778666465a744353
98879 1 10 19 7 3 2 1 0 0  aaaa99967888a9854299aa987897a778666365a753544
98887 1 10 19 7 5 0 1 0 0  aaaa99967888a9865299aa987897a778565336a764544
98889 1 10 19 7 5 1 1 0 0  aaaa99967888a9864299aa987897a778565356a763544
98891 1 10 19 7 5 2 1 0 0  aaaa99967888a9864299aa987897a778564356a763554
98995 1 10 19 10 5 0 1 0 0  aaaa99965888a9864299aa985897a558764376a763774
98999 1 10 19 10 5 2 1 0 0  aaaa99965888a9865299aa984897a548764376a763775
99092 1 10 20 2 3 1 0 0 0  aaaa99954888a9883799aa987897a376662657a744565
99094 1 10 20 2 3 2 0 0 0  aaaa99945888a9885799aa987897a576665637a744362
99102 1 10 20 2 5 0 0 0 0  aaaa99965888a9884799aa987897a375465527a763646
99252 1 10 20 7 0 0 0 0 0  aaaa99957888a9885299aa987897a776655646a743463
99253 1 10 20 7 0 0 1 0 0  aaaa99947888a9883299aa987897a776655656a743564
99256 1 10 20 7 0 2 0 0 0  aaaa99947888a9885299aa987897a776635646a735465
99257 1 10 20 7 0 2 1 0 0  aaaa99957888a9884299aa987897a776654636a754365
99264 1 10 20 7 2 0 0 0 0  aaaa99947888a9885299aa987897a776664655a736354
99266 1 10 20 7 2 1 0 0 0  aaaa99947888a9885299aa987897a776664653a736554
99269 1 10 20 7 2 2 1 0 0  aaaa99957888a9884299aa987897a776664635a756534
99270 1 10 20 7 3 0 0 0 0  aaaa99957888a9885299aa987897a776664634a755364
99271 1 10 20 7 3 0 1 0 0  aaaa99947888a9883299aa987897a776663655a755464
99274 1 10 20 7 3 2 0 0 0  aaaa99947888a9885299aa987897a776665644a735365
99275 1 10 20 7 3 2 1 0 0  aaaa99957888a9884299aa987897a776664635a754365
99281 1 10 20 7 4 2 1 0 0  aaaa99957888a9884299aa987897a776666635a754534
99282 1 10 20 7 5 0 0 0 0  aaaa99967888a9884299aa987897a775464556a763653
99283 1 10 20 7 5 0 1 0 0  aaaa99967888a9885299aa987897a775465546a763643
99285 1 10 20 7 5 1 1 0 0  aaaa99967888a9884299aa987897a775565536a764634
99286 1 10 20 7 5 2 0 0 0  aaaa99967888a9885299aa987897a774465436a765635
99287 1 10 20 7 5 2 1 0 0  aaaa99967888a9885299aa987897a773465346a765645
99310 1 10 20 8 3 2 0 0 0  aaaa99954888a9883799aa987897a776663625a744565
99318 1 10 20 8 5 0 0 0 0  aaaa99965888a9884799aa987897a775465526a763643
99670 1 10 21 7 3 2 0 0 0  aaaa99954888a9888799aa977897a376663625a744565
99678 1 10 21 7 5 0 0 0 0  aaaa99965888a9888799aa977897a475465526a763643
99706 1 10 21 8 3 2 0 0 0  aaaa99954888a9888799aa937897a776663625a744565
99714 1 10 21 8 5 0 0 0 0  aaaa99965888a9888799aa947897a775465526a763643
99792 1 10 22 0 0 0 0 0 0  aaaa99977268a9776799aa978695a588888364a536445
99793 1 10 22 0 0 0 1 0 0  aaaa99977268a9776799aa978695a388888565a546434
99796 1 10 22 0 0 2 0 0 0  aaaa99977268a9776799aa978695a488888364a536554
99797 1 10 22 0 0 2 1 0 0  aaaa99977268a9776799aa978695a488888356a536544
99822 1 10 22 0 5 0 0 0 0  aaaa99977258a9775799aa978596a488888364a635664
99823 1 10 22 0 5 0 1 0 0  aaaa99977558a9773799aa978596a388888564a642664
99893 1 10 22 2 4 2 1 0 0  aaaa99957778a9754299aa978796a488888635a666534
99899 1 10 22 2 5 2 1 0 0  aaaa99957778a9754299aa978796a488888365a653664
100000 0 10 22 5 4 2 0 0 0  aaaa99954768a9773799aa978696a688888675a454532
100075 1 10 22 7 5 0 1 0 0  aaaa99965778a9764299aa978795a588888356a763644
100079 1 10 22 7 5 2 1 0 0  aaaa99965778a9765299aa978794a588888346a763645
100189 1 11 0 0 0 0 1 0 0  aaaa99988278a9786899aa987659a687554677a654343
100191 1 11 0 0 0 1 1 0 0  aaaa99988278a9786899aa987659a687453677a655443
100192 1 11 0 0 0 2 0 0 0  aaaa99988278a9786899aa987649a687354677a654535
100193 1 11 0 0 0 2 1 0 0  aaaa99988278a9786899aa987369a687654377a654545
100195 1 11 0 0 1 0 1 0 0  aaaa99988278a9785899aa987669a687655477a644533
100199 1 11 0 0 1 2 1 0 0  aaaa99988278a9784899aa987669a687654377a653545
100201 1 11 0 0 2 0 1 0 0  aaaa99988578a9785899aa987669a687545377a663424
100203 1 11 0 0 2 1 1 0 0  aaaa99988578a9785899aa987669a687435277a665443
100204 1 11 0 0 2 2 0 0 0  aaaa99988278a9786899aa987669a687446577a555343
100205 1 11 0 0 2 2 1 0 0  aaaa99988278a9786899aa987669a687436577a555443
100207 1 11 0 0 3 0 1 0 0  aaaa99988278a9786899aa987669a687554577a654343
100209 1 11 0 0 3 1 1 0 0  aaaa99988278a9786899aa987669a687453577a655443
100210 1 11 0 0 3 2 0 0 0  aaaa99988278a9786899aa987669a687354477a654535
100211 1 11 0 0 3 2 1 0 0  aaaa99988378a9783899aa987269a687654677a654545
100212 1 11 0 0 4 0 0 0 0  aaaa99988478a9784899aa987269a687535677a665543
100213 1 11 0 0 4 0 1 0 0  aaaa99988578a9785899aa987269a687545677a663434
100214 1 11 0 0 4 1 0 0 0  aaaa99988478a9784899aa987269a687555677a665343
100215 1 11 0 0 4 1 1 0 0  aaaa99988578a9785899aa987269a687435677a665443
100216 1 11 0 0 4 2 0 0 0  aaaa99988278a9785899aa987469a487635677a665354
100217 1 11 0 0 4 2 1 0 0  aaaa99988278a9785899aa987369a387645677a665454
100219 1 11 0 0 5 0 1 0 0  aaaa99988578a9785899aa987569a587444677a666332
100221 1 11 0 0 5 1 1 0 0  aaaa99988578a9785899aa987269a587435677a666443
100222 1 11 0 0 5 2 0 0 0  aaaa99988278a9786899aa987349a687456377a456565
100223 1 11 0 0 5 2 1 0 0  aaaa99988278a9785899aa987369a586475773a666445
100440 1 11 0 7 0 0 0 0 0  aaaa99988278a9787899aa987669a586545476a547633
100453 1 11 0 7 2 0 1 0 0  aaaa99988278a9787899aa987669a686553575a647434
100455 1 11 0 7 2 1 1 0 0  aaaa99988278a9787899aa987669a686543574a567534
100456 1 11 0 7 2 2 0 0 0  aaaa99988278a9787899aa987669a686543474a567553
100457 1 11 0 7 2 2 1 0 0  aaaa99988278a9787899aa987669a685346574a557364
100459 1 11 0 7 3 0 1 0 0  aaaa99988278a9787899aa987669a686553576a547434
100461 1 11 0 7 3 1 1 0 0  aaaa99988278a9787899aa987669a686543576a557434
100462 1 11 0 7 3 2 0 0 0  aaaa99988278a9787899aa987669a686543476a547553
100463 1 11 0 7 3 2 1 0 0  aaaa99988278a9787899aa987669a685436576a557443
100465 1 11 0 7 4 0 1 0 0  aaaa99988278a9787899aa987569a586666574a347354
100469 1 11 0 7 4 2 1 0 0  aaaa99988278a9787899aa987449a486666675a357535
100473 1 11 0 7 5 1 1 0 0  aaaa99988278a9787899aa987569a486354675a667534
100475 1 11 0 7 5 2 1 0 0  aaaa99988278a9787899aa987469a586335644a667755
100493 1 11 0 8 2 2 1 0 0  aaaa99988778a9787899aa987669a686354275a654534
100551 1 11 0 10 0 1 1 0 0  aaaa99988268a9684899aa986379a387564765a777554
100552 1 11 0 10 0 2 0 0 0  aaaa99988268a9685899aa986479a587365764a777354
100553 1 11 0 10 0 2 1 0 0  aaaa99988268a9685899aa986379a587465763a777445
100579 1 11 0 10 5 0 1 0 0  aaaa99988258a9685899aa983579a387645764a777664
100585 1 11 1 0 0 0 1 0 0  aaaa99988888a9775299aa987669a463764758a673545
100587 1 11 1 0 0 1 1 0 0  aaaa99988888a9775299aa987669a463764758a673554
100588 1 11 1 0 0 2 0 0 0  aaaa99988888a9775299aa987669a564765738a674354
100589 1 11 1 0 0 2 1 0 0  aaaa99988888a9775299aa987669a563765748a673445
100614 1 11 1 0 5 0 0 0 0  aaaa99988888a9776299aa987559a654746738a576364
100615 1 11 1 0 5 0 1 0 0  aaaa99988888a9776399aa987539a655746728a576464
100618 1 11 1 0 5 2 0 0 0  aaaa99988888a9776499aa987429a643736758a576556
100619 1 11 1 0 5 2 1 0 0  aaaa99988888a9776499aa987449a633726758a576556
100661 1 11 1 2 0 2 1 0 0  aaaa99988888a9777299aa987669a563765348a675445
100686 1 11 1 2 5 0 0 0 0  aaaa99988888a9777299aa987569a556743648a676453
100687 1 11 1 2 5 0 1 0 0  aaaa99988888a9777299aa987569a556733648a676445
100764 1 11 1 5 0 0 0 0 0  aaaa99988888a9777299aa986659a545764678a373654
100765 1 11 1 5 0 0 1 0 0  aaaa99988888a9777299aa986659a533765678a574644
100767 1 11 1 5 0 1 1 0 0  aaaa99988888a9777599aa986659a525764678a374634
100769 1 11 1 5 0 2 1 0 0  aaaa99988888a9777299aa986659a435763678a575644
100840 1 11 1 7 0 2 0 0 0  aaaa99988888a9777299aa986659a745764648a575633
100841 1 11 1 7 0 2 1 0 0  aaaa99988888a9777299aa986659a735764638a575644
100843 1 11 1 7 1 0 1 0 0  aaaa99988888a9777699aa986629a756754538a674534
100867 1 11 1 7 5 0 1 0 0  aaaa99988888a9777599aa986539a766766548a573442
101021 1 11 2 1 0 2 1 0 0  aaaa99966888a9777799aa987529a656763855a848434
101027 1 11 2 1 1 2 1 0 0  aaaa99954888a9777799aa987669a662764835a858534
101039 1 11 2 1 3 2 1 0 0  aaaa99954888a9777799aa987669a662754835a868534
101045 1 11 2 1 4 2 1 0 0  aaaa99954888a9777799aa987629a466766835a858534
101049 1 11 2 1 5 1 1 0 0  aaaa99964888a9777799aa987559a552764836a868634
101050 1 11 2 1 5 2 0 0 0  aaaa99965888a9777799aa987449a533765846a868652
101053 1 11 2 2 0 0 1 0 0  aaaa99975888a9777399aa987669a362746855a868454
101055 1 11 2 2 0 1 1 0 0  aaaa99975888a9777399aa987669a362746854a868554
101057 1 11 2 2 0 2 1 0 0  aaaa99974888a9777299aa987669a436753865a858645
101081 1 11 2 2 4 2 1 0 0  aaaa99974888a9777699aa987669a662754835a858534
101083 1 11 2 2 5 0 1 0 0  aaaa99974888a9777299aa987559a435763856a868646
101093 1 11 2 3 0 2 1 0 0  aaaa99966888a9756799aa987779a462764835a858534
101159 1 11 2 4 5 2 1 0 0  aaaa99964888a9777599aa987559a572764836a868634
101161 1 11 2 5 0 0 1 0 0  aaaa99976888a9777299aa986659a535736876a848454
101171 1 11 2 5 1 2 1 0 0  aaaa99974888a9777699aa986629a436753875a868545
101177 1 11 2 5 2 2 1 0 0  aaaa99974888a9777699aa986629a436763875a858545
101183 1 11 2 5 3 2 1 0 0  aaaa99974888a9777699aa986629a436753876a858545
101255 1 11 2 7 3 2 1 0 0  aaaa99974888a9777699aa986629a736753865a858544
101448 1 11 3 2 0 0 0 0 0  aaaa99988888a9777299aa987869a666755437a345564
101449 1 11 3 2 0 0 1 0 0  aaaa99988888a9777299aa987869a666754557a354364
101450 1 11 3 2 0 1 0 0 0  aaaa99988888a9777299aa987869a666743557a455463
101451 1 11 3 2 0 1 1 0 0  aaaa99988888a9777299aa987869a666754537a554364
101452 1 11 3 2 0 2 0 0 0  aaaa99988888a9777299aa987869a666743547a555463
101453 1 11 3 2 0 2 1 0 0  aaaa99988888a9777299aa987869a666733547a555446
101521 1 11 3 4 0 0 1 0 0  aaaa99988888a9777299aa987869a676765554a345364
101522 1 11 3 4 0 1 0 0 0  aaaa99988888a9777299aa987869a676764555a345364
101523 1 11 3 4 0 1 1 0 0  aaaa99988888a9777299aa987869a676765534a545364
101524 1 11 3 4 0 2 0 0 0  aaaa99988888a9777299aa987869a676764534a555364
101525 1 11 3 4 0 2 1 0 0  aaaa99988888a9777299aa987869a675746664a555433
101629 1 11 3 7 0 0 1 0 0  aaaa99988888a9777299aa986869a765754567a364534
101845 1 11 4 2 0 0 1 0 0  aaaa99978888a9777299aa987869a666755545a438463
101846 1 11 4 2 0 1 0 0 0  aaaa99978888a9777299aa987869a666754555a348364
101847 1 11 4 2 0 1 1 0 0  aaaa99978888a9777299aa987869a656765554a348364
101848 1 11 4 2 0 2 0 0 0  aaaa99978888a9777299aa987869a656764555a348364
101849 1 11 4 2 0 2 1 0 0  aaaa99978888a9777299aa987869a633756665a458445
101869 1 11 4 2 4 0 1 0 0  aaaa99978888a9777299aa987859a566766564a348354
101917 1 11 4 4 0 0 1 0 0  aaaa99938888a9777299aa987869a676765545a438465
101918 1 11 4 4 0 1 0 0 0  aaaa99958888a9777299aa987869a676764555a348364
101919 1 11 4 4 0 1 1 0 0  aaaa99958888a9777299aa987869a676765435a448365
101920 1 11 4 4 0 2 0 0 0  aaaa99958888a9777299aa987869a674756665a458433
101921 1 11 4 4 0 2 1 0 0  aaaa99958888a9777299aa987869a674756665a448533
101951 1 11 4 4 5 2 1 0 0  aaaa99958888a9777299aa987869a476754635a668534
101983 1 11 4 5 5 0 1 0 0  aaaa99978888a9777299aa986859a566766574a348354
102025 1 11 4 7 0 0 1 0 0  aaaa99978888a9777299aa986869a765745536a648354
102029 1 11 4 7 0 2 1 0 0  aaaa99978888a9777299aa986869a764753465a468535
102144 1 11 4 10 2 0 0 0 0  aaaa99948888a9666299aa987859a577777563a638445
102151 1 11 4 10 3 0 1 0 0  aaaa99968888a9666299aa987859a577777564a348354
102559 1 11 5 10 5 0 1 0 0  aaaa99976858a9876899aa985289a685476547a476733
102743 1 11 6 4 5 2 1 0 0  aaaa99958888a9777299aa987869a476754835a666534
102749 1 11 6 5 0 2 1 0 0  aaaa99978888a9777299aa986869a463754876a653545
102817 1 11 6 7 0 0 1 0 0  aaaa99978888a9777299aa986869a765754856a634543
102818 1 11 6 7 0 1 0 0 0  aaaa99978888a9777299aa986869a765755846a634543
102819 1 11 6 7 0 1 1 0 0  aaaa99978888a9777299aa986869a764753856a644553
102820 1 11 6 7 0 2 0 0 0  aaaa99978888a9777299aa986869a763754846a653545
102821 1 11 6 7 0 2 1 0 0  aaaa99978888a9777299aa986869a764753865a464535
102839 1 11 6 7 3 2 1 0 0  aaaa99978888a9777699aa986869a762754835a654534
102875 1 11 6 8 3 2 1 0 0  aaaa99968888a9666799aa987879a772654835a754534
102935 1 11 6 10 1 2 1 0 0  aaaa99958888a9666299aa987869a477777835a654534
103125 1 11 7 4 3 1 1 0 0  aaaa99988888a9855799aa987739a467664625a773564
103219 1 11 7 7 1 0 1 0 0  aaaa99988888a9855299aa987779a566763467a447563
103225 1 11 7 7 2 0 1 0 0  aaaa99988888a9855299aa987779a564766667a447533
103231 1 11 7 7 3 0 1 0 0  aaaa99988888a9854299aa987779a466736567a567543
103237 1 11 7 7 4 0 1 0 0  aaaa99988888a9855299aa987779a566766467a447533
103359 1 11 8 0 0 1 1 0 0  aaaa99958888a9774299aa987889a466755767a363564
103369 1 11 8 0 2 0 1 0 0  aaaa99938888a9775299aa987889a466764757a636545
103441 1 11 8 2 2 0 1 0 0  aaaa99978888a9777299aa987889a466756566a534543
103469 1 11 8 3 0 2 1 0 0  aaaa99968888a9667299aa987889a777754665a354534
103472 1 11 8 3 1 1 0 0 0  aaaa99958888a9547299aa987889a777736666a536544
103474 1 11 8 3 1 2 0 0 0  aaaa99958888a9457299aa987889a777756666a356434
103477 1 11 8 3 2 0 1 0 0  aaaa99958888a9647299aa987889a777755666a345364
103483 1 11 8 3 3 0 1 0 0  aaaa99958888a9647299aa987889a777755666a346354
103489 1 11 8 3 4 0 1 0 0  aaaa99958888a9647299aa987889a777755634a666354
103495 1 11 8 3 5 0 1 0 0  aaaa99958888a9647299aa987889a777755364a635664
103511 1 11 8 4 1 2 1 0 0  aaaa99958888a9777299aa987889a476766665a354534
103517 1 11 8 4 2 2 1 0 0  aaaa99958888a9777299aa987889a476766635a654534
103529 1 11 8 4 4 2 1 0 0  aaaa99958888a9777299aa987889a476756635a664534
103535 1 11 8 4 5 2 1 0 0  aaaa99958888a9777299aa987889a476754635a666534
103613 1 11 8 7 0 2 1 0 0  aaaa99978888a9777699aa986889a762754635a654534
103727 1 11 8 10 1 2 1 0 0  aaaa99958888a9666299aa987889a477777665a354534
103733 1 11 8 10 2 2 1 0 0  aaaa99958888a9666299aa987889a477777365a653544
103745 1 11 8 10 4 2 1 0 0  aaaa99958888a9654299aa987889a477777635a666534
103751 1 11 8 10 5 2 1 0 0  aaaa99958888a9654299aa987889a477777365a653664
103752 1 11 9 0 0 0 0 0 0  aaaa99958888a9776299aa987869a648745767a655433
103753 1 11 9 0 0 0 1 0 0  aaaa99958888a9776299aa987869a648744767a655353
103757 1 11 9 0 0 2 1 0 0  aaaa99958888a9776299aa987869a638753767a654544
103825 1 11 9 2 0 0 1 0 0  aaaa99978888a9777299aa987869a658756664a553434
103827 1 11 9 2 0 1 1 0 0  aaaa99978888a9777299aa987869a658746656a543534
103828 1 11 9 2 0 2 0 0 0  aaaa99978888a9777299aa987869a648746656a543553
103829 1 11 9 2 0 2 1 0 0  aaaa99978888a9777299aa987869a668754635a354564
103931 1 11 9 4 5 2 1 0 0  aaaa99958888a9777299aa987869a478754635a666534
103933 1 11 9 5 0 0 1 0 0  aaaa99978888a9777299aa986869a568755476a644533
103937 1 11 9 5 0 2 1 0 0  aaaa99978888a9777299aa986869a468754376a653545
104005 1 11 9 7 0 0 1 0 0  aaaa99978888a9777299aa986869a768743556a653454
104143 1 11 9 10 5 0 1 0 0  aaaa99968888a9764399aa985859a358764276a765774
104242 1 11 10 2 3 2 0 0 0  aaaa99958888a9854799aa987879a376663627a744565
104250 1 11 10 2 5 0 0 0 0  aaaa99968888a9865799aa987879a475465527a763643
104298 1 11 10 4 1 0 0 0 0  aaaa99958888a9846799aa987879a476663577a526534
104401 1 11 10 7 0 0 1 0 0  aaaa99958888a9847299aa987879a776655636a745364
104402 1 11 10 7 0 1 0 0 0  aaaa99958888a9857299aa987879a776655646a743463
104403 1 11 10 7 0 1 1 0 0  aaaa99958888a9857299aa987879a776643656a743564
104407 1 11 10 7 1 0 1 0 0  aaaa99958888a9847299aa987879a776646636a755354
104419 1 11 10 7 3 0 1 0 0  aaaa99958888a9847299aa987879a776665634a755364
104431 1 11 10 7 5 0 1 0 0  aaaa99968888a9867299aa987879a775564536a764534
104543 1 11 10 10 5 2 1 0 0  aaaa99958888a9854299aa987869a477777635a666534
104544 1 11 11 0 0 0 0 0 0  aaaa99948888a9886299aa987769a667544673a575375
104588 1 11 11 1 1 1 0 0 0  aaaa99958888a9884799aa987769a367663655a744725
104700 1 11 11 4 2 0 0 0 0  aaaa99958888a9885799aa987739a467646626a773554
104701 1 11 11 4 2 0 1 0 0  aaaa99938888a9885799aa987729a467636656a774545
104797 1 11 11 7 0 0 1 0 0  aaaa99958888a9884299aa987779a466734567a567563
104809 1 11 11 7 2 0 1 0 0  aaaa99958888a9884299aa987779a465766667a537543
104821 1 11 11 7 4 0 1 0 0  aaaa99958888a9884299aa987779a466766567a537543
104993 1 11 12 1 2 2 1 0 0  aaaa99958888a9854799aa987729a467656636a758734
104995 1 11 12 1 3 0 1 0 0  aaaa99958888a9855799aa987739a367665624a748764
104999 1 11 12 1 3 2 1 0 0  aaaa99958888a9854799aa987739a367664625a758764
105005 1 11 12 1 4 2 1 0 0  aaaa99958888a9854799aa987729a467666635a758734
105009 1 11 12 1 5 1 1 0 0  aaaa99968888a9864799aa987729a457565536a768734
105010 1 11 12 1 5 2 0 0 0  aaaa99968888a9865799aa987749a547365436a768752
105011 1 11 12 1 5 2 1 0 0  aaaa99968888a9865799aa987729a547365446a768735
105058 1 11 12 3 1 2 0 0 0  aaaa99958888a9853799aa987779a366762464a458765
105101 1 11 12 4 2 2 1 0 0  aaaa99958888a9854799aa987729a467656636a778534
105102 1 11 12 4 3 0 0 0 0  aaaa99958888a9855799aa987729a567664634a778364
105103 1 11 12 4 3 0 1 0 0  aaaa99958888a9855799aa987739a367665624a778464
105107 1 11 12 4 3 2 1 0 0  aaaa99958888a9854799aa987739a367664625a778564
105113 1 11 12 4 4 2 1 0 0  aaaa99958888a9854799aa987729a467666635a778534
105117 1 11 12 4 5 1 1 0 0  aaaa99968888a9864799aa987729a457565536a778634
105118 1 11 12 4 5 2 0 0 0  aaaa99968888a9865799aa987749a547365436a778652
105119 1 11 12 4 5 2 1 0 0  aaaa99968888a9865799aa987729a547365446a778635
105199 1 11 12 7 1 0 1 0 0  aaaa99968888a9854299aa987779a466637576a578543
105207 1 11 12 7 2 1 1 0 0  aaaa99948888a9845599aa987779a566647373a278665
105213 1 11 12 7 3 1 1 0 0  aaaa99948888a9845599aa987779a566647376a378265
105219 1 11 12 7 4 1 1 0 0  aaaa99958888a9854299aa987779a466667575a378364
105238 1 11 12 8 1 2 0 0 0  aaaa99958888a9853799aa987779a366762467a458465
105502 1 11 13 4 3 2 0 0 0  aaaa99957878a9887899aa987879a366653446a256475
105610 1 11 13 7 3 2 0 0 0  aaaa99954878a9887899aa987879a376663625a744565
105618 1 11 13 7 5 0 0 0 0  aaaa99965878a9887899aa987879a475465526a763643
105646 1 11 13 8 3 2 0 0 0  aaaa99954878a9883899aa987879a776663625a744565
105654 1 11 13 8 5 0 0 0 0  aaaa99965878a9884899aa987879a775465526a763643
105907 1 11 14 4 5 0 1 0 0  aaaa99965888a9864299aa947889a877565376a563774
105911 1 11 14 4 5 2 1 0 0  aaaa99965888a9865299aa957889a877363476a464775
105922 1 11 14 5 1 2 0 0 0  aaaa99954888a9853799aa937889a877666677a652445
105940 1 11 14 5 4 2 0 0 0  aaaa99954888a9853799aa937889a877652677a666445
105944 1 11 14 5 5 1 0 0 0  aaaa99965888a9864799aa937889a877464577a565632
105949 1 11 14 6 0 0 1 0 0  aaaa99966888a9856299aa947889a877667577a534543
105954 1 11 14 6 1 0 0 0 0  aaaa99956888a9855299aa957889a877347677a664364
105955 1 11 14 6 1 0 1 0 0  aaaa99956888a9855399aa937889a877247677a665464
105959 1 11 14 6 1 2 1 0 0  aaaa99956888a9854399aa937889a877257677a664564
105960 1 11 14 6 2 0 0 0 0  aaaa99955888a9854499aa947889a877637677a665362
105979 1 11 14 6 5 0 1 0 0  aaaa99965888a9864399aa937889a877567277a565644
105983 1 11 14 6 5 2 1 0 0  aaaa99965888a9865299aa957889a877367477a464635
105994 1 11 14 7 1 2 0 0 0  aaaa99954888a9853799aa937889a877666675a672445
106012 1 11 14 7 4 2 0 0 0  aaaa99954888a9853799aa937889a877644675a672665
106016 1 11 14 7 5 1 0 0 0  aaaa99965888a9864799aa937889a877464576a575632
106030 1 11 14 8 1 2 0 0 0  aaaa99956888a9854799aa937889a877744627a663565
106034 1 11 14 8 2 1 0 0 0  aaaa99965888a9864799aa937889a877744657a663552
106103 1 11 14 10 1 2 1 0 0  aaaa99956888a9854299aa947889a877777666a356534
106123 1 11 14 10 5 0 1 0 0  aaaa99965888a9864299aa947889a877777556a365634
106125 1 11 14 10 5 1 1 0 0  aaaa99965888a9864299aa947889a877777536a565634
106126 1 11 14 10 5 2 0 0 0  aaaa99965888a9865299aa957889a877777346a365644
106127 1 11 14 10 5 2 1 0 0  aaaa99965888a9865299aa957889a877777436a464635
106192 1 11 15 1 4 2 0 0 0  aaaa99954878a9877899aa987269a688753675a663445
106236 1 11 15 3 0 0 0 0 0  aaaa99975878a9874899aa987779a388663665a455246
106634 1 11 16 3 0 1 0 0 0  aaaa99974878a9873899aa987779a386652656a844565
106636 1 11 16 3 0 2 0 0 0  aaaa99975878a9875899aa987779a586645636a844362
106652 1 11 16 3 3 1 0 0 0  aaaa99975878a9874899aa987779a386663625a844565
106654 1 11 16 3 3 2 0 0 0  aaaa99975878a9875899aa987779a586665644a842363
106662 1 11 16 3 5 0 0 0 0  aaaa99975878a9874899aa987779a385465526a863646
106698 1 11 16 4 5 0 0 0 0  aaaa99965878a9877899aa987549a587764536a864632
106762 1 11 16 6 3 2 0 0 0  aaaa99954878a9877899aa987779a386663625a844565
106770 1 11 16 6 5 0 0 0 0  aaaa99965878a9877899aa987779a485465526a863643
106799 1 11 16 7 3 2 1 0 0  aaaa99974878a9877899aa987669a686354265a857534
106822 1 11 16 8 1 2 0 0 0  aaaa99954878a9873899aa987779a386766665a852445
106840 1 11 16 8 4 2 0 0 0  aaaa99954878a9873899aa987779a386752665a866445
106844 1 11 16 8 5 1 0 0 0  aaaa99965878a9874899aa987779a385763546a865642
106870 1 11 16 9 3 2 0 0 0  aaaa99954878a9873899aa987779a786663625a844565
106878 1 11 16 9 5 0 0 0 0  aaaa99965878a9874899aa987779a785465526a863643
106885 1 11 16 10 0 0 1 0 0  aaaa99976868a9876899aa986559a486374257a875734
106887 1 11 16 10 0 1 1 0 0  aaaa99976868a9876899aa986559a586374257a874734
106888 1 11 16 10 0 2 0 0 0  aaaa99976868a9876899aa986439a586475347a875752
106889 1 11 16 10 0 2 1 0 0  aaaa99976868a9876899aa986429a586375447a875735
106898 1 11 16 10 2 1 0 0 0  aaaa99975868a9874899aa986659a386673547a875742
106908 1 11 16 10 4 0 0 0 0  aaaa99975868a9876899aa986669a485475527a873743
106914 1 11 16 10 5 0 0 0 0  aaaa99975868a9874899aa986669a685475527a873743
107368 1 11 18 1 2 2 0 0 0  aaaa99954888a9883799aa937889a776662765a744565
107374 1 11 18 1 3 2 0 0 0  aaaa99954888a9883799aa937889a776662765a756445
107380 1 11 18 1 4 2 0 0 0  aaaa99954888a9883799aa937889a776666765a752445
107382 1 11 18 1 5 0 0 0 0  aaaa99965888a9884799aa937889a774565756a764632
107384 1 11 18 1 5 1 0 0 0  aaaa99965888a9884799aa937889a775565746a763642
107576 1 11 18 7 1 1 0 0 0  aaaa99954888a9885799aa937889a377666675a672445
107578 1 11 18 7 1 2 0 0 0  aaaa99945888a9885799aa957889a577666673a672443
107580 1 11 18 7 2 0 0 0 0  aaaa99965888a9884799aa937889a377666576a572454
107582 1 11 18 7 2 1 0 0 0  aaaa99965888a9884799aa937889a377666576a575442
107586 1 11 18 7 3 0 0 0 0  aaaa99965888a9884799aa937889a377666575a675442
107588 1 11 18 7 3 1 0 0 0  aaaa99965888a9884799aa937889a377666475a674525
107594 1 11 18 7 4 1 0 0 0  aaaa99954888a9885799aa937889a377644675a672665
107596 1 11 18 7 4 2 0 0 0  aaaa99945888a9885799aa957889a577644673a672663
107600 1 11 18 7 5 1 0 0 0  aaaa99965888a9884799aa937889a377464576a575626
107612 1 11 18 8 1 1 0 0 0  aaaa99956888a9884799aa937889a377744657a662565
107614 1 11 18 8 1 2 0 0 0  aaaa99946888a9885799aa957889a577735647a662463
107616 1 11 18 8 2 0 0 0 0  aaaa99965888a9884799aa937889a377755647a662546
107618 1 11 18 8 2 1 0 0 0  aaaa99965888a9885799aa947889a377763657a662454
107624 1 11 18 8 3 1 0 0 0  aaaa99965888a9884799aa937889a377744667a566552
107630 1 11 18 8 4 1 0 0 0  aaaa99965888a9884799aa937889a377744657a666552
107652 1 11 18 9 2 0 0 0 0  aaaa99965888a9884799aa937889a377772666a455546
107689 1 11 18 10 2 0 1 0 0  aaaa99965888a9884399aa947889a377777666a525546
107692 1 11 18 10 2 2 0 0 0  aaaa99965888a9885299aa957889a577777666a344436
107758 1 11 19 1 1 2 0 0 0  aaaa99954888a9853799aa987879a378666675a644725
107776 1 11 19 1 4 2 0 0 0  aaaa99954888a9853799aa987879a378644675a666725
107780 1 11 19 1 5 1 0 0 0  aaaa99965888a9864799aa987879a378464576a565732
107794 1 11 19 2 1 2 0 0 0  aaaa99954888a9853799aa987879a378666667a752445
107812 1 11 19 2 4 2 0 0 0  aaaa99954888a9853799aa987879a378652667a744665
107816 1 11 19 2 5 1 0 0 0  aaaa99965888a9864799aa987879a378563457a764652
107866 1 11 19 4 1 2 0 0 0  aaaa99954888a9853799aa987879a378666677a652445
107884 1 11 19 4 4 2 0 0 0  aaaa99954888a9853799aa987879a378652677a666445
107888 1 11 19 4 5 1 0 0 0  aaaa99965888a9864799aa987879a378464577a565632
107906 1 11 19 5 2 1 0 0 0  aaaa99965888a9864799aa987879a378744666a573552
107976 1 11 19 7 2 0 0 0 0  aaaa99967888a9864299aa987879a778666545a735543
107983 1 11 19 7 3 0 1 0 0  aaaa99967888a9855299aa987879a778666465a744353
107987 1 11 19 7 3 2 1 0 0  aaaa99967888a9854299aa987879a778666365a753544
107995 1 11 19 7 5 0 1 0 0  aaaa99967888a9865299aa987879a778565336a764544
107997 1 11 19 7 5 1 1 0 0  aaaa99967888a9864299aa987879a778565356a763544
107999 1 11 19 7 5 2 1 0 0  aaaa99967888a9864299aa987879a778564356a763554
108073 1 11 19 10 0 0 1 0 0  aaaa99975888a9874399aa986869a368575267a576744
108077 1 11 19 10 0 2 1 0 0  aaaa99975888a9875399aa986869a368475267a476745
108080 1 11 19 10 1 1 0 0 0  aaaa99975888a9874699aa986869a368474567a575732
108092 1 11 19 10 3 1 0 0 0  aaaa99975888a9874699aa986869a368573457a674752
108103 1 11 19 10 5 0 1 0 0  aaaa99976888a9876599aa985829a658476547a476733
108200 1 11 20 2 3 1 0 0 0  aaaa99954888a9883799aa987879a376662657a744565
108202 1 11 20 2 3 2 0 0 0  aaaa99945888a9885799aa987879a576665637a744362
108210 1 11 20 2 5 0 0 0 0  aaaa99965888a9884799aa987879a375465527a763646
108360 1 11 20 7 0 0 0 0 0  aaaa99957888a9885299aa987879a776655646a743463
108361 1 11 20 7 0 0 1 0 0  aaaa99947888a9883299aa987879a776655656a743564
108364 1 11 20 7 0 2 0 0 0  aaaa99947888a9885299aa987879a776635646a735465
108365 1 11 20 7 0 2 1 0 0  aaaa99957888a9884299aa987879a776654636a754365
108372 1 11 20 7 2 0 0 0 0  aaaa99947888a9885299aa987879a776664655a736354
108374 1 11 20 7 2 1 0 0 0  aaaa99947888a9885299aa987879a776664653a736554
108377 1 11 20 7 2 2 1 0 0  aaaa99957888a9884299aa987879a776664635a756534
108378 1 11 20 7 3 0 0 0 0  aaaa99957888a9885299aa987879a776664634a755364
108379 1 11 20 7 3 0 1 0 0  aaaa99947888a9883299aa987879a776663655a755464
108382 1 11 20 7 3 2 0 0 0  aaaa99947888a9885299aa987879a776665644a735365
108383 1 11 20 7 3 2 1 0 0  aaaa99957888a9884299aa987879a776664635a754365
108389 1 11 20 7 4 2 1 0 0  aaaa99957888a9884299aa987879a776666635a754534
108390 1 11 20 7 5 0 0 0 0  aaaa99967888a9884299aa987879a775464556a763653
108391 1 11 20 7 5 0 1 0 0  aaaa99967888a9885299aa987879a775465546a763643
108393 1 11 20 7 5 1 1 0 0  aaaa99967888a9884299aa987879a775565536a764634
108394 1 11 20 7 5 2 0 0 0  aaaa99967888a9885299aa987879a774465436a765635
108395 1 11 20 7 5 2 1 0 0  aaaa99967888a9885299aa987879a773465346a765645
108418 1 11 20 8 3 2 0 0 0  aaaa99954888a9883799aa987879a776663625a744565
108426 1 11 20 8 5 0 0 0 0  aaaa99965888a9884799aa987879a775465526a763643
108670 1 11 21 4 3 2 0 0 0  aaaa99957888a9888799aa977879a366653446a256475
108778 1 11 21 7 3 2 0 0 0  aaaa99954888a9888799aa977879a376663625a744565
108786 1 11 21 7 5 0 0 0 0  aaaa99965888a9888799aa977879a475465526a763643
108814 1 11 21 8 3 2 0 0 0  aaaa99954888a9888799aa937879a776663625a744565
108822 1 11 21 8 5 0 0 0 0  aaaa99965888a9888799aa947879a775465526a763643
108901 1 11 22 0 0 0 1 0 0  aaaa99977268a9776799aa978659a588888564a346354
108930 1 11 22 0 5 0 0 0 0  aaaa99977258a9775799aa978569a488888634a666354
108931 1 11 22 0 5 0 1 0 0  aaaa99977558a9773799aa978569a388888654a666424
109007 1 11 22 2 5 2 1 0 0  aaaa99957778a9754299aa978769a488888635a666534
109129 1 11 22 6 2 0 1 0 0  aaaa99965778a9774399aa948779a388888666a525546
109132 1 11 22 6 2 2 0 0 0  aaaa99965778a9775299aa958779a588888666a344436
109153 1 11 22 7 0 0 1 0 0  aaaa99966778a9756599aa978759a388888646a753442
109183 1 11 22 7 5 0 1 0 0  aaaa99965778a9764299aa978759a588888536a764634
109187 1 11 22 7 5 2 1 0 0  aaaa99965778a9765299aa978749a588888436a764635
109304 1 12 0 0 1 1 0 0 0  aaaa99995887a9754999aa838267a778666788a653445
109306 1 12 0 0 1 2 0 0 0  aaaa99995887a9745999aa858267a778666788a635443
109308 1 12 0 0 2 0 0 0 0  aaaa99994887a9763999aa838557a778666788a562454
109314 1 12 0 0 3 0 0 0 0  aaaa99994887a9763999aa838557a778666788a652445
109340 1 12 0 1 1 1 0 0 0  aaaa99995887a9774999aa838775a378666688a644552
109344 1 12 0 1 2 0 0 0 0  aaaa99995887a9774999aa838776a378666488a654552
109346 1 12 0 1 2 1 0 0 0  aaaa99995887a9774999aa838776a378666588a655442
109350 1 12 0 1 3 0 0 0 0  aaaa99995887a9774999aa838776a378666588a562454
109352 1 12 0 1 3 1 0 0 0  aaaa99995887a9774999aa838776a378666588a565442
109364 1 12 0 1 5 1 0 0 0  aaaa99995887a9774999aa838776a378644588a655662
109370 1 12 0 2 0 1 0 0 0  aaaa99996887a9775999aa848267a678653788a653445
109372 1 12 0 2 0 2 0 0 0  aaaa99996887a9775999aa858267a678645788a635443
109376 1 12 0 2 1 1 0 0 0  aaaa99995887a9774999aa838667a678653788a652445
109378 1 12 0 2 1 2 0 0 0  aaaa99995887a9775999aa858667a678645788a644332
109442 1 12 0 4 0 1 0 0 0  aaaa99995887a9774999aa838766a378644788a562556
109448 1 12 0 4 1 1 0 0 0  aaaa99995887a9774999aa838766a678563788a562454
109450 1 12 0 4 1 2 0 0 0  aaaa99995887a9775999aa858766a678465788a464332
109454 1 12 0 4 2 1 0 0 0  aaaa99995887a9774999aa838766a678644788a555632
109460 1 12 0 4 3 1 0 0 0  aaaa99995887a9774999aa838766a678644788a563552
109466 1 12 0 4 4 1 0 0 0  aaaa99995887a9774999aa838765a378644788a666552
109472 1 12 0 4 5 1 0 0 0  aaaa99995887a9774999aa838756a378644788a655662
109620 1 12 0 9 0 0 0 0 0  aaaa99994887a9663999aa838756a678777488a564525
109622 1 12 0 9 0 1 0 0 0  aaaa99994887a9663999aa838756a678777588a562454
109692 1 12 1 0 0 0 0 0 0  aaaa99995888a9774999aa836767a367575868a846524
109694 1 12 1 0 0 1 0 0 0  aaaa99995888a9775999aa846767a367575868a863442
109700 1 12 1 0 1 1 0 0 0  aaaa99995888a9774999aa836767a667573868a844552
109706 1 12 1 0 2 1 0 0 0  aaaa99995888a9774999aa836767a667673858a844552
109712 1 12 1 0 3 1 0 0 0  aaaa99995888a9774999aa836767a667573858a862454
109714 1 12 1 0 3 2 0 0 0  aaaa99995888a9775999aa856767a667475838a862434
109718 1 12 1 0 4 1 0 0 0  aaaa99995888a9774999aa836767a367676858a844552
109728 1 12 1 1 0 0 0 0 0  aaaa99995888a9777999aa847667a376455868a853642
109730 1 12 1 1 0 1 0 0 0  aaaa99995888a9777999aa847667a376555868a844632
109764 1 12 1 2 0 0 0 0 0  aaaa99995888a9777999aa846767a364575868a864532
109766 1 12 1 2 0 1 0 0 0  aaaa99995888a9777999aa846767a365575868a863442
109789 1 12 1 2 4 0 1 0 0  aaaa99995888a9777999aa846727a666674838a855534
109808 1 12 1 3 1 1 0 0 0  aaaa99995888a9674999aa837777a366576868a844552
109814 1 12 1 3 2 1 0 0 0  aaaa99995888a9574999aa837777a366672858a866454
109816 1 12 1 3 2 2 0 0 0  aaaa99995888a9475999aa857777a566672838a866434
109820 1 12 1 3 3 1 0 0 0  aaaa99995888a9574999aa837777a366576868a862454
109822 1 12 1 3 3 2 0 0 0  aaaa99995888a9475999aa857777a566376868a862434
109826 1 12 1 3 4 1 0 0 0  aaaa99995888a9574999aa837777a366676858a862454
109828 1 12 1 3 4 2 0 0 0  aaaa99995888a9475999aa857777a566676838a862434
109830 1 12 1 3 5 0 0 0 0  aaaa99995888a9674999aa837777a355672868a845664
109832 1 12 1 3 5 1 0 0 0  aaaa99995888a9674999aa837777a355675868a844662
109850 1 12 1 4 2 1 0 0 0  aaaa99995888a9777999aa847767a366644858a863552
109856 1 12 1 4 3 1 0 0 0  aaaa99995888a9777999aa847767a366563868a844552
109873 1 12 1 5 0 0 1 0 0  aaaa99995888a9777999aa846637a326755868a876544
109877 1 12 1 5 0 2 1 0 0  aaaa99995888a9777999aa856627a546744868a876353
109878 1 12 1 5 1 0 0 0 0  aaaa99995888a9777999aa846667a354765858a874632
109880 1 12 1 5 1 1 0 0 0  aaaa99995888a9777999aa846667a355765848a873642
109915 1 12 1 6 1 0 1 0 0  aaaa99995888a9666999aa847777a462677838a855534
109920 1 12 1 6 2 0 0 0 0  aaaa99994888a9666999aa837777a355677868a852445
109932 1 12 1 6 4 0 0 0 0  aaaa99995888a9646999aa847777a355677868a825634
109945 1 12 1 7 0 0 1 0 0  aaaa99997888a9777999aa856637a426575868a863544
109949 1 12 1 7 0 2 1 0 0  aaaa99997888a9777999aa856637a526475868a863445
109950 1 12 1 7 1 0 0 0 0  aaaa99997888a9777999aa846667a355673858a845624
109955 1 12 1 7 1 2 1 0 0  aaaa99997888a9777999aa856667a534675838a844652
110108 1 12 2 0 3 1 0 0 0  aaaa99995888a9774999aa836767a667573888a644552
110204 1 12 2 3 1 1 0 0 0  aaaa99995888a9574999aa837777a366672888a464556
110206 1 12 2 3 1 2 0 0 0  aaaa99995888a9475999aa857777a566672888a464336
110210 1 12 2 3 2 1 0 0 0  aaaa99995888a9574999aa837777a366672888a566454
110212 1 12 2 3 2 2 0 0 0  aaaa99995888a9475999aa857777a566672888a366434
110214 1 12 2 3 3 0 0 0 0  aaaa99995888a9575999aa847777a366673888a562464
110216 1 12 2 3 3 1 0 0 0  aaaa99995888a9675999aa847777a366673888a565442
110222 1 12 2 3 4 1 0 0 0  aaaa99995888a9574999aa837777a366676888a562454
110224 1 12 2 3 4 2 0 0 0  aaaa99995888a9475999aa857777a566676888a464332
110226 1 12 2 3 5 0 0 0 0  aaaa99995888a9674999aa837777a355672888a645664
110228 1 12 2 3 5 1 0 0 0  aaaa99995888a9674999aa837777a355675888a644662
110246 1 12 2 4 2 1 0 0 0  aaaa99995888a9777999aa847767a366644888a563552
110252 1 12 2 4 3 1 0 0 0  aaaa99995888a9777999aa847767a366644888a555632
110273 1 12 2 5 0 2 1 0 0  aaaa99995888a9777999aa856267a544764888a675336
110274 1 12 2 5 1 0 0 0 0  aaaa99995888a9777999aa846667a355763888a475642
110276 1 12 2 5 1 1 0 0 0  aaaa99995888a9777999aa846667a355765888a474632
110280 1 12 2 5 2 0 0 0 0  aaaa99994888a9777999aa836667a355766888a572454
110304 1 12 2 6 0 0 0 0 0  aaaa99995888a9664999aa837777a365677888a562454
110306 1 12 2 6 0 1 0 0 0  aaaa99995888a9664999aa837777a365677888a565442
110316 1 12 2 6 2 0 0 0 0  aaaa99994888a9666999aa837777a355677888a652445
110322 1 12 2 6 3 0 0 0 0  aaaa99994888a9666999aa837777a355677888a562454
110345 1 12 2 7 0 2 1 0 0  aaaa99997888a9777999aa856367a534675888a464265
110378 1 12 2 8 0 1 0 0 0  aaaa99995888a9664999aa837777a364674888a567552
110414 1 12 2 9 0 1 0 0 0  aaaa99995888a9664999aa837777a765673888a565442
110450 1 12 2 10 0 1 0 0 0  aaaa99995888a9664999aa837656a377777888a565442
110538 1 12 3 1 3 0 0 0 0  aaaa99995888a9777999aa847867a376663565a885442
110540 1 12 3 1 3 1 0 0 0  aaaa99995888a9777999aa847867a376663465a884525
110604 1 12 3 3 2 0 0 0 0  aaaa99994888a9666999aa837877a775653567a882445
110610 1 12 3 3 3 0 0 0 0  aaaa99994888a9666999aa837877a775563567a882454
110628 1 12 3 4 0 0 0 0 0  aaaa99995888a9777999aa847877a366455265a886643
110630 1 12 3 4 0 1 0 0 0  aaaa99995888a9777999aa837877a366555464a886624
110664 1 12 3 5 0 0 0 0 0  aaaa99994888a9777999aa836867a365752567a886445
110670 1 12 3 5 1 0 0 0 0  aaaa99994888a9777999aa836867a665753567a882445
110688 1 12 3 5 4 0 0 0 0  aaaa99994888a9777999aa836857a666763557a882454
110700 1 12 3 6 0 0 0 0 0  aaaa99995888a9664999aa837877a776673556a885442
110702 1 12 3 6 0 1 0 0 0  aaaa99995888a9664999aa837877a776673456a884552
110774 1 12 3 8 0 1 0 0 0  aaaa99995888a9664999aa837877a746674756a883552
110808 1 12 3 9 0 0 0 0 0  aaaa99995888a9664999aa837866a777773556a885442
110810 1 12 3 9 0 1 0 0 0  aaaa99995888a9664999aa837866a777773456a884552
110820 1 12 3 9 2 0 0 0 0  aaaa99994888a9666999aa837856a777773565a882445
110826 1 12 3 9 3 0 0 0 0  aaaa99994888a9666999aa837856a777773556a882454
110832 1 12 3 9 4 0 0 0 0  aaaa99995888a9646999aa847826a777773565a885634
110844 1 12 3 10 0 0 0 0 0  aaaa99995888a9664999aa837866a377777556a885442
110846 1 12 3 10 0 1 0 0 0  aaaa99995888a9664999aa837866a377777456a884552
110892 1 12 4 0 2 0 0 0 0  aaaa99995888a9774999aa836877a376672655a486845
110894 1 12 4 0 2 1 0 0 0  aaaa99995888a9774999aa836877a376672654a586854
110898 1 12 4 0 3 0 0 0 0  aaaa99995888a9774999aa836877a676673654a585824
110900 1 12 4 0 3 1 0 0 0  aaaa99995888a9774999aa836877a676673654a582854
110904 1 12 4 0 4 0 0 0 0  aaaa99995888a9774999aa836877a376676654a585824
110906 1 12 4 0 4 1 0 0 0  aaaa99995888a9774999aa836877a376676654a582854
110911 1 12 4 0 5 0 1 0 0  aaaa99996888a9776999aa862877a675476545a483835
110928 1 12 4 1 2 0 0 0 0  aaaa99995888a9777999aa847867a376663654a585824
110930 1 12 4 1 2 1 0 0 0  aaaa99995888a9777999aa847867a376663654a582854
110934 1 12 4 1 3 0 0 0 0  aaaa99995888a9777999aa847867a376663565a485842
110936 1 12 4 1 3 1 0 0 0  aaaa99995888a9777999aa847867a376663564a585824
110946 1 12 4 1 5 0 0 0 0  aaaa99995888a9777999aa847867a376545652a686834
110966 1 12 4 2 2 1 0 0 0  aaaa99995888a9777999aa846877a366474566a585832
111025 1 12 4 4 0 0 1 0 0  aaaa99995888a9777999aa847877a466525356a683846
111083 1 12 4 5 3 2 1 0 0  aaaa99995888a9777999aa856867a664735427a684853
111132 1 12 4 7 0 0 0 0 0  aaaa99997888a9777999aa856867a465475526a683843
111170 1 12 4 8 0 1 0 0 0  aaaa99995888a9664999aa837877a746674756a583852
111180 1 12 4 8 2 0 0 0 0  aaaa99994888a9666999aa837877a755673765a485842
111185 1 12 4 8 2 2 1 0 0  aaaa99995888a9666999aa857877a734675763a484852
111218 1 12 4 9 2 1 0 0 0  aaaa99994888a9666999aa837856a777773565a485842
111420 1 12 5 4 0 0 0 0 0  aaaa99995888a9777999aa887877a366545464a586632
111566 1 12 5 8 0 1 0 0 0  aaaa99994888a9663999aa887877a756673756a582454
111684 1 12 6 0 2 0 0 0 0  aaaa99995888a9774999aa836877a376672585a484665
111686 1 12 6 0 2 1 0 0 0  aaaa99995888a9774999aa836877a376672684a586554
111692 1 12 6 0 3 1 0 0 0  aaaa99995888a9774999aa836877a676673684a582554
111698 1 12 6 0 4 1 0 0 0  aaaa99995888a9774999aa836877a376676684a582554
111702 1 12 6 0 5 0 0 0 0  aaaa99996888a9776999aa862877a675576584a384534
111703 1 12 6 0 5 0 1 0 0  aaaa99996888a9776999aa862877a675576584a383454
111722 1 12 6 1 2 1 0 0 0  aaaa99995888a9777999aa847867a376663684a582554
111726 1 12 6 1 3 0 0 0 0  aaaa99995888a9777999aa837867a376662585a485464
111758 1 12 6 2 2 1 0 0 0  aaaa99995888a9777999aa846877a365673686a585442
111792 1 12 6 3 2 0 0 0 0  aaaa99994888a9666999aa837877a775653587a682445
111798 1 12 6 3 3 0 0 0 0  aaaa99994888a9666999aa837877a775563587a682454
111817 1 12 6 4 0 0 1 0 0  aaaa99995888a9777999aa847877a466525386a683546
111852 1 12 6 5 0 0 0 0 0  aaaa99995888a9777999aa846867a355763687a485642
111854 1 12 6 5 0 1 0 0 0  aaaa99995888a9777999aa846867a355765687a484632
111870 1 12 6 5 3 0 0 0 0  aaaa99994888a9777999aa836867a665753587a682445
111876 1 12 6 5 4 0 0 0 0  aaaa99994888a9777999aa836857a666763487a584525
111878 1 12 6 5 4 1 0 0 0  aaaa99994888a9777999aa836857a666763587a582454
111888 1 12 6 6 0 0 0 0 0  aaaa99995888a9664999aa837877a776673586a582454
111890 1 12 6 6 0 1 0 0 0  aaaa99995888a9664999aa837877a776673586a585442
111924 1 12 6 7 0 0 0 0 0  aaaa99997888a9777999aa846867a365573586a682454
111996 1 12 6 9 0 0 0 0 0  aaaa99995888a9664999aa837866a777773586a582454
111998 1 12 6 9 0 1 0 0 0  aaaa99995888a9664999aa837866a777773586a585442
112008 1 12 6 9 2 0 0 0 0  aaaa99994888a9666999aa837856a777773585a682445
112014 1 12 6 9 3 0 0 0 0  aaaa99994888a9666999aa837856a777773486a584525
112016 1 12 6 9 3 1 0 0 0  aaaa99994888a9666999aa837856a777773586a582454
112032 1 12 6 10 0 0 0 0 0  aaaa99995888a9664999aa837866a377777586a582454
112034 1 12 6 10 0 1 0 0 0  aaaa99995888a9664999aa837866a377777586a585442
112072 1 12 7 0 0 2 0 0 0  aaaa99994888a9877999aa836675a776573868a562454
112078 1 12 7 0 1 2 0 0 0  aaaa99994888a9877999aa836676a776573858a562454
112098 1 12 7 0 5 0 0 0 0  aaaa99994888a9877999aa835576a775673868a645624
112103 1 12 7 0 5 2 1 0 0  aaaa99995888a9877999aa853376a774675868a644652
112110 1 12 7 1 1 0 0 0 0  aaaa99995888a9874999aa837775a566763868a544762
112112 1 12 7 1 1 1 0 0 0  aaaa99995888a9875999aa847776a366763868a545724
112124 1 12 7 1 3 1 0 0 0  aaaa99995888a9874999aa837775a366762868a546754
112130 1 12 7 1 4 1 0 0 0  aaaa99995888a9874999aa837774a466766868a555732
112148 1 12 7 2 1 1 0 0 0  aaaa99995888a9874999aa837775a366672878a464556
112150 1 12 7 2 1 2 0 0 0  aaaa99995888a9875999aa857774a566672878a464336
112154 1 12 7 2 2 1 0 0 0  aaaa99995888a9874999aa837775a366672878a566454
112156 1 12 7 2 2 2 0 0 0  aaaa99995888a9875999aa857774a566672878a366434
112158 1 12 7 2 3 0 0 0 0  aaaa99995888a9874999aa837775a566673878a562464
112160 1 12 7 2 3 1 0 0 0  aaaa99995888a9875999aa847776a366673878a565442
112166 1 12 7 2 4 1 0 0 0  aaaa99995888a9874999aa837775a366676878a562454
112168 1 12 7 2 4 2 0 0 0  aaaa99995888a9875999aa857774a566676878a464332
112170 1 12 7 2 5 0 0 0 0  aaaa99995888a9874999aa837776a355672878a645664
112172 1 12 7 2 5 1 0 0 0  aaaa99995888a9874999aa837776a355675878a644662
112178 1 12 7 3 0 1 0 0 0  aaaa99995888a9875999aa837777a366575868a464462
112182 1 12 7 3 1 0 0 0 0  aaaa99995888a9874999aa837777a366576868a545624
112184 1 12 7 3 1 1 0 0 0  aaaa99995888a9874999aa837777a366476868a555642
112190 1 12 7 3 2 1 0 0 0  aaaa99995888a9874999aa837777a366672858a566454
112192 1 12 7 3 2 2 0 0 0  aaaa99995888a9875999aa857777a566672848a366434
112196 1 12 7 3 3 1 0 0 0  aaaa99995888a9874999aa837777a366576868a562454
112198 1 12 7 3 3 2 0 0 0  aaaa99995888a9875999aa857777a566476868a464332
112202 1 12 7 3 4 1 0 0 0  aaaa99995888a9874999aa837777a366676858a562454
112204 1 12 7 3 4 2 0 0 0  aaaa99995888a9875999aa857777a566676848a464332
112206 1 12 7 3 5 0 0 0 0  aaaa99995888a9874999aa837777a355672868a645664
112208 1 12 7 3 5 1 0 0 0  aaaa99995888a9874999aa837777a355675868a644662
112220 1 12 7 4 1 1 0 0 0  aaaa99995888a9844999aa847776a366763868a555772
112252 1 12 7 5 0 2 0 0 0  aaaa99996888a9866999aa847775a326577878a563454
112256 1 12 7 5 1 1 0 0 0  aaaa99995888a9864999aa837775a366677878a562454
112258 1 12 7 5 1 2 0 0 0  aaaa99995888a9865999aa857774a566677878a464332
112268 1 12 7 5 3 1 0 0 0  aaaa99995888a9844999aa847776a366677878a563552
112288 1 12 7 6 0 2 0 0 0  aaaa99996888a9866999aa847777a326577858a563454
112292 1 12 7 6 1 1 0 0 0  aaaa99995888a9864999aa837777a366677858a562454
112294 1 12 7 6 1 2 0 0 0  aaaa99995888a9865999aa857777a566677848a464332
112298 1 12 7 6 2 1 0 0 0  aaaa99994888a9844999aa837777a366677858a566525
112310 1 12 7 6 4 1 0 0 0  aaaa99994888a9844999aa837777a366577858a666525
112328 1 12 7 7 1 1 0 0 0  aaaa99995888a9864999aa837775a366672878a567454
112330 1 12 7 7 1 2 0 0 0  aaaa99995888a9865999aa857774a566672878a367434
112340 1 12 7 7 3 1 0 0 0  aaaa99995888a9844999aa847776a366673878a567552
112364 1 12 7 8 1 1 0 0 0  aaaa99995888a9864999aa837775a766673878a562454
112366 1 12 7 8 1 2 0 0 0  aaaa99995888a9865999aa857774a766675878a464332
112370 1 12 7 8 2 1 0 0 0  aaaa99994888a9844999aa837775a766673878a566525
112376 1 12 7 8 3 1 0 0 0  aaaa99995888a9844999aa847776a766673878a563552
112406 1 12 7 9 2 1 0 0 0  aaaa99994888a9844999aa837777a766673858a566525
112442 1 12 7 10 2 1 0 0 0  aaaa99994888a9844999aa837666a377777858a566525
112469 1 12 8 0 0 2 1 0 0  aaaa99995888a9775999aa853887a776673626a444865
112470 1 12 8 0 1 0 0 0 0  aaaa99995888a9774999aa836887a776673656a545824
112472 1 12 8 0 1 1 0 0 0  aaaa99995888a9774999aa836887a776673646a555842
112476 1 12 8 0 2 0 0 0 0  aaaa99995888a9774999aa836887a776673654a565824
112478 1 12 8 0 2 1 0 0 0  aaaa99995888a9774999aa836887a776673654a562854
112512 1 12 8 1 2 0 0 0 0  aaaa99995888a9777999aa837887a376662655a446854
112530 1 12 8 1 5 0 0 0 0  aaaa99995888a9777999aa847887a376545652a666834
112544 1 12 8 2 1 1 0 0 0  aaaa99994888a9777999aa837887a366562567a545864
112556 1 12 8 2 3 1 0 0 0  aaaa99994888a9777999aa837887a366464567a556852
112562 1 12 8 2 4 1 0 0 0  aaaa99994888a9777999aa837887a366566567a545824
112572 1 12 8 3 0 0 0 0 0  aaaa99997888a9665999aa847885a777763664a525834
112658 1 12 8 5 2 1 0 0 0  aaaa99995888a9777999aa846887a365763667a545824
112660 1 12 8 5 2 2 0 0 0  aaaa99995888a9777999aa856887a564765667a433842
112730 1 12 8 7 2 1 0 0 0  aaaa99997888a9777999aa846887a366474566a553852
112752 1 12 8 8 0 0 0 0 0  aaaa99995888a9664999aa837885a777763667a545824
112754 1 12 8 8 0 1 0 0 0  aaaa99995888a9664999aa837884a777763667a555842
112788 1 12 8 9 0 0 0 0 0  aaaa99995888a9664999aa837884a777773665a255846
112790 1 12 8 9 0 1 0 0 0  aaaa99994888a9663999aa837884a777772665a555846
112794 1 12 8 9 1 0 0 0 0  aaaa99995888a9666999aa847885a777773664a525834
112866 1 12 9 0 1 0 0 0 0  aaaa99995888a9774999aa836877a378676665a455842
112868 1 12 9 0 1 1 0 0 0  aaaa99995888a9774999aa836877a378676664a555824
112890 1 12 9 0 5 0 0 0 0  aaaa99996888a9776999aa862877a678576554a354834
112891 1 12 9 0 5 0 1 0 0  aaaa99996888a9776999aa862877a678576554a345834
112920 1 12 9 1 4 0 0 0 0  aaaa99995888a9777999aa847867a678545652a663834
112926 1 12 9 1 5 0 0 0 0  aaaa99995888a9777999aa847867a378545652a666834
112944 1 12 9 2 2 0 0 0 0  aaaa99995888a9777999aa846877a368673656a545824
112946 1 12 9 2 2 1 0 0 0  aaaa99995888a9777999aa846877a368673646a555842
113010 1 12 9 4 1 0 0 0 0  aaaa99995888a9777999aa837877a368662655a446854
113016 1 12 9 4 2 0 0 0 0  aaaa99995888a9777999aa847877a368646656a525834
113154 1 12 9 8 1 0 0 0 0  aaaa99994888a9666999aa837877a778553665a474852
113174 1 12 9 8 4 1 0 0 0  aaaa99995888a9664999aa837877a778653465a674825
113250 1 12 9 10 5 0 0 0 0  aaaa99995888a9764999aa835847a558763276a764876
113291 1 12 10 0 5 2 1 0 0  aaaa99995888a9877999aa852876a774675463a684653
113300 1 12 10 1 1 1 0 0 0  aaaa99996888a9875999aa847877a376663257a586454
113302 1 12 10 1 1 2 0 0 0  aaaa99996888a9875999aa857877a576665447a386432
113306 1 12 10 1 2 1 0 0 0  aaaa99995888a9874999aa837877a376662657a586454
113308 1 12 10 1 2 2 0 0 0  aaaa99995888a9875999aa857877a576662647a386434
113312 1 12 10 1 3 1 0 0 0  aaaa99995888a9875999aa837877a376662647a585464
113318 1 12 10 1 4 1 0 0 0  aaaa99995888a9874999aa837877a376666657a582454
113320 1 12 10 1 4 2 0 0 0  aaaa99995888a9875999aa857877a576666647a484332
113322 1 12 10 1 5 0 0 0 0  aaaa99995888a9874999aa837877a375645567a682664
113324 1 12 10 1 5 1 0 0 0  aaaa99995888a9874999aa837877a375655467a684662
113332 1 12 10 2 0 2 0 0 0  aaaa99996888a9866999aa847877a376563257a587454
113336 1 12 10 2 1 1 0 0 0  aaaa99994888a9844999aa837877a376566667a587525
113342 1 12 10 2 2 1 0 0 0  aaaa99994888a9844999aa837877a376566657a687525
113346 1 12 10 2 3 0 0 0 0  aaaa99995888a9844999aa847877a376663657a287565
113348 1 12 10 2 3 1 0 0 0  aaaa99994888a9844999aa837877a376662657a587565
113354 1 12 10 2 4 1 0 0 0  aaaa99994888a9844999aa837877a376666657a587525
113378 1 12 10 3 2 1 0 0 0  aaaa99994888a9844999aa837877a776663657a586525
113400 1 12 10 4 0 0 0 0 0  aaaa99995888a9874999aa837877a366474567a586652
113402 1 12 10 4 0 1 0 0 0  aaaa99995888a9875999aa837877a366575467a486642
113406 1 12 10 4 1 0 0 0 0  aaaa99996888a9874999aa837877a366672557a486545
113408 1 12 10 4 1 1 0 0 0  aaaa99995888a9874999aa837877a366476567a585642
113412 1 12 10 4 2 0 0 0 0  aaaa99995888a9874999aa837877a364676557a684652
113414 1 12 10 4 2 1 0 0 0  aaaa99995888a9874999aa837877a365676547a685642
113418 1 12 10 4 3 0 0 0 0  aaaa99996888a9875999aa847877a366576267a585443
113420 1 12 10 4 3 1 0 0 0  aaaa99995888a9874999aa837877a365676647a585642
113444 1 12 10 5 1 1 0 0 0  aaaa99994888a9844999aa837877a376676656a587525
113460 1 12 10 5 4 0 0 0 0  aaaa99994888a9844999aa837877a375676565a687625
113462 1 12 10 5 4 1 0 0 0  aaaa99995888a9855999aa857877a374676464a687632
113526 1 12 10 7 3 0 0 0 0  aaaa99994888a9844999aa837877a376662655a587765
113528 1 12 10 7 3 1 0 0 0  aaaa99995888a9855999aa857877a376663644a487762
113552 1 12 10 8 1 1 0 0 0  aaaa99995888a9864999aa837877a766673756a582454
113554 1 12 10 8 1 2 0 0 0  aaaa99995888a9865999aa857877a766675746a484332
113564 1 12 10 8 3 1 0 0 0  aaaa99994888a9844999aa837877a766673756a586525
113594 1 12 10 9 2 1 0 0 0  aaaa99994888a9844999aa837865a777773666a586525
113606 1 12 10 9 4 1 0 0 0  aaaa99994888a9844999aa837865a777773656a686525
113675 1 12 11 0 3 2 1 0 0  aaaa99998888a9884999aa587766a627654675a373574
113676 1 12 11 0 4 0 0 0 0  aaaa99998888a9885999aa487754a567666673a572473
113858 1 12 11 5 4 1 0 0 0  aaaa99998888a9884999aa487775a356767657a626534
113860 1 12 11 5 4 2 0 0 0  aaaa99998888a9883999aa587774a426767647a656535
113924 1 12 11 7 3 1 0 0 0  aaaa99998888a9884999aa487775a366726567a567534
113926 1 12 11 7 3 2 0 0 0  aaaa99998888a9883999aa587774a466756267a467535
113954 1 12 11 8 2 1 0 0 0  aaaa99998888a9884999aa587777a366647257a566534
113956 1 12 11 8 2 2 0 0 0  aaaa99998888a9883999aa587777a366657447a266545
114052 1 12 12 0 0 2 0 0 0  aaaa99994888a9877999aa836675a776573268a586454
114058 1 12 12 0 1 2 0 0 0  aaaa99994888a9877999aa836676a776573258a586454
114083 1 12 12 0 5 2 1 0 0  aaaa99995888a9877999aa853376a774675468a684652
114090 1 12 12 1 1 0 0 0 0  aaaa99995888a9874999aa837775a566763468a584762
114092 1 12 12 1 1 1 0 0 0  aaaa99995888a9875999aa847776a366763568a485742
114098 1 12 12 1 2 1 0 0 0  aaaa99995888a9874999aa837774a465766668a585732
114102 1 12 12 1 3 0 0 0 0  aaaa99995888a9874999aa837774a466763568a586752
114104 1 12 12 1 3 1 0 0 0  aaaa99995888a9875999aa837775a566763468a486742
114110 1 12 12 1 4 1 0 0 0  aaaa99995888a9874999aa837774a466766568a585732
114128 1 12 12 2 1 1 0 0 0  aaaa99996888a9874999aa837775a366672578a586454
114130 1 12 12 2 1 2 0 0 0  aaaa99996888a9875999aa857774a566675478a486332
114132 1 12 12 2 2 0 0 0 0  aaaa99995888a9874999aa837776a366672478a584565
114134 1 12 12 2 2 1 0 0 0  aaaa99995888a9875999aa847776a366673578a485642
114138 1 12 12 2 3 0 0 0 0  aaaa99995888a9874999aa837776a365676678a582454
114140 1 12 12 2 3 1 0 0 0  aaaa99995888a9874999aa837776a365676678a585442
114144 1 12 12 2 4 0 0 0 0  aaaa99995888a9874999aa837776a366676578a582454
114146 1 12 12 2 4 1 0 0 0  aaaa99995888a9874999aa837776a366676578a585442
114156 1 12 12 3 0 0 0 0 0  aaaa99995888a9874999aa837777a366474568a586652
114158 1 12 12 3 0 1 0 0 0  aaaa99995888a9875999aa837777a366575468a486642
114162 1 12 12 3 1 0 0 0 0  aaaa99996888a9874999aa837777a366672558a486545
114164 1 12 12 3 1 1 0 0 0  aaaa99995888a9874999aa837777a366476568a585642
114168 1 12 12 3 2 0 0 0 0  aaaa99995888a9874999aa837777a364676558a684652
114170 1 12 12 3 2 1 0 0 0  aaaa99995888a9874999aa837777a365676548a685642
114174 1 12 12 3 3 0 0 0 0  aaaa99996888a9875999aa847777a366576268a585443
114176 1 12 12 3 3 1 0 0 0  aaaa99995888a9874999aa837777a365676648a585642
114198 1 12 12 4 1 0 0 0 0  aaaa99995888a9855999aa847776a366756468a284773
114215 1 12 12 4 3 2 1 0 0  aaaa99995888a9865999aa857772a566763468a484773
114307 1 12 12 7 1 0 1 0 0  aaaa99995888a9855999aa847776a466376278a687534
114308 1 12 12 7 1 1 0 0 0  aaaa99995888a9844999aa847776a366576278a687553
114488 1 12 13 1 1 1 0 0 0  aaaa99995888a9874999aa887776a366763568a545724
114490 1 12 13 1 1 2 0 0 0  aaaa99995888a9875999aa887776a566765468a433742
114494 1 12 13 1 2 1 0 0 0  aaaa99994888a9873999aa887774a465766668a553752
114500 1 12 13 1 3 1 0 0 0  aaaa99994888a9873999aa887774a466763568a556752
114506 1 12 13 1 4 1 0 0 0  aaaa99994888a9873999aa887774a466766568a553752
114530 1 12 13 2 2 1 0 0 0  aaaa99994888a9873999aa887775a366672578a566454
114532 1 12 13 2 2 2 0 0 0  aaaa99995888a9875999aa887774a566675478a466332
114560 1 12 13 3 1 1 0 0 0  aaaa99994888a9873999aa887777a366576568a545624
114566 1 12 13 3 2 1 0 0 0  aaaa99995888a9874999aa887777a366673258a566454
114568 1 12 13 3 2 2 0 0 0  aaaa99995888a9875999aa887777a566675448a366432
114596 1 12 13 4 1 1 0 0 0  aaaa99994888a9844999aa887776a366763568a552775
114940 1 12 14 2 4 2 0 0 0  aaaa99994888a9853999aa537887a877644627a666575
114944 1 12 14 2 5 1 0 0 0  aaaa99995888a9863999aa637887a877464547a565672
114970 1 12 14 3 3 2 0 0 0  aaaa99994888a9853999aa447887a877673666a256575
114976 1 12 14 3 4 2 0 0 0  aaaa99994888a9853999aa447887a877673625a666575
114980 1 12 14 3 5 1 0 0 0  aaaa99995888a9863999aa637887a877474546a565672
115012 1 12 14 4 4 2 0 0 0  aaaa99994888a9853999aa537887a877644625a666775
115016 1 12 14 4 5 1 0 0 0  aaaa99995888a9863999aa637887a877464546a565772
115066 1 12 14 6 1 2 0 0 0  aaaa99996888a9853999aa537884a877447677a662565
115072 1 12 14 6 2 2 0 0 0  aaaa99994888a9853999aa537886a877657677a662445
115108 1 12 14 7 2 2 0 0 0  aaaa99994888a9853999aa537887a877666267a657445
115120 1 12 14 7 4 2 0 0 0  aaaa99994888a9853999aa447887a877656267a657635
115126 1 12 14 7 5 2 0 0 0  aaaa99994888a9853999aa537887a877644267a657665
115144 1 12 14 8 2 2 0 0 0  aaaa99994888a9853999aa447887a877657627a663565
115237 1 12 15 0 0 0 1 0 0  aaaa99994888a9774999aa883887a776673656a554265
116022 1 12 16 10 5 0 0 0 0  aaaa99995888a9764999aa885847a558763276a764736
116082 1 12 17 1 3 0 0 0 0  aaaa99995888a9874999aa887877a376663657a545264
116122 1 12 17 2 3 2 0 0 0  aaaa99995888a9835999aa887877a576665647a447362
116180 1 12 17 4 1 1 0 0 0  aaaa99994888a9873999aa887877a366576567a545624
116186 1 12 17 4 2 1 0 0 0  aaaa99995888a9874999aa887877a366673257a566454
116188 1 12 17 4 2 2 0 0 0  aaaa99995888a9875999aa887877a566675447a366432
116290 1 12 17 7 1 2 0 0 0  aaaa99996888a9825999aa887877a576665434a476375
116296 1 12 17 7 2 2 0 0 0  aaaa99995888a9835999aa887877a576665644a476372
116300 1 12 17 7 3 1 0 0 0  aaaa99994888a9844999aa887877a376663565a276575
116302 1 12 17 7 3 2 0 0 0  aaaa99995888a9835999aa887877a576665464a476372
116310 1 12 17 7 5 0 0 0 0  aaaa99995888a9863999aa887877a375465526a474676
116425 1 12 18 0 0 0 1 0 0  aaaa99994888a9884999aa773887a776673656a554265
116516 1 12 18 2 3 1 0 0 0  aaaa99994888a9883999aa537887a776662657a744565
116518 1 12 18 2 3 2 0 0 0  aaaa99995888a9885999aa457887a776665637a744362
116526 1 12 18 2 5 0 0 0 0  aaaa99995888a9884999aa637887a775465527a763646
116698 1 12 18 7 3 2 0 0 0  aaaa99997888a9884999aa537887a776663625a744565
116706 1 12 18 7 5 0 0 0 0  aaaa99997888a9885999aa647887a775465526a763643
116726 1 12 18 8 2 1 0 0 0  aaaa99994888a9883999aa537886a777744657a662565
116728 1 12 18 8 2 2 0 0 0  aaaa99995888a9885999aa457886a777735647a662463
116732 1 12 18 8 3 1 0 0 0  aaaa99994888a9883999aa637885a777744667a566525
116854 1 12 19 0 5 2 0 0 0  aaaa99995888a9877999aa852876a778675364a635644
116855 1 12 19 0 5 2 1 0 0  aaaa99995888a9877999aa852876a778675463a644653
116856 1 12 19 1 0 0 0 0 0  aaaa99995888a9874999aa837877a378662667a455546
116868 1 12 19 1 2 0 0 0 0  aaaa99995888a9874999aa837877a378666467a654552
116870 1 12 19 1 2 1 0 0 0  aaaa99995888a9874999aa837877a378666567a655442
116874 1 12 19 1 3 0 0 0 0  aaaa99995888a9874999aa837877a378666567a562454
116876 1 12 19 1 3 1 0 0 0  aaaa99995888a9874999aa837877a378666567a565442
116882 1 12 19 1 4 1 0 0 0  aaaa99995888a9874999aa837877a378644657a666552
116888 1 12 19 1 5 1 0 0 0  aaaa99995888a9874999aa837877a378644567a655662
116906 1 12 19 2 2 1 0 0 0  aaaa99994888a9853999aa837877a278666567a657445
116908 1 12 19 2 2 2 0 0 0  aaaa99995888a9845999aa857877a578666467a647332
116910 1 12 19 2 3 0 0 0 0  aaaa99995888a9864999aa837877a378666567a547254
116918 1 12 19 2 4 1 0 0 0  aaaa99994888a9844999aa837877a378656567a657625
116920 1 12 19 2 4 2 0 0 0  aaaa99995888a9845999aa857877a578636467a647623
116924 1 12 19 2 5 1 0 0 0  aaaa99994888a9853999aa837877a278644567a657665
116926 1 12 19 2 5 2 0 0 0  aaaa99995888a9845999aa857877a578644367a637662
116964 1 12 19 4 0 0 0 0 0  aaaa99995888a9874999aa837877a368672647a556645
116966 1 12 19 4 0 1 0 0 0  aaaa99995888a9874999aa837877a368672657a546654
116972 1 12 19 4 1 1 0 0 0  aaaa99995888a9874999aa837877a368676657a562454
116974 1 12 19 4 1 2 0 0 0  aaaa99995888a9875999aa857877a568676647a464332
116976 1 12 19 4 2 0 0 0 0  aaaa99995888a9874999aa837877a368676557a645624
116978 1 12 19 4 2 1 0 0 0  aaaa99995888a9874999aa837877a368676547a655642
116982 1 12 19 4 3 0 0 0 0  aaaa99995888a9874999aa837877a368676657a545624
116984 1 12 19 4 3 1 0 0 0  aaaa99995888a9874999aa837877a368676647a555642
116990 1 12 19 4 4 1 0 0 0  aaaa99995888a9874999aa837877a368572657a666454
116992 1 12 19 4 4 2 0 0 0  aaaa99995888a9875999aa857877a568474647a666332
116996 1 12 19 4 5 1 0 0 0  aaaa99995888a9874999aa837877a348674567a655662
117014 1 12 19 5 2 1 0 0 0  aaaa99995888a9844999aa847877a378673666a257565
117016 1 12 19 5 2 2 0 0 0  aaaa99995888a9845999aa857877a578672666a447363
117026 1 12 19 5 4 1 0 0 0  aaaa99995888a9844999aa847877a378676265a657635
117028 1 12 19 5 4 2 0 0 0  aaaa99995888a9845999aa857877a578676464a637623
117032 1 12 19 5 5 1 0 0 0  aaaa99995888a9844999aa847877a378673265a657665
117034 1 12 19 5 5 2 0 0 0  aaaa99995888a9845999aa857877a578672464a637663
117090 1 12 19 7 3 0 0 0 0  aaaa99995888a9863999aa837877a278666565a475474
117104 1 12 19 7 5 1 0 0 0  aaaa99995888a9863999aa837877a278464546a575676
117210 1 12 19 10 5 0 0 0 0  aaaa99995888a9864999aa835847a558763276a764776
117236 1 12 20 0 3 1 0 0 0  aaaa99994888a9883999aa587876a376662657a744575
117238 1 12 20 0 3 2 0 0 0  aaaa99995888a9885999aa487876a576665637a744372
117270 1 12 20 1 3 0 0 0 0  aaaa99995888a9884999aa787877a376663657a545264
117310 1 12 20 2 3 2 0 0 0  aaaa99995888a9885999aa387877a576665647a447362
117368 1 12 20 4 1 1 0 0 0  aaaa99994888a9883999aa787877a366576567a545624
117374 1 12 20 4 2 1 0 0 0  aaaa99995888a9884999aa787877a366673257a566454
117376 1 12 20 4 2 2 0 0 0  aaaa99995888a9885999aa787877a566675447a366432
117400 1 12 20 5 0 2 0 0 0  aaaa99995888a9885999aa387877a576675646a447362
117472 1 12 20 7 0 2 0 0 0  aaaa99996888a9883999aa587877a376652465a476475
117478 1 12 20 7 1 2 0 0 0  aaaa99996888a9885999aa287877a576665434a476375
117484 1 12 20 7 2 2 0 0 0  aaaa99995888a9885999aa387877a576665644a476372
117488 1 12 20 7 3 1 0 0 0  aaaa99995888a9883999aa587877a376662465a476475
117490 1 12 20 7 3 2 0 0 0  aaaa99995888a9885999aa387877a576665464a476372
117498 1 12 20 7 5 0 0 0 0  aaaa99995888a9883999aa687877a375465526a474676
117666 1 12 21 1 3 0 0 0 0  aaaa99995888a9888999aa747877a376663657a545264
117706 1 12 21 2 3 2 0 0 0  aaaa99995888a9888999aa357877a576665647a447362
117764 1 12 21 4 1 1 0 0 0  aaaa99994888a9888999aa737877a366576567a545624
117770 1 12 21 4 2 1 0 0 0  aaaa99995888a9888999aa747877a366673257a566454
117772 1 12 21 4 2 2 0 0 0  aaaa99995888a9888999aa757877a566675447a366432
117874 1 12 21 7 1 2 0 0 0  aaaa99996888a9888999aa257877a576665434a476375
117880 1 12 21 7 2 2 0 0 0  aaaa99995888a9888999aa357877a576665644a476372
117884 1 12 21 7 3 1 0 0 0  aaaa99994888a9888999aa447877a376663565a276575
117886 1 12 21 7 3 2 0 0 0  aaaa99995888a9888999aa357877a576665464a476372
117894 1 12 21 7 5 0 0 0 0  aaaa99995888a9888999aa637877a375465526a474676
118008 1 12 22 0 0 0 0 0 0  aaaa99995778a9664999aa738766a388888576a572454
118010 1 12 22 0 0 1 0 0 0  aaaa99995778a9664999aa738766a388888576a575442
118058 1 12 22 1 2 1 0 0 0  aaaa99994778a9744999aa738666a388888757a566525
118290 1 12 22 7 5 0 0 0 0  aaaa99995778a9764999aa738754a588888526a763646
118432 1 13 0 0 4 2 0 0 0  aaaa99988778a9584899aa787269a687593657a663454
118478 1 13 0 2 0 1 0 0 0  aaaa99988778a9784899aa787669a386494567a553652
118658 1 13 0 7 0 1 0 0 0  aaaa99988778a9784899aa787669a386494576a553652
118830 1 13 1 0 5 0 0 0 0  aaaa99988888a9776299aa867559a654796737a548364
118831 1 13 1 0 5 0 1 0 0  aaaa99988888a9776399aa867539a655796727a548464
119032 1 13 1 6 2 2 0 0 0  aaaa99988888a9666799aa857779a544797364a638255
119050 1 13 1 6 5 2 0 0 0  aaaa99988888a9625799aa857779a544797364a638665
119052 1 13 1 7 0 0 0 0 0  aaaa99988888a9777299aa876659a546794567a368354
119053 1 13 1 7 0 0 1 0 0  aaaa99988888a9777299aa876659a536793567a468445
119057 1 13 1 7 0 2 1 0 0  aaaa99988888a9777399aa876659a325796647a558446
119201 1 13 2 0 0 2 1 0 0  aaaa99977888a9775799aa876369a534695888a464265
119237 1 13 2 1 0 2 1 0 0  aaaa99966888a9777799aa867269a533795888a465445
119303 1 13 2 2 5 2 1 0 0  aaaa99975888a9777499aa857469a426795888a666353
119345 1 13 2 4 0 2 1 0 0  aaaa99966888a9777399aa867369a572795888a465445
119354 1 13 2 4 2 1 0 0 0  aaaa99954888a9777699aa857669a376793888a652445
119356 1 13 2 4 2 2 0 0 0  aaaa99945888a9777699aa857669a576795888a644332
119390 1 13 2 5 2 1 0 0 0  aaaa99975888a9777699aa846659a326796888a755443
119393 1 13 2 5 2 2 1 0 0  aaaa99975888a9777699aa856649a526796888a744353
119399 1 13 2 5 3 2 1 0 0  aaaa99975888a9777699aa866649a526795888a744353
119420 1 13 2 6 1 1 0 0 0  aaaa99954888a9666799aa857779a326797888a653445
119422 1 13 2 6 1 2 0 0 0  aaaa99945888a9666799aa857779a526797888a635443
119424 1 13 2 6 2 0 0 0 0  aaaa99964888a9666799aa837779a355797888a562454
119430 1 13 2 6 3 0 0 0 0  aaaa99964888a9666799aa837779a355797888a652445
119449 1 13 2 7 0 0 1 0 0  aaaa99976888a9777299aa876569a554796888a644353
119453 1 13 2 7 0 2 1 0 0  aaaa99976888a9777499aa876449a626795888a635355
119459 1 13 2 7 1 2 1 0 0  aaaa99975888a9777699aa876649a526795888a644353
119471 1 13 2 7 3 2 1 0 0  aaaa99975888a9777699aa876269a564795888a644353
119557 1 13 2 10 0 0 1 0 0  aaaa99967888a9667399aa876539a755697888a547424
119561 1 13 2 10 0 2 1 0 0  aaaa99967888a9667599aa875559a764697888a447332
119563 1 13 2 10 1 0 1 0 0  aaaa99957888a9557699aa876629a736397888a647454
119565 1 13 2 10 1 1 1 0 0  aaaa99947888a9557699aa876639a726597888a637454
119567 1 13 2 10 1 2 1 0 0  aaaa99947888a9547699aa876639a726597888a637554
119569 1 13 2 10 2 0 1 0 0  aaaa99957888a9557699aa876649a726697888a447353
119573 1 13 2 10 2 2 1 0 0  aaaa99947888a9547699aa876639a726697888a537554
119575 1 13 2 10 3 0 1 0 0  aaaa99957888a9557699aa876269a763397888a647454
119577 1 13 2 10 3 1 1 0 0  aaaa99947888a9557699aa876269a763597888a637454
119579 1 13 2 10 3 2 1 0 0  aaaa99947888a9547699aa876269a763597888a637554
119586 1 13 2 10 5 0 0 0 0  aaaa99937888a9637499aa874559a754697888a657662
119589 1 13 2 10 5 1 1 0 0  aaaa99947888a9647599aa875539a725697888a637664
119618 1 13 3 0 4 1 0 0 0  aaaa99988888a9775699aa847869a346794757a663552
119627 1 13 3 0 5 2 1 0 0  aaaa99988888a9775299aa857869a536793747a666445
119699 1 13 3 2 5 2 1 0 0  aaaa99988888a9777299aa857869a536793647a665445
119879 1 13 3 7 5 2 1 0 0  aaaa99988888a9777399aa873869a526795647a665445
119957 1 13 3 10 0 2 1 0 0  aaaa99988888a9665299aa856879a537693746a777445
119975 1 13 3 10 3 2 1 0 0  aaaa99988888a9666399aa853879a527695746a777445
119990 1 13 4 0 0 1 0 0 0  aaaa99986888a9774699aa867869a356793757a582454
119996 1 13 4 0 1 1 0 0 0  aaaa99985888a9774699aa837869a666793757a582454
119998 1 13 4 0 1 2 0 0 0  aaaa99985888a9775699aa857869a666795747a484332
120002 1 13 4 0 2 1 0 0 0  aaaa99985888a9774699aa837869a646794757a683552
120008 1 13 4 0 3 1 0 0 0  aaaa99986888a9774699aa837869a656793757a582454
120014 1 13 4 0 4 1 0 0 0  aaaa99985888a9774699aa837869a346794757a686552
120023 1 13 4 0 5 2 1 0 0  aaaa99986888a9776399aa867839a644794757a586552
120074 1 13 4 2 2 1 0 0 0  aaaa99984888a9777699aa837869a656793657a582454
120086 1 13 4 2 4 1 0 0 0  aaaa99985888a9777699aa847869a346794657a683552
120095 1 13 4 2 5 2 1 0 0  aaaa99985888a9777299aa857869a536793647a686445
120096 1 13 4 3 0 0 0 0 0  aaaa99985888a9664799aa837879a776693576a582454
120098 1 13 4 3 0 1 0 0 0  aaaa99985888a9664799aa837879a776693576a585442
120180 1 13 4 5 2 0 0 0 0  aaaa99984888a9777699aa836869a365796557a782454
120202 1 13 4 5 5 2 0 0 0  aaaa99986888a9777499aa864859a645796537a785362
120203 1 13 4 5 5 2 1 0 0  aaaa99986888a9777399aa863859a625796547a785446
120206 1 13 4 6 0 1 0 0 0  aaaa99985888a9663799aa837879a775792664a585446
120275 1 13 4 7 5 2 1 0 0  aaaa99987888a9777399aa853869a526795647a686445
120276 1 13 4 8 0 0 0 0 0  aaaa99985888a9664799aa837879a776693556a785442
120278 1 13 4 8 0 1 0 0 0  aaaa99985888a9664799aa837879a776693456a784552
120314 1 13 4 9 0 1 0 0 0  aaaa99985888a9663799aa837859a277797664a585446
120410 1 13 5 0 4 1 0 0 0  aaaa99985888a9774699aa887869a346794757a663552
120419 1 13 5 0 5 2 1 0 0  aaaa99985888a9775299aa887869a536793747a666445
120491 1 13 5 2 5 2 1 0 0  aaaa99985888a9777299aa887869a536793647a665445
120568 1 13 5 5 0 2 0 0 0  aaaa99985888a9777299aa886869a563795376a674454
120569 1 13 5 5 0 2 1 0 0  aaaa99985888a9777299aa886869a564795476a674353
120671 1 13 5 7 5 2 1 0 0  aaaa99987888a9777399aa883869a526795647a665445
120749 1 13 5 10 0 2 1 0 0  aaaa99985888a9665299aa886879a537693746a777445
120767 1 13 5 10 3 2 1 0 0  aaaa99985888a9666399aa883879a527695746a777445
120809 1 13 6 0 4 2 1 0 0  aaaa99985888a9775499aa857849a462795863a677663
120815 1 13 6 0 5 2 1 0 0  aaaa99986888a9776399aa867839a644794852a577556
120878 1 13 6 2 4 1 0 0 0  aaaa99985888a9777699aa847869a346794857a663552
120887 1 13 6 2 5 2 1 0 0  aaaa99985888a9777299aa857869a536793847a666445
120990 1 13 6 5 5 0 0 0 0  aaaa99986888a9777599aa865849a652796875a476433
120991 1 13 6 5 5 0 1 0 0  aaaa99986888a9777599aa865849a654796875a476332
120994 1 13 6 5 5 2 0 0 0  aaaa99986888a9777499aa864859a645796873a575362
120995 1 13 6 5 5 2 1 0 0  aaaa99986888a9777399aa863859a625796874a575464
120998 1 13 6 6 0 1 0 0 0  aaaa99985888a9664799aa837879a776793856a644552
121067 1 13 6 7 5 2 1 0 0  aaaa99987888a9777399aa853869a526795847a666445
121070 1 13 6 8 0 1 0 0 0  aaaa99985888a9664799aa837879a776693856a744552
121106 1 13 6 9 0 1 0 0 0  aaaa99985888a9664799aa837869a377797856a644552
121607 1 13 8 0 5 2 1 0 0  aaaa99986888a9776299aa867889a644794757a536553
121608 1 13 8 1 0 0 0 0 0  aaaa99985888a9777799aa837889a366792565a465464
121645 1 13 8 2 0 0 1 0 0  aaaa99985888a9777399aa847889a366794267a565564
121661 1 13 8 2 2 2 1 0 0  aaaa99985888a9777299aa857889a566796347a663445
121663 1 13 8 2 3 0 1 0 0  aaaa99985888a9777399aa847889a366796267a565544
121667 1 13 8 2 3 2 1 0 0  aaaa99985888a9777299aa857889a566796467a464353
121673 1 13 8 2 4 2 1 0 0  aaaa99985888a9777399aa857889a326796647a665445
121679 1 13 8 2 5 2 1 0 0  aaaa99985888a9777299aa857889a536793647a666445
121680 1 13 8 3 0 0 0 0 0  aaaa99985888a9664799aa877889a377793665a455246
121786 1 13 8 5 5 2 0 0 0  aaaa99986888a9777499aa864889a645796573a575362
121787 1 13 8 5 5 2 1 0 0  aaaa99986888a9777399aa863889a625796574a575464
121788 1 13 8 6 0 0 0 0 0  aaaa99985888a9664799aa837889a777793665a455246
121859 1 13 8 7 5 2 1 0 0  aaaa99987888a9777399aa853889a526795647a666445
121860 1 13 8 8 0 0 0 0 0  aaaa99985888a9664799aa837889a377792667a455546
121872 1 13 8 8 2 0 0 0 0  aaaa99985888a9666799aa847889a377793467a654552
121874 1 13 8 8 2 1 0 0 0  aaaa99985888a9666799aa847889a377793567a655442
121878 1 13 8 8 3 0 0 0 0  aaaa99985888a9666799aa847889a377793567a562454
121880 1 13 8 8 3 1 0 0 0  aaaa99985888a9666799aa847889a377793567a565442
121886 1 13 8 8 4 1 0 0 0  aaaa99985888a9644799aa847889a377793657a666552
121892 1 13 8 8 5 1 0 0 0  aaaa99985888a9644799aa847889a377793567a655662
121896 1 13 8 9 0 0 0 0 0  aaaa99985888a9664799aa837889a377797665a455246
121982 1 13 9 0 2 1 0 0 0  aaaa99985888a9774699aa837869a648794757a663552
121994 1 13 9 0 4 1 0 0 0  aaaa99985888a9774699aa837869a348794757a666552
122003 1 13 9 0 5 2 1 0 0  aaaa99986888a9776299aa867859a638793747a555446
122018 1 13 9 1 2 1 0 0 0  aaaa99985888a9777799aa847869a368793664a562554
122066 1 13 9 2 4 1 0 0 0  aaaa99985888a9777699aa847869a348794657a663552
122075 1 13 9 2 5 2 1 0 0  aaaa99985888a9777299aa857869a538793647a666445
122179 1 13 9 5 5 0 1 0 0  aaaa99986888a9777599aa865829a658796573a476443
122182 1 13 9 5 5 2 0 0 0  aaaa99986888a9777499aa864859a648796573a575362
122183 1 13 9 5 5 2 1 0 0  aaaa99986888a9777399aa863859a628796574a575464
122184 1 13 9 6 0 0 0 0 0  aaaa99985888a9664799aa837879a778793665a455246
122255 1 13 9 7 5 2 1 0 0  aaaa99987888a9777399aa853869a528795647a666445
122294 1 13 9 9 0 1 0 0 0  aaaa99985888a9664799aa836879a348694756a777552
122646 1 13 10 7 5 0 0 0 0  aaaa99985888a9864799aa877879a375495526a763646
122682 1 13 10 8 5 0 0 0 0  aaaa99985888a9864799aa837879a775495526a763646
122827 1 13 11 1 5 0 1 0 0  aaaa99948888a9886799aa787759a655396254a776364
122982 1 13 11 6 1 0 0 0 0  aaaa99958888a9884799aa487779a366797566a526534
123000 1 13 11 6 4 0 0 0 0  aaaa99958888a9884799aa487779a365797666a526534
123006 1 13 11 6 5 0 0 0 0  aaaa99958888a9884799aa487779a356797652a666534
123132 1 13 11 10 2 0 0 0 0  aaaa99958888a9884699aa486679a357696752a777534
123161 1 13 12 0 0 2 1 0 0  aaaa99985888a9877799aa876649a537695638a474652
123169 1 13 12 0 2 0 1 0 0  aaaa99984888a9877799aa876669a427696558a375534
123187 1 13 12 0 5 0 1 0 0  aaaa99984888a9877799aa875539a427695568a673664
123233 1 13 12 2 0 2 1 0 0  aaaa99987888a9866799aa877739a627594658a563544
123350 1 13 12 5 2 1 0 0 0  aaaa99985888a9844799aa877769a467793668a563552
123373 1 13 12 6 0 0 1 0 0  aaaa99986888a9866799aa847779a426797558a365534
123378 1 13 12 6 1 0 0 0 0  aaaa99985888a9864799aa837779a365797668a562454
123380 1 13 12 6 1 1 0 0 0  aaaa99985888a9864799aa837779a365797668a565442
123601 1 13 13 1 2 0 1 0 0  aaaa99985888a9855799aa887729a467696636a754734
123613 1 13 13 1 4 0 1 0 0  aaaa99985888a9855799aa887729a467396666a754734
123619 1 13 13 1 5 0 1 0 0  aaaa99986888a9846799aa887739a657596524a736754
123709 1 13 13 4 2 0 1 0 0  aaaa99985888a9855799aa887729a467696636a774534
123715 1 13 13 4 3 0 1 0 0  aaaa99985888a9855799aa887729a467696635a774634
123721 1 13 13 4 4 0 1 0 0  aaaa99985888a9855799aa887729a467396666a774534
123746 1 13 13 5 2 1 0 0 0  aaaa99985888a9844799aa887769a467793667a563552
123814 1 13 13 7 1 2 0 0 0  aaaa99985888a9835299aa887779a566796467a437645
124195 1 13 14 6 5 0 1 0 0  aaaa99965888a9864399aa637889a877597277a565644
124199 1 13 14 6 5 2 1 0 0  aaaa99965888a9865299aa657889a877397477a464635
124246 1 13 14 8 1 2 0 0 0  aaaa99956888a9854799aa447889a877793627a663565
124250 1 13 14 8 2 1 0 0 0  aaaa99965888a9864799aa447889a877793657a663552
124321 1 13 14 10 2 0 1 0 0  aaaa99975888a9874299aa746889a865596667a375734
124323 1 13 14 10 2 1 1 0 0  aaaa99975888a9874299aa746889a865396667a575734
124324 1 13 14 10 2 2 0 0 0  aaaa99975888a9875299aa756889a863496667a375744
124325 1 13 14 10 2 2 1 0 0  aaaa99975888a9875299aa756889a864396667a474735
124328 1 13 14 10 3 1 0 0 0  aaaa99975888a9874699aa736889a866494567a575732
124339 1 13 14 10 5 0 1 0 0  aaaa99975888a9874299aa746889a866696557a375734
124341 1 13 14 10 5 1 1 0 0  aaaa99975888a9874299aa746889a866696537a575734
124342 1 13 14 10 5 2 0 0 0  aaaa99975888a9875299aa756889a866696347a375744
124343 1 13 14 10 5 2 1 0 0  aaaa99975888a9875299aa756889a866696437a474735
124417 1 13 15 2 0 0 1 0 0  aaaa99974888a9777399aa887889a366794565a564265
124423 1 13 15 2 1 0 1 0 0  aaaa99974888a9777299aa887889a466796565a533645
124458 1 13 15 3 1 0 0 0 0  aaaa99947888a9666299aa887889a777795663a535544
124463 1 13 15 3 1 2 1 0 0  aaaa99957888a9666299aa887889a777794665a354534
124469 1 13 15 3 2 2 1 0 0  aaaa99957888a9666299aa887889a777794365a653544
124481 1 13 15 3 4 2 1 0 0  aaaa99957888a9654299aa887889a777794635a666534
124487 1 13 15 3 5 2 1 0 0  aaaa99957888a9654299aa887889a777794365a653664
124603 1 13 15 7 1 0 1 0 0  aaaa99974888a9777299aa886889a766794565a533645
124705 1 13 15 10 0 0 1 0 0  aaaa99966888a9746599aa885889a365793576a742774
124921 1 13 16 5 0 0 1 0 0  aaaa99975888a9777399aa886869a368794276a655544
124925 1 13 16 5 0 2 1 0 0  aaaa99975888a9777299aa886869a568795476a644353
125131 1 13 16 10 5 0 1 0 0  aaaa99964888a9764399aa885859a358794276a765776
125238 1 13 17 2 5 0 0 0 0  aaaa99965888a9864799aa887879a375495527a763646
125399 1 13 17 7 1 2 1 0 0  aaaa99957888a9854299aa887879a776696636a754534
125405 1 13 17 7 2 2 1 0 0  aaaa99957888a9854299aa887879a776696635a764534
125408 1 13 17 7 3 1 0 0 0  aaaa99957888a9855299aa887879a776696645a734643
125409 1 13 17 7 3 1 1 0 0  aaaa99957888a9855299aa887879a776696633a754644
125411 1 13 17 7 3 2 1 0 0  aaaa99957888a9854299aa887879a776696635a754634
125417 1 13 17 7 4 2 1 0 0  aaaa99957888a9854299aa887879a776694635a766534
125418 1 13 17 7 5 0 0 0 0  aaaa99967888a9864299aa887879a775494556a763653
125419 1 13 17 7 5 0 1 0 0  aaaa99967888a9865299aa887879a775495546a763643
125421 1 13 17 7 5 1 1 0 0  aaaa99967888a9864299aa887879a775595536a764634
125422 1 13 17 7 5 2 0 0 0  aaaa99967888a9865299aa887879a774495436a765635
125423 1 13 17 7 5 2 1 0 0  aaaa99967888a9865299aa887879a773495346a765645
125454 1 13 17 8 5 0 0 0 0  aaaa99965888a9864799aa887879a775495526a763643
125497 1 13 17 10 0 0 1 0 0  aaaa99966888a9846599aa885879a367593756a777424
125604 1 13 18 2 0 0 0 0 0  aaaa99975888a9884799aa777889a376693656a545264
125652 1 13 18 3 2 0 0 0 0  aaaa99965888a9884799aa737889a377792666a455546
125720 1 13 18 5 1 1 0 0 0  aaaa99974888a9883799aa777889a366596567a545624
125726 1 13 18 5 2 1 0 0 0  aaaa99975888a9884799aa777889a366693257a566454
125728 1 13 18 5 2 2 0 0 0  aaaa99975888a9885799aa777889a566695447a366432
125828 1 13 18 8 1 1 0 0 0  aaaa99956888a9884799aa447889a377793657a662565
125830 1 13 18 8 1 2 0 0 0  aaaa99946888a9885799aa357889a577795647a662463
125832 1 13 18 8 2 0 0 0 0  aaaa99965888a9884799aa557889a377793647a662546
125834 1 13 18 8 2 1 0 0 0  aaaa99965888a9885799aa647889a377793657a662454
125840 1 13 18 8 3 1 0 0 0  aaaa99965888a9884799aa447889a377793667a566552
125846 1 13 18 8 4 1 0 0 0  aaaa99965888a9884799aa447889a377793657a666552
126052 1 13 19 3 2 2 0 0 0  aaaa99954888a9844799aa837879a778693675a662565
126058 1 13 19 3 3 2 0 0 0  aaaa99954888a9853799aa837879a778692676a656445
126064 1 13 19 3 4 2 0 0 0  aaaa99954888a9853799aa837879a778692675a666445
126068 1 13 19 3 5 1 0 0 0  aaaa99965888a9864799aa837879a778494576a565632
126196 1 13 19 7 2 2 0 0 0  aaaa99954888a9853799aa877879a378692666a744565
126202 1 13 19 7 3 2 0 0 0  aaaa99954888a9853799aa877879a378692666a756445
126208 1 13 19 7 4 2 0 0 0  aaaa99954888a9853799aa877879a378692665a744665
126212 1 13 19 7 5 1 0 0 0  aaaa99965888a9864799aa877879a378593456a764652
126232 1 13 19 8 2 2 0 0 0  aaaa99954888a9853799aa837879a778692666a744565
126238 1 13 19 8 3 2 0 0 0  aaaa99954888a9853799aa837879a778692666a756445
126244 1 13 19 8 4 2 0 0 0  aaaa99954888a9853799aa837879a778692665a744665
126248 1 13 19 8 5 1 0 0 0  aaaa99965888a9864799aa837879a778593456a764652
126396 1 13 20 2 0 0 0 0 0  aaaa99975888a9884799aa787879a376693656a545264
126476 1 13 20 4 1 1 0 0 0  aaaa99974888a9883799aa787879a366596567a545624
126482 1 13 20 4 2 1 0 0 0  aaaa99975888a9884799aa787879a366693257a566454
126484 1 13 20 4 2 2 0 0 0  aaaa99975888a9885799aa787879a566695447a366432
126606 1 13 20 7 5 0 0 0 0  aaaa99965888a9884799aa787879a375495526a763646
127153 1 13 22 1 0 0 1 0 0  aaaa99986777a9686499aa876549a455692738a587838
127167 1 13 22 1 2 1 1 0 0  aaaa99984777a9585699aa876629a436693758a587848
127369 1 13 22 7 0 0 1 0 0  aaaa99986777a9686299aa876759a547695448a583838
127399 1 13 22 7 5 0 1 0 0  aaaa99984777a9684399aa875759a357694268a685868
127405 1 13 22 8 0 0 1 0 0  aaaa99984777a9784399aa876769a365594568a286858
127422 1 13 22 8 3 0 0 0 0  aaaa99985777a9784699aa876769a365495528a683848
127522 1 14 0 0 1 2 0 0 0  aaaa99994887a9753989aa539867a778666785a682445
127540 1 14 0 0 4 2 0 0 0  aaaa99994887a9753989aa539867a778644785a682665
127544 1 14 0 0 5 1 0 0 0  aaaa99995887a9764989aa639857a778464786a585632
127558 1 14 0 1 1 2 0 0 0  aaaa99996887a9774989aa539876a678653785a682445
127562 1 14 0 1 2 1 0 0 0  aaaa99995887a9774989aa539876a378666785a682445
127564 1 14 0 1 2 2 0 0 0  aaaa99995887a9775989aa459876a578666783a682443
127568 1 14 0 1 3 1 0 0 0  aaaa99995887a9774989aa639876a378666784a582554
127574 1 14 0 1 4 1 0 0 0  aaaa99995887a9774989aa539876a678644785a683625
127576 1 14 0 1 4 2 0 0 0  aaaa99995887a9775989aa459876a678635783a684624
127580 1 14 0 1 5 1 0 0 0  aaaa99995887a9774989aa539876a378644785a682665
127582 1 14 0 1 5 2 0 0 0  aaaa99995887a9775989aa459876a578644783a682663
127592 1 14 0 2 1 1 0 0 0  aaaa99995887a9774989aa539867a378666785a682445
127594 1 14 0 2 1 2 0 0 0  aaaa99995887a9775989aa459867a578666783a682443
127598 1 14 0 2 2 1 0 0 0  aaaa99995887a9774989aa639857a378666786a585442
127610 1 14 0 2 4 1 0 0 0  aaaa99995887a9774989aa539867a378644785a682665
127612 1 14 0 2 4 2 0 0 0  aaaa99995887a9775989aa459867a578644783a682663
127616 1 14 0 2 5 1 0 0 0  aaaa99995887a9774989aa639857a378464786a585626
127679 1 14 0 4 3 2 1 0 0  aaaa99997887a9774989aa579866a628657685a384534
127706 1 14 0 5 2 1 0 0 0  aaaa99995887a9774989aa449867a378657685a683625
127708 1 14 0 5 2 2 0 0 0  aaaa99995887a9775989aa459867a578637683a684624
127736 1 14 0 6 1 1 0 0 0  aaaa99995887a9777989aa549867a368663685a782445
127738 1 14 0 6 1 2 0 0 0  aaaa99995887a9777989aa459867a568665683a782443
127770 1 14 0 7 1 0 0 0 0  aaaa99995887a9774989aa739867a378666585a685442
127772 1 14 0 7 1 1 0 0 0  aaaa99995887a9774989aa739867a378666485a684525
127838 1 14 0 9 0 1 0 0 0  aaaa99995887a9664989aa639866a378777784a582554
127920 1 14 1 0 2 0 0 0 0  aaaa99995888a9774979aa839747a466673858a866525
127922 1 14 1 0 2 1 0 0 0  aaaa99995888a9775979aa849767a366673858a862454
127928 1 14 1 0 3 1 0 0 0  aaaa99995888a9774979aa839767a366576868a844552
127934 1 14 1 0 4 1 0 0 0  aaaa99995888a9774979aa839767a366676858a844552
127958 1 14 1 1 2 1 0 0 0  aaaa99995888a9777969aa849767a376644858a863552
127994 1 14 1 2 2 1 0 0 0  aaaa99995888a9777969aa849767a366573858a862454
127996 1 14 1 2 2 2 0 0 0  aaaa99995888a9777969aa859767a566475838a862434
128084 1 14 1 4 5 1 0 0 0  aaaa99995888a9777969aa849777a366663858a844552
128316 1 14 2 0 2 0 0 0 0  aaaa99995888a9774979aa839767a366672888a556454
128318 1 14 2 0 2 1 0 0 0  aaaa99995888a9775979aa849767a366673888a565442
128322 1 14 2 0 3 0 0 0 0  aaaa99995888a9774979aa839767a366672888a545564
128324 1 14 2 0 3 1 0 0 0  aaaa99995888a9775979aa849767a366673888a545624
128334 1 14 2 0 5 0 0 0 0  aaaa99995888a9774979aa839767a356572888a666454
128336 1 14 2 0 5 1 0 0 0  aaaa99995888a9774979aa839767a356575888a666442
128354 1 14 2 1 2 1 0 0 0  aaaa99995888a9777969aa849767a376644888a563552
128390 1 14 2 2 2 1 0 0 0  aaaa99995888a9777969aa849767a366573888a644552
128527 1 14 2 6 1 0 1 0 0  aaaa99995888a9666969aa849777a727655888a374534
128630 1 14 2 9 0 1 0 0 0  aaaa99995888a9664979aa879656a377773888a565442
128666 1 14 2 10 0 1 0 0 0  aaaa99995888a9664979aa839656a377777888a565442
128706 1 14 3 0 1 0 0 0 0  aaaa99995888a9774979aa839877a366672556a885446
128708 1 14 3 0 1 1 0 0 0  aaaa99995888a9774979aa839877a366672456a884556
128718 1 14 3 0 3 0 0 0 0  aaaa99995888a9774979aa839877a366672556a886454
128720 1 14 3 0 3 1 0 0 0  aaaa99995888a9775979aa849877a366673256a886454
128724 1 14 3 0 4 0 0 0 0  aaaa99995888a9774979aa839877a366676556a885442
128726 1 14 3 0 4 1 0 0 0  aaaa99995888a9774979aa839877a366676456a884552
128750 1 14 3 1 2 1 0 0 0  aaaa99995888a9777969aa849877a367644656a883552
128844 1 14 3 4 0 0 0 0 0  aaaa99995888a9777979aa849866a376763565a885442
128846 1 14 3 4 0 1 0 0 0  aaaa99995888a9777979aa849866a376763465a884525
128988 1 14 3 8 0 0 0 0 0  aaaa99995888a9664979aa879866a377763557a885442
128990 1 14 3 8 0 1 0 0 0  aaaa99995888a9664979aa879866a377763457a884552
129024 1 14 3 9 0 0 0 0 0  aaaa99995888a9664979aa879866a377773556a885442
129026 1 14 3 9 0 1 0 0 0  aaaa99995888a9664979aa879866a377773456a884552
129060 1 14 3 10 0 0 0 0 0  aaaa99995888a9664979aa839866a377777556a885442
129062 1 14 3 10 0 1 0 0 0  aaaa99995888a9664979aa839866a377777456a884552
129098 1 14 4 0 0 1 0 0 0  aaaa99995888a9774979aa839877a366572456a684856
129108 1 14 4 0 2 0 0 0 0  aaaa99996888a9776979aa849877a266576553a485843
129110 1 14 4 0 2 1 0 0 0  aaaa99995888a9774979aa839877a366476566a585842
129114 1 14 4 0 3 0 0 0 0  aaaa99995888a9774979aa839877a366476556a685842
129116 1 14 4 0 3 1 0 0 0  aaaa99995888a9774979aa839877a366576456a684852
129182 1 14 4 2 2 1 0 0 0  aaaa99995888a9777969aa849877a366474566a585832
129240 1 14 4 4 0 0 0 0 0  aaaa99995888a9777979aa849866a376763565a485842
129242 1 14 4 4 0 1 0 0 0  aaaa99995888a9777979aa849866a376763564a585824
129290 1 14 4 5 2 1 0 0 0  aaaa99995888a9777969aa849857a365763667a485842
129292 1 14 4 5 2 2 0 0 0  aaaa99995888a9777969aa859847a563765667a483842
129312 1 14 4 6 0 0 0 0 0  aaaa99995888a9664979aa839856a677267477a584853
129314 1 14 4 6 0 1 0 0 0  aaaa99995888a9664979aa839866a377467577a585842
129512 1 14 5 0 3 1 0 0 0  aaaa99995888a9774979aa889877a366673256a586454
129514 1 14 5 0 3 2 0 0 0  aaaa99995888a9775979aa889877a566675446a386432
129522 1 14 5 0 5 0 0 0 0  aaaa99995888a9774979aa889877a254675563a684663
129528 1 14 5 1 0 0 0 0 0  aaaa99994888a9777949aa889877a367654655a586632
129569 1 14 5 2 0 2 1 0 0  aaaa99995888a9777929aa889877a566475363a486645
129894 1 14 6 0 1 0 0 0 0  aaaa99996888a9774979aa839877a366672585a586445
129896 1 14 6 0 1 1 0 0 0  aaaa99995888a9774979aa839877a366672586a585446
129900 1 14 6 0 2 0 0 0 0  aaaa99995888a9774979aa839877a365676686a582454
129902 1 14 6 0 2 1 0 0 0  aaaa99995888a9774979aa839877a365676686a585442
129906 1 14 6 0 3 0 0 0 0  aaaa99995888a9774979aa839877a366672586a586454
129908 1 14 6 0 3 1 0 0 0  aaaa99995888a9775979aa849877a366673286a586454
129912 1 14 6 0 4 0 0 0 0  aaaa99995888a9774979aa839877a366676586a582454
129914 1 14 6 0 4 1 0 0 0  aaaa99995888a9774979aa839877a366676586a585442
129938 1 14 6 1 2 1 0 0 0  aaaa99995888a9777969aa849877a367644686a583552
129974 1 14 6 2 2 1 0 0 0  aaaa99995888a9777969aa849877a365673686a585442
130032 1 14 6 4 0 0 0 0 0  aaaa99994888a9777979aa839866a376756585a485642
130104 1 14 6 6 0 0 0 0 0  aaaa99995888a9664979aa839866a375767787a582454
130106 1 14 6 6 0 1 0 0 0  aaaa99995888a9664979aa839866a375767787a585442
130176 1 14 6 8 0 0 0 0 0  aaaa99995888a9664979aa879866a377763587a582454
130178 1 14 6 8 0 1 0 0 0  aaaa99995888a9664979aa879866a377763587a585442
130212 1 14 6 9 0 0 0 0 0  aaaa99995888a9664979aa879866a377773586a582454
130214 1 14 6 9 0 1 0 0 0  aaaa99995888a9664979aa879866a377773586a585442
130248 1 14 6 10 0 0 0 0 0  aaaa99995888a9664979aa839866a377777586a582454
130250 1 14 6 10 0 1 0 0 0  aaaa99995888a9664979aa839866a377777586a585442
130300 1 14 7 0 2 2 0 0 0  aaaa99994888a9877979aa839765a766673858a562454
130360 1 14 7 2 0 2 0 0 0  aaaa99996888a9866979aa849777a376563858a572454
130364 1 14 7 2 1 1 0 0 0  aaaa99996888a9844979aa849777a376663858a576525
130370 1 14 7 2 2 1 0 0 0  aaaa99995888a9854979aa839777a376662868a474565
130376 1 14 7 2 3 1 0 0 0  aaaa99995888a9844979aa849777a376663868a576552
130382 1 14 7 2 4 1 0 0 0  aaaa99995888a9844979aa849777a376666868a573552
130388 1 14 7 2 5 1 0 0 0  aaaa99995888a9844979aa849777a375655868a673662
130432 1 14 7 4 0 2 0 0 0  aaaa99996888a9866979aa849777a376573858a562454
130436 1 14 7 4 1 1 0 0 0  aaaa99995888a9864979aa839777a376676858a562454
130438 1 14 7 4 1 2 0 0 0  aaaa99995888a9865979aa859777a576676848a464332
130442 1 14 7 4 2 1 0 0 0  aaaa99995888a9844979aa849777a376676868a555632
130448 1 14 7 4 3 1 0 0 0  aaaa99995888a9844979aa849777a376676868a563552
130454 1 14 7 4 4 1 0 0 0  aaaa99995888a9844979aa849777a376573868a666552
130460 1 14 7 4 5 1 0 0 0  aaaa99995888a9844979aa849777a375673868a655662
130622 1 14 7 9 2 1 0 0 0  aaaa99994888a9844979aa879666a377773858a566525
130658 1 14 7 10 2 1 0 0 0  aaaa99994888a9844979aa839666a377777858a566525
130694 1 14 8 0 2 1 0 0 0  aaaa99994888a9773979aa839887a766576566a545824
130698 1 14 8 0 3 0 0 0 0  aaaa99994888a9773979aa839887a766672556a456845
130700 1 14 8 0 3 1 0 0 0  aaaa99994888a9773979aa839887a766672546a556845
130710 1 14 8 0 5 0 0 0 0  aaaa99995888a9774979aa829887a756475653a666843
130746 1 14 8 1 5 0 0 0 0  aaaa99996888a9777929aa869883a675756735a546844
130760 1 14 8 2 1 1 0 0 0  aaaa99995888a9777979aa849886a366763567a545824
130762 1 14 8 2 1 2 0 0 0  aaaa99995888a9777979aa859886a566765467a433842
130766 1 14 8 2 2 1 0 0 0  aaaa99994888a9777979aa839884a465766667a553852
130772 1 14 8 2 3 1 0 0 0  aaaa99994888a9777979aa839884a466763567a556852
130778 1 14 8 2 4 1 0 0 0  aaaa99994888a9777979aa839884a466766567a553852
130874 1 14 8 5 2 1 0 0 0  aaaa99995888a9777969aa849887a365763667a545824
130876 1 14 8 5 2 2 0 0 0  aaaa99995888a9777969aa859887a564765667a433842
130898 1 14 8 6 0 1 0 0 0  aaaa99994888a9663979aa839886a677567577a545824
130916 1 14 8 6 3 1 0 0 0  aaaa99994888a9666979aa839886a377567577a545824
130946 1 14 8 7 2 1 0 0 0  aaaa99997888a9777969aa849887a366474566a553852
131076 1 14 9 0 0 0 0 0 0  aaaa99995888a9774979aa839877a368672654a565864
131082 1 14 9 0 1 0 0 0 0  aaaa99995888a9774979aa839877a368676654a565824
131084 1 14 9 0 1 1 0 0 0  aaaa99995888a9774979aa839877a368676654a562854
131088 1 14 9 0 2 0 0 0 0  aaaa99995888a9774979aa839877a368676656a545824
131090 1 14 9 0 2 1 0 0 0  aaaa99995888a9774979aa839877a368676646a555842
131094 1 14 9 0 3 0 0 0 0  aaaa99995888a9774979aa839877a368676556a645824
131096 1 14 9 0 3 1 0 0 0  aaaa99995888a9774979aa839877a368676546a655842
131100 1 14 9 0 4 0 0 0 0  aaaa99995888a9774979aa839877a368576666a545824
131102 1 14 9 0 4 1 0 0 0  aaaa99995888a9774979aa839877a368476666a555842
131160 1 14 9 2 2 0 0 0 0  aaaa99995888a9777969aa849877a368673656a545824
131162 1 14 9 2 2 1 0 0 0  aaaa99995888a9777969aa849877a368673646a555842
131270 1 14 9 5 2 1 0 0 0  aaaa99995888a9777969aa849857a368763667a545824
131272 1 14 9 5 2 2 0 0 0  aaaa99995888a9777969aa859847a568765667a433842
131292 1 14 9 6 0 0 0 0 0  aaaa99995888a9664979aa839866a378767757a545824
131294 1 14 9 6 0 1 0 0 0  aaaa99995888a9664979aa839866a378767747a555842
131298 1 14 9 6 1 0 0 0 0  aaaa99995888a9666979aa849866a378747757a525834
131364 1 14 9 8 0 0 0 0 0  aaaa99995888a9664979aa879866a378773756a545824
131366 1 14 9 8 0 1 0 0 0  aaaa99995888a9664979aa879866a378773746a555842
131400 1 14 9 9 0 0 0 0 0  aaaa99995888a9664979aa839866a378777756a545824
131402 1 14 9 9 0 1 0 0 0  aaaa99995888a9664979aa839866a378777746a555842
131494 1 14 10 0 3 2 0 0 0  aaaa99994888a9877979aa839875a766673256a586454
131502 1 14 10 0 5 0 0 0 0  aaaa99995888a9877979aa849876a754675563a684623
131539 1 14 10 1 5 0 1 0 0  aaaa99995888a9855929aa849877a777654367a683664
131725 1 14 10 7 0 0 1 0 0  aaaa99997888a9866949aa869877a767464575a582335
132136 1 14 11 7 2 2 0 0 0  aaaa99998888a9883969aa589777a376652644a476575
132144 1 14 11 7 4 0 0 0 0  aaaa99998888a9883969aa689777a376656545a572474
132150 1 14 11 7 5 0 0 0 0  aaaa99998888a9883969aa589777a376666545a572474
132280 1 14 12 0 2 2 0 0 0  aaaa99994888a9877979aa839765a766673258a586454
132314 1 14 12 1 2 1 0 0 0  aaaa99994888a9844979aa879777a376663658a586525
132340 1 14 12 2 0 2 0 0 0  aaaa99996888a9866979aa849777a376563258a587454
132344 1 14 12 2 1 1 0 0 0  aaaa99994888a9844979aa839777a376566668a587525
132350 1 14 12 2 2 1 0 0 0  aaaa99994888a9844979aa839777a376566658a687525
132354 1 14 12 2 3 0 0 0 0  aaaa99995888a9844979aa849777a376663658a287565
132356 1 14 12 2 3 1 0 0 0  aaaa99994888a9844979aa839777a376662658a587565
132362 1 14 12 2 4 1 0 0 0  aaaa99994888a9844979aa839777a376666658a587525
132386 1 14 12 3 2 1 0 0 0  aaaa99994888a9844979aa839777a776663658a586525
132490 1 14 12 6 1 2 0 0 0  aaaa99996888a9835969aa869777a766735448a285745
132516 1 14 12 7 0 0 0 0 0  aaaa99996888a9866969aa859777a475465538a387742
132526 1 14 12 7 1 2 0 0 0  aaaa99996888a9835969aa869777a576635448a287745
132562 1 14 12 8 1 2 0 0 0  aaaa99996888a9835969aa869777a776635448a285745
132697 1 14 13 1 0 0 1 0 0  aaaa99995888a9874939aa889777a476673268a565546
132710 1 14 13 1 2 1 0 0 0  aaaa99995888a9874969aa889777a376673658a562454
132712 1 14 13 1 2 2 0 0 0  aaaa99995888a9875969aa889777a576675648a464332
132714 1 14 13 1 3 0 0 0 0  aaaa99995888a9874969aa889777a376673658a545624
132716 1 14 13 1 3 1 0 0 0  aaaa99995888a9874969aa889777a376673648a555642
132746 1 14 13 2 2 1 0 0 0  aaaa99994888a9844979aa889777a376663658a576525
132830 1 14 13 4 4 1 0 0 0  aaaa99994888a9844979aa889777a376576658a663525
132922 1 14 13 7 1 2 0 0 0  aaaa99996888a9835969aa889777a576635448a276475
132928 1 14 13 7 2 2 0 0 0  aaaa99995888a9845969aa889777a576635648a276473
133010 1 14 13 9 4 1 0 0 0  aaaa99994888a9844979aa889765a677773658a663525
133108 1 14 14 1 2 2 0 0 0  aaaa99994888a9853979aa779886a876663765a752445
133360 1 14 14 8 2 2 0 0 0  aaaa99994888a9853979aa579886a877744627a663565
133574 1 14 15 3 2 1 0 0 0  aaaa99995888a9674979aa889886a377744657a663552
133582 1 14 15 3 3 2 0 0 0  aaaa99994888a9573979aa889885a377762667a566454
133592 1 14 15 3 5 1 0 0 0  aaaa99995888a9674979aa889886a377744567a655632
133632 1 14 15 5 0 0 0 0 0  aaaa99995888a9777949aa889887a366743267a565564
133766 1 14 15 8 4 1 0 0 0  aaaa99994888a9663979aa889886a377752567a657445
133768 1 14 15 8 4 2 0 0 0  aaaa99995888a9665979aa889886a577745467a647332
133772 1 14 15 8 5 1 0 0 0  aaaa99994888a9653979aa889886a377744567a657625
133774 1 14 15 8 5 2 0 0 0  aaaa99995888a9645979aa889886a577735467a647623
133848 1 14 16 0 0 0 0 0 0  aaaa99995888a9773979aa889877a368672655a446654
133884 1 14 16 1 0 0 0 0 0  aaaa99995888a9777929aa889877a468655736a644536
133921 1 14 16 2 0 0 1 0 0  aaaa99994888a9777939aa889877a468673655a526645
133964 1 14 16 3 1 1 0 0 0  aaaa99995888a9664979aa889876a378773764a562554
133982 1 14 16 3 4 1 0 0 0  aaaa99995888a9664979aa889876a378773765a652445
133984 1 14 16 3 4 2 0 0 0  aaaa99995888a9665979aa889876a578775764a644332
133988 1 14 16 3 5 1 0 0 0  aaaa99995888a9654979aa889876a378773765a644625
133990 1 14 16 3 5 2 0 0 0  aaaa99995888a9645979aa889876a578775763a644623
134216 1 14 16 10 1 1 0 0 0  aaaa99995888a9754969aa889867a368763675a744725
134218 1 14 16 10 1 2 0 0 0  aaaa99995888a9745969aa889867a568765673a744723
134228 1 14 16 10 3 1 0 0 0  aaaa99995888a9764969aa889857a368763674a755724
134352 1 14 17 3 0 0 0 0 0  aaaa99995888a9874979aa889866a377763567a562454
134354 1 14 17 3 0 1 0 0 0  aaaa99995888a9874979aa889866a377763567a565442
134378 1 14 17 3 4 1 0 0 0  aaaa99994888a9873979aa889865a677744657a663525
134546 1 14 17 8 2 1 0 0 0  aaaa99994888a9853979aa889876a377744657a662565
134548 1 14 17 8 2 2 0 0 0  aaaa99995888a9845979aa889876a577735647a662463
134658 1 14 18 0 3 0 0 0 0  aaaa99995888a9884979aa739885a576663674a577264
134660 1 14 18 0 3 1 0 0 0  aaaa99995888a9884979aa739886a376662674a577554
134670 1 14 18 0 5 0 0 0 0  aaaa99995888a9884979aa739886a375645572a677664
134690 1 14 18 1 2 1 0 0 0  aaaa99995888a9884979aa779886a376663765a752445
134692 1 14 18 1 2 2 0 0 0  aaaa99995888a9885979aa779886a576665764a744332
134732 1 14 18 2 3 1 0 0 0  aaaa99995888a9884979aa779886a376663674a572554
134742 1 14 18 2 5 0 0 0 0  aaaa99995888a9884979aa779886a375645572a673664
134762 1 14 18 3 2 1 0 0 0  aaaa99995888a9883979aa739886a277744666a555467
134768 1 14 18 3 3 1 0 0 0  aaaa99995888a9883979aa739886a277744666a546557
134774 1 14 18 3 4 1 0 0 0  aaaa99995888a9883979aa739886a277744654a666557
134780 1 14 18 3 5 1 0 0 0  aaaa99995888a9883979aa739886a277744564a655667
134844 1 14 18 5 4 0 0 0 0  aaaa99995888a9884979aa779886a377545652a666734
134922 1 14 18 7 5 0 0 0 0  aaaa99997888a9885979aa779886a475645562a673634
134942 1 14 18 8 2 1 0 0 0  aaaa99994888a9883979aa579886a377744657a662565
134944 1 14 18 8 2 2 0 0 0  aaaa99995888a9885979aa479886a577735647a662463
135080 1 14 19 1 1 1 0 0 0  aaaa99995888a9864979aa839877a778663765a652445
135082 1 14 19 1 1 2 0 0 0  aaaa99995888a9865979aa859877a778665764a644332
135088 1 14 19 1 2 2 0 0 0  aaaa99994888a9853979aa839877a778666765a652445
135100 1 14 19 1 4 2 0 0 0  aaaa99994888a9853979aa839877a778656765a644625
135106 1 14 19 1 5 2 0 0 0  aaaa99994888a9853979aa839877a778652765a644665
135122 1 14 19 2 2 1 0 0 0  aaaa99995888a9864969aa839877a768763757a562454
135124 1 14 19 2 2 2 0 0 0  aaaa99995888a9865969aa859877a768765747a464332
135194 1 14 19 4 2 1 0 0 0  aaaa99995888a9854969aa839877a778663767a652445
135196 1 14 19 4 2 2 0 0 0  aaaa99995888a9845969aa859877a778665767a644332
135452 1 14 20 0 3 1 0 0 0  aaaa99995888a9884979aa789876a376663674a572554
135462 1 14 20 0 5 0 0 0 0  aaaa99995888a9884979aa789876a375645572a673664
135612 1 14 20 5 0 0 0 0 0  aaaa99994888a9883969aa689877a767553765a464752
135848 1 14 21 0 3 1 0 0 0  aaaa99995888a9888979aa749876a376663674a572554
135858 1 14 21 0 5 0 0 0 0  aaaa99995888a9888979aa749876a375645572a673664
136224 1 14 22 0 0 0 0 0 0  aaaa99995778a9664989aa739766a388888576a572454
136226 1 14 22 0 0 1 0 0 0  aaaa99995778a9664989aa739766a388888576a575442
136274 1 14 22 1 2 1 0 0 0  aaaa99994778a9744989aa739666a388888757a566525
136506 1 14 22 7 5 0 0 0 0  aaaa99995778a9764989aa739754a588888526a763646
136981 1 15 0 10 0 0 1 0 0  aaaa99988686a9784999aa646287a985758576a733745
137077 1 15 1 1 4 0 1 0 0  aaaa99988888a9777999aa827567a976666534a548534
137134 1 15 1 3 1 2 0 0 0  aaaa99988888a9573999aa837777a966672456a548456
137266 1 15 1 6 5 2 0 0 0  aaaa99988888a9625999aa857777a944677364a638655
137338 1 15 1 8 5 2 0 0 0  aaaa99988888a9625999aa857777a943647467a638655
137374 1 15 1 9 5 2 0 0 0  aaaa99988888a9625999aa857447a977677364a638655
137410 1 15 1 10 5 2 0 0 0  aaaa99988888a9625999aa857446a977777364a638655
137497 1 15 2 2 2 0 1 0 0  aaaa99975888a9777999aa847267a966655888a364534
137498 1 15 2 2 2 1 0 0 0  aaaa99975888a9777999aa847267a966644888a563553
137522 1 15 2 3 0 1 0 0 0  aaaa99975888a9664999aa837777a965673888a565442
137597 1 15 2 5 0 2 1 0 0  aaaa99975888a9777999aa856367a934765888a644256
137671 1 15 2 7 1 0 1 0 0  aaaa99974888a9777999aa876667a925654888a533645
137809 1 15 3 0 0 0 1 0 0  aaaa99988888a9774999aa843877a976673656a554265
138212 1 15 4 0 1 1 0 0 0  aaaa99985888a9774999aa836877a976673656a582454
138214 1 15 4 0 1 2 0 0 0  aaaa99985888a9775999aa856877a976675646a484332
138222 1 15 4 0 3 0 0 0 0  aaaa99985888a9774999aa836877a976673654a585624
138224 1 15 4 0 3 1 0 0 0  aaaa99985888a9774999aa836877a976673654a582654
138281 1 15 4 2 0 2 1 0 0  aaaa99985888a9777999aa852877a966475363a486645
138332 1 15 4 3 3 1 0 0 0  aaaa99985888a9744999aa847867a977673666a583552
138348 1 15 4 4 0 0 0 0 0  aaaa99985888a9777999aa837877a966545464a586632
138601 1 15 5 0 0 0 1 0 0  aaaa99984888a9774999aa883877a976673656a554265
138997 1 15 6 0 0 0 1 0 0  aaaa99985888a9774999aa843877a976673862a565546
139000 1 15 6 0 0 2 0 0 0  aaaa99985888a9775999aa852877a976675864a463436
139001 1 15 6 0 0 2 1 0 0  aaaa99985888a9775999aa853877a976673862a465446
139004 1 15 6 0 1 1 0 0 0  aaaa99985888a9774999aa836877a976673856a562454
139006 1 15 6 0 1 2 0 0 0  aaaa99985888a9775999aa856877a976675846a464332
139016 1 15 6 0 3 1 0 0 0  aaaa99985888a9774999aa836877a976673864a562554
139068 1 15 6 2 0 0 0 0 0  aaaa99985888a9777999aa842877a966575863a464563
139118 1 15 6 3 2 1 0 0 0  aaaa99985888a9754999aa837867a977673865a662445
139120 1 15 6 3 2 2 0 0 0  aaaa99985888a9745999aa857867a977675863a662443
139189 1 15 6 5 2 0 1 0 0  aaaa99985888a9777999aa846827a966755837a664534
139286 1 15 6 8 0 1 0 0 0  aaaa99984888a9663999aa837867a977567857a644525
139322 1 15 6 9 0 1 0 0 0  aaaa99984888a9663999aa837867a977577856a644525
139788 1 15 8 0 0 0 0 0 0  aaaa99985888a9774999aa837887a966545767a563264
139802 1 15 8 0 2 1 0 0 0  aaaa99984888a9773999aa837887a966644757a566525
139968 1 15 8 5 0 0 0 0 0  aaaa99985888a9777999aa834887a966743267a565564
140006 1 15 8 6 0 1 0 0 0  aaaa99984888a9663999aa837885a977567677a644525
140222 1 15 9 1 0 1 0 0 0  aaaa99984888a9777999aa837857a978663665a552446
140257 1 15 9 2 0 0 1 0 0  aaaa99984888a9777999aa843877a968673655a526645
140294 1 15 9 3 0 1 0 0 0  aaaa99985888a9663999aa837875a978772664a447556
140296 1 15 9 3 0 2 0 0 0  aaaa99985888a9665999aa857874a978775662a447336
140318 1 15 9 3 4 1 0 0 0  aaaa99985888a9664999aa837876a978773265a657445
140320 1 15 9 3 4 2 0 0 0  aaaa99985888a9665999aa857876a978775464a637423
140324 1 15 9 3 5 1 0 0 0  aaaa99985888a9644999aa847876a978773265a657635
140326 1 15 9 3 5 2 0 0 0  aaaa99985888a9645999aa857876a978775464a637623
140552 1 15 9 10 1 1 0 0 0  aaaa99985888a9744999aa846867a968763275a756735
140554 1 15 9 10 1 2 0 0 0  aaaa99985888a9745999aa856867a968765474a736723
140574 1 15 9 10 5 0 0 0 0  aaaa99985888a9763999aa835857a948765476a764726
140590 1 15 10 0 1 2 0 0 0  aaaa99983888a9877999aa837845a966672756a547456
140634 1 15 10 1 3 0 0 0 0  aaaa99985888a9874999aa837877a976663657a545264
140674 1 15 10 2 3 2 0 0 0  aaaa99985888a9835999aa857877a976665647a447362
140732 1 15 10 4 1 1 0 0 0  aaaa99984888a9873999aa837877a966576567a545624
140738 1 15 10 4 2 1 0 0 0  aaaa99985888a9874999aa837877a966673257a566454
140740 1 15 10 4 2 2 0 0 0  aaaa99985888a9875999aa857877a966675447a366432
140842 1 15 10 7 1 2 0 0 0  aaaa99986888a9825999aa857877a976665434a476375
140848 1 15 10 7 2 2 0 0 0  aaaa99985888a9835999aa857877a976665644a476372
140852 1 15 10 7 3 1 0 0 0  aaaa99984888a9844999aa837877a976663565a276575
140854 1 15 10 7 3 2 0 0 0  aaaa99985888a9835999aa857877a976665464a476372
140862 1 15 10 7 5 0 0 0 0  aaaa99985888a9863999aa837877a975465526a474676
140981 1 15 11 0 0 2 1 0 0  aaaa99958888a9884999aa587766a927654676a373574
141007 1 15 11 0 5 0 1 0 0  aaaa99968888a9884999aa687755a927564576a373674
141066 1 15 11 2 3 0 0 0 0  aaaa99968888a9884999aa587775a966762467a554373
141138 1 15 11 4 3 0 0 0 0  aaaa99948888a9884999aa387775a966762565a536774
141150 1 15 11 4 5 0 0 0 0  aaaa99958888a9885999aa387774a946755643a666772
141234 1 15 11 7 1 0 0 0 0  aaaa99958888a9884999aa487776a966763567a527534
141416 1 15 12 1 1 1 0 0 0  aaaa99985888a9874999aa837776a966763568a545724
141418 1 15 12 1 1 2 0 0 0  aaaa99985888a9875999aa857776a966765468a433742
141422 1 15 12 1 2 1 0 0 0  aaaa99984888a9873999aa837775a965766668a545724
141426 1 15 12 1 3 0 0 0 0  aaaa99985888a9874999aa837772a966763568a546754
141428 1 15 12 1 3 1 0 0 0  aaaa99984888a9873999aa837774a966762568a556745
141434 1 15 12 1 4 1 0 0 0  aaaa99984888a9873999aa837775a966766568a545724
141446 1 15 12 2 0 1 0 0 0  aaaa99985888a9874999aa837776a965673678a565442
141458 1 15 12 2 2 1 0 0 0  aaaa99984888a9873999aa837775a966672578a566454
141460 1 15 12 2 2 2 0 0 0  aaaa99985888a9875999aa857774a966675478a466332
141488 1 15 12 3 1 1 0 0 0  aaaa99984888a9873999aa837777a966576568a545624
141494 1 15 12 3 2 1 0 0 0  aaaa99985888a9874999aa837777a966673258a566454
141496 1 15 12 3 2 2 0 0 0  aaaa99985888a9875999aa857777a966675448a366432
141520 1 15 12 4 0 2 0 0 0  aaaa99986888a9866999aa847773a965762538a545774
141524 1 15 12 4 1 1 0 0 0  aaaa99984888a9844999aa837776a966763568a552775
141576 1 15 12 5 4 0 0 0 0  aaaa99984888a9855999aa837775a926677678a466543
141578 1 15 12 5 4 1 0 0 0  aaaa99984888a9844999aa837775a926677678a566535
141636 1 15 12 7 2 0 0 0 0  aaaa99984888a9855999aa837775a966476278a667543
141638 1 15 12 7 2 1 0 0 0  aaaa99984888a9844999aa837775a966576278a667535
142246 1 15 14 2 1 2 0 0 0  aaaa99954888a9783999aa537888a977666675a672445
142264 1 15 14 2 4 2 0 0 0  aaaa99954888a9783999aa537888a977644675a672665
142268 1 15 14 2 5 1 0 0 0  aaaa99965888a9784999aa637888a977464576a575632
142286 1 15 14 3 2 1 0 0 0  aaaa99974888a9683999aa537888a977744657a662565
142288 1 15 14 3 2 2 0 0 0  aaaa99975888a9685999aa457888a977735647a662463
142318 1 15 14 4 1 2 0 0 0  aaaa99954888a9783999aa537888a977666675a644725
142336 1 15 14 4 4 2 0 0 0  aaaa99954888a9783999aa537888a977644675a666725
142340 1 15 14 4 5 1 0 0 0  aaaa99965888a9784999aa637888a977464576a565732
142360 1 15 14 5 2 2 0 0 0  aaaa99954888a9683999aa537888a977666277a657445
142372 1 15 14 5 4 2 0 0 0  aaaa99954888a9686999aa537888a977644277a657635
142378 1 15 14 5 5 2 0 0 0  aaaa99954888a9683999aa537888a977644277a657665
142396 1 15 14 6 2 2 0 0 0  aaaa99954888a9683999aa537888a977657677a662445
142447 1 15 14 7 5 0 1 0 0  aaaa99965888a9784999aa643888a977763557a267654
142449 1 15 14 7 5 1 1 0 0  aaaa99965888a9784999aa643888a977763257a567654
142450 1 15 14 7 5 2 0 0 0  aaaa99965888a9785999aa652888a977765347a367644
142451 1 15 14 7 5 2 1 0 0  aaaa99965888a9785999aa653888a977763247a467645
142468 1 15 14 8 2 2 0 0 0  aaaa99954888a9683999aa537888a977744627a667565
142480 1 15 14 8 4 2 0 0 0  aaaa99954888a9686999aa537888a977744267a657635
142486 1 15 14 8 5 2 0 0 0  aaaa99954888a9683999aa537888a977744267a657665
142504 1 15 14 9 2 2 0 0 0  aaaa99954888a9683999aa447888a977757627a663565
142813 1 15 15 7 0 0 1 0 0  aaaa99974888a9777999aa883887a966357565a564264
143092 1 15 16 3 4 2 0 0 0  aaaa99954888a9663999aa887876a978773265a657445
143098 1 15 16 3 5 2 0 0 0  aaaa99954888a9644999aa887876a978773265a657635
143239 1 15 16 7 5 0 1 0 0  aaaa99972888a9777999aa885867a958347654a666534
143326 1 15 16 10 1 2 0 0 0  aaaa99954888a9744999aa886867a968763275a756735
143346 1 15 16 10 5 0 0 0 0  aaaa99965888a9763999aa885857a948765476a764732
143351 1 15 16 10 5 2 1 0 0  aaaa99965888a9765999aa883847a938765476a764752
143446 1 15 17 2 3 2 0 0 0  aaaa99953888a9853999aa887877a976662647a447565
143614 1 15 17 7 1 2 0 0 0  aaaa99956888a9853999aa887877a976663445a276475
143620 1 15 17 7 2 2 0 0 0  aaaa99953888a9853999aa887877a976662644a476575
143626 1 15 17 7 3 2 0 0 0  aaaa99953888a9853999aa887877a976662465a476475
143634 1 15 17 7 5 0 0 0 0  aaaa99965888a9863999aa887877a975465526a474673
143848 1 15 18 2 4 2 0 0 0  aaaa99954888a9883999aa537887a977644627a666575
143852 1 15 18 2 5 1 0 0 0  aaaa99965888a9883999aa637887a977464547a565672
143878 1 15 18 3 3 2 0 0 0  aaaa99954888a9883999aa447887a977673666a256575
143884 1 15 18 3 4 2 0 0 0  aaaa99954888a9883999aa447887a977673625a666575
143888 1 15 18 3 5 1 0 0 0  aaaa99965888a9883999aa637887a977474546a565672
143920 1 15 18 4 4 2 0 0 0  aaaa99954888a9883999aa537887a977644625a666775
143924 1 15 18 4 5 1 0 0 0  aaaa99965888a9883999aa637887a977464546a565772
143974 1 15 18 6 1 2 0 0 0  aaaa99956888a9883999aa537884a977447677a662565
143980 1 15 18 6 2 2 0 0 0  aaaa99954888a9883999aa537886a977657677a662445
144016 1 15 18 7 2 2 0 0 0  aaaa99954888a9883999aa537887a977666267a657445
144028 1 15 18 7 4 2 0 0 0  aaaa99954888a9883999aa447887a977656267a657635
144034 1 15 18 7 5 2 0 0 0  aaaa99954888a9883999aa537887a977644267a657665
144052 1 15 18 8 2 2 0 0 0  aaaa99954888a9883999aa447887a977657627a663565
144161 1 15 19 0 2 2 1 0 0  aaaa99977888a9854999aa847826a968676735a657534
144171 1 15 19 0 4 1 1 0 0  aaaa99977888a9855999aa847866a928674765a357634
144177 1 15 19 0 5 1 1 0 0  aaaa99977888a9855999aa847826a938673765a657644
144179 1 15 19 0 5 2 1 0 0  aaaa99977888a9854999aa847826a938673765a657645
144232 1 15 19 2 2 2 0 0 0  aaaa99954888a9853999aa837877a978666267a657445
144244 1 15 19 2 4 2 0 0 0  aaaa99954888a9844999aa837877a978656267a657635
144250 1 15 19 2 5 2 0 0 0  aaaa99954888a9853999aa837877a978644267a657665
144262 1 15 19 3 1 2 0 0 0  aaaa99956888a9853999aa837874a978772666a447565
144268 1 15 19 3 2 2 0 0 0  aaaa99954888a9844999aa837876a978773666a257565
144280 1 15 19 3 4 2 0 0 0  aaaa99954888a9844999aa837876a978773266a657565
144286 1 15 19 3 5 2 0 0 0  aaaa99954888a9844999aa837876a978773265a657665
144288 1 15 19 4 0 0 0 0 0  aaaa99975888a9873999aa837877a968672655a446654
144340 1 15 19 5 2 2 0 0 0  aaaa99954888a9844999aa837877a978673666a257565
144352 1 15 19 5 4 2 0 0 0  aaaa99954888a9844999aa837877a978676265a657635
144358 1 15 19 5 5 2 0 0 0  aaaa99954888a9844999aa837877a978673265a657665
144396 1 15 19 7 0 0 0 0 0  aaaa99966888a9856999aa837877a978663545a572474
144428 1 15 19 7 5 1 0 0 0  aaaa99965888a9863999aa837877a978464546a575672
144448 1 15 19 8 2 2 0 0 0  aaaa99954888a9844999aa837876a978757627a663565
144514 1 15 19 10 1 2 0 0 0  aaaa99954888a9844999aa836867a968763275a756775
144534 1 15 19 10 5 0 0 0 0  aaaa99965888a9863999aa835857a948765476a764772
144620 1 15 20 2 1 1 0 0 0  aaaa99964888a9883999aa587877a976646257a567534
144622 1 15 20 2 1 2 0 0 0  aaaa99963888a9883999aa587877a976656447a267545
144634 1 15 20 2 3 2 0 0 0  aaaa99953888a9883999aa587877a976662647a447565
144802 1 15 20 7 1 2 0 0 0  aaaa99956888a9883999aa587877a976663445a276475
144808 1 15 20 7 2 2 0 0 0  aaaa99953888a9883999aa587877a976662644a476575
144814 1 15 20 7 3 2 0 0 0  aaaa99953888a9883999aa587877a976662465a476475
144822 1 15 20 7 5 0 0 0 0  aaaa99965888a9883999aa687877a975465526a474673
145030 1 15 21 2 3 2 0 0 0  aaaa99953888a9888999aa537877a976662647a447565
145198 1 15 21 7 1 2 0 0 0  aaaa99956888a9888999aa537877a976663445a276475
145204 1 15 21 7 2 2 0 0 0  aaaa99953888a9888999aa537877a976662644a476575
145210 1 15 21 7 3 2 0 0 0  aaaa99953888a9888999aa537877a976662465a476475
145218 1 15 21 7 5 0 0 0 0  aaaa99965888a9888999aa637877a975465526a474673
145606 1 15 22 7 3 2 0 0 0  aaaa99954778a9753999aa738762a988888666a744565
145614 1 15 22 7 5 0 0 0 0  aaaa99965778a9763999aa738755a988888446a765642
145727 1 15 22 10 5 2 1 0 0  aaaa99965248a9765999aa658447a988888376a763775
145846 1 16 0 3 1 2 0 0 0  aaaa99988278a9598899aa867987a776664754a536354
145871 1 16 0 3 5 2 1 0 0  aaaa99988278a9698899aa847987a773654765a653645
145979 1 16 0 6 5 2 1 0 0  aaaa99988278a9698899aa847987a777654365a653645
146086 1 16 0 9 5 2 0 0 0  aaaa99988278a9698899aa857986a577775364a635644
146087 1 16 0 9 5 2 1 0 0  aaaa99988278a9698899aa857986a577775463a644653
146278 1 16 1 4 1 2 0 0 0  aaaa99988888a9597799aa877975a266644356a538476
146334 1 16 1 5 5 0 0 0 0  aaaa99988888a9695799aa877976a475745563a638624
146406 1 16 1 7 5 0 0 0 0  aaaa99988888a9695799aa877976a475645563a738624
146442 1 16 1 8 5 0 0 0 0  aaaa99988888a9695799aa877977a475645563a638624
146478 1 16 1 9 5 0 0 0 0  aaaa99988888a9695799aa847977a775645563a638624
146555 1 16 2 0 5 2 1 0 0  aaaa99977888a9797299aa847965a436573888a666554
146740 1 16 2 6 0 2 0 0 0  aaaa99966888a9596799aa847977a376573888a562454
146744 1 16 2 6 1 1 0 0 0  aaaa99965888a9594799aa837977a376676888a562454
146746 1 16 2 6 1 2 0 0 0  aaaa99965888a9495799aa857977a576676888a464332
146750 1 16 2 6 2 1 0 0 0  aaaa99945888a9694799aa837977a376676888a555624
146756 1 16 2 6 3 1 0 0 0  aaaa99945888a9694799aa837977a376676888a562554
146762 1 16 2 6 4 1 0 0 0  aaaa99945888a9694799aa837977a376572888a666554
146768 1 16 2 6 5 1 0 0 0  aaaa99945888a9694799aa837977a375672888a655664
146786 1 16 2 7 2 1 0 0 0  aaaa99954888a9695799aa877976a376663888a752445
146788 1 16 2 7 2 2 0 0 0  aaaa99945888a9695799aa877976a576665888a744332
147310 1 16 3 10 5 2 0 0 0  aaaa99988888a9695299aa857986a577777364a635644
147311 1 16 3 10 5 2 1 0 0  aaaa99988888a9695299aa857986a577777463a644653
147524 1 16 4 5 5 1 0 0 0  aaaa99985888a9694799aa877987a377644568a655632
147560 1 16 4 6 5 1 0 0 0  aaaa99985888a9694799aa837987a777644568a655632
147582 1 16 4 7 3 0 0 0 0  aaaa99985888a9794799aa877987a376663658a545264
147618 1 16 4 8 3 0 0 0 0  aaaa99985888a9794799aa837987a776663658a545264
147644 1 16 4 9 1 1 0 0 0  aaaa99985888a9694799aa837985a377772668a566454
147646 1 16 4 9 1 2 0 0 0  aaaa99985888a9695799aa857984a577772668a366434
147648 1 16 4 9 2 0 0 0 0  aaaa99985888a9694799aa837985a577773658a662464
147650 1 16 4 9 2 1 0 0 0  aaaa99985888a9695799aa847986a377773658a662454
147658 1 16 4 9 3 2 0 0 0  aaaa99986888a9594799aa837985a377772668a566454
147662 1 16 4 9 4 1 0 0 0  aaaa99985888a9694799aa837985a377772658a666454
147664 1 16 4 9 4 2 0 0 0  aaaa99985888a9695799aa857984a577772638a666434
147666 1 16 4 9 5 0 0 0 0  aaaa99985888a9694799aa837986a377772568a454665
147668 1 16 4 9 5 1 0 0 0  aaaa99985888a9695799aa847986a377773568a645624
147758 1 16 5 1 2 1 0 0 0  aaaa99985888a9694799aa887987a376663764a572554
147774 1 16 5 1 5 0 0 0 0  aaaa99985888a9694799aa887987a374655765a674632
147776 1 16 5 1 5 1 0 0 0  aaaa99985888a9694799aa887987a375655764a673624
147782 1 16 5 2 0 1 0 0 0  aaaa99984888a9793799aa887987a376644765a562556
147888 1 16 5 5 0 0 0 0 0  aaaa99985888a9794799aa887987a377663665a455246
147967 1 16 5 7 1 0 1 0 0  aaaa99987888a9796299aa887987a776665554a346354
147968 1 16 5 7 1 1 0 0 0  aaaa99987888a9796299aa887987a776664555a346354
147969 1 16 5 7 1 1 1 0 0  aaaa99987888a9796299aa887987a776665354a536454
147970 1 16 5 7 1 2 0 0 0  aaaa99987888a9796299aa887987a776664354a536554
147971 1 16 5 7 1 2 1 0 0  aaaa99987888a9793299aa887987a776646656a543554
147974 1 16 5 7 2 1 0 0 0  aaaa99987888a9795299aa887987a776664654a536354
147976 1 16 5 7 2 2 0 0 0  aaaa99987888a9795299aa887987a776665644a436355
147980 1 16 5 7 3 1 0 0 0  aaaa99987888a9793299aa887987a776663645a555464
148102 1 16 5 10 5 2 0 0 0  aaaa99985888a9695299aa887986a577777364a635644
148103 1 16 5 10 5 2 1 0 0  aaaa99985888a9695299aa887986a577777463a644653
148312 1 16 6 5 4 2 0 0 0  aaaa99984888a9696799aa877987a377653865a652445
148316 1 16 6 5 5 1 0 0 0  aaaa99985888a9694799aa877987a377653865a644625
148318 1 16 6 5 5 2 0 0 0  aaaa99985888a9695799aa877987a577645863a644623
148348 1 16 6 6 4 2 0 0 0  aaaa99984888a9696799aa837987a777653865a652445
148352 1 16 6 6 5 1 0 0 0  aaaa99985888a9694799aa837987a777653865a644625
148354 1 16 6 6 5 2 0 0 0  aaaa99985888a9695799aa857987a777645863a644623
148358 1 16 6 7 0 1 0 0 0  aaaa99984888a9793799aa877987a376644865a562556
148394 1 16 6 8 0 1 0 0 0  aaaa99984888a9793799aa837987a776644865a562556
148448 1 16 6 9 3 1 0 0 0  aaaa99985888a9694799aa837985a377772856a666454
148450 1 16 6 9 3 2 0 0 0  aaaa99985888a9695799aa857984a577772836a666434
148454 1 16 6 9 4 1 0 0 0  aaaa99985888a9696799aa847986a377773865a652445
148456 1 16 6 9 4 2 0 0 0  aaaa99985888a9696799aa857986a577775864a644332
148458 1 16 6 9 5 0 0 0 0  aaaa99985888a9694799aa837986a377772865a655464
148460 1 16 6 9 5 1 0 0 0  aaaa99985888a9695799aa847986a377773864a655624
148523 1 16 7 0 3 2 1 0 0  aaaa99988888a9894799aa877966a676354265a757534
148716 1 16 7 6 0 0 0 0 0  aaaa99988888a9895799aa847977a376673656a545264
148946 1 16 8 1 2 1 0 0 0  aaaa99985888a9694799aa837988a776663765a752445
148948 1 16 8 1 2 2 0 0 0  aaaa99985888a9695799aa857988a776665764a744332
149156 1 16 8 7 1 1 0 0 0  aaaa99985888a9594799aa837988a377666674a672554
149160 1 16 8 7 2 0 0 0 0  aaaa99985888a9694799aa837988a377666575a675442
149162 1 16 8 7 2 1 0 0 0  aaaa99985888a9694799aa837988a377666475a674525
149166 1 16 8 7 3 0 0 0 0  aaaa99985888a9694799aa837988a377666576a572454
149168 1 16 8 7 3 1 0 0 0  aaaa99985888a9694799aa837988a377666576a575442
149174 1 16 8 7 4 1 0 0 0  aaaa99985888a9696799aa847988a377653475a674625
149180 1 16 8 7 5 1 0 0 0  aaaa99985888a9694799aa837988a377652475a674665
149192 1 16 8 8 1 1 0 0 0  aaaa99985888a9694799aa837988a377744667a566552
149196 1 16 8 8 2 0 0 0 0  aaaa99985888a9694799aa837988a377744657a662565
149198 1 16 8 8 2 1 0 0 0  aaaa99985888a9695799aa837988a377755647a662464
149204 1 16 8 8 3 1 0 0 0  aaaa99985888a9594799aa837988a377762667a566454
149206 1 16 8 8 3 2 0 0 0  aaaa99985888a9495799aa857988a577762667a366434
149210 1 16 8 8 4 1 0 0 0  aaaa99985888a9694799aa837988a377744657a666552
149216 1 16 8 8 5 1 0 0 0  aaaa99985888a9694799aa837988a377744567a655662
149428 1 16 9 3 4 2 0 0 0  aaaa99984888a9696799aa837987a787653765a652445
149432 1 16 9 3 5 1 0 0 0  aaaa99985888a9694799aa837987a787653765a644625
149434 1 16 9 3 5 2 0 0 0  aaaa99985888a9695799aa857987a787645763a644623
149544 1 16 9 7 0 0 0 0 0  aaaa99985888a9794799aa877987a387663665a455246
149580 1 16 9 8 0 0 0 0 0  aaaa99985888a9794799aa837987a787663665a455246
149660 1 16 9 10 1 1 0 0 0  aaaa99985888a9794699aa836987a686753675a744725
149662 1 16 9 10 1 2 0 0 0  aaaa99985888a9795699aa856987a686745673a744723
149718 1 16 10 0 5 0 0 0 0  aaaa99985888a9894799aa877986a275645563a737664
149798 1 16 10 3 0 1 0 0 0  aaaa99984888a9893799aa837987a776644765a562556
149868 1 16 10 5 0 0 0 0 0  aaaa99985888a9894799aa877987a377663665a455246
149904 1 16 10 6 0 0 0 0 0  aaaa99985888a9894799aa837987a777663665a455246
149942 1 16 10 7 0 1 0 0 0  aaaa99984888a9893799aa877987a376652656a744565
149944 1 16 10 7 0 2 0 0 0  aaaa99985888a9895799aa877987a576645636a744362
149960 1 16 10 7 3 1 0 0 0  aaaa99985888a9894799aa877987a376663625a744565
149962 1 16 10 7 3 2 0 0 0  aaaa99985888a9895799aa877987a576665644a742363
149970 1 16 10 7 5 0 0 0 0  aaaa99985888a9894799aa877987a375465526a763646
149978 1 16 10 8 0 1 0 0 0  aaaa99984888a9893799aa837987a776652656a744565
149980 1 16 10 8 0 2 0 0 0  aaaa99985888a9895799aa857987a776645636a744362
149996 1 16 10 8 3 1 0 0 0  aaaa99985888a9894799aa837987a776663625a744565
149998 1 16 10 8 3 2 0 0 0  aaaa99985888a9895799aa857987a776665644a742363
150000 0 16 10 8 4 0 0 0 0  aaaa99984888a9893799aa837987a776666655a752454
150006 1 16 10 8 5 0 0 0 0  aaaa99985888a9894799aa837987a775465526a763646
150107 1 16 11 0 3 2 1 0 0  aaaa99984888a9898799aa877966a676354265a757534
150300 1 16 11 6 0 0 0 0 0  aaaa99985888a9898799aa847977a376673656a545264
150482 1 16 12 0 0 1 0 0 0  aaaa99985888a9893799aa877966a376562468a747554
150696 1 16 12 6 0 0 0 0 0  aaaa99986888a9895799aa847977a376673568a546254
150698 1 16 12 6 0 1 0 0 0  aaaa99985888a9894799aa837977a376672568a565446
150704 1 16 12 6 1 1 0 0 0  aaaa99986888a9894799aa837977a376576658a644525
150710 1 16 12 6 2 1 0 0 0  aaaa99985888a9894799aa837977a376676658a562454
150712 1 16 12 6 2 2 0 0 0  aaaa99985888a9895799aa857977a576676648a464332
150714 1 16 12 6 3 0 0 0 0  aaaa99985888a9894799aa837977a376676658a545624
150716 1 16 12 6 3 1 0 0 0  aaaa99985888a9894799aa837977a376676648a555642
150722 1 16 12 6 4 1 0 0 0  aaaa99985888a9894799aa837977a376576658a662454
150724 1 16 12 6 4 2 0 0 0  aaaa99985888a9895799aa857977a576476638a662434
150728 1 16 12 6 5 1 0 0 0  aaaa99985888a9894799aa837977a376572658a666454
150730 1 16 12 6 5 2 0 0 0  aaaa99985888a9895799aa857977a576474648a666332
150752 1 16 12 7 3 1 0 0 0  aaaa99985888a9894799aa877976a376663658a744552
150786 1 16 12 8 3 0 0 0 0  aaaa99985888a9894799aa877977a376663658a545264
150822 1 16 12 9 3 0 0 0 0  aaaa99985888a9894799aa837977a776663658a545264
150854 1 16 12 10 2 1 0 0 0  aaaa99985888a9894699aa837966a377777658a562454
150856 1 16 12 10 2 2 0 0 0  aaaa99985888a9895699aa857966a577777648a464332
150877 1 16 13 0 0 0 1 0 0  aaaa99986888a9893299aa887976a676643557a745574
150907 1 16 13 0 5 0 1 0 0  aaaa99986888a9896299aa887975a675546537a746374
150930 1 16 13 1 3 0 0 0 0  aaaa99985888a9894799aa887976a376663675a455742
150932 1 16 13 1 3 1 0 0 0  aaaa99985888a9894799aa887976a376663674a555724
150968 1 16 13 2 3 1 0 0 0  aaaa99985888a9894799aa887976a376663657a744552
151002 1 16 13 3 3 0 0 0 0  aaaa99985888a9894799aa887977a376663657a545264
151086 1 16 13 5 5 0 0 0 0  aaaa99985888a9894799aa887976a375745562a673664
151092 1 16 13 6 0 0 0 0 0  aaaa99985888a9894799aa887977a376673656a545264
151129 1 16 13 7 0 0 1 0 0  aaaa99986888a9894299aa887977a476654565a576373
151141 1 16 13 7 2 0 1 0 0  aaaa99984888a9894399aa887977a376664655a576275
151143 1 16 13 7 2 1 1 0 0  aaaa99984888a9894399aa887977a376664652a576575
151147 1 16 13 7 3 0 1 0 0  aaaa99984888a9894399aa887977a376664565a576275
151149 1 16 13 7 3 1 1 0 0  aaaa99984888a9894399aa887977a376664565a276575
151153 1 16 13 7 4 0 1 0 0  aaaa99984888a9894399aa887977a376666655a574275
151182 1 16 13 8 3 0 0 0 0  aaaa99985888a9894799aa887977a376663654a575264
151194 1 16 13 8 5 0 0 0 0  aaaa99985888a9894799aa887977a375645562a673664
151237 1 16 13 10 0 0 1 0 0  aaaa99984888a9894399aa887966a377777656a554265
151273 1 16 14 0 0 0 1 0 0  aaaa99977888a9894799aa743966a388787656a554265
151344 1 16 14 2 0 0 0 0 0  aaaa99975888a9894799aa777966a388783656a545264
151681 1 16 15 0 2 0 1 0 0  aaaa99977888a9797299aa887988a466576566a354534
151720 1 16 15 1 2 2 0 0 0  aaaa99954888a9693799aa887988a776663765a752445
151793 1 16 15 3 2 2 1 0 0  aaaa99957888a9694299aa887988a777754666a353564
151799 1 16 15 3 3 2 1 0 0  aaaa99957888a9694299aa887988a777754666a356534
151805 1 16 15 3 4 2 1 0 0  aaaa99957888a9694299aa887988a777754635a666534
151811 1 16 15 3 5 2 1 0 0  aaaa99957888a9694299aa887988a777754365a653664
151970 1 16 15 8 2 1 0 0 0  aaaa99954888a9693799aa887988a377744657a662565
151972 1 16 15 8 2 2 0 0 0  aaaa99945888a9695799aa887988a577735647a662463
152064 1 16 16 0 0 0 0 0 0  aaaa99977888a9797299aa887986a686674553a454356
152065 1 16 16 0 0 0 1 0 0  aaaa99977888a9797299aa887986a686675553a435446
152066 1 16 16 0 0 1 0 0 0  aaaa99977888a9797299aa887986a686674555a435346
152067 1 16 16 0 0 1 1 0 0  aaaa99977888a9797299aa887986a686675543a535446
152068 1 16 16 0 0 2 0 0 0  aaaa99977888a9797299aa887986a686674543a555346
152069 1 16 16 0 0 2 1 0 0  aaaa99977888a9797299aa887986a685476663a555443
152094 1 16 16 0 5 0 0 0 0  aaaa99977888a9797299aa887985a586574643a666345
152095 1 16 16 0 5 0 1 0 0  aaaa99977888a9797299aa887985a586475653a666443
152128 1 16 16 1 4 2 0 0 0  aaaa99954888a9696799aa887987a387653767a652445
152132 1 16 16 1 5 1 0 0 0  aaaa99954888a9695799aa887987a387653767a644625
152134 1 16 16 1 5 2 0 0 0  aaaa99945888a9695799aa887987a587635767a644623
152144 1 16 16 2 1 1 0 0 0  aaaa99965888a9794799aa887987a387663765a652445
152146 1 16 16 2 1 2 0 0 0  aaaa99965888a9795799aa887987a587665764a644332
152152 1 16 16 2 2 2 0 0 0  aaaa99954888a9793799aa887987a387666765a652445
152164 1 16 16 2 4 2 0 0 0  aaaa99954888a9793799aa887987a387656765a644625
152170 1 16 16 2 5 2 0 0 0  aaaa99954888a9793799aa887987a387652765a644665
152206 1 16 16 3 5 2 0 0 0  aaaa99954888a9693799aa887987a787653765a644625
152236 1 16 16 4 4 2 0 0 0  aaaa99954888a9696799aa887987a387653765a672445
152240 1 16 16 4 5 1 0 0 0  aaaa99954888a9695799aa887987a387644765a673625
152242 1 16 16 4 5 2 0 0 0  aaaa99945888a9695799aa887987a587635763a674624
152322 1 16 16 7 1 0 0 0 0  aaaa99947888a9795299aa887987a787666663a535544
152327 1 16 16 7 1 2 1 0 0  aaaa99957888a9794299aa887987a787666665a354534
152333 1 16 16 7 2 2 1 0 0  aaaa99957888a9794299aa887987a787666365a653544
152345 1 16 16 7 4 2 1 0 0  aaaa99957888a9794299aa887987a787654635a666534
152351 1 16 16 7 5 2 1 0 0  aaaa99957888a9794299aa887987a787654365a653664
152434 1 16 16 10 1 2 0 0 0  aaaa99954888a9793699aa886987a686753675a744725
152455 1 16 16 10 5 0 1 0 0  aaaa99965888a9794299aa885987a585764376a763746
152552 1 16 17 2 3 1 0 0 0  aaaa99954888a9893799aa887987a376662657a744565
152554 1 16 17 2 3 2 0 0 0  aaaa99945888a9895799aa887987a576665637a744362
152562 1 16 17 2 5 0 0 0 0  aaaa99965888a9894799aa887987a375465527a763646
152712 1 16 17 7 0 0 0 0 0  aaaa99957888a9895299aa887987a776655646a743463
152713 1 16 17 7 0 0 1 0 0  aaaa99947888a9893299aa887987a776655656a743564
152716 1 16 17 7 0 2 0 0 0  aaaa99947888a9895299aa887987a776635646a735465
152717 1 16 17 7 0 2 1 0 0  aaaa99957888a9894299aa887987a776654636a754365
152724 1 16 17 7 2 0 0 0 0  aaaa99947888a9895299aa887987a776664655a736354
152726 1 16 17 7 2 1 0 0 0  aaaa99947888a9895299aa887987a776664653a736554
152729 1 16 17 7 2 2 1 0 0  aaaa99957888a9894299aa887987a776664635a756534
152730 1 16 17 7 3 0 0 0 0  aaaa99957888a9895299aa887987a776664634a755364
152731 1 16 17 7 3 0 1 0 0  aaaa99947888a9893299aa887987a776663655a755464
152734 1 16 17 7 3 2 0 0 0  aaaa99947888a9895299aa887987a776665644a735365
152735 1 16 17 7 3 2 1 0 0  aaaa99957888a9894299aa887987a776664635a754365
152741 1 16 17 7 4 2 1 0 0  aaaa99957888a9894299aa887987a776666635a754534
152742 1 16 17 7 5 0 0 0 0  aaaa99967888a9894299aa887987a775464556a763653
152743 1 16 17 7 5 0 1 0 0  aaaa99967888a9895299aa887987a775465546a763643
152745 1 16 17 7 5 1 1 0 0  aaaa99967888a9894299aa887987a775565536a764634
152746 1 16 17 7 5 2 0 0 0  aaaa99967888a9895299aa887987a774465436a765635
152747 1 16 17 7 5 2 1 0 0  aaaa99967888a9895299aa887987a773465346a765645
152770 1 16 17 8 3 2 0 0 0  aaaa99954888a9893799aa887987a776663625a744565
152778 1 16 17 8 5 0 0 0 0  aaaa99965888a9894799aa887987a775465526a763643
152964 1 16 18 3 0 0 0 0 0  aaaa99975888a9898799aa747977a388663665a455246
153286 1 16 19 0 5 2 0 0 0  aaaa99977888a9895799aa872986a587675364a635644
153287 1 16 19 0 5 2 1 0 0  aaaa99977888a9895799aa872986a587675463a644653
153368 1 16 19 3 1 1 0 0 0  aaaa99965888a9894799aa837987a787663765a652445
153370 1 16 19 3 1 2 0 0 0  aaaa99965888a9895799aa857987a787665764a644332
153376 1 16 19 3 2 2 0 0 0  aaaa99954888a9893799aa837987a787666765a652445
153388 1 16 19 3 4 2 0 0 0  aaaa99954888a9893799aa837987a787656765a644625
153394 1 16 19 3 5 2 0 0 0  aaaa99954888a9893799aa837987a787652765a644665
153514 1 16 19 7 1 2 0 0 0  aaaa99954888a9893799aa877987a387666675a652445
153532 1 16 19 7 4 2 0 0 0  aaaa99954888a9893799aa877987a387652675a666445
153536 1 16 19 7 5 1 0 0 0  aaaa99965888a9894799aa877987a387464576a565632
153550 1 16 19 8 1 2 0 0 0  aaaa99954888a9893799aa837987a787666675a652445
153568 1 16 19 8 4 2 0 0 0  aaaa99954888a9893799aa837987a787652675a666445
153572 1 16 19 8 5 1 0 0 0  aaaa99965888a9894799aa837987a787464576a565632
153622 1 16 19 10 1 2 0 0 0  aaaa99954888a9893699aa836987a686752675a744775
153922 1 16 20 7 3 2 0 0 0  aaaa99954888a9898799aa877987a376663625a744565
153930 1 16 20 7 5 0 0 0 0  aaaa99965888a9898799aa877987a475465526a763643
153958 1 16 20 8 3 2 0 0 0  aaaa99954888a9898799aa837987a776663625a744565
153966 1 16 20 8 5 0 0 0 0  aaaa99965888a9898799aa847987a775465526a763643
154318 1 16 21 7 3 2 0 0 0  aaaa99954787a9793899aa878988a876663625a744565
154326 1 16 21 7 5 0 0 0 0  aaaa99965787a9794899aa878988a875465526a763643
154354 1 16 21 8 3 2 0 0 0  aaaa99954787a9797899aa838988a876663625a744565
154362 1 16 21 8 5 0 0 0 0  aaaa99965787a9797899aa848988a875465526a763643
154598 1 16 22 4 2 1 0 0 0  aaaa99975778a9794699aa738966a388888657a562454
154600 1 16 22 4 2 2 0 0 0  aaaa99975778a9795699aa758966a588888647a464332
154687 1 16 22 6 5 0 1 0 0  aaaa99965778a9797599aa658953a488888276a764634
154702 1 16 22 7 1 2 0 0 0  aaaa99954778a9793699aa738976a688888675a652445
154838 1 17 0 0 0 1 0 0 0  aaaa99996989a8774989aa838767a657673885a652445
154844 1 17 0 0 1 1 0 0 0  aaaa99995989a8774989aa838757a367676886a565442
154850 1 17 0 0 2 1 0 0 0  aaaa99995989a8774989aa838757a367676884a655624
154856 1 17 0 0 3 1 0 0 0  aaaa99995989a8774989aa838757a367676886a655442
154862 1 17 0 0 4 1 0 0 0  aaaa99995989a8774989aa838767a347674885a666525
154922 1 17 0 2 2 1 0 0 0  aaaa99995989a8777989aa848767a366673884a562554
154980 1 17 0 4 0 0 0 0 0  aaaa99995989a8777989aa838777a366545886a644526
155018 1 17 0 5 0 1 0 0 0  aaaa99995989a8777989aa848667a365763887a655442
155126 1 17 0 8 0 1 0 0 0  aaaa99995989a8664989aa838777a776644886a573552
155248 1 17 1 0 2 2 0 0 0  aaaa99994989a8877989aa838275a776676658a563454
155260 1 17 1 0 4 2 0 0 0  aaaa99994989a8877989aa838275a776576658a663454
155266 1 17 1 0 5 2 0 0 0  aaaa99994989a8877989aa838275a776573658a666454
155268 1 17 1 1 0 0 0 0 0  aaaa99996989a8875989aa848777a376673568a546254
155270 1 17 1 1 0 1 0 0 0  aaaa99995989a8874989aa838777a376672568a565446
155276 1 17 1 1 1 1 0 0 0  aaaa99996989a8874989aa838777a376576658a644525
155282 1 17 1 1 2 1 0 0 0  aaaa99995989a8874989aa838777a376676658a562454
155284 1 17 1 1 2 2 0 0 0  aaaa99995989a8875989aa858777a576676648a464332
155286 1 17 1 1 3 0 0 0 0  aaaa99995989a8874989aa838777a376676658a545624
155288 1 17 1 1 3 1 0 0 0  aaaa99995989a8874989aa838777a376676648a555642
155294 1 17 1 1 4 1 0 0 0  aaaa99995989a8874989aa838777a376576658a662454
155296 1 17 1 1 4 2 0 0 0  aaaa99995989a8875989aa858777a576476638a662434
155300 1 17 1 1 5 1 0 0 0  aaaa99995989a8874989aa838777a376572658a666454
155302 1 17 1 1 5 2 0 0 0  aaaa99995989a8875989aa858777a576474648a666332
155318 1 17 1 2 2 1 0 0 0  aaaa99994989a8844989aa838777a376667658a576525
155330 1 17 1 2 4 1 0 0 0  aaaa99994989a8844989aa838777a376567658a676525
155366 1 17 1 3 4 1 0 0 0  aaaa99994989a8844989aa838777a776576658a663525
155388 1 17 1 4 2 0 0 0 0  aaaa99995989a8855989aa848777a376277468a664563
155390 1 17 1 4 2 1 0 0 0  aaaa99995989a8855989aa858777a476377638a644662
155396 1 17 1 4 3 1 0 0 0  aaaa99995989a8864989aa838777a376677658a562454
155398 1 17 1 4 3 2 0 0 0  aaaa99995989a8865989aa858777a576677648a464332
155402 1 17 1 4 4 1 0 0 0  aaaa99994989a8844989aa838777a376677658a566525
155408 1 17 1 4 5 1 0 0 0  aaaa99994989a8844989aa838777a376577658a666525
155426 1 17 1 5 2 1 0 0 0  aaaa99994989a8844989aa838775a776663678a576525
155432 1 17 1 5 3 1 0 0 0  aaaa99995989a8844989aa848776a776663678a573552
155456 1 17 1 6 1 1 0 0 0  aaaa99994989a8844989aa838777a767663658a576525
155490 1 17 1 7 1 0 0 0 0  aaaa99996989a8844989aa848777a376663558a276575
155492 1 17 1 7 1 1 0 0 0  aaaa99996989a8844989aa848777a376663258a576575
155496 1 17 1 7 2 0 0 0 0  aaaa99995989a8844989aa848777a376663658a276575
155498 1 17 1 7 2 1 0 0 0  aaaa99994989a8844989aa838777a376662658a576575
155502 1 17 1 7 3 0 0 0 0  aaaa99994989a8844989aa838777a376662568a576575
155504 1 17 1 7 3 1 0 0 0  aaaa99995989a8855989aa858777a376663468a476472
155534 1 17 1 8 2 1 0 0 0  aaaa99994989a8844989aa838777a776663658a576525
155582 1 17 1 9 4 1 0 0 0  aaaa99994989a8844989aa838765a677777658a663525
155664 1 17 2 1 0 0 0 0 0  aaaa99995989a8874989aa888777a376673656a545264
155830 1 17 2 5 3 2 0 0 0  aaaa99995989a8835989aa888777a576665647a447362
155890 1 17 2 7 1 2 0 0 0  aaaa99996989a8825989aa888777a576665434a476375
155896 1 17 2 7 2 2 0 0 0  aaaa99995989a8835989aa888777a576665644a476372
155900 1 17 2 7 3 1 0 0 0  aaaa99994989a8844989aa888777a376663565a276575
155902 1 17 2 7 3 2 0 0 0  aaaa99995989a8835989aa888777a576665464a476372
155910 1 17 2 7 5 0 0 0 0  aaaa99995989a8863989aa888777a375465526a474676
156034 1 17 3 0 1 2 0 0 0  aaaa99994989a8877989aa838275a776676856a563454
156056 1 17 3 0 5 1 0 0 0  aaaa99995989a8877989aa838476a775673864a655624
156059 1 17 3 0 5 2 1 0 0  aaaa99995989a8877989aa858376a774675863a644652
156060 1 17 3 1 0 0 0 0 0  aaaa99995989a8874989aa838777a376672865a464556
156062 1 17 3 1 0 1 0 0 0  aaaa99995989a8875989aa838777a376672864a565446
156068 1 17 3 1 1 1 0 0 0  aaaa99995989a8874989aa838777a376676856a562454
156070 1 17 3 1 1 2 0 0 0  aaaa99995989a8875989aa858777a576676846a464332
156072 1 17 3 1 2 0 0 0 0  aaaa99995989a8874989aa838777a376676865a455642
156074 1 17 3 1 2 1 0 0 0  aaaa99995989a8874989aa838777a376676864a555624
156080 1 17 3 1 3 1 0 0 0  aaaa99995989a8874989aa838777a376676864a562554
156086 1 17 3 1 4 1 0 0 0  aaaa99995989a8874989aa838777a376572864a666554
156092 1 17 3 1 5 1 0 0 0  aaaa99995989a8874989aa838777a375672864a655664
156182 1 17 3 4 2 1 0 0 0  aaaa99994989a8844989aa838777a376577865a662565
156184 1 17 3 4 2 2 0 0 0  aaaa99995989a8845989aa858777a576477863a662463
156210 1 17 3 5 1 0 0 0 0  aaaa99995989a8864989aa838777a376626857a467545
156212 1 17 3 5 1 1 0 0 0  aaaa99995989a8864989aa838777a376646857a567254
156218 1 17 3 5 2 1 0 0 0  aaaa99995989a8844989aa848777a376663867a257565
156220 1 17 3 5 2 2 0 0 0  aaaa99995989a8845989aa858777a576662867a447363
156286 1 17 3 7 1 2 0 0 0  aaaa99996989a8835989aa858777a576665844a476372
156296 1 17 3 7 3 1 0 0 0  aaaa99994989a8844989aa838777a376662865a576575
156298 1 17 3 7 3 2 0 0 0  aaaa99995989a8845989aa858777a576662863a476473
156306 1 17 3 7 5 0 0 0 0  aaaa99995989a8864989aa838777a374565856a274676
156430 1 17 4 0 1 2 0 0 0  aaaa99994989a8877989aa638275a776686857a563454
156451 1 17 4 0 5 0 1 0 0  aaaa99995989a8877989aa558276a773684867a653644
156452 1 17 4 0 5 1 0 0 0  aaaa99995989a8877989aa448276a775684867a655633
156455 1 17 4 0 5 2 1 0 0  aaaa99995989a8877989aa358276a774685867a644653
156472 1 17 4 1 2 2 0 0 0  aaaa99997989a8854989aa448777a376287865a663565
156542 1 17 4 3 2 1 0 0 0  aaaa99994989a8873989aa448777a766683857a566525
156566 1 17 4 4 0 1 0 0 0  aaaa99995989a8875989aa738777a366585867a464462
156570 1 17 4 4 1 0 0 0 0  aaaa99995989a8874989aa738777a366586867a545624
156572 1 17 4 4 1 1 0 0 0  aaaa99995989a8874989aa738777a366486867a555642
156578 1 17 4 4 2 1 0 0 0  aaaa99995989a8874989aa738777a366682857a566454
156580 1 17 4 4 2 2 0 0 0  aaaa99995989a8875989aa758777a566682847a366434
156584 1 17 4 4 3 1 0 0 0  aaaa99995989a8874989aa738777a366586867a562454
156586 1 17 4 4 3 2 0 0 0  aaaa99995989a8875989aa758777a566486867a464332
156590 1 17 4 4 4 1 0 0 0  aaaa99995989a8874989aa738777a366686857a562454
156592 1 17 4 4 4 2 0 0 0  aaaa99995989a8875989aa758777a566686847a464332
156594 1 17 4 4 5 0 0 0 0  aaaa99995989a8874989aa738777a355682867a645664
156596 1 17 4 4 5 1 0 0 0  aaaa99995989a8874989aa738777a355685867a644662
156608 1 17 4 5 1 1 0 0 0  aaaa99994989a8863989aa448777a376686857a567525
156626 1 17 4 5 4 1 0 0 0  aaaa99994989a8853989aa448777a375686867a657625
156628 1 17 4 5 4 2 0 0 0  aaaa99995989a8845989aa358777a574686867a647623
156702 1 17 4 7 5 0 0 0 0  aaaa99995989a8864989aa638777a374585856a274676
157010 1 17 5 5 2 1 0 0 0  aaaa99994989a8853989aa448877a767663755a682765
157012 1 17 5 5 2 2 0 0 0  aaaa99995989a8845989aa358877a767665744a682763
157046 1 17 5 6 2 1 0 0 0  aaaa99994989a8853989aa448876a377772666a587565
157048 1 17 5 6 2 2 0 0 0  aaaa99995989a8845989aa358876a577772666a487463
157052 1 17 5 6 3 1 0 0 0  aaaa99995989a8864989aa448876a377773666a587552
157058 1 17 5 6 4 1 0 0 0  aaaa99994989a8853989aa448876a677773565a687625
157060 1 17 5 6 4 2 0 0 0  aaaa99995989a8845989aa358876a677775464a687623
157064 1 17 5 6 5 1 0 0 0  aaaa99994989a8853989aa448876a377772565a687665
157066 1 17 5 6 5 2 0 0 0  aaaa99995989a8845989aa358876a577772464a687663
157108 1 17 5 8 0 2 0 0 0  aaaa99996989a8866989aa358876a577737447a285645
157190 1 17 5 10 2 1 0 0 0  aaaa99994989a8853989aa448867a366762575a786775
157192 1 17 5 10 2 2 0 0 0  aaaa99995989a8845989aa358867a566762474a786773
157222 1 17 6 0 1 2 0 0 0  aaaa99994989a8877989aa638275a776676858a563454
157243 1 17 6 0 5 0 1 0 0  aaaa99995989a8877989aa558276a773674868a653644
157244 1 17 6 0 5 1 0 0 0  aaaa99995989a8877989aa448276a775674868a655633
157247 1 17 6 0 5 2 1 0 0  aaaa99995989a8877989aa358276a774675868a644653
157252 1 17 6 1 0 2 0 0 0  aaaa99996989a8874989aa668777a376573858a562454
157256 1 17 6 1 1 1 0 0 0  aaaa99995989a8874989aa638777a376676858a562454
157258 1 17 6 1 1 2 0 0 0  aaaa99995989a8875989aa658777a576676848a464332
157262 1 17 6 1 2 1 0 0 0  aaaa99995989a8874989aa448777a376676868a555632
157268 1 17 6 1 3 1 0 0 0  aaaa99995989a8874989aa448777a376676868a563552
157274 1 17 6 1 4 1 0 0 0  aaaa99995989a8874989aa448777a376573868a666552
157280 1 17 6 1 5 1 0 0 0  aaaa99995989a8874989aa448777a375673868a655662
157370 1 17 6 4 2 1 0 0 0  aaaa99994989a8853989aa448777a376577868a662565
157372 1 17 6 4 2 2 0 0 0  aaaa99995989a8845989aa358777a576477868a662463
157376 1 17 6 4 3 1 0 0 0  aaaa99994989a8863989aa448777a376677858a566525
157442 1 17 6 6 2 1 0 0 0  aaaa99994989a8853989aa448777a767663858a672565
157444 1 17 6 6 2 2 0 0 0  aaaa99995989a8845989aa358777a767665848a672463
157474 1 17 6 7 1 2 0 0 0  aaaa99996989a8845989aa358777a576665848a276473
157484 1 17 6 7 3 1 0 0 0  aaaa99994989a8853989aa448777a376662868a576575
157486 1 17 6 7 3 2 0 0 0  aaaa99995989a8845989aa358777a576662868a476473
157494 1 17 6 7 5 0 0 0 0  aaaa99995989a8864989aa638777a374565858a274676
157630 1 17 7 0 3 2 0 0 0  aaaa99994989a8883989aa588776a376676625a744575
157644 1 17 7 1 0 0 0 0 0  aaaa99995989a8884989aa788777a376673656a545264
157810 1 17 7 5 3 2 0 0 0  aaaa99995989a8885989aa388777a576665647a447362
157864 1 17 7 7 0 2 0 0 0  aaaa99996989a8883989aa588777a376652465a476475
157870 1 17 7 7 1 2 0 0 0  aaaa99996989a8885989aa288777a576665434a476375
157876 1 17 7 7 2 2 0 0 0  aaaa99995989a8885989aa388777a576665644a476372
157880 1 17 7 7 3 1 0 0 0  aaaa99995989a8883989aa588777a376662465a476475
157882 1 17 7 7 3 2 0 0 0  aaaa99995989a8885989aa388777a576665464a476372
157890 1 17 7 7 5 0 0 0 0  aaaa99995989a8883989aa688777a375465526a474676
158029 1 17 8 0 4 0 1 0 0  aaaa99995989a8877989aa558676a772674835a684634
158035 1 17 8 0 5 0 1 0 0  aaaa99995989a8877989aa558276a773674865a683644
158039 1 17 8 0 5 2 1 0 0  aaaa99995989a8877989aa458276a773675864a683654
158048 1 17 8 1 1 1 0 0 0  aaaa99995989a8874989aa448777a376676866a583552
158102 1 17 8 2 4 1 0 0 0  aaaa99995989a8854989aa448777a372676865a687635
158104 1 17 8 2 4 2 0 0 0  aaaa99995989a8845989aa358777a572676863a687644
158198 1 17 8 5 2 1 0 0 0  aaaa99994989a8853989aa448777a376662867a587565
158200 1 17 8 5 2 2 0 0 0  aaaa99995989a8845989aa358777a576662867a487463
158204 1 17 8 5 3 1 0 0 0  aaaa99994989a8863989aa448777a376566857a687525
158270 1 17 8 7 2 1 0 0 0  aaaa99995989a8854989aa448777a376663865a287765
158272 1 17 8 7 2 2 0 0 0  aaaa99995989a8845989aa358777a576664863a287764
158306 1 17 8 8 2 1 0 0 0  aaaa99994989a8853989aa448777a767663857a682565
158308 1 17 8 8 2 2 0 0 0  aaaa99995989a8845989aa358777a767665847a682463
158442 1 17 9 1 1 0 0 0 0  aaaa99995989a8874989aa638777a376676854a565824
158444 1 17 9 1 1 1 0 0 0  aaaa99995989a8874989aa638777a376676854a562854
158558 1 17 9 4 2 1 0 0 0  aaaa99995989a8854989aa448777a376277865a663865
158560 1 17 9 4 2 2 0 0 0  aaaa99995989a8845989aa358777a576277863a664864
158594 1 17 9 5 2 1 0 0 0  aaaa99994989a8853989aa448777a376662867a557865
158596 1 17 9 5 2 2 0 0 0  aaaa99995989a8845989aa358777a576662867a447863
158660 1 17 9 7 1 1 0 0 0  aaaa99996989a8854989aa448777a376663855a276875
158662 1 17 9 7 1 2 0 0 0  aaaa99996989a8835989aa358777a576665844a476872
158672 1 17 9 7 3 1 0 0 0  aaaa99995989a8854989aa448777a376663865a276875
158674 1 17 9 7 3 2 0 0 0  aaaa99995989a8845989aa358777a576664863a276874
158682 1 17 9 7 5 0 0 0 0  aaaa99995989a8864989aa638777a374565856a274876
158806 1 17 10 0 1 2 0 0 0  aaaa99994989a8883989aa778275a776676856a563454
158828 1 17 10 0 5 1 0 0 0  aaaa99995989a8883989aa778476a775673864a655624
158831 1 17 10 0 5 2 1 0 0  aaaa99995989a8885989aa778376a774675863a644652
158832 1 17 10 1 0 0 0 0 0  aaaa99995989a8884989aa738777a376672865a464556
158834 1 17 10 1 0 1 0 0 0  aaaa99995989a8885989aa738777a376672864a565446
158840 1 17 10 1 1 1 0 0 0  aaaa99995989a8884989aa738777a376676856a562454
158842 1 17 10 1 1 2 0 0 0  aaaa99995989a8885989aa758777a576676846a464332
158844 1 17 10 1 2 0 0 0 0  aaaa99995989a8884989aa738777a376676865a455642
158846 1 17 10 1 2 1 0 0 0  aaaa99995989a8884989aa738777a376676864a555624
158852 1 17 10 1 3 1 0 0 0  aaaa99995989a8884989aa738777a376676864a562554
158858 1 17 10 1 4 1 0 0 0  aaaa99995989a8884989aa738777a376572864a666554
158864 1 17 10 1 5 1 0 0 0  aaaa99995989a8884989aa738777a375672864a655664
158954 1 17 10 4 2 1 0 0 0  aaaa99994989a8883989aa448777a376577865a662565
158956 1 17 10 4 2 2 0 0 0  aaaa99995989a8885989aa458777a576477863a662463
158982 1 17 10 5 1 0 0 0 0  aaaa99995989a8884989aa638777a376626857a467545
158984 1 17 10 5 1 1 0 0 0  aaaa99995989a8884989aa638777a376646857a567254
158990 1 17 10 5 2 1 0 0 0  aaaa99995989a8884989aa448777a376663867a257565
158992 1 17 10 5 2 2 0 0 0  aaaa99995989a8885989aa458777a576662867a447363
159058 1 17 10 7 1 2 0 0 0  aaaa99996989a8885989aa358777a576665844a476372
159068 1 17 10 7 3 1 0 0 0  aaaa99994989a8883989aa448777a376662865a576575
159070 1 17 10 7 3 2 0 0 0  aaaa99995989a8885989aa458777a576662863a476473
159078 1 17 10 7 5 0 0 0 0  aaaa99995989a8884989aa638777a374565856a274676
159228 1 17 11 1 0 0 0 0 0  aaaa99995989a8888989aa748777a376673656a545264
159394 1 17 11 5 3 2 0 0 0  aaaa99995989a8888989aa358777a576665647a447362
159454 1 17 11 7 1 2 0 0 0  aaaa99996989a8888989aa258777a576665434a476375
159460 1 17 11 7 2 2 0 0 0  aaaa99995989a8888989aa358777a576665644a476372
159464 1 17 11 7 3 1 0 0 0  aaaa99994989a8888989aa448777a376663565a276575
159466 1 17 11 7 3 2 0 0 0  aaaa99995989a8888989aa358777a576665464a476372
159474 1 17 11 7 5 0 0 0 0  aaaa99995989a8888989aa638777a375465526a474676
159642 1 17 12 1 3 0 0 0 0  aaaa99995989a8884989aa778777a386663657a545264
159660 1 17 12 2 0 0 0 0 0  aaaa99995989a8884989aa738777a387662667a455546
159672 1 17 12 2 2 0 0 0 0  aaaa99995989a8884989aa738777a387666467a654552
159674 1 17 12 2 2 1 0 0 0  aaaa99995989a8884989aa738777a387666567a655442
159678 1 17 12 2 3 0 0 0 0  aaaa99995989a8884989aa738777a387666567a562454
159680 1 17 12 2 3 1 0 0 0  aaaa99995989a8884989aa738777a387666567a565442
159686 1 17 12 2 4 1 0 0 0  aaaa99995989a8884989aa738777a387644657a666552
159692 1 17 12 2 5 1 0 0 0  aaaa99995989a8884989aa738777a387644567a655662
159714 1 17 12 3 3 0 0 0 0  aaaa99995989a8884989aa738777a786663657a545264
159732 1 17 12 4 0 0 0 0 0  aaaa99996989a8885989aa748777a386673567a546254
159734 1 17 12 4 0 1 0 0 0  aaaa99995989a8884989aa738777a386672567a565446
159740 1 17 12 4 1 1 0 0 0  aaaa99996989a8884989aa738777a386576657a644525
159746 1 17 12 4 2 1 0 0 0  aaaa99995989a8884989aa738777a386676657a562454
159748 1 17 12 4 2 2 0 0 0  aaaa99995989a8885989aa758777a586676647a464332
159750 1 17 12 4 3 0 0 0 0  aaaa99995989a8884989aa738777a386676657a545624
159752 1 17 12 4 3 1 0 0 0  aaaa99995989a8884989aa738777a386676647a555642
159758 1 17 12 4 4 1 0 0 0  aaaa99995989a8884989aa738777a386576657a662454
159760 1 17 12 4 4 2 0 0 0  aaaa99995989a8885989aa758777a586476637a662434
159764 1 17 12 4 5 1 0 0 0  aaaa99995989a8884989aa738777a386572657a666454
159766 1 17 12 4 5 2 0 0 0  aaaa99995989a8885989aa758777a586474647a666332
159866 1 17 12 7 4 1 0 0 0  aaaa99994989a8883989aa538777a287644657a666575
159868 1 17 12 7 4 2 0 0 0  aaaa99995989a8885989aa458777a587644637a666372
159872 1 17 12 7 5 1 0 0 0  aaaa99995989a8883989aa638777a287464547a565676
159926 1 17 12 9 2 1 0 0 0  aaaa99994989a8883989aa538576a787666765a772445
159928 1 17 12 9 2 2 0 0 0  aaaa99995989a8885989aa458476a787666764a775332
159930 1 17 12 9 3 0 0 0 0  aaaa99995989a8884989aa638576a787666754a773254
159938 1 17 12 9 4 1 0 0 0  aaaa99994989a8883989aa538676a787644755a772665
159940 1 17 12 9 4 2 0 0 0  aaaa99995989a8885989aa458676a787635744a772663
159944 1 17 12 9 5 1 0 0 0  aaaa99994989a8883989aa538576a787644765a772665
159946 1 17 12 9 5 2 0 0 0  aaaa99995989a8885989aa458476a787635764a772663
159974 1 17 12 10 4 1 0 0 0  aaaa99994989a8883989aa538576a687644765a777625
159976 1 17 12 10 4 2 0 0 0  aaaa99995989a8885989aa458476a687635764a777623
160092 1 17 13 3 0 0 0 0 0  aaaa99995989a8884989aa738866a377767567a562454
160094 1 17 13 3 0 1 0 0 0  aaaa99995989a8884989aa738866a377767567a565442
160110 1 17 13 3 3 0 0 0 0  aaaa99995989a8884989aa738866a677747657a525634
160116 1 17 13 3 4 0 0 0 0  aaaa99995989a8884989aa738865a677727647a663545
160118 1 17 13 3 4 1 0 0 0  aaaa99995989a8884989aa738865a677747657a663254
160170 1 17 13 5 1 0 0 0 0  aaaa99995989a8884989aa638877a767646756a525734
160178 1 17 13 5 2 1 0 0 0  aaaa99994989a8883989aa538877a767662755a644765
160180 1 17 13 5 2 2 0 0 0  aaaa99995989a8885989aa458877a767665744a633762
160214 1 17 13 6 2 1 0 0 0  aaaa99995989a8884989aa448876a377773666a257565
160216 1 17 13 6 2 2 0 0 0  aaaa99995989a8885989aa458876a577772666a447363
160226 1 17 13 6 4 1 0 0 0  aaaa99995989a8884989aa448876a677773265a657635
160228 1 17 13 6 4 2 0 0 0  aaaa99995989a8885989aa458876a677775464a637623
160232 1 17 13 6 5 1 0 0 0  aaaa99995989a8884989aa448876a377773265a657665
160234 1 17 13 6 5 2 0 0 0  aaaa99995989a8885989aa458876a577772464a637663
160286 1 17 13 8 2 1 0 0 0  aaaa99994989a8883989aa448876a377757657a662565
160288 1 17 13 8 2 2 0 0 0  aaaa99995989a8885989aa458876a577737647a662463
160358 1 17 13 10 2 1 0 0 0  aaaa99995989a8884989aa448876a367663725a777565
160360 1 17 13 10 2 2 0 0 0  aaaa99995989a8885989aa458876a567662744a777363
160382 1 17 14 0 0 1 0 0 0  aaaa99995989a8884979aa738876a876644676a573552
160392 1 17 14 0 2 0 0 0 0  aaaa99995989a8884979aa738875a876663672a476545
160394 1 17 14 0 2 1 0 0 0  aaaa99995989a8884979aa738875a876663674a576254
160400 1 17 14 0 3 1 0 0 0  aaaa99995989a8884979aa738876a876663674a572554
160410 1 17 14 0 5 0 0 0 0  aaaa99995989a8884979aa738876a875645572a673664
160470 1 17 14 2 3 0 0 0 0  aaaa99994989a8883979aa778865a876663575a572464
160682 1 17 14 8 2 1 0 0 0  aaaa99995989a8884979aa578863a877752637a644665
160684 1 17 14 8 2 2 0 0 0  aaaa99995989a8885979aa478863a877725637a644665
160777 1 17 15 0 0 0 1 0 0  aaaa99995989a8877979aa738874a766455246a688536
160781 1 17 15 0 0 2 1 0 0  aaaa99994989a8877979aa748875a766533256a688546
160787 1 17 15 0 1 2 1 0 0  aaaa99994989a8877979aa748875a766633256a588546
160884 1 17 15 3 0 0 0 0 0  aaaa99995989a8874979aa738866a377744656a288565
160886 1 17 15 3 0 1 0 0 0  aaaa99994989a8873979aa738866a277744656a588565
160892 1 17 15 3 1 1 0 0 0  aaaa99994989a8873979aa738866a677744656a588525
160908 1 17 15 3 4 0 0 0 0  aaaa99994989a8873979aa738856a677744565a688625
160910 1 17 15 3 4 1 0 0 0  aaaa99995989a8875979aa738846a677755464a688632
160958 1 17 15 5 0 1 0 0 0  aaaa99994989a8873979aa778866a377644656a588525
160982 1 17 15 5 4 1 0 0 0  aaaa99994989a8873979aa778826a677653565a688445
160984 1 17 15 5 4 2 0 0 0  aaaa99995989a8875979aa778846a677635464a688352
161018 1 17 15 6 4 1 0 0 0  aaaa99994989a8853979aa778826a677744565a688635
161020 1 17 15 6 4 2 0 0 0  aaaa99995989a8835979aa778846a677735464a688652
161074 1 17 15 8 1 2 0 0 0  aaaa99995989a8865979aa378866a677735447a288645
161090 1 17 15 8 4 1 0 0 0  aaaa99995989a8854979aa578836a677744367a688625
161092 1 17 15 8 4 2 0 0 0  aaaa99995989a8845979aa278836a677744367a688655
161126 1 17 15 9 4 1 0 0 0  aaaa99994989a8844979aa578826a677773565a688635
161128 1 17 15 9 4 2 0 0 0  aaaa99995989a8835979aa378846a677775464a688652
161162 1 17 15 10 4 1 0 0 0  aaaa99994989a8853979aa448826a677777565a688635
161164 1 17 15 10 4 2 0 0 0  aaaa99995989a8835979aa358846a677777464a688652
161230 1 17 16 1 3 2 0 0 0  aaaa99995989a8835979aa778876a576665744a486382
161282 1 17 16 3 0 1 0 0 0  aaaa99996989a8874979aa738866a377744565a286585
161284 1 17 16 3 0 2 0 0 0  aaaa99996989a8875979aa758866a577735464a486382
161418 1 17 16 6 5 0 0 0 0  aaaa99995989a8863979aa778854a577763526a484686
161470 1 17 16 8 1 2 0 0 0  aaaa99995989a8865979aa378866a677735447a284685
161490 1 17 16 8 5 0 0 0 0  aaaa99995989a8863979aa678854a577763527a484686
161526 1 17 16 9 5 0 0 0 0  aaaa99995989a8863979aa678854a577773526a484686
161562 1 17 16 10 5 0 0 0 0  aaaa99995989a8863979aa638854a577777526a484686
161586 1 17 17 0 3 0 0 0 0  aaaa99995989a8884979aa738875a576663674a578264
161588 1 17 17 0 3 1 0 0 0  aaaa99995989a8884979aa738876a376662674a578554
161598 1 17 17 0 5 0 0 0 0  aaaa99995989a8884979aa738876a375645572a678664
161640 1 17 17 2 0 0 0 0 0  aaaa99994989a8883979aa778866a376456575a578642
161658 1 17 17 2 3 0 0 0 0  aaaa99995989a8883979aa778866a676545474a578632
161676 1 17 17 3 0 0 0 0 0  aaaa99995989a8883979aa738866a277755646a448567
161678 1 17 17 3 0 1 0 0 0  aaaa99995989a8885979aa738866a377755646a448267
161788 1 17 17 6 0 2 0 0 0  aaaa99995989a8885979aa778866a577735646a448362
161896 1 17 17 9 0 2 0 0 0  aaaa99995989a8885979aa378866a577775646a448362
161984 1 17 18 0 3 1 0 0 0  aaaa99995989a8888979aa748876a376663674a572554
161994 1 17 18 0 5 0 0 0 0  aaaa99995989a8888979aa748876a375645572a673664
162362 1 17 19 0 0 1 0 0 0  aaaa99995989a8884979aa738766a376464865a772585
162414 1 17 19 1 3 0 0 0 0  aaaa99995989a8883979aa778776a376662854a446585
162416 1 17 19 1 3 1 0 0 0  aaaa99995989a8883979aa778776a376662845a446585
162418 1 17 19 1 3 2 0 0 0  aaaa99995989a8885979aa778776a576665844a436382
162478 1 17 19 3 1 2 0 0 0  aaaa99996989a8883979aa538777a776662845a446585
162490 1 17 19 3 3 2 0 0 0  aaaa99994989a8883979aa448777a776663865a256585
162498 1 17 19 3 5 0 0 0 0  aaaa99995989a8884979aa638777a774565856a264683
162548 1 17 19 5 1 1 0 0 0  aaaa99994989a8883979aa778666a377464856a555782
162558 1 17 19 5 3 0 0 0 0  aaaa99995989a8883979aa778666a377545856a446782
162576 1 17 19 6 0 0 0 0 0  aaaa99995989a8883969aa638777a776545857a446682
162648 1 17 19 8 0 0 0 0 0  aaaa99995989a8884969aa638777a776545856a673284
162654 1 17 19 8 1 0 0 0 0  aaaa99995989a8884969aa668777a776545853a672384
162690 1 17 19 9 1 0 0 0 0  aaaa99995989a8884979aa678666a377773856a545284
162706 1 17 19 9 3 2 0 0 0  aaaa99995989a8885979aa378666a577775846a446382
162726 1 17 19 10 1 0 0 0 0  aaaa99995989a8884979aa638666a377777856a545284
162742 1 17 19 10 3 2 0 0 0  aaaa99995989a8885979aa358666a577777846a446382
162758 1 17 20 0 0 1 0 0 0  aaaa99995989a8888979aa748766a376563864a772554
163332 1 17 21 5 0 0 0 0 0  aaaa99994989a7787969aa638888a867553765a464752
163610 1 17 22 1 4 1 0 0 0  aaaa99994979a7744989aa738765a688888657a663525
163830 1 17 22 7 5 0 0 0 0  aaaa99995979a7763989aa638754a588888526a474676
164051 1 18 0 2 5 2 1 0 0  aaaa99988787a9784789aa982986a779654365a653645
164082 1 18 0 3 5 0 0 0 0  aaaa99988787a9787289aa985986a579653764a644653
164098 1 18 0 4 1 2 0 0 0  aaaa99988787a9784689aa986986a379563757a562454
164158 1 18 0 5 5 2 0 0 0  aaaa99988787a9785789aa982986a579675364a635644
164159 1 18 0 5 5 2 1 0 0  aaaa99988787a9785789aa982986a579675463a644653
164161 1 18 0 6 0 0 1 0 0  aaaa99988787a9787289aa987986a679665554a346354
164162 1 18 0 6 0 1 0 0 0  aaaa99988787a9787289aa987986a679664555a346354
164163 1 18 0 6 0 1 1 0 0  aaaa99988787a9787289aa987986a679665354a536454
164164 1 18 0 6 0 2 0 0 0  aaaa99988787a9787289aa987986a679664354a536554
164165 1 18 0 6 0 2 1 0 0  aaaa99988787a9787289aa987986a679546664a543553
164195 1 18 0 6 5 2 1 0 0  aaaa99988787a9787289aa987986a479654365a653645
164249 1 18 0 8 2 2 1 0 0  aaaa99988787a9787789aa986986a679354265a654534
164267 1 18 0 8 5 2 1 0 0  aaaa99988787a9787789aa982986a479654365a653645
164302 1 18 0 9 5 2 0 0 0  aaaa99988787a9685289aa987986a579775364a635644
164303 1 18 0 9 5 2 1 0 0  aaaa99988787a9685289aa987986a579775463a644653
164413 1 18 1 2 0 0 1 0 0  aaaa99988888a9777729aa986967a569575468a464533
164417 1 18 1 2 0 2 1 0 0  aaaa99988888a9777729aa986967a469574368a563554
164466 1 18 1 3 3 0 0 0 0  aaaa99988888a9666779aa982977a779655348a365544
164467 1 18 1 3 3 0 1 0 0  aaaa99988888a9666779aa984977a779644558a365532
164483 1 18 1 3 5 2 1 0 0  aaaa99988888a9654779aa982977a779654368a653645
164485 1 18 1 4 0 0 1 0 0  aaaa99988888a9777749aa987967a649546668a552335
164526 1 18 1 5 1 0 0 0 0  aaaa99988888a9777669aa982967a669755348a375544
164527 1 18 1 5 1 0 1 0 0  aaaa99988888a9777669aa984967a669744558a375532
164533 1 18 1 5 2 0 1 0 0  aaaa99988888a9777629aa986967a469764558a375534
164535 1 18 1 5 2 1 1 0 0  aaaa99988888a9777629aa986967a469764538a575534
164537 1 18 1 5 2 2 1 0 0  aaaa99988888a9777629aa986967a469764358a573554
164544 1 18 1 5 4 0 0 0 0  aaaa99988888a9777629aa986967a669755348a375544
164545 1 18 1 5 4 0 1 0 0  aaaa99988888a9777649aa986967a669744558a375532
164575 1 18 1 6 3 0 1 0 0  aaaa99988888a9666729aa987977a479674558a365534
164577 1 18 1 6 3 1 1 0 0  aaaa99988888a9666729aa987977a479674538a565534
164579 1 18 1 6 3 2 1 0 0  aaaa99988888a9666729aa987977a479674358a563554
164587 1 18 1 6 5 0 1 0 0  aaaa99988888a9655729aa987977a579674368a653644
164591 1 18 1 6 5 2 1 0 0  aaaa99988888a9635729aa987977a579675468a644653
164598 1 18 1 7 1 0 0 0 0  aaaa99988888a9777669aa982967a669575458a437345
164611 1 18 1 7 3 0 1 0 0  aaaa99988888a9777669aa982967a659475658a437345
164616 1 18 1 7 4 0 0 0 0  aaaa99988888a9777629aa986967a669575458a437345
164641 1 18 1 8 2 0 1 0 0  aaaa99988888a9666779aa984977a749654768a552353
164682 1 18 1 9 3 0 0 0 0  aaaa99988888a9666729aa987977a779655348a365544
164683 1 18 1 9 3 0 1 0 0  aaaa99988888a9666749aa987977a779644558a365532
164699 1 18 1 9 5 2 1 0 0  aaaa99988888a9654729aa987977a779654368a653645
164807 1 18 2 1 5 2 1 0 0  aaaa99954888a9777779aa986927a469666835a858534
164867 1 18 2 3 3 2 1 0 0  aaaa99964888a9666779aa982977a779654835a858534
164881 1 18 2 4 0 0 1 0 0  aaaa99966888a9777769aa987937a659465852a838445
164897 1 18 2 4 2 2 1 0 0  aaaa99954888a9777769aa987927a469356866a858534
164899 1 18 2 4 3 0 1 0 0  aaaa99955888a9777769aa987937a369645826a858464
164903 1 18 2 4 3 2 1 0 0  aaaa99954888a9777769aa987937a369654826a858564
164909 1 18 2 4 4 2 1 0 0  aaaa99954888a9777769aa987927a469656836a858534
164915 1 18 2 4 5 2 1 0 0  aaaa99954888a9777769aa987927a469666835a858534
164927 1 18 2 5 1 2 1 0 0  aaaa99974888a9777669aa982967a669754835a858534
164945 1 18 2 5 4 2 1 0 0  aaaa99974888a9777629aa986967a669754835a858534
165000 1 18 2 7 2 0 0 0 0  aaaa99973888a9777649aa986967a369647855a858452
165002 1 18 2 7 2 1 0 0 0  aaaa99973888a9777649aa986967a369647854a858552
165005 1 18 2 7 2 2 1 0 0  aaaa99974888a9777629aa986967a469657835a858534
165007 1 18 2 7 3 0 1 0 0  aaaa99972888a9777669aa985967a659347854a868534
165025 1 18 2 8 0 0 1 0 0  aaaa99966888a9662779aa985977a759346854a878534
165083 1 18 2 9 3 2 1 0 0  aaaa99964888a9666729aa987977a779654835a858534
165107 1 18 2 10 1 2 1 0 0  aaaa99954888a9666679aa987926a479777835a858534
165204 1 18 3 2 0 0 0 0 0  aaaa99988888a9777729aa986987a669575364a536445
165205 1 18 3 2 0 0 1 0 0  aaaa99988888a9777749aa986987a669474565a526335
165257 1 18 3 3 2 2 1 0 0  aaaa99988888a9666729aa987987a779654765a354534
165312 1 18 3 5 0 0 0 0 0  aaaa99988888a9777669aa982987a669755347a356454
165313 1 18 3 5 0 0 1 0 0  aaaa99988888a9777669aa984987a669744557a356352
165330 1 18 3 5 3 0 0 0 0  aaaa99988888a9777629aa986987a669755347a356454
165331 1 18 3 5 3 0 1 0 0  aaaa99988888a9777649aa986987a669744557a356352
165383 1 18 3 6 5 2 1 0 0  aaaa99988888a9654729aa987987a779674365a653645
165455 1 18 3 8 5 2 1 0 0  aaaa99988888a9754729aa987987a779654365a653664
165491 1 18 3 9 5 2 1 0 0  aaaa99988888a9654779aa982986a479777365a653645
165527 1 18 3 10 5 2 1 0 0  aaaa99988888a9654279aa987986a479777365a653645
165649 1 18 4 3 2 0 1 0 0  aaaa99958888a9666729aa987987a779655764a345384
165713 1 18 4 5 0 2 1 0 0  aaaa99978888a9777669aa983987a669753245a456485
165731 1 18 4 5 3 2 1 0 0  aaaa99978888a9777639aa986987a669753245a456485
165779 1 18 4 6 5 2 1 0 0  aaaa99958888a9654729aa987987a779674365a653684
165785 1 18 4 7 0 2 1 0 0  aaaa99978888a9777669aa982987a669547354a536584
165793 1 18 4 7 2 0 1 0 0  aaaa99978888a9777629aa986987a669647554a335584
165795 1 18 4 7 2 1 1 0 0  aaaa99978888a9777629aa986987a669647555a345384
165797 1 18 4 7 2 2 1 0 0  aaaa99978888a9777629aa986987a669647534a555384
165803 1 18 4 7 3 2 1 0 0  aaaa99978888a9777629aa986987a669547354a536584
165851 1 18 4 8 5 2 1 0 0  aaaa99968888a9764729aa987987a779564356a563584
165887 1 18 4 9 5 2 1 0 0  aaaa99958888a9654779aa982986a479777365a653684
165923 1 18 4 10 5 2 1 0 0  aaaa99958888a9654279aa987986a479777365a653684
165959 1 18 5 0 5 2 1 0 0  aaaa99977887a9874789aa982986a789654365a653645
165983 1 18 5 1 3 2 1 0 0  aaaa99964887a9877289aa987987a489666375a653545
165991 1 18 5 1 5 0 1 0 0  aaaa99965887a9877289aa987987a489565376a563644
165995 1 18 5 1 5 2 1 0 0  aaaa99965887a9877289aa987987a589365476a464635
166109 1 18 5 5 0 2 1 0 0  aaaa99976887a9877289aa987986a689754665a354534
166177 1 18 5 7 0 0 1 0 0  aaaa99976887a9877289aa987986a689665554a347354
166178 1 18 5 7 0 1 0 0 0  aaaa99976887a9877289aa987986a689664555a347354
166179 1 18 5 7 0 1 1 0 0  aaaa99976887a9877289aa987986a689665354a537454
166180 1 18 5 7 0 2 0 0 0  aaaa99976887a9877289aa987986a689664354a537554
166181 1 18 5 7 0 2 1 0 0  aaaa99976887a9877289aa987986a689543664a547553
166204 1 18 5 7 4 2 0 0 0  aaaa99974887a9877689aa987986a389653265a657445
166209 1 18 5 7 5 1 1 0 0  aaaa99974887a9877389aa987986a389655265a657644
166211 1 18 5 7 5 2 1 0 0  aaaa99974887a9877389aa987986a389654265a657645
166315 1 18 5 10 5 0 1 0 0  aaaa99965885a9865289aa985987a489764376a763774
166319 1 18 5 10 5 2 1 0 0  aaaa99965884a9865289aa984987a589764376a763775
166325 1 18 6 0 0 2 1 0 0  aaaa99958888a9776729aa986987a679674865a354534
166336 1 18 6 0 2 2 0 0 0  aaaa99958888a9774769aa986987a379673865a652445
166445 1 18 6 3 2 2 1 0 0  aaaa99958888a9666729aa987987a779654867a354534
166511 1 18 6 5 1 2 1 0 0  aaaa99978888a9777629aa986987a669754865a354534
166553 1 18 6 6 2 2 1 0 0  aaaa99958888a9666729aa987987a779674865a354534
166661 1 18 6 9 2 2 1 0 0  aaaa99958888a9666779aa982986a479777865a354534
166697 1 18 6 10 2 2 1 0 0  aaaa99958888a9666279aa987986a479777865a354534
166717 1 18 7 0 0 0 1 0 0  aaaa99988888a9877279aa986976a769575456a644335
166859 1 18 7 3 5 2 1 0 0  aaaa99988888a9854779aa982977a779654365a653664
166925 1 18 7 5 4 2 1 0 0  aaaa99988888a9854729aa987976a679754365a673645
167075 1 18 7 9 5 2 1 0 0  aaaa99988888a9854729aa987977a779654365a653664
167117 1 18 8 0 0 2 1 0 0  aaaa99958888a9776279aa986988a669754767a354534
167183 1 18 8 1 5 2 1 0 0  aaaa99968888a9777779aa982988a549765446a365635
167214 1 18 8 2 5 0 0 0 0  aaaa99978888a9777279aa985988a559764346a365646
167215 1 18 8 2 5 0 1 0 0  aaaa99978888a9777579aa985988a359763546a462646
167231 1 18 8 3 1 2 1 0 0  aaaa99958888a9666779aa982988a779774665a354534
167237 1 18 8 3 2 2 1 0 0  aaaa99958888a9666779aa982988a779774365a653544
167249 1 18 8 3 4 2 1 0 0  aaaa99958888a9654779aa982988a779774635a666534
167255 1 18 8 3 5 2 1 0 0  aaaa99958888a9654779aa982988a779774365a653664
167267 1 18 8 4 1 2 1 0 0  aaaa99958888a9777279aa987988a469766635a654534
167273 1 18 8 4 2 2 1 0 0  aaaa99958888a9777279aa987988a469766665a354534
167285 1 18 8 4 4 2 1 0 0  aaaa99958888a9777279aa987988a469756666a354534
167289 1 18 8 4 5 1 1 0 0  aaaa99968888a9777279aa987988a459765556a364634
167290 1 18 8 4 5 2 0 0 0  aaaa99968888a9777279aa987988a549765436a465635
167291 1 18 8 4 5 2 1 0 0  aaaa99968888a9777279aa987988a549765446a365635
167303 1 18 8 5 1 2 1 0 0  aaaa99978888a9777629aa986988a669754675a354534
167339 1 18 8 6 1 2 1 0 0  aaaa99958888a9666729aa987988a779774665a354534
167345 1 18 8 6 2 2 1 0 0  aaaa99958888a9666729aa987988a779774365a653544
167357 1 18 8 6 4 2 1 0 0  aaaa99958888a9654729aa987988a779774635a666534
167363 1 18 8 6 5 2 1 0 0  aaaa99958888a9654729aa987988a779774365a653664
167369 1 18 8 7 0 2 1 0 0  aaaa99978888a9777669aa982988a769754635a654534
167375 1 18 8 7 1 2 1 0 0  aaaa99978888a9777269aa986988a769754635a654534
167381 1 18 8 7 2 2 1 0 0  aaaa99978888a9777269aa986988a769754665a354534
167447 1 18 8 9 1 2 1 0 0  aaaa99958888a9666779aa982988a479777665a354534
167453 1 18 8 9 2 2 1 0 0  aaaa99958888a9666779aa982988a479777365a653544
167465 1 18 8 9 4 2 1 0 0  aaaa99958888a9654779aa982988a479777635a666534
167471 1 18 8 9 5 2 1 0 0  aaaa99958888a9654779aa982988a479777365a653664
167483 1 18 8 10 1 2 1 0 0  aaaa99958888a9666279aa987988a479777665a354534
167489 1 18 8 10 2 2 1 0 0  aaaa99958888a9666279aa987988a479777365a653544
167501 1 18 8 10 4 2 1 0 0  aaaa99958888a9654279aa987988a479777635a666534
167507 1 18 8 10 5 2 1 0 0  aaaa99958888a9654279aa987988a479777365a653664
167579 1 18 9 1 5 2 1 0 0  aaaa99958888a9777779aa982987a489654365a653664
167651 1 18 9 3 5 2 1 0 0  aaaa99978888a9654729aa987987a789674365a653645
167687 1 18 9 4 5 2 1 0 0  aaaa99958888a9777729aa987987a489654365a653664
167705 1 18 9 5 2 2 1 0 0  aaaa99978888a9777639aa986987a689753245a456465
167722 1 18 9 5 5 2 0 0 0  aaaa99978888a9777469aa986987a489666573a555342
167723 1 18 9 5 5 2 1 0 0  aaaa99978888a9777369aa986987a389666574a555424
167755 1 18 9 6 5 0 1 0 0  aaaa99968888a9765729aa987987a789565476a464533
167759 1 18 9 6 5 2 1 0 0  aaaa99968888a9764729aa987987a789564376a563554
167761 1 18 9 7 0 0 1 0 0  aaaa99978888a9777669aa982987a689647554a356354
167763 1 18 9 7 0 1 1 0 0  aaaa99978888a9777669aa982987a689647555a346354
167765 1 18 9 7 0 2 1 0 0  aaaa99978888a9777669aa982987a689647354a536554
167779 1 18 9 7 3 0 1 0 0  aaaa99978888a9777629aa986987a689647554a356354
167781 1 18 9 7 3 1 1 0 0  aaaa99978888a9777629aa986987a689647555a346354
167783 1 18 9 7 3 2 1 0 0  aaaa99978888a9777629aa986987a689647354a536554
167825 1 18 9 8 4 2 1 0 0  aaaa99958888a9754729aa987987a789674635a666534
167831 1 18 9 8 5 2 1 0 0  aaaa99958888a9754729aa987987a789674365a653664
167861 1 18 9 9 4 2 1 0 0  aaaa99958888a9754279aa987986a489777635a666534
167867 1 18 9 9 5 2 1 0 0  aaaa99958888a9754279aa987986a489777365a653664
167879 1 18 9 10 1 2 1 0 0  aaaa99968888a9754629aa986987a689764375a753745
167881 1 18 9 10 2 0 1 0 0  aaaa99958888a9746629aa986987a689755374a736754
167891 1 18 9 10 3 2 1 0 0  aaaa99958888a9756629aa986987a689764375a753744
167897 1 18 9 10 4 2 1 0 0  aaaa99968888a9754269aa986987a489766375a753745
167899 1 18 9 10 5 0 1 0 0  aaaa99968888a9765559aa982987a589764376a763744
167901 1 18 9 10 5 1 1 0 0  aaaa99968888a9765529aa985987a589764376a763744
167902 1 18 9 10 5 2 0 0 0  aaaa99968888a9765339aa982987a589765476a764754
167903 1 18 9 10 5 2 1 0 0  aaaa99968888a9765249aa984987a589764376a763755
167912 1 18 10 0 1 1 0 0 0  aaaa99958888a9877279aa986987a769674654a563534
167914 1 18 10 0 1 2 0 0 0  aaaa99958888a9877279aa986987a769673645a464535
168007 1 18 10 2 5 0 1 0 0  aaaa99968888a9864779aa982987a759574576a363654
168077 1 18 10 4 4 2 1 0 0  aaaa99958888a9854779aa982987a779674635a666534
168083 1 18 10 4 5 2 1 0 0  aaaa99958888a9854779aa982987a779674365a653664
168115 1 18 10 5 5 0 1 0 0  aaaa99968888a9865729aa987987a479575356a763644
168119 1 18 10 5 5 2 1 0 0  aaaa99968888a9865729aa987987a579475346a763645
168149 1 18 10 6 4 2 1 0 0  aaaa99958888a9854729aa987987a779674635a666534
168155 1 18 10 6 5 2 1 0 0  aaaa99958888a9854729aa987987a779674365a653664
168157 1 18 10 7 0 0 1 0 0  aaaa99958888a9847779aa982987a769655674a336654
168223 1 18 10 8 5 0 1 0 0  aaaa99968888a9865729aa987987a779565336a764544
168227 1 18 10 8 5 2 1 0 0  aaaa99968888a9864729aa987987a779564356a763554
168257 1 18 10 9 4 2 1 0 0  aaaa99958888a9854779aa982986a479777635a666534
168263 1 18 10 9 5 2 1 0 0  aaaa99958888a9854779aa982986a479777365a653664
168293 1 18 10 10 4 2 1 0 0  aaaa99958888a9854279aa987986a479777635a666534
168299 1 18 10 10 5 2 1 0 0  aaaa99958888a9854279aa987986a479777365a653664
168443 1 18 11 3 5 2 1 0 0  aaaa99958888a9884779aa982977a779654365a653664
168485 1 18 11 5 0 2 1 0 0  aaaa99958888a9886729aa987976a679754665a374534
168509 1 18 11 5 4 2 1 0 0  aaaa99958888a9884729aa987976a679754365a673645
168516 1 18 11 6 0 0 0 0 0  aaaa99948888a9886729aa987977a579676663a535544
168521 1 18 11 6 0 2 1 0 0  aaaa99958888a9886729aa987977a479676665a354534
168659 1 18 11 9 5 2 1 0 0  aaaa99958888a9884729aa987977a779654365a653664
168697 1 18 12 0 0 0 1 0 0  aaaa99948888a9877279aa986976a769573556a658434
168699 1 18 12 0 0 1 1 0 0  aaaa99948888a9877279aa986976a769573556a648534
168701 1 18 12 0 0 2 1 0 0  aaaa99948888a9877279aa986976a769573654a548653
168731 1 18 12 0 5 2 1 0 0  aaaa99958888a9877279aa984976a749674365a638565
168748 1 18 12 1 2 2 0 0 0  aaaa99958888a9854779aa986977a379663267a658445
168767 1 18 12 1 5 2 1 0 0  aaaa99958888a9854779aa983977a479653267a658664
168835 1 18 12 3 5 0 1 0 0  aaaa99958888a9855779aa982977a779645364a638664
168868 1 18 12 4 4 2 0 0 0  aaaa99958888a9844779aa986977a479673265a658635
168875 1 18 12 4 5 2 1 0 0  aaaa99958888a9854779aa983977a479673265a658664
168901 1 18 12 5 4 0 1 0 0  aaaa99958888a9855749aa987976a679744363a678652
168905 1 18 12 5 4 2 1 0 0  aaaa99958888a9854739aa987976a679753265a678644
168911 1 18 12 5 5 2 1 0 0  aaaa99958888a9854739aa987976a479753265a678664
168940 1 18 12 6 4 2 0 0 0  aaaa99958888a9844769aa987977a479673265a658635
168947 1 18 12 6 5 2 1 0 0  aaaa99958888a9854739aa987977a479673265a658664
169051 1 18 12 9 5 0 1 0 0  aaaa99958888a9855729aa987977a779645364a638664
169198 1 18 13 2 5 2 0 0 0  aaaa99954887a9887789aa987976a389653765a644625
169250 1 18 13 4 2 1 0 0 0  aaaa99964886a9883789aa987974a489766576a553752
169267 1 18 13 4 5 0 1 0 0  aaaa99965882a9884789aa987975a589764376a563746
169288 1 18 13 5 2 2 0 0 0  aaaa99954887a9883789aa987976a389752765a666445
169300 1 18 13 5 4 2 0 0 0  aaaa99954887a9883789aa987976a689753765a644625
169306 1 18 13 5 5 2 0 0 0  aaaa99954887a9883789aa987976a389752765a644665
169345 1 18 13 7 0 0 1 0 0  aaaa99966887a9886289aa987977a489664755a533745
169388 1 18 13 8 1 1 0 0 0  aaaa99965887a9884789aa987977a389663765a652445
169390 1 18 13 8 1 2 0 0 0  aaaa99965887a9885789aa987977a589665764a644332
169396 1 18 13 8 2 2 0 0 0  aaaa99954887a9883789aa987977a389666765a652445
169408 1 18 13 8 4 2 0 0 0  aaaa99954887a9883789aa987977a389656765a644625
169414 1 18 13 8 5 2 0 0 0  aaaa99954887a9883789aa987977a389652765a644665
169452 1 18 13 10 0 0 0 0 0  aaaa99966884a9886289aa986957a589764573a734775
169453 1 18 13 10 0 0 1 0 0  aaaa99966882a9886589aa986957a489764575a734773
169457 1 18 13 10 0 2 1 0 0  aaaa99966886a9884389aa983957a689764572a755774
169474 1 18 13 10 3 2 0 0 0  aaaa99954886a9883689aa986967a389752675a744775
169540 1 18 14 1 2 2 0 0 0  aaaa99954888a9683779aa976988a879663765a752445
169613 1 18 14 3 2 2 1 0 0  aaaa99957888a9684279aa977988a879754666a353564
169619 1 18 14 3 3 2 1 0 0  aaaa99957888a9684279aa977988a879754666a356534
169625 1 18 14 3 4 2 1 0 0  aaaa99957888a9684279aa977988a879754635a666534
169631 1 18 14 3 5 2 1 0 0  aaaa99957888a9684279aa977988a879754365a653664
169648 1 18 14 4 2 2 0 0 0  aaaa99954888a9683779aa976988a879663775a652445
169697 1 18 14 5 4 2 1 0 0  aaaa99957888a9684779aa972988a879754635a666534
169703 1 18 14 5 5 2 1 0 0  aaaa99957888a9684779aa972988a879754365a653664
169792 1 18 14 8 2 2 0 0 0  aaaa99954888a9683279aa977988a879753765a666445
169800 1 18 14 8 4 0 0 0 0  aaaa99955888a9686279aa977988a879753764a644653
169804 1 18 14 8 4 2 0 0 0  aaaa99954888a9686279aa977988a879753765a644635
169810 1 18 14 8 5 2 0 0 0  aaaa99954888a9683279aa977988a879753765a644665
169812 1 18 14 9 0 0 0 0 0  aaaa99966888a9586279aa977988a879775646a545433
169820 1 18 14 9 1 1 0 0 0  aaaa99956888a9584279aa977988a879773666a546534
169822 1 18 14 9 1 2 0 0 0  aaaa99956888a9484279aa977988a879773666a456535
169884 1 18 15 0 0 0 0 0 0  aaaa99977883a9787489aa987988a469673655a526645
169885 1 18 15 0 0 0 1 0 0  aaaa99977885a9787589aa987988a569675643a436642
169887 1 18 15 0 0 1 1 0 0  aaaa99977883a9787289aa987988a569673654a546654
169888 1 18 15 0 0 2 0 0 0  aaaa99977884a9787289aa987988a669476645a653535
169889 1 18 15 0 0 2 1 0 0  aaaa99977882a9787689aa987988a669576654a543534
169903 1 18 15 0 3 0 1 0 0  aaaa99977886a9787289aa987988a469674655a533645
169914 1 18 15 0 5 0 0 0 0  aaaa99977882a9787489aa987988a459675563a634665
169915 1 18 15 0 5 0 1 0 0  aaaa99977885a9787289aa987988a459674563a654663
169919 1 18 15 0 5 2 1 0 0  aaaa99977887a9685789aa982988a749675464a635653
170009 1 18 15 3 2 2 1 0 0  aaaa99957887a9687289aa987988a479754666a353564
170015 1 18 15 3 3 2 1 0 0  aaaa99957887a9687289aa987988a479754666a356534
170021 1 18 15 3 4 2 1 0 0  aaaa99957887a9687289aa987988a479754635a666534
170027 1 18 15 3 5 2 1 0 0  aaaa99957887a9687289aa987988a479754365a653664
170064 1 18 15 5 0 0 0 0 0  aaaa99966887a9787289aa987988a679664545a735543
170087 1 18 15 5 3 2 1 0 0  aaaa99964887a9787289aa987988a479666365a753545
170095 1 18 15 5 5 0 1 0 0  aaaa99965887a9787289aa987988a479565356a763644
170099 1 18 15 5 5 2 1 0 0  aaaa99965887a9787289aa987988a579465346a763645
170141 1 18 15 7 0 2 1 0 0  aaaa99957887a9787289aa987988a469654675a356634
170147 1 18 15 7 1 2 1 0 0  aaaa99957887a9787289aa987988a469664675a356534
170153 1 18 15 7 2 2 1 0 0  aaaa99957887a9787289aa987988a469656676a354534
170159 1 18 15 7 3 2 1 0 0  aaaa99957887a9787289aa987988a469664675a353564
170165 1 18 15 7 4 2 1 0 0  aaaa99957887a9787289aa987988a469666675a354534
170167 1 18 15 7 5 0 1 0 0  aaaa99967887a9787289aa987988a459564576a363654
170169 1 18 15 7 5 1 1 0 0  aaaa99967887a9787289aa987988a459565576a364634
170170 1 18 15 7 5 2 0 0 0  aaaa99967887a9787289aa987988a549465476a365635
170171 1 18 15 7 5 2 1 0 0  aaaa99967887a9787289aa987988a539465376a465645
170208 1 18 15 9 0 0 0 0 0  aaaa99966887a9587289aa987988a679775646a545433
170316 1 18 16 1 0 0 0 0 0  aaaa99966887a9877289aa987987a669565384a735544
170317 1 18 16 1 0 0 1 0 0  aaaa99966887a9877289aa987987a669465585a735443
170318 1 18 16 1 0 1 0 0 0  aaaa99966887a9877289aa987987a669364584a755534
170319 1 18 16 1 0 1 1 0 0  aaaa99966887a9877289aa987987a669465583a755443
170320 1 18 16 1 0 2 0 0 0  aaaa99966887a9877289aa987987a669364485a754535
170321 1 18 16 1 0 2 1 0 0  aaaa99966887a9877289aa987987a639664385a754545
170351 1 18 16 1 5 2 1 0 0  aaaa99965887a9877289aa987987a549464386a763655
170573 1 18 16 8 0 2 1 0 0  aaaa99966887a9856789aa987987a769364285a754534
170598 1 18 16 8 5 0 0 0 0  aaaa99964887a9863789aa987987a759563586a762454
170635 1 18 16 9 5 0 1 0 0  aaaa99965887a9867289aa987985a579774386a563644
170639 1 18 16 9 5 2 1 0 0  aaaa99965887a9867389aa987983a579775486a464652
170671 1 18 16 10 5 0 1 0 0  aaaa99965887a9864289aa987985a579777386a563644
170675 1 18 16 10 5 2 1 0 0  aaaa99965887a9865389aa987983a579777486a464652
170800 1 18 17 3 2 2 0 0 0  aaaa99954886a9883789aa987987a779663765a652445
170834 1 18 17 4 2 1 0 0 0  aaaa99954886a9885789aa987987a379663767a652445
170836 1 18 17 4 2 2 0 0 0  aaaa99945886a9885789aa987987a579665767a644332
170866 1 18 17 5 1 2 0 0 0  aaaa99954887a9883789aa987987a379666665a752445
170884 1 18 17 5 4 2 0 0 0  aaaa99954887a9883789aa987987a379652665a744665
170888 1 18 17 5 5 1 0 0 0  aaaa99965887a9884789aa987987a379563456a764652
170933 1 18 17 7 0 2 1 0 0  aaaa99957887a9884289aa987987a769654675a356634
170934 1 18 17 7 1 0 0 0 0  aaaa99947887a9885289aa987987a769664673a556354
170936 1 18 17 7 1 1 0 0 0  aaaa99947887a9885289aa987987a769664673a536554
170939 1 18 17 7 1 2 1 0 0  aaaa99957887a9884289aa987987a769664675a356534
170940 1 18 17 7 2 0 0 0 0  aaaa99947887a9885289aa987987a769636676a535544
170945 1 18 17 7 2 2 1 0 0  aaaa99957887a9884289aa987987a769656676a354534
170948 1 18 17 7 3 1 0 0 0  aaaa99947887a9885289aa987987a769664673a555364
170951 1 18 17 7 3 2 1 0 0  aaaa99957887a9884289aa987987a769664675a353564
170952 1 18 17 7 4 0 0 0 0  aaaa99947887a9885289aa987987a769666673a535544
170957 1 18 17 7 4 2 1 0 0  aaaa99957887a9884289aa987987a769666675a354534
170959 1 18 17 7 5 0 1 0 0  aaaa99967887a9884289aa987987a759564576a363654
170961 1 18 17 7 5 1 1 0 0  aaaa99967887a9884289aa987987a759565576a364634
170962 1 18 17 7 5 2 0 0 0  aaaa99967887a9885289aa987987a749465476a365635
170963 1 18 17 7 5 2 1 0 0  aaaa99967887a9885289aa987987a739465376a465645
171000 1 18 17 9 0 0 0 0 0  aaaa99966887a9887489aa987984a679773656a553425
171124 1 18 18 1 2 2 0 0 0  aaaa99954888a9883779aa976987a869653775a644625
171130 1 18 18 1 3 2 0 0 0  aaaa99954888a9883779aa976987a869653776a652445
171154 1 18 18 2 1 2 0 0 0  aaaa99954888a9883779aa976987a879663665a752445
171175 1 18 18 2 5 0 1 0 0  aaaa99965888a9884779aa972987a879565356a763644
171179 1 18 18 2 5 2 1 0 0  aaaa99965888a9885779aa972987a879465346a763645
171197 1 18 18 3 2 2 1 0 0  aaaa99957888a9884279aa977986a879754666a353564
171203 1 18 18 3 3 2 1 0 0  aaaa99957888a9884279aa977986a879754666a356534
171209 1 18 18 3 4 2 1 0 0  aaaa99957888a9884279aa977986a879754635a666534
171215 1 18 18 3 5 2 1 0 0  aaaa99957888a9884279aa977986a879754365a653664
171226 1 18 18 4 1 2 0 0 0  aaaa99954888a9883779aa976987a869653675a762445
171232 1 18 18 4 2 2 0 0 0  aaaa99954888a9883779aa976987a869653676a752445
171238 1 18 18 4 3 2 0 0 0  aaaa99954888a9883779aa976987a869653675a744625
171244 1 18 18 4 4 2 0 0 0  aaaa99954888a9883779aa976987a869663675a752445
171359 1 18 18 7 5 2 1 0 0  aaaa99957888a9884779aa972987a879654365a653664
171368 1 18 18 8 1 1 0 0 0  aaaa99956888a9884279aa977987a879573666a546534
171370 1 18 18 8 1 2 0 0 0  aaaa99956888a9883279aa977987a879474666a456535
171396 1 18 18 9 0 0 0 0 0  aaaa99966888a9886479aa977984a879773656a553425
171406 1 18 18 9 1 2 0 0 0  aaaa99956888a9883479aa977984a879773666a456525
171479 1 18 19 0 1 2 1 0 0  aaaa99977888a9854279aa986987a789676665a354534
171481 1 18 19 0 2 0 1 0 0  aaaa99977888a9855279aa986987a789676465a644353
171485 1 18 19 0 2 2 1 0 0  aaaa99977888a9854279aa986987a789676365a653544
171571 1 18 19 2 5 0 1 0 0  aaaa99965888a9864779aa982987a789575376a563644
171575 1 18 19 2 5 2 1 0 0  aaaa99965888a9865779aa983987a789375476a464652
171660 1 18 19 5 2 0 0 0 0  aaaa99955888a9844729aa987987a589677675a663463
171664 1 18 19 5 2 2 0 0 0  aaaa99954888a9844729aa987987a389677675a663565
171670 1 18 19 5 3 2 0 0 0  aaaa99954888a9853729aa987987a389677676a656445
171676 1 18 19 5 4 2 0 0 0  aaaa99954888a9853729aa987987a389677675a666445
171678 1 18 19 5 5 0 0 0 0  aaaa99965888a9864759aa987987a389577476a264653
171679 1 18 19 5 5 0 1 0 0  aaaa99964888a9864759aa987987a489577576a563632
171680 1 18 19 5 5 1 0 0 0  aaaa99965888a9863749aa987987a389477576a565642
171683 1 18 19 5 5 2 1 0 0  aaaa99965888a9865739aa987987a589377476a464652
171689 1 18 19 6 0 2 1 0 0  aaaa99966888a9856769aa987987a789364275a754534
171715 1 18 19 6 5 0 1 0 0  aaaa99965888a9864729aa987987a789565376a763544
171719 1 18 19 6 5 2 1 0 0  aaaa99965888a9865729aa987987a789465376a763445
171751 1 18 19 7 5 0 1 0 0  aaaa99967888a9865779aa982987a789565476a464533
171755 1 18 19 7 5 2 1 0 0  aaaa99967888a9864779aa982987a789564376a563554
171787 1 18 19 8 5 0 1 0 0  aaaa99965888a9864729aa987987a789575376a563644
171791 1 18 19 8 5 2 1 0 0  aaaa99965888a9865739aa987987a789375476a464652
171823 1 18 19 9 5 0 1 0 0  aaaa99965888a9864279aa987985a589777376a563644
171827 1 18 19 9 5 2 1 0 0  aaaa99965888a9865379aa987983a589777476a464652
171841 1 18 19 10 2 0 1 0 0  aaaa99956888a9846629aa986987a689755374a735774
171851 1 18 19 10 3 2 1 0 0  aaaa99956888a9854629aa986987a689764375a753774
171859 1 18 19 10 5 0 1 0 0  aaaa99965888a9864559aa982987a589764376a763774
171861 1 18 19 10 5 1 1 0 0  aaaa99965888a9864529aa985987a589764376a763774
171863 1 18 19 10 5 2 1 0 0  aaaa99965888a9865249aa984987a589764376a763775
171916 1 18 20 1 2 2 0 0 0  aaaa99954888a9883779aa986987a779663765a652445
171988 1 18 20 3 2 2 0 0 0  aaaa99954888a9883769aa987987a779663765a652445
172054 1 18 20 5 1 2 0 0 0  aaaa99954888a9883769aa987987a379676665a752445
172075 1 18 20 5 5 0 1 0 0  aaaa99965888a9884729aa987987a479575356a763646
172121 1 18 20 7 0 2 1 0 0  aaaa99957888a9884779aa982987a769654675a356634
172162 1 18 20 8 1 2 0 0 0  aaaa99954888a9883769aa987987a779663665a752445
172183 1 18 20 8 5 0 1 0 0  aaaa99965888a9884729aa987987a779565356a763644
172187 1 18 20 8 5 2 1 0 0  aaaa99965888a9885729aa987987a779465346a763645
172261 1 18 21 0 0 0 1 0 0  aaaa99977888a9888729aa976986a379576565a546434
172264 1 18 21 0 0 2 0 0 0  aaaa99977888a9888729aa976986a479576364a536554
172265 1 18 21 0 0 2 1 0 0  aaaa99977888a9888739aa976985a679673264a546554
172272 1 18 21 0 2 0 0 0 0  aaaa99977888a9888729aa976986a679575364a635544
172273 1 18 21 0 2 0 1 0 0  aaaa99977888a9888749aa976986a679474565a635523
172312 1 18 21 1 2 2 0 0 0  aaaa99954888a9888779aa976987a369653775a644625
172367 1 18 21 2 5 2 1 0 0  aaaa99965888a9888779aa972987a579465346a763645
172384 1 18 21 3 2 2 0 0 0  aaaa99954888a9888769aa937987a779663765a652445
172404 1 18 21 4 0 0 0 0 0  aaaa99966888a9888779aa972987a669565374a735544
172405 1 18 21 4 0 0 1 0 0  aaaa99966888a9888779aa974987a669464575a735523
172420 1 18 21 4 2 2 0 0 0  aaaa99954888a9888779aa976987a369653676a752445
172547 1 18 21 7 5 2 1 0 0  aaaa99957888a9888779aa972987a479654365a653664
172583 1 18 21 8 5 2 1 0 0  aaaa99965888a9888729aa957987a779465346a763645
172584 1 18 21 9 0 0 0 0 0  aaaa99966888a9888479aa977984a679773656a553425
172657 1 18 22 0 0 0 1 0 0  aaaa99977268a9776789aa978965a589888654a345364
172658 1 18 22 0 0 1 0 0 0  aaaa99977268a9776789aa978965a489888634a555364
172659 1 18 22 0 0 1 1 0 0  aaaa99977268a9776789aa978963a389888654a555464
172686 1 18 22 0 5 0 0 0 0  aaaa99977258a9775789aa978965a489888643a666345
172687 1 18 22 0 5 0 1 0 0  aaaa99977558a9773789aa978965a389888654a666424
172757 1 18 22 2 4 2 1 0 0  aaaa99957778a9754289aa978976a489888635a666534
172763 1 18 22 2 5 2 1 0 0  aaaa99957778a9754289aa978976a489888365a653664
172939 1 18 22 7 5 0 1 0 0  aaaa99965778a9764289aa978975a589888376a563644
172943 1 18 22 7 5 2 1 0 0  aaaa99965778a9765389aa978973a589888476a464652
173197 1 19 0 4 0 0 1 0 0  aaaa99988787a9785289aa986986a476955767a364534
173410 1 19 0 9 5 2 0 0 0  aaaa99988787a9685289aa987986a577975364a635644
173411 1 19 0 9 5 2 1 0 0  aaaa99988787a9685289aa987986a577975463a644653
173647 1 19 1 5 3 0 1 0 0  aaaa99988888a9777669aa985967a625974678a534543
173755 1 19 1 8 3 0 1 0 0  aaaa99988888a9666779aa985977a725964768a534543
173861 1 19 2 0 2 2 1 0 0  aaaa99977888a9774769aa986966a762954835a858534
173873 1 19 2 0 4 2 1 0 0  aaaa99977888a9774769aa986926a766954835a858534
173897 1 19 2 1 2 2 1 0 0  aaaa99954888a9777779aa986967a662964835a858534
173903 1 19 2 1 3 2 1 0 0  aaaa99954888a9777779aa986967a662954835a868534
173909 1 19 2 1 4 2 1 0 0  aaaa99954888a9777779aa986927a666964835a858534
173915 1 19 2 1 5 2 1 0 0  aaaa99954888a9777779aa986927a466966835a858534
173933 1 19 2 2 2 2 1 0 0  aaaa99974888a9777769aa986967a662954835a858534
173945 1 19 2 2 4 2 1 0 0  aaaa99974888a9777769aa986927a666954835a858534
173963 1 19 2 3 1 2 1 0 0  aaaa99954888a9666779aa986977a772964835a858534
174023 1 19 2 4 5 2 1 0 0  aaaa99954888a9777769aa987927a466966835a858534
174115 1 19 2 7 3 0 1 0 0  aaaa99973888a9777669aa985967a652947854a868534
174133 1 19 2 8 0 0 1 0 0  aaaa99966888a9663779aa985977a752946854a878534
174179 1 19 2 9 1 2 1 0 0  aaaa99954888a9666769aa987977a772964835a858534
174215 1 19 2 10 1 2 1 0 0  aaaa99954888a9666679aa987926a477977835a858534
174313 1 19 3 2 0 0 1 0 0  aaaa99988888a9777729aa986987a665975564a346354
174359 1 19 3 3 1 2 1 0 0  aaaa99988888a9666729aa987987a776954735a654534
174421 1 19 3 5 0 0 1 0 0  aaaa99988888a9777669aa982987a665975574a346354
174439 1 19 3 5 3 0 1 0 0  aaaa99988888a9777629aa986987a665975574a346354
174467 1 19 3 6 1 2 1 0 0  aaaa99988888a9666729aa987987a777954665a354534
174469 1 19 3 6 2 0 1 0 0  aaaa99988888a9666729aa987987a777955465a644353
174473 1 19 3 6 2 2 1 0 0  aaaa99988888a9666729aa987987a777954365a653544
174485 1 19 3 6 4 2 1 0 0  aaaa99988888a9654729aa987987a777954635a666534
174491 1 19 3 6 5 2 1 0 0  aaaa99988888a9654729aa987987a777954365a653664
174563 1 19 3 8 5 2 1 0 0  aaaa99988888a9754729aa987987a776954635a666534
174599 1 19 3 9 5 2 1 0 0  aaaa99988888a9654779aa982986a477977365a653645
174635 1 19 3 10 5 2 1 0 0  aaaa99988888a9654279aa987986a477977365a653645
174652 1 19 4 0 2 2 0 0 0  aaaa99958888a9774769aa986987a376973625a644585
174744 1 19 4 3 0 0 0 0 0  aaaa99968888a9665729aa987987a776955745a643483
174745 1 19 4 3 0 0 1 0 0  aaaa99968888a9665739aa987987a776953724a655484
174749 1 19 4 3 0 2 1 0 0  aaaa99968888a9664739aa987987a776953725a654584
174751 1 19 4 3 1 0 1 0 0  aaaa99958888a9666729aa987987a776955734a645384
174857 1 19 4 6 0 2 1 0 0  aaaa99968888a9664729aa987987a777954665a353584
174859 1 19 4 6 1 0 1 0 0  aaaa99958888a9666729aa987987a777955664a345384
174865 1 19 4 6 2 0 1 0 0  aaaa99958888a9666729aa987987a777955364a635484
174869 1 19 4 6 2 2 1 0 0  aaaa99958888a9666739aa987987a777953465a644582
174877 1 19 4 6 4 0 1 0 0  aaaa99958888a9655729aa987987a777945634a666384
174887 1 19 4 6 5 2 1 0 0  aaaa99968888a9564729aa987987a777964356a563584
174893 1 19 4 7 0 2 1 0 0  aaaa99978888a9777669aa982987a665947534a556384
174894 1 19 4 7 1 0 0 0 0  aaaa99978888a9777629aa986987a665957645a543483
174895 1 19 4 7 1 0 1 0 0  aaaa99978888a9777629aa986987a665957645a435483
174899 1 19 4 7 1 2 1 0 0  aaaa99978888a9777629aa986987a665947634a555384
174901 1 19 4 7 2 0 1 0 0  aaaa99978888a9777629aa986987a666947554a335584
174903 1 19 4 7 2 1 1 0 0  aaaa99978888a9777629aa986987a666947555a345384
174905 1 19 4 7 2 2 1 0 0  aaaa99978888a9777629aa986987a666947534a555384
174911 1 19 4 7 3 2 1 0 0  aaaa99978888a9777629aa986987a665947534a556384
174955 1 19 4 8 5 0 1 0 0  aaaa99958888a9755729aa987987a776945634a666384
174995 1 19 4 9 5 2 1 0 0  aaaa99958888a9654779aa982986a477977365a653684
175031 1 19 4 10 5 2 1 0 0  aaaa99958888a9654279aa987986a477977365a653684
175217 1 19 5 5 0 2 1 0 0  aaaa99976887a9877289aa987986a687954665a354534
175330 1 19 5 8 1 2 0 0 0  aaaa99964887a9853789aa987987a786963675a652445
175412 1 19 5 10 3 1 0 0 0  aaaa99975886a9874689aa986986a385973567a475742
175414 1 19 5 10 3 2 0 0 0  aaaa99975886a9875689aa986986a584975367a473742
175422 1 19 5 10 5 0 0 0 0  aaaa99976885a9876289aa985985a683976357a476744
175427 1 19 5 10 5 2 1 0 0  aaaa99976882a9876489aa984984a685976537a575736
175433 1 19 6 0 0 2 1 0 0  aaaa99958888a9776729aa986987a676974835a654534
175547 1 19 6 3 1 2 1 0 0  aaaa99958888a9666729aa987987a776954837a654534
175577 1 19 6 4 0 2 1 0 0  aaaa99958888a9777729aa987987a466954865a363564
175625 1 19 6 5 2 2 1 0 0  aaaa99978888a9777629aa986987a666954875a354534
175649 1 19 6 6 0 2 1 0 0  aaaa99968888a9664729aa987987a777954835a656534
175667 1 19 6 6 3 2 1 0 0  aaaa99968888a9666729aa987987a777954865a354534
175769 1 19 6 9 2 2 1 0 0  aaaa99958888a9666779aa982986a477977865a354534
175805 1 19 6 10 2 2 1 0 0  aaaa99958888a9666279aa987986a477977865a354534
175824 1 19 7 0 0 0 0 0 0  aaaa99988888a9877279aa986976a765975546a643453
175825 1 19 7 0 0 0 1 0 0  aaaa99988888a9877279aa986976a765975546a633445
175967 1 19 7 3 5 2 1 0 0  aaaa99988888a9854779aa982977a776954635a666534
176004 1 19 7 5 0 0 0 0 0  aaaa99988888a9866729aa987973a675975636a754454
176077 1 19 7 7 0 0 1 0 0  aaaa99988888a9866779aa984977a664964755a533725
176183 1 19 7 9 5 2 1 0 0  aaaa99988888a9854729aa987977a776954635a666534
176257 1 19 8 1 0 0 1 0 0  aaaa99958888a9777279aa986988a676955674a345364
176303 1 19 8 2 1 2 1 0 0  aaaa99978888a9777629aa986988a676954675a354534
176339 1 19 8 3 1 2 1 0 0  aaaa99958888a9666779aa982988a777974665a354534
176345 1 19 8 3 2 2 1 0 0  aaaa99958888a9666779aa982988a777974365a653544
176357 1 19 8 3 4 2 1 0 0  aaaa99958888a9654779aa982988a777974635a666534
176363 1 19 8 3 5 2 1 0 0  aaaa99958888a9654779aa982988a777974365a653664
176365 1 19 8 4 0 0 1 0 0  aaaa99958888a9777669aa982988a676955774a345364
176381 1 19 8 4 2 2 1 0 0  aaaa99958888a9777629aa986988a676964775a354534
176383 1 19 8 4 3 0 1 0 0  aaaa99958888a9777629aa986988a676955774a345364
176393 1 19 8 4 4 2 1 0 0  aaaa99958888a9777669aa982988a476966775a354534
176399 1 19 8 4 5 2 1 0 0  aaaa99958888a9777269aa986988a476966775a354534
176413 1 19 8 5 2 0 1 0 0  aaaa99978888a9777629aa986988a666955475a744353
176417 1 19 8 5 2 2 1 0 0  aaaa99978888a9777629aa986988a666954375a753544
176429 1 19 8 5 4 2 1 0 0  aaaa99978888a9777669aa982988a466964375a753545
176435 1 19 8 5 5 2 1 0 0  aaaa99978888a9777269aa986988a466964375a753545
176447 1 19 8 6 1 2 1 0 0  aaaa99958888a9666729aa987988a777974665a354534
176453 1 19 8 6 2 2 1 0 0  aaaa99958888a9666729aa987988a777974365a653544
176465 1 19 8 6 4 2 1 0 0  aaaa99958888a9654729aa987988a777974635a666534
176471 1 19 8 6 5 2 1 0 0  aaaa99958888a9654729aa987988a777974365a653664
176483 1 19 8 7 1 2 1 0 0  aaaa99978888a9777269aa986988a763954675a653544
176531 1 19 8 8 3 2 1 0 0  aaaa99968888a9666779aa982988a477974375a653545
176539 1 19 8 8 5 0 1 0 0  aaaa99968888a9565779aa982988a577974376a563644
176543 1 19 8 8 5 2 1 0 0  aaaa99968888a9365779aa982988a577975476a464635
176555 1 19 8 9 1 2 1 0 0  aaaa99958888a9666779aa982988a477977665a354534
176561 1 19 8 9 2 2 1 0 0  aaaa99958888a9666779aa982988a477977365a653544
176573 1 19 8 9 4 2 1 0 0  aaaa99958888a9654779aa982988a477977635a666534
176579 1 19 8 9 5 2 1 0 0  aaaa99958888a9654779aa982988a477977365a653664
176591 1 19 8 10 1 2 1 0 0  aaaa99958888a9666279aa987988a477977665a354534
176597 1 19 8 10 2 2 1 0 0  aaaa99958888a9666279aa987988a477977365a653544
176609 1 19 8 10 4 2 1 0 0  aaaa99958888a9654279aa987988a477977635a666534
176615 1 19 8 10 5 2 1 0 0  aaaa99958888a9654279aa987988a477977365a653664
176687 1 19 9 1 5 2 1 0 0  aaaa99958888a9777779aa982987a486954635a666534
176729 1 19 9 3 0 2 1 0 0  aaaa99968888a9664729aa987987a787954735a656534
176747 1 19 9 3 3 2 1 0 0  aaaa99968888a9666729aa987987a787954765a354534
176795 1 19 9 4 5 2 1 0 0  aaaa99958888a9777729aa987987a486954635a666534
176807 1 19 9 5 1 2 1 0 0  aaaa99978888a9777629aa986987a686954675a354534
176843 1 19 9 6 1 2 1 0 0  aaaa99958888a9666729aa987987a787974665a354534
176849 1 19 9 6 2 2 1 0 0  aaaa99958888a9666729aa987987a787974365a653544
176861 1 19 9 6 4 2 1 0 0  aaaa99958888a9654729aa987987a787974635a666534
176867 1 19 9 6 5 2 1 0 0  aaaa99958888a9654729aa987987a787974365a653664
176869 1 19 9 7 0 0 1 0 0  aaaa99978888a9777669aa982987a686947554a335564
176871 1 19 9 7 0 1 1 0 0  aaaa99978888a9777669aa982987a686947555a345364
176873 1 19 9 7 0 2 1 0 0  aaaa99978888a9777669aa982987a686947534a555364
176887 1 19 9 7 3 0 1 0 0  aaaa99978888a9777629aa986987a686947554a335564
176889 1 19 9 7 3 1 1 0 0  aaaa99978888a9777629aa986987a686947555a345364
176891 1 19 9 7 3 2 1 0 0  aaaa99978888a9777629aa986987a686947534a555364
176933 1 19 9 8 4 2 1 0 0  aaaa99968888a9754729aa987987a787954635a666534
176935 1 19 9 8 5 0 1 0 0  aaaa99968888a9764729aa987987a787964556a365534
176937 1 19 9 8 5 1 1 0 0  aaaa99968888a9764729aa987987a787964536a565534
176939 1 19 9 8 5 2 1 0 0  aaaa99968888a9764729aa987987a787964356a563554
176951 1 19 9 9 1 2 1 0 0  aaaa99958888a9666279aa987987a487977665a354534
176957 1 19 9 9 2 2 1 0 0  aaaa99958888a9666279aa987987a487977365a653544
176969 1 19 9 9 4 2 1 0 0  aaaa99958888a9654279aa987987a487977635a666534
176975 1 19 9 9 5 2 1 0 0  aaaa99958888a9654279aa987987a487977365a653664
176993 1 19 9 10 2 2 1 0 0  aaaa99958888a9754629aa986987a686964375a753774
176995 1 19 9 10 3 0 1 0 0  aaaa99958888a9746629aa986987a686955374a735774
177005 1 19 9 10 4 2 1 0 0  aaaa99958888a9754669aa982987a486966375a753774
177011 1 19 9 10 5 2 1 0 0  aaaa99958888a9754269aa986987a486966375a753774
177017 1 19 10 0 0 2 1 0 0  aaaa99958888a9877679aa986987a762974635a654534
177020 1 19 10 0 1 1 0 0 0  aaaa99958888a9877279aa986987a766974564a553634
177022 1 19 10 0 1 2 0 0 0  aaaa99958888a9877279aa986987a766973465a453645
177025 1 19 10 0 2 0 1 0 0  aaaa99958888a9877279aa986987a766974566a534543
177026 1 19 10 0 2 1 0 0 0  aaaa99958888a9877279aa986987a766974566a553443
177119 1 19 10 2 5 2 1 0 0  aaaa99968888a9865779aa983987a737965276a465445
177185 1 19 10 4 4 2 1 0 0  aaaa99968888a9854779aa982987a777954635a666534
177187 1 19 10 4 5 0 1 0 0  aaaa99968888a9864779aa982987a777964556a365534
177189 1 19 10 4 5 1 1 0 0  aaaa99968888a9864779aa982987a777964536a565534
177191 1 19 10 4 5 2 1 0 0  aaaa99968888a9864779aa982987a777964356a563554
177223 1 19 10 5 5 0 1 0 0  aaaa99968888a9865729aa987987a477964556a365734
177225 1 19 10 5 5 1 1 0 0  aaaa99968888a9865729aa987987a477964536a565734
177226 1 19 10 5 5 2 0 0 0  aaaa99968888a9865729aa987987a577965346a365744
177227 1 19 10 5 5 2 1 0 0  aaaa99968888a9865729aa987987a577965436a464735
177257 1 19 10 6 4 2 1 0 0  aaaa99968888a9854729aa987987a777954635a666534
177259 1 19 10 6 5 0 1 0 0  aaaa99968888a9864729aa987987a777964556a365534
177261 1 19 10 6 5 1 1 0 0  aaaa99968888a9864729aa987987a777964536a565534
177263 1 19 10 6 5 2 1 0 0  aaaa99968888a9864729aa987987a777964356a563554
177265 1 19 10 7 0 0 1 0 0  aaaa99968888a9857779aa982987a766955476a644353
177269 1 19 10 7 0 2 1 0 0  aaaa99968888a9857779aa982987a766954376a653544
177335 1 19 10 8 5 2 1 0 0  aaaa99968888a9865739aa987987a773965246a765445
177365 1 19 10 9 4 2 1 0 0  aaaa99958888a9854779aa982986a477977635a666534
177371 1 19 10 9 5 2 1 0 0  aaaa99958888a9854779aa982986a477977365a653664
177401 1 19 10 10 4 2 1 0 0  aaaa99958888a9854279aa987986a477977635a666534
177407 1 19 10 10 5 2 1 0 0  aaaa99958888a9854279aa987986a477977365a653664
177551 1 19 11 3 5 2 1 0 0  aaaa99958888a9884779aa982977a776954635a666534
177624 1 19 11 6 0 0 0 0 0  aaaa99948888a9886729aa987977a576976663a535544
177629 1 19 11 6 0 2 1 0 0  aaaa99958888a9886729aa987977a476976665a354534
177701 1 19 11 8 0 2 1 0 0  aaaa99958888a9884779aa982977a766954765a363564
177767 1 19 11 9 5 2 1 0 0  aaaa99958888a9884729aa987977a776954635a666534
177805 1 19 12 0 0 0 1 0 0  aaaa99948888a9877279aa986976a765975536a648354
177809 1 19 12 0 0 2 1 0 0  aaaa99958888a9877279aa986976a763973645a458645
177839 1 19 12 0 5 2 1 0 0  aaaa99948888a9877279aa985976a755975364a638664
177875 1 19 12 1 5 2 1 0 0  aaaa99968888a9865779aa982977a574965437a468635
177876 1 19 12 2 0 0 0 0 0  aaaa99948888a9866779aa985977a665972756a538443
177948 1 19 12 4 0 0 0 0 0  aaaa99948888a9866779aa985977a675972656a538443
177983 1 19 12 4 5 2 1 0 0  aaaa99968888a9865779aa982977a574975436a468635
177984 1 19 12 5 0 0 0 0 0  aaaa99958888a9866759aa987974a675972636a758434
178019 1 19 12 5 5 2 1 0 0  aaaa99968888a9865739aa987974a573975246a768645
178020 1 19 12 6 0 0 0 0 0  aaaa99948888a9866759aa987977a675972656a538443
178050 1 19 12 6 5 0 0 0 0  aaaa99968888a9865729aa987977a375975446a568643
178055 1 19 12 6 5 2 1 0 0  aaaa99968888a9865729aa987977a574975436a468635
178370 1 19 13 4 4 1 0 0 0  aaaa99975886a9884789aa987975a386973657a662454
178372 1 19 13 4 4 2 0 0 0  aaaa99975886a9885789aa987974a586975637a662434
178394 1 19 13 5 2 1 0 0 0  aaaa99954887a9885789aa987976a386973765a662445
178396 1 19 13 5 2 2 0 0 0  aaaa99945887a9885789aa987976a586975763a662443
178453 1 19 13 7 0 0 1 0 0  aaaa99966887a9886289aa987977a486964755a533745
178498 1 19 13 8 1 2 0 0 0  aaaa99954887a9883789aa987977a386966765a652445
178516 1 19 13 8 4 2 0 0 0  aaaa99954887a9883789aa987977a386952765a666445
178520 1 19 13 8 5 1 0 0 0  aaaa99965887a9884789aa987977a385963746a565642
178560 1 19 13 10 0 0 0 0 0  aaaa99966884a9886289aa986975a587964753a777345
178561 1 19 13 10 0 0 1 0 0  aaaa99966882a9886589aa986975a487964755a777343
178565 1 19 13 10 0 2 1 0 0  aaaa99966886a9884389aa983975a687964752a777554
178582 1 19 13 10 3 2 0 0 0  aaaa99954886a9883689aa986976a387952765a777445
178721 1 19 14 3 2 2 1 0 0  aaaa99957888a9684279aa977988a877954666a353564
178727 1 19 14 3 3 2 1 0 0  aaaa99957888a9684279aa977988a877954666a356534
178733 1 19 14 3 4 2 1 0 0  aaaa99957888a9684279aa977988a877954635a666534
178739 1 19 14 3 5 2 1 0 0  aaaa99957888a9684279aa977988a877954365a653664
178750 1 19 14 4 1 2 0 0 0  aaaa99954888a9683779aa976988a876963775a652445
178805 1 19 14 5 4 2 1 0 0  aaaa99957888a9684779aa972988a877954635a666534
178811 1 19 14 5 5 2 1 0 0  aaaa99957888a9684779aa972988a877954365a653664
178879 1 19 14 7 5 0 1 0 0  aaaa99965888a9585779aa942988a877964376a573646
178896 1 19 14 8 2 0 0 0 0  aaaa99955888a9685279aa977988a877944675a663463
178900 1 19 14 8 2 2 0 0 0  aaaa99954888a9683279aa977988a877944675a663565
178906 1 19 14 8 3 2 0 0 0  aaaa99954888a9683279aa977988a877953676a656445
178912 1 19 14 8 4 2 0 0 0  aaaa99954888a9683279aa977988a877953675a666445
178915 1 19 14 8 5 0 1 0 0  aaaa99965888a9585279aa977988a877964376a563644
178916 1 19 14 8 5 1 0 0 0  aaaa99965888a9484279aa977988a877964576a565633
178919 1 19 14 8 5 2 1 0 0  aaaa99965888a9385279aa977988a877965476a464635
178920 1 19 14 9 0 0 0 0 0  aaaa99966888a9586279aa977988a877975646a545433
178928 1 19 14 9 1 1 0 0 0  aaaa99956888a9584279aa977988a877973666a546534
178930 1 19 14 9 1 2 0 0 0  aaaa99956888a9484279aa977988a877973666a456535
178992 1 19 15 0 0 0 0 0 0  aaaa99977883a9787489aa987988a466973565a564265
178993 1 19 15 0 0 0 1 0 0  aaaa99977885a9787589aa987988a566975463a464362
178995 1 19 15 0 0 1 1 0 0  aaaa99977883a9787289aa987988a566973564a565464
178996 1 19 15 0 0 2 0 0 0  aaaa99977884a9787289aa987988a664976635a654535
178997 1 19 15 0 0 2 1 0 0  aaaa99977882a9787689aa987988a665976643a555443
178999 1 19 15 0 1 0 1 0 0  aaaa99977886a9787289aa987988a466974565a533645
179022 1 19 15 0 5 0 0 0 0  aaaa99977882a9787489aa987988a456975653a666345
179023 1 19 15 0 5 0 1 0 0  aaaa99977885a9787289aa987988a456974653a666543
179027 1 19 15 0 5 2 1 0 0  aaaa99977887a9582789aa984988a746974653a666553
179080 1 19 15 2 2 2 0 0 0  aaaa99954887a9787789aa987988a366963275a656445
179109 1 19 15 3 1 1 1 0 0  aaaa99956887a9784289aa987988a477955666a356734
179119 1 19 15 3 3 0 1 0 0  aaaa99965887a9784289aa987988a477955666a356734
179125 1 19 15 3 4 0 1 0 0  aaaa99965887a9784289aa987988a477955635a666734
179172 1 19 15 5 0 0 0 0 0  aaaa99966887a9787289aa987988a676964545a735543
179203 1 19 15 5 5 0 1 0 0  aaaa99965887a9787289aa987988a475965536a764634
179207 1 19 15 5 5 2 1 0 0  aaaa99965887a9787289aa987988a574965436a764635
179219 1 19 15 6 1 2 1 0 0  aaaa99956887a9787289aa987988a477954666a356534
179239 1 19 15 6 5 0 1 0 0  aaaa99965887a9787289aa987988a477964556a365634
179241 1 19 15 6 5 1 1 0 0  aaaa99965887a9787289aa987988a477964536a565634
179242 1 19 15 6 5 2 0 0 0  aaaa99965887a9787289aa987988a577965346a365644
179243 1 19 15 6 5 2 1 0 0  aaaa99965887a9787289aa987988a577965436a464635
179245 1 19 15 7 0 0 1 0 0  aaaa99967887a9787289aa987988a566955476a644533
179249 1 19 15 7 0 2 1 0 0  aaaa99967887a9787289aa987988a466954376a653545
179251 1 19 15 7 1 0 1 0 0  aaaa99967887a9787289aa987988a466956576a534543
179256 1 19 15 7 2 0 0 0 0  aaaa99957887a9787289aa987988a566964374a636554
179257 1 19 15 7 2 0 1 0 0  aaaa99957887a9787389aa987988a366965274a646554
179261 1 19 15 7 2 2 1 0 0  aaaa99957887a9787389aa987988a366964275a656544
179262 1 19 15 7 3 0 0 0 0  aaaa99957887a9787489aa987988a466936276a655354
179263 1 19 15 7 3 0 1 0 0  aaaa99957887a9787389aa987988a366946276a655454
179267 1 19 15 7 3 2 1 0 0  aaaa99957887a9787289aa987988a466956376a653544
179273 1 19 15 7 4 2 1 0 0  aaaa99957887a9787289aa987988a466966375a653544
179279 1 19 15 7 5 2 1 0 0  aaaa99957887a9787289aa987988a436953675a666544
179329 1 19 15 9 2 0 1 0 0  aaaa99965887a9784389aa987988a377974666a525546
179332 1 19 15 9 2 2 0 0 0  aaaa99965887a9785289aa987988a577975666a344436
179431 1 19 16 1 1 0 1 0 0  aaaa99965887a9877389aa987987a366956486a744552
179435 1 19 16 1 1 2 1 0 0  aaaa99964887a9877289aa987987a466956386a753545
179440 1 19 16 1 2 2 0 0 0  aaaa99965887a9877289aa987987a566965384a735644
179441 1 19 16 1 2 2 1 0 0  aaaa99965887a9877289aa987987a566965483a744653
179443 1 19 16 1 3 0 1 0 0  aaaa99965887a9877389aa987987a364966685a744552
179447 1 19 16 1 3 2 1 0 0  aaaa99964887a9877289aa987987a463966685a753545
179453 1 19 16 1 4 2 1 0 0  aaaa99964887a9877289aa987987a466966385a753545
179455 1 19 16 1 5 0 1 0 0  aaaa99965887a9877289aa987987a453965586a763644
179457 1 19 16 1 5 1 1 0 0  aaaa99965887a9877289aa987987a455965386a763644
179458 1 19 16 1 5 2 0 0 0  aaaa99965887a9877289aa987987a534965386a764654
179459 1 19 16 1 5 2 1 0 0  aaaa99965887a9877289aa987987a544964386a763655
179512 1 19 16 3 2 2 0 0 0  aaaa99954887a9873789aa987987a766963285a656445
179548 1 19 16 4 2 2 0 0 0  aaaa99954887a9877789aa987987a366963285a656445
179569 1 19 16 5 0 0 1 0 0  aaaa99976887a9877289aa987986a676955485a644353
179573 1 19 16 5 0 2 1 0 0  aaaa99976887a9877289aa987986a676954385a653544
179592 1 19 16 5 4 0 0 0 0  aaaa99974887a9877589aa987985a376956684a663524
179614 1 19 16 6 1 2 0 0 0  aaaa99964887a9853789aa987987a776963685a652445
179640 1 19 16 7 0 0 0 0 0  aaaa99976887a9877289aa987986a656954583a637445
179664 1 19 16 7 4 0 0 0 0  aaaa99975887a9877289aa987985a566966384a637544
179665 1 19 16 7 4 0 1 0 0  aaaa99974887a9877589aa987985a466966385a637542
179670 1 19 16 7 5 0 0 0 0  aaaa99975887a9877289aa987985a543964386a567646
179671 1 19 16 7 5 0 1 0 0  aaaa99975887a9877489aa987984a453965586a367626
179710 1 19 16 8 5 2 0 0 0  aaaa99965887a9865789aa987987a744965286a764353
179711 1 19 16 8 5 2 1 0 0  aaaa99965887a9865789aa987987a724965486a764353
179743 1 19 16 9 5 0 1 0 0  aaaa99965887a9867289aa987985a577974386a563644
179747 1 19 16 9 5 2 1 0 0  aaaa99965887a9867389aa987983a577975486a464652
179779 1 19 16 10 5 0 1 0 0  aaaa99965887a9864289aa987985a577977386a563644
179783 1 19 16 10 5 2 1 0 0  aaaa99965887a9865389aa987983a577977486a464652
179872 1 19 17 2 2 2 0 0 0  aaaa99954887a9887789aa987987a366963275a656445
179974 1 19 17 5 1 2 0 0 0  aaaa99954887a9883789aa987987a376966665a752445
179992 1 19 17 5 4 2 0 0 0  aaaa99954887a9883789aa987987a376952665a766445
179996 1 19 17 5 5 1 0 0 0  aaaa99965887a9884789aa987987a375963546a765642
180037 1 19 17 7 0 0 1 0 0  aaaa99967887a9885289aa987987a766955476a644533
180041 1 19 17 7 0 2 1 0 0  aaaa99967887a9884289aa987987a766954376a653545
180043 1 19 17 7 1 0 1 0 0  aaaa99967887a9884289aa987987a766956576a534543
180044 1 19 17 7 1 1 0 0 0  aaaa99967887a9884289aa987987a766956576a553443
180048 1 19 17 7 2 0 0 0 0  aaaa99957887a9885289aa987987a766964374a636554
180049 1 19 17 7 2 0 1 0 0  aaaa99947887a9883289aa987987a766963575a646554
180052 1 19 17 7 2 2 0 0 0  aaaa99947887a9885289aa987987a766965474a636355
180053 1 19 17 7 2 2 1 0 0  aaaa99957887a9884289aa987987a766964375a636545
180054 1 19 17 7 3 0 0 0 0  aaaa99957887a9885289aa987987a766946476a643553
180055 1 19 17 7 3 0 1 0 0  aaaa99957887a9885289aa987987a766936476a644553
180059 1 19 17 7 3 2 1 0 0  aaaa99957887a9884289aa987987a766956376a653544
180065 1 19 17 7 4 2 1 0 0  aaaa99957887a9884289aa987987a766966375a653544
180071 1 19 17 7 5 2 1 0 0  aaaa99957887a9884289aa987987a736953675a666544
180088 1 19 17 8 2 2 0 0 0  aaaa99954887a9883789aa987987a766963275a656445
180108 1 19 17 9 0 0 0 0 0  aaaa99966887a9887489aa987984a677973656a553425
180232 1 19 18 1 2 2 0 0 0  aaaa99954888a9883779aa976987a866953775a662445
180238 1 19 18 1 3 2 0 0 0  aaaa99954888a9883779aa976987a866953776a652445
180262 1 19 18 2 1 2 0 0 0  aaaa99954888a9883779aa976987a876963665a752445
180283 1 19 18 2 5 0 1 0 0  aaaa99965888a9884779aa972987a875965536a764634
180287 1 19 18 2 5 2 1 0 0  aaaa99965888a9885779aa972987a874965436a764635
180305 1 19 18 3 2 2 1 0 0  aaaa99957888a9884279aa977986a877954666a353564
180311 1 19 18 3 3 2 1 0 0  aaaa99957888a9884279aa977986a877954666a356534
180317 1 19 18 3 4 2 1 0 0  aaaa99957888a9884279aa977986a877954635a666534
180323 1 19 18 3 5 2 1 0 0  aaaa99957888a9884279aa977986a877954365a653664
180346 1 19 18 4 3 2 0 0 0  aaaa99954888a9883779aa976987a866953276a756445
180391 1 19 18 5 5 0 1 0 0  aaaa99965888a9884779aa972987a877964556a365634
180393 1 19 18 5 5 1 1 0 0  aaaa99965888a9884779aa972987a877964536a565634
180394 1 19 18 5 5 2 0 0 0  aaaa99965888a9885779aa972987a877965346a365644
180395 1 19 18 5 5 2 1 0 0  aaaa99965888a9885779aa972987a877965436a464635
180467 1 19 18 7 5 2 1 0 0  aaaa99957888a9884779aa972987a876954635a666534
180479 1 19 18 8 1 2 1 0 0  aaaa99956888a9884279aa977987a877954666a356534
180499 1 19 18 8 5 0 1 0 0  aaaa99965888a9884279aa977987a877964556a365634
180501 1 19 18 8 5 1 1 0 0  aaaa99965888a9884279aa977987a877964536a565634
180502 1 19 18 8 5 2 0 0 0  aaaa99965888a9885279aa977987a877965346a365644
180503 1 19 18 8 5 2 1 0 0  aaaa99965888a9885279aa977987a877965436a464635
180504 1 19 18 9 0 0 0 0 0  aaaa99966888a9886479aa977984a877973656a553425
180514 1 19 18 9 1 2 0 0 0  aaaa99956888a9883479aa977984a877973666a456525
180587 1 19 19 0 1 2 1 0 0  aaaa99977888a9854279aa986987a786976665a354534
180593 1 19 19 0 2 2 1 0 0  aaaa99977888a9854279aa986987a786976635a654534
180679 1 19 19 2 5 0 1 0 0  aaaa99965888a9864779aa983987a787963276a565544
180683 1 19 19 2 5 2 1 0 0  aaaa99965888a9865779aa982987a787965476a464353
180731 1 19 19 4 1 2 1 0 0  aaaa99956888a9854779aa982987a787974666a356534
180751 1 19 19 4 5 0 1 0 0  aaaa99965888a9864779aa982987a787974556a365634
180753 1 19 19 4 5 1 1 0 0  aaaa99965888a9864779aa982987a787974536a565634
180754 1 19 19 4 5 2 0 0 0  aaaa99965888a9865779aa982987a787975346a365644
180755 1 19 19 4 5 2 1 0 0  aaaa99965888a9865779aa982987a787975436a464635
180803 1 19 19 6 1 2 1 0 0  aaaa99956888a9854729aa987987a787974666a356534
180823 1 19 19 6 5 0 1 0 0  aaaa99965888a9864729aa987987a787974556a365634
180825 1 19 19 6 5 1 1 0 0  aaaa99965888a9864729aa987987a787974536a565634
180826 1 19 19 6 5 2 0 0 0  aaaa99965888a9865729aa987987a787975346a365644
180827 1 19 19 6 5 2 1 0 0  aaaa99965888a9865729aa987987a787975436a464635
180895 1 19 19 8 5 0 1 0 0  aaaa99965888a9864739aa987987a787963276a565544
180899 1 19 19 8 5 2 1 0 0  aaaa99965888a9865729aa987987a787965476a464353
180911 1 19 19 9 1 2 1 0 0  aaaa99956888a9854279aa987987a487977666a356534
180931 1 19 19 9 5 0 1 0 0  aaaa99965888a9864279aa987987a487977556a365634
180933 1 19 19 9 5 1 1 0 0  aaaa99965888a9864279aa987987a487977536a565634
180934 1 19 19 9 5 2 0 0 0  aaaa99965888a9865279aa987987a587977346a365644
180935 1 19 19 9 5 2 1 0 0  aaaa99965888a9865279aa987987a587977436a464635
180943 1 19 19 10 1 0 1 0 0  aaaa99975888a9874669aa982986a686974557a375734
180945 1 19 19 10 1 1 1 0 0  aaaa99975888a9874669aa982986a686974537a575734
180946 1 19 19 10 1 2 0 0 0  aaaa99975888a9875669aa982986a686975347a375744
180947 1 19 19 10 1 2 1 0 0  aaaa99975888a9875669aa982986a686975437a474735
180949 1 19 19 10 2 0 1 0 0  aaaa99975888a9874629aa986986a486976557a375734
180951 1 19 19 10 2 1 1 0 0  aaaa99975888a9874629aa986986a486976537a575734
180952 1 19 19 10 2 2 0 0 0  aaaa99975888a9875629aa986986a586976347a375744
180953 1 19 19 10 2 2 1 0 0  aaaa99975888a9875629aa986986a586976437a474735
180955 1 19 19 10 3 0 1 0 0  aaaa99975888a9874669aa982986a685975567a374734
180961 1 19 19 10 4 0 1 0 0  aaaa99975888a9874629aa986986a686974557a375734
180963 1 19 19 10 4 1 1 0 0  aaaa99975888a9874629aa986986a686974537a575734
180964 1 19 19 10 4 2 0 0 0  aaaa99975888a9875629aa986986a686975347a375744
180965 1 19 19 10 4 2 1 0 0  aaaa99975888a9875629aa986986a686975437a474735
180966 1 19 19 10 5 0 0 0 0  aaaa99976888a9876559aa982985a685976347a376744
180967 1 19 19 10 5 0 1 0 0  aaaa99976888a9876559aa982985a684976457a476733
180968 1 19 19 10 5 1 0 0 0  aaaa99976888a9876529aa985985a685976347a376744
180969 1 19 19 10 5 1 1 0 0  aaaa99976888a9876529aa985985a684976457a476733
180970 1 19 19 10 5 2 0 0 0  aaaa99976888a9876349aa983985a684976457a576752
180971 1 19 19 10 5 2 1 0 0  aaaa99976888a9876429aa984984a685976537a575736
180979 1 19 20 0 1 0 1 0 0  aaaa99977888a9884279aa986987a766974565a533645
181018 1 19 20 1 1 2 0 0 0  aaaa99954888a9883779aa986987a776963765a652445
181039 1 19 20 1 5 0 1 0 0  aaaa99965888a9884779aa982987a775965736a564634
181054 1 19 20 2 1 2 0 0 0  aaaa99954888a9883779aa986987a767963675a652445
181075 1 19 20 2 5 0 1 0 0  aaaa99965888a9884779aa982987a757965576a364634
181079 1 19 20 2 5 2 1 0 0  aaaa99965888a9885779aa983987a737965476a464652
181090 1 19 20 3 1 2 0 0 0  aaaa99954888a9883769aa987987a776963765a652445
181111 1 19 20 3 5 0 1 0 0  aaaa99965888a9884729aa987987a775965736a564634
181147 1 19 20 4 5 0 1 0 0  aaaa99965888a9884779aa982987a777964556a365634
181149 1 19 20 4 5 1 1 0 0  aaaa99965888a9884779aa982987a777964536a565634
181150 1 19 20 4 5 2 0 0 0  aaaa99965888a9885779aa982987a777965346a365644
181151 1 19 20 4 5 2 1 0 0  aaaa99965888a9885779aa982987a777965436a464635
181177 1 19 20 5 4 0 1 0 0  aaaa99965888a9884729aa987987a477955635a666734
181219 1 19 20 6 5 0 1 0 0  aaaa99965888a9884729aa987987a777964556a365634
181221 1 19 20 6 5 1 1 0 0  aaaa99965888a9884729aa987987a777964536a565634
181222 1 19 20 6 5 2 0 0 0  aaaa99965888a9885729aa987987a777965346a365644
181223 1 19 20 6 5 2 1 0 0  aaaa99965888a9885729aa987987a777965436a464635
181225 1 19 20 7 0 0 1 0 0  aaaa99967888a9885779aa982987a766955476a644533
181229 1 19 20 7 0 2 1 0 0  aaaa99967888a9884779aa982987a766954376a653545
181270 1 19 20 8 1 2 0 0 0  aaaa99954888a9883769aa987987a776963665a752445
181291 1 19 20 8 5 0 1 0 0  aaaa99965888a9884729aa987987a775965536a764634
181295 1 19 20 8 5 2 1 0 0  aaaa99965888a9885729aa987987a774965436a764635
181420 1 19 21 1 2 2 0 0 0  aaaa99954888a9888779aa976987a366953775a662445
181475 1 19 21 2 5 2 1 0 0  aaaa99965888a9888779aa972987a574965436a764635
181579 1 19 21 5 5 0 1 0 0  aaaa99965888a9888779aa972987a477964556a365634
181581 1 19 21 5 5 1 1 0 0  aaaa99965888a9888779aa972987a477964536a565634
181582 1 19 21 5 5 2 0 0 0  aaaa99965888a9888779aa972987a577965346a365644
181583 1 19 21 5 5 2 1 0 0  aaaa99965888a9888779aa972987a577965436a464635
181615 1 19 21 6 5 0 1 0 0  aaaa99965888a9888729aa947987a777964556a365634
181617 1 19 21 6 5 1 1 0 0  aaaa99965888a9888729aa947987a777964536a565634
181618 1 19 21 6 5 2 0 0 0  aaaa99965888a9888729aa957987a777965346a365644
181619 1 19 21 6 5 2 1 0 0  aaaa99965888a9888729aa957987a777965436a464635
181655 1 19 21 7 5 2 1 0 0  aaaa99957888a9888779aa972987a476954635a666534
181691 1 19 21 8 5 2 1 0 0  aaaa99965888a9888729aa957987a774965436a764635
181692 1 19 21 9 0 0 0 0 0  aaaa99966888a9888479aa977984a677973656a553425
181765 1 19 22 0 0 0 1 0 0  aaaa99977268a9776789aa978965a588988654a345364
181766 1 19 22 0 0 1 0 0 0  aaaa99977268a9776789aa978965a488988634a555364
181767 1 19 22 0 0 1 1 0 0  aaaa99977268a9776789aa978963a388988654a555464
181794 1 19 22 0 5 0 0 0 0  aaaa99977258a9775789aa978965a488988643a666345
181795 1 19 22 0 5 0 1 0 0  aaaa99977558a9773789aa978965a388988654a666424
181865 1 19 22 2 4 2 1 0 0  aaaa99957778a9754289aa978976a488988635a666534
181871 1 19 22 2 5 2 1 0 0  aaaa99957778a9754289aa978976a488988365a653664
182047 1 19 22 7 5 0 1 0 0  aaaa99965778a9764289aa978975a588988376a563644
182051 1 19 22 7 5 2 1 0 0  aaaa99965778a9765389aa978973a588988476a464652
182168 1 20 0 0 1 1 0 0 0  aaaa99995887a9754799aa838967a378666788a652445
182170 1 20 0 0 1 2 0 0 0  aaaa99995887a9745799aa858967a578666788a644332
182174 1 20 0 0 2 1 0 0 0  aaaa99995887a9764799aa838957a378666788a565442
182180 1 20 0 0 3 1 0 0 0  aaaa99995887a9764799aa838957a378666788a655442
182186 1 20 0 0 4 1 0 0 0  aaaa99995887a9754799aa838967a378652788a666445
182188 1 20 0 0 4 2 0 0 0  aaaa99995887a9745799aa858967a578644788a666332
182192 1 20 0 0 5 1 0 0 0  aaaa99995887a9764799aa838957a378464788a565626
182210 1 20 0 1 2 1 0 0 0  aaaa99995887a9774699aa838976a678653788a652445
182212 1 20 0 1 2 2 0 0 0  aaaa99995887a9775699aa858976a678645788a644332
182220 1 20 0 1 4 0 0 0 0  aaaa99995887a9774499aa848976a678655788a653632
182222 1 20 0 1 4 1 0 0 0  aaaa99995887a9775699aa848976a378655788a644632
182240 1 20 0 2 1 1 0 0 0  aaaa99995887a9774699aa838967a678653788a652445
182242 1 20 0 2 1 2 0 0 0  aaaa99995887a9775699aa858967a678645788a644332
182305 1 20 0 4 0 0 1 0 0  aaaa99997887a9774299aa878966a468557688a533645
182335 1 20 0 4 5 0 1 0 0  aaaa99997887a9775299aa878965a548447688a666533
182411 1 20 0 6 5 2 1 0 0  aaaa99996887a9777299aa868957a648446588a755363
182486 1 20 0 9 0 1 0 0 0  aaaa99995887a9664699aa838956a378777788a565442
182533 1 20 0 10 2 0 1 0 0  aaaa99996886a9766299aa868957a548744588a733775
182556 1 20 1 0 0 0 0 0 0  aaaa99995888a9774799aa836967a374674858a862565
182564 1 20 1 0 1 1 0 0 0  aaaa99995888a9774799aa836967a675673868a855442
182617 1 20 1 1 4 0 1 0 0  aaaa99995888a9777299aa847967a476666838a855534
182628 1 20 1 2 0 0 0 0 0  aaaa99995888a9777799aa846967a364575868a864532
182630 1 20 1 2 0 1 0 0 0  aaaa99995888a9777799aa846967a365575868a863442
182653 1 20 1 2 4 0 1 0 0  aaaa99995888a9777799aa846927a666674838a855534
182714 1 20 1 4 2 1 0 0 0  aaaa99995888a9777799aa847967a366644858a863552
182720 1 20 1 4 3 1 0 0 0  aaaa99995888a9777799aa847967a366563868a844552
182780 1 20 1 6 1 1 0 0 0  aaaa99995888a9666799aa847977a376673858a844552
182786 1 20 1 6 2 1 0 0 0  aaaa99995888a9666799aa847977a375673868a855442
182798 1 20 1 6 4 1 0 0 0  aaaa99995888a9646799aa847977a375673868a855624
182804 1 20 1 6 5 1 0 0 0  aaaa99995888a9644799aa847977a375673868a855662
182954 1 20 2 0 0 1 0 0 0  aaaa99995888a9774799aa836967a375672888a565464
182960 1 20 2 0 1 1 0 0 0  aaaa99995888a9774799aa836967a675673888a545624
182962 1 20 2 0 1 2 0 0 0  aaaa99995888a9775799aa856967a674675888a433642
182964 1 20 2 0 2 0 0 0 0  aaaa99995888a9774799aa836967a674575888a664532
182966 1 20 2 0 2 1 0 0 0  aaaa99995888a9774799aa836967a675575888a663442
182972 1 20 2 0 3 1 0 0 0  aaaa99995888a9774799aa836967a675673888a565442
182978 1 20 2 0 4 1 0 0 0  aaaa99995888a9774799aa836957a376676888a565442
182984 1 20 2 0 5 1 0 0 0  aaaa99995888a9774799aa835967a376575888a666442
183110 1 20 2 4 2 1 0 0 0  aaaa99995888a9777799aa847967a366644888a563552
183116 1 20 2 4 3 1 0 0 0  aaaa99995888a9777799aa847967a366644888a555632
183146 1 20 2 5 2 1 0 0 0  aaaa99995888a9777699aa846967a365763888a575442
183168 1 20 2 6 0 0 0 0 0  aaaa99995888a9664799aa837977a375676888a562454
183170 1 20 2 6 0 1 0 0 0  aaaa99995888a9664799aa837977a375676888a565442
183182 1 20 2 6 2 1 0 0 0  aaaa99995888a9666799aa847977a375673888a655442
183188 1 20 2 6 3 1 0 0 0  aaaa99995888a9666799aa847977a375673888a565442
183194 1 20 2 6 4 1 0 0 0  aaaa99995888a9644799aa847977a376573888a666552
183200 1 20 2 6 5 1 0 0 0  aaaa99995888a9644799aa847977a375673888a655662
183314 1 20 2 10 0 1 0 0 0  aaaa99995888a9664699aa837956a377777888a565442
183360 1 20 3 0 2 0 0 0 0  aaaa99995888a9774799aa836987a376672688a556454
183362 1 20 3 0 2 1 0 0 0  aaaa99995888a9775799aa846987a376673688a565442
183380 1 20 3 0 5 1 0 0 0  aaaa99995888a9774799aa835987a376575688a666442
183388 1 20 3 1 0 2 0 0 0  aaaa99996888a9777299aa857987a576635488a436645
183391 1 20 3 1 1 0 1 0 0  aaaa99996888a9777399aa847987a376664588a526545
183492 1 20 3 4 0 0 0 0 0  aaaa99995888a9777799aa847987a365645688a526634
183552 1 20 3 5 4 0 0 0 0  aaaa99995888a9777699aa846987a366763588a572454
183554 1 20 3 5 4 1 0 0 0  aaaa99995888a9777699aa846987a366763588a575442
183559 1 20 3 5 5 0 1 0 0  aaaa99995888a9777399aa846987a366766288a575544
183563 1 20 3 5 5 2 1 0 0  aaaa99995888a9777299aa856987a566766488a474353
183672 1 20 3 9 0 0 0 0 0  aaaa99995888a9664799aa837986a677773588a562454
183674 1 20 3 9 0 1 0 0 0  aaaa99995888a9664799aa837986a677773588a565442
183680 1 20 3 9 1 1 0 0 0  aaaa99995888a9666799aa847985a377773688a644552
183684 1 20 3 9 2 0 0 0 0  aaaa99995888a9666799aa847986a377773488a654552
183686 1 20 3 9 2 1 0 0 0  aaaa99995888a9666799aa847986a377773588a655442
183690 1 20 3 9 3 0 0 0 0  aaaa99995888a9666799aa847986a377773588a562454
183692 1 20 3 9 3 1 0 0 0  aaaa99995888a9666799aa847986a377773588a565442
183698 1 20 3 9 4 1 0 0 0  aaaa99995888a9644799aa847985a377773688a666552
183704 1 20 3 9 5 1 0 0 0  aaaa99995888a9644799aa847986a377773588a655662
183708 1 20 3 10 0 0 0 0 0  aaaa99995888a9664699aa837986a377777588a562454
183710 1 20 3 10 0 1 0 0 0  aaaa99995888a9664699aa837986a377777588a565442
183721 1 20 3 10 2 0 1 0 0  aaaa99995888a9666399aa847986a377777288a655544
183725 1 20 3 10 2 2 1 0 0  aaaa99995888a9666299aa857986a577777488a644353
183727 1 20 3 10 3 0 1 0 0  aaaa99995888a9666399aa847986a377777288a565544
183731 1 20 3 10 3 2 1 0 0  aaaa99995888a9666299aa857986a577777488a464353
183739 1 20 3 10 5 0 1 0 0  aaaa99995888a9655299aa847986a477777388a653664
183756 1 20 4 0 2 0 0 0 0  aaaa99995888a9774799aa836987a376672648a556845
183758 1 20 4 0 2 1 0 0 0  aaaa99995888a9775799aa846987a376673648a565842
183762 1 20 4 0 3 0 0 0 0  aaaa99995888a9774799aa836987a676673658a545824
183764 1 20 4 0 3 1 0 0 0  aaaa99995888a9774799aa836987a676673648a555842
183768 1 20 4 0 4 0 0 0 0  aaaa99995888a9774799aa836987a376676658a545824
183770 1 20 4 0 4 1 0 0 0  aaaa99995888a9774799aa836987a376676648a555842
183776 1 20 4 0 5 1 0 0 0  aaaa99995888a9774799aa835987a376575648a666842
183781 1 20 4 1 0 0 1 0 0  aaaa99995888a9777299aa847987a476633568a564856
183783 1 20 4 1 0 1 1 0 0  aaaa99995888a9777299aa847987a476633568a565846
183784 1 20 4 1 0 2 0 0 0  aaaa99995888a9777299aa857987a576644368a365846
183785 1 20 4 1 0 2 1 0 0  aaaa99995888a9777299aa857987a576633468a464856
183787 1 20 4 1 1 0 1 0 0  aaaa99996888a9777399aa847987a376664558a256854
183789 1 20 4 1 1 1 1 0 0  aaaa99996888a9777399aa847987a376664528a556854
183790 1 20 4 1 1 2 0 0 0  aaaa99996888a9777299aa857987a576665438a346854
183791 1 20 4 1 1 2 1 0 0  aaaa99996888a9777299aa857987a576665438a446835
183803 1 20 4 1 3 2 1 0 0  aaaa99995888a9777399aa857987a376665628a444865
183836 1 20 4 2 3 1 0 0 0  aaaa99994888a9777799aa836987a666474568a553852
183896 1 20 4 4 1 1 0 0 0  aaaa99994888a9777799aa837987a366562568a545864
183908 1 20 4 4 3 1 0 0 0  aaaa99994888a9777799aa837987a366464568a556852
183914 1 20 4 4 4 1 0 0 0  aaaa99994888a9777799aa837987a366566568a545824
183955 1 20 4 5 5 0 1 0 0  aaaa99995888a9777299aa846987a466766558a375834
183957 1 20 4 5 5 1 1 0 0  aaaa99995888a9777299aa846987a466766538a575834
183958 1 20 4 5 5 2 0 0 0  aaaa99995888a9777299aa856987a566766348a375844
183959 1 20 4 5 5 2 1 0 0  aaaa99995888a9777299aa856987a566766438a474835
184027 1 20 4 7 5 0 1 0 0  aaaa99997888a9777299aa846987a466676558a353854
184029 1 20 4 7 5 1 1 0 0  aaaa99997888a9777299aa846987a466676558a355834
184031 1 20 4 7 5 2 1 0 0  aaaa99997888a9777299aa846987a466676538a555834
184076 1 20 4 9 1 1 0 0 0  aaaa99995888a9666799aa847984a477773668a555832
184082 1 20 4 9 2 1 0 0 0  aaaa99995888a9666799aa847986a377773568a545824
184084 1 20 4 9 2 2 0 0 0  aaaa99995888a9666799aa857986a577775468a433842
184100 1 20 4 9 5 1 0 0 0  aaaa99995888a9644799aa847986a377773568a655862
184123 1 20 4 10 3 0 1 0 0  aaaa99995888a9666299aa847986a477777558a365834
184125 1 20 4 10 3 1 1 0 0  aaaa99995888a9666299aa847986a477777538a565834
184126 1 20 4 10 3 2 0 0 0  aaaa99995888a9666299aa857986a577777348a365844
184127 1 20 4 10 3 2 1 0 0  aaaa99995888a9666299aa857986a577777438a464835
184135 1 20 4 10 5 0 1 0 0  aaaa99995888a9655299aa847986a477777368a653864
184154 1 20 5 0 2 1 0 0 0  aaaa99995888a9774799aa886987a376673658a562454
184156 1 20 5 0 2 2 0 0 0  aaaa99995888a9775799aa886987a576675648a464332
184179 1 20 5 1 0 1 1 0 0  aaaa99994888a9777299aa887987a476633568a565546
184180 1 20 5 1 0 2 0 0 0  aaaa99995888a9777299aa887987a576635468a465346
184181 1 20 5 1 0 2 1 0 0  aaaa99995888a9777299aa887987a576635468a464356
184195 1 20 5 1 3 0 1 0 0  aaaa99994888a9777399aa887987a376664658a554265
184320 1 20 5 5 0 0 0 0 0  aaaa99996888a9777299aa886987a665745648a573435
184351 1 20 5 5 5 0 1 0 0  aaaa99994888a9777299aa886987a466766558a375534
184353 1 20 5 5 5 1 1 0 0  aaaa99994888a9777299aa886987a466766538a575534
184355 1 20 5 5 5 2 1 0 0  aaaa99994888a9777299aa886987a466766358a573554
184496 1 20 5 9 5 1 0 0 0  aaaa99995888a9644799aa887986a477773568a655632
184519 1 20 5 10 3 0 1 0 0  aaaa99994888a9666299aa887986a477777558a365534
184521 1 20 5 10 3 1 1 0 0  aaaa99994888a9666299aa887986a477777538a565534
184523 1 20 5 10 3 2 1 0 0  aaaa99994888a9666299aa887986a477777358a563554
184531 1 20 5 10 5 0 1 0 0  aaaa99995888a9655299aa887986a477777368a653644
184535 1 20 5 10 5 2 1 0 0  aaaa99995888a9635299aa887986a577777468a644653
184548 1 20 6 0 2 0 0 0 0  aaaa99995888a9774799aa836987a376672558a866454
184550 1 20 6 0 2 1 0 0 0  aaaa99995888a9775799aa846987a376673658a862454
184556 1 20 6 0 3 1 0 0 0  aaaa99995888a9774799aa836987a676673658a844552
184562 1 20 6 0 4 1 0 0 0  aaaa99995888a9774799aa836987a376676658a844552
184566 1 20 6 0 5 0 0 0 0  aaaa99996888a9776799aa862987a675576548a834543
184567 1 20 6 0 5 0 1 0 0  aaaa99996888a9776799aa863987a675376558a824544
184573 1 20 6 1 0 0 1 0 0  aaaa99995888a9777299aa847987a476655368a863546
184577 1 20 6 1 0 2 1 0 0  aaaa99996888a9777399aa847987a376654268a856545
184585 1 20 6 1 2 0 1 0 0  aaaa99995888a9777399aa847987a376664628a856554
184591 1 20 6 1 3 0 1 0 0  aaaa99995888a9777399aa847987a376664628a855564
184594 1 20 6 1 3 2 0 0 0  aaaa99995888a9777299aa857987a576665648a843463
184595 1 20 6 1 3 2 1 0 0  aaaa99995888a9777399aa857987a376665628a845464
184597 1 20 6 1 4 0 1 0 0  aaaa99995888a9777299aa847987a476666638a855534
184700 1 20 6 4 3 1 0 0 0  aaaa99995888a9777799aa837987a366562468a846554
184705 1 20 6 4 4 0 1 0 0  aaaa99995888a9777799aa847987a466366268a855534
184740 1 20 6 5 4 0 0 0 0  aaaa99995888a9777699aa846987a366763558a875442
184742 1 20 6 5 4 1 0 0 0  aaaa99995888a9777699aa846987a366763458a874552
184751 1 20 6 5 5 2 1 0 0  aaaa99995888a9777299aa856987a566766348a873445
184844 1 20 6 8 3 1 0 0 0  aaaa99994888a9753799aa837987a776662658a844565
184846 1 20 6 8 3 2 0 0 0  aaaa99995888a9745799aa857987a776665638a844362
184854 1 20 6 8 5 0 0 0 0  aaaa99995888a9764799aa837987a775465528a863646
184860 1 20 6 9 0 0 0 0 0  aaaa99995888a9664799aa837986a677773558a865442
184862 1 20 6 9 0 1 0 0 0  aaaa99995888a9664799aa837986a677773458a864552
184868 1 20 6 9 1 1 0 0 0  aaaa99995888a9666799aa847985a377773668a844552
184872 1 20 6 9 2 0 0 0 0  aaaa99995888a9666799aa847986a377773468a854552
184874 1 20 6 9 2 1 0 0 0  aaaa99995888a9666799aa847986a377773568a855442
184878 1 20 6 9 3 0 0 0 0  aaaa99995888a9666799aa847986a377773558a865442
184880 1 20 6 9 3 1 0 0 0  aaaa99995888a9666799aa847986a377773458a864552
184884 1 20 6 9 4 0 0 0 0  aaaa99995888a9655799aa847986a677773468a854632
184886 1 20 6 9 4 1 0 0 0  aaaa99995888a9646799aa847986a377773568a855624
184892 1 20 6 9 5 1 0 0 0  aaaa99995888a9644799aa847986a377773568a855662
184896 1 20 6 10 0 0 0 0 0  aaaa99995888a9664699aa837986a377777558a865442
184898 1 20 6 10 0 1 0 0 0  aaaa99995888a9664699aa837986a377777458a864552
184909 1 20 6 10 2 0 1 0 0  aaaa99995888a9666399aa847986a377777268a855544
184913 1 20 6 10 2 2 1 0 0  aaaa99995888a9666299aa857986a577777468a844353
184919 1 20 6 10 3 2 1 0 0  aaaa99995888a9666299aa857986a577777348a863445
184921 1 20 6 10 4 0 1 0 0  aaaa99995888a9656399aa847986a377777268a855644
184925 1 20 6 10 4 2 1 0 0  aaaa99995888a9636299aa857986a577777468a844653
184927 1 20 6 10 5 0 1 0 0  aaaa99995888a9655299aa847986a477777368a853664
185152 1 20 7 6 0 2 0 0 0  aaaa99996888a9866799aa847977a376573858a562454
185156 1 20 7 6 1 1 0 0 0  aaaa99995888a9864799aa837977a376676858a562454
185158 1 20 7 6 1 2 0 0 0  aaaa99995888a9865799aa857977a576676848a464332
185162 1 20 7 6 2 1 0 0 0  aaaa99995888a9844799aa847977a376676868a555632
185168 1 20 7 6 3 1 0 0 0  aaaa99995888a9844799aa847977a376676868a563552
185174 1 20 7 6 4 1 0 0 0  aaaa99995888a9844799aa847977a376573868a666552
185180 1 20 7 6 5 1 0 0 0  aaaa99995888a9844799aa847977a375673868a655662
185198 1 20 7 7 2 1 0 0 0  aaaa99995888a9854799aa877976a376663868a752445
185200 1 20 7 7 2 2 0 0 0  aaaa99995888a9845799aa877976a576665868a744332
185306 1 20 7 10 2 1 0 0 0  aaaa99994888a9844699aa837966a377777858a566525
185332 1 20 8 0 0 2 0 0 0  aaaa99995888a9775299aa857988a566734768a476643
185333 1 20 8 0 0 2 1 0 0  aaaa99996888a9775299aa857988a563746768a673454
185382 1 20 8 1 3 0 0 0 0  aaaa99995888a9777799aa847988a366763568a546254
185405 1 20 8 2 0 2 1 0 0  aaaa99995888a9777299aa857988a563763648a476645
185407 1 20 8 2 1 0 1 0 0  aaaa99995888a9777399aa847988a366764268a575564
185413 1 20 8 2 2 0 1 0 0  aaaa99995888a9777399aa847988a362766668a575544
185417 1 20 8 2 2 2 1 0 0  aaaa99995888a9777299aa857988a564766668a474353
185423 1 20 8 2 3 2 1 0 0  aaaa99995888a9777399aa857988a366765268a476445
185425 1 20 8 2 4 0 1 0 0  aaaa99995888a9777399aa847988a366766268a575544
185429 1 20 8 2 4 2 1 0 0  aaaa99995888a9777299aa857988a566766468a474353
185431 1 20 8 2 5 0 1 0 0  aaaa99996888a9777299aa867988a653756548a376445
185433 1 20 8 2 5 1 1 0 0  aaaa99996888a9777299aa867988a655756348a376445
185434 1 20 8 2 5 2 0 0 0  aaaa99996888a9777299aa867988a643746358a576554
185435 1 20 8 2 5 2 1 0 0  aaaa99996888a9777299aa867988a635746538a575464
185473 1 20 8 4 0 0 1 0 0  aaaa99995888a9777399aa847988a376764668a525546
185476 1 20 8 4 0 2 0 0 0  aaaa99995888a9777299aa857988a576765668a344436
185485 1 20 8 4 2 0 1 0 0  aaaa99995888a9777299aa847988a476766638a655534
185497 1 20 8 4 4 0 1 0 0  aaaa99995888a9777399aa847988a376756628a664554
185503 1 20 8 4 5 0 1 0 0  aaaa99995888a9777299aa847988a476755638a666534
185532 1 20 8 5 4 0 0 0 0  aaaa99995888a9777699aa846988a366763578a572454
185534 1 20 8 5 4 1 0 0 0  aaaa99995888a9777699aa846988a366763578a575442
185539 1 20 8 5 5 0 1 0 0  aaaa99995888a9777399aa846988a366766278a575544
185543 1 20 8 5 5 2 1 0 0  aaaa99995888a9777299aa856988a566766478a474353
185611 1 20 8 7 5 0 1 0 0  aaaa99997888a9777299aa846988a466766558a375534
185613 1 20 8 7 5 1 1 0 0  aaaa99997888a9777299aa846988a466766538a575534
185615 1 20 8 7 5 2 1 0 0  aaaa99997888a9777299aa846988a466766358a573554
185616 1 20 8 8 0 0 0 0 0  aaaa99995888a9664799aa837988a377676578a562454
185618 1 20 8 8 0 1 0 0 0  aaaa99995888a9664799aa837988a377676578a565442
185624 1 20 8 8 1 1 0 0 0  aaaa99995888a9666799aa847988a377573678a644552
185628 1 20 8 8 2 0 0 0 0  aaaa99995888a9666799aa847988a377673478a654552
185630 1 20 8 8 2 1 0 0 0  aaaa99995888a9666799aa847988a377673578a655442
185634 1 20 8 8 3 0 0 0 0  aaaa99995888a9666799aa847988a377673578a562454
185636 1 20 8 8 3 1 0 0 0  aaaa99995888a9666799aa847988a377673578a565442
185642 1 20 8 8 4 1 0 0 0  aaaa99995888a9644799aa847988a377573678a666552
185648 1 20 8 8 5 1 0 0 0  aaaa99995888a9644799aa847988a377673578a655662
185652 1 20 8 9 0 0 0 0 0  aaaa99995888a9664799aa837988a377772668a455546
185664 1 20 8 9 2 0 0 0 0  aaaa99995888a9666799aa847988a377773468a654552
185666 1 20 8 9 2 1 0 0 0  aaaa99995888a9666799aa847988a377773568a655442
185670 1 20 8 9 3 0 0 0 0  aaaa99995888a9666799aa847988a377773568a562454
185672 1 20 8 9 3 1 0 0 0  aaaa99995888a9666799aa847988a377773568a565442
185678 1 20 8 9 4 1 0 0 0  aaaa99995888a9644799aa847988a377773658a666552
185684 1 20 8 9 5 1 0 0 0  aaaa99995888a9644799aa847988a377773568a655662
185689 1 20 8 10 0 0 1 0 0  aaaa99995888a9664399aa847988a377777668a525546
185692 1 20 8 10 0 2 0 0 0  aaaa99995888a9665299aa857988a577777668a344436
185701 1 20 8 10 2 0 1 0 0  aaaa99995888a9666399aa847988a377777268a655544
185705 1 20 8 10 2 2 1 0 0  aaaa99995888a9666299aa857988a577777468a644353
185707 1 20 8 10 3 0 1 0 0  aaaa99995888a9666399aa847988a377777268a565544
185711 1 20 8 10 3 2 1 0 0  aaaa99995888a9666299aa857988a577777468a464353
185713 1 20 8 10 4 0 1 0 0  aaaa99995888a9655299aa847988a477777638a666534
185719 1 20 8 10 5 0 1 0 0  aaaa99995888a9655299aa847988a477777368a653664
185730 1 20 9 0 1 0 0 0 0  aaaa99995888a9774799aa836987a387676665a455842
185732 1 20 9 0 1 1 0 0 0  aaaa99995888a9774799aa836987a387676664a555824
185754 1 20 9 0 5 0 0 0 0  aaaa99996888a9776799aa862987a687576554a354834
185755 1 20 9 0 5 0 1 0 0  aaaa99996888a9776799aa862987a687576554a345834
185764 1 20 9 1 0 2 0 0 0  aaaa99995888a9777299aa857987a587665664a443836
185765 1 20 9 1 0 2 1 0 0  aaaa99995888a9777399aa857987a387665662a444856
185776 1 20 9 1 2 2 0 0 0  aaaa99995888a9777299aa857987a587666364a635844
185777 1 20 9 1 2 2 1 0 0  aaaa99995888a9777299aa857987a587666463a644853
185783 1 20 9 1 3 2 1 0 0  aaaa99995888a9777299aa857987a587666463a464853
185785 1 20 9 1 4 0 1 0 0  aaaa99995888a9777299aa847987a487655635a666834
185791 1 20 9 1 5 0 1 0 0  aaaa99996888a9777299aa867987a687546554a356834
185795 1 20 9 1 5 2 1 0 0  aaaa99996888a9777299aa867987a687546354a536854
185808 1 20 9 2 2 0 0 0 0  aaaa99995888a9777799aa846987a386673654a565824
185810 1 20 9 2 2 1 0 0 0  aaaa99995888a9777799aa846987a386673654a562854
185832 1 20 9 3 0 0 0 0 0  aaaa99995888a9664799aa837987a787646756a525834
185858 1 20 9 3 4 1 0 0 0  aaaa99995888a9664799aa837987a787653765a644825
185860 1 20 9 3 4 2 0 0 0  aaaa99995888a9665799aa857987a787645763a644823
185866 1 20 9 3 5 2 0 0 0  aaaa99994888a9653799aa837987a787652765a644865
185880 1 20 9 4 2 0 0 0 0  aaaa99995888a9777799aa837987a386662655a446854
185898 1 20 9 4 5 0 0 0 0  aaaa99995888a9777799aa847987a386545652a666834
185939 1 20 9 5 5 2 1 0 0  aaaa99995888a9777299aa854987a586744637a666835
186011 1 20 9 7 5 2 1 0 0  aaaa99997888a9777399aa853987a586475642a666845
186094 1 20 9 10 1 2 0 0 0  aaaa99994888a9753699aa836987a686752675a744875
186392 1 20 10 7 3 1 0 0 0  aaaa99994888a9853799aa877987a376662658a744565
186394 1 20 10 7 3 2 0 0 0  aaaa99995888a9845799aa877987a576665638a744362
186402 1 20 10 7 5 0 0 0 0  aaaa99995888a9864799aa877987a375465528a763646
186428 1 20 10 8 3 1 0 0 0  aaaa99994888a9853799aa837987a776662658a744565
186430 1 20 10 8 3 2 0 0 0  aaaa99995888a9845799aa857987a776665638a744362
186438 1 20 10 8 5 0 0 0 0  aaaa99995888a9864799aa837987a775465528a763646
186448 1 20 10 9 0 2 0 0 0  aaaa99996888a9866799aa847985a377773658a562454
186452 1 20 10 9 1 1 0 0 0  aaaa99995888a9844799aa847986a377773668a566552
186456 1 20 10 9 2 0 0 0 0  aaaa99995888a9844799aa847986a377773658a662565
186458 1 20 10 9 2 1 0 0 0  aaaa99995888a9855799aa857986a377773648a662464
186464 1 20 10 9 3 1 0 0 0  aaaa99995888a9864799aa837985a377772668a566454
186466 1 20 10 9 3 2 0 0 0  aaaa99995888a9865799aa857984a577772668a366434
186470 1 20 10 9 4 1 0 0 0  aaaa99995888a9844799aa847986a377773658a666552
186476 1 20 10 9 5 1 0 0 0  aaaa99995888a9844799aa847986a377773568a655662
186505 1 20 10 10 4 0 1 0 0  aaaa99995888a9855299aa847986a477777638a666534
186511 1 20 10 10 5 0 1 0 0  aaaa99995888a9855299aa847986a477777368a653664
186668 1 20 11 4 1 1 0 0 0  aaaa99998888a9884799aa787976a366464567a553752
186970 1 20 12 1 3 2 0 0 0  aaaa99994888a9877799aa877975a366563268a586454
187075 1 20 12 4 3 0 1 0 0  aaaa99997888a9837799aa877975a566465268a586443
187114 1 20 12 5 3 2 0 0 0  aaaa99994888a9863799aa877975a376766658a582454
187184 1 20 12 7 3 1 0 0 0  aaaa99995888a9844799aa877976a476663658a783552
187214 1 20 12 8 2 1 0 0 0  aaaa99994888a9844799aa877977a376663658a586525
187250 1 20 12 9 2 1 0 0 0  aaaa99994888a9844799aa837977a776663658a586525
187277 1 20 12 10 0 2 1 0 0  aaaa99996888a9866299aa847956a477777538a585634
187286 1 20 12 10 2 1 0 0 0  aaaa99994888a9844699aa837966a377777658a586525
187364 1 20 13 1 3 1 0 0 0  aaaa99995888a9844799aa887976a476663678a555732
187400 1 20 13 2 3 1 0 0 0  aaaa99995888a9844799aa887976a476663678a573552
187424 1 20 13 3 1 1 0 0 0  aaaa99994888a9873799aa887977a366576568a545624
187430 1 20 13 3 2 1 0 0 0  aaaa99995888a9874799aa887977a366673258a566454
187432 1 20 13 3 2 2 0 0 0  aaaa99995888a9875799aa887977a566675448a366432
187459 1 20 13 4 1 0 1 0 0  aaaa99995888a9855799aa887973a462766678a654734
187465 1 20 13 4 2 0 1 0 0  aaaa99995888a9855799aa887973a466764278a656734
187472 1 20 13 4 3 1 0 0 0  aaaa99994888a9863799aa887974a465766678a553752
187477 1 20 13 4 4 0 1 0 0  aaaa99995888a9855799aa887973a466766278a654734
187483 1 20 13 4 5 0 1 0 0  aaaa99995888a9855799aa887973a426754678a666734
187510 1 20 13 5 3 2 0 0 0  aaaa99994888a9863799aa887975a376766658a572454
187550 1 20 13 6 4 1 0 0 0  aaaa99994888a9844799aa887977a376576658a663525
187565 1 20 13 7 0 2 1 0 0  aaaa99996888a9866299aa887977a476564358a573574
187566 1 20 13 7 1 0 0 0 0  aaaa99996888a9855499aa887977a476665338a276574
187567 1 20 13 7 1 0 1 0 0  aaaa99996888a9854399aa887977a376664558a276574
187569 1 20 13 7 1 1 1 0 0  aaaa99996888a9854399aa887977a376664258a576574
187570 1 20 13 7 1 2 0 0 0  aaaa99996888a9845299aa887977a576665348a376475
187571 1 20 13 7 1 2 1 0 0  aaaa99995888a9835299aa887977a576466668a475473
187576 1 20 13 7 2 2 0 0 0  aaaa99995888a9845399aa887977a376665648a276475
187581 1 20 13 7 3 1 1 0 0  aaaa99994888a9854399aa887977a376664268a576575
187588 1 20 13 7 4 2 0 0 0  aaaa99995888a9835299aa887977a576666648a474375
187590 1 20 13 7 5 0 0 0 0  aaaa99996888a9856299aa887977a675456538a376474
187592 1 20 13 7 5 1 0 0 0  aaaa99996888a9836299aa887977a675556458a476473
187610 1 20 13 8 2 1 0 0 0  aaaa99994888a9844799aa887977a376663658a576525
187669 1 20 13 10 0 0 1 0 0  aaaa99996888a9866299aa887965a577777458a464335
187673 1 20 13 10 0 2 1 0 0  aaaa99996888a9866299aa887965a477777358a563544
187708 1 20 14 0 0 2 0 0 0  aaaa99995888a9787299aa777988a866735464a465365
187712 1 20 14 0 1 1 0 0 0  aaaa99995888a9787299aa777988a866764564a535364
187714 1 20 14 0 1 2 0 0 0  aaaa99995888a9787299aa777988a866765464a435365
187717 1 20 14 0 2 0 1 0 0  aaaa99994888a9787299aa777988a866756566a534543
187718 1 20 14 0 2 1 0 0 0  aaaa99994888a9787299aa777988a866756566a553443
187724 1 20 14 0 3 1 0 0 0  aaaa99993888a9787299aa777988a866763564a556445
187906 1 20 14 5 3 2 0 0 0  aaaa99994888a9583799aa777988a866563267a576454
188006 1 20 14 8 2 1 0 0 0  aaaa99994888a9683799aa537988a877744657a662565
188008 1 20 14 8 2 2 0 0 0  aaaa99995888a9685799aa457988a877735647a662463
188069 1 20 14 10 0 2 1 0 0  aaaa99996888a9686299aa547988a877777665a354534
188101 1 20 15 0 0 0 1 0 0  aaaa99995888a9774299aa887988a466755767a363564
188113 1 20 15 0 2 0 1 0 0  aaaa99995888a9774399aa887988a366764727a656554
188191 1 20 15 2 3 0 1 0 0  aaaa99994888a9777399aa887988a366764567a526545
188219 1 20 15 3 1 2 1 0 0  aaaa99997888a9666299aa887988a777754665a354534
188221 1 20 15 3 2 0 1 0 0  aaaa99997888a9666299aa887988a777755465a644353
188225 1 20 15 3 2 2 1 0 0  aaaa99997888a9666299aa887988a777754365a653544
188232 1 20 15 3 4 0 0 0 0  aaaa99997888a9655299aa887988a777754634a666354
188233 1 20 15 3 4 0 1 0 0  aaaa99997888a9655299aa887988a777735645a666443
188237 1 20 15 3 4 2 1 0 0  aaaa99997888a9654299aa887988a777754635a666534
188238 1 20 15 3 5 0 0 0 0  aaaa99997888a9655299aa887988a777754364a635664
188239 1 20 15 3 5 0 1 0 0  aaaa99997888a9655299aa887988a777735465a644663
188243 1 20 15 3 5 2 1 0 0  aaaa99997888a9654299aa887988a777754365a653664
188245 1 20 15 4 0 0 1 0 0  aaaa99994888a9777399aa887988a376764665a554256
188263 1 20 15 4 3 0 1 0 0  aaaa99994888a9777299aa887988a476766655a533645
188424 1 20 15 9 0 0 0 0 0  aaaa99995888a9664799aa887988a377773665a455246
188461 1 20 15 10 0 0 1 0 0  aaaa99994888a9664399aa887988a377777665a554256
188477 1 20 15 10 2 2 1 0 0  aaaa99994888a9666299aa887988a477777365a653545
188533 1 20 16 1 0 0 1 0 0  aaaa99994888a9777399aa887987a387664665a554256
188549 1 20 16 1 2 2 1 0 0  aaaa99994888a9777299aa887987a487666365a653545
188632 1 20 16 3 4 2 0 0 0  aaaa99994888a9663799aa887987a787653765a652445
188638 1 20 16 3 5 2 0 0 0  aaaa99994888a9653799aa887987a787653765a644625
188749 1 20 16 7 0 0 1 0 0  aaaa99997888a9777299aa886987a686575654a345364
188750 1 20 16 7 0 1 0 0 0  aaaa99997888a9777299aa886987a686574634a555364
188751 1 20 16 7 0 1 1 0 0  aaaa99997888a9777299aa886987a686373654a555464
188778 1 20 16 7 5 0 0 0 0  aaaa99997888a9777299aa885987a586574643a666345
188779 1 20 16 7 5 0 1 0 0  aaaa99997888a9777599aa885987a386573654a666424
188866 1 20 16 10 1 2 0 0 0  aaaa99994888a9753699aa886987a686753675a744725
188887 1 20 16 10 5 0 1 0 0  aaaa99995888a9764299aa885987a585764376a763746
188984 1 20 17 2 3 1 0 0 0  aaaa99994888a9853799aa887987a376662657a744565
188986 1 20 17 2 3 2 0 0 0  aaaa99995888a9845799aa887987a576665637a744362
188994 1 20 17 2 5 0 0 0 0  aaaa99995888a9864799aa887987a375465527a763646
189145 1 20 17 7 0 0 1 0 0  aaaa99997888a9866299aa887987a775665534a746354
189149 1 20 17 7 0 2 1 0 0  aaaa99997888a9866299aa887987a774536656a744553
189158 1 20 17 7 2 1 0 0 0  aaaa99997888a9844299aa887987a776663654a756553
189161 1 20 17 7 2 2 1 0 0  aaaa99997888a9854299aa887987a776664635a756534
189162 1 20 17 7 3 0 0 0 0  aaaa99997888a9855299aa887987a776665645a743463
189163 1 20 17 7 3 0 1 0 0  aaaa99997888a9855299aa887987a776663655a743464
189166 1 20 17 7 3 2 0 0 0  aaaa99997888a9845299aa887987a776665644a735365
189167 1 20 17 7 3 2 1 0 0  aaaa99997888a9854299aa887987a776664635a754365
189173 1 20 17 7 4 2 1 0 0  aaaa99997888a9854299aa887987a776666635a754534
189174 1 20 17 7 5 0 0 0 0  aaaa99997888a9864299aa887987a775464556a763653
189175 1 20 17 7 5 0 1 0 0  aaaa99997888a9865299aa887987a775465546a763643
189177 1 20 17 7 5 1 1 0 0  aaaa99997888a9864299aa887987a775565536a764634
189178 1 20 17 7 5 2 0 0 0  aaaa99997888a9865299aa887987a774465436a765635
189179 1 20 17 7 5 2 1 0 0  aaaa99997888a9865299aa887987a773465346a765645
189202 1 20 17 8 3 2 0 0 0  aaaa99994888a9853799aa887987a776663625a744565
189210 1 20 17 8 5 0 0 0 0  aaaa99995888a9864799aa887987a775465526a763643
189290 1 20 18 0 0 1 0 0 0  aaaa99995888a9884799aa737986a867644677a563552
189300 1 20 18 0 2 0 0 0 0  aaaa99995888a9884799aa737986a867663477a654552
189302 1 20 18 0 2 1 0 0 0  aaaa99995888a9884799aa737986a867663577a655442
189590 1 20 18 8 2 1 0 0 0  aaaa99994888a9883799aa537986a877744657a662565
189592 1 20 18 8 2 2 0 0 0  aaaa99995888a9885799aa457986a877735647a662463
189596 1 20 18 8 3 1 0 0 0  aaaa99994888a9883799aa637985a877744667a566525
189718 1 20 19 0 5 2 0 0 0  aaaa99995888a9877799aa872986a587675364a635644
189719 1 20 19 0 5 2 1 0 0  aaaa99995888a9877799aa872986a587675463a644653
189800 1 20 19 3 1 1 0 0 0  aaaa99995888a9864799aa837987a787663765a652445
189802 1 20 19 3 1 2 0 0 0  aaaa99995888a9865799aa857987a787665764a644332
189808 1 20 19 3 2 2 0 0 0  aaaa99994888a9853799aa837987a787666765a652445
189820 1 20 19 3 4 2 0 0 0  aaaa99994888a9853799aa837987a787656765a644625
189826 1 20 19 3 5 2 0 0 0  aaaa99994888a9853799aa837987a787652765a644665
189946 1 20 19 7 1 2 0 0 0  aaaa99994888a9853799aa877987a387666675a652445
189964 1 20 19 7 4 2 0 0 0  aaaa99994888a9853799aa877987a387652675a666445
189968 1 20 19 7 5 1 0 0 0  aaaa99995888a9864799aa877987a387464576a565632
189982 1 20 19 8 1 2 0 0 0  aaaa99994888a9853799aa837987a787666675a652445
190000 1 20 19 8 4 2 0 0 0  aaaa99994888a9853799aa837987a787652675a666445
190004 1 20 19 8 5 1 0 0 0  aaaa99995888a9864799aa837987a787464576a565632
190054 1 20 19 10 1 2 0 0 0  aaaa99994888a9853699aa836987a686752675a744775
190092 1 20 20 0 2 0 0 0 0  aaaa99995888a9884799aa787986a367663477a654552
190094 1 20 20 0 2 1 0 0 0  aaaa99995888a9884799aa787986a367663577a655442
190116 1 20 20 1 0 0 0 0 0  aaaa99995888a9884799aa787987a366545767a563264
190130 1 20 20 1 2 1 0 0 0  aaaa99994888a9883799aa787987a366644757a566525
190170 1 20 20 2 3 0 0 0 0  aaaa99995888a9884799aa787987a376663654a575264
190182 1 20 20 2 5 0 0 0 0  aaaa99995888a9884799aa787987a375645562a673664
190224 1 20 20 4 0 0 0 0 0  aaaa99995888a9884799aa787987a366545267a576634
190226 1 20 20 4 0 1 0 0 0  aaaa99995888a9883799aa787987a366555467a476642
190244 1 20 20 4 3 1 0 0 0  aaaa99994888a9883799aa787987a366562567a576454
190246 1 20 20 4 3 2 0 0 0  aaaa99995888a9885799aa787987a566465467a476332
190260 1 20 20 5 0 0 0 0 0  aaaa99995888a9884799aa787987a377663665a455246
190334 1 20 20 7 0 1 0 0 0  aaaa99994888a9883799aa787987a376652656a744565
190336 1 20 20 7 0 2 0 0 0  aaaa99995888a9885799aa787987a576645636a744362
190352 1 20 20 7 3 1 0 0 0  aaaa99995888a9884799aa787987a376663625a744565
190354 1 20 20 7 3 2 0 0 0  aaaa99995888a9885799aa787987a576665644a742363
190362 1 20 20 7 5 0 0 0 0  aaaa99995888a9884799aa787987a375465526a763646
190488 1 20 21 0 2 0 0 0 0  aaaa99995888a9888799aa747986a367663477a654552
190490 1 20 21 0 2 1 0 0 0  aaaa99995888a9888799aa747986a367663577a655442
190872 1 20 22 0 0 0 0 0 0  aaaa99995778a9664699aa738976a388888557a765442
190874 1 20 22 0 0 1 0 0 0  aaaa99995778a9664699aa738976a388888457a764552
190885 1 20 22 0 2 0 1 0 0  aaaa99995778a9666399aa748976a388888267a755544
190889 1 20 22 0 2 2 1 0 0  aaaa99995778a9666299aa758976a588888467a744353
190895 1 20 22 0 3 2 1 0 0  aaaa99995778a9666299aa758976a588888347a763445
190897 1 20 22 0 4 0 1 0 0  aaaa99995778a9656399aa748976a388888267a755644
190901 1 20 22 0 4 2 1 0 0  aaaa99995778a9636299aa758976a588888467a744653
190903 1 20 22 0 5 0 1 0 0  aaaa99995778a9655299aa748976a488888367a753664
190922 1 20 22 1 2 1 0 0 0  aaaa99994778a9744699aa738966a388888757a566525
190969 1 20 22 2 4 0 1 0 0  aaaa99995778a9755299aa748976a488888637a666534
190975 1 20 22 2 5 0 1 0 0  aaaa99995778a9755299aa748976a488888367a653664
191021 1 20 22 4 0 2 1 0 0  aaaa99996778a9766299aa748956a488888537a575634
191030 1 20 22 4 2 1 0 0 0  aaaa99994778a9744699aa738966a388888657a576525
191134 1 20 22 7 1 2 0 0 0  aaaa99994778a9753699aa738976a688888675a652445
191233 1 20 22 10 0 0 1 0 0  aaaa99995668a9755299aa648967a488888376a753774
191377 1 21 0 3 0 0 1 0 0  aaaa99988278a9798899aa857879a766455376a653446
191379 1 21 0 3 0 1 1 0 0  aaaa99988278a9798899aa857879a766555476a644336
191380 1 21 0 3 0 2 0 0 0  aaaa99988278a9798899aa857879a766345476a645356
191381 1 21 0 3 0 2 1 0 0  aaaa99988278a9798899aa857879a766335476a446655
191395 1 21 0 3 3 0 1 0 0  aaaa99988278a9798899aa857879a766655476a446533
191401 1 21 0 3 4 0 1 0 0  aaaa99988278a9798899aa847879a766656576a534543
191813 1 21 1 4 0 2 1 0 0  aaaa99988888a9597799aa877769a666542354a538476
192025 1 21 1 10 0 0 1 0 0  aaaa99988888a9696299aa867659a577777564a348354
192095 1 21 2 0 5 2 1 0 0  aaaa99977888a9797399aa857369a526475888a666445
192271 1 21 2 5 5 0 1 0 0  aaaa99965888a9595799aa877739a427764888a563646
192284 1 21 2 6 1 1 0 0 0  aaaa99954888a9695799aa837779a366776888a652445
192286 1 21 2 6 1 2 0 0 0  aaaa99945888a9695799aa857779a566776888a644332
192290 1 21 2 6 2 1 0 0 0  aaaa99945888a9594799aa837779a366776888a662554
192302 1 21 2 6 4 1 0 0 0  aaaa99945888a9594799aa837779a366772888a666554
192318 1 21 2 7 1 0 0 0 0  aaaa99936888a9595799aa877479a476665888a736542
192343 1 21 2 7 5 0 1 0 0  aaaa99965888a9595799aa877279a473564888a763646
192356 1 21 2 8 1 1 0 0 0  aaaa99954888a9695799aa877779a366763888a652445
192358 1 21 2 8 1 2 0 0 0  aaaa99945888a9695799aa877779a566765888a644332
192368 1 21 2 8 3 1 0 0 0  aaaa99965888a9594799aa877779a366763888a644552
192392 1 21 2 9 1 1 0 0 0  aaaa99954888a9695799aa837779a766763888a652445
192394 1 21 2 9 1 2 0 0 0  aaaa99945888a9695799aa857779a766765888a644332
192404 1 21 2 9 3 1 0 0 0  aaaa99965888a9594799aa837779a766763888a644552
192434 1 21 2 10 2 1 0 0 0  aaaa99945888a9594699aa837669a377777888a662554
192473 1 21 3 0 2 2 1 0 0  aaaa99988888a9797799aa876869a672754635a654534
192888 1 21 4 1 0 0 0 0 0  aaaa99985888a9797799aa877879a366545464a586632
192954 1 21 4 2 5 0 0 0 0  aaaa99987888a9695799aa877879a475645562a683634
192980 1 21 4 3 3 1 0 0 0  aaaa99985888a9694799aa837879a776663674a582554
192990 1 21 4 3 5 0 0 0 0  aaaa99985888a9694799aa837879a775645572a683664
193007 1 21 4 4 1 2 1 0 0  aaaa99987888a9597799aa877879a466624356a583546
193062 1 21 4 5 5 0 0 0 0  aaaa99985888a9694799aa877879a375745562a683664
193098 1 21 4 6 5 0 0 0 0  aaaa99985888a9694799aa837879a775745562a683664
193134 1 21 4 7 5 0 0 0 0  aaaa99985888a9694799aa877879a375645562a783664
193170 1 21 4 8 5 0 0 0 0  aaaa99985888a9694799aa837879a775645562a783664
193184 1 21 4 9 1 1 0 0 0  aaaa99985888a9594799aa837869a677773666a582454
193186 1 21 4 9 1 2 0 0 0  aaaa99985888a9495799aa857869a677775666a484332
193190 1 21 4 9 2 1 0 0 0  aaaa99985888a9594799aa837869a377772666a586454
193192 1 21 4 9 2 2 0 0 0  aaaa99985888a9495799aa857869a577772666a386434
193194 1 21 4 9 3 0 0 0 0  aaaa99985888a9595799aa847869a377773666a582464
193196 1 21 4 9 3 1 0 0 0  aaaa99985888a9695799aa847869a377773666a585442
193202 1 21 4 9 4 1 0 0 0  aaaa99985888a9594799aa837869a377772656a686454
193204 1 21 4 9 4 2 0 0 0  aaaa99985888a9495799aa857869a577772636a686434
193208 1 21 4 9 5 1 0 0 0  aaaa99985888a9694799aa837859a377772564a685664
193340 1 21 5 2 3 1 0 0 0  aaaa99985888a9694799aa887879a376663657a744552
193458 1 21 5 5 5 0 0 0 0  aaaa99985888a9694799aa887879a375745562a673664
193501 1 21 5 7 0 0 1 0 0  aaaa99987888a9696299aa887879a775665534a746354
193505 1 21 5 7 0 2 1 0 0  aaaa99987888a9696299aa887879a776654335a754546
193510 1 21 5 7 1 2 0 0 0  aaaa99987888a9596299aa887879a776664354a736554
193511 1 21 5 7 1 2 1 0 0  aaaa99987888a9593299aa887879a776646656a743554
193514 1 21 5 7 2 1 0 0 0  aaaa99987888a9594299aa887879a776663654a756534
193516 1 21 5 7 2 2 0 0 0  aaaa99987888a9494299aa887879a776663645a756535
193910 1 21 6 7 2 1 0 0 0  aaaa99985888a9694799aa877879a376663865a752445
193912 1 21 6 7 2 2 0 0 0  aaaa99985888a9695799aa877879a576665864a744332
193946 1 21 6 8 2 1 0 0 0  aaaa99985888a9694799aa837879a776663865a752445
193948 1 21 6 8 2 2 0 0 0  aaaa99985888a9695799aa857879a776665864a744332
193980 1 21 6 9 2 0 0 0 0  aaaa99985888a9595799aa847869a377773864a662564
193982 1 21 6 9 2 1 0 0 0  aaaa99985888a9695799aa847869a377773864a662554
194000 1 21 6 9 5 1 0 0 0  aaaa99985888a9694799aa837859a377772864a655664
194063 1 21 7 0 3 2 1 0 0  aaaa99988888a9894799aa877669a676354265a757534
194256 1 21 7 6 0 0 0 0 0  aaaa99988888a9895799aa837779a366772565a465464
194486 1 21 8 1 2 1 0 0 0  aaaa99985888a9694799aa837889a776663765a752445
194488 1 21 8 1 2 2 0 0 0  aaaa99985888a9695799aa857889a776665764a744332
194696 1 21 8 7 1 1 0 0 0  aaaa99985888a9594799aa837889a377666674a672554
194700 1 21 8 7 2 0 0 0 0  aaaa99985888a9694799aa837889a377666575a675442
194702 1 21 8 7 2 1 0 0 0  aaaa99985888a9694799aa837889a377666475a674525
194706 1 21 8 7 3 0 0 0 0  aaaa99985888a9694799aa837889a377666576a572454
194708 1 21 8 7 3 1 0 0 0  aaaa99985888a9694799aa837889a377666576a575442
194714 1 21 8 7 4 1 0 0 0  aaaa99985888a9696799aa847889a377653475a674625
194720 1 21 8 7 5 1 0 0 0  aaaa99985888a9694799aa837889a377652475a674665
194732 1 21 8 8 1 1 0 0 0  aaaa99985888a9694799aa837889a377744667a566552
194736 1 21 8 8 2 0 0 0 0  aaaa99985888a9694799aa837889a377744657a662565
194738 1 21 8 8 2 1 0 0 0  aaaa99985888a9695799aa837889a377755647a662464
194744 1 21 8 8 3 1 0 0 0  aaaa99985888a9594799aa837889a377762667a566454
194746 1 21 8 8 3 2 0 0 0  aaaa99985888a9495799aa857889a577762667a366434
194750 1 21 8 8 4 1 0 0 0  aaaa99985888a9694799aa837889a377744657a666552
194756 1 21 8 8 5 1 0 0 0  aaaa99985888a9694799aa837889a377744567a655662
195248 1 21 10 0 3 1 0 0 0  aaaa99985888a9894799aa877869a376663265a757445
195250 1 21 10 0 3 2 0 0 0  aaaa99985888a9895799aa877869a576665464a737423
195286 1 21 10 1 3 2 0 0 0  aaaa99985888a9895799aa877879a566635476a436472
195408 1 21 10 5 0 0 0 0 0  aaaa99985888a9894799aa877879a376763665a455246
195444 1 21 10 6 0 0 0 0 0  aaaa99985888a9894799aa837879a776763665a455246
195482 1 21 10 7 0 1 0 0 0  aaaa99984888a9893799aa877879a376652656a744565
195484 1 21 10 7 0 2 0 0 0  aaaa99985888a9895799aa877879a576645636a744362
195500 1 21 10 7 3 1 0 0 0  aaaa99985888a9894799aa877879a376663625a744565
195502 1 21 10 7 3 2 0 0 0  aaaa99985888a9895799aa877879a576665644a742363
195510 1 21 10 7 5 0 0 0 0  aaaa99985888a9894799aa877879a375465526a763646
195518 1 21 10 8 0 1 0 0 0  aaaa99984888a9893799aa837879a776652656a744565
195520 1 21 10 8 0 2 0 0 0  aaaa99985888a9895799aa857879a776645636a744362
195536 1 21 10 8 3 1 0 0 0  aaaa99985888a9894799aa837879a776663625a744565
195538 1 21 10 8 3 2 0 0 0  aaaa99985888a9895799aa857879a776665644a742363
195546 1 21 10 8 5 0 0 0 0  aaaa99985888a9894799aa837879a775465526a763646
195647 1 21 11 0 3 2 1 0 0  aaaa99984888a9898799aa877669a676354265a757534
195840 1 21 11 6 0 0 0 0 0  aaaa99985888a9898799aa837779a366772565a465464
196020 1 21 12 0 0 0 0 0 0  aaaa99985888a9894799aa877669a376455268a757643
196022 1 21 12 0 0 1 0 0 0  aaaa99985888a9893799aa877669a376555468a747624
196051 1 21 12 0 5 0 1 0 0  aaaa99986888a9896799aa877559a675346258a747364
196066 1 21 12 1 1 2 0 0 0  aaaa99985888a9895799aa877749a566365268a747364
196076 1 21 12 1 3 1 0 0 0  aaaa99985888a9893799aa877769a366562468a747554
196084 1 21 12 1 4 2 0 0 0  aaaa99985888a9895799aa877749a566366268a747354
196236 1 21 12 6 0 0 0 0 0  aaaa99985888a9894799aa837779a366772468a564565
196238 1 21 12 6 0 1 0 0 0  aaaa99985888a9894799aa837779a366772568a565464
196244 1 21 12 6 1 1 0 0 0  aaaa99985888a9894799aa837779a366776568a545624
196246 1 21 12 6 1 2 0 0 0  aaaa99985888a9895799aa857779a566776468a433642
196248 1 21 12 6 2 0 0 0 0  aaaa99985888a9894799aa837779a366776558a665442
196250 1 21 12 6 2 1 0 0 0  aaaa99985888a9894799aa837779a366776458a664552
196254 1 21 12 6 3 0 0 0 0  aaaa99985888a9894799aa837779a366776568a562454
196256 1 21 12 6 3 1 0 0 0  aaaa99985888a9894799aa837779a366776568a565442
196260 1 21 12 6 4 0 0 0 0  aaaa99985888a9894799aa837779a356776658a662454
196262 1 21 12 6 4 1 0 0 0  aaaa99985888a9895799aa847779a326776658a663454
196268 1 21 12 6 5 1 0 0 0  aaaa99985888a9894799aa837779a346774658a666552
196326 1 21 12 8 3 0 0 0 0  aaaa99985888a9894799aa877779a366763568a546254
196362 1 21 12 9 3 0 0 0 0  aaaa99985888a9894799aa837779a766763568a546254
196418 1 21 13 0 0 1 0 0 0  aaaa99986888a9893299aa887769a667555675a474473
196440 1 21 13 0 4 0 0 0 0  aaaa99984888a9893599aa887759a367666674a572574
196458 1 21 13 1 1 0 0 0 0  aaaa99985888a9894799aa887769a367663645a755742
196460 1 21 13 1 1 1 0 0 0  aaaa99985888a9894799aa887769a367663645a752745
196472 1 21 13 1 3 1 0 0 0  aaaa99985888a9893799aa887759a367662644a755764
196483 1 21 13 1 5 0 1 0 0  aaaa99986888a9896799aa887739a657546524a736754
196496 1 21 13 2 1 1 0 0 0  aaaa99985888a9894799aa887769a367663674a572554
196542 1 21 13 3 3 0 0 0 0  aaaa99984888a9893799aa887779a366762565a546754
196554 1 21 13 3 5 0 0 0 0  aaaa99985888a9894799aa887779a356745652a666734
196573 1 21 13 4 2 0 1 0 0  aaaa99985888a9894799aa887739a467656626a773554
196632 1 21 13 6 0 0 0 0 0  aaaa99985888a9893799aa887779a366772565a465464
196671 1 21 13 7 0 1 1 0 0  aaaa99984888a9894399aa887779a366754267a567565
196675 1 21 13 7 1 0 1 0 0  aaaa99984888a9894399aa887779a366764567a527565
196677 1 21 13 7 1 1 1 0 0  aaaa99984888a9894399aa887779a366764567a557265
196681 1 21 13 7 2 0 1 0 0  aaaa99984888a9894399aa887779a365766667a527545
196693 1 21 13 7 4 0 1 0 0  aaaa99984888a9894399aa887779a366766567a527545
196722 1 21 13 8 3 0 0 0 0  aaaa99985888a9894799aa887779a366763567a546254
196777 1 21 13 10 0 0 1 0 0  aaaa99984888a9894399aa887669a377777565a564265
197059 1 21 14 6 5 0 1 0 0  aaaa99965888a9894399aa637889a877567277a565644
197063 1 21 14 6 5 2 1 0 0  aaaa99965888a9895299aa657889a877367477a464635
197110 1 21 14 8 1 2 0 0 0  aaaa99956888a9894799aa537889a877744627a663565
197114 1 21 14 8 2 1 0 0 0  aaaa99965888a9894799aa637889a877744657a663552
197203 1 21 14 10 5 0 1 0 0  aaaa99965888a9894299aa647889a877777556a365634
197205 1 21 14 10 5 1 1 0 0  aaaa99965888a9894299aa647889a877777536a565634
197206 1 21 14 10 5 2 0 0 0  aaaa99965888a9895299aa657889a877777346a365644
197207 1 21 14 10 5 2 1 0 0  aaaa99965888a9895299aa657889a877777436a464635
197221 1 21 15 0 2 0 1 0 0  aaaa99977888a9797299aa887889a466576566a354534
197260 1 21 15 1 2 2 0 0 0  aaaa99954888a9693799aa887889a776663765a752445
197333 1 21 15 3 2 2 1 0 0  aaaa99957888a9694299aa887889a777754666a353564
197339 1 21 15 3 3 2 1 0 0  aaaa99957888a9694299aa887889a777754666a356534
197345 1 21 15 3 4 2 1 0 0  aaaa99957888a9694299aa887889a777754635a666534
197351 1 21 15 3 5 2 1 0 0  aaaa99957888a9694299aa887889a777754365a653664
197510 1 21 15 8 2 1 0 0 0  aaaa99954888a9693799aa887889a377744657a662565
197512 1 21 15 8 2 2 0 0 0  aaaa99945888a9695799aa887889a577735647a662463
197607 1 21 16 0 0 1 1 0 0  aaaa99977888a9797299aa887869a658576664a543534
197609 1 21 16 0 0 2 1 0 0  aaaa99977888a9797299aa887869a668573654a543564
197650 1 21 16 1 1 2 0 0 0  aaaa99954888a9793799aa887879a378666675a652445
197668 1 21 16 1 4 2 0 0 0  aaaa99954888a9793799aa887879a378652675a666445
197672 1 21 16 1 5 1 0 0 0  aaaa99965888a9794799aa887879a378464576a565632
197867 1 21 16 7 1 2 1 0 0  aaaa99957888a9394299aa887879a778666665a754534
197873 1 21 16 7 2 2 1 0 0  aaaa99957888a9694299aa887879a778666365a753544
197874 1 21 16 7 3 0 0 0 0  aaaa99967888a9694299aa887879a778666545a735543
197880 1 21 16 7 4 0 0 0 0  aaaa99957888a9696299aa887879a778655364a735644
197881 1 21 16 7 4 0 1 0 0  aaaa99957888a9696299aa887879a778655463a744653
197885 1 21 16 7 4 2 1 0 0  aaaa99957888a9696299aa887879a778654365a753644
197891 1 21 16 7 5 2 1 0 0  aaaa99957888a9694299aa887879a778654365a753664
197965 1 21 16 10 0 0 1 0 0  aaaa99966888a9796299aa886859a548765474a753773
197995 1 21 16 10 5 0 1 0 0  aaaa99964888a9794399aa885859a358764276a765776
198092 1 21 17 2 3 1 0 0 0  aaaa99954888a9893799aa887879a376662657a744565
198094 1 21 17 2 3 2 0 0 0  aaaa99945888a9895799aa887879a576665637a744362
198102 1 21 17 2 5 0 0 0 0  aaaa99965888a9894799aa887879a375465527a763646
198252 1 21 17 7 0 0 0 0 0  aaaa99957888a9895299aa887879a776655646a743463
198253 1 21 17 7 0 0 1 0 0  aaaa99947888a9893299aa887879a776655656a743564
198256 1 21 17 7 0 2 0 0 0  aaaa99947888a9895299aa887879a776635646a735465
198257 1 21 17 7 0 2 1 0 0  aaaa99957888a9894299aa887879a776654636a754365
198264 1 21 17 7 2 0 0 0 0  aaaa99947888a9895299aa887879a776664655a736354
198266 1 21 17 7 2 1 0 0 0  aaaa99947888a9895299aa887879a776664653a736554
198269 1 21 17 7 2 2 1 0 0  aaaa99957888a9894299aa887879a776664635a756534
198270 1 21 17 7 3 0 0 0 0  aaaa99957888a9895299aa887879a776664634a755364
198271 1 21 17 7 3 0 1 0 0  aaaa99947888a9893299aa887879a776663655a755464
198274 1 21 17 7 3 2 0 0 0  aaaa99947888a9895299aa887879a776665644a735365
198275 1 21 17 7 3 2 1 0 0  aaaa99957888a9894299aa887879a776664635a754365
198281 1 21 17 7 4 2 1 0 0  aaaa99957888a9894299aa887879a776666635a754534
198282 1 21 17 7 5 0 0 0 0  aaaa99967888a9894299aa887879a775464556a763653
198283 1 21 17 7 5 0 1 0 0  aaaa99967888a9895299aa887879a775465546a763643
198285 1 21 17 7 5 1 1 0 0  aaaa99967888a9894299aa887879a775565536a764634
198286 1 21 17 7 5 2 0 0 0  aaaa99967888a9895299aa887879a774465436a765635
198287 1 21 17 7 5 2 1 0 0  aaaa99967888a9895299aa887879a773465346a765645
198310 1 21 17 8 3 2 0 0 0  aaaa99954888a9893799aa887879a776663625a744565
198318 1 21 17 8 5 0 0 0 0  aaaa99965888a9894799aa887879a775465526a763643
198694 1 21 18 8 1 2 0 0 0  aaaa99956888a9898799aa547889a377744627a663565
198698 1 21 18 8 2 1 0 0 0  aaaa99965888a9898799aa647889a377744657a663552
198787 1 21 18 10 5 0 1 0 0  aaaa99965888a9898299aa647889a477777556a365634
198789 1 21 18 10 5 1 1 0 0  aaaa99965888a9898299aa647889a477777536a565634
198790 1 21 18 10 5 2 0 0 0  aaaa99965888a9898299aa657889a577777346a365644
198791 1 21 18 10 5 2 1 0 0  aaaa99965888a9898299aa657889a577777436a464635
198910 1 21 19 3 1 2 0 0 0  aaaa99954888a9893799aa837879a778666675a652445
198928 1 21 19 3 4 2 0 0 0  aaaa99954888a9893799aa837879a778652675a666445
198932 1 21 19 3 5 1 0 0 0  aaaa99965888a9894799aa837879a778464576a565632
199054 1 21 19 7 1 2 0 0 0  aaaa99954888a9893799aa877879a378666665a752445
199072 1 21 19 7 4 2 0 0 0  aaaa99954888a9893799aa877879a378652665a744665
199076 1 21 19 7 5 1 0 0 0  aaaa99965888a9894799aa877879a378563456a764652
199090 1 21 19 8 1 2 0 0 0  aaaa99954888a9893799aa837879a778666665a752445
199108 1 21 19 8 4 2 0 0 0  aaaa99954888a9893799aa837879a778652665a744665
199112 1 21 19 8 5 1 0 0 0  aaaa99965888a9894799aa837879a778563456a764652
199354 1 21 20 4 3 2 0 0 0  aaaa99957888a9898799aa877879a366653446a256475
199462 1 21 20 7 3 2 0 0 0  aaaa99954888a9898799aa877879a376663625a744565
199470 1 21 20 7 5 0 0 0 0  aaaa99965888a9898799aa877879a475465526a763643
199498 1 21 20 8 3 2 0 0 0  aaaa99954888a9898799aa837879a776663625a744565
199506 1 21 20 8 5 0 0 0 0  aaaa99965888a9898799aa847879a775465526a763643
199882 1 21 21 8 1 2 0 0 0  aaaa99956787a9894899aa538889a877744627a663565
199886 1 21 21 8 2 1 0 0 0  aaaa99965787a9894899aa638889a877744657a663552
199975 1 21 21 10 5 0 1 0 0  aaaa99965287a9894899aa648889a877777556a365634
199977 1 21 21 10 5 1 1 0 0  aaaa99965287a9894899aa648889a877777536a565634
199978 1 21 21 10 5 2 0 0 0  aaaa99965287a9895899aa658889a877777346a365644
199979 1 21 21 10 5 2 1 0 0  aaaa99965287a9895899aa658889a877777436a464635
200000 0 21 22 0 3 1 0 0 0  aaaa99977668a9797799aa738669a388888565a545442
200227 1 21 22 6 5 0 1 0 0  aaaa99965778a9797299aa648779a488888556a365634
200229 1 21 22 6 5 1 1 0 0  aaaa99965778a9797299aa648779a488888536a565634
200230 1 21 22 6 5 2 0 0 0  aaaa99965778a9797299aa658779a588888346a365644
200231 1 21 22 6 5 2 1 0 0  aaaa99965778a9797299aa658779a588888436a464635
200242 1 21 22 7 1 2 0 0 0  aaaa99954778a9793699aa738769a688888665a752445
200335 1 21 22 9 5 0 1 0 0  aaaa99965278a9794799aa648779a788888556a365634
200337 1 21 22 9 5 1 1 0 0  aaaa99965278a9794799aa648779a788888536a565634
200338 1 21 22 9 5 2 0 0 0  aaaa99965278a9795799aa658779a788888346a365644
200339 1 21 22 9 5 2 1 0 0  aaaa99965278a9795799aa658779a788888436a464635
200384 1 22 0 0 1 1 0 0 0  aaaa99995889a9774989aa777867a368663684a582554
200456 1 22 0 2 1 1 0 0 0  aaaa99995889a9777989aa747867a368663684a582554
200666 1 22 0 8 0 1 0 0 0  aaaa99995889a9664989aa637877a768673784a582554
200766 1 22 0 10 5 0 0 0 0  aaaa99995889a9764989aa635847a558763286a784776
200797 1 22 1 0 4 0 1 0 0  aaaa99995889a9877989aa552766a787674865a384634
200816 1 22 1 1 1 1 0 0 0  aaaa99995889a9874989aa537776a386766845a682745
200822 1 22 1 1 2 1 0 0 0  aaaa99995889a9874989aa637775a386766856a484752
200824 1 22 1 1 2 2 0 0 0  aaaa99995889a9875989aa657774a586766836a484732
200828 1 22 1 1 3 1 0 0 0  aaaa99995889a9874989aa637775a386766854a682754
200834 1 22 1 1 4 1 0 0 0  aaaa99995889a9874989aa447776a385755866a683762
200852 1 22 1 2 1 1 0 0 0  aaaa99994889a9853989aa447776a386766857a682575
200854 1 22 1 2 1 2 0 0 0  aaaa99995889a9845989aa357776a586766847a682473
200860 1 22 1 2 2 2 0 0 0  aaaa99995889a9865989aa657774a586766837a484372
200876 1 22 1 2 5 1 0 0 0  aaaa99994889a9863989aa637774a485762857a585676
200888 1 22 1 3 1 1 0 0 0  aaaa99995889a9874989aa447777a386676866a583552
200924 1 22 1 4 1 1 0 0 0  aaaa99994889a9853989aa447776a386766855a682775
200926 1 22 1 4 1 2 0 0 0  aaaa99995889a9845989aa357776a586766844a682773
200942 1 22 1 4 4 1 0 0 0  aaaa99994889a9866989aa637774a485763856a585772
200948 1 22 1 4 5 1 0 0 0  aaaa99994889a9863989aa637774a485762856a585776
200968 1 22 1 5 2 2 0 0 0  aaaa99994889a9853989aa537776a286757867a686445
201040 1 22 1 7 2 2 0 0 0  aaaa99994889a9863989aa637775a286766857a587454
201244 1 22 2 2 0 2 0 0 0  aaaa99996889a9874989aa667775a386573878a562454
201248 1 22 2 2 1 1 0 0 0  aaaa99995889a9874989aa637775a386676878a562454
201250 1 22 2 2 1 2 0 0 0  aaaa99995889a9875989aa657774a586676878a464332
201254 1 22 2 2 2 1 0 0 0  aaaa99995889a9874989aa447776a386676878a555632
201260 1 22 2 2 3 1 0 0 0  aaaa99995889a9874989aa447776a386676878a563552
201266 1 22 2 2 4 1 0 0 0  aaaa99995889a9874989aa447776a386573878a666552
201272 1 22 2 2 5 1 0 0 0  aaaa99995889a9874989aa447776a385673878a655662
201280 1 22 2 3 0 2 0 0 0  aaaa99996889a9874989aa667777a386573858a562454
201284 1 22 2 3 1 1 0 0 0  aaaa99995889a9874989aa637777a386676858a562454
201286 1 22 2 3 1 2 0 0 0  aaaa99995889a9875989aa657777a586676848a464332
201290 1 22 2 3 2 1 0 0 0  aaaa99995889a9874989aa447777a386676868a555632
201296 1 22 2 3 3 1 0 0 0  aaaa99995889a9874989aa447777a386676868a563552
201302 1 22 2 3 4 1 0 0 0  aaaa99995889a9874989aa447777a386573868a666552
201308 1 22 2 3 5 1 0 0 0  aaaa99995889a9874989aa447777a385673868a655662
201320 1 22 2 4 1 1 0 0 0  aaaa99995889a9854989aa537776a386766828a644775
201322 1 22 2 4 1 2 0 0 0  aaaa99995889a9845989aa357776a586766828a644773
201326 1 22 2 4 2 1 0 0 0  aaaa99994889a9863989aa637774a486766858a555772
201338 1 22 2 4 4 1 0 0 0  aaaa99995889a9854989aa537776a386744828a666775
201340 1 22 2 4 4 2 0 0 0  aaaa99995889a9845989aa357776a586744828a666773
201344 1 22 2 4 5 1 0 0 0  aaaa99994889a9863989aa637774a485762858a565776
201362 1 22 2 5 2 1 0 0 0  aaaa99994889a9853989aa447776a386577878a662565
201364 1 22 2 5 2 2 0 0 0  aaaa99995889a9845989aa357776a586477878a662463
201398 1 22 2 6 2 1 0 0 0  aaaa99994889a9853989aa447777a386577868a662565
201400 1 22 2 6 2 2 0 0 0  aaaa99995889a9845989aa357777a586477868a662463
201404 1 22 2 6 3 1 0 0 0  aaaa99994889a9863989aa447777a386677858a566525
201536 1 22 2 10 1 1 0 0 0  aaaa99995889a9864989aa446667a385763878a755772
201589 1 22 3 0 4 0 1 0 0  aaaa99995889a9877989aa556876a778374265a684634
201595 1 22 3 0 5 0 1 0 0  aaaa99995889a9877989aa552876a778674365a683644
201599 1 22 3 0 5 2 1 0 0  aaaa99995889a9877989aa452876a778675364a683654
201608 1 22 3 1 1 1 0 0 0  aaaa99995889a9874989aa447877a378666667a583552
201618 1 22 3 1 3 0 0 0 0  aaaa99995889a9874989aa637877a378666567a582454
201620 1 22 3 1 3 1 0 0 0  aaaa99995889a9874989aa637877a378666567a585442
201650 1 22 3 2 2 1 0 0 0  aaaa99995889a9854989aa537877a378666267a687445
201652 1 22 3 2 2 2 0 0 0  aaaa99995889a9845989aa357877a578666267a687443
201662 1 22 3 2 4 1 0 0 0  aaaa99995889a9854989aa447877a378656267a687635
201664 1 22 3 2 4 2 0 0 0  aaaa99995889a9845989aa357877a578636267a687644
201668 1 22 3 2 5 1 0 0 0  aaaa99995889a9854989aa537877a378644267a687665
201670 1 22 3 2 5 2 0 0 0  aaaa99995889a9845989aa357877a578644267a687663
201708 1 22 3 4 0 0 0 0 0  aaaa99995889a9874989aa737877a368672655a486645
201710 1 22 3 4 0 1 0 0 0  aaaa99995889a9874989aa737877a368672654a586654
201722 1 22 3 4 2 1 0 0 0  aaaa99995889a9874989aa737877a368676656a582454
201724 1 22 3 4 2 2 0 0 0  aaaa99995889a9875989aa757877a568676646a484332
201726 1 22 3 4 3 0 0 0 0  aaaa99995889a9874989aa737877a368676654a585624
201728 1 22 3 4 3 1 0 0 0  aaaa99995889a9874989aa737877a368676654a582654
201734 1 22 3 4 4 1 0 0 0  aaaa99995889a9874989aa737877a368576666a582454
201736 1 22 3 4 4 2 0 0 0  aaaa99995889a9875989aa757877a568476666a484332
201740 1 22 3 4 5 1 0 0 0  aaaa99995889a9875989aa737877a358675464a684662
201758 1 22 3 5 2 1 0 0 0  aaaa99994889a9853989aa447877a378672666a587565
201760 1 22 3 5 2 2 0 0 0  aaaa99995889a9845989aa357877a578672666a487463
201764 1 22 3 5 3 1 0 0 0  aaaa99995889a9864989aa447877a378673666a587552
201770 1 22 3 5 4 1 0 0 0  aaaa99994889a9853989aa447877a378676565a687625
201772 1 22 3 5 4 2 0 0 0  aaaa99995889a9845989aa357877a578676464a687623
201776 1 22 3 5 5 1 0 0 0  aaaa99994889a9853989aa447877a378672565a687665
201778 1 22 3 5 5 2 0 0 0  aaaa99995889a9845989aa357877a578672464a687663
201830 1 22 3 7 2 1 0 0 0  aaaa99994889a9853989aa447877a378666565a687725
201832 1 22 3 7 2 2 0 0 0  aaaa99995889a9845989aa357877a578666464a687723
201842 1 22 3 7 4 1 0 0 0  aaaa99994889a9853989aa447877a378662565a687765
201844 1 22 3 7 4 2 0 0 0  aaaa99995889a9845989aa357877a578662464a687763
201848 1 22 3 7 5 1 0 0 0  aaaa99995889a9864989aa637877a378464256a587756
201850 1 22 3 7 5 2 0 0 0  aaaa99995889a9865989aa657877a578464346a387726
201878 1 22 3 8 4 1 0 0 0  aaaa99994889a9853989aa447877a758676765a683625
201880 1 22 3 8 4 2 0 0 0  aaaa99995889a9845989aa357877a748676764a685623
201954 1 22 3 10 5 0 0 0 0  aaaa99995889a9864989aa635847a558763276a784776
201991 1 22 4 0 5 0 1 0 0  aaaa99995889a9877989aa552876a778684367a653644
201995 1 22 4 0 5 2 1 0 0  aaaa99995889a9877989aa352876a778685467a644653
202000 1 22 4 1 0 2 0 0 0  aaaa99996889a9874989aa667877a378583657a562454
202004 1 22 4 1 1 1 0 0 0  aaaa99995889a9874989aa447877a378683667a566552
202008 1 22 4 1 2 0 0 0 0  aaaa99995889a9874989aa447877a378683657a662565
202010 1 22 4 1 2 1 0 0 0  aaaa99995889a9875989aa557877a378683647a662464
202016 1 22 4 1 3 1 0 0 0  aaaa99995889a9874989aa637877a378582667a566454
202018 1 22 4 1 3 2 0 0 0  aaaa99995889a9875989aa657877a578484667a466332
202022 1 22 4 1 4 1 0 0 0  aaaa99995889a9874989aa447877a378683657a666552
202028 1 22 4 1 5 1 0 0 0  aaaa99995889a9874989aa447877a378683567a655662
202046 1 22 4 2 2 1 0 0 0  aaaa99994889a9853989aa447877a378682657a667565
202048 1 22 4 2 2 2 0 0 0  aaaa99995889a9845989aa357877a578682647a667463
202052 1 22 4 2 3 1 0 0 0  aaaa99995889a9864989aa447877a378683657a667552
202058 1 22 4 2 4 1 0 0 0  aaaa99994889a9853989aa447877a378686567a657625
202060 1 22 4 2 4 2 0 0 0  aaaa99995889a9845989aa357877a578686467a647623
202064 1 22 4 2 5 1 0 0 0  aaaa99994889a9853989aa447877a378682567a657665
202066 1 22 4 2 5 2 0 0 0  aaaa99995889a9845989aa357877a578682467a647663
202082 1 22 4 3 2 1 0 0 0  aaaa99994889a9853989aa447877a778683657a662565
202084 1 22 4 3 2 2 0 0 0  aaaa99995889a9845989aa357877a778685647a662463
202202 1 22 4 6 4 1 0 0 0  aaaa99994889a9853989aa447877a758686765a673625
202204 1 22 4 6 4 2 0 0 0  aaaa99995889a9845989aa357877a748686764a675623
202226 1 22 4 7 2 1 0 0 0  aaaa99995889a9865989aa637877a378585666a474472
202232 1 22 4 7 3 1 0 0 0  aaaa99994889a9853989aa447877a378682666a576575
202234 1 22 4 7 3 2 0 0 0  aaaa99995889a9845989aa357877a578682666a476473
202244 1 22 4 7 5 1 0 0 0  aaaa99995889a9863989aa637877a278484546a575676
202350 1 22 4 10 5 0 0 0 0  aaaa99995889a9864989aa635847a558783276a764776
202390 1 22 5 0 5 2 0 0 0  aaaa99995889a9877989aa852876a778675364a635644
202391 1 22 5 0 5 2 1 0 0  aaaa99995889a9877989aa852876a778675463a644653
202392 1 22 5 1 0 0 0 0 0  aaaa99995889a9874989aa837877a378662667a455546
202404 1 22 5 1 2 0 0 0 0  aaaa99995889a9874989aa837877a378666467a654552
202406 1 22 5 1 2 1 0 0 0  aaaa99995889a9874989aa837877a378666567a655442
202410 1 22 5 1 3 0 0 0 0  aaaa99995889a9874989aa837877a378666567a562454
202412 1 22 5 1 3 1 0 0 0  aaaa99995889a9874989aa837877a378666567a565442
202418 1 22 5 1 4 1 0 0 0  aaaa99995889a9874989aa837877a378644657a666552
202424 1 22 5 1 5 1 0 0 0  aaaa99995889a9874989aa837877a378644567a655662
202442 1 22 5 2 2 1 0 0 0  aaaa99994889a9853989aa837877a278666567a657445
202444 1 22 5 2 2 2 0 0 0  aaaa99995889a9845989aa857877a578666467a647332
202446 1 22 5 2 3 0 0 0 0  aaaa99995889a9864989aa837877a378666567a547254
202454 1 22 5 2 4 1 0 0 0  aaaa99994889a9844989aa837877a378656567a657625
202456 1 22 5 2 4 2 0 0 0  aaaa99995889a9845989aa857877a578636467a647623
202460 1 22 5 2 5 1 0 0 0  aaaa99994889a9853989aa837877a278644567a657665
202462 1 22 5 2 5 2 0 0 0  aaaa99995889a9845989aa857877a578644367a637662
202500 1 22 5 4 0 0 0 0 0  aaaa99995889a9874989aa837877a368672647a556645
202502 1 22 5 4 0 1 0 0 0  aaaa99995889a9874989aa837877a368672657a546654
202508 1 22 5 4 1 1 0 0 0  aaaa99995889a9874989aa837877a368676657a562454
202510 1 22 5 4 1 2 0 0 0  aaaa99995889a9875989aa857877a568676647a464332
202512 1 22 5 4 2 0 0 0 0  aaaa99995889a9874989aa837877a368676557a645624
202514 1 22 5 4 2 1 0 0 0  aaaa99995889a9874989aa837877a368676547a655642
202518 1 22 5 4 3 0 0 0 0  aaaa99995889a9874989aa837877a368676657a545624
202520 1 22 5 4 3 1 0 0 0  aaaa99995889a9874989aa837877a368676647a555642
202526 1 22 5 4 4 1 0 0 0  aaaa99995889a9874989aa837877a368572657a666454
202528 1 22 5 4 4 2 0 0 0  aaaa99995889a9875989aa857877a568474647a666332
202532 1 22 5 4 5 1 0 0 0  aaaa99995889a9874989aa837877a348674567a655662
202550 1 22 5 5 2 1 0 0 0  aaaa99995889a9844989aa847877a378673666a257565
202552 1 22 5 5 2 2 0 0 0  aaaa99995889a9845989aa857877a578672666a447363
202562 1 22 5 5 4 1 0 0 0  aaaa99995889a9844989aa847877a378676265a657635
202564 1 22 5 5 4 2 0 0 0  aaaa99995889a9845989aa857877a578676464a637623
202568 1 22 5 5 5 1 0 0 0  aaaa99995889a9844989aa847877a378673265a657665
202570 1 22 5 5 5 2 0 0 0  aaaa99995889a9845989aa857877a578672464a637663
202626 1 22 5 7 3 0 0 0 0  aaaa99995889a9863989aa837877a278666565a475474
202640 1 22 5 7 5 1 0 0 0  aaaa99995889a9863989aa837877a278464546a575676
202746 1 22 5 10 5 0 0 0 0  aaaa99995889a9864989aa835847a558763276a764776
202783 1 22 6 0 5 0 1 0 0  aaaa99995889a9877989aa552876a778674368a653644
202787 1 22 6 0 5 2 1 0 0  aaaa99995889a9877989aa352876a778675468a644653
202832 1 22 6 2 1 1 0 0 0  aaaa99995889a9874989aa447877a368676758a663552
202848 1 22 6 2 4 0 0 0 0  aaaa99995889a9874989aa557877a368474768a653662
202850 1 22 6 2 4 1 0 0 0  aaaa99995889a9875989aa557877a428676768a644633
202896 1 22 6 4 0 0 0 0 0  aaaa99995889a9874989aa737877a368672648a556645
202898 1 22 6 4 0 1 0 0 0  aaaa99995889a9874989aa737877a368672658a546654
202904 1 22 6 4 1 1 0 0 0  aaaa99995889a9874989aa737877a368676658a562454
202906 1 22 6 4 1 2 0 0 0  aaaa99995889a9875989aa757877a568676648a464332
202908 1 22 6 4 2 0 0 0 0  aaaa99995889a9874989aa737877a368676558a645624
202910 1 22 6 4 2 1 0 0 0  aaaa99995889a9874989aa737877a368676548a655642
202914 1 22 6 4 3 0 0 0 0  aaaa99995889a9874989aa737877a368676658a545624
202916 1 22 6 4 3 1 0 0 0  aaaa99995889a9874989aa737877a368676648a555642
202922 1 22 6 4 4 1 0 0 0  aaaa99995889a9874989aa737877a368572658a666454
202924 1 22 6 4 4 2 0 0 0  aaaa99995889a9875989aa757877a568474648a666332
202928 1 22 6 4 5 1 0 0 0  aaaa99995889a9874989aa737877a348674568a655662
202946 1 22 6 5 2 1 0 0 0  aaaa99994889a9853989aa447877a378672658a667565
202948 1 22 6 5 2 2 0 0 0  aaaa99995889a9845989aa357877a578672648a667463
202952 1 22 6 5 3 1 0 0 0  aaaa99995889a9864989aa447877a378673658a667552
202958 1 22 6 5 4 1 0 0 0  aaaa99994889a9853989aa447877a378676568a657625
202960 1 22 6 5 4 2 0 0 0  aaaa99995889a9845989aa357877a578676468a647623
202964 1 22 6 5 5 1 0 0 0  aaaa99994889a9853989aa447877a378672568a657665
202966 1 22 6 5 5 2 0 0 0  aaaa99995889a9845989aa357877a578672468a647663
202982 1 22 6 6 2 1 0 0 0  aaaa99994889a9853989aa447877a778673658a662565
202984 1 22 6 6 2 2 0 0 0  aaaa99995889a9845989aa357877a778675648a662463
203036 1 22 6 7 5 1 0 0 0  aaaa99995889a9863989aa637877a278464548a575676
203090 1 22 6 9 2 1 0 0 0  aaaa99994889a9853989aa447876a378777658a662565
203092 1 22 6 9 2 2 0 0 0  aaaa99995889a9845989aa357876a578777648a662463
203142 1 22 6 10 5 0 0 0 0  aaaa99995889a9864989aa635847a558763278a764776
203190 1 22 7 1 1 0 0 0 0  aaaa99995889a9884989aa737776a386766845a655742
203192 1 22 7 1 1 1 0 0 0  aaaa99995889a9884989aa737776a386766845a652745
203210 1 22 7 1 4 1 0 0 0  aaaa99995889a9884989aa737776a386752845a666745
203228 1 22 7 2 1 1 0 0 0  aaaa99994889a9883989aa537776a286766857a644575
203230 1 22 7 2 1 2 0 0 0  aaaa99995889a9885989aa457776a586766837a644372
203234 1 22 7 2 2 1 0 0 0  aaaa99994889a9883989aa637774a486766857a555672
203246 1 22 7 2 4 1 0 0 0  aaaa99994889a9883989aa537776a286744857a666575
203248 1 22 7 2 4 2 0 0 0  aaaa99995889a9885989aa457776a586744837a666372
203252 1 22 7 2 5 1 0 0 0  aaaa99994889a9883989aa637774a485762857a565676
203256 1 22 7 3 0 0 0 0 0  aaaa99995889a9884989aa737777a386672865a464556
203258 1 22 7 3 0 1 0 0 0  aaaa99995889a9885989aa737777a386672864a565446
203264 1 22 7 3 1 1 0 0 0  aaaa99995889a9884989aa737777a386676856a562454
203266 1 22 7 3 1 2 0 0 0  aaaa99995889a9885989aa757777a586676846a464332
203268 1 22 7 3 2 0 0 0 0  aaaa99995889a9884989aa737777a386676865a455642
203270 1 22 7 3 2 1 0 0 0  aaaa99995889a9884989aa737777a386676864a555624
203276 1 22 7 3 3 1 0 0 0  aaaa99995889a9884989aa737777a386676864a562554
203282 1 22 7 3 4 1 0 0 0  aaaa99995889a9884989aa737777a386572864a666554
203288 1 22 7 3 5 1 0 0 0  aaaa99995889a9884989aa737777a385672864a655664
203300 1 22 7 4 1 1 0 0 0  aaaa99994889a9883989aa537776a286766855a644775
203302 1 22 7 4 1 2 0 0 0  aaaa99995889a9885989aa457776a586766844a633772
203306 1 22 7 4 2 1 0 0 0  aaaa99994889a9883989aa637774a486766856a555772
203318 1 22 7 4 4 1 0 0 0  aaaa99994889a9883989aa537776a286744855a666775
203320 1 22 7 4 4 2 0 0 0  aaaa99995889a9885989aa457776a586744833a666772
203324 1 22 7 4 5 1 0 0 0  aaaa99994889a9883989aa637774a485762856a565776
203342 1 22 7 5 2 1 0 0 0  aaaa99995889a9884989aa537776a386757867a662445
203344 1 22 7 5 2 2 0 0 0  aaaa99995889a9885989aa457776a586737867a662443
203378 1 22 7 6 2 1 0 0 0  aaaa99994889a9883989aa447777a386577865a662565
203380 1 22 7 6 2 2 0 0 0  aaaa99995889a9885989aa457777a586477863a662463
203516 1 22 7 10 1 1 0 0 0  aaaa99995889a9884989aa636667a385762874a755774
203545 1 22 8 0 0 0 1 0 0  aaaa99996889a9877989aa662887a776585457a464335
203549 1 22 8 0 0 2 1 0 0  aaaa99996889a9877989aa662887a776584357a563544
203646 1 22 8 2 5 0 0 0 0  aaaa99995889a9864989aa637887a775485527a763646
203774 1 22 8 6 2 1 0 0 0  aaaa99995889a9854989aa537886a377687677a662445
203776 1 22 8 6 2 2 0 0 0  aaaa99995889a9845989aa357886a577687677a662443
203780 1 22 8 6 3 1 0 0 0  aaaa99995889a9864989aa447886a377587677a663552
203826 1 22 8 7 5 0 0 0 0  aaaa99997889a9865989aa647887a775485526a763643
203846 1 22 8 8 2 1 0 0 0  aaaa99994889a9853989aa447886a777783657a662565
203848 1 22 8 8 2 2 0 0 0  aaaa99995889a9845989aa357886a777785647a662463
203852 1 22 8 8 3 1 0 0 0  aaaa99994889a9863989aa447885a777783667a566525
203882 1 22 8 9 2 1 0 0 0  aaaa99994889a9853989aa447886a377787657a662565
203884 1 22 8 9 2 2 0 0 0  aaaa99995889a9845989aa357886a577787647a662463
203945 1 22 9 0 0 2 1 0 0  aaaa99996889a9877989aa662875a776584357a863544
203954 1 22 9 0 2 1 0 0 0  aaaa99994889a9877989aa446875a776683657a863525
203982 1 22 9 1 1 0 0 0 0  aaaa99995889a9874989aa637877a376686557a865442
203984 1 22 9 1 1 1 0 0 0  aaaa99995889a9874989aa637877a376686457a864552
203990 1 22 9 1 2 1 0 0 0  aaaa99995889a9874989aa447877a376686657a863552
204002 1 22 9 1 4 1 0 0 0  aaaa99995889a9874989aa447877a376683657a866552
204038 1 22 9 2 4 1 0 0 0  aaaa99994889a9853989aa447877a376682567a857665
204040 1 22 9 2 4 2 0 0 0  aaaa99995889a9845989aa357877a576682467a847663
204042 1 22 9 2 5 0 0 0 0  aaaa99995889a9864989aa637877a375485527a867646
204078 1 22 9 3 5 0 0 0 0  aaaa99995889a9864989aa637877a775485527a863646
204115 1 22 9 4 5 0 1 0 0  aaaa99997889a9867989aa647877a455387256a865634
204118 1 22 9 4 5 2 0 0 0  aaaa99997889a9867989aa657877a534487436a865652
204140 1 22 9 5 3 1 0 0 0  aaaa99994889a9853989aa447877a376587666a872565
204142 1 22 9 5 3 2 0 0 0  aaaa99995889a9845989aa357877a576487666a872463
204150 1 22 9 5 5 0 0 0 0  aaaa99995889a9863989aa637877a275587446a875646
204164 1 22 9 6 1 1 0 0 0  aaaa99995889a9864989aa447877a766683756a873552
204200 1 22 9 7 1 1 0 0 0  aaaa99994889a9853989aa447877a376686656a872575
204202 1 22 9 7 1 2 0 0 0  aaaa99995889a9845989aa357877a576686646a872473
204212 1 22 9 7 3 1 0 0 0  aaaa99994889a9853989aa447877a376686655a872675
204214 1 22 9 7 3 2 0 0 0  aaaa99995889a9845989aa357877a576686644a872673
204216 1 22 9 7 4 0 0 0 0  aaaa99995889a9866989aa647877a374585256a874673
204218 1 22 9 7 4 1 0 0 0  aaaa99994889a9866989aa637877a375585456a874672
204222 1 22 9 7 5 0 0 0 0  aaaa99995889a9864989aa637877a374585256a874676
204224 1 22 9 7 5 1 0 0 0  aaaa99994889a9863989aa637877a275585456a874676
204258 1 22 9 8 5 0 0 0 0  aaaa99995889a9864989aa637877a775485526a873646
204294 1 22 9 9 5 0 0 0 0  aaaa99995889a9864989aa637854a577787527a863646
204312 1 22 9 10 2 0 0 0 0  aaaa99995889a9873989aa736866a265586447a875747
204318 1 22 9 10 3 0 0 0 0  aaaa99995889a9874989aa736866a365485527a876747
204324 1 22 9 10 4 0 0 0 0  aaaa99995889a9874989aa736866a665485527a873747
204330 1 22 9 10 5 0 0 0 0  aaaa99995889a9874989aa736854a566686527a873747
204370 1 22 10 0 5 2 0 0 0  aaaa99995889a9885989aa772876a778675364a635644
204371 1 22 10 0 5 2 1 0 0  aaaa99995889a9885989aa772876a778675463a644653
204372 1 22 10 1 0 0 0 0 0  aaaa99995889a9884989aa737877a378662667a455546
204384 1 22 10 1 2 0 0 0 0  aaaa99995889a9884989aa737877a378666467a654552
204386 1 22 10 1 2 1 0 0 0  aaaa99995889a9884989aa737877a378666567a655442
204390 1 22 10 1 3 0 0 0 0  aaaa99995889a9884989aa737877a378666567a562454
204392 1 22 10 1 3 1 0 0 0  aaaa99995889a9884989aa737877a378666567a565442
204398 1 22 10 1 4 1 0 0 0  aaaa99995889a9884989aa737877a378644657a666552
204404 1 22 10 1 5 1 0 0 0  aaaa99995889a9884989aa737877a378644567a655662
204422 1 22 10 2 2 1 0 0 0  aaaa99994889a9883989aa537877a278666567a657445
204424 1 22 10 2 2 2 0 0 0  aaaa99995889a9885989aa457877a578666467a647332
204426 1 22 10 2 3 0 0 0 0  aaaa99995889a9884989aa637877a378666567a547254
204434 1 22 10 2 4 1 0 0 0  aaaa99994889a9883989aa447877a378656567a657625
204436 1 22 10 2 4 2 0 0 0  aaaa99995889a9885989aa457877a578636467a647623
204440 1 22 10 2 5 1 0 0 0  aaaa99994889a9883989aa537877a278644567a657665
204442 1 22 10 2 5 2 0 0 0  aaaa99995889a9885989aa457877a578644367a637662
204480 1 22 10 4 0 0 0 0 0  aaaa99995889a9884989aa737877a368672647a556645
204482 1 22 10 4 0 1 0 0 0  aaaa99995889a9884989aa737877a368672657a546654
204488 1 22 10 4 1 1 0 0 0  aaaa99995889a9884989aa737877a368676657a562454
204490 1 22 10 4 1 2 0 0 0  aaaa99995889a9885989aa757877a568676647a464332
204492 1 22 10 4 2 0 0 0 0  aaaa99995889a9884989aa737877a368676557a645624
204494 1 22 10 4 2 1 0 0 0  aaaa99995889a9884989aa737877a368676547a655642
204498 1 22 10 4 3 0 0 0 0  aaaa99995889a9884989aa737877a368676657a545624
204500 1 22 10 4 3 1 0 0 0  aaaa99995889a9884989aa737877a368676647a555642
204506 1 22 10 4 4 1 0 0 0  aaaa99995889a9884989aa737877a368572657a666454
204508 1 22 10 4 4 2 0 0 0  aaaa99995889a9885989aa757877a568474647a666332
204512 1 22 10 4 5 1 0 0 0  aaaa99995889a9884989aa737877a348674567a655662
204530 1 22 10 5 2 1 0 0 0  aaaa99995889a9884989aa447877a378673666a257565
204532 1 22 10 5 2 2 0 0 0  aaaa99995889a9885989aa457877a578672666a447363
204542 1 22 10 5 4 1 0 0 0  aaaa99995889a9884989aa447877a378676265a657635
204544 1 22 10 5 4 2 0 0 0  aaaa99995889a9885989aa457877a578676464a637623
204548 1 22 10 5 5 1 0 0 0  aaaa99995889a9884989aa447877a378673265a657665
204550 1 22 10 5 5 2 0 0 0  aaaa99995889a9885989aa457877a578672464a637663
204606 1 22 10 7 3 0 0 0 0  aaaa99995889a9883989aa637877a278666565a475474
204620 1 22 10 7 5 1 0 0 0  aaaa99995889a9883989aa637877a278464546a575676
204726 1 22 10 10 5 0 0 0 0  aaaa99995889a9884989aa635847a558763276a764776
204840 1 22 11 3 0 0 0 0 0  aaaa99995889a9888989aa747777a386673656a545264
205178 1 22 12 1 2 1 0 0 0  aaaa99995889a9884989aa737776a388744666a555762
205184 1 22 12 1 3 1 0 0 0  aaaa99995889a9884989aa737776a388752666a456745
205190 1 22 12 1 4 1 0 0 0  aaaa99995889a9884989aa737776a388752645a666745
205208 1 22 12 2 1 1 0 0 0  aaaa99994889a9883989aa537776a288744667a566575
205210 1 22 12 2 1 2 0 0 0  aaaa99995889a9885989aa457776a588744667a366372
205214 1 22 12 2 2 1 0 0 0  aaaa99995889a9884989aa537776a388744627a656675
205216 1 22 12 2 2 2 0 0 0  aaaa99995889a9885989aa457776a588744627a636673
205226 1 22 12 2 4 1 0 0 0  aaaa99994889a9883989aa537776a288744657a666575
205228 1 22 12 2 4 2 0 0 0  aaaa99995889a9885989aa457776a588744637a666372
205232 1 22 12 2 5 1 0 0 0  aaaa99995889a9883989aa637774a488762547a565676
205286 1 22 12 4 2 1 0 0 0  aaaa99995889a9884989aa637774a488763666a555772
205292 1 22 12 4 3 1 0 0 0  aaaa99994889a9883989aa537776a288744666a556775
205294 1 22 12 4 3 2 0 0 0  aaaa99995889a9885989aa457776a588744666a336772
205298 1 22 12 4 4 1 0 0 0  aaaa99994889a9883989aa537776a288744655a666775
205300 1 22 12 4 4 2 0 0 0  aaaa99995889a9885989aa457776a588744633a666772
205304 1 22 12 4 5 1 0 0 0  aaaa99995889a9883989aa637774a488762546a565776
205322 1 22 12 5 2 1 0 0 0  aaaa99994889a9883989aa447776a388757657a662565
205324 1 22 12 5 2 2 0 0 0  aaaa99995889a9885989aa457776a588737647a662463
205394 1 22 12 7 2 1 0 0 0  aaaa99994889a9883989aa537776a288744657a667565
205396 1 22 12 7 2 2 0 0 0  aaaa99995889a9885989aa457776a588744637a667362
205400 1 22 12 7 3 1 0 0 0  aaaa99995889a9884989aa637776a388744657a667552
205406 1 22 12 7 4 1 0 0 0  aaaa99994889a9883989aa537776a688744567a657625
205408 1 22 12 7 4 2 0 0 0  aaaa99995889a9885989aa457776a688735467a647623
205412 1 22 12 7 5 1 0 0 0  aaaa99994889a9883989aa537776a288744567a657665
205414 1 22 12 7 5 2 0 0 0  aaaa99995889a9885989aa457776a588744367a637662
205430 1 22 12 8 2 1 0 0 0  aaaa99994889a9883989aa447777a388657657a662565
205432 1 22 12 8 2 2 0 0 0  aaaa99995889a9885989aa457777a588637647a662463
205632 1 22 13 3 0 0 0 0 0  aaaa99995889a9884989aa787777a386673656a545264
205938 1 22 14 0 3 0 0 0 0  aaaa99995889a9884979aa738885a576663674a577264
205940 1 22 14 0 3 1 0 0 0  aaaa99995889a9884979aa738886a376662674a577554
205950 1 22 14 0 5 0 0 0 0  aaaa99995889a9884979aa738886a375645572a677664
205970 1 22 14 1 2 1 0 0 0  aaaa99995889a9884979aa778886a376663765a752445
205972 1 22 14 1 2 2 0 0 0  aaaa99995889a9885979aa778886a576665764a744332
206012 1 22 14 2 3 1 0 0 0  aaaa99995889a9884979aa778886a376663674a572554
206022 1 22 14 2 5 0 0 0 0  aaaa99995889a9884979aa778886a375645572a673664
206042 1 22 14 3 2 1 0 0 0  aaaa99995889a9883979aa738886a277744666a555467
206048 1 22 14 3 3 1 0 0 0  aaaa99995889a9883979aa738886a277744666a546557
206054 1 22 14 3 4 1 0 0 0  aaaa99995889a9883979aa738886a277744654a666557
206060 1 22 14 3 5 1 0 0 0  aaaa99995889a9883979aa738886a277744564a655667
206124 1 22 14 5 4 0 0 0 0  aaaa99995889a9884979aa778886a377545652a666734
206202 1 22 14 7 5 0 0 0 0  aaaa99997889a9885979aa778886a475645562a673634
206222 1 22 14 8 2 1 0 0 0  aaaa99994889a9883979aa578886a377744657a662565
206224 1 22 14 8 2 2 0 0 0  aaaa99995889a9885979aa478886a577735647a662463
206317 1 22 15 0 0 0 1 0 0  aaaa99994889a9877989aa843887a776673656a554265
206408 1 22 15 2 3 1 0 0 0  aaaa99994889a9853989aa837887a776662657a744565
206410 1 22 15 2 3 2 0 0 0  aaaa99995889a9845989aa857887a776665637a744362
206418 1 22 15 2 5 0 0 0 0  aaaa99995889a9864989aa837887a775465527a763646
206590 1 22 15 7 3 2 0 0 0  aaaa99997889a9854989aa837887a776663625a744565
206598 1 22 15 7 5 0 0 0 0  aaaa99997889a9865989aa847887a775465526a763643
206618 1 22 15 8 2 1 0 0 0  aaaa99994889a9853989aa837886a777744657a662565
206620 1 22 15 8 2 2 0 0 0  aaaa99995889a9845989aa857886a777735647a662463
206624 1 22 15 8 3 1 0 0 0  aaaa99994889a9863989aa837885a777744667a566525
206760 1 22 16 1 2 0 0 0 0  aaaa99996889a9876989aa847877a376646557a853254
206762 1 22 16 1 2 1 0 0 0  aaaa99995889a9874989aa837877a376662657a846554
206766 1 22 16 1 3 0 0 0 0  aaaa99995889a9874989aa837877a376662657a844565
206768 1 22 16 1 3 1 0 0 0  aaaa99995889a9875989aa837877a376662647a855464
206774 1 22 16 1 4 1 0 0 0  aaaa99995889a9874989aa837877a376666657a844552
206790 1 22 16 2 1 0 0 0 0  aaaa99995889a9864989aa837877a376646557a867254
206804 1 22 16 2 3 1 0 0 0  aaaa99994889a9844989aa837877a376662657a857565
206806 1 22 16 2 3 2 0 0 0  aaaa99995889a9845989aa857877a576662647a837463
206814 1 22 16 2 5 0 0 0 0  aaaa99995889a9864989aa837877a375465527a867646
206840 1 22 16 3 3 1 0 0 0  aaaa99994889a9853989aa837877a776662657a844565
206842 1 22 16 3 3 2 0 0 0  aaaa99995889a9845989aa857877a776665637a844362
206850 1 22 16 3 5 0 0 0 0  aaaa99995889a9864989aa837877a775465527a863646
206868 1 22 16 4 2 0 0 0 0  aaaa99995889a9874989aa837877a366672557a866454
206870 1 22 16 4 2 1 0 0 0  aaaa99995889a9875989aa847877a366673257a866454
206880 1 22 16 4 4 0 0 0 0  aaaa99995889a9874989aa837877a366676557a865442
206882 1 22 16 4 4 1 0 0 0  aaaa99995889a9874989aa837877a366676457a864552
206918 1 22 16 5 4 1 0 0 0  aaaa99995889a9844989aa847877a376673265a857665
206920 1 22 16 5 4 2 0 0 0  aaaa99995889a9845989aa857877a576672464a837663
206922 1 22 16 5 5 0 0 0 0  aaaa99995889a9864989aa837877a375475526a867646
206958 1 22 16 6 5 0 0 0 0  aaaa99995889a9864989aa837877a775475526a863646
206974 1 22 16 7 1 2 0 0 0  aaaa99996889a9835989aa857877a576665443a876472
206978 1 22 16 7 2 1 0 0 0  aaaa99995889a9844989aa847877a376663625a876575
206980 1 22 16 7 2 2 0 0 0  aaaa99995889a9845989aa857877a576662644a876373
206984 1 22 16 7 3 1 0 0 0  aaaa99994889a9844989aa837877a376662565a876575
206986 1 22 16 7 3 2 0 0 0  aaaa99995889a9845989aa857877a576662464a876373
206990 1 22 16 7 4 1 0 0 0  aaaa99995889a9844989aa847877a376666625a873575
206992 1 22 16 7 4 2 0 0 0  aaaa99995889a9845989aa857877a576666644a872373
206994 1 22 16 7 5 0 0 0 0  aaaa99995889a9864989aa837877a374565256a874676
206996 1 22 16 7 5 1 0 0 0  aaaa99994889a9863989aa837877a275565456a874676
207020 1 22 16 8 3 1 0 0 0  aaaa99995889a9844989aa847877a776663625a873565
207022 1 22 16 8 3 2 0 0 0  aaaa99995889a9845989aa857877a776665644a872363
207030 1 22 16 8 5 0 0 0 0  aaaa99995889a9864989aa837877a775465526a873646
207056 1 22 16 9 3 1 0 0 0  aaaa99994889a9853989aa837865a777772666a844565
207058 1 22 16 9 3 2 0 0 0  aaaa99995889a9845989aa857863a777775666a844362
207066 1 22 16 9 5 0 0 0 0  aaaa99995889a9863989aa837855a777772446a865646
207102 1 22 16 10 5 0 0 0 0  aaaa99995889a9864989aa837854a577777526a863646
207128 1 22 17 0 3 1 0 0 0  aaaa99994889a9883989aa587876a376662657a744575
207130 1 22 17 0 3 2 0 0 0  aaaa99995889a9885989aa487876a576665637a744372
207162 1 22 17 1 3 0 0 0 0  aaaa99995889a9884989aa787877a376663657a545264
207202 1 22 17 2 3 2 0 0 0  aaaa99995889a9885989aa387877a576665647a447362
207260 1 22 17 4 1 1 0 0 0  aaaa99994889a9883989aa787877a366576567a545624
207266 1 22 17 4 2 1 0 0 0  aaaa99995889a9884989aa787877a366673257a566454
207268 1 22 17 4 2 2 0 0 0  aaaa99995889a9885989aa787877a566675447a366432
207292 1 22 17 5 0 2 0 0 0  aaaa99995889a9885989aa387877a576675646a447362
207364 1 22 17 7 0 2 0 0 0  aaaa99996889a9883989aa587877a376652465a476475
207370 1 22 17 7 1 2 0 0 0  aaaa99996889a9885989aa287877a576665434a476375
207376 1 22 17 7 2 2 0 0 0  aaaa99995889a9885989aa387877a576665644a476372
207380 1 22 17 7 3 1 0 0 0  aaaa99995889a9883989aa587877a376662465a476475
207382 1 22 17 7 3 2 0 0 0  aaaa99995889a9885989aa387877a576665464a476372
207390 1 22 17 7 5 0 0 0 0  aaaa99995889a9883989aa687877a375465526a474676
207524 1 22 18 0 3 1 0 0 0  aaaa99995889a9888979aa748876a376663674a572554
207534 1 22 18 0 5 0 0 0 0  aaaa99995889a9888979aa748876a375645572a673664
207948 1 22 19 1 2 0 0 0 0  aaaa99996889a9886989aa747877a376646557a853254
207950 1 22 19 1 2 1 0 0 0  aaaa99995889a9884989aa737877a376662657a846554
207954 1 22 19 1 3 0 0 0 0  aaaa99995889a9884989aa737877a376662657a844565
207956 1 22 19 1 3 1 0 0 0  aaaa99995889a9885989aa737877a376662647a855464
207962 1 22 19 1 4 1 0 0 0  aaaa99995889a9884989aa737877a376666657a844552
207978 1 22 19 2 1 0 0 0 0  aaaa99995889a9884989aa637877a376646557a867254
207992 1 22 19 2 3 1 0 0 0  aaaa99994889a9883989aa447877a376662657a857565
207994 1 22 19 2 3 2 0 0 0  aaaa99995889a9885989aa457877a576662647a837463
208002 1 22 19 2 5 0 0 0 0  aaaa99995889a9884989aa637877a375465527a867646
208028 1 22 19 3 3 1 0 0 0  aaaa99994889a9883989aa537877a776662657a844565
208030 1 22 19 3 3 2 0 0 0  aaaa99995889a9885989aa457877a776665637a844362
208038 1 22 19 3 5 0 0 0 0  aaaa99995889a9884989aa637877a775465527a863646
208056 1 22 19 4 2 0 0 0 0  aaaa99995889a9884989aa737877a366672557a866454
208058 1 22 19 4 2 1 0 0 0  aaaa99995889a9885989aa747877a366673257a866454
208068 1 22 19 4 4 0 0 0 0  aaaa99995889a9884989aa737877a366676557a865442
208070 1 22 19 4 4 1 0 0 0  aaaa99995889a9884989aa737877a366676457a864552
208106 1 22 19 5 4 1 0 0 0  aaaa99995889a9884989aa447877a376673265a857665
208108 1 22 19 5 4 2 0 0 0  aaaa99995889a9885989aa457877a576672464a837663
208110 1 22 19 5 5 0 0 0 0  aaaa99995889a9884989aa637877a375475526a867646
208146 1 22 19 6 5 0 0 0 0  aaaa99995889a9884989aa637877a775475526a863646
208162 1 22 19 7 1 2 0 0 0  aaaa99996889a9885989aa357877a576665443a876472
208166 1 22 19 7 2 1 0 0 0  aaaa99995889a9884989aa447877a376663625a876575
208168 1 22 19 7 2 2 0 0 0  aaaa99995889a9885989aa457877a576662644a876373
208172 1 22 19 7 3 1 0 0 0  aaaa99994889a9883989aa447877a376662565a876575
208174 1 22 19 7 3 2 0 0 0  aaaa99995889a9885989aa457877a576662464a876373
208178 1 22 19 7 4 1 0 0 0  aaaa99995889a9884989aa447877a376666625a873575
208180 1 22 19 7 4 2 0 0 0  aaaa99995889a9885989aa457877a576666644a872373
208182 1 22 19 7 5 0 0 0 0  aaaa99995889a9884989aa637877a374565256a874676
208184 1 22 19 7 5 1 0 0 0  aaaa99994889a9883989aa637877a275565456a874676
208208 1 22 19 8 3 1 0 0 0  aaaa99995889a9884989aa447877a776663625a873565
208210 1 22 19 8 3 2 0 0 0  aaaa99995889a9885989aa457877a776665644a872363
208218 1 22 19 8 5 0 0 0 0  aaaa99995889a9884989aa637877a775465526a873646
208244 1 22 19 9 3 1 0 0 0  aaaa99994889a9883989aa537865a777772666a844565
208246 1 22 19 9 3 2 0 0 0  aaaa99995889a9885989aa457863a777775666a844362
208254 1 22 19 9 5 0 0 0 0  aaaa99995889a9883989aa637855a777772446a865646
208290 1 22 19 10 5 0 0 0 0  aaaa99995889a9884989aa637854a577777526a863646
208350 1 22 20 1 3 0 0 0 0  aaaa99995889a9888989aa747877a376663657a545264
208390 1 22 20 2 3 2 0 0 0  aaaa99995889a9888989aa357877a576665647a447362
208448 1 22 20 4 1 1 0 0 0  aaaa99994889a9888989aa737877a366576567a545624
208454 1 22 20 4 2 1 0 0 0  aaaa99995889a9888989aa747877a366673257a566454
208456 1 22 20 4 2 2 0 0 0  aaaa99995889a9888989aa757877a566675447a366432
208558 1 22 20 7 1 2 0 0 0  aaaa99996889a9888989aa257877a576665434a476375
208564 1 22 20 7 2 2 0 0 0  aaaa99995889a9888989aa357877a576665644a476372
208568 1 22 20 7 3 1 0 0 0  aaaa99994889a9888989aa447877a376663565a276575
208570 1 22 20 7 3 2 0 0 0  aaaa99995889a9888989aa357877a576665464a476372
208578 1 22 20 7 5 0 0 0 0  aaaa99995889a9888989aa637877a375465526a474676
208693 1 22 21 0 0 0 1 0 0  aaaa99994889a9774939aa778888a876763665a554256
209088 1 22 22 0 0 0 0 0 0  aaaa99995779a9664989aa738766a388888576a572454
209090 1 22 22 0 0 1 0 0 0  aaaa99995779a9664989aa738766a388888576a575442
209138 1 22 22 1 2 1 0 0 0  aaaa99994779a9744989aa738666a388888757a566525
209370 1 22 22 7 5 0 0 0 0  aaaa99995779a9764989aa738754a588888526a763646
209496 1 23 0 0 2 0 0 0 0  aaaa99999998a8775789aa846887a376673654a565824
209498 1 23 0 0 2 1 0 0 0  aaaa99999998a8775789aa846887a376673654a562854
209527 1 23 0 1 1 0 1 0 0  aaaa99999998a8777289aa867887a476664355a536845
209530 1 23 0 1 1 2 0 0 0  aaaa99999998a8777289aa867887a576665344a436855
209533 1 23 0 1 2 0 1 0 0  aaaa99999998a8777389aa847887a376664655a526845
209545 1 23 0 1 4 0 1 0 0  aaaa99999998a8777289aa847887a476666655a533845
209551 1 23 0 1 5 0 1 0 0  aaaa99999998a8777389aa847887a376554652a666845
209570 1 23 0 2 2 1 0 0 0  aaaa99999998a8777789aa846887a366474566a553852
209695 1 23 0 5 5 0 1 0 0  aaaa99999998a8777289aa846887a466766557a353854
209697 1 23 0 5 5 1 1 0 0  aaaa99999998a8777289aa846887a466766557a355834
209699 1 23 0 5 5 2 1 0 0  aaaa99999998a8777289aa846887a466766537a555834
209737 1 23 0 7 0 0 1 0 0  aaaa99999998a8777289aa876887a665375564a346854
209740 1 23 0 7 0 2 0 0 0  aaaa99999998a8777289aa876887a665374564a556834
209741 1 23 0 7 0 2 1 0 0  aaaa99999998a8777289aa876887a665473546a556843
209767 1 23 0 7 5 0 1 0 0  aaaa99999998a8777389aa876887a366676455a544825
209778 1 23 0 8 1 0 0 0 0  aaaa99999998a8756789aa847887a776662545a536843
209857 1 23 0 10 2 0 1 0 0  aaaa99999998a8666289aa847886a477777565a533845
209863 1 23 0 10 3 0 1 0 0  aaaa99999998a8666289aa847886a477777556a353854
209865 1 23 0 10 3 1 1 0 0  aaaa99999998a8666289aa847886a477777556a355834
209867 1 23 0 10 3 2 1 0 0  aaaa99999998a8666289aa847886a477777536a555834
209966 1 23 1 2 2 1 0 0 0  aaaa99999998a8874889aa447877a366673758a566525
210032 1 23 1 4 1 1 0 0 0  aaaa99999998a8874889aa737877a366576568a545624
210038 1 23 1 4 2 1 0 0 0  aaaa99999998a8875889aa747877a366673258a566454
210040 1 23 1 4 2 2 0 0 0  aaaa99999998a8875889aa757877a566675448a366432
210142 1 23 1 7 1 2 0 0 0  aaaa99999998a8836889aa357877a576665448a276475
210148 1 23 1 7 2 2 0 0 0  aaaa99999998a8845889aa357877a576665648a276473
210152 1 23 1 7 3 1 0 0 0  aaaa99999998a8854889aa447877a376663268a576575
210154 1 23 1 7 3 2 0 0 0  aaaa99999998a8835889aa357877a576665468a476472
210162 1 23 1 7 5 0 0 0 0  aaaa99999998a8865889aa637877a375465528a474676
210218 1 23 1 9 2 1 0 0 0  aaaa99999998a8854889aa527863a777775638a644665
210220 1 23 1 9 2 2 0 0 0  aaaa99999998a8845889aa257863a777775638a644665
210370 1 23 2 2 3 2 0 0 0  aaaa99999998a8853889aa537877a876662647a447565
210538 1 23 2 7 1 2 0 0 0  aaaa99999998a8856889aa537877a876663445a276475
210544 1 23 2 7 2 2 0 0 0  aaaa99999998a8853889aa537877a876662644a476575
210550 1 23 2 7 3 2 0 0 0  aaaa99999998a8853889aa537877a876662465a476475
210558 1 23 2 7 5 0 0 0 0  aaaa99999998a8865889aa637877a875465526a474673
210838 1 23 3 4 3 2 0 0 0  aaaa99999998a8847789aa877785a466536268a567354
211326 1 23 4 7 1 0 0 0 0  aaaa99999998a8855289aa887787a567664637a356474
211339 1 23 4 7 3 0 1 0 0  aaaa99999998a8854289aa887787a467636657a554673
211732 1 23 5 7 2 2 0 0 0  aaaa99999998a8854789aa878776a376663865a752445
212134 1 23 6 7 3 2 0 0 0  aaaa99999998a8854789aa877887a376663625a744565
212142 1 23 6 7 5 0 0 0 0  aaaa99999998a8865789aa877887a475465526a763643
212170 1 23 6 8 3 2 0 0 0  aaaa99999998a8854789aa837887a776663625a744565
212178 1 23 6 8 5 0 0 0 0  aaaa99999998a8865789aa847887a775465526a763643
212310 1 23 7 1 3 0 0 0 0  aaaa99999998a8885889aa747877a376663657a545264
212350 1 23 7 2 3 2 0 0 0  aaaa99999998a8885889aa357877a576665647a447362
212408 1 23 7 4 1 1 0 0 0  aaaa99999998a8884889aa737877a366576567a545624
212414 1 23 7 4 2 1 0 0 0  aaaa99999998a8885889aa747877a366673257a566454
212416 1 23 7 4 2 2 0 0 0  aaaa99999998a8885889aa757877a566675447a366432
212518 1 23 7 7 1 2 0 0 0  aaaa99999998a8886889aa257877a576665434a476375
212524 1 23 7 7 2 2 0 0 0  aaaa99999998a8885889aa357877a576665644a476372
212528 1 23 7 7 3 1 0 0 0  aaaa99999998a8884889aa447877a376663565a276575
212530 1 23 7 7 3 2 0 0 0  aaaa99999998a8885889aa357877a576665464a476372
212538 1 23 7 7 5 0 0 0 0  aaaa99999998a8885889aa637877a375465526a474676
212894 1 23 8 6 4 1 0 0 0  aaaa99999998a8854789aa837787a357676865a644625
212896 1 23 8 6 4 2 0 0 0  aaaa99999998a8845789aa857787a547676864a635623
212920 1 23 8 7 2 2 0 0 0  aaaa99999998a8854789aa877786a367663875a652445
212956 1 23 8 8 2 2 0 0 0  aaaa99999998a8854789aa877787a367663825a644565
212992 1 23 8 9 2 2 0 0 0  aaaa99999998a8854789aa837787a767663825a644565
213489 1 23 10 1 1 1 1 0 0  aaaa99999998a8884789aa787785a566624356a773546
213552 1 23 10 3 0 0 0 0 0  aaaa99999998a8885789aa787787a366545464a576632
214259 1 23 12 0 3 2 1 0 0  aaaa99999998a8884889aa587766a627654675a373574
214260 1 23 12 0 4 0 0 0 0  aaaa99999998a8885889aa487754a567666673a572473
214442 1 23 12 5 4 1 0 0 0  aaaa99999998a8884889aa487775a356767657a626534
214444 1 23 12 5 4 2 0 0 0  aaaa99999998a8883889aa587774a426767647a656535
214508 1 23 12 7 3 1 0 0 0  aaaa99999998a8884889aa487775a366726567a567534
214510 1 23 12 7 3 2 0 0 0  aaaa99999998a8883889aa587774a466756267a467535
214538 1 23 12 8 2 1 0 0 0  aaaa99999998a8884889aa587777a366647257a566534
214540 1 23 12 8 2 2 0 0 0  aaaa99999998a8883889aa587777a366657447a266545
215136 1 23 14 3 0 0 0 0 0  aaaa99999998a8885789aa748777a386673656a545264
215532 1 23 15 3 0 0 0 0 0  aaaa99999998a8875789aa748777a366545862a586634
215552 1 23 15 3 3 1 0 0 0  aaaa99999998a8874789aa738777a366644856a586525
215928 1 23 16 3 0 0 0 0 0  aaaa99999998a8875789aa748777a366545862a563864
215952 1 23 16 3 4 0 0 0 0  aaaa99999998a8875789aa748777a366646856a525834
216506 1 23 17 8 0 1 0 0 0  aaaa99999998a8884789aa738777a376644865a562556
217010 1 23 19 0 0 1 0 0 0  aaaa99999998a8885789aa747686a365763787a655442
217117 1 23 19 3 0 0 1 0 0  aaaa99999998a8885789aa747787a466525386a673546
217457 1 23 20 1 2 2 1 0 0  aaaa99999998a8888789aa777686a672654735a654534
217475 1 23 20 1 5 2 1 0 0  aaaa99999998a8888789aa777286a473654765a653645
217512 1 23 20 3 0 0 0 0 0  aaaa99999998a8888789aa757787a366545464a576632
217595 1 23 20 5 1 2 1 0 0  aaaa99999998a8888789aa777785a466624356a573546
218598 1 24 0 0 1 0 0 0 0  aaaa99995989a8774879aa836977a388676665a455842
218600 1 24 0 0 1 1 0 0 0  aaaa99995989a8774879aa836977a388676664a555824
218622 1 24 0 0 5 0 0 0 0  aaaa99996989a8776879aa862977a688576554a354834
218623 1 24 0 0 5 0 1 0 0  aaaa99996989a8776879aa862977a688576554a345834
218652 1 24 0 1 4 0 0 0 0  aaaa99995989a8777879aa847967a688545652a663834
218658 1 24 0 1 5 0 0 0 0  aaaa99995989a8777879aa847967a388545652a666834
218665 1 24 0 2 0 0 1 0 0  aaaa99996989a8777869aa862977a488674565a533845
218695 1 24 0 2 5 0 1 0 0  aaaa99996989a8777849aa864977a688476553a256853
218767 1 24 0 4 5 0 1 0 0  aaaa99996989a8777829aa867977a688546554a356834
218771 1 24 0 4 5 2 1 0 0  aaaa99996989a8777829aa867977a688546354a536854
218851 1 24 0 7 1 0 1 0 0  aaaa99997989a8777829aa846967a688674565a533845
218880 1 24 0 8 0 0 0 0 0  aaaa99995989a8664879aa837977a788646756a525834
218906 1 24 0 8 4 1 0 0 0  aaaa99995989a8664879aa837977a788653765a644825
218908 1 24 0 8 4 2 0 0 0  aaaa99995989a8665879aa857977a788645763a644823
218914 1 24 0 8 5 2 0 0 0  aaaa99994989a8653879aa837977a788652765a644865
218974 1 24 0 10 3 2 0 0 0  aaaa99994989a8753869aa836967a688752675a744875
218989 1 24 1 0 0 0 1 0 0  aaaa99996989a8877889aa662967a787575458a464335
218993 1 24 1 0 0 2 1 0 0  aaaa99996989a8877889aa662967a787574358a563544
219050 1 24 1 1 4 1 0 0 0  aaaa99994989a8877889aa447977a386576658a663525
219064 1 24 1 2 0 2 0 0 0  aaaa99996989a8874889aa667977a386573758a562454
219068 1 24 1 2 1 1 0 0 0  aaaa99995989a8874889aa637977a386676758a562454
219070 1 24 1 2 1 2 0 0 0  aaaa99995989a8875889aa657977a586676748a464332
219074 1 24 1 2 2 1 0 0 0  aaaa99995989a8874889aa447977a386676768a555632
219080 1 24 1 2 3 1 0 0 0  aaaa99995989a8874889aa447977a386676768a563552
219086 1 24 1 2 4 1 0 0 0  aaaa99995989a8874889aa447977a386573768a666552
219092 1 24 1 2 5 1 0 0 0  aaaa99995989a8874889aa447977a385673768a655662
219122 1 24 1 3 4 1 0 0 0  aaaa99994989a8873889aa447977a786576658a663525
219132 1 24 1 4 0 0 0 0 0  aaaa99996989a8875889aa747977a386673568a546254
219134 1 24 1 4 0 1 0 0 0  aaaa99995989a8874889aa737977a386672568a565446
219140 1 24 1 4 1 1 0 0 0  aaaa99996989a8874889aa737977a386576658a644525
219146 1 24 1 4 2 1 0 0 0  aaaa99995989a8874889aa737977a386676658a562454
219148 1 24 1 4 2 2 0 0 0  aaaa99995989a8875889aa757977a586676648a464332
219150 1 24 1 4 3 0 0 0 0  aaaa99995989a8874889aa737977a386676658a545624
219152 1 24 1 4 3 1 0 0 0  aaaa99995989a8874889aa737977a386676648a555642
219158 1 24 1 4 4 1 0 0 0  aaaa99995989a8874889aa737977a386576658a662454
219160 1 24 1 4 4 2 0 0 0  aaaa99995989a8875889aa757977a586476638a662434
219164 1 24 1 4 5 1 0 0 0  aaaa99995989a8874889aa737977a386572658a666454
219166 1 24 1 4 5 2 0 0 0  aaaa99995989a8875889aa757977a586474648a666332
219182 1 24 1 5 2 1 0 0 0  aaaa99994989a8853889aa447977a386577768a662565
219184 1 24 1 5 2 2 0 0 0  aaaa99995989a8845889aa357977a586477768a662463
219188 1 24 1 5 3 1 0 0 0  aaaa99994989a8863889aa447977a386677758a566525
219270 1 24 1 7 5 0 0 0 0  aaaa99995989a8864889aa637977a384575758a264676
219472 1 24 2 2 2 2 0 0 0  aaaa99997989a8854889aa447977a386287765a663565
219650 1 24 2 7 2 1 0 0 0  aaaa99995989a8854889aa447977a386287765a663765
219652 1 24 2 7 2 2 0 0 0  aaaa99995989a8845889aa357977a586287763a664764
219815 1 24 3 0 5 2 1 0 0  aaaa99995989a8877879aa853976a738675468a644652
219866 1 24 3 2 2 1 0 0 0  aaaa99994989a8853879aa877977a368662758a644565
219868 1 24 3 2 2 2 0 0 0  aaaa99995989a8845879aa877977a568665738a644362
219968 1 24 3 5 1 1 0 0 0  aaaa99995989a8844879aa847977a378666668a573552
219978 1 24 3 5 3 0 0 0 0  aaaa99995989a8864879aa837977a378666568a572454
219980 1 24 3 5 3 1 0 0 0  aaaa99995989a8864879aa837977a378666568a575442
220044 1 24 3 7 2 0 0 0 0  aaaa99995989a8844879aa847977a368663758a565726
220046 1 24 3 7 2 1 0 0 0  aaaa99995989a8855879aa857977a468663728a644763
220050 1 24 3 7 3 0 0 0 0  aaaa99995989a8864879aa837977a368566768a545724
220052 1 24 3 7 3 1 0 0 0  aaaa99995989a8864879aa837977a368466768a555742
220082 1 24 3 8 2 1 0 0 0  aaaa99994989a8853879aa837977a768662758a644565
220084 1 24 3 8 2 2 0 0 0  aaaa99995989a8845879aa857977a768665738a644362
220130 1 24 3 9 4 1 0 0 0  aaaa99994989a8844879aa877965a678773658a663525
220166 1 24 3 10 4 1 0 0 0  aaaa99994989a8844879aa837965a678777658a663525
220213 1 24 4 1 0 0 1 0 0  aaaa99995989a8874839aa887977a478663667a525546
220216 1 24 4 1 0 2 0 0 0  aaaa99995989a8875829aa887977a578665667a344436
220224 1 24 4 1 2 0 0 0 0  aaaa99995989a8874869aa887977a378663467a654552
220226 1 24 4 1 2 1 0 0 0  aaaa99995989a8874869aa887977a378663567a655442
220230 1 24 4 1 3 0 0 0 0  aaaa99995989a8874869aa887977a378663567a562454
220232 1 24 4 1 3 1 0 0 0  aaaa99995989a8874869aa887977a378663567a565442
220243 1 24 4 1 5 0 1 0 0  aaaa99995989a8874829aa887977a478655367a653664
220262 1 24 4 2 2 1 0 0 0  aaaa99994989a8853869aa887977a378662567a657445
220264 1 24 4 2 2 2 0 0 0  aaaa99995989a8845869aa887977a578665467a647332
220266 1 24 4 2 3 0 0 0 0  aaaa99995989a8864869aa887977a378663567a547254
220328 1 24 4 4 1 1 0 0 0  aaaa99995989a8874869aa887977a368673657a562454
220330 1 24 4 4 1 2 0 0 0  aaaa99995989a8875869aa887977a568675647a464332
220338 1 24 4 4 3 0 0 0 0  aaaa99995989a8874869aa887977a368673657a545624
220340 1 24 4 4 3 1 0 0 0  aaaa99995989a8874869aa887977a368673647a555642
220434 1 24 4 7 1 0 0 0 0  aaaa99995989a8864879aa887977a368646756a525734
220442 1 24 4 7 2 1 0 0 0  aaaa99994989a8853879aa887977a368662755a644765
220444 1 24 4 7 2 2 0 0 0  aaaa99995989a8845879aa887977a568665744a633762
220480 1 24 4 8 2 2 0 0 0  aaaa99994989a8853879aa887977a768663725a644565
220622 1 24 5 1 2 1 0 0 0  aaaa99995989a8854869aa838977a777663867a652445
220624 1 24 5 1 2 2 0 0 0  aaaa99995989a8845869aa858977a777665867a644332
220660 1 24 5 2 2 2 0 0 0  aaaa99994989a8853879aa838977a767662875a644565
220666 1 24 5 2 3 2 0 0 0  aaaa99994989a8853879aa838977a767656876a652445
220672 1 24 5 2 4 2 0 0 0  aaaa99994989a8853879aa838977a767666875a652445
220674 1 24 5 2 5 0 0 0 0  aaaa99995989a8864879aa838977a747564876a565632
220676 1 24 5 2 5 1 0 0 0  aaaa99995989a8864879aa838977a757565876a464632
220724 1 24 5 4 1 1 0 0 0  aaaa99995989a8864879aa838977a777663865a652445
220726 1 24 5 4 1 2 0 0 0  aaaa99995989a8865879aa858977a777665864a644332
220732 1 24 5 4 2 2 0 0 0  aaaa99994989a8853879aa838977a777666865a652445
220744 1 24 5 4 4 2 0 0 0  aaaa99994989a8853879aa838977a777656865a644625
220750 1 24 5 4 5 2 0 0 0  aaaa99994989a8853879aa838977a777652865a644665
220766 1 24 5 5 2 1 0 0 0  aaaa99995989a8854869aa838977a767644875a673625
220768 1 24 5 5 2 2 0 0 0  aaaa99995989a8845869aa858977a767635873a674624
220840 1 24 5 7 2 2 0 0 0  aaaa99997989a8854869aa838977a767653875a644625
221002 1 24 6 0 5 2 0 0 0  aaaa99995989a8877879aa852976a788675364a635644
221003 1 24 6 0 5 2 1 0 0  aaaa99995989a8877879aa852976a788675463a644653
221048 1 24 6 2 1 1 0 0 0  aaaa99995989a8864879aa877977a388663765a652445
221050 1 24 6 2 1 2 0 0 0  aaaa99995989a8865879aa877977a588665764a644332
221056 1 24 6 2 2 2 0 0 0  aaaa99994989a8853879aa877977a388666765a652445
221068 1 24 6 2 4 2 0 0 0  aaaa99994989a8853879aa877977a388656765a644625
221074 1 24 6 2 5 2 0 0 0  aaaa99994989a8853879aa877977a388652765a644665
221124 1 24 6 4 2 0 0 0 0  aaaa99995989a8874869aa837977a388676467a654552
221126 1 24 6 4 2 1 0 0 0  aaaa99995989a8874869aa837977a388676567a655442
221158 1 24 6 5 1 2 0 0 0  aaaa99996989a8854879aa837977a388676765a652445
221162 1 24 6 5 2 1 0 0 0  aaaa99995989a8854879aa837977a388672765a666445
221164 1 24 6 5 2 2 0 0 0  aaaa99995989a8845879aa857977a588672763a666443
221174 1 24 6 5 4 1 0 0 0  aaaa99995989a8854879aa837977a388676765a644625
221176 1 24 6 5 4 2 0 0 0  aaaa99995989a8845879aa857977a588676763a644623
221180 1 24 6 5 5 1 0 0 0  aaaa99995989a8854879aa837977a388672765a644665
221182 1 24 6 5 5 2 0 0 0  aaaa99995989a8845879aa857977a588672763a644663
221226 1 24 6 7 1 0 0 0 0  aaaa99995989a8855879aa847977a388663765a644726
221228 1 24 6 7 1 1 0 0 0  aaaa99995989a8865879aa847977a388663764a655724
221234 1 24 6 7 2 1 0 0 0  aaaa99995989a8854879aa837977a388666765a644725
221236 1 24 6 7 2 2 0 0 0  aaaa99995989a8845879aa857977a588666763a644723
221238 1 24 6 7 3 0 0 0 0  aaaa99995989a8864879aa837977a388666765a455742
221240 1 24 6 7 3 1 0 0 0  aaaa99995989a8864879aa837977a388666764a555724
221246 1 24 6 7 4 1 0 0 0  aaaa99995989a8854879aa837977a388662765a644765
221248 1 24 6 7 4 2 0 0 0  aaaa99995989a8845879aa857977a588662763a644763
221252 1 24 6 7 5 1 0 0 0  aaaa99995989a8864879aa837977a388562756a464756
221254 1 24 6 7 5 2 0 0 0  aaaa99995989a8865879aa857977a588464746a363726
221264 1 24 6 8 1 1 0 0 0  aaaa99995989a8864879aa837977a788663765a652445
221266 1 24 6 8 1 2 0 0 0  aaaa99995989a8865879aa857977a788665764a644332
221272 1 24 6 8 2 2 0 0 0  aaaa99994989a8853879aa837977a788666765a652445
221284 1 24 6 8 4 2 0 0 0  aaaa99994989a8853879aa837977a788656765a644625
221290 1 24 6 8 5 2 0 0 0  aaaa99994989a8853879aa837977a788652765a644665
221350 1 24 6 10 3 2 0 0 0  aaaa99994989a8853869aa836967a688752675a744775
221400 1 24 7 1 0 0 0 0 0  aaaa99995989a8884889aa777977a386673656a545264
221436 1 24 7 2 0 0 0 0 0  aaaa99995989a8884889aa737977a386672765a464556
221438 1 24 7 2 0 1 0 0 0  aaaa99995989a8885889aa737977a386672764a565446
221444 1 24 7 2 1 1 0 0 0  aaaa99995989a8884889aa737977a386676756a562454
221446 1 24 7 2 1 2 0 0 0  aaaa99995989a8885889aa757977a586676746a464332
221448 1 24 7 2 2 0 0 0 0  aaaa99995989a8884889aa737977a386676765a455642
221450 1 24 7 2 2 1 0 0 0  aaaa99995989a8884889aa737977a386676764a555624
221456 1 24 7 2 3 1 0 0 0  aaaa99995989a8884889aa737977a386676764a562554
221462 1 24 7 2 4 1 0 0 0  aaaa99995989a8884889aa737977a386572764a666554
221468 1 24 7 2 5 1 0 0 0  aaaa99995989a8884889aa737977a385672764a655664
221472 1 24 7 3 0 0 0 0 0  aaaa99995989a8884889aa737977a786673656a545264
221508 1 24 7 4 0 0 0 0 0  aaaa99996989a8885889aa747977a386673567a546254
221510 1 24 7 4 0 1 0 0 0  aaaa99995989a8884889aa737977a386672567a565446
221516 1 24 7 4 1 1 0 0 0  aaaa99996989a8884889aa737977a386576657a644525
221522 1 24 7 4 2 1 0 0 0  aaaa99995989a8884889aa737977a386676657a562454
221524 1 24 7 4 2 2 0 0 0  aaaa99995989a8885889aa757977a586676647a464332
221526 1 24 7 4 3 0 0 0 0  aaaa99995989a8884889aa737977a386676657a545624
221528 1 24 7 4 3 1 0 0 0  aaaa99995989a8884889aa737977a386676647a555642
221534 1 24 7 4 4 1 0 0 0  aaaa99995989a8884889aa737977a386576657a662454
221536 1 24 7 4 4 2 0 0 0  aaaa99995989a8885889aa757977a586476637a662434
221540 1 24 7 4 5 1 0 0 0  aaaa99995989a8884889aa737977a386572657a666454
221542 1 24 7 4 5 2 0 0 0  aaaa99995989a8885889aa757977a586474647a666332
221558 1 24 7 5 2 1 0 0 0  aaaa99994989a8883889aa447977a386577765a662565
221560 1 24 7 5 2 2 0 0 0  aaaa99995989a8885889aa457977a586477763a662463
221622 1 24 7 7 1 0 0 0 0  aaaa99995989a8884889aa637977a386676754a565274
221646 1 24 7 7 5 0 0 0 0  aaaa99995989a8884889aa637977a384575756a264676
221812 1 24 8 1 2 2 0 0 0  aaaa99997989a8854879aa877977a368663825a644565
221846 1 24 8 2 2 1 0 0 0  aaaa99995989a8844879aa877977a468663825a673565
221848 1 24 8 2 2 2 0 0 0  aaaa99995989a8845879aa877977a568665844a672363
221882 1 24 8 3 2 1 0 0 0  aaaa99995989a8854869aa837977a778663867a652445
221884 1 24 8 3 2 2 0 0 0  aaaa99995989a8845869aa857977a778665867a644332
221916 1 24 8 4 2 0 0 0 0  aaaa99995989a8874869aa837977a368672857a644565
221924 1 24 8 4 3 1 0 0 0  aaaa99995989a8874869aa867977a368673857a644552
221930 1 24 8 4 4 1 0 0 0  aaaa99995989a8874869aa837977a368676857a644552
221946 1 24 8 5 1 0 0 0 0  aaaa99995989a8855879aa847977a378663865a672446
221948 1 24 8 5 1 1 0 0 0  aaaa99995989a8865879aa847977a378663864a672554
221954 1 24 8 5 2 1 0 0 0  aaaa99995989a8854879aa837977a378666865a672445
221956 1 24 8 5 2 2 0 0 0  aaaa99995989a8845879aa857977a578666863a672443
221960 1 24 8 5 3 1 0 0 0  aaaa99995989a8864879aa837977a378666864a572554
221966 1 24 8 5 4 1 0 0 0  aaaa99995989a8844879aa847977a378656865a673625
221968 1 24 8 5 4 2 0 0 0  aaaa99995989a8845879aa857977a578636863a674624
221972 1 24 8 5 5 1 0 0 0  aaaa99995989a8854879aa837977a378644865a672665
221974 1 24 8 5 5 2 0 0 0  aaaa99995989a8845879aa857977a578644863a672663
221984 1 24 8 6 1 1 0 0 0  aaaa99995989a8864879aa837977a778663865a652445
221986 1 24 8 6 1 2 0 0 0  aaaa99995989a8865879aa857977a778665864a644332
221992 1 24 8 6 2 2 0 0 0  aaaa99994989a8853879aa837977a778666865a652445
222004 1 24 8 6 4 2 0 0 0  aaaa99994989a8853879aa837977a778656865a644625
222010 1 24 8 6 5 2 0 0 0  aaaa99994989a8853879aa837977a778652865a644665
222020 1 24 8 7 1 1 0 0 0  aaaa99995989a8864879aa837977a368646876a572554
222026 1 24 8 7 2 1 0 0 0  aaaa99995989a8844879aa847977a368663875a672565
222028 1 24 8 7 2 2 0 0 0  aaaa99995989a8845879aa857977a568664873a672364
222032 1 24 8 7 3 1 0 0 0  aaaa99995989a8854879aa837977a368656876a672445
222034 1 24 8 7 3 2 0 0 0  aaaa99995989a8845879aa857977a568636876a672443
222038 1 24 8 7 4 1 0 0 0  aaaa99995989a8854879aa837977a368666875a672445
222040 1 24 8 7 4 2 0 0 0  aaaa99995989a8845879aa857977a568666873a672443
222042 1 24 8 7 5 0 0 0 0  aaaa99995989a8864879aa837977a348564876a575626
222044 1 24 8 7 5 1 0 0 0  aaaa99995989a8864879aa837977a358565876a474626
222062 1 24 8 8 2 1 0 0 0  aaaa99995989a8844879aa847977a768663825a673565
222064 1 24 8 8 2 2 0 0 0  aaaa99995989a8845879aa857977a768665844a672363
222244 1 24 9 2 2 2 0 0 0  aaaa99994989a8853879aa877977a368662785a644565
222250 1 24 9 2 3 2 0 0 0  aaaa99994989a8853879aa877977a368656786a652445
222256 1 24 9 2 4 2 0 0 0  aaaa99994989a8853879aa877977a368666785a652445
222258 1 24 9 2 5 0 0 0 0  aaaa99995989a8864879aa877977a348564786a565632
222260 1 24 9 2 5 1 0 0 0  aaaa99995989a8864879aa877977a358565786a464632
222312 1 24 9 4 2 0 0 0 0  aaaa99995989a8874869aa837977a368672587a454665
222314 1 24 9 4 2 1 0 0 0  aaaa99995989a8875869aa847977a368673587a645624
222344 1 24 9 5 1 1 0 0 0  aaaa99995989a8854879aa837977a378666685a672445
222346 1 24 9 5 1 2 0 0 0  aaaa99995989a8845879aa857977a578666683a672443
222348 1 24 9 5 2 0 0 0 0  aaaa99995989a8864879aa837977a378666586a572454
222350 1 24 9 5 2 1 0 0 0  aaaa99995989a8864879aa837977a378666586a575442
222354 1 24 9 5 3 0 0 0 0  aaaa99995989a8864879aa837977a378666585a675442
222356 1 24 9 5 3 1 0 0 0  aaaa99995989a8864879aa837977a378666485a674525
222362 1 24 9 5 4 1 0 0 0  aaaa99995989a8854879aa837977a378644685a672665
222364 1 24 9 5 4 2 0 0 0  aaaa99995989a8845879aa857977a578644683a672663
222368 1 24 9 5 5 1 0 0 0  aaaa99995989a8864879aa837977a378464586a575626
222382 1 24 9 6 1 2 0 0 0  aaaa99994989a8853879aa837977a778666685a652445
222400 1 24 9 6 4 2 0 0 0  aaaa99994989a8853879aa837977a778652685a666445
222404 1 24 9 6 5 1 0 0 0  aaaa99995989a8864879aa837977a778464586a565632
222414 1 24 9 7 1 0 0 0 0  aaaa99995989a8864879aa837977a368656786a455742
222416 1 24 9 7 1 1 0 0 0  aaaa99995989a8864879aa837977a368646786a555724
222422 1 24 9 7 2 1 0 0 0  aaaa99995989a8854879aa837977a368662785a644765
222424 1 24 9 7 2 2 0 0 0  aaaa99995989a8845879aa857977a568662783a644763
222428 1 24 9 7 3 1 0 0 0  aaaa99995989a8854879aa837977a368656786a644725
222430 1 24 9 7 3 2 0 0 0  aaaa99995989a8845879aa857977a568636786a644723
222434 1 24 9 7 4 1 0 0 0  aaaa99995989a8854879aa837977a368666785a644725
222436 1 24 9 7 4 2 0 0 0  aaaa99995989a8845879aa857977a568666783a644723
222438 1 24 9 7 5 0 0 0 0  aaaa99995989a8864879aa837977a348564786a565726
222440 1 24 9 7 5 1 0 0 0  aaaa99995989a8864879aa837977a358565786a464726
222460 1 24 9 8 2 2 0 0 0  aaaa99994989a8853879aa837977a768662785a644565
222466 1 24 9 8 3 2 0 0 0  aaaa99994989a8853879aa837977a768656786a652445
222472 1 24 9 8 4 2 0 0 0  aaaa99994989a8853879aa837977a768666785a652445
222474 1 24 9 8 5 0 0 0 0  aaaa99995989a8864879aa837977a748564786a565632
222476 1 24 9 8 5 1 0 0 0  aaaa99995989a8864879aa837977a758565786a464632
222564 1 24 10 0 2 0 0 0 0  aaaa99995989a8884879aa787976a368663477a654552
222566 1 24 10 0 2 1 0 0 0  aaaa99995989a8884879aa787976a368663577a655442
222606 1 24 10 1 3 0 0 0 0  aaaa99995989a8884879aa787977a368663657a545264
222638 1 24 10 2 2 1 0 0 0  aaaa99995989a8884879aa787977a368663725a644565
222640 1 24 10 2 2 2 0 0 0  aaaa99995989a8885879aa787977a568665744a642363
222704 1 24 10 4 1 1 0 0 0  aaaa99995989a8884869aa787977a368673657a562454
222706 1 24 10 4 1 2 0 0 0  aaaa99995989a8885869aa787977a568675647a464332
222714 1 24 10 4 3 0 0 0 0  aaaa99995989a8884869aa787977a368673657a545624
222716 1 24 10 4 3 1 0 0 0  aaaa99995989a8884869aa787977a368673647a555642
222734 1 24 10 5 0 1 0 0 0  aaaa99995989a8884879aa687977a378663664a572554
222746 1 24 10 5 2 1 0 0 0  aaaa99994989a8883879aa587977a378666565a672445
222758 1 24 10 5 4 1 0 0 0  aaaa99995989a8883879aa587977a378656464a674625
222810 1 24 10 7 1 0 0 0 0  aaaa99995989a8884879aa687977a368646756a525734
222818 1 24 10 7 2 1 0 0 0  aaaa99994989a8883879aa587977a368662755a644765
222820 1 24 10 7 2 2 0 0 0  aaaa99995989a8885879aa487977a568665744a633762
222830 1 24 10 7 4 1 0 0 0  aaaa99994989a8883879aa587977a368666755a644725
222856 1 24 10 8 2 2 0 0 0  aaaa99994989a8883879aa587977a768663725a644565
223002 1 24 11 1 3 0 0 0 0  aaaa99995989a8888889aa747977a376663657a545264
223042 1 24 11 2 3 2 0 0 0  aaaa99995989a8888889aa357977a576665647a447362
223100 1 24 11 4 1 1 0 0 0  aaaa99994989a8888889aa737977a366576567a545624
223106 1 24 11 4 2 1 0 0 0  aaaa99995989a8888889aa747977a366673257a566454
223108 1 24 11 4 2 2 0 0 0  aaaa99995989a8888889aa757977a566675447a366432
223210 1 24 11 7 1 2 0 0 0  aaaa99996989a8888889aa257977a576665434a476375
223216 1 24 11 7 2 2 0 0 0  aaaa99995989a8888889aa357977a576665644a476372
223220 1 24 11 7 3 1 0 0 0  aaaa99994989a8888889aa447977a376663565a276575
223222 1 24 11 7 3 2 0 0 0  aaaa99995989a8888889aa357977a576665464a476372
223230 1 24 11 7 5 0 0 0 0  aaaa99995989a8888889aa637977a375465526a474676
223364 1 24 12 0 3 1 0 0 0  aaaa99994989a8883889aa587976a376662657a744575
223366 1 24 12 0 3 2 0 0 0  aaaa99995989a8885889aa487976a576665637a744372
223398 1 24 12 1 3 0 0 0 0  aaaa99995989a8884889aa787977a376663657a545264
223438 1 24 12 2 3 2 0 0 0  aaaa99995989a8885889aa387977a576665647a447362
223496 1 24 12 4 1 1 0 0 0  aaaa99994989a8883889aa787977a366576567a545624
223502 1 24 12 4 2 1 0 0 0  aaaa99995989a8884889aa787977a366673257a566454
223504 1 24 12 4 2 2 0 0 0  aaaa99995989a8885889aa787977a566675447a366432
223528 1 24 12 5 0 2 0 0 0  aaaa99995989a8885889aa387977a576675646a447362
223600 1 24 12 7 0 2 0 0 0  aaaa99996989a8883889aa587977a376652465a476475
223606 1 24 12 7 1 2 0 0 0  aaaa99996989a8885889aa287977a576665434a476375
223612 1 24 12 7 2 2 0 0 0  aaaa99995989a8885889aa387977a576665644a476372
223616 1 24 12 7 3 1 0 0 0  aaaa99995989a8883889aa587977a376662465a476475
223618 1 24 12 7 3 2 0 0 0  aaaa99995989a8885889aa387977a576665464a476372
223626 1 24 12 7 5 0 0 0 0  aaaa99995989a8883889aa687977a375465526a474676
223760 1 24 13 0 3 1 0 0 0  aaaa99995989a8884879aa788976a376663674a572554
223770 1 24 13 0 5 0 0 0 0  aaaa99995989a8884879aa788976a375645572a673664
223920 1 24 13 5 0 0 0 0 0  aaaa99994989a8883869aa688977a767553765a464752
224138 1 24 14 0 0 1 0 0 0  aaaa99995989a8884879aa738976a876644676a573552
224148 1 24 14 0 2 0 0 0 0  aaaa99995989a8884879aa738975a876663672a476545
224150 1 24 14 0 2 1 0 0 0  aaaa99995989a8884879aa738975a876663674a576254
224156 1 24 14 0 3 1 0 0 0  aaaa99995989a8884879aa738976a876663674a572554
224166 1 24 14 0 5 0 0 0 0  aaaa99995989a8884879aa738976a875645572a673664
224226 1 24 14 2 3 0 0 0 0  aaaa99994989a8883879aa778965a876663575a572464
224438 1 24 14 8 2 1 0 0 0  aaaa99995989a8884879aa578963a877752637a644665
224440 1 24 14 8 2 2 0 0 0  aaaa99995989a8885879aa478963a877725637a644665
224604 1 24 15 2 0 0 0 0 0  aaaa99994989a8873879aa778966a376556875a484652
224616 1 24 15 2 2 0 0 0 0  aaaa99994989a8873879aa778966a675653875a485642
224622 1 24 15 2 3 0 0 0 0  aaaa99994989a8873879aa778966a676553875a484652
224648 1 24 15 3 1 1 0 0 0  aaaa99995989a8874879aa738966a677744866a583552
224690 1 24 15 4 2 1 0 0 0  aaaa99995989a8844879aa778976a467663825a783565
224692 1 24 15 4 2 2 0 0 0  aaaa99995989a8845879aa778976a567665844a782363
224928 1 24 16 0 0 0 0 0 0  aaaa99994989a8877879aa738976a766553865a464852
225012 1 24 16 2 2 0 0 0 0  aaaa99994989a8873879aa778966a676553875a464852
225018 1 24 16 2 3 0 0 0 0  aaaa99994989a8873879aa778966a675653875a465842
225036 1 24 16 3 0 0 0 0 0  aaaa99995989a8874879aa738966a377755865a464826
225042 1 24 16 3 1 0 0 0 0  aaaa99995989a8874879aa738966a677763854a565824
225044 1 24 16 3 1 1 0 0 0  aaaa99995989a8874879aa738966a677763854a562854
225086 1 24 16 4 2 1 0 0 0  aaaa99994989a8853879aa778976a367662855a744865
225088 1 24 16 4 2 2 0 0 0  aaaa99995989a8845879aa778976a567665844a733862
225258 1 24 16 9 1 0 0 0 0  aaaa99994989a8863879aa578966a677773855a464852
225338 1 24 17 0 2 1 0 0 0  aaaa99995989a8884879aa738976a376662875a474565
225342 1 24 17 0 3 0 0 0 0  aaaa99995989a8884879aa738975a576663876a576442
225344 1 24 17 0 3 1 0 0 0  aaaa99995989a8884879aa738976a376662874a576554
225350 1 24 17 0 4 1 0 0 0  aaaa99995989a8884879aa738976a376666874a572554
225354 1 24 17 0 5 0 0 0 0  aaaa99995989a8884879aa738976a374655875a674662
225356 1 24 17 0 5 1 0 0 0  aaaa99995989a8884879aa738976a375655874a672664
225396 1 24 17 2 0 0 0 0 0  aaaa99994989a8883879aa778966a376556875a474652
225408 1 24 17 2 2 0 0 0 0  aaaa99994989a8883879aa778966a675653875a475642
225414 1 24 17 2 3 0 0 0 0  aaaa99994989a8883879aa778966a676553875a474652
225432 1 24 17 3 0 0 0 0 0  aaaa99995989a8884879aa738966a377762865a464557
225434 1 24 17 3 0 1 0 0 0  aaaa99995989a8885879aa738966a377762864a565447
225440 1 24 17 3 1 1 0 0 0  aaaa99995989a8884879aa738966a677763852a464557
225442 1 24 17 3 1 2 0 0 0  aaaa99995989a8885879aa758966a677765844a462337
225446 1 24 17 3 2 1 0 0 0  aaaa99994989a8883879aa738966a677744865a555627
225452 1 24 17 3 3 1 0 0 0  aaaa99994989a8883879aa738966a677744865a562557
225458 1 24 17 3 4 1 0 0 0  aaaa99994989a8883879aa738965a277744865a666557
225464 1 24 17 3 5 1 0 0 0  aaaa99994989a8883879aa738956a277744865a655667
225482 1 24 17 4 2 1 0 0 0  aaaa99995989a8884879aa778976a367663825a744565
225484 1 24 17 4 2 2 0 0 0  aaaa99995989a8885879aa778976a567665844a742363
225542 1 24 17 6 0 1 0 0 0  aaaa99995989a8884879aa778966a377763864a562554
225614 1 24 17 8 0 1 0 0 0  aaaa99995989a8884879aa678966a377744867a563552
225650 1 24 17 9 0 1 0 0 0  aaaa99995989a8884879aa678966a377773864a562554
225740 1 24 18 0 3 1 0 0 0  aaaa99995989a8888879aa748976a376663674a572554
225750 1 24 18 0 5 0 0 0 0  aaaa99995989a8888879aa748976a375645572a673664
226122 1 24 19 0 1 0 0 0 0  aaaa99995989a8884879aa737957a568663787a656442
226124 1 24 19 0 1 1 0 0 0  aaaa99995989a8885879aa747967a368663787a655442
226130 1 24 19 0 2 1 0 0 0  aaaa99995989a8884879aa737957a368662787a655464
226136 1 24 19 0 3 1 0 0 0  aaaa99995989a8884879aa737957a368662787a655446
226142 1 24 19 0 4 1 0 0 0  aaaa99995989a8884879aa737957a368666787a655442
226166 1 24 19 1 2 1 0 0 0  aaaa99995989a8884879aa777976a368663785a652445
226168 1 24 19 1 2 2 0 0 0  aaaa99995989a8885879aa777976a568665784a644332
226200 1 24 19 2 2 0 0 0 0  aaaa99995989a8884879aa777976a368663487a654552
226202 1 24 19 2 2 1 0 0 0  aaaa99995989a8884879aa777976a368663587a655442
226298 1 24 19 5 0 1 0 0 0  aaaa99995989a8884879aa777966a378644686a573552
226342 1 24 19 6 1 2 0 0 0  aaaa99994989a8883879aa537977a778666685a652445
226360 1 24 19 6 4 2 0 0 0  aaaa99994989a8883879aa537977a778652685a666445
226364 1 24 19 6 5 1 0 0 0  aaaa99995989a8884879aa637977a778464586a565632
226420 1 24 19 8 2 2 0 0 0  aaaa99994989a8883879aa537977a768662785a644565
226426 1 24 19 8 3 2 0 0 0  aaaa99994989a8883879aa537977a768656786a652445
226432 1 24 19 8 4 2 0 0 0  aaaa99994989a8883879aa537977a768666785a652445
226434 1 24 19 8 5 0 0 0 0  aaaa99995989a8884879aa637977a748564786a565632
226436 1 24 19 8 5 1 0 0 0  aaaa99995989a8884879aa637977a758565786a464632
226524 1 24 20 0 2 0 0 0 0  aaaa99995989a8888879aa747976a368663477a654552
226526 1 24 20 0 2 1 0 0 0  aaaa99995989a8888879aa747976a368663577a655442
226816 1 24 20 8 2 2 0 0 0  aaaa99994989a8888879aa537977a768663725a644565
227088 1 24 21 5 0 0 0 0 0  aaaa99994989a7787869aa638988a867553765a464752
227366 1 24 22 1 4 1 0 0 0  aaaa99994979a7744789aa738965a688888657a663525
227500 1 24 22 5 2 2 0 0 0  aaaa99994979a7753789aa448962a788888765a663565
227845 1 25 0 4 0 0 1 0 0  aaaa99988787a9785289aa986896a476955767a364534
228058 1 25 0 9 5 2 0 0 0  aaaa99988787a9685289aa987896a577975364a635644
228059 1 25 0 9 5 2 1 0 0  aaaa99988787a9685289aa987896a577975463a644653
228097 1 25 1 0 0 0 1 0 0  aaaa99988888a9775739aa986697a476973268a565544
228101 1 25 1 0 0 2 1 0 0  aaaa99988888a9775729aa986697a576975468a464353
228131 1 25 1 0 5 2 1 0 0  aaaa99988888a9775729aa983397a576975648a666445
228173 1 25 1 2 0 2 1 0 0  aaaa99988888a9777739aa986697a536975268a465445
228174 1 25 1 2 1 0 0 0 0  aaaa99988888a9777729aa986697a656975548a643453
228175 1 25 1 2 1 0 1 0 0  aaaa99988888a9777729aa986697a656975548a633445
228295 1 25 1 5 3 0 1 0 0  aaaa99988888a9777669aa985697a625974678a534543
228313 1 25 1 6 0 0 1 0 0  aaaa99988888a9665739aa987797a467973268a565544
228317 1 25 1 6 0 2 1 0 0  aaaa99988888a9665729aa987797a567975468a464353
228335 1 25 1 6 3 2 1 0 0  aaaa99988888a9666739aa987797a537975268a465445
228365 1 25 1 7 2 2 1 0 0  aaaa99988888a9777659aa986697a255975668a437443
228403 1 25 1 8 3 0 1 0 0  aaaa99988888a9666779aa985797a725964768a534543
228853 1 25 2 10 0 0 1 0 0  aaaa99966888a9662579aa987593a677977854a848534
228961 1 25 3 2 0 0 1 0 0  aaaa99988888a9777729aa986897a665975564a346354
229007 1 25 3 3 1 2 1 0 0  aaaa99988888a9666729aa987897a776954735a654534
229069 1 25 3 5 0 0 1 0 0  aaaa99988888a9777669aa982897a665975574a346354
229087 1 25 3 5 3 0 1 0 0  aaaa99988888a9777629aa986897a665975574a346354
229115 1 25 3 6 1 2 1 0 0  aaaa99988888a9666729aa987897a777954665a354534
229117 1 25 3 6 2 0 1 0 0  aaaa99988888a9666729aa987897a777955465a644353
229121 1 25 3 6 2 2 1 0 0  aaaa99988888a9666729aa987897a777954365a653544
229133 1 25 3 6 4 2 1 0 0  aaaa99988888a9654729aa987897a777954635a666534
229139 1 25 3 6 5 2 1 0 0  aaaa99988888a9654729aa987897a777954365a653664
229211 1 25 3 8 5 2 1 0 0  aaaa99988888a9754729aa987897a776954635a666534
229247 1 25 3 9 5 2 1 0 0  aaaa99988888a9654779aa982896a477977365a653645
229283 1 25 3 10 5 2 1 0 0  aaaa99988888a9654279aa987896a477977365a653645
229397 1 25 4 3 0 2 1 0 0  aaaa99968888a9664729aa987897a776954735a658534
229399 1 25 4 3 1 0 1 0 0  aaaa99958888a9666729aa987897a776955734a648354
229505 1 25 4 6 0 2 1 0 0  aaaa99968888a9664729aa987897a777954665a358534
229507 1 25 4 6 1 0 1 0 0  aaaa99958888a9666729aa987897a777955664a348354
229513 1 25 4 6 2 0 1 0 0  aaaa99958888a9666729aa987897a777955364a638454
229517 1 25 4 6 2 2 1 0 0  aaaa99958888a9666729aa987897a777954365a638544
229525 1 25 4 6 4 0 1 0 0  aaaa99958888a9646729aa987897a777955364a638654
229531 1 25 4 6 5 0 1 0 0  aaaa99958888a9655729aa987897a777945364a638664
229541 1 25 4 7 0 2 1 0 0  aaaa99978888a9777669aa982897a665947534a558364
229549 1 25 4 7 2 0 1 0 0  aaaa99978888a9777629aa986897a666947554a358354
229551 1 25 4 7 2 1 1 0 0  aaaa99978888a9777629aa986897a666947555a348354
229553 1 25 4 7 2 2 1 0 0  aaaa99978888a9777629aa986897a666947354a538554
229559 1 25 4 7 3 2 1 0 0  aaaa99978888a9777629aa986897a665947534a558364
229637 1 25 4 9 4 2 1 0 0  aaaa99958888a9664779aa983896a377977265a658544
229638 1 25 4 9 5 0 0 0 0  aaaa99958888a9655779aa982896a577977364a638644
229639 1 25 4 9 5 0 1 0 0  aaaa99958888a9655779aa983896a377977264a648654
229643 1 25 4 9 5 2 1 0 0  aaaa99958888a9654779aa983896a377977265a658644
229673 1 25 4 10 4 2 1 0 0  aaaa99958888a9664379aa987896a377977265a658544
229674 1 25 4 10 5 0 0 0 0  aaaa99958888a9655279aa987896a577977364a638644
229675 1 25 4 10 5 0 1 0 0  aaaa99958888a9655379aa987896a377977264a648654
229679 1 25 4 10 5 2 1 0 0  aaaa99958888a9654379aa987896a377977265a658644
229747 1 25 5 1 5 0 1 0 0  aaaa99965887a9877289aa987897a458965576a364634
229751 1 25 5 1 5 2 1 0 0  aaaa99965887a9877289aa987897a538963476a464655
229865 1 25 5 5 0 2 1 0 0  aaaa99976887a9877289aa987896a678954665a354534
230060 1 25 5 10 3 1 0 0 0  aaaa99975886a9874689aa986896a348974567a575732
230071 1 25 5 10 5 0 1 0 0  aaaa99976885a9876289aa985895a648976447a576733
230075 1 25 5 10 5 2 1 0 0  aaaa99976884a9876289aa984895a648976357a573756
230081 1 25 6 0 0 2 1 0 0  aaaa99958888a9776729aa986897a676974835a654534
230195 1 25 6 3 1 2 1 0 0  aaaa99958888a9666729aa987897a776954837a654534
230225 1 25 6 4 0 2 1 0 0  aaaa99958888a9777729aa987897a466954865a363564
230273 1 25 6 5 2 2 1 0 0  aaaa99978888a9777629aa986897a666954875a354534
230297 1 25 6 6 0 2 1 0 0  aaaa99968888a9664729aa987897a777954835a656534
230315 1 25 6 6 3 2 1 0 0  aaaa99968888a9666729aa987897a777954865a354534
230417 1 25 6 9 2 2 1 0 0  aaaa99958888a9666779aa982896a477977865a354534
230453 1 25 6 10 2 2 1 0 0  aaaa99958888a9666279aa987896a477977865a354534
230472 1 25 7 0 0 0 0 0 0  aaaa99988888a9877279aa986796a765975546a643453
230473 1 25 7 0 0 0 1 0 0  aaaa99988888a9877279aa986796a765975546a633445
230509 1 25 7 1 0 0 1 0 0  aaaa99988888a9866779aa983797a667963545a572445
230615 1 25 7 3 5 2 1 0 0  aaaa99988888a9865779aa982797a747965446a365635
230653 1 25 7 5 0 0 1 0 0  aaaa99988888a9866729aa987795a667974576a354534
230725 1 25 7 7 0 0 1 0 0  aaaa99988888a9866779aa984797a664964755a533725
230831 1 25 7 9 5 2 1 0 0  aaaa99988888a9865729aa987797a747965446a365635
230905 1 25 8 1 0 0 1 0 0  aaaa99958888a9777279aa986898a676955674a345364
230951 1 25 8 2 1 2 1 0 0  aaaa99978888a9777629aa986898a676954675a354534
230987 1 25 8 3 1 2 1 0 0  aaaa99958888a9666779aa982898a777974665a354534
230993 1 25 8 3 2 2 1 0 0  aaaa99958888a9666779aa982898a777974365a653544
231005 1 25 8 3 4 2 1 0 0  aaaa99958888a9654779aa982898a777974635a666534
231011 1 25 8 3 5 2 1 0 0  aaaa99958888a9654779aa982898a777974365a653664
231013 1 25 8 4 0 0 1 0 0  aaaa99958888a9777669aa982898a676955774a345364
231029 1 25 8 4 2 2 1 0 0  aaaa99958888a9777629aa986898a676964775a354534
231031 1 25 8 4 3 0 1 0 0  aaaa99958888a9777629aa986898a676955774a345364
231041 1 25 8 4 4 2 1 0 0  aaaa99958888a9777669aa982898a476966775a354534
231047 1 25 8 4 5 2 1 0 0  aaaa99958888a9777269aa986898a476966775a354534
231061 1 25 8 5 2 0 1 0 0  aaaa99978888a9777629aa986898a666955475a744353
231065 1 25 8 5 2 2 1 0 0  aaaa99978888a9777629aa986898a666954375a753544
231077 1 25 8 5 4 2 1 0 0  aaaa99978888a9777669aa982898a466964375a753545
231083 1 25 8 5 5 2 1 0 0  aaaa99978888a9777269aa986898a466964375a753545
231095 1 25 8 6 1 2 1 0 0  aaaa99958888a9666729aa987898a777974665a354534
231101 1 25 8 6 2 2 1 0 0  aaaa99958888a9666729aa987898a777974365a653544
231113 1 25 8 6 4 2 1 0 0  aaaa99958888a9654729aa987898a777974635a666534
231119 1 25 8 6 5 2 1 0 0  aaaa99958888a9654729aa987898a777974365a653664
231131 1 25 8 7 1 2 1 0 0  aaaa99978888a9777269aa986898a763954675a653544
231179 1 25 8 8 3 2 1 0 0  aaaa99968888a9666779aa982898a477974375a653545
231187 1 25 8 8 5 0 1 0 0  aaaa99968888a9565779aa982898a577974376a563644
231191 1 25 8 8 5 2 1 0 0  aaaa99968888a9365779aa982898a577975476a464635
231203 1 25 8 9 1 2 1 0 0  aaaa99958888a9666779aa982898a477977665a354534
231209 1 25 8 9 2 2 1 0 0  aaaa99958888a9666779aa982898a477977365a653544
231221 1 25 8 9 4 2 1 0 0  aaaa99958888a9654779aa982898a477977635a666534
231227 1 25 8 9 5 2 1 0 0  aaaa99958888a9654779aa982898a477977365a653664
231239 1 25 8 10 1 2 1 0 0  aaaa99958888a9666279aa987898a477977665a354534
231245 1 25 8 10 2 2 1 0 0  aaaa99958888a9666279aa987898a477977365a653544
231257 1 25 8 10 4 2 1 0 0  aaaa99958888a9654279aa987898a477977635a666534
231263 1 25 8 10 5 2 1 0 0  aaaa99958888a9654279aa987898a477977365a653664
231335 1 25 9 1 5 2 1 0 0  aaaa99968888a9777779aa982897a548965446a365635
231377 1 25 9 3 0 2 1 0 0  aaaa99968888a9664729aa987897a778954735a656534
231395 1 25 9 3 3 2 1 0 0  aaaa99968888a9666729aa987897a778954765a354534
231443 1 25 9 4 5 2 1 0 0  aaaa99968888a9777729aa987897a548965446a365635
231455 1 25 9 5 1 2 1 0 0  aaaa99978888a9777629aa986897a668954675a354534
231491 1 25 9 6 1 2 1 0 0  aaaa99958888a9666729aa987897a778974665a354534
231497 1 25 9 6 2 2 1 0 0  aaaa99958888a9666729aa987897a778974365a653544
231509 1 25 9 6 4 2 1 0 0  aaaa99958888a9654729aa987897a778974635a666534
231515 1 25 9 6 5 2 1 0 0  aaaa99958888a9654729aa987897a778974365a653664
231517 1 25 9 7 0 0 1 0 0  aaaa99978888a9777669aa982897a668947554a356354
231519 1 25 9 7 0 1 1 0 0  aaaa99978888a9777669aa982897a668947555a346354
231521 1 25 9 7 0 2 1 0 0  aaaa99978888a9777669aa982897a668947354a536554
231535 1 25 9 7 3 0 1 0 0  aaaa99978888a9777629aa986897a668947554a356354
231537 1 25 9 7 3 1 1 0 0  aaaa99978888a9777629aa986897a668947555a346354
231539 1 25 9 7 3 2 1 0 0  aaaa99978888a9777629aa986897a668947354a536554
231550 1 25 9 7 5 2 0 0 0  aaaa99978888a9777469aa986897a468966353a527554
231551 1 25 9 7 5 2 1 0 0  aaaa99978888a9777369aa986897a368966254a547554
231581 1 25 9 8 4 2 1 0 0  aaaa99968888a9754729aa987897a778954635a666534
231583 1 25 9 8 5 0 1 0 0  aaaa99968888a9764729aa987897a778964556a365534
231585 1 25 9 8 5 1 1 0 0  aaaa99968888a9764729aa987897a778964536a565534
231587 1 25 9 8 5 2 1 0 0  aaaa99968888a9764729aa987897a778964356a563554
231599 1 25 9 9 1 2 1 0 0  aaaa99958888a9666279aa987897a478977665a354534
231605 1 25 9 9 2 2 1 0 0  aaaa99958888a9666279aa987897a478977365a653544
231617 1 25 9 9 4 2 1 0 0  aaaa99958888a9654279aa987897a478977635a666534
231623 1 25 9 9 5 2 1 0 0  aaaa99958888a9654279aa987897a478977365a653664
231641 1 25 9 10 2 2 1 0 0  aaaa99958888a9754629aa986897a668964375a753774
231643 1 25 9 10 3 0 1 0 0  aaaa99958888a9746629aa986897a668955374a735774
231653 1 25 9 10 4 2 1 0 0  aaaa99958888a9754669aa982897a468966375a753774
231659 1 25 9 10 5 2 1 0 0  aaaa99958888a9754269aa986897a468966375a753774
231665 1 25 10 0 0 2 1 0 0  aaaa99958888a9877679aa986897a762974635a654534
231668 1 25 10 0 1 1 0 0 0  aaaa99958888a9877279aa986897a766974564a553634
231670 1 25 10 0 1 2 0 0 0  aaaa99958888a9877279aa986897a766973465a453645
231673 1 25 10 0 2 0 1 0 0  aaaa99958888a9877279aa986897a766974566a534543
231674 1 25 10 0 2 1 0 0 0  aaaa99958888a9877279aa986897a766974566a553443
231767 1 25 10 2 5 2 1 0 0  aaaa99968888a9865779aa983897a737965276a465445
231833 1 25 10 4 4 2 1 0 0  aaaa99968888a9854779aa982897a777954635a666534
231835 1 25 10 4 5 0 1 0 0  aaaa99968888a9864779aa982897a777964556a365534
231837 1 25 10 4 5 1 1 0 0  aaaa99968888a9864779aa982897a777964536a565534
231839 1 25 10 4 5 2 1 0 0  aaaa99968888a9864779aa982897a777964356a563554
231871 1 25 10 5 5 0 1 0 0  aaaa99968888a9865729aa987897a477964556a365734
231873 1 25 10 5 5 1 1 0 0  aaaa99968888a9865729aa987897a477964536a565734
231874 1 25 10 5 5 2 0 0 0  aaaa99968888a9865729aa987897a577965346a365744
231875 1 25 10 5 5 2 1 0 0  aaaa99968888a9865729aa987897a577965436a464735
231905 1 25 10 6 4 2 1 0 0  aaaa99968888a9854729aa987897a777954635a666534
231907 1 25 10 6 5 0 1 0 0  aaaa99968888a9864729aa987897a777964556a365534
231909 1 25 10 6 5 1 1 0 0  aaaa99968888a9864729aa987897a777964536a565534
231911 1 25 10 6 5 2 1 0 0  aaaa99968888a9864729aa987897a777964356a563554
231913 1 25 10 7 0 0 1 0 0  aaaa99968888a9857779aa982897a766955476a644353
231917 1 25 10 7 0 2 1 0 0  aaaa99968888a9857779aa982897a766954376a653544
231983 1 25 10 8 5 2 1 0 0  aaaa99968888a9865739aa987897a773965246a765445
232013 1 25 10 9 4 2 1 0 0  aaaa99958888a9854779aa982896a477977635a666534
232019 1 25 10 9 5 2 1 0 0  aaaa99958888a9854779aa982896a477977365a653664
232049 1 25 10 10 4 2 1 0 0  aaaa99958888a9854279aa987896a477977635a666534
232055 1 25 10 10 5 2 1 0 0  aaaa99958888a9854279aa987896a477977365a653664
232199 1 25 11 3 5 2 1 0 0  aaaa99968888a9885779aa982797a747965446a365635
232277 1 25 11 6 0 2 1 0 0  aaaa99958888a9886729aa987797a467976635a654534
232349 1 25 11 8 0 2 1 0 0  aaaa99958888a9884779aa982797a766954765a363564
232415 1 25 11 9 5 2 1 0 0  aaaa99968888a9885729aa987797a747965446a365635
232453 1 25 12 0 0 0 1 0 0  aaaa99948888a9877279aa986796a765975536a648354
232457 1 25 12 0 0 2 1 0 0  aaaa99958888a9877279aa986796a763973645a458645
232487 1 25 12 0 5 2 1 0 0  aaaa99948888a9877279aa985796a755975364a638664
232523 1 25 12 1 5 2 1 0 0  aaaa99968888a9865779aa982797a547965446a378635
232524 1 25 12 2 0 0 0 0 0  aaaa99948888a9866779aa985797a665972756a538443
232631 1 25 12 4 5 2 1 0 0  aaaa99968888a9865779aa982797a547975446a368635
232633 1 25 12 5 0 0 1 0 0  aaaa99948888a9866729aa987793a667975576a548354
232667 1 25 12 5 5 2 1 0 0  aaaa99968888a9865739aa987794a537975276a468645
232698 1 25 12 6 5 0 0 0 0  aaaa99968888a9865729aa987797a357975456a468643
232703 1 25 12 6 5 2 1 0 0  aaaa99968888a9865729aa987797a547975446a368635
233023 1 25 13 4 5 0 1 0 0  aaaa99965882a9884789aa987795a587964356a773646
233044 1 25 13 5 2 2 0 0 0  aaaa99954887a9883789aa987796a387944675a662565
233050 1 25 13 5 3 2 0 0 0  aaaa99954887a9883789aa987796a387952676a656445
233056 1 25 13 5 4 2 0 0 0  aaaa99954887a9883789aa987796a387952675a666445
233060 1 25 13 5 5 1 0 0 0  aaaa99965887a9884789aa987794a487963576a565632
233101 1 25 13 7 0 0 1 0 0  aaaa99966887a9886289aa987797a486964755a533745
233146 1 25 13 8 1 2 0 0 0  aaaa99954887a9883789aa987797a386966765a652445
233164 1 25 13 8 4 2 0 0 0  aaaa99954887a9883789aa987797a386952765a666445
233168 1 25 13 8 5 1 0 0 0  aaaa99965887a9884789aa987797a385963746a565642
233369 1 25 14 3 2 2 1 0 0  aaaa99957888a9684279aa977898a877954666a353564
233375 1 25 14 3 3 2 1 0 0  aaaa99957888a9684279aa977898a877954666a356534
233381 1 25 14 3 4 2 1 0 0  aaaa99957888a9684279aa977898a877954635a666534
233387 1 25 14 3 5 2 1 0 0  aaaa99957888a9684279aa977898a877954365a653664
233398 1 25 14 4 1 2 0 0 0  aaaa99954888a9683779aa976898a876963775a652445
233453 1 25 14 5 4 2 1 0 0  aaaa99957888a9684779aa972898a877954635a666534
233459 1 25 14 5 5 2 1 0 0  aaaa99957888a9684779aa972898a877954365a653664
233527 1 25 14 7 5 0 1 0 0  aaaa99965888a9585779aa942898a877964376a573646
233544 1 25 14 8 2 0 0 0 0  aaaa99955888a9685279aa977898a877944675a663463
233548 1 25 14 8 2 2 0 0 0  aaaa99954888a9683279aa977898a877944675a663565
233554 1 25 14 8 3 2 0 0 0  aaaa99954888a9683279aa977898a877953676a656445
233560 1 25 14 8 4 2 0 0 0  aaaa99954888a9683279aa977898a877953675a666445
233563 1 25 14 8 5 0 1 0 0  aaaa99965888a9585279aa977898a877964376a563644
233564 1 25 14 8 5 1 0 0 0  aaaa99965888a9484279aa977898a877964576a565633
233567 1 25 14 8 5 2 1 0 0  aaaa99965888a9385279aa977898a877965476a464635
233568 1 25 14 9 0 0 0 0 0  aaaa99966888a9586279aa977898a877975646a545433
233576 1 25 14 9 1 1 0 0 0  aaaa99956888a9584279aa977898a877973666a546534
233578 1 25 14 9 1 2 0 0 0  aaaa99956888a9484279aa977898a877973666a456535
233640 1 25 15 0 0 0 0 0 0  aaaa99977883a9787489aa987898a466973565a564265
233641 1 25 15 0 0 0 1 0 0  aaaa99977885a9787589aa987898a566975463a464362
233643 1 25 15 0 0 1 1 0 0  aaaa99977883a9787289aa987898a566973564a565464
233644 1 25 15 0 0 2 0 0 0  aaaa99977884a9787289aa987898a664976635a654535
233645 1 25 15 0 0 2 1 0 0  aaaa99977882a9787689aa987898a665976643a555443
233647 1 25 15 0 1 0 1 0 0  aaaa99977886a9787289aa987898a466974565a533645
233670 1 25 15 0 5 0 0 0 0  aaaa99977882a9787489aa987898a456975653a666345
233671 1 25 15 0 5 0 1 0 0  aaaa99977885a9787289aa987898a456974653a666543
233675 1 25 15 0 5 2 1 0 0  aaaa99977887a9582789aa984898a746974653a666553
233728 1 25 15 2 2 2 0 0 0  aaaa99954887a9787789aa987898a366963275a656445
233757 1 25 15 3 1 1 1 0 0  aaaa99956887a9784289aa987898a477955666a356734
233767 1 25 15 3 3 0 1 0 0  aaaa99965887a9784289aa987898a477955666a356734
233773 1 25 15 3 4 0 1 0 0  aaaa99965887a9784289aa987898a477955635a666734
233820 1 25 15 5 0 0 0 0 0  aaaa99966887a9787289aa987898a676964545a735543
233851 1 25 15 5 5 0 1 0 0  aaaa99965887a9787289aa987898a475965536a764634
233855 1 25 15 5 5 2 1 0 0  aaaa99965887a9787289aa987898a574965436a764635
233867 1 25 15 6 1 2 1 0 0  aaaa99956887a9787289aa987898a477954666a356534
233887 1 25 15 6 5 0 1 0 0  aaaa99965887a9787289aa987898a477964556a365634
233889 1 25 15 6 5 1 1 0 0  aaaa99965887a9787289aa987898a477964536a565634
233890 1 25 15 6 5 2 0 0 0  aaaa99965887a9787289aa987898a577965346a365644
233891 1 25 15 6 5 2 1 0 0  aaaa99965887a9787289aa987898a577965436a464635
233893 1 25 15 7 0 0 1 0 0  aaaa99967887a9787289aa987898a566955476a644533
233897 1 25 15 7 0 2 1 0 0  aaaa99967887a9787289aa987898a466954376a653545
233899 1 25 15 7 1 0 1 0 0  aaaa99967887a9787289aa987898a466956576a534543
233904 1 25 15 7 2 0 0 0 0  aaaa99957887a9787289aa987898a566964374a636554
233905 1 25 15 7 2 0 1 0 0  aaaa99957887a9787389aa987898a366965274a646554
233909 1 25 15 7 2 2 1 0 0  aaaa99957887a9787389aa987898a366964275a656544
233910 1 25 15 7 3 0 0 0 0  aaaa99957887a9787489aa987898a466936276a655354
233911 1 25 15 7 3 0 1 0 0  aaaa99957887a9787389aa987898a366946276a655454
233915 1 25 15 7 3 2 1 0 0  aaaa99957887a9787289aa987898a466956376a653544
233921 1 25 15 7 4 2 1 0 0  aaaa99957887a9787289aa987898a466966375a653544
233927 1 25 15 7 5 2 1 0 0  aaaa99957887a9787289aa987898a436953675a666544
233977 1 25 15 9 2 0 1 0 0  aaaa99965887a9784389aa987898a377974666a525546
233980 1 25 15 9 2 2 0 0 0  aaaa99965887a9785289aa987898a577975666a344436
234079 1 25 16 1 1 0 1 0 0  aaaa99965887a9877389aa987897a366956476a844552
234083 1 25 16 1 1 2 1 0 0  aaaa99964887a9877289aa987897a466956376a853545
234088 1 25 16 1 2 2 0 0 0  aaaa99965887a9877289aa987897a566965374a835644
234089 1 25 16 1 2 2 1 0 0  aaaa99965887a9877289aa987897a566965473a844653
234091 1 25 16 1 3 0 1 0 0  aaaa99965887a9877389aa987897a364966675a844552
234095 1 25 16 1 3 2 1 0 0  aaaa99964887a9877289aa987897a463966675a853545
234101 1 25 16 1 4 2 1 0 0  aaaa99964887a9877289aa987897a466966375a853545
234103 1 25 16 1 5 0 1 0 0  aaaa99965887a9877289aa987897a453965576a863644
234105 1 25 16 1 5 1 1 0 0  aaaa99965887a9877289aa987897a455965376a863644
234106 1 25 16 1 5 2 0 0 0  aaaa99965887a9877289aa987897a534965376a864654
234107 1 25 16 1 5 2 1 0 0  aaaa99965887a9877289aa987897a544964376a863655
234166 1 25 16 3 3 2 0 0 0  aaaa99954887a9873789aa987897a766963265a856445
234174 1 25 16 3 5 0 0 0 0  aaaa99965887a9874789aa987897a754965536a864632
234202 1 25 16 4 3 2 0 0 0  aaaa99954887a9877789aa987897a366963265a856445
234210 1 25 16 4 5 0 0 0 0  aaaa99965887a9877789aa987897a454965536a864632
234221 1 25 16 5 0 2 1 0 0  aaaa99976887a9877289aa987896a673954665a853544
234288 1 25 16 7 0 0 0 0 0  aaaa99976887a9877289aa987896a665954563a837445
234312 1 25 16 7 4 0 0 0 0  aaaa99975887a9877289aa987895a566966364a837544
234313 1 25 16 7 4 0 1 0 0  aaaa99974887a9877589aa987895a466966365a837542
234318 1 25 16 7 5 0 0 0 0  aaaa99975887a9877289aa987895a543964356a867646
234319 1 25 16 7 5 0 1 0 0  aaaa99975887a9877489aa987894a452965536a867636
234358 1 25 16 8 5 2 0 0 0  aaaa99965887a9865789aa987897a744965276a864353
234359 1 25 16 8 5 2 1 0 0  aaaa99965887a9865789aa987897a724965476a864353
234391 1 25 16 9 5 0 1 0 0  aaaa99965887a9867289aa987895a577974356a863644
234395 1 25 16 9 5 2 1 0 0  aaaa99965887a9867289aa987894a577975346a863645
234427 1 25 16 10 5 0 1 0 0  aaaa99965887a9864289aa987895a577977356a863644
234431 1 25 16 10 5 2 1 0 0  aaaa99965887a9865289aa987894a577977346a863645
234520 1 25 17 2 2 2 0 0 0  aaaa99954887a9887789aa987897a366963275a656445
234622 1 25 17 5 1 2 0 0 0  aaaa99954887a9883789aa987897a376966665a752445
234640 1 25 17 5 4 2 0 0 0  aaaa99954887a9883789aa987897a376952665a766445
234644 1 25 17 5 5 1 0 0 0  aaaa99965887a9884789aa987897a375963546a765642
234685 1 25 17 7 0 0 1 0 0  aaaa99967887a9885289aa987897a766955476a644533
234689 1 25 17 7 0 2 1 0 0  aaaa99967887a9884289aa987897a766954376a653545
234691 1 25 17 7 1 0 1 0 0  aaaa99967887a9884289aa987897a766956576a534543
234692 1 25 17 7 1 1 0 0 0  aaaa99967887a9884289aa987897a766956576a553443
234696 1 25 17 7 2 0 0 0 0  aaaa99957887a9885289aa987897a766964374a636554
234697 1 25 17 7 2 0 1 0 0  aaaa99947887a9883289aa987897a766963575a646554
234700 1 25 17 7 2 2 0 0 0  aaaa99947887a9885289aa987897a766965474a636355
234701 1 25 17 7 2 2 1 0 0  aaaa99957887a9884289aa987897a766964375a636545
234702 1 25 17 7 3 0 0 0 0  aaaa99957887a9885289aa987897a766946476a643553
234703 1 25 17 7 3 0 1 0 0  aaaa99957887a9885289aa987897a766936476a644553
234707 1 25 17 7 3 2 1 0 0  aaaa99957887a9884289aa987897a766956376a653544
234713 1 25 17 7 4 2 1 0 0  aaaa99957887a9884289aa987897a766966375a653544
234719 1 25 17 7 5 2 1 0 0  aaaa99957887a9884289aa987897a736953675a666544
234736 1 25 17 8 2 2 0 0 0  aaaa99954887a9883789aa987897a766963275a656445
234756 1 25 17 9 0 0 0 0 0  aaaa99966887a9887489aa987894a677973656a553425
234880 1 25 18 1 2 2 0 0 0  aaaa99954888a9883779aa976897a866953775a662445
234886 1 25 18 1 3 2 0 0 0  aaaa99954888a9883779aa976897a866953776a652445
234910 1 25 18 2 1 2 0 0 0  aaaa99954888a9883779aa976897a876963665a752445
234931 1 25 18 2 5 0 1 0 0  aaaa99965888a9884779aa972897a875965536a764634
234935 1 25 18 2 5 2 1 0 0  aaaa99965888a9885779aa972897a874965436a764635
234953 1 25 18 3 2 2 1 0 0  aaaa99957888a9884279aa977896a877954666a353564
234959 1 25 18 3 3 2 1 0 0  aaaa99957888a9884279aa977896a877954666a356534
234965 1 25 18 3 4 2 1 0 0  aaaa99957888a9884279aa977896a877954635a666534
234971 1 25 18 3 5 2 1 0 0  aaaa99957888a9884279aa977896a877954365a653664
234994 1 25 18 4 3 2 0 0 0  aaaa99954888a9883779aa976897a866953276a756445
235039 1 25 18 5 5 0 1 0 0  aaaa99965888a9884779aa972897a877964556a365634
235041 1 25 18 5 5 1 1 0 0  aaaa99965888a9884779aa972897a877964536a565634
235042 1 25 18 5 5 2 0 0 0  aaaa99965888a9885779aa972897a877965346a365644
235043 1 25 18 5 5 2 1 0 0  aaaa99965888a9885779aa972897a877965436a464635
235115 1 25 18 7 5 2 1 0 0  aaaa99957888a9884779aa972897a876954635a666534
235127 1 25 18 8 1 2 1 0 0  aaaa99956888a9884279aa977897a877954666a356534
235147 1 25 18 8 5 0 1 0 0  aaaa99965888a9884279aa977897a877964556a365634
235149 1 25 18 8 5 1 1 0 0  aaaa99965888a9884279aa977897a877964536a565634
235150 1 25 18 8 5 2 0 0 0  aaaa99965888a9885279aa977897a877965346a365644
235151 1 25 18 8 5 2 1 0 0  aaaa99965888a9885279aa977897a877965436a464635
235152 1 25 18 9 0 0 0 0 0  aaaa99966888a9886479aa977894a877973656a553425
235162 1 25 18 9 1 2 0 0 0  aaaa99956888a9883479aa977894a877973666a456525
235227 1 25 19 0 0 1 1 0 0  aaaa99977888a9866379aa983897a758976656a524544
235229 1 25 19 0 0 2 1 0 0  aaaa99977888a9866379aa983897a758976555a664244
235235 1 25 19 0 1 2 1 0 0  aaaa99977888a9854279aa986897a768976635a654534
235241 1 25 19 0 2 2 1 0 0  aaaa99977888a9854279aa986897a768976665a354534
235297 1 25 19 2 0 0 1 0 0  aaaa99966888a9856779aa982897a768974576a534543
235327 1 25 19 2 5 0 1 0 0  aaaa99965888a9864779aa982897a758975576a364634
235331 1 25 19 2 5 2 1 0 0  aaaa99965888a9865779aa983897a738975476a464652
235379 1 25 19 4 1 2 1 0 0  aaaa99956888a9854779aa982897a778974666a356534
235399 1 25 19 4 5 0 1 0 0  aaaa99965888a9864779aa982897a778974556a365634
235401 1 25 19 4 5 1 1 0 0  aaaa99965888a9864779aa982897a778974536a565634
235402 1 25 19 4 5 2 0 0 0  aaaa99965888a9865779aa982897a778975346a365644
235403 1 25 19 4 5 2 1 0 0  aaaa99965888a9865779aa982897a778975436a464635
235433 1 25 19 5 4 2 1 0 0  aaaa99966888a9865729aa987897a578975346a763445
235451 1 25 19 6 1 2 1 0 0  aaaa99956888a9854729aa987897a778974666a356534
235471 1 25 19 6 5 0 1 0 0  aaaa99965888a9864729aa987897a778974556a365634
235473 1 25 19 6 5 1 1 0 0  aaaa99965888a9864729aa987897a778974536a565634
235474 1 25 19 6 5 2 0 0 0  aaaa99965888a9865729aa987897a778975346a365644
235475 1 25 19 6 5 2 1 0 0  aaaa99965888a9865729aa987897a778975436a464635
235511 1 25 19 7 5 2 1 0 0  aaaa99967888a9865779aa983897a738965276a465445
235547 1 25 19 8 5 2 1 0 0  aaaa99965888a9865729aa987897a778965346a763445
235559 1 25 19 9 1 2 1 0 0  aaaa99956888a9854279aa987897a478977666a356534
235579 1 25 19 9 5 0 1 0 0  aaaa99965888a9864279aa987897a478977556a365634
235581 1 25 19 9 5 1 1 0 0  aaaa99965888a9864279aa987897a478977536a565634
235582 1 25 19 9 5 2 0 0 0  aaaa99965888a9865279aa987897a578977346a365644
235583 1 25 19 9 5 2 1 0 0  aaaa99965888a9865279aa987897a578977436a464635
235591 1 25 19 10 1 0 1 0 0  aaaa99975888a9874669aa982896a668974557a375734
235593 1 25 19 10 1 1 1 0 0  aaaa99975888a9874669aa982896a668974537a575734
235594 1 25 19 10 1 2 0 0 0  aaaa99975888a9875669aa982896a668975347a375744
235595 1 25 19 10 1 2 1 0 0  aaaa99975888a9875669aa982896a668975437a474735
235597 1 25 19 10 2 0 1 0 0  aaaa99975888a9874629aa986896a468976557a375734
235599 1 25 19 10 2 1 1 0 0  aaaa99975888a9874629aa986896a468976537a575734
235600 1 25 19 10 2 2 0 0 0  aaaa99975888a9875629aa986896a568976347a375744
235601 1 25 19 10 2 2 1 0 0  aaaa99975888a9875629aa986896a568976437a474735
235603 1 25 19 10 3 0 1 0 0  aaaa99975888a9874669aa982896a658975567a374734
235607 1 25 19 10 3 2 1 0 0  aaaa99975888a9875669aa983896a638975467a474752
235609 1 25 19 10 4 0 1 0 0  aaaa99975888a9874629aa986896a668974557a375734
235611 1 25 19 10 4 1 1 0 0  aaaa99975888a9874629aa986896a668974537a575734
235612 1 25 19 10 4 2 0 0 0  aaaa99975888a9875629aa986896a668975347a375744
235613 1 25 19 10 4 2 1 0 0  aaaa99975888a9875629aa986896a668975437a474735
235614 1 25 19 10 5 0 0 0 0  aaaa99976888a9876559aa982895a658976347a376744
235615 1 25 19 10 5 0 1 0 0  aaaa99976888a9876559aa982895a648976447a576733
235616 1 25 19 10 5 1 0 0 0  aaaa99976888a9876529aa985895a658976347a376744
235617 1 25 19 10 5 1 1 0 0  aaaa99976888a9876529aa985895a648976447a576733
235618 1 25 19 10 5 2 0 0 0  aaaa99976888a9876349aa983895a648976457a576752
235619 1 25 19 10 5 2 1 0 0  aaaa99976888a9876249aa984895a648976357a573756
235627 1 25 20 0 1 0 1 0 0  aaaa99977888a9884279aa986897a766974565a533645
235666 1 25 20 1 1 2 0 0 0  aaaa99954888a9883779aa986897a776963765a652445
235687 1 25 20 1 5 0 1 0 0  aaaa99965888a9884779aa982897a775965736a564634
235702 1 25 20 2 1 2 0 0 0  aaaa99954888a9883779aa986897a767963675a652445
235723 1 25 20 2 5 0 1 0 0  aaaa99965888a9884779aa982897a757965576a364634
235727 1 25 20 2 5 2 1 0 0  aaaa99965888a9885779aa983897a737965476a464652
235738 1 25 20 3 1 2 0 0 0  aaaa99954888a9883769aa987897a776963765a652445
235759 1 25 20 3 5 0 1 0 0  aaaa99965888a9884729aa987897a775965736a564634
235795 1 25 20 4 5 0 1 0 0  aaaa99965888a9884779aa982897a777964556a365634
235797 1 25 20 4 5 1 1 0 0  aaaa99965888a9884779aa982897a777964536a565634
235798 1 25 20 4 5 2 0 0 0  aaaa99965888a9885779aa982897a777965346a365644
235799 1 25 20 4 5 2 1 0 0  aaaa99965888a9885779aa982897a777965436a464635
235825 1 25 20 5 4 0 1 0 0  aaaa99965888a9884729aa987897a477955635a666734
235867 1 25 20 6 5 0 1 0 0  aaaa99965888a9884729aa987897a777964556a365634
235869 1 25 20 6 5 1 1 0 0  aaaa99965888a9884729aa987897a777964536a565634
235870 1 25 20 6 5 2 0 0 0  aaaa99965888a9885729aa987897a777965346a365644
235871 1 25 20 6 5 2 1 0 0  aaaa99965888a9885729aa987897a777965436a464635
235873 1 25 20 7 0 0 1 0 0  aaaa99967888a9885779aa982897a766955476a644533
235877 1 25 20 7 0 2 1 0 0  aaaa99967888a9884779aa982897a766954376a653545
235918 1 25 20 8 1 2 0 0 0  aaaa99954888a9883769aa987897a776963665a752445
235939 1 25 20 8 5 0 1 0 0  aaaa99965888a9884729aa987897a775965536a764634
235943 1 25 20 8 5 2 1 0 0  aaaa99965888a9885729aa987897a774965436a764635
236068 1 25 21 1 2 2 0 0 0  aaaa99954888a9888779aa976897a366953775a662445
236123 1 25 21 2 5 2 1 0 0  aaaa99965888a9888779aa972897a574965436a764635
236227 1 25 21 5 5 0 1 0 0  aaaa99965888a9888779aa972897a477964556a365634
236229 1 25 21 5 5 1 1 0 0  aaaa99965888a9888779aa972897a477964536a565634
236230 1 25 21 5 5 2 0 0 0  aaaa99965888a9888779aa972897a577965346a365644
236231 1 25 21 5 5 2 1 0 0  aaaa99965888a9888779aa972897a577965436a464635
236263 1 25 21 6 5 0 1 0 0  aaaa99965888a9888729aa947897a777964556a365634
236265 1 25 21 6 5 1 1 0 0  aaaa99965888a9888729aa947897a777964536a565634
236266 1 25 21 6 5 2 0 0 0  aaaa99965888a9888729aa957897a777965346a365644
236267 1 25 21 6 5 2 1 0 0  aaaa99965888a9888729aa957897a777965436a464635
236303 1 25 21 7 5 2 1 0 0  aaaa99957888a9888779aa972897a476954635a666534
236339 1 25 21 8 5 2 1 0 0  aaaa99965888a9888729aa957897a774965436a764635
236340 1 25 21 9 0 0 0 0 0  aaaa99966888a9888479aa977894a677973656a553425
236412 1 25 22 0 0 0 0 0 0  aaaa99977268a9776789aa978695a588988364a536445
236413 1 25 22 0 0 0 1 0 0  aaaa99977268a9776789aa978695a388988565a546434
236416 1 25 22 0 0 2 0 0 0  aaaa99977268a9776789aa978695a488988364a536554
236417 1 25 22 0 0 2 1 0 0  aaaa99977268a9776789aa978695a488988356a536544
236442 1 25 22 0 5 0 0 0 0  aaaa99977258a9775789aa978596a488988364a635664
236443 1 25 22 0 5 0 1 0 0  aaaa99977558a9773789aa978596a388988564a642664
236513 1 25 22 2 4 2 1 0 0  aaaa99957778a9754289aa978796a488988635a666534
236519 1 25 22 2 5 2 1 0 0  aaaa99957778a9754289aa978796a488988365a653664
236695 1 25 22 7 5 0 1 0 0  aaaa99965778a9764289aa978795a588988356a763644
236699 1 25 22 7 5 2 1 0 0  aaaa99965778a9765289aa978794a588988346a763645
236852 1 26 0 1 1 1 0 0 0  aaaa99995887a9774799aa838795a378666688a644552
236856 1 26 0 1 2 0 0 0 0  aaaa99995887a9774799aa838796a378666488a654552
236858 1 26 0 1 2 1 0 0 0  aaaa99995887a9774799aa838796a378666588a655442
236862 1 26 0 1 3 0 0 0 0  aaaa99995887a9774799aa838796a378666588a562454
236864 1 26 0 1 3 1 0 0 0  aaaa99995887a9774799aa838796a378666588a565442
236876 1 26 0 1 5 1 0 0 0  aaaa99995887a9774799aa838796a378644588a655662
236911 1 26 0 2 5 0 1 0 0  aaaa99996887a9776399aa868397a678546788a545425
236947 1 26 0 3 5 0 1 0 0  aaaa99995887a9777299aa848796a478655388a653664
236966 1 26 0 4 2 1 0 0 0  aaaa99995887a9774699aa838796a678653788a652445
236968 1 26 0 4 2 2 0 0 0  aaaa99995887a9775699aa858796a678645788a644332
236976 1 26 0 4 4 0 0 0 0  aaaa99995887a9774499aa848796a678655788a653632
236978 1 26 0 4 4 1 0 0 0  aaaa99995887a9775699aa848796a378655788a644632
237019 1 26 0 5 5 0 1 0 0  aaaa99996887a9776599aa868597a678437588a536442
237049 1 26 0 6 4 0 1 0 0  aaaa99995887a9777399aa848697a368666288a755544
237053 1 26 0 6 4 2 1 0 0  aaaa99995887a9777299aa858697a568666488a744353
237055 1 26 0 6 5 0 1 0 0  aaaa99996887a9777299aa868597a658546388a736454
237057 1 26 0 6 5 1 1 0 0  aaaa99996887a9777399aa868397a658556588a746424
237091 1 26 0 7 5 0 1 0 0  aaaa99996887a9776599aa868597a678436588a572443
237095 1 26 0 7 5 2 1 0 0  aaaa99996887a9776499aa868497a478536288a576553
237127 1 26 0 8 5 0 1 0 0  aaaa99996887a9777599aa868597a678436588a536442
237132 1 26 0 9 0 0 0 0 0  aaaa99995887a9664699aa838796a378777588a562454
237134 1 26 0 9 0 1 0 0 0  aaaa99995887a9664699aa838796a378777588a565442
237145 1 26 0 9 2 0 1 0 0  aaaa99995887a9666399aa848796a378777288a655544
237149 1 26 0 9 2 2 1 0 0  aaaa99995887a9666299aa858796a578777488a644353
237151 1 26 0 9 3 0 1 0 0  aaaa99995887a9666399aa848796a378777288a565544
237155 1 26 0 9 3 2 1 0 0  aaaa99995887a9666299aa858796a578777488a464353
237163 1 26 0 9 5 0 1 0 0  aaaa99995887a9655299aa848796a478777388a653664
237172 1 26 0 10 0 2 0 0 0  aaaa99995886a9765299aa858697a568734488a764773
237173 1 26 0 10 0 2 1 0 0  aaaa99995886a9765299aa858697a568733488a744776
237175 1 26 0 10 1 0 1 0 0  aaaa99995886a9766299aa848697a468755388a753774
237180 1 26 0 10 2 0 0 0 0  aaaa99996886a9766299aa868597a558743488a745773
237181 1 26 0 10 2 0 1 0 0  aaaa99996886a9766299aa868597a558733488a744775
237191 1 26 0 10 3 2 1 0 0  aaaa99995886a9766499aa858497a468735288a765773
237193 1 26 0 10 4 0 1 0 0  aaaa99995886a9755299aa848697a468766388a753774
237199 1 26 0 10 5 0 1 0 0  aaaa99996885a9756399aa868397a658726488a744775
237203 1 26 0 10 5 2 1 0 0  aaaa99996885a9746399aa868397a658755288a746774
237204 1 26 1 0 0 0 0 0 0  aaaa99995888a9774799aa836697a376575868a846524
237206 1 26 1 0 0 1 0 0 0  aaaa99995888a9775799aa846697a376575868a863442
237212 1 26 1 0 1 1 0 0 0  aaaa99995888a9774799aa836697a676573858a862454
237214 1 26 1 0 1 2 0 0 0  aaaa99995888a9775799aa856697a676475838a862434
237218 1 26 1 0 2 1 0 0 0  aaaa99995888a9774799aa836697a676673858a844552
237224 1 26 1 0 3 1 0 0 0  aaaa99995888a9774799aa836697a676573868a844552
237230 1 26 1 0 4 1 0 0 0  aaaa99995888a9774799aa836697a376676858a844552
237276 1 26 1 2 0 0 0 0 0  aaaa99995888a9777799aa846697a356573868a862454
237278 1 26 1 2 0 1 0 0 0  aaaa99995888a9777799aa846697a356575868a863442
237362 1 26 1 4 2 1 0 0 0  aaaa99995888a9777799aa847697a366563868a844552
237368 1 26 1 4 3 1 0 0 0  aaaa99995888a9777799aa847697a366644858a863552
237374 1 26 1 4 4 1 0 0 0  aaaa99995888a9777799aa847697a366663858a844552
237398 1 26 1 5 2 1 0 0 0  aaaa99995888a9777699aa846697a346764858a873552
237420 1 26 1 6 0 0 0 0 0  aaaa99995888a9664799aa837797a357676858a862454
237422 1 26 1 6 0 1 0 0 0  aaaa99995888a9665799aa847797a367673858a862454
237428 1 26 1 6 1 1 0 0 0  aaaa99995888a9666799aa847797a367673858a844552
237440 1 26 1 6 3 1 0 0 0  aaaa99995888a9666799aa847797a347674858a863552
237494 1 26 1 8 0 1 0 0 0  aaaa99995888a9664799aa877797a367644858a863552
237530 1 26 1 9 0 1 0 0 0  aaaa99995888a9664799aa837797a767644858a863552
237566 1 26 1 10 0 1 0 0 0  aaaa99995888a9664699aa837496a477777858a863552
237602 1 26 2 0 0 1 0 0 0  aaaa99996888a9775799aa846297a676573888a644553
237608 1 26 2 0 1 1 0 0 0  aaaa99995888a9774799aa836697a676573888a644552
237757 1 26 2 4 2 0 1 0 0  aaaa99995888a9777799aa847297a466655888a366534
237764 1 26 2 4 3 1 0 0 0  aaaa99995888a9777799aa847697a366644888a563552
237799 1 26 2 5 3 0 1 0 0  aaaa99995888a9777699aa866697a426755888a374534
237805 1 26 2 5 4 0 1 0 0  aaaa99995888a9777699aa846697a626755888a374534
237816 1 26 2 6 0 0 0 0 0  aaaa99995888a9664799aa837797a367672888a455546
237818 1 26 2 6 0 1 0 0 0  aaaa99995888a9665799aa847797a367673888a565442
237890 1 26 2 8 0 1 0 0 0  aaaa99995888a9664799aa877797a367644888a563552
237907 1 26 2 8 3 0 1 0 0  aaaa99995888a9666799aa877797a427655888a364534
237926 1 26 2 9 0 1 0 0 0  aaaa99995888a9664799aa837797a767644888a563552
237943 1 26 2 9 3 0 1 0 0  aaaa99995888a9666799aa847797a727655888a364534
238033 1 26 3 1 0 0 1 0 0  aaaa99995888a9777399aa847897a376655626a884564
238037 1 26 3 1 0 2 1 0 0  aaaa99995888a9777399aa857897a376645626a885464
238039 1 26 3 1 1 0 1 0 0  aaaa99996888a9777399aa847897a376664552a886545
238051 1 26 3 1 3 0 1 0 0  aaaa99995888a9777399aa847897a376664655a884265
238053 1 26 3 1 3 1 1 0 0  aaaa99995888a9777399aa847897a376664625a884565
238054 1 26 3 1 3 2 0 0 0  aaaa99995888a9777299aa857897a576665634a884364
238055 1 26 3 1 3 2 1 0 0  aaaa99995888a9777399aa857897a376665624a885464
238106 1 26 3 3 0 1 0 0 0  aaaa99995888a9664799aa837897a776644756a883552
238140 1 26 3 4 0 0 0 0 0  aaaa99995888a9777799aa847897a366455265a886643
238142 1 26 3 4 0 1 0 0 0  aaaa99995888a9777799aa837897a366555464a886624
238200 1 26 3 5 4 0 0 0 0  aaaa99995888a9777699aa846897a366763557a885442
238202 1 26 3 5 4 1 0 0 0  aaaa99995888a9777699aa846897a366763457a884552
238211 1 26 3 5 5 2 1 0 0  aaaa99995888a9777299aa856897a566766347a883445
238304 1 26 3 8 3 1 0 0 0  aaaa99995888a9744799aa847897a776663625a883565
238306 1 26 3 8 3 2 0 0 0  aaaa99995888a9745799aa857897a776665644a882363
238314 1 26 3 8 5 0 0 0 0  aaaa99995888a9764799aa837897a775465526a883646
238320 1 26 3 9 0 0 0 0 0  aaaa99995888a9664799aa837896a677773556a885442
238322 1 26 3 9 0 1 0 0 0  aaaa99995888a9664799aa837896a677773456a884552
238328 1 26 3 9 1 1 0 0 0  aaaa99995888a9666799aa847895a377773664a882554
238332 1 26 3 9 2 0 0 0 0  aaaa99995888a9666799aa847896a377773565a885442
238334 1 26 3 9 2 1 0 0 0  aaaa99995888a9666799aa847896a377773465a884525
238338 1 26 3 9 3 0 0 0 0  aaaa99995888a9666799aa847896a377773556a885442
238340 1 26 3 9 3 1 0 0 0  aaaa99995888a9666799aa847896a377773456a884552
238344 1 26 3 9 4 0 0 0 0  aaaa99995888a9646799aa847896a377773565a885624
238346 1 26 3 9 4 1 0 0 0  aaaa99995888a9656799aa847896a377773465a884625
238352 1 26 3 9 5 1 0 0 0  aaaa99995888a9654799aa837896a377772465a884665
238356 1 26 3 10 0 0 0 0 0  aaaa99995888a9664699aa837896a377777556a885442
238358 1 26 3 10 0 1 0 0 0  aaaa99995888a9664699aa837896a377777456a884552
238373 1 26 3 10 2 2 1 0 0  aaaa99995888a9666299aa857896a577777364a883454
238379 1 26 3 10 3 2 1 0 0  aaaa99995888a9666299aa857896a577777346a883445
238385 1 26 3 10 4 2 1 0 0  aaaa99995888a9646299aa857896a577777364a883654
238387 1 26 3 10 5 0 1 0 0  aaaa99995888a9655299aa847896a477777365a883664
238404 1 26 4 0 2 0 0 0 0  aaaa99995888a9774799aa836897a376672655a486845
238406 1 26 4 0 2 1 0 0 0  aaaa99995888a9774799aa836897a376672654a586854
238410 1 26 4 0 3 0 0 0 0  aaaa99995888a9774799aa836897a676673654a585824
238412 1 26 4 0 3 1 0 0 0  aaaa99995888a9774799aa836897a676673654a582854
238416 1 26 4 0 4 0 0 0 0  aaaa99995888a9774799aa836897a376676654a585824
238418 1 26 4 0 4 1 0 0 0  aaaa99995888a9774799aa836897a376676654a582854
238423 1 26 4 0 5 0 1 0 0  aaaa99996888a9776799aa862897a675476545a483835
238433 1 26 4 1 0 2 1 0 0  aaaa99996888a9777299aa857897a576645364a386854
238437 1 26 4 1 1 1 1 0 0  aaaa99996888a9777399aa847897a376664555a286854
238438 1 26 4 1 1 2 0 0 0  aaaa99996888a9777299aa857897a576665434a386854
238439 1 26 4 1 1 2 1 0 0  aaaa99996888a9777299aa857897a576665444a386835
238451 1 26 4 1 3 2 1 0 0  aaaa99995888a9777399aa857897a376665642a485846
238478 1 26 4 2 2 1 0 0 0  aaaa99995888a9777799aa846897a366474566a585832
238512 1 26 4 3 2 0 0 0 0  aaaa99994888a9666799aa837897a775653765a485842
238537 1 26 4 4 0 0 1 0 0  aaaa99995888a9777799aa847897a466525356a683846
238603 1 26 4 5 5 0 1 0 0  aaaa99995888a9777299aa846897a466766557a385834
238605 1 26 4 5 5 1 1 0 0  aaaa99995888a9777299aa846897a466766537a585834
238606 1 26 4 5 5 2 0 0 0  aaaa99995888a9777299aa856897a566766347a385844
238607 1 26 4 5 5 2 1 0 0  aaaa99995888a9777299aa856897a566766437a484835
238614 1 26 4 6 1 0 0 0 0  aaaa99994888a9666799aa837897a777553665a484852
238634 1 26 4 6 4 1 0 0 0  aaaa99995888a9664799aa837897a777653465a684825
238677 1 26 4 7 5 1 1 0 0  aaaa99997888a9777299aa846897a466676555a385834
238678 1 26 4 7 5 2 0 0 0  aaaa99997888a9777299aa856897a566676434a385854
238679 1 26 4 7 5 2 1 0 0  aaaa99997888a9777299aa856897a566676444a385835
238728 1 26 4 9 2 0 0 0 0  aaaa99995888a9666799aa847896a377773565a485842
238730 1 26 4 9 2 1 0 0 0  aaaa99995888a9666799aa847896a377773564a585824
238740 1 26 4 9 4 0 0 0 0  aaaa99995888a9646799aa847896a377773565a685824
238748 1 26 4 9 5 1 0 0 0  aaaa99995888a9654799aa837896a377772465a684865
238769 1 26 4 10 2 2 1 0 0  aaaa99995888a9666299aa857896a577777463a484853
238771 1 26 4 10 3 0 1 0 0  aaaa99995888a9666299aa847896a477777556a385834
238773 1 26 4 10 3 1 1 0 0  aaaa99995888a9666299aa847896a477777536a585834
238774 1 26 4 10 3 2 0 0 0  aaaa99995888a9666299aa857896a577777346a385844
238775 1 26 4 10 3 2 1 0 0  aaaa99995888a9666299aa857896a577777436a484835
238783 1 26 4 10 5 0 1 0 0  aaaa99995888a9655299aa847896a477777365a683864
238828 1 26 5 1 0 2 0 0 0  aaaa99995888a9777299aa887897a576635646a484365
238843 1 26 5 1 3 0 1 0 0  aaaa99994888a9777399aa887897a376664655a584265
238855 1 26 5 1 5 0 1 0 0  aaaa99994888a9777399aa887897a375654562a684665
238932 1 26 5 4 0 0 0 0 0  aaaa99995888a9777799aa887897a366545464a586632
238968 1 26 5 5 0 0 0 0 0  aaaa99996888a9777299aa886897a665745647a583435
238999 1 26 5 5 5 0 1 0 0  aaaa99994888a9777299aa886897a466766557a385534
239001 1 26 5 5 5 1 1 0 0  aaaa99994888a9777299aa886897a466766537a585534
239003 1 26 5 5 5 2 1 0 0  aaaa99994888a9777299aa886897a466766357a583554
239041 1 26 5 7 0 0 1 0 0  aaaa99997888a9777299aa886897a665475563a486453
239045 1 26 5 7 0 2 1 0 0  aaaa99997888a9777299aa886897a663574356a586544
239071 1 26 5 7 5 0 1 0 0  aaaa99997888a9777399aa886897a366676545a582445
239136 1 26 5 9 4 0 0 0 0  aaaa99995888a9664799aa887896a377773565a685442
239138 1 26 5 9 4 1 0 0 0  aaaa99995888a9664799aa887896a377773465a684525
239144 1 26 5 9 5 1 0 0 0  aaaa99995888a9654799aa887896a377773465a684625
239167 1 26 5 10 3 0 1 0 0  aaaa99994888a9666299aa887896a477777556a385534
239169 1 26 5 10 3 1 1 0 0  aaaa99994888a9666299aa887896a477777536a585534
239171 1 26 5 10 3 2 1 0 0  aaaa99994888a9666299aa887896a477777356a583554
239177 1 26 5 10 4 2 1 0 0  aaaa99995888a9665299aa887896a577777364a683454
239179 1 26 5 10 5 0 1 0 0  aaaa99995888a9655299aa887896a477777365a683644
239183 1 26 5 10 5 2 1 0 0  aaaa99995888a9645299aa887896a577777364a683654
239196 1 26 6 0 2 0 0 0 0  aaaa99995888a9774799aa836897a376672585a484665
239198 1 26 6 0 2 1 0 0 0  aaaa99995888a9774799aa836897a376672684a586554
239204 1 26 6 0 3 1 0 0 0  aaaa99995888a9774799aa836897a676673684a582554
239210 1 26 6 0 4 1 0 0 0  aaaa99995888a9774799aa836897a376676684a582554
239214 1 26 6 0 5 0 0 0 0  aaaa99996888a9776799aa862897a675576584a384534
239215 1 26 6 0 5 0 1 0 0  aaaa99996888a9776799aa862897a675576584a383454
239221 1 26 6 1 0 0 1 0 0  aaaa99995888a9777299aa847897a476655686a383564
239233 1 26 6 1 2 0 1 0 0  aaaa99995888a9777399aa847897a376664685a286554
239270 1 26 6 2 2 1 0 0 0  aaaa99995888a9777799aa846897a365673686a585442
239294 1 26 6 3 0 1 0 0 0  aaaa99995888a9664799aa837897a776644786a583552
239329 1 26 6 4 0 0 1 0 0  aaaa99995888a9777799aa847897a466525386a683546
239388 1 26 6 5 4 0 0 0 0  aaaa99995888a9777699aa846897a366763587a582454
239390 1 26 6 5 4 1 0 0 0  aaaa99995888a9777699aa846897a366763587a585442
239395 1 26 6 5 5 0 1 0 0  aaaa99995888a9777399aa846897a366766287a585544
239399 1 26 6 5 5 2 1 0 0  aaaa99995888a9777299aa856897a566766487a484353
239508 1 26 6 9 0 0 0 0 0  aaaa99995888a9664799aa837896a677773586a582454
239510 1 26 6 9 0 1 0 0 0  aaaa99995888a9664799aa837896a677773586a585442
239516 1 26 6 9 1 1 0 0 0  aaaa99995888a9666799aa847895a377773684a682554
239520 1 26 6 9 2 0 0 0 0  aaaa99995888a9666799aa847896a377773585a685442
239522 1 26 6 9 2 1 0 0 0  aaaa99995888a9666799aa847896a377773485a684525
239526 1 26 6 9 3 0 0 0 0  aaaa99995888a9666799aa847896a377773586a582454
239528 1 26 6 9 3 1 0 0 0  aaaa99995888a9666799aa847896a377773586a585442
239532 1 26 6 9 4 0 0 0 0  aaaa99995888a9646799aa847896a377773585a685624
239534 1 26 6 9 4 1 0 0 0  aaaa99995888a9656799aa847896a377773485a684625
239540 1 26 6 9 5 1 0 0 0  aaaa99995888a9654799aa837896a377772485a684665
239544 1 26 6 10 0 0 0 0 0  aaaa99995888a9664699aa837896a377777586a582454
239546 1 26 6 10 0 1 0 0 0  aaaa99995888a9664699aa837896a377777586a585442
239561 1 26 6 10 2 2 1 0 0  aaaa99995888a9666299aa857896a577777384a683454
239563 1 26 6 10 3 0 1 0 0  aaaa99995888a9666399aa847896a377777286a585544
239567 1 26 6 10 3 2 1 0 0  aaaa99995888a9666299aa857896a577777486a484353
239573 1 26 6 10 4 2 1 0 0  aaaa99995888a9646299aa857896a577777384a683654
239575 1 26 6 10 5 0 1 0 0  aaaa99995888a9655299aa847896a477777385a683664
239584 1 26 7 0 0 2 0 0 0  aaaa99994888a9877799aa876695a376573868a562454
239590 1 26 7 0 1 2 0 0 0  aaaa99994888a9877799aa876696a376573858a562454
239615 1 26 7 0 5 2 1 0 0  aaaa99995888a9877799aa873396a574675868a644652
239776 1 26 7 5 2 2 0 0 0  aaaa99994888a9863799aa877795a367766858a562454
239804 1 26 7 6 1 1 0 0 0  aaaa99995888a9844799aa847797a367676858a663552
239820 1 26 7 6 4 0 0 0 0  aaaa99995888a9855799aa847797a367474868a653662
239822 1 26 7 6 4 1 0 0 0  aaaa99995888a9855799aa857797a427676868a644633
239846 1 26 7 7 2 1 0 0 0  aaaa99995888a9854799aa877796a367663878a652445
239848 1 26 7 7 2 2 0 0 0  aaaa99995888a9845799aa877796a567665878a644332
239882 1 26 7 8 2 1 0 0 0  aaaa99994888a9853799aa877797a367662858a644565
239884 1 26 7 8 2 2 0 0 0  aaaa99995888a9845799aa877797a567665838a644362
239918 1 26 7 9 2 1 0 0 0  aaaa99994888a9853799aa837797a767662858a644565
239920 1 26 7 9 2 2 0 0 0  aaaa99995888a9845799aa857797a767665838a644362
239980 1 26 8 0 0 2 0 0 0  aaaa99995888a9775299aa857898a566734767a486643
239981 1 26 8 0 0 2 1 0 0  aaaa99996888a9775299aa857898a563746767a683454
240018 1 26 8 1 1 0 0 0 0  aaaa99995888a9777799aa837898a366762565a485464
240053 1 26 8 2 0 2 1 0 0  aaaa99995888a9777299aa857898a563763647a486645
240055 1 26 8 2 1 0 1 0 0  aaaa99995888a9777399aa847898a366764267a585564
240061 1 26 8 2 2 0 1 0 0  aaaa99995888a9777399aa847898a362766667a585544
240065 1 26 8 2 2 2 1 0 0  aaaa99995888a9777299aa857898a564766667a484353
240071 1 26 8 2 3 2 1 0 0  aaaa99995888a9777399aa857898a366765267a486445
240073 1 26 8 2 4 0 1 0 0  aaaa99995888a9777399aa847898a366766267a585544
240077 1 26 8 2 4 2 1 0 0  aaaa99995888a9777299aa857898a566766467a484353
240079 1 26 8 2 5 0 1 0 0  aaaa99996888a9777299aa867898a653756547a386445
240081 1 26 8 2 5 1 1 0 0  aaaa99996888a9777299aa867898a655756347a386445
240082 1 26 8 2 5 2 0 0 0  aaaa99996888a9777299aa867898a643746357a586554
240083 1 26 8 2 5 2 1 0 0  aaaa99996888a9777299aa867898a635746537a585464
240086 1 26 8 3 0 1 0 0 0  aaaa99995888a9664799aa877898a377763664a582554
240121 1 26 8 4 0 0 1 0 0  aaaa99995888a9777399aa847898a376764662a585546
240124 1 26 8 4 0 2 0 0 0  aaaa99995888a9777299aa857898a576765664a483436
240125 1 26 8 4 0 2 1 0 0  aaaa99995888a9777399aa857898a376765662a485446
240180 1 26 8 5 4 0 0 0 0  aaaa99995888a9777699aa846898a366763557a785442
240182 1 26 8 5 4 1 0 0 0  aaaa99995888a9777699aa846898a366763457a784552
240191 1 26 8 5 5 2 1 0 0  aaaa99995888a9777299aa856898a566766347a783445
240194 1 26 8 6 0 1 0 0 0  aaaa99995888a9664799aa837898a777763664a582554
240259 1 26 8 7 5 0 1 0 0  aaaa99997888a9777299aa846898a466766557a385534
240261 1 26 8 7 5 1 1 0 0  aaaa99997888a9777299aa846898a466766537a585534
240263 1 26 8 7 5 2 1 0 0  aaaa99997888a9777299aa846898a466766357a583554
240264 1 26 8 8 0 0 0 0 0  aaaa99995888a9664799aa837898a377755667a484526
240266 1 26 8 8 0 1 0 0 0  aaaa99995888a9665799aa847898a377763667a585442
240272 1 26 8 8 1 1 0 0 0  aaaa99995888a9666799aa847898a377744667a583552
240282 1 26 8 8 3 0 0 0 0  aaaa99995888a9666799aa847898a377763567a582454
240284 1 26 8 8 3 1 0 0 0  aaaa99995888a9666799aa847898a377763567a585442
240300 1 26 8 9 0 0 0 0 0  aaaa99995888a9664799aa837898a377772665a484556
240302 1 26 8 9 0 1 0 0 0  aaaa99995888a9665799aa837898a377772664a585446
240308 1 26 8 9 1 1 0 0 0  aaaa99995888a9666799aa847898a377773664a582554
240312 1 26 8 9 2 0 0 0 0  aaaa99995888a9666799aa847898a377773565a685442
240314 1 26 8 9 2 1 0 0 0  aaaa99995888a9666799aa847898a377773465a684525
240318 1 26 8 9 3 0 0 0 0  aaaa99995888a9666799aa847898a377773556a685442
240320 1 26 8 9 3 1 0 0 0  aaaa99995888a9666799aa847898a377773456a684552
240324 1 26 8 9 4 0 0 0 0  aaaa99995888a9646799aa847898a377773565a685624
240326 1 26 8 9 4 1 0 0 0  aaaa99995888a9656799aa847898a377773465a684625
240332 1 26 8 9 5 1 0 0 0  aaaa99995888a9654799aa837898a377772465a684665
240337 1 26 8 10 0 0 1 0 0  aaaa99995888a9664399aa847898a377777662a585546
240340 1 26 8 10 0 2 0 0 0  aaaa99995888a9665299aa857898a577777664a483436
240341 1 26 8 10 0 2 1 0 0  aaaa99995888a9665399aa857898a377777662a485446
240353 1 26 8 10 2 2 1 0 0  aaaa99995888a9666299aa857898a577777364a683454
240359 1 26 8 10 3 2 1 0 0  aaaa99995888a9666299aa857898a577777346a683445
240365 1 26 8 10 4 2 1 0 0  aaaa99995888a9646299aa857898a577777364a683654
240367 1 26 8 10 5 0 1 0 0  aaaa99995888a9655299aa847898a477777365a683664
240378 1 26 9 0 1 0 0 0 0  aaaa99995888a9774799aa836897a378676665a455842
240380 1 26 9 0 1 1 0 0 0  aaaa99995888a9774799aa836897a378676664a555824
240402 1 26 9 0 5 0 0 0 0  aaaa99996888a9776799aa862897a678576554a354834
240403 1 26 9 0 5 0 1 0 0  aaaa99996888a9776799aa862897a678576554a345834
240412 1 26 9 1 0 2 0 0 0  aaaa99995888a9777299aa857897a578665664a443836
240413 1 26 9 1 0 2 1 0 0  aaaa99995888a9777399aa857897a378665662a444856
240424 1 26 9 1 2 2 0 0 0  aaaa99995888a9777299aa857897a578666364a635844
240425 1 26 9 1 2 2 1 0 0  aaaa99995888a9777299aa857897a578666463a644853
240431 1 26 9 1 3 2 1 0 0  aaaa99995888a9777299aa857897a578666463a464853
240433 1 26 9 1 4 0 1 0 0  aaaa99995888a9777299aa847897a478655635a666834
240439 1 26 9 1 5 0 1 0 0  aaaa99996888a9777299aa867897a678546554a356834
240443 1 26 9 1 5 2 1 0 0  aaaa99996888a9777299aa867897a678546354a536854
240456 1 26 9 2 2 0 0 0 0  aaaa99995888a9777799aa846897a368673656a545824
240458 1 26 9 2 2 1 0 0 0  aaaa99995888a9777799aa846897a368673646a555842
240480 1 26 9 3 0 0 0 0 0  aaaa99995888a9664799aa837897a778646756a525834
240506 1 26 9 3 4 1 0 0 0  aaaa99995888a9664799aa837897a778653765a644825
240508 1 26 9 3 4 2 0 0 0  aaaa99995888a9665799aa857897a778645763a644823
240514 1 26 9 3 5 2 0 0 0  aaaa99994888a9653799aa837897a778652765a644865
240522 1 26 9 4 1 0 0 0 0  aaaa99995888a9777799aa837897a368662655a446854
240528 1 26 9 4 2 0 0 0 0  aaaa99995888a9777799aa847897a368646656a525834
240586 1 26 9 5 5 2 0 0 0  aaaa99996888a9777499aa864897a648736527a555863
240587 1 26 9 5 5 2 1 0 0  aaaa99996888a9777299aa864897a648746537a555836
240659 1 26 9 7 5 2 1 0 0  aaaa99997888a9777399aa863897a658476555a426846
240742 1 26 9 10 1 2 0 0 0  aaaa99994888a9753699aa836897a668752675a744875
240803 1 26 10 0 5 2 1 0 0  aaaa99995888a9877799aa872896a574675463a684653
240804 1 26 10 1 0 0 0 0 0  aaaa99995888a9877799aa877897a366545464a586632
241040 1 26 10 7 3 1 0 0 0  aaaa99995888a9844799aa877897a476663625a783565
241042 1 26 10 7 3 2 0 0 0  aaaa99995888a9845799aa877897a576665644a782363
241050 1 26 10 7 5 0 0 0 0  aaaa99995888a9864799aa877897a375465526a783646
241076 1 26 10 8 3 1 0 0 0  aaaa99995888a9844799aa847897a776663625a783565
241078 1 26 10 8 3 2 0 0 0  aaaa99995888a9845799aa857897a776665644a782363
241086 1 26 10 8 5 0 0 0 0  aaaa99995888a9864799aa837897a775465526a783646
241096 1 26 10 9 0 2 0 0 0  aaaa99996888a9866799aa847895a377773656a582454
241106 1 26 10 9 2 1 0 0 0  aaaa99995888a9854799aa837896a377772666a484565
241112 1 26 10 9 3 1 0 0 0  aaaa99995888a9844799aa847896a377773666a586552
241118 1 26 10 9 4 1 0 0 0  aaaa99995888a9854799aa837896a677773465a684625
241124 1 26 10 9 5 1 0 0 0  aaaa99995888a9854799aa837896a377772465a684665
241154 1 26 10 10 4 1 0 0 0  aaaa99995888a9854699aa837896a377777465a684625
241159 1 26 10 10 5 0 1 0 0  aaaa99995888a9855299aa847896a477777365a683664
241209 1 26 11 1 1 1 1 0 0  aaaa99998888a9884799aa787795a566624356a773546
241272 1 26 11 3 0 0 0 0 0  aaaa99998888a9885799aa787797a366545464a576632
241564 1 26 12 0 0 2 0 0 0  aaaa99994888a9877799aa876695a376573268a586454
241570 1 26 12 0 1 2 0 0 0  aaaa99994888a9877799aa876696a376573258a586454
241595 1 26 12 0 5 2 1 0 0  aaaa99995888a9877799aa873396a574675468a684652
241618 1 26 12 1 3 2 0 0 0  aaaa99994888a9877799aa877795a366563268a586454
241723 1 26 12 4 3 0 1 0 0  aaaa99997888a9837799aa877795a566465268a586443
241762 1 26 12 5 3 2 0 0 0  aaaa99994888a9863799aa877795a367766658a582454
241832 1 26 12 7 3 1 0 0 0  aaaa99995888a9844799aa877796a467663678a583552
241856 1 26 12 8 1 1 0 0 0  aaaa99994888a9844799aa877797a367663658a586525
241892 1 26 12 9 1 1 0 0 0  aaaa99994888a9844799aa837797a767663658a586525
241925 1 26 12 10 0 2 1 0 0  aaaa99996888a9866299aa857496a577777448a385635
241955 1 26 12 10 5 2 1 0 0  aaaa99995888a9835499aa857496a477777268a685663
242048 1 26 13 2 3 1 0 0 0  aaaa99995888a9844799aa887796a467663678a573552
242072 1 26 13 3 1 1 0 0 0  aaaa99994888a9844799aa887797a367663658a576525
242120 1 26 13 4 3 1 0 0 0  aaaa99995888a9844799aa887796a467663658a773552
242213 1 26 13 7 0 2 1 0 0  aaaa99996888a9866299aa887797a436573758a564574
242224 1 26 13 7 2 2 0 0 0  aaaa99995888a9845399aa887797a366675748a266475
242230 1 26 13 7 3 2 0 0 0  aaaa99995888a9835299aa887797a566476768a464375
242236 1 26 13 7 4 2 0 0 0  aaaa99995888a9835299aa887797a566676748a464375
242238 1 26 13 7 5 0 0 0 0  aaaa99996888a9836299aa887797a655476758a446573
242240 1 26 13 7 5 1 0 0 0  aaaa99996888a9836299aa887797a655576748a446573
242258 1 26 13 8 2 1 0 0 0  aaaa99994888a9844799aa887797a366673758a566525
242356 1 26 14 0 0 2 0 0 0  aaaa99995888a9787299aa777898a866735464a465365
242360 1 26 14 0 1 1 0 0 0  aaaa99995888a9787299aa777898a866764564a535364
242362 1 26 14 0 1 2 0 0 0  aaaa99995888a9787299aa777898a866765464a435365
242365 1 26 14 0 2 0 1 0 0  aaaa99994888a9787299aa777898a866756566a534543
242366 1 26 14 0 2 1 0 0 0  aaaa99994888a9787299aa777898a866756566a553443
242372 1 26 14 0 3 1 0 0 0  aaaa99993888a9787299aa777898a866763564a556445
242554 1 26 14 5 3 2 0 0 0  aaaa99994888a9583799aa777898a866563267a576454
242654 1 26 14 8 2 1 0 0 0  aaaa99994888a9683799aa537898a877744657a662565
242656 1 26 14 8 2 2 0 0 0  aaaa99995888a9685799aa457898a877735647a662463
242717 1 26 14 10 0 2 1 0 0  aaaa99996888a9686299aa547898a877777665a354534
242749 1 26 15 0 0 0 1 0 0  aaaa99995888a9774299aa887898a466755767a363564
242761 1 26 15 0 2 0 1 0 0  aaaa99995888a9774399aa887898a366764727a656554
242839 1 26 15 2 3 0 1 0 0  aaaa99994888a9777399aa887898a366764567a526545
242867 1 26 15 3 1 2 1 0 0  aaaa99997888a9666299aa887898a777754665a354534
242869 1 26 15 3 2 0 1 0 0  aaaa99997888a9666299aa887898a777755465a644353
242873 1 26 15 3 2 2 1 0 0  aaaa99997888a9666299aa887898a777754365a653544
242880 1 26 15 3 4 0 0 0 0  aaaa99997888a9655299aa887898a777754634a666354
242881 1 26 15 3 4 0 1 0 0  aaaa99997888a9655299aa887898a777735645a666443
242885 1 26 15 3 4 2 1 0 0  aaaa99997888a9654299aa887898a777754635a666534
242886 1 26 15 3 5 0 0 0 0  aaaa99997888a9655299aa887898a777754364a635664
242887 1 26 15 3 5 0 1 0 0  aaaa99997888a9655299aa887898a777735465a644663
242891 1 26 15 3 5 2 1 0 0  aaaa99997888a9654299aa887898a777754365a653664
242893 1 26 15 4 0 0 1 0 0  aaaa99994888a9777399aa887898a376764665a554256
242911 1 26 15 4 3 0 1 0 0  aaaa99994888a9777299aa887898a476766655a533645
243072 1 26 15 9 0 0 0 0 0  aaaa99995888a9664799aa887898a377773665a455246
243109 1 26 15 10 0 0 1 0 0  aaaa99994888a9664399aa887898a377777665a554256
243125 1 26 15 10 2 2 1 0 0  aaaa99994888a9666299aa887898a477777365a653545
243181 1 26 16 1 0 0 1 0 0  aaaa99994888a9777399aa887897a378664665a554256
243197 1 26 16 1 2 2 1 0 0  aaaa99994888a9777299aa887897a478666365a653545
243280 1 26 16 3 4 2 0 0 0  aaaa99994888a9663799aa887897a778653765a652445
243286 1 26 16 3 5 2 0 0 0  aaaa99994888a9653799aa887897a778653765a644625
243396 1 26 16 7 0 0 0 0 0  aaaa99997888a9777299aa886897a668575364a536445
243397 1 26 16 7 0 0 1 0 0  aaaa99997888a9777299aa886897a668573565a546434
243400 1 26 16 7 0 2 0 0 0  aaaa99997888a9777299aa886897a668574364a536554
243401 1 26 16 7 0 2 1 0 0  aaaa99997888a9777299aa886897a668574356a536544
243426 1 26 16 7 5 0 0 0 0  aaaa99997888a9777299aa885897a558674364a635664
243427 1 26 16 7 5 0 1 0 0  aaaa99997888a9777599aa885897a358673564a642664
243514 1 26 16 10 1 2 0 0 0  aaaa99994888a9753699aa886897a668753675a744725
243535 1 26 16 10 5 0 1 0 0  aaaa99995888a9764299aa885897a558764376a763746
243539 1 26 16 10 5 2 1 0 0  aaaa99995888a9765299aa884897a548764376a763756
243632 1 26 17 2 3 1 0 0 0  aaaa99994888a9853799aa887897a376662657a744565
243634 1 26 17 2 3 2 0 0 0  aaaa99995888a9845799aa887897a576665637a744362
243642 1 26 17 2 5 0 0 0 0  aaaa99995888a9864799aa887897a375465527a763646
243793 1 26 17 7 0 0 1 0 0  aaaa99997888a9866299aa887897a775665534a746354
243797 1 26 17 7 0 2 1 0 0  aaaa99997888a9866299aa887897a774536656a744553
243806 1 26 17 7 2 1 0 0 0  aaaa99997888a9844299aa887897a776663654a756553
243809 1 26 17 7 2 2 1 0 0  aaaa99997888a9854299aa887897a776664635a756534
243810 1 26 17 7 3 0 0 0 0  aaaa99997888a9855299aa887897a776665645a743463
243811 1 26 17 7 3 0 1 0 0  aaaa99997888a9855299aa887897a776663655a743464
243814 1 26 17 7 3 2 0 0 0  aaaa99997888a9845299aa887897a776665644a735365
243815 1 26 17 7 3 2 1 0 0  aaaa99997888a9854299aa887897a776664635a754365
243821 1 26 17 7 4 2 1 0 0  aaaa99997888a9854299aa887897a776666635a754534
243822 1 26 17 7 5 0 0 0 0  aaaa99997888a9864299aa887897a775464556a763653
243823 1 26 17 7 5 0 1 0 0  aaaa99997888a9865299aa887897a775465546a763643
243825 1 26 17 7 5 1 1 0 0  aaaa99997888a9864299aa887897a775565536a764634
243826 1 26 17 7 5 2 0 0 0  aaaa99997888a9865299aa887897a774465436a765635
243827 1 26 17 7 5 2 1 0 0  aaaa99997888a9865299aa887897a773465346a765645
243850 1 26 17 8 3 2 0 0 0  aaaa99994888a9853799aa887897a776663625a744565
243858 1 26 17 8 5 0 0 0 0  aaaa99995888a9864799aa887897a775465526a763643
243938 1 26 18 0 0 1 0 0 0  aaaa99995888a9884799aa737896a867644677a563552
243948 1 26 18 0 2 0 0 0 0  aaaa99995888a9884799aa737896a867663477a654552
243950 1 26 18 0 2 1 0 0 0  aaaa99995888a9884799aa737896a867663577a655442
244238 1 26 18 8 2 1 0 0 0  aaaa99994888a9883799aa537896a877744657a662565
244240 1 26 18 8 2 2 0 0 0  aaaa99995888a9885799aa457896a877735647a662463
244244 1 26 18 8 3 1 0 0 0  aaaa99994888a9883799aa637895a877744667a566525
244366 1 26 19 0 5 2 0 0 0  aaaa99995888a9877799aa872896a578675364a635644
244367 1 26 19 0 5 2 1 0 0  aaaa99995888a9877799aa872896a578675463a644653
244448 1 26 19 3 1 1 0 0 0  aaaa99995888a9864799aa837897a778663765a652445
244450 1 26 19 3 1 2 0 0 0  aaaa99995888a9865799aa857897a778665764a644332
244456 1 26 19 3 2 2 0 0 0  aaaa99994888a9853799aa837897a778666765a652445
244468 1 26 19 3 4 2 0 0 0  aaaa99994888a9853799aa837897a778656765a644625
244474 1 26 19 3 5 2 0 0 0  aaaa99994888a9853799aa837897a778652765a644665
244594 1 26 19 7 1 2 0 0 0  aaaa99994888a9853799aa877897a378666665a752445
244612 1 26 19 7 4 2 0 0 0  aaaa99994888a9853799aa877897a378652665a744665
244616 1 26 19 7 5 1 0 0 0  aaaa99995888a9864799aa877897a378563456a764652
244630 1 26 19 8 1 2 0 0 0  aaaa99994888a9853799aa837897a778666665a752445
244648 1 26 19 8 4 2 0 0 0  aaaa99994888a9853799aa837897a778652665a744665
244652 1 26 19 8 5 1 0 0 0  aaaa99995888a9864799aa837897a778563456a764652
244702 1 26 19 10 1 2 0 0 0  aaaa99994888a9853699aa836897a668752675a744775
244740 1 26 20 0 2 0 0 0 0  aaaa99995888a9884799aa787896a367663477a654552
244742 1 26 20 0 2 1 0 0 0  aaaa99995888a9884799aa787896a367663577a655442
244764 1 26 20 1 0 0 0 0 0  aaaa99995888a9884799aa787897a366545767a563264
244778 1 26 20 1 2 1 0 0 0  aaaa99994888a9883799aa787897a366644757a566525
244818 1 26 20 2 3 0 0 0 0  aaaa99995888a9884799aa787897a376663654a575264
244830 1 26 20 2 5 0 0 0 0  aaaa99995888a9884799aa787897a375645562a673664
244872 1 26 20 4 0 0 0 0 0  aaaa99995888a9884799aa787897a366545267a576634
244874 1 26 20 4 0 1 0 0 0  aaaa99995888a9883799aa787897a366555467a476642
244892 1 26 20 4 3 1 0 0 0  aaaa99994888a9883799aa787897a366562567a576454
244894 1 26 20 4 3 2 0 0 0  aaaa99995888a9885799aa787897a566465467a476332
244908 1 26 20 5 0 0 0 0 0  aaaa99995888a9884799aa787897a377663665a455246
244982 1 26 20 7 0 1 0 0 0  aaaa99994888a9883799aa787897a376652656a744565
244984 1 26 20 7 0 2 0 0 0  aaaa99995888a9885799aa787897a576645636a744362
245000 1 26 20 7 3 1 0 0 0  aaaa99995888a9884799aa787897a376663625a744565
245002 1 26 20 7 3 2 0 0 0  aaaa99995888a9885799aa787897a576665644a742363
245010 1 26 20 7 5 0 0 0 0  aaaa99995888a9884799aa787897a375465526a763646
245136 1 26 21 0 2 0 0 0 0  aaaa99995888a9888799aa747896a367663477a654552
245138 1 26 21 0 2 1 0 0 0  aaaa99995888a9888799aa747896a367663577a655442
245520 1 26 22 0 0 0 0 0 0  aaaa99995778a9664699aa738796a388888576a572454
245522 1 26 22 0 0 1 0 0 0  aaaa99995778a9664699aa738796a388888576a575442
245537 1 26 22 0 2 2 1 0 0  aaaa99995778a9666299aa758796a588888374a673454
245539 1 26 22 0 3 0 1 0 0  aaaa99995778a9666399aa748796a388888276a575544
245543 1 26 22 0 3 2 1 0 0  aaaa99995778a9666299aa758796a588888476a474353
245549 1 26 22 0 4 2 1 0 0  aaaa99995778a9646299aa758796a588888374a673654
245551 1 26 22 0 5 0 1 0 0  aaaa99995778a9655299aa748796a488888375a673664
245618 1 26 22 2 4 1 0 0 0  aaaa99995778a9754699aa738796a388888465a674625
245623 1 26 22 2 5 0 1 0 0  aaaa99995778a9755299aa748796a488888365a673664
245669 1 26 22 4 0 2 1 0 0  aaaa99996778a9766299aa758496a588888447a375635
245699 1 26 22 4 5 2 1 0 0  aaaa99995778a9735499aa758496a488888267a675663
245782 1 26 22 7 1 2 0 0 0  aaaa99994778a9753699aa738796a688888665a752445
245881 1 26 22 10 0 0 1 0 0  aaaa99995668a9755299aa648697a488888375a763774
245921 1 27 0 0 0 2 1 0 0  aaaa99996887a9766299aa858749a578665488a774353
245958 1 27 0 1 1 0 0 0 0  aaaa99995887a9774799aa838769a378666488a654552
245960 1 27 0 1 1 1 0 0 0  aaaa99995887a9774799aa838769a378666588a655442
246068 1 27 0 4 1 1 0 0 0  aaaa99995887a9774699aa838769a678653788a652445
246070 1 27 0 4 1 2 0 0 0  aaaa99995887a9775699aa858769a678645788a644332
246135 1 27 0 6 0 1 1 0 0  aaaa99997887a9777299aa878669a468364588a655534
246136 1 27 0 6 0 2 0 0 0  aaaa99997887a9777299aa878669a568365488a645354
246137 1 27 0 6 0 2 1 0 0  aaaa99997887a9777299aa878669a568465388a635445
246180 1 27 0 7 2 0 0 0 0  aaaa99995887a9774699aa838669a378455288a766547
246181 1 27 0 7 2 0 1 0 0  aaaa99995887a9774699aa848669a478355288a766537
246184 1 27 0 7 2 2 0 0 0  aaaa99995887a9775699aa858669a578344288a766437
246187 1 27 0 7 3 0 1 0 0  aaaa99995887a9774699aa868669a478525388a763547
246193 1 27 0 7 4 0 1 0 0  aaaa99995887a9774699aa848669a678525388a763547
246241 1 27 0 9 0 0 1 0 0  aaaa99995887a9664399aa848769a378777288a655546
246247 1 27 0 9 1 0 1 0 0  aaaa99995887a9666399aa848769a378777288a655544
246251 1 27 0 9 1 2 1 0 0  aaaa99995887a9666299aa858769a578777488a644353
246281 1 27 0 10 0 2 1 0 0  aaaa99997886a9657399aa878639a768457288a657445
246288 1 27 0 10 2 0 0 0 0  aaaa99997886a9667499aa878549a758537488a637562
246289 1 27 0 10 2 0 1 0 0  aaaa99997886a9667299aa878549a758537488a647563
246291 1 27 0 10 2 1 1 0 0  aaaa99997886a9667599aa878559a758347288a647364
246309 1 27 0 10 5 1 1 0 0  aaaa99997882a9647599aa878559a758647388a637664
246324 1 27 1 0 2 0 0 0 0  aaaa99995888a9774699aa837669a364754868a877552
246326 1 27 1 0 2 1 0 0 0  aaaa99995888a9774699aa837669a365755868a877442
246331 1 27 1 0 3 0 1 0 0  aaaa99995888a9774699aa867669a462755838a877534
246337 1 27 1 0 4 0 1 0 0  aaaa99995888a9774699aa847669a662755838a877534
246343 1 27 1 0 5 0 1 0 0  aaaa99996888a9776399aa867359a655746858a877424
246346 1 27 1 0 5 2 0 0 0  aaaa99996888a9776499aa867429a655755848a877363
246347 1 27 1 0 5 2 1 0 0  aaaa99996888a9776499aa867449a655755838a877362
246396 1 27 1 2 2 0 0 0 0  aaaa99995888a9777699aa847669a364755868a874532
246398 1 27 1 2 2 1 0 0 0  aaaa99995888a9777699aa847669a365755868a873442
246415 1 27 1 2 5 0 1 0 0  aaaa99996888a9777399aa867359a655746858a876424
246418 1 27 1 2 5 2 0 0 0  aaaa99996888a9777499aa867429a655755848a876363
246419 1 27 1 2 5 2 1 0 0  aaaa99996888a9777499aa867449a655755838a876362
246470 1 27 1 4 2 1 0 0 0  aaaa99995888a9777699aa847669a376744858a863552
246509 1 27 1 5 2 2 1 0 0  aaaa99995888a9777699aa856639a526746878a873454
246511 1 27 1 5 3 0 1 0 0  aaaa99995888a9777699aa866639a426755878a873544
246515 1 27 1 5 3 2 1 0 0  aaaa99995888a9777699aa866639a526745878a873454
246528 1 27 1 6 0 0 0 0 0  aaaa99995888a9664799aa837779a365775868a852446
246536 1 27 1 6 1 1 0 0 0  aaaa99995888a9666799aa847779a365773868a855442
246554 1 27 1 6 4 1 0 0 0  aaaa99995888a9644799aa847779a365773868a855662
246569 1 27 1 7 0 2 1 0 0  aaaa99997888a9777699aa866439a543765848a876255
246581 1 27 1 7 2 2 1 0 0  aaaa99997888a9777699aa856639a526765848a873445
246600 1 27 1 8 0 0 0 0 0  aaaa99995888a9664799aa877779a364755868a864532
246602 1 27 1 8 0 1 0 0 0  aaaa99995888a9664799aa877779a365755868a863442
246636 1 27 1 9 0 0 0 0 0  aaaa99995888a9664799aa837779a764755868a864532
246638 1 27 1 9 0 1 0 0 0  aaaa99995888a9664799aa837779a765755868a863442
246702 1 27 1 10 5 0 0 0 0  aaaa99996888a9556499aa867249a677777858a846335
246720 1 27 2 0 2 0 0 0 0  aaaa99995888a9774699aa837669a346754888a677552
246722 1 27 2 0 2 1 0 0 0  aaaa99995888a9774699aa837669a356755888a677442
246739 1 27 2 0 5 0 1 0 0  aaaa99996888a9776399aa867539a655746888a577424
246742 1 27 2 0 5 2 0 0 0  aaaa99996888a9776499aa867249a655755888a477363
246743 1 27 2 0 5 2 1 0 0  aaaa99996888a9776499aa867449a655755888a377362
246746 1 27 2 1 0 1 0 0 0  aaaa99995888a9777799aa847669a365763888a655442
246792 1 27 2 2 2 0 0 0 0  aaaa99995888a9777699aa847669a346754888a673552
246794 1 27 2 2 2 1 0 0 0  aaaa99995888a9777699aa847669a356755888a673442
246811 1 27 2 2 5 0 1 0 0  aaaa99996888a9777399aa867539a655746888a576424
246814 1 27 2 2 5 2 0 0 0  aaaa99996888a9777499aa867459a645736888a575362
246815 1 27 2 2 5 2 1 0 0  aaaa99996888a9777399aa867359a625746888a575464
246866 1 27 2 4 2 1 0 0 0  aaaa99995888a9777699aa847669a376753888a652445
246868 1 27 2 4 2 2 0 0 0  aaaa99995888a9777699aa857669a576745888a644332
246905 1 27 2 5 2 2 1 0 0  aaaa99997888a9777699aa856649a526765888a744353
246911 1 27 2 5 3 2 1 0 0  aaaa99997888a9777699aa866639a426754888a753545
246960 1 27 2 7 0 0 0 0 0  aaaa99997888a9777699aa866259a565743888a476453
246961 1 27 2 7 0 0 1 0 0  aaaa99997888a9777699aa866259a565733888a476445
246977 1 27 2 7 2 2 1 0 0  aaaa99997888a9777699aa856649a526765888a474353
247073 1 27 2 10 0 2 1 0 0  aaaa99995888a9665499aa857469a477777888a625336
247081 1 27 2 10 2 0 1 0 0  aaaa99996888a9666599aa867259a477777888a534543
247112 1 27 3 0 1 1 0 0 0  aaaa99995888a9774699aa837869a666744757a883552
247138 1 27 3 0 5 2 0 0 0  aaaa99996888a9776399aa867839a655755747a886424
247139 1 27 3 0 5 2 1 0 0  aaaa99996888a9776399aa867839a655755747a886442
247158 1 27 3 1 3 0 0 0 0  aaaa99995888a9777799aa847869a366763565a885442
247160 1 27 3 1 3 1 0 0 0  aaaa99995888a9777799aa847869a366763465a884525
247205 1 27 3 2 4 2 1 0 0  aaaa99995888a9777299aa857849a566766467a884353
247206 1 27 3 2 5 0 0 0 0  aaaa99996888a9777499aa867849a654756537a886532
247207 1 27 3 2 5 0 1 0 0  aaaa99996888a9777399aa867839a652756547a886445
247209 1 27 3 2 5 1 1 0 0  aaaa99996888a9777399aa867839a655756247a886445
247210 1 27 3 2 5 2 0 0 0  aaaa99996888a9777299aa867859a645746547a885363
247211 1 27 3 2 5 2 1 0 0  aaaa99996888a9777299aa867859a635746537a885464
247224 1 27 3 3 2 0 0 0 0  aaaa99994888a9666799aa837879a775563576a882454
247230 1 27 3 3 3 0 0 0 0  aaaa99994888a9666799aa837879a775653576a882445
247279 1 27 3 4 5 0 1 0 0  aaaa99996888a9777299aa867859a675756444a886533
247281 1 27 3 4 5 1 1 0 0  aaaa99996888a9777399aa867839a675746555a886424
247391 1 27 3 7 5 2 1 0 0  aaaa99997888a9777399aa856839a566766247a885445
247469 1 27 3 10 0 2 1 0 0  aaaa99995888a9665499aa857849a477777662a885336
247476 1 27 3 10 2 0 0 0 0  aaaa99996888a9666299aa867859a577777534a884354
247477 1 27 3 10 2 0 1 0 0  aaaa99996888a9666299aa867859a477777553a884543
247495 1 27 3 10 5 0 1 0 0  aaaa99996888a9546299aa867859a677777554a886433
247512 1 27 4 0 2 0 0 0 0  aaaa99995888a9774699aa837869a656745757a683824
247514 1 27 4 0 2 1 0 0 0  aaaa99995888a9774699aa837869a656755747a683842
247526 1 27 4 0 4 1 0 0 0  aaaa99995888a9774599aa837859a566766767a484832
247530 1 27 4 0 5 0 0 0 0  aaaa99996888a9776299aa867859a655746757a384834
247531 1 27 4 0 5 0 1 0 0  aaaa99996888a9776299aa867849a654756757a483835
247535 1 27 4 0 5 2 1 0 0  aaaa99996888a9776399aa867839a655755747a486842
247554 1 27 4 1 3 0 0 0 0  aaaa99995888a9777799aa847869a366763565a485842
247556 1 27 4 1 3 1 0 0 0  aaaa99995888a9777799aa847869a366763564a585824
247566 1 27 4 1 5 0 0 0 0  aaaa99995888a9777799aa847869a356745652a686834
247607 1 27 4 2 5 2 1 0 0  aaaa99995888a9777299aa857869a546744637a686835
247620 1 27 4 3 2 0 0 0 0  aaaa99995888a9666799aa847879a775645572a683834
247632 1 27 4 3 4 0 0 0 0  aaaa99994888a9553799aa837879a776666675a484852
247670 1 27 4 4 4 1 0 0 0  aaaa99995888a9777699aa847869a376753645a682845
247675 1 27 4 4 5 0 1 0 0  aaaa99995888a9777299aa847869a476755635a686834
247694 1 27 4 5 2 1 0 0 0  aaaa99995888a9777699aa846869a365763547a785842
247703 1 27 4 5 3 2 1 0 0  aaaa99995888a9777699aa866869a564735427a784853
247709 1 27 4 5 4 2 1 0 0  aaaa99995888a9777699aa856869a664735427a784853
247715 1 27 4 5 5 2 1 0 0  aaaa99995888a9777299aa856849a566766437a784835
247722 1 27 4 6 1 0 0 0 0  aaaa99994888a9666799aa837879a775753665a485842
247728 1 27 4 6 2 0 0 0 0  aaaa99995888a9666799aa847879a775745562a683834
247740 1 27 4 6 4 0 0 0 0  aaaa99995888a9545799aa847879a776763652a686834
247752 1 27 4 7 0 0 0 0 0  aaaa99997888a9777699aa866859a565744337a286845
247753 1 27 4 7 0 0 1 0 0  aaaa99997888a9777699aa866859a565733247a486845
247787 1 27 4 7 5 2 1 0 0  aaaa99997888a9777299aa846859a466766537a585834
247800 1 27 4 8 2 0 0 0 0  aaaa99995888a9666799aa847879a775645562a783834
247811 1 27 4 8 3 2 1 0 0  aaaa99995888a9666799aa857879a774635426a784853
247812 1 27 4 8 4 0 0 0 0  aaaa99995888a9545799aa847879a776666652a783834
247819 1 27 4 8 5 0 1 0 0  aaaa99996888a9556799aa867879a773536444a786825
247824 1 27 4 9 0 0 0 0 0  aaaa99995888a9664799aa837859a577773546a686842
247826 1 27 4 9 0 1 0 0 0  aaaa99995888a9665799aa847859a577773662a484836
247838 1 27 4 9 2 1 0 0 0  aaaa99995888a9666799aa847859a377773564a685824
247844 1 27 4 9 3 1 0 0 0  aaaa99995888a9666799aa847859a377773546a685842
247848 1 27 4 9 4 0 0 0 0  aaaa99995888a9545799aa847869a377773656a686824
247850 1 27 4 9 4 1 0 0 0  aaaa99995888a9555799aa847869a377773646a686842
247862 1 27 4 10 0 1 0 0 0  aaaa99995888a9664599aa837859a577777662a484836
247865 1 27 4 10 0 2 1 0 0  aaaa99995888a9665499aa857849a477777662a385836
247871 1 27 4 10 1 2 1 0 0  aaaa99995888a9666299aa857849a577777663a484853
247877 1 27 4 10 2 2 1 0 0  aaaa99995888a9666299aa857849a577777463a684853
247883 1 27 4 10 3 2 1 0 0  aaaa99995888a9666299aa857849a577777436a684835
247884 1 27 4 10 4 0 0 0 0  aaaa99995888a9545699aa847869a377777652a686834
247891 1 27 4 10 5 0 1 0 0  aaaa99996888a9556399aa867839a677777444a586825
247968 1 27 5 2 0 0 0 0 0  aaaa99996888a9777299aa887869a666755347a385544
247969 1 27 5 2 0 0 1 0 0  aaaa99996888a9777299aa887869a666735557a485443
247970 1 27 5 2 0 1 0 0 0  aaaa99996888a9777299aa887869a666734547a585543
247971 1 27 5 2 0 1 1 0 0  aaaa99996888a9777299aa887869a666735547a585443
247972 1 27 5 2 0 2 0 0 0  aaaa99996888a9777299aa887869a666734457a584553
247973 1 27 5 2 0 2 1 0 0  aaaa99996888a9777299aa887869a636764357a584554
248041 1 27 5 4 0 0 1 0 0  aaaa99996888a9777299aa887869a676763545a583445
248082 1 27 5 5 1 0 0 0 0  aaaa99994888a9777699aa886869a365753567a782445
248111 1 27 5 5 5 2 1 0 0  aaaa99995888a9777399aa886839a566766247a785445
248149 1 27 5 7 0 0 1 0 0  aaaa99997888a9777299aa886869a465754567a386534
248222 1 27 5 9 0 1 0 0 0  aaaa99995888a9663799aa887859a377772664a585446
248279 1 27 5 10 3 2 1 0 0  aaaa99995888a9666399aa887839a577777246a685445
248293 1 27 6 0 0 0 1 0 0  aaaa99996888a9775699aa867869a426755787a384534
248300 1 27 6 0 1 1 0 0 0  aaaa99995888a9774699aa837869a666744787a583552
248304 1 27 6 0 2 0 0 0 0  aaaa99995888a9774699aa837869a646754787a683552
248306 1 27 6 0 2 1 0 0 0  aaaa99995888a9774699aa837869a656755787a683442
248311 1 27 6 0 3 0 1 0 0  aaaa99996888a9775699aa847869a626755787a384534
248322 1 27 6 0 5 0 0 0 0  aaaa99996888a9776499aa867849a625756787a584335
248323 1 27 6 0 5 0 1 0 0  aaaa99996888a9776599aa867859a655736787a482443
248327 1 27 6 0 5 2 1 0 0  aaaa99996888a9776399aa867839a655755787a486442
248340 1 27 6 1 2 0 0 0 0  aaaa99995888a9777799aa847869a366763585a685442
248342 1 27 6 1 2 1 0 0 0  aaaa99995888a9777799aa847869a366763485a684525
248377 1 27 6 2 2 0 1 0 0  aaaa99995888a9777699aa847869a626755687a384534
248389 1 27 6 2 4 0 1 0 0  aaaa99995888a9777399aa847869a366766287a585544
248393 1 27 6 2 4 2 1 0 0  aaaa99995888a9777299aa857869a566766487a484353
248395 1 27 6 2 5 0 1 0 0  aaaa99995888a9777399aa847869a326755687a686544
248399 1 27 6 2 5 2 1 0 0  aaaa99995888a9777299aa857869a546744687a686353
248412 1 27 6 3 2 0 0 0 0  aaaa99994888a9666799aa837879a775653587a682445
248418 1 27 6 3 3 0 0 0 0  aaaa99994888a9666799aa837879a775563587a682454
248462 1 27 6 4 4 1 0 0 0  aaaa99995888a9777699aa847869a376753685a682445
248464 1 27 6 4 4 2 0 0 0  aaaa99995888a9777699aa857869a576745683a682443
248490 1 27 6 5 3 0 0 0 0  aaaa99994888a9777699aa866869a365753587a782445
248496 1 27 6 5 4 0 0 0 0  aaaa99994888a9777699aa836869a665753587a782445
248507 1 27 6 5 5 2 1 0 0  aaaa99995888a9777299aa856849a566766487a784353
248592 1 27 6 8 2 0 0 0 0  aaaa99994888a9666799aa837879a775563586a782454
248598 1 27 6 8 3 0 0 0 0  aaaa99994888a9666799aa837879a775653586a782445
248616 1 27 6 9 0 0 0 0 0  aaaa99995888a9664799aa837859a577773586a686442
248622 1 27 6 9 1 0 0 0 0  aaaa99995888a9666799aa847869a377773585a685442
248624 1 27 6 9 1 1 0 0 0  aaaa99995888a9666799aa847869a377773485a684525
248657 1 27 6 10 0 2 1 0 0  aaaa99995888a9665499aa857849a477777286a686353
248663 1 27 6 10 1 2 1 0 0  aaaa99995888a9666299aa857869a577777384a683454
248675 1 27 6 10 3 2 1 0 0  aaaa99995888a9666299aa857849a577777486a684353
248683 1 27 6 10 5 0 1 0 0  aaaa99996888a9556299aa867849a677777485a486353
248906 1 27 7 6 0 1 0 0 0  aaaa99996888a9866799aa847779a356773858a562454
248912 1 27 7 6 1 1 0 0 0  aaaa99995888a9844799aa847779a366776868a555632
248918 1 27 7 6 2 1 0 0 0  aaaa99995888a9844799aa847779a366776858a663552
248924 1 27 7 6 3 1 0 0 0  aaaa99995888a9844799aa847779a366776868a563552
248930 1 27 7 6 4 1 0 0 0  aaaa99995888a9844799aa847779a366773858a666552
248948 1 27 7 7 1 1 0 0 0  aaaa99995888a9854799aa877769a367663878a652445
248950 1 27 7 7 1 2 0 0 0  aaaa99995888a9845799aa877769a567665878a644332
248960 1 27 7 7 3 1 0 0 0  aaaa99995888a9864799aa877759a367663878a655442
249062 1 27 7 10 2 1 0 0 0  aaaa99995888a9844699aa847669a377777858a663552
249088 1 27 8 0 0 2 0 0 0  aaaa99995888a9775299aa857889a566734767a464863
249089 1 27 8 0 0 2 1 0 0  aaaa99995888a9775299aa857889a564763767a464863
249101 1 27 8 0 2 2 1 0 0  aaaa99996888a9776299aa857889a566746737a345854
249114 1 27 8 0 5 0 0 0 0  aaaa99996888a9776299aa867889a655746757a354834
249115 1 27 8 0 5 0 1 0 0  aaaa99996888a9776299aa867889a655746757a345834
249119 1 27 8 0 5 2 1 0 0  aaaa99996888a9776299aa867889a655755747a436843
249138 1 27 8 1 3 0 0 0 0  aaaa99994888a9777799aa837889a366762565a546854
249150 1 27 8 1 5 0 0 0 0  aaaa99995888a9777799aa847889a356745652a666834
249160 1 27 8 2 0 2 0 0 0  aaaa99995888a9777299aa857889a566745367a364864
249191 1 27 8 2 5 2 1 0 0  aaaa99995888a9777299aa857889a546744637a666835
249192 1 27 8 3 0 0 0 0 0  aaaa99995888a9664799aa877889a377763665a455842
249194 1 27 8 3 0 1 0 0 0  aaaa99995888a9664799aa877889a377763664a555824
249232 1 27 8 4 0 2 0 0 0  aaaa99995888a9777299aa857889a576765664a443836
249233 1 27 8 4 0 2 1 0 0  aaaa99995888a9777399aa857889a376765662a444856
249251 1 27 8 4 3 2 1 0 0  aaaa99995888a9777299aa857889a576766436a644835
249259 1 27 8 4 5 0 1 0 0  aaaa99995888a9777299aa847889a476755635a666834
249270 1 27 8 5 1 0 0 0 0  aaaa99994888a9777699aa836889a665753675a475842
249288 1 27 8 5 4 0 0 0 0  aaaa99995888a9777699aa846889a366763575a475842
249290 1 27 8 5 4 1 0 0 0  aaaa99995888a9777699aa846889a366763574a575824
249299 1 27 8 5 5 2 1 0 0  aaaa99995888a9777299aa856889a566766473a474853
249300 1 27 8 6 0 0 0 0 0  aaaa99995888a9664799aa837889a777763665a455842
249302 1 27 8 6 0 1 0 0 0  aaaa99995888a9664799aa837889a777763664a555824
249367 1 27 8 7 5 0 1 0 0  aaaa99997888a9777299aa846889a466766557a353854
249369 1 27 8 7 5 1 1 0 0  aaaa99997888a9777299aa846889a466766557a355834
249371 1 27 8 7 5 2 1 0 0  aaaa99997888a9777299aa846889a466766537a555834
249372 1 27 8 8 0 0 0 0 0  aaaa99995888a9664799aa837889a377755667a454826
249374 1 27 8 8 0 1 0 0 0  aaaa99995888a9665799aa847889a377763667a545824
249380 1 27 8 8 1 1 0 0 0  aaaa99995888a9666799aa847889a377744667a555832
249386 1 27 8 8 2 1 0 0 0  aaaa99995888a9666799aa847889a377744567a655832
249392 1 27 8 8 3 1 0 0 0  aaaa99995888a9666799aa847889a377763567a545824
249394 1 27 8 8 3 2 0 0 0  aaaa99995888a9666799aa857889a577765467a433842
249408 1 27 8 9 0 0 0 0 0  aaaa99995888a9664799aa837889a377772665a455846
249410 1 27 8 9 0 1 0 0 0  aaaa99995888a9665799aa847889a377773662a455846
249414 1 27 8 9 1 0 0 0 0  aaaa99995888a9666799aa847889a377773665a455842
249416 1 27 8 9 1 1 0 0 0  aaaa99995888a9666799aa847889a377773664a555824
249426 1 27 8 9 3 0 0 0 0  aaaa99995888a9666799aa847889a377773565a465842
249428 1 27 8 9 3 1 0 0 0  aaaa99995888a9666799aa847889a377773564a565824
249434 1 27 8 9 4 1 0 0 0  aaaa99995888a9654799aa837889a377772645a666845
249448 1 27 8 10 0 2 0 0 0  aaaa99995888a9665299aa857889a577777664a443836
249449 1 27 8 10 0 2 1 0 0  aaaa99995888a9665399aa857889a377777662a444856
249460 1 27 8 10 2 2 0 0 0  aaaa99995888a9666299aa857889a577777364a635844
249461 1 27 8 10 2 2 1 0 0  aaaa99995888a9666299aa857889a577777463a644853
249467 1 27 8 10 3 2 1 0 0  aaaa99995888a9666299aa857889a577777463a464853
249469 1 27 8 10 4 0 1 0 0  aaaa99995888a9655299aa847889a477777635a666834
249475 1 27 8 10 5 0 1 0 0  aaaa99996888a9546299aa867889a677777554a356834
249479 1 27 8 10 5 2 1 0 0  aaaa99996888a9546299aa867889a677777354a536854
249480 1 27 9 0 0 0 0 0 0  aaaa99996888a9774699aa867869a358753757a644825
249486 1 27 9 0 1 0 0 0 0  aaaa99995888a9774699aa837869a648754767a655832
249488 1 27 9 0 1 1 0 0 0  aaaa99995888a9774699aa837869a658755767a644832
249492 1 27 9 0 2 0 0 0 0  aaaa99995888a9774699aa837869a658745757a663824
249494 1 27 9 0 2 1 0 0 0  aaaa99995888a9774699aa837869a658755747a663842
249498 1 27 9 0 3 0 0 0 0  aaaa99996888a9774699aa837869a658753757a644825
249504 1 27 9 0 4 0 0 0 0  aaaa99995888a9774699aa837869a358745757a666824
249506 1 27 9 0 4 1 0 0 0  aaaa99995888a9774699aa837869a358755747a666842
249515 1 27 9 0 5 2 1 0 0  aaaa99996888a9776299aa867859a648744737a555836
249546 1 27 9 1 5 0 0 0 0  aaaa99995888a9777799aa847869a358745652a666834
249564 1 27 9 2 2 0 0 0 0  aaaa99994888a9777699aa837869a658753657a644825
249576 1 27 9 2 4 0 0 0 0  aaaa99995888a9777699aa847869a358745657a663824
249578 1 27 9 2 4 1 0 0 0  aaaa99995888a9777699aa847869a358755647a663842
249587 1 27 9 2 5 2 1 0 0  aaaa99995888a9777299aa857869a548744637a666835
249650 1 27 9 4 4 1 0 0 0  aaaa99995888a9777699aa847869a378753645a662845
249655 1 27 9 4 5 0 1 0 0  aaaa99995888a9777299aa847869a478755635a666834
249672 1 27 9 5 2 0 0 0 0  aaaa99995888a9777699aa846869a368763575a475842
249674 1 27 9 5 2 1 0 0 0  aaaa99995888a9777699aa846869a368763574a575824
249691 1 27 9 5 5 0 1 0 0  aaaa99996888a9777299aa865859a648756474a576833
249694 1 27 9 5 5 2 0 0 0  aaaa99996888a9777499aa864859a648736573a575862
249695 1 27 9 5 5 2 1 0 0  aaaa99996888a9777299aa864859a648746573a575863
249696 1 27 9 6 0 0 0 0 0  aaaa99995888a9664799aa837879a778763665a455842
249698 1 27 9 6 0 1 0 0 0  aaaa99995888a9664799aa837879a778763664a555824
249767 1 27 9 7 5 2 1 0 0  aaaa99997888a9777299aa845869a458755637a666834
249806 1 27 9 9 0 1 0 0 0  aaaa99994888a9663799aa837859a278777665a455846
249808 1 27 9 9 0 2 0 0 0  aaaa99995888a9665799aa857849a578777662a433846
249828 1 27 9 9 4 0 0 0 0  aaaa99995888a9545799aa847869a678777652a663834
249834 1 27 9 9 5 0 0 0 0  aaaa99995888a9545799aa847869a378777652a666834
249845 1 27 9 10 0 2 1 0 0  aaaa99997888a9547299aa876869a768547356a637854
249871 1 27 9 10 5 0 1 0 0  aaaa99997888a9647299aa875859a758647363a657864
249912 1 27 10 1 0 0 0 0 0  aaaa99995888a9877799aa877879a366545464a586632
250000 0 27 10 3 2 2 0 0 0  aaaa99994888a9853799aa837879a776662675a486545
250148 1 27 10 7 3 1 0 0 0  aaaa99995888a9844799aa877879a476663625a783565
250150 1 27 10 7 3 2 0 0 0  aaaa99995888a9845799aa877879a576665644a782363
250158 1 27 10 7 5 0 0 0 0  aaaa99995888a9864799aa877879a375465526a783646
250184 1 27 10 8 3 1 0 0 0  aaaa99995888a9844799aa847879a776663625a783565
250186 1 27 10 8 3 2 0 0 0  aaaa99995888a9845799aa857879a776665644a782363
250194 1 27 10 8 5 0 0 0 0  aaaa99995888a9864799aa837879a775465526a783646
250208 1 27 10 9 1 1 0 0 0  aaaa99995888a9844799aa847869a677773666a583552
250214 1 27 10 9 2 1 0 0 0  aaaa99995888a9844799aa847869a377773666a586552
250220 1 27 10 9 3 1 0 0 0  aaaa99995888a9854799aa837869a377772666a484565
250226 1 27 10 9 4 1 0 0 0  aaaa99995888a9844799aa847869a377773656a686552
250928 1 27 12 7 1 1 0 0 0  aaaa99995888a9844799aa877769a467663678a583552
251113 1 27 13 1 2 0 1 0 0  aaaa99995888a9855799aa887729a467366668a754734
251119 1 27 13 1 3 0 1 0 0  aaaa99995888a9855799aa887739a467664628a753764
251120 1 27 13 1 3 1 0 0 0  aaaa99995888a9844799aa887759a467663628a755763
251125 1 27 13 1 4 0 1 0 0  aaaa99995888a9855799aa887729a467666638a754734
251131 1 27 13 1 5 0 1 0 0  aaaa99996888a9846799aa887739a657546528a736754
251144 1 27 13 2 1 1 0 0 0  aaaa99995888a9844799aa887769a467663678a573552
251180 1 27 13 3 1 1 0 0 0  aaaa99994888a9844799aa887779a366763568a552765
251216 1 27 13 4 1 1 0 0 0  aaaa99995888a9844799aa887769a467663658a773552
251221 1 27 13 4 2 0 1 0 0  aaaa99995888a9855799aa887729a467366668a774534
251227 1 27 13 4 3 0 1 0 0  aaaa99995888a9855799aa887739a467664628a773564
251233 1 27 13 4 4 0 1 0 0  aaaa99995888a9855799aa887729a467666638a774534
251317 1 27 13 7 0 0 1 0 0  aaaa99996888a9866299aa887779a456574578a367534
251328 1 27 13 7 2 0 0 0 0  aaaa99995888a9855499aa887779a466376278a667534
251329 1 27 13 7 2 0 1 0 0  aaaa99994888a9855399aa887779a366576278a667544
251331 1 27 13 7 2 1 1 0 0  aaaa99994888a9854399aa887779a366576278a667554
251332 1 27 13 7 2 2 0 0 0  aaaa99995888a9845399aa887779a366476278a667455
251333 1 27 13 7 2 2 1 0 0  aaaa99995888a9835299aa887779a566675478a447663
251338 1 27 13 7 3 2 0 0 0  aaaa99995888a9835299aa887779a564676678a437645
251346 1 27 13 7 5 0 0 0 0  aaaa99996888a9836299aa887779a654576578a457463
251707 1 27 14 6 5 0 1 0 0  aaaa99995888a9864399aa637889a877567277a565644
251711 1 27 14 6 5 2 1 0 0  aaaa99995888a9865299aa657889a877367477a464635
251758 1 27 14 8 1 2 0 0 0  aaaa99996888a9854799aa537889a877744627a663565
251762 1 27 14 8 2 1 0 0 0  aaaa99995888a9864799aa637889a877744657a663552
251851 1 27 14 10 5 0 1 0 0  aaaa99995888a9864299aa647889a877777556a365634
251853 1 27 14 10 5 1 1 0 0  aaaa99995888a9864299aa647889a877777536a565634
251854 1 27 14 10 5 2 0 0 0  aaaa99995888a9865299aa657889a877777346a365644
251855 1 27 14 10 5 2 1 0 0  aaaa99995888a9865299aa657889a877777436a464635
251857 1 27 15 0 0 0 1 0 0  aaaa99995888a9774299aa887889a466755767a363564
251869 1 27 15 0 2 0 1 0 0  aaaa99995888a9774399aa887889a366764727a656554
251947 1 27 15 2 3 0 1 0 0  aaaa99994888a9777399aa887889a366764567a526545
251975 1 27 15 3 1 2 1 0 0  aaaa99997888a9666299aa887889a777754665a354534
251977 1 27 15 3 2 0 1 0 0  aaaa99997888a9666299aa887889a777755465a644353
251981 1 27 15 3 2 2 1 0 0  aaaa99997888a9666299aa887889a777754365a653544
251988 1 27 15 3 4 0 0 0 0  aaaa99997888a9655299aa887889a777754634a666354
251989 1 27 15 3 4 0 1 0 0  aaaa99997888a9655299aa887889a777735645a666443
251993 1 27 15 3 4 2 1 0 0  aaaa99997888a9654299aa887889a777754635a666534
251994 1 27 15 3 5 0 0 0 0  aaaa99997888a9655299aa887889a777754364a635664
251995 1 27 15 3 5 0 1 0 0  aaaa99997888a9655299aa887889a777735465a644663
251999 1 27 15 3 5 2 1 0 0  aaaa99997888a9654299aa887889a777754365a653664
252001 1 27 15 4 0 0 1 0 0  aaaa99994888a9777399aa887889a376764665a554256
252019 1 27 15 4 3 0 1 0 0  aaaa99994888a9777299aa887889a476766655a533645
252180 1 27 15 9 0 0 0 0 0  aaaa99995888a9664799aa887889a377773665a455246
252217 1 27 15 10 0 0 1 0 0  aaaa99994888a9664399aa887889a377777665a554256
252233 1 27 15 10 2 2 1 0 0  aaaa99994888a9666299aa887889a477777365a653545
252252 1 27 16 0 0 0 0 0 0  aaaa99996888a9775299aa887869a648754767a655343
252253 1 27 16 0 0 0 1 0 0  aaaa99996888a9775299aa887869a648744767a655533
252257 1 27 16 0 0 2 1 0 0  aaaa99996888a9774299aa887869a638753767a654545
252401 1 27 16 4 0 2 1 0 0  aaaa99996888a9777299aa887869a678754665a354534
252433 1 27 16 5 0 0 1 0 0  aaaa99995888a9777299aa886869a468755376a673544
252435 1 27 16 5 0 1 1 0 0  aaaa99995888a9777299aa886869a468754376a673545
252436 1 27 16 5 0 2 0 0 0  aaaa99995888a9777299aa886869a568735476a674354
252437 1 27 16 5 0 2 1 0 0  aaaa99995888a9777299aa886869a568745376a673454
252463 1 27 16 5 5 0 1 0 0  aaaa99996888a9777299aa885859a658746373a576464
252534 1 27 16 7 5 0 0 0 0  aaaa99997888a9777299aa885869a558743647a666453
252535 1 27 16 7 5 0 1 0 0  aaaa99997888a9777299aa885869a558733647a666445
252613 1 27 16 10 0 0 1 0 0  aaaa99996888a9766299aa886859a548765474a753773
252643 1 27 16 10 5 0 1 0 0  aaaa99994888a9764399aa885859a358764276a765776
252740 1 27 17 2 3 1 0 0 0  aaaa99994888a9853799aa887879a376662657a744565
252742 1 27 17 2 3 2 0 0 0  aaaa99995888a9845799aa887879a576665637a744362
252750 1 27 17 2 5 0 0 0 0  aaaa99995888a9864799aa887879a375465527a763646
252901 1 27 17 7 0 0 1 0 0  aaaa99997888a9866299aa887879a775665534a746354
252905 1 27 17 7 0 2 1 0 0  aaaa99997888a9866299aa887879a774536656a744553
252914 1 27 17 7 2 1 0 0 0  aaaa99997888a9844299aa887879a776663654a756553
252917 1 27 17 7 2 2 1 0 0  aaaa99997888a9854299aa887879a776664635a756534
252918 1 27 17 7 3 0 0 0 0  aaaa99997888a9855299aa887879a776665645a743463
252919 1 27 17 7 3 0 1 0 0  aaaa99997888a9855299aa887879a776663655a743464
252922 1 27 17 7 3 2 0 0 0  aaaa99997888a9845299aa887879a776665644a735365
252923 1 27 17 7 3 2 1 0 0  aaaa99997888a9854299aa887879a776664635a754365
252929 1 27 17 7 4 2 1 0 0  aaaa99997888a9854299aa887879a776666635a754534
252930 1 27 17 7 5 0 0 0 0  aaaa99997888a9864299aa887879a775464556a763653
252931 1 27 17 7 5 0 1 0 0  aaaa99997888a9865299aa887879a775465546a763643
252933 1 27 17 7 5 1 1 0 0  aaaa99997888a9864299aa887879a775565536a764634
252934 1 27 17 7 5 2 0 0 0  aaaa99997888a9865299aa887879a774465436a765635
252935 1 27 17 7 5 2 1 0 0  aaaa99997888a9865299aa887879a773465346a765645
252958 1 27 17 8 3 2 0 0 0  aaaa99994888a9853799aa887879a776663625a744565
252966 1 27 17 8 5 0 0 0 0  aaaa99995888a9864799aa887879a775465526a763643
253046 1 27 18 0 0 1 0 0 0  aaaa99995888a9884799aa737889a367652677a456645
253056 1 27 18 0 2 0 0 0 0  aaaa99996888a9886799aa747889a267656477a554353
253058 1 27 18 0 2 1 0 0 0  aaaa99995888a9884799aa737889a367662577a655464
253082 1 27 18 1 0 1 0 0 0  aaaa99994888a9883799aa777889a376644765a562556
253134 1 27 18 2 3 0 0 0 0  aaaa99995888a9884799aa777889a367663657a545264
253164 1 27 18 3 2 0 0 0 0  aaaa99995888a9884799aa737889a377762666a455546
253188 1 27 18 4 0 0 0 0 0  aaaa99995888a9884799aa777889a377663665a455246
253224 1 27 18 5 0 0 0 0 0  aaaa99995888a9884799aa777889a366545267a576634
253226 1 27 18 5 0 1 0 0 0  aaaa99995888a9883799aa777889a366555467a476642
253244 1 27 18 5 3 1 0 0 0  aaaa99994888a9883799aa777889a366562567a576454
253246 1 27 18 5 3 2 0 0 0  aaaa99995888a9885799aa777889a566465467a476332
253340 1 27 18 8 1 1 0 0 0  aaaa99996888a9884799aa537889a377744657a662565
253342 1 27 18 8 1 2 0 0 0  aaaa99996888a9885799aa457889a577735647a662463
253344 1 27 18 8 2 0 0 0 0  aaaa99995888a9884799aa637889a377755647a662546
253346 1 27 18 8 2 1 0 0 0  aaaa99995888a9885799aa647889a377763657a662454
253352 1 27 18 8 3 1 0 0 0  aaaa99995888a9884799aa637889a377744667a566552
253358 1 27 18 8 4 1 0 0 0  aaaa99995888a9884799aa637889a377744657a666552
253380 1 27 18 9 2 0 0 0 0  aaaa99995888a9884799aa637889a377772666a455546
253558 1 27 19 3 1 2 0 0 0  aaaa99994888a9853799aa837879a778666675a652445
253576 1 27 19 3 4 2 0 0 0  aaaa99994888a9853799aa837879a778652675a666445
253580 1 27 19 3 5 1 0 0 0  aaaa99995888a9864799aa837879a778464576a565632
253702 1 27 19 7 1 2 0 0 0  aaaa99994888a9853799aa877879a378666665a752445
253720 1 27 19 7 4 2 0 0 0  aaaa99994888a9853799aa877879a378652665a744665
253724 1 27 19 7 5 1 0 0 0  aaaa99995888a9864799aa877879a378563456a764652
253738 1 27 19 8 1 2 0 0 0  aaaa99994888a9853799aa837879a778666665a752445
253756 1 27 19 8 4 2 0 0 0  aaaa99994888a9853799aa837879a778652665a744665
253760 1 27 19 8 5 1 0 0 0  aaaa99995888a9864799aa837879a778563456a764652
253872 1 27 20 1 0 0 0 0 0  aaaa99995888a9884799aa787879a365645677a526634
253920 1 27 20 2 2 0 0 0 0  aaaa99995888a9883799aa787879a376662655a446754
253938 1 27 20 2 5 0 0 0 0  aaaa99995888a9884799aa787879a376545652a666734
253988 1 27 20 4 1 1 0 0 0  aaaa99994888a9883799aa787879a366562567a545764
254000 1 27 20 4 3 1 0 0 0  aaaa99994888a9883799aa787879a366464567a556752
254006 1 27 20 4 4 1 0 0 0  aaaa99994888a9883799aa787879a366566567a545724
254016 1 27 20 5 0 0 0 0 0  aaaa99995888a9884799aa787879a376763665a455246
254090 1 27 20 7 0 1 0 0 0  aaaa99994888a9883799aa787879a376652656a744565
254092 1 27 20 7 0 2 0 0 0  aaaa99995888a9885799aa787879a576645636a744362
254108 1 27 20 7 3 1 0 0 0  aaaa99995888a9884799aa787879a376663625a744565
254110 1 27 20 7 3 2 0 0 0  aaaa99995888a9885799aa787879a576665644a742363
254118 1 27 20 7 5 0 0 0 0  aaaa99995888a9884799aa787879a375465526a763646
254633 1 27 22 0 0 2 1 0 0  aaaa99995778a9665499aa758749a488888276a676353
254639 1 27 22 0 1 2 1 0 0  aaaa99995778a9666299aa758769a588888374a673454
254651 1 27 22 0 3 2 1 0 0  aaaa99995778a9666299aa758749a588888476a674353
254659 1 27 22 0 5 0 1 0 0  aaaa99996778a9556299aa768749a688888475a476353
254678 1 27 22 1 2 1 0 0 0  aaaa99995778a9744699aa748669a388888757a663552
254890 1 27 22 7 1 2 0 0 0  aaaa99994778a9753699aa738769a688888665a752445
255059 1 28 0 0 5 2 1 0 0  aaaa99999887a9765989aa657834a728465786a783645
255074 1 28 0 1 2 1 0 0 0  aaaa99999887a9775989aa547876a368663785a682445
255076 1 28 0 1 2 2 0 0 0  aaaa99999887a9775989aa457876a568665783a682443
255226 1 28 0 5 3 2 0 0 0  aaaa99999887a9774989aa537866a678653685a782445
255234 1 28 0 5 5 0 0 0 0  aaaa99999887a9774989aa637855a378464586a782656
255276 1 28 0 7 0 0 0 0 0  aaaa99999887a9775989aa747866a348654686a783552
255278 1 28 0 7 0 1 0 0 0  aaaa99999887a9775989aa747866a358655686a783442
255288 1 28 0 7 2 0 0 0 0  aaaa99999887a9775989aa747866a658645582a783634
255420 1 28 1 0 0 0 0 0 0  aaaa99999888a9775979aa846767a364575868a864532
255422 1 28 1 0 0 1 0 0 0  aaaa99999888a9775979aa846767a365575868a863442
255445 1 28 1 0 4 0 1 0 0  aaaa99999888a9775979aa846727a666674838a855534
255961 1 28 2 4 0 0 1 0 0  aaaa99999888a9777969aa867727a646454888a655353
256034 1 28 2 6 0 1 0 0 0  aaaa99999888a9665979aa847777a365673888a565442
256178 1 28 2 10 0 1 0 0 0  aaaa99999888a9665979aa847656a377773888a565442
256572 1 28 3 10 0 0 0 0 0  aaaa99999888a9665979aa847866a377773556a885442
256574 1 28 3 10 0 1 0 0 0  aaaa99999888a9665979aa847866a377773456a884552
256622 1 28 4 0 2 1 0 0 0  aaaa99999888a9775979aa846877a366474566a585832
256681 1 28 4 2 0 0 1 0 0  aaaa99999888a9777969aa864877a664574655a383825
256861 1 28 4 7 0 0 1 0 0  aaaa99999888a9777939aa876867a465573526a684854
256867 1 28 4 7 1 0 1 0 0  aaaa99999888a9777949aa876867a665474565a383825
257077 1 28 5 2 0 0 1 0 0  aaaa99999888a9777939aa886877a665573564a286454
257125 1 28 5 3 2 0 1 0 0  aaaa99999888a9666929aa887877a775654567a384534
257131 1 28 5 3 3 0 1 0 0  aaaa99999888a9666929aa887877a775564567a384534
257149 1 28 5 4 0 0 1 0 0  aaaa99999888a9777939aa887877a466553265a586644
257185 1 28 5 5 0 0 1 0 0  aaaa99999888a9777929aa886867a465754567a386534
257191 1 28 5 5 1 0 1 0 0  aaaa99999888a9777929aa886867a665754567a384534
257257 1 28 5 7 0 0 1 0 0  aaaa99999888a9777929aa886867a465574536a687534
257263 1 28 5 7 1 0 1 0 0  aaaa99999888a9777939aa886867a665573564a287454
257414 1 28 6 0 2 1 0 0 0  aaaa99999888a9775979aa846877a365673686a585442
257473 1 28 6 2 0 0 1 0 0  aaaa99999888a9777969aa865877a665274683a584543
257659 1 28 6 7 1 0 1 0 0  aaaa99999888a9777929aa876867a665574586a384534
257689 1 28 6 8 0 0 1 0 0  aaaa99999888a9665979aa847877a726655786a384534
257760 1 28 6 10 0 0 0 0 0  aaaa99999888a9665979aa847866a377773586a582454
257762 1 28 6 10 0 1 0 0 0  aaaa99999888a9665979aa847866a377773586a585442
257984 1 28 7 5 1 1 0 0 0  aaaa99999888a9865979aa847775a366673878a562454
257986 1 28 7 5 1 2 0 0 0  aaaa99999888a9865979aa857774a566675878a464332
257996 1 28 7 5 3 1 0 0 0  aaaa99999888a9845979aa847776a366673878a562554
258026 1 28 7 6 2 1 0 0 0  aaaa99999888a9844979aa847777a366673858a566525
258170 1 28 7 10 2 1 0 0 0  aaaa99999888a9844979aa847666a377773858a566525
258197 1 28 8 0 0 2 1 0 0  aaaa99999888a9775979aa853887a766375462a464865
258206 1 28 8 0 2 1 0 0 0  aaaa99999888a9774979aa836887a766474566a553852
258373 1 28 8 5 0 0 1 0 0  aaaa99999888a9777969aa865887a665743657a543824
258600 1 28 9 0 2 0 0 0 0  aaaa99999888a9775979aa846877a368673656a545824
258602 1 28 9 0 2 1 0 0 0  aaaa99999888a9775979aa846877a368673646a555842
258719 1 28 9 3 3 2 1 0 0  aaaa99999888a9666939aa857877a778635247a465845
258845 1 28 9 7 0 2 1 0 0  aaaa99999888a9777929aa876867a568475346a635845
258846 1 28 9 7 1 0 0 0 0  aaaa99999888a9777929aa876867a668575463a534845
258847 1 28 9 7 1 0 1 0 0  aaaa99999888a9777949aa876867a668474565a533825
259093 1 28 10 3 0 0 1 0 0  aaaa99999888a9866929aa867877a776565457a484335
259097 1 28 10 3 0 2 1 0 0  aaaa99999888a9866929aa867877a776564357a583544
259186 1 28 10 5 3 2 0 0 0  aaaa99999888a9835979aa857877a576665644a487362
259534 1 28 11 4 1 2 0 0 0  aaaa99999888a9883969aa587776a366752464a458775
259535 1 28 11 4 1 2 1 0 0  aaaa99999888a9884969aa587776a466754365a358772
259580 1 28 11 5 3 1 0 0 0  aaaa99999888a9884979aa487775a366726567a568534
259582 1 28 11 5 3 2 0 0 0  aaaa99999888a9883979aa587774a466756267a468535
259652 1 28 11 7 3 1 0 0 0  aaaa99999888a9884979aa587775a366546276a678534
259654 1 28 11 7 3 2 0 0 0  aaaa99999888a9883979aa587774a466456276a678535
259658 1 28 11 7 4 1 0 0 0  aaaa99999888a9884979aa487775a366626576a578534
259660 1 28 11 7 4 2 0 0 0  aaaa99999888a9883979aa587774a466656276a478535
259670 1 28 11 8 0 1 0 0 0  aaaa99999888a9883979aa587777a366555467a468462
259688 1 28 11 8 3 1 0 0 0  aaaa99999888a9884979aa487777a366526567a568534
259690 1 28 11 8 3 2 0 0 0  aaaa99999888a9883979aa587777a366456467a468525
259831 1 28 12 1 3 0 1 0 0  aaaa99999888a9837979aa877775a566465268a586443
260234 1 28 13 1 4 1 0 0 0  aaaa99999888a9874969aa887774a466763568a553752
260281 1 28 13 3 0 0 1 0 0  aaaa99999888a9875929aa887777a366575468a464563
260285 1 28 13 3 0 2 1 0 0  aaaa99999888a9875939aa887777a566375468a464265
260288 1 28 13 3 1 1 0 0 0  aaaa99999888a9874969aa887777a366474568a553652
261037 1 28 15 2 0 0 1 0 0  aaaa99999888a9777929aa887887a566545367a563464
261432 1 28 16 2 0 0 0 0 0  aaaa99999888a9777929aa886877a668575364a536445
261433 1 28 16 2 0 0 1 0 0  aaaa99999888a9777949aa886877a668474565a526335
261486 1 28 16 3 3 0 0 0 0  aaaa99999888a9666929aa887877a778655347a365544
261487 1 28 16 3 3 0 1 0 0  aaaa99999888a9666949aa887877a778644557a365532
261503 1 28 16 3 5 2 1 0 0  aaaa99999888a9654929aa887877a778654367a653645
261613 1 28 16 7 0 0 1 0 0  aaaa99999888a9777929aa886867a468574556a657343
261618 1 28 16 7 1 0 0 0 0  aaaa99999888a9777929aa886867a668575364a537445
261619 1 28 16 7 1 0 1 0 0  aaaa99999888a9777949aa886867a668474565a527335
261665 1 28 16 8 2 2 1 0 0  aaaa99999888a9666979aa887877a728654765a354534
261901 1 28 17 4 0 0 1 0 0  aaaa99999888a9875929aa887877a366575467a464563
261905 1 28 17 4 0 2 1 0 0  aaaa99999888a9875939aa887877a566375467a464265
261908 1 28 17 4 1 1 0 0 0  aaaa99999888a9874969aa887877a366474567a553652
262152 1 28 18 0 0 0 0 0 0  aaaa99999888a9885979aa747887a366545767a563264
262166 1 28 18 0 2 1 0 0 0  aaaa99999888a9884979aa737887a366644757a566525
262284 1 28 18 3 4 0 0 0 0  aaaa99999888a9885979aa747886a377545652a666734
262362 1 28 18 5 5 0 0 0 0  aaaa99999888a9885979aa777886a475645562a673634
262440 1 28 18 8 0 0 0 0 0  aaaa99999888a9885979aa747887a377663665a455246
262636 1 28 19 2 2 2 0 0 0  aaaa99999888a9854979aa877877a368663725a644565
262806 1 28 19 7 1 0 0 0 0  aaaa99999888a9865979aa847877a368646756a525734
262814 1 28 19 7 2 1 0 0 0  aaaa99999888a9854979aa837877a368662755a644765
262816 1 28 19 7 2 2 0 0 0  aaaa99999888a9845979aa857877a568665744a633762
262852 1 28 19 8 2 2 0 0 0  aaaa99999888a9854979aa837877a768663725a644565
263089 1 28 20 4 0 0 1 0 0  aaaa99999888a9885929aa787877a366575467a464563
263093 1 28 20 4 0 2 1 0 0  aaaa99999888a9885939aa787877a566375467a464265
263096 1 28 20 4 1 1 0 0 0  aaaa99999888a9884969aa787877a366474567a553652
263736 1 28 22 0 0 0 0 0 0  aaaa99999778a9665989aa748766a388883576a572454
263738 1 28 22 0 0 1 0 0 0  aaaa99999778a9665989aa748766a388883576a575442
263786 1 28 22 1 2 1 0 0 0  aaaa99999778a9744989aa748666a388883757a566525
264018 1 28 22 7 5 0 0 0 0  aaaa99999778a9765989aa748754a588883526a763646
264214 1 29 0 2 1 2 0 0 0  aaaa98854999a9993879aa877787a386866765a652445
264232 1 29 0 2 4 2 0 0 0  aaaa98854999a9993879aa877787a386852765a666445
264236 1 29 0 2 5 1 0 0 0  aaaa98865999a9994879aa877787a385863746a565642
264284 1 29 0 4 1 1 0 0 0  aaaa98844999a9994869aa837787a387866656a577525
264290 1 29 0 4 2 1 0 0 0  aaaa98865999a9994869aa837787a387866256a577454
264292 1 29 0 4 2 2 0 0 0  aaaa98865999a9995869aa857787a587866446a377432
264302 1 29 0 4 4 1 0 0 0  aaaa98865999a9993859aa837787a287855464a677664
264320 1 29 0 5 1 1 0 0 0  aaaa98856999a9994879aa837787a387844657a662565
264322 1 29 0 5 1 2 0 0 0  aaaa98846999a9995879aa857787a587835647a662463
264324 1 29 0 5 2 0 0 0 0  aaaa98865999a9994879aa837787a387855647a662546
264326 1 29 0 5 2 1 0 0 0  aaaa98865999a9995879aa847787a387863657a662454
264332 1 29 0 5 3 1 0 0 0  aaaa98865999a9994879aa837787a387844667a566552
264338 1 29 0 5 4 1 0 0 0  aaaa98865999a9994879aa837787a387844657a666552
264392 1 29 0 7 1 1 0 0 0  aaaa98854999a9995879aa837787a386866765a644725
264394 1 29 0 7 1 2 0 0 0  aaaa98845999a9995879aa857787a586866763a644723
264396 1 29 0 7 2 0 0 0 0  aaaa98865999a9994879aa837787a386866756a545724
264398 1 29 0 7 2 1 0 0 0  aaaa98865999a9994879aa837787a386866746a555742
264402 1 29 0 7 3 0 0 0 0  aaaa98865999a9994879aa837787a386866745a655742
264404 1 29 0 7 3 1 0 0 0  aaaa98865999a9994879aa837787a386866745a652745
264410 1 29 0 7 4 1 0 0 0  aaaa98854999a9995879aa837787a386844765a666725
264412 1 29 0 7 4 2 0 0 0  aaaa98845999a9995879aa857787a586844763a666723
264416 1 29 0 7 5 1 0 0 0  aaaa98865999a9994879aa837787a385862746a565746
264430 1 29 0 8 1 2 0 0 0  aaaa98854999a9993879aa837787a786866765a652445
264448 1 29 0 8 4 2 0 0 0  aaaa98854999a9993879aa837787a786852765a666445
264452 1 29 0 8 5 1 0 0 0  aaaa98865999a9994879aa837787a785863746a565642
264512 1 29 0 10 3 1 0 0 0  aaaa98875999a9994869aa836686a385872647a575747
264562 1 29 1 0 5 2 0 0 0  aaaa98885999a9995889aa772786a787675364a635644
264563 1 29 1 0 5 2 1 0 0  aaaa98885999a9995889aa772786a787675463a644653
264564 1 29 1 1 0 0 0 0 0  aaaa98885999a9994889aa737787a387662665a474556
264566 1 29 1 1 0 1 0 0 0  aaaa98885999a9995889aa737787a387662664a575446
264572 1 29 1 1 1 1 0 0 0  aaaa98885999a9994889aa737787a387666664a572554
264576 1 29 1 1 2 0 0 0 0  aaaa98885999a9994889aa737787a387666565a675442
264578 1 29 1 1 2 1 0 0 0  aaaa98885999a9994889aa737787a387666465a674525
264582 1 29 1 1 3 0 0 0 0  aaaa98885999a9994889aa737787a387666556a675442
264584 1 29 1 1 3 1 0 0 0  aaaa98885999a9994889aa737787a387666456a674552
264588 1 29 1 1 4 0 0 0 0  aaaa98885999a9994889aa737787a387646565a675624
264590 1 29 1 1 4 1 0 0 0  aaaa98885999a9994889aa737787a387656465a674625
264596 1 29 1 1 5 1 0 0 0  aaaa98885999a9994889aa737787a387652465a674665
264614 1 29 1 2 2 1 0 0 0  aaaa98884999a9993889aa537787a287666567a657445
264616 1 29 1 2 2 2 0 0 0  aaaa98885999a9995889aa457787a587666467a647332
264618 1 29 1 2 3 0 0 0 0  aaaa98885999a9994889aa637787a387666567a547254
264626 1 29 1 2 4 1 0 0 0  aaaa98884999a9993889aa447787a387656567a657625
264628 1 29 1 2 4 2 0 0 0  aaaa98885999a9995889aa457787a587636467a647623
264632 1 29 1 2 5 1 0 0 0  aaaa98884999a9993889aa537787a287644567a657665
264634 1 29 1 2 5 2 0 0 0  aaaa98885999a9995889aa457787a587644367a637662
264686 1 29 1 4 2 1 0 0 0  aaaa98884999a9993889aa537787a287666565a677445
264688 1 29 1 4 2 2 0 0 0  aaaa98885999a9995889aa457787a587666464a677332
264698 1 29 1 4 4 1 0 0 0  aaaa98884999a9993889aa447787a387656565a677625
264700 1 29 1 4 4 2 0 0 0  aaaa98885999a9995889aa457787a587636464a677623
264704 1 29 1 4 5 1 0 0 0  aaaa98884999a9993889aa537787a287644565a677665
264706 1 29 1 4 5 2 0 0 0  aaaa98885999a9995889aa457787a587644363a677662
264722 1 29 1 5 2 1 0 0 0  aaaa98884999a9993889aa447787a387657657a662565
264724 1 29 1 5 2 2 0 0 0  aaaa98885999a9995889aa457787a587637647a662463
264806 1 29 1 7 4 1 0 0 0  aaaa98884999a9993889aa537787a287644657a666575
264808 1 29 1 7 4 2 0 0 0  aaaa98885999a9995889aa457787a587644637a666372
264812 1 29 1 7 5 1 0 0 0  aaaa98885999a9993889aa637787a287464547a565676
264944 1 29 2 0 3 1 0 0 0  aaaa98885999a9993889aa587786a367662675a474475
264978 1 29 2 1 3 0 0 0 0  aaaa98885999a9994889aa787787a367663654a575264
264990 1 29 2 1 5 0 0 0 0  aaaa98885999a9994889aa787787a357645562a673664
265000 1 29 2 2 0 2 0 0 0  aaaa98885999a9995889aa487787a567635647a267463
265018 1 29 2 2 3 2 0 0 0  aaaa98885999a9995889aa387787a567665647a447362
265090 1 29 2 4 3 2 0 0 0  aaaa98885999a9995889aa387787a567665644a477362
265178 1 29 2 7 0 1 0 0 0  aaaa98884999a9993889aa587787a367644627a556675
265180 1 29 2 7 0 2 0 0 0  aaaa98885999a9995889aa387787a567635647a446672
265186 1 29 2 7 1 2 0 0 0  aaaa98885999a9995889aa387787a567665647a446372
265340 1 29 3 0 3 1 0 0 0  aaaa98885999a9994879aa787687a366863757a644552
265362 1 29 3 1 1 0 0 0 0  aaaa98885999a9993879aa787787a366862565a475464
265494 1 29 3 4 5 0 0 0 0  aaaa98885999a9993829aa687787a357865456a477646
265502 1 29 3 5 0 1 0 0 0  aaaa98885999a9994879aa687787a367863657a644552
265592 1 29 3 7 3 1 0 0 0  aaaa98885999a9993879aa587787a366862765a446745
265718 1 29 4 0 0 1 0 0 0  aaaa98885999a9994879aa737887a366852767a464565
265728 1 29 4 0 2 0 0 0 0  aaaa98886999a9996879aa747887a366856757a553442
265730 1 29 4 0 2 1 0 0 0  aaaa98885999a9994879aa737887a366862757a646554
265766 1 29 4 1 2 1 0 0 0  aaaa98885999a9994879aa777887a366863275a656445
265768 1 29 4 1 2 2 0 0 0  aaaa98885999a9995879aa777887a566865474a636423
265806 1 29 4 2 3 0 0 0 0  aaaa98885999a9994879aa777887a366863567a546254
265838 1 29 4 3 2 1 0 0 0  aaaa98885999a9994879aa737886a377844666a555762
265844 1 29 4 3 3 1 0 0 0  aaaa98885999a9994879aa737886a377852666a456745
265850 1 29 4 3 4 1 0 0 0  aaaa98885999a9994879aa737886a377852645a666745
265926 1 29 4 5 5 0 0 0 0  aaaa98885999a9994879aa777886a375845562a673664
266016 1 29 4 8 2 0 0 0 0  aaaa98885999a9994879aa737887a377862666a455546
266130 1 29 5 0 3 0 0 0 0  aaaa98885999a9994879aa737687a368662787a545564
266132 1 29 5 0 3 1 0 0 0  aaaa98885999a9995879aa747687a368663787a655442
266162 1 29 5 1 2 1 0 0 0  aaaa98885999a9994879aa777786a368663785a652445
266164 1 29 5 1 2 2 0 0 0  aaaa98885999a9995879aa777786a568665784a644332
266202 1 29 5 2 3 0 0 0 0  aaaa98885999a9994879aa777687a368663487a654552
266204 1 29 5 2 3 1 0 0 0  aaaa98885999a9994879aa777687a368663587a655442
266318 1 29 5 5 4 1 0 0 0  aaaa98885999a9994879aa777686a378653485a674625
266416 1 29 5 8 2 2 0 0 0  aaaa98884999a9993879aa537787a768662785a644565
266422 1 29 5 8 3 2 0 0 0  aaaa98884999a9993879aa537787a768656786a652445
266428 1 29 5 8 4 2 0 0 0  aaaa98884999a9993879aa537787a768666785a652445
266430 1 29 5 8 5 0 0 0 0  aaaa98885999a9994879aa637787a748564786a565632
266432 1 29 5 8 5 1 0 0 0  aaaa98885999a9994879aa637787a758565786a464632
266438 1 29 5 9 0 1 0 0 0  aaaa98885999a9993879aa577686a378772685a446645
266616 1 29 6 3 0 0 0 0 0  aaaa98885999a9994879aa737787a786863665a455246
266652 1 29 6 4 0 0 0 0 0  aaaa98885999a9994879aa777787a386863665a455246
266806 1 29 6 8 1 2 0 0 0  aaaa98884999a9993879aa537787a786866765a652445
266824 1 29 6 8 4 2 0 0 0  aaaa98884999a9993879aa537787a786852765a666445
266828 1 29 6 8 5 1 0 0 0  aaaa98885999a9994879aa637787a785863746a565642
266888 1 29 6 10 3 1 0 0 0  aaaa98885999a9994869aa736686a385872647a575747
266958 1 29 7 1 3 0 0 0 0  aaaa98888999a9995889aa747787a367663654a575264
266970 1 29 7 1 5 0 0 0 0  aaaa98888999a9995889aa747787a357645562a673664
266998 1 29 7 2 3 2 0 0 0  aaaa98888999a9995889aa357787a567665647a447362
267070 1 29 7 4 3 2 0 0 0  aaaa98888999a9995889aa357787a567665644a477362
267166 1 29 7 7 1 2 0 0 0  aaaa98888999a9995889aa357787a567665647a446372
267318 1 29 8 0 3 0 0 0 0  aaaa98885999a9994879aa737687a366862787a556454
267320 1 29 8 0 3 1 0 0 0  aaaa98885999a9995879aa747687a366863787a655442
267390 1 29 8 2 3 0 0 0 0  aaaa98885999a9994879aa777687a366863487a654552
267392 1 29 8 2 3 1 0 0 0  aaaa98885999a9994879aa777687a366863587a655442
267422 1 29 8 3 2 1 0 0 0  aaaa98885999a9994879aa737787a766863285a656445
267424 1 29 8 3 2 2 0 0 0  aaaa98885999a9995879aa757787a766865484a636423
267458 1 29 8 4 2 1 0 0 0  aaaa98885999a9994879aa777787a366863285a656445
267460 1 29 8 4 2 2 0 0 0  aaaa98885999a9995879aa777787a566865484a636423
267498 1 29 8 5 3 0 0 0 0  aaaa98884999a9993879aa777686a675853685a475642
267526 1 29 8 6 1 2 0 0 0  aaaa98884999a9993879aa537787a767866685a652445
267544 1 29 8 6 4 2 0 0 0  aaaa98884999a9993879aa537787a767852685a666445
267548 1 29 8 6 5 1 0 0 0  aaaa98885999a9994879aa637787a747864586a565632
267604 1 29 8 8 2 2 0 0 0  aaaa98884999a9993879aa537787a766862785a656445
267610 1 29 8 8 3 2 0 0 0  aaaa98884999a9993879aa537787a766856786a652445
267616 1 29 8 8 4 2 0 0 0  aaaa98884999a9993879aa537787a766866785a652445
267618 1 29 8 8 5 0 0 0 0  aaaa98885999a9994879aa637787a755863786a465642
267620 1 29 8 8 5 1 0 0 0  aaaa98885999a9994879aa637787a755865786a464632
267626 1 29 8 9 0 1 0 0 0  aaaa98885999a9993879aa577686a377872685a446645
267708 1 29 9 0 2 0 0 0 0  aaaa98885999a9994779aa836887a376862557a744656
267710 1 29 9 0 2 1 0 0 0  aaaa98885999a9994779aa836887a376862657a746554
267716 1 29 9 0 3 1 0 0 0  aaaa98885999a9994779aa836887a676863657a744552
267722 1 29 9 0 4 1 0 0 0  aaaa98885999a9994779aa836887a376866657a744552
267726 1 29 9 0 5 0 0 0 0  aaaa98886999a9996779aa862887a675856547a734543
267727 1 29 9 0 5 0 1 0 0  aaaa98886999a9996779aa862887a675856547a733445
267746 1 29 9 1 2 1 0 0 0  aaaa98885999a9994779aa876887a366853775a662445
267748 1 29 9 1 2 2 0 0 0  aaaa98885999a9995779aa876887a566845773a662443
268112 1 29 10 0 3 1 0 0 0  aaaa98888999a9995879aa747687a366863757a644552
268490 1 29 11 0 0 1 0 0 0  aaaa97785999a9994879aa838888a367652677a456645
268500 1 29 11 0 2 0 0 0 0  aaaa97786999a9996879aa848888a267656477a554353
268502 1 29 11 0 2 1 0 0 0  aaaa97785999a9994879aa838888a367662577a655464
268536 1 29 11 1 2 0 0 0 0  aaaa97787999a9995869aa848888a377663467a654552
268538 1 29 11 1 2 1 0 0 0  aaaa97787999a9995869aa848888a377663567a655442
268632 1 29 11 4 0 0 0 0 0  aaaa97787999a9995879aa848888a377663665a455246
268704 1 29 11 6 0 0 0 0 0  aaaa96685999a9994879aa838888a377657477a264556
268705 1 29 11 6 0 0 1 0 0  aaaa96684999a9994879aa848888a377657577a563526
268706 1 29 11 6 0 1 0 0 0  aaaa96685999a9993879aa838888a277647577a565446
268776 1 29 11 8 0 0 0 0 0  aaaa96685999a9994879aa878888a377763567a562454
268778 1 29 11 8 0 1 0 0 0  aaaa96685999a9994879aa878888a377763567a565442
268802 1 29 11 8 4 1 0 0 0  aaaa96586999a9994879aa878888a377744657a663525
268812 1 29 11 9 0 0 0 0 0  aaaa96685999a9994879aa878888a377773656a545264
268848 1 29 11 10 0 0 0 0 0  aaaa96685999a9994879aa838888a377777656a545264
268914 1 29 12 0 5 0 0 0 0  aaaa98888999a9995879aa748786a375645562a773664
268986 1 29 12 2 5 0 0 0 0  aaaa98888999a9995879aa778786a475645562a673634
269300 1 29 13 0 3 1 0 0 0  aaaa98888999a9995879aa747687a368663757a644552
269584 1 29 13 8 2 2 0 0 0  aaaa98888999a9994879aa537787a768663725a644565
269706 1 29 14 0 5 0 0 0 0  aaaa98888999a9995779aa645784a558763827a763646
269834 1 29 14 4 2 1 0 0 0  aaaa98888999a9994779aa736687a658663875a752445
269846 1 29 14 4 4 1 0 0 0  aaaa98888999a9994779aa736587a668663875a752445
269848 1 29 14 4 4 2 0 0 0  aaaa98888999a9995779aa756487a668665874a745332
269852 1 29 14 4 5 1 0 0 0  aaaa98888999a9994779aa736587a368666875a752445
269870 1 29 14 5 2 1 0 0 0  aaaa98888999a9994779aa736787a368657855a644625
269930 1 29 14 7 0 1 0 0 0  aaaa98888999a9995779aa746786a368744856a673552
270094 1 29 15 0 3 2 0 0 0  aaaa98884999a9993779aa536786a668752785a644785
270102 1 29 15 0 5 0 0 0 0  aaaa98885999a9993779aa635784a558762786a464786
270112 1 29 15 1 0 2 0 0 0  aaaa98886999a9995779aa756786a548436784a735682
270134 1 29 15 1 4 1 0 0 0  aaaa98884999a9993779aa736785a668662785a744585
270136 1 29 15 1 4 2 0 0 0  aaaa98885999a9995779aa756783a668665784a744382
270146 1 29 15 2 0 1 0 0 0  aaaa98885999a9994779aa736786a368752786a644585
270148 1 29 15 2 0 2 0 0 0  aaaa98885999a9995779aa756786a568744786a642383
270166 1 29 15 2 3 2 0 0 0  aaaa98884999a9993779aa736786a668752785a644585
270174 1 29 15 2 5 0 0 0 0  aaaa98885999a9993779aa735784a558762786a464686
270240 1 29 15 4 4 0 0 0 0  aaaa98887999a9997779aa746286a768366585a544385
270241 1 29 15 4 4 0 1 0 0  aaaa98887999a9997779aa736586a768566584a543482
270245 1 29 15 4 4 2 1 0 0  aaaa98887999a9997779aa746383a768664685a254585
270336 1 29 15 7 2 0 0 0 0  aaaa98885999a9993779aa736786a668762585a475484
270348 1 29 15 7 4 0 0 0 0  aaaa98885999a9993779aa736786a268766585a475484
270468 1 29 16 0 0 0 0 0 0  aaaa98885999a9994779aa836786a368755786a454762
270470 1 29 16 0 0 1 0 0 0  aaaa98885999a9995779aa846786a368755786a644732
270476 1 29 16 0 1 1 0 0 0  aaaa98885999a9994779aa836786a668744786a555732
270480 1 29 16 0 2 0 0 0 0  aaaa98885999a9994779aa836786a668763785a455742
270482 1 29 16 0 2 1 0 0 0  aaaa98885999a9994779aa836786a668763784a555724
270488 1 29 16 0 3 1 0 0 0  aaaa98885999a9994779aa836786a668753785a644725
270490 1 29 16 0 3 2 0 0 0  aaaa98885999a9995779aa856786a668745783a644723
270492 1 29 16 0 4 0 0 0 0  aaaa98885999a9994779aa836786a368766785a455742
270494 1 29 16 0 4 1 0 0 0  aaaa98885999a9994779aa836786a368766784a555724
270542 1 29 16 2 0 1 0 0 0  aaaa98885999a9994779aa876786a368753786a652445
270544 1 29 16 2 0 2 0 0 0  aaaa98885999a9995779aa876786a568745786a644332
270562 1 29 16 2 3 2 0 0 0  aaaa98884999a9993779aa876786a668753785a652445
270570 1 29 16 2 5 0 0 0 0  aaaa98884999a9993779aa875785a358762786a464656
270613 1 29 16 4 0 0 1 0 0  aaaa98885999a9994779aa876786a428565787a633546
270764 1 29 16 8 1 1 0 0 0  aaaa98885999a9994769aa877787a368673684a562554
270774 1 29 16 8 3 0 0 0 0  aaaa98885999a9994769aa877787a368673685a455642
270776 1 29 16 8 3 1 0 0 0  aaaa98885999a9994769aa877787a368673684a555624
270886 1 29 17 0 3 2 0 0 0  aaaa98888999a9994779aa536786a668753785a644725
270894 1 29 17 0 5 0 0 0 0  aaaa98888999a9994779aa635785a358762786a464756
270938 1 29 17 2 0 1 0 0 0  aaaa98888999a9995779aa746786a368753786a652445
270940 1 29 17 2 0 2 0 0 0  aaaa98888999a9995779aa756786a568745786a644332
270958 1 29 17 2 3 2 0 0 0  aaaa98888999a9994779aa736786a668753785a652445
270966 1 29 17 2 5 0 0 0 0  aaaa98888999a9994779aa735785a358762786a464656
271300 1 29 18 1 0 2 0 0 0  aaaa97775999a9997849aa888888a567647624a336655
271404 1 29 18 4 0 0 0 0 0  aaaa97775999a9994879aa888888a377663665a455246
271440 1 29 18 5 0 0 0 0 0  aaaa97775999a9994849aa888888a267654736a655376
271442 1 29 18 5 0 1 0 0 0  aaaa97774999a9993859aa888888a367655726a644576
271445 1 29 18 5 0 2 1 0 0  aaaa97775999a9995849aa888888a567644736a625376
271460 1 29 18 5 3 1 0 0 0  aaaa97774999a9993869aa888888a367652756a644575
271462 1 29 18 5 3 2 0 0 0  aaaa97775999a9995869aa888888a567645736a644372
271476 1 29 18 6 0 0 0 0 0  aaaa97777999a9995829aa888888a467655736a644536
271520 1 29 18 7 1 1 0 0 0  aaaa97774999a9993869aa888888a367644675a562557
271532 1 29 18 7 3 1 0 0 0  aaaa97774999a9993869aa888888a367644675a555627
271536 1 29 18 7 4 0 0 0 0  aaaa97775999a9994869aa888888a367663675a455247
271945 1 29 19 8 0 0 1 0 0  aaaa98888999a9994739aa877787a467863655a526645
272126 1 29 20 2 0 1 0 0 0  aaaa97775999a9993879aa838888a267658675a446645
272196 1 29 20 4 0 0 0 0 0  aaaa97775999a9994879aa838888a377668665a455246
272246 1 29 20 5 2 1 0 0 0  aaaa97774999a9993869aa838888a267658755a644675
272248 1 29 20 5 2 2 0 0 0  aaaa97775999a9995869aa858888a567648744a633672
272282 1 29 20 6 2 1 0 0 0  aaaa97777999a9994869aa838888a367658755a644625
272316 1 29 20 7 2 0 0 0 0  aaaa97775999a9994869aa838888a367658676a455247
272322 1 29 20 7 3 0 0 0 0  aaaa97775999a9993869aa868888a367658674a455427
272592 1 29 21 4 0 0 0 0 0  aaaa97775999a9994879aa838888a877663665a455246
273250 1 30 0 0 1 2 0 0 0  aaaa99999988a7754989aa836876a776763865a852445
273254 1 30 0 0 2 1 0 0 0  aaaa99999988a7764989aa836875a776763856a844525
273270 1 30 0 0 5 0 0 0 0  aaaa99999988a7764989aa835875a774765856a864632
273290 1 30 0 1 2 1 0 0 0  aaaa99999988a7775989aa847876a376663865a852445
273292 1 30 0 1 2 2 0 0 0  aaaa99999988a7775989aa857876a576665864a844332
273353 1 30 0 3 0 2 1 0 0  aaaa99999988a7777989aa867876a662654835a854534
273492 1 30 0 7 0 0 0 0 0  aaaa99999988a7775989aa846876a346754867a863552
273494 1 30 0 7 0 1 0 0 0  aaaa99999988a7775989aa846876a356755867a863442
273518 1 30 0 7 4 1 0 0 0  aaaa99999988a7775989aa846876a366763857a844552
273565 1 30 0 9 0 0 1 0 0  aaaa99999988a6655989aa857826a777774836a864534
273650 1 30 1 0 2 1 0 0 0  aaaa99999988a8775979aa846877a365673686a545824
273652 1 30 1 0 2 2 0 0 0  aaaa99999988a8775979aa856877a564675686a433842
273656 1 30 1 0 3 1 0 0 0  aaaa99999988a8774979aa836877a666474586a553852
273709 1 30 1 2 0 0 1 0 0  aaaa99999988a8777969aa865877a665373684a542854
273835 1 30 1 5 3 0 1 0 0  aaaa99999988a8777969aa846867a625754687a533845
273850 1 30 1 5 5 2 0 0 0  aaaa99999988a8777969aa846857a366763587a545824
273925 1 30 1 8 0 0 1 0 0  aaaa99999988a8665979aa847877a726655786a354834
273943 1 30 1 8 3 0 1 0 0  aaaa99999988a8666979aa847877a725654786a533845
273998 1 30 1 10 0 1 0 0 0  aaaa99999988a8665979aa847866a377773586a545824
274000 1 30 1 10 0 2 0 0 0  aaaa99999988a8665979aa857866a577775486a433842
274018 1 30 1 10 3 2 0 0 0  aaaa99999988a8666979aa847856a377773586a545824
274020 1 30 1 10 4 0 0 0 0  aaaa99999988a8545979aa857865a677774682a663834
274026 1 30 1 10 5 0 0 0 0  aaaa99999988a8554979aa837864a477773685a666852
274069 1 30 2 1 0 0 1 0 0  aaaa99999988a8777979aa667857a665265483a434885
274297 1 30 2 7 2 0 1 0 0  aaaa99999988a8777969aa736867a665257485a544883
275077 1 30 4 7 0 0 1 0 0  aaaa99999988a8777989aa746867a425657688a533645
275630 1 30 6 0 2 1 0 0 0  aaaa99999988a8775989aa846877a376673684a562554
276206 1 30 7 5 2 1 0 0 0  aaaa99999988a8844979aa847877a376663658a576525
276398 1 30 7 10 4 1 0 0 0  aaaa99999988a8844979aa847865a677773658a663525
276984 1 30 9 5 0 0 0 0 0  aaaa99999988a8777989aa746867a365753568a862445
277286 1 30 10 2 2 1 0 0 0  aaaa99999988a8874989aa447877a366673758a566525
277352 1 30 10 4 1 1 0 0 0  aaaa99999988a8874989aa737877a366576568a545624
277358 1 30 10 4 2 1 0 0 0  aaaa99999988a8875989aa747877a366673258a566454
277360 1 30 10 4 2 2 0 0 0  aaaa99999988a8875989aa757877a566675448a366432
277462 1 30 10 7 1 2 0 0 0  aaaa99999988a8836989aa357877a576665448a276475
277468 1 30 10 7 2 2 0 0 0  aaaa99999988a8845989aa357877a576665648a276473
277472 1 30 10 7 3 1 0 0 0  aaaa99999988a8854989aa447877a376663268a576575
277474 1 30 10 7 3 2 0 0 0  aaaa99999988a8835989aa357877a576665468a476472
277482 1 30 10 7 5 0 0 0 0  aaaa99999988a8865989aa637877a375465528a474676
277538 1 30 10 9 2 1 0 0 0  aaaa99999988a8854989aa527863a777775638a644665
277540 1 30 10 9 2 2 0 0 0  aaaa99999988a8845989aa257863a777775638a644665
277749 1 30 11 4 1 1 1 0 0  aaaa99999988a8882969aa687775a866733555a444776
277751 1 30 11 4 1 2 1 0 0  aaaa99999988a8882969aa687773a865746534a565774
278137 1 30 12 4 0 0 1 0 0  aaaa99999988a8866969aa687773a852745534a546778
278138 1 30 12 4 0 1 0 0 0  aaaa99999988a8866969aa687774a855752453a436778
278139 1 30 12 4 0 1 1 0 0  aaaa99999988a8866969aa687772a855735453a446778
278145 1 30 12 4 1 1 1 0 0  aaaa99999988a8862969aa687775a866733555a444778
278147 1 30 12 4 1 2 1 0 0  aaaa99999988a8862969aa687773a865746534a545778
278149 1 30 12 4 2 0 1 0 0  aaaa99999988a8855969aa587772a866735466a434778
278154 1 30 12 4 3 0 0 0 0  aaaa99999988a8855969aa687774a866752463a435778
278155 1 30 12 4 3 0 1 0 0  aaaa99999988a8855969aa687772a866735465a434778
278156 1 30 12 4 3 1 0 0 0  aaaa99999988a8844969aa687772a866733565a545778
278158 1 30 12 4 3 2 0 0 0  aaaa99999988a8844969aa687772a866733564a555778
278213 1 30 12 6 0 2 1 0 0  aaaa99999988a8866979aa387777a825476646a555348
278249 1 30 12 7 0 2 1 0 0  aaaa99999988a8866979aa487775a863563274a576458
278263 1 30 12 7 3 0 1 0 0  aaaa99999988a8855979aa587774a866635276a476348
278269 1 30 12 7 4 0 1 0 0  aaaa99999988a8855979aa587774a866636276a475348
278726 1 30 13 9 2 1 0 0 0  aaaa99999988a8854979aa757863a877752638a644665
278728 1 30 13 9 2 2 0 0 0  aaaa99999988a8845979aa757863a877725638a644665
278762 1 30 13 10 2 1 0 0 0  aaaa99999988a8854979aa527863a877775638a644665
278764 1 30 13 10 2 2 0 0 0  aaaa99999988a8845979aa257863a877775638a644665
279397 1 30 15 6 0 0 1 0 0  aaaa99999988a8665989aa647868a477387277a655534
279756 1 30 16 5 0 0 0 0 0  aaaa99999988a8777989aa746868a365753576a682445
280066 1 30 17 2 3 2 0 0 0  aaaa99999988a8853989aa537877a876662647a447565
280234 1 30 17 7 1 2 0 0 0  aaaa99999988a8856989aa537877a876663445a276475
280240 1 30 17 7 2 2 0 0 0  aaaa99999988a8853989aa537877a876662644a476575
280246 1 30 17 7 3 2 0 0 0  aaaa99999988a8853989aa537877a876662465a476475
280254 1 30 17 7 5 0 0 0 0  aaaa99999988a8865989aa637877a875465526a474673
280658 1 30 18 8 0 1 0 0 0  aaaa99999988a8884979aa737857a877663665a552446
280814 1 30 19 1 2 1 0 0 0  aaaa99999988a8874989aa447877a376663657a586525
280858 1 30 19 2 3 2 0 0 0  aaaa99999988a8845989aa357877a576665647a287463
280928 1 30 19 4 3 1 0 0 0  aaaa99999988a8875989aa747877a366673256a586454
280930 1 30 19 4 3 2 0 0 0  aaaa99999988a8875989aa757877a566675446a386432
280938 1 30 19 4 5 0 0 0 0  aaaa99999988a8875989aa747877a254675563a684663
280970 1 30 19 5 4 1 0 0 0  aaaa99999988a8854989aa447877a372676565a687635
280972 1 30 19 5 4 2 0 0 0  aaaa99999988a8835989aa357877a574676464a687652
281036 1 30 19 7 3 1 0 0 0  aaaa99999988a8854989aa447877a376663655a287765
281038 1 30 19 7 3 2 0 0 0  aaaa99999988a8835989aa357877a576665644a487762
281046 1 30 19 7 5 0 0 0 0  aaaa99999988a8865989aa647877a275465536a387746
281214 1 30 20 1 3 0 0 0 0  aaaa99999988a8885989aa747877a376663657a545264
281254 1 30 20 2 3 2 0 0 0  aaaa99999988a8885989aa357877a576665647a447362
281312 1 30 20 4 1 1 0 0 0  aaaa99999988a8884989aa737877a366576567a545624
281318 1 30 20 4 2 1 0 0 0  aaaa99999988a8885989aa747877a366673257a566454
281320 1 30 20 4 2 2 0 0 0  aaaa99999988a8885989aa757877a566675447a366432
281422 1 30 20 7 1 2 0 0 0  aaaa99999988a8886989aa257877a576665434a476375
281428 1 30 20 7 2 2 0 0 0  aaaa99999988a8885989aa357877a576665644a476372
281432 1 30 20 7 3 1 0 0 0  aaaa99999988a8884989aa447877a376663565a276575
281434 1 30 20 7 3 2 0 0 0  aaaa99999988a8885989aa357877a576665464a476372
281442 1 30 20 7 5 0 0 0 0  aaaa99999988a8885989aa637877a375465526a474676
282014 1 30 22 1 4 1 0 0 0  aaaa99999978a7744989aa748765a688883657a663525
282234 1 30 22 7 5 0 0 0 0  aaaa99999978a7765989aa638754a588883526a474676
282396 1 31 0 1 2 0 0 0 0  aaaa99999988a7775879aa847976a386663865a455842
282398 1 31 0 1 2 1 0 0 0  aaaa99999988a7775879aa847976a386663864a555824
282402 1 31 0 1 3 0 0 0 0  aaaa99999988a7775879aa837976a386662855a446854
283104 1 31 1 10 0 0 0 0 0  aaaa99999988a8664879aa837956a677773488a564525
283106 1 31 1 10 0 1 0 0 0  aaaa99999988a8664879aa837956a677773588a562454
283160 1 31 2 0 3 1 0 0 0  aaaa99999988a8774879aa836977a666474568a553852
283196 1 31 2 1 3 1 0 0 0  aaaa99999988a8777879aa847967a366464568a553852
283213 1 31 2 2 0 0 1 0 0  aaaa99999988a8777869aa862977a665574658a354834
283249 1 31 2 3 0 0 1 0 0  aaaa99999988a8676829aa867977a765675538a444835
283253 1 31 2 3 0 2 1 0 0  aaaa99999988a8676829aa867977a765674538a554834
283393 1 31 2 7 0 0 1 0 0  aaaa99999988a8777829aa876967a465574568a363854
283441 1 31 2 8 2 0 1 0 0  aaaa99999988a8666879aa847977a725654768a533845
283516 1 31 2 10 2 2 0 0 0  aaaa99999988a8666879aa847956a377773568a545824
283548 1 31 3 0 2 0 0 0 0  aaaa99999988a8775879aa846977a386673654a565824
283550 1 31 3 0 2 1 0 0 0  aaaa99999988a8775879aa846977a386673654a562854
283602 1 31 3 1 5 0 0 0 0  aaaa99999988a8777879aa857967a486545652a663834
283645 1 31 3 3 0 0 1 0 0  aaaa99999988a8676839aa867977a786673455a544825
283789 1 31 3 7 0 0 1 0 0  aaaa99999988a8777849aa876967a284674655a533865
284005 1 31 4 2 0 0 1 0 0  aaaa99999988a8777829aa886977a686575654a345364
284112 1 31 4 5 0 0 0 0 0  aaaa99999988a8777829aa886967a585765647a534643
284113 1 31 4 5 0 0 1 0 0  aaaa99999988a8777829aa886967a585765647a453643
284117 1 31 4 5 0 2 1 0 0  aaaa99999988a8777829aa886967a485764637a555634
284119 1 31 4 5 1 0 1 0 0  aaaa99999988a8777829aa886967a685765537a444635
284123 1 31 4 5 1 2 1 0 0  aaaa99999988a8777829aa886967a685764537a554634
284191 1 31 4 7 1 0 1 0 0  aaaa99999988a8777829aa886967a685675564a347354
284580 1 31 5 7 0 0 0 0 0  aaaa99999988a8777829aa876968a585765647a534643
284581 1 31 5 7 0 0 1 0 0  aaaa99999988a8777829aa876968a585765647a453643
284585 1 31 5 7 0 2 1 0 0  aaaa99999988a8777829aa876968a485764637a555634
284587 1 31 5 7 1 0 1 0 0  aaaa99999988a8777829aa876968a685765537a444635
284591 1 31 5 7 1 2 1 0 0  aaaa99999988a8777829aa876968a685764537a554634
284738 1 31 6 0 2 1 0 0 0  aaaa99999988a8775879aa846977a386673684a562554
285314 1 31 7 5 2 1 0 0 0  aaaa99999988a8844879aa847977a376663658a576525
285506 1 31 7 10 4 1 0 0 0  aaaa99999988a8844879aa847965a677773658a663525
285769 1 31 8 7 0 0 1 0 0  aaaa99999988a8777859aa876967a385876654a543462
285772 1 31 8 7 0 2 0 0 0  aaaa99999988a8777829aa876967a485876634a555364
285773 1 31 8 7 0 2 1 0 0  aaaa99999988a8777839aa876957a686873624a555464
285780 1 31 8 7 2 0 0 0 0  aaaa99999988a8777829aa876967a685875634a654354
285781 1 31 8 7 2 0 1 0 0  aaaa99999988a8777849aa876967a684874655a652353
286103 1 31 9 5 1 2 1 0 0  aaaa99999988a8777829aa846967a685764537a855634
286466 1 31 10 4 2 1 0 0 0  aaaa99999988a8875869aa847977a386673657a562454
286468 1 31 10 4 2 2 0 0 0  aaaa99999988a8875869aa857977a586675647a464332
286849 1 31 11 4 0 0 1 0 0  aaaa99999988a8885829aa787977a366575467a464563
286853 1 31 11 4 0 2 1 0 0  aaaa99999988a8885839aa787977a566375467a464265
286856 1 31 11 4 1 1 0 0 0  aaaa99999988a8884869aa787977a366474567a553652
287245 1 31 12 4 0 0 1 0 0  aaaa99999988a8875829aa887977a366575467a464563
287249 1 31 12 4 0 2 1 0 0  aaaa99999988a8875839aa887977a566375467a464265
287252 1 31 12 4 1 1 0 0 0  aaaa99999988a8874869aa887977a366474567a553652
288578 1 31 15 8 0 1 0 0 0  aaaa99999988a8664879aa737958a787783665a552446
288812 1 31 16 3 3 1 0 0 0  aaaa99999988a8675879aa747968a387744666a583552
289766 1 31 18 8 0 1 0 0 0  aaaa99999988a8884879aa737957a877663665a552446
289974 1 31 19 2 5 0 0 0 0  aaaa99999988a8875879aa777976a485645562a683634
291122 1 31 22 1 4 1 0 0 0  aaaa99999978a7744789aa748965a688883657a663525
291256 1 31 22 5 2 2 0 0 0  aaaa99999978a7754789aa448962a788883765a663565
291468 1 32 0 0 2 0 0 0 0  aaaa99994988a7763999aa636875a778766585a582484
291485 1 32 0 0 4 2 1 0 0  aaaa99995988a7766999aa653873a778765486a484285
291510 1 32 0 1 3 0 0 0 0  aaaa99995988a7773999aa637876a278666585a485484
291610 1 32 0 4 1 2 0 0 0  aaaa99995988a7775999aa457874a768665683a286483
291658 1 32 0 5 3 2 0 0 0  aaaa99994988a7773999aa536876a668744785a682585
291666 1 32 0 5 5 0 0 0 0  aaaa99995988a7773999aa635874a558762786a484686
291720 1 32 0 7 2 0 0 0 0  aaaa99995988a7773999aa736876a668762585a485484
291732 1 32 0 7 4 0 0 0 0  aaaa99995988a7773999aa736876a268766585a485484
291864 1 32 1 0 2 0 0 0 0  aaaa99995988a8774999aa836877a376672684a556854
291870 1 32 1 0 3 0 0 0 0  aaaa99995988a8774999aa836877a676673685a455842
291872 1 32 1 0 3 1 0 0 0  aaaa99995988a8774999aa836877a676673684a555824
291876 1 32 1 0 4 0 0 0 0  aaaa99995988a8774999aa836877a376676685a455842
291878 1 32 1 0 4 1 0 0 0  aaaa99995988a8774999aa836877a376676684a555824
291900 1 32 1 1 2 0 0 0 0  aaaa99995988a8777999aa847867a376663685a455842
291902 1 32 1 1 2 1 0 0 0  aaaa99995988a8777999aa847867a376663684a555824
291918 1 32 1 1 5 0 0 0 0  aaaa99995988a8777999aa847867a376455685a663842
291920 1 32 1 1 5 1 0 0 0  aaaa99995988a8777999aa847867a376555684a663824
291938 1 32 1 2 2 1 0 0 0  aaaa99995988a8777999aa846877a365673686a545824
291940 1 32 1 2 2 2 0 0 0  aaaa99995988a8777999aa856877a564675686a433842
291944 1 32 1 2 3 1 0 0 0  aaaa99994988a8777999aa836877a666474586a553852
291962 1 32 1 3 0 1 0 0 0  aaaa99994988a8663999aa837877a775656587a465842
292033 1 32 1 5 0 0 1 0 0  aaaa99995988a8777999aa846867a425765687a533846
292048 1 32 1 5 2 2 0 0 0  aaaa99994988a8777999aa836867a665763587a545824
292060 1 32 1 5 4 2 0 0 0  aaaa99994988a8777999aa836857a666763587a545824
292066 1 32 1 5 5 2 0 0 0  aaaa99994988a8777999aa836857a366766587a545824
292070 1 32 1 6 0 1 0 0 0  aaaa99995988a8664999aa837877a776673586a545824
292072 1 32 1 6 0 2 0 0 0  aaaa99995988a8665999aa857877a776675486a433842
292090 1 32 1 6 3 2 0 0 0  aaaa99994988a8666999aa837877a775673586a545824
292092 1 32 1 6 4 0 0 0 0  aaaa99995988a8545999aa847877a776576682a663834
292098 1 32 1 6 5 0 0 0 0  aaaa99994988a8553999aa837877a776474685a666852
292152 1 32 1 8 2 0 0 0 0  aaaa99995988a8666999aa847877a775645582a673834
292164 1 32 1 8 4 0 0 0 0  aaaa99994988a8553999aa837877a776666685a474852
292178 1 32 1 9 0 1 0 0 0  aaaa99995988a8664999aa837866a777773586a545824
292180 1 32 1 9 0 2 0 0 0  aaaa99995988a8665999aa857866a777775486a433842
292198 1 32 1 9 3 2 0 0 0  aaaa99994988a8666999aa837856a777773586a545824
292200 1 32 1 9 4 0 0 0 0  aaaa99995988a8545999aa847866a777773682a566834
292206 1 32 1 9 5 0 0 0 0  aaaa99995988a8545999aa847865a777773682a666834
292214 1 32 1 10 0 1 0 0 0  aaaa99995988a8664999aa837866a377777586a545824
292216 1 32 1 10 0 2 0 0 0  aaaa99995988a8665999aa857866a577777486a433842
292234 1 32 1 10 3 2 0 0 0  aaaa99994988a8666999aa837856a377777586a545824
292236 1 32 1 10 4 0 0 0 0  aaaa99995988a8545999aa847865a677777682a663834
292242 1 32 1 10 5 0 0 0 0  aaaa99994988a8553999aa837864a477777685a666852
292268 1 32 2 0 3 1 0 0 0  aaaa99994988a8773999aa777867a366644586a552885
292340 1 32 2 2 3 1 0 0 0  aaaa99994988a8777999aa737867a366644586a552885
292358 1 32 2 3 0 1 0 0 0  aaaa99994988a8663999aa637877a776644587a552885
292400 1 32 2 4 1 1 0 0 0  aaaa99994988a8777999aa637877a366644586a552885
292414 1 32 2 4 3 2 0 0 0  aaaa99995988a8777999aa457877a566635486a246883
292658 1 32 3 0 2 1 0 0 0  aaaa99995988a8774999aa836877a376876658a644552
292668 1 32 3 0 4 0 0 0 0  aaaa99995988a8774999aa834877a476876658a663525
292670 1 32 3 0 4 1 0 0 0  aaaa99995988a8775999aa846877a376873658a662454
292712 1 32 3 1 5 1 0 0 0  aaaa99995988a8777999aa847867a376844658a663552
292778 1 32 3 3 4 1 0 0 0  aaaa99994988a8573999aa837877a756876658a662454
292780 1 32 3 3 4 2 0 0 0  aaaa99995988a8475999aa857877a746876648a665332
292806 1 32 3 4 3 0 0 0 0  aaaa99995988a8777999aa847877a366863568a546254
292934 1 32 3 8 0 1 0 0 0  aaaa99995988a8664999aa837877a775863668a575442
292944 1 32 3 8 2 0 0 0 0  aaaa99994988a8666999aa837877a775853568a672445
293070 1 32 4 0 5 0 0 0 0  aaaa99995988a8774999aa777867a356548688a663254
293142 1 32 4 2 5 0 0 0 0  aaaa99995988a8777999aa747867a356548688a663254
293222 1 32 4 5 0 1 0 0 0  aaaa99994988a8777999aa736867a355768688a545624
293224 1 32 4 5 0 2 0 0 0  aaaa99995988a8777999aa756867a544768688a435623
293230 1 32 4 5 1 2 0 0 0  aaaa99994988a8777999aa736867a625768588a545634
293293 1 32 4 7 0 0 1 0 0  aaaa99997988a8777999aa746867a425658688a533645
293400 1 32 4 10 0 0 0 0 0  aaaa99995988a8664999aa636876a357548788a777254
293618 1 32 5 5 0 1 0 0 0  aaaa99994988a8777999aa736868a355768678a545624
293620 1 32 5 5 0 2 0 0 0  aaaa99995988a8777999aa756868a544768678a435623
293626 1 32 5 5 1 2 0 0 0  aaaa99994988a8777999aa736868a625768578a545634
293725 1 32 5 8 0 0 1 0 0  aaaa99995988a8664999aa647868a777378278a655534
293862 1 32 6 0 5 0 0 0 0  aaaa99995988a8774999aa777867a356845658a663284
293896 1 32 6 1 4 2 0 0 0  aaaa99994988a8777999aa537867a676853628a644585
293900 1 32 6 1 5 1 0 0 0  aaaa99994988a8777999aa537867a376844658a662585
293902 1 32 6 1 5 2 0 0 0  aaaa99995988a8777999aa457867a576835648a662483
293934 1 32 6 2 5 0 0 0 0  aaaa99995988a8777999aa747867a356845658a663284
293998 1 32 6 4 3 2 0 0 0  aaaa99995988a8777999aa357877a566865468a436482
294120 1 32 6 8 0 0 0 0 0  aaaa99995988a8664999aa637877a775845668a573284
294192 1 32 6 10 0 0 0 0 0  aaaa99995988a8664999aa636876a357845758a777284
294244 1 32 7 0 2 2 0 0 0  aaaa99994988a8877999aa836875a776673658a562454
294272 1 32 7 1 1 1 0 0 0  aaaa99994988a8877999aa837877a366576568a545624
294278 1 32 7 1 2 1 0 0 0  aaaa99995988a8877999aa847877a366673258a566454
294280 1 32 7 1 2 2 0 0 0  aaaa99995988a8877999aa857877a566675448a366432
294302 1 32 7 2 0 1 0 0 0  aaaa99995988a8875999aa837877a366575768a464462
294306 1 32 7 2 1 0 0 0 0  aaaa99995988a8874999aa837877a366576768a545624
294308 1 32 7 2 1 1 0 0 0  aaaa99995988a8874999aa837877a366476768a555642
294314 1 32 7 2 2 1 0 0 0  aaaa99995988a8874999aa837877a366672758a566454
294316 1 32 7 2 2 2 0 0 0  aaaa99995988a8875999aa857877a566672748a366434
294320 1 32 7 2 3 1 0 0 0  aaaa99995988a8874999aa837877a366576768a562454
294322 1 32 7 2 3 2 0 0 0  aaaa99995988a8875999aa857877a566476768a464332
294326 1 32 7 2 4 1 0 0 0  aaaa99995988a8874999aa837877a366676758a562454
294328 1 32 7 2 4 2 0 0 0  aaaa99995988a8875999aa857877a566676748a464332
294330 1 32 7 2 5 0 0 0 0  aaaa99995988a8874999aa837877a355672768a645664
294332 1 32 7 2 5 1 0 0 0  aaaa99995988a8874999aa837877a355675768a644662
294344 1 32 7 3 1 1 0 0 0  aaaa99994988a8873999aa837877a766576568a545624
294350 1 32 7 3 2 1 0 0 0  aaaa99995988a8874999aa837877a766673258a566454
294352 1 32 7 3 2 2 0 0 0  aaaa99995988a8875999aa857877a766675448a366432
294374 1 32 7 4 0 1 0 0 0  aaaa99994988a8873999aa837877a266474568a565567
294378 1 32 7 4 1 0 0 0 0  aaaa99995988a8874999aa837877a366276568a544657
294380 1 32 7 4 1 1 0 0 0  aaaa99995988a8874999aa837877a366476568a525647
294384 1 32 7 4 2 0 0 0 0  aaaa99994988a8873999aa837877a266576558a665447
294386 1 32 7 4 2 1 0 0 0  aaaa99995988a8875999aa837877a366672458a466457
294388 1 32 7 4 2 2 0 0 0  aaaa99995988a8875999aa857877a566672448a366437
294412 1 32 7 5 0 2 0 0 0  aaaa99996988a8866999aa847877a376573258a567454
294416 1 32 7 5 1 1 0 0 0  aaaa99995988a8864999aa837877a376676258a567454
294418 1 32 7 5 1 2 0 0 0  aaaa99995988a8865999aa857877a576676448a367432
294422 1 32 7 5 2 1 0 0 0  aaaa99994988a8844999aa837877a376676658a567525
294434 1 32 7 5 4 1 0 0 0  aaaa99994988a8844999aa837877a376576658a667525
294470 1 32 7 6 4 1 0 0 0  aaaa99994988a8844999aa837877a776576658a663525
294486 1 32 7 7 1 0 0 0 0  aaaa99996988a8844999aa847877a376663558a276575
294488 1 32 7 7 1 1 0 0 0  aaaa99996988a8844999aa847877a376663258a576575
294492 1 32 7 7 2 0 0 0 0  aaaa99995988a8844999aa847877a376663658a276575
294494 1 32 7 7 2 1 0 0 0  aaaa99994988a8844999aa837877a376662658a576575
294498 1 32 7 7 3 0 0 0 0  aaaa99994988a8844999aa837877a376662568a576575
294500 1 32 7 7 3 1 0 0 0  aaaa99995988a8855999aa857877a376663468a476472
294530 1 32 7 8 2 1 0 0 0  aaaa99994988a8844999aa837877a776663658a576525
294564 1 32 7 9 2 0 0 0 0  aaaa99995988a8855999aa847862a777773468a664563
294566 1 32 7 9 2 1 0 0 0  aaaa99995988a8855999aa857863a777774638a644662
294572 1 32 7 9 3 1 0 0 0  aaaa99995988a8864999aa837866a777773658a562454
294574 1 32 7 9 3 2 0 0 0  aaaa99995988a8865999aa857866a777775648a464332
294578 1 32 7 9 4 1 0 0 0  aaaa99994988a8844999aa837866a777773658a566525
294584 1 32 7 9 5 1 0 0 0  aaaa99994988a8844999aa837865a777773658a666525
294614 1 32 7 10 4 1 0 0 0  aaaa99994988a8844999aa837865a677777658a663525
294806 1 32 8 5 0 1 0 0 0  aaaa99994988a8777999aa736867a355868678a545624
294808 1 32 8 5 0 2 0 0 0  aaaa99995988a8777999aa756867a544868678a435623
294814 1 32 8 5 1 2 0 0 0  aaaa99994988a8777999aa736867a625868578a545634
294964 1 32 8 9 2 2 0 0 0  aaaa99995988a8666999aa454876a727848768a775353
294976 1 32 8 9 4 2 0 0 0  aaaa99995988a8646999aa354876a727848768a775653
294982 1 32 8 9 5 2 0 0 0  aaaa99995988a8645999aa354876a727848768a775663
295038 1 32 9 0 3 0 0 0 0  aaaa99995988a8774999aa777867a366863568a548254
295110 1 32 9 2 3 0 0 0 0  aaaa99995988a8777999aa747867a366863568a548254
295174 1 32 9 4 1 2 0 0 0  aaaa99995988a8777999aa357877a566865468a438462
295224 1 32 9 5 4 0 0 0 0  aaaa99995988a8777999aa736857a666863478a548452
295408 1 32 9 10 4 2 0 0 0  aaaa99995988a8745999aa356847a666865278a748773
295421 1 32 10 0 0 2 1 0 0  aaaa99996988a8877999aa662875a776578458a464533
295492 1 32 10 2 0 2 0 0 0  aaaa99996988a8874999aa667877a326578758a563454
295496 1 32 10 2 1 1 0 0 0  aaaa99995988a8874999aa637877a366678758a562454
295498 1 32 10 2 1 2 0 0 0  aaaa99995988a8875999aa657877a566678748a464332
295502 1 32 10 2 2 1 0 0 0  aaaa99994988a8873999aa447877a366678758a566525
295514 1 32 10 2 4 1 0 0 0  aaaa99994988a8873999aa447877a366578758a666525
295574 1 32 10 4 2 1 0 0 0  aaaa99995988a8874999aa737877a366678258a566454
295576 1 32 10 4 2 2 0 0 0  aaaa99995988a8875999aa757877a566678448a366432
295578 1 32 10 4 3 0 0 0 0  aaaa99995988a8873999aa737877a266678558a465464
295580 1 32 10 4 3 1 0 0 0  aaaa99995988a8873999aa737877a266678548a565464
295586 1 32 10 4 4 1 0 0 0  aaaa99994988a8873999aa737877a256678658a566454
295588 1 32 10 4 4 2 0 0 0  aaaa99995988a8875999aa757877a546678648a466332
295592 1 32 10 4 5 1 0 0 0  aaaa99995988a8874999aa737877a326578658a666454
295594 1 32 10 4 5 2 0 0 0  aaaa99995988a8875999aa757877a546478638a666432
295606 1 32 10 5 1 2 0 0 0  aaaa99995988a8845999aa357877a576678648a267463
295610 1 32 10 5 2 1 0 0 0  aaaa99995988a8854999aa447877a276378638a657665
295612 1 32 10 5 2 2 0 0 0  aaaa99995988a8845999aa447877a576378638a627665
295616 1 32 10 5 3 1 0 0 0  aaaa99994988a8863999aa447877a376678658a567525
295624 1 32 10 5 4 2 0 0 0  aaaa99995988a8845999aa357877a576478628a667463
295630 1 32 10 5 5 2 0 0 0  aaaa99995988a8845999aa357877a574678268a647663
295646 1 32 10 6 2 1 0 0 0  aaaa99995988a8854999aa527877a776378638a644665
295648 1 32 10 6 2 2 0 0 0  aaaa99995988a8845999aa257877a776378638a644665
295678 1 32 10 7 1 2 0 0 0  aaaa99996988a8835999aa357877a576668448a276475
295684 1 32 10 7 2 2 0 0 0  aaaa99995988a8845999aa357877a576668648a276473
295688 1 32 10 7 3 1 0 0 0  aaaa99994988a8853999aa447877a376668268a576575
295690 1 32 10 7 3 2 0 0 0  aaaa99995988a8835999aa357877a576668468a476472
295696 1 32 10 7 4 2 0 0 0  aaaa99995988a8845999aa357877a576468628a676473
295698 1 32 10 7 5 0 0 0 0  aaaa99995988a8863999aa637877a274568448a575676
295700 1 32 10 7 5 1 0 0 0  aaaa99995988a8863999aa637877a275468448a575676
295702 1 32 10 7 5 2 0 0 0  aaaa99995988a8865999aa657877a574468428a373676
295754 1 32 10 9 2 1 0 0 0  aaaa99995988a8854999aa527863a777778638a644665
295756 1 32 10 9 2 2 0 0 0  aaaa99995988a8845999aa257863a777778638a644665
296690 1 32 13 2 2 1 0 0 0  aaaa99994988a8873999aa447877a866673758a566525
296726 1 32 13 3 2 1 0 0 0  aaaa99995988a8854999aa537867a877673628a644675
296728 1 32 13 3 2 2 0 0 0  aaaa99995988a8845999aa357867a877675628a644673
296756 1 32 13 4 1 1 0 0 0  aaaa99994988a8873999aa737877a866576568a545624
296762 1 32 13 4 2 1 0 0 0  aaaa99995988a8874999aa737877a866673258a566454
296764 1 32 13 4 2 2 0 0 0  aaaa99995988a8875999aa757877a866675448a366432
296834 1 32 13 6 2 1 0 0 0  aaaa99995988a8854999aa527877a876377638a644665
296836 1 32 13 6 2 2 0 0 0  aaaa99995988a8845999aa257877a876377638a644665
296866 1 32 13 7 1 2 0 0 0  aaaa99996988a8835999aa357877a876665448a276475
296872 1 32 13 7 2 2 0 0 0  aaaa99995988a8845999aa357877a876665648a276473
296876 1 32 13 7 3 1 0 0 0  aaaa99994988a8853999aa447877a876663268a576575
296878 1 32 13 7 3 2 0 0 0  aaaa99995988a8835999aa357877a876665468a476472
296886 1 32 13 7 5 0 0 0 0  aaaa99995988a8863999aa637877a875465528a474676
296978 1 32 13 10 2 1 0 0 0  aaaa99995988a8854999aa527863a877777638a644665
296980 1 32 13 10 2 2 0 0 0  aaaa99995988a8845999aa257863a877777638a644665
297066 1 32 14 1 5 0 0 0 0  aaaa99995988a8684999aa737878a875745562a673664
297232 1 32 14 6 2 2 0 0 0  aaaa99994988a8683999aa537868a877657677a652445
297426 1 32 15 0 5 0 0 0 0  aaaa99995988a8774999aa777868a356788654a663254
297498 1 32 15 2 5 0 0 0 0  aaaa99995988a8777999aa747868a356788654a663254
297576 1 32 15 5 0 0 0 0 0  aaaa99995988a8777999aa746868a364788276a654553
297578 1 32 15 5 0 1 0 0 0  aaaa99994988a8777999aa736868a365788576a652445
297602 1 32 15 5 4 1 0 0 0  aaaa99994988a8777999aa732868a656788675a653445
297604 1 32 15 5 4 2 0 0 0  aaaa99995988a8777999aa754868a646788674a635352
297720 1 32 15 9 0 0 0 0 0  aaaa99995988a8664999aa636878a757688754a773254
297734 1 32 15 9 2 1 0 0 0  aaaa99994988a8666999aa532878a757688765a773445
297736 1 32 15 9 2 2 0 0 0  aaaa99995988a8666999aa354878a747688764a775352
297746 1 32 15 9 4 1 0 0 0  aaaa99994988a8656999aa442878a757688765a773635
297748 1 32 15 9 4 2 0 0 0  aaaa99995988a8636999aa354878a747688764a775652
297752 1 32 15 9 5 1 0 0 0  aaaa99994988a8653999aa442878a757688765a773665
297754 1 32 15 9 5 2 0 0 0  aaaa99995988a8635999aa354878a747688764a775662
297756 1 32 15 10 0 0 0 0 0  aaaa99995988a8664999aa636878a357688754a777254
297916 1 32 16 3 2 2 0 0 0  aaaa99997988a8666999aa547838a777782365a658445
297934 1 32 16 3 5 2 0 0 0  aaaa99997988a8653999aa537848a777782464a658665
298008 1 32 16 6 0 0 0 0 0  aaaa99995988a8664999aa637868a377487577a658245
298009 1 32 16 6 0 0 1 0 0  aaaa99994988a8664999aa647868a377587577a658532
298010 1 32 16 6 0 1 0 0 0  aaaa99995988a8663999aa637868a277587477a648554
298080 1 32 16 8 0 0 0 0 0  aaaa99995988a8664999aa637858a777783667a548254
298096 1 32 16 8 2 2 0 0 0  aaaa99995988a8666999aa457848a777785267a648353
298098 1 32 16 8 3 0 0 0 0  aaaa99995988a8666999aa637858a777783467a548452
298114 1 32 16 8 5 2 0 0 0  aaaa99995988a8645999aa357848a777785267a648663
298182 1 32 16 10 5 0 0 0 0  aaaa99995988a8763999aa635848a554784276a768776
298250 1 32 17 1 4 1 0 0 0  aaaa99994988a8873999aa447877a876586657a663525
298470 1 32 17 7 5 0 0 0 0  aaaa99995988a8863999aa637877a875485526a474676
298526 1 32 17 9 2 1 0 0 0  aaaa99995988a8854999aa527863a877787637a644665
298528 1 32 17 9 2 2 0 0 0  aaaa99995988a8845999aa257863a877787637a644665
298594 1 32 18 0 1 2 0 0 0  aaaa99993988a8883999aa777845a866672756a547456
298638 1 32 18 1 3 0 0 0 0  aaaa99995988a8884999aa737877a876663657a545264
298678 1 32 18 2 3 2 0 0 0  aaaa99995988a8885999aa357877a876665647a447362
298736 1 32 18 4 1 1 0 0 0  aaaa99994988a8883999aa737877a866576567a545624
298742 1 32 18 4 2 1 0 0 0  aaaa99995988a8884999aa737877a866673257a566454
298744 1 32 18 4 2 2 0 0 0  aaaa99995988a8885999aa757877a866675447a366432
298846 1 32 18 7 1 2 0 0 0  aaaa99996988a8885999aa257877a876665434a476375
298852 1 32 18 7 2 2 0 0 0  aaaa99995988a8885999aa357877a876665644a476372
298856 1 32 18 7 3 1 0 0 0  aaaa99994988a8883999aa447877a876663565a276575
298858 1 32 18 7 3 2 0 0 0  aaaa99995988a8885999aa357877a876665464a476372
298866 1 32 18 7 5 0 0 0 0  aaaa99995988a8883999aa637877a875465526a474676
298985 1 32 19 0 0 2 1 0 0  aaaa99996988a8877999aa662875a776584357a368544
299020 1 32 19 1 0 2 0 0 0  aaaa99996988a8874999aa667877a376583257a568454
299024 1 32 19 1 1 1 0 0 0  aaaa99995988a8874999aa637877a376686257a568454
299026 1 32 19 1 1 2 0 0 0  aaaa99995988a8875999aa657877a576686447a368432
299030 1 32 19 1 2 1 0 0 0  aaaa99994988a8873999aa447877a376686657a568525
299042 1 32 19 1 4 1 0 0 0  aaaa99994988a8873999aa447877a376586657a668525
299068 1 32 19 2 2 2 0 0 0  aaaa99997988a8853999aa537877a266687745a448665
299074 1 32 19 2 3 2 0 0 0  aaaa99997988a8853999aa537877a266687746a448565
299077 1 32 19 2 4 0 1 0 0  aaaa99997988a8855999aa437877a356687765a248664
299080 1 32 19 2 4 2 0 0 0  aaaa99997988a8845999aa257877a546687764a338665
299081 1 32 19 2 4 2 1 0 0  aaaa99997988a8854999aa547877a426687765a338665
299086 1 32 19 2 5 2 0 0 0  aaaa99997988a8853999aa537877a244687765a648665
299140 1 32 19 4 2 2 0 0 0  aaaa99997988a8857999aa537877a366687445a248665
299146 1 32 19 4 3 2 0 0 0  aaaa99997988a8857999aa537877a366687446a258465
299152 1 32 19 4 4 2 0 0 0  aaaa99997988a8857999aa537877a364487666a258465
299158 1 32 19 4 5 2 0 0 0  aaaa99997988a8857999aa537877a344687265a648665
299170 1 32 19 5 1 2 0 0 0  aaaa99996988a8835999aa357877a574487666a278465
299174 1 32 19 5 2 1 0 0 0  aaaa99994988a8853999aa447877a372687666a578565
299176 1 32 19 5 2 2 0 0 0  aaaa99995988a8835999aa357877a574687666a478462
299182 1 32 19 5 3 2 0 0 0  aaaa99995988a8845999aa357877a576487666a278463
299186 1 32 19 5 4 1 0 0 0  aaaa99994988a8853999aa447877a376687565a278665
299188 1 32 19 5 4 2 0 0 0  aaaa99995988a8835999aa357877a576687464a478662
299192 1 32 19 5 5 1 0 0 0  aaaa99994988a8853999aa447877a372687565a678665
299194 1 32 19 5 5 2 0 0 0  aaaa99995988a8835999aa357877a574687464a678662
299204 1 32 19 6 1 1 0 0 0  aaaa99994988a8863999aa447877a766683756a578525
299242 1 32 19 7 1 2 0 0 0  aaaa99995988a8845999aa357877a576686646a278473
299246 1 32 19 7 2 1 0 0 0  aaaa99994988a8853999aa447877a376686565a278675
299248 1 32 19 7 2 2 0 0 0  aaaa99995988a8835999aa357877a576686464a478672
299252 1 32 19 7 3 1 0 0 0  aaaa99994988a8853999aa447877a376686655a278675
299254 1 32 19 7 3 2 0 0 0  aaaa99995988a8835999aa357877a576686644a478672
299258 1 32 19 7 4 1 0 0 0  aaaa99994988a8853999aa447877a372686565a678675
299260 1 32 19 7 4 2 0 0 0  aaaa99995988a8835999aa357877a574686464a678672
299262 1 32 19 7 5 0 0 0 0  aaaa99995988a8863999aa637877a275485446a578676
299264 1 32 19 7 5 1 0 0 0  aaaa99995988a8865999aa637877a375485446a278676
299294 1 32 19 8 4 1 0 0 0  aaaa99994988a8853999aa447877a772686565a678635
299296 1 32 19 8 4 2 0 0 0  aaaa99995988a8835999aa357877a774686464a678652
299370 1 32 19 10 5 0 0 0 0  aaaa99995988a8863999aa635847a554784276a768776
299412 1 32 20 1 0 0 0 0 0  aaaa99995988a8884999aa737877a376658467a264556
299413 1 32 20 1 0 0 1 0 0  aaaa99994988a8884999aa747877a376658567a563526
299414 1 32 20 1 0 1 0 0 0  aaaa99995988a8883999aa737877a276648567a565446
299430 1 32 20 1 3 0 0 0 0  aaaa99995988a8884999aa737877a376668657a545264
299436 1 32 20 1 4 0 0 0 0  aaaa99995988a8884999aa737877a376568647a626545
299438 1 32 20 1 4 1 0 0 0  aaaa99995988a8884999aa737877a376568657a646254
299458 1 32 20 2 1 2 0 0 0  aaaa99996988a8885999aa257877a576668447a347365
299464 1 32 20 2 2 2 0 0 0  aaaa99995988a8885999aa357877a576668467a437462
299470 1 32 20 2 3 2 0 0 0  aaaa99995988a8885999aa357877a576668647a447362
299476 1 32 20 2 4 2 0 0 0  aaaa99995988a8885999aa357877a576448647a667362
299482 1 32 20 2 5 2 0 0 0  aaaa99995988a8885999aa357877a574648467a637662
299534 1 32 20 4 2 1 0 0 0  aaaa99995988a8884999aa737877a366678257a566454
299536 1 32 20 4 2 2 0 0 0  aaaa99995988a8885999aa757877a566678447a366432
299538 1 32 20 4 3 0 0 0 0  aaaa99995988a8883999aa737877a266678557a465464
299540 1 32 20 4 3 1 0 0 0  aaaa99995988a8883999aa737877a266678547a565464
299546 1 32 20 4 4 1 0 0 0  aaaa99994988a8883999aa737877a256678657a566454
299548 1 32 20 4 4 2 0 0 0  aaaa99995988a8885999aa757877a546678647a466332
299552 1 32 20 4 5 1 0 0 0  aaaa99995988a8884999aa737877a326578657a666454
299554 1 32 20 4 5 2 0 0 0  aaaa99995988a8885999aa757877a546478637a666432
299566 1 32 20 5 1 2 0 0 0  aaaa99996988a8885999aa257877a574478666a347365
299572 1 32 20 5 2 2 0 0 0  aaaa99995988a8885999aa357877a574678666a437462
299578 1 32 20 5 3 2 0 0 0  aaaa99995988a8885999aa357877a576478666a447362
299584 1 32 20 5 4 2 0 0 0  aaaa99995988a8885999aa357877a576478644a667362
299590 1 32 20 5 5 2 0 0 0  aaaa99995988a8885999aa357877a574678464a637662
299638 1 32 20 7 1 2 0 0 0  aaaa99996988a8885999aa257877a576668434a476375
299644 1 32 20 7 2 2 0 0 0  aaaa99995988a8885999aa357877a576668644a476372
299648 1 32 20 7 3 1 0 0 0  aaaa99994988a8883999aa447877a376668565a276575
299650 1 32 20 7 3 2 0 0 0  aaaa99995988a8885999aa357877a576668464a476372
299656 1 32 20 7 4 2 0 0 0  aaaa99995988a8885999aa357877a576468644a676372
299658 1 32 20 7 5 0 0 0 0  aaaa99995988a8883999aa637877a274568446a575676
299660 1 32 20 7 5 1 0 0 0  aaaa99995988a8883999aa637877a275468446a575676
299662 1 32 20 7 5 2 0 0 0  aaaa99995988a8885999aa657877a574468426a373676
299826 1 32 21 1 3 0 0 0 0  aaaa99995988a8888999aa747877a376663657a545264
299866 1 32 21 2 3 2 0 0 0  aaaa99995988a8888999aa357877a576665647a447362
299924 1 32 21 4 1 1 0 0 0  aaaa99994988a8888999aa737877a366576567a545624
299930 1 32 21 4 2 1 0 0 0  aaaa99995988a8888999aa747877a366673257a566454
299932 1 32 21 4 2 2 0 0 0  aaaa99995988a8888999aa757877a566675447a366432
300000 0 32 21 6 2 0 0 0 0  aaaa99995988a8888999aa557877a776676645a464332
300034 1 32 21 7 1 2 0 0 0  aaaa99996988a8888999aa257877a576665434a476375
300040 1 32 21 7 2 2 0 0 0  aaaa99995988a8888999aa357877a576665644a476372
300044 1 32 21 7 3 1 0 0 0  aaaa99994988a8888999aa447877a376663565a276575
300046 1 32 21 7 3 2 0 0 0  aaaa99995988a8888999aa357877a576665464a476372
300054 1 32 21 7 5 0 0 0 0  aaaa99995988a8888999aa637877a375465526a474676
300230 1 32 22 1 4 1 0 0 0  aaaa99994978a7744999aa738765a688888657a663525
300450 1 32 22 7 5 0 0 0 0  aaaa99995978a7763999aa638754a588888526a474676
300612 1 33 0 1 2 0 0 0 0  aaaa99995988a7774899aa837976a386667865a455842
300614 1 33 0 1 2 1 0 0 0  aaaa99995988a7774899aa837976a386667864a555824
300618 1 33 0 1 3 0 0 0 0  aaaa99995988a7773899aa837976a286667855a446854
300624 1 33 0 1 4 0 0 0 0  aaaa99995988a7773899aa837976a286557844a666854
300642 1 33 0 2 1 0 0 0 0  aaaa99995988a7774899aa836976a786763865a455842
300644 1 33 0 2 1 1 0 0 0  aaaa99995988a7774899aa836976a786763864a555824
300648 1 33 0 2 2 0 0 0 0  aaaa99995988a7774899aa836972a786763855a646854
300654 1 33 0 2 3 0 0 0 0  aaaa99995988a7773899aa836976a786762855a446854
300684 1 33 0 3 2 0 0 0 0  aaaa99995988a7777899aa847976a386663865a455842
300686 1 33 0 3 2 1 0 0 0  aaaa99995988a7777899aa847976a386663864a555824
300690 1 33 0 3 3 0 0 0 0  aaaa99995988a7777899aa837976a386662855a446854
300720 1 33 0 4 2 0 0 0 0  aaaa99995988a7774899aa837976a786663865a455842
300722 1 33 0 4 2 1 0 0 0  aaaa99995988a7774899aa837976a786663864a555824
300726 1 33 0 4 3 0 0 0 0  aaaa99995988a7773899aa837976a786662855a446854
300744 1 33 0 5 0 0 0 0 0  aaaa99995988a7774899aa836976a387464875a655826
300752 1 33 0 5 1 1 0 0 0  aaaa99995988a7774899aa836976a687464876a555832
300816 1 33 0 7 0 0 0 0 0  aaaa99995988a7774899aa836976a386755867a456842
300828 1 33 0 7 2 0 0 0 0  aaaa99995988a7774899aa836976a686763857a545824
300830 1 33 0 7 2 1 0 0 0  aaaa99995988a7774899aa836976a686763847a555842
300836 1 33 0 7 3 1 0 0 0  aaaa99995988a7774899aa836976a686744867a555832
300840 1 33 0 7 4 0 0 0 0  aaaa99995988a7774899aa836976a386766857a545824
300842 1 33 0 7 4 1 0 0 0  aaaa99995988a7774899aa836976a386766847a555842
300888 1 33 0 9 0 0 0 0 0  aaaa99995988a7664899aa837966a387777856a545824
300890 1 33 0 9 0 1 0 0 0  aaaa99995988a7664899aa837966a387777846a555842
300930 1 33 0 10 1 0 0 0 0  aaaa99995988a7666899aa846976a387545852a777834
300972 1 33 1 0 2 0 0 0 0  aaaa99995988a8774899aa836977a376672688a556454
300974 1 33 1 0 2 1 0 0 0  aaaa99995988a8775899aa846977a376673688a565442
300992 1 33 1 0 5 1 0 0 0  aaaa99995988a8774899aa835977a376575688a666442
301082 1 33 1 3 2 1 0 0 0  aaaa99994988a8573899aa837977a766672588a566454
301084 1 33 1 3 2 2 0 0 0  aaaa99995988a8475899aa857977a766675488a466332
301104 1 33 1 4 0 0 0 0 0  aaaa99995988a8777899aa847977a365645688a526634
301140 1 33 1 5 0 0 0 0 0  aaaa99995988a8777899aa846967a355763688a475642
301142 1 33 1 5 0 1 0 0 0  aaaa99995988a8777899aa846967a355765688a474632
301158 1 33 1 5 3 0 0 0 0  aaaa99994988a8777899aa836967a665753588a672445
301164 1 33 1 5 4 0 0 0 0  aaaa99994988a8777899aa836957a666763488a574525
301166 1 33 1 5 4 1 0 0 0  aaaa99994988a8777899aa836957a666763588a572454
301176 1 33 1 6 0 0 0 0 0  aaaa99994988a8663899aa837977a775676488a564525
301178 1 33 1 6 0 1 0 0 0  aaaa99994988a8663899aa837977a775676588a562454
301260 1 33 1 8 2 0 0 0 0  aaaa99994988a8666899aa837977a775653588a672445
301266 1 33 1 8 3 0 0 0 0  aaaa99994988a8666899aa837977a775563588a672454
301284 1 33 1 9 0 0 0 0 0  aaaa99995988a8663899aa837966a777772488a455546
301286 1 33 1 9 0 1 0 0 0  aaaa99994988a8663899aa837966a777772588a455546
301296 1 33 1 9 2 0 0 0 0  aaaa99995988a8666899aa847946a777773288a654553
301298 1 33 1 9 2 1 0 0 0  aaaa99994988a8666899aa837956a777773588a652445
301302 1 33 1 9 3 0 0 0 0  aaaa99994988a8666899aa837956a777773488a564525
301304 1 33 1 9 3 1 0 0 0  aaaa99994988a8666899aa837956a777773588a562454
301320 1 33 1 10 0 0 0 0 0  aaaa99994988a8663899aa837956a677777488a564525
301322 1 33 1 10 0 1 0 0 0  aaaa99994988a8663899aa837956a677777588a562454
301368 1 33 2 0 2 0 0 0 0  aaaa99995988a8774899aa836977a376672648a556845
301370 1 33 2 0 2 1 0 0 0  aaaa99995988a8775899aa846977a376673648a565842
301374 1 33 2 0 3 0 0 0 0  aaaa99995988a8774899aa836977a676673658a545824
301376 1 33 2 0 3 1 0 0 0  aaaa99995988a8774899aa836977a676673648a555842
301380 1 33 2 0 4 0 0 0 0  aaaa99995988a8774899aa836977a376676658a545824
301382 1 33 2 0 4 1 0 0 0  aaaa99995988a8774899aa836977a376676648a555842
301388 1 33 2 0 5 1 0 0 0  aaaa99995988a8774899aa835977a376575648a666842
301404 1 33 2 1 2 0 0 0 0  aaaa99995988a8777899aa847967a376663658a545824
301406 1 33 2 1 2 1 0 0 0  aaaa99995988a8777899aa847967a376663648a555842
301412 1 33 2 1 3 1 0 0 0  aaaa99995988a8777899aa847967a376663568a545824
301414 1 33 2 1 3 2 0 0 0  aaaa99995988a8777899aa857967a576665468a433842
301422 1 33 2 1 5 0 0 0 0  aaaa99995988a8777899aa847967a376545658a663824
301424 1 33 2 1 5 1 0 0 0  aaaa99995988a8777899aa847967a376555648a663842
301448 1 33 2 2 3 1 0 0 0  aaaa99994988a8777899aa836977a666474568a553852
301472 1 33 2 3 1 1 0 0 0  aaaa99994988a8673899aa837977a766576568a545824
301478 1 33 2 3 2 1 0 0 0  aaaa99995988a8474899aa847977a766673258a566853
301480 1 33 2 3 2 2 0 0 0  aaaa99995988a8475899aa857977a766675448a366832
301508 1 33 2 4 1 1 0 0 0  aaaa99994988a8777899aa837977a366562568a545864
301520 1 33 2 4 3 1 0 0 0  aaaa99994988a8777899aa837977a366464568a556852
301526 1 33 2 4 4 1 0 0 0  aaaa99994988a8777899aa837977a366566568a545824
301559 1 33 2 5 3 2 1 0 0  aaaa99995988a8777899aa856967a664735428a674853
301588 1 33 2 6 2 2 0 0 0  aaaa99994988a8666899aa837977a775673568a545824
301696 1 33 2 9 2 2 0 0 0  aaaa99994988a8666899aa837956a777773568a545824
301732 1 33 2 10 2 2 0 0 0  aaaa99994988a8666899aa837956a377777568a545824
301764 1 33 3 0 2 0 0 0 0  aaaa99995988a8774899aa836977a386677654a565824
301766 1 33 3 0 2 1 0 0 0  aaaa99995988a8774899aa836977a386677654a562854
301776 1 33 3 0 4 0 0 0 0  aaaa99995988a8774899aa836977a386477655a662845
301778 1 33 3 0 4 1 0 0 0  aaaa99995988a8774899aa836977a386577654a662854
301812 1 33 3 1 4 0 0 0 0  aaaa99995988a8777899aa847967a687545652a663834
301818 1 33 3 1 5 0 0 0 0  aaaa99995988a8777899aa847967a387545652a666834
301836 1 33 3 2 2 0 0 0 0  aaaa99995988a8777899aa846977a386673654a565824
301838 1 33 3 2 2 1 0 0 0  aaaa99995988a8777899aa846977a386673654a562854
301908 1 33 3 4 2 0 0 0 0  aaaa99995988a8777899aa837977a386662655a446854
301926 1 33 3 4 5 0 0 0 0  aaaa99995988a8777899aa847977a386545652a666834
301980 1 33 3 6 2 0 0 0 0  aaaa99994988a8666899aa837977a785653765a475842
302040 1 33 3 8 0 0 0 0 0  aaaa99995988a8664899aa837977a786673756a545824
302042 1 33 3 8 0 1 0 0 0  aaaa99995988a8664899aa837977a786673746a555842
302076 1 33 3 9 0 0 0 0 0  aaaa99995988a8664899aa837966a387777756a545824
302078 1 33 3 9 0 1 0 0 0  aaaa99995988a8664899aa837966a387777746a555842
302118 1 33 3 10 1 0 0 0 0  aaaa99995988a8666899aa846976a387545752a777834
302552 1 33 5 0 1 1 0 0 0  aaaa99995988a8774899aa837958a386766767a655442
302558 1 33 5 0 2 1 0 0 0  aaaa99995988a8774899aa837968a386766757a644552
302562 1 33 5 0 3 0 0 0 0  aaaa99995988a8774899aa837968a386766757a545624
302564 1 33 5 0 3 1 0 0 0  aaaa99995988a8774899aa837968a386766747a555642
302570 1 33 5 0 4 1 0 0 0  aaaa99995988a8774899aa837968a686744757a663552
302576 1 33 5 0 5 1 0 0 0  aaaa99995988a8774899aa837968a386744757a666552
302580 1 33 5 1 0 0 0 0 0  aaaa99995988a8777899aa847978a386763665a455246
302648 1 33 5 2 5 1 0 0 0  aaaa99995988a8777899aa847968a386744657a663552
302654 1 33 5 3 0 1 0 0 0  aaaa99997988a8664899aa837958a787773665a552446
302760 1 33 5 6 0 0 0 0 0  aaaa99996988a8665899aa837958a587773746a547462
302762 1 33 5 6 0 1 0 0 0  aaaa99995988a8664899aa837968a387772756a647554
302774 1 33 5 6 2 1 0 0 0  aaaa99994988a8666899aa837958a387772765a657445
302786 1 33 5 6 4 1 0 0 0  aaaa99995988a8656899aa837948a487773765a647625
302834 1 33 5 8 0 1 0 0 0  aaaa99995988a8664899aa837968a787773756a644552
302870 1 33 5 9 0 1 0 0 0  aaaa99995988a8664899aa837968a387777756a644552
302906 1 33 5 10 0 1 0 0 0  aaaa99995988a8664899aa836978a387644756a777552
302954 1 33 6 0 2 1 0 0 0  aaaa99995988a8774899aa836977a386677684a562554
302964 1 33 6 0 4 0 0 0 0  aaaa99995988a8774899aa836977a386277685a646554
302966 1 33 6 0 4 1 0 0 0  aaaa99995988a8774899aa836977a386577684a662554
303026 1 33 6 2 2 1 0 0 0  aaaa99995988a8777899aa846977a386673684a562554
303122 1 33 6 5 0 1 0 0 0  aaaa99995988a8777899aa846967a385763687a545624
303124 1 33 6 5 0 2 0 0 0  aaaa99995988a8777899aa856967a584765687a433642
303130 1 33 6 5 1 2 0 0 0  aaaa99994988a8777899aa836967a685763587a545624
303152 1 33 6 5 5 1 0 0 0  aaaa99995988a8777899aa845967a386755687a663442
303158 1 33 6 6 0 1 0 0 0  aaaa99995988a8664899aa837977a786644786a573552
303352 1 33 7 0 2 2 0 0 0  aaaa99994988a8877899aa836975a776673658a562454
303380 1 33 7 1 1 1 0 0 0  aaaa99994988a8877899aa837977a366576568a545624
303386 1 33 7 1 2 1 0 0 0  aaaa99995988a8877899aa847977a366673258a566454
303388 1 33 7 1 2 2 0 0 0  aaaa99995988a8877899aa857977a566675448a366432
303410 1 33 7 2 0 1 0 0 0  aaaa99995988a8875899aa837977a366575768a464462
303414 1 33 7 2 1 0 0 0 0  aaaa99995988a8874899aa837977a366576768a545624
303416 1 33 7 2 1 1 0 0 0  aaaa99995988a8874899aa837977a366476768a555642
303422 1 33 7 2 2 1 0 0 0  aaaa99995988a8874899aa837977a366672758a566454
303424 1 33 7 2 2 2 0 0 0  aaaa99995988a8875899aa857977a566672748a366434
303428 1 33 7 2 3 1 0 0 0  aaaa99995988a8874899aa837977a366576768a562454
303430 1 33 7 2 3 2 0 0 0  aaaa99995988a8875899aa857977a566476768a464332
303434 1 33 7 2 4 1 0 0 0  aaaa99995988a8874899aa837977a366676758a562454
303436 1 33 7 2 4 2 0 0 0  aaaa99995988a8875899aa857977a566676748a464332
303438 1 33 7 2 5 0 0 0 0  aaaa99995988a8874899aa837977a355672768a645664
303440 1 33 7 2 5 1 0 0 0  aaaa99995988a8874899aa837977a355675768a644662
303452 1 33 7 3 1 1 0 0 0  aaaa99994988a8873899aa837977a766576568a545624
303458 1 33 7 3 2 1 0 0 0  aaaa99995988a8874899aa837977a766673258a566454
303460 1 33 7 3 2 2 0 0 0  aaaa99995988a8875899aa857977a766675448a366432
303482 1 33 7 4 0 1 0 0 0  aaaa99994988a8873899aa837977a266474568a565567
303486 1 33 7 4 1 0 0 0 0  aaaa99995988a8874899aa837977a366276568a544657
303488 1 33 7 4 1 1 0 0 0  aaaa99995988a8874899aa837977a366476568a525647
303492 1 33 7 4 2 0 0 0 0  aaaa99994988a8873899aa837977a266576558a665447
303494 1 33 7 4 2 1 0 0 0  aaaa99995988a8875899aa837977a366672458a466457
303496 1 33 7 4 2 2 0 0 0  aaaa99995988a8875899aa857977a566672448a366437
303520 1 33 7 5 0 2 0 0 0  aaaa99996988a8866899aa847977a376573258a567454
303524 1 33 7 5 1 1 0 0 0  aaaa99995988a8864899aa837977a376676258a567454
303526 1 33 7 5 1 2 0 0 0  aaaa99995988a8865899aa857977a576676448a367432
303530 1 33 7 5 2 1 0 0 0  aaaa99994988a8844899aa837977a376676658a567525
303542 1 33 7 5 4 1 0 0 0  aaaa99994988a8844899aa837977a376576658a667525
303578 1 33 7 6 4 1 0 0 0  aaaa99994988a8844899aa837977a776576658a663525
303594 1 33 7 7 1 0 0 0 0  aaaa99996988a8844899aa847977a376663558a276575
303596 1 33 7 7 1 1 0 0 0  aaaa99996988a8844899aa847977a376663258a576575
303600 1 33 7 7 2 0 0 0 0  aaaa99995988a8844899aa847977a376663658a276575
303602 1 33 7 7 2 1 0 0 0  aaaa99994988a8844899aa837977a376662658a576575
303606 1 33 7 7 3 0 0 0 0  aaaa99994988a8844899aa837977a376662568a576575
303608 1 33 7 7 3 1 0 0 0  aaaa99995988a8855899aa857977a376663468a476472
303638 1 33 7 8 2 1 0 0 0  aaaa99994988a8844899aa837977a776663658a576525
303672 1 33 7 9 2 0 0 0 0  aaaa99995988a8855899aa847962a777773468a664563
303674 1 33 7 9 2 1 0 0 0  aaaa99995988a8855899aa857963a777774638a644662
303680 1 33 7 9 3 1 0 0 0  aaaa99995988a8864899aa837966a777773658a562454
303682 1 33 7 9 3 2 0 0 0  aaaa99995988a8865899aa857966a777775648a464332
303686 1 33 7 9 4 1 0 0 0  aaaa99994988a8844899aa837966a777773658a566525
303692 1 33 7 9 5 1 0 0 0  aaaa99994988a8844899aa837965a777773658a666525
303722 1 33 7 10 4 1 0 0 0  aaaa99994988a8844899aa837965a677777658a663525
303876 1 33 8 4 0 0 0 0 0  aaaa99995988a8777899aa847977a386863665a455246
304022 1 33 8 8 0 1 0 0 0  aaaa99995988a8664899aa837977a786873756a644552
304058 1 33 8 9 0 1 0 0 0  aaaa99995988a8664899aa836976a787844756a773552
304274 1 33 9 4 0 1 0 0 0  aaaa99994988a8777899aa837977a386652656a844565
304276 1 33 9 4 0 2 0 0 0  aaaa99995988a8777899aa857977a586645636a844362
304292 1 33 9 4 3 1 0 0 0  aaaa99995988a8777899aa847977a386663625a844565
304294 1 33 9 4 3 2 0 0 0  aaaa99995988a8777899aa857977a586665644a842363
304302 1 33 9 4 5 0 0 0 0  aaaa99995988a8777899aa847977a385465526a863646
304346 1 33 9 6 0 1 0 0 0  aaaa99995988a8664899aa837977a786644756a873552
304418 1 33 9 8 0 1 0 0 0  aaaa99995988a8664899aa837977a786673756a844552
304454 1 33 9 9 0 1 0 0 0  aaaa99995988a8664899aa837966a387777756a844552
304560 1 33 10 1 0 0 0 0 0  aaaa99995988a8877899aa847977a386673656a545264
304596 1 33 10 2 0 0 0 0 0  aaaa99995988a8874899aa837977a386672765a464556
304598 1 33 10 2 0 1 0 0 0  aaaa99995988a8875899aa837977a386672764a565446
304604 1 33 10 2 1 1 0 0 0  aaaa99995988a8874899aa837977a386676756a562454
304606 1 33 10 2 1 2 0 0 0  aaaa99995988a8875899aa857977a586676746a464332
304608 1 33 10 2 2 0 0 0 0  aaaa99995988a8874899aa837977a386676765a455642
304610 1 33 10 2 2 1 0 0 0  aaaa99995988a8874899aa837977a386676764a555624
304616 1 33 10 2 3 1 0 0 0  aaaa99995988a8874899aa837977a386676764a562554
304622 1 33 10 2 4 1 0 0 0  aaaa99995988a8874899aa837977a386572764a666554
304628 1 33 10 2 5 1 0 0 0  aaaa99995988a8874899aa837977a385672764a655664
304632 1 33 10 3 0 0 0 0 0  aaaa99995988a8874899aa837977a786673656a545264
304668 1 33 10 4 0 0 0 0 0  aaaa99996988a8875899aa847977a386673567a546254
304670 1 33 10 4 0 1 0 0 0  aaaa99995988a8874899aa837977a386672567a565446
304676 1 33 10 4 1 1 0 0 0  aaaa99996988a8874899aa837977a386576657a644525
304682 1 33 10 4 2 1 0 0 0  aaaa99995988a8874899aa837977a386676657a562454
304684 1 33 10 4 2 2 0 0 0  aaaa99995988a8875899aa857977a586676647a464332
304686 1 33 10 4 3 0 0 0 0  aaaa99995988a8874899aa837977a386676657a545624
304688 1 33 10 4 3 1 0 0 0  aaaa99995988a8874899aa837977a386676647a555642
304694 1 33 10 4 4 1 0 0 0  aaaa99995988a8874899aa837977a386576657a662454
304696 1 33 10 4 4 2 0 0 0  aaaa99995988a8875899aa857977a586476637a662434
304700 1 33 10 4 5 1 0 0 0  aaaa99995988a8874899aa837977a386572657a666454
304702 1 33 10 4 5 2 0 0 0  aaaa99995988a8875899aa857977a586474647a666332
304718 1 33 10 5 2 1 0 0 0  aaaa99994988a8844899aa837977a386577765a662565
304720 1 33 10 5 2 2 0 0 0  aaaa99995988a8845899aa857977a586477763a662463
304782 1 33 10 7 1 0 0 0 0  aaaa99995988a8864899aa837977a386676754a565274
304806 1 33 10 7 5 0 0 0 0  aaaa99995988a8864899aa837977a384575756a264676
304940 1 33 11 0 3 1 0 0 0  aaaa99994988a8883899aa587976a376662657a744575
304942 1 33 11 0 3 2 0 0 0  aaaa99995988a8885899aa487976a576665637a744372
304974 1 33 11 1 3 0 0 0 0  aaaa99995988a8884899aa787977a376663657a545264
305014 1 33 11 2 3 2 0 0 0  aaaa99995988a8885899aa387977a576665647a447362
305072 1 33 11 4 1 1 0 0 0  aaaa99994988a8883899aa787977a366576567a545624
305078 1 33 11 4 2 1 0 0 0  aaaa99995988a8884899aa787977a366673257a566454
305080 1 33 11 4 2 2 0 0 0  aaaa99995988a8885899aa787977a566675447a366432
305104 1 33 11 5 0 2 0 0 0  aaaa99995988a8885899aa387977a576675646a447362
305176 1 33 11 7 0 2 0 0 0  aaaa99996988a8883899aa587977a376652465a476475
305182 1 33 11 7 1 2 0 0 0  aaaa99996988a8885899aa287977a576665434a476375
305188 1 33 11 7 2 2 0 0 0  aaaa99995988a8885899aa387977a576665644a476372
305192 1 33 11 7 3 1 0 0 0  aaaa99995988a8883899aa587977a376662465a476475
305194 1 33 11 7 3 2 0 0 0  aaaa99995988a8885899aa387977a576665464a476372
305202 1 33 11 7 5 0 0 0 0  aaaa99995988a8883899aa687977a375465526a474676
305370 1 33 12 1 3 0 0 0 0  aaaa99995988a8874899aa887977a376663657a545264
305410 1 33 12 2 3 2 0 0 0  aaaa99995988a8835899aa887977a576665647a447362
305468 1 33 12 4 1 1 0 0 0  aaaa99994988a8873899aa887977a366576567a545624
305474 1 33 12 4 2 1 0 0 0  aaaa99995988a8874899aa887977a366673257a566454
305476 1 33 12 4 2 2 0 0 0  aaaa99995988a8875899aa887977a566675447a366432
305578 1 33 12 7 1 2 0 0 0  aaaa99996988a8825899aa887977a576665434a476375
305584 1 33 12 7 2 2 0 0 0  aaaa99995988a8835899aa887977a576665644a476372
305588 1 33 12 7 3 1 0 0 0  aaaa99994988a8844899aa887977a376663565a276575
305590 1 33 12 7 3 2 0 0 0  aaaa99995988a8835899aa887977a576665464a476372
305598 1 33 12 7 5 0 0 0 0  aaaa99995988a8863899aa887977a375465526a474676
305722 1 33 13 0 1 2 0 0 0  aaaa99993988a8877899aa837945a866672756a547456
305766 1 33 13 1 3 0 0 0 0  aaaa99995988a8874899aa837977a876663657a545264
305806 1 33 13 2 3 2 0 0 0  aaaa99995988a8835899aa857977a876665647a447362
305864 1 33 13 4 1 1 0 0 0  aaaa99994988a8873899aa837977a866576567a545624
305870 1 33 13 4 2 1 0 0 0  aaaa99995988a8874899aa837977a866673257a566454
305872 1 33 13 4 2 2 0 0 0  aaaa99995988a8875899aa857977a866675447a366432
305974 1 33 13 7 1 2 0 0 0  aaaa99996988a8825899aa857977a876665434a476375
305980 1 33 13 7 2 2 0 0 0  aaaa99995988a8835899aa857977a876665644a476372
305984 1 33 13 7 3 1 0 0 0  aaaa99994988a8844899aa837977a876663565a276575
305986 1 33 13 7 3 2 0 0 0  aaaa99995988a8835899aa857977a876665464a476372
305994 1 33 13 7 5 0 0 0 0  aaaa99995988a8863899aa837977a875465526a474676
306174 1 33 14 1 5 0 0 0 0  aaaa99995988a8684899aa737978a875745562a673664
306340 1 33 14 6 2 2 0 0 0  aaaa99994988a8683899aa537968a877657677a652445
306614 1 33 15 3 0 1 0 0 0  aaaa99995988a8664899aa637968a387787757a644552
306808 1 33 15 8 2 2 0 0 0  aaaa99994988a8753899aa447968a387787765a662565
306814 1 33 15 8 3 2 0 0 0  aaaa99994988a8753899aa537968a687787765a662445
306820 1 33 15 8 4 2 0 0 0  aaaa99994988a8753899aa537968a287787765a666445
306824 1 33 15 8 5 1 0 0 0  aaaa99995988a8764899aa637958a387787746a565642
307420 1 33 17 3 2 2 0 0 0  aaaa99994988a8853899aa537967a887677675a644625
307426 1 33 17 3 3 2 0 0 0  aaaa99994988a8853899aa537967a887677676a652445
307440 1 33 17 4 0 0 0 0 0  aaaa99995988a8874899aa737977a886673656a545264
307492 1 33 17 5 2 2 0 0 0  aaaa99994988a8853899aa447977a886277765a663565
307522 1 33 17 6 1 2 0 0 0  aaaa99996988a8853899aa537964a887772744a667565
307528 1 33 17 6 2 2 0 0 0  aaaa99994988a8853899aa447962a887773765a667565
307540 1 33 17 6 4 2 0 0 0  aaaa99994988a8853899aa447966a887773765a257665
307546 1 33 17 6 5 2 0 0 0  aaaa99994988a8853899aa447926a887773765a657665
307578 1 33 17 7 5 0 0 0 0  aaaa99995988a8864899aa637977a884575756a264673
307594 1 33 17 8 1 2 0 0 0  aaaa99996988a8853899aa537967a887477744a662565
307600 1 33 17 8 2 2 0 0 0  aaaa99994988a8853899aa537967a887677765a662445
307636 1 33 17 9 2 2 0 0 0  aaaa99994988a8853899aa447962a887777765a663565
307672 1 33 17 10 2 2 0 0 0  aaaa99994988a8853899aa446972a887663765a777565
307702 1 33 18 0 1 2 0 0 0  aaaa99993988a8883899aa777945a866672756a547456
307746 1 33 18 1 3 0 0 0 0  aaaa99995988a8884899aa737977a876663657a545264
307786 1 33 18 2 3 2 0 0 0  aaaa99995988a8885899aa357977a876665647a447362
307844 1 33 18 4 1 1 0 0 0  aaaa99994988a8883899aa737977a866576567a545624
307850 1 33 18 4 2 1 0 0 0  aaaa99995988a8884899aa737977a866673257a566454
307852 1 33 18 4 2 2 0 0 0  aaaa99995988a8885899aa757977a866675447a366432
307954 1 33 18 7 1 2 0 0 0  aaaa99996988a8885899aa257977a876665434a476375
307960 1 33 18 7 2 2 0 0 0  aaaa99995988a8885899aa357977a876665644a476372
307964 1 33 18 7 3 1 0 0 0  aaaa99994988a8883899aa447977a876663565a276575
307966 1 33 18 7 3 2 0 0 0  aaaa99995988a8885899aa357977a876665464a476372
307974 1 33 18 7 5 0 0 0 0  aaaa99995988a8883899aa637977a875465526a474676
308168 1 33 19 2 1 1 0 0 0  aaaa99995988a8874899aa447977a386676766a583552
308234 1 33 19 4 0 1 0 0 0  aaaa99995988a8875899aa737977a386672646a585464
308240 1 33 19 4 1 1 0 0 0  aaaa99995988a8874899aa737977a386676656a582454
308242 1 33 19 4 1 2 0 0 0  aaaa99995988a8875899aa757977a586676646a484332
308244 1 33 19 4 2 0 0 0 0  aaaa99995988a8874899aa737977a386676565a485642
308246 1 33 19 4 2 1 0 0 0  aaaa99995988a8874899aa737977a386676564a585624
308250 1 33 19 4 3 0 0 0 0  aaaa99995988a8874899aa737977a386676654a585624
308252 1 33 19 4 3 1 0 0 0  aaaa99995988a8874899aa737977a386676654a582654
308258 1 33 19 4 4 1 0 0 0  aaaa99995988a8874899aa737977a386572656a686454
308260 1 33 19 4 4 2 0 0 0  aaaa99995988a8875899aa757977a586474646a686332
308264 1 33 19 4 5 1 0 0 0  aaaa99995988a8874899aa737977a385672564a685664
308370 1 33 19 7 5 0 0 0 0  aaaa99995988a8864899aa637977a384575756a284676
308520 1 33 20 1 0 0 0 0 0  aaaa99995988a8884899aa777977a386673656a545264
308556 1 33 20 2 0 0 0 0 0  aaaa99995988a8884899aa737977a386672765a464556
308558 1 33 20 2 0 1 0 0 0  aaaa99995988a8885899aa737977a386672764a565446
308564 1 33 20 2 1 1 0 0 0  aaaa99995988a8884899aa737977a386676756a562454
308566 1 33 20 2 1 2 0 0 0  aaaa99995988a8885899aa757977a586676746a464332
308568 1 33 20 2 2 0 0 0 0  aaaa99995988a8884899aa737977a386676765a455642
308570 1 33 20 2 2 1 0 0 0  aaaa99995988a8884899aa737977a386676764a555624
308576 1 33 20 2 3 1 0 0 0  aaaa99995988a8884899aa737977a386676764a562554
308582 1 33 20 2 4 1 0 0 0  aaaa99995988a8884899aa737977a386572764a666554
308588 1 33 20 2 5 1 0 0 0  aaaa99995988a8884899aa737977a385672764a655664
308592 1 33 20 3 0 0 0 0 0  aaaa99995988a8884899aa737977a786673656a545264
308628 1 33 20 4 0 0 0 0 0  aaaa99996988a8885899aa747977a386673567a546254
308630 1 33 20 4 0 1 0 0 0  aaaa99995988a8884899aa737977a386672567a565446
308636 1 33 20 4 1 1 0 0 0  aaaa99996988a8884899aa737977a386576657a644525
308642 1 33 20 4 2 1 0 0 0  aaaa99995988a8884899aa737977a386676657a562454
308644 1 33 20 4 2 2 0 0 0  aaaa99995988a8885899aa757977a586676647a464332
308646 1 33 20 4 3 0 0 0 0  aaaa99995988a8884899aa737977a386676657a545624
308648 1 33 20 4 3 1 0 0 0  aaaa99995988a8884899aa737977a386676647a555642
308654 1 33 20 4 4 1 0 0 0  aaaa99995988a8884899aa737977a386576657a662454
308656 1 33 20 4 4 2 0 0 0  aaaa99995988a8885899aa757977a586476637a662434
308660 1 33 20 4 5 1 0 0 0  aaaa99995988a8884899aa737977a386572657a666454
308662 1 33 20 4 5 2 0 0 0  aaaa99995988a8885899aa757977a586474647a666332
308678 1 33 20 5 2 1 0 0 0  aaaa99994988a8883899aa447977a386577765a662565
308680 1 33 20 5 2 2 0 0 0  aaaa99995988a8885899aa457977a586477763a662463
308742 1 33 20 7 1 0 0 0 0  aaaa99995988a8884899aa637977a386676754a565274
308766 1 33 20 7 5 0 0 0 0  aaaa99995988a8884899aa637977a384575756a264676
308934 1 33 21 1 3 0 0 0 0  aaaa99995988a8888899aa747977a376663657a545264
308974 1 33 21 2 3 2 0 0 0  aaaa99995988a8888899aa357977a576665647a447362
309032 1 33 21 4 1 1 0 0 0  aaaa99994988a8888899aa737977a366576567a545624
309038 1 33 21 4 2 1 0 0 0  aaaa99995988a8888899aa747977a366673257a566454
309040 1 33 21 4 2 2 0 0 0  aaaa99995988a8888899aa757977a566675447a366432
309142 1 33 21 7 1 2 0 0 0  aaaa99996988a8888899aa257977a576665434a476375
309148 1 33 21 7 2 2 0 0 0  aaaa99995988a8888899aa357977a576665644a476372
309152 1 33 21 7 3 1 0 0 0  aaaa99994988a8888899aa447977a376663565a276575
309154 1 33 21 7 3 2 0 0 0  aaaa99995988a8888899aa357977a576665464a476372
309162 1 33 21 7 5 0 0 0 0  aaaa99995988a8888899aa637977a375465526a474676
309338 1 33 22 1 4 1 0 0 0  aaaa99994978a7744799aa738965a688888657a663525
309472 1 33 22 5 2 2 0 0 0  aaaa99994978a7753799aa448962a788888765a663565
309690 1 34 0 0 3 0 0 0 0  aaaa99994988a7763879aa839975a786766855a644825
309756 1 34 0 2 2 0 0 0 0  aaaa99995988a7774869aa839972a786763855a646854
309762 1 34 0 2 3 0 0 0 0  aaaa99994988a7773869aa869975a786763855a644825
309768 1 34 0 2 4 0 0 0 0  aaaa99994988a7773869aa839975a786766855a644825
309774 1 34 0 2 5 0 0 0 0  aaaa99996988a7776829aa869973a785756835a546844
309824 1 34 0 4 1 1 0 0 0  aaaa99994988a7773879aa839966a687567855a464852
309834 1 34 0 4 3 0 0 0 0  aaaa99994988a7773879aa839966a687657855a464852
309864 1 34 0 5 2 0 0 0 0  aaaa99995988a7774869aa839974a487663875a655862
309866 1 34 0 5 2 1 0 0 0  aaaa99995988a7775869aa849976a387663874a655824
309870 1 34 0 5 3 0 0 0 0  aaaa99995988a7774869aa869976a387663875a455842
309872 1 34 0 5 3 1 0 0 0  aaaa99995988a7774869aa869976a387663874a555824
309876 1 34 0 5 4 0 0 0 0  aaaa99995988a7774869aa839976a387666875a455842
309878 1 34 0 5 4 1 0 0 0  aaaa99995988a7774869aa839976a387666874a555824
309900 1 34 0 6 2 0 0 0 0  aaaa99995988a7777869aa849976a387663865a455842
309902 1 34 0 6 2 1 0 0 0  aaaa99995988a7777869aa849976a387663864a555824
309990 1 34 0 8 5 0 0 0 0  aaaa99996988a7777829aa869973a685756835a546844
309996 1 34 0 9 0 0 0 0 0  aaaa99995988a7664879aa839966a387777856a545824
309998 1 34 0 9 0 1 0 0 0  aaaa99995988a7664879aa839966a387777846a555842
310070 1 34 1 0 0 1 0 0 0  aaaa99995988a8775879aa839977a365675688a446642
310074 1 34 1 0 1 0 0 0 0  aaaa99995988a8774879aa839977a365676688a562454
310076 1 34 1 0 1 1 0 0 0  aaaa99995988a8774879aa839977a365676688a565442
310080 1 34 1 0 2 0 0 0 0  aaaa99995988a8774879aa839977a366672588a566454
310082 1 34 1 0 2 1 0 0 0  aaaa99995988a8775879aa849977a366673288a566454
310088 1 34 1 0 3 1 0 0 0  aaaa99995988a8774879aa839977a365676688a545624
310090 1 34 1 0 3 2 0 0 0  aaaa99995988a8775879aa859977a564676688a433642
310092 1 34 1 0 4 0 0 0 0  aaaa99995988a8774879aa839977a366676588a562454
310094 1 34 1 0 4 1 0 0 0  aaaa99995988a8774879aa839977a366676588a565442
310098 1 34 1 0 5 0 0 0 0  aaaa99995988a8774879aa839977a356572688a666454
310100 1 34 1 0 5 1 0 0 0  aaaa99995988a8774879aa839977a356575688a666442
310118 1 34 1 1 2 1 0 0 0  aaaa99995988a8777869aa849977a367644588a655632
310244 1 34 1 4 5 1 0 0 0  aaaa99995988a8777879aa849965a376744688a663552
310284 1 34 1 6 0 0 0 0 0  aaaa99995988a8664879aa839976a677763588a572454
310286 1 34 1 6 0 1 0 0 0  aaaa99995988a8664879aa839976a677763588a575442
310292 1 34 1 6 1 1 0 0 0  aaaa99995988a8666879aa849975a377744688a673552
310302 1 34 1 6 3 0 0 0 0  aaaa99995988a8666879aa849976a377763588a572454
310304 1 34 1 6 3 1 0 0 0  aaaa99995988a8666879aa849976a377763588a575442
310392 1 34 1 9 0 0 0 0 0  aaaa99994988a8663879aa879956a677773488a564525
310394 1 34 1 9 0 1 0 0 0  aaaa99994988a8663879aa879956a677773588a562454
310428 1 34 1 10 0 0 0 0 0  aaaa99994988a8663879aa839956a677777488a564525
310430 1 34 1 10 0 1 0 0 0  aaaa99994988a8663879aa839956a677777588a562454
310466 1 34 2 0 0 1 0 0 0  aaaa99995988a8774879aa839977a366474568a565862
310470 1 34 2 0 1 0 0 0 0  aaaa99995988a8774879aa839977a366672558a465846
310472 1 34 2 0 1 1 0 0 0  aaaa99995988a8774879aa839977a365676648a565842
310476 1 34 2 0 2 0 0 0 0  aaaa99995988a8774879aa839977a366476558a665842
310478 1 34 2 0 2 1 0 0 0  aaaa99995988a8774879aa839977a366576458a664852
310482 1 34 2 0 3 0 0 0 0  aaaa99996988a8774879aa839977a366576468a554825
310484 1 34 2 0 3 1 0 0 0  aaaa99995988a8774879aa839977a366476568a565842
310514 1 34 2 1 2 1 0 0 0  aaaa99995988a8777869aa849977a367464668a555832
310556 1 34 2 2 3 1 0 0 0  aaaa99994988a8777869aa869977a366474568a553852
310610 1 34 2 4 0 1 0 0 0  aaaa99995988a8777879aa849966a376763568a545824
310612 1 34 2 4 0 2 0 0 0  aaaa99995988a8777879aa859966a576765468a433842
310658 1 34 2 5 2 1 0 0 0  aaaa99995988a8777869aa849957a365763668a475842
310660 1 34 2 5 2 2 0 0 0  aaaa99995988a8777869aa859947a563765668a473842
310696 1 34 2 6 2 2 0 0 0  aaaa99994988a8666879aa839956a375677778a545824
310754 1 34 2 8 0 1 0 0 0  aaaa99994988a8663879aa879956a677474578a563852
310760 1 34 2 8 1 1 0 0 0  aaaa99994988a8666879aa879966a377474578a553852
310768 1 34 2 8 2 2 0 0 0  aaaa99994988a8666879aa879956a377673578a545824
310804 1 34 2 9 2 2 0 0 0  aaaa99994988a8666879aa879956a377773568a545824
310840 1 34 2 10 2 2 0 0 0  aaaa99994988a8666879aa839956a377777568a545824
310860 1 34 3 0 0 0 0 0 0  aaaa99995988a8774879aa839977a386672656a545864
310862 1 34 3 0 0 1 0 0 0  aaaa99995988a8775879aa849977a386673626a545864
310866 1 34 3 0 1 0 0 0 0  aaaa99995988a8774879aa839977a386676656a545824
310868 1 34 3 0 1 1 0 0 0  aaaa99995988a8774879aa839977a386676646a555842
310872 1 34 3 0 2 0 0 0 0  aaaa99995988a8774879aa839977a386676654a565824
310874 1 34 3 0 2 1 0 0 0  aaaa99995988a8774879aa839977a386676654a562854
310878 1 34 3 0 3 0 0 0 0  aaaa99995988a8774879aa839977a386676565a465842
310880 1 34 3 0 3 1 0 0 0  aaaa99995988a8774879aa839977a386676564a565824
310884 1 34 3 0 4 0 0 0 0  aaaa99995988a8774879aa839977a386476655a662845
310886 1 34 3 0 4 1 0 0 0  aaaa99995988a8774879aa839977a386576654a662854
310892 1 34 3 0 5 1 0 0 0  aaaa99995988a8774879aa839977a386572654a666854
310927 1 34 3 1 5 0 1 0 0  aaaa99996988a8777829aa869977a687546554a356834
310931 1 34 3 1 5 2 1 0 0  aaaa99996988a8777829aa869977a687546354a536854
310944 1 34 3 2 2 0 0 0 0  aaaa99995988a8777869aa849977a386673654a565824
310946 1 34 3 2 2 1 0 0 0  aaaa99995988a8777869aa849977a386673654a562854
311052 1 34 3 5 2 0 0 0 0  aaaa99995988a8777869aa849967a386763657a545824
311054 1 34 3 5 2 1 0 0 0  aaaa99995988a8777869aa849967a386763647a555842
311076 1 34 3 6 0 0 0 0 0  aaaa99995988a8664879aa839976a687773756a545824
311078 1 34 3 6 0 1 0 0 0  aaaa99995988a8664879aa839976a687773746a555842
311082 1 34 3 6 1 0 0 0 0  aaaa99995988a8664879aa839976a387772765a455846
311088 1 34 3 6 2 0 0 0 0  aaaa99995988a8666879aa849976a387773765a455842
311090 1 34 3 6 2 1 0 0 0  aaaa99995988a8666879aa849976a387773764a555824
311094 1 34 3 6 3 0 0 0 0  aaaa99995988a8666879aa849976a387773756a545824
311096 1 34 3 6 3 1 0 0 0  aaaa99995988a8666879aa849976a387773746a555842
311100 1 34 3 6 4 0 0 0 0  aaaa99995988a8656879aa849976a387773764a655824
311102 1 34 3 6 4 1 0 0 0  aaaa99995988a8665879aa849976a387773764a655824
311108 1 34 3 6 5 1 0 0 0  aaaa99995988a8654879aa839976a387772765a644865
311110 1 34 3 6 5 2 0 0 0  aaaa99995988a8645879aa859976a587772763a644863
311256 1 34 4 0 0 0 0 0 0  aaaa99995988a8774879aa889977a386673656a545264
311293 1 34 4 1 0 0 1 0 0  aaaa99994988a8777839aa889977a487663665a554256
311329 1 34 4 2 0 0 1 0 0  aaaa99994988a8777839aa889977a486673656a554265
311467 1 34 4 5 5 0 1 0 0  aaaa99995988a8777829aa889967a486755637a664534
311480 1 34 4 6 1 1 0 0 0  aaaa99995988a8664879aa889976a387773764a562554
311498 1 34 4 6 4 1 0 0 0  aaaa99995988a8664879aa889976a387773765a652445
311500 1 34 4 6 4 2 0 0 0  aaaa99995988a8665879aa889976a587775764a644332
311504 1 34 4 6 5 1 0 0 0  aaaa99995988a8654879aa889976a387773765a644625
311506 1 34 4 6 5 2 0 0 0  aaaa99995988a8645879aa889976a587775763a644623
311660 1 34 5 0 1 1 0 0 0  aaaa99995988a8774879aa839958a386766767a655442
311666 1 34 5 0 2 1 0 0 0  aaaa99995988a8774879aa839968a386766757a644552
311670 1 34 5 0 3 0 0 0 0  aaaa99995988a8774879aa839968a386766757a545624
311672 1 34 5 0 3 1 0 0 0  aaaa99995988a8774879aa839968a386766747a555642
311678 1 34 5 0 4 1 0 0 0  aaaa99995988a8774879aa839968a686744757a663552
311684 1 34 5 0 5 1 0 0 0  aaaa99995988a8774879aa839968a386744757a666552
311756 1 34 5 2 5 1 0 0 0  aaaa99995988a8777879aa849968a386744657a663552
311846 1 34 5 5 2 1 0 0 0  aaaa99995988a8777869aa849968a386763674a572554
311868 1 34 5 6 0 0 0 0 0  aaaa99996988a8665879aa849978a387773756a545264
311870 1 34 5 6 0 1 0 0 0  aaaa99995988a8664879aa839978a387772756a646554
311876 1 34 5 6 1 1 0 0 0  aaaa99995988a8665879aa839978a387772764a655446
311882 1 34 5 6 2 1 0 0 0  aaaa99995988a8666879aa849978a387773765a652445
311884 1 34 5 6 2 2 0 0 0  aaaa99995988a8666879aa859978a587775764a644332
311888 1 34 5 6 3 1 0 0 0  aaaa99995988a8666879aa849978a387773764a562554
311894 1 34 5 6 4 1 0 0 0  aaaa99995988a8656879aa849978a387773765a644625
311896 1 34 5 6 4 2 0 0 0  aaaa99995988a8646879aa859978a587775763a644623
311900 1 34 5 6 5 1 0 0 0  aaaa99995988a8654879aa839978a387772765a644665
311902 1 34 5 6 5 2 0 0 0  aaaa99995988a8645879aa859978a587772763a644663
311940 1 34 5 8 0 0 0 0 0  aaaa99995988a8664879aa879978a387773665a455246
311976 1 34 5 9 0 0 0 0 0  aaaa99995988a8664879aa839978a387777665a455246
312014 1 34 5 10 0 1 0 0 0  aaaa99995988a8664869aa839978a387644756a777552
312062 1 34 6 0 2 1 0 0 0  aaaa99995988a8774879aa839977a386676684a562554
312066 1 34 6 0 3 0 0 0 0  aaaa99995988a8774879aa839977a386676685a455642
312068 1 34 6 0 3 1 0 0 0  aaaa99995988a8774879aa839977a386676684a555624
312072 1 34 6 0 4 0 0 0 0  aaaa99995988a8774879aa839977a386575686a646524
312074 1 34 6 0 4 1 0 0 0  aaaa99995988a8774879aa839977a386576684a662554
312080 1 34 6 0 5 1 0 0 0  aaaa99995988a8774879aa839977a386572684a666554
312134 1 34 6 2 2 1 0 0 0  aaaa99995988a8777869aa849977a386673684a562554
312260 1 34 6 5 5 1 0 0 0  aaaa99995988a8777859aa849967a386755687a663442
312270 1 34 6 6 1 0 0 0 0  aaaa99995988a8664879aa839976a387772785a655446
312272 1 34 6 6 1 1 0 0 0  aaaa99995988a8665879aa849976a387773786a655442
312278 1 34 6 6 2 1 0 0 0  aaaa99995988a8666879aa849976a387773785a652445
312280 1 34 6 6 2 2 0 0 0  aaaa99995988a8666879aa859976a587775784a644332
312290 1 34 6 6 4 1 0 0 0  aaaa99995988a8656879aa849976a387773785a644625
312292 1 34 6 6 4 2 0 0 0  aaaa99995988a8646879aa859976a587775783a644623
312296 1 34 6 6 5 1 0 0 0  aaaa99995988a8654879aa839976a387772785a644665
312298 1 34 6 6 5 2 0 0 0  aaaa99995988a8645879aa859976a587772783a644663
312460 1 34 7 0 2 2 0 0 0  aaaa99994988a8877879aa839975a766673258a566454
312638 1 34 7 5 2 1 0 0 0  aaaa99995988a8854869aa839977a767653728a644765
312640 1 34 7 5 2 2 0 0 0  aaaa99995988a8845869aa859977a767635728a644763
312686 1 34 7 6 4 1 0 0 0  aaaa99994988a8844879aa839965a676577778a663525
312794 1 34 7 9 4 1 0 0 0  aaaa99994988a8844879aa879965a677773658a663525
312830 1 34 7 10 4 1 0 0 0  aaaa99994988a8844879aa839965a677777658a663525
312948 1 34 8 3 0 0 0 0 0  aaaa99995988a8664879aa839977a387877665a455246
313015 1 34 8 4 5 0 1 0 0  aaaa99995988a8777829aa849975a587864356a763646
313064 1 34 8 6 1 1 0 0 0  aaaa99995988a8664879aa839976a387877764a562554
313082 1 34 8 6 4 1 0 0 0  aaaa99995988a8664879aa839976a387877765a652445
313084 1 34 8 6 4 2 0 0 0  aaaa99995988a8665879aa859976a587877764a644332
313088 1 34 8 6 5 1 0 0 0  aaaa99995988a8654879aa839976a387877765a644625
313090 1 34 8 6 5 2 0 0 0  aaaa99995988a8645879aa859976a587877763a644623
313165 1 34 8 9 0 0 1 0 0  aaaa99996988a8664839aa849975a787863755a774265
313167 1 34 8 9 0 1 1 0 0  aaaa99996988a8664839aa849975a787863752a774565
313236 1 34 9 0 0 0 0 0 0  aaaa99995988a8774879aa839977a386672656a844565
313238 1 34 9 0 0 1 0 0 0  aaaa99995988a8775879aa839977a386672646a855464
313244 1 34 9 0 1 1 0 0 0  aaaa99995988a8774879aa839977a386676656a844552
313254 1 34 9 0 3 0 0 0 0  aaaa99995988a8774879aa839977a386676645a855642
313256 1 34 9 0 3 1 0 0 0  aaaa99995988a8774879aa839977a386676645a852645
313382 1 34 9 4 0 1 0 0 0  aaaa99994988a8777879aa839966a387752656a844565
313384 1 34 9 4 0 2 0 0 0  aaaa99995988a8777879aa859966a587745636a844362
313410 1 34 9 4 5 0 0 0 0  aaaa99995988a8777879aa849954a587763526a863646
313430 1 34 9 5 2 1 0 0 0  aaaa99995988a8777869aa849967a386763657a844552
313454 1 34 9 6 0 1 0 0 0  aaaa99995988a8664879aa839976a687773756a844552
313458 1 34 9 6 1 0 0 0 0  aaaa99995988a8664879aa839976a387772765a855446
313460 1 34 9 6 1 1 0 0 0  aaaa99995988a8665879aa849976a387773764a862554
313466 1 34 9 6 2 1 0 0 0  aaaa99995988a8666879aa849976a387773765a852445
313468 1 34 9 6 2 2 0 0 0  aaaa99995988a8666879aa859976a587775764a844332
313472 1 34 9 6 3 1 0 0 0  aaaa99995988a8666879aa849976a387773756a844552
313478 1 34 9 6 4 1 0 0 0  aaaa99995988a8656879aa849976a387773765a844625
313480 1 34 9 6 4 2 0 0 0  aaaa99995988a8646879aa859976a587775763a844623
313484 1 34 9 6 5 1 0 0 0  aaaa99995988a8654879aa839976a387772765a844665
313486 1 34 9 6 5 2 0 0 0  aaaa99995988a8645879aa859976a587772763a844663
313610 1 34 9 10 2 1 0 0 0  aaaa99995988a8754869aa839967a386762675a844775
313612 1 34 9 10 2 2 0 0 0  aaaa99995988a8745869aa859967a586762673a844773
313714 1 34 10 2 1 2 0 0 0  aaaa99994988a8853879aa839977a787666675a652445
313732 1 34 10 2 4 2 0 0 0  aaaa99994988a8853879aa839977a787652675a666445
313736 1 34 10 2 5 1 0 0 0  aaaa99995988a8864879aa839977a787464576a565632
313826 1 34 10 5 2 1 0 0 0  aaaa99995988a8854869aa839977a787663765a644725
313828 1 34 10 5 2 2 0 0 0  aaaa99995988a8845869aa859977a787665763a644723
313858 1 34 10 6 1 2 0 0 0  aaaa99996988a8854879aa839976a687773765a652445
313862 1 34 10 6 2 1 0 0 0  aaaa99995988a8854879aa839976a387772765a666445
313864 1 34 10 6 2 2 0 0 0  aaaa99995988a8845879aa859976a587772763a666443
313874 1 34 10 6 4 1 0 0 0  aaaa99995988a8854879aa839976a687773765a644625
313876 1 34 10 6 4 2 0 0 0  aaaa99995988a8845879aa859976a687775763a644623
313880 1 34 10 6 5 1 0 0 0  aaaa99995988a8854879aa839976a387772765a644665
313882 1 34 10 6 5 2 0 0 0  aaaa99995988a8845879aa859976a587772763a644663
313919 1 34 10 7 5 2 1 0 0  aaaa99997988a8865839aa859977a787365476a464652
314006 1 34 10 10 2 1 0 0 0  aaaa99995988a8854869aa839976a387662765a777445
314008 1 34 10 10 2 2 0 0 0  aaaa99995988a8845869aa859976a587662763a777443
314048 1 34 11 0 3 1 0 0 0  aaaa99995988a8884879aa789976a376663674a572554
314058 1 34 11 0 5 0 0 0 0  aaaa99995988a8884879aa789976a375645572a673664
314208 1 34 11 5 0 0 0 0 0  aaaa99994988a8883869aa689977a767553765a464752
314532 1 34 12 3 0 0 0 0 0  aaaa99995988a8874879aa889966a377763567a562454
314534 1 34 12 3 0 1 0 0 0  aaaa99995988a8874879aa889966a377763567a565442
314558 1 34 12 3 4 1 0 0 0  aaaa99994988a8873879aa889965a677744657a663525
314726 1 34 12 8 2 1 0 0 0  aaaa99994988a8853879aa889976a377744657a662565
314728 1 34 12 8 2 2 0 0 0  aaaa99995988a8845879aa889976a577735647a662463
314830 1 34 13 0 1 2 0 0 0  aaaa99993988a8877879aa839975a866672456a547456
314832 1 34 13 0 2 0 0 0 0  aaaa99995988a8877879aa839974a866276566a547453
315122 1 34 13 8 2 1 0 0 0  aaaa99995988a8854879aa879963a877752637a644665
315124 1 34 13 8 2 2 0 0 0  aaaa99995988a8845879aa879963a877725637a644665
315217 1 34 14 0 0 0 1 0 0  aaaa99995988a8787839aa779928a876763665a455446
315836 1 34 15 6 1 1 0 0 0  aaaa99995988a8664879aa639978a387787765a652445
315838 1 34 15 6 1 2 0 0 0  aaaa99995988a8665879aa659978a587787764a644332
315844 1 34 15 6 2 2 0 0 0  aaaa99994988a8666879aa539978a387787765a652445
315856 1 34 15 6 4 2 0 0 0  aaaa99994988a8656879aa539978a387787765a644625
315862 1 34 15 6 5 2 0 0 0  aaaa99994988a8653879aa539978a287787765a644665
315900 1 34 15 8 0 0 0 0 0  aaaa99995988a8664879aa739978a387787665a455246
316033 1 34 16 0 4 0 1 0 0  aaaa99995988a8774829aa779968a487755636a686534
316202 1 34 16 5 2 1 0 0 0  aaaa99995988a8777869aa749968a386763674a582554
316230 1 34 16 6 1 0 0 0 0  aaaa99995988a8664879aa559978a387773765a682446
316232 1 34 16 6 1 1 0 0 0  aaaa99995988a8665879aa649978a387773764a682554
316238 1 34 16 6 2 1 0 0 0  aaaa99995988a8666879aa549978a387773765a682445
316240 1 34 16 6 2 2 0 0 0  aaaa99995988a8666879aa459978a587775763a682443
316244 1 34 16 6 3 1 0 0 0  aaaa99995988a8666879aa649978a387773764a582554
316250 1 34 16 6 4 1 0 0 0  aaaa99995988a8656879aa449978a487773765a683625
316252 1 34 16 6 4 2 0 0 0  aaaa99995988a8646879aa359978a587775763a684624
316256 1 34 16 6 5 1 0 0 0  aaaa99995988a8654879aa449978a387773765a682665
316258 1 34 16 6 5 2 0 0 0  aaaa99995988a8645879aa359978a587774763a682664
316298 1 34 16 8 0 1 0 0 0  aaaa99995988a8664879aa679978a387773664a582554
316310 1 34 16 8 2 1 0 0 0  aaaa99994988a8666879aa579978a387773565a682445
316322 1 34 16 8 4 1 0 0 0  aaaa99995988a8656879aa579978a387773464a684625
316334 1 34 16 9 0 1 0 0 0  aaaa99995988a8664879aa639978a387777664a582554
316434 1 34 17 0 5 0 0 0 0  aaaa99995988a8877879aa749976a885645563a637624
316576 1 34 17 4 4 2 0 0 0  aaaa99994988a8853879aa779976a887663765a652445
316582 1 34 17 4 5 2 0 0 0  aaaa99994988a8853879aa779976a887653765a644625
316628 1 34 17 6 1 1 0 0 0  aaaa99995988a8864879aa539976a887773766a652445
316630 1 34 17 6 1 2 0 0 0  aaaa99995988a8865879aa459976a887775766a644332
316636 1 34 17 6 2 2 0 0 0  aaaa99994988a8853879aa539976a887772765a666445
316648 1 34 17 6 4 2 0 0 0  aaaa99994988a8853879aa539976a887772766a644565
316654 1 34 17 6 5 2 0 0 0  aaaa99994988a8853879aa539976a887772765a644665
316802 1 34 18 0 0 1 0 0 0  aaaa99995988a8884879aa739976a876644676a573552
316812 1 34 18 0 2 0 0 0 0  aaaa99995988a8884879aa739975a876663672a476545
316814 1 34 18 0 2 1 0 0 0  aaaa99995988a8884879aa739975a876663674a576254
316820 1 34 18 0 3 1 0 0 0  aaaa99995988a8884879aa739976a876663674a572554
316830 1 34 18 0 5 0 0 0 0  aaaa99995988a8884879aa739976a875645572a673664
316890 1 34 18 2 3 0 0 0 0  aaaa99994988a8883879aa779965a876663575a572464
317102 1 34 18 8 2 1 0 0 0  aaaa99995988a8884879aa579963a877752637a644665
317104 1 34 18 8 2 2 0 0 0  aaaa99995988a8885879aa479963a877725637a644665
317226 1 34 19 0 5 0 0 0 0  aaaa99995988a8877879aa749976a785645562a683634
317300 1 34 19 2 5 1 0 0 0  aaaa99995988a8874879aa779976a387653465a684625
317368 1 34 19 4 4 2 0 0 0  aaaa99994988a8853879aa779976a687653765a682445
317372 1 34 19 4 5 1 0 0 0  aaaa99995988a8854879aa779976a387644765a683625
317374 1 34 19 4 5 2 0 0 0  aaaa99995988a8845879aa779976a587635763a684624
317422 1 34 19 6 1 2 0 0 0  aaaa99996988a8854879aa539976a687773765a682445
317424 1 34 19 6 2 0 0 0 0  aaaa99995988a8864879aa559976a387773765a484626
317432 1 34 19 6 3 1 0 0 0  aaaa99995988a8854879aa539976a687773766a682445
317434 1 34 19 6 3 2 0 0 0  aaaa99995988a8845879aa359976a687775766a682443
317438 1 34 19 6 4 1 0 0 0  aaaa99995988a8854879aa449976a687773765a683625
317440 1 34 19 6 4 2 0 0 0  aaaa99995988a8845879aa359976a687775763a684624
317444 1 34 19 6 5 1 0 0 0  aaaa99995988a8854879aa449976a387773765a682665
317446 1 34 19 6 5 2 0 0 0  aaaa99995988a8845879aa359976a587774763a682664
317600 1 34 20 0 1 1 0 0 0  aaaa99995988a8884879aa739975a387666677a644552
317604 1 34 20 0 2 0 0 0 0  aaaa99995988a8884879aa739976a387666477a654552
317606 1 34 20 0 2 1 0 0 0  aaaa99995988a8884879aa739976a387666577a655442
317610 1 34 20 0 3 0 0 0 0  aaaa99995988a8884879aa739976a387666577a562454
317612 1 34 20 0 3 1 0 0 0  aaaa99995988a8884879aa739976a387666577a565442
317624 1 34 20 0 5 1 0 0 0  aaaa99995988a8884879aa739976a387644577a655662
317628 1 34 20 1 0 0 0 0 0  aaaa99995988a8884879aa779977a387663665a455246
317696 1 34 20 2 5 1 0 0 0  aaaa99995988a8884879aa779976a387644567a655632
317764 1 34 20 4 4 2 0 0 0  aaaa99994988a8883879aa779976a687653765a652445
317768 1 34 20 4 5 1 0 0 0  aaaa99995988a8884879aa779976a387653765a644625
317770 1 34 20 4 5 2 0 0 0  aaaa99995988a8885879aa779976a587645763a644623
317772 1 34 20 5 0 0 0 0 0  aaaa99995988a8884879aa779966a387763567a562454
317774 1 34 20 5 0 1 0 0 0  aaaa99995988a8884879aa779966a387763567a565442
317798 1 34 20 5 4 1 0 0 0  aaaa99994988a8883879aa779965a687744657a663525
317818 1 34 20 6 1 2 0 0 0  aaaa99996988a8884879aa539976a687773765a652445
317822 1 34 20 6 2 1 0 0 0  aaaa99995988a8884879aa539976a387772765a666445
317824 1 34 20 6 2 2 0 0 0  aaaa99995988a8885879aa459976a587772763a666443
317834 1 34 20 6 4 1 0 0 0  aaaa99995988a8884879aa539976a687773765a644625
317836 1 34 20 6 4 2 0 0 0  aaaa99995988a8885879aa459976a687775763a644623
317840 1 34 20 6 5 1 0 0 0  aaaa99995988a8884879aa539976a387772765a644665
317842 1 34 20 6 5 2 0 0 0  aaaa99995988a8885879aa459976a587772763a644663
317954 1 34 20 10 0 1 0 0 0  aaaa99995988a8884869aa639976a387644756a777552
318008 1 34 21 0 3 1 0 0 0  aaaa99995988a8888879aa749976a376663674a572554
318018 1 34 21 0 5 0 0 0 0  aaaa99995988a8888879aa749976a375645572a673664
318446 1 34 22 1 4 1 0 0 0  aaaa99994978a7744789aa739965a688888657a663525
318580 1 34 22 5 2 2 0 0 0  aaaa99994978a7753789aa449962a788888765a663565
318788 1 35 0 0 1 1 0 0 0  aaaa99995887a9754789aa537986a396866877a644825
318790 1 35 0 0 1 2 0 0 0  aaaa99995887a9745789aa357986a596866877a644823
318794 1 35 0 0 2 1 0 0 0  aaaa99995887a9764789aa637984a496866877a555832
318806 1 35 0 0 4 1 0 0 0  aaaa99995887a9754789aa537986a396844877a666825
318808 1 35 0 0 4 2 0 0 0  aaaa99995887a9745789aa357986a596844877a666823
318812 1 35 0 0 5 1 0 0 0  aaaa99995887a9764789aa637984a495863877a565826
318824 1 35 0 1 1 1 0 0 0  aaaa99994887a9773789aa577986a396866855a644825
318860 1 35 0 2 1 1 0 0 0  aaaa99995887a9774789aa537986a396866875a644825
318862 1 35 0 2 1 2 0 0 0  aaaa99995887a9775789aa457986a596866873a644823
318866 1 35 0 2 2 1 0 0 0  aaaa99995887a9774789aa637984a496866876a555832
318878 1 35 0 2 4 1 0 0 0  aaaa99995887a9774789aa537986a396844875a666825
318880 1 35 0 2 4 2 0 0 0  aaaa99995887a9775789aa457986a596844873a666823
318884 1 35 0 2 5 1 0 0 0  aaaa99995887a9774789aa637984a495863876a565826
318942 1 35 0 4 3 0 0 0 0  aaaa99994887a9773789aa637985a796866855a644825
318960 1 35 0 5 0 0 0 0 0  aaaa99995887a9774689aa637986a397855876a454862
318962 1 35 0 5 0 1 0 0 0  aaaa99995887a9775689aa647986a397863874a655824
318968 1 35 0 5 1 1 0 0 0  aaaa99995887a9774689aa667986a397853875a644825
318970 1 35 0 5 1 2 0 0 0  aaaa99995887a9775689aa667986a597845873a644823
318974 1 35 0 5 2 1 0 0 0  aaaa99995887a9774689aa667984a497863876a555832
318978 1 35 0 5 3 0 0 0 0  aaaa99995887a9774689aa667986a397863875a455842
318980 1 35 0 5 3 1 0 0 0  aaaa99995887a9774689aa667986a397863874a555824
318984 1 35 0 5 4 0 0 0 0  aaaa99995887a9774489aa667985a497863876a565832
318986 1 35 0 5 4 1 0 0 0  aaaa99995887a9775689aa647985a597863876a464832
318992 1 35 0 5 5 1 0 0 0  aaaa99995887a9774589aa637985a597863876a464826
318996 1 35 0 6 0 0 0 0 0  aaaa99995887a9777689aa647986a397863865a455842
318998 1 35 0 6 0 1 0 0 0  aaaa99995887a9777689aa647986a397863864a555824
319024 1 35 0 6 4 2 0 0 0  aaaa99994887a9777689aa537986a397852865a644865
319040 1 35 0 7 1 1 0 0 0  aaaa99995887a9774689aa737986a696853875a644825
319042 1 35 0 7 1 2 0 0 0  aaaa99995887a9775689aa757986a696845873a644823
319070 1 35 0 8 0 1 0 0 0  aaaa99995887a9777689aa647986a395863874a655824
319132 1 35 0 9 4 2 0 0 0  aaaa99994887a9753689aa537986a297877865a644865
319142 1 35 0 10 0 1 0 0 0  aaaa99995886a9674689aa736984a495873867a575827
319190 1 35 1 0 2 1 0 0 0  aaaa99995888a9774769aa836967a697673858a844552
319196 1 35 1 0 3 1 0 0 0  aaaa99995888a9774769aa836967a697573858a862454
319198 1 35 1 0 3 2 0 0 0  aaaa99995888a9775769aa856967a697475838a862434
319202 1 35 1 0 4 1 0 0 0  aaaa99995888a9774769aa836967a397676858a844552
319212 1 35 1 1 0 0 0 0 0  aaaa99995888a9777779aa846967a394655868a864532
319214 1 35 1 1 0 1 0 0 0  aaaa99995888a9777779aa846967a395655868a863442
319237 1 35 1 1 4 0 1 0 0  aaaa99995888a9777779aa846927a696664838a855534
319303 1 35 1 3 3 0 1 0 0  aaaa99997888a9666729aa877977a495654838a865534
319334 1 35 1 4 2 1 0 0 0  aaaa99995888a9777769aa847967a396644858a863552
319363 1 35 1 5 1 0 1 0 0  aaaa99995888a9777669aa865927a595764838a874634
319365 1 35 1 5 1 1 1 0 0  aaaa99995888a9777669aa865957a592764838a874634
319367 1 35 1 5 1 2 1 0 0  aaaa99995888a9777669aa862947a594765838a874635
319399 1 35 1 6 1 0 1 0 0  aaaa99995888a9666769aa847977a492677838a855534
319592 1 35 2 0 3 1 0 0 0  aaaa99995888a9774769aa836967a697573888a644552
319608 1 35 2 1 0 0 0 0 0  aaaa99995888a9777779aa846967a395645888a563264
319730 1 35 2 4 2 1 0 0 0  aaaa99995888a9777769aa847967a396644888a563552
319788 1 35 2 6 0 0 0 0 0  aaaa99995888a9664769aa837977a395677888a562454
319790 1 35 2 6 0 1 0 0 0  aaaa99995888a9664769aa837977a395677888a565442
319862 1 35 2 8 0 1 0 0 0  aaaa99995888a9664769aa877977a395673888a565442
319898 1 35 2 9 0 1 0 0 0  aaaa99995888a9664769aa837977a795673888a565442
319934 1 35 2 10 0 1 0 0 0  aaaa99995888a9664679aa837956a397777888a565442
319969 1 35 3 0 0 0 1 0 0  aaaa99996888a9775769aa863987a497673288a655544
319973 1 35 3 0 0 2 1 0 0  aaaa99996888a9775769aa862987a597675488a644353
319980 1 35 3 0 2 0 0 0 0  aaaa99995888a9774769aa836987a397672588a454665
319982 1 35 3 0 2 1 0 0 0  aaaa99995888a9775769aa846987a397673588a645624
319986 1 35 3 0 3 0 0 0 0  aaaa99995888a9774769aa866987a397673488a654552
319988 1 35 3 0 3 1 0 0 0  aaaa99995888a9774769aa866987a397673588a655442
319992 1 35 3 0 4 0 0 0 0  aaaa99995888a9774769aa836987a397676488a654552
319994 1 35 3 0 4 1 0 0 0  aaaa99995888a9774769aa836987a397676588a655442
319999 1 35 3 0 5 0 1 0 0  aaaa99996888a9776759aa862987a697576588a543434
320018 1 35 3 1 2 1 0 0 0  aaaa99995888a9777779aa846987a396644688a563552
320054 1 35 3 2 2 1 0 0 0  aaaa99995888a9777769aa846987a396573688a644552
320078 1 35 3 3 0 1 0 0 0  aaaa99995888a9664769aa837987a797644788a563552
320126 1 35 3 4 2 1 0 0 0  aaaa99995888a9777769aa847987a396644688a563552
320161 1 35 3 5 2 0 1 0 0  aaaa99995888a9777669aa863987a496763288a575544
320165 1 35 3 5 2 2 1 0 0  aaaa99995888a9777669aa862987a596765488a474353
320173 1 35 3 5 4 0 1 0 0  aaaa99995888a9777369aa866987a396764288a575544
320177 1 35 3 5 4 2 1 0 0  aaaa99995888a9777269aa866987a596765488a474353
320179 1 35 3 5 5 0 1 0 0  aaaa99995888a9777369aa846987a396766288a575544
320183 1 35 3 5 5 2 1 0 0  aaaa99995888a9777269aa856987a596766488a474353
320184 1 35 3 6 0 0 0 0 0  aaaa99995888a9664769aa837987a797673588a562454
320186 1 35 3 6 0 1 0 0 0  aaaa99995888a9664769aa837987a797673588a565442
320197 1 35 3 6 2 0 1 0 0  aaaa99995888a9666739aa847987a797673288a655544
320201 1 35 3 6 2 2 1 0 0  aaaa99995888a9666729aa857987a797675488a644353
320203 1 35 3 6 3 0 1 0 0  aaaa99995888a9666739aa847987a797673288a565544
320207 1 35 3 6 3 2 1 0 0  aaaa99995888a9666729aa857987a797675488a464353
320215 1 35 3 6 5 0 1 0 0  aaaa99995888a9655729aa847987a797674388a653664
320292 1 35 3 9 0 0 0 0 0  aaaa99995888a9664679aa877986a397773588a562454
320294 1 35 3 9 0 1 0 0 0  aaaa99995888a9664679aa877986a397773588a565442
320305 1 35 3 9 2 0 1 0 0  aaaa99995888a9666379aa877986a397774288a655544
320309 1 35 3 9 2 2 1 0 0  aaaa99995888a9666279aa877986a597775488a644353
320311 1 35 3 9 3 0 1 0 0  aaaa99995888a9666379aa877986a397774288a565544
320315 1 35 3 9 3 2 1 0 0  aaaa99995888a9666279aa877986a597775488a464353
320323 1 35 3 9 5 0 1 0 0  aaaa99995888a9655279aa877986a497774388a653664
320328 1 35 3 10 0 0 0 0 0  aaaa99995888a9664679aa837986a397777588a562454
320330 1 35 3 10 0 1 0 0 0  aaaa99995888a9664679aa837986a397777588a565442
320341 1 35 3 10 2 0 1 0 0  aaaa99995888a9666379aa847986a397777288a655544
320345 1 35 3 10 2 2 1 0 0  aaaa99995888a9666279aa857986a597777488a644353
320347 1 35 3 10 3 0 1 0 0  aaaa99995888a9666379aa847986a397777288a565544
320351 1 35 3 10 3 2 1 0 0  aaaa99995888a9666279aa857986a597777488a464353
320359 1 35 3 10 5 0 1 0 0  aaaa99995888a9655279aa847986a497777388a653664
320376 1 35 4 0 2 0 0 0 0  aaaa99995888a9774769aa836987a397672568a454865
320378 1 35 4 0 2 1 0 0 0  aaaa99995888a9775769aa846987a397673568a645824
320384 1 35 4 0 3 1 0 0 0  aaaa99995888a9774769aa866987a397673568a545824
320386 1 35 4 0 3 2 0 0 0  aaaa99995888a9775769aa866987a597675468a433842
320390 1 35 4 0 4 1 0 0 0  aaaa99995888a9774769aa836987a397676568a545824
320392 1 35 4 0 4 2 0 0 0  aaaa99995888a9775769aa856987a597676468a433842
320549 1 35 4 5 0 2 1 0 0  aaaa99996888a9777669aa853987a696735248a475845
320557 1 35 4 5 2 0 1 0 0  aaaa99995888a9777669aa862987a496764558a375834
320559 1 35 4 5 2 1 1 0 0  aaaa99995888a9777669aa862987a496764538a575834
320560 1 35 4 5 2 2 0 0 0  aaaa99995888a9777669aa862987a596765348a375844
320561 1 35 4 5 2 2 1 0 0  aaaa99995888a9777669aa862987a596765438a474835
320567 1 35 4 5 3 2 1 0 0  aaaa99996888a9777669aa863987a596735248a475845
320569 1 35 4 5 4 0 1 0 0  aaaa99995888a9777269aa866987a496764558a375834
320571 1 35 4 5 4 1 1 0 0  aaaa99995888a9777269aa866987a496764538a575834
320572 1 35 4 5 4 2 0 0 0  aaaa99995888a9777269aa866987a596765348a375844
320573 1 35 4 5 4 2 1 0 0  aaaa99995888a9777269aa866987a596765438a474835
320575 1 35 4 5 5 0 1 0 0  aaaa99995888a9777269aa846987a496766558a375834
320577 1 35 4 5 5 1 1 0 0  aaaa99995888a9777269aa846987a496766538a575834
320578 1 35 4 5 5 2 0 0 0  aaaa99995888a9777269aa856987a596766348a375844
320579 1 35 4 5 5 2 1 0 0  aaaa99995888a9777269aa856987a596766438a474835
320599 1 35 4 6 3 0 1 0 0  aaaa99995888a9666729aa847987a797674558a365834
320601 1 35 4 6 3 1 1 0 0  aaaa99995888a9666729aa847987a797674538a565834
320602 1 35 4 6 3 2 0 0 0  aaaa99995888a9666729aa857987a797675348a365844
320603 1 35 4 6 3 2 1 0 0  aaaa99995888a9666729aa857987a797675438a464835
320611 1 35 4 6 5 0 1 0 0  aaaa99995888a9655729aa847987a797674368a653864
320629 1 35 4 7 2 0 1 0 0  aaaa99997888a9777669aa862987a496674558a353854
320631 1 35 4 7 2 1 1 0 0  aaaa99997888a9777669aa862987a496674558a355834
320633 1 35 4 7 2 2 1 0 0  aaaa99997888a9777669aa862987a496674538a555834
320641 1 35 4 7 4 0 1 0 0  aaaa99997888a9777269aa866987a496674558a353854
320643 1 35 4 7 4 1 1 0 0  aaaa99997888a9777269aa866987a496674558a355834
320645 1 35 4 7 4 2 1 0 0  aaaa99997888a9777269aa866987a496674538a555834
320647 1 35 4 7 5 0 1 0 0  aaaa99997888a9777269aa846987a496676558a353854
320649 1 35 4 7 5 1 1 0 0  aaaa99997888a9777269aa846987a496676558a355834
320651 1 35 4 7 5 2 1 0 0  aaaa99997888a9777269aa846987a496676538a555834
320666 1 35 4 8 2 1 0 0 0  aaaa99995888a9744769aa847987a797663568a655832
320687 1 35 4 8 5 2 1 0 0  aaaa99996888a9746729aa867987a797546358a536854
320707 1 35 4 9 3 0 1 0 0  aaaa99995888a9666279aa877986a497774558a365834
320709 1 35 4 9 3 1 1 0 0  aaaa99995888a9666279aa877986a497774538a565834
320710 1 35 4 9 3 2 0 0 0  aaaa99995888a9666279aa877986a597775348a365844
320711 1 35 4 9 3 2 1 0 0  aaaa99995888a9666279aa877986a597775438a464835
320719 1 35 4 9 5 0 1 0 0  aaaa99995888a9655279aa877986a497774368a653864
320743 1 35 4 10 3 0 1 0 0  aaaa99995888a9666279aa847986a497777558a365834
320745 1 35 4 10 3 1 1 0 0  aaaa99995888a9666279aa847986a497777538a565834
320746 1 35 4 10 3 2 0 0 0  aaaa99995888a9666279aa857986a597777348a365844
320747 1 35 4 10 3 2 1 0 0  aaaa99995888a9666279aa857986a597777438a464835
320755 1 35 4 10 5 0 1 0 0  aaaa99995888a9655279aa847986a497777368a653864
320772 1 35 5 0 2 0 0 0 0  aaaa99995888a9774769aa886987a397673468a654552
320774 1 35 5 0 2 1 0 0 0  aaaa99995888a9774769aa886987a397673568a655442
320940 1 35 5 5 0 0 0 0 0  aaaa99996888a9777669aa882987a696755348a375544
320941 1 35 5 5 0 0 1 0 0  aaaa99996888a9777669aa884987a696744558a375532
320953 1 35 5 5 2 0 1 0 0  aaaa99994888a9777629aa886987a696764558a375534
320955 1 35 5 5 2 1 1 0 0  aaaa99994888a9777629aa886987a696764538a575534
320957 1 35 5 5 2 2 1 0 0  aaaa99994888a9777629aa886987a696764358a573554
320958 1 35 5 5 3 0 0 0 0  aaaa99996888a9777629aa886987a696755348a375544
320959 1 35 5 5 3 0 1 0 0  aaaa99996888a9777649aa886987a696744558a375532
320965 1 35 5 5 4 0 1 0 0  aaaa99994888a9777669aa882987a496766558a375534
320967 1 35 5 5 4 1 1 0 0  aaaa99994888a9777669aa882987a496766538a575534
320969 1 35 5 5 4 2 1 0 0  aaaa99994888a9777669aa882987a496766358a573554
320971 1 35 5 5 5 0 1 0 0  aaaa99994888a9777269aa886987a496766558a375534
320973 1 35 5 5 5 1 1 0 0  aaaa99994888a9777269aa886987a496766538a575534
320975 1 35 5 5 5 2 1 0 0  aaaa99994888a9777269aa886987a496766358a573554
320995 1 35 5 6 3 0 1 0 0  aaaa99994888a9666729aa887987a797674558a365534
320997 1 35 5 6 3 1 1 0 0  aaaa99994888a9666729aa887987a797674538a565534
320999 1 35 5 6 3 2 1 0 0  aaaa99994888a9666729aa887987a797674358a563554
321007 1 35 5 6 5 0 1 0 0  aaaa99995888a9655729aa887987a797674368a653644
321011 1 35 5 6 5 2 1 0 0  aaaa99995888a9635729aa887987a797675468a644653
321103 1 35 5 9 3 0 1 0 0  aaaa99994888a9666779aa882986a497777558a365534
321105 1 35 5 9 3 1 1 0 0  aaaa99994888a9666779aa882986a497777538a565534
321107 1 35 5 9 3 2 1 0 0  aaaa99994888a9666779aa882986a497777358a563554
321115 1 35 5 9 5 0 1 0 0  aaaa99995888a9655779aa882986a497777368a653644
321119 1 35 5 9 5 2 1 0 0  aaaa99995888a9635779aa882986a597777468a644653
321139 1 35 5 10 3 0 1 0 0  aaaa99994888a9666279aa887986a497777558a365534
321141 1 35 5 10 3 1 1 0 0  aaaa99994888a9666279aa887986a497777538a565534
321143 1 35 5 10 3 2 1 0 0  aaaa99994888a9666279aa887986a497777358a563554
321151 1 35 5 10 5 0 1 0 0  aaaa99995888a9655279aa887986a497777368a653644
321155 1 35 5 10 5 2 1 0 0  aaaa99995888a9635279aa887986a597777468a644653
321157 1 35 6 0 0 0 1 0 0  aaaa99996888a9775769aa863987a497673268a855544
321161 1 35 6 0 0 2 1 0 0  aaaa99996888a9775769aa862987a597675468a844353
321168 1 35 6 0 2 0 0 0 0  aaaa99995888a9774769aa836987a397672558a845664
321170 1 35 6 0 2 1 0 0 0  aaaa99995888a9775769aa846987a397673568a845624
321174 1 35 6 0 3 0 0 0 0  aaaa99995888a9774769aa866987a397673468a854552
321176 1 35 6 0 3 1 0 0 0  aaaa99995888a9774769aa866987a397673568a855442
321180 1 35 6 0 4 0 0 0 0  aaaa99995888a9774769aa836987a397676468a854552
321182 1 35 6 0 4 1 0 0 0  aaaa99995888a9774769aa836987a397676568a855442
321206 1 35 6 1 2 1 0 0 0  aaaa99995888a9777779aa846987a396644658a863552
321242 1 35 6 2 2 1 0 0 0  aaaa99995888a9777769aa846987a396573658a862454
321244 1 35 6 2 2 2 0 0 0  aaaa99995888a9777769aa856987a596475638a862434
321266 1 35 6 3 0 1 0 0 0  aaaa99995888a9664769aa837987a797644758a863552
321314 1 35 6 4 2 1 0 0 0  aaaa99995888a9777769aa847987a396644658a863552
321353 1 35 6 5 2 2 1 0 0  aaaa99995888a9777669aa862987a596765348a873445
321365 1 35 6 5 4 2 1 0 0  aaaa99995888a9777269aa866987a596765348a873445
321371 1 35 6 5 5 2 1 0 0  aaaa99995888a9777269aa856987a596766348a873445
321372 1 35 6 6 0 0 0 0 0  aaaa99995888a9664769aa837987a797673558a865442
321374 1 35 6 6 0 1 0 0 0  aaaa99995888a9664769aa837987a797673458a864552
321385 1 35 6 6 2 0 1 0 0  aaaa99995888a9666739aa847987a797673268a855544
321389 1 35 6 6 2 2 1 0 0  aaaa99995888a9666729aa857987a797675468a844353
321395 1 35 6 6 3 2 1 0 0  aaaa99995888a9666729aa857987a797675348a863445
321397 1 35 6 6 4 0 1 0 0  aaaa99995888a9656739aa847987a797673268a855644
321401 1 35 6 6 4 2 1 0 0  aaaa99995888a9636729aa857987a797675468a844653
321403 1 35 6 6 5 0 1 0 0  aaaa99995888a9655729aa847987a797674368a853664
321480 1 35 6 9 0 0 0 0 0  aaaa99995888a9664679aa877986a397773558a865442
321482 1 35 6 9 0 1 0 0 0  aaaa99995888a9664679aa877986a397773458a864552
321493 1 35 6 9 2 0 1 0 0  aaaa99995888a9666379aa877986a397774268a855544
321497 1 35 6 9 2 2 1 0 0  aaaa99995888a9666279aa877986a597775468a844353
321503 1 35 6 9 3 2 1 0 0  aaaa99995888a9666279aa877986a597775348a863445
321505 1 35 6 9 4 0 1 0 0  aaaa99995888a9656379aa877986a397774268a855644
321509 1 35 6 9 4 2 1 0 0  aaaa99995888a9636279aa877986a597775468a844653
321511 1 35 6 9 5 0 1 0 0  aaaa99995888a9655279aa877986a497774368a853664
321516 1 35 6 10 0 0 0 0 0  aaaa99995888a9664679aa837986a397777558a865442
321518 1 35 6 10 0 1 0 0 0  aaaa99995888a9664679aa837986a397777458a864552
321529 1 35 6 10 2 0 1 0 0  aaaa99995888a9666379aa847986a397777268a855544
321533 1 35 6 10 2 2 1 0 0  aaaa99995888a9666279aa857986a597777468a844353
321539 1 35 6 10 3 2 1 0 0  aaaa99995888a9666279aa857986a597777348a863445
321541 1 35 6 10 4 0 1 0 0  aaaa99995888a9656379aa847986a397777268a855644
321545 1 35 6 10 4 2 1 0 0  aaaa99995888a9636279aa857986a597777468a844653
321547 1 35 6 10 5 0 1 0 0  aaaa99995888a9655279aa847986a497777368a853664
321558 1 35 7 0 1 0 0 0 0  aaaa99996888a9877749aa876966a397476858a553425
321574 1 35 7 0 3 2 0 0 0  aaaa99994888a9877769aa876966a397573858a562454
321582 1 35 7 0 5 0 0 0 0  aaaa99994888a9877759aa875956a397673868a645624
321587 1 35 7 0 5 2 1 0 0  aaaa99995888a9877739aa873946a597675868a644652
321722 1 35 7 4 4 1 0 0 0  aaaa99994888a9844779aa876975a696663858a773525
321746 1 35 7 5 2 1 0 0 0  aaaa99994888a9844779aa876977a396673858a566525
321782 1 35 7 6 2 1 0 0 0  aaaa99994888a9844769aa837977a396677858a566525
321794 1 35 7 6 4 1 0 0 0  aaaa99994888a9844769aa837977a396577858a666525
321848 1 35 7 8 1 1 0 0 0  aaaa99995888a9864769aa877977a396673858a562454
321850 1 35 7 8 1 2 0 0 0  aaaa99995888a9865769aa877977a596675848a464332
321854 1 35 7 8 2 1 0 0 0  aaaa99994888a9844769aa877977a396673858a566525
321860 1 35 7 8 3 1 0 0 0  aaaa99995888a9844769aa877977a496673868a563552
321890 1 35 7 9 2 1 0 0 0  aaaa99994888a9844769aa837977a796673858a566525
321926 1 35 7 10 2 1 0 0 0  aaaa99994888a9844679aa837966a397777858a566525
321956 1 35 8 0 1 1 0 0 0  aaaa99995888a9774679aa836988a696744758a673552
321962 1 35 8 0 2 1 0 0 0  aaaa99995888a9774679aa836988a696763758a572454
321964 1 35 8 0 2 2 0 0 0  aaaa99995888a9775679aa856988a696765748a474332
321974 1 35 8 0 4 1 0 0 0  aaaa99995888a9774679aa836988a396766758a572454
321976 1 35 8 0 4 2 0 0 0  aaaa99995888a9775679aa856988a596766748a474332
321998 1 35 8 1 2 1 0 0 0  aaaa99995888a9777779aa846988a396763658a644552
322055 1 35 8 2 5 2 1 0 0  aaaa99996888a9777379aa863988a695746528a575464
322069 1 35 8 3 2 0 1 0 0  aaaa99997888a9666279aa877988a597755468a644533
322073 1 35 8 3 2 2 1 0 0  aaaa99997888a9666279aa877988a497754368a653545
322093 1 35 8 4 0 0 1 0 0  aaaa99995888a9777379aa847988a396764668a525546
322096 1 35 8 4 0 2 0 0 0  aaaa99995888a9777279aa857988a596765668a344436
322105 1 35 8 4 2 0 1 0 0  aaaa99995888a9777279aa847988a496766638a655534
322117 1 35 8 4 4 0 1 0 0  aaaa99995888a9777379aa847988a396756628a664554
322123 1 35 8 4 5 0 1 0 0  aaaa99995888a9777279aa847988a496755638a666534
322141 1 35 8 5 2 0 1 0 0  aaaa99995888a9777669aa863988a496763278a575544
322145 1 35 8 5 2 2 1 0 0  aaaa99995888a9777669aa862988a596765478a474353
322153 1 35 8 5 4 0 1 0 0  aaaa99995888a9777369aa866988a396764278a575544
322157 1 35 8 5 4 2 1 0 0  aaaa99995888a9777269aa866988a596765478a474353
322159 1 35 8 5 5 0 1 0 0  aaaa99995888a9777369aa846988a396766278a575544
322163 1 35 8 5 5 2 1 0 0  aaaa99995888a9777269aa856988a596766478a474353
322165 1 35 8 6 0 0 1 0 0  aaaa99995888a9664779aa873988a497773668a525546
322168 1 35 8 6 0 2 0 0 0  aaaa99995888a9665779aa872988a597775668a344436
322177 1 35 8 6 2 0 1 0 0  aaaa99995888a9666779aa873988a497773268a655544
322181 1 35 8 6 2 2 1 0 0  aaaa99995888a9666779aa872988a597775468a644353
322183 1 35 8 6 3 0 1 0 0  aaaa99995888a9666779aa873988a497773268a565544
322187 1 35 8 6 3 2 1 0 0  aaaa99995888a9666779aa872988a597775468a464353
322189 1 35 8 6 4 0 1 0 0  aaaa99995888a9655779aa872988a497774638a666534
322195 1 35 8 6 5 0 1 0 0  aaaa99995888a9655779aa872988a497774368a653664
322200 1 35 8 7 0 0 0 0 0  aaaa99997888a9777669aa852988a696755438a374564
322201 1 35 8 7 0 0 1 0 0  aaaa99997888a9777669aa834988a696744558a275563
322213 1 35 8 7 2 0 1 0 0  aaaa99997888a9777669aa862988a496764558a375534
322215 1 35 8 7 2 1 1 0 0  aaaa99997888a9777669aa862988a496764538a575534
322217 1 35 8 7 2 2 1 0 0  aaaa99997888a9777669aa862988a496764358a573554
322225 1 35 8 7 4 0 1 0 0  aaaa99997888a9777269aa866988a496764558a375534
322227 1 35 8 7 4 1 1 0 0  aaaa99997888a9777269aa866988a496764538a575534
322229 1 35 8 7 4 2 1 0 0  aaaa99997888a9777269aa866988a496764358a573554
322231 1 35 8 7 5 0 1 0 0  aaaa99997888a9777269aa846988a496766558a375534
322233 1 35 8 7 5 1 1 0 0  aaaa99997888a9777269aa846988a496766538a575534
322235 1 35 8 7 5 2 1 0 0  aaaa99997888a9777269aa846988a496766358a573554
322237 1 35 8 8 0 0 1 0 0  aaaa99995888a9664379aa877988a397764728a656554
322273 1 35 8 9 0 0 1 0 0  aaaa99995888a9664379aa877988a397774668a525546
322276 1 35 8 9 0 2 0 0 0  aaaa99995888a9665279aa877988a597775668a344436
322285 1 35 8 9 2 0 1 0 0  aaaa99995888a9666379aa877988a397774268a655544
322289 1 35 8 9 2 2 1 0 0  aaaa99995888a9666279aa877988a597775468a644353
322291 1 35 8 9 3 0 1 0 0  aaaa99995888a9666379aa877988a397774268a565544
322295 1 35 8 9 3 2 1 0 0  aaaa99995888a9666279aa877988a597775468a464353
322297 1 35 8 9 4 0 1 0 0  aaaa99995888a9655279aa877988a497774638a666534
322303 1 35 8 9 5 0 1 0 0  aaaa99995888a9655279aa877988a497774368a653664
322309 1 35 8 10 0 0 1 0 0  aaaa99995888a9664379aa847988a397777668a525546
322312 1 35 8 10 0 2 0 0 0  aaaa99995888a9665279aa857988a597777668a344436
322321 1 35 8 10 2 0 1 0 0  aaaa99995888a9666379aa847988a397777268a655544
322325 1 35 8 10 2 2 1 0 0  aaaa99995888a9666279aa857988a597777468a644353
322327 1 35 8 10 3 0 1 0 0  aaaa99995888a9666379aa847988a397777268a565544
322331 1 35 8 10 3 2 1 0 0  aaaa99995888a9666279aa857988a597777468a464353
322333 1 35 8 10 4 0 1 0 0  aaaa99995888a9655279aa847988a497777638a666534
322339 1 35 8 10 5 0 1 0 0  aaaa99995888a9655279aa847988a497777368a653664
322375 1 35 9 0 5 0 1 0 0  aaaa99996888a9776739aa863987a697876558a452445
322394 1 35 9 1 2 1 0 0 0  aaaa99995888a9777779aa846987a396863658a644552
322430 1 35 9 2 2 1 0 0 0  aaaa99995888a9777769aa846987a396873658a644552
322453 1 35 9 3 0 0 1 0 0  aaaa99995888a9664739aa847987a797863728a656554
322502 1 35 9 4 2 1 0 0 0  aaaa99995888a9777769aa847987a396863658a644552
322558 1 35 9 5 5 2 0 0 0  aaaa99995888a9777449aa852987a596874678a666353
322559 1 35 9 5 5 2 1 0 0  aaaa99995888a9777249aa854987a596874678a666353
322561 1 35 9 6 0 0 1 0 0  aaaa99995888a9664739aa847987a797873668a525546
322564 1 35 9 6 0 2 0 0 0  aaaa99995888a9665729aa857987a797875668a344436
322573 1 35 9 6 2 0 1 0 0  aaaa99995888a9666739aa847987a797873268a655544
322577 1 35 9 6 2 2 1 0 0  aaaa99995888a9666729aa857987a797875468a644353
322579 1 35 9 6 3 0 1 0 0  aaaa99995888a9666739aa847987a797873268a565544
322583 1 35 9 6 3 2 1 0 0  aaaa99995888a9666729aa857987a797875468a464353
322585 1 35 9 6 4 0 1 0 0  aaaa99995888a9655729aa847987a797874638a666534
322591 1 35 9 6 5 0 1 0 0  aaaa99995888a9655729aa847987a797874368a653664
322631 1 35 9 7 5 2 1 0 0  aaaa99997888a9777339aa852987a596875648a666445
322669 1 35 9 9 0 0 1 0 0  aaaa99995888a9664379aa847987a397877668a525546
322672 1 35 9 9 0 2 0 0 0  aaaa99995888a9665279aa857987a597877668a344436
322681 1 35 9 9 2 0 1 0 0  aaaa99995888a9666379aa847987a397877268a655544
322685 1 35 9 9 2 2 1 0 0  aaaa99995888a9666279aa857987a597877468a644353
322687 1 35 9 9 3 0 1 0 0  aaaa99995888a9666379aa847987a397877268a565544
322691 1 35 9 9 3 2 1 0 0  aaaa99995888a9666279aa857987a597877468a464353
322693 1 35 9 9 4 0 1 0 0  aaaa99995888a9655279aa847987a497877638a666534
322699 1 35 9 9 5 0 1 0 0  aaaa99995888a9655279aa847987a497877368a653664
322717 1 35 9 10 2 0 1 0 0  aaaa99995888a9755669aa862987a496864378a753774
322729 1 35 9 10 4 0 1 0 0  aaaa99995888a9755269aa866987a496864378a753774
322735 1 35 9 10 5 0 1 0 0  aaaa99995888a9755269aa846987a496866378a753774
322741 1 35 10 0 0 0 1 0 0  aaaa99996888a9877759aa876986a397576568a543424
322775 1 35 10 0 5 2 1 0 0  aaaa99995888a9877739aa873986a597675468a644652
322862 1 35 10 3 2 1 0 0 0  aaaa99995888a9854769aa837987a797663768a652445
322864 1 35 10 3 2 2 0 0 0  aaaa99995888a9845769aa857987a797665768a644332
322898 1 35 10 4 2 1 0 0 0  aaaa99995888a9854779aa876987a396653678a762445
322900 1 35 10 4 2 2 0 0 0  aaaa99995888a9845779aa876987a596635678a762443
322906 1 35 10 4 3 2 0 0 0  aaaa99994888a9853779aa876987a696653678a752445
322945 1 35 10 5 4 0 1 0 0  aaaa99995888a9855779aa872987a497674638a666534
322951 1 35 10 5 5 0 1 0 0  aaaa99995888a9855779aa872987a497674368a653664
322981 1 35 10 6 4 0 1 0 0  aaaa99995888a9855729aa847987a797674638a666534
322987 1 35 10 6 5 0 1 0 0  aaaa99995888a9855729aa847987a797674368a653664
323089 1 35 10 9 4 0 1 0 0  aaaa99995888a9855279aa877986a497774638a666534
323095 1 35 10 9 5 0 1 0 0  aaaa99995888a9855279aa877986a497774368a653664
323125 1 35 10 10 4 0 1 0 0  aaaa99995888a9855279aa847986a497777638a666534
323131 1 35 10 10 5 0 1 0 0  aaaa99995888a9855279aa847986a497777368a653664
323533 1 35 12 0 0 0 1 0 0  aaaa99995888a9877729aa876965a597674658a384634
323543 1 35 12 0 1 2 1 0 0  aaaa99996888a9877729aa876966a497576358a583544
323554 1 35 12 0 3 2 0 0 0  aaaa99994888a9877769aa876966a397573658a582454
323562 1 35 12 0 5 0 0 0 0  aaaa99995888a9877759aa875946a597674268a684633
323567 1 35 12 0 5 2 1 0 0  aaaa99995888a9877739aa873946a597675468a684652
323702 1 35 12 4 4 1 0 0 0  aaaa99994888a9844779aa876975a696663758a783525
323717 1 35 12 5 0 2 1 0 0  aaaa99996888a9866779aa872977a495674538a585634
323726 1 35 12 5 2 1 0 0 0  aaaa99994888a9844779aa876977a396673658a586525
323753 1 35 12 6 0 2 1 0 0  aaaa99996888a9866729aa847977a495677538a585634
323762 1 35 12 6 2 1 0 0 0  aaaa99994888a9844769aa837977a396677658a586525
323774 1 35 12 6 4 1 0 0 0  aaaa99994888a9844769aa837977a396577658a686525
323789 1 35 12 7 0 2 1 0 0  aaaa99997888a9866779aa872975a696764358a583544
323825 1 35 12 8 0 2 1 0 0  aaaa99996888a9866729aa877977a495674538a585634
323834 1 35 12 8 2 1 0 0 0  aaaa99994888a9844769aa877977a396673658a586525
323861 1 35 12 9 0 2 1 0 0  aaaa99996888a9866729aa847977a795674538a585634
323870 1 35 12 9 2 1 0 0 0  aaaa99994888a9844769aa837977a796673658a586525
323897 1 35 12 10 0 2 1 0 0  aaaa99996888a9866279aa847956a497777538a585634
323906 1 35 12 10 2 1 0 0 0  aaaa99994888a9844679aa837966a397777658a586525
323929 1 35 13 0 0 0 1 0 0  aaaa99995888a9877279aa886976a796575468a464533
323933 1 35 13 0 0 2 1 0 0  aaaa99994888a9877279aa886976a796574368a563554
323978 1 35 13 1 2 1 0 0 0  aaaa99995888a9874779aa886977a396673658a562454
323980 1 35 13 1 2 2 0 0 0  aaaa99995888a9875779aa886977a596675648a464332
324014 1 35 13 2 2 1 0 0 0  aaaa99994888a9844779aa886977a396673758a566525
324037 1 35 13 3 0 0 1 0 0  aaaa99996888a9866779aa882977a796575458a464335
324041 1 35 13 3 0 2 1 0 0  aaaa99996888a9866779aa882977a796574358a563544
324077 1 35 13 4 0 2 1 0 0  aaaa99996888a9866779aa882977a496577358a563544
324098 1 35 13 4 4 1 0 0 0  aaaa99994888a9844779aa886977a396577658a663525
324149 1 35 13 6 0 2 1 0 0  aaaa99996888a9866729aa887977a496577358a563544
324170 1 35 13 6 4 1 0 0 0  aaaa99994888a9844769aa887977a396577658a663525
324253 1 35 13 9 0 0 1 0 0  aaaa99996888a9866729aa887977a796575458a464335
324257 1 35 13 9 0 2 1 0 0  aaaa99996888a9866729aa887977a796574358a563544
324289 1 35 13 10 0 0 1 0 0  aaaa99996888a9866279aa887965a597777458a464335
324293 1 35 13 10 0 2 1 0 0  aaaa99996888a9866279aa887965a497777358a563544
324427 1 35 14 2 5 0 1 0 0  aaaa99995888a9684729aa777988a897655367a653644
324431 1 35 14 2 5 2 1 0 0  aaaa99995888a9685739aa777988a897635467a644652
324473 1 35 14 4 0 2 1 0 0  aaaa99996888a9686729aa777988a897754665a354534
324514 1 35 14 5 1 2 0 0 0  aaaa99994888a9583779aa736988a897766657a562454
324529 1 35 14 5 4 0 1 0 0  aaaa99995888a9684779aa742988a897755637a666534
324535 1 35 14 5 5 0 1 0 0  aaaa99995888a9684779aa742988a897755367a653664
324545 1 35 14 6 0 2 1 0 0  aaaa99996888a9686779aa772988a897754665a354534
324587 1 35 14 7 1 2 1 0 0  aaaa99997888a9584769aa777988a896624357a563546
324643 1 35 14 8 5 0 1 0 0  aaaa99995888a9684779aa772988a897655367a653644
324647 1 35 14 8 5 2 1 0 0  aaaa99995888a9685779aa773988a897635467a644652
324648 1 35 14 9 0 0 0 0 0  aaaa99996888a9686479aa477988a897773665a553452
324653 1 35 14 9 0 2 1 0 0  aaaa99996888a9686279aa577988a897774665a354534
324689 1 35 14 10 0 2 1 0 0  aaaa99996888a9686279aa547988a897777665a354534
324829 1 35 15 3 0 0 1 0 0  aaaa99994888a9664779aa883988a797773665a554256
324845 1 35 15 3 2 2 1 0 0  aaaa99994888a9666779aa882988a797774365a653545
324865 1 35 15 4 0 0 1 0 0  aaaa99994888a9777379aa887988a396764665a554256
324883 1 35 15 4 3 0 1 0 0  aaaa99994888a9777279aa887988a496766655a533645
324901 1 35 15 5 0 0 1 0 0  aaaa99996888a9777669aa882988a696755475a474353
324919 1 35 15 5 3 0 1 0 0  aaaa99996888a9777629aa886988a696755475a474353
324937 1 35 15 6 0 0 1 0 0  aaaa99994888a9664739aa887988a797773665a554256
324953 1 35 15 6 2 2 1 0 0  aaaa99994888a9666729aa887988a797774365a653545
324972 1 35 15 7 0 0 0 0 0  aaaa99997888a9777669aa882988a696755437a345564
324973 1 35 15 7 0 0 1 0 0  aaaa99997888a9777669aa884988a696744557a335562
324990 1 35 15 7 3 0 0 0 0  aaaa99997888a9777629aa886988a696755437a345564
324991 1 35 15 7 3 0 1 0 0  aaaa99997888a9777649aa886988a696744557a335562
325009 1 35 15 8 0 0 1 0 0  aaaa99995888a9664779aa883988a497773726a656554
325045 1 35 15 9 0 0 1 0 0  aaaa99994888a9664779aa883988a397777665a554256
325061 1 35 15 9 2 2 1 0 0  aaaa99994888a9666779aa882988a497777365a653545
325081 1 35 15 10 0 0 1 0 0  aaaa99994888a9664379aa887988a397777665a554256
325097 1 35 15 10 2 2 1 0 0  aaaa99994888a9666279aa887988a497777365a653545
325261 1 35 16 4 0 0 1 0 0  aaaa99994888a9777739aa887987a496863665a554256
325309 1 35 16 5 2 0 1 0 0  aaaa99996888a9777629aa886987a695875574a346354
325330 1 35 16 5 5 2 0 0 0  aaaa99995888a9777339aa882987a596875674a666445
325333 1 35 16 6 0 0 1 0 0  aaaa99994888a9664739aa887987a797873665a554256
325349 1 35 16 6 2 2 1 0 0  aaaa99994888a9666729aa887987a797874365a653545
325402 1 35 16 7 5 2 0 0 0  aaaa99997888a9777469aa886987a496866537a555342
325403 1 35 16 7 5 2 1 0 0  aaaa99997888a9777369aa886987a396866547a555442
325435 1 35 16 8 5 0 1 0 0  aaaa99995888a9764729aa887987a797864556a365634
325437 1 35 16 8 5 1 1 0 0  aaaa99995888a9764729aa887987a797864536a565634
325438 1 35 16 8 5 2 0 0 0  aaaa99995888a9765729aa887987a797865346a365644
325439 1 35 16 8 5 2 1 0 0  aaaa99995888a9765729aa887987a797865436a464635
325441 1 35 16 9 0 0 1 0 0  aaaa99994888a9664379aa887987a397877665a554256
325457 1 35 16 9 2 2 1 0 0  aaaa99994888a9666279aa887987a497877365a653545
325476 1 35 16 10 0 0 0 0 0  aaaa99996888a9766269aa885987a595864473a734775
325477 1 35 16 10 0 0 1 0 0  aaaa99996888a9766569aa885987a395863574a742774
325499 1 35 16 10 3 2 1 0 0  aaaa99996888a9754629aa886987a696854375a753774
325564 1 35 17 1 2 2 0 0 0  aaaa99994888a9853779aa886987a797663765a652445
325594 1 35 17 2 1 2 0 0 0  aaaa99994888a9853779aa886987a797663675a652445
325615 1 35 17 2 5 0 1 0 0  aaaa99995888a9864779aa882987a797565376a563644
325619 1 35 17 2 5 2 1 0 0  aaaa99995888a9865779aa883987a797365476a464652
325636 1 35 17 3 2 2 0 0 0  aaaa99994888a9853769aa887987a797663765a652445
325702 1 35 17 5 1 2 0 0 0  aaaa99994888a9853769aa887987a397676675a652445
325723 1 35 17 5 5 0 1 0 0  aaaa99995888a9864729aa887987a497575376a563646
325810 1 35 17 8 1 2 0 0 0  aaaa99994888a9853769aa887987a797663675a652445
325831 1 35 17 8 5 0 1 0 0  aaaa99995888a9864729aa887987a797565376a563644
325835 1 35 17 8 5 2 1 0 0  aaaa99995888a9865739aa887987a797365476a464652
325916 1 35 18 0 1 1 0 0 0  aaaa99995888a9884779aa536987a897663675a672445
325918 1 35 18 0 1 2 0 0 0  aaaa99995888a9885779aa456987a897665673a672443
325926 1 35 18 0 3 0 0 0 0  aaaa99995888a9884779aa636987a897663575a675442
325928 1 35 18 0 3 1 0 0 0  aaaa99995888a9884779aa636987a897663475a674525
325939 1 35 18 0 5 0 1 0 0  aaaa99995888a9884779aa642987a897565376a573646
325945 1 35 18 1 0 0 1 0 0  aaaa99995888a9884779aa742987a896655776a363564
325952 1 35 18 1 1 1 0 0 0  aaaa99995888a9884779aa736987a896644776a563552
325981 1 35 18 2 0 0 1 0 0  aaaa99995888a9884779aa743987a897663276a656554
325985 1 35 18 2 0 2 1 0 0  aaaa99995888a9885779aa753987a897663276a646454
325988 1 35 18 2 1 1 0 0 0  aaaa99995888a9884779aa736987a897663675a652445
325990 1 35 18 2 1 2 0 0 0  aaaa99995888a9885779aa756987a897665674a644332
325998 1 35 18 2 3 0 0 0 0  aaaa99995888a9884779aa736987a897663476a654552
326000 1 35 18 2 3 1 0 0 0  aaaa99995888a9884779aa736987a897663576a655442
326011 1 35 18 2 5 0 1 0 0  aaaa99995888a9884779aa742987a897565376a563646
326060 1 35 18 4 1 1 0 0 0  aaaa99995888a9884779aa736987a896653676a752445
326062 1 35 18 4 1 2 0 0 0  aaaa99995888a9885779aa756987a896645676a744332
326066 1 35 18 4 2 1 0 0 0  aaaa99995888a9884779aa736987a896653675a762445
326068 1 35 18 4 2 2 0 0 0  aaaa99995888a9885779aa756987a896645673a762443
326072 1 35 18 4 3 1 0 0 0  aaaa99995888a9884779aa736987a896653675a744625
326074 1 35 18 4 3 2 0 0 0  aaaa99995888a9885779aa756987a896645673a744623
326078 1 35 18 4 4 1 0 0 0  aaaa99995888a9884779aa736987a896663675a752445
326080 1 35 18 4 4 2 0 0 0  aaaa99995888a9885779aa756987a896665674a744332
326161 1 35 18 7 0 0 1 0 0  aaaa99995888a9884779aa743987a897663667a525546
326164 1 35 18 7 0 2 0 0 0  aaaa99995888a9885779aa752987a897665667a344436
326172 1 35 18 7 2 0 0 0 0  aaaa99995888a9884779aa736987a897663467a654552
326174 1 35 18 7 2 1 0 0 0  aaaa99995888a9884779aa736987a897663567a655442
326178 1 35 18 7 3 0 0 0 0  aaaa99995888a9884779aa736987a897663567a562454
326180 1 35 18 7 3 1 0 0 0  aaaa99995888a9884779aa736987a897663567a565442
326191 1 35 18 7 5 0 1 0 0  aaaa99995888a9884779aa742987a897655367a653664
326197 1 35 18 8 0 0 1 0 0  aaaa99994888a9884779aa773987a897663665a554256
326411 1 35 19 2 5 2 1 0 0  aaaa99995888a9865779aa873987a597368476a464652
326428 1 35 19 3 2 2 0 0 0  aaaa99994888a9853769aa837987a797668765a652445
326440 1 35 19 3 4 2 0 0 0  aaaa99994888a9853769aa837987a797658765a644625
326464 1 35 19 4 2 2 0 0 0  aaaa99994888a9853779aa876987a396658675a762445
326479 1 35 19 4 5 0 1 0 0  aaaa99995888a9864779aa875987a595368276a764634
326585 1 35 19 7 4 2 1 0 0  aaaa99997888a9854779aa872987a497658635a666534
326591 1 35 19 7 5 2 1 0 0  aaaa99997888a9854779aa872987a497658365a653664
326627 1 35 19 8 5 2 1 0 0  aaaa99995888a9865739aa857987a797368476a464652
326687 1 35 19 10 3 2 1 0 0  aaaa99996888a9854669aa862987a496758375a753774
326714 1 35 20 0 2 1 0 0 0  aaaa99995888a9884779aa586987a397663475a674265
326720 1 35 20 0 3 1 0 0 0  aaaa99994888a9883779aa586987a697663575a672445
326726 1 35 20 0 4 1 0 0 0  aaaa99994888a9883779aa586987a397666575a672445
326858 1 35 20 4 2 1 0 0 0  aaaa99995888a9884779aa786987a396653675a762445
326860 1 35 20 4 2 2 0 0 0  aaaa99995888a9885779aa786987a596645673a762443
326866 1 35 20 4 3 2 0 0 0  aaaa99994888a9883779aa786987a696653675a752445
326881 1 35 20 5 0 0 1 0 0  aaaa99994888a9884779aa783987a797663665a554256
326964 1 35 20 7 2 0 0 0 0  aaaa99995888a9884779aa786987a397663467a654552
326966 1 35 20 7 2 1 0 0 0  aaaa99995888a9884779aa786987a397663567a655442
326989 1 35 20 8 0 0 1 0 0  aaaa99994888a9884739aa787987a797663665a554256
327024 1 35 20 9 0 0 0 0 0  aaaa99996888a9885279aa787986a697747663a535544
327029 1 35 20 9 0 2 1 0 0  aaaa99996888a9884279aa787986a697757665a354534
327254 1 35 21 4 2 1 0 0 0  aaaa99995888a9888779aa746987a396653675a762445
327256 1 35 21 4 2 2 0 0 0  aaaa99995888a9888779aa756987a596645673a762443
327262 1 35 21 4 3 2 0 0 0  aaaa99994888a9888779aa736987a696653675a752445
327277 1 35 21 5 0 0 1 0 0  aaaa99994888a9888779aa743987a797663665a554256
327360 1 35 21 7 2 0 0 0 0  aaaa99995888a9888779aa746987a397663467a654552
327362 1 35 21 7 2 1 0 0 0  aaaa99995888a9888779aa746987a397663567a655442
327492 1 35 22 0 0 0 0 0 0  aaaa99995778a9664689aa738976a398888557a765442
327494 1 35 22 0 0 1 0 0 0  aaaa99995778a9664689aa738976a398888457a764552
327505 1 35 22 0 2 0 1 0 0  aaaa99995778a9666389aa748976a398888267a755544
327509 1 35 22 0 2 2 1 0 0  aaaa99995778a9666289aa758976a598888467a744353
327515 1 35 22 0 3 2 1 0 0  aaaa99995778a9666289aa758976a598888347a763445
327517 1 35 22 0 4 0 1 0 0  aaaa99995778a9656389aa748976a398888267a755644
327521 1 35 22 0 4 2 1 0 0  aaaa99995778a9636289aa758976a598888467a744653
327523 1 35 22 0 5 0 1 0 0  aaaa99995778a9655289aa748976a498888367a753664
327542 1 35 22 1 2 1 0 0 0  aaaa99994778a9744689aa738966a398888757a566525
327589 1 35 22 2 4 0 1 0 0  aaaa99995778a9755289aa748976a498888637a666534
327595 1 35 22 2 5 0 1 0 0  aaaa99995778a9755289aa748976a498888367a653664
327641 1 35 22 4 0 2 1 0 0  aaaa99996778a9766289aa748956a498888537a575634
327650 1 35 22 4 2 1 0 0 0  aaaa99994778a9744689aa738966a398888657a576525
327754 1 35 22 7 1 2 0 0 0  aaaa99994778a9753689aa738976a698888675a652445
327853 1 35 22 10 0 0 1 0 0  aaaa99995668a9755289aa648967a498888376a753774
328158 1 36 0 7 3 0 0 0 0  aaaa99999887a7764689aa667986a395853875a475842
328169 1 36 0 7 4 2 1 0 0  aaaa99999887a7766389aa657983a594865876a474852
328291 1 36 1 0 1 0 1 0 0  aaaa99999888a7755729aa856976a696774838a864534
328346 1 36 1 1 4 1 0 0 0  aaaa99999888a7774779aa836975a696663858a844525
328687 1 36 2 0 1 0 1 0 0  aaaa99999888a7755729aa856976a696774888a364534
328716 1 36 2 1 0 0 0 0 0  aaaa99999888a7775779aa846976a396545888a526634
329089 1 36 3 0 2 0 1 0 0  aaaa99999888a7755279aa856987a797663488a644563
329251 1 36 3 4 5 0 1 0 0  aaaa99999888a7775279aa847986a497655388a653664
329339 1 36 3 7 1 2 1 0 0  aaaa99999888a7775669aa863987a597635488a644257
329343 1 36 3 7 2 1 1 0 0  aaaa99999888a7774669aa863987a497663588a554257
329355 1 36 3 7 4 1 1 0 0  aaaa99999888a7774369aa866987a397664588a554257
329361 1 36 3 7 5 1 1 0 0  aaaa99999888a7774369aa846987a397666588a554257
329365 1 36 3 8 0 0 1 0 0  aaaa99999888a7777669aa852987a697655488a446533
329375 1 36 3 8 1 2 1 0 0  aaaa99999888a7777669aa862987a497654388a653545
329403 1 36 3 9 0 1 1 0 0  aaaa99999888a6624379aa877986a397774588a565546
329404 1 36 3 9 0 2 0 0 0  aaaa99999888a6635279aa877986a597775488a465346
329405 1 36 3 9 0 2 1 0 0  aaaa99999888a6635279aa877986a597775488a464356
329406 1 36 3 9 1 0 0 0 0  aaaa99999888a6663579aa877985a697773588a546442
329407 1 36 3 9 1 0 1 0 0  aaaa99999888a6663579aa877985a697773588a546424
329439 1 36 3 10 0 1 1 0 0  aaaa99999888a6624379aa847986a397777588a565546
329440 1 36 3 10 0 2 0 0 0  aaaa99999888a6635279aa857986a597777488a465346
329441 1 36 3 10 0 2 1 0 0  aaaa99999888a6635279aa857986a597777488a464356
329443 1 36 3 10 1 0 1 0 0  aaaa99999888a6665279aa867985a597777488a446533
329485 1 36 4 0 2 0 1 0 0  aaaa99999888a7755279aa856987a797664368a653844
329489 1 36 4 0 2 2 1 0 0  aaaa99999888a7735279aa856987a797665468a644853
329510 1 36 4 1 0 1 0 0 0  aaaa99999888a7775779aa846986a397464568a565832
329528 1 36 4 1 3 1 0 0 0  aaaa99999888a7774779aa836986a697464568a553852
329534 1 36 4 1 4 1 0 0 0  aaaa99999888a7774779aa836984a497666568a553852
329647 1 36 4 4 5 0 1 0 0  aaaa99999888a7775279aa847986a497655368a653864
329760 1 36 4 8 0 0 0 0 0  aaaa99999888a7777669aa852987a697655348a356844
329761 1 36 4 8 0 0 1 0 0  aaaa99999888a7777669aa834987a697644558a256853
329773 1 36 4 8 2 0 1 0 0  aaaa99999888a7777669aa862987a497664558a353854
329775 1 36 4 8 2 1 1 0 0  aaaa99999888a7777669aa862987a497664558a355834
329777 1 36 4 8 2 2 1 0 0  aaaa99999888a7777669aa862987a497664538a555834
329785 1 36 4 8 4 0 1 0 0  aaaa99999888a7777269aa866987a497664558a353854
329787 1 36 4 8 4 1 1 0 0  aaaa99999888a7777269aa866987a497664558a355834
329789 1 36 4 8 4 2 1 0 0  aaaa99999888a7777269aa866987a497664538a555834
329791 1 36 4 8 5 0 1 0 0  aaaa99999888a7777269aa846987a497666558a353854
329793 1 36 4 8 5 1 1 0 0  aaaa99999888a7777269aa846987a497666558a355834
329795 1 36 4 8 5 2 1 0 0  aaaa99999888a7777269aa846987a497666538a555834
329797 1 36 4 9 0 0 1 0 0  aaaa99999888a6655579aa877986a597772438a464836
329799 1 36 4 9 0 1 1 0 0  aaaa99999888a6655279aa877986a597775438a464836
329800 1 36 4 9 0 2 0 0 0  aaaa99999888a6625479aa877984a597775368a365846
329801 1 36 4 9 0 2 1 0 0  aaaa99999888a6625379aa877983a597775468a464856
329803 1 36 4 9 1 0 1 0 0  aaaa99999888a6664279aa877985a697774558a356834
329805 1 36 4 9 1 1 1 0 0  aaaa99999888a6664279aa877985a697774538a556834
329829 1 36 4 9 5 1 1 0 0  aaaa99999888a6555279aa877985a497774638a666834
329832 1 36 4 10 0 0 0 0 0  aaaa99999888a6625379aa847986a397777558a465846
329833 1 36 4 10 0 0 1 0 0  aaaa99999888a6655579aa857986a297777438a464836
329834 1 36 4 10 0 1 0 0 0  aaaa99999888a6625379aa847986a397777548a565846
329835 1 36 4 10 0 1 1 0 0  aaaa99999888a6655279aa857986a597777438a464836
329836 1 36 4 10 0 2 0 0 0  aaaa99999888a6625479aa857984a597777368a365846
329837 1 36 4 10 0 2 1 0 0  aaaa99999888a6625379aa857983a597777468a464856
329865 1 36 4 10 5 1 1 0 0  aaaa99999888a6555279aa847985a497777638a666834
329868 1 36 5 0 0 0 0 0 0  aaaa99999888a7766279aa886987a797565458a436345
329881 1 36 5 0 2 0 1 0 0  aaaa99999888a7755279aa886987a797665468a644533
329885 1 36 5 0 2 2 1 0 0  aaaa99999888a7754279aa886987a797664368a653545
329899 1 36 5 0 5 0 1 0 0  aaaa99999888a7753579aa885987a797653468a644662
329939 1 36 5 1 5 2 1 0 0  aaaa99999888a7775779aa883986a597635468a644652
329977 1 36 5 3 0 0 1 0 0  aaaa99999888a7777279aa886986a597565468a464533
329981 1 36 5 3 0 2 1 0 0  aaaa99999888a7777279aa886986a497564368a563554
330043 1 36 5 4 5 0 1 0 0  aaaa99999888a7775279aa887986a497655368a653644
330047 1 36 5 4 5 2 1 0 0  aaaa99999888a7775279aa887986a597635468a644653
330096 1 36 5 6 2 0 0 0 0  aaaa99999888a7777649aa886986a397466758a553425
330156 1 36 5 8 0 0 0 0 0  aaaa99999888a7777669aa882987a697655348a356454
330157 1 36 5 8 0 0 1 0 0  aaaa99999888a7777669aa884987a697644558a356352
330174 1 36 5 8 3 0 0 0 0  aaaa99999888a7777629aa886987a697655348a356454
330175 1 36 5 8 3 0 1 0 0  aaaa99999888a7777649aa886987a697644558a356352
330195 1 36 5 9 0 1 1 0 0  aaaa99999888a6625779aa883986a397777548a565446
330197 1 36 5 9 0 2 1 0 0  aaaa99999888a6564779aa882985a497777668a533546
330231 1 36 5 10 0 1 1 0 0  aaaa99999888a6625379aa887986a397777548a565446
330233 1 36 5 10 0 2 1 0 0  aaaa99999888a6564279aa887985a497777668a533546
330265 1 36 6 0 0 0 1 0 0  aaaa99999888a7766279aa866987a797565458a844335
330277 1 36 6 0 2 0 1 0 0  aaaa99999888a7755279aa856987a797663468a844563
330434 1 36 6 4 4 1 0 0 0  aaaa99999888a7775679aa847986a397644568a855632
330439 1 36 6 4 5 0 1 0 0  aaaa99999888a7775279aa847986a497655368a853664
330457 1 36 6 5 2 0 1 0 0  aaaa99999888a7775669aa862987a497664738a855534
330469 1 36 6 5 4 0 1 0 0  aaaa99999888a7775269aa866987a497664738a855534
330475 1 36 6 5 5 0 1 0 0  aaaa99999888a7775269aa846987a497666738a855534
330527 1 36 6 7 1 2 1 0 0  aaaa99999888a7775669aa863987a597635468a844257
330529 1 36 6 7 2 0 1 0 0  aaaa99999888a7774669aa863987a497663558a854257
330541 1 36 6 7 4 0 1 0 0  aaaa99999888a7774369aa866987a397664558a854257
330547 1 36 6 7 5 0 1 0 0  aaaa99999888a7774369aa846987a397666558a854257
330553 1 36 6 8 0 0 1 0 0  aaaa99999888a7777669aa824987a697644558a856353
330563 1 36 6 8 1 2 1 0 0  aaaa99999888a7777669aa862987a497654368a853545
330591 1 36 6 9 0 1 1 0 0  aaaa99999888a6624379aa877986a397774558a864556
330592 1 36 6 9 0 2 0 0 0  aaaa99999888a6635279aa877986a597775448a865346
330593 1 36 6 9 0 2 1 0 0  aaaa99999888a6635479aa877984a497775268a865356
330607 1 36 6 9 3 0 1 0 0  aaaa99999888a6665279aa877986a497774638a855534
330627 1 36 6 10 0 1 1 0 0  aaaa99999888a6624379aa847986a397777558a864556
330628 1 36 6 10 0 2 0 0 0  aaaa99999888a6635279aa857986a597777448a865346
330629 1 36 6 10 0 2 1 0 0  aaaa99999888a6635479aa857984a497777268a865356
330631 1 36 6 10 1 0 1 0 0  aaaa99999888a6664279aa867985a497777558a856343
330643 1 36 6 10 3 0 1 0 0  aaaa99999888a6665279aa847986a497777638a855534
330876 1 36 7 6 0 0 0 0 0  aaaa99999888a8664769aa837977a395677488a564525
330878 1 36 7 6 0 1 0 0 0  aaaa99999888a8664769aa837977a395677588a562454
331104 1 36 8 1 2 0 0 0 0  aaaa99999888a7775779aa846988a397663468a654552
331106 1 36 8 1 2 1 0 0 0  aaaa99999888a7775779aa846988a397663568a655442
331201 1 36 8 4 0 0 1 0 0  aaaa99999888a7775379aa847988a397664668a525546
331204 1 36 8 4 0 2 0 0 0  aaaa99999888a7775279aa857988a597665668a344436
331213 1 36 8 4 2 0 1 0 0  aaaa99999888a7775379aa847988a397666268a655544
331217 1 36 8 4 2 2 1 0 0  aaaa99999888a7775279aa857988a597666468a644353
331219 1 36 8 4 3 0 1 0 0  aaaa99999888a7775379aa847988a397666268a565544
331223 1 36 8 4 3 2 1 0 0  aaaa99999888a7775279aa857988a597666468a464353
331225 1 36 8 4 4 0 1 0 0  aaaa99999888a7775279aa847988a497655638a666534
331231 1 36 8 4 5 0 1 0 0  aaaa99999888a7775279aa847988a497655368a653664
331249 1 36 8 5 2 0 1 0 0  aaaa99999888a7774669aa863988a497663758a554275
331261 1 36 8 5 4 0 1 0 0  aaaa99999888a7774369aa866988a397664758a554275
331267 1 36 8 5 5 0 1 0 0  aaaa99999888a7774369aa846988a397666758a554275
331319 1 36 8 7 1 2 1 0 0  aaaa99999888a7775669aa863988a597635478a644257
331323 1 36 8 7 2 1 1 0 0  aaaa99999888a7774669aa863988a497663578a554257
331335 1 36 8 7 4 1 1 0 0  aaaa99999888a7774369aa866988a397664578a554257
331341 1 36 8 7 5 1 1 0 0  aaaa99999888a7774369aa846988a397666578a554257
331345 1 36 8 8 0 0 1 0 0  aaaa99999888a7777669aa852988a697655478a446533
331355 1 36 8 8 1 2 1 0 0  aaaa99999888a7777669aa862988a497654378a653545
331383 1 36 8 9 0 1 1 0 0  aaaa99999888a6624379aa877988a397774568a565546
331384 1 36 8 9 0 2 0 0 0  aaaa99999888a6635279aa877988a597775468a465346
331385 1 36 8 9 0 2 1 0 0  aaaa99999888a6635279aa877988a597775468a464356
331399 1 36 8 9 3 0 1 0 0  aaaa99999888a6664379aa877988a397774658a554265
331419 1 36 8 10 0 1 1 0 0  aaaa99999888a6624379aa847988a397777568a565546
331420 1 36 8 10 0 2 0 0 0  aaaa99999888a6635279aa857988a597777468a465346
331421 1 36 8 10 0 2 1 0 0  aaaa99999888a6635279aa857988a597777468a464356
331435 1 36 8 10 3 0 1 0 0  aaaa99999888a6664379aa847988a397777658a554265
331465 1 36 9 0 2 0 1 0 0  aaaa99999888a7764279aa846987a797866558a365534
331467 1 36 9 0 2 1 1 0 0  aaaa99999888a7764279aa846987a797866538a565534
331469 1 36 9 0 2 2 1 0 0  aaaa99999888a7764279aa846987a797866358a563554
331488 1 36 9 1 0 0 0 0 0  aaaa99999888a7775779aa846986a397863568a562454
331490 1 36 9 1 0 1 0 0 0  aaaa99999888a7775779aa846986a397863568a565442
331621 1 36 9 4 4 0 1 0 0  aaaa99999888a7775279aa847986a497855638a666534
331627 1 36 9 4 5 0 1 0 0  aaaa99999888a7775279aa847986a497855368a653664
331735 1 36 9 7 5 0 1 0 0  aaaa99999888a7776559aa862987a697856348a356447
331737 1 36 9 7 5 1 1 0 0  aaaa99999888a7776259aa865987a697856348a356447
331747 1 36 9 8 1 0 1 0 0  aaaa99999888a7777669aa862987a497864558a365534
331749 1 36 9 8 1 1 1 0 0  aaaa99999888a7777669aa862987a497864538a565534
331751 1 36 9 8 1 2 1 0 0  aaaa99999888a7777669aa862987a497864358a563554
331756 1 36 9 8 2 2 0 0 0  aaaa99999888a7777669aa864987a497842358a536556
331757 1 36 9 8 2 2 1 0 0  aaaa99999888a7777669aa864987a297844358a536556
331765 1 36 9 8 4 0 1 0 0  aaaa99999888a7777269aa846987a497866558a365534
331767 1 36 9 8 4 1 1 0 0  aaaa99999888a7777269aa846987a497866538a565534
331769 1 36 9 8 4 2 1 0 0  aaaa99999888a7777269aa846987a497866358a563554
331770 1 36 9 8 5 0 0 0 0  aaaa99999888a7777559aa862987a697856348a356464
331771 1 36 9 8 5 0 1 0 0  aaaa99999888a7777559aa862987a697856438a446365
331772 1 36 9 8 5 1 0 0 0  aaaa99999888a7777259aa865987a697856348a356464
331773 1 36 9 8 5 1 1 0 0  aaaa99999888a7777259aa865987a697856438a446365
331774 1 36 9 8 5 2 0 0 0  aaaa99999888a7777449aa862987a697846358a536556
331775 1 36 9 8 5 2 1 0 0  aaaa99999888a7777249aa864987a697846358a536556
331779 1 36 9 9 0 1 1 0 0  aaaa99999888a6624379aa847987a397877568a565546
331780 1 36 9 9 0 2 0 0 0  aaaa99999888a6635279aa857987a597877468a465346
331781 1 36 9 9 0 2 1 0 0  aaaa99999888a6635279aa857987a597877468a464356
331795 1 36 9 9 3 0 1 0 0  aaaa99999888a6664379aa847987a397877658a554265
331835 1 36 9 10 3 2 1 0 0  aaaa99999888a7666339aa852986a597865748a777445
331883 1 36 10 0 5 2 1 0 0  aaaa99999888a8776379aa863978a695746528a575464
332023 1 36 10 4 5 0 1 0 0  aaaa99999888a8777279aa857968a496755638a664534
332113 1 36 10 7 2 0 1 0 0  aaaa99999888a8777629aa876968a495766558a374534
332247 1 36 11 0 0 1 1 0 0  aaaa99999888a8877729aa876965a497674638a555634
332425 1 36 11 5 0 0 1 0 0  aaaa99999888a8866779aa872977a696575458a464335
332429 1 36 11 5 0 2 1 0 0  aaaa99999888a8866779aa872977a696574358a563544
332465 1 36 11 6 0 2 1 0 0  aaaa99999888a8866729aa867977a496577358a563544
332486 1 36 11 6 4 1 0 0 0  aaaa99999888a8844769aa847977a396577658a663525
332533 1 36 11 8 0 0 1 0 0  aaaa99999888a8866729aa877977a696575458a464335
332537 1 36 11 8 0 2 1 0 0  aaaa99999888a8866729aa877977a696574358a563544
332569 1 36 11 9 0 0 1 0 0  aaaa99999888a8866729aa867977a796575458a464335
332573 1 36 11 9 0 2 1 0 0  aaaa99999888a8866729aa867977a796574358a563544
332605 1 36 11 10 0 0 1 0 0  aaaa99999888a8866279aa867965a597777458a464335
332609 1 36 11 10 0 2 1 0 0  aaaa99999888a8866279aa867965a497777358a563544
332837 1 36 12 5 2 2 1 0 0  aaaa99999888a8777669aa862957a496764538a575834
332843 1 36 12 5 3 2 1 0 0  aaaa99999888a8777669aa862967a495764538a575834
332849 1 36 12 5 4 2 1 0 0  aaaa99999888a8777629aa846967a695764538a575834
332855 1 36 12 5 5 2 1 0 0  aaaa99999888a8777269aa846957a496766538a575834
332879 1 36 12 6 3 2 1 0 0  aaaa99999888a8666729aa847977a495677538a565834
332889 1 36 12 6 5 1 1 0 0  aaaa99999888a8555729aa847977a496577638a666834
332897 1 36 12 7 0 2 1 0 0  aaaa99999888a8777669aa872967a495674638a555834
332899 1 36 12 7 1 0 1 0 0  aaaa99999888a8777669aa872967a695675538a444835
332903 1 36 12 7 1 2 1 0 0  aaaa99999888a8777669aa872967a695674538a554834
332909 1 36 12 7 2 2 1 0 0  aaaa99999888a8777629aa876967a495676538a554834
332911 1 36 12 7 3 0 1 0 0  aaaa99999888a8777669aa872967a695574658a354834
332917 1 36 12 7 4 0 1 0 0  aaaa99999888a8777629aa876967a695675538a444835
332921 1 36 12 7 4 2 1 0 0  aaaa99999888a8777629aa876967a695674538a554834
332923 1 36 12 7 5 0 1 0 0  aaaa99999888a8777269aa876957a596676538a444835
332927 1 36 12 7 5 2 1 0 0  aaaa99999888a8777269aa876957a496676538a554834
332951 1 36 12 8 3 2 1 0 0  aaaa99999888a8666729aa877977a495674538a565834
332961 1 36 12 8 5 1 1 0 0  aaaa99999888a8555729aa877977a496574638a666834
332987 1 36 12 9 3 2 1 0 0  aaaa99999888a8666729aa847977a795674538a565834
332997 1 36 12 9 5 1 1 0 0  aaaa99999888a8555729aa847977a796574638a666834
333023 1 36 12 10 3 2 1 0 0  aaaa99999888a8666279aa847956a497777538a565834
333033 1 36 12 10 5 1 1 0 0  aaaa99999888a8555279aa847965a497777638a666834
333108 1 36 13 2 0 0 0 0 0  aaaa99999888a8777729aa886967a595675648a534643
333109 1 36 13 2 0 0 1 0 0  aaaa99999888a8777729aa886967a595675648a453643
333113 1 36 13 2 0 2 1 0 0  aaaa99999888a8777729aa886967a495674638a555634
333229 1 36 13 5 2 0 1 0 0  aaaa99999888a8777629aa886967a495766558a374534
333271 1 36 13 6 3 0 1 0 0  aaaa99999888a8666729aa887977a495677558a364534
333282 1 36 13 6 5 0 0 0 0  aaaa99999888a8553749aa887977a396477658a666425
333503 1 36 14 1 5 2 1 0 0  aaaa99999887a8877289aa887976a493654765a653645
333615 1 36 14 5 0 1 1 0 0  aaaa99999887a8877289aa887966a597633547a565446
333617 1 36 14 5 0 2 1 0 0  aaaa99999887a8877289aa887966a497564367a563554
333685 1 36 14 7 0 0 1 0 0  aaaa99999887a8877289aa887966a596565467a447533
333901 1 36 15 2 0 0 1 0 0  aaaa99999888a7776279aa886988a697655475a644353
333905 1 36 15 2 0 2 1 0 0  aaaa99999888a7776279aa886988a697654375a653544
333966 1 36 15 3 5 0 0 0 0  aaaa99999888a7777279aa885988a597654364a635664
333967 1 36 15 3 5 0 1 0 0  aaaa99999888a7777579aa885988a397653465a644662
333973 1 36 15 4 0 0 1 0 0  aaaa99999888a7774379aa887988a397664665a554256
333989 1 36 15 4 2 2 1 0 0  aaaa99999888a7774279aa887988a497666365a653545
334019 1 36 15 5 1 2 1 0 0  aaaa99999888a7774629aa886988a697654765a353574
334055 1 36 15 6 1 2 1 0 0  aaaa99999888a7777629aa886988a697654765a354534
334080 1 36 15 7 0 0 0 0 0  aaaa99999888a7776669aa882988a697655475a435347
334091 1 36 15 7 1 2 1 0 0  aaaa99999888a7774629aa886988a697654375a653547
334098 1 36 15 7 3 0 0 0 0  aaaa99999888a7776629aa886988a697655475a435347
334123 1 36 15 8 1 0 1 0 0  aaaa99999888a7777629aa886988a697655475a644353
334127 1 36 15 8 1 2 1 0 0  aaaa99999888a7777629aa886988a697654375a653544
334159 1 36 15 9 1 0 1 0 0  aaaa99999888a6665779aa882988a697777554a346354
334160 1 36 15 9 1 1 0 0 0  aaaa99999888a6664779aa882988a697777555a346354
334161 1 36 15 9 1 1 1 0 0  aaaa99999888a6665779aa882988a697777354a536454
334162 1 36 15 9 1 2 0 0 0  aaaa99999888a6664779aa882988a697777354a536554
334163 1 36 15 9 1 2 1 0 0  aaaa99999888a6646779aa883988a397777656a542554
334195 1 36 15 10 1 0 1 0 0  aaaa99999888a6665279aa887988a697777554a346354
334196 1 36 15 10 1 1 0 0 0  aaaa99999888a6664279aa887988a697777555a346354
334197 1 36 15 10 1 1 1 0 0  aaaa99999888a6665279aa887988a697777354a536454
334198 1 36 15 10 1 2 0 0 0  aaaa99999888a6664279aa887988a697777354a536554
334199 1 36 15 10 1 2 1 0 0  aaaa99999888a6646379aa887988a397777656a542554
334225 1 36 16 0 0 0 1 0 0  aaaa99999888a7766279aa886987a797865554a346354
334226 1 36 16 0 0 1 0 0 0  aaaa99999888a7766279aa886987a797864555a346354
334227 1 36 16 0 0 1 1 0 0  aaaa99999888a7766279aa886987a797865354a536454
334228 1 36 16 0 0 2 0 0 0  aaaa99999888a7766279aa886987a797864354a536554
334229 1 36 16 0 0 2 1 0 0  aaaa99999888a7766379aa883987a797846656a542554
334258 1 36 16 0 5 2 0 0 0  aaaa99999888a7765379aa883987a797865446a265645
334259 1 36 16 0 5 2 1 0 0  aaaa99999888a7765379aa883987a797865246a465645
334362 1 36 16 3 5 0 0 0 0  aaaa99999888a7777279aa885986a597854364a635664
334363 1 36 16 3 5 0 1 0 0  aaaa99999888a7777579aa885986a397853465a644662
334373 1 36 16 4 0 2 1 0 0  aaaa99999888a7776279aa887986a697854665a354534
334438 1 36 16 5 5 2 0 0 0  aaaa99999888a7775339aa882987a597865746a464656
334463 1 36 16 6 3 2 1 0 0  aaaa99999888a7777669aa882986a697854765a354534
334483 1 36 16 7 1 0 1 0 0  aaaa99999888a7774629aa886987a697864557a365534
334485 1 36 16 7 1 1 1 0 0  aaaa99999888a7774629aa886987a697864537a565534
334487 1 36 16 7 1 2 1 0 0  aaaa99999888a7774629aa886987a697864357a563554
334488 1 36 16 7 2 0 0 0 0  aaaa99999888a7776629aa886987a697855347a356454
334489 1 36 16 7 2 0 1 0 0  aaaa99999888a7776649aa886987a697844557a356352
334501 1 36 16 7 4 0 1 0 0  aaaa99999888a7774269aa886987a497866557a365534
334503 1 36 16 7 4 1 1 0 0  aaaa99999888a7774269aa886987a497866537a565534
334505 1 36 16 7 4 2 1 0 0  aaaa99999888a7774269aa886987a497866357a563554
334506 1 36 16 7 5 0 0 0 0  aaaa99999888a7776559aa882987a697856347a356464
334507 1 36 16 7 5 0 1 0 0  aaaa99999888a7776559aa882987a697856437a446365
334508 1 36 16 7 5 1 0 0 0  aaaa99999888a7776259aa885987a697856347a356464
334509 1 36 16 7 5 1 1 0 0  aaaa99999888a7776259aa885987a697856437a446365
334510 1 36 16 7 5 2 0 0 0  aaaa99999888a7776449aa882987a697846357a536556
334511 1 36 16 7 5 2 1 0 0  aaaa99999888a7776249aa884987a697846357a536556
334529 1 36 16 8 2 2 1 0 0  aaaa99999888a7777639aa886987a697853245a456465
334546 1 36 16 8 5 2 0 0 0  aaaa99999888a7777549aa885985a597864376a364626
334547 1 36 16 8 5 2 1 0 0  aaaa99999888a7777539aa885985a597863476a464626
334555 1 36 16 9 1 0 1 0 0  aaaa99999888a6665279aa887987a697877554a346354
334556 1 36 16 9 1 1 0 0 0  aaaa99999888a6664279aa887987a697877555a346354
334557 1 36 16 9 1 1 1 0 0  aaaa99999888a6665279aa887987a697877354a536454
334558 1 36 16 9 1 2 0 0 0  aaaa99999888a6664279aa887987a697877354a536554
334559 1 36 16 9 1 2 1 0 0  aaaa99999888a6646379aa887987a397877656a542554
334606 1 36 16 10 3 2 0 0 0  aaaa99999888a7666459aa885986a497855736a777342
334607 1 36 16 10 3 2 1 0 0  aaaa99999888a7666359aa885986a397855746a777442
334673 1 36 17 1 2 2 1 0 0  aaaa99999888a8777779aa886968a692754635a654534
334692 1 36 17 2 0 0 0 0 0  aaaa99999888a8777279aa886968a595765647a534643
334693 1 36 17 2 0 0 1 0 0  aaaa99999888a8777279aa886968a595765647a453643
334695 1 36 17 2 0 1 1 0 0  aaaa99999888a8777279aa886968a495765637a554634
334697 1 36 17 2 0 2 1 0 0  aaaa99999888a8777279aa886968a495764637a555634
334763 1 36 17 3 5 2 1 0 0  aaaa99999888a8754729aa887978a796754635a666534
334765 1 36 17 4 0 0 1 0 0  aaaa99999888a8777279aa887968a696765554a345364
334766 1 36 17 4 0 1 0 0 0  aaaa99999888a8777279aa887968a696764555a345364
334767 1 36 17 4 0 1 1 0 0  aaaa99999888a8777279aa887968a696765534a545364
334768 1 36 17 4 0 2 0 0 0  aaaa99999888a8777279aa887968a696764534a555364
334769 1 36 17 4 0 2 1 0 0  aaaa99999888a8777279aa887968a695746664a555433
334813 1 36 17 5 2 0 1 0 0  aaaa99999888a8777629aa886968a495766575a374534
334879 1 36 17 7 1 0 1 0 0  aaaa99999888a8777629aa886968a795765537a444635
334883 1 36 17 7 1 2 1 0 0  aaaa99999888a8777629aa886968a795764537a554634
334919 1 36 17 8 1 2 1 0 0  aaaa99999888a8666729aa887978a796754735a654534
335017 1 36 18 0 0 0 1 0 0  aaaa99999888a8877279aa886976a796473565a563445
335465 1 36 19 1 2 2 1 0 0  aaaa99999888a8777779aa846968a692758635a654534
335477 1 36 19 1 4 2 1 0 0  aaaa99999888a8777779aa842968a696758635a654534
335555 1 36 19 3 5 2 1 0 0  aaaa99999888a8754729aa847978a796758635a666534
335711 1 36 19 8 1 2 1 0 0  aaaa99999888a8666729aa847978a796758735a654534
335809 1 36 20 0 0 0 1 0 0  aaaa99999888a8877729aa876965a897674655a354634
335814 1 36 20 0 1 0 0 0 0  aaaa99999888a8877729aa876966a897576554a453436
335815 1 36 20 0 1 0 1 0 0  aaaa99999888a8877729aa876966a897576553a435446
335817 1 36 20 0 1 1 1 0 0  aaaa99999888a8877729aa876966a897476555a435346
335819 1 36 20 0 1 2 1 0 0  aaaa99999888a8877729aa876966a897476543a555346
337103 1 37 0 2 5 2 1 0 0  aaaa99988787a9784789aa582986a779654365a653964
337105 1 37 0 3 0 0 1 0 0  aaaa99988787a9787289aa786986a469554657a353964
337143 1 37 0 4 0 1 1 0 0  aaaa99988787a9784289aa786986a469555657a373964
337144 1 37 0 4 0 2 0 0 0  aaaa99988787a9785289aa786986a569445637a375964
337175 1 37 0 4 5 2 1 0 0  aaaa99988787a9784289aa786985a469666357a573954
337301 1 37 0 8 2 2 1 0 0  aaaa99988787a9787789aa586986a679354265a654934
337319 1 37 0 8 5 2 1 0 0  aaaa99988787a9787789aa582986a479654365a653964
337399 1 37 1 0 1 0 1 0 0  aaaa99988888a9774739aa846967a679673565a528945
337428 1 37 1 1 0 0 0 0 0  aaaa99988888a9777779aa856967a369545456a648932
337589 1 37 1 5 2 2 1 0 0  aaaa99988888a9777669aa862957a469764537a558934
337607 1 37 1 5 5 2 1 0 0  aaaa99988888a9777269aa846957a469766537a558934
337608 1 37 1 6 0 0 0 0 0  aaaa99988888a9664769aa837977a379672556a458945
337610 1 37 1 6 0 1 0 0 0  aaaa99988888a9664769aa837977a379672546a558945
337621 1 37 1 6 2 0 1 0 0  aaaa99988888a9666739aa847977a479673565a528945
337627 1 37 1 6 3 0 1 0 0  aaaa99988888a9666739aa847977a479673556a258954
337629 1 37 1 6 3 1 1 0 0  aaaa99988888a9666739aa847977a479673526a558954
337630 1 37 1 6 3 2 0 0 0  aaaa99988888a9666729aa857977a579675436a348954
337631 1 37 1 6 3 2 1 0 0  aaaa99988888a9666729aa857977a579675436a448935
337633 1 37 1 6 4 0 1 0 0  aaaa99988888a9665739aa847977a479673565a628945
337635 1 37 1 6 4 1 1 0 0  aaaa99988888a9665739aa847977a479673265a658945
337636 1 37 1 6 4 2 0 0 0  aaaa99988888a9665729aa857977a579675364a638944
337637 1 37 1 6 4 2 1 0 0  aaaa99988888a9665739aa857977a579673264a648954
337641 1 37 1 6 5 1 1 0 0  aaaa99988888a9655739aa847977a479673265a658964
337650 1 37 1 7 1 0 0 0 0  aaaa99988888a9777669aa872967a669575453a438945
337651 1 37 1 7 1 0 1 0 0  aaaa99988888a9777669aa874967a669474553a258953
337657 1 37 1 7 2 0 1 0 0  aaaa99988888a9777629aa876967a469674355a538945
337660 1 37 1 7 2 2 0 0 0  aaaa99988888a9777629aa876967a569675344a438955
337663 1 37 1 7 3 0 1 0 0  aaaa99988888a9777669aa872967a659475653a438945
337668 1 37 1 7 4 0 0 0 0  aaaa99988888a9777629aa876967a669575453a438945
337669 1 37 1 7 4 0 1 0 0  aaaa99988888a9777649aa876967a669474553a258953
337698 1 37 1 8 3 0 0 0 0  aaaa99988888a9666729aa877977a579655346a358944
337699 1 37 1 8 3 0 1 0 0  aaaa99988888a9666749aa877977a379644556a258953
337715 1 37 1 8 5 2 1 0 0  aaaa99988888a9654739aa877977a479653265a658964
337751 1 37 1 9 5 2 1 0 0  aaaa99988888a9654739aa847977a779653265a658964
337775 1 37 1 10 3 2 1 0 0  aaaa99988888a9666279aa847956a479777536a558934
337808 1 37 2 0 3 1 0 0 0  aaaa99977888a9774769aa876966a359553888a464952
337813 1 37 2 0 4 0 1 0 0  aaaa99977888a9774769aa876966a629554888a533945
337850 1 37 2 1 4 1 0 0 0  aaaa99945888a9777779aa846967a369663888a555924
337861 1 37 2 2 0 0 1 0 0  aaaa99976888a9777769aa866967a429554888a533945
337892 1 37 2 2 5 1 0 0 0  aaaa99975888a9777769aa846957a369663888a545924
337894 1 37 2 2 5 2 0 0 0  aaaa99975888a9777769aa856947a569665888a433942
337897 1 37 2 3 0 0 1 0 0  aaaa99967888a9665769aa877977a429655888a354934
337970 1 37 2 5 0 1 0 0 0  aaaa99975888a9777669aa845967a369755888a644932
338012 1 37 2 6 1 1 0 0 0  aaaa99945888a9666769aa847977a379673888a555924
338047 1 37 2 7 1 0 1 0 0  aaaa99974888a9777669aa872967a669554888a533945
338053 1 37 2 7 2 0 1 0 0  aaaa99975888a9777629aa876967a469655888a354934
338065 1 37 2 7 4 0 1 0 0  aaaa99974888a9777629aa876967a669554888a533945
338077 1 37 2 8 0 0 1 0 0  aaaa99966888a9664729aa877977a679554888a533945
338095 1 37 2 8 3 0 1 0 0  aaaa99965888a9666729aa877977a479655888a354934
338113 1 37 2 9 0 0 1 0 0  aaaa99966888a9664729aa867977a779554888a533945
338149 1 37 2 10 0 0 1 0 0  aaaa99966888a9664279aa867955a479777888a353954
338185 1 37 3 0 0 0 1 0 0  aaaa99988888a9776769aa862987a479674565a533945
338215 1 37 3 0 5 0 1 0 0  aaaa99988888a9776749aa864987a679476553a256953
338364 1 37 3 5 0 0 0 0 0  aaaa99988888a9777669aa852987a669755347a356944
338365 1 37 3 5 0 0 1 0 0  aaaa99988888a9777669aa834987a669744557a256953
338377 1 37 3 5 2 0 1 0 0  aaaa99988888a9777669aa862987a469764557a353954
338379 1 37 3 5 2 1 1 0 0  aaaa99988888a9777669aa862987a469764557a355934
338381 1 37 3 5 2 2 1 0 0  aaaa99988888a9777669aa862987a469764537a555934
338389 1 37 3 5 4 0 1 0 0  aaaa99988888a9777269aa866987a469764557a353954
338391 1 37 3 5 4 1 1 0 0  aaaa99988888a9777269aa866987a469764557a355934
338393 1 37 3 5 4 2 1 0 0  aaaa99988888a9777269aa866987a469764537a555934
338395 1 37 3 5 5 0 1 0 0  aaaa99988888a9777269aa846987a469766557a353954
338397 1 37 3 5 5 1 1 0 0  aaaa99988888a9777269aa846987a469766557a355934
338399 1 37 3 5 5 2 1 0 0  aaaa99988888a9777269aa846987a469766537a555934
338413 1 37 3 6 2 0 1 0 0  aaaa99988888a9666729aa847987a779674565a533945
338419 1 37 3 6 3 0 1 0 0  aaaa99988888a9666729aa847987a779674556a353954
338421 1 37 3 6 3 1 1 0 0  aaaa99988888a9666729aa847987a779674556a355934
338423 1 37 3 6 3 2 1 0 0  aaaa99988888a9666729aa847987a779674536a555934
338436 1 37 3 7 0 0 0 0 0  aaaa99988888a9777669aa872987a669575453a436945
338437 1 37 3 7 0 0 1 0 0  aaaa99988888a9777669aa874987a669474553a256953
338449 1 37 3 7 2 0 1 0 0  aaaa99988888a9777639aa876987a669673455a544925
338454 1 37 3 7 3 0 0 0 0  aaaa99988888a9777629aa876987a669575453a436945
338455 1 37 3 7 3 0 1 0 0  aaaa99988888a9777649aa876987a669474553a256953
338461 1 37 3 7 4 0 1 0 0  aaaa99988888a9777669aa873987a369676455a544925
338467 1 37 3 7 5 0 1 0 0  aaaa99988888a9777369aa876987a369676455a544925
338473 1 37 3 8 0 0 1 0 0  aaaa99988888a9766739aa867987a779663455a544925
338521 1 37 3 9 2 0 1 0 0  aaaa99988888a9666279aa877986a479774565a533945
338527 1 37 3 9 3 0 1 0 0  aaaa99988888a9666279aa877986a479774556a353954
338529 1 37 3 9 3 1 1 0 0  aaaa99988888a9666279aa877986a479774556a355934
338531 1 37 3 9 3 2 1 0 0  aaaa99988888a9666279aa877986a479774536a555934
338557 1 37 3 10 2 0 1 0 0  aaaa99988888a9666279aa847986a479777565a533945
338563 1 37 3 10 3 0 1 0 0  aaaa99988888a9666279aa847986a479777556a353954
338565 1 37 3 10 3 1 1 0 0  aaaa99988888a9666279aa847986a479777556a355934
338567 1 37 3 10 3 2 1 0 0  aaaa99988888a9666279aa847986a479777536a555934
338592 1 37 4 0 2 0 0 0 0  aaaa99985888a9774769aa836987a379672568a454965
338594 1 37 4 0 2 1 0 0 0  aaaa99985888a9775769aa846987a379673568a645924
338600 1 37 4 0 3 1 0 0 0  aaaa99985888a9774769aa866987a379673568a545924
338602 1 37 4 0 3 2 0 0 0  aaaa99985888a9775769aa866987a579675468a433942
338606 1 37 4 0 4 1 0 0 0  aaaa99985888a9774769aa836987a379676568a545924
338608 1 37 4 0 4 2 0 0 0  aaaa99985888a9775769aa856987a579676468a433942
338630 1 37 4 1 2 1 0 0 0  aaaa99985888a9777779aa846987a369464668a555932
338666 1 37 4 2 2 1 0 0 0  aaaa99985888a9777769aa846987a369474668a555932
338738 1 37 4 4 2 1 0 0 0  aaaa99985888a9777769aa847987a369464668a555932
338765 1 37 4 5 0 2 1 0 0  aaaa99986888a9777669aa853987a669735248a475945
338773 1 37 4 5 2 0 1 0 0  aaaa99985888a9777669aa862987a469764558a375934
338775 1 37 4 5 2 1 1 0 0  aaaa99985888a9777669aa862987a469764538a575934
338776 1 37 4 5 2 2 0 0 0  aaaa99985888a9777669aa862987a569765348a375944
338777 1 37 4 5 2 2 1 0 0  aaaa99985888a9777669aa862987a569765438a474935
338783 1 37 4 5 3 2 1 0 0  aaaa99986888a9777669aa863987a569735248a475945
338785 1 37 4 5 4 0 1 0 0  aaaa99985888a9777269aa866987a469764558a375934
338787 1 37 4 5 4 1 1 0 0  aaaa99985888a9777269aa866987a469764538a575934
338788 1 37 4 5 4 2 0 0 0  aaaa99985888a9777269aa866987a569765348a375944
338789 1 37 4 5 4 2 1 0 0  aaaa99985888a9777269aa866987a569765438a474935
338791 1 37 4 5 5 0 1 0 0  aaaa99985888a9777269aa846987a469766558a375934
338793 1 37 4 5 5 1 1 0 0  aaaa99985888a9777269aa846987a469766538a575934
338794 1 37 4 5 5 2 0 0 0  aaaa99985888a9777269aa856987a569766348a375944
338795 1 37 4 5 5 2 1 0 0  aaaa99985888a9777269aa856987a569766438a474935
338815 1 37 4 6 3 0 1 0 0  aaaa99985888a9666729aa847987a779674558a365934
338817 1 37 4 6 3 1 1 0 0  aaaa99985888a9666729aa847987a779674538a565934
338818 1 37 4 6 3 2 0 0 0  aaaa99985888a9666729aa857987a779675348a365944
338819 1 37 4 6 3 2 1 0 0  aaaa99985888a9666729aa857987a779675438a464935
338827 1 37 4 6 5 0 1 0 0  aaaa99985888a9655729aa847987a779674368a653964
338845 1 37 4 7 2 0 1 0 0  aaaa99987888a9777669aa862987a469674558a353954
338847 1 37 4 7 2 1 1 0 0  aaaa99987888a9777669aa862987a469674558a355934
338849 1 37 4 7 2 2 1 0 0  aaaa99987888a9777669aa862987a469674538a555934
338857 1 37 4 7 4 0 1 0 0  aaaa99987888a9777269aa866987a469674558a353954
338859 1 37 4 7 4 1 1 0 0  aaaa99987888a9777269aa866987a469674558a355934
338861 1 37 4 7 4 2 1 0 0  aaaa99987888a9777269aa866987a469674538a555934
338863 1 37 4 7 5 0 1 0 0  aaaa99987888a9777269aa846987a469676558a353954
338865 1 37 4 7 5 1 1 0 0  aaaa99987888a9777269aa846987a469676558a355934
338867 1 37 4 7 5 2 1 0 0  aaaa99987888a9777269aa846987a469676538a555934
338882 1 37 4 8 2 1 0 0 0  aaaa99985888a9744769aa847987a779663568a655932
338903 1 37 4 8 5 2 1 0 0  aaaa99986888a9746729aa867987a779546358a536954
338923 1 37 4 9 3 0 1 0 0  aaaa99985888a9666279aa877986a479774558a365934
338925 1 37 4 9 3 1 1 0 0  aaaa99985888a9666279aa877986a479774538a565934
338926 1 37 4 9 3 2 0 0 0  aaaa99985888a9666279aa877986a579775348a365944
338927 1 37 4 9 3 2 1 0 0  aaaa99985888a9666279aa877986a579775438a464935
338935 1 37 4 9 5 0 1 0 0  aaaa99985888a9655279aa877986a479774368a653964
338959 1 37 4 10 3 0 1 0 0  aaaa99985888a9666279aa847986a479777558a365934
338961 1 37 4 10 3 1 1 0 0  aaaa99985888a9666279aa847986a479777538a565934
338962 1 37 4 10 3 2 0 0 0  aaaa99985888a9666279aa857986a579777348a365944
338963 1 37 4 10 3 2 1 0 0  aaaa99985888a9666279aa857986a579777438a464935
338971 1 37 4 10 5 0 1 0 0  aaaa99985888a9655279aa847986a479777368a653964
338977 1 37 5 0 0 0 1 0 0  aaaa99986888a9774729aa886987a679674565a533945
339007 1 37 5 0 5 0 1 0 0  aaaa99986888a9776749aa884987a679476553a256953
339156 1 37 5 5 0 0 0 0 0  aaaa99986888a9777669aa882987a669755437a354954
339157 1 37 5 5 0 0 1 0 0  aaaa99986888a9777669aa884987a669744557a353952
339169 1 37 5 5 2 0 1 0 0  aaaa99984888a9777629aa886987a669764557a353954
339171 1 37 5 5 2 1 1 0 0  aaaa99984888a9777629aa886987a669764557a355934
339173 1 37 5 5 2 2 1 0 0  aaaa99984888a9777629aa886987a669764537a555934
339174 1 37 5 5 3 0 0 0 0  aaaa99986888a9777629aa886987a669755437a354954
339175 1 37 5 5 3 0 1 0 0  aaaa99986888a9777649aa886987a669744557a353952
339181 1 37 5 5 4 0 1 0 0  aaaa99984888a9777669aa882987a469766557a353954
339183 1 37 5 5 4 1 1 0 0  aaaa99984888a9777669aa882987a469766557a355934
339185 1 37 5 5 4 2 1 0 0  aaaa99984888a9777669aa882987a469766537a555934
339187 1 37 5 5 5 0 1 0 0  aaaa99984888a9777269aa886987a469766557a353954
339189 1 37 5 5 5 1 1 0 0  aaaa99984888a9777269aa886987a469766557a355934
339191 1 37 5 5 5 2 1 0 0  aaaa99984888a9777269aa886987a469766537a555934
339205 1 37 5 6 2 0 1 0 0  aaaa99984888a9666729aa887987a779674565a533945
339211 1 37 5 6 3 0 1 0 0  aaaa99984888a9666729aa887987a779674556a353954
339213 1 37 5 6 3 1 1 0 0  aaaa99984888a9666729aa887987a779674556a355934
339215 1 37 5 6 3 2 1 0 0  aaaa99984888a9666729aa887987a779674536a555934
339228 1 37 5 7 0 0 0 0 0  aaaa99987888a9777669aa882987a669575453a436945
339229 1 37 5 7 0 0 1 0 0  aaaa99987888a9777669aa884987a669474553a256953
339241 1 37 5 7 2 0 1 0 0  aaaa99987888a9777639aa886987a669673455a544925
339246 1 37 5 7 3 0 0 0 0  aaaa99987888a9777629aa886987a669575453a436945
339247 1 37 5 7 3 0 1 0 0  aaaa99987888a9777649aa886987a669474553a256953
339253 1 37 5 7 4 0 1 0 0  aaaa99987888a9777669aa883987a369676455a544925
339259 1 37 5 7 5 0 1 0 0  aaaa99987888a9777369aa886987a369676455a544925
339313 1 37 5 9 2 0 1 0 0  aaaa99984888a9666779aa882986a479777565a533945
339319 1 37 5 9 3 0 1 0 0  aaaa99984888a9666779aa882986a479777556a353954
339321 1 37 5 9 3 1 1 0 0  aaaa99984888a9666779aa882986a479777556a355934
339323 1 37 5 9 3 2 1 0 0  aaaa99984888a9666779aa882986a479777536a555934
339349 1 37 5 10 2 0 1 0 0  aaaa99984888a9666279aa887986a479777565a533945
339355 1 37 5 10 3 0 1 0 0  aaaa99984888a9666279aa887986a479777556a353954
339357 1 37 5 10 3 1 1 0 0  aaaa99984888a9666279aa887986a479777556a355934
339359 1 37 5 10 3 2 1 0 0  aaaa99984888a9666279aa887986a479777536a555934
339384 1 37 6 0 2 0 0 0 0  aaaa99985888a9774769aa836987a379672855a644965
339386 1 37 6 0 2 1 0 0 0  aaaa99985888a9775769aa846987a379673864a655924
339390 1 37 6 0 3 0 0 0 0  aaaa99985888a9774769aa866987a379673865a455942
339392 1 37 6 0 3 1 0 0 0  aaaa99985888a9774769aa866987a379673864a555924
339396 1 37 6 0 4 0 0 0 0  aaaa99985888a9774769aa836987a379676865a455942
339398 1 37 6 0 4 1 0 0 0  aaaa99985888a9774769aa836987a379676864a555924
339458 1 37 6 2 2 1 0 0 0  aaaa99985888a9777769aa846987a369474866a555932
339588 1 37 6 6 0 0 0 0 0  aaaa99985888a9664769aa837987a779673856a545924
339590 1 37 6 6 0 1 0 0 0  aaaa99985888a9664769aa837987a779673846a555942
339637 1 37 6 7 2 0 1 0 0  aaaa99987888a9777669aa862987a469674855a533945
339649 1 37 6 7 4 0 1 0 0  aaaa99987888a9777269aa866987a469674855a533945
339655 1 37 6 7 5 0 1 0 0  aaaa99987888a9777269aa846987a469676855a533945
339674 1 37 6 8 2 1 0 0 0  aaaa99985888a9754769aa837987a779663865a644925
339676 1 37 6 8 2 2 0 0 0  aaaa99985888a9745769aa857987a779665863a644923
339696 1 37 6 9 0 0 0 0 0  aaaa99985888a9664679aa877986a379773856a545924
339698 1 37 6 9 0 1 0 0 0  aaaa99985888a9664679aa877986a379773846a555942
339732 1 37 6 10 0 0 0 0 0  aaaa99985888a9664679aa837986a379777856a545924
339734 1 37 6 10 0 1 0 0 0  aaaa99985888a9664679aa837986a379777846a555942
339774 1 37 7 0 1 0 0 0 0  aaaa99988888a9877749aa876966a379476552a453956
339775 1 37 7 0 1 0 1 0 0  aaaa99988888a9877729aa876966a379576455a454936
339777 1 37 7 0 1 1 1 0 0  aaaa99988888a9877729aa876966a379576555a444936
339779 1 37 7 0 1 2 1 0 0  aaaa99988888a9877729aa876966a479574656a534953
339877 1 37 7 3 0 0 1 0 0  aaaa99988888a9857749aa877977a369644655a563962
339949 1 37 7 5 0 0 1 0 0  aaaa99988888a9866779aa873977a679663455a544925
340009 1 37 7 6 4 0 1 0 0  aaaa99988888a9855729aa857977a479674635a666934
340019 1 37 7 6 5 2 1 0 0  aaaa99988888a9846729aa867977a679576354a536954
340037 1 37 7 7 2 2 1 0 0  aaaa99988888a9857779aa876976a679354265a654934
340055 1 37 7 7 5 2 1 0 0  aaaa99988888a9857779aa872976a479654365a653964
340093 1 37 7 9 0 0 1 0 0  aaaa99988888a9866739aa867977a779663455a544925
340129 1 37 7 10 0 0 1 0 0  aaaa99988888a9866279aa867955a479777656a354934
340172 1 37 8 0 1 1 0 0 0  aaaa99985888a9774679aa836988a669744767a555932
340176 1 37 8 0 2 0 0 0 0  aaaa99985888a9774679aa836988a669763757a545924
340178 1 37 8 0 2 1 0 0 0  aaaa99985888a9774679aa836988a669763747a555942
340188 1 37 8 0 4 0 0 0 0  aaaa99985888a9774679aa836988a369766757a545924
340190 1 37 8 0 4 1 0 0 0  aaaa99985888a9774679aa836988a369766747a555942
340198 1 37 8 0 5 2 0 0 0  aaaa99986888a9776279aa865988a659755747a446933
340199 1 37 8 0 5 2 1 0 0  aaaa99986888a9776279aa865988a659755747a436943
340212 1 37 8 1 2 0 0 0 0  aaaa99985888a9777779aa846988a369763665a455942
340214 1 37 8 1 2 1 0 0 0  aaaa99985888a9777779aa846988a369763664a555924
340230 1 37 8 1 5 0 0 0 0  aaaa99986888a9777779aa862988a659756544a336945
340270 1 37 8 2 5 2 0 0 0  aaaa99986888a9777479aa864988a649736527a555963
340271 1 37 8 2 5 2 1 0 0  aaaa99986888a9777279aa864988a649746537a555936
340289 1 37 8 3 2 2 1 0 0  aaaa99987888a9666279aa877988a479754365a653945
340291 1 37 8 3 3 0 1 0 0  aaaa99987888a9666279aa877988a479764565a533945
340299 1 37 8 3 4 1 1 0 0  aaaa99987888a9655279aa877988a479754635a666934
340313 1 37 8 4 0 2 1 0 0  aaaa99985888a9777279aa857988a569765463a464963
340331 1 37 8 4 3 2 1 0 0  aaaa99985888a9777279aa857988a569766463a464953
340338 1 37 8 4 5 0 0 0 0  aaaa99986888a9777279aa867988a659756544a336945
340361 1 37 8 5 2 2 1 0 0  aaaa99985888a9777669aa862988a569765473a474953
340373 1 37 8 5 4 2 1 0 0  aaaa99985888a9777269aa866988a569765473a474953
340379 1 37 8 5 5 2 1 0 0  aaaa99985888a9777269aa856988a569766473a474953
340384 1 37 8 6 0 2 0 0 0  aaaa99985888a9665779aa872988a579775664a443936
340385 1 37 8 6 0 2 1 0 0  aaaa99985888a9665779aa873988a579773662a444956
340396 1 37 8 6 2 2 0 0 0  aaaa99985888a9666779aa872988a579775364a635944
340397 1 37 8 6 2 2 1 0 0  aaaa99985888a9666779aa872988a579775463a644953
340403 1 37 8 6 3 2 1 0 0  aaaa99985888a9666779aa872988a579775463a464953
340405 1 37 8 6 4 0 1 0 0  aaaa99985888a9655779aa872988a479774635a666934
340411 1 37 8 6 5 0 1 0 0  aaaa99986888a9546779aa872988a679776554a356934
340415 1 37 8 6 5 2 1 0 0  aaaa99986888a9546779aa872988a679776354a536954
340416 1 37 8 7 0 0 0 0 0  aaaa99987888a9777669aa852988a669755347a356944
340417 1 37 8 7 0 0 1 0 0  aaaa99987888a9777669aa834988a669744557a256953
340429 1 37 8 7 2 0 1 0 0  aaaa99987888a9777669aa862988a469764557a353954
340431 1 37 8 7 2 1 1 0 0  aaaa99987888a9777669aa862988a469764557a355934
340433 1 37 8 7 2 2 1 0 0  aaaa99987888a9777669aa862988a469764537a555934
340441 1 37 8 7 4 0 1 0 0  aaaa99987888a9777269aa866988a469764557a353954
340443 1 37 8 7 4 1 1 0 0  aaaa99987888a9777269aa866988a469764557a355934
340445 1 37 8 7 4 2 1 0 0  aaaa99987888a9777269aa866988a469764537a555934
340447 1 37 8 7 5 0 1 0 0  aaaa99987888a9777269aa846988a469766557a353954
340449 1 37 8 7 5 1 1 0 0  aaaa99987888a9777269aa846988a469766557a355934
340451 1 37 8 7 5 2 1 0 0  aaaa99987888a9777269aa846988a469766537a555934
340492 1 37 8 9 0 2 0 0 0  aaaa99985888a9665279aa877988a579775664a443936
340493 1 37 8 9 0 2 1 0 0  aaaa99985888a9665379aa877988a379775662a444956
340504 1 37 8 9 2 2 0 0 0  aaaa99985888a9666279aa877988a579775364a635944
340505 1 37 8 9 2 2 1 0 0  aaaa99985888a9666279aa877988a579775463a644953
340511 1 37 8 9 3 2 1 0 0  aaaa99985888a9666279aa877988a579775463a464953
340513 1 37 8 9 4 0 1 0 0  aaaa99985888a9655279aa877988a479774635a666934
340519 1 37 8 9 5 0 1 0 0  aaaa99986888a9546279aa877988a679776554a356934
340523 1 37 8 9 5 2 1 0 0  aaaa99986888a9546279aa877988a679776354a536954
340528 1 37 8 10 0 2 0 0 0  aaaa99985888a9665279aa857988a579777664a443936
340529 1 37 8 10 0 2 1 0 0  aaaa99985888a9665379aa857988a379777662a444956
340540 1 37 8 10 2 2 0 0 0  aaaa99985888a9666279aa857988a579777364a635944
340541 1 37 8 10 2 2 1 0 0  aaaa99985888a9666279aa857988a579777463a644953
340547 1 37 8 10 3 2 1 0 0  aaaa99985888a9666279aa857988a579777463a464953
340549 1 37 8 10 4 0 1 0 0  aaaa99985888a9655279aa847988a479777635a666934
340555 1 37 8 10 5 0 1 0 0  aaaa99986888a9546279aa867988a679777554a356934
340559 1 37 8 10 5 2 1 0 0  aaaa99986888a9546279aa867988a679777354a536954
340561 1 37 9 0 0 0 1 0 0  aaaa99986888a9774769aa862987a489677565a533945
340589 1 37 9 0 4 2 1 0 0  aaaa99986888a9775749aa854987a589477633a666952
340591 1 37 9 0 5 0 1 0 0  aaaa99986888a9776749aa864987a689477553a256953
340627 1 37 9 1 5 0 1 0 0  aaaa99986888a9777779aa862987a689546554a356934
340631 1 37 9 1 5 2 1 0 0  aaaa99986888a9777779aa862987a689546354a536954
340633 1 37 9 2 0 0 1 0 0  aaaa99986888a9777769aa862987a489674565a533945
340663 1 37 9 2 5 0 1 0 0  aaaa99986888a9777749aa864987a689476553a256953
340735 1 37 9 4 5 0 1 0 0  aaaa99986888a9777729aa867987a689546554a356934
340739 1 37 9 4 5 2 1 0 0  aaaa99986888a9777729aa867987a689546354a536954
340741 1 37 9 5 0 0 1 0 0  aaaa99986888a9777669aa842987a689764557a353954
340743 1 37 9 5 0 1 1 0 0  aaaa99986888a9777669aa842987a689764557a355934
340745 1 37 9 5 0 2 1 0 0  aaaa99986888a9777669aa842987a689764537a555934
340747 1 37 9 5 1 0 1 0 0  aaaa99985888a9777669aa862987a489764557a365934
340749 1 37 9 5 1 1 1 0 0  aaaa99985888a9777669aa862987a489764537a565934
340750 1 37 9 5 1 2 0 0 0  aaaa99985888a9777669aa862987a589765347a365944
340751 1 37 9 5 1 2 1 0 0  aaaa99985888a9777669aa862987a589765437a464935
340759 1 37 9 5 3 0 1 0 0  aaaa99986888a9777669aa862987a489764557a353954
340761 1 37 9 5 3 1 1 0 0  aaaa99986888a9777669aa862987a489764557a355934
340763 1 37 9 5 3 2 1 0 0  aaaa99986888a9777669aa862987a489764537a555934
340765 1 37 9 5 4 0 1 0 0  aaaa99985888a9777269aa846987a489766557a365934
340767 1 37 9 5 4 1 1 0 0  aaaa99985888a9777269aa846987a489766537a565934
340768 1 37 9 5 4 2 0 0 0  aaaa99985888a9777269aa856987a589766347a365944
340769 1 37 9 5 4 2 1 0 0  aaaa99985888a9777269aa856987a589766437a464935
340770 1 37 9 5 5 0 0 0 0  aaaa99986888a9777559aa862987a689756347a356944
340771 1 37 9 5 5 0 1 0 0  aaaa99986888a9777559aa862987a689756437a446935
340772 1 37 9 5 5 1 0 0 0  aaaa99986888a9777259aa865987a689756347a356944
340773 1 37 9 5 5 1 1 0 0  aaaa99986888a9777259aa865987a689756437a446935
340774 1 37 9 5 5 2 0 0 0  aaaa99986888a9777349aa863987a689746527a555964
340775 1 37 9 5 5 2 1 0 0  aaaa99986888a9777249aa864987a689746537a555936
340813 1 37 9 7 0 0 1 0 0  aaaa99987888a9777669aa842987a689674355a536945
340816 1 37 9 7 0 2 0 0 0  aaaa99987888a9777669aa852987a689675344a436955
340819 1 37 9 7 1 0 1 0 0  aaaa99987888a9777669aa862987a489674565a533945
340824 1 37 9 7 2 0 0 0 0  aaaa99987888a9777669aa865987a589572344a436965
340828 1 37 9 7 2 2 0 0 0  aaaa99987888a9777669aa864987a489472533a555966
340829 1 37 9 7 2 2 1 0 0  aaaa99987888a9777669aa864987a289474533a555966
340830 1 37 9 7 3 0 0 0 0  aaaa99987888a9777669aa863987a489673554a256954
340831 1 37 9 7 3 0 1 0 0  aaaa99987888a9777669aa862987a489674355a536945
340834 1 37 9 7 3 2 0 0 0  aaaa99987888a9777669aa862987a589675344a436955
340837 1 37 9 7 4 0 1 0 0  aaaa99987888a9777269aa846987a489676565a533945
340846 1 37 9 7 5 2 0 0 0  aaaa99987888a9777449aa862987a689476533a555966
340847 1 37 9 7 5 2 1 0 0  aaaa99987888a9777249aa864987a689476533a555966
340873 1 37 9 8 4 0 1 0 0  aaaa99985888a9755729aa847987a789674635a666934
340883 1 37 9 8 5 2 1 0 0  aaaa99986888a9746729aa867987a789576354a536954
340909 1 37 9 9 4 0 1 0 0  aaaa99985888a9755279aa847986a489777635a666934
340919 1 37 9 9 5 2 1 0 0  aaaa99986888a9746279aa867985a689777354a536954
340937 1 37 9 10 2 2 1 0 0  aaaa99986888a9756669aa862987a489754375a753974
341008 1 37 10 1 2 2 0 0 0  aaaa99984888a9853779aa876987a369652775a644965
341078 1 37 10 3 2 1 0 0 0  aaaa99985888a9854769aa837987a779663765a644925
341080 1 37 10 3 2 2 0 0 0  aaaa99985888a9845769aa857987a779665763a644923
341114 1 37 10 4 2 1 0 0 0  aaaa99985888a9854779aa876987a369653676a744925
341116 1 37 10 4 2 2 0 0 0  aaaa99985888a9845779aa876987a569635676a744923
341122 1 37 10 4 3 2 0 0 0  aaaa99984888a9853779aa876987a669653675a744925
341161 1 37 10 5 4 0 1 0 0  aaaa99985888a9855779aa872987a479674635a666934
341171 1 37 10 5 5 2 1 0 0  aaaa99986888a9846779aa872987a679576354a536954
341197 1 37 10 6 4 0 1 0 0  aaaa99985888a9855729aa847987a779674635a666934
341207 1 37 10 6 5 2 1 0 0  aaaa99986888a9846729aa867987a779576354a536954
341209 1 37 10 7 0 0 1 0 0  aaaa99987888a9866779aa873987a679663455a544925
341305 1 37 10 9 4 0 1 0 0  aaaa99985888a9855279aa877986a479774635a666934
341315 1 37 10 9 5 2 1 0 0  aaaa99986888a9846279aa877985a679776354a536954
341341 1 37 10 10 4 0 1 0 0  aaaa99985888a9855279aa847986a479777635a666934
341351 1 37 10 10 5 2 1 0 0  aaaa99986888a9846279aa867985a679777354a536954
341353 1 37 11 0 0 0 1 0 0  aaaa99968888a9885779aa586976a479364267a755934
341370 1 37 11 0 3 0 0 0 0  aaaa99958888a9885779aa486976a679364267a755934
341371 1 37 11 0 3 0 1 0 0  aaaa99938888a9885779aa386976a679264567a754945
341376 1 37 11 0 4 0 0 0 0  aaaa99958888a9885779aa486973a479666267a755934
341377 1 37 11 0 4 0 1 0 0  aaaa99938888a9885779aa386972a479666567a754945
341569 1 37 11 6 0 0 1 0 0  aaaa99958888a9883779aa784977a769644655a563962
341677 1 37 11 9 0 0 1 0 0  aaaa99958888a9883749aa787977a769644655a563962
341751 1 37 12 0 0 1 1 0 0  aaaa99984888a9877739aa876965a479673628a555964
341752 1 37 12 0 0 2 0 0 0  aaaa99985888a9877729aa876963a579675638a445964
341755 1 37 12 0 1 0 1 0 0  aaaa99986888a9877729aa876966a479576558a354934
341839 1 37 12 2 3 0 1 0 0  aaaa99985888a9855779aa876976a679364268a754934
341845 1 37 12 2 4 0 1 0 0  aaaa99985888a9855779aa876973a479666268a754934
341855 1 37 12 2 5 2 1 0 0  aaaa99986888a9846779aa872975a679546358a736954
341942 1 37 12 5 2 1 0 0 0  aaaa99985888a9844779aa876977a479663568a655932
341963 1 37 12 5 5 2 1 0 0  aaaa99986888a9846779aa872977a679546358a536954
341972 1 37 12 6 1 1 0 0 0  aaaa99985888a9844769aa847977a379676668a555932
341978 1 37 12 6 2 1 0 0 0  aaaa99985888a9844769aa847977a379676568a655932
341991 1 37 12 6 4 1 1 0 0  aaaa99985888a9855729aa857977a479674638a666934
341993 1 37 12 6 4 2 1 0 0  aaaa99985888a9865749aa857977a579474638a666932
341994 1 37 12 6 5 0 0 0 0  aaaa99986888a9846729aa867977a679576558a354934
341995 1 37 12 6 5 0 1 0 0  aaaa99986888a9846729aa867977a679576558a345934
342044 1 37 12 8 1 1 0 0 0  aaaa99985888a9844769aa877977a479663668a555932
342050 1 37 12 8 2 1 0 0 0  aaaa99985888a9844769aa877977a479663568a655932
342056 1 37 12 8 3 1 0 0 0  aaaa99985888a9864769aa877977a379663568a545924
342058 1 37 12 8 3 2 0 0 0  aaaa99985888a9865769aa877977a579665468a433942
342071 1 37 12 8 5 2 1 0 0  aaaa99986888a9846729aa877977a679546358a536954
342086 1 37 12 9 2 1 0 0 0  aaaa99985888a9844769aa847977a779663568a655932
342107 1 37 12 9 5 2 1 0 0  aaaa99986888a9846729aa867977a779546358a536954
342113 1 37 12 10 0 2 1 0 0  aaaa99986888a9866279aa847965a479777358a563954
342147 1 37 13 0 0 1 1 0 0  aaaa99984888a9877279aa886976a769374556a655934
342148 1 37 13 0 0 2 0 0 0  aaaa99985888a9877279aa886976a769475446a635953
342149 1 37 13 0 0 2 1 0 0  aaaa99985888a9877279aa886976a769475346a635945
342194 1 37 13 1 2 1 0 0 0  aaaa99985888a9844779aa886977a479663567a655932
342215 1 37 13 1 5 2 1 0 0  aaaa99986888a9846779aa882977a679546357a536954
342313 1 37 13 4 4 0 1 0 0  aaaa99985888a9855779aa882977a479674635a666934
342323 1 37 13 4 5 2 1 0 0  aaaa99986888a9846779aa882977a679576354a536954
342349 1 37 13 5 4 0 1 0 0  aaaa99985888a9855729aa887976a479754366a673964
342359 1 37 13 5 5 2 1 0 0  aaaa99986888a9846729aa887975a679746353a576954
342385 1 37 13 6 4 0 1 0 0  aaaa99985888a9855729aa887977a479674635a666934
342395 1 37 13 6 5 2 1 0 0  aaaa99986888a9846729aa887977a679576354a536954
342505 1 37 13 10 0 0 1 0 0  aaaa99986888a9866279aa887955a479777656a354934
342745 1 37 14 5 4 0 1 0 0  aaaa99975888a9684779aa742988a879755635a666934
342755 1 37 14 5 5 2 1 0 0  aaaa99976888a9586779aa762988a879746354a536954
342885 1 37 14 9 3 1 1 0 0  aaaa99955888a9684279aa577988a879774666a356934
342891 1 37 14 9 4 1 1 0 0  aaaa99955888a9684279aa577988a879774635a666934
342937 1 37 15 0 0 0 1 0 0  aaaa99977888a9773749aa884988a769654655a563962
342955 1 37 15 0 3 0 1 0 0  aaaa99977888a9774769aa882988a769654655a534963
342973 1 37 15 1 0 0 1 0 0  aaaa99966888a9777779aa883988a669763455a544925
343045 1 37 15 3 0 0 1 0 0  aaaa99966888a9663779aa882988a779776455a544935
343061 1 37 15 3 2 2 1 0 0  aaaa99954888a9666779aa882988a779774365a653945
343063 1 37 15 3 3 0 1 0 0  aaaa99964888a9666779aa882988a779774565a533945
343071 1 37 15 3 4 1 1 0 0  aaaa99955888a9654779aa882988a779774635a666934
343081 1 37 15 4 0 0 1 0 0  aaaa99966888a9777279aa887988a669763455a544935
343086 1 37 15 4 1 0 0 0 0  aaaa99955888a9777279aa887988a569766645a634943
343087 1 37 15 4 1 0 1 0 0  aaaa99955888a9777279aa887988a569766633a654944
343089 1 37 15 4 1 1 1 0 0  aaaa99955888a9777279aa887988a469766635a654934
343099 1 37 15 4 3 0 1 0 0  aaaa99964888a9777279aa887988a469766655a533945
343129 1 37 15 5 2 0 1 0 0  aaaa99974888a9777629aa886988a669764575a533945
343141 1 37 15 5 4 0 1 0 0  aaaa99974888a9777669aa882988a469766575a533945
343147 1 37 15 5 5 0 1 0 0  aaaa99974888a9777269aa886988a469766575a533945
343153 1 37 15 6 0 0 1 0 0  aaaa99966888a9663729aa887988a779776455a544935
343169 1 37 15 6 2 2 1 0 0  aaaa99954888a9666729aa887988a779774365a653945
343171 1 37 15 6 3 0 1 0 0  aaaa99964888a9666729aa887988a779774565a533945
343179 1 37 15 6 4 1 1 0 0  aaaa99955888a9654729aa887988a779774635a666934
343188 1 37 15 7 0 0 0 0 0  aaaa99975888a9777669aa882988a769755645a634943
343189 1 37 15 7 0 0 1 0 0  aaaa99975888a9777669aa882988a769755633a654944
343194 1 37 15 7 1 0 0 0 0  aaaa99975888a9777269aa886988a769755645a634943
343195 1 37 15 7 1 0 1 0 0  aaaa99975888a9777269aa886988a769755633a654944
343197 1 37 15 7 1 1 1 0 0  aaaa99974888a9777269aa886988a769755635a654934
343207 1 37 15 7 3 0 1 0 0  aaaa99974888a9777669aa882988a769764655a533945
343213 1 37 15 7 4 0 1 0 0  aaaa99973888a9777669aa882988a769766455a544935
343219 1 37 15 7 5 0 1 0 0  aaaa99973888a9777269aa886988a769766455a544935
343225 1 37 15 8 0 0 1 0 0  aaaa99966888a9664779aa882988a679774755a533945
343261 1 37 15 9 0 0 1 0 0  aaaa99966888a9663779aa882988a679777455a544935
343277 1 37 15 9 2 2 1 0 0  aaaa99954888a9666779aa882988a479777365a653945
343279 1 37 15 9 3 0 1 0 0  aaaa99964888a9666779aa882988a479777565a533945
343287 1 37 15 9 4 1 1 0 0  aaaa99955888a9654779aa882988a479777635a666934
343297 1 37 15 10 0 0 1 0 0  aaaa99966888a9663279aa887988a679777455a544935
343313 1 37 15 10 2 2 1 0 0  aaaa99954888a9666279aa887988a479777365a653945
343315 1 37 15 10 3 0 1 0 0  aaaa99964888a9666279aa887988a479777565a533945
343323 1 37 15 10 4 1 1 0 0  aaaa99955888a9654279aa887988a479777635a666934
343337 1 37 16 0 0 2 1 0 0  aaaa99977888a9775729aa886986a789465363a465945
343369 1 37 16 1 0 0 1 0 0  aaaa99966888a9777779aa883987a689663455a544925
343453 1 37 16 3 2 0 1 0 0  aaaa99974888a9666729aa887987a789674565a533945
343459 1 37 16 3 3 0 1 0 0  aaaa99974888a9666729aa887987a789674556a353954
343461 1 37 16 3 3 1 1 0 0  aaaa99974888a9666729aa887987a789674556a355934
343463 1 37 16 3 3 2 1 0 0  aaaa99974888a9666729aa887987a789674536a555934
343513 1 37 16 5 0 0 1 0 0  aaaa99976888a9777669aa883987a689763455a544925
343519 1 37 16 5 1 0 1 0 0  aaaa99974888a9777629aa886987a689764556a353954
343521 1 37 16 5 1 1 1 0 0  aaaa99974888a9777629aa886987a689764556a355934
343523 1 37 16 5 1 2 1 0 0  aaaa99974888a9777629aa886987a689764536a555934
343524 1 37 16 5 2 0 0 0 0  aaaa99976888a9777629aa886987a689755435a346954
343525 1 37 16 5 2 0 1 0 0  aaaa99976888a9777649aa886987a689744553a256953
343531 1 37 16 5 3 0 1 0 0  aaaa99976888a9777639aa886987a689763455a544925
343537 1 37 16 5 4 0 1 0 0  aaaa99974888a9777269aa886987a489766556a353954
343539 1 37 16 5 4 1 1 0 0  aaaa99974888a9777269aa886987a489766556a355934
343541 1 37 16 5 4 2 1 0 0  aaaa99974888a9777269aa886987a489766536a555934
343542 1 37 16 5 5 0 0 0 0  aaaa99976888a9777559aa882987a689756435a346964
343543 1 37 16 5 5 0 1 0 0  aaaa99976888a9777559aa882987a689756444a336965
343544 1 37 16 5 5 1 0 0 0  aaaa99976888a9777259aa885987a689756435a346964
343545 1 37 16 5 5 1 1 0 0  aaaa99976888a9777259aa885987a689756444a336965
343546 1 37 16 5 5 2 0 0 0  aaaa99976888a9777449aa882987a689746533a555966
343547 1 37 16 5 5 2 1 0 0  aaaa99976888a9777249aa884987a689746533a555966
343558 1 37 16 6 1 2 0 0 0  aaaa99954888a9753769aa887987a789663675a644925
343579 1 37 16 6 5 0 1 0 0  aaaa99965888a9764729aa887987a789565376a563944
343583 1 37 16 6 5 2 1 0 0  aaaa99965888a9765739aa887987a789365476a464952
343597 1 37 16 7 2 0 1 0 0  aaaa99973888a9777629aa886987a689667455a544935
343609 1 37 16 7 4 0 1 0 0  aaaa99973888a9777269aa886987a689667455a544935
343616 1 37 16 7 5 1 0 0 0  aaaa99976888a9777559aa882987a689557344a436966
343618 1 37 16 7 5 2 0 0 0  aaaa99976888a9777259aa885987a689557344a436966
343647 1 37 16 8 4 1 1 0 0  aaaa99955888a9754729aa887987a789674635a666934
343683 1 37 16 9 4 1 1 0 0  aaaa99955888a9754279aa887986a489777635a666934
343705 1 37 16 10 2 0 1 0 0  aaaa99956888a9746629aa886987a689755374a735974
343715 1 37 16 10 3 2 1 0 0  aaaa99956888a9754629aa886987a689764375a753974
343723 1 37 16 10 5 0 1 0 0  aaaa99965888a9764559aa882987a589764376a763974
343725 1 37 16 10 5 1 1 0 0  aaaa99965888a9764529aa885987a589764376a763974
343727 1 37 16 10 5 2 1 0 0  aaaa99965888a9765249aa884987a589764376a763975
343733 1 37 17 0 0 2 1 0 0  aaaa99977888a9866279aa884987a749476566a555933
343763 1 37 17 0 5 2 1 0 0  aaaa99977888a9852749aa884986a779674365a653965
343780 1 37 17 1 2 2 0 0 0  aaaa99954888a9853779aa886987a779663765a644925
343795 1 37 17 1 5 0 1 0 0  aaaa99965888a9864779aa882987a779565756a364934
343801 1 37 17 2 0 0 1 0 0  aaaa99966888a9856779aa882987a769574376a553944
343852 1 37 17 3 2 2 0 0 0  aaaa99954888a9853769aa887987a779663765a644925
343867 1 37 17 3 5 0 1 0 0  aaaa99965888a9864729aa887987a779565756a364934
343899 1 37 17 4 4 1 1 0 0  aaaa99955888a9854779aa882987a779674635a666934
343918 1 37 17 5 1 2 0 0 0  aaaa99954888a9853769aa887987a379676665a744925
343933 1 37 17 5 4 0 1 0 0  aaaa99966888a9865729aa887987a479575356a763944
343937 1 37 17 5 4 2 1 0 0  aaaa99966888a9865729aa887987a579475346a763945
343939 1 37 17 5 5 0 1 0 0  aaaa99965888a9864729aa887987a479575356a763946
343971 1 37 17 6 4 1 1 0 0  aaaa99955888a9854729aa887987a779674635a666934
344026 1 37 17 8 1 2 0 0 0  aaaa99954888a9853769aa887987a779663665a744925
344047 1 37 17 8 5 0 1 0 0  aaaa99965888a9864729aa887987a779565356a763944
344051 1 37 17 8 5 2 1 0 0  aaaa99965888a9865729aa887987a779465346a763945
344079 1 37 17 9 4 1 1 0 0  aaaa99955888a9854779aa882986a479777635a666934
344115 1 37 17 10 4 1 1 0 0  aaaa99955888a9854279aa887986a479777635a666934
344168 1 37 18 1 1 1 0 0 0  aaaa99965888a9884779aa736987a869644776a555932
344176 1 37 18 1 2 2 0 0 0  aaaa99954888a9883779aa736987a869652775a644965
344180 1 37 18 1 3 1 0 0 0  aaaa99954888a9885779aa736987a869653776a644925
344182 1 37 18 1 3 2 0 0 0  aaaa99945888a9885779aa756987a869635776a644923
344204 1 37 18 2 1 1 0 0 0  aaaa99954888a9885779aa736987a879663665a744925
344206 1 37 18 2 1 2 0 0 0  aaaa99945888a9885779aa756987a879665663a744923
344227 1 37 18 2 5 0 1 0 0  aaaa99965888a9884779aa742987a879565356a763946
344276 1 37 18 4 1 1 0 0 0  aaaa99954888a9885779aa736987a869644675a763925
344278 1 37 18 4 1 2 0 0 0  aaaa99945888a9885779aa756987a869635673a764924
344282 1 37 18 4 2 1 0 0 0  aaaa99954888a9885779aa736987a869653676a744925
344284 1 37 18 4 2 2 0 0 0  aaaa99945888a9885779aa756987a869635676a744923
344290 1 37 18 4 3 2 0 0 0  aaaa99954888a9883779aa736987a869652675a744965
344294 1 37 18 4 4 1 0 0 0  aaaa99954888a9885779aa736987a869663675a744925
344296 1 37 18 4 4 2 0 0 0  aaaa99945888a9885779aa756987a869665673a744923
344380 1 37 18 7 0 2 0 0 0  aaaa99975888a9885779aa752987a879665664a443936
344381 1 37 18 7 0 2 1 0 0  aaaa99975888a9885779aa753987a879663662a444956
344382 1 37 18 7 1 0 0 0 0  aaaa99975888a9884779aa736987a879663665a455942
344384 1 37 18 7 1 1 0 0 0  aaaa99975888a9884779aa736987a879663664a555924
344394 1 37 18 7 3 0 0 0 0  aaaa99975888a9884779aa736987a879663565a465942
344396 1 37 18 7 3 1 0 0 0  aaaa99975888a9884779aa736987a879663564a565924
344407 1 37 18 7 5 0 1 0 0  aaaa99976888a9886779aa762987a879546554a356934
344411 1 37 18 7 5 2 1 0 0  aaaa99976888a9886779aa762987a879546354a536954
344469 1 37 18 9 3 1 1 0 0  aaaa99955888a9884279aa577986a879774666a356934
344475 1 37 18 9 4 1 1 0 0  aaaa99955888a9884279aa577986a879774635a666934
344537 1 37 19 0 2 2 1 0 0  aaaa99977888a9854729aa876986a689774365a653945
344544 1 37 19 0 4 0 0 0 0  aaaa99977888a9855749aa872986a589774635a666934
344572 1 37 19 1 2 2 0 0 0  aaaa99954888a9853779aa876987a389662775a644965
344578 1 37 19 1 3 2 0 0 0  aaaa99954888a9853779aa876987a689663775a644925
344584 1 37 19 1 4 2 0 0 0  aaaa99954888a9853779aa876987a389666775a644925
344588 1 37 19 1 5 1 0 0 0  aaaa99965888a9864779aa875987a389565776a464932
344602 1 37 19 2 1 2 0 0 0  aaaa99954888a9853779aa876987a389676675a644925
344653 1 37 19 3 4 0 1 0 0  aaaa99975888a9855729aa847987a789674635a666934
344663 1 37 19 3 5 2 1 0 0  aaaa99976888a9846729aa867987a789576354a536954
344703 1 37 19 5 0 1 1 0 0  aaaa99927888a9866779aa873983a689774656a555944
344727 1 37 19 5 4 1 1 0 0  aaaa99957888a9855779aa872986a489774635a666934
344799 1 37 19 7 4 1 1 0 0  aaaa99957888a9855779aa872987a489674635a666934
344818 1 37 19 8 1 2 0 0 0  aaaa99954888a9853769aa837987a789676675a644925
344854 1 37 19 9 1 2 0 0 0  aaaa99954888a9853679aa837986a689777675a644925
344897 1 37 19 10 2 2 1 0 0  aaaa99976888a9876669aa862985a489574357a573947
344947 1 37 20 0 5 0 1 0 0  aaaa99977888a9883279aa786987a769666455a544935
344968 1 37 20 1 2 2 0 0 0  aaaa99954888a9883779aa786987a369652775a644965
345074 1 37 20 4 2 1 0 0 0  aaaa99954888a9885779aa786987a369653676a744925
345076 1 37 20 4 2 2 0 0 0  aaaa99945888a9885779aa786987a569635676a744923
345082 1 37 20 4 3 2 0 0 0  aaaa99954888a9883779aa786987a669653675a744925
345159 1 37 20 6 4 1 1 0 0  aaaa99955888a9884729aa587987a779674635a666934
345199 1 37 20 7 5 0 1 0 0  aaaa99976888a9886779aa782987a679546554a356934
345203 1 37 20 7 5 2 1 0 0  aaaa99976888a9886779aa782987a679546354a536954
345267 1 37 20 9 4 1 1 0 0  aaaa99955888a9884279aa787986a479757635a666934
345303 1 37 20 10 4 1 1 0 0  aaaa99955888a9884279aa587986a479777635a666934
345343 1 37 21 0 5 0 1 0 0  aaaa99977888a9888379aa736987a769666455a544925
345364 1 37 21 1 2 2 0 0 0  aaaa99954888a9888779aa736987a369652775a644965
345420 1 37 21 3 0 0 0 0 0  aaaa99966888a9888779aa772987a669565473a534945
345421 1 37 21 3 0 0 1 0 0  aaaa99966888a9888779aa774987a669464575a533925
345470 1 37 21 4 2 1 0 0 0  aaaa99954888a9888779aa756987a369653676a744925
345472 1 37 21 4 2 2 0 0 0  aaaa99945888a9888779aa756987a569635676a744923
345478 1 37 21 4 3 2 0 0 0  aaaa99954888a9888779aa736987a669653675a744925
345595 1 37 21 7 5 0 1 0 0  aaaa99976888a9888779aa762987a679546554a356934
345599 1 37 21 7 5 2 1 0 0  aaaa99976888a9888779aa762987a679546354a536954
345601 1 37 21 8 0 0 1 0 0  aaaa99966888a9888779aa773987a679663455a544925
345663 1 37 21 9 4 1 1 0 0  aaaa99955888a9888279aa577986a479774635a666934
345743 1 37 22 0 5 2 1 0 0  aaaa99977738a9674389aa548976a789888265a654965
345745 1 37 22 1 0 0 1 0 0  aaaa99977778a9766289aa768955a489888656a354934
345805 1 37 22 2 4 0 1 0 0  aaaa99975778a9755289aa748976a489888635a666934
345815 1 37 22 2 5 2 1 0 0  aaaa99976778a9746289aa768975a689888354a536954
345857 1 37 22 4 0 2 1 0 0  aaaa99976778a9766289aa748965a489888357a563954
345915 1 37 22 5 4 1 1 0 0  aaaa99955778a9754289aa778976a489888635a666934
345970 1 37 22 7 1 2 0 0 0  aaaa99954778a9753689aa738976a689888675a644925
346023 1 37 22 8 4 1 1 0 0  aaaa99955778a9774289aa578976a489888635a666934
346073 1 37 22 10 0 2 1 0 0  aaaa99976668a9574289aa768965a489888357a573947
346114 1 38 0 0 1 2 0 0 0  aaaa99996887a9754789aa537986a689653778a844625
346118 1 38 0 0 2 1 0 0 0  aaaa99995887a9764789aa637985a389666778a844552
346124 1 38 0 0 3 1 0 0 0  aaaa99995887a9764789aa537986a389666778a852445
346126 1 38 0 0 3 2 0 0 0  aaaa99995887a9765789aa457986a589666778a844332
346130 1 38 0 0 4 1 0 0 0  aaaa99995887a9764789aa537986a389652778a844665
346132 1 38 0 0 4 2 0 0 0  aaaa99995887a9765789aa457986a589644778a833662
346134 1 38 0 0 5 0 0 0 0  aaaa99995887a9764789aa637985a589563778a862446
346136 1 38 0 0 5 1 0 0 0  aaaa99995887a9765789aa647985a589464778a863632
346184 1 38 0 2 1 1 0 0 0  aaaa99995887a9774789aa447985a389666678a863552
346194 1 38 0 2 3 0 0 0 0  aaaa99995887a9774789aa637986a389666478a854552
346196 1 38 0 2 3 1 0 0 0  aaaa99995887a9774789aa637986a389666578a855442
346202 1 38 0 2 4 1 0 0 0  aaaa99995887a9774789aa637986a389644578a855662
346284 1 38 0 5 0 0 0 0 0  aaaa99995887a9774689aa637986a389567478a824565
346285 1 38 0 5 0 0 1 0 0  aaaa99994887a9774689aa647986a389567578a853562
346286 1 38 0 5 0 1 0 0 0  aaaa99995887a9773689aa637986a289467578a855464
346303 1 38 0 5 3 0 1 0 0  aaaa99995887a9774689aa667986a489367278a855534
346337 1 38 0 6 2 2 1 0 0  aaaa99995887a9777689aa662987a589465378a863445
346355 1 38 0 6 5 2 1 0 0  aaaa99995887a9777289aa654987a589464378a863656
346362 1 38 0 7 1 0 0 0 0  aaaa99995887a9774689aa737986a689663478a854552
346364 1 38 0 7 1 1 0 0 0  aaaa99995887a9774689aa737986a689663578a855442
346370 1 38 0 7 2 1 0 0 0  aaaa99995887a9774689aa737986a689644578a855632
346382 1 38 0 7 4 1 0 0 0  aaaa99995887a9774689aa737986a389644578a855662
346387 1 38 0 7 5 0 1 0 0  aaaa99996887a9776289aa767985a689556478a844335
346465 1 38 0 10 0 0 1 0 0  aaaa99995886a9764289aa646987a689755378a853774
346481 1 38 0 10 2 2 1 0 0  aaaa99995886a9766289aa654987a589744378a863775
346483 1 38 0 10 3 0 1 0 0  aaaa99995886a9766289aa646987a489755378a853774
346514 1 38 1 0 2 1 0 0 0  aaaa99995888a9774769aa836967a679673858a844552
346520 1 38 1 0 3 1 0 0 0  aaaa99995888a9774769aa836967a679573858a862454
346522 1 38 1 0 3 2 0 0 0  aaaa99995888a9775769aa856967a679475838a862434
346526 1 38 1 0 4 1 0 0 0  aaaa99995888a9774769aa836967a379676858a844552
346562 1 38 1 1 4 1 0 0 0  aaaa99995888a9777779aa846967a369663858a844552
346658 1 38 1 4 2 1 0 0 0  aaaa99995888a9777769aa847957a369644828a855663
346716 1 38 1 6 0 0 0 0 0  aaaa99995888a9664749aa847977a379676858a863525
346718 1 38 1 6 0 1 0 0 0  aaaa99995888a9665769aa847977a379673858a862454
346724 1 38 1 6 1 1 0 0 0  aaaa99995888a9666769aa847977a379673858a844552
346790 1 38 1 8 0 1 0 0 0  aaaa99995888a9664769aa877977a379644858a863552
346807 1 38 1 8 3 0 1 0 0  aaaa99995888a9666729aa877977a479655838a864534
346826 1 38 1 9 0 1 0 0 0  aaaa99995888a9664769aa837977a779644858a863552
346916 1 38 2 0 3 1 0 0 0  aaaa99995888a9774769aa836967a679573888a644552
346933 1 38 2 1 0 0 1 0 0  aaaa99995888a9777779aa846967a429655888a363564
346939 1 38 2 1 1 0 1 0 0  aaaa99995888a9777779aa846967a629655888a354634
346979 1 38 2 2 1 2 1 0 0  aaaa99995888a9777739aa856967a639675888a444652
347005 1 38 2 3 0 0 1 0 0  aaaa99997888a9665769aa877977a429655888a364534
347045 1 38 2 4 0 2 1 0 0  aaaa99996888a9777769aa867937a429654888a653545
347054 1 38 2 4 2 1 0 0 0  aaaa99995888a9777769aa847957a369644888a655632
347078 1 38 2 5 0 1 0 0 0  aaaa99995888a9777669aa845967a369755888a673442
347112 1 38 2 6 0 0 0 0 0  aaaa99995888a9664749aa847977a379676888a565532
347114 1 38 2 6 0 1 0 0 0  aaaa99995888a9665769aa847977a379673888a565442
347186 1 38 2 8 0 1 0 0 0  aaaa99995888a9664769aa877977a379644888a563552
347203 1 38 2 8 3 0 1 0 0  aaaa99995888a9666729aa877977a479655888a364534
347222 1 38 2 9 0 1 0 0 0  aaaa99995888a9664769aa837977a779644888a563552
347258 1 38 2 10 0 1 0 0 0  aaaa99995888a9664679aa837956a379777888a565442
347293 1 38 3 0 0 0 1 0 0  aaaa99996888a9775769aa863987a479673288a655544
347297 1 38 3 0 0 2 1 0 0  aaaa99996888a9775769aa862987a579675488a644353
347304 1 38 3 0 2 0 0 0 0  aaaa99995888a9774769aa836987a379672588a454665
347306 1 38 3 0 2 1 0 0 0  aaaa99995888a9775769aa846987a379673588a645624
347310 1 38 3 0 3 0 0 0 0  aaaa99995888a9774769aa866987a379673488a654552
347312 1 38 3 0 3 1 0 0 0  aaaa99995888a9774769aa866987a379673588a655442
347316 1 38 3 0 4 0 0 0 0  aaaa99995888a9774769aa836987a379676488a654552
347318 1 38 3 0 4 1 0 0 0  aaaa99995888a9774769aa836987a379676588a655442
347323 1 38 3 0 5 0 1 0 0  aaaa99996888a9776759aa862987a679576588a543434
347342 1 38 3 1 2 1 0 0 0  aaaa99995888a9777779aa846987a369644588a655632
347378 1 38 3 2 2 1 0 0 0  aaaa99995888a9777769aa846987a349674588a655632
347402 1 38 3 3 0 1 0 0 0  aaaa99995888a9664769aa837987a779644788a563552
347450 1 38 3 4 2 1 0 0 0  aaaa99995888a9777769aa847987a369644588a655632
347485 1 38 3 5 2 0 1 0 0  aaaa99995888a9777669aa863987a469763288a575544
347489 1 38 3 5 2 2 1 0 0  aaaa99995888a9777669aa862987a569765488a474353
347497 1 38 3 5 4 0 1 0 0  aaaa99995888a9777369aa866987a369764288a575544
347501 1 38 3 5 4 2 1 0 0  aaaa99995888a9777269aa866987a569765488a474353
347503 1 38 3 5 5 0 1 0 0  aaaa99995888a9777369aa846987a369766288a575544
347507 1 38 3 5 5 2 1 0 0  aaaa99995888a9777269aa856987a569766488a474353
347508 1 38 3 6 0 0 0 0 0  aaaa99995888a9664769aa837987a779673588a562454
347510 1 38 3 6 0 1 0 0 0  aaaa99995888a9664769aa837987a779673588a565442
347521 1 38 3 6 2 0 1 0 0  aaaa99995888a9666739aa847987a779673288a655544
347525 1 38 3 6 2 2 1 0 0  aaaa99995888a9666729aa857987a779675488a644353
347527 1 38 3 6 3 0 1 0 0  aaaa99995888a9666739aa847987a779673288a565544
347531 1 38 3 6 3 2 1 0 0  aaaa99995888a9666729aa857987a779675488a464353
347539 1 38 3 6 5 0 1 0 0  aaaa99995888a9655729aa847987a779674388a653664
347545 1 38 3 7 0 0 1 0 0  aaaa99997888a9777669aa852987a669575488a446533
347616 1 38 3 9 0 0 0 0 0  aaaa99995888a9664679aa877986a379773588a562454
347618 1 38 3 9 0 1 0 0 0  aaaa99995888a9664679aa877986a379773588a565442
347629 1 38 3 9 2 0 1 0 0  aaaa99995888a9666379aa877986a379774288a655544
347633 1 38 3 9 2 2 1 0 0  aaaa99995888a9666279aa877986a579775488a644353
347635 1 38 3 9 3 0 1 0 0  aaaa99995888a9666379aa877986a379774288a565544
347639 1 38 3 9 3 2 1 0 0  aaaa99995888a9666279aa877986a579775488a464353
347647 1 38 3 9 5 0 1 0 0  aaaa99995888a9655279aa877986a479774388a653664
347652 1 38 3 10 0 0 0 0 0  aaaa99995888a9664679aa837986a379777588a562454
347654 1 38 3 10 0 1 0 0 0  aaaa99995888a9664679aa837986a379777588a565442
347665 1 38 3 10 2 0 1 0 0  aaaa99995888a9666379aa847986a379777288a655544
347669 1 38 3 10 2 2 1 0 0  aaaa99995888a9666279aa857986a579777488a644353
347671 1 38 3 10 3 0 1 0 0  aaaa99995888a9666379aa847986a379777288a565544
347675 1 38 3 10 3 2 1 0 0  aaaa99995888a9666279aa857986a579777488a464353
347683 1 38 3 10 5 0 1 0 0  aaaa99995888a9655279aa847986a479777388a653664
347700 1 38 4 0 2 0 0 0 0  aaaa99995888a9774769aa836987a379672568a454865
347702 1 38 4 0 2 1 0 0 0  aaaa99995888a9775769aa846987a379673568a645824
347708 1 38 4 0 3 1 0 0 0  aaaa99995888a9774769aa866987a379673568a545824
347710 1 38 4 0 3 2 0 0 0  aaaa99995888a9775769aa866987a579675468a433842
347714 1 38 4 0 4 1 0 0 0  aaaa99995888a9774769aa836987a379676568a545824
347716 1 38 4 0 4 2 0 0 0  aaaa99995888a9775769aa856987a579676468a433842
347738 1 38 4 1 2 1 0 0 0  aaaa99995888a9777779aa846987a369464668a555832
347774 1 38 4 2 2 1 0 0 0  aaaa99995888a9777769aa846987a369474668a555832
347846 1 38 4 4 2 1 0 0 0  aaaa99995888a9777769aa847987a369464668a555832
347873 1 38 4 5 0 2 1 0 0  aaaa99996888a9777669aa853987a669735248a475845
347881 1 38 4 5 2 0 1 0 0  aaaa99995888a9777669aa862987a469764558a375834
347883 1 38 4 5 2 1 1 0 0  aaaa99995888a9777669aa862987a469764538a575834
347884 1 38 4 5 2 2 0 0 0  aaaa99995888a9777669aa862987a569765348a375844
347885 1 38 4 5 2 2 1 0 0  aaaa99995888a9777669aa862987a569765438a474835
347891 1 38 4 5 3 2 1 0 0  aaaa99996888a9777669aa863987a569735248a475845
347893 1 38 4 5 4 0 1 0 0  aaaa99995888a9777269aa866987a469764558a375834
347895 1 38 4 5 4 1 1 0 0  aaaa99995888a9777269aa866987a469764538a575834
347896 1 38 4 5 4 2 0 0 0  aaaa99995888a9777269aa866987a569765348a375844
347897 1 38 4 5 4 2 1 0 0  aaaa99995888a9777269aa866987a569765438a474835
347899 1 38 4 5 5 0 1 0 0  aaaa99995888a9777269aa846987a469766558a375834
347901 1 38 4 5 5 1 1 0 0  aaaa99995888a9777269aa846987a469766538a575834
347902 1 38 4 5 5 2 0 0 0  aaaa99995888a9777269aa856987a569766348a375844
347903 1 38 4 5 5 2 1 0 0  aaaa99995888a9777269aa856987a569766438a474835
347923 1 38 4 6 3 0 1 0 0  aaaa99995888a9666729aa847987a779674558a365834
347925 1 38 4 6 3 1 1 0 0  aaaa99995888a9666729aa847987a779674538a565834
347926 1 38 4 6 3 2 0 0 0  aaaa99995888a9666729aa857987a779675348a365844
347927 1 38 4 6 3 2 1 0 0  aaaa99995888a9666729aa857987a779675438a464835
347935 1 38 4 6 5 0 1 0 0  aaaa99995888a9655729aa847987a779674368a653864
347953 1 38 4 7 2 0 1 0 0  aaaa99997888a9777669aa862987a469674558a353854
347955 1 38 4 7 2 1 1 0 0  aaaa99997888a9777669aa862987a469674558a355834
347957 1 38 4 7 2 2 1 0 0  aaaa99997888a9777669aa862987a469674538a555834
347965 1 38 4 7 4 0 1 0 0  aaaa99997888a9777269aa866987a469674558a353854
347967 1 38 4 7 4 1 1 0 0  aaaa99997888a9777269aa866987a469674558a355834
347969 1 38 4 7 4 2 1 0 0  aaaa99997888a9777269aa866987a469674538a555834
347971 1 38 4 7 5 0 1 0 0  aaaa99997888a9777269aa846987a469676558a353854
347973 1 38 4 7 5 1 1 0 0  aaaa99997888a9777269aa846987a469676558a355834
347975 1 38 4 7 5 2 1 0 0  aaaa99997888a9777269aa846987a469676538a555834
347990 1 38 4 8 2 1 0 0 0  aaaa99995888a9744769aa847987a779663568a655832
348011 1 38 4 8 5 2 1 0 0  aaaa99996888a9746729aa867987a779546358a536854
348031 1 38 4 9 3 0 1 0 0  aaaa99995888a9666279aa877986a479774558a365834
348033 1 38 4 9 3 1 1 0 0  aaaa99995888a9666279aa877986a479774538a565834
348034 1 38 4 9 3 2 0 0 0  aaaa99995888a9666279aa877986a579775348a365844
348035 1 38 4 9 3 2 1 0 0  aaaa99995888a9666279aa877986a579775438a464835
348043 1 38 4 9 5 0 1 0 0  aaaa99995888a9655279aa877986a479774368a653864
348067 1 38 4 10 3 0 1 0 0  aaaa99995888a9666279aa847986a479777558a365834
348069 1 38 4 10 3 1 1 0 0  aaaa99995888a9666279aa847986a479777538a565834
348070 1 38 4 10 3 2 0 0 0  aaaa99995888a9666279aa857986a579777348a365844
348071 1 38 4 10 3 2 1 0 0  aaaa99995888a9666279aa857986a579777438a464835
348079 1 38 4 10 5 0 1 0 0  aaaa99995888a9655279aa847986a479777368a653864
348096 1 38 5 0 2 0 0 0 0  aaaa99995888a9774769aa886987a379673468a654552
348098 1 38 5 0 2 1 0 0 0  aaaa99995888a9774769aa886987a379673568a655442
348228 1 38 5 4 0 0 0 0 0  aaaa99994888a9777749aa887987a369654658a556632
348264 1 38 5 5 0 0 0 0 0  aaaa99996888a9777669aa882987a669755348a375544
348265 1 38 5 5 0 0 1 0 0  aaaa99996888a9777669aa884987a669744558a375532
348277 1 38 5 5 2 0 1 0 0  aaaa99994888a9777629aa886987a669764558a375534
348279 1 38 5 5 2 1 1 0 0  aaaa99994888a9777629aa886987a669764538a575534
348281 1 38 5 5 2 2 1 0 0  aaaa99994888a9777629aa886987a669764358a573554
348282 1 38 5 5 3 0 0 0 0  aaaa99996888a9777629aa886987a669755348a375544
348283 1 38 5 5 3 0 1 0 0  aaaa99996888a9777649aa886987a669744558a375532
348289 1 38 5 5 4 0 1 0 0  aaaa99994888a9777669aa882987a469766558a375534
348291 1 38 5 5 4 1 1 0 0  aaaa99994888a9777669aa882987a469766538a575534
348293 1 38 5 5 4 2 1 0 0  aaaa99994888a9777669aa882987a469766358a573554
348295 1 38 5 5 5 0 1 0 0  aaaa99994888a9777269aa886987a469766558a375534
348297 1 38 5 5 5 1 1 0 0  aaaa99994888a9777269aa886987a469766538a575534
348299 1 38 5 5 5 2 1 0 0  aaaa99994888a9777269aa886987a469766358a573554
348319 1 38 5 6 3 0 1 0 0  aaaa99994888a9666729aa887987a779674558a365534
348321 1 38 5 6 3 1 1 0 0  aaaa99994888a9666729aa887987a779674538a565534
348323 1 38 5 6 3 2 1 0 0  aaaa99994888a9666729aa887987a779674358a563554
348331 1 38 5 6 5 0 1 0 0  aaaa99995888a9655729aa887987a779674368a653644
348335 1 38 5 6 5 2 1 0 0  aaaa99995888a9635729aa887987a779675468a644653
348336 1 38 5 7 0 0 0 0 0  aaaa99997888a9777669aa882987a669575458a436345
348354 1 38 5 7 3 0 0 0 0  aaaa99997888a9777629aa886987a669575458a436345
348427 1 38 5 9 3 0 1 0 0  aaaa99994888a9666779aa882986a479777558a365534
348429 1 38 5 9 3 1 1 0 0  aaaa99994888a9666779aa882986a479777538a565534
348431 1 38 5 9 3 2 1 0 0  aaaa99994888a9666779aa882986a479777358a563554
348439 1 38 5 9 5 0 1 0 0  aaaa99995888a9655779aa882986a479777368a653644
348443 1 38 5 9 5 2 1 0 0  aaaa99995888a9635779aa882986a579777468a644653
348463 1 38 5 10 3 0 1 0 0  aaaa99994888a9666279aa887986a479777558a365534
348465 1 38 5 10 3 1 1 0 0  aaaa99994888a9666279aa887986a479777538a565534
348467 1 38 5 10 3 2 1 0 0  aaaa99994888a9666279aa887986a479777358a563554
348475 1 38 5 10 5 0 1 0 0  aaaa99995888a9655279aa887986a479777368a653644
348479 1 38 5 10 5 2 1 0 0  aaaa99995888a9635279aa887986a579777468a644653
348481 1 38 6 0 0 0 1 0 0  aaaa99996888a9775769aa863987a479673268a855544
348485 1 38 6 0 0 2 1 0 0  aaaa99996888a9775769aa862987a579675468a844353
348492 1 38 6 0 2 0 0 0 0  aaaa99995888a9774769aa836987a379672558a845664
348494 1 38 6 0 2 1 0 0 0  aaaa99995888a9775769aa846987a379673568a845624
348498 1 38 6 0 3 0 0 0 0  aaaa99995888a9774769aa866987a379673468a854552
348500 1 38 6 0 3 1 0 0 0  aaaa99995888a9774769aa866987a379673568a855442
348504 1 38 6 0 4 0 0 0 0  aaaa99995888a9774769aa836987a379676468a854552
348506 1 38 6 0 4 1 0 0 0  aaaa99995888a9774769aa836987a379676568a855442
348530 1 38 6 1 2 1 0 0 0  aaaa99995888a9777779aa846987a369563668a844552
348566 1 38 6 2 2 1 0 0 0  aaaa99995888a9777769aa846987a369573668a844552
348590 1 38 6 3 0 1 0 0 0  aaaa99995888a9664769aa837987a779644758a863552
348638 1 38 6 4 2 1 0 0 0  aaaa99995888a9777769aa847987a369563668a844552
348677 1 38 6 5 2 2 1 0 0  aaaa99995888a9777669aa862987a569765348a873445
348689 1 38 6 5 4 2 1 0 0  aaaa99995888a9777269aa866987a569765348a873445
348695 1 38 6 5 5 2 1 0 0  aaaa99995888a9777269aa856987a569766348a873445
348696 1 38 6 6 0 0 0 0 0  aaaa99995888a9664769aa837987a779673558a865442
348698 1 38 6 6 0 1 0 0 0  aaaa99995888a9664769aa837987a779673458a864552
348709 1 38 6 6 2 0 1 0 0  aaaa99995888a9666739aa847987a779673268a855544
348713 1 38 6 6 2 2 1 0 0  aaaa99995888a9666729aa857987a779675468a844353
348719 1 38 6 6 3 2 1 0 0  aaaa99995888a9666729aa857987a779675348a863445
348721 1 38 6 6 4 0 1 0 0  aaaa99995888a9656739aa847987a779673268a855644
348725 1 38 6 6 4 2 1 0 0  aaaa99995888a9636729aa857987a779675468a844653
348727 1 38 6 6 5 0 1 0 0  aaaa99995888a9655729aa847987a779674368a853664
348733 1 38 6 7 0 0 1 0 0  aaaa99997888a9777669aa842987a669574558a856343
348804 1 38 6 9 0 0 0 0 0  aaaa99995888a9664679aa877986a379773558a865442
348806 1 38 6 9 0 1 0 0 0  aaaa99995888a9664679aa877986a379773458a864552
348817 1 38 6 9 2 0 1 0 0  aaaa99995888a9666379aa877986a379774268a855544
348821 1 38 6 9 2 2 1 0 0  aaaa99995888a9666279aa877986a579775468a844353
348827 1 38 6 9 3 2 1 0 0  aaaa99995888a9666279aa877986a579775348a863445
348829 1 38 6 9 4 0 1 0 0  aaaa99995888a9656379aa877986a379774268a855644
348833 1 38 6 9 4 2 1 0 0  aaaa99995888a9636279aa877986a579775468a844653
348835 1 38 6 9 5 0 1 0 0  aaaa99995888a9655279aa877986a479774368a853664
348840 1 38 6 10 0 0 0 0 0  aaaa99995888a9664679aa837986a379777558a865442
348842 1 38 6 10 0 1 0 0 0  aaaa99995888a9664679aa837986a379777458a864552
348853 1 38 6 10 2 0 1 0 0  aaaa99995888a9666379aa847986a379777268a855544
348857 1 38 6 10 2 2 1 0 0  aaaa99995888a9666279aa857986a579777468a844353
348863 1 38 6 10 3 2 1 0 0  aaaa99995888a9666279aa857986a579777348a863445
348865 1 38 6 10 4 0 1 0 0  aaaa99995888a9656379aa847986a379777268a855644
348869 1 38 6 10 4 2 1 0 0  aaaa99995888a9636279aa857986a579777468a844653
348871 1 38 6 10 5 0 1 0 0  aaaa99995888a9655279aa847986a479777368a853664
348882 1 38 7 0 1 0 0 0 0  aaaa99996888a9877749aa876966a379476858a553425
348898 1 38 7 0 3 2 0 0 0  aaaa99994888a9877769aa876966a379573858a562454
348906 1 38 7 0 5 0 0 0 0  aaaa99994888a9877759aa875956a379673868a645624
348911 1 38 7 0 5 2 1 0 0  aaaa99995888a9877739aa873946a579675868a644652
349046 1 38 7 4 4 1 0 0 0  aaaa99994888a9844779aa876975a669663858a773525
349070 1 38 7 5 2 1 0 0 0  aaaa99995888a9854779aa876977a379663868a652445
349072 1 38 7 5 2 2 0 0 0  aaaa99995888a9845779aa876977a579665868a644332
349100 1 38 7 6 1 1 0 0 0  aaaa99995888a9844769aa847977a379676858a663552
349106 1 38 7 6 2 1 0 0 0  aaaa99995888a9854769aa837977a379676868a652445
349108 1 38 7 6 2 2 0 0 0  aaaa99995888a9845769aa857977a579676868a644332
349116 1 38 7 6 4 0 0 0 0  aaaa99995888a9855749aa847977a479676868a653632
349118 1 38 7 6 4 1 0 0 0  aaaa99995888a9855769aa857977a479673868a644632
349178 1 38 7 8 2 1 0 0 0  aaaa99995888a9854769aa877977a379663868a652445
349180 1 38 7 8 2 2 0 0 0  aaaa99995888a9845769aa877977a579665868a644332
349214 1 38 7 9 2 1 0 0 0  aaaa99995888a9854769aa837977a779663868a652445
349216 1 38 7 9 2 2 0 0 0  aaaa99995888a9845769aa857977a779665868a644332
349250 1 38 7 10 2 1 0 0 0  aaaa99994888a9844679aa837966a379777858a566525
349280 1 38 8 0 1 1 0 0 0  aaaa99995888a9774679aa836988a669744768a573552
349286 1 38 8 0 2 1 0 0 0  aaaa99995888a9774679aa836988a669763758a572454
349288 1 38 8 0 2 2 0 0 0  aaaa99995888a9775679aa856988a669765748a474332
349298 1 38 8 0 4 1 0 0 0  aaaa99995888a9774679aa836988a369766758a572454
349300 1 38 8 0 4 2 0 0 0  aaaa99995888a9775679aa856988a569766748a474332
349379 1 38 8 2 5 2 1 0 0  aaaa99996888a9777279aa864988a649746358a573556
349393 1 38 8 3 2 0 1 0 0  aaaa99997888a9666279aa877988a579755468a644533
349397 1 38 8 3 2 2 1 0 0  aaaa99997888a9666279aa877988a479754368a653545
349423 1 38 8 4 1 0 1 0 0  aaaa99995888a9777279aa847988a469766638a655534
349441 1 38 8 4 4 0 1 0 0  aaaa99995888a9777279aa847988a469755638a666534
349465 1 38 8 5 2 0 1 0 0  aaaa99995888a9777669aa863988a469763278a575544
349469 1 38 8 5 2 2 1 0 0  aaaa99995888a9777669aa862988a569765478a474353
349477 1 38 8 5 4 0 1 0 0  aaaa99995888a9777369aa866988a369764278a575544
349481 1 38 8 5 4 2 1 0 0  aaaa99995888a9777269aa866988a569765478a474353
349483 1 38 8 5 5 0 1 0 0  aaaa99995888a9777369aa846988a369766278a575544
349487 1 38 8 5 5 2 1 0 0  aaaa99995888a9777269aa856988a569766478a474353
349489 1 38 8 6 0 0 1 0 0  aaaa99995888a9664779aa873988a479773668a525546
349492 1 38 8 6 0 2 0 0 0  aaaa99995888a9665779aa872988a579775668a344436
349501 1 38 8 6 2 0 1 0 0  aaaa99995888a9666779aa873988a479773268a655544
349505 1 38 8 6 2 2 1 0 0  aaaa99995888a9666779aa872988a579775468a644353
349507 1 38 8 6 3 0 1 0 0  aaaa99995888a9666779aa873988a479773268a565544
349511 1 38 8 6 3 2 1 0 0  aaaa99995888a9666779aa872988a579775468a464353
349513 1 38 8 6 4 0 1 0 0  aaaa99995888a9655779aa872988a479774638a666534
349519 1 38 8 6 5 0 1 0 0  aaaa99995888a9655779aa872988a479774368a653664
349524 1 38 8 7 0 0 0 0 0  aaaa99997888a9777669aa852988a669755348a376544
349525 1 38 8 7 0 0 1 0 0  aaaa99997888a9777669aa842988a669754558a376534
349537 1 38 8 7 2 0 1 0 0  aaaa99997888a9777669aa862988a469764558a375534
349539 1 38 8 7 2 1 1 0 0  aaaa99997888a9777669aa862988a469764538a575534
349541 1 38 8 7 2 2 1 0 0  aaaa99997888a9777669aa862988a469764358a573554
349549 1 38 8 7 4 0 1 0 0  aaaa99997888a9777269aa866988a469764558a375534
349551 1 38 8 7 4 1 1 0 0  aaaa99997888a9777269aa866988a469764538a575534
349553 1 38 8 7 4 2 1 0 0  aaaa99997888a9777269aa866988a469764358a573554
349555 1 38 8 7 5 0 1 0 0  aaaa99997888a9777269aa846988a469766558a375534
349557 1 38 8 7 5 1 1 0 0  aaaa99997888a9777269aa846988a469766538a575534
349559 1 38 8 7 5 2 1 0 0  aaaa99997888a9777269aa846988a469766358a573554
349561 1 38 8 8 0 0 1 0 0  aaaa99995888a9664379aa877988a379764728a656554
349597 1 38 8 9 0 0 1 0 0  aaaa99995888a9664379aa877988a379774668a525546
349600 1 38 8 9 0 2 0 0 0  aaaa99995888a9665279aa877988a579775668a344436
349609 1 38 8 9 2 0 1 0 0  aaaa99995888a9666379aa877988a379774268a655544
349613 1 38 8 9 2 2 1 0 0  aaaa99995888a9666279aa877988a579775468a644353
349615 1 38 8 9 3 0 1 0 0  aaaa99995888a9666379aa877988a379774268a565544
349619 1 38 8 9 3 2 1 0 0  aaaa99995888a9666279aa877988a579775468a464353
349621 1 38 8 9 4 0 1 0 0  aaaa99995888a9655279aa877988a479774638a666534
349627 1 38 8 9 5 0 1 0 0  aaaa99995888a9655279aa877988a479774368a653664
349633 1 38 8 10 0 0 1 0 0  aaaa99995888a9664379aa847988a379777668a525546
349636 1 38 8 10 0 2 0 0 0  aaaa99995888a9665279aa857988a579777668a344436
349645 1 38 8 10 2 0 1 0 0  aaaa99995888a9666379aa847988a379777268a655544
349649 1 38 8 10 2 2 1 0 0  aaaa99995888a9666279aa857988a579777468a644353
349651 1 38 8 10 3 0 1 0 0  aaaa99995888a9666379aa847988a379777268a565544
349655 1 38 8 10 3 2 1 0 0  aaaa99995888a9666279aa857988a579777468a464353
349657 1 38 8 10 4 0 1 0 0  aaaa99995888a9655279aa847988a479777638a666534
349663 1 38 8 10 5 0 1 0 0  aaaa99995888a9655279aa847988a479777368a653664
349669 1 38 9 0 0 0 1 0 0  aaaa99996888a9774769aa862987a489677565a533845
349697 1 38 9 0 4 2 1 0 0  aaaa99996888a9775749aa854987a589477633a666852
349699 1 38 9 0 5 0 1 0 0  aaaa99996888a9776749aa864987a689477553a256853
349735 1 38 9 1 5 0 1 0 0  aaaa99996888a9777779aa862987a689546554a356834
349739 1 38 9 1 5 2 1 0 0  aaaa99996888a9777779aa862987a689546354a536854
349741 1 38 9 2 0 0 1 0 0  aaaa99996888a9777769aa862987a489674565a533845
349771 1 38 9 2 5 0 1 0 0  aaaa99996888a9777749aa864987a689476553a256853
349843 1 38 9 4 5 0 1 0 0  aaaa99996888a9777729aa867987a689546554a356834
349847 1 38 9 4 5 2 1 0 0  aaaa99996888a9777729aa867987a689546354a536854
349849 1 38 9 5 0 0 1 0 0  aaaa99996888a9777669aa842987a689764557a353854
349851 1 38 9 5 0 1 1 0 0  aaaa99996888a9777669aa842987a689764557a355834
349853 1 38 9 5 0 2 1 0 0  aaaa99996888a9777669aa842987a689764537a555834
349855 1 38 9 5 1 0 1 0 0  aaaa99995888a9777669aa862987a489764557a365834
349857 1 38 9 5 1 1 1 0 0  aaaa99995888a9777669aa862987a489764537a565834
349858 1 38 9 5 1 2 0 0 0  aaaa99995888a9777669aa862987a589765347a365844
349859 1 38 9 5 1 2 1 0 0  aaaa99995888a9777669aa862987a589765437a464835
349867 1 38 9 5 3 0 1 0 0  aaaa99996888a9777669aa862987a489764557a353854
349869 1 38 9 5 3 1 1 0 0  aaaa99996888a9777669aa862987a489764557a355834
349871 1 38 9 5 3 2 1 0 0  aaaa99996888a9777669aa862987a489764537a555834
349873 1 38 9 5 4 0 1 0 0  aaaa99995888a9777269aa846987a489766557a365834
349875 1 38 9 5 4 1 1 0 0  aaaa99995888a9777269aa846987a489766537a565834
349876 1 38 9 5 4 2 0 0 0  aaaa99995888a9777269aa856987a589766347a365844
349877 1 38 9 5 4 2 1 0 0  aaaa99995888a9777269aa856987a589766437a464835
349878 1 38 9 5 5 0 0 0 0  aaaa99996888a9777559aa862987a689756347a356844
349879 1 38 9 5 5 0 1 0 0  aaaa99996888a9777559aa862987a689756437a446835
349880 1 38 9 5 5 1 0 0 0  aaaa99996888a9777259aa865987a689756347a356844
349881 1 38 9 5 5 1 1 0 0  aaaa99996888a9777259aa865987a689756437a446835
349882 1 38 9 5 5 2 0 0 0  aaaa99996888a9777349aa863987a689746527a555864
349883 1 38 9 5 5 2 1 0 0  aaaa99996888a9777249aa864987a689746537a555836
349921 1 38 9 7 0 0 1 0 0  aaaa99997888a9777669aa842987a689674355a536845
349924 1 38 9 7 0 2 0 0 0  aaaa99997888a9777669aa852987a689675344a436855
349927 1 38 9 7 1 0 1 0 0  aaaa99997888a9777669aa862987a489674565a533845
349932 1 38 9 7 2 0 0 0 0  aaaa99997888a9777669aa865987a589572344a436865
349936 1 38 9 7 2 2 0 0 0  aaaa99997888a9777669aa864987a489472533a555866
349937 1 38 9 7 2 2 1 0 0  aaaa99997888a9777669aa864987a289474533a555866
349938 1 38 9 7 3 0 0 0 0  aaaa99997888a9777669aa863987a489673554a256854
349939 1 38 9 7 3 0 1 0 0  aaaa99997888a9777669aa862987a489674355a536845
349942 1 38 9 7 3 2 0 0 0  aaaa99997888a9777669aa862987a589675344a436855
349945 1 38 9 7 4 0 1 0 0  aaaa99997888a9777269aa846987a489676565a533845
349954 1 38 9 7 5 2 0 0 0  aaaa99997888a9777449aa862987a689476533a555866
349955 1 38 9 7 5 2 1 0 0  aaaa99997888a9777249aa864987a689476533a555866
349981 1 38 9 8 4 0 1 0 0  aaaa99995888a9755729aa847987a789674635a666834
349991 1 38 9 8 5 2 1 0 0  aaaa99996888a9746729aa867987a789576354a536854
350000 0 38 9 9 1 1 0 0 0  aaaa99994888a9753679aa837986a689777664a555824
350017 1 38 9 9 4 0 1 0 0  aaaa99995888a9755279aa847986a489777635a666834
350027 1 38 9 9 5 2 1 0 0  aaaa99996888a9746279aa867985a689777354a536854
350045 1 38 9 10 2 2 1 0 0  aaaa99996888a9756669aa862987a489754375a753874
350065 1 38 10 0 0 0 1 0 0  aaaa99996888a9877759aa876986a379576568a543424
350099 1 38 10 0 5 2 1 0 0  aaaa99995888a9877739aa873986a579675468a644652
350114 1 38 10 1 2 1 0 0 0  aaaa99995888a9854779aa876987a369653778a644625
350116 1 38 10 1 2 2 0 0 0  aaaa99995888a9845779aa876987a569635778a644623
350122 1 38 10 1 3 2 0 0 0  aaaa99994888a9853779aa876987a669653778a652445
350186 1 38 10 3 2 1 0 0 0  aaaa99995888a9854769aa837987a779663768a652445
350188 1 38 10 3 2 2 0 0 0  aaaa99995888a9845769aa857987a779665768a644332
350230 1 38 10 4 3 2 0 0 0  aaaa99994888a9853779aa876987a669653678a752445
350269 1 38 10 5 4 0 1 0 0  aaaa99995888a9855779aa872987a479674638a666534
350275 1 38 10 5 5 0 1 0 0  aaaa99995888a9855779aa872987a479674368a653664
350305 1 38 10 6 4 0 1 0 0  aaaa99995888a9855729aa847987a779674638a666534
350311 1 38 10 6 5 0 1 0 0  aaaa99995888a9855729aa847987a779674368a653664
350413 1 38 10 9 4 0 1 0 0  aaaa99995888a9855279aa877986a479774638a666534
350419 1 38 10 9 5 0 1 0 0  aaaa99995888a9855279aa877986a479774368a653664
350449 1 38 10 10 4 0 1 0 0  aaaa99995888a9855279aa847986a479777638a666534
350455 1 38 10 10 5 0 1 0 0  aaaa99995888a9855279aa847986a479777368a653664
350568 1 38 11 3 0 0 0 0 0  aaaa99998888a9884749aa787977a369654657a556632
350749 1 38 11 8 0 0 1 0 0  aaaa99998888a9884739aa787977a479663665a554256
350857 1 38 12 0 0 0 1 0 0  aaaa99995888a9877729aa876965a579674658a384634
350867 1 38 12 0 1 2 1 0 0  aaaa99996888a9877729aa876966a479576358a583544
350878 1 38 12 0 3 2 0 0 0  aaaa99994888a9877769aa876966a379573658a582454
350886 1 38 12 0 5 0 0 0 0  aaaa99995888a9877759aa875946a579674268a684633
350891 1 38 12 0 5 2 1 0 0  aaaa99995888a9877739aa873946a579675468a684652
350941 1 38 12 2 2 0 1 0 0  aaaa99995888a9855779aa876976a679354268a784634
350947 1 38 12 2 3 0 1 0 0  aaaa99995888a9855779aa876976a679364268a784534
350953 1 38 12 2 4 0 1 0 0  aaaa99995888a9855779aa876973a479666268a784534
350959 1 38 12 2 5 0 1 0 0  aaaa99995888a9855779aa872976a479654368a783664
351026 1 38 12 4 4 1 0 0 0  aaaa99994888a9844779aa876975a669663758a783525
351067 1 38 12 5 5 0 1 0 0  aaaa99995888a9855779aa872977a479654368a683664
351073 1 38 12 6 0 0 1 0 0  aaaa99996888a9866729aa857977a479674558a385634
351075 1 38 12 6 0 1 1 0 0  aaaa99996888a9866729aa857977a479674538a585634
351076 1 38 12 6 0 2 0 0 0  aaaa99996888a9866729aa857977a579675348a385644
351077 1 38 12 6 0 2 1 0 0  aaaa99996888a9866729aa857977a579675438a484635
351080 1 38 12 6 1 1 0 0 0  aaaa99995888a9844769aa847977a379676668a583552
351096 1 38 12 6 4 0 0 0 0  aaaa99994888a9855759aa857977a379676468a684632
351105 1 38 12 6 5 1 1 0 0  aaaa99995888a9855729aa857977a479674368a683664
351107 1 38 12 6 5 2 1 0 0  aaaa99996888a9846729aa867977a679576358a583454
351113 1 38 12 7 0 2 1 0 0  aaaa99997888a9866779aa872975a679664358a583544
351139 1 38 12 7 5 0 1 0 0  aaaa99997888a9855779aa872976a579654368a683644
351143 1 38 12 7 5 2 1 0 0  aaaa99997888a9845779aa872976a579645368a683654
351152 1 38 12 8 1 1 0 0 0  aaaa99995888a9844769aa877977a479663668a583552
351162 1 38 12 8 3 0 0 0 0  aaaa99995888a9864769aa877977a379663568a582454
351164 1 38 12 8 3 1 0 0 0  aaaa99995888a9864769aa877977a379663568a585442
351175 1 38 12 8 5 0 1 0 0  aaaa99995888a9855729aa877977a479654368a683664
351211 1 38 12 9 5 0 1 0 0  aaaa99995888a9855729aa847977a779654368a683664
351221 1 38 12 10 0 2 1 0 0  aaaa99996888a9866279aa847956a479777538a585634
351230 1 38 12 10 2 1 0 0 0  aaaa99994888a9844679aa837966a379777658a586525
351255 1 38 13 0 0 1 1 0 0  aaaa99994888a9877279aa886976a769574638a555634
351287 1 38 13 0 5 2 1 0 0  aaaa99995888a9877379aa883976a729675468a644655
351421 1 38 13 4 4 0 1 0 0  aaaa99995888a9855779aa882977a479674638a666534
351427 1 38 13 4 5 0 1 0 0  aaaa99995888a9855779aa882977a479674368a653664
351457 1 38 13 5 4 0 1 0 0  aaaa99995888a9855729aa887976a679754368a673644
351461 1 38 13 5 4 2 1 0 0  aaaa99995888a9845729aa887976a679745368a673654
351463 1 38 13 5 5 0 1 0 0  aaaa99995888a9855729aa887976a479754368a673664
351493 1 38 13 6 4 0 1 0 0  aaaa99995888a9855729aa887977a479674638a666534
351499 1 38 13 6 5 0 1 0 0  aaaa99995888a9855729aa887977a479674368a653664
351518 1 38 13 7 2 1 0 0 0  aaaa99995888a9854779aa886977a369653728a644765
351520 1 38 13 7 2 2 0 0 0  aaaa99995888a9845779aa886977a569635728a644763
351613 1 38 13 10 0 0 1 0 0  aaaa99996888a9866279aa887965a579777458a464335
351617 1 38 13 10 0 2 1 0 0  aaaa99996888a9866279aa887965a479777358a563544
351797 1 38 14 4 0 2 1 0 0  aaaa99996888a9686729aa777988a879754665a354534
351838 1 38 14 5 1 2 0 0 0  aaaa99994888a9583779aa736988a879766656a572454
351853 1 38 14 5 4 0 1 0 0  aaaa99995888a9686779aa742988a879755365a673644
351857 1 38 14 5 4 2 1 0 0  aaaa99995888a9686779aa752988a879745364a673654
351859 1 38 14 5 5 0 1 0 0  aaaa99995888a9684779aa742988a879755365a673664
351869 1 38 14 6 0 2 1 0 0  aaaa99996888a9686779aa772988a879754665a354534
351967 1 38 14 8 5 0 1 0 0  aaaa99995888a9684779aa772988a879655365a673644
351971 1 38 14 8 5 2 1 0 0  aaaa99995888a9685779aa772988a879645364a673654
351972 1 38 14 9 0 0 0 0 0  aaaa99996888a9686479aa477988a879773665a553452
351977 1 38 14 9 0 2 1 0 0  aaaa99996888a9686279aa577988a879774665a354534
352013 1 38 14 10 0 2 1 0 0  aaaa99996888a9686279aa547988a879777665a354534
352153 1 38 15 3 0 0 1 0 0  aaaa99994888a9664779aa883988a779773665a554256
352169 1 38 15 3 2 2 1 0 0  aaaa99994888a9666779aa882988a779774365a653545
352189 1 38 15 4 0 0 1 0 0  aaaa99994888a9777379aa887988a369764655a526645
352207 1 38 15 4 3 0 1 0 0  aaaa99994888a9777279aa887988a469766655a533645
352225 1 38 15 5 0 0 1 0 0  aaaa99996888a9777669aa882988a669755475a474353
352243 1 38 15 5 3 0 1 0 0  aaaa99996888a9777629aa886988a669755475a474353
352261 1 38 15 6 0 0 1 0 0  aaaa99994888a9664739aa887988a779773665a554256
352277 1 38 15 6 2 2 1 0 0  aaaa99994888a9666729aa887988a779774365a653545
352296 1 38 15 7 0 0 0 0 0  aaaa99997888a9777669aa882988a669755347a356454
352297 1 38 15 7 0 0 1 0 0  aaaa99997888a9777669aa884988a669744557a356352
352314 1 38 15 7 3 0 0 0 0  aaaa99997888a9777629aa886988a669755347a356454
352315 1 38 15 7 3 0 1 0 0  aaaa99997888a9777649aa886988a669744557a356352
352333 1 38 15 8 0 0 1 0 0  aaaa99995888a9664779aa883988a479773726a656554
352369 1 38 15 9 0 0 1 0 0  aaaa99994888a9664779aa883988a379777665a554256
352385 1 38 15 9 2 2 1 0 0  aaaa99994888a9666779aa882988a479777365a653545
352405 1 38 15 10 0 0 1 0 0  aaaa99994888a9664379aa887988a379777665a554256
352421 1 38 15 10 2 2 1 0 0  aaaa99994888a9666279aa887988a479777365a653545
352582 1 38 16 3 5 2 0 0 0  aaaa99995888a9675729aa887987a789675364a635644
352583 1 38 16 3 5 2 1 0 0  aaaa99995888a9675729aa887987a789675463a644653
352585 1 38 16 4 0 0 1 0 0  aaaa99994888a9777739aa887987a489663665a554256
352627 1 38 16 5 1 0 1 0 0  aaaa99994888a9777629aa886987a689764557a365534
352629 1 38 16 5 1 1 1 0 0  aaaa99994888a9777629aa886987a689764537a565534
352631 1 38 16 5 1 2 1 0 0  aaaa99994888a9777629aa886987a689764357a563554
352632 1 38 16 5 2 0 0 0 0  aaaa99996888a9777629aa886987a689755347a356454
352633 1 38 16 5 2 0 1 0 0  aaaa99996888a9777649aa886987a689744557a356352
352645 1 38 16 5 4 0 1 0 0  aaaa99994888a9777269aa886987a489766557a365534
352647 1 38 16 5 4 1 1 0 0  aaaa99994888a9777269aa886987a489766537a565534
352649 1 38 16 5 4 2 1 0 0  aaaa99994888a9777269aa886987a489766357a563554
352650 1 38 16 5 5 0 0 0 0  aaaa99996888a9777559aa882987a689756347a356464
352651 1 38 16 5 5 0 1 0 0  aaaa99996888a9777559aa882987a689756437a446365
352652 1 38 16 5 5 1 0 0 0  aaaa99996888a9777259aa885987a689756347a356464
352653 1 38 16 5 5 1 1 0 0  aaaa99996888a9777259aa885987a689756437a446365
352654 1 38 16 5 5 2 0 0 0  aaaa99996888a9777449aa882987a689746357a536556
352655 1 38 16 5 5 2 1 0 0  aaaa99996888a9777249aa884987a689746357a536556
352666 1 38 16 6 1 2 0 0 0  aaaa99994888a9753769aa887987a789663675a652445
352687 1 38 16 6 5 0 1 0 0  aaaa99995888a9764729aa887987a789565376a563644
352691 1 38 16 6 5 2 1 0 0  aaaa99995888a9765739aa887987a789365476a464652
352726 1 38 16 7 5 2 0 0 0  aaaa99997888a9777469aa886987a489666537a555342
352727 1 38 16 7 5 2 1 0 0  aaaa99997888a9777369aa886987a389666547a555442
352810 1 38 16 10 1 2 0 0 0  aaaa99995888a9765629aa886987a689765374a735744
352811 1 38 16 10 1 2 1 0 0  aaaa99995888a9765629aa886987a689765473a744753
352812 1 38 16 10 2 0 0 0 0  aaaa99996888a9756629aa886987a689755374a735744
352813 1 38 16 10 2 0 1 0 0  aaaa99996888a9756629aa886987a689755473a744753
352817 1 38 16 10 2 2 1 0 0  aaaa99996888a9756629aa886987a689754375a753744
352823 1 38 16 10 3 2 1 0 0  aaaa99996888a9754629aa886987a689764375a753745
352828 1 38 16 10 4 2 0 0 0  aaaa99995888a9765269aa886987a589766374a735744
352829 1 38 16 10 4 2 1 0 0  aaaa99995888a9765269aa886987a589766473a744753
352831 1 38 16 10 5 0 1 0 0  aaaa99995888a9764559aa882987a589764376a763746
352833 1 38 16 10 5 1 1 0 0  aaaa99995888a9764529aa885987a589764376a763746
352835 1 38 16 10 5 2 1 0 0  aaaa99995888a9765249aa884987a589764376a763756
352888 1 38 17 1 2 2 0 0 0  aaaa99994888a9853779aa886987a779663765a652445
352960 1 38 17 3 2 2 0 0 0  aaaa99994888a9853769aa887987a779663765a652445
353026 1 38 17 5 1 2 0 0 0  aaaa99994888a9853769aa887987a379676665a752445
353047 1 38 17 5 5 0 1 0 0  aaaa99995888a9864729aa887987a479575356a763646
353134 1 38 17 8 1 2 0 0 0  aaaa99994888a9853769aa887987a779663665a752445
353155 1 38 17 8 5 0 1 0 0  aaaa99995888a9864729aa887987a779565356a763644
353159 1 38 17 8 5 2 1 0 0  aaaa99995888a9865729aa887987a779465346a763645
353240 1 38 18 0 1 1 0 0 0  aaaa99995888a9884779aa536987a879663667a752445
353242 1 38 18 0 1 2 0 0 0  aaaa99995888a9885779aa456987a879665667a744332
353250 1 38 18 0 3 0 0 0 0  aaaa99995888a9884779aa636987a879663467a754552
353252 1 38 18 0 3 1 0 0 0  aaaa99995888a9884779aa636987a879663567a755442
353263 1 38 18 0 5 0 1 0 0  aaaa99995888a9884779aa642987a879565357a763646
353276 1 38 18 1 1 1 0 0 0  aaaa99995888a9884779aa736987a869644776a563552
353282 1 38 18 1 2 1 0 0 0  aaaa99995888a9884779aa736987a869653775a644625
353284 1 38 18 1 2 2 0 0 0  aaaa99995888a9885779aa756987a869645773a644623
353288 1 38 18 1 3 1 0 0 0  aaaa99995888a9884779aa736987a869653776a652445
353290 1 38 18 1 3 2 0 0 0  aaaa99995888a9885779aa756987a869645776a644332
353312 1 38 18 2 1 1 0 0 0  aaaa99995888a9884779aa736987a879663665a752445
353314 1 38 18 2 1 2 0 0 0  aaaa99995888a9885779aa756987a879665664a744332
353322 1 38 18 2 3 0 0 0 0  aaaa99995888a9884779aa736987a879663565a765442
353324 1 38 18 2 3 1 0 0 0  aaaa99995888a9884779aa736987a879663465a764525
353335 1 38 18 2 5 0 1 0 0  aaaa99995888a9884779aa742987a879565356a763646
353384 1 38 18 4 1 1 0 0 0  aaaa99995888a9884779aa736987a869653675a762445
353386 1 38 18 4 1 2 0 0 0  aaaa99995888a9885779aa756987a869645673a762443
353390 1 38 18 4 2 1 0 0 0  aaaa99995888a9884779aa736987a869653676a752445
353392 1 38 18 4 2 2 0 0 0  aaaa99995888a9885779aa756987a869645676a744332
353396 1 38 18 4 3 1 0 0 0  aaaa99995888a9884779aa736987a869653675a744625
353398 1 38 18 4 3 2 0 0 0  aaaa99995888a9885779aa756987a869645673a744623
353402 1 38 18 4 4 1 0 0 0  aaaa99995888a9884779aa736987a869663675a752445
353404 1 38 18 4 4 2 0 0 0  aaaa99995888a9885779aa756987a869665674a744332
353412 1 38 18 5 0 0 0 0 0  aaaa99994888a9883749aa777987a869654657a556632
353485 1 38 18 7 0 0 1 0 0  aaaa99995888a9884779aa743987a879663662a575546
353488 1 38 18 7 0 2 0 0 0  aaaa99995888a9885779aa752987a879665664a473436
353489 1 38 18 7 0 2 1 0 0  aaaa99995888a9885779aa753987a879663662a475446
353492 1 38 18 7 1 1 0 0 0  aaaa99995888a9884779aa736987a879663664a572554
353496 1 38 18 7 2 0 0 0 0  aaaa99995888a9884779aa736987a879663565a675442
353498 1 38 18 7 2 1 0 0 0  aaaa99995888a9884779aa736987a879663465a674525
353515 1 38 18 7 5 0 1 0 0  aaaa99995888a9884779aa742987a879655365a673664
353521 1 38 18 8 0 0 1 0 0  aaaa99994888a9884779aa773987a879663665a554256
353645 1 38 19 0 2 2 1 0 0  aaaa99994888a9877729aa876986a689774365a653545
353680 1 38 19 1 2 2 0 0 0  aaaa99994888a9853779aa876987a389662775a644565
353686 1 38 19 1 3 2 0 0 0  aaaa99994888a9853779aa876987a689663775a652445
353692 1 38 19 1 4 2 0 0 0  aaaa99994888a9853779aa876987a389666775a652445
353696 1 38 19 1 5 1 0 0 0  aaaa99995888a9864779aa875987a389565776a464632
353710 1 38 19 2 1 2 0 0 0  aaaa99994888a9853779aa876987a389676675a652445
353784 1 38 19 4 2 0 0 0 0  aaaa99995888a9864779aa876987a389663476a754552
353786 1 38 19 4 2 1 0 0 0  aaaa99995888a9864779aa876987a389663576a755442
353856 1 38 19 6 2 0 0 0 0  aaaa99995888a9864769aa837987a789663476a754552
353858 1 38 19 6 2 1 0 0 0  aaaa99995888a9864769aa837987a789663576a755442
353926 1 38 19 8 1 2 0 0 0  aaaa99994888a9853769aa837987a789676675a652445
353962 1 38 19 9 1 2 0 0 0  aaaa99994888a9853679aa837986a689777675a652445
354005 1 38 19 10 2 2 1 0 0  aaaa99996888a9856669aa862987a489754375a753774
354074 1 38 20 1 2 1 0 0 0  aaaa99995888a9884779aa786987a369653775a644625
354076 1 38 20 1 2 2 0 0 0  aaaa99995888a9885779aa786987a569645773a644623
354132 1 38 20 3 0 0 0 0 0  aaaa99994888a9883749aa787987a769654657a556632
354182 1 38 20 4 2 1 0 0 0  aaaa99995888a9884779aa786987a369653676a752445
354184 1 38 20 4 2 2 0 0 0  aaaa99995888a9885779aa786987a569645676a744332
354190 1 38 20 4 3 2 0 0 0  aaaa99994888a9883779aa786987a669653675a752445
354205 1 38 20 5 0 0 1 0 0  aaaa99994888a9884779aa783987a779663665a554256
354288 1 38 20 7 2 0 0 0 0  aaaa99995888a9884779aa786987a379663565a675442
354290 1 38 20 7 2 1 0 0 0  aaaa99995888a9884779aa786987a379663465a674525
354313 1 38 20 8 0 0 1 0 0  aaaa99994888a9884739aa787987a779663665a554256
354348 1 38 20 9 0 0 0 0 0  aaaa99996888a9885279aa787986a679747663a535544
354353 1 38 20 9 0 2 1 0 0  aaaa99996888a9884279aa787986a679757665a354534
354470 1 38 21 1 2 1 0 0 0  aaaa99995888a9888779aa746987a369653775a644625
354472 1 38 21 1 2 2 0 0 0  aaaa99995888a9888779aa756987a569645773a644623
354578 1 38 21 4 2 1 0 0 0  aaaa99995888a9888779aa746987a369653676a752445
354580 1 38 21 4 2 2 0 0 0  aaaa99995888a9888779aa756987a569645676a744332
354586 1 38 21 4 3 2 0 0 0  aaaa99994888a9888779aa736987a669653675a752445
354601 1 38 21 5 0 0 1 0 0  aaaa99994888a9888779aa743987a779663665a554256
354684 1 38 21 7 2 0 0 0 0  aaaa99995888a9888779aa746987a379663565a675442
354686 1 38 21 7 2 1 0 0 0  aaaa99995888a9888779aa746987a379663465a674525
354816 1 38 22 0 0 0 0 0 0  aaaa99995778a9664689aa738976a389888557a765442
354818 1 38 22 0 0 1 0 0 0  aaaa99995778a9664689aa738976a389888457a764552
354829 1 38 22 0 2 0 1 0 0  aaaa99995778a9666389aa748976a389888267a755544
354833 1 38 22 0 2 2 1 0 0  aaaa99995778a9666289aa758976a589888467a744353
354839 1 38 22 0 3 2 1 0 0  aaaa99995778a9666289aa758976a589888347a763445
354841 1 38 22 0 4 0 1 0 0  aaaa99995778a9656389aa748976a389888267a755644
354845 1 38 22 0 4 2 1 0 0  aaaa99995778a9636289aa758976a589888467a744653
354847 1 38 22 0 5 0 1 0 0  aaaa99995778a9655289aa748976a489888367a753664
354866 1 38 22 1 2 1 0 0 0  aaaa99994778a9744689aa738966a389888757a566525
354913 1 38 22 2 4 0 1 0 0  aaaa99995778a9755289aa748976a489888637a666534
354919 1 38 22 2 5 0 1 0 0  aaaa99995778a9755289aa748976a489888367a653664
354965 1 38 22 4 0 2 1 0 0  aaaa99996778a9766289aa748956a489888537a575634
354974 1 38 22 4 2 1 0 0 0  aaaa99994778a9744689aa738966a389888657a576525
355078 1 38 22 7 1 2 0 0 0  aaaa99994778a9753689aa738976a689888675a652445
355177 1 38 22 10 0 0 1 0 0  aaaa99995668a9755289aa648967a489888376a753774
355220 1 39 0 0 1 1 0 0 0  aaaa99995887a9754789aa537986a386966778a844625
355222 1 39 0 0 1 2 0 0 0  aaaa99995887a9745789aa357986a586966778a844623
355226 1 39 0 0 2 1 0 0 0  aaaa99995887a9764789aa637985a386966778a844552
355242 1 39 0 0 5 0 0 0 0  aaaa99995887a9764789aa637985a584964778a863526
355247 1 39 0 0 5 2 1 0 0  aaaa99995887a9765789aa657983a582964778a864634
355292 1 39 0 2 1 1 0 0 0  aaaa99995887a9774789aa447986a386966578a855632
355304 1 39 0 2 3 1 0 0 0  aaaa99995887a9774789aa637985a386966678a844552
355310 1 39 0 2 4 1 0 0 0  aaaa99995887a9774789aa637985a386944678a866552
355368 1 39 0 4 2 0 0 0 0  aaaa99994887a9773789aa637985a786966558a845624
355376 1 39 0 4 3 1 0 0 0  aaaa99994887a9773789aa637985a786966658a844525
355392 1 39 0 5 0 0 0 0 0  aaaa99995887a9774689aa637986a387955478a864562
355394 1 39 0 5 0 1 0 0 0  aaaa99995887a9774689aa637986a387962578a855464
355400 1 39 0 5 1 1 0 0 0  aaaa99995887a9774689aa667985a387944678a863552
355410 1 39 0 5 3 0 0 0 0  aaaa99995887a9774689aa667986a387963478a854552
355412 1 39 0 5 3 1 0 0 0  aaaa99995887a9774689aa667986a387963578a855442
355416 1 39 0 5 4 0 0 0 0  aaaa99995887a9774589aa667985a387963478a864652
355421 1 39 0 5 4 2 1 0 0  aaaa99995887a9775689aa657983a587964278a864634
355428 1 39 0 6 0 0 0 0 0  aaaa99995887a9777689aa647986a387963468a854552
355430 1 39 0 6 0 1 0 0 0  aaaa99995887a9777689aa647986a387963568a855442
355472 1 39 0 7 1 1 0 0 0  aaaa99995887a9774689aa737986a685963578a845624
355474 1 39 0 7 1 2 0 0 0  aaaa99995887a9775689aa757986a684965378a843624
355644 1 39 1 1 0 0 0 0 0  aaaa99995888a9777779aa846967a364955868a864532
355646 1 39 1 1 0 1 0 0 0  aaaa99995888a9777779aa846967a365955868a863442
355669 1 39 1 1 4 0 1 0 0  aaaa99995888a9777779aa846927a666964838a855534
355766 1 39 1 4 2 1 0 0 0  aaaa99995888a9777769aa847967a366944858a863552
355829 1 39 1 6 0 2 1 0 0  aaaa99996888a9665749aa857977a574974838a865362
356012 1 39 2 0 1 1 0 0 0  aaaa99995888a9774759aa836967a675975888a644632
356024 1 39 2 0 3 1 0 0 0  aaaa99995888a9774769aa836967a675973888a655442
356030 1 39 2 0 4 1 0 0 0  aaaa99995888a9774769aa836957a376976888a655442
356162 1 39 2 4 2 1 0 0 0  aaaa99995888a9777769aa847967a366953888a652445
356164 1 39 2 4 2 2 0 0 0  aaaa99995888a9777769aa857967a566945888a644332
356366 1 39 2 10 0 1 0 0 0  aaaa99995888a9664679aa837956a377977888a565442
356412 1 39 3 0 2 0 0 0 0  aaaa99995888a9774769aa836987a376972688a556454
356414 1 39 3 0 2 1 0 0 0  aaaa99995888a9775769aa846987a376973688a655442
356593 1 39 3 5 2 0 1 0 0  aaaa99995888a9777669aa863987a466973288a755544
356597 1 39 3 5 2 2 1 0 0  aaaa99995888a9777669aa862987a566975488a744353
356605 1 39 3 5 4 0 1 0 0  aaaa99995888a9777369aa866987a366974288a755544
356609 1 39 3 5 4 2 1 0 0  aaaa99995888a9777269aa866987a566975488a744353
356611 1 39 3 5 5 0 1 0 0  aaaa99995888a9777369aa846987a366976288a755544
356615 1 39 3 5 5 2 1 0 0  aaaa99995888a9777269aa856987a566976488a744353
356629 1 39 3 6 2 0 1 0 0  aaaa99995888a9666739aa847987a777963288a565544
356633 1 39 3 6 2 2 1 0 0  aaaa99995888a9666729aa857987a777965488a464353
356635 1 39 3 6 3 0 1 0 0  aaaa99995888a9666739aa847987a777963288a655544
356639 1 39 3 6 3 2 1 0 0  aaaa99995888a9666729aa857987a777965488a644353
356647 1 39 3 6 5 0 1 0 0  aaaa99995888a9565729aa847987a777964388a563646
356702 1 39 3 8 2 1 0 0 0  aaaa99995888a9754769aa837987a776963688a652445
356704 1 39 3 8 2 2 0 0 0  aaaa99995888a9745769aa857987a776965688a644332
356724 1 39 3 9 0 0 0 0 0  aaaa99995888a9664679aa877986a377973588a562454
356726 1 39 3 9 0 1 0 0 0  aaaa99995888a9664679aa877986a377973588a565442
356737 1 39 3 9 2 0 1 0 0  aaaa99995888a9666379aa877986a377974288a655544
356741 1 39 3 9 2 2 1 0 0  aaaa99995888a9666279aa877986a577975488a644353
356743 1 39 3 9 3 0 1 0 0  aaaa99995888a9666379aa877986a377974288a565544
356747 1 39 3 9 3 2 1 0 0  aaaa99995888a9666279aa877986a577975488a464353
356755 1 39 3 9 5 0 1 0 0  aaaa99995888a9655279aa877986a477974388a653664
356760 1 39 3 10 0 0 0 0 0  aaaa99995888a9664679aa837986a377977588a562454
356762 1 39 3 10 0 1 0 0 0  aaaa99995888a9664679aa837986a377977588a565442
356773 1 39 3 10 2 0 1 0 0  aaaa99995888a9666379aa847986a377977288a655544
356777 1 39 3 10 2 2 1 0 0  aaaa99995888a9666279aa857986a577977488a644353
356779 1 39 3 10 3 0 1 0 0  aaaa99995888a9666379aa847986a377977288a565544
356783 1 39 3 10 3 2 1 0 0  aaaa99995888a9666279aa857986a577977488a464353
356791 1 39 3 10 5 0 1 0 0  aaaa99995888a9655279aa847986a477977388a653664
356808 1 39 4 0 2 0 0 0 0  aaaa99995888a9774769aa836987a376972648a556845
356814 1 39 4 0 3 0 0 0 0  aaaa99995888a9774769aa866987a376973658a545824
356816 1 39 4 0 3 1 0 0 0  aaaa99995888a9774769aa866987a376973648a555842
356820 1 39 4 0 4 0 0 0 0  aaaa99995888a9774769aa836987a376976658a545824
356822 1 39 4 0 4 1 0 0 0  aaaa99995888a9774769aa836987a376976648a555842
356830 1 39 4 0 5 2 0 0 0  aaaa99995888a9775749aa852987a576974638a666834
356846 1 39 4 1 2 1 0 0 0  aaaa99995888a9777779aa846987a365963668a545824
356848 1 39 4 1 2 2 0 0 0  aaaa99995888a9777779aa856987a564965668a433842
356873 1 39 4 2 0 2 1 0 0  aaaa99996888a9777769aa862987a465974638a555834
356882 1 39 4 2 2 1 0 0 0  aaaa99995888a9777769aa846987a365973668a545824
356884 1 39 4 2 2 2 0 0 0  aaaa99995888a9777769aa856987a564975668a433842
356909 1 39 4 3 0 2 1 0 0  aaaa99995888a9665749aa857987a774964728a636853
356928 1 39 4 3 4 0 0 0 0  aaaa99994888a9553769aa837987a776966758a644825
356954 1 39 4 4 2 1 0 0 0  aaaa99995888a9777769aa847987a365963668a545824
356956 1 39 4 4 2 2 0 0 0  aaaa99995888a9777769aa857987a564965668a433842
357029 1 39 4 6 2 2 1 0 0  aaaa99995888a9666739aa857987a777935468a644852
357037 1 39 4 6 4 0 1 0 0  aaaa99995888a9655729aa847987a777954638a666834
357047 1 39 4 6 5 2 1 0 0  aaaa99996888a9546729aa867987a777946358a536854
357053 1 39 4 7 0 2 1 0 0  aaaa99997888a9777669aa842987a665974538a556834
357059 1 39 4 7 1 2 1 0 0  aaaa99997888a9777669aa862987a465974638a555834
357061 1 39 4 7 2 0 1 0 0  aaaa99997888a9777669aa862987a466974558a353854
357063 1 39 4 7 2 1 1 0 0  aaaa99997888a9777669aa862987a466974558a355834
357065 1 39 4 7 2 2 1 0 0  aaaa99997888a9777669aa862987a466974538a555834
357071 1 39 4 7 3 2 1 0 0  aaaa99997888a9777669aa862987a465974538a556834
357073 1 39 4 7 4 0 1 0 0  aaaa99997888a9777269aa866987a466974558a353854
357075 1 39 4 7 4 1 1 0 0  aaaa99997888a9777269aa866987a466974558a355834
357077 1 39 4 7 4 2 1 0 0  aaaa99997888a9777269aa866987a466974538a555834
357079 1 39 4 7 5 0 1 0 0  aaaa99997888a9777269aa846987a466976558a353854
357081 1 39 4 7 5 1 1 0 0  aaaa99997888a9777269aa846987a466976558a355834
357083 1 39 4 7 5 2 1 0 0  aaaa99997888a9777269aa846987a466976538a555834
357115 1 39 4 8 5 0 1 0 0  aaaa99995888a9755729aa847987a776954638a666834
357139 1 39 4 9 3 0 1 0 0  aaaa99995888a9666279aa877986a477974558a365834
357141 1 39 4 9 3 1 1 0 0  aaaa99995888a9666279aa877986a477974538a565834
357142 1 39 4 9 3 2 0 0 0  aaaa99995888a9666279aa877986a577975348a365844
357143 1 39 4 9 3 2 1 0 0  aaaa99995888a9666279aa877986a577975438a464835
357151 1 39 4 9 5 0 1 0 0  aaaa99995888a9655279aa877986a477974368a653864
357175 1 39 4 10 3 0 1 0 0  aaaa99995888a9666279aa847986a477977558a365834
357177 1 39 4 10 3 1 1 0 0  aaaa99995888a9666279aa847986a477977538a565834
357178 1 39 4 10 3 2 0 0 0  aaaa99995888a9666279aa857986a577977348a365844
357179 1 39 4 10 3 2 1 0 0  aaaa99995888a9666279aa857986a577977438a464835
357187 1 39 4 10 5 0 1 0 0  aaaa99995888a9655279aa847986a477977368a653864
357206 1 39 5 0 2 1 0 0 0  aaaa99995888a9774769aa886987a376973658a644552
357336 1 39 5 4 0 0 0 0 0  aaaa99995888a9777749aa887987a366943268a565564
357421 1 39 5 6 2 0 1 0 0  aaaa99995888a9666729aa887987a777955468a644533
357425 1 39 5 6 2 2 1 0 0  aaaa99994888a9666729aa887987a777954368a653545
357535 1 39 5 9 3 0 1 0 0  aaaa99994888a9666779aa882986a477977558a365534
357537 1 39 5 9 3 1 1 0 0  aaaa99994888a9666779aa882986a477977538a565534
357539 1 39 5 9 3 2 1 0 0  aaaa99994888a9666779aa882986a477977358a563554
357547 1 39 5 9 5 0 1 0 0  aaaa99995888a9655779aa882986a477977368a653644
357551 1 39 5 9 5 2 1 0 0  aaaa99995888a9635779aa882986a577977468a644653
357571 1 39 5 10 3 0 1 0 0  aaaa99994888a9666279aa887986a477977558a365534
357573 1 39 5 10 3 1 1 0 0  aaaa99994888a9666279aa887986a477977538a565534
357575 1 39 5 10 3 2 1 0 0  aaaa99994888a9666279aa887986a477977358a563554
357583 1 39 5 10 5 0 1 0 0  aaaa99995888a9655279aa887986a477977368a653644
357587 1 39 5 10 5 2 1 0 0  aaaa99995888a9635279aa887986a577977468a644653
357589 1 39 6 0 0 0 1 0 0  aaaa99996888a9775769aa862987a476974638a855534
357600 1 39 6 0 2 0 0 0 0  aaaa99995888a9774769aa836987a376972558a866454
357602 1 39 6 0 2 1 0 0 0  aaaa99995888a9775769aa846987a376973658a862454
357608 1 39 6 0 3 1 0 0 0  aaaa99995888a9774769aa866987a376973658a844552
357614 1 39 6 0 4 1 0 0 0  aaaa99995888a9774769aa836987a376976658a844552
357638 1 39 6 1 2 1 0 0 0  aaaa99995888a9777779aa846987a365963668a855442
357674 1 39 6 2 2 1 0 0 0  aaaa99995888a9777769aa846987a365973668a855442
357746 1 39 6 4 2 1 0 0 0  aaaa99995888a9777769aa847987a365963668a855442
357781 1 39 6 5 2 0 1 0 0  aaaa99995888a9777669aa863987a466973278a855544
357785 1 39 6 5 2 2 1 0 0  aaaa99995888a9777669aa862987a566975478a844353
357793 1 39 6 5 4 0 1 0 0  aaaa99995888a9777369aa866987a366974278a855544
357797 1 39 6 5 4 2 1 0 0  aaaa99995888a9777269aa866987a566975478a844353
357799 1 39 6 5 5 0 1 0 0  aaaa99995888a9777369aa846987a366976278a855544
357803 1 39 6 5 5 2 1 0 0  aaaa99995888a9777269aa856987a566976478a844353
357821 1 39 6 6 2 2 1 0 0  aaaa99995888a9666729aa857987a777965348a863445
357823 1 39 6 6 3 0 1 0 0  aaaa99995888a9666739aa847987a777963268a855544
357827 1 39 6 6 3 2 1 0 0  aaaa99995888a9666729aa857987a777965468a844353
357835 1 39 6 6 5 0 1 0 0  aaaa99995888a9565729aa847987a777964358a863646
357912 1 39 6 9 0 0 0 0 0  aaaa99995888a9664679aa877986a377973558a865442
357914 1 39 6 9 0 1 0 0 0  aaaa99995888a9664679aa877986a377973458a864552
357925 1 39 6 9 2 0 1 0 0  aaaa99995888a9666379aa877986a377974268a855544
357929 1 39 6 9 2 2 1 0 0  aaaa99995888a9666279aa877986a577975468a844353
357935 1 39 6 9 3 2 1 0 0  aaaa99995888a9666279aa877986a577975348a863445
357937 1 39 6 9 4 0 1 0 0  aaaa99995888a9656379aa877986a377974268a855644
357941 1 39 6 9 4 2 1 0 0  aaaa99995888a9636279aa877986a577975468a844653
357943 1 39 6 9 5 0 1 0 0  aaaa99995888a9655279aa877986a477974368a853664
357948 1 39 6 10 0 0 0 0 0  aaaa99995888a9664679aa837986a377977558a865442
357950 1 39 6 10 0 1 0 0 0  aaaa99995888a9664679aa837986a377977458a864552
357961 1 39 6 10 2 0 1 0 0  aaaa99995888a9666379aa847986a377977268a855544
357965 1 39 6 10 2 2 1 0 0  aaaa99995888a9666279aa857986a577977468a844353
357971 1 39 6 10 3 2 1 0 0  aaaa99995888a9666279aa857986a577977348a863445
357973 1 39 6 10 4 0 1 0 0  aaaa99995888a9656379aa847986a377977268a855644
357977 1 39 6 10 4 2 1 0 0  aaaa99995888a9636279aa857986a577977468a844653
357979 1 39 6 10 5 0 1 0 0  aaaa99995888a9655279aa847986a477977368a853664
358036 1 39 7 1 2 2 0 0 0  aaaa99994888a9853779aa876976a666953878a752445
358046 1 39 7 1 4 1 0 0 0  aaaa99995888a9854779aa876976a366963878a752445
358048 1 39 7 1 4 2 0 0 0  aaaa99995888a9845779aa876976a566965878a744332
358078 1 39 7 2 3 2 0 0 0  aaaa99994888a9853779aa876976a676953868a752445
358086 1 39 7 2 5 0 0 0 0  aaaa99994888a9863779aa875975a374965858a764626
358147 1 39 7 4 3 0 1 0 0  aaaa99995888a9855779aa876976a662954838a774634
358154 1 39 7 4 4 1 0 0 0  aaaa99995888a9844779aa876976a466963858a773552
358208 1 39 7 6 1 1 0 0 0  aaaa99995888a9854769aa837977a376976868a652445
358210 1 39 7 6 1 2 0 0 0  aaaa99995888a9845769aa857977a576976868a644332
358214 1 39 7 6 2 1 0 0 0  aaaa99995888a9844769aa847977a376976858a663552
358226 1 39 7 6 4 1 0 0 0  aaaa99995888a9844769aa847977a376973858a666552
358280 1 39 7 8 1 1 0 0 0  aaaa99995888a9854769aa877977a376963868a652445
358282 1 39 7 8 1 2 0 0 0  aaaa99995888a9845769aa877977a576965868a644332
358292 1 39 7 8 3 1 0 0 0  aaaa99995888a9864769aa877977a376963858a644552
358358 1 39 7 10 2 1 0 0 0  aaaa99994888a9844679aa837966a377977858a566525
358415 1 39 8 0 5 2 1 0 0  aaaa99996888a9776279aa865988a655975778a436443
358501 1 39 8 3 2 0 1 0 0  aaaa99997888a9666279aa877988a577955468a644533
358505 1 39 8 3 2 2 1 0 0  aaaa99997888a9666279aa877988a477954368a653545
358573 1 39 8 5 2 0 1 0 0  aaaa99995888a9777669aa863988a466973278a755544
358577 1 39 8 5 2 2 1 0 0  aaaa99995888a9777669aa862988a566975478a744353
358585 1 39 8 5 4 0 1 0 0  aaaa99995888a9777369aa866988a366974278a755544
358589 1 39 8 5 4 2 1 0 0  aaaa99995888a9777269aa866988a566975478a744353
358591 1 39 8 5 5 0 1 0 0  aaaa99995888a9777369aa846988a366976278a755544
358595 1 39 8 5 5 2 1 0 0  aaaa99995888a9777269aa856988a566976478a744353
358597 1 39 8 6 0 0 1 0 0  aaaa99995888a9664779aa873988a477973668a525546
358600 1 39 8 6 0 2 0 0 0  aaaa99995888a9665779aa872988a577975668a344436
358609 1 39 8 6 2 0 1 0 0  aaaa99995888a9666779aa873988a477973268a655544
358613 1 39 8 6 2 2 1 0 0  aaaa99995888a9666779aa872988a577975468a644353
358615 1 39 8 6 3 0 1 0 0  aaaa99995888a9666779aa873988a477973268a565544
358619 1 39 8 6 3 2 1 0 0  aaaa99995888a9666779aa872988a577975468a464353
358621 1 39 8 6 4 0 1 0 0  aaaa99995888a9655779aa872988a477974638a666534
358627 1 39 8 6 5 0 1 0 0  aaaa99995888a9655779aa872988a477974368a653664
358681 1 39 8 8 2 0 1 0 0  aaaa99995888a9666379aa877988a377964278a565544
358685 1 39 8 8 2 2 1 0 0  aaaa99995888a9666279aa877988a577965478a464353
358687 1 39 8 8 3 0 1 0 0  aaaa99995888a9666379aa877988a377964278a655544
358691 1 39 8 8 3 2 1 0 0  aaaa99995888a9666279aa877988a577965478a644353
358699 1 39 8 8 5 0 1 0 0  aaaa99995888a9565279aa877988a477964378a563646
358705 1 39 8 9 0 0 1 0 0  aaaa99995888a9664379aa877988a377974668a525546
358708 1 39 8 9 0 2 0 0 0  aaaa99995888a9665279aa877988a577975668a344436
358717 1 39 8 9 2 0 1 0 0  aaaa99995888a9666379aa877988a377974268a655544
358721 1 39 8 9 2 2 1 0 0  aaaa99995888a9666279aa877988a577975468a644353
358723 1 39 8 9 3 0 1 0 0  aaaa99995888a9666379aa877988a377974268a565544
358727 1 39 8 9 3 2 1 0 0  aaaa99995888a9666279aa877988a577975468a464353
358729 1 39 8 9 4 0 1 0 0  aaaa99995888a9655279aa877988a477974638a666534
358735 1 39 8 9 5 0 1 0 0  aaaa99995888a9655279aa877988a477974368a653664
358741 1 39 8 10 0 0 1 0 0  aaaa99995888a9664379aa847988a377977668a525546
358744 1 39 8 10 0 2 0 0 0  aaaa99995888a9665279aa857988a577977668a344436
358753 1 39 8 10 2 0 1 0 0  aaaa99995888a9666379aa847988a377977268a655544
358757 1 39 8 10 2 2 1 0 0  aaaa99995888a9666279aa857988a577977468a644353
358759 1 39 8 10 3 0 1 0 0  aaaa99995888a9666379aa847988a377977268a565544
358763 1 39 8 10 3 2 1 0 0  aaaa99995888a9666279aa857988a577977468a464353
358765 1 39 8 10 4 0 1 0 0  aaaa99995888a9655279aa847988a477977638a666534
358771 1 39 8 10 5 0 1 0 0  aaaa99995888a9655279aa847988a477977368a653664
358776 1 39 9 0 0 0 0 0 0  aaaa99995888a9773769aa866987a387972655a446854
358782 1 39 9 0 1 0 0 0 0  aaaa99995888a9773769aa836987a287976655a446854
358799 1 39 9 0 3 2 1 0 0  aaaa99996888a9775749aa854987a587974626a636853
358805 1 39 9 0 4 2 1 0 0  aaaa99996888a9775749aa854987a587974633a666852
358807 1 39 9 0 5 0 1 0 0  aaaa99996888a9776739aa863987a687976455a544825
358809 1 39 9 0 5 1 1 0 0  aaaa99996888a9776739aa863987a687976555a444852
358811 1 39 9 0 5 2 1 0 0  aaaa99996888a9776749aa864987a687974533a555862
358824 1 39 9 1 2 0 0 0 0  aaaa99995888a9777779aa846987a386963645a655842
358826 1 39 9 1 2 1 0 0 0  aaaa99995888a9777779aa846987a386963645a652845
358849 1 39 9 2 0 0 1 0 0  aaaa99996888a9777769aa862987a486974655a533845
358860 1 39 9 2 2 0 0 0 0  aaaa99995888a9777769aa846987a386973645a655842
358862 1 39 9 2 2 1 0 0 0  aaaa99995888a9777769aa846987a386973645a652845
358883 1 39 9 2 5 2 1 0 0  aaaa99995888a9777749aa854987a586974633a666852
358932 1 39 9 4 2 0 0 0 0  aaaa99995888a9777769aa847987a386963645a655842
358934 1 39 9 4 2 1 0 0 0  aaaa99995888a9777769aa847987a386963645a652845
358957 1 39 9 5 0 0 1 0 0  aaaa99996888a9777669aa842987a686974575a533845
358975 1 39 9 5 3 0 1 0 0  aaaa99996888a9777669aa862987a486974575a533845
358991 1 39 9 5 5 2 1 0 0  aaaa99995888a9777249aa854987a586974673a666853
358996 1 39 9 6 0 2 0 0 0  aaaa99995888a9665729aa857987a787975664a443836
358997 1 39 9 6 0 2 1 0 0  aaaa99995888a9665739aa857987a787973662a444856
359008 1 39 9 6 2 2 0 0 0  aaaa99995888a9666729aa857987a787975364a635844
359009 1 39 9 6 2 2 1 0 0  aaaa99995888a9666729aa857987a787975463a644853
359015 1 39 9 6 3 2 1 0 0  aaaa99995888a9666729aa857987a787975463a464853
359017 1 39 9 6 4 0 1 0 0  aaaa99995888a9655729aa847987a787974635a666834
359023 1 39 9 6 5 0 1 0 0  aaaa99996888a9546729aa867987a787976554a356834
359027 1 39 9 6 5 2 1 0 0  aaaa99996888a9546729aa867987a787976354a536854
359029 1 39 9 7 0 0 1 0 0  aaaa99997888a9777669aa823987a686973455a544865
359035 1 39 9 7 1 0 1 0 0  aaaa99997888a9777669aa862987a486974655a533845
359040 1 39 9 7 2 0 0 0 0  aaaa99997888a9777669aa865987a585972344a436865
359046 1 39 9 7 3 0 0 0 0  aaaa99997888a9777669aa863987a486973525a544865
359047 1 39 9 7 3 0 1 0 0  aaaa99997888a9777669aa863987a386972455a544865
359053 1 39 9 7 4 0 1 0 0  aaaa99997888a9777269aa846987a486976655a533845
359063 1 39 9 7 5 2 1 0 0  aaaa99997888a9777249aa854987a586974633a666855
359104 1 39 9 9 0 2 0 0 0  aaaa99995888a9665279aa857987a587977664a443836
359105 1 39 9 9 0 2 1 0 0  aaaa99995888a9665379aa857987a387977662a444856
359116 1 39 9 9 2 2 0 0 0  aaaa99995888a9666279aa857987a587977364a635844
359117 1 39 9 9 2 2 1 0 0  aaaa99995888a9666279aa857987a587977463a644853
359123 1 39 9 9 3 2 1 0 0  aaaa99995888a9666279aa857987a587977463a464853
359125 1 39 9 9 4 0 1 0 0  aaaa99995888a9655279aa847987a487977635a666834
359131 1 39 9 9 5 0 1 0 0  aaaa99996888a9546279aa867987a687977554a356834
359135 1 39 9 9 5 2 1 0 0  aaaa99996888a9546279aa867987a687977354a536854
359141 1 39 9 10 0 2 1 0 0  aaaa99997888a9667659aa875986a785957436a447832
359149 1 39 9 10 2 0 1 0 0  aaaa99997888a9547629aa876986a786967554a357834
359153 1 39 9 10 2 2 1 0 0  aaaa99997888a9547629aa876986a786967354a537854
359155 1 39 9 10 3 0 1 0 0  aaaa99997888a9647639aa876986a786937554a257854
359157 1 39 9 10 3 1 1 0 0  aaaa99997888a9647629aa876986a786947555a337854
359158 1 39 9 10 3 2 0 0 0  aaaa99997888a9657629aa876986a786957345a357844
359159 1 39 9 10 3 2 1 0 0  aaaa99997888a9657629aa876986a786957435a447835
359161 1 39 9 10 4 0 1 0 0  aaaa99997888a9547269aa876986a786967554a357834
359165 1 39 9 10 4 2 1 0 0  aaaa99997888a9547269aa876986a786967354a537854
359169 1 39 9 10 5 1 1 0 0  aaaa99997888a9647559aa872986a785957364a637864
359171 1 39 9 10 5 2 1 0 0  aaaa99997888a9647259aa875986a785957364a637864
359173 1 39 10 0 0 0 1 0 0  aaaa99995888a9877739aa876986a476973268a565544
359177 1 39 10 0 0 2 1 0 0  aaaa99995888a9877729aa876986a576975468a464353
359222 1 39 10 1 2 1 0 0 0  aaaa99995888a9854779aa876987a366953778a662445
359224 1 39 10 1 2 2 0 0 0  aaaa99995888a9845779aa876987a566935778a662443
359230 1 39 10 1 3 2 0 0 0  aaaa99994888a9853779aa876987a666953778a652445
359330 1 39 10 4 2 1 0 0 0  aaaa99995888a9854779aa876987a366953278a766445
359332 1 39 10 4 2 2 0 0 0  aaaa99995888a9845779aa876987a566935278a766443
359521 1 39 10 9 4 0 1 0 0  aaaa99995888a9855279aa877986a477974638a666534
359527 1 39 10 9 5 0 1 0 0  aaaa99995888a9855279aa877986a477974368a653664
359557 1 39 10 10 4 0 1 0 0  aaaa99995888a9855279aa847986a477977638a666534
359563 1 39 10 10 5 0 1 0 0  aaaa99995888a9855279aa847986a477977368a653664
359676 1 39 11 3 0 0 0 0 0  aaaa99998888a9885749aa787977a366943267a565564
359857 1 39 11 8 0 0 1 0 0  aaaa99998888a9884739aa787977a476963665a554256
359971 1 39 12 0 1 0 1 0 0  aaaa99996888a9877729aa876966a475976558a384534
360026 1 39 12 1 4 1 0 0 0  aaaa99995888a9844779aa876976a466963778a583552
360127 1 39 12 4 3 0 1 0 0  aaaa99995888a9855779aa876976a662954738a784634
360134 1 39 12 4 4 1 0 0 0  aaaa99995888a9844779aa876976a466963758a783552
360158 1 39 12 5 2 1 0 0 0  aaaa99995888a9844779aa876977a476963658a683552
360188 1 39 12 6 1 1 0 0 0  aaaa99995888a9844769aa847977a376976668a583552
360194 1 39 12 6 2 1 0 0 0  aaaa99995888a9844769aa847977a376976658a683552
360206 1 39 12 6 4 1 0 0 0  aaaa99995888a9844769aa847977a376973658a686552
360210 1 39 12 6 5 0 0 0 0  aaaa99996888a9846729aa867977a675976558a384534
360211 1 39 12 6 5 0 1 0 0  aaaa99996888a9846729aa867977a675976558a383454
360221 1 39 12 7 0 2 1 0 0  aaaa99997888a9866779aa872975a676964358a583544
360260 1 39 12 8 1 1 0 0 0  aaaa99995888a9844769aa877977a476963668a583552
360266 1 39 12 8 2 1 0 0 0  aaaa99995888a9844769aa877977a476963658a683552
360272 1 39 12 8 3 1 0 0 0  aaaa99995888a9864769aa877977a376963658a582454
360274 1 39 12 8 3 2 0 0 0  aaaa99995888a9865769aa877977a576965648a484332
360302 1 39 12 9 2 1 0 0 0  aaaa99995888a9844769aa847977a776963658a683552
360329 1 39 12 10 0 2 1 0 0  aaaa99996888a9866279aa847956a477977538a585634
360338 1 39 12 10 2 1 0 0 0  aaaa99994888a9844679aa837966a377977658a586525
360360 1 39 13 0 0 0 0 0 0  aaaa99995888a9877279aa886976a765975648a534643
360361 1 39 13 0 0 0 1 0 0  aaaa99995888a9877279aa886976a765975648a453643
360363 1 39 13 0 0 1 1 0 0  aaaa99994888a9877279aa886976a765975638a554634
360365 1 39 13 0 0 2 1 0 0  aaaa99994888a9877279aa886976a765974638a555634
360391 1 39 13 0 5 0 1 0 0  aaaa99994888a9877279aa885975a756974638a666534
360446 1 39 13 2 2 1 0 0 0  aaaa99995888a9844779aa886977a466973758a663552
360505 1 39 13 4 0 0 1 0 0  aaaa99996888a9866779aa882977a476974558a365534
360507 1 39 13 4 0 1 1 0 0  aaaa99996888a9866779aa882977a476974538a565534
360509 1 39 13 4 0 2 1 0 0  aaaa99996888a9866779aa882977a476974358a563554
360530 1 39 13 4 4 1 0 0 0  aaaa99995888a9844779aa886977a476973658a663552
360535 1 39 13 4 5 0 1 0 0  aaaa99995888a9855779aa882977a476974638a666534
360541 1 39 13 5 0 0 1 0 0  aaaa99996888a9866729aa887975a576975338a764544
360543 1 39 13 5 0 1 1 0 0  aaaa99996888a9866729aa887975a576974358a763544
360545 1 39 13 5 0 2 1 0 0  aaaa99996888a9866729aa887975a476974358a763554
360577 1 39 13 6 0 0 1 0 0  aaaa99996888a9866729aa887977a476974558a365534
360579 1 39 13 6 0 1 1 0 0  aaaa99996888a9866729aa887977a476974538a565534
360581 1 39 13 6 0 2 1 0 0  aaaa99996888a9866729aa887977a476974358a563554
360602 1 39 13 6 4 1 0 0 0  aaaa99995888a9844769aa887977a476973658a663552
360607 1 39 13 6 5 0 1 0 0  aaaa99995888a9855729aa887977a476974638a666534
360721 1 39 13 10 0 0 1 0 0  aaaa99996888a9866279aa887965a577977458a464335
360725 1 39 13 10 0 2 1 0 0  aaaa99996888a9866279aa887965a477977358a563544
360757 1 39 14 0 0 0 1 0 0  aaaa99995888a9787769aa672988a876955476a644533
360761 1 39 14 0 0 2 1 0 0  aaaa99994888a9787769aa672988a876954376a653545
360905 1 39 14 4 0 2 1 0 0  aaaa99996888a9686729aa777988a877954665a354534
360961 1 39 14 5 4 0 1 0 0  aaaa99995888a9684779aa742988a877955635a666734
360971 1 39 14 5 5 2 1 0 0  aaaa99996888a9586779aa762988a877946354a536754
360977 1 39 14 6 0 2 1 0 0  aaaa99996888a9686779aa772988a877954665a354534
361009 1 39 14 7 0 0 1 0 0  aaaa99997888a9686759aa777988a825946667a543534
361075 1 39 14 8 5 0 1 0 0  aaaa99994888a9684779aa773988a875953562a674665
361080 1 39 14 9 0 0 0 0 0  aaaa99996888a9686479aa477988a877973665a553452
361085 1 39 14 9 0 2 1 0 0  aaaa99996888a9686279aa577988a877974665a354534
361121 1 39 14 10 0 2 1 0 0  aaaa99996888a9686279aa547988a877977665a354534
361193 1 39 15 1 0 2 1 0 0  aaaa99996888a9777279aa886988a676954675a354534
361261 1 39 15 3 0 0 1 0 0  aaaa99994888a9664779aa883988a777973665a554256
361277 1 39 15 3 2 2 1 0 0  aaaa99994888a9666779aa882988a777974365a653545
361301 1 39 15 4 0 2 1 0 0  aaaa99996888a9777669aa882988a676954775a354534
361319 1 39 15 4 3 2 1 0 0  aaaa99996888a9777629aa886988a676954775a354534
361349 1 39 15 5 2 2 1 0 0  aaaa99994888a9777629aa886988a666974375a753545
361361 1 39 15 5 4 2 1 0 0  aaaa99994888a9777669aa882988a466976375a753545
361367 1 39 15 5 5 2 1 0 0  aaaa99994888a9777269aa886988a466976375a753545
361369 1 39 15 6 0 0 1 0 0  aaaa99994888a9664739aa887988a777973665a554256
361385 1 39 15 6 2 2 1 0 0  aaaa99994888a9666729aa887988a777974365a653545
361405 1 39 15 7 0 0 1 0 0  aaaa99997888a9777669aa882988a665975574a346354
361423 1 39 15 7 3 0 1 0 0  aaaa99997888a9777629aa886988a665975574a346354
361441 1 39 15 8 0 0 1 0 0  aaaa99995888a9664779aa883988a477973276a656554
361445 1 39 15 8 0 2 1 0 0  aaaa99995888a9665779aa883988a577973276a646454
361453 1 39 15 8 2 0 1 0 0  aaaa99995888a9666779aa883988a477973276a565544
361457 1 39 15 8 2 2 1 0 0  aaaa99995888a9666779aa882988a577975476a464353
361459 1 39 15 8 3 0 1 0 0  aaaa99995888a9666779aa883988a477973276a655544
361463 1 39 15 8 3 2 1 0 0  aaaa99995888a9666779aa882988a577975476a644353
361471 1 39 15 8 5 0 1 0 0  aaaa99995888a9565779aa882988a477974376a563646
361477 1 39 15 9 0 0 1 0 0  aaaa99994888a9664779aa883988a377977665a554256
361493 1 39 15 9 2 2 1 0 0  aaaa99994888a9666779aa882988a477977365a653545
361513 1 39 15 10 0 0 1 0 0  aaaa99994888a9664379aa887988a377977665a554256
361529 1 39 15 10 2 2 1 0 0  aaaa99994888a9666279aa887988a477977365a653545
361693 1 39 16 4 0 0 1 0 0  aaaa99994888a9777739aa887987a486963665a554256
361741 1 39 16 5 2 0 1 0 0  aaaa99996888a9777629aa886987a685975574a346354
361762 1 39 16 5 5 2 0 0 0  aaaa99995888a9777339aa882987a586975674a666445
361765 1 39 16 6 0 0 1 0 0  aaaa99994888a9664739aa887987a787973665a554256
361781 1 39 16 6 2 2 1 0 0  aaaa99994888a9666729aa887987a787974365a653545
361834 1 39 16 7 5 2 0 0 0  aaaa99997888a9777469aa886987a486966537a555342
361835 1 39 16 7 5 2 1 0 0  aaaa99997888a9777369aa886987a386966547a555442
361867 1 39 16 8 5 0 1 0 0  aaaa99995888a9764729aa887987a787964556a365634
361869 1 39 16 8 5 1 1 0 0  aaaa99995888a9764729aa887987a787964536a565634
361870 1 39 16 8 5 2 0 0 0  aaaa99995888a9765729aa887987a787965346a365644
361871 1 39 16 8 5 2 1 0 0  aaaa99995888a9765729aa887987a787965436a464635
361873 1 39 16 9 0 0 1 0 0  aaaa99994888a9664379aa887987a387977665a554256
361889 1 39 16 9 2 2 1 0 0  aaaa99994888a9666279aa887987a487977365a653545
361908 1 39 16 10 0 0 0 0 0  aaaa99996888a9766269aa885987a585964473a734775
361909 1 39 16 10 0 0 1 0 0  aaaa99996888a9766569aa885987a385963574a742774
361931 1 39 16 10 3 2 1 0 0  aaaa99996888a9754629aa886987a686954375a753774
361951 1 39 17 0 1 0 1 0 0  aaaa99994888a9877279aa886987a766974565a533645
361990 1 39 17 1 1 2 0 0 0  aaaa99994888a9853779aa886987a776963765a652445
362011 1 39 17 1 5 0 1 0 0  aaaa99995888a9864779aa882987a775965736a564634
362026 1 39 17 2 1 2 0 0 0  aaaa99994888a9853779aa886987a767963675a652445
362047 1 39 17 2 5 0 1 0 0  aaaa99995888a9864779aa882987a757965576a364634
362051 1 39 17 2 5 2 1 0 0  aaaa99995888a9865779aa883987a737965476a464652
362062 1 39 17 3 1 2 0 0 0  aaaa99994888a9853769aa887987a776963765a652445
362083 1 39 17 3 5 0 1 0 0  aaaa99995888a9864729aa887987a775965736a564634
362119 1 39 17 4 5 0 1 0 0  aaaa99995888a9864779aa882987a777964556a365634
362121 1 39 17 4 5 1 1 0 0  aaaa99995888a9864779aa882987a777964536a565634
362122 1 39 17 4 5 2 0 0 0  aaaa99995888a9865779aa882987a777965346a365644
362123 1 39 17 4 5 2 1 0 0  aaaa99995888a9865779aa882987a777965436a464635
362149 1 39 17 5 4 0 1 0 0  aaaa99995888a9864729aa887987a477955635a666734
362191 1 39 17 6 5 0 1 0 0  aaaa99995888a9864729aa887987a777964556a365634
362193 1 39 17 6 5 1 1 0 0  aaaa99995888a9864729aa887987a777964536a565634
362194 1 39 17 6 5 2 0 0 0  aaaa99995888a9865729aa887987a777965346a365644
362195 1 39 17 6 5 2 1 0 0  aaaa99995888a9865729aa887987a777965436a464635
362242 1 39 17 8 1 2 0 0 0  aaaa99994888a9853769aa887987a776963665a752445
362263 1 39 17 8 5 0 1 0 0  aaaa99995888a9864729aa887987a775965536a764634
362267 1 39 17 8 5 2 1 0 0  aaaa99995888a9865729aa887987a774965436a764635
362348 1 39 18 0 1 1 0 0 0  aaaa99995888a9884779aa536987a876963667a752445
362350 1 39 18 0 1 2 0 0 0  aaaa99995888a9885779aa456987a876965667a744332
362360 1 39 18 0 3 1 0 0 0  aaaa99995888a9884779aa636987a876963657a744552
362384 1 39 18 1 1 1 0 0 0  aaaa99995888a9884779aa736987a866944776a555632
362390 1 39 18 1 2 1 0 0 0  aaaa99995888a9884779aa736987a866953775a662445
362392 1 39 18 1 2 2 0 0 0  aaaa99995888a9885779aa756987a866945773a662443
362396 1 39 18 1 3 1 0 0 0  aaaa99995888a9884779aa736987a866953776a652445
362398 1 39 18 1 3 2 0 0 0  aaaa99995888a9885779aa756987a866945776a644332
362420 1 39 18 2 1 1 0 0 0  aaaa99995888a9884779aa736987a876963665a752445
362422 1 39 18 2 1 2 0 0 0  aaaa99995888a9885779aa756987a876965664a744332
362430 1 39 18 2 3 0 0 0 0  aaaa99995888a9884779aa736987a876963645a755642
362432 1 39 18 2 3 1 0 0 0  aaaa99995888a9884779aa736987a876963645a752645
362449 1 39 18 3 0 0 1 0 0  aaaa99995888a9883779aa772987a866955476a644536
362453 1 39 18 3 0 2 1 0 0  aaaa99995888a9885779aa773987a866935476a644256
362484 1 39 18 4 0 0 0 0 0  aaaa99995888a9884779aa734987a866924576a756635
362485 1 39 18 4 0 0 1 0 0  aaaa99994888a9884779aa745987a866953576a756632
362486 1 39 18 4 0 1 0 0 0  aaaa99995888a9883779aa735987a866955476a746624
362489 1 39 18 4 0 2 1 0 0  aaaa99995888a9885779aa754987a866944376a736652
362492 1 39 18 4 1 1 0 0 0  aaaa99995888a9884779aa736987a866944576a755632
362504 1 39 18 4 3 1 0 0 0  aaaa99994888a9883779aa736987a866952576a756445
362506 1 39 18 4 3 2 0 0 0  aaaa99995888a9885779aa756987a866945476a746332
362520 1 39 18 5 0 0 0 0 0  aaaa99995888a9883749aa777987a866943267a565564
362593 1 39 18 7 0 0 1 0 0  aaaa99995888a9884779aa743987a876963662a575546
362596 1 39 18 7 0 2 0 0 0  aaaa99995888a9885779aa752987a876965664a473436
362597 1 39 18 7 0 2 1 0 0  aaaa99995888a9885779aa753987a876963662a475446
362600 1 39 18 7 1 1 0 0 0  aaaa99995888a9884779aa736987a876963664a572554
362610 1 39 18 7 3 0 0 0 0  aaaa99995888a9884779aa736987a876963654a575624
362612 1 39 18 7 3 1 0 0 0  aaaa99995888a9884779aa736987a876963654a572654
362629 1 39 18 8 0 0 1 0 0  aaaa99994888a9884779aa773987a876963665a554256
362753 1 39 19 0 2 2 1 0 0  aaaa99994888a9877729aa876986a687974365a653545
362788 1 39 19 1 2 2 0 0 0  aaaa99994888a9853779aa876987a386962775a656445
362794 1 39 19 1 3 2 0 0 0  aaaa99994888a9853779aa876987a686963775a652445
362800 1 39 19 1 4 2 0 0 0  aaaa99994888a9853779aa876987a386966775a652445
362804 1 39 19 1 5 1 0 0 0  aaaa99995888a9864779aa875987a385965776a464632
362896 1 39 19 4 2 2 0 0 0  aaaa99994888a9853779aa876987a386962675a756445
362902 1 39 19 4 3 2 0 0 0  aaaa99994888a9853779aa876987a686963675a752445
362908 1 39 19 4 4 2 0 0 0  aaaa99994888a9853779aa876987a386966675a752445
362912 1 39 19 4 5 1 0 0 0  aaaa99995888a9864779aa875987a385965476a764632
362929 1 39 19 5 2 0 1 0 0  aaaa99995888a9864779aa873987a487973666a525546
362932 1 39 19 5 2 2 0 0 0  aaaa99995888a9865779aa872987a587975666a344436
362965 1 39 19 6 2 0 1 0 0  aaaa99995888a9864739aa847987a787973666a525546
362968 1 39 19 6 2 2 0 0 0  aaaa99995888a9865729aa857987a787975666a344436
363019 1 39 19 7 5 0 1 0 0  aaaa99997888a9865779aa872987a487964556a365634
363021 1 39 19 7 5 1 1 0 0  aaaa99997888a9865779aa872987a487964536a565634
363022 1 39 19 7 5 2 0 0 0  aaaa99997888a9865779aa872987a587965346a365644
363023 1 39 19 7 5 2 1 0 0  aaaa99997888a9865779aa872987a587965436a464635
363073 1 39 19 9 2 0 1 0 0  aaaa99995888a9864379aa847987a387977666a525546
363076 1 39 19 9 2 2 0 0 0  aaaa99995888a9865279aa857987a587977666a344436
363182 1 39 20 1 2 1 0 0 0  aaaa99995888a9884779aa786987a366953775a662445
363184 1 39 20 1 2 2 0 0 0  aaaa99995888a9885779aa786987a566945773a662443
363240 1 39 20 3 0 0 0 0 0  aaaa99995888a9883749aa787987a766943267a565564
363313 1 39 20 5 0 0 1 0 0  aaaa99994888a9884779aa783987a776963665a554256
363379 1 39 20 6 5 0 1 0 0  aaaa99995888a9884729aa687987a777964556a365634
363381 1 39 20 6 5 1 1 0 0  aaaa99995888a9884729aa687987a777964536a565634
363382 1 39 20 6 5 2 0 0 0  aaaa99995888a9885729aa687987a777965346a365644
363383 1 39 20 6 5 2 1 0 0  aaaa99995888a9885729aa687987a777965436a464635
363421 1 39 20 8 0 0 1 0 0  aaaa99994888a9884739aa787987a776963665a554256
363456 1 39 20 9 0 0 0 0 0  aaaa99996888a9885279aa787986a677947663a535544
363461 1 39 20 9 0 2 1 0 0  aaaa99996888a9884279aa787986a677957665a354534
363578 1 39 21 1 2 1 0 0 0  aaaa99995888a9888779aa746987a366953775a662445
363580 1 39 21 1 2 2 0 0 0  aaaa99995888a9888779aa756987a566945773a662443
363709 1 39 21 5 0 0 1 0 0  aaaa99994888a9888779aa743987a776963665a554256
363924 1 39 22 0 0 0 0 0 0  aaaa99995778a9664689aa738976a388988557a765442
363926 1 39 22 0 0 1 0 0 0  aaaa99995778a9664689aa738976a388988457a764552
363937 1 39 22 0 2 0 1 0 0  aaaa99995778a9666389aa748976a388988267a755544
363941 1 39 22 0 2 2 1 0 0  aaaa99995778a9666289aa758976a588988467a744353
363947 1 39 22 0 3 2 1 0 0  aaaa99995778a9666289aa758976a588988347a763445
363949 1 39 22 0 4 0 1 0 0  aaaa99995778a9656389aa748976a388988267a755644
363953 1 39 22 0 4 2 1 0 0  aaaa99995778a9636289aa758976a588988467a744653
363955 1 39 22 0 5 0 1 0 0  aaaa99995778a9655289aa748976a488988367a753664
363974 1 39 22 1 2 1 0 0 0  aaaa99994778a9744689aa738966a388988757a566525
364021 1 39 22 2 4 0 1 0 0  aaaa99995778a9755289aa748976a488988637a666534
364027 1 39 22 2 5 0 1 0 0  aaaa99995778a9755289aa748976a488988367a653664
364073 1 39 22 4 0 2 1 0 0  aaaa99996778a9766289aa748956a488988537a575634
364082 1 39 22 4 2 1 0 0 0  aaaa99994778a9744689aa738966a388988657a576525
364186 1 39 22 7 1 2 0 0 0  aaaa99994778a9753689aa738976a688988675a652445
364285 1 39 22 10 0 0 1 0 0  aaaa99995668a9755289aa648967a488988376a753774
364336 1 40 0 0 2 2 0 0 0  aaaa99999887a9754789aa537986a386662778a844565
364342 1 40 0 0 3 2 0 0 0  aaaa99999887a9754789aa537986a386662778a856445
364348 1 40 0 0 4 2 0 0 0  aaaa99999887a9754789aa537986a386666778a852445
364352 1 40 0 0 5 1 0 0 0  aaaa99999887a9765789aa647984a485565778a863632
364412 1 40 0 2 3 1 0 0 0  aaaa99999887a9775789aa547986a386663678a852445
364414 1 40 0 2 3 2 0 0 0  aaaa99999887a9775789aa457986a586665678a844332
364697 1 40 0 10 2 2 1 0 0  aaaa99999887a9666289aa547986a487777368a853545
364709 1 40 0 10 4 2 1 0 0  aaaa99999887a9656289aa547986a487777368a853645
365023 1 40 1 8 3 0 1 0 0  aaaa99999888a9666729aa877977a475654838a865534
365149 1 40 2 1 0 0 1 0 0  aaaa99999888a9777779aa846967a435653888a564265
365155 1 40 2 1 1 0 1 0 0  aaaa99999888a9777779aa846967a625654888a533645
365257 1 40 2 4 0 0 1 0 0  aaaa99999888a9777769aa867927a646454888a655353
365330 1 40 2 6 0 1 0 0 0  aaaa99999888a9665769aa847977a375673888a565442
365474 1 40 2 10 0 1 0 0 0  aaaa99999888a9665679aa847956a377773888a565442
365522 1 40 3 0 2 1 0 0 0  aaaa99999888a9775769aa846987a376573688a644552
365689 1 40 3 5 0 0 1 0 0  aaaa99999888a9777669aa842987a665754588a376534
365719 1 40 3 5 5 0 1 0 0  aaaa99999888a9777369aa856987a366764288a575544
365723 1 40 3 5 5 2 1 0 0  aaaa99999888a9777269aa856987a566765488a474353
365741 1 40 3 6 2 2 1 0 0  aaaa99999888a9666729aa847987a777654388a653545
365845 1 40 3 9 2 0 1 0 0  aaaa99999888a9666279aa877986a577755488a644533
365849 1 40 3 9 2 2 1 0 0  aaaa99999888a9666279aa877986a477754388a653545
365868 1 40 3 10 0 0 0 0 0  aaaa99999888a9665679aa847986a377773588a562454
365870 1 40 3 10 0 1 0 0 0  aaaa99999888a9665679aa847986a377773588a565442
365881 1 40 3 10 2 0 1 0 0  aaaa99999888a9666379aa857986a377774288a655544
365885 1 40 3 10 2 2 1 0 0  aaaa99999888a9666279aa857986a577775488a644353
365887 1 40 3 10 3 0 1 0 0  aaaa99999888a9666379aa857986a377774288a565544
365891 1 40 3 10 3 2 1 0 0  aaaa99999888a9666279aa857986a577775488a464353
365899 1 40 3 10 5 0 1 0 0  aaaa99999888a9655279aa857986a477774388a653664
365977 1 40 4 2 0 0 1 0 0  aaaa99999888a9777769aa862987a665574658a354834
366101 1 40 4 5 2 2 1 0 0  aaaa99999888a9777669aa863987a566735248a475845
366102 1 40 4 5 3 0 0 0 0  aaaa99999888a9777669aa865987a565744338a276845
366103 1 40 4 5 3 0 1 0 0  aaaa99999888a9777669aa865987a565733248a476845
366108 1 40 4 5 4 0 0 0 0  aaaa99999888a9777269aa866987a566734558a475843
366109 1 40 4 5 4 0 1 0 0  aaaa99999888a9777569aa866987a566755438a474832
366110 1 40 4 5 4 1 0 0 0  aaaa99999888a9777269aa866987a566734548a575843
366111 1 40 4 5 4 1 1 0 0  aaaa99999888a9777569aa866987a566735248a475843
366112 1 40 4 5 4 2 0 0 0  aaaa99999888a9777469aa866987a465764538a575832
366113 1 40 4 5 4 2 1 0 0  aaaa99999888a9777269aa866987a465764538a575834
366115 1 40 4 5 5 0 1 0 0  aaaa99999888a9777269aa856987a466764558a375834
366117 1 40 4 5 5 1 1 0 0  aaaa99999888a9777269aa856987a466764538a575834
366118 1 40 4 5 5 2 0 0 0  aaaa99999888a9777269aa856987a566765348a375844
366119 1 40 4 5 5 2 1 0 0  aaaa99999888a9777269aa856987a566765438a474835
366143 1 40 4 6 3 2 1 0 0  aaaa99999888a9666739aa857987a777635248a465845
366157 1 40 4 7 0 0 1 0 0  aaaa99999888a9777669aa872987a665574358a356844
366163 1 40 4 7 1 0 1 0 0  aaaa99999888a9777629aa876987a665574658a354834
366175 1 40 4 7 3 0 1 0 0  aaaa99999888a9777629aa876987a665574358a356844
366181 1 40 4 7 4 0 1 0 0  aaaa99999888a9777669aa872987a466674558a353854
366183 1 40 4 7 4 1 1 0 0  aaaa99999888a9777669aa872987a466674558a355834
366185 1 40 4 7 4 2 1 0 0  aaaa99999888a9777669aa872987a466674538a555834
366187 1 40 4 7 5 0 1 0 0  aaaa99999888a9777269aa876987a466674558a353854
366189 1 40 4 7 5 1 1 0 0  aaaa99999888a9777269aa876987a466674558a355834
366191 1 40 4 7 5 2 1 0 0  aaaa99999888a9777269aa876987a466674538a555834
366247 1 40 4 9 3 0 1 0 0  aaaa99999888a9666279aa877986a477764558a353854
366249 1 40 4 9 3 1 1 0 0  aaaa99999888a9666279aa877986a477764558a355834
366251 1 40 4 9 3 2 1 0 0  aaaa99999888a9666279aa877986a477764538a555834
366283 1 40 4 10 3 0 1 0 0  aaaa99999888a9666279aa857986a477774558a365834
366285 1 40 4 10 3 1 1 0 0  aaaa99999888a9666279aa857986a477774538a565834
366286 1 40 4 10 3 2 0 0 0  aaaa99999888a9666279aa857986a577775348a365844
366287 1 40 4 10 3 2 1 0 0  aaaa99999888a9666279aa857986a577775438a464835
366295 1 40 4 10 5 0 1 0 0  aaaa99999888a9655279aa857986a477774368a653864
366445 1 40 5 4 0 0 1 0 0  aaaa99999888a9777729aa887987a566545368a563464
366492 1 40 5 5 2 0 0 0 0  aaaa99999888a9777629aa886987a666755348a375544
366493 1 40 5 5 2 0 1 0 0  aaaa99999888a9777649aa886987a666744558a375532
366505 1 40 5 5 4 0 1 0 0  aaaa99999888a9777669aa882987a466764558a375534
366507 1 40 5 5 4 1 1 0 0  aaaa99999888a9777669aa882987a466764538a575534
366509 1 40 5 5 4 2 1 0 0  aaaa99999888a9777669aa882987a466764358a573554
366511 1 40 5 5 5 0 1 0 0  aaaa99999888a9777269aa886987a466764558a375534
366513 1 40 5 5 5 1 1 0 0  aaaa99999888a9777269aa886987a466764538a575534
366515 1 40 5 5 5 2 1 0 0  aaaa99999888a9777269aa886987a466764358a573554
366534 1 40 5 6 3 0 0 0 0  aaaa99999888a9666729aa887987a777655348a365544
366535 1 40 5 6 3 0 1 0 0  aaaa99999888a9666749aa887987a777644558a365532
366551 1 40 5 6 5 2 1 0 0  aaaa99999888a9654729aa887987a777654368a653645
366553 1 40 5 7 0 0 1 0 0  aaaa99999888a9777669aa882987a665475548a437365
366564 1 40 5 7 2 0 0 0 0  aaaa99999888a9777629aa886987a666575458a437345
366571 1 40 5 7 3 0 1 0 0  aaaa99999888a9777629aa886987a665475548a437365
366643 1 40 5 9 3 0 1 0 0  aaaa99999888a9666779aa882986a477774558a365534
366645 1 40 5 9 3 1 1 0 0  aaaa99999888a9666779aa882986a477774538a565534
366647 1 40 5 9 3 2 1 0 0  aaaa99999888a9666779aa882986a477774358a563554
366655 1 40 5 9 5 0 1 0 0  aaaa99999888a9655779aa882986a577774368a653644
366659 1 40 5 9 5 2 1 0 0  aaaa99999888a9635779aa882986a577775468a644653
366679 1 40 5 10 3 0 1 0 0  aaaa99999888a9666279aa887986a477774558a365534
366681 1 40 5 10 3 1 1 0 0  aaaa99999888a9666279aa887986a477774538a565534
366683 1 40 5 10 3 2 1 0 0  aaaa99999888a9666279aa887986a477774358a563554
366691 1 40 5 10 5 0 1 0 0  aaaa99999888a9655279aa887986a577774368a653644
366695 1 40 5 10 5 2 1 0 0  aaaa99999888a9635279aa887986a577775468a644653
366710 1 40 6 0 2 1 0 0 0  aaaa99999888a9775769aa846987a376573658a862454
366712 1 40 6 0 2 2 0 0 0  aaaa99999888a9775769aa856987a576475638a862434
366877 1 40 6 5 0 0 1 0 0  aaaa99999888a9777669aa842987a665754538a876534
366911 1 40 6 5 5 2 1 0 0  aaaa99999888a9777269aa856987a566765348a873445
366929 1 40 6 6 2 2 1 0 0  aaaa99999888a9666729aa847987a777654368a853545
366949 1 40 6 7 0 0 1 0 0  aaaa99999888a9777669aa873987a665573528a846454
366961 1 40 6 7 2 0 1 0 0  aaaa99999888a9777629aa876987a666575458a844335
366967 1 40 6 7 3 0 1 0 0  aaaa99999888a9777639aa876987a665573528a846454
366985 1 40 6 8 0 0 1 0 0  aaaa99999888a9766729aa867987a776565458a844335
367033 1 40 6 9 2 0 1 0 0  aaaa99999888a9666279aa877986a577755468a844533
367037 1 40 6 9 2 2 1 0 0  aaaa99999888a9666279aa877986a477754368a853545
367049 1 40 6 9 4 2 1 0 0  aaaa99999888a9656279aa877986a477754368a853645
367056 1 40 6 10 0 0 0 0 0  aaaa99999888a9665679aa847986a377773558a865442
367058 1 40 6 10 0 1 0 0 0  aaaa99999888a9665679aa847986a377773458a864552
367069 1 40 6 10 2 0 1 0 0  aaaa99999888a9666379aa857986a377774268a855544
367073 1 40 6 10 2 2 1 0 0  aaaa99999888a9666279aa857986a577775468a844353
367079 1 40 6 10 3 2 1 0 0  aaaa99999888a9666279aa857986a577775348a863445
367081 1 40 6 10 4 0 1 0 0  aaaa99999888a9656379aa857986a377774268a855644
367085 1 40 6 10 4 2 1 0 0  aaaa99999888a9636279aa857986a577775468a844653
367087 1 40 6 10 5 0 1 0 0  aaaa99999888a9655279aa857986a477774368a853664
367322 1 40 7 6 2 1 0 0 0  aaaa99999888a9844769aa847977a376673858a566525
367466 1 40 7 10 2 1 0 0 0  aaaa99999888a9844679aa847966a377773858a566525
367514 1 40 8 0 4 1 0 0 0  aaaa99999888a9775679aa846988a366763758a572454
367516 1 40 8 0 4 2 0 0 0  aaaa99999888a9775679aa856988a566765748a474332
367591 1 40 8 2 5 0 1 0 0  aaaa99999888a9777279aa846988a466766558a375534
367593 1 40 8 2 5 1 1 0 0  aaaa99999888a9777279aa846988a466766538a575534
367595 1 40 8 2 5 2 1 0 0  aaaa99999888a9777279aa846988a466766358a573554
367597 1 40 8 3 0 0 1 0 0  aaaa99999888a9667279aa877988a577636558a465443
367599 1 40 8 3 0 1 1 0 0  aaaa99999888a9667279aa877988a577636548a565443
367601 1 40 8 3 0 2 1 0 0  aaaa99999888a9667279aa877988a477564668a534553
367609 1 40 8 3 2 0 1 0 0  aaaa99999888a9657279aa877988a477666568a534543
367615 1 40 8 3 3 0 1 0 0  aaaa99999888a9637279aa877988a577666558a465443
367617 1 40 8 3 3 1 1 0 0  aaaa99999888a9637279aa877988a577666548a565443
367619 1 40 8 3 3 2 1 0 0  aaaa99999888a9467379aa877988a377666568a555442
367631 1 40 8 3 5 2 1 0 0  aaaa99999888a9657279aa877988a477654368a653645
367651 1 40 8 4 3 0 1 0 0  aaaa99999888a9777379aa847988a366764568a526545
367669 1 40 8 5 0 0 1 0 0  aaaa99999888a9777669aa842988a665754578a376534
367699 1 40 8 5 5 0 1 0 0  aaaa99999888a9777369aa856988a366764278a575544
367703 1 40 8 5 5 2 1 0 0  aaaa99999888a9777269aa856988a566765478a474353
367721 1 40 8 6 2 2 1 0 0  aaaa99999888a9666779aa872988a477754368a653545
367752 1 40 8 7 2 0 0 0 0  aaaa99999888a9777629aa876988a666755348a375544
367753 1 40 8 7 2 0 1 0 0  aaaa99999888a9777649aa876988a666744558a375532
367765 1 40 8 7 4 0 1 0 0  aaaa99999888a9777669aa872988a466764558a375534
367767 1 40 8 7 4 1 1 0 0  aaaa99999888a9777669aa872988a466764538a575534
367769 1 40 8 7 4 2 1 0 0  aaaa99999888a9777669aa872988a466764358a573554
367771 1 40 8 7 5 0 1 0 0  aaaa99999888a9777269aa876988a466764558a375534
367773 1 40 8 7 5 1 1 0 0  aaaa99999888a9777269aa876988a466764538a575534
367775 1 40 8 7 5 2 1 0 0  aaaa99999888a9777269aa876988a466764358a573554
367777 1 40 8 8 0 0 1 0 0  aaaa99999888a9664279aa877988a477656578a564533
367789 1 40 8 8 2 0 1 0 0  aaaa99999888a9666279aa877988a577655478a644533
367793 1 40 8 8 2 2 1 0 0  aaaa99999888a9666279aa877988a477654378a653545
367825 1 40 8 9 2 0 1 0 0  aaaa99999888a9666279aa877988a577755468a644533
367829 1 40 8 9 2 2 1 0 0  aaaa99999888a9666279aa877988a477754368a653545
367849 1 40 8 10 0 0 1 0 0  aaaa99999888a9665379aa847988a377774668a525546
367852 1 40 8 10 0 2 0 0 0  aaaa99999888a9665279aa857988a577775668a344436
367861 1 40 8 10 2 0 1 0 0  aaaa99999888a9666379aa857988a377774268a655544
367865 1 40 8 10 2 2 1 0 0  aaaa99999888a9666279aa857988a577775468a644353
367867 1 40 8 10 3 0 1 0 0  aaaa99999888a9666379aa857988a377774268a565544
367871 1 40 8 10 3 2 1 0 0  aaaa99999888a9666279aa857988a577775468a464353
367873 1 40 8 10 4 0 1 0 0  aaaa99999888a9655279aa857988a477774638a666534
367879 1 40 8 10 5 0 1 0 0  aaaa99999888a9655279aa857988a477774368a653664
367885 1 40 9 0 0 0 1 0 0  aaaa99999888a9776769aa862987a487674565a533845
367915 1 40 9 0 5 0 1 0 0  aaaa99999888a9776749aa864987a687476553a256853
368064 1 40 9 5 0 0 0 0 0  aaaa99999888a9777669aa852987a686755437a354864
368065 1 40 9 5 0 0 1 0 0  aaaa99999888a9777669aa842987a686754557a353864
368077 1 40 9 5 2 0 1 0 0  aaaa99999888a9777669aa862987a486764557a353854
368079 1 40 9 5 2 1 1 0 0  aaaa99999888a9777669aa862987a486764557a355834
368081 1 40 9 5 2 2 1 0 0  aaaa99999888a9777669aa862987a486764537a555834
368089 1 40 9 5 4 0 1 0 0  aaaa99999888a9777269aa866987a486764557a353854
368091 1 40 9 5 4 1 1 0 0  aaaa99999888a9777269aa866987a486764557a355834
368093 1 40 9 5 4 2 1 0 0  aaaa99999888a9777269aa866987a486764537a555834
368095 1 40 9 5 5 0 1 0 0  aaaa99999888a9777269aa846987a486766557a353854
368097 1 40 9 5 5 1 1 0 0  aaaa99999888a9777269aa846987a486766557a355834
368099 1 40 9 5 5 2 1 0 0  aaaa99999888a9777269aa846987a486766537a555834
368113 1 40 9 6 2 0 1 0 0  aaaa99999888a9666729aa847987a787674565a533845
368119 1 40 9 6 3 0 1 0 0  aaaa99999888a9666729aa847987a787674556a353854
368121 1 40 9 6 3 1 1 0 0  aaaa99999888a9666729aa847987a787674556a355834
368123 1 40 9 6 3 2 1 0 0  aaaa99999888a9666729aa847987a787674536a555834
368149 1 40 9 7 2 0 1 0 0  aaaa99999888a9777639aa876987a686673455a544825
368161 1 40 9 7 4 0 1 0 0  aaaa99999888a9777669aa873987a386676455a544825
368167 1 40 9 7 5 0 1 0 0  aaaa99999888a9777369aa876987a386676455a544825
368173 1 40 9 8 0 0 1 0 0  aaaa99999888a9766739aa867987a787663455a544825
368221 1 40 9 9 2 0 1 0 0  aaaa99999888a9666279aa877986a487774565a533845
368227 1 40 9 9 3 0 1 0 0  aaaa99999888a9666279aa877986a487774556a353854
368229 1 40 9 9 3 1 1 0 0  aaaa99999888a9666279aa877986a487774556a355834
368231 1 40 9 9 3 2 1 0 0  aaaa99999888a9666279aa877986a487774536a555834
368257 1 40 9 10 2 0 1 0 0  aaaa99999888a9666279aa847986a487777565a533845
368263 1 40 9 10 3 0 1 0 0  aaaa99999888a9666279aa847986a487777556a353854
368265 1 40 9 10 3 1 1 0 0  aaaa99999888a9666279aa847986a487777556a355834
368267 1 40 9 10 3 2 1 0 0  aaaa99999888a9666279aa847986a487777536a555834
368281 1 40 10 0 0 0 1 0 0  aaaa99999888a9877729aa876986a576575468a464533
368285 1 40 10 0 0 2 1 0 0  aaaa99999888a9877729aa876986a476574368a563554
368353 1 40 10 2 0 0 1 0 0  aaaa99999888a9866779aa872987a676565458a744335
368435 1 40 10 4 1 2 1 0 0  aaaa99999888a9856779aa876987a666354278a754534
368569 1 40 10 8 0 0 1 0 0  aaaa99999888a9866729aa867987a776565458a744335
368665 1 40 10 10 4 0 1 0 0  aaaa99999888a9855279aa857986a477774638a666534
368671 1 40 10 10 5 0 1 0 0  aaaa99999888a9855279aa857986a477774368a653664
368699 1 40 11 0 3 2 1 0 0  aaaa99999888a9884779aa586976a676354267a758534
368771 1 40 11 2 3 2 1 0 0  aaaa99999888a9884779aa786976a676354265a758534
368784 1 40 11 3 0 0 0 0 0  aaaa99999888a9885749aa787977a366545267a568463
368785 1 40 11 3 0 0 1 0 0  aaaa99999888a9883759aa787977a366542567a568464
368790 1 40 11 3 1 0 0 0 0  aaaa99999888a9885769aa787977a366545467a548632
368893 1 40 11 6 0 0 1 0 0  aaaa99999888a9885779aa782977a766545363a568464
368928 1 40 11 7 0 0 0 0 0  aaaa99999888a9885779aa786976a376545464a568732
368964 1 40 11 8 0 0 0 0 0  aaaa99999888a9885729aa787977a476655636a358464
369001 1 40 11 9 0 0 1 0 0  aaaa99999888a9885729aa787977a766545363a568464
369115 1 40 12 1 1 0 1 0 0  aaaa99999888a9864779aa876976a625564778a385534
369149 1 40 12 2 0 2 1 0 0  aaaa99999888a9866779aa872975a676564358a783544
369181 1 40 12 3 0 0 1 0 0  aaaa99999888a9857739aa877977a466553268a586644
369253 1 40 12 5 0 0 1 0 0  aaaa99999888a9866779aa872977a676565458a484335
369257 1 40 12 5 0 2 1 0 0  aaaa99999888a9866779aa872977a676564358a583544
369293 1 40 12 6 0 2 1 0 0  aaaa99999888a9866729aa867977a475674538a585634
369302 1 40 12 6 2 1 0 0 0  aaaa99999888a9844769aa847977a376673658a586525
369397 1 40 12 9 0 0 1 0 0  aaaa99999888a9866729aa867977a776565458a484335
369401 1 40 12 9 0 2 1 0 0  aaaa99999888a9866729aa867977a776564358a583544
369437 1 40 12 10 0 2 1 0 0  aaaa99999888a9866279aa867956a477774538a585634
369446 1 40 12 10 2 1 0 0 0  aaaa99999888a9844679aa847966a377773658a586525
369469 1 40 13 0 0 0 1 0 0  aaaa99999888a9877279aa886976a765574658a354634
369613 1 40 13 4 0 0 1 0 0  aaaa99999888a9866779aa882977a676575458a464335
369617 1 40 13 4 0 2 1 0 0  aaaa99999888a9866779aa882977a676574358a563544
369670 1 40 13 5 3 2 0 0 0  aaaa99999888a9864769aa887975a376763658a572454
369685 1 40 13 6 0 0 1 0 0  aaaa99999888a9866729aa887977a676575458a464335
369689 1 40 13 6 0 2 1 0 0  aaaa99999888a9866729aa887977a676574358a563544
369721 1 40 13 7 0 0 1 0 0  aaaa99999888a9866779aa882977a665564758a354734
369869 1 40 14 0 0 2 1 0 0  aaaa99999888a9787669aa777988a862754635a654534
370043 1 40 14 4 5 2 1 0 0  aaaa99999888a9684729aa777988a877654365a653645
370115 1 40 14 6 5 2 1 0 0  aaaa99999888a9684779aa772988a877654365a653645
370117 1 40 14 7 0 0 1 0 0  aaaa99999888a9687749aa777988a866544267a565335
370193 1 40 14 9 0 2 1 0 0  aaaa99999888a9686279aa767988a877754665a354534
370224 1 40 14 10 0 0 0 0 0  aaaa99999888a9686479aa467988a877773665a553452
370229 1 40 14 10 0 2 1 0 0  aaaa99999888a9686279aa567988a877774665a354534
370379 1 40 15 3 1 2 1 0 0  aaaa99999888a9666779aa882988a777754665a354534
370381 1 40 15 3 2 0 1 0 0  aaaa99999888a9666779aa882988a777755465a644353
370385 1 40 15 3 2 2 1 0 0  aaaa99999888a9666779aa882988a777754365a653544
370397 1 40 15 3 4 2 1 0 0  aaaa99999888a9654779aa882988a777754635a666534
370403 1 40 15 3 5 2 1 0 0  aaaa99999888a9654779aa882988a777754365a653664
370417 1 40 15 4 2 0 1 0 0  aaaa99999888a9777279aa887988a466756566a534543
370441 1 40 15 5 0 0 1 0 0  aaaa99999888a9777669aa883988a665753572a476445
370453 1 40 15 5 2 0 1 0 0  aaaa99999888a9777629aa886988a666755475a474353
370459 1 40 15 5 3 0 1 0 0  aaaa99999888a9777639aa886988a665753572a476445
370487 1 40 15 6 1 2 1 0 0  aaaa99999888a9666729aa887988a777754665a354534
370489 1 40 15 6 2 0 1 0 0  aaaa99999888a9666729aa887988a777755465a644353
370493 1 40 15 6 2 2 1 0 0  aaaa99999888a9666729aa887988a777754365a653544
370505 1 40 15 6 4 2 1 0 0  aaaa99999888a9654729aa887988a777754635a666534
370511 1 40 15 6 5 2 1 0 0  aaaa99999888a9654729aa887988a777754365a653664
370513 1 40 15 7 0 0 1 0 0  aaaa99999888a9777669aa885988a765734627a654543
370519 1 40 15 7 1 0 1 0 0  aaaa99999888a9777269aa886988a765754657a634543
370520 1 40 15 7 1 1 0 0 0  aaaa99999888a9777269aa886988a765755647a634543
370521 1 40 15 7 1 1 1 0 0  aaaa99999888a9777269aa886988a764753657a644553
370522 1 40 15 7 1 2 0 0 0  aaaa99999888a9777269aa886988a763754647a653545
370523 1 40 15 7 1 2 1 0 0  aaaa99999888a9777269aa886988a764744657a563553
370565 1 40 15 8 2 2 1 0 0  aaaa99999888a9666779aa882988a477754367a653545
370585 1 40 15 9 0 0 1 0 0  aaaa99999888a9664779aa883988a477773665a554256
370601 1 40 15 9 2 2 1 0 0  aaaa99999888a9666779aa882988a477774365a653545
370621 1 40 15 10 0 0 1 0 0  aaaa99999888a9664379aa887988a377774665a554256
370637 1 40 15 10 2 2 1 0 0  aaaa99999888a9666279aa887988a477774365a653545
370729 1 40 16 2 0 0 1 0 0  aaaa99999888a9777729aa886987a686575654a345364
370781 1 40 16 3 2 2 1 0 0  aaaa99999888a9666729aa887987a787654765a354534
370836 1 40 16 5 0 0 0 0 0  aaaa99999888a9777669aa882987a686755437a345564
370837 1 40 16 5 0 0 1 0 0  aaaa99999888a9777669aa884987a686744557a335562
370854 1 40 16 5 3 0 0 0 0  aaaa99999888a9777629aa886987a686755437a345564
370855 1 40 16 5 3 0 1 0 0  aaaa99999888a9777649aa886987a686744557a335562
370907 1 40 16 6 5 2 1 0 0  aaaa99999888a9654729aa887987a787674365a653645
370979 1 40 16 8 5 2 1 0 0  aaaa99999888a9754729aa887987a787654365a653664
371015 1 40 16 9 5 2 1 0 0  aaaa99999888a9654779aa882986a487777365a653645
371051 1 40 16 10 5 2 1 0 0  aaaa99999888a9654279aa887986a487777365a653645
371058 1 40 17 0 1 0 0 0 0  aaaa99999888a9877279aa886987a766575463a534645
371059 1 40 17 0 1 0 1 0 0  aaaa99999888a9877279aa886987a766574565a534643
371060 1 40 17 0 1 1 0 0 0  aaaa99999888a9877279aa886987a766374565a545634
371061 1 40 17 0 1 1 1 0 0  aaaa99999888a9877279aa886987a766574563a554643
371062 1 40 17 0 1 2 0 0 0  aaaa99999888a9877279aa886987a766374564a555634
371063 1 40 17 0 1 2 1 0 0  aaaa99999888a9877279aa886987a766373564a555464
371231 1 40 17 4 5 2 1 0 0  aaaa99999888a9854779aa882987a777654365a653664
371303 1 40 17 6 5 2 1 0 0  aaaa99999888a9854729aa887987a777654365a653664
371305 1 40 17 7 0 0 1 0 0  aaaa99999888a9867779aa884987a766454276a655353
371327 1 40 17 7 3 2 1 0 0  aaaa99999888a9857779aa886987a766354276a654534
371412 1 40 17 10 0 0 0 0 0  aaaa99999888a9866479aa887984a677773656a553425
371485 1 40 18 1 0 0 1 0 0  aaaa99999888a9884779aa743987a866553776a654256
371525 1 40 18 2 0 2 1 0 0  aaaa99999888a9884779aa743987a876653626a754565
371557 1 40 18 3 0 0 1 0 0  aaaa99999888a9885779aa773987a866535476a644526
371593 1 40 18 4 0 0 1 0 0  aaaa99999888a9884779aa743987a866553276a756654
371629 1 40 18 5 0 0 1 0 0  aaaa99999888a9885729aa777987a866545367a563464
371699 1 40 18 6 5 2 1 0 0  aaaa99999888a9884779aa772986a877654365a653645
371845 1 40 19 0 0 0 1 0 0  aaaa99999888a9877729aa876986a387576565a546434
371848 1 40 19 0 0 2 0 0 0  aaaa99999888a9877729aa876986a487576364a536554
371849 1 40 19 0 0 2 1 0 0  aaaa99999888a9877739aa876985a687673264a546554
371856 1 40 19 0 2 0 0 0 0  aaaa99999888a9877729aa876986a687575364a635544
371857 1 40 19 0 2 0 1 0 0  aaaa99999888a9877749aa876986a687474565a635523
371951 1 40 19 2 5 2 1 0 0  aaaa99999888a9865779aa873987a587365476a464652
371968 1 40 19 3 2 2 0 0 0  aaaa99999888a9854769aa837987a787663765a652445
371988 1 40 19 4 0 0 0 0 0  aaaa99999888a9866779aa872987a686565374a735544
371989 1 40 19 4 0 0 1 0 0  aaaa99999888a9866779aa874987a686464575a735523
372004 1 40 19 4 2 2 0 0 0  aaaa99999888a9854779aa876987a386653675a762445
372131 1 40 19 7 5 2 1 0 0  aaaa99999888a9857779aa872987a487654365a653664
372167 1 40 19 8 5 2 1 0 0  aaaa99999888a9865739aa857987a787365476a464652
372168 1 40 19 9 0 0 0 0 0  aaaa99999888a9866479aa877984a687773656a553425
372349 1 40 20 3 0 0 1 0 0  aaaa99999888a9885729aa787987a766545367a563464
372395 1 40 20 4 1 2 1 0 0  aaaa99999888a9886779aa786987a666354275a754534
372491 1 40 20 6 5 2 1 0 0  aaaa99999888a9884729aa587987a777654365a653664
372569 1 40 20 9 0 2 1 0 0  aaaa99999888a9886279aa787986a677754665a354534
372637 1 40 21 0 0 0 1 0 0  aaaa99999888a9888779aa662987a676565457a744335
372791 1 40 21 4 1 2 1 0 0  aaaa99999888a9888779aa766987a666354275a754534
372869 1 40 21 6 2 2 1 0 0  aaaa99999888a9888779aa776986a677354265a654534
372887 1 40 21 6 5 2 1 0 0  aaaa99999888a9888779aa772986a477654365a653645
373032 1 40 22 0 0 0 0 0 0  aaaa99999778a9665689aa748976a388883557a765442
373034 1 40 22 0 0 1 0 0 0  aaaa99999778a9665689aa748976a388883457a764552
373045 1 40 22 0 2 0 1 0 0  aaaa99999778a9666389aa758976a388884267a755544
373049 1 40 22 0 2 2 1 0 0  aaaa99999778a9666289aa758976a588885467a744353
373055 1 40 22 0 3 2 1 0 0  aaaa99999778a9666289aa758976a588885347a763445
373057 1 40 22 0 4 0 1 0 0  aaaa99999778a9656389aa758976a388884267a755644
373061 1 40 22 0 4 2 1 0 0  aaaa99999778a9636289aa758976a588885467a744653
373063 1 40 22 0 5 0 1 0 0  aaaa99999778a9655289aa758976a488884367a753664
373082 1 40 22 1 2 1 0 0 0  aaaa99999778a9744689aa748966a388883757a566525
373129 1 40 22 2 4 0 1 0 0  aaaa99999778a9755289aa758976a488884637a666534
373135 1 40 22 2 5 0 1 0 0  aaaa99999778a9755289aa758976a488884367a653664
373181 1 40 22 4 0 2 1 0 0  aaaa99999778a9766289aa768956a488884537a575634
373190 1 40 22 4 2 1 0 0 0  aaaa99999778a9744689aa748966a388883657a576525
373212 1 40 22 5 0 0 0 0 0  aaaa99999778a9766489aa778974a688883656a553425
373294 1 40 22 7 1 2 0 0 0  aaaa99999778a9754689aa738976a688883675a652445
373393 1 40 22 10 0 0 1 0 0  aaaa99999668a9755289aa658967a488884376a753774
373531 1 41 0 2 5 0 1 0 0  aaaa88777999a9996859aa892877a658876534a546364
373549 1 41 0 3 2 0 1 0 0  aaaa88666999a9995829aa897877a778855467a644533
373553 1 41 0 3 2 2 1 0 0  aaaa88666999a9994829aa897877a778854367a653545
373573 1 41 0 4 0 0 1 0 0  aaaa88777999a9994839aa897877a468863655a526645
373609 1 41 0 5 0 0 1 0 0  aaaa88777999a9995839aa896867a468873276a655544
373613 1 41 0 5 0 2 1 0 0  aaaa88777999a9995829aa896867a568875476a644353
373860 1 41 1 1 0 0 0 0 0  aaaa88875999a9994889aa697877a376683567a562454
373862 1 41 1 1 0 1 0 0 0  aaaa88875999a9994889aa697877a376683567a565442
373878 1 41 1 1 3 0 0 0 0  aaaa88875999a9994889aa497877a376686657a525634
373884 1 41 1 1 4 0 0 0 0  aaaa88875999a9994889aa297877a376586647a663545
373886 1 41 1 1 4 1 0 0 0  aaaa88875999a9994889aa497877a376586657a663254
374012 1 41 1 5 1 1 0 0 0  aaaa88856999a9994889aa497877a372587666a576534
374014 1 41 1 5 1 2 0 0 0  aaaa88856999a9993889aa597877a374487666a276545
374106 1 41 1 7 5 0 0 0 0  aaaa88865999a9993889aa697877a375485526a474676
374274 1 41 2 1 3 0 0 0 0  aaaa88875999a9994889aa897877a376663657a545264
374314 1 41 2 2 3 2 0 0 0  aaaa88835999a9995889aa897877a576665647a447362
374372 1 41 2 4 1 1 0 0 0  aaaa88874999a9993889aa897877a366576567a545624
374378 1 41 2 4 2 1 0 0 0  aaaa88875999a9994889aa897877a366673257a566454
374380 1 41 2 4 2 2 0 0 0  aaaa88875999a9995889aa897877a566675447a366432
374482 1 41 2 7 1 2 0 0 0  aaaa88826999a9995889aa897877a576665434a476375
374488 1 41 2 7 2 2 0 0 0  aaaa88835999a9995889aa897877a576665644a476372
374492 1 41 2 7 3 1 0 0 0  aaaa88844999a9994889aa897877a376663565a276575
374494 1 41 2 7 3 2 0 0 0  aaaa88835999a9995889aa897877a576665464a476372
374502 1 41 2 7 5 0 0 0 0  aaaa88865999a9993889aa897877a375465526a474676
374653 1 41 3 1 0 0 1 0 0  aaaa88875999a9994839aa897877a478663667a525546
374656 1 41 3 1 0 2 0 0 0  aaaa88875999a9995829aa897877a578665667a344436
374664 1 41 3 1 2 0 0 0 0  aaaa88875999a9994869aa897877a378663467a654552
374666 1 41 3 1 2 1 0 0 0  aaaa88875999a9994869aa897877a378663567a655442
374670 1 41 3 1 3 0 0 0 0  aaaa88875999a9994869aa897877a378663567a562454
374672 1 41 3 1 3 1 0 0 0  aaaa88875999a9994869aa897877a378663567a565442
374683 1 41 3 1 5 0 1 0 0  aaaa88875999a9994829aa897877a478655367a653664
374702 1 41 3 2 2 1 0 0 0  aaaa88854999a9993869aa897877a378662567a657445
374704 1 41 3 2 2 2 0 0 0  aaaa88845999a9995869aa897877a578665467a647332
374706 1 41 3 2 3 0 0 0 0  aaaa88865999a9994869aa897877a378663567a547254
374768 1 41 3 4 1 1 0 0 0  aaaa88875999a9994869aa897877a368673657a562454
374770 1 41 3 4 1 2 0 0 0  aaaa88875999a9995869aa897877a568675647a464332
374778 1 41 3 4 3 0 0 0 0  aaaa88875999a9994869aa897877a368673657a545624
374780 1 41 3 4 3 1 0 0 0  aaaa88875999a9994869aa897877a368673647a555642
374874 1 41 3 7 1 0 0 0 0  aaaa88865999a9994879aa897877a368646756a525734
374882 1 41 3 7 2 1 0 0 0  aaaa88854999a9993879aa897877a368662755a644765
374884 1 41 3 7 2 2 0 0 0  aaaa88845999a9995879aa897877a568665744a633762
374920 1 41 3 8 2 2 0 0 0  aaaa88854999a9993879aa897877a768663725a644565
375100 1 41 4 2 2 2 0 0 0  aaaa88854999a9993879aa797877a868663725a644565
375157 1 41 4 4 0 0 1 0 0  aaaa88874999a9994839aa797877a868673655a526645
375280 1 41 4 7 2 2 0 0 0  aaaa88854999a9993879aa597877a868663725a644765
375462 1 41 5 1 3 0 0 0 0  aaaa88875999a9994879aa797877a386663654a585264
375474 1 41 5 1 5 0 0 0 0  aaaa88875999a9994879aa797877a385645562a683664
375560 1 41 5 4 1 1 0 0 0  aaaa88875999a9994869aa797877a386673656a582454
375562 1 41 5 4 1 2 0 0 0  aaaa88875999a9995869aa797877a586675646a484332
375570 1 41 5 4 3 0 0 0 0  aaaa88875999a9994869aa797877a386673654a585624
375572 1 41 5 4 3 1 0 0 0  aaaa88875999a9994869aa797877a386673654a582654
375840 1 41 6 1 0 0 0 0 0  aaaa88875999a9993879aa797877a368682655a446654
375902 1 41 6 2 4 1 0 0 0  aaaa88854999a9993879aa797877a358686765a644625
375904 1 41 6 2 4 2 0 0 0  aaaa88845999a9995879aa797877a548686764a635623
376062 1 41 6 7 1 0 0 0 0  aaaa88865999a9994879aa497877a368686756a525734
376120 1 41 6 8 4 2 0 0 0  aaaa88854999a9993879aa597877a728686765a644635
376220 1 41 7 0 3 1 0 0 0  aaaa88884999a9993889aa597876a376662657a744575
376222 1 41 7 0 3 2 0 0 0  aaaa88885999a9995889aa497876a576665637a744372
376254 1 41 7 1 3 0 0 0 0  aaaa88885999a9994889aa797877a376663657a545264
376294 1 41 7 2 3 2 0 0 0  aaaa88885999a9995889aa397877a576665647a447362
376352 1 41 7 4 1 1 0 0 0  aaaa88884999a9993889aa797877a366576567a545624
376358 1 41 7 4 2 1 0 0 0  aaaa88885999a9994889aa797877a366673257a566454
376360 1 41 7 4 2 2 0 0 0  aaaa88885999a9995889aa797877a566675447a366432
376384 1 41 7 5 0 2 0 0 0  aaaa88885999a9995889aa397877a576675646a447362
376456 1 41 7 7 0 2 0 0 0  aaaa88886999a9993889aa597877a376652465a476475
376462 1 41 7 7 1 2 0 0 0  aaaa88886999a9995889aa297877a576665434a476375
376468 1 41 7 7 2 2 0 0 0  aaaa88885999a9995889aa397877a576665644a476372
376472 1 41 7 7 3 1 0 0 0  aaaa88885999a9993889aa597877a376662465a476475
376474 1 41 7 7 3 2 0 0 0  aaaa88885999a9995889aa397877a576665464a476372
376482 1 41 7 7 5 0 0 0 0  aaaa88885999a9993889aa697877a375465526a474676
376650 1 41 8 1 3 0 0 0 0  aaaa88875999a9994879aa797877a368663654a585264
376662 1 41 8 1 5 0 0 0 0  aaaa88875999a9994879aa797877a358645562a683664
376682 1 41 8 2 2 1 0 0 0  aaaa88844999a9995879aa797877a468663725a683565
376684 1 41 8 2 2 2 0 0 0  aaaa88845999a9995879aa797877a568665744a682363
376754 1 41 8 4 2 1 0 0 0  aaaa88875999a9994869aa797877a368673656a582454
376756 1 41 8 4 2 2 0 0 0  aaaa88875999a9995869aa797877a568675646a484332
376758 1 41 8 4 3 0 0 0 0  aaaa88875999a9994869aa797877a368673654a585624
376760 1 41 8 4 3 1 0 0 0  aaaa88875999a9994869aa797877a368673654a582654
376792 1 41 8 5 2 2 0 0 0  aaaa88854999a9993879aa597877a378666265a687445
376804 1 41 8 5 4 2 0 0 0  aaaa88844999a9994879aa597877a378656265a687635
376810 1 41 8 5 5 2 0 0 0  aaaa88854999a9993879aa597877a378644265a687665
376862 1 41 8 7 2 1 0 0 0  aaaa88844999a9994879aa597877a368663755a682765
376864 1 41 8 7 2 2 0 0 0  aaaa88845999a9995879aa397877a568665744a682763
376900 1 41 8 8 2 2 0 0 0  aaaa88844999a9994879aa597877a768663725a683565
377034 1 41 9 1 1 0 0 0 0  aaaa88875999a9993879aa797877a368662655a446854
377040 1 41 9 1 2 0 0 0 0  aaaa88875999a9994879aa797877a368646656a525834
377070 1 41 9 2 1 0 0 0 0  aaaa88865999a9994879aa797877a368646756a525834
377078 1 41 9 2 2 1 0 0 0  aaaa88854999a9993879aa797877a368662755a644865
377080 1 41 9 2 2 2 0 0 0  aaaa88845999a9995879aa797877a568665744a633862
377141 1 41 9 4 0 2 1 0 0  aaaa88875999a9995829aa797877a568675436a644836
377142 1 41 9 4 1 0 0 0 0  aaaa88875999a9994869aa797877a368673654a565824
377144 1 41 9 4 1 1 0 0 0  aaaa88875999a9994869aa797877a368673654a562854
377148 1 41 9 4 2 0 0 0 0  aaaa88875999a9994869aa797877a368673656a545824
377150 1 41 9 4 2 1 0 0 0  aaaa88875999a9994869aa797877a368673646a555842
377190 1 41 9 5 3 0 0 0 0  aaaa88864999a9993879aa597877a378666565a475842
377260 1 41 9 7 2 2 0 0 0  aaaa88854999a9993879aa597877a328666765a644875
377266 1 41 9 7 3 2 0 0 0  aaaa88854999a9993879aa597877a368656726a644875
377272 1 41 9 7 4 2 0 0 0  aaaa88854999a9993879aa597877a368666725a644875
377276 1 41 9 7 5 1 0 0 0  aaaa88865999a9993879aa697877a358565746a464872
377296 1 41 9 8 2 2 0 0 0  aaaa88854999a9993879aa597877a768663725a644865
377400 1 41 10 0 2 0 0 0 0  aaaa88885999a9994879aa797876a368663477a654552
377402 1 41 10 0 2 1 0 0 0  aaaa88885999a9994879aa797876a368663577a655442
377442 1 41 10 1 3 0 0 0 0  aaaa88885999a9994879aa797877a368663657a545264
377474 1 41 10 2 2 1 0 0 0  aaaa88885999a9994879aa797877a368663725a644565
377476 1 41 10 2 2 2 0 0 0  aaaa88885999a9995879aa797877a568665744a642363
377540 1 41 10 4 1 1 0 0 0  aaaa88885999a9994869aa797877a368673657a562454
377542 1 41 10 4 1 2 0 0 0  aaaa88885999a9995869aa797877a568675647a464332
377550 1 41 10 4 3 0 0 0 0  aaaa88885999a9994869aa797877a368673657a545624
377552 1 41 10 4 3 1 0 0 0  aaaa88885999a9994869aa797877a368673647a555642
377570 1 41 10 5 0 1 0 0 0  aaaa88885999a9994879aa697877a378663664a572554
377582 1 41 10 5 2 1 0 0 0  aaaa88884999a9993879aa597877a378666565a672445
377594 1 41 10 5 4 1 0 0 0  aaaa88885999a9993879aa597877a378656464a674625
377646 1 41 10 7 1 0 0 0 0  aaaa88885999a9994879aa697877a368646756a525734
377654 1 41 10 7 2 1 0 0 0  aaaa88884999a9993879aa597877a368662755a644765
377656 1 41 10 7 2 2 0 0 0  aaaa88885999a9995879aa497877a568665744a633762
377666 1 41 10 7 4 1 0 0 0  aaaa88884999a9993879aa597877a368666755a644725
377692 1 41 10 8 2 2 0 0 0  aaaa88884999a9993879aa597877a768663725a644565
377929 1 41 11 4 0 0 1 0 0  aaaa88888999a9995829aa797877a366575467a464563
377933 1 41 11 4 0 2 1 0 0  aaaa88888999a9995839aa797877a566375467a464265
377936 1 41 11 4 1 1 0 0 0  aaaa88888999a9994869aa797877a366474567a553652
378200 1 41 12 0 3 1 0 0 0  aaaa88885999a9994879aa798876a376663674a572554
378210 1 41 12 0 5 0 0 0 0  aaaa88885999a9994879aa798876a375645572a673664
378360 1 41 12 5 0 0 0 0 0  aaaa88884999a9993869aa698877a767553765a464752
378630 1 41 13 1 3 0 0 0 0  aaaa88885999a9994879aa797877a386663657a545264
378650 1 41 13 2 0 1 0 0 0  aaaa88884999a9993879aa797877a386644765a562556
378721 1 41 13 4 0 0 1 0 0  aaaa88885999a9994839aa797877a486673267a565546
378734 1 41 13 4 2 1 0 0 0  aaaa88885999a9994869aa797877a386673657a562454
378736 1 41 13 4 2 2 0 0 0  aaaa88885999a9995869aa797877a586675647a464332
378738 1 41 13 4 3 0 0 0 0  aaaa88885999a9994869aa797877a386673657a545624
378740 1 41 13 4 3 1 0 0 0  aaaa88885999a9994869aa797877a386673647a555642
378758 1 41 13 5 0 1 0 0 0  aaaa88885999a9994879aa697877a386673764a562554
378848 1 41 13 7 3 1 0 0 0  aaaa88885999a9993879aa597877a386662765a446745
379368 1 41 15 0 0 0 0 0 0  aaaa88877999a9994279aa796876a786553645a588643
379369 1 41 15 0 0 0 1 0 0  aaaa88877999a9994279aa796876a786554635a588634
379371 1 41 15 0 0 1 1 0 0  aaaa88877999a9994279aa796876a786555633a588644
379476 1 41 15 3 0 0 0 0 0  aaaa88875999a9993729aa797877a386565664a588446
379478 1 41 15 3 0 1 0 0 0  aaaa88875999a9993759aa797877a386655646a288464
379484 1 41 15 3 1 1 0 0 0  aaaa88874999a9993769aa797877a386644656a588525
379579 1 41 15 5 5 0 1 0 0  aaaa88855999a9995779aa794877a384647265a688663
379687 1 41 15 8 5 0 1 0 0  aaaa88855999a9995749aa797877a384647265a688663
379764 1 41 16 0 0 0 0 0 0  aaaa88877999a9993279aa796876a786553464a586485
379765 1 41 16 0 0 0 1 0 0  aaaa88877999a9995279aa796876a786545363a586484
379767 1 41 16 0 0 1 1 0 0  aaaa88877999a9995279aa796876a786555364a386484
379768 1 41 16 0 0 2 0 0 0  aaaa88877999a9994279aa796876a786454365a386585
379769 1 41 16 0 0 2 1 0 0  aaaa88877999a9995279aa796876a786435643a485685
379795 1 41 16 0 5 0 1 0 0  aaaa88877999a9993279aa796874a786666545a583485
379873 1 41 16 3 0 0 1 0 0  aaaa88876999a9994729aa797877a486654565a586383
379888 1 41 16 3 2 2 0 0 0  aaaa88875999a9995769aa797877a586635644a486382
379896 1 41 16 3 4 0 0 0 0  aaaa88875999a9994769aa797877a386663654a585284
379936 1 41 16 4 4 2 0 0 0  aaaa88835999a9995779aa796874a686665744a785382
379960 1 41 16 5 2 2 0 0 0  aaaa88853999a9993779aa796877a286657644a486585
379996 1 41 16 6 2 2 0 0 0  aaaa88853999a9993779aa796877a786652644a486585
380018 1 41 16 7 0 1 0 0 0  aaaa88874999a9993779aa796876a386744565a286585
380020 1 41 16 7 0 2 0 0 0  aaaa88875999a9995779aa796876a586735464a486382
380068 1 41 16 8 2 2 0 0 0  aaaa88853999a9993769aa797877a286657644a486585
380082 1 41 16 8 5 0 0 0 0  aaaa88863999a9993749aa797877a284567556a485686
380104 1 41 16 9 2 2 0 0 0  aaaa88853999a9993769aa797877a786652644a486585
380140 1 41 16 10 2 2 0 0 0  aaaa88853999a9993679aa597866a287777644a486585
380282 1 41 17 3 2 1 0 0 0  aaaa88884999a9993769aa797877a386644657a568525
380376 1 41 17 6 0 0 0 0 0  aaaa88885999a9994779aa792877a786655636a358464
380452 1 41 17 8 0 2 0 0 0  aaaa88885999a9995749aa797877a586647636a348265
380478 1 41 17 8 5 0 0 0 0  aaaa88883999a9993749aa797877a285647565a648665
380484 1 41 17 9 0 0 0 0 0  aaaa88885999a9994729aa797877a786655636a358464
381060 1 41 19 3 0 0 0 0 0  aaaa88884999a9993749aa797877a368654657a556682
381062 1 41 19 3 0 1 0 0 0  aaaa88885999a9993759aa797877a368655647a446682
381084 1 41 19 3 4 0 0 0 0  aaaa88885999a9994769aa797877a368663657a545284
381124 1 41 19 4 4 2 0 0 0  aaaa88885999a9995779aa796874a668665744a735382
381169 1 41 19 6 0 0 1 0 0  aaaa88884999a9994779aa792877a768654655a536683
381239 1 41 19 7 5 2 1 0 0  aaaa88886999a9996779aa792875a678546354a536784
381258 1 41 19 8 3 0 0 0 0  aaaa88885999a9993769aa797877a378662565a465484
381270 1 41 19 8 5 0 0 0 0  aaaa88885999a9993729aa797877a378565446a564686
381277 1 41 19 9 0 0 1 0 0  aaaa88884999a9994729aa797877a768654655a536683
381456 1 41 20 3 0 0 0 0 0  aaaa88888999a9994749aa797877a368654657a556632
381637 1 41 20 8 0 0 1 0 0  aaaa88888999a9994739aa797877a478663665a554256
382012 1 41 21 7 2 2 0 0 0  aaaa77753999a9993869aa898888a876652644a476575
382032 1 41 21 8 0 0 0 0 0  aaaa77775999a9994829aa898888a876655636a357464
382408 1 41 22 7 2 2 0 0 0  aaaa77753999a9993689aa598766a288888644a476575
382537 1 42 0 0 0 0 1 0 0  aaaa99996887a9766789aa557829a568394786a784534
382616 1 42 0 2 1 1 0 0 0  aaaa99995887a9774789aa537869a368696685a782445
382618 1 42 0 2 1 2 0 0 0  aaaa99995887a9775789aa457869a568696683a782443
382686 1 42 0 4 1 0 0 0 0  aaaa99995887a9774789aa637879a368696586a582454
382688 1 42 0 4 1 1 0 0 0  aaaa99995887a9774789aa637879a368696586a585442
382694 1 42 0 4 2 1 0 0 0  aaaa99995887a9774789aa447879a368696686a583552
382706 1 42 0 4 4 1 0 0 0  aaaa99995887a9774789aa537879a368692485a684665
382716 1 42 0 5 0 0 0 0 0  aaaa99995887a9774689aa637869a378494585a786625
382718 1 42 0 5 0 1 0 0 0  aaaa99995887a9775689aa647869a378595286a786443
382724 1 42 0 5 1 1 0 0 0  aaaa99995887a9774689aa667869a378593684a782554
382732 1 42 0 5 2 2 0 0 0  aaaa99995887a9775689aa667849a578395286a784634
382796 1 42 0 7 1 1 0 0 0  aaaa99995887a9774689aa737869a668593684a782554
382822 1 42 0 7 5 2 0 0 0  aaaa99996887a9776289aa767859a648496584a585373
382823 1 42 0 7 5 2 1 0 0  aaaa99996887a9776289aa767859a638396584a585474
382824 1 42 0 8 0 0 0 0 0  aaaa99994887a9777689aa637869a358592586a786454
382841 1 42 0 8 2 2 1 0 0  aaaa99995887a9777689aa667849a538395486a784652
382842 1 42 0 8 3 0 0 0 0  aaaa99994887a9777689aa667869a358593586a782454
382859 1 42 0 8 5 2 1 0 0  aaaa99996887a9777289aa567849a638396485a784565
382865 1 42 0 9 0 2 1 0 0  aaaa99996887a9676289aa547869a478797385a683545
382901 1 42 0 10 0 2 1 0 0  aaaa99997886a9657689aa576829a738497385a687445
382919 1 42 0 10 3 2 1 0 0  aaaa99997886a9667289aa576849a738397485a487565
382937 1 42 1 0 0 2 1 0 0  aaaa99996888a9775679aa866279a563795848a873445
382944 1 42 1 0 2 0 0 0 0  aaaa99995888a9774679aa836679a356796858a872454
382946 1 42 1 0 2 1 0 0 0  aaaa99995888a9775679aa846679a326796858a873454
382952 1 42 1 0 3 1 0 0 0  aaaa99995888a9774679aa866679a346794858a873552
382958 1 42 1 0 4 1 0 0 0  aaaa99995888a9774679aa836679a646794858a873552
382962 1 42 1 0 5 0 0 0 0  aaaa99996888a9776579aa865279a654796858a874343
382963 1 42 1 0 5 0 1 0 0  aaaa99996888a9776579aa865479a645796848a875332
382966 1 42 1 0 5 2 0 0 0  aaaa99996888a9776479aa865479a655795848a876332
382967 1 42 1 0 5 2 1 0 0  aaaa99996888a9776379aa865379a655795848a876442
382973 1 42 1 1 0 2 1 0 0  aaaa99995888a9777779aa856629a536793868a846454
382986 1 42 1 1 3 0 0 0 0  aaaa99994888a9777779aa836669a355796868a852445
382999 1 42 1 1 5 0 1 0 0  aaaa99996888a9777779aa863559a653796848a856442
383002 1 42 1 1 5 2 0 0 0  aaaa99996888a9777779aa864459a625796848a855363
383003 1 42 1 1 5 2 1 0 0  aaaa99996888a9777779aa862459a645796848a855363
383009 1 42 1 2 0 2 1 0 0  aaaa99996888a9777679aa866339a562795848a875445
383015 1 42 1 2 1 2 1 0 0  aaaa99996888a9777679aa866629a533795848a875445
383021 1 42 1 2 2 2 1 0 0  aaaa99995888a9777679aa856639a526796848a873445
383027 1 42 1 2 3 2 1 0 0  aaaa99995888a9777679aa866639a526795848a873445
383090 1 42 1 4 2 1 0 0 0  aaaa99995888a9777679aa847669a365793868a855442
383106 1 42 1 4 5 0 0 0 0  aaaa99996888a9777379aa867539a655796848a856424
383107 1 42 1 4 5 0 1 0 0  aaaa99996888a9777379aa867539a655796848a856442
383110 1 42 1 4 5 2 0 0 0  aaaa99996888a9777479aa867459a645796838a855362
383111 1 42 1 4 5 2 1 0 0  aaaa99996888a9777279aa867459a645796848a855363
383117 1 42 1 5 0 2 1 0 0  aaaa99995888a9777669aa854269a564794878a876353
383119 1 42 1 5 1 0 1 0 0  aaaa99994888a9777669aa865259a453793878a875664
383135 1 42 1 5 3 2 1 0 0  aaaa99995888a9777669aa864629a546794878a875353
383170 1 42 1 6 3 2 0 0 0  aaaa99995888a9666749aa857779a524797868a864353
383178 1 42 1 6 5 0 0 0 0  aaaa99996888a9556749aa867779a624797858a846335
383189 1 42 1 7 0 2 1 0 0  aaaa99997888a9777669aa854629a546794868a875353
383207 1 42 1 7 3 2 1 0 0  aaaa99997888a9777669aa863639a526795848a875445
383250 1 42 1 8 5 0 0 0 0  aaaa99996888a9556749aa877779a624796858a846335
383286 1 42 1 9 5 0 0 0 0  aaaa99996888a9556749aa867779a724796858a846335
383322 1 42 1 10 5 0 0 0 0  aaaa99996888a9556479aa867249a677797858a846335
383333 1 42 2 0 0 2 1 0 0  aaaa99996888a9775679aa866279a564795888a474353
383340 1 42 2 0 2 0 0 0 0  aaaa99996888a9776679aa846579a655793888a573442
383342 1 42 2 0 2 1 0 0 0  aaaa99995888a9775679aa846679a326796888a575443
383362 1 42 2 0 5 2 0 0 0  aaaa99996888a9776379aa865379a655795888a476424
383363 1 42 2 0 5 2 1 0 0  aaaa99996888a9776379aa865379a655795888a476442
383382 1 42 2 1 3 0 0 0 0  aaaa99994888a9777779aa836669a355796888a652445
383398 1 42 2 1 5 2 0 0 0  aaaa99995888a9777779aa854469a526794888a666353
383399 1 42 2 1 5 2 1 0 0  aaaa99995888a9777779aa854269a546794888a666353
383414 1 42 2 2 2 1 0 0 0  aaaa99995888a9777679aa846659a326796888a575443
383417 1 42 2 2 2 2 1 0 0  aaaa99995888a9777679aa856649a526796888a474353
383423 1 42 2 2 3 2 1 0 0  aaaa99995888a9777679aa866649a526795888a474353
383507 1 42 2 4 5 2 1 0 0  aaaa99995888a9777479aa857469a426795888a666353
383513 1 42 2 5 0 2 1 0 0  aaaa99997888a9777669aa854269a564794888a765353
383515 1 42 2 5 1 0 1 0 0  aaaa99997888a9777669aa865369a535794888a764254
383549 1 42 2 6 0 2 1 0 0  aaaa99996888a9665749aa857779a544797888a365362
383585 1 42 2 7 0 2 1 0 0  aaaa99997888a9777669aa854269a564794888a675353
383587 1 42 2 7 1 0 1 0 0  aaaa99997888a9777669aa865369a535794888a674254
383603 1 42 2 7 3 2 1 0 0  aaaa99997888a9777669aa863639a526795888a475445
383621 1 42 2 8 0 2 1 0 0  aaaa99995888a9665749aa877779a546794888a625336
383629 1 42 2 8 2 0 1 0 0  aaaa99996888a9666759aa877779a625794888a534543
383657 1 42 2 9 0 2 1 0 0  aaaa99995888a9665749aa857779a746794888a625336
383665 1 42 2 9 2 0 1 0 0  aaaa99996888a9666759aa867779a725794888a534543
383693 1 42 2 10 0 2 1 0 0  aaaa99995888a9665479aa857469a477797888a625336
383701 1 42 2 10 2 0 1 0 0  aaaa99996888a9666579aa867259a477797888a534543
383754 1 42 3 0 5 0 0 0 0  aaaa99996888a9776579aa865849a652796757a884343
383755 1 42 3 0 5 0 1 0 0  aaaa99996888a9776579aa865849a654796757a884332
383758 1 42 3 0 5 2 0 0 0  aaaa99996888a9776379aa865839a655795747a886424
383759 1 42 3 0 5 2 1 0 0  aaaa99996888a9776379aa865839a655795747a886442
383794 1 42 3 1 5 2 0 0 0  aaaa99996888a9777779aa864849a652796555a884363
383795 1 42 3 1 5 2 1 0 0  aaaa99996888a9777779aa862849a654796555a884363
383808 1 42 3 2 2 0 0 0 0  aaaa99994888a9777679aa836869a365796557a882454
383830 1 42 3 2 5 2 0 0 0  aaaa99996888a9777479aa864859a645796537a885362
383831 1 42 3 2 5 2 1 0 0  aaaa99996888a9777379aa863859a625796547a885446
383855 1 42 3 3 3 2 1 0 0  aaaa99995888a9666729aa857879a774695476a884353
383863 1 42 3 3 5 0 1 0 0  aaaa99996888a9556749aa867879a774496275a886353
383897 1 42 3 4 4 2 1 0 0  aaaa99995888a9777279aa857849a564796666a884353
383899 1 42 3 4 5 0 1 0 0  aaaa99996888a9777379aa867839a655796254a886454
383901 1 42 3 4 5 1 1 0 0  aaaa99996888a9777379aa867839a652796554a886454
383903 1 42 3 4 5 2 1 0 0  aaaa99996888a9777279aa867849a654796555a884363
383945 1 42 3 6 0 2 1 0 0  aaaa99995888a9665749aa857879a774794662a885336
383952 1 42 3 6 2 0 0 0 0  aaaa99996888a9666729aa867879a775795534a884354
383953 1 42 3 6 2 0 1 0 0  aaaa99996888a9666729aa867879a775794553a884543
383971 1 42 3 6 5 0 1 0 0  aaaa99996888a9546729aa867879a775796554a886433
383981 1 42 3 7 0 2 1 0 0  aaaa99997888a9777669aa853869a563795247a886445
383993 1 42 3 7 2 2 1 0 0  aaaa99997888a9777669aa863839a566795247a885445
383999 1 42 3 7 3 2 1 0 0  aaaa99997888a9777669aa863869a563795247a885445
384005 1 42 3 7 4 2 1 0 0  aaaa99997888a9777639aa856869a663795247a885445
384011 1 42 3 7 5 2 1 0 0  aaaa99997888a9777369aa856839a566796247a885445
384017 1 42 3 8 0 2 1 0 0  aaaa99995888a9665749aa857879a764794762a885336
384053 1 42 3 9 0 2 1 0 0  aaaa99995888a9665479aa877849a477795662a885336
384079 1 42 3 9 5 0 1 0 0  aaaa99996888a9546279aa877859a677796554a886433
384089 1 42 3 10 0 2 1 0 0  aaaa99995888a9665479aa857849a477797662a885336
384096 1 42 3 10 2 0 0 0 0  aaaa99996888a9666279aa867859a577797534a884354
384097 1 42 3 10 2 0 1 0 0  aaaa99996888a9666279aa867859a477797553a884543
384115 1 42 3 10 5 0 1 0 0  aaaa99996888a9546279aa867859a677797554a886433
384132 1 42 4 0 2 0 0 0 0  aaaa99995888a9774679aa836869a354794757a686852
384134 1 42 4 0 2 1 0 0 0  aaaa99995888a9774679aa836869a365796747a585842
384140 1 42 4 0 3 1 0 0 0  aaaa99995888a9774679aa866869a365793747a585842
384146 1 42 4 0 4 1 0 0 0  aaaa99995888a9774679aa836869a665793747a585842
384150 1 42 4 0 5 0 0 0 0  aaaa99996888a9776279aa865859a654796737a584834
384151 1 42 4 0 5 0 1 0 0  aaaa99996888a9776579aa865849a654796757a483832
384155 1 42 4 0 5 2 1 0 0  aaaa99996888a9776379aa865839a655795747a486842
384158 1 42 4 1 0 1 0 0 0  aaaa99995888a9777779aa846869a365793546a685842
384176 1 42 4 1 3 1 0 0 0  aaaa99994888a9777779aa836869a664794555a685832
384227 1 42 4 2 5 2 1 0 0  aaaa99995888a9777279aa854869a546794637a686835
384230 1 42 4 3 0 1 0 0 0  aaaa99995888a9664769aa837879a775693576a485842
384232 1 42 4 3 0 2 0 0 0  aaaa99995888a9665769aa857879a774695376a483842
384245 1 42 4 3 2 2 1 0 0  aaaa99995888a9666729aa857879a774695473a684853
384252 1 42 4 3 4 0 0 0 0  aaaa99994888a9553769aa837879a776696675a484852
384305 1 42 4 5 0 2 1 0 0  aaaa99995888a9777669aa854869a564794337a786852
384307 1 42 4 5 1 0 1 0 0  aaaa99995888a9777669aa865869a552794637a784834
384317 1 42 4 5 2 2 1 0 0  aaaa99995888a9777669aa862849a566795437a784835
384323 1 42 4 5 3 2 1 0 0  aaaa99995888a9777669aa862869a564795437a784835
384329 1 42 4 5 4 2 1 0 0  aaaa99995888a9777629aa856869a664795437a784835
384335 1 42 4 5 5 2 1 0 0  aaaa99995888a9777269aa856849a566796437a784835
384338 1 42 4 6 0 1 0 0 0  aaaa99995888a9664759aa837879a775795662a484836
384341 1 42 4 6 0 2 1 0 0  aaaa99995888a9665749aa857879a774794662a385836
384347 1 42 4 6 1 2 1 0 0  aaaa99995888a9666729aa857879a774795663a484853
384353 1 42 4 6 2 2 1 0 0  aaaa99995888a9666729aa857879a774795463a684853
384359 1 42 4 6 3 2 1 0 0  aaaa99995888a9666729aa857879a774795436a684835
384360 1 42 4 6 4 0 0 0 0  aaaa99995888a9545769aa847879a776793652a686834
384367 1 42 4 6 5 0 1 0 0  aaaa99996888a9556739aa867879a773796444a586825
384377 1 42 4 7 0 2 1 0 0  aaaa99997888a9777669aa852869a564795437a684835
384389 1 42 4 7 2 2 1 0 0  aaaa99997888a9777669aa862859a466794537a585834
384395 1 42 4 7 3 2 1 0 0  aaaa99997888a9777669aa862869a465794537a585834
384401 1 42 4 7 4 2 1 0 0  aaaa99997888a9777629aa846869a665794537a585834
384407 1 42 4 7 5 2 1 0 0  aaaa99997888a9777269aa846859a466796537a585834
384410 1 42 4 8 0 1 0 0 0  aaaa99995888a9664769aa837879a775693546a785842
384416 1 42 4 8 1 1 0 0 0  aaaa99994888a9666769aa837879a774694555a785832
384425 1 42 4 8 2 2 1 0 0  aaaa99995888a9666729aa857879a774695463a784853
384431 1 42 4 8 3 2 1 0 0  aaaa99995888a9666729aa857879a774695436a784835
384432 1 42 4 8 4 0 0 0 0  aaaa99995888a9545769aa847879a776696652a783834
384439 1 42 4 8 5 0 1 0 0  aaaa99996888a9556739aa867879a773596444a786825
384444 1 42 4 9 0 0 0 0 0  aaaa99995888a9664579aa877859a377793662a485846
384445 1 42 4 9 0 0 1 0 0  aaaa99994888a9664579aa877859a477793662a583856
384446 1 42 4 9 0 1 0 0 0  aaaa99995888a9664579aa877859a577793662a484836
384449 1 42 4 9 0 2 1 0 0  aaaa99995888a9665479aa877849a477795662a385836
384455 1 42 4 9 1 2 1 0 0  aaaa99995888a9666279aa877849a577795663a484853
384461 1 42 4 9 2 2 1 0 0  aaaa99995888a9666279aa877849a577795463a684853
384463 1 42 4 9 3 0 1 0 0  aaaa99995888a9666279aa877859a577794536a684834
384467 1 42 4 9 3 2 1 0 0  aaaa99995888a9666279aa877849a577795436a684835
384468 1 42 4 9 4 0 0 0 0  aaaa99995888a9545679aa877869a477793652a686834
384475 1 42 4 9 5 0 1 0 0  aaaa99996888a9556379aa877839a677796444a586825
384482 1 42 4 10 0 1 0 0 0  aaaa99995888a9664579aa837859a577797662a484836
384485 1 42 4 10 0 2 1 0 0  aaaa99995888a9665479aa857849a477797662a385836
384491 1 42 4 10 1 2 1 0 0  aaaa99995888a9666279aa857849a577797663a484853
384497 1 42 4 10 2 2 1 0 0  aaaa99995888a9666279aa857849a577797463a684853
384503 1 42 4 10 3 2 1 0 0  aaaa99995888a9666279aa857849a577797436a684835
384504 1 42 4 10 4 0 0 0 0  aaaa99995888a9545679aa847869a377797652a686834
384511 1 42 4 10 5 0 1 0 0  aaaa99996888a9556379aa867839a677797444a586825
384521 1 42 5 0 0 2 1 0 0  aaaa99995888a9775279aa886869a563793767a486445
384524 1 42 5 0 1 1 0 0 0  aaaa99995888a9774679aa886869a365793767a585442
384546 1 42 5 0 5 0 0 0 0  aaaa99996888a9776579aa885849a652796757a486433
384547 1 42 5 0 5 0 1 0 0  aaaa99996888a9776579aa885849a654796757a486332
384592 1 42 5 2 0 2 0 0 0  aaaa99995888a9777279aa886869a563795367a486454
384623 1 42 5 2 5 2 1 0 0  aaaa99995888a9777379aa883869a526795647a686445
384661 1 42 5 4 0 0 1 0 0  aaaa99996888a9777279aa887869a666793545a583445
384701 1 42 5 5 0 2 1 0 0  aaaa99995888a9777669aa883869a563795247a786445
384707 1 42 5 5 1 2 1 0 0  aaaa99995888a9777669aa883869a663795247a785445
384708 1 42 5 5 2 0 0 0 0  aaaa99994888a9777629aa886869a365796557a783454
384713 1 42 5 5 2 2 1 0 0  aaaa99995888a9777639aa886869a563796247a785445
384725 1 42 5 5 4 2 1 0 0  aaaa99995888a9777639aa886869a663795247a785445
384731 1 42 5 5 5 2 1 0 0  aaaa99995888a9777369aa886839a566796247a785445
384755 1 42 5 6 3 2 1 0 0  aaaa99995888a9666739aa887879a773795246a685445
384773 1 42 5 7 0 2 1 0 0  aaaa99997888a9777669aa883869a563795247a685445
384781 1 42 5 7 2 0 1 0 0  aaaa99997888a9777629aa886869a465796557a384534
384827 1 42 5 8 3 2 1 0 0  aaaa99995888a9666739aa887879a773695246a785445
384863 1 42 5 9 3 2 1 0 0  aaaa99995888a9666779aa883839a577797246a685445
384899 1 42 5 10 3 2 1 0 0  aaaa99995888a9666379aa887839a577797246a685445
384924 1 42 6 0 2 0 0 0 0  aaaa99995888a9774679aa836869a365796787a582454
384926 1 42 6 0 2 1 0 0 0  aaaa99995888a9774679aa836869a365796787a585442
384932 1 42 6 0 3 1 0 0 0  aaaa99995888a9774679aa866869a365793787a585442
384938 1 42 6 0 4 1 0 0 0  aaaa99995888a9774679aa836869a665793787a585442
384943 1 42 6 0 5 0 1 0 0  aaaa99996888a9776579aa862859a655796787a483443
384947 1 42 6 0 5 2 1 0 0  aaaa99996888a9776379aa865839a655795787a486442
384996 1 42 6 2 2 0 0 0 0  aaaa99994888a9777679aa836869a365796487a584525
384998 1 42 6 2 2 1 0 0 0  aaaa99994888a9777679aa836869a365796587a582454
385019 1 42 6 2 5 2 1 0 0  aaaa99995888a9777279aa854869a546794687a686353
385037 1 42 6 3 2 2 1 0 0  aaaa99995888a9666729aa857879a774695487a684353
385082 1 42 6 4 4 1 0 0 0  aaaa99995888a9777679aa847869a346794685a683525
385091 1 42 6 4 5 2 1 0 0  aaaa99995888a9777279aa857869a536793684a686454
385097 1 42 6 5 0 2 1 0 0  aaaa99995888a9777669aa854869a564794287a786353
385109 1 42 6 5 2 2 1 0 0  aaaa99995888a9777669aa862849a566795487a784353
385115 1 42 6 5 3 2 1 0 0  aaaa99995888a9777669aa862869a564795487a784353
385121 1 42 6 5 4 2 1 0 0  aaaa99995888a9777629aa856869a664795487a784353
385127 1 42 6 5 5 2 1 0 0  aaaa99995888a9777269aa856849a566796487a784353
385133 1 42 6 6 0 2 1 0 0  aaaa99995888a9665749aa857879a774794286a686353
385139 1 42 6 6 1 2 1 0 0  aaaa99995888a9666729aa857879a776795384a683454
385151 1 42 6 6 3 2 1 0 0  aaaa99995888a9666729aa857879a774795486a684353
385159 1 42 6 6 5 0 1 0 0  aaaa99996888a9556729aa867879a774796485a486353
385169 1 42 6 7 0 2 1 0 0  aaaa99997888a9777669aa852869a564795487a684353
385223 1 42 6 8 3 2 1 0 0  aaaa99995888a9666729aa857879a774695486a784353
385231 1 42 6 8 5 0 1 0 0  aaaa99996888a9556749aa867879a774496285a786353
385241 1 42 6 9 0 2 1 0 0  aaaa99995888a9665479aa877849a477795286a686353
385247 1 42 6 9 1 2 1 0 0  aaaa99995888a9666279aa877869a577795384a683454
385249 1 42 6 9 2 0 1 0 0  aaaa99996888a9666279aa877859a677794585a384534
385259 1 42 6 9 3 2 1 0 0  aaaa99995888a9666279aa877849a577795486a684353
385267 1 42 6 9 5 0 1 0 0  aaaa99996888a9556279aa877849a677796485a486353
385277 1 42 6 10 0 2 1 0 0  aaaa99995888a9665479aa857849a477797286a686353
385283 1 42 6 10 1 2 1 0 0  aaaa99995888a9666279aa857869a577797384a683454
385295 1 42 6 10 3 2 1 0 0  aaaa99995888a9666279aa857849a577797486a684353
385303 1 42 6 10 5 0 1 0 0  aaaa99996888a9556279aa867849a677797485a486353
385309 1 42 7 0 0 0 1 0 0  aaaa99994888a9877279aa876679a456594868a376535
385313 1 42 7 0 0 2 1 0 0  aaaa99994888a9877279aa876679a436593868a576554
385322 1 42 7 0 2 1 0 0 0  aaaa99994888a9877679aa876679a356693858a572454
385387 1 42 7 2 1 0 1 0 0  aaaa99995888a9855779aa876769a627694878a354634
385463 1 42 7 4 1 2 1 0 0  aaaa99995888a9835779aa876679a644694828a775653
385502 1 42 7 5 2 1 0 0 0  aaaa99995888a9844779aa876779a466793858a663552
385538 1 42 7 6 2 1 0 0 0  aaaa99995888a9844769aa847779a366797858a663552
385604 1 42 7 8 1 1 0 0 0  aaaa99995888a9844769aa877779a466793868a555632
385610 1 42 7 8 2 1 0 0 0  aaaa99995888a9844769aa877779a466793858a663552
385616 1 42 7 8 3 1 0 0 0  aaaa99995888a9844769aa877779a466793868a563552
385646 1 42 7 9 2 1 0 0 0  aaaa99995888a9844769aa847779a766793858a663552
385682 1 42 7 10 2 1 0 0 0  aaaa99995888a9844679aa847669a377797858a663552
385712 1 42 8 0 1 1 0 0 0  aaaa99995888a9774679aa836889a665793767a545824
385714 1 42 8 0 1 2 0 0 0  aaaa99995888a9775679aa856889a664795767a433842
385716 1 42 8 0 2 0 0 0 0  aaaa99995888a9774679aa836889a666793757a545824
385718 1 42 8 0 2 1 0 0 0  aaaa99995888a9774679aa836889a666793747a555842
385728 1 42 8 0 4 0 0 0 0  aaaa99995888a9774679aa836889a366796757a545824
385730 1 42 8 0 4 1 0 0 0  aaaa99995888a9774679aa836889a366796747a555842
385739 1 42 8 0 5 2 1 0 0  aaaa99996888a9776279aa865889a655795747a436843
385754 1 42 8 1 2 1 0 0 0  aaaa99995888a9777779aa846889a366793566a545824
385756 1 42 8 1 2 2 0 0 0  aaaa99995888a9777779aa856889a566795466a433842
385811 1 42 8 2 5 2 1 0 0  aaaa99995888a9777279aa854889a546794637a666835
385813 1 42 8 3 0 0 1 0 0  aaaa99997888a9664279aa877889a477696556a353854
385815 1 42 8 3 0 1 1 0 0  aaaa99997888a9664279aa877889a477696556a355834
385817 1 42 8 3 0 2 1 0 0  aaaa99997888a9664279aa877889a477696536a555834
385825 1 42 8 3 2 0 1 0 0  aaaa99997888a9666279aa877889a477694565a533845
385831 1 42 8 3 3 0 1 0 0  aaaa99997888a9666279aa877889a477694556a353854
385833 1 42 8 3 3 1 1 0 0  aaaa99997888a9666279aa877889a477694556a355834
385835 1 42 8 3 3 2 1 0 0  aaaa99997888a9666279aa877889a477694536a555834
385871 1 42 8 4 3 2 1 0 0  aaaa99995888a9777279aa857889a566796463a464853
385884 1 42 8 5 0 0 0 0 0  aaaa99996888a9777669aa852889a665795574a374834
385885 1 42 8 5 0 0 1 0 0  aaaa99996888a9777669aa852889a665795373a574844
385895 1 42 8 5 1 2 1 0 0  aaaa99995888a9777669aa862889a564795673a474853
385901 1 42 8 5 2 2 1 0 0  aaaa99995888a9777669aa862889a566795473a474853
385913 1 42 8 5 4 2 1 0 0  aaaa99995888a9777269aa866889a566795473a474853
385919 1 42 8 5 5 2 1 0 0  aaaa99995888a9777269aa856889a566796473a474853
385924 1 42 8 6 0 2 0 0 0  aaaa99995888a9665779aa872889a577795664a443836
385925 1 42 8 6 0 2 1 0 0  aaaa99995888a9665779aa873889a577793662a444856
385936 1 42 8 6 2 2 0 0 0  aaaa99995888a9666779aa872889a577795364a635844
385937 1 42 8 6 2 2 1 0 0  aaaa99995888a9666779aa872889a577795463a644853
385943 1 42 8 6 3 2 1 0 0  aaaa99995888a9666779aa872889a577795463a464853
385945 1 42 8 6 4 0 1 0 0  aaaa99995888a9655779aa872889a477794635a666834
385951 1 42 8 6 5 0 1 0 0  aaaa99996888a9546779aa872889a677796554a356834
385955 1 42 8 6 5 2 1 0 0  aaaa99996888a9546779aa872889a677796354a536854
385961 1 42 8 7 0 2 1 0 0  aaaa99997888a9777669aa842889a665794537a556834
385967 1 42 8 7 1 2 1 0 0  aaaa99997888a9777669aa862889a465794637a555834
385969 1 42 8 7 2 0 1 0 0  aaaa99997888a9777669aa862889a466794557a353854
385971 1 42 8 7 2 1 1 0 0  aaaa99997888a9777669aa862889a466794557a355834
385973 1 42 8 7 2 2 1 0 0  aaaa99997888a9777669aa862889a466794537a555834
385979 1 42 8 7 3 2 1 0 0  aaaa99997888a9777669aa862889a465794537a556834
385981 1 42 8 7 4 0 1 0 0  aaaa99997888a9777269aa866889a466794557a353854
385983 1 42 8 7 4 1 1 0 0  aaaa99997888a9777269aa866889a466794557a355834
385985 1 42 8 7 4 2 1 0 0  aaaa99997888a9777269aa866889a466794537a555834
385987 1 42 8 7 5 0 1 0 0  aaaa99997888a9777269aa846889a466796557a353854
385989 1 42 8 7 5 1 1 0 0  aaaa99997888a9777269aa846889a466796557a355834
385991 1 42 8 7 5 2 1 0 0  aaaa99997888a9777269aa846889a466796537a555834
385999 1 42 8 8 1 0 1 0 0  aaaa99995888a9666279aa877889a477394675a655834
386008 1 42 8 8 2 2 0 0 0  aaaa99995888a9666279aa877889a577695374a635844
386009 1 42 8 8 2 2 1 0 0  aaaa99995888a9666279aa877889a577695473a644853
386017 1 42 8 8 4 0 1 0 0  aaaa99995888a9655279aa877889a477394675a666834
386027 1 42 8 8 5 2 1 0 0  aaaa99996888a9546279aa877889a677596374a536854
386032 1 42 8 9 0 2 0 0 0  aaaa99995888a9665279aa877889a577795664a443836
386033 1 42 8 9 0 2 1 0 0  aaaa99995888a9665379aa877889a377795662a444856
386044 1 42 8 9 2 2 0 0 0  aaaa99995888a9666279aa877889a577795364a635844
386045 1 42 8 9 2 2 1 0 0  aaaa99995888a9666279aa877889a577795463a644853
386051 1 42 8 9 3 2 1 0 0  aaaa99995888a9666279aa877889a577795463a464853
386053 1 42 8 9 4 0 1 0 0  aaaa99995888a9655279aa877889a477794635a666834
386059 1 42 8 9 5 0 1 0 0  aaaa99996888a9546279aa877889a677796554a356834
386063 1 42 8 9 5 2 1 0 0  aaaa99996888a9546279aa877889a677796354a536854
386068 1 42 8 10 0 2 0 0 0  aaaa99995888a9665279aa857889a577797664a443836
386069 1 42 8 10 0 2 1 0 0  aaaa99995888a9665379aa857889a377797662a444856
386080 1 42 8 10 2 2 0 0 0  aaaa99995888a9666279aa857889a577797364a635844
386081 1 42 8 10 2 2 1 0 0  aaaa99995888a9666279aa857889a577797463a644853
386087 1 42 8 10 3 2 1 0 0  aaaa99995888a9666279aa857889a577797463a464853
386089 1 42 8 10 4 0 1 0 0  aaaa99995888a9655279aa847889a477797635a666834
386095 1 42 8 10 5 0 1 0 0  aaaa99996888a9546279aa867889a677797554a356834
386099 1 42 8 10 5 2 1 0 0  aaaa99996888a9546279aa867889a677797354a536854
386112 1 42 9 0 2 0 0 0 0  aaaa99995888a9774679aa836869a368796757a545824
386114 1 42 9 0 2 1 0 0 0  aaaa99995888a9774679aa836869a368796747a555842
386118 1 42 9 0 3 0 0 0 0  aaaa99995888a9774679aa866869a368793757a545824
386120 1 42 9 0 3 1 0 0 0  aaaa99995888a9774679aa866869a368793747a555842
386124 1 42 9 0 4 0 0 0 0  aaaa99995888a9774679aa836869a668793757a545824
386126 1 42 9 0 4 1 0 0 0  aaaa99995888a9774679aa836869a668793747a555842
386130 1 42 9 0 5 0 0 0 0  aaaa99996888a9776279aa865859a658796747a534843
386131 1 42 9 0 5 0 1 0 0  aaaa99996888a9776279aa865859a658796747a453843
386135 1 42 9 0 5 2 1 0 0  aaaa99996888a9776279aa864859a648794737a555836
386136 1 42 9 1 0 0 0 0 0  aaaa99995888a9777779aa846869a368793556a645824
386138 1 42 9 1 0 1 0 0 0  aaaa99995888a9777779aa846869a368793546a655842
386162 1 42 9 1 4 1 0 0 0  aaaa99995888a9777779aa846859a368793666a545824
386164 1 42 9 1 4 2 0 0 0  aaaa99995888a9777779aa856849a568795666a433842
386207 1 42 9 2 5 2 1 0 0  aaaa99995888a9777279aa854869a548794637a666835
386210 1 42 9 3 0 1 0 0 0  aaaa99995888a9664769aa837879a778693576a545824
386212 1 42 9 3 0 2 0 0 0  aaaa99995888a9665769aa857879a778695476a433842
386224 1 42 9 3 2 2 0 0 0  aaaa99995888a9666729aa857879a778695374a635844
386225 1 42 9 3 2 2 1 0 0  aaaa99995888a9666729aa857879a778695473a644853
386243 1 42 9 3 5 2 1 0 0  aaaa99996888a9546729aa867879a778596374a536854
386291 1 42 9 5 1 2 1 0 0  aaaa99995888a9777669aa864869a548794673a275853
386303 1 42 9 5 3 2 1 0 0  aaaa99995888a9777669aa862869a568795473a474853
386309 1 42 9 5 4 2 1 0 0  aaaa99995888a9777629aa856869a668795473a474853
386311 1 42 9 5 5 0 1 0 0  aaaa99996888a9777559aa862859a648796474a576833
386313 1 42 9 5 5 1 1 0 0  aaaa99996888a9777529aa865859a648796474a576833
386314 1 42 9 5 5 2 0 0 0  aaaa99996888a9777449aa862859a648796573a575863
386315 1 42 9 5 5 2 1 0 0  aaaa99996888a9777249aa864859a648796573a575863
386320 1 42 9 6 0 2 0 0 0  aaaa99995888a9665729aa857879a778795664a443836
386321 1 42 9 6 0 2 1 0 0  aaaa99995888a9665739aa857879a778793662a444856
386332 1 42 9 6 2 2 0 0 0  aaaa99995888a9666729aa857879a778795364a635844
386333 1 42 9 6 2 2 1 0 0  aaaa99995888a9666729aa857879a778795463a644853
386339 1 42 9 6 3 2 1 0 0  aaaa99995888a9666729aa857879a778795463a464853
386341 1 42 9 6 4 0 1 0 0  aaaa99995888a9655729aa847879a778794635a666834
386347 1 42 9 6 5 0 1 0 0  aaaa99996888a9546729aa867879a778796554a356834
386351 1 42 9 6 5 2 1 0 0  aaaa99996888a9546729aa867879a778796354a536854
386357 1 42 9 7 0 2 1 0 0  aaaa99997888a9777669aa852869a568795437a644835
386363 1 42 9 7 1 2 1 0 0  aaaa99997888a9777669aa863869a538795647a425845
386371 1 42 9 7 3 0 1 0 0  aaaa99997888a9777669aa862869a468794557a353854
386373 1 42 9 7 3 1 1 0 0  aaaa99997888a9777669aa862869a468794557a355834
386375 1 42 9 7 3 2 1 0 0  aaaa99997888a9777669aa862869a468794537a555834
386377 1 42 9 7 4 0 1 0 0  aaaa99997888a9777629aa846869a668794557a353854
386379 1 42 9 7 4 1 1 0 0  aaaa99997888a9777629aa846869a668794557a355834
386381 1 42 9 7 4 2 1 0 0  aaaa99997888a9777629aa846869a668794537a555834
386383 1 42 9 7 5 0 1 0 0  aaaa99997888a9777559aa842869a558794637a666834
386385 1 42 9 7 5 1 1 0 0  aaaa99997888a9777559aa852869a458794637a666834
386387 1 42 9 7 5 2 1 0 0  aaaa99997888a9777259aa845869a458795637a666834
386388 1 42 9 8 0 0 0 0 0  aaaa99995888a9664769aa837879a778693556a745824
386390 1 42 9 8 0 1 0 0 0  aaaa99995888a9664769aa837879a778693546a755842
386404 1 42 9 8 2 2 0 0 0  aaaa99995888a9666729aa857879a778695364a735844
386405 1 42 9 8 2 2 1 0 0  aaaa99995888a9666729aa857879a778695463a744853
386411 1 42 9 8 3 2 1 0 0  aaaa99995888a9666729aa857879a778695436a744835
386419 1 42 9 8 5 0 1 0 0  aaaa99996888a9556729aa867879a778596444a756833
386423 1 42 9 8 5 2 1 0 0  aaaa99996888a9546729aa867879a778596354a736854
386428 1 42 9 9 0 2 0 0 0  aaaa99995888a9665279aa857879a578797664a443836
386429 1 42 9 9 0 2 1 0 0  aaaa99995888a9665379aa857879a378797662a444856
386440 1 42 9 9 2 2 0 0 0  aaaa99995888a9666279aa857879a578797364a635844
386441 1 42 9 9 2 2 1 0 0  aaaa99995888a9666279aa857879a578797463a644853
386447 1 42 9 9 3 2 1 0 0  aaaa99995888a9666279aa857879a578797463a464853
386449 1 42 9 9 4 0 1 0 0  aaaa99995888a9655279aa847879a478797635a666834
386455 1 42 9 9 5 0 1 0 0  aaaa99996888a9546279aa867879a678797554a356834
386459 1 42 9 9 5 2 1 0 0  aaaa99996888a9546279aa867879a678797354a536854
386461 1 42 9 10 0 0 1 0 0  aaaa99997888a9667569aa875849a758697536a447832
386465 1 42 9 10 0 2 1 0 0  aaaa99997888a9667469aa874849a758697555a367832
386471 1 42 9 10 1 2 1 0 0  aaaa99997888a9547629aa876869a768597364a537854
386473 1 42 9 10 2 0 1 0 0  aaaa99997888a9547629aa876869a768697554a357834
386477 1 42 9 10 2 2 1 0 0  aaaa99997888a9547629aa876869a768697354a537854
386479 1 42 9 10 3 0 1 0 0  aaaa99997888a9557629aa876869a768597444a657833
386483 1 42 9 10 3 2 1 0 0  aaaa99997888a9547629aa876869a768597354a637854
386485 1 42 9 10 4 0 1 0 0  aaaa99997888a9547269aa876869a768697554a357834
386489 1 42 9 10 4 2 1 0 0  aaaa99997888a9547269aa876869a768697354a537854
386491 1 42 9 10 5 0 1 0 0  aaaa99997888a9647559aa872859a758697364a637864
386493 1 42 9 10 5 1 1 0 0  aaaa99997888a9647529aa875859a758697364a637864
386497 1 42 10 0 0 0 1 0 0  aaaa99995888a9877729aa876869a475695637a584634
386654 1 42 10 4 2 1 0 0 0  aaaa99995888a9844779aa876879a466593766a783552
386923 1 42 11 0 5 0 1 0 0  aaaa99998888a9886779aa485759a657396274a576364
387005 1 42 11 3 0 2 1 0 0  aaaa99998888a9885739aa787779a566395462a464765
387014 1 42 11 3 2 1 0 0 0  aaaa99998888a9884769aa787779a366494566a553752
387181 1 42 11 8 0 0 1 0 0  aaaa99998888a9884739aa787779a466793565a564265
387288 1 42 12 0 0 0 0 0 0  aaaa99995888a9877749aa876659a526794568a386734
387325 1 42 12 1 0 0 1 0 0  aaaa99996888a9866779aa875759a452694738a785634
387327 1 42 12 1 0 1 1 0 0  aaaa99996888a9866779aa875759a552694738a784634
387329 1 42 12 1 0 2 1 0 0  aaaa99996888a9866779aa875729a455695738a784634
387337 1 42 12 1 2 0 1 0 0  aaaa99995888a9855779aa876769a662694738a784534
387349 1 42 12 1 4 0 1 0 0  aaaa99995888a9855779aa876729a666694738a784534
387355 1 42 12 1 5 0 1 0 0  aaaa99995888a9855779aa876729a466696738a784534
387371 1 42 12 2 1 2 1 0 0  aaaa99995888a9835779aa876769a627695478a484653
387379 1 42 12 2 3 0 1 0 0  aaaa99995888a9855779aa876769a667394278a684534
387395 1 42 12 2 5 2 1 0 0  aaaa99996888a9836779aa874759a647496578a585362
387443 1 42 12 4 1 2 1 0 0  aaaa99995888a9835779aa876769a624695778a484653
387575 1 42 12 7 5 2 1 0 0  aaaa99997888a9825779aa873749a537695468a684665
387689 1 42 13 0 0 2 1 0 0  aaaa99995888a9877739aa886629a737695648a475645
387695 1 42 13 0 1 2 1 0 0  aaaa99995888a9877729aa886669a747695448a375635
387709 1 42 13 0 4 0 1 0 0  aaaa99994888a9877769aa886269a767694558a375534
387725 1 42 13 1 0 2 1 0 0  aaaa99996888a9866779aa882779a546795448a365735
387755 1 42 13 1 5 2 1 0 0  aaaa99995888a9835779aa884779a546794628a666753
387769 1 42 13 2 2 0 1 0 0  aaaa99995888a9855779aa886779a466397278a664534
387865 1 42 13 5 0 0 1 0 0  aaaa99996888a9866729aa887769a457597578a364534
387949 1 42 13 7 2 0 1 0 0  aaaa99995888a9855779aa886779a466394278a676534
387950 1 42 13 7 2 1 0 0 0  aaaa99995888a9844779aa886779a466593278a676553
387973 1 42 13 8 0 0 1 0 0  aaaa99996888a9866779aa882779a756594578a364534
387985 1 42 13 8 2 0 1 0 0  aaaa99995888a9855779aa886779a766394278a664534
388153 1 42 14 2 0 0 1 0 0  aaaa99994888a9874739aa777889a876693656a554265
388369 1 42 14 8 0 0 1 0 0  aaaa99994888a9874779aa773889a876693656a554265
388417 1 42 14 9 2 0 1 0 0  aaaa99995888a9864379aa737889a877794666a525546
388420 1 42 14 9 2 2 0 0 0  aaaa99995888a9865279aa757889a877795666a344436
388471 1 42 14 10 5 0 1 0 0  aaaa99995888a9864279aa647889a877797556a365634
388473 1 42 14 10 5 1 1 0 0  aaaa99995888a9864279aa647889a877797536a565634
388474 1 42 14 10 5 2 0 0 0  aaaa99995888a9865279aa657889a877797346a365644
388475 1 42 14 10 5 2 1 0 0  aaaa99995888a9865279aa657889a877797436a464635
388583 1 42 15 2 5 2 1 0 0  aaaa99995888a9777379aa883889a526795647a666445
388585 1 42 15 3 0 0 1 0 0  aaaa99994888a9664779aa883889a777793665a554256
388601 1 42 15 3 2 2 1 0 0  aaaa99994888a9666779aa882889a777794365a653545
388621 1 42 15 4 0 0 1 0 0  aaaa99994888a9777379aa887889a366794565a564265
388627 1 42 15 4 1 0 1 0 0  aaaa99994888a9777279aa887889a466796565a533645
388693 1 42 15 6 0 0 1 0 0  aaaa99994888a9664739aa887889a777793665a554256
388709 1 42 15 6 2 2 1 0 0  aaaa99994888a9666729aa887889a777794365a653545
388765 1 42 15 8 0 0 1 0 0  aaaa99995888a9664779aa883889a477793667a525546
388768 1 42 15 8 0 2 0 0 0  aaaa99995888a9665779aa882889a577795667a344436
388777 1 42 15 8 2 0 1 0 0  aaaa99995888a9666779aa883889a477793267a655544
388781 1 42 15 8 2 2 1 0 0  aaaa99995888a9666779aa882889a577795467a644353
388783 1 42 15 8 3 0 1 0 0  aaaa99995888a9666779aa883889a477793267a565544
388787 1 42 15 8 3 2 1 0 0  aaaa99995888a9666779aa882889a577795467a464353
388789 1 42 15 8 4 0 1 0 0  aaaa99995888a9655779aa882889a477794637a666534
388795 1 42 15 8 5 0 1 0 0  aaaa99995888a9655779aa882889a477794367a653664
388801 1 42 15 9 0 0 1 0 0  aaaa99994888a9664779aa883889a377797665a554256
388817 1 42 15 9 2 2 1 0 0  aaaa99994888a9666779aa882889a477797365a653545
388837 1 42 15 10 0 0 1 0 0  aaaa99994888a9664379aa887889a377797665a554256
388853 1 42 15 10 2 2 1 0 0  aaaa99994888a9666279aa887889a477797365a653545
388892 1 42 16 0 3 1 0 0 0  aaaa99995888a9774679aa886869a368793757a644552
388945 1 42 16 2 0 0 1 0 0  aaaa99995888a9777379aa886869a368794267a565544
388949 1 42 16 2 0 2 1 0 0  aaaa99995888a9777279aa886869a568795467a464353
388979 1 42 16 2 5 2 1 0 0  aaaa99995888a9777379aa883869a528795647a666445
388997 1 42 16 3 2 2 1 0 0  aaaa99994888a9666729aa887879a778694375a653545
389057 1 42 16 5 0 2 1 0 0  aaaa99995888a9777669aa882869a568795374a673454
389086 1 42 16 5 5 2 0 0 0  aaaa99996888a9777449aa882859a648796573a575366
389087 1 42 16 5 5 2 1 0 0  aaaa99996888a9777249aa884859a648796573a575366
389089 1 42 16 6 0 0 1 0 0  aaaa99994888a9664739aa887879a778793665a554256
389105 1 42 16 6 2 2 1 0 0  aaaa99994888a9666729aa887879a778794365a653545
389177 1 42 16 8 2 2 1 0 0  aaaa99994888a9666729aa887879a778694365a753545
389189 1 42 16 8 4 2 1 0 0  aaaa99994888a9656729aa887879a778694365a753645
389197 1 42 16 9 0 0 1 0 0  aaaa99994888a9664379aa887879a378797665a554256
389213 1 42 16 9 2 2 1 0 0  aaaa99994888a9666279aa887879a478797365a653545
389263 1 42 16 10 5 0 1 0 0  aaaa99996888a9746559aa882859a658796374a736774
389265 1 42 16 10 5 1 1 0 0  aaaa99996888a9746529aa885859a658796374a736774
389268 1 42 17 0 0 0 0 0 0  aaaa99995888a9877729aa886869a775695647a534643
389269 1 42 17 0 0 0 1 0 0  aaaa99995888a9877729aa886869a775695647a453643
389273 1 42 17 0 0 2 1 0 0  aaaa99994888a9877729aa886869a775694637a555634
389521 1 42 17 7 0 0 1 0 0  aaaa99997888a9866779aa885879a735396766a524544
389587 1 42 17 8 5 0 1 0 0  aaaa99994888a9864739aa887879a775593526a764656
389700 1 42 18 1 0 0 0 0 0  aaaa99995888a9883779aa732889a766595756a647446
389737 1 42 18 2 0 0 1 0 0  aaaa99997888a9884779aa743889a776693656a554265
389924 1 42 18 7 1 1 0 0 0  aaaa99995888a9884779aa736889a776693656a572454
389926 1 42 18 7 1 2 0 0 0  aaaa99995888a9885779aa756889a776695646a474332
389934 1 42 18 7 3 0 0 0 0  aaaa99995888a9884779aa736889a776693654a575624
389936 1 42 18 7 3 1 0 0 0  aaaa99995888a9884779aa736889a776693654a572654
390007 1 42 18 9 3 0 1 0 0  aaaa99996888a9885379aa747889a377794626a656554
390110 1 42 19 1 2 1 0 0 0  aaaa99995888a9854779aa876879a368693775a644625
390112 1 42 19 1 2 2 0 0 0  aaaa99995888a9845779aa876879a568695773a644623
390142 1 42 19 2 1 2 0 0 0  aaaa99994888a9853779aa876879a378696665a752445
390178 1 42 19 3 1 2 0 0 0  aaaa99994888a9853769aa837879a778696675a652445
390253 1 42 19 5 2 0 1 0 0  aaaa99995888a9864779aa873879a478793666a525546
390256 1 42 19 5 2 2 0 0 0  aaaa99995888a9865779aa872879a578795666a344436
390289 1 42 19 6 2 0 1 0 0  aaaa99995888a9864739aa847879a778793666a525546
390292 1 42 19 6 2 2 0 0 0  aaaa99995888a9865729aa857879a778795666a344436
390358 1 42 19 8 1 2 0 0 0  aaaa99994888a9853769aa837879a778696665a752445
390397 1 42 19 9 2 0 1 0 0  aaaa99995888a9864379aa847879a378797666a525546
390400 1 42 19 9 2 2 0 0 0  aaaa99995888a9865279aa857879a578797666a344436
390425 1 42 19 10 0 2 1 0 0  aaaa99997888a9847669aa872869a768597354a637554
390431 1 42 19 10 1 2 1 0 0  aaaa99997888a9847629aa876869a768597364a537554
390433 1 42 19 10 2 0 1 0 0  aaaa99997888a9847629aa876869a768697554a357354
390435 1 42 19 10 2 1 1 0 0  aaaa99997888a9847629aa876869a768697555a347354
390437 1 42 19 10 2 2 1 0 0  aaaa99997888a9847629aa876869a768697354a537554
390443 1 42 19 10 3 2 1 0 0  aaaa99997888a9847629aa876869a768597354a637554
390445 1 42 19 10 4 0 1 0 0  aaaa99997888a9847269aa876869a768697554a357354
390447 1 42 19 10 4 1 1 0 0  aaaa99997888a9847269aa876869a768697555a347354
390449 1 42 19 10 4 2 1 0 0  aaaa99997888a9847269aa876869a768697354a537554
390451 1 42 19 10 5 0 1 0 0  aaaa99997888a9847559aa872859a758697364a637664
390453 1 42 19 10 5 1 1 0 0  aaaa99997888a9847529aa875859a758697364a637664
390468 1 42 20 0 2 0 0 0 0  aaaa99995888a9884779aa586879a376693627a746554
390470 1 42 20 0 2 1 0 0 0  aaaa99995888a9884779aa486879a376693657a762554
390506 1 42 20 1 2 1 0 0 0  aaaa99995888a9884779aa786879a366593774a662554
390565 1 42 20 3 0 0 1 0 0  aaaa99995888a9883729aa787879a766595467a464563
390569 1 42 20 3 0 2 1 0 0  aaaa99995888a9885739aa787879a766395467a464265
390572 1 42 20 3 1 1 0 0 0  aaaa99994888a9883769aa787879a766494567a553652
390614 1 42 20 4 2 1 0 0 0  aaaa99995888a9884779aa786879a366593766a744552
390637 1 42 20 5 0 0 1 0 0  aaaa99994888a9884779aa783879a776693656a554265
390720 1 42 20 7 2 0 0 0 0  aaaa99995888a9884779aa786879a376693654a565724
390722 1 42 20 7 2 1 0 0 0  aaaa99995888a9884779aa786879a376693654a562754
390745 1 42 20 8 0 0 1 0 0  aaaa99994888a9884739aa787879a776693656a554265
390857 1 42 21 0 0 2 1 0 0  aaaa99996888a9888779aa662879a476594357a763554
390866 1 42 21 0 2 1 0 0 0  aaaa99995888a9888779aa446879a476693657a763552
390902 1 42 21 1 2 1 0 0 0  aaaa99995888a9888779aa746879a366593774a662554
391010 1 42 21 4 2 1 0 0 0  aaaa99995888a9888779aa746879a366593766a744552
391033 1 42 21 5 0 0 1 0 0  aaaa99994888a9888779aa743879a776693656a554265
391116 1 42 21 7 2 0 0 0 0  aaaa99995888a9888779aa746879a376693654a565724
391118 1 42 21 7 2 1 0 0 0  aaaa99995888a9888779aa746879a376693654a562754
391253 1 42 22 0 0 2 1 0 0  aaaa99995778a9665489aa758749a488898276a676353
391259 1 42 22 0 1 2 1 0 0  aaaa99995778a9666289aa758769a588898374a673454
391271 1 42 22 0 3 2 1 0 0  aaaa99995778a9666289aa758749a588898476a674353
391279 1 42 22 0 5 0 1 0 0  aaaa99996778a9556289aa768749a688898475a476353
391298 1 42 22 1 2 1 0 0 0  aaaa99995778a9744689aa748669a388898757a663552
391510 1 42 22 7 1 2 0 0 0  aaaa99994778a9753689aa738769a688898665a752445
391724 1 43 0 2 1 1 0 0 0  aaaa99999887a9775789aa547869a368663685a782445
391726 1 43 0 2 1 2 0 0 0  aaaa99999887a9775789aa457869a568665683a782443
391826 1 43 0 5 0 1 0 0 0  aaaa99999887a9775689aa647869a378563684a782554
391852 1 43 0 5 4 2 0 0 0  aaaa99999887a9775689aa657849a578365286a784634
391931 1 43 0 7 5 2 1 0 0  aaaa99999887a9776289aa767849a638356485a784565
391949 1 43 0 8 2 2 1 0 0  aaaa99999887a9777689aa667829a538465386a785445
391967 1 43 0 8 5 2 1 0 0  aaaa99999887a9777289aa657849a538365486a784656
391973 1 43 0 9 0 2 1 0 0  aaaa99999887a9667289aa657869a578775384a683454
392009 1 43 0 10 0 2 1 0 0  aaaa99999887a9665289aa657869a578777384a683454
392015 1 43 0 10 1 2 1 0 0  aaaa99999887a9666289aa547869a478777385a683545
392054 1 43 1 0 2 1 0 0 0  aaaa99999888a9775679aa846679a346764858a873552
392077 1 43 1 1 0 0 1 0 0  aaaa99999888a9777779aa856639a426755868a863544
392081 1 43 1 1 0 2 1 0 0  aaaa99999888a9777779aa856639a526745868a863454
392082 1 43 1 1 1 0 0 0 0  aaaa99999888a9777779aa846669a355763858a845624
392087 1 43 1 1 1 2 1 0 0  aaaa99999888a9777779aa856669a534765838a844652
392117 1 43 1 2 0 2 1 0 0  aaaa99999888a9777679aa866439a543765848a876255
392129 1 43 1 2 2 2 1 0 0  aaaa99999888a9777679aa856639a526765848a873445
392214 1 43 1 4 5 0 0 0 0  aaaa99999888a9777279aa867559a654746838a856364
392215 1 43 1 4 5 0 1 0 0  aaaa99999888a9777279aa867559a635736858a846464
392217 1 43 1 4 5 1 1 0 0  aaaa99999888a9777579aa867559a652746838a846364
392227 1 43 1 5 1 0 1 0 0  aaaa99999888a9777669aa865259a453763878a875644
392286 1 43 1 6 5 0 0 0 0  aaaa99999888a9556749aa867779a624776858a846335
392305 1 43 1 7 2 0 1 0 0  aaaa99999888a9777659aa876629a456764858a874533
392309 1 43 1 7 2 2 1 0 0  aaaa99999888a9777639aa876629a536765848a875445
392430 1 43 1 10 5 0 0 0 0  aaaa99999888a9556479aa867249a677776858a846335
392455 1 43 2 0 3 0 1 0 0  aaaa99999888a9775679aa866679a426755888a374534
392461 1 43 2 0 4 0 1 0 0  aaaa99999888a9775679aa846679a626755888a374534
392477 1 43 2 1 0 2 1 0 0  aaaa99999888a9777779aa856369a534765888a644256
392508 1 43 2 2 0 0 0 0 0  aaaa99999888a9777679aa866259a565743888a476453
392509 1 43 2 2 0 0 1 0 0  aaaa99999888a9777679aa866259a565733888a476445
392525 1 43 2 2 2 2 1 0 0  aaaa99999888a9777679aa856649a526765888a474353
392657 1 43 2 6 0 2 1 0 0  aaaa99999888a9665749aa857779a546774888a625336
392665 1 43 2 6 2 0 1 0 0  aaaa99999888a9666759aa867779a625774888a534543
392705 1 43 2 7 2 2 1 0 0  aaaa99999888a9777639aa876629a536765888a475445
392801 1 43 2 10 0 2 1 0 0  aaaa99999888a9665479aa857469a477775888a625336
392939 1 43 3 2 5 2 1 0 0  aaaa99999888a9777379aa856839a566766247a885445
392940 1 43 3 3 0 0 0 0 0  aaaa99999888a9664769aa837879a775653576a882445
393007 1 43 3 4 5 0 1 0 0  aaaa99999888a9777279aa867859a655746353a886464
393065 1 43 3 6 2 2 1 0 0  aaaa99999888a9666739aa857879a773765246a885445
393091 1 43 3 7 1 0 1 0 0  aaaa99999888a9777669aa872869a665754537a884534
393101 1 43 3 7 2 2 1 0 0  aaaa99999888a9777639aa876869a563765247a885445
393109 1 43 3 7 4 0 1 0 0  aaaa99999888a9777629aa876869a665754537a884534
393119 1 43 3 7 5 2 1 0 0  aaaa99999888a9777369aa876839a566765247a885445
393173 1 43 3 9 2 2 1 0 0  aaaa99999888a9666379aa877839a577765246a885445
393197 1 43 3 10 0 2 1 0 0  aaaa99999888a9665479aa857849a477775662a885336
393223 1 43 3 10 5 0 1 0 0  aaaa99999888a9546279aa867859a677776554a886433
393242 1 43 4 0 2 1 0 0 0  aaaa99999888a9775679aa846869a365763747a585842
393269 1 43 4 1 0 2 1 0 0  aaaa99999888a9777779aa856869a564735426a684853
393300 1 43 4 2 0 0 0 0 0  aaaa99999888a9777679aa866859a565744337a286845
393301 1 43 4 2 0 0 1 0 0  aaaa99999888a9777679aa866859a565733247a486845
393335 1 43 4 2 5 2 1 0 0  aaaa99999888a9777279aa846859a466766537a585834
393403 1 43 4 4 5 0 1 0 0  aaaa99999888a9777379aa847869a356754652a686845
393425 1 43 4 5 2 2 1 0 0  aaaa99999888a9777669aa863849a566735427a784855
393443 1 43 4 5 5 2 1 0 0  aaaa99999888a9777269aa856849a566765437a784835
393449 1 43 4 6 0 2 1 0 0  aaaa99999888a9665729aa857879a774765663a484853
393497 1 43 4 7 2 2 1 0 0  aaaa99999888a9777629aa876869a465764537a585834
393515 1 43 4 7 5 2 1 0 0  aaaa99999888a9777269aa876859a466764537a585834
393521 1 43 4 8 0 2 1 0 0  aaaa99999888a9665769aa857879a774635426a784853
393557 1 43 4 9 0 2 1 0 0  aaaa99999888a9665279aa877849a577765663a484853
393558 1 43 4 9 1 0 0 0 0  aaaa99999888a9666279aa877859a577744664a583835
393564 1 43 4 9 2 0 0 0 0  aaaa99999888a9666279aa877859a577744564a683853
393570 1 43 4 9 3 0 0 0 0  aaaa99999888a9666279aa877859a577765564a384834
393571 1 43 4 9 3 0 1 0 0  aaaa99999888a9666279aa877859a577765363a584844
393590 1 43 4 10 0 1 0 0 0  aaaa99999888a9665579aa847859a577773662a484836
393593 1 43 4 10 0 2 1 0 0  aaaa99999888a9665479aa857849a477775662a385836
393599 1 43 4 10 1 2 1 0 0  aaaa99999888a9666279aa857849a577775663a484853
393605 1 43 4 10 2 2 1 0 0  aaaa99999888a9666279aa857849a577775463a684853
393611 1 43 4 10 3 2 1 0 0  aaaa99999888a9666279aa857849a577775436a684835
393612 1 43 4 10 4 0 0 0 0  aaaa99999888a9545679aa857869a477773652a686834
393619 1 43 4 10 5 0 1 0 0  aaaa99999888a9556379aa867839a677776444a586825
393697 1 43 5 2 0 0 1 0 0  aaaa99999888a9777279aa886869a465754567a386534
393751 1 43 5 3 3 0 1 0 0  aaaa99999888a9666729aa887879a775654576a384534
393768 1 43 5 4 0 0 0 0 0  aaaa99999888a9777279aa887869a666755345a385464
393769 1 43 5 4 0 0 1 0 0  aaaa99999888a9777279aa887869a666754535a584364
393770 1 43 5 4 0 1 0 0 0  aaaa99999888a9777279aa887869a666743555a485463
393771 1 43 5 4 0 1 1 0 0  aaaa99999888a9777279aa887869a666754555a384364
393772 1 43 5 4 0 2 0 0 0  aaaa99999888a9777279aa887869a666754435a384565
393773 1 43 5 4 0 2 1 0 0  aaaa99999888a9777279aa887869a656764555a384364
393811 1 43 5 5 1 0 1 0 0  aaaa99999888a9777669aa882869a665754537a784534
393821 1 43 5 5 2 2 1 0 0  aaaa99999888a9777639aa886869a563765247a785445
393829 1 43 5 5 4 0 1 0 0  aaaa99999888a9777629aa886869a665754537a784534
393839 1 43 5 5 5 2 1 0 0  aaaa99999888a9777369aa886839a566765247a785445
393877 1 43 5 7 0 0 1 0 0  aaaa99999888a9777669aa882869a765754537a684534
393883 1 43 5 7 1 0 1 0 0  aaaa99999888a9777629aa886869a765754567a384534
393895 1 43 5 7 3 0 1 0 0  aaaa99999888a9777629aa886869a765754537a684534
393907 1 43 5 7 5 0 1 0 0  aaaa99999888a9777269aa886859a766764557a384534
393931 1 43 5 8 3 0 1 0 0  aaaa99999888a9666729aa887879a775654536a784534
393971 1 43 5 9 3 2 1 0 0  aaaa99999888a9666779aa883839a577775246a685445
394007 1 43 5 10 3 2 1 0 0  aaaa99999888a9666379aa887839a577775246a685445
394034 1 43 6 0 2 1 0 0 0  aaaa99999888a9775679aa846869a365763787a585442
394056 1 43 6 1 0 0 0 0 0  aaaa99999888a9777779aa846869a365753586a682445
394199 1 43 6 4 5 2 1 0 0  aaaa99999888a9777279aa847869a436753685a686545
394235 1 43 6 5 5 2 1 0 0  aaaa99999888a9777269aa856849a566765487a784353
394247 1 43 6 6 1 2 1 0 0  aaaa99999888a9666729aa847879a776754385a683545
394279 1 43 6 7 1 0 1 0 0  aaaa99999888a9777669aa872869a665754587a384534
394297 1 43 6 7 4 0 1 0 0  aaaa99999888a9777629aa876869a665754587a384534
394308 1 43 6 8 0 0 0 0 0  aaaa99999888a9664769aa837879a775653586a782445
394349 1 43 6 9 0 2 1 0 0  aaaa99999888a9665279aa877869a577765384a683454
394351 1 43 6 9 1 0 1 0 0  aaaa99999888a9666279aa877869a577755383a684544
394353 1 43 6 9 1 1 1 0 0  aaaa99999888a9666279aa877869a477755385a683544
394355 1 43 6 9 1 2 1 0 0  aaaa99999888a9666279aa877869a477754385a683545
394385 1 43 6 10 0 2 1 0 0  aaaa99999888a9665479aa857849a477775286a686353
394391 1 43 6 10 1 2 1 0 0  aaaa99999888a9666279aa857869a577775384a683454
394393 1 43 6 10 2 0 1 0 0  aaaa99999888a9666279aa867859a677774585a384534
394403 1 43 6 10 3 2 1 0 0  aaaa99999888a9666279aa857849a577775486a684353
394411 1 43 6 10 5 0 1 0 0  aaaa99999888a9556279aa867849a677776485a486353
394421 1 43 7 0 0 2 1 0 0  aaaa99999888a9877729aa876639a476574868a563554
394422 1 43 7 0 1 0 0 0 0  aaaa99999888a9877729aa876669a575675848a534643
394423 1 43 7 0 1 0 1 0 0  aaaa99999888a9877729aa876669a575675848a453643
394427 1 43 7 0 1 2 1 0 0  aaaa99999888a9877729aa876669a475674838a555634
394646 1 43 7 6 2 1 0 0 0  aaaa99999888a9845769aa847779a366773858a662554
394790 1 43 7 10 2 1 0 0 0  aaaa99999888a9845679aa847669a377773858a662554
394836 1 43 8 0 4 0 0 0 0  aaaa99999888a9775679aa846889a366763757a545824
394838 1 43 8 0 4 1 0 0 0  aaaa99999888a9775679aa846889a366763747a555842
394915 1 43 8 2 5 0 1 0 0  aaaa99999888a9777279aa846889a466766557a353854
394917 1 43 8 2 5 1 1 0 0  aaaa99999888a9777279aa846889a466766557a355834
394919 1 43 8 2 5 2 1 0 0  aaaa99999888a9777279aa846889a466766537a555834
394921 1 43 8 3 0 0 1 0 0  aaaa99999888a9667279aa877889a477656556a354834
394923 1 43 8 3 0 1 1 0 0  aaaa99999888a9667279aa877889a477656536a554834
394925 1 43 8 3 0 2 1 0 0  aaaa99999888a9667279aa877889a577365664a345854
394939 1 43 8 3 3 0 1 0 0  aaaa99999888a9657279aa877889a477666556a354834
394941 1 43 8 3 3 1 1 0 0  aaaa99999888a9657279aa877889a477666536a554834
394943 1 43 8 3 3 2 1 0 0  aaaa99999888a9647279aa877889a677666534a555834
394955 1 43 8 3 5 2 1 0 0  aaaa99999888a9657279aa877889a477654365a653864
394969 1 43 8 4 2 0 1 0 0  aaaa99999888a9777279aa847889a466756366a553854
394975 1 43 8 4 3 0 1 0 0  aaaa99999888a9777379aa847889a366764565a526845
394981 1 43 8 4 4 0 1 0 0  aaaa99999888a9777279aa847889a466766565a533845
394987 1 43 8 4 5 0 1 0 0  aaaa99999888a9777379aa847889a356754652a666845
394993 1 43 8 5 0 0 1 0 0  aaaa99999888a9777669aa843889a665753275a576844
395027 1 43 8 5 5 2 1 0 0  aaaa99999888a9777269aa856889a566765473a474853
395045 1 43 8 6 2 2 1 0 0  aaaa99999888a9666779aa872889a477754365a653845
395047 1 43 8 6 3 0 1 0 0  aaaa99999888a9666779aa872889a477764565a533845
395071 1 43 8 7 1 0 1 0 0  aaaa99999888a9777659aa876889a665743657a543824
395076 1 43 8 7 2 0 0 0 0  aaaa99999888a9777629aa876889a666755437a354854
395077 1 43 8 7 2 0 1 0 0  aaaa99999888a9777649aa876889a666744557a353852
395089 1 43 8 7 4 0 1 0 0  aaaa99999888a9777669aa872889a466764557a353854
395091 1 43 8 7 4 1 1 0 0  aaaa99999888a9777669aa872889a466764557a355834
395093 1 43 8 7 4 2 1 0 0  aaaa99999888a9777669aa872889a466764537a555834
395095 1 43 8 7 5 0 1 0 0  aaaa99999888a9777269aa876889a466764557a353854
395097 1 43 8 7 5 1 1 0 0  aaaa99999888a9777269aa876889a466764557a355834
395099 1 43 8 7 5 2 1 0 0  aaaa99999888a9777269aa876889a466764537a555834
395101 1 43 8 8 0 0 1 0 0  aaaa99999888a9664279aa877889a477656376a553854
395117 1 43 8 8 2 2 1 0 0  aaaa99999888a9666279aa877889a477654375a653845
395124 1 43 8 8 4 0 0 0 0  aaaa99999888a9655279aa877889a577354674a666834
395125 1 43 8 8 4 0 1 0 0  aaaa99999888a9655279aa877889a577444675a666833
395153 1 43 8 9 2 2 1 0 0  aaaa99999888a9666279aa877889a477754365a653845
395155 1 43 8 9 3 0 1 0 0  aaaa99999888a9666279aa877889a477764565a533845
395163 1 43 8 9 4 1 1 0 0  aaaa99999888a9655279aa877889a477754635a666834
395176 1 43 8 10 0 2 0 0 0  aaaa99999888a9665279aa857889a577775664a443836
395177 1 43 8 10 0 2 1 0 0  aaaa99999888a9665379aa857889a377775662a444856
395188 1 43 8 10 2 2 0 0 0  aaaa99999888a9666279aa857889a577775364a635844
395189 1 43 8 10 2 2 1 0 0  aaaa99999888a9666279aa857889a577775463a644853
395195 1 43 8 10 3 2 1 0 0  aaaa99999888a9666279aa857889a577775463a464853
395197 1 43 8 10 4 0 1 0 0  aaaa99999888a9655279aa857889a477774635a666834
395203 1 43 8 10 5 0 1 0 0  aaaa99999888a9546279aa867889a677776554a356834
395207 1 43 8 10 5 2 1 0 0  aaaa99999888a9546279aa867889a677776354a536854
395220 1 43 9 0 2 0 0 0 0  aaaa99999888a9775679aa846869a368763757a545824
395222 1 43 9 0 2 1 0 0 0  aaaa99999888a9775679aa846869a368763747a555842
395242 1 43 9 0 5 2 0 0 0  aaaa99999888a9776479aa864859a648736727a555863
395243 1 43 9 0 5 2 1 0 0  aaaa99999888a9776279aa864859a648746737a555836
395315 1 43 9 2 5 2 1 0 0  aaaa99999888a9777279aa845869a458755637a666834
395333 1 43 9 3 2 2 1 0 0  aaaa99999888a9666729aa847879a778654375a653845
395383 1 43 9 4 5 0 1 0 0  aaaa99999888a9777379aa847869a358754652a666845
395393 1 43 9 5 0 2 1 0 0  aaaa99999888a9777669aa852869a568745374a673854
395441 1 43 9 6 2 2 1 0 0  aaaa99999888a9666729aa847879a778754365a653845
395443 1 43 9 6 3 0 1 0 0  aaaa99999888a9666729aa847879a778764565a533845
395466 1 43 9 7 1 0 0 0 0  aaaa99999888a9777669aa872869a668755437a354854
395467 1 43 9 7 1 0 1 0 0  aaaa99999888a9777669aa874869a668744557a353852
395473 1 43 9 7 2 0 1 0 0  aaaa99999888a9777629aa876869a468764557a353854
395475 1 43 9 7 2 1 1 0 0  aaaa99999888a9777629aa876869a468764557a355834
395477 1 43 9 7 2 2 1 0 0  aaaa99999888a9777629aa876869a468764537a555834
395479 1 43 9 7 3 0 1 0 0  aaaa99999888a9777669aa872869a658754657a354834
395484 1 43 9 7 4 0 0 0 0  aaaa99999888a9777629aa876869a668755437a354854
395485 1 43 9 7 4 0 1 0 0  aaaa99999888a9777649aa876869a668744557a353852
395491 1 43 9 7 5 0 1 0 0  aaaa99999888a9777269aa876859a568766537a444835
395495 1 43 9 7 5 2 1 0 0  aaaa99999888a9777269aa876859a468766537a554834
395513 1 43 9 8 2 2 1 0 0  aaaa99999888a9666729aa847879a778654365a753845
395537 1 43 9 9 0 2 1 0 0  aaaa99999888a9664379aa877859a378774662a555846
395550 1 43 9 9 3 0 0 0 0  aaaa99999888a9666279aa877859a578775564a364834
395551 1 43 9 9 3 0 1 0 0  aaaa99999888a9666279aa877859a578775363a564844
395556 1 43 9 9 4 0 0 0 0  aaaa99999888a9545679aa877869a578774652a663834
395563 1 43 9 9 5 0 1 0 0  aaaa99999888a9554379aa877869a378774652a666845
395573 1 43 9 10 0 2 1 0 0  aaaa99999888a9664379aa847859a378777662a555846
395592 1 43 9 10 4 0 0 0 0  aaaa99999888a9545679aa857869a478777652a663834
395599 1 43 9 10 5 0 1 0 0  aaaa99999888a9554379aa847869a378777652a666845
395609 1 43 10 0 0 2 1 0 0  aaaa99999888a9877739aa876869a573675642a485645
395641 1 43 10 1 0 0 1 0 0  aaaa99999888a9866779aa875879a665264773a584543
395677 1 43 10 2 0 0 1 0 0  aaaa99999888a9866779aa872879a676565444a785533
395713 1 43 10 3 0 0 1 0 0  aaaa99999888a9866749aa867879a776464575a582335
395785 1 43 10 5 0 0 1 0 0  aaaa99999888a9866779aa873879a676763545a582445
395821 1 43 10 6 0 0 1 0 0  aaaa99999888a9866739aa867879a776763545a582445
395893 1 43 10 8 0 0 1 0 0  aaaa99999888a9866729aa867879a776565444a785533
396023 1 43 11 0 3 2 1 0 0  aaaa99999888a9884779aa586769a667354275a678534
396053 1 43 11 1 2 2 1 0 0  aaaa99999888a9884779aa786769a662654735a758534
396065 1 43 11 1 4 2 1 0 0  aaaa99999888a9884779aa786729a666654735a758534
396095 1 43 11 2 3 2 1 0 0  aaaa99999888a9884779aa786769a667354275a658534
396109 1 43 11 3 0 0 1 0 0  aaaa99999888a9884739aa787779a466553265a568764
396120 1 43 11 3 2 0 0 0 0  aaaa99999888a9885769aa787779a366545466a548732
396126 1 43 11 3 3 0 0 0 0  aaaa99999888a9885769aa787779a366545464a568732
396217 1 43 11 6 0 0 1 0 0  aaaa99999888a9885779aa782779a766545363a568464
396252 1 43 11 7 0 0 0 0 0  aaaa99999888a9885779aa786769a367545456a648732
396289 1 43 11 8 0 0 1 0 0  aaaa99999888a9884729aa787779a466754565a568363
396325 1 43 11 9 0 0 1 0 0  aaaa99999888a9885729aa787779a766545363a568464
396407 1 43 12 0 1 2 1 0 0  aaaa99999888a9877729aa876669a475674538a585634
396463 1 43 12 1 5 0 1 0 0  aaaa99999888a9855779aa876729a566664738a784534
396505 1 43 12 3 0 0 1 0 0  aaaa99999888a9857739aa877779a466553268a586644
396793 1 43 13 0 0 0 1 0 0  aaaa99999888a9877279aa886769a765574568a364534
396829 1 43 13 1 0 0 1 0 0  aaaa99999888a9866779aa882779a665765538a444735
396833 1 43 13 1 0 2 1 0 0  aaaa99999888a9866779aa882779a665764538a554734
396865 1 43 13 2 0 0 1 0 0  aaaa99999888a9866779aa882779a656574578a364534
396877 1 43 13 2 2 0 1 0 0  aaaa99999888a9855779aa886779a566374278a664534
396973 1 43 13 5 0 0 1 0 0  aaaa99999888a9866749aa887729a647574678a565335
397045 1 43 13 7 0 0 1 0 0  aaaa99999888a9866779aa882779a665564578a374534
397367 1 43 14 4 5 2 1 0 0  aaaa99999888a9854729aa777889a877654365a653664
397369 1 43 14 5 0 0 1 0 0  aaaa99999888a9874779aa743889a877663665a554256
397439 1 43 14 6 5 2 1 0 0  aaaa99999888a9854779aa772889a877654365a653664
397441 1 43 14 7 0 0 1 0 0  aaaa99999888a9875729aa777889a866545363a567464
397523 1 43 14 9 1 2 1 0 0  aaaa99999888a9856279aa747889a877754666a356534
397543 1 43 14 9 5 0 1 0 0  aaaa99999888a9865279aa747889a877764556a365634
397545 1 43 14 9 5 1 1 0 0  aaaa99999888a9865279aa747889a877764536a565634
397546 1 43 14 9 5 2 0 0 0  aaaa99999888a9865279aa757889a877765346a365644
397547 1 43 14 9 5 2 1 0 0  aaaa99999888a9865279aa757889a877765436a464635
397579 1 43 14 10 5 0 1 0 0  aaaa99999888a9865279aa647889a877774556a365634
397581 1 43 14 10 5 1 1 0 0  aaaa99999888a9865279aa647889a877774536a565634
397582 1 43 14 10 5 2 0 0 0  aaaa99999888a9865279aa657889a877775346a365644
397583 1 43 14 10 5 2 1 0 0  aaaa99999888a9865279aa657889a877775436a464635
397703 1 43 15 3 1 2 1 0 0  aaaa99999888a9666779aa882889a777754665a354534
397705 1 43 15 3 2 0 1 0 0  aaaa99999888a9666779aa882889a777755465a644353
397709 1 43 15 3 2 2 1 0 0  aaaa99999888a9666779aa882889a777754365a653544
397721 1 43 15 3 4 2 1 0 0  aaaa99999888a9654779aa882889a777754635a666534
397727 1 43 15 3 5 2 1 0 0  aaaa99999888a9654779aa882889a777754365a653664
397741 1 43 15 4 2 0 1 0 0  aaaa99999888a9777279aa887889a466756566a534543
397765 1 43 15 5 0 0 1 0 0  aaaa99999888a9777669aa883889a665753572a476445
397777 1 43 15 5 2 0 1 0 0  aaaa99999888a9777629aa886889a666755475a474353
397783 1 43 15 5 3 0 1 0 0  aaaa99999888a9777639aa886889a665753572a476445
397811 1 43 15 6 1 2 1 0 0  aaaa99999888a9666729aa887889a777754665a354534
397813 1 43 15 6 2 0 1 0 0  aaaa99999888a9666729aa887889a777755465a644353
397817 1 43 15 6 2 2 1 0 0  aaaa99999888a9666729aa887889a777754365a653544
397829 1 43 15 6 4 2 1 0 0  aaaa99999888a9654729aa887889a777754635a666534
397835 1 43 15 6 5 2 1 0 0  aaaa99999888a9654729aa887889a777754365a653664
397837 1 43 15 7 0 0 1 0 0  aaaa99999888a9777669aa885889a765734627a654543
397843 1 43 15 7 1 0 1 0 0  aaaa99999888a9777269aa886889a765754657a634543
397844 1 43 15 7 1 1 0 0 0  aaaa99999888a9777269aa886889a765755647a634543
397845 1 43 15 7 1 1 1 0 0  aaaa99999888a9777269aa886889a764753657a644553
397846 1 43 15 7 1 2 0 0 0  aaaa99999888a9777269aa886889a763754647a653545
397847 1 43 15 7 1 2 1 0 0  aaaa99999888a9777269aa886889a764744657a563553
397889 1 43 15 8 2 2 1 0 0  aaaa99999888a9666779aa882889a477754367a653545
397909 1 43 15 9 0 0 1 0 0  aaaa99999888a9664779aa883889a477773665a554256
397925 1 43 15 9 2 2 1 0 0  aaaa99999888a9666779aa882889a477774365a653545
397945 1 43 15 10 0 0 1 0 0  aaaa99999888a9664379aa887889a377774665a554256
397961 1 43 15 10 2 2 1 0 0  aaaa99999888a9666279aa887889a477774365a653545
397981 1 43 16 0 0 0 1 0 0  aaaa99999888a9775279aa886869a468755767a364534
398011 1 43 16 0 5 0 1 0 0  aaaa99999888a9776279aa885859a658746737a546364
398082 1 43 16 2 5 0 0 0 0  aaaa99999888a9777279aa885869a558743647a666453
398083 1 43 16 2 5 0 1 0 0  aaaa99999888a9777279aa885869a558733647a666445
398101 1 43 16 3 2 0 1 0 0  aaaa99999888a9666729aa887879a778655475a644353
398105 1 43 16 3 2 2 1 0 0  aaaa99999888a9666729aa887879a778654375a653544
398123 1 43 16 3 5 2 1 0 0  aaaa99999888a9654729aa887879a778654375a653664
398125 1 43 16 4 0 0 1 0 0  aaaa99999888a9777279aa887869a658756664a553434
398127 1 43 16 4 0 1 1 0 0  aaaa99999888a9777279aa887869a658746656a543534
398128 1 43 16 4 0 2 0 0 0  aaaa99999888a9777279aa887869a648746656a543553
398129 1 43 16 4 0 2 1 0 0  aaaa99999888a9777279aa887869a668754635a354564
398165 1 43 16 5 0 2 1 0 0  aaaa99999888a9777669aa882869a468754375a673545
398167 1 43 16 5 1 0 1 0 0  aaaa99999888a9777669aa882869a668755475a474353
398185 1 43 16 5 4 0 1 0 0  aaaa99999888a9777629aa886869a668755475a474353
398207 1 43 16 6 1 2 1 0 0  aaaa99999888a9666729aa887879a778754665a354534
398209 1 43 16 6 2 0 1 0 0  aaaa99999888a9666729aa887879a778755465a644353
398213 1 43 16 6 2 2 1 0 0  aaaa99999888a9666729aa887879a778754365a653544
398225 1 43 16 6 4 2 1 0 0  aaaa99999888a9654729aa887879a778754635a666534
398231 1 43 16 6 5 2 1 0 0  aaaa99999888a9654729aa887879a778754365a653664
398233 1 43 16 7 0 0 1 0 0  aaaa99999888a9777669aa884869a768744557a652353
398251 1 43 16 7 3 0 1 0 0  aaaa99999888a9777649aa886869a768744557a652353
398281 1 43 16 8 2 0 1 0 0  aaaa99999888a9666729aa887879a778655465a744353
398285 1 43 16 8 2 2 1 0 0  aaaa99999888a9666729aa887879a778654365a753544
398287 1 43 16 8 3 0 1 0 0  aaaa99999888a9666749aa887879a778644556a752353
398303 1 43 16 8 5 2 1 0 0  aaaa99999888a9654729aa887879a778654365a753664
398382 1 43 17 0 1 0 0 0 0  aaaa99999888a9877279aa886879a766575463a534645
398383 1 43 17 0 1 0 1 0 0  aaaa99999888a9877279aa886879a766574565a534643
398384 1 43 17 0 1 1 0 0 0  aaaa99999888a9877279aa886879a766374565a545634
398385 1 43 17 0 1 1 1 0 0  aaaa99999888a9877279aa886879a766574563a554643
398386 1 43 17 0 1 2 0 0 0  aaaa99999888a9877279aa886879a766374564a555634
398387 1 43 17 0 1 2 1 0 0  aaaa99999888a9877279aa886879a766373564a555464
398555 1 43 17 4 5 2 1 0 0  aaaa99999888a9854779aa882879a776754635a666534
398627 1 43 17 6 5 2 1 0 0  aaaa99999888a9854729aa887879a776754635a666534
398917 1 43 18 4 0 0 1 0 0  aaaa99999888a9887779aa752889a766545363a567464
398953 1 43 18 5 0 0 1 0 0  aaaa99999888a9884779aa743889a777663665a554256
399109 1 43 18 9 2 0 1 0 0  aaaa99999888a9885379aa747889a377764666a525546
399112 1 43 18 9 2 2 0 0 0  aaaa99999888a9885279aa757889a577765666a344436
399169 1 43 19 0 0 0 1 0 0  aaaa99999888a9877729aa876869a478674655a533645
399220 1 43 19 1 2 2 0 0 0  aaaa99999888a9854779aa876879a368653775a644625
399275 1 43 19 2 5 2 1 0 0  aaaa99999888a9865779aa872879a578465346a763645
399311 1 43 19 3 5 2 1 0 0  aaaa99999888a9865739aa857879a778365476a464652
399379 1 43 19 5 5 0 1 0 0  aaaa99999888a9865779aa872879a478764556a365634
399381 1 43 19 5 5 1 1 0 0  aaaa99999888a9865779aa872879a478764536a565634
399382 1 43 19 5 5 2 0 0 0  aaaa99999888a9865779aa872879a578765346a365644
399383 1 43 19 5 5 2 1 0 0  aaaa99999888a9865779aa872879a578765436a464635
399415 1 43 19 6 5 0 1 0 0  aaaa99999888a9865729aa847879a778764556a365634
399417 1 43 19 6 5 1 1 0 0  aaaa99999888a9865729aa847879a778764536a565634
399418 1 43 19 6 5 2 0 0 0  aaaa99999888a9865729aa857879a778765346a365644
399419 1 43 19 6 5 2 1 0 0  aaaa99999888a9865729aa857879a778765436a464635
399455 1 43 19 7 5 2 1 0 0  aaaa99999888a9857779aa872879a478654365a653664
399491 1 43 19 8 5 2 1 0 0  aaaa99999888a9865729aa857879a778465346a763645
399673 1 43 20 3 0 0 1 0 0  aaaa99999888a9885729aa787879a766545367a563464
399815 1 43 20 6 5 2 1 0 0  aaaa99999888a9884729aa587879a776754635a666534
399893 1 43 20 9 0 2 1 0 0  aaaa99999888a9886279aa787869a677754665a354534
399961 1 43 21 0 0 0 1 0 0  aaaa99999888a9888779aa662879a676565457a744335
400000 0 43 21 1 0 2 0 0 0  aaaa99999888a9888779aa766879a665555776a442343
400361 1 43 22 0 0 2 1 0 0  aaaa99999778a9665489aa758749a488885276a676353
400367 1 43 22 0 1 2 1 0 0  aaaa99999778a9666289aa758769a588885374a673454
400369 1 43 22 0 2 0 1 0 0  aaaa99999778a9666289aa768759a688884575a374534
400379 1 43 22 0 3 2 1 0 0  aaaa99999778a9666289aa758749a588885476a674353
400387 1 43 22 0 5 0 1 0 0  aaaa99999778a9556289aa768749a688886475a476353
400406 1 43 22 1 2 1 0 0 0  aaaa99999778a9745689aa748669a388883757a662554
400618 1 43 22 7 1 2 0 0 0  aaaa99999778a9754689aa738769a688883665a752445
400855 1 44 0 2 5 0 1 0 0  aaaa88777999a9996859aa862877a958876534a546364
400968 1 44 0 6 0 0 0 0 0  aaaa88665999a9994879aa837877a978873665a455246
401210 1 44 1 1 4 1 0 0 0  aaaa88874999a9993889aa447877a976586657a663525
401430 1 44 1 7 5 0 0 0 0  aaaa88865999a9993889aa637877a975485526a474676
401486 1 44 1 9 2 1 0 0 0  aaaa88854999a9995889aa527863a977787637a644665
401488 1 44 1 9 2 2 0 0 0  aaaa88845999a9995889aa257863a977787637a644665
401554 1 44 2 0 1 2 0 0 0  aaaa88877999a9993889aa837845a966672756a547456
401598 1 44 2 1 3 0 0 0 0  aaaa88875999a9994889aa837877a976663657a545264
401638 1 44 2 2 3 2 0 0 0  aaaa88835999a9995889aa857877a976665647a447362
401696 1 44 2 4 1 1 0 0 0  aaaa88874999a9993889aa837877a966576567a545624
401702 1 44 2 4 2 1 0 0 0  aaaa88875999a9994889aa837877a966673257a566454
401704 1 44 2 4 2 2 0 0 0  aaaa88875999a9995889aa857877a966675447a366432
401806 1 44 2 7 1 2 0 0 0  aaaa88826999a9995889aa857877a976665434a476375
401812 1 44 2 7 2 2 0 0 0  aaaa88835999a9995889aa857877a976665644a476372
401816 1 44 2 7 3 1 0 0 0  aaaa88844999a9994889aa837877a976663565a276575
401818 1 44 2 7 3 2 0 0 0  aaaa88835999a9995889aa857877a976665464a476372
401826 1 44 2 7 5 0 0 0 0  aaaa88865999a9993889aa837877a975465526a474676
401970 1 44 3 0 5 0 0 0 0  aaaa88877999a9995879aa832876a958675465a647634
402028 1 44 3 2 2 2 0 0 0  aaaa88854999a9993879aa877877a968663725a644565
402198 1 44 3 7 1 0 0 0 0  aaaa88865999a9994879aa837877a968646756a525734
402206 1 44 3 7 2 1 0 0 0  aaaa88854999a9993879aa837877a968662755a644765
402208 1 44 3 7 2 2 0 0 0  aaaa88845999a9995879aa857877a968665744a633762
402337 1 44 4 0 0 0 1 0 0  aaaa88877999a9995879aa738874a966455246a687536
402341 1 44 4 0 0 2 1 0 0  aaaa88877999a9994879aa748875a966533256a687546
402347 1 44 4 0 1 2 1 0 0  aaaa88877999a9994879aa748875a966633256a587546
402438 1 44 4 2 5 0 0 0 0  aaaa88875999a9994879aa778856a975645762a683634
402458 1 44 4 3 2 1 0 0 0  aaaa88874999a9993879aa738865a977744666a586525
402470 1 44 4 3 4 1 0 0 0  aaaa88874999a9993879aa738865a977744656a686525
402488 1 44 4 4 1 1 0 0 0  aaaa88856999a9994879aa778825a976663774a586534
402490 1 44 4 4 1 2 0 0 0  aaaa88856999a9993879aa778844a976663775a286545
402638 1 44 4 8 2 1 0 0 0  aaaa88854999a9995879aa578863a977744637a682665
402640 1 44 4 8 2 2 0 0 0  aaaa88845999a9995879aa278863a977744637a685665
402668 1 44 4 9 1 1 0 0 0  aaaa88856999a9994879aa478825a977773666a586534
402670 1 44 4 9 1 2 0 0 0  aaaa88856999a9993879aa578844a977773666a286545
402834 1 44 5 2 5 0 0 0 0  aaaa88875999a9994879aa777876a985645562a683634
402854 1 44 5 3 2 1 0 0 0  aaaa88874999a9993879aa737865a987744666a586525
402866 1 44 5 3 4 1 0 0 0  aaaa88874999a9993879aa737865a987744656a686525
403028 1 44 5 8 1 1 0 0 0  aaaa88846999a9994879aa277857a987573666a586534
403030 1 44 5 8 1 2 0 0 0  aaaa88856999a9993879aa577827a987474666a486535
403064 1 44 5 9 1 1 0 0 0  aaaa88856999a9994879aa477825a987773666a586534
403066 1 44 5 9 1 2 0 0 0  aaaa88856999a9993879aa577844a987773666a286545
403158 1 44 6 0 5 0 0 0 0  aaaa88877999a9995879aa732876a958685465a647634
403192 1 44 6 1 4 2 0 0 0  aaaa88854999a9993879aa777876a928686765a653445
403236 1 44 6 3 0 0 0 0 0  aaaa88875999a9994879aa737866a978783656a545264
403254 1 44 6 3 3 0 0 0 0  aaaa88875999a9994879aa737865a978783666a545264
403534 1 44 7 0 1 2 0 0 0  aaaa88883999a9993889aa777845a966672756a547456
403578 1 44 7 1 3 0 0 0 0  aaaa88885999a9994889aa737877a976663657a545264
403618 1 44 7 2 3 2 0 0 0  aaaa88885999a9995889aa357877a976665647a447362
403676 1 44 7 4 1 1 0 0 0  aaaa88884999a9993889aa737877a966576567a545624
403682 1 44 7 4 2 1 0 0 0  aaaa88885999a9994889aa737877a966673257a566454
403684 1 44 7 4 2 2 0 0 0  aaaa88885999a9995889aa757877a966675447a366432
403786 1 44 7 7 1 2 0 0 0  aaaa88886999a9995889aa257877a976665434a476375
403792 1 44 7 7 2 2 0 0 0  aaaa88885999a9995889aa357877a976665644a476372
403796 1 44 7 7 3 1 0 0 0  aaaa88884999a9993889aa447877a976663565a276575
403798 1 44 7 7 3 2 0 0 0  aaaa88885999a9995889aa357877a976665464a476372
403806 1 44 7 7 5 0 0 0 0  aaaa88885999a9993889aa637877a975465526a474676
404022 1 44 8 2 5 0 0 0 0  aaaa88875999a9994879aa777876a958645562a683634
404042 1 44 8 3 2 1 0 0 0  aaaa88874999a9993879aa737865a978744666a586525
404054 1 44 8 3 4 1 0 0 0  aaaa88874999a9993879aa737865a978744656a686525
404203 1 44 8 7 5 0 1 0 0  aaaa88874999a9997879aa777836a958654562a683645
404252 1 44 8 9 1 1 0 0 0  aaaa88856999a9994879aa477825a978773666a586534
404254 1 44 8 9 1 2 0 0 0  aaaa88856999a9993879aa577844a978773666a286545
404316 1 44 9 0 0 0 0 0 0  aaaa88877999a9995879aa736876a968545456a647832
404646 1 44 9 9 1 0 0 0 0  aaaa88856999a9994879aa377855a978772666a456843
404648 1 44 9 9 1 1 0 0 0  aaaa88856999a9994879aa377854a978772666a556843
404714 1 44 10 0 0 1 0 0 0  aaaa88885999a9994879aa737876a968644677a563552
404724 1 44 10 0 2 0 0 0 0  aaaa88885999a9994879aa737876a968663477a654552
404726 1 44 10 0 2 1 0 0 0  aaaa88885999a9994879aa737876a968663577a655442
404834 1 44 10 3 2 1 0 0 0  aaaa88884999a9993879aa737865a978744666a576525
404846 1 44 10 3 4 1 0 0 0  aaaa88884999a9993879aa737865a978744656a676525
405398 1 44 11 8 0 1 0 0 0  aaaa88888999a9994879aa737857a977663665a552446
405506 1 44 12 0 0 1 0 0 0  aaaa88885999a9994879aa738876a976644676a573552
405516 1 44 12 0 2 0 0 0 0  aaaa88885999a9994879aa738875a976663672a476545
405518 1 44 12 0 2 1 0 0 0  aaaa88885999a9994879aa738875a976663674a576254
405524 1 44 12 0 3 1 0 0 0  aaaa88885999a9994879aa738876a976663674a572554
405534 1 44 12 0 5 0 0 0 0  aaaa88885999a9994879aa738876a975645572a673664
405594 1 44 12 2 3 0 0 0 0  aaaa88884999a9993879aa778865a976663575a572464
405806 1 44 12 8 2 1 0 0 0  aaaa88885999a9994879aa578863a977752637a644665
405808 1 44 12 8 2 2 0 0 0  aaaa88885999a9995879aa478863a977725637a644665
406008 1 44 13 3 0 0 0 0 0  aaaa88885999a9994879aa737866a987763567a562454
406010 1 44 13 3 0 1 0 0 0  aaaa88885999a9994879aa737866a987763567a565442
406020 1 44 13 3 2 0 0 0 0  aaaa88885999a9994879aa737862a987755467a664563
406022 1 44 13 3 2 1 0 0 0  aaaa88885999a9995879aa747863a987755637a644662
406028 1 44 13 3 3 1 0 0 0  aaaa88885999a9994879aa737866a987763657a562454
406030 1 44 13 3 3 2 0 0 0  aaaa88885999a9995879aa757866a987765647a464332
406034 1 44 13 3 4 1 0 0 0  aaaa88884999a9993879aa737866a987744657a566525
406040 1 44 13 3 5 1 0 0 0  aaaa88884999a9993879aa737865a987744657a666525
406562 1 44 14 7 2 1 0 0 0  aaaa88878999a9994779aa736875a986763658a644525
406742 1 44 15 1 2 1 0 0 0  aaaa88854999a9995779aa726873a986644775a388665
406744 1 44 15 1 2 2 0 0 0  aaaa88845999a9995779aa756873a986644772a388665
406780 1 44 15 2 2 2 0 0 0  aaaa88864999a9993779aa736875a986762756a588454
406903 1 44 15 5 5 0 1 0 0  aaaa88855999a9995779aa734877a984647265a688663
407042 1 44 15 9 4 1 0 0 0  aaaa88844999a9994679aa577826a987773565a688635
407044 1 44 15 9 4 2 0 0 0  aaaa88835999a9995679aa377846a987775464a688652
407047 1 44 15 9 5 0 1 0 0  aaaa88854999a9994579aa577856a987774363a688662
407078 1 44 15 10 4 1 0 0 0  aaaa88854999a9993679aa447826a987777565a688635
407080 1 44 15 10 4 2 0 0 0  aaaa88835999a9995679aa357846a987777464a688652
407083 1 44 15 10 5 0 1 0 0  aaaa88855999a9995479aa447836a987777365a688662
407176 1 44 16 2 2 2 0 0 0  aaaa88835999a9995779aa756874a986765744a686382
407182 1 44 16 2 3 2 0 0 0  aaaa88835999a9995779aa756876a986765744a486382
407246 1 44 16 4 2 1 0 0 0  aaaa88854999a9995779aa736872a986644765a783685
407248 1 44 16 4 2 2 0 0 0  aaaa88845999a9995779aa756872a986635763a784684
407260 1 44 16 4 4 2 0 0 0  aaaa88835999a9995779aa756876a986466744a785382
407266 1 44 16 4 5 2 0 0 0  aaaa88835999a9995779aa756874a986666744a785382
407284 1 44 16 5 2 2 0 0 0  aaaa88853999a9993779aa726877a986657644a486585
407298 1 44 16 5 5 0 0 0 0  aaaa88863999a9993779aa724877a984567556a485686
407320 1 44 16 6 2 2 0 0 0  aaaa88853999a9993779aa776877a986652644a486585
407342 1 44 16 7 0 1 0 0 0  aaaa88874999a9993779aa736876a986744565a286585
407344 1 44 16 7 0 2 0 0 0  aaaa88875999a9995779aa756876a986735464a486382
407346 1 44 16 7 1 0 0 0 0  aaaa88875999a9993779aa736876a986762565a485484
407352 1 44 16 7 2 0 0 0 0  aaaa88875999a9993779aa736875a986762644a486585
407354 1 44 16 7 2 1 0 0 0  aaaa88875999a9995779aa736874a986763644a682585
407358 1 44 16 7 3 0 0 0 0  aaaa88875999a9994779aa736876a986763654a585284
407392 1 44 16 8 2 2 0 0 0  aaaa88835999a9995779aa776874a986765644a685382
407428 1 44 16 9 2 2 0 0 0  aaaa88853999a9993679aa577866a987772644a486585
407440 1 44 16 9 4 2 0 0 0  aaaa88853999a9993679aa577864a987772644a686585
407442 1 44 16 9 5 0 0 0 0  aaaa88863999a9993479aa677845a987772556a485686
407476 1 44 16 10 4 2 0 0 0  aaaa88853999a9993679aa527864a987777644a686585
407668 1 44 17 5 0 2 0 0 0  aaaa88885999a9995779aa754877a986647636a348265
407694 1 44 17 5 5 0 0 0 0  aaaa88883999a9993779aa724877a985647565a648665
407700 1 44 17 6 0 0 0 0 0  aaaa88885999a9994779aa772877a986655636a358464
407742 1 44 17 7 1 0 0 0 0  aaaa88885999a9994779aa736876a986763567a548254
407748 1 44 17 7 2 0 0 0 0  aaaa88885999a9994779aa736875a986763647a628545
407750 1 44 17 7 2 1 0 0 0  aaaa88885999a9994779aa736875a986763657a648254
408146 1 44 18 7 2 1 0 0 0  aaaa88888999a9994779aa736875a986763657a644525
408326 1 44 19 1 2 1 0 0 0  aaaa88885999a9994779aa736872a968653775a644685
408328 1 44 19 1 2 2 0 0 0  aaaa88885999a9995779aa756872a968645773a644683
408428 1 44 19 4 1 1 0 0 0  aaaa88884999a9993779aa736876a968556725a744685
408430 1 44 19 4 1 2 0 0 0  aaaa88885999a9995779aa756876a968446743a735682
408436 1 44 19 4 2 2 0 0 0  aaaa88885999a9995779aa756874a968446766a735382
408442 1 44 19 4 3 2 0 0 0  aaaa88885999a9995779aa756876a968446746a735382
408448 1 44 19 4 4 2 0 0 0  aaaa88885999a9995779aa756876a968466744a735382
408454 1 44 19 4 5 2 0 0 0  aaaa88885999a9995779aa756874a968666744a735382
408474 1 44 19 5 3 0 0 0 0  aaaa88885999a9993779aa736877a978662565a465484
408486 1 44 19 5 5 0 0 0 0  aaaa88885999a9993779aa732877a978565446a564686
408493 1 44 19 6 0 0 1 0 0  aaaa88884999a9994779aa772877a968654655a536683
408548 1 44 19 7 3 1 0 0 0  aaaa88884999a9993779aa736876a978566526a545784
408550 1 44 19 7 3 2 0 0 0  aaaa88885999a9995779aa756876a978366446a345782
408563 1 44 19 7 5 2 1 0 0  aaaa88886999a9996779aa762875a978546354a536784
408628 1 44 19 9 4 2 0 0 0  aaaa88885999a9995679aa377864a978775644a665382
408664 1 44 19 10 4 2 0 0 0  aaaa88885999a9995679aa357864a978777644a665382
408853 1 44 20 5 0 0 1 0 0  aaaa88888999a9994779aa743877a978663665a554256
408995 1 44 20 8 5 2 1 0 0  aaaa88888999a9994779aa772876a978654365a653645
409148 1 44 21 2 1 1 0 0 0  aaaa77756999a9994789aa488725a988883666a576534
409150 1 44 21 2 1 2 0 0 0  aaaa77756999a9993789aa588744a988883666a276545
409336 1 44 21 7 2 2 0 0 0  aaaa77753999a9993689aa588766a988882644a476575
409348 1 44 21 7 4 2 0 0 0  aaaa77753999a9993689aa588764a988882644a676575
409350 1 44 21 7 5 0 0 0 0  aaaa77763999a9993489aa688745a988882556a475676
409744 1 44 22 7 4 2 0 0 0  aaaa77753999a9993689aa528764a988888644a676575
409963 1 45 0 2 5 0 1 0 0  aaaa88777999a9999859aa862877a658876534a546364
409985 1 45 0 3 2 2 1 0 0  aaaa88666999a9999829aa847877a778854367a653545
410318 1 45 1 1 4 1 0 0 0  aaaa88874999a9999889aa447877a376586657a663525
410538 1 45 1 7 5 0 0 0 0  aaaa88865999a9999889aa637877a375485526a474676
410706 1 45 2 1 3 0 0 0 0  aaaa88875999a9999889aa847877a376663657a545264
410746 1 45 2 2 3 2 0 0 0  aaaa88835999a9999889aa857877a576665647a447362
410804 1 45 2 4 1 1 0 0 0  aaaa88874999a9999889aa837877a366576567a545624
410810 1 45 2 4 2 1 0 0 0  aaaa88875999a9999889aa847877a366673257a566454
410812 1 45 2 4 2 2 0 0 0  aaaa88875999a9999889aa857877a566675447a366432
410914 1 45 2 7 1 2 0 0 0  aaaa88826999a9999889aa857877a576665434a476375
410920 1 45 2 7 2 2 0 0 0  aaaa88835999a9999889aa857877a576665644a476372
410924 1 45 2 7 3 1 0 0 0  aaaa88844999a9999889aa847877a376663565a276575
410926 1 45 2 7 3 2 0 0 0  aaaa88835999a9999889aa857877a576665464a476372
410934 1 45 2 7 5 0 0 0 0  aaaa88865999a9999889aa837877a375465526a474676
411136 1 45 3 2 2 2 0 0 0  aaaa88854999a9999879aa877877a368663725a644565
411306 1 45 3 7 1 0 0 0 0  aaaa88865999a9999879aa847877a368646756a525734
411314 1 45 3 7 2 1 0 0 0  aaaa88854999a9999879aa837877a368662755a644765
411316 1 45 3 7 2 2 0 0 0  aaaa88845999a9999879aa857877a568665744a633762
411352 1 45 3 8 2 2 0 0 0  aaaa88854999a9999879aa837877a768663725a644565
411942 1 45 5 2 5 0 0 0 0  aaaa88875999a9999879aa777876a485645562a683634
412552 1 45 6 8 4 2 0 0 0  aaaa88854999a9999879aa537877a728686765a644635
412686 1 45 7 1 3 0 0 0 0  aaaa88885999a9999889aa747877a376663657a545264
412726 1 45 7 2 3 2 0 0 0  aaaa88885999a9999889aa357877a576665647a447362
412784 1 45 7 4 1 1 0 0 0  aaaa88884999a9999889aa737877a366576567a545624
412790 1 45 7 4 2 1 0 0 0  aaaa88885999a9999889aa747877a366673257a566454
412792 1 45 7 4 2 2 0 0 0  aaaa88885999a9999889aa757877a566675447a366432
412894 1 45 7 7 1 2 0 0 0  aaaa88886999a9999889aa257877a576665434a476375
412900 1 45 7 7 2 2 0 0 0  aaaa88885999a9999889aa357877a576665644a476372
412904 1 45 7 7 3 1 0 0 0  aaaa88884999a9999889aa447877a376663565a276575
412906 1 45 7 7 3 2 0 0 0  aaaa88885999a9999889aa357877a576665464a476372
412914 1 45 7 7 5 0 0 0 0  aaaa88885999a9999889aa637877a375465526a474676
413130 1 45 8 2 5 0 0 0 0  aaaa88875999a9999879aa777876a458645562a683634
413332 1 45 8 8 2 2 0 0 0  aaaa88854999a9999879aa447877a768663725a683565
413728 1 45 9 8 2 2 0 0 0  aaaa88854999a9999879aa537877a768663725a644865
413832 1 45 10 0 2 0 0 0 0  aaaa88885999a9999879aa747876a368663477a654552
413834 1 45 10 0 2 1 0 0 0  aaaa88885999a9999879aa747876a368663577a655442
414124 1 45 10 8 2 2 0 0 0  aaaa88884999a9999879aa537877a768663725a644565
414632 1 45 12 0 3 1 0 0 0  aaaa88885999a9999879aa748876a376663674a572554
414642 1 45 12 0 5 0 0 0 0  aaaa88885999a9999879aa748876a375645572a673664
415407 1 45 14 0 0 1 1 0 0  aaaa88828999a9999779aa663873a686764758a555744
416011 1 45 15 5 5 0 1 0 0  aaaa88855999a9999779aa754877a384647265a688663
416191 1 45 15 10 5 0 1 0 0  aaaa88855999a9999479aa357846a487777265a688663
416368 1 45 16 4 4 2 0 0 0  aaaa88835999a9999779aa756874a686665744a785382
416392 1 45 16 5 2 2 0 0 0  aaaa88853999a9999779aa736877a286657644a486585
416428 1 45 16 6 2 2 0 0 0  aaaa88853999a9999779aa776877a386652644a486585
416450 1 45 16 7 0 1 0 0 0  aaaa88874999a9999779aa736876a386744565a286585
416452 1 45 16 7 0 2 0 0 0  aaaa88875999a9999779aa756876a586735464a486382
416536 1 45 16 9 2 2 0 0 0  aaaa88853999a9999769aa737877a786652644a486585
417556 1 45 19 4 4 2 0 0 0  aaaa88885999a9999779aa756874a668665744a735382
417671 1 45 19 7 5 2 1 0 0  aaaa88886999a9999779aa762875a678546354a536784
417689 1 45 19 8 2 2 1 0 0  aaaa88884999a9999779aa776876a678254365a653584
418085 1 45 20 8 2 2 1 0 0  aaaa88888999a9999779aa776876a678354265a654534
418103 1 45 20 8 5 2 1 0 0  aaaa88888999a9999779aa772876a478654365a653645
418356 1 45 21 5 0 0 0 0 0  aaaa77766999a9999829aa868888a876565457a437345
418444 1 45 21 7 2 2 0 0 0  aaaa77753999a9999869aa838888a876652644a476575
419070 1 46 0 2 5 0 0 0 0  aaaa88777529a8875898aa549767a899999634a666354
419071 1 46 0 2 5 0 1 0 0  aaaa88777559a8873898aa539767a899999645a666442
419141 1 46 0 4 4 2 1 0 0  aaaa88777279a8854898aa549767a899999636a656534
419147 1 46 0 4 5 2 1 0 0  aaaa88777279a8854898aa549767a899999635a666534
419177 1 46 0 5 4 2 1 0 0  aaaa88777369a8874898aa539267a899999675a664545
419303 1 46 0 9 1 2 1 0 0  aaaa88666279a8854898aa549676a899999735a777534
419309 1 46 0 9 2 2 1 0 0  aaaa88666379a8854898aa539276a899999765a777544
419321 1 46 0 9 4 2 1 0 0  aaaa88656379a8854898aa539276a899999765a777644
419327 1 46 0 9 5 2 1 0 0  aaaa88654379a8854898aa539276a899999765a777664
419363 1 46 0 10 5 2 1 0 0  aaaa88765249a8865898aa659447a899999376a763775
419572 1 46 1 5 4 2 0 0 0  aaaa88854889a7773698aa539276a899999765a644675
419608 1 46 1 6 4 2 0 0 0  aaaa88854889a7777698aa539276a899999765a644635
419616 1 46 1 7 0 0 0 0 0  aaaa88875889a7774698aa639675a899999674a525634
419868 1 46 2 3 0 0 0 0 0  aaaa88875889a6684798aa739777a399999656a545264
420430 1 46 3 7 3 2 0 0 0  aaaa88854779a8753898aa739762a899999666a744565
420438 1 46 3 7 5 0 0 0 0  aaaa88865779a8763898aa739755a899999446a765642
420551 1 46 3 10 5 2 1 0 0  aaaa88865249a8765898aa659447a899999376a763775
420834 1 46 4 7 5 0 0 0 0  aaaa88865779a8764898aa879754a599999526a763643
420949 1 46 5 0 0 0 1 0 0  aaaa88877269a8776798aa879865a599999654a345364
420950 1 46 5 0 0 1 0 0 0  aaaa88877269a8776798aa879865a499999634a555364
420951 1 46 5 0 0 1 1 0 0  aaaa88877269a8776798aa879863a399999654a555464
420978 1 46 5 0 5 0 0 0 0  aaaa88877259a8775798aa879865a499999643a666345
420979 1 46 5 0 5 0 1 0 0  aaaa88877559a8773798aa879865a399999654a666424
421049 1 46 5 2 4 2 1 0 0  aaaa88857779a8754298aa879876a499999635a666534
421055 1 46 5 2 5 2 1 0 0  aaaa88857779a8754298aa879876a499999365a653664
421231 1 46 5 7 5 0 1 0 0  aaaa88865779a8764298aa879875a599999376a563644
421235 1 46 5 7 5 2 1 0 0  aaaa88865779a8765398aa879873a599999476a464652
421416 1 46 6 2 0 0 0 0 0  aaaa88875779a8784898aa739766a399999656a545264
421496 1 46 6 4 1 1 0 0 0  aaaa88874779a8783898aa739665a699999567a545624
421502 1 46 6 4 2 1 0 0 0  aaaa88875779a8784898aa739666a399999257a566454
421504 1 46 6 4 2 2 0 0 0  aaaa88875779a8785898aa759666a599999447a366432
421626 1 46 6 7 5 0 0 0 0  aaaa88865779a8784898aa739754a599999526a763646
422136 1 46 8 0 0 0 0 0 0  aaaa88877269a8776798aa879685a599999364a536445
422137 1 46 8 0 0 0 1 0 0  aaaa88877269a8776798aa879685a399999565a546434
422140 1 46 8 0 0 2 0 0 0  aaaa88877269a8776798aa879685a499999364a536554
422141 1 46 8 0 0 2 1 0 0  aaaa88877269a8776798aa879685a499999356a536544
422166 1 46 8 0 5 0 0 0 0  aaaa88877259a8775798aa879586a499999364a635664
422167 1 46 8 0 5 0 1 0 0  aaaa88877559a8773798aa879586a399999564a642664
422237 1 46 8 2 4 2 1 0 0  aaaa88857779a8754298aa879786a499999635a666534
422243 1 46 8 2 5 2 1 0 0  aaaa88857779a8754298aa879786a499999365a653664
422419 1 46 8 7 5 0 1 0 0  aaaa88865779a8764298aa879785a599999356a763644
422423 1 46 8 7 5 2 1 0 0  aaaa88865779a8765298aa879784a599999346a763645
422533 1 46 9 0 0 0 1 0 0  aaaa88877269a8776798aa879658a599999564a346354
422562 1 46 9 0 5 0 0 0 0  aaaa88877259a8775798aa879568a499999634a666354
422563 1 46 9 0 5 0 1 0 0  aaaa88877559a8773798aa879568a399999654a666424
422639 1 46 9 2 5 2 1 0 0  aaaa88857779a8754298aa879768a499999635a666534
422761 1 46 9 6 2 0 1 0 0  aaaa88865779a8774398aa849778a399999666a525546
422764 1 46 9 6 2 2 0 0 0  aaaa88865779a8775298aa859778a599999666a344436
422785 1 46 9 7 0 0 1 0 0  aaaa88866779a8756598aa879758a399999646a753442
422815 1 46 9 7 5 0 1 0 0  aaaa88865779a8764298aa879758a599999536a764634
422819 1 46 9 7 5 2 1 0 0  aaaa88865779a8765298aa879748a599999436a764635
422928 1 46 10 0 0 0 0 0 0  aaaa88885779a8664898aa739766a399999576a572454
422930 1 46 10 0 0 1 0 0 0  aaaa88885779a8664898aa739766a399999576a575442
422978 1 46 10 1 2 1 0 0 0  aaaa88884779a8744898aa739666a399999757a566525
423210 1 46 10 7 5 0 0 0 0  aaaa88885779a8764898aa739754a599999526a763646
423782 1 46 12 1 4 1 0 0 0  aaaa88884879a7744898aa739765a699999657a663525
424002 1 46 12 7 5 0 0 0 0  aaaa88885879a7763898aa639754a599999526a474676
424178 1 46 13 1 4 1 0 0 0  aaaa88884879a7744798aa739865a699999657a663525
424312 1 46 13 5 2 2 0 0 0  aaaa88884879a7753798aa449862a799999765a663565
424515 1 46 14 0 0 1 1 0 0  aaaa88878779a6624398aa749876a399999758a565546
424517 1 46 14 0 0 2 1 0 0  aaaa88878779a6624398aa749876a399999758a564556
424546 1 46 14 0 5 2 0 0 0  aaaa88878779a3645298aa759876a599999768a635644
424547 1 46 14 0 5 2 1 0 0  aaaa88878779a4635298aa759876a599999768a644653
424552 1 46 14 1 0 2 0 0 0  aaaa88868779a7664698aa739856a399999578a545724
424621 1 46 14 3 0 0 1 0 0  aaaa88878779a7766298aa769865a599999458a464335
424625 1 46 14 3 0 2 1 0 0  aaaa88878779a7766298aa769865a499999358a563544
424679 1 46 14 4 3 2 1 0 0  aaaa88878779a7666298aa749856a499999538a565734
424689 1 46 14 4 5 1 1 0 0  aaaa88878779a7555298aa749865a499999638a666734
424765 1 46 14 7 0 0 1 0 0  aaaa88868779a7665298aa749867a499999738a655534
424805 1 46 14 8 0 2 1 0 0  aaaa88848779a7766298aa769865a799999358a563454
424943 1 46 15 0 5 2 1 0 0  aaaa88877739a8675398aa459876a799999264a685654
425006 1 46 15 2 4 1 0 0 0  aaaa88875779a8754698aa739876a399999465a684625
425011 1 46 15 2 5 0 1 0 0  aaaa88875779a8755298aa749876a499999365a683664
425057 1 46 15 4 0 2 1 0 0  aaaa88876779a8766298aa749856a499999537a585634
425066 1 46 15 4 2 1 0 0 0  aaaa88874779a8744698aa739866a399999657a586525
425121 1 46 15 5 5 1 1 0 0  aaaa88855779a8754298aa779876a499999365a683664
425170 1 46 15 7 1 2 0 0 0  aaaa88854779a8753698aa739876a699999675a682445
425229 1 46 15 8 5 1 1 0 0  aaaa88855779a8774298aa579876a499999365a683664
425289 1 46 15 10 3 1 1 0 0  aaaa88855669a8764298aa569867a499999375a783774
425339 1 46 16 0 5 2 1 0 0  aaaa88877739a8674398aa549876a799999265a654865
425341 1 46 16 1 0 0 1 0 0  aaaa88877779a8766298aa769855a499999656a354834
425401 1 46 16 2 4 0 1 0 0  aaaa88875779a8755298aa749876a499999635a666834
425411 1 46 16 2 5 2 1 0 0  aaaa88876779a8746298aa769875a699999354a536854
425453 1 46 16 4 0 2 1 0 0  aaaa88876779a8766298aa749865a499999357a563854
425511 1 46 16 5 4 1 1 0 0  aaaa88855779a8754298aa779876a499999635a666834
425566 1 46 16 7 1 2 0 0 0  aaaa88854779a8753698aa739876a699999675a644825
425619 1 46 16 8 4 1 1 0 0  aaaa88855779a8774298aa579876a499999635a666834
425669 1 46 16 10 0 2 1 0 0  aaaa88876669a8574298aa769865a499999357a573847
425700 1 46 17 0 0 0 0 0 0  aaaa88885779a8664698aa739876a399999557a765442
425702 1 46 17 0 0 1 0 0 0  aaaa88885779a8664698aa739876a399999457a764552
425713 1 46 17 0 2 0 1 0 0  aaaa88885779a8666398aa749876a399999267a755544
425717 1 46 17 0 2 2 1 0 0  aaaa88885779a8666298aa759876a599999467a744353
425723 1 46 17 0 3 2 1 0 0  aaaa88885779a8666298aa759876a599999347a763445
425725 1 46 17 0 4 0 1 0 0  aaaa88885779a8656398aa749876a399999267a755644
425729 1 46 17 0 4 2 1 0 0  aaaa88885779a8636298aa759876a599999467a744653
425731 1 46 17 0 5 0 1 0 0  aaaa88885779a8655298aa749876a499999367a753664
425750 1 46 17 1 2 1 0 0 0  aaaa88884779a8744698aa739866a399999757a566525
425797 1 46 17 2 4 0 1 0 0  aaaa88885779a8755298aa749876a499999637a666534
425803 1 46 17 2 5 0 1 0 0  aaaa88885779a8755298aa749876a499999367a653664
425849 1 46 17 4 0 2 1 0 0  aaaa88886779a8766298aa749856a499999537a575634
425858 1 46 17 4 2 1 0 0 0  aaaa88884779a8744698aa739866a399999657a576525
425962 1 46 17 7 1 2 0 0 0  aaaa88884779a8753698aa739876a699999675a652445
426061 1 46 17 10 0 0 1 0 0  aaaa88885669a8755298aa649867a499999376a753774
426099 1 46 18 0 0 1 1 0 0  aaaa88888779a6624398aa749876a399999557a764556
426100 1 46 18 0 0 2 0 0 0  aaaa88888779a6635298aa759876a599999447a765346
426101 1 46 18 0 0 2 1 0 0  aaaa88888779a6635498aa759874a499999267a765356
426103 1 46 18 0 1 0 1 0 0  aaaa88888779a6664298aa769875a499999557a756343
426115 1 46 18 0 3 0 1 0 0  aaaa88888779a6665298aa749876a499999637a755534
426205 1 46 18 3 0 0 1 0 0  aaaa88888779a7766298aa769865a599999457a464335
426209 1 46 18 3 0 2 1 0 0  aaaa88888779a7766298aa769865a499999357a563544
426263 1 46 18 4 3 2 1 0 0  aaaa88888779a7666298aa749856a499999537a565734
426273 1 46 18 4 5 1 1 0 0  aaaa88888779a7555298aa749865a499999637a666734
426349 1 46 18 7 0 0 1 0 0  aaaa88888779a7665298aa749867a499999736a655534
426497 1 46 19 0 0 2 1 0 0  aaaa88885779a8665498aa759748a499999276a676353
426503 1 46 19 0 1 2 1 0 0  aaaa88885779a8666298aa759768a599999374a673454
426515 1 46 19 0 3 2 1 0 0  aaaa88885779a8666298aa759748a599999476a674353
426523 1 46 19 0 5 0 1 0 0  aaaa88886779a8556298aa769748a699999475a476353
426542 1 46 19 1 2 1 0 0 0  aaaa88885779a8744698aa749668a399999757a663552
426754 1 46 19 7 1 2 0 0 0  aaaa88884779a8753698aa739768a699999665a752445
427283 1 46 20 10 5 2 1 0 0  aaaa88888279a8654798aa549777a799999365a653664
427861 1 46 22 5 0 0 1 0 0  aaaa78775669a8755297aa649786a499999836a888534
428003 1 46 22 8 5 2 1 0 0  aaaa78777269a8754697aa549686a699999835a888534
