0 0 0 0 0 0 0 0 0 0  aaaa99886879a9875969aaa887698676595454a774332
18 1 0 0 0 3 0 0 0 0  aaaa99885879a9874969aaa887698376693565a775442
20 1 0 0 0 3 1 0 0 0  aaaa99885879a9874969aaa887698376693465a774525
31 1 0 0 0 5 0 1 0 0  aaaa99886879a9876929aaa887598675596444a776533
113 1 0 0 3 0 2 1 0 0  aaaa99885879a9875939aaa887798766395462a464765
122 1 0 0 3 2 1 0 0 0  aaaa99884879a9873969aaa887798766494566a553752
185 1 0 0 5 0 2 1 0 0  aaaa99885879a9877939aaa887798566395462a464765
194 1 0 0 5 2 1 0 0 0  aaaa99884879a9877969aaa887798366494566a553752
289 1 0 0 8 0 0 1 0 0  aaaa99884879a9874939aaa887798776693656a554265
379 1 0 0 10 3 0 1 0 0  aaaa99884869a9866939aaa886798457593725a777654
393 1 0 0 10 5 1 1 0 0  aaaa99886829a9846959aaa885798657596734a777364
396 1 0 1 0 0 0 0 0 0  aaaa99888879a9875989aaa487696376693556a775442
398 1 0 1 0 0 1 0 0 0  aaaa99888879a9875989aaa487696376693456a774552
792 1 0 2 0 0 0 0 0 0  aaaa99888789a9875979aaa488797376693656a545264
900 1 0 2 3 0 0 0 0 0  aaaa99888789a9875979aaa488696377793665a455246
1189 1 0 3 0 0 0 1 0 0  aaaa99888879a9875989aaa476698467396277a655534
1200 1 0 3 0 2 0 0 0 0  aaaa99888879a9874989aaa376698657593577a662454
1212 1 0 3 0 4 0 0 0 0  aaaa99888879a9874989aaa375698657593677a662454
1310 1 0 3 3 2 1 0 0 0  aaaa99888879a9874989aaa377798366596566a545724
1314 1 0 3 3 3 0 0 0 0  aaaa99888879a9874989aaa377798366692556a456745
1316 1 0 3 3 3 1 0 0 0  aaaa99888879a9874989aaa377798366692546a556745
1326 1 0 3 3 5 0 0 0 0  aaaa99888879a9875989aaa477798256495653a666743
1476 1 0 3 8 0 0 0 0 0  aaaa99888879a9875989aaa377798366792565a465464
1729 1 0 4 4 0 0 1 0 0  aaaa99888889a9866929aaa677793556795458a464773
1733 1 0 4 4 0 2 1 0 0  aaaa99888889a9866959aaa677792455795638a364774
1870 1 0 4 7 5 2 0 0 0  aaaa99888889a9856979aaa677795643496478a376525
1981 1 0 5 0 0 0 1 0 0  aaaa99888879a9875979aaa476698462896737a655534
2006 1 0 5 0 4 1 0 0 0  aaaa99888879a9875979aaa476698346894757a663552
2102 1 0 5 3 2 1 0 0 0  aaaa99888879a9875969aaa477798366893566a545724
2104 1 0 5 3 2 2 0 0 0  aaaa99888879a9875969aaa577798566895466a433742
2250 1 0 5 7 3 0 0 0 0  aaaa99888879a9877929aaa776698665895547a643453
2251 1 0 5 7 3 0 1 0 0  aaaa99888879a9877929aaa776698665895547a633445
2268 1 0 5 8 0 0 0 0 0  aaaa99888879a9875979aaa377798366892565a465464
2407 1 0 6 0 5 0 1 0 0  aaaa99888879a9876929aaa687598675596444a776533
2498 1 0 6 3 2 1 0 0 0  aaaa99888879a9874969aaa387798766494566a553752
2570 1 0 6 5 2 1 0 0 0  aaaa99888879a9877969aaa487798366494566a553752
2769 1 0 6 10 5 1 1 0 0  aaaa99888829a9846959aaa685798657596734a777364
2780 1 0 7 0 1 1 0 0 0  aaaa99775889a9884989aaa367697687793865a652445
2782 1 0 7 0 1 2 0 0 0  aaaa99775889a9885989aaa567697687795864a644332
2894 1 0 7 3 2 1 0 0 0  aaaa99744889a9885989aaa477797386793865a662565
2896 1 0 7 3 2 2 0 0 0  aaaa99745889a9885989aaa577797586794863a662364
2900 1 0 7 3 3 1 0 0 0  aaaa99754889a9885989aaa377797386796865a662445
2902 1 0 7 3 3 2 0 0 0  aaaa99745889a9885989aaa577797586796863a662443
2906 1 0 7 3 4 1 0 0 0  aaaa99754889a9885989aaa377797386792865a666445
2908 1 0 7 3 4 2 0 0 0  aaaa99745889a9885989aaa577797586792863a666443
2912 1 0 7 3 5 1 0 0 0  aaaa99765889a9884989aaa377797385792846a565646
2954 1 0 7 5 0 1 0 0 0  aaaa99777889a9885989aaa466597386793876a655442
2990 1 0 7 6 0 1 0 0 0  aaaa99665889a9884989aaa377797386797856a644552
3098 1 0 7 9 0 1 0 0 0  aaaa99665889a9884989aaa377797786793856a644552
3170 1 0 8 0 0 1 0 0 0  aaaa99888879a9874979aaa376698365596758a672454
3239 1 0 8 1 5 2 1 0 0  aaaa99888879a9877939aaa472698476593758a666554
3296 1 0 8 3 3 1 0 0 0  aaaa99888879a9874969aaa677798366494568a553752
3314 1 0 8 4 0 1 0 0 0  aaaa99888879a9877979aaa476698376494568a553652
3433 1 0 8 7 2 0 1 0 0  aaaa99888879a9877929aaa776698665594568a374534
3439 1 0 8 7 3 0 1 0 0  aaaa99888879a9877929aaa776698665594538a674534
3464 1 0 8 8 1 1 0 0 0  aaaa99888879a9874979aaa377798366596568a545624
3470 1 0 8 8 2 1 0 0 0  aaaa99888879a9875979aaa477798366693258a566454
3472 1 0 8 8 2 2 0 0 0  aaaa99888879a9875979aaa577798566695448a366432
3590 1 0 9 0 4 1 0 0 0  aaaa99888879a9875979aaa476698326598757a663454
3592 1 0 9 0 4 2 0 0 0  aaaa99888879a9875979aaa576698546498737a665432
3686 1 0 9 3 2 1 0 0 0  aaaa99888879a9874969aaa377798366598566a545724
3834 1 0 9 7 3 0 0 0 0  aaaa99888879a9877929aaa776698665598547a634543
3835 1 0 9 7 3 0 1 0 0  aaaa99888879a9877939aaa776698665398557a624544
3852 1 0 9 8 0 0 0 0 0  aaaa99888879a9874979aaa377798366598565a562464
3979 1 0 10 0 3 0 1 0 0  aaaa99776889a9885989aaa438797478793626a656554
4104 1 0 10 4 0 0 0 0 0  aaaa99777889a9885989aaa478696378793665a455246
4140 1 0 10 5 0 0 0 0 0  aaaa99777889a9885989aaa468697368793476a654552
4142 1 0 10 5 0 1 0 0 0  aaaa99777889a9885989aaa468697368793576a655442
4154 1 0 10 5 2 1 0 0 0  aaaa99777889a9884989aaa368697658793675a652445
4166 1 0 10 5 4 1 0 0 0  aaaa99777889a9885989aaa468697348794675a663525
4176 1 0 10 6 0 0 0 0 0  aaaa99665889a9884989aaa378797778793665a455246
4340 1 0 10 10 3 1 0 0 0  aaaa99744889a9885989aaa468696368793275a756775
4342 1 0 10 10 3 2 0 0 0  aaaa99745889a9885989aaa568696568792474a736773
4350 1 0 10 10 5 0 0 0 0  aaaa99765889a9884989aaa358496558793276a764776
4574 1 0 11 6 0 1 0 0 0  aaaa99664889a9888989aaa377797385797665a552446
4788 1 0 12 1 0 0 0 0 0  aaaa99777889a9885989aaa477696388793665a455246
4842 1 0 12 2 3 0 0 0 0  aaaa99777889a9885989aaa476696388793567a546254
4872 1 0 12 3 2 0 0 0 0  aaaa99765889a9884989aaa377797388792666a455546
4968 1 0 12 6 0 0 0 0 0  aaaa99665889a9884989aaa377797388797665a455246
5040 1 0 12 8 0 0 0 0 0  aaaa99665889a9884989aaa377797388497576a656245
5041 1 0 12 8 0 0 1 0 0  aaaa99664889a9884989aaa477797388597576a656532
5042 1 0 12 8 0 1 0 0 0  aaaa99665889a9883989aaa377797288597476a646554
5076 1 0 12 9 0 0 0 0 0  aaaa99665889a9884989aaa377797788793665a455246
5366 1 0 13 6 0 1 0 0 0  aaaa99664889a9883989aaa877797385797665a552446
5544 1 0 14 0 0 0 0 0 0  aaaa99775889a9883979aaa388897766792565a465464
5590 1 0 14 1 1 2 0 0 0  aaaa99777889a9884969aaa388895376796765a652445
5616 1 0 14 2 0 0 0 0 0  aaaa99777889a9885979aaa388897366792565a465464
5762 1 0 14 6 0 1 0 0 0  aaaa99665889a9884979aaa388896377597677a644552
5945 1 0 15 0 0 2 1 0 0  aaaa99888779a9866979aaa637698537895278a465445
5978 1 0 15 1 0 1 0 0 0  aaaa99888779a9875979aaa466598376893768a565442
6012 1 0 15 2 0 0 0 0 0  aaaa99888779a9875979aaa467698367893568a562454
6014 1 0 15 2 0 1 0 0 0  aaaa99888779a9875979aaa467698367893568a565442
6038 1 0 15 2 4 1 0 0 0  aaaa99888779a9875979aaa467698347894658a663552
6334 1 0 15 10 5 2 0 0 0  aaaa99888449a9826959aaa654798657895738a777366
6335 1 0 15 10 5 2 1 0 0  aaaa99888449a9846959aaa653798657895738a777266
7128 1 0 18 0 0 0 0 0 0  aaaa99775889a9888979aaa388797366792565a465464
7169 1 0 18 1 0 2 1 0 0  aaaa99777889a9888969aaa688295676794735a654534
7586 1 0 19 1 4 1 0 0 0  aaaa99844889a9884989aaa378797376596675a662575
7588 1 0 19 1 4 2 0 0 0  aaaa99845889a9885989aaa578797576496673a662473
7626 1 0 19 2 5 0 0 0 0  aaaa99865889a9884989aaa378797375495576a267646
7694 1 0 19 4 4 1 0 0 0  aaaa99844889a9884989aaa378797356796675a662575
7696 1 0 19 4 4 2 0 0 0  aaaa99845889a9885989aaa578797546796674a662373
7724 1 0 19 5 3 1 0 0 0  aaaa99844889a9885989aaa478797376793666a257565
7726 1 0 19 5 3 2 0 0 0  aaaa99845889a9885989aaa578797576792666a447363
7776 1 0 19 7 0 0 0 0 0  aaaa99875889a9884989aaa378797376692656a744565
7778 1 0 19 7 0 1 0 0 0  aaaa99875889a9885989aaa378797376692646a755464
7784 1 0 19 7 1 1 0 0 0  aaaa99875889a9884989aaa378797376696656a744552
7794 1 0 19 7 3 0 0 0 0  aaaa99875889a9884989aaa378797376696645a755642
7796 1 0 19 7 3 1 0 0 0  aaaa99875889a9884989aaa378797376696645a752645
7842 1 0 19 8 5 0 0 0 0  aaaa99865889a9884989aaa378797775495526a763646
8353 1 0 21 1 0 0 1 0 0  aaaa99777889a9665929aaa488898876794736a655534
8713 1 0 22 0 0 0 1 0 0  aaaa99877279a9875979aaa766594536893586a846884
8715 1 0 22 0 0 1 1 0 0  aaaa99877279a9874979aaa766593456894586a856883
8716 1 0 22 0 0 2 0 0 0  aaaa99877279a9875979aaa766493546895486a836885
8717 1 0 22 0 0 2 1 0 0  aaaa99877279a9875979aaa763693564895486a846885
8718 1 0 22 0 1 0 0 0 0  aaaa99877279a9876979aaa766695534896385a845884
8719 1 0 22 0 1 0 1 0 0  aaaa99877279a9876979aaa766695355896485a844883
8720 1 0 22 0 1 1 0 0 0  aaaa99877279a9876979aaa766694354896585a845883
8721 1 0 22 0 1 1 1 0 0  aaaa99877279a9876979aaa766695354896585a844883
8722 1 0 22 0 1 2 0 0 0  aaaa99877279a9876979aaa766694345896584a855883
8723 1 0 22 0 1 2 1 0 0  aaaa99877279a9875979aaa766396546895484a836885
8725 1 0 22 0 2 0 1 0 0  aaaa99877279a9875979aaa766596546896484a853883
8730 1 0 22 0 3 0 0 0 0  aaaa99877279a9875979aaa766695534896386a854884
8731 1 0 22 0 3 0 1 0 0  aaaa99877279a9874979aaa766695455896386a853884
8733 1 0 22 0 3 1 1 0 0  aaaa99877379a9873979aaa766695425896586a854884
8735 1 0 22 0 3 2 1 0 0  aaaa99877279a9874979aaa766596435896683a855884
8804 1 0 22 2 3 1 0 0 0  aaaa99844779a9875979aaa467696367893285a856885
8806 1 0 22 2 3 2 0 0 0  aaaa99845779a9875979aaa567696567892484a836883
8814 1 0 22 2 5 0 0 0 0  aaaa99865779a9874979aaa357496557893286a864886
8994 1 0 22 7 5 0 0 0 0  aaaa99875779a9874979aaa357694556893682a866884
9358 1 1 0 6 5 2 0 0 0  aaaa99988998a7685829aaa897777587695364a635644
9359 1 1 0 6 5 2 1 0 0  aaaa99988998a7685829aaa897777587695463a644653
9373 1 1 0 7 2 0 1 0 0  aaaa99988998a7787859aaa896764685793656a543427
9378 1 1 0 7 3 0 0 0 0  aaaa99988998a7787829aaa896766585795634a544367
9379 1 1 0 7 3 0 1 0 0  aaaa99988998a7787859aaa896766385793654a542467
9383 1 1 0 7 3 2 1 0 0  aaaa99988998a7787839aaa896762685793546a655447
9384 1 1 0 7 4 0 0 0 0  aaaa99988998a7787829aaa896766685795643a454357
9385 1 1 0 7 4 0 1 0 0  aaaa99988998a7787849aaa896766684794655a353257
9391 1 1 0 7 5 0 1 0 0  aaaa99988998a7787829aaa895743586795653a666447
9502 1 1 0 10 5 2 0 0 0  aaaa99988998a7685829aaa893764587695763a775644
9503 1 1 0 10 5 2 1 0 0  aaaa99988998a7685839aaa892764587693764a775654
9526 1 1 1 0 3 2 0 0 0  aaaa99977998a8864889aaa398757376697658a562454
9590 1 1 1 2 2 1 0 0 0  aaaa99954998a8844889aaa598777327697678a663565
9592 1 1 1 2 2 2 0 0 0  aaaa99945998a8835889aaa598777527697678a664364
9596 1 1 1 2 3 1 0 0 0  aaaa99954998a8844889aaa398777367597678a662565
9598 1 1 1 2 3 2 0 0 0  aaaa99945998a8835889aaa598777567497678a662463
9626 1 1 1 3 2 1 0 0 0  aaaa99954998a8844889aaa398777777693658a662565
9628 1 1 1 3 2 2 0 0 0  aaaa99945998a8835889aaa598777777695648a662463
9662 1 1 1 4 2 1 0 0 0  aaaa99954998a8844889aaa398777377697658a662565
9664 1 1 1 4 2 2 0 0 0  aaaa99945998a8835889aaa598777577697648a662463
9668 1 1 1 4 3 1 0 0 0  aaaa99964998a8844889aaa398777377597668a566525
9692 1 1 1 5 1 1 0 0 0  aaaa99954998a8844889aaa398777367696758a662575
9694 1 1 1 5 1 2 0 0 0  aaaa99945998a8835889aaa598777567696748a662473
9698 1 1 1 5 2 1 0 0 0  aaaa99954998a8853889aaa598777367696728a644675
9700 1 1 1 5 2 2 0 0 0  aaaa99945998a8835889aaa598777567696728a644673
9706 1 1 1 5 3 2 0 0 0  aaaa99956998a8854889aaa398777367696728a644575
9710 1 1 1 5 4 1 0 0 0  aaaa99954998a8853889aaa598777327696768a644675
9712 1 1 1 5 4 2 0 0 0  aaaa99945998a8835889aaa598777527696768a644673
9716 1 1 1 5 5 1 0 0 0  aaaa99965998a8863889aaa398777257595748a464676
9746 1 1 1 6 4 1 0 0 0  aaaa99954998a8853889aaa598777727696768a644635
9748 1 1 1 6 4 2 0 0 0  aaaa99945998a8835889aaa598777727696768a635644
9764 1 1 1 7 1 1 0 0 0  aaaa99975998a8844889aaa498777367696678a563552
9770 1 1 1 7 2 1 0 0 0  aaaa99975998a8844889aaa498777367696578a655632
9776 1 1 1 7 3 1 0 0 0  aaaa99975998a8844889aaa498777367696678a555632
9782 1 1 1 7 4 1 0 0 0  aaaa99975998a8844889aaa498777367593678a666552
9950 1 1 2 1 2 1 0 0 0  aaaa99954998a8844889aaa398778777693657a662565
9952 1 1 2 1 2 2 0 0 0  aaaa99945998a8835889aaa598778777695647a662463
10034 1 1 2 3 4 1 0 0 0  aaaa99974998a8844889aaa398658677797657a663525
10202 1 1 2 8 2 1 0 0 0  aaaa99954998a8844889aaa398768377797657a662565
10204 1 1 2 8 2 2 0 0 0  aaaa99945998a8835889aaa598768577797647a662463
10232 1 1 2 9 1 1 0 0 0  aaaa99964998a8844889aaa398758767696756a773525
10250 1 1 2 9 4 1 0 0 0  aaaa99954998a8844889aaa398768757696765a773625
10252 1 1 2 9 4 2 0 0 0  aaaa99945998a8835889aaa598768747696764a775623
10566 1 1 3 7 3 0 0 0 0  aaaa99978998a8855289aaa897877576696645a734643
10567 1 1 3 7 3 0 1 0 0  aaaa99978998a8855289aaa897877576696633a754644
10569 1 1 3 7 3 1 1 0 0  aaaa99978998a8855289aaa897877476696635a754634
10579 1 1 3 7 5 0 1 0 0  aaaa99978998a8864389aaa897877375594526a764656
10614 1 1 3 8 5 0 0 0 0  aaaa99968998a8865789aaa897877475495526a763643
10691 1 1 3 10 5 2 1 0 0  aaaa99968998a8865289aaa894876543795476a763775
10709 1 1 4 0 2 2 1 0 0  aaaa99977998a8854889aaa897667627697865a354534
10727 1 1 4 0 5 2 1 0 0  aaaa99977998a8854889aaa897367427697865a653645
10816 1 1 4 3 2 2 0 0 0  aaaa99954998a8844889aaa897777376297865a663565
10850 1 1 4 4 2 1 0 0 0  aaaa99974998a8873889aaa897774466693857a566525
10900 1 1 4 5 4 2 0 0 0  aaaa99954998a8853889aaa897774472696867a657635
10974 1 1 4 7 5 0 0 0 0  aaaa99965998a8864889aaa897776374595856a274673
11008 1 1 4 8 4 2 0 0 0  aaaa99954998a8844889aaa897777372696865a657635
11134 1 1 5 1 1 2 0 0 0  aaaa99964998a8853789aaa897875387697766a652445
11170 1 1 5 2 1 2 0 0 0  aaaa99954998a8853789aaa897875386792766a676445
11176 1 1 5 2 2 2 0 0 0  aaaa99954998a8853789aaa897874486793765a676625
11188 1 1 5 2 4 2 0 0 0  aaaa99954998a8853789aaa897874486793765a672665
11192 1 1 5 2 5 1 0 0 0  aaaa99965998a8864789aaa897876385793746a575642
11212 1 1 5 3 2 2 0 0 0  aaaa99954998a8853789aaa897877387692765a666445
11224 1 1 5 3 4 2 0 0 0  aaaa99954998a8853789aaa897877387696765a644625
11230 1 1 5 3 5 2 0 0 0  aaaa99954998a8853789aaa897877387692765a644665
11254 1 1 5 4 3 2 0 0 0  aaaa99954998a8853789aaa897875387696766a672445
11260 1 1 5 4 4 2 0 0 0  aaaa99954998a8853789aaa897874487696765a673625
11266 1 1 5 4 5 2 0 0 0  aaaa99954998a8853789aaa897874487693765a672665
11284 1 1 5 5 2 2 0 0 0  aaaa99954998a8853789aaa897874486793767a662565
11290 1 1 5 5 3 2 0 0 0  aaaa99954998a8853789aaa897875386796767a662445
11296 1 1 5 5 4 2 0 0 0  aaaa99954998a8853789aaa897875386792767a666445
11300 1 1 5 5 5 1 0 0 0  aaaa99965998a8864789aaa897876385793747a565642
11392 1 1 5 8 2 2 0 0 0  aaaa99954998a8844789aaa897877386793765a662565
11398 1 1 5 8 3 2 0 0 0  aaaa99954998a8853789aaa897877386796765a662445
11404 1 1 5 8 4 2 0 0 0  aaaa99954998a8853789aaa897877386792765a666445
11408 1 1 5 8 5 1 0 0 0  aaaa99965998a8864789aaa897877385793746a565642
11458 1 1 5 10 1 2 0 0 0  aaaa99954998a8853689aaa896876386792675a744775
11479 1 1 5 10 5 0 1 0 0  aaaa99965998a8864289aaa895876583794576a763774
11536 1 1 6 1 2 2 0 0 0  aaaa99954998a8844789aaa898877376793765a662565
11542 1 1 6 1 3 2 0 0 0  aaaa99954998a8853789aaa898877376796765a662445
11548 1 1 6 1 4 2 0 0 0  aaaa99954998a8853789aaa898877376792765a666445
11552 1 1 6 1 5 1 0 0 0  aaaa99965998a8864789aaa898877375793746a565642
11690 1 1 6 5 4 1 0 0 0  aaaa99974998a8853789aaa898877356796675a662445
11692 1 1 6 5 4 2 0 0 0  aaaa99975998a8845789aaa898877546796674a665332
11728 1 1 6 6 4 2 0 0 0  aaaa99954998a8853789aaa898877726796675a663445
11738 1 1 6 7 0 1 0 0 0  aaaa99975998a8847289aaa898877766794563a565364
11740 1 1 6 7 0 2 0 0 0  aaaa99975998a8837289aaa898877766795464a465365
11744 1 1 6 7 1 1 0 0 0  aaaa99974998a8857289aaa898877766796564a553634
11746 1 1 6 7 1 2 0 0 0  aaaa99973998a8857289aaa898877766796465a453645
11749 1 1 6 7 2 0 1 0 0  aaaa99974998a8857289aaa898877766796566a534543
11750 1 1 6 7 2 1 0 0 0  aaaa99974998a8857289aaa898877766796566a553443
11761 1 1 6 7 4 0 1 0 0  aaaa99974998a8857289aaa898877765796666a534543
11762 1 1 6 7 4 1 0 0 0  aaaa99974998a8857289aaa898877765796666a553443
11839 1 1 6 9 5 0 1 0 0  aaaa99965998a8864289aaa898876457395756a777634
11841 1 1 6 9 5 1 1 0 0  aaaa99965998a8864289aaa898876457595736a777634
11842 1 1 6 9 5 2 0 0 0  aaaa99965998a8865289aaa898876537495736a777644
11843 1 1 6 9 5 2 1 0 0  aaaa99965998a8865289aaa898876547494736a777635
11875 1 1 6 10 5 0 1 0 0  aaaa99965998a8864289aaa898876453795576a763774
11877 1 1 6 10 5 1 1 0 0  aaaa99965998a8864289aaa898876455795376a763774
11878 1 1 6 10 5 2 0 0 0  aaaa99965998a8865289aaa898876534795376a764774
11879 1 1 6 10 5 2 1 0 0  aaaa99965998a8865289aaa898876544794376a763775
12066 1 1 7 5 1 0 0 0 0  aaaa99965998a8884889aaa398777367696756a545274
12074 1 1 7 5 2 1 0 0 0  aaaa99954998a8883889aaa398777267696755a644675
12076 1 1 7 5 2 2 0 0 0  aaaa99945998a8885889aaa598777567696744a633672
12080 1 1 7 5 3 1 0 0 0  aaaa99954998a8883889aaa398777267696756a644575
12082 1 1 7 5 3 2 0 0 0  aaaa99945998a8885889aaa598777567696736a644372
12086 1 1 7 5 4 1 0 0 0  aaaa99954998a8883889aaa398777257696765a644675
12088 1 1 7 5 4 2 0 0 0  aaaa99945998a8885889aaa598777547696764a633672
12092 1 1 7 5 5 1 0 0 0  aaaa99965998a8883889aaa398777257595746a464676
12122 1 1 7 6 4 1 0 0 0  aaaa99954998a8883889aaa398777757696765a644625
12124 1 1 7 6 4 2 0 0 0  aaaa99945998a8885889aaa598777747696764a635623
12132 1 1 7 7 0 0 0 0 0  aaaa99975998a8884889aaa398777367692674a556654
12134 1 1 7 7 0 1 0 0 0  aaaa99975998a8884889aaa398777367692675a456645
12140 1 1 7 7 1 1 0 0 0  aaaa99975998a8884889aaa398777367696674a562554
12150 1 1 7 7 3 0 0 0 0  aaaa99975998a8884889aaa398777367696675a455642
12152 1 1 7 7 3 1 0 0 0  aaaa99975998a8884889aaa398777367696674a555624
12158 1 1 7 7 4 1 0 0 0  aaaa99975998a8884889aaa398777367592674a666554
12293 1 1 8 0 2 2 1 0 0  aaaa99977998a8854789aaa896867672697835a654534
12311 1 1 8 0 5 2 1 0 0  aaaa99977998a8854789aaa892867473697865a653645
12334 1 1 8 1 3 2 0 0 0  aaaa99954998a8853789aaa897875377696866a672445
12340 1 1 8 1 4 2 0 0 0  aaaa99954998a8853789aaa897874477696865a673625
12346 1 1 8 1 5 2 0 0 0  aaaa99954998a8853789aaa897874477693865a672665
12380 1 1 8 2 5 1 0 0 0  aaaa99964998a8863789aaa897876375597856a762454
12400 1 1 8 3 2 2 0 0 0  aaaa99954998a8853789aaa897877377692865a666445
12412 1 1 8 3 4 2 0 0 0  aaaa99954998a8853789aaa897877377696865a644625
12418 1 1 8 3 5 2 0 0 0  aaaa99954998a8853789aaa897877377692865a644665
12430 1 1 8 4 1 2 0 0 0  aaaa99964998a8853789aaa897875377697866a652445
12472 1 1 8 5 2 2 0 0 0  aaaa99954998a8853789aaa897875376696867a744625
12478 1 1 8 5 3 2 0 0 0  aaaa99954998a8853789aaa897875376696867a762445
12484 1 1 8 5 4 2 0 0 0  aaaa99954998a8853789aaa897875376692867a744665
12486 1 1 8 5 5 0 0 0 0  aaaa99965998a8864789aaa897876374595857a764632
12488 1 1 8 5 5 1 0 0 0  aaaa99965998a8864789aaa897876375595847a763642
12580 1 1 8 8 2 2 0 0 0  aaaa99954998a8853789aaa897877376696865a744625
12586 1 1 8 8 3 2 0 0 0  aaaa99954998a8853789aaa897877376696865a762445
12592 1 1 8 8 4 2 0 0 0  aaaa99954998a8853789aaa897877376692865a744665
12594 1 1 8 8 5 0 0 0 0  aaaa99965998a8864789aaa897877374595856a764632
12596 1 1 8 8 5 1 0 0 0  aaaa99965998a8864789aaa897877375595846a763642
12646 1 1 8 10 1 2 0 0 0  aaaa99954998a8853689aaa896876366792875a744775
12667 1 1 8 10 5 0 1 0 0  aaaa99965998a8864289aaa895876553794876a763774
12671 1 1 8 10 5 2 1 0 0  aaaa99965998a8865389aaa893876544794876a765772
12724 1 1 9 1 2 2 0 0 0  aaaa99954998a8853789aaa897874477693685a676625
12730 1 1 9 1 3 2 0 0 0  aaaa99954998a8853789aaa897875377692686a676445
12736 1 1 9 1 4 2 0 0 0  aaaa99954998a8853789aaa897874477693685a672665
12740 1 1 9 1 5 1 0 0 0  aaaa99965998a8864789aaa897876377494586a575632
12774 1 1 9 2 5 0 0 0 0  aaaa99964998a8863789aaa897876375597586a762454
12796 1 1 9 3 2 2 0 0 0  aaaa99954998a8844789aaa897877377693685a662565
12802 1 1 9 3 3 2 0 0 0  aaaa99954998a8853789aaa897877377692686a656445
12808 1 1 9 3 4 2 0 0 0  aaaa99954998a8853789aaa897877377692685a666445
12812 1 1 9 3 5 1 0 0 0  aaaa99965998a8864789aaa897877377494586a565632
12970 1 1 9 8 1 2 0 0 0  aaaa99954998a8853789aaa897877376696686a752445
12976 1 1 9 8 2 2 0 0 0  aaaa99954998a8853789aaa897877376696685a762445
12982 1 1 9 8 3 2 0 0 0  aaaa99954998a8853789aaa897877376696685a744625
12988 1 1 9 8 4 2 0 0 0  aaaa99954998a8853789aaa897877376692685a766445
12990 1 1 9 8 5 0 0 0 0  aaaa99965998a8864789aaa897877375495586a763642
12992 1 1 9 8 5 1 0 0 0  aaaa99965998a8864789aaa897877375595486a764632
13037 1 1 9 10 0 2 1 0 0  aaaa99975998a8875289aaa896867564396487a674735
13040 1 1 9 10 1 1 0 0 0  aaaa99975998a8874689aaa896867366494587a575732
13050 1 1 9 10 3 0 0 0 0  aaaa99975998a8874689aaa896867365495587a673742
13052 1 1 9 10 3 1 0 0 0  aaaa99975998a8874689aaa896867365595487a674732
13063 1 1 9 10 5 0 1 0 0  aaaa99976998a8876389aaa895837654596487a476752
13067 1 1 9 10 5 2 1 0 0  aaaa99976998a8876489aaa894847635396587a575762
13162 1 1 10 2 3 2 0 0 0  aaaa99954998a8883789aaa897875376297666a744565
13170 1 1 10 2 5 0 0 0 0  aaaa99965998a8883789aaa897876375597446a765642
13321 1 1 10 7 0 0 1 0 0  aaaa99975998a8884389aaa897877376694626a755564
13324 1 1 10 7 0 2 0 0 0  aaaa99975998a8885289aaa897877576695646a743463
13325 1 1 10 7 0 2 1 0 0  aaaa99975998a8885389aaa897877376695626a745464
13327 1 1 10 7 1 0 1 0 0  aaaa99975998a8884289aaa897877476696636a755534
13386 1 1 10 8 5 0 0 0 0  aaaa99965998a8884789aaa897877375495526a763646
13623 1 1 11 4 2 1 1 0 0  aaaa99974998a8888889aaa497773366694557a266557
13625 1 1 11 4 2 2 1 0 0  aaaa99974998a8888889aaa497773366694257a566557
13746 1 1 11 7 5 0 0 0 0  aaaa99965998a8888889aaa397776375495526a474676
14019 1 1 12 4 2 1 1 0 0  aaaa99974998a8884889aaa897773366694557a266557
14021 1 1 12 4 2 2 1 0 0  aaaa99974998a8884889aaa897773366694257a566557
14142 1 1 12 7 5 0 0 0 0  aaaa99965998a8883889aaa897776375495526a474676
14318 1 1 13 1 4 1 0 0 0  aaaa99977998a8884889aaa397774486596657a663525
14332 1 1 13 2 0 2 0 0 0  aaaa99976998a8884889aaa397776687593657a562454
14336 1 1 13 2 1 1 0 0 0  aaaa99975998a8884889aaa397774487693667a566552
14340 1 1 13 2 2 0 0 0 0  aaaa99975998a8884889aaa397774487693657a662565
14342 1 1 13 2 2 1 0 0 0  aaaa99975998a8885889aaa397775587693647a662464
14348 1 1 13 2 3 1 0 0 0  aaaa99975998a8884889aaa397776387592667a566454
14350 1 1 13 2 3 2 0 0 0  aaaa99975998a8885889aaa597776587494667a466332
14354 1 1 13 2 4 1 0 0 0  aaaa99975998a8884889aaa397774487693657a666552
14360 1 1 13 2 5 1 0 0 0  aaaa99975998a8884889aaa397774487693567a655662
14364 1 1 13 3 0 0 0 0 0  aaaa99975998a8884889aaa397776786693567a562454
14366 1 1 13 3 0 1 0 0 0  aaaa99975998a8884889aaa397776786693567a565442
14382 1 1 13 3 3 0 0 0 0  aaaa99975998a8884889aaa397774786696657a525634
14388 1 1 13 3 4 0 0 0 0  aaaa99975998a8884889aaa397772786596647a663545
14390 1 1 13 3 4 1 0 0 0  aaaa99975998a8884889aaa397774786596657a663254
14426 1 1 13 4 4 1 0 0 0  aaaa99975998a8883889aaa397774486596657a662457
14450 1 1 13 5 2 1 0 0 0  aaaa99954998a8885889aaa397765787693677a662445
14452 1 1 13 5 2 2 0 0 0  aaaa99945998a8885889aaa597763787695677a662443
14456 1 1 13 5 3 1 0 0 0  aaaa99965998a8884889aaa397764787593677a662554
14486 1 1 13 6 2 1 0 0 0  aaaa99944998a8885889aaa497777387693666a257565
14488 1 1 13 6 2 2 0 0 0  aaaa99945998a8885889aaa597777587692666a447363
14498 1 1 13 6 4 1 0 0 0  aaaa99944998a8885889aaa497777387696265a657635
14500 1 1 13 6 4 2 0 0 0  aaaa99945998a8885889aaa597777587696464a637623
14504 1 1 13 6 5 1 0 0 0  aaaa99944998a8885889aaa497777387693265a657665
14506 1 1 13 6 5 2 0 0 0  aaaa99945998a8885889aaa597777587692464a637663
14516 1 1 13 7 1 1 0 0 0  aaaa99954998a8883889aaa397774487692667a566575
14518 1 1 13 7 1 2 0 0 0  aaaa99945998a8885889aaa597773587692667a466473
14522 1 1 13 7 2 1 0 0 0  aaaa99954998a8885889aaa397774487693627a656675
14524 1 1 13 7 2 2 0 0 0  aaaa99945998a8885889aaa597773587694627a636674
14534 1 1 13 7 4 1 0 0 0  aaaa99954998a8883889aaa397774487692657a666575
14536 1 1 13 7 4 2 0 0 0  aaaa99945998a8885889aaa597773587692647a666473
14540 1 1 13 7 5 1 0 0 0  aaaa99965998a8883889aaa397776287494547a565676
14558 1 1 13 8 2 1 0 0 0  aaaa99944998a8884889aaa397775787693657a662565
14560 1 1 13 8 2 2 0 0 0  aaaa99945998a8885889aaa597773787695647a662463
14630 1 1 13 10 2 1 0 0 0  aaaa99944998a8885889aaa496766387693725a777565
14632 1 1 13 10 2 2 0 0 0  aaaa99945998a8885889aaa596766587692744a777363
14662 1 1 14 0 1 2 0 0 0  aaaa99977998a8883789aaa396667287598456a547456
14664 1 1 14 0 2 0 0 0 0  aaaa99977998a8885789aaa396647687298566a547453
14954 1 1 14 8 2 1 0 0 0  aaaa99954998a8885789aaa797775286398637a644665
14956 1 1 14 8 2 2 0 0 0  aaaa99945998a8885789aaa797772586398637a644665
15310 1 1 15 7 1 2 0 0 0  aaaa99954998a8853789aaa797875386792766a686445
15316 1 1 15 7 2 2 0 0 0  aaaa99954998a8853789aaa797874486793765a686625
15328 1 1 15 7 4 2 0 0 0  aaaa99954998a8853789aaa797874486793765a682665
15332 1 1 15 7 5 1 0 0 0  aaaa99965998a8864789aaa797876385793746a585642
15712 1 1 16 7 2 2 0 0 0  aaaa99954998a8853789aaa797874486793765a662865
15718 1 1 16 7 3 2 0 0 0  aaaa99954998a8853789aaa797874486796765a663825
15724 1 1 16 7 4 2 0 0 0  aaaa99954998a8853789aaa797874486793765a666825
15728 1 1 16 7 5 1 0 0 0  aaaa99965998a8864789aaa797876385793746a565842
16108 1 1 17 7 2 2 0 0 0  aaaa99954998a8883789aaa797874486793765a662565
16114 1 1 17 7 3 2 0 0 0  aaaa99954998a8883789aaa797875386796765a662445
16120 1 1 17 7 4 2 0 0 0  aaaa99954998a8883789aaa797875386792765a666445
16124 1 1 17 7 5 1 0 0 0  aaaa99965998a8884789aaa797876385793746a565642
16856 1 1 19 6 1 1 0 0 0  aaaa99965998a8884789aaa397877376696784a562554
16874 1 1 19 6 4 1 0 0 0  aaaa99965998a8884789aaa397877376592784a666554
16894 1 1 19 7 1 2 0 0 0  aaaa99954998a8883789aaa797875376696686a752445
16900 1 1 19 7 2 2 0 0 0  aaaa99954998a8883789aaa797875376696685a762445
16906 1 1 19 7 3 2 0 0 0  aaaa99954998a8883789aaa797875376696685a744625
16912 1 1 19 7 4 2 0 0 0  aaaa99954998a8883789aaa797875376692685a766445
16914 1 1 19 7 5 0 0 0 0  aaaa99965998a8884789aaa797876375495586a763642
16916 1 1 19 7 5 1 0 0 0  aaaa99965998a8884789aaa797876375595486a764632
17310 1 1 20 7 5 0 0 0 0  aaaa99965998a8888789aaa797876475495526a763643
17486 1 1 21 1 4 1 0 0 0  aaaa99974997a7744889aaa398888876596657a663525
17706 1 1 21 7 5 0 0 0 0  aaaa99965997a7763889aaa398888875495526a474676
17851 1 1 22 0 5 0 1 0 0  aaaa99977997a8674739aaa795865458693862a888645
18036 1 1 22 6 0 0 0 0 0  aaaa99966997a8777279aaa696856578594843a888345
18037 1 1 22 6 0 0 1 0 0  aaaa99966997a8777279aaa696856578495853a888443
18086 1 1 22 7 2 1 0 0 0  aaaa99975997a8774679aaa396876368592864a888554
18227 1 2 0 0 1 2 1 0 0  aaaa99988287a9784989aaa898377476696756a563554
18475 1 2 0 7 1 0 1 0 0  aaaa99988287a9787989aaa898676676695554a347354
18476 1 2 0 7 1 1 0 0 0  aaaa99988287a9787989aaa898676676694555a347354
18477 1 2 0 7 1 1 1 0 0  aaaa99988287a9787989aaa898676676695354a537454
18478 1 2 0 7 1 2 0 0 0  aaaa99988287a9787989aaa898676676694354a537554
18479 1 2 0 7 1 2 1 0 0  aaaa99988287a9787989aaa898676673593664a547554
18484 1 2 0 7 2 2 0 0 0  aaaa99988287a9787989aaa898676676594654a537354
18486 1 2 0 7 3 0 0 0 0  aaaa99988287a9787989aaa898676676595456a437345
18494 1 2 0 7 4 1 0 0 0  aaaa99988287a9787989aaa898676476593654a657534
18496 1 2 0 7 4 2 0 0 0  aaaa99988287a9787989aaa898676376494645a657535
18606 1 2 0 10 5 0 0 0 0  aaaa99988285a9685989aaa898764457693764a777653
18613 1 2 1 0 0 0 1 0 0  aaaa99988888a9775929aaa897676467595658a374634
18647 1 2 1 0 5 2 1 0 0  aaaa99988888a9775939aaa897472537695468a674665
18815 1 2 1 5 3 2 1 0 0  aaaa99988888a9777939aaa896676563795248a675445
18823 1 2 1 5 5 0 1 0 0  aaaa99988888a9777929aaa895675456794638a676534
18847 1 2 1 6 3 0 1 0 0  aaaa99988888a9666929aaa897767775594578a364534
18877 1 2 1 7 2 0 1 0 0  aaaa99988888a9777929aaa896676465597568a374534
18883 1 2 1 7 3 0 1 0 0  aaaa99988888a9777929aaa896676465597538a674534
18985 1 2 1 10 2 0 1 0 0  aaaa99988888a9666929aaa895765457694738a777534
18991 1 2 1 10 3 0 1 0 0  aaaa99988888a9666929aaa895756457694738a777534
19079 1 2 2 1 5 2 1 0 0  aaaa99964888a9777959aaa897276475595836a868634
19115 1 2 2 2 5 2 1 0 0  aaaa99974888a9777969aaa897275466696835a858534
19235 1 2 2 6 1 2 1 0 0  aaaa99954888a9666969aaa897775772694837a858534
19272 1 2 2 7 2 0 0 0 0  aaaa99973888a9777959aaa896676365497865a858424
19278 1 2 2 7 3 0 0 0 0  aaaa99973888a9777959aaa896676356497865a858424
19307 1 2 2 8 1 2 1 0 0  aaaa99954888a9666969aaa897775772694835a878534
19343 1 2 2 9 1 2 1 0 0  aaaa99954888a9666969aaa897777772694835a858534
19405 1 2 3 0 0 0 1 0 0  aaaa99988888a9776929aaa898776676595457a464335
19409 1 2 3 0 0 2 1 0 0  aaaa99988888a9776929aaa898776676594357a563544
19603 1 2 3 5 3 0 1 0 0  aaaa99988888a9777929aaa898676656795537a444635
19675 1 2 3 7 3 0 1 0 0  aaaa99988888a9777959aaa898676656497547a533642
19800 1 2 4 0 0 0 0 0 0  aaaa99938888a9776929aaa898776676595457a468345
19801 1 2 4 0 0 0 1 0 0  aaaa99938888a9776959aaa898776676592557a468443
19805 1 2 4 0 0 2 1 0 0  aaaa99948888a9776939aaa898776676593257a568454
20029 1 2 4 6 2 0 1 0 0  aaaa99948888a9666929aaa898777757695765a348354
20032 1 2 4 6 2 2 0 0 0  aaaa99958888a9666949aaa898777727694765a358534
20075 1 2 4 7 3 2 1 0 0  aaaa99978888a9777939aaa898676636597256a548454
20160 1 2 4 10 0 0 0 0 0  aaaa99958888a9766959aaa898676354796275a748734
20179 1 2 4 10 3 0 1 0 0  aaaa99968888a9755949aaa898676646794375a738752
20260 1 2 5 1 4 2 0 0 0  aaaa99954887a9877989aaa898766378693765a652445
20266 1 2 5 1 5 2 0 0 0  aaaa99954887a9877989aaa898765378693765a644625
20332 1 2 5 3 4 2 0 0 0  aaaa99954886a9853989aaa898777778693765a644625
20447 1 2 5 6 5 2 1 0 0  aaaa99965883a9865989aaa898777738795476a464652
20665 1 2 6 2 0 0 1 0 0  aaaa99978888a9777959aaa898776635396866a524544
20717 1 2 6 3 2 2 1 0 0  aaaa99958888a9666979aaa898777727694865a354534
20839 1 2 6 6 5 0 1 0 0  aaaa99968888a9764929aaa898777755794856a365634
20856 1 2 6 7 2 0 0 0 0  aaaa99978888a9777929aaa898676656597845a643453
20857 1 2 6 7 2 0 1 0 0  aaaa99978888a9777959aaa898676656397854a642534
20952 1 2 6 10 0 0 0 0 0  aaaa99958888a9766959aaa898676354796875a743724
20984 1 2 6 10 5 1 0 0 0  aaaa99968888a9764959aaa898476455793876a765732
21168 1 2 7 5 0 0 0 0 0  aaaa99988888a9866929aaa897773676595457a467345
21169 1 2 7 5 0 0 1 0 0  aaaa99988888a9866959aaa897773676592557a467443
21173 1 2 7 5 0 2 1 0 0  aaaa99988888a9866939aaa897774676593257a567454
21256 1 2 7 7 2 2 0 0 0  aaaa99988888a9853969aaa897775376692644a476575
21385 1 2 8 0 0 0 1 0 0  aaaa99968888a9774929aaa898875776694567a564533
21431 1 2 8 1 1 2 1 0 0  aaaa99958888a9777929aaa898866676794735a654534
21700 1 2 8 8 4 2 0 0 0  aaaa99958888a9664979aaa898865377793267a657445
21706 1 2 8 8 5 2 0 0 0  aaaa99958888a9654979aaa898864477793267a657635
21766 1 2 8 10 3 2 0 0 0  aaaa99958888a9754969aaa898874466793276a756735
21905 1 2 9 3 2 2 1 0 0  aaaa99958888a9666929aaa898777778694765a354534
21961 1 2 9 5 0 0 1 0 0  aaaa99978888a9777929aaa898676468794655a533645
22031 1 2 9 6 5 2 1 0 0  aaaa99968888a9765929aaa898777748795446a365635
22033 1 2 9 7 0 0 1 0 0  aaaa99978888a9777929aaa898676468597655a354634
22044 1 2 9 7 2 0 0 0 0  aaaa99978888a9777929aaa898676658597645a643453
22045 1 2 9 7 2 0 1 0 0  aaaa99978888a9777959aaa898676658397654a642534
22050 1 2 9 7 3 0 0 0 0  aaaa99978888a9777929aaa898676658597645a534643
22051 1 2 9 7 3 0 1 0 0  aaaa99978888a9777959aaa898676658397654a542634
22121 1 2 9 9 2 2 1 0 0  aaaa99958888a9666929aaa898765478694735a777534
22175 1 2 9 10 5 2 1 0 0  aaaa99968888a9765939aaa898476538795476a764752
22212 1 2 10 1 0 0 0 0 0  aaaa99958888a9847929aaa898777367697655a446653
22216 1 2 10 1 0 2 0 0 0  aaaa99958888a9857929aaa898777367697645a446635
22357 1 2 10 5 0 0 1 0 0  aaaa99948888a9866929aaa898777667595756a345374
22378 1 2 10 5 3 2 0 0 0  aaaa99958888a9854969aaa898777367693726a644575
22495 1 2 10 8 5 0 1 0 0  aaaa99968888a9864929aaa898777757594576a363654
22537 1 2 10 10 0 0 1 0 0  aaaa99948888a9866959aaa898766257396754a777534
22752 1 2 11 5 0 0 0 0 0  aaaa99938888a9886929aaa897776676595457a467345
22753 1 2 11 5 0 0 1 0 0  aaaa99938888a9886959aaa897776676592557a467443
22757 1 2 11 5 0 2 1 0 0  aaaa99948888a9886939aaa897776676593257a567454
22789 1 2 11 6 0 0 1 0 0  aaaa99968888a9884929aaa897775776694567a564533
22840 1 2 11 7 2 2 0 0 0  aaaa99958888a9883969aaa897775376692644a476575
23005 1 2 12 1 0 0 1 0 0  aaaa99948888a9847929aaa897776675597656a358364
23068 1 2 12 2 4 2 0 0 0  aaaa99958888a9853979aaa897775374696464a678625
23230 1 2 12 7 1 2 0 0 0  aaaa99958888a9854969aaa897774476692636a378575
23242 1 2 12 7 3 2 0 0 0  aaaa99958888a9853969aaa897775376692644a478675
23252 1 2 12 7 5 1 0 0 0  aaaa99968888a9863959aaa897776375495446a578672
23254 1 2 12 7 5 2 0 0 0  aaaa99968888a9865949aaa897776574395436a278675
23461 1 2 13 2 4 0 1 0 0  aaaa99975882a9884989aaa897775587694637a666534
23467 1 2 13 2 5 0 1 0 0  aaaa99975882a9884989aaa897775587694367a653664
23596 1 2 13 6 2 2 0 0 0  aaaa99954886a9883989aaa897777387696265a657445
23606 1 2 13 6 4 1 0 0 0  aaaa99944886a9885989aaa897777487693265a657635
23608 1 2 13 6 4 2 0 0 0  aaaa99945886a9885989aaa897777587695464a637623
23613 1 2 13 6 5 1 1 0 0  aaaa99955883a9884989aaa897777487693265a657664
23643 1 2 13 7 4 1 1 0 0  aaaa99955883a9884989aaa897775487693627a666574
23739 1 2 13 10 2 1 1 0 0  aaaa99955883a9884989aaa896766487693725a777564
23848 1 2 14 2 2 2 0 0 0  aaaa99957888a9854979aaa798868377693675a662445
23954 1 2 14 5 2 1 0 0 0  aaaa99954888a9853979aaa798868577693677a662445
23956 1 2 14 5 2 2 0 0 0  aaaa99945888a9835979aaa798868577695677a662443
23960 1 2 14 5 3 1 0 0 0  aaaa99965888a9844979aaa798868477593677a663552
23990 1 2 14 6 2 1 0 0 0  aaaa99954888a9853979aaa598868377697677a662445
23992 1 2 14 6 2 2 0 0 0  aaaa99945888a9835979aaa598868577697677a662443
23996 1 2 14 6 3 1 0 0 0  aaaa99965888a9844979aaa498868377597677a663552
24028 1 2 14 7 2 2 0 0 0  aaaa99954888a9853979aaa798868377692675a676445
24062 1 2 14 8 2 1 0 0 0  aaaa99954888a9844979aaa798868377793657a662565
24064 1 2 14 8 2 2 0 0 0  aaaa99945888a9835979aaa798868577795647a662463
24098 1 2 14 9 2 1 0 0 0  aaaa99954888a9844979aaa398868377797657a662565
24100 1 2 14 9 2 2 0 0 0  aaaa99945888a9835979aaa598868577797647a662463
24264 1 2 15 3 0 0 0 0 0  aaaa99975887a9874989aaa898866377793665a455246
24690 1 2 16 3 5 0 0 0 0  aaaa99965887a9864989aaa898777757495526a863643
24809 1 2 16 7 0 2 1 0 0  aaaa99974887a9877989aaa898665776396265a854534
24871 1 2 16 8 5 0 1 0 0  aaaa99965885a9865989aaa898777757394276a864634
24898 1 2 16 9 3 2 0 0 0  aaaa99954887a9873989aaa898666377797625a844565
24906 1 2 16 9 5 0 0 0 0  aaaa99965887a9874989aaa898546577797526a863643
24918 1 2 16 10 1 0 0 0 0  aaaa99975886a9874989aaa898667656495527a873743
24931 1 2 16 10 3 0 1 0 0  aaaa99975885a9875989aaa898667656394267a874734
24936 1 2 16 10 4 0 0 0 0  aaaa99975886a9876989aaa898547566694527a873743
24942 1 2 16 10 5 0 0 0 0  aaaa99975886a9874989aaa898547566696527a873743
25390 1 2 18 1 1 2 0 0 0  aaaa99954888a9883969aaa398877776796765a652445
25416 1 2 18 2 0 0 0 0 0  aaaa99975888a9883979aaa398877766792565a465464
25792 1 2 19 1 2 2 0 0 0  aaaa99954888a9853979aaa898777378692765a666445
25804 1 2 19 1 4 2 0 0 0  aaaa99954888a9853979aaa898777378696765a644625
25810 1 2 19 1 5 2 0 0 0  aaaa99954888a9853979aaa898777378692765a644665
25840 1 2 19 2 4 2 0 0 0  aaaa99954888a9853969aaa898777378692765a644675
25843 1 2 19 2 5 0 1 0 0  aaaa99965888a9864929aaa898777478595756a363674
25876 1 2 19 3 4 2 0 0 0  aaaa99954888a9853969aaa898777778693765a644625
25914 1 2 19 4 5 0 0 0 0  aaaa99947888a9837929aaa898777558695465a647663
25951 1 2 19 5 5 0 1 0 0  aaaa99965888a9864929aaa898777458795756a367634
25957 1 2 19 6 0 0 1 0 0  aaaa99966888a9856929aaa898777768794576a534543
25987 1 2 19 6 5 0 1 0 0  aaaa99965888a9864929aaa898777758795576a364634
25991 1 2 19 6 5 2 1 0 0  aaaa99965888a9865939aaa898777738795476a464652
26002 1 2 19 7 1 2 0 0 0  aaaa99974888a9853969aaa898777368796765a652445
26059 1 2 19 8 5 0 1 0 0  aaaa99965888a9864929aaa898777758795756a364634
26088 1 2 19 9 4 0 0 0 0  aaaa99955888a9854949aaa898763678694763a777652
26174 1 2 20 1 0 1 0 0 0  aaaa99947888a9885929aaa898777467697653a536654
26176 1 2 20 1 0 2 0 0 0  aaaa99937888a9885929aaa898777567697644a436655
26322 1 2 20 5 1 0 0 0 0  aaaa99965888a9884969aaa898777367693756a545274
26336 1 2 20 5 3 1 0 0 0  aaaa99954888a9883969aaa898777367692756a644575
26338 1 2 20 5 3 2 0 0 0  aaaa99945888a9885969aaa898777567695736a644372
26396 1 2 20 7 1 1 0 0 0  aaaa99975888a9884969aaa898777367693674a562554
26406 1 2 20 7 3 0 0 0 0  aaaa99975888a9884969aaa898777367693675a455642
26408 1 2 20 7 3 1 0 0 0  aaaa99975888a9884969aaa898777367693674a555624
26932 1 2 22 0 0 2 0 0 0  aaaa99977276a9876979aaa793584665894683a855884
26933 1 2 22 0 0 2 1 0 0  aaaa99977276a9876979aaa793583665894586a854884
26952 1 2 22 0 4 0 0 0 0  aaaa99977275a9875979aaa796686665894483a834885
26953 1 2 22 0 4 0 1 0 0  aaaa99977575a9873979aaa796686665893584a842884
26958 1 2 22 0 5 0 0 0 0  aaaa99977275a9875979aaa793684556894683a866884
26959 1 2 22 0 5 0 1 0 0  aaaa99977474a9874979aaa795685356893682a866885
27001 1 2 22 2 0 0 1 0 0  aaaa99947777a9866959aaa797686253896584a853884
27327 1 3 0 0 0 1 1 0 0  aaaa99988289a9787989aaa868779676547634a555364
27338 1 3 0 0 2 1 0 0 0  aaaa99988289a9787989aaa868779476657654a563534
27340 1 3 0 0 2 2 0 0 0  aaaa99988289a9787989aaa868779376657645a464535
27540 1 3 0 6 0 0 0 0 0  aaaa99988289a9686989aaa878779776674553a454356
27541 1 3 0 6 0 0 1 0 0  aaaa99988289a9686989aaa878779776675553a435446
27542 1 3 0 6 0 1 0 0 0  aaaa99988289a9686989aaa878779776674555a435346
27543 1 3 0 6 0 1 1 0 0  aaaa99988289a9686989aaa878779776675543a535446
27544 1 3 0 6 0 2 0 0 0  aaaa99988289a9686989aaa878779776674543a555346
27545 1 3 0 6 0 2 1 0 0  aaaa99988289a9686989aaa878779775476663a555443
27570 1 3 0 6 5 0 0 0 0  aaaa99988289a9585989aaa878779776574643a666345
27571 1 3 0 6 5 0 1 0 0  aaaa99988289a9585989aaa878779776475653a666443
27580 1 3 0 7 0 2 0 0 0  aaaa99988289a9785989aaa878779576635646a474365
27582 1 3 0 7 1 0 0 0 0  aaaa99988289a9786989aaa878779376663545a576454
27595 1 3 0 7 3 0 1 0 0  aaaa99988389a9783989aaa878779476664655a574265
27607 1 3 0 7 5 0 1 0 0  aaaa99988389a9783989aaa878779475654562a674665
27617 1 3 0 8 0 2 1 0 0  aaaa99988289a9686989aaa878779773546664a573554
27643 1 3 0 8 5 0 1 0 0  aaaa99988389a9683989aaa878779775654562a674645
27684 1 3 0 10 0 0 0 0 0  aaaa99988289a9686989aaa878669477777553a454356
27685 1 3 0 10 0 0 1 0 0  aaaa99988289a9686989aaa878669577777553a435446
27686 1 3 0 10 0 1 0 0 0  aaaa99988289a9686989aaa878669477777555a435346
27687 1 3 0 10 0 1 1 0 0  aaaa99988289a9686989aaa878669577777543a535446
27688 1 3 0 10 0 2 0 0 0  aaaa99988289a9686989aaa878669477777543a555346
27689 1 3 0 10 0 2 1 0 0  aaaa99988289a9686989aaa878549677777663a555443
27714 1 3 0 10 5 0 0 0 0  aaaa99988289a9585989aaa878659477777643a666345
27715 1 3 0 10 5 0 1 0 0  aaaa99988289a9585989aaa878649577777653a666443
27745 1 3 1 0 4 0 1 0 0  aaaa99977889a9855989aaa527669787674865a384634
27764 1 3 1 1 1 1 0 0 0  aaaa99975889a9854989aaa377769386766845a682745
27770 1 3 1 1 2 1 0 0 0  aaaa99975889a9864989aaa377759386766856a484752
27772 1 3 1 1 2 2 0 0 0  aaaa99975889a9865989aaa577749586766836a484732
27776 1 3 1 1 3 1 0 0 0  aaaa99975889a9864989aaa377759386766854a682754
27782 1 3 1 1 4 1 0 0 0  aaaa99975889a9844989aaa477769385755866a683762
27800 1 3 1 2 1 1 0 0 0  aaaa99954889a9844989aaa377769386766857a682575
27802 1 3 1 2 1 2 0 0 0  aaaa99945889a9835989aaa577769586766847a682473
27808 1 3 1 2 2 2 0 0 0  aaaa99965889a9865989aaa577749586766837a484372
27824 1 3 1 2 5 1 0 0 0  aaaa99964889a9863989aaa377749485762857a585676
27836 1 3 1 3 1 1 0 0 0  aaaa99975889a9844989aaa477779386676866a583552
27872 1 3 1 4 1 1 0 0 0  aaaa99954889a9844989aaa377769386766855a682775
27874 1 3 1 4 1 2 0 0 0  aaaa99945889a9835989aaa577769586766844a682773
27890 1 3 1 4 4 1 0 0 0  aaaa99966889a9864989aaa377749485763856a585772
27896 1 3 1 4 5 1 0 0 0  aaaa99964889a9863989aaa377749485762856a585776
27916 1 3 1 5 2 2 0 0 0  aaaa99954889a9853989aaa377769286757867a686445
27988 1 3 1 7 2 2 0 0 0  aaaa99964889a9863989aaa377759286766857a587454
28192 1 3 2 2 0 2 0 0 0  aaaa99976889a9866989aaa477759386573878a562454
28196 1 3 2 2 1 1 0 0 0  aaaa99975889a9864989aaa377759386676878a562454
28198 1 3 2 2 1 2 0 0 0  aaaa99975889a9865989aaa577749586676878a464332
28202 1 3 2 2 2 1 0 0 0  aaaa99975889a9844989aaa477769386676878a555632
28208 1 3 2 2 3 1 0 0 0  aaaa99975889a9844989aaa477769386676878a563552
28214 1 3 2 2 4 1 0 0 0  aaaa99975889a9844989aaa477769386573878a666552
28220 1 3 2 2 5 1 0 0 0  aaaa99975889a9844989aaa477769385673878a655662
28228 1 3 2 3 0 2 0 0 0  aaaa99976889a9866989aaa477779386573858a562454
28232 1 3 2 3 1 1 0 0 0  aaaa99975889a9864989aaa377779386676858a562454
28234 1 3 2 3 1 2 0 0 0  aaaa99975889a9865989aaa577779586676848a464332
28238 1 3 2 3 2 1 0 0 0  aaaa99975889a9844989aaa477779386676868a555632
28244 1 3 2 3 3 1 0 0 0  aaaa99975889a9844989aaa477779386676868a563552
28250 1 3 2 3 4 1 0 0 0  aaaa99975889a9844989aaa477779386573868a666552
28256 1 3 2 3 5 1 0 0 0  aaaa99975889a9844989aaa477779385673868a655662
28268 1 3 2 4 1 1 0 0 0  aaaa99954889a9853989aaa577769386766828a644775
28270 1 3 2 4 1 2 0 0 0  aaaa99945889a9835989aaa577769586766828a644773
28274 1 3 2 4 2 1 0 0 0  aaaa99964889a9863989aaa377749486766858a555772
28286 1 3 2 4 4 1 0 0 0  aaaa99954889a9853989aaa577769386744828a666775
28288 1 3 2 4 4 2 0 0 0  aaaa99945889a9835989aaa577769586744828a666773
28292 1 3 2 4 5 1 0 0 0  aaaa99964889a9863989aaa377749485762858a565776
28310 1 3 2 5 2 1 0 0 0  aaaa99954889a9844989aaa377769386577878a662565
28312 1 3 2 5 2 2 0 0 0  aaaa99945889a9835989aaa577769586477878a662463
28346 1 3 2 6 2 1 0 0 0  aaaa99954889a9844989aaa377779386577868a662565
28348 1 3 2 6 2 2 0 0 0  aaaa99945889a9835989aaa577779586477868a662463
28352 1 3 2 6 3 1 0 0 0  aaaa99964889a9844989aaa377779386677858a566525
28484 1 3 2 10 1 1 0 0 0  aaaa99965889a9844989aaa466679385763878a755772
28537 1 3 3 0 4 0 1 0 0  aaaa99977889a9855989aaa568769778374265a684634
28543 1 3 3 0 5 0 1 0 0  aaaa99977889a9855989aaa528769778674365a683644
28547 1 3 3 0 5 2 1 0 0  aaaa99977889a9845989aaa528769778675364a683654
28556 1 3 3 1 1 1 0 0 0  aaaa99975889a9844989aaa478779378666667a583552
28566 1 3 3 1 3 0 0 0 0  aaaa99975889a9864989aaa378779378666567a582454
28568 1 3 3 1 3 1 0 0 0  aaaa99975889a9864989aaa378779378666567a585442
28598 1 3 3 2 2 1 0 0 0  aaaa99954889a9853989aaa578779378666267a687445
28600 1 3 3 2 2 2 0 0 0  aaaa99945889a9835989aaa578779578666267a687443
28610 1 3 3 2 4 1 0 0 0  aaaa99954889a9844989aaa578779378656267a687635
28612 1 3 3 2 4 2 0 0 0  aaaa99945889a9835989aaa578779578636267a687644
28616 1 3 3 2 5 1 0 0 0  aaaa99954889a9853989aaa578779378644267a687665
28618 1 3 3 2 5 2 0 0 0  aaaa99945889a9835989aaa578779578644267a687663
28656 1 3 3 4 0 0 0 0 0  aaaa99975889a9874989aaa378779368672655a486645
28658 1 3 3 4 0 1 0 0 0  aaaa99975889a9874989aaa378779368672654a586654
28670 1 3 3 4 2 1 0 0 0  aaaa99975889a9874989aaa378779368676656a582454
28672 1 3 3 4 2 2 0 0 0  aaaa99975889a9875989aaa578779568676646a484332
28674 1 3 3 4 3 0 0 0 0  aaaa99975889a9874989aaa378779368676654a585624
28676 1 3 3 4 3 1 0 0 0  aaaa99975889a9874989aaa378779368676654a582654
28682 1 3 3 4 4 1 0 0 0  aaaa99975889a9874989aaa378779368576666a582454
28684 1 3 3 4 4 2 0 0 0  aaaa99975889a9875989aaa578779568476666a484332
28688 1 3 3 4 5 1 0 0 0  aaaa99975889a9875989aaa378779358675464a684662
28706 1 3 3 5 2 1 0 0 0  aaaa99954889a9844989aaa378779378672666a587565
28708 1 3 3 5 2 2 0 0 0  aaaa99945889a9835989aaa578779578672666a487463
28712 1 3 3 5 3 1 0 0 0  aaaa99965889a9844989aaa478779378673666a587552
28718 1 3 3 5 4 1 0 0 0  aaaa99954889a9844989aaa378779378676565a687625
28720 1 3 3 5 4 2 0 0 0  aaaa99945889a9835989aaa578779578676464a687623
28724 1 3 3 5 5 1 0 0 0  aaaa99954889a9844989aaa378779378672565a687665
28726 1 3 3 5 5 2 0 0 0  aaaa99945889a9835989aaa578779578672464a687663
28778 1 3 3 7 2 1 0 0 0  aaaa99954889a9844989aaa378779378666565a687725
28780 1 3 3 7 2 2 0 0 0  aaaa99945889a9835989aaa578779578666464a687723
28790 1 3 3 7 4 1 0 0 0  aaaa99954889a9844989aaa378779378662565a687765
28792 1 3 3 7 4 2 0 0 0  aaaa99945889a9835989aaa578779578662464a687763
28796 1 3 3 7 5 1 0 0 0  aaaa99965889a9864989aaa378779378464256a587756
28798 1 3 3 7 5 2 0 0 0  aaaa99965889a9865989aaa578779578464346a387726
28826 1 3 3 8 4 1 0 0 0  aaaa99954889a9844989aaa378779758676765a683625
28828 1 3 3 8 4 2 0 0 0  aaaa99945889a9835989aaa578779748676764a685623
28902 1 3 3 10 5 0 0 0 0  aaaa99965889a9864989aaa358479558763276a784776
28939 1 3 4 0 5 0 1 0 0  aaaa99977889a9855989aaa528769778684367a653644
28943 1 3 4 0 5 2 1 0 0  aaaa99977889a9835989aaa528769778685467a644653
28948 1 3 4 1 0 2 0 0 0  aaaa99976889a9866989aaa478779378583657a562454
28952 1 3 4 1 1 1 0 0 0  aaaa99975889a9844989aaa478779378683667a566552
28956 1 3 4 1 2 0 0 0 0  aaaa99975889a9844989aaa478779378683657a662565
28958 1 3 4 1 2 1 0 0 0  aaaa99975889a9855989aaa578779378683647a662464
28964 1 3 4 1 3 1 0 0 0  aaaa99975889a9864989aaa378779378582667a566454
28966 1 3 4 1 3 2 0 0 0  aaaa99975889a9865989aaa578779578484667a466332
28970 1 3 4 1 4 1 0 0 0  aaaa99975889a9844989aaa478779378683657a666552
28976 1 3 4 1 5 1 0 0 0  aaaa99975889a9844989aaa478779378683567a655662
28994 1 3 4 2 2 1 0 0 0  aaaa99954889a9844989aaa378779378682657a667565
28996 1 3 4 2 2 2 0 0 0  aaaa99945889a9835989aaa578779578682647a667463
29000 1 3 4 2 3 1 0 0 0  aaaa99965889a9844989aaa478779378683657a667552
29006 1 3 4 2 4 1 0 0 0  aaaa99954889a9844989aaa378779378686567a657625
29008 1 3 4 2 4 2 0 0 0  aaaa99945889a9835989aaa578779578686467a647623
29012 1 3 4 2 5 1 0 0 0  aaaa99954889a9844989aaa378779378682567a657665
29014 1 3 4 2 5 2 0 0 0  aaaa99945889a9835989aaa578779578682467a647663
29030 1 3 4 3 2 1 0 0 0  aaaa99954889a9844989aaa378779778683657a662565
29032 1 3 4 3 2 2 0 0 0  aaaa99945889a9835989aaa578779778685647a662463
29082 1 3 4 4 5 0 0 0 0  aaaa99957889a9847989aaa478779358687562a653664
29150 1 3 4 6 4 1 0 0 0  aaaa99954889a9844989aaa378779758686765a673625
29152 1 3 4 6 4 2 0 0 0  aaaa99945889a9835989aaa578779748686764a675623
29174 1 3 4 7 2 1 0 0 0  aaaa99965889a9865989aaa378779378585666a474472
29180 1 3 4 7 3 1 0 0 0  aaaa99954889a9844989aaa378779378682666a576575
29182 1 3 4 7 3 2 0 0 0  aaaa99945889a9835989aaa578779578682666a476473
29192 1 3 4 7 5 1 0 0 0  aaaa99965889a9863989aaa378779278484546a575676
29298 1 3 4 10 5 0 0 0 0  aaaa99965889a9864989aaa358479558783276a764776
29321 1 3 5 0 2 2 1 0 0  aaaa99977889a9854989aaa868739778676265a654534
29339 1 3 5 0 5 2 1 0 0  aaaa99977889a9854989aaa828769778674365a653645
29392 1 3 5 2 2 2 0 0 0  aaaa99954889a9853989aaa878779378666267a657445
29404 1 3 5 2 4 2 0 0 0  aaaa99954889a9844989aaa878779378656267a657635
29410 1 3 5 2 5 2 0 0 0  aaaa99954889a9853989aaa878779378644267a657665
29448 1 3 5 4 0 0 0 0 0  aaaa99975889a9873989aaa878779368672655a446654
29500 1 3 5 5 2 2 0 0 0  aaaa99954889a9844989aaa878779378673666a257565
29512 1 3 5 5 4 2 0 0 0  aaaa99954889a9844989aaa878779378676265a657635
29518 1 3 5 5 5 2 0 0 0  aaaa99954889a9844989aaa878779378673265a657665
29556 1 3 5 7 0 0 0 0 0  aaaa99966889a9856989aaa878779378663545a572474
29588 1 3 5 7 5 1 0 0 0  aaaa99965889a9863989aaa878779378464546a575672
29694 1 3 5 10 5 0 0 0 0  aaaa99965889a9864989aaa858479558763276a764773
29731 1 3 6 0 5 0 1 0 0  aaaa99977889a9855989aaa528769778674368a653644
29735 1 3 6 0 5 2 1 0 0  aaaa99977889a9835989aaa528769778675468a644653
29780 1 3 6 2 1 1 0 0 0  aaaa99975889a9844989aaa478779368676758a663552
29796 1 3 6 2 4 0 0 0 0  aaaa99975889a9855989aaa478779368474768a653662
29798 1 3 6 2 4 1 0 0 0  aaaa99975889a9855989aaa578779428676768a644633
29844 1 3 6 4 0 0 0 0 0  aaaa99975889a9874989aaa378779368672648a556645
29846 1 3 6 4 0 1 0 0 0  aaaa99975889a9874989aaa378779368672658a546654
29852 1 3 6 4 1 1 0 0 0  aaaa99975889a9874989aaa378779368676658a562454
29854 1 3 6 4 1 2 0 0 0  aaaa99975889a9875989aaa578779568676648a464332
29856 1 3 6 4 2 0 0 0 0  aaaa99975889a9874989aaa378779368676558a645624
29858 1 3 6 4 2 1 0 0 0  aaaa99975889a9874989aaa378779368676548a655642
29862 1 3 6 4 3 0 0 0 0  aaaa99975889a9874989aaa378779368676658a545624
29864 1 3 6 4 3 1 0 0 0  aaaa99975889a9874989aaa378779368676648a555642
29870 1 3 6 4 4 1 0 0 0  aaaa99975889a9874989aaa378779368572658a666454
29872 1 3 6 4 4 2 0 0 0  aaaa99975889a9875989aaa578779568474648a666332
29876 1 3 6 4 5 1 0 0 0  aaaa99975889a9874989aaa378779348674568a655662
29894 1 3 6 5 2 1 0 0 0  aaaa99954889a9844989aaa378779378672658a667565
29896 1 3 6 5 2 2 0 0 0  aaaa99945889a9835989aaa578779578672648a667463
29900 1 3 6 5 3 1 0 0 0  aaaa99965889a9844989aaa478779378673658a667552
29906 1 3 6 5 4 1 0 0 0  aaaa99954889a9844989aaa378779378676568a657625
29908 1 3 6 5 4 2 0 0 0  aaaa99945889a9835989aaa578779578676468a647623
29912 1 3 6 5 5 1 0 0 0  aaaa99954889a9844989aaa378779378672568a657665
29914 1 3 6 5 5 2 0 0 0  aaaa99945889a9835989aaa578779578672468a647663
29930 1 3 6 6 2 1 0 0 0  aaaa99954889a9844989aaa378779778673658a662565
29932 1 3 6 6 2 2 0 0 0  aaaa99945889a9835989aaa578779778675648a662463
29984 1 3 6 7 5 1 0 0 0  aaaa99965889a9863989aaa378779278464548a575676
30038 1 3 6 9 2 1 0 0 0  aaaa99954889a9844989aaa378769378777658a662565
30040 1 3 6 9 2 2 0 0 0  aaaa99945889a9835989aaa578769578777648a662463
30090 1 3 6 10 5 0 0 0 0  aaaa99965889a9864989aaa358479558763278a764776
30138 1 3 7 1 1 0 0 0 0  aaaa99975889a9884989aaa377769386766845a655742
30140 1 3 7 1 1 1 0 0 0  aaaa99975889a9884989aaa377769386766845a652745
30158 1 3 7 1 4 1 0 0 0  aaaa99975889a9884989aaa377769386752845a666745
30176 1 3 7 2 1 1 0 0 0  aaaa99954889a9883989aaa377769286766857a644575
30178 1 3 7 2 1 2 0 0 0  aaaa99945889a9885989aaa577769586766837a644372
30182 1 3 7 2 2 1 0 0 0  aaaa99964889a9883989aaa377749486766857a555672
30194 1 3 7 2 4 1 0 0 0  aaaa99954889a9883989aaa377769286744857a666575
30196 1 3 7 2 4 2 0 0 0  aaaa99945889a9885989aaa577769586744837a666372
30200 1 3 7 2 5 1 0 0 0  aaaa99964889a9883989aaa377749485762857a565676
30204 1 3 7 3 0 0 0 0 0  aaaa99975889a9884989aaa377779386672865a464556
30206 1 3 7 3 0 1 0 0 0  aaaa99975889a9885989aaa377779386672864a565446
30212 1 3 7 3 1 1 0 0 0  aaaa99975889a9884989aaa377779386676856a562454
30214 1 3 7 3 1 2 0 0 0  aaaa99975889a9885989aaa577779586676846a464332
30216 1 3 7 3 2 0 0 0 0  aaaa99975889a9884989aaa377779386676865a455642
30218 1 3 7 3 2 1 0 0 0  aaaa99975889a9884989aaa377779386676864a555624
30224 1 3 7 3 3 1 0 0 0  aaaa99975889a9884989aaa377779386676864a562554
30230 1 3 7 3 4 1 0 0 0  aaaa99975889a9884989aaa377779386572864a666554
30236 1 3 7 3 5 1 0 0 0  aaaa99975889a9884989aaa377779385672864a655664
30248 1 3 7 4 1 1 0 0 0  aaaa99954889a9883989aaa377769286766855a644775
30250 1 3 7 4 1 2 0 0 0  aaaa99945889a9885989aaa577769586766844a633772
30254 1 3 7 4 2 1 0 0 0  aaaa99964889a9883989aaa377749486766856a555772
30266 1 3 7 4 4 1 0 0 0  aaaa99954889a9883989aaa377769286744855a666775
30268 1 3 7 4 4 2 0 0 0  aaaa99945889a9885989aaa577769586744833a666772
30272 1 3 7 4 5 1 0 0 0  aaaa99964889a9883989aaa377749485762856a565776
30290 1 3 7 5 2 1 0 0 0  aaaa99954889a9885989aaa377769386757867a662445
30292 1 3 7 5 2 2 0 0 0  aaaa99945889a9885989aaa577769586737867a662443
30326 1 3 7 6 2 1 0 0 0  aaaa99944889a9884989aaa377779386577865a662565
30328 1 3 7 6 2 2 0 0 0  aaaa99945889a9885989aaa577779586477863a662463
30464 1 3 7 10 1 1 0 0 0  aaaa99965889a9884989aaa366679385762874a755774
30493 1 3 8 0 0 0 1 0 0  aaaa99977889a9866989aaa628879776585457a464335
30497 1 3 8 0 0 2 1 0 0  aaaa99977889a9866989aaa628879776584357a563544
30594 1 3 8 2 5 0 0 0 0  aaaa99965889a9864989aaa378879775485527a763646
30722 1 3 8 6 2 1 0 0 0  aaaa99954889a9853989aaa578869377687677a662445
30724 1 3 8 6 2 2 0 0 0  aaaa99945889a9835989aaa578869577687677a662443
30728 1 3 8 6 3 1 0 0 0  aaaa99965889a9844989aaa478869377587677a663552
30774 1 3 8 7 5 0 0 0 0  aaaa99967889a9865989aaa478879775485526a763643
30794 1 3 8 8 2 1 0 0 0  aaaa99954889a9844989aaa378869777783657a662565
30796 1 3 8 8 2 2 0 0 0  aaaa99945889a9835989aaa578869777785647a662463
30800 1 3 8 8 3 1 0 0 0  aaaa99964889a9844989aaa378859777783667a566525
30830 1 3 8 9 2 1 0 0 0  aaaa99954889a9844989aaa378869377787657a662565
30832 1 3 8 9 2 2 0 0 0  aaaa99945889a9835989aaa578869577787647a662463
30893 1 3 9 0 0 2 1 0 0  aaaa99977889a9866989aaa628759776584357a863544
30902 1 3 9 0 2 1 0 0 0  aaaa99977889a9844989aaa468759776683657a863525
30930 1 3 9 1 1 0 0 0 0  aaaa99975889a9864989aaa378779376686557a865442
30932 1 3 9 1 1 1 0 0 0  aaaa99975889a9864989aaa378779376686457a864552
30938 1 3 9 1 2 1 0 0 0  aaaa99975889a9844989aaa478779376686657a863552
30950 1 3 9 1 4 1 0 0 0  aaaa99975889a9844989aaa478779376683657a866552
30986 1 3 9 2 4 1 0 0 0  aaaa99954889a9844989aaa378779376682567a857665
30988 1 3 9 2 4 2 0 0 0  aaaa99945889a9835989aaa578779576682467a847663
30990 1 3 9 2 5 0 0 0 0  aaaa99965889a9864989aaa378779375485527a867646
31026 1 3 9 3 5 0 0 0 0  aaaa99965889a9864989aaa378779775485527a863646
31037 1 3 9 4 0 2 1 0 0  aaaa99957889a9857989aaa478779466287365a863564
31044 1 3 9 4 2 0 0 0 0  aaaa99957889a9847989aaa478779366687552a866534
31063 1 3 9 4 5 0 1 0 0  aaaa99967889a9867989aaa478779455387256a865634
31066 1 3 9 4 5 2 0 0 0  aaaa99967889a9867989aaa578779534487436a865652
31088 1 3 9 5 3 1 0 0 0  aaaa99954889a9844989aaa378779376587666a872565
31090 1 3 9 5 3 2 0 0 0  aaaa99945889a9835989aaa578779576487666a872463
31098 1 3 9 5 5 0 0 0 0  aaaa99965889a9863989aaa378779275587446a875646
31112 1 3 9 6 1 1 0 0 0  aaaa99965889a9844989aaa478779766683756a873552
31148 1 3 9 7 1 1 0 0 0  aaaa99954889a9844989aaa378779376686656a872575
31150 1 3 9 7 1 2 0 0 0  aaaa99945889a9835989aaa578779576686646a872473
31160 1 3 9 7 3 1 0 0 0  aaaa99954889a9844989aaa378779376686655a872675
31162 1 3 9 7 3 2 0 0 0  aaaa99945889a9835989aaa578779576686644a872673
31164 1 3 9 7 4 0 0 0 0  aaaa99966889a9865989aaa478779374585256a874673
31166 1 3 9 7 4 1 0 0 0  aaaa99966889a9864989aaa378779375585456a874672
31170 1 3 9 7 5 0 0 0 0  aaaa99965889a9864989aaa378779374585256a874676
31172 1 3 9 7 5 1 0 0 0  aaaa99964889a9863989aaa378779275585456a874676
31206 1 3 9 8 5 0 0 0 0  aaaa99965889a9864989aaa378779775485526a873646
31242 1 3 9 9 5 0 0 0 0  aaaa99965889a9864989aaa378549577787527a863646
31260 1 3 9 10 2 0 0 0 0  aaaa99975889a9873989aaa368669265586447a875747
31266 1 3 9 10 3 0 0 0 0  aaaa99975889a9874989aaa368669365485527a876747
31272 1 3 9 10 4 0 0 0 0  aaaa99975889a9874989aaa368669665485527a873747
31278 1 3 9 10 5 0 0 0 0  aaaa99975889a9874989aaa368549566686527a873747
31318 1 3 10 0 5 2 0 0 0  aaaa99977889a9885989aaa528769778675364a635644
31319 1 3 10 0 5 2 1 0 0  aaaa99977889a9885989aaa528769778675463a644653
31320 1 3 10 1 0 0 0 0 0  aaaa99975889a9884989aaa378779378662667a455546
31332 1 3 10 1 2 0 0 0 0  aaaa99975889a9884989aaa378779378666467a654552
31334 1 3 10 1 2 1 0 0 0  aaaa99975889a9884989aaa378779378666567a655442
31338 1 3 10 1 3 0 0 0 0  aaaa99975889a9884989aaa378779378666567a562454
31340 1 3 10 1 3 1 0 0 0  aaaa99975889a9884989aaa378779378666567a565442
31346 1 3 10 1 4 1 0 0 0  aaaa99975889a9884989aaa378779378644657a666552
31352 1 3 10 1 5 1 0 0 0  aaaa99975889a9884989aaa378779378644567a655662
31370 1 3 10 2 2 1 0 0 0  aaaa99954889a9883989aaa378779278666567a657445
31372 1 3 10 2 2 2 0 0 0  aaaa99945889a9885989aaa578779578666467a647332
31374 1 3 10 2 3 0 0 0 0  aaaa99965889a9884989aaa378779378666567a547254
31382 1 3 10 2 4 1 0 0 0  aaaa99944889a9884989aaa378779378656567a657625
31384 1 3 10 2 4 2 0 0 0  aaaa99945889a9885989aaa578779578636467a647623
31388 1 3 10 2 5 1 0 0 0  aaaa99954889a9883989aaa378779278644567a657665
31390 1 3 10 2 5 2 0 0 0  aaaa99945889a9885989aaa578779578644367a637662
31428 1 3 10 4 0 0 0 0 0  aaaa99975889a9884989aaa378779368672647a556645
31430 1 3 10 4 0 1 0 0 0  aaaa99975889a9884989aaa378779368672657a546654
31436 1 3 10 4 1 1 0 0 0  aaaa99975889a9884989aaa378779368676657a562454
31438 1 3 10 4 1 2 0 0 0  aaaa99975889a9885989aaa578779568676647a464332
31440 1 3 10 4 2 0 0 0 0  aaaa99975889a9884989aaa378779368676557a645624
31442 1 3 10 4 2 1 0 0 0  aaaa99975889a9884989aaa378779368676547a655642
31446 1 3 10 4 3 0 0 0 0  aaaa99975889a9884989aaa378779368676657a545624
31448 1 3 10 4 3 1 0 0 0  aaaa99975889a9884989aaa378779368676647a555642
31454 1 3 10 4 4 1 0 0 0  aaaa99975889a9884989aaa378779368572657a666454
31456 1 3 10 4 4 2 0 0 0  aaaa99975889a9885989aaa578779568474647a666332
31460 1 3 10 4 5 1 0 0 0  aaaa99975889a9884989aaa378779348674567a655662
31478 1 3 10 5 2 1 0 0 0  aaaa99944889a9885989aaa478779378673666a257565
31480 1 3 10 5 2 2 0 0 0  aaaa99945889a9885989aaa578779578672666a447363
31490 1 3 10 5 4 1 0 0 0  aaaa99944889a9885989aaa478779378676265a657635
31492 1 3 10 5 4 2 0 0 0  aaaa99945889a9885989aaa578779578676464a637623
31496 1 3 10 5 5 1 0 0 0  aaaa99944889a9885989aaa478779378673265a657665
31498 1 3 10 5 5 2 0 0 0  aaaa99945889a9885989aaa578779578672464a637663
31554 1 3 10 7 3 0 0 0 0  aaaa99965889a9883989aaa378779278666565a475474
31568 1 3 10 7 5 1 0 0 0  aaaa99965889a9883989aaa378779278464546a575676
31674 1 3 10 10 5 0 0 0 0  aaaa99965889a9884989aaa358479558763276a764776
31788 1 3 11 3 0 0 0 0 0  aaaa99975889a9888989aaa477779386673656a545264
32126 1 3 12 1 2 1 0 0 0  aaaa99975889a9884989aaa377769388744666a555762
32132 1 3 12 1 3 1 0 0 0  aaaa99975889a9884989aaa377769388752666a456745
32138 1 3 12 1 4 1 0 0 0  aaaa99975889a9884989aaa377769388752645a666745
32156 1 3 12 2 1 1 0 0 0  aaaa99954889a9883989aaa377769288744667a566575
32158 1 3 12 2 1 2 0 0 0  aaaa99945889a9885989aaa577769588744667a366372
32162 1 3 12 2 2 1 0 0 0  aaaa99954889a9885989aaa377769388744627a656675
32164 1 3 12 2 2 2 0 0 0  aaaa99945889a9885989aaa577769588744627a636673
32174 1 3 12 2 4 1 0 0 0  aaaa99954889a9883989aaa377769288744657a666575
32176 1 3 12 2 4 2 0 0 0  aaaa99945889a9885989aaa577769588744637a666372
32180 1 3 12 2 5 1 0 0 0  aaaa99965889a9883989aaa377749488762547a565676
32234 1 3 12 4 2 1 0 0 0  aaaa99965889a9884989aaa377749488763666a555772
32240 1 3 12 4 3 1 0 0 0  aaaa99954889a9883989aaa377769288744666a556775
32242 1 3 12 4 3 2 0 0 0  aaaa99945889a9885989aaa577769588744666a336772
32246 1 3 12 4 4 1 0 0 0  aaaa99954889a9883989aaa377769288744655a666775
32248 1 3 12 4 4 2 0 0 0  aaaa99945889a9885989aaa577769588744633a666772
32252 1 3 12 4 5 1 0 0 0  aaaa99965889a9883989aaa377749488762546a565776
32270 1 3 12 5 2 1 0 0 0  aaaa99944889a9884989aaa377769388757657a662565
32272 1 3 12 5 2 2 0 0 0  aaaa99945889a9885989aaa577769588737647a662463
32342 1 3 12 7 2 1 0 0 0  aaaa99954889a9883989aaa377769288744657a667565
32344 1 3 12 7 2 2 0 0 0  aaaa99945889a9885989aaa577769588744637a667362
32348 1 3 12 7 3 1 0 0 0  aaaa99965889a9884989aaa377769388744657a667552
32354 1 3 12 7 4 1 0 0 0  aaaa99954889a9883989aaa377769688744567a657625
32356 1 3 12 7 4 2 0 0 0  aaaa99945889a9885989aaa577769688735467a647623
32360 1 3 12 7 5 1 0 0 0  aaaa99954889a9883989aaa377769288744567a657665
32362 1 3 12 7 5 2 0 0 0  aaaa99945889a9885989aaa577769588744367a637662
32378 1 3 12 8 2 1 0 0 0  aaaa99944889a9884989aaa377779388657657a662565
32380 1 3 12 8 2 2 0 0 0  aaaa99945889a9885989aaa577779588637647a662463
32580 1 3 13 3 0 0 0 0 0  aaaa99975889a9884989aaa877779386673656a545264
33098 1 3 14 6 2 1 0 0 0  aaaa99954889a9885979aaa388869377657677a662445
33100 1 3 14 6 2 2 0 0 0  aaaa99945889a9885979aaa588869577637677a662443
33170 1 3 14 8 2 1 0 0 0  aaaa99954889a9883979aaa788869377744657a662565
33172 1 3 14 8 2 2 0 0 0  aaaa99945889a9885979aaa788869577735647a662463
33358 1 3 15 2 3 2 0 0 0  aaaa99954889a9853989aaa878879776663627a744565
33366 1 3 15 2 5 0 0 0 0  aaaa99965889a9864989aaa878879775465527a763643
33568 1 3 15 8 2 2 0 0 0  aaaa99954889a9853989aaa878869777744627a663565
33671 1 3 16 0 1 2 1 0 0  aaaa99977889a9854989aaa868769776376265a854534
33716 1 3 16 1 3 1 0 0 0  aaaa99974889a9853989aaa878779376662657a844565
33718 1 3 16 1 3 2 0 0 0  aaaa99975889a9845989aaa878779576665637a844362
33726 1 3 16 1 5 0 0 0 0  aaaa99975889a9864989aaa878779375465527a863646
33754 1 3 16 2 3 2 0 0 0  aaaa99954889a9844989aaa878779376663627a857565
33762 1 3 16 2 5 0 0 0 0  aaaa99965889a9864989aaa878779375465527a867643
33790 1 3 16 3 3 2 0 0 0  aaaa99954889a9853989aaa878779776663627a844565
33798 1 3 16 3 5 0 0 0 0  aaaa99965889a9864989aaa878779775465527a863643
33810 1 3 16 4 1 0 0 0 0  aaaa99975889a9873989aaa878779366672556a845446
33817 1 3 16 4 2 0 1 0 0  aaaa99975889a9874989aaa878779466376266a855534
33868 1 3 16 5 4 2 0 0 0  aaaa99954889a9844989aaa878779376673265a857665
33870 1 3 16 5 5 0 0 0 0  aaaa99965889a9864989aaa878779375475526a867643
33906 1 3 16 6 5 0 0 0 0  aaaa99965889a9864989aaa878779775475526a863643
33922 1 3 16 7 1 2 0 0 0  aaaa99956889a9853989aaa878779376662445a876475
33928 1 3 16 7 2 2 0 0 0  aaaa99954889a9844989aaa878779376663625a876575
33934 1 3 16 7 3 2 0 0 0  aaaa99954889a9844989aaa878779376663265a876575
33940 1 3 16 7 4 2 0 0 0  aaaa99954889a9844989aaa878779376666625a873575
33942 1 3 16 7 5 0 0 0 0  aaaa99965889a9864989aaa878779374565256a874673
33944 1 3 16 7 5 1 0 0 0  aaaa99964889a9863989aaa878779375565456a874672
33970 1 3 16 8 3 2 0 0 0  aaaa99954889a9844989aaa878779776663625a873565
33978 1 3 16 8 5 0 0 0 0  aaaa99965889a9864989aaa878779775465526a873643
34006 1 3 16 9 3 2 0 0 0  aaaa99954889a9853989aaa878629777773666a844565
34014 1 3 16 9 5 0 0 0 0  aaaa99965889a9863989aaa878559777773446a865642
34050 1 3 16 10 5 0 0 0 0  aaaa99965889a9864989aaa878549577777526a863643
34110 1 3 17 1 3 0 0 0 0  aaaa99975889a9884989aaa878779376663657a545264
34150 1 3 17 2 3 2 0 0 0  aaaa99935889a9885989aaa878779576665647a447362
34208 1 3 17 4 1 1 0 0 0  aaaa99974889a9883989aaa878779366576567a545624
34214 1 3 17 4 2 1 0 0 0  aaaa99975889a9884989aaa878779366673257a566454
34216 1 3 17 4 2 2 0 0 0  aaaa99975889a9885989aaa878779566675447a366432
34318 1 3 17 7 1 2 0 0 0  aaaa99926889a9885989aaa878779576665434a476375
34324 1 3 17 7 2 2 0 0 0  aaaa99935889a9885989aaa878779576665644a476372
34328 1 3 17 7 3 1 0 0 0  aaaa99944889a9884989aaa878779376663565a276575
34330 1 3 17 7 3 2 0 0 0  aaaa99935889a9885989aaa878779576665464a476372
34338 1 3 17 7 5 0 0 0 0  aaaa99965889a9883989aaa878779375465526a474676
34896 1 3 19 1 2 0 0 0 0  aaaa99976889a9886989aaa478779376646557a853254
34898 1 3 19 1 2 1 0 0 0  aaaa99975889a9884989aaa378779376662657a846554
34902 1 3 19 1 3 0 0 0 0  aaaa99975889a9884989aaa378779376662657a844565
34904 1 3 19 1 3 1 0 0 0  aaaa99975889a9885989aaa378779376662647a855464
34910 1 3 19 1 4 1 0 0 0  aaaa99975889a9884989aaa378779376666657a844552
34926 1 3 19 2 1 0 0 0 0  aaaa99965889a9884989aaa378779376646557a867254
34940 1 3 19 2 3 1 0 0 0  aaaa99944889a9884989aaa378779376662657a857565
34942 1 3 19 2 3 2 0 0 0  aaaa99945889a9885989aaa578779576662647a837463
34950 1 3 19 2 5 0 0 0 0  aaaa99965889a9884989aaa378779375465527a867646
34976 1 3 19 3 3 1 0 0 0  aaaa99954889a9883989aaa378779776662657a844565
34978 1 3 19 3 3 2 0 0 0  aaaa99945889a9885989aaa578779776665637a844362
34986 1 3 19 3 5 0 0 0 0  aaaa99965889a9884989aaa378779775465527a863646
35004 1 3 19 4 2 0 0 0 0  aaaa99975889a9884989aaa378779366672557a866454
35006 1 3 19 4 2 1 0 0 0  aaaa99975889a9885989aaa478779366673257a866454
35016 1 3 19 4 4 0 0 0 0  aaaa99975889a9884989aaa378779366676557a865442
35018 1 3 19 4 4 1 0 0 0  aaaa99975889a9884989aaa378779366676457a864552
35054 1 3 19 5 4 1 0 0 0  aaaa99944889a9885989aaa478779376673265a857665
35056 1 3 19 5 4 2 0 0 0  aaaa99945889a9885989aaa578779576672464a837663
35058 1 3 19 5 5 0 0 0 0  aaaa99965889a9884989aaa378779375475526a867646
35094 1 3 19 6 5 0 0 0 0  aaaa99965889a9884989aaa378779775475526a863646
35110 1 3 19 7 1 2 0 0 0  aaaa99936889a9885989aaa578779576665443a876472
35114 1 3 19 7 2 1 0 0 0  aaaa99944889a9885989aaa478779376663625a876575
35116 1 3 19 7 2 2 0 0 0  aaaa99945889a9885989aaa578779576662644a876373
35120 1 3 19 7 3 1 0 0 0  aaaa99944889a9884989aaa378779376662565a876575
35122 1 3 19 7 3 2 0 0 0  aaaa99945889a9885989aaa578779576662464a876373
35126 1 3 19 7 4 1 0 0 0  aaaa99944889a9885989aaa478779376666625a873575
35128 1 3 19 7 4 2 0 0 0  aaaa99945889a9885989aaa578779576666644a872373
35130 1 3 19 7 5 0 0 0 0  aaaa99965889a9884989aaa378779374565256a874676
35132 1 3 19 7 5 1 0 0 0  aaaa99964889a9883989aaa378779275565456a874676
35156 1 3 19 8 3 1 0 0 0  aaaa99944889a9885989aaa478779776663625a873565
35158 1 3 19 8 3 2 0 0 0  aaaa99945889a9885989aaa578779776665644a872363
35166 1 3 19 8 5 0 0 0 0  aaaa99965889a9884989aaa378779775465526a873646
35192 1 3 19 9 3 1 0 0 0  aaaa99954889a9883989aaa378659777772666a844565
35194 1 3 19 9 3 2 0 0 0  aaaa99945889a9885989aaa578639777775666a844362
35202 1 3 19 9 5 0 0 0 0  aaaa99965889a9883989aaa378559777772446a865646
35238 1 3 19 10 5 0 0 0 0  aaaa99965889a9884989aaa378549577777526a863646
35298 1 3 20 1 3 0 0 0 0  aaaa99975889a9888989aaa478779376663657a545264
35338 1 3 20 2 3 2 0 0 0  aaaa99935889a9888989aaa578779576665647a447362
35396 1 3 20 4 1 1 0 0 0  aaaa99974889a9888989aaa378779366576567a545624
35402 1 3 20 4 2 1 0 0 0  aaaa99975889a9888989aaa478779366673257a566454
35404 1 3 20 4 2 2 0 0 0  aaaa99975889a9888989aaa578779566675447a366432
35506 1 3 20 7 1 2 0 0 0  aaaa99926889a9888989aaa578779576665434a476375
35512 1 3 20 7 2 2 0 0 0  aaaa99935889a9888989aaa578779576665644a476372
35516 1 3 20 7 3 1 0 0 0  aaaa99944889a9888989aaa478779376663565a276575
35518 1 3 20 7 3 2 0 0 0  aaaa99935889a9888989aaa578779576665464a476372
35526 1 3 20 7 5 0 0 0 0  aaaa99965889a9888989aaa378779375465526a474676
36318 1 3 22 7 5 0 0 0 0  aaaa99965779a9764989aaa787549588888526a763643
36471 1 4 0 1 0 1 1 0 0  aaaa99998998a8777289aaa898866573763754a646554
36473 1 4 0 1 0 2 1 0 0  aaaa99998998a8777289aaa898866476754736a654535
36503 1 4 0 1 5 2 1 0 0  aaaa99998998a8777289aaa898865473754765a653664
36606 1 4 0 4 5 0 0 0 0  aaaa99998998a8777289aaa898865577754364a635664
36607 1 4 0 4 5 0 1 0 0  aaaa99998998a8777289aaa898865577735465a644663
36611 1 4 0 4 5 2 1 0 0  aaaa99998998a8777289aaa898865477754365a653664
36643 1 4 0 5 5 0 1 0 0  aaaa99998998a8777289aaa898875456754657a666343
36689 1 4 0 7 0 2 1 0 0  aaaa99998998a8777289aaa898876633576656a547454
36708 1 4 0 7 4 0 0 0 0  aaaa99998998a8777289aaa898875566676346a357454
36709 1 4 0 7 4 0 1 0 0  aaaa99998998a8777489aaa898874466676556a357352
36714 1 4 0 7 5 0 0 0 0  aaaa99998998a8777289aaa898875534675365a647664
36715 1 4 0 7 5 0 1 0 0  aaaa99998998a8777289aaa898874553675564a637664
36791 1 4 0 9 5 2 1 0 0  aaaa99998998a8754289aaa898865477777365a653664
36821 1 4 0 10 4 2 1 0 0  aaaa99998998a8764289aaa898875466766375a753745
36823 1 4 0 10 5 0 1 0 0  aaaa99998998a8765289aaa898876453765576a763744
36825 1 4 0 10 5 1 1 0 0  aaaa99998998a8765289aaa898876455765376a763744
36826 1 4 0 10 5 2 0 0 0  aaaa99998998a8765289aaa898876534765376a764754
36827 1 4 0 10 5 2 1 0 0  aaaa99998998a8765289aaa898876544764376a763755
36986 1 4 1 4 2 1 0 0 0  aaaa99994998a8844889aaa398777377657658a662565
36988 1 4 1 4 2 2 0 0 0  aaaa99995998a8845889aaa598777577637648a662463
37016 1 4 1 5 1 1 0 0 0  aaaa99994998a8853889aaa398777267566768a644575
37018 1 4 1 5 1 2 0 0 0  aaaa99995998a8845889aaa598777567366768a644372
37022 1 4 1 5 2 1 0 0 0  aaaa99995998a8854889aaa398777367656728a644675
37024 1 4 1 5 2 2 0 0 0  aaaa99995998a8845889aaa598777567636728a644673
37026 1 4 1 5 3 0 0 0 0  aaaa99995998a8864889aaa398777367566768a545274
37034 1 4 1 5 4 1 0 0 0  aaaa99994998a8853889aaa398777267666758a644575
37036 1 4 1 5 4 2 0 0 0  aaaa99995998a8845889aaa598777567666738a644372
37040 1 4 1 5 5 1 0 0 0  aaaa99995998a8863889aaa398777257565748a464676
37058 1 4 1 6 2 1 0 0 0  aaaa99994998a8853889aaa398777767662758a644565
37060 1 4 1 6 2 2 0 0 0  aaaa99995998a8845889aaa598777767665738a644362
37082 1 4 1 7 0 1 0 0 0  aaaa99995998a8874889aaa398777367652678a456645
37092 1 4 1 7 2 0 0 0 0  aaaa99996998a8876889aaa498777267656478a554353
37094 1 4 1 7 2 1 0 0 0  aaaa99995998a8874889aaa398777367662578a655464
37332 1 4 2 3 0 0 0 0 0  aaaa99995998a8874889aaa398668377767567a562454
37334 1 4 2 3 0 1 0 0 0  aaaa99995998a8874889aaa398668377767567a565442
37350 1 4 2 3 3 0 0 0 0  aaaa99995998a8874889aaa398668677747657a525634
37356 1 4 2 3 4 0 0 0 0  aaaa99995998a8874889aaa398658677727647a663545
37358 1 4 2 3 4 1 0 0 0  aaaa99995998a8874889aaa398658677747657a663254
37410 1 4 2 5 1 0 0 0 0  aaaa99995998a8864889aaa398778767646756a525734
37418 1 4 2 5 2 1 0 0 0  aaaa99994998a8853889aaa398778767662755a644765
37420 1 4 2 5 2 2 0 0 0  aaaa99995998a8845889aaa598778767665744a633762
37454 1 4 2 6 2 1 0 0 0  aaaa99995998a8844889aaa498768377773666a257565
37456 1 4 2 6 2 2 0 0 0  aaaa99995998a8845889aaa598768577772666a447363
37466 1 4 2 6 4 1 0 0 0  aaaa99995998a8844889aaa498768677773265a657635
37468 1 4 2 6 4 2 0 0 0  aaaa99995998a8845889aaa598768677775464a637623
37472 1 4 2 6 5 1 0 0 0  aaaa99995998a8844889aaa498768377773265a657665
37474 1 4 2 6 5 2 0 0 0  aaaa99995998a8845889aaa598768577772464a637663
37526 1 4 2 8 2 1 0 0 0  aaaa99994998a8844889aaa398768377757657a662565
37528 1 4 2 8 2 2 0 0 0  aaaa99995998a8845889aaa598768577737647a662463
37598 1 4 2 10 2 1 0 0 0  aaaa99995998a8844889aaa498768367663725a777565
37600 1 4 2 10 2 2 0 0 0  aaaa99995998a8845889aaa598768567662744a777363
37722 1 4 3 2 5 0 0 0 0  aaaa99998998a8865789aaa897876475475526a763643
37875 1 4 3 7 0 1 1 0 0  aaaa99998998a8874389aaa897877376655626a754564
37877 1 4 3 7 0 2 1 0 0  aaaa99998998a8874389aaa897877376654626a754565
37893 1 4 3 7 3 1 1 0 0  aaaa99998998a8874389aaa897877376664655a754265
37895 1 4 3 7 3 2 1 0 0  aaaa99998998a8874389aaa897877376664625a754565
37903 1 4 3 7 5 0 1 0 0  aaaa99998998a8874389aaa897877375564526a764656
37930 1 4 3 8 3 2 0 0 0  aaaa99998998a8854789aaa897877376663625a744565
37938 1 4 3 8 5 0 0 0 0  aaaa99998998a8865789aaa897877475465526a763643
38015 1 4 3 10 5 2 1 0 0  aaaa99998998a8865289aaa894876543765476a763775
38033 1 4 4 0 2 2 1 0 0  aaaa99994998a8877889aaa897667627657865a354534
38051 1 4 4 0 5 2 1 0 0  aaaa99994998a8877889aaa897367427657865a653645
38176 1 4 4 4 2 2 0 0 0  aaaa99994998a8853889aaa897774476277865a663565
38212 1 4 4 5 2 2 0 0 0  aaaa99994998a8853889aaa897774476663867a257565
38278 1 4 4 7 1 2 0 0 0  aaaa99996998a8853889aaa897775376662844a476575
38290 1 4 4 7 3 2 0 0 0  aaaa99994998a8853889aaa897774476663865a276575
38298 1 4 4 7 5 0 0 0 0  aaaa99995998a8864889aaa897776374565856a274673
38320 1 4 4 8 2 2 0 0 0  aaaa99994998a8844889aaa897777376663865a257565
38464 1 4 5 1 2 2 0 0 0  aaaa99994998a8853789aaa897875387672765a666445
38476 1 4 5 1 4 2 0 0 0  aaaa99994998a8853789aaa897875387676765a644625
38482 1 4 5 1 5 2 0 0 0  aaaa99994998a8853789aaa897875387672765a644665
38494 1 4 5 2 1 2 0 0 0  aaaa99994998a8853789aaa897875386766765a672445
38512 1 4 5 2 4 2 0 0 0  aaaa99994998a8853789aaa897875386744765a672665
38516 1 4 5 2 5 1 0 0 0  aaaa99995998a8864789aaa897876385763746a575642
38528 1 4 5 3 1 1 0 0 0  aaaa99995998a8864789aaa897877387663765a652445
38530 1 4 5 3 1 2 0 0 0  aaaa99995998a8865789aaa897877587665764a644332
38536 1 4 5 3 2 2 0 0 0  aaaa99994998a8853789aaa897877387666765a652445
38548 1 4 5 3 4 2 0 0 0  aaaa99994998a8853789aaa897877387656765a644625
38554 1 4 5 3 5 2 0 0 0  aaaa99994998a8853789aaa897877387652765a644665
38564 1 4 5 4 1 1 0 0 0  aaaa99995998a8864789aaa897875387663765a672445
38566 1 4 5 4 1 2 0 0 0  aaaa99995998a8865789aaa897874587665763a672443
38572 1 4 5 4 2 2 0 0 0  aaaa99994998a8853789aaa897875387666765a672445
38584 1 4 5 4 4 2 0 0 0  aaaa99994998a8853789aaa897874487656765a673625
38590 1 4 5 4 5 2 0 0 0  aaaa99994998a8853789aaa897875387644765a672665
38602 1 4 5 5 1 2 0 0 0  aaaa99994998a8853789aaa897875386766767a652445
38620 1 4 5 5 4 2 0 0 0  aaaa99994998a8853789aaa897875386752767a666445
38624 1 4 5 5 5 1 0 0 0  aaaa99995998a8864789aaa897876385763747a565642
38665 1 4 5 7 0 0 1 0 0  aaaa99995998a8874389aaa897877386764726a655564
38668 1 4 5 7 0 2 0 0 0  aaaa99995998a8875289aaa897877586765746a643463
38669 1 4 5 7 0 2 1 0 0  aaaa99995998a8875389aaa897877386765726a645464
38683 1 4 5 7 3 0 1 0 0  aaaa99995998a8874289aaa897877486766736a655534
38710 1 4 5 8 1 2 0 0 0  aaaa99994998a8853789aaa897877386766765a652445
38728 1 4 5 8 4 2 0 0 0  aaaa99994998a8853789aaa897877386752765a666445
38732 1 4 5 8 5 1 0 0 0  aaaa99995998a8864789aaa897877385763746a565642
38782 1 4 5 10 1 2 0 0 0  aaaa99994998a8853689aaa896876386752675a744775
38803 1 4 5 10 5 0 1 0 0  aaaa99995998a8864289aaa895876583764576a763774
38854 1 4 6 1 1 2 0 0 0  aaaa99994998a8853789aaa898877376766765a652445
38872 1 4 6 1 4 2 0 0 0  aaaa99994998a8853789aaa898877376752765a666445
38876 1 4 6 1 5 1 0 0 0  aaaa99995998a8864789aaa898877375763746a565642
38880 1 4 6 2 0 0 0 0 0  aaaa99995998a8874789aaa898877376763665a455246
39002 1 4 6 5 2 1 0 0 0  aaaa99995998a8874789aaa898877366763275a656445
39004 1 4 6 5 2 2 0 0 0  aaaa99995998a8875789aaa898877566765474a636423
39040 1 4 6 6 2 2 0 0 0  aaaa99994998a8853789aaa898877766763275a656445
39064 1 4 6 7 0 2 0 0 0  aaaa99997998a8875289aaa898877766735464a465365
39068 1 4 6 7 1 1 0 0 0  aaaa99997998a8875289aaa898877766764564a535364
39070 1 4 6 7 1 2 0 0 0  aaaa99997998a8875289aaa898877766765464a435365
39073 1 4 6 7 2 0 1 0 0  aaaa99997998a8874289aaa898877766756566a534543
39074 1 4 6 7 2 1 0 0 0  aaaa99997998a8874289aaa898877766756566a553443
39080 1 4 6 7 3 1 0 0 0  aaaa99997998a8873289aaa898877766763564a556445
39163 1 4 6 9 5 0 1 0 0  aaaa99995998a8864289aaa898876477777556a365634
39165 1 4 6 9 5 1 1 0 0  aaaa99995998a8864289aaa898876477777536a565634
39166 1 4 6 9 5 2 0 0 0  aaaa99995998a8865289aaa898876577777346a365644
39167 1 4 6 9 5 2 1 0 0  aaaa99995998a8865289aaa898876577777436a464635
39199 1 4 6 10 5 0 1 0 0  aaaa99995998a8864289aaa898876453765576a763774
39201 1 4 6 10 5 1 1 0 0  aaaa99995998a8864289aaa898876455765376a763774
39202 1 4 6 10 5 2 0 0 0  aaaa99995998a8865289aaa898876534765376a764774
39203 1 4 6 10 5 2 1 0 0  aaaa99995998a8865289aaa898876544764376a763775
39278 1 4 7 2 0 1 0 0 0  aaaa99995998a8883889aaa398777267657675a446645
39312 1 4 7 3 0 0 0 0 0  aaaa99995998a8884889aaa398777777663665a455246
39348 1 4 7 4 0 0 0 0 0  aaaa99995998a8884889aaa398777377667665a455246
39384 1 4 7 5 0 0 0 0 0  aaaa99995998a8884889aaa398777367655726a644576
39386 1 4 7 5 0 1 0 0 0  aaaa99995998a8885889aaa398777367655726a644476
39398 1 4 7 5 2 1 0 0 0  aaaa99994998a8883889aaa398777267656755a644675
39400 1 4 7 5 2 2 0 0 0  aaaa99995998a8885889aaa598777567646744a633672
39404 1 4 7 5 3 1 0 0 0  aaaa99994998a8883889aaa398777267656756a644575
39406 1 4 7 5 3 2 0 0 0  aaaa99995998a8885889aaa598777567646736a644372
39410 1 4 7 5 4 1 0 0 0  aaaa99995998a8884889aaa398777367666725a644575
39412 1 4 7 5 4 2 0 0 0  aaaa99995998a8885889aaa598777567666744a642373
39416 1 4 7 5 5 1 0 0 0  aaaa99995998a8883889aaa398777257565746a464676
39434 1 4 7 6 2 1 0 0 0  aaaa99995998a8884889aaa398777767663725a644565
39436 1 4 7 6 2 2 0 0 0  aaaa99995998a8885889aaa598777767665744a642363
39462 1 4 7 7 1 0 0 0 0  aaaa99995998a8884889aaa398777367656672a464557
39464 1 4 7 7 1 1 0 0 0  aaaa99995998a8885889aaa398777367662674a446557
39468 1 4 7 7 2 0 0 0 0  aaaa99995998a8884889aaa398777367656676a455247
39474 1 4 7 7 3 0 0 0 0  aaaa99995998a8884889aaa398777367656672a455647
39476 1 4 7 7 3 1 0 0 0  aaaa99995998a8885889aaa398777367662674a455467
39480 1 4 7 7 4 0 0 0 0  aaaa99995998a8884889aaa398777367666675a455247
39528 1 4 7 9 0 0 0 0 0  aaaa99995998a8884889aaa398766377777665a455246
39617 1 4 8 0 2 2 1 0 0  aaaa99994998a8877789aaa896867672657835a654534
39635 1 4 8 0 5 2 1 0 0  aaaa99994998a8877789aaa892867473657865a653645
39644 1 4 8 1 1 1 0 0 0  aaaa99995998a8864789aaa897875377663865a672445
39646 1 4 8 1 1 2 0 0 0  aaaa99995998a8865789aaa897874577665863a672443
39652 1 4 8 1 2 2 0 0 0  aaaa99994998a8853789aaa897875377666865a672445
39664 1 4 8 1 4 2 0 0 0  aaaa99994998a8853789aaa897874477656865a673625
39670 1 4 8 1 5 2 0 0 0  aaaa99994998a8853789aaa897875377644865a672665
39688 1 4 8 2 2 2 0 0 0  aaaa99994998a8853789aaa897875376676865a744625
39694 1 4 8 2 3 2 0 0 0  aaaa99994998a8853789aaa897875376676865a762445
39700 1 4 8 2 4 2 0 0 0  aaaa99994998a8853789aaa897875376672865a744665
39702 1 4 8 2 5 0 0 0 0  aaaa99995998a8864789aaa897876374575856a764632
39704 1 4 8 2 5 1 0 0 0  aaaa99995998a8864789aaa897876375575846a763642
39716 1 4 8 3 1 1 0 0 0  aaaa99995998a8864789aaa897877377663865a652445
39718 1 4 8 3 1 2 0 0 0  aaaa99995998a8865789aaa897877577665864a644332
39724 1 4 8 3 2 2 0 0 0  aaaa99994998a8853789aaa897877377666865a652445
39736 1 4 8 3 4 2 0 0 0  aaaa99994998a8853789aaa897877377656865a644625
39742 1 4 8 3 5 2 0 0 0  aaaa99994998a8853789aaa897877377652865a644665
39760 1 4 8 4 2 2 0 0 0  aaaa99994998a8853789aaa897875377672865a666445
39772 1 4 8 4 4 2 0 0 0  aaaa99994998a8853789aaa897875377676865a644625
39778 1 4 8 4 5 2 0 0 0  aaaa99994998a8853789aaa897875377672865a644665
39796 1 4 8 5 2 2 0 0 0  aaaa99994998a8853789aaa897875376662867a744565
39802 1 4 8 5 3 2 0 0 0  aaaa99994998a8853789aaa897875376662867a756445
39808 1 4 8 5 4 2 0 0 0  aaaa99994998a8853789aaa897875376666867a752445
39810 1 4 8 5 5 0 0 0 0  aaaa99995998a8864789aaa897876374565857a764632
39812 1 4 8 5 5 1 0 0 0  aaaa99995998a8864789aaa897876375565847a763642
39856 1 4 8 7 0 2 0 0 0  aaaa99995998a8875289aaa897877576635863a764446
39904 1 4 8 8 2 2 0 0 0  aaaa99994998a8853789aaa897877376662865a744565
39910 1 4 8 8 3 2 0 0 0  aaaa99994998a8853789aaa897877376662865a756445
39916 1 4 8 8 4 2 0 0 0  aaaa99994998a8853789aaa897877376666865a752445
39918 1 4 8 8 5 0 0 0 0  aaaa99995998a8864789aaa897877374565856a764632
39920 1 4 8 8 5 1 0 0 0  aaaa99995998a8864789aaa897877375565846a763642
39970 1 4 8 10 1 2 0 0 0  aaaa99994998a8853689aaa896876366752875a744775
39991 1 4 8 10 5 0 1 0 0  aaaa99995998a8864289aaa895876553764876a763774
39995 1 4 8 10 5 2 1 0 0  aaaa99995998a8865389aaa893876544764876a765772
40042 1 4 9 1 1 2 0 0 0  aaaa99994998a8853789aaa897875377666685a672445
40060 1 4 9 1 4 2 0 0 0  aaaa99994998a8853789aaa897875377644685a672665
40064 1 4 9 1 5 1 0 0 0  aaaa99995998a8864789aaa897876377464586a575632
40078 1 4 9 2 1 2 0 0 0  aaaa99994998a8853789aaa897875376676686a752445
40084 1 4 9 2 2 2 0 0 0  aaaa99994998a8853789aaa897875376676685a762445
40090 1 4 9 2 3 2 0 0 0  aaaa99994998a8853789aaa897875376676685a744625
40096 1 4 9 2 4 2 0 0 0  aaaa99994998a8853789aaa897875376672685a766445
40098 1 4 9 2 5 0 0 0 0  aaaa99995998a8864789aaa897876375475586a763642
40100 1 4 9 2 5 1 0 0 0  aaaa99995998a8864789aaa897876375575486a764632
40114 1 4 9 3 1 2 0 0 0  aaaa99994998a8853789aaa897877377666685a652445
40132 1 4 9 3 4 2 0 0 0  aaaa99994998a8853789aaa897877377652685a666445
40136 1 4 9 3 5 1 0 0 0  aaaa99995998a8864789aaa897877377464586a565632
40156 1 4 9 4 2 2 0 0 0  aaaa99994998a8853789aaa897874477673685a662565
40162 1 4 9 4 3 2 0 0 0  aaaa99994998a8853789aaa897875377672686a656445
40168 1 4 9 4 4 2 0 0 0  aaaa99994998a8853789aaa897875377672685a666445
40172 1 4 9 4 5 1 0 0 0  aaaa99995998a8864789aaa897876377474586a565632
40188 1 4 9 5 2 0 0 0 0  aaaa99995998a8864789aaa897876376663785a455742
40190 1 4 9 5 2 1 0 0 0  aaaa99995998a8864789aaa897876376663784a555724
40257 1 4 9 7 1 1 1 0 0  aaaa99996998a8874389aaa897877376664585a726545
40259 1 4 9 7 1 2 1 0 0  aaaa99996998a8874389aaa897877376664285a756545
40294 1 4 9 8 1 2 0 0 0  aaaa99996998a8854789aaa897877376663285a756445
40300 1 4 9 8 2 2 0 0 0  aaaa99994998a8853789aaa897877376662685a756445
40306 1 4 9 8 3 2 0 0 0  aaaa99994998a8853789aaa897877376662685a744565
40312 1 4 9 8 4 2 0 0 0  aaaa99994998a8853789aaa897877376666685a752445
40314 1 4 9 8 5 0 0 0 0  aaaa99995998a8864789aaa897877375465586a763642
40316 1 4 9 8 5 1 0 0 0  aaaa99995998a8864789aaa897877375565486a764632
40361 1 4 9 10 0 2 1 0 0  aaaa99995998a8875289aaa896867564376487a674735
40364 1 4 9 10 1 1 0 0 0  aaaa99995998a8874689aaa896867366474587a575732
40374 1 4 9 10 3 0 0 0 0  aaaa99995998a8874689aaa896867365475587a673742
40376 1 4 9 10 3 1 0 0 0  aaaa99995998a8874689aaa896867365575487a674732
40387 1 4 9 10 5 0 1 0 0  aaaa99996998a8876389aaa895837654576487a476752
40391 1 4 9 10 5 2 1 0 0  aaaa99996998a8876489aaa894847635376587a575762
40421 1 4 10 0 4 2 1 0 0  aaaa99994998a8884389aaa897875376674265a757665
40423 1 4 10 0 5 0 1 0 0  aaaa99994998a8884389aaa897876375574526a767656
40494 1 4 10 2 5 0 0 0 0  aaaa99995998a8884789aaa897876375475526a763646
40500 1 4 10 3 0 0 0 0 0  aaaa99995998a8884789aaa897877377663665a455246
40610 1 4 10 6 0 1 0 0 0  aaaa99994998a8883789aaa897877376644765a562556
40647 1 4 10 7 0 1 1 0 0  aaaa99994998a8884389aaa897877376655626a754567
40649 1 4 10 7 0 2 1 0 0  aaaa99995998a8885389aaa897877376645626a745467
40657 1 4 10 7 2 0 1 0 0  aaaa99994998a8884389aaa897877376664655a756257
40659 1 4 10 7 2 1 1 0 0  aaaa99994998a8884389aaa897877376664652a756557
40665 1 4 10 7 3 1 1 0 0  aaaa99994998a8884389aaa897877376664625a755567
40666 1 4 10 7 3 2 0 0 0  aaaa99995998a8885289aaa897877576665634a744367
40667 1 4 10 7 3 2 1 0 0  aaaa99995998a8885389aaa897877376665624a745467
40669 1 4 10 7 4 0 1 0 0  aaaa99994998a8884389aaa897877376666655a754257
40671 1 4 10 7 4 1 1 0 0  aaaa99994998a8884389aaa897877376666652a754557
40682 1 4 10 8 0 1 0 0 0  aaaa99994998a8883789aaa897877376652656a744565
40684 1 4 10 8 0 2 0 0 0  aaaa99995998a8885789aaa897877576645636a744362
40700 1 4 10 8 3 1 0 0 0  aaaa99995998a8884789aaa897877376663625a744565
40702 1 4 10 8 3 2 0 0 0  aaaa99995998a8885789aaa897877576665644a742363
40710 1 4 10 8 5 0 0 0 0  aaaa99995998a8884789aaa897877375465526a763646
40753 1 4 10 10 0 0 1 0 0  aaaa99994998a8884389aaa896876365756572a764775
40770 1 4 10 10 3 0 0 0 0  aaaa99995998a8884689aaa896876365745572a763774
40812 1 4 11 0 4 0 0 0 0  aaaa99995998a8888889aaa497754576672653a766374
40990 1 4 11 5 3 2 0 0 0  aaaa99995998a8888889aaa597773576665647a447362
41050 1 4 11 7 1 2 0 0 0  aaaa99996998a8888889aaa597772576665434a476375
41056 1 4 11 7 2 2 0 0 0  aaaa99995998a8888889aaa597773576665644a476372
41060 1 4 11 7 3 1 0 0 0  aaaa99994998a8888889aaa397774476663565a276575
41062 1 4 11 7 3 2 0 0 0  aaaa99995998a8888889aaa597773576665464a476372
41070 1 4 11 7 5 0 0 0 0  aaaa99995998a8888889aaa397776375465526a474676
41080 1 4 11 8 0 2 0 0 0  aaaa99995998a8888889aaa597777576635646a447362
41094 1 4 11 8 3 0 0 0 0  aaaa99995998a8888889aaa397777376662654a447565
41096 1 4 11 8 3 1 0 0 0  aaaa99995998a8888889aaa397777376662645a447565
41098 1 4 11 8 3 2 0 0 0  aaaa99995998a8888889aaa597777576665644a437362
41106 1 4 11 8 5 0 0 0 0  aaaa99995998a8888889aaa497777275645563a637664
41166 1 4 11 10 3 0 0 0 0  aaaa99995998a8888889aaa496766267545753a777364
41208 1 4 12 0 4 0 0 0 0  aaaa99995998a8884889aaa897754576672653a766374
41386 1 4 12 5 3 2 0 0 0  aaaa99995998a8885889aaa897773576665647a447362
41446 1 4 12 7 1 2 0 0 0  aaaa99996998a8885889aaa897772576665434a476375
41452 1 4 12 7 2 2 0 0 0  aaaa99995998a8885889aaa897773576665644a476372
41456 1 4 12 7 3 1 0 0 0  aaaa99994998a8883889aaa897774476663565a276575
41458 1 4 12 7 3 2 0 0 0  aaaa99995998a8885889aaa897773576665464a476372
41466 1 4 12 7 5 0 0 0 0  aaaa99995998a8883889aaa897776375465526a474676
41476 1 4 12 8 0 2 0 0 0  aaaa99995998a8885889aaa897777576635646a447362
41490 1 4 12 8 3 0 0 0 0  aaaa99995998a8883889aaa897777376662654a447565
41492 1 4 12 8 3 1 0 0 0  aaaa99995998a8883889aaa897777376662645a447565
41494 1 4 12 8 3 2 0 0 0  aaaa99995998a8885889aaa897777576665644a437362
41502 1 4 12 8 5 0 0 0 0  aaaa99995998a8884889aaa897777275645563a637664
41562 1 4 12 10 3 0 0 0 0  aaaa99995998a8884889aaa896766267545753a777364
41588 1 4 13 0 1 1 0 0 0  aaaa99994998a8883889aaa397766687557675a644725
41628 1 4 13 1 2 0 0 0 0  aaaa99995998a8884889aaa397775586277467a664563
41630 1 4 13 1 2 1 0 0 0  aaaa99995998a8885889aaa497775586377637a644662
41636 1 4 13 1 3 1 0 0 0  aaaa99995998a8884889aaa397776386677657a562454
41638 1 4 13 1 3 2 0 0 0  aaaa99995998a8885889aaa597776586677647a464332
41642 1 4 13 1 4 1 0 0 0  aaaa99994998a8883889aaa397774486677657a566525
41648 1 4 13 1 5 1 0 0 0  aaaa99994998a8883889aaa397774486577657a666525
41670 1 4 13 2 3 0 0 0 0  aaaa99995998a8883889aaa397776287666467a455547
41672 1 4 13 2 3 1 0 0 0  aaaa99994998a8883889aaa397776287666567a455547
41688 1 4 13 3 0 0 0 0 0  aaaa99995998a8884889aaa397776786673567a562454
41690 1 4 13 3 0 1 0 0 0  aaaa99995998a8884889aaa397776786673567a565442
41706 1 4 13 3 3 0 0 0 0  aaaa99995998a8884889aaa397774786676657a525634
41712 1 4 13 3 4 0 0 0 0  aaaa99995998a8884889aaa397772786576647a663545
41714 1 4 13 3 4 1 0 0 0  aaaa99995998a8884889aaa397774786576657a663254
41750 1 4 13 4 4 1 0 0 0  aaaa99995998a8883889aaa397774486576657a662457
41796 1 4 13 6 0 0 0 0 0  aaaa99996998a8885889aaa397777387662446a557465
41798 1 4 13 6 0 1 0 0 0  aaaa99995998a8885889aaa397777387662664a447556
41810 1 4 13 6 2 1 0 0 0  aaaa99995998a8884889aaa397777387666265a657445
41812 1 4 13 6 2 2 0 0 0  aaaa99995998a8885889aaa597777587666464a637423
41820 1 4 13 6 4 0 0 0 0  aaaa99995998a8884889aaa397777387655266a657464
41822 1 4 13 6 4 1 0 0 0  aaaa99995998a8885889aaa397777387646465a647625
41824 1 4 13 6 4 2 0 0 0  aaaa99995998a8885889aaa597777587646464a637623
41828 1 4 13 6 5 1 0 0 0  aaaa99995998a8884889aaa397777387644265a657665
41830 1 4 13 6 5 2 0 0 0  aaaa99995998a8885889aaa597777587644364a637662
41858 1 4 13 7 4 1 0 0 0  aaaa99994998a8883889aaa397775287644657a666575
41860 1 4 13 7 4 2 0 0 0  aaaa99995998a8885889aaa597774587644637a666372
41864 1 4 13 7 5 1 0 0 0  aaaa99995998a8883889aaa397776287464547a565676
41904 1 4 13 9 0 0 0 0 0  aaaa99995998a8884889aaa397777787663665a455246
41954 1 4 13 10 2 1 0 0 0  aaaa99995998a8884889aaa396766387644725a777565
41956 1 4 13 10 2 2 0 0 0  aaaa99995998a8885889aaa596766587644734a777362
42158 1 4 14 5 0 1 0 0 0  aaaa99994998a8883789aaa797766386658577a552446
42194 1 4 14 6 0 1 0 0 0  aaaa99994998a8883789aaa397766786658577a552446
42634 1 4 15 7 1 2 0 0 0  aaaa99994998a8853789aaa797875386766765a682445
42652 1 4 15 7 4 2 0 0 0  aaaa99994998a8853789aaa797875386744765a682665
42656 1 4 15 7 5 1 0 0 0  aaaa99995998a8864789aaa797876385763746a585642
42768 1 4 16 0 0 0 0 0 0  aaaa99994998a8877789aaa396867387657655a464852
42882 1 4 16 3 1 0 0 0 0  aaaa99997998a8856789aaa797877486662545a536843
43030 1 4 16 7 1 2 0 0 0  aaaa99994998a8853789aaa797875386766765a644825
43048 1 4 16 7 4 2 0 0 0  aaaa99994998a8853789aaa797875386744765a666825
43052 1 4 16 7 5 1 0 0 0  aaaa99995998a8864789aaa797876385763746a565842
43382 1 4 17 6 0 1 0 0 0  aaaa99995998a8884789aaa397876786644767a563552
43426 1 4 17 7 1 2 0 0 0  aaaa99994998a8883789aaa797875386766765a652445
43444 1 4 17 7 4 2 0 0 0  aaaa99994998a8883789aaa797875386752765a666445
43448 1 4 17 7 5 1 0 0 0  aaaa99995998a8884789aaa797876385763746a565642
43454 1 4 17 8 0 1 0 0 0  aaaa99994998a8883789aaa797877386644765a562556
43490 1 4 17 9 0 1 0 0 0  aaaa99994998a8883789aaa397877786644765a562556
43958 1 4 19 0 0 1 0 0 0  aaaa99994998a8883789aaa797866352767785a656445
43960 1 4 19 0 0 2 0 0 0  aaaa99995998a8885789aaa797866544767784a636352
43966 1 4 19 0 1 2 0 0 0  aaaa99994998a8883789aaa797866626757785a653445
44174 1 4 19 6 0 1 0 0 0  aaaa99995998a8884789aaa397877376652786a464565
44184 1 4 19 6 2 0 0 0 0  aaaa99995998a8884789aaa397877376662786a455546
44218 1 4 19 7 1 2 0 0 0  aaaa99996998a8884789aaa797875376663285a756445
44224 1 4 19 7 2 2 0 0 0  aaaa99994998a8883789aaa797875376662685a756445
44230 1 4 19 7 3 2 0 0 0  aaaa99994998a8883789aaa797875376662685a744565
44236 1 4 19 7 4 2 0 0 0  aaaa99994998a8883789aaa797875376666685a752445
44238 1 4 19 7 5 0 0 0 0  aaaa99995998a8884789aaa797876375465586a763642
44240 1 4 19 7 5 1 0 0 0  aaaa99995998a8884789aaa797876375565486a764632
44570 1 4 20 6 0 1 0 0 0  aaaa99994998a8888789aaa397877376644765a562556
44626 1 4 20 7 3 2 0 0 0  aaaa99994998a8888789aaa797875376663625a744565
44634 1 4 20 7 5 0 0 0 0  aaaa99995998a8888789aaa797876475465526a763643
44748 1 4 21 0 0 0 0 0 0  aaaa99994997a7663889aaa398888875646557a762574
44766 1 4 21 0 3 0 0 0 0  aaaa99995997a7666889aaa398888875645547a763472
44842 1 4 21 2 3 2 0 0 0  aaaa99995997a7735889aaa598888876665647a447362
44907 1 4 21 4 2 1 1 0 0  aaaa99994997a7733889aaa498888866674557a266557
44909 1 4 21 4 2 2 1 0 0  aaaa99994997a7733889aaa498888866674257a566557
45010 1 4 21 7 1 2 0 0 0  aaaa99996997a7725889aaa598888876665434a476375
45016 1 4 21 7 2 2 0 0 0  aaaa99995997a7735889aaa598888876665644a476372
45020 1 4 21 7 3 1 0 0 0  aaaa99994997a7744889aaa398888876663565a276575
45022 1 4 21 7 3 2 0 0 0  aaaa99995997a7735889aaa598888876665464a476372
45030 1 4 21 7 5 0 0 0 0  aaaa99995997a7763889aaa398888875465526a474676
45040 1 4 21 8 0 2 0 0 0  aaaa99995997a7775889aaa598888876635646a447362
45054 1 4 21 8 3 0 0 0 0  aaaa99995997a7773889aaa398888876662654a447565
45056 1 4 21 8 3 1 0 0 0  aaaa99995997a7773889aaa398888876662645a447565
45058 1 4 21 8 3 2 0 0 0  aaaa99995997a7775889aaa598888876665644a437362
45066 1 4 21 8 5 0 0 0 0  aaaa99995997a7774889aaa298888875645563a637664
45288 1 4 22 4 0 0 0 0 0  aaaa99995998a7774789aaa397766388888665a455246
45541 1 5 0 0 0 0 1 0 0  aaaa99988278a9785899aaa876965587694677a364534
45552 1 5 0 0 2 0 0 0 0  aaaa99988478a9784899aaa876966587694277a655533
45553 1 5 0 0 2 0 1 0 0  aaaa99988378a9783899aaa876966587694277a655544
45557 1 5 0 0 2 2 1 0 0  aaaa99988278a9785899aaa876966587695477a644353
45793 1 5 0 7 0 0 1 0 0  aaaa99988278a9787899aaa876964585695674a567433
45800 1 5 0 7 1 1 0 0 0  aaaa99988278a9787899aaa876966486593675a547534
45802 1 5 0 7 1 2 0 0 0  aaaa99988278a9787899aaa876966386494675a457535
45805 1 5 0 7 2 0 1 0 0  aaaa99988278a9787899aaa876963685495676a537445
45817 1 5 0 7 4 0 1 0 0  aaaa99988278a9787899aaa876966685495673a537445
45822 1 5 0 7 5 0 0 0 0  aaaa99988278a9787899aaa875965484694573a637665
45823 1 5 0 7 5 0 1 0 0  aaaa99988278a9787899aaa875964583695574a637664
45827 1 5 0 7 5 2 1 0 0  aaaa99988278a9787899aaa847964485697563a755663
45900 1 5 0 10 0 0 0 0 0  aaaa99988278a9686899aaa877977786694553a454356
45901 1 5 0 10 0 0 1 0 0  aaaa99988278a9686899aaa877977786695553a435446
45902 1 5 0 10 0 1 0 0 0  aaaa99988278a9686899aaa877977786694555a435346
45903 1 5 0 10 0 1 1 0 0  aaaa99988278a9686899aaa877977786695543a535446
45904 1 5 0 10 0 2 0 0 0  aaaa99988278a9686899aaa877977786694543a555346
45905 1 5 0 10 0 2 1 0 0  aaaa99988278a9686899aaa877977785496663a555443
45930 1 5 0 10 5 0 0 0 0  aaaa99988278a9585899aaa877977786594643a666345
45931 1 5 0 10 5 0 1 0 0  aaaa99988278a9585899aaa877977786495653a666443
45949 1 5 1 0 2 0 1 0 0  aaaa99988888a9774799aaa866976427696558a375534
45956 1 5 1 0 3 1 0 0 0  aaaa99988888a9774799aaa866976357693658a572454
45975 1 5 1 1 0 1 1 0 0  aaaa99988888a9777299aaa876976476594638a555634
46117 1 5 1 5 0 0 1 0 0  aaaa99988888a9777399aaa866973556795568a476442
46121 1 5 1 5 0 2 1 0 0  aaaa99988888a9777499aaa866974433796658a572556
46403 1 5 2 1 5 2 1 0 0  aaaa99965888a9777399aaa873976572495846a868645
46513 1 5 2 5 0 0 1 0 0  aaaa99975888a9777299aaa866975536794863a868544
46517 1 5 2 5 0 2 1 0 0  aaaa99974888a9777299aaa866975436793865a868545
46585 1 5 2 7 0 0 1 0 0  aaaa99972888a9777499aaa866974456597865a868353
46703 1 5 2 10 1 2 1 0 0  aaaa99954888a9666799aaa877977762694835a858534
46939 1 5 3 5 5 0 1 0 0  aaaa99988888a9777299aaa858975456794637a666534
46981 1 5 3 7 0 0 1 0 0  aaaa99988888a9777299aaa868976465597567a364534
47123 1 5 3 10 5 2 1 0 0  aaaa99988888a9764299aaa858976455795376a763746
47165 1 5 4 1 0 2 1 0 0  aaaa99948888a9777299aaa878976673596656a538454
47335 1 5 4 5 5 0 1 0 0  aaaa99978888a9777599aaa858976253793546a468646
47368 1 5 4 6 4 2 0 0 0  aaaa99958888a9664799aaa878977377693265a658445
47374 1 5 4 6 5 2 0 0 0  aaaa99958888a9644799aaa878977477693265a658635
47377 1 5 4 7 0 0 1 0 0  aaaa99978888a9777399aaa868976365597564a268454
47381 1 5 4 7 0 2 1 0 0  aaaa99978888a9777399aaa868976362597654a548654
47407 1 5 4 7 5 0 1 0 0  aaaa99978888a9777399aaa858975354697462a648665
47500 1 5 4 10 2 2 0 0 0  aaaa99958888a9744699aaa868976466793275a758735
47519 1 5 4 10 5 2 1 0 0  aaaa99968888a9764399aaa858976355795276a768744
47584 1 5 5 1 4 2 0 0 0  aaaa99954878a9877899aaa872968687693765a653445
47628 1 5 5 3 0 0 0 0 0  aaaa99975878a9874899aaa877978386693656a545264
47981 1 5 6 1 4 2 1 0 0  aaaa99958888a9777299aaa878975476394865a666534
47987 1 5 6 1 5 2 1 0 0  aaaa99958888a9777299aaa878975473694865a653664
48041 1 5 6 3 2 2 1 0 0  aaaa99958888a9666799aaa878977427694865a357534
48160 1 5 6 6 4 2 0 0 0  aaaa99958888a9664799aaa878977377693865a652445
48166 1 5 6 6 5 2 0 0 0  aaaa99958888a9654799aaa878977377693865a644625
48169 1 5 6 7 0 0 1 0 0  aaaa99978888a9777299aaa868976565597863a465443
48171 1 5 6 7 0 1 1 0 0  aaaa99978888a9777299aaa868976565497863a565443
48173 1 5 6 7 0 2 1 0 0  aaaa99978888a9777399aaa868976365497862a555446
48199 1 5 6 7 5 0 1 0 0  aaaa99978888a9777399aaa858975354697862a644665
48292 1 5 6 10 2 2 0 0 0  aaaa99958888a9754699aaa868976366793875a744725
48307 1 5 6 10 5 0 1 0 0  aaaa99968888a9765299aaa858976553794876a763744
48785 1 5 8 2 0 2 1 0 0  aaaa99978888a9777299aaa878986665793546a556443
48811 1 5 8 2 5 0 1 0 0  aaaa99978888a9777299aaa878985546795644a666533
48853 1 5 8 4 0 0 1 0 0  aaaa99948888a9777299aaa878986675796656a345354
48881 1 5 8 4 4 2 1 0 0  aaaa99958888a9777299aaa878985476796635a664534
48887 1 5 8 4 5 2 1 0 0  aaaa99958888a9777299aaa878985476794635a666534
49103 1 5 8 10 5 2 1 0 0  aaaa99968888a9764299aaa858986455795376a763774
49169 1 5 9 1 4 2 1 0 0  aaaa99958888a9777299aaa878975478694635a666534
49175 1 5 9 1 5 2 1 0 0  aaaa99958888a9777299aaa878975478694365a653664
49240 1 5 9 3 4 2 0 0 0  aaaa99958888a9664799aaa878977378693765a652445
49246 1 5 9 3 5 2 0 0 0  aaaa99958888a9654799aaa878977378693765a644625
49314 1 5 9 5 5 0 0 0 0  aaaa99978888a9777299aaa858976558794346a365646
49315 1 5 9 5 5 0 1 0 0  aaaa99978888a9777599aaa858976358793546a462646
49474 1 5 9 10 1 2 0 0 0  aaaa99958888a9754699aaa868976368793675a744725
49495 1 5 9 10 5 0 1 0 0  aaaa99968888a9765299aaa858976558794376a763744
49499 1 5 9 10 5 2 1 0 0  aaaa99968888a9765299aaa848976548794376a763755
49602 1 5 10 2 5 0 0 0 0  aaaa99968888a9865799aaa878976475495527a763643
49770 1 5 10 7 3 0 0 0 0  aaaa99978888a9855299aaa878977576696645a734643
49771 1 5 10 7 3 0 1 0 0  aaaa99978888a9855299aaa878977576696633a754644
49773 1 5 10 7 3 1 1 0 0  aaaa99978888a9855299aaa878977476696635a754634
49783 1 5 10 7 5 0 1 0 0  aaaa99978888a9864399aaa878977375594526a764656
49818 1 5 10 8 5 0 0 0 0  aaaa99968888a9865799aaa878977475495526a763643
49895 1 5 10 10 5 2 1 0 0  aaaa99968888a9864299aaa858976455795376a763774
49897 1 5 11 0 0 0 1 0 0  aaaa99968888a9884399aaa877966367694575a574275
50000 0 5 11 2 5 1 0 0 0  aaaa99948888a9883799aaa877964457695575a673662
50148 1 5 11 7 0 0 0 0 0  aaaa99938888a9886299aaa877976657495657a464375
50151 1 5 11 7 0 1 1 0 0  aaaa99938888a9886299aaa877976657595647a465473
50153 1 5 11 7 0 2 1 0 0  aaaa99938888a9886299aaa877976647494567a555673
50404 1 5 12 3 0 2 0 0 0  aaaa99948888a9866799aaa877973667594256a578354
50473 1 5 12 5 0 0 1 0 0  aaaa99948888a9866799aaa877966257796537a548534
50608 1 5 12 8 4 2 0 0 0  aaaa99958888a9853799aaa877975347696467a648625
50970 1 5 13 7 5 0 0 0 0  aaaa99965878a9887899aaa878976475495526a763643
51366 1 5 14 7 5 0 0 0 0  aaaa99965888a9864799aaa778978875495526a763643
51386 1 5 14 8 2 1 0 0 0  aaaa99954888a9844799aaa378968877793657a662565
51388 1 5 14 8 2 2 0 0 0  aaaa99945888a9835799aaa578968877795647a662463
51392 1 5 14 8 3 1 0 0 0  aaaa99964888a9844799aaa378958877793667a566525
51762 1 5 15 7 5 0 0 0 0  aaaa99975878a9877899aaa875964588694563a637624
51928 1 5 16 1 2 2 0 0 0  aaaa99954878a9877899aaa876966387693725a844565
52014 1 5 16 3 5 0 0 0 0  aaaa99975878a9874899aaa877976385495526a863646
52042 1 5 16 4 3 2 0 0 0  aaaa99954878a9877899aaa876966387793625a844565
52050 1 5 16 4 5 0 0 0 0  aaaa99965878a9877899aaa875946587794526a863643
52122 1 5 16 6 5 0 0 0 0  aaaa99965878a9877899aaa877976485495526a863643
52180 1 5 16 8 2 2 0 0 0  aaaa99954878a9873899aaa877975387692666a844565
52186 1 5 16 8 3 2 0 0 0  aaaa99954878a9873899aaa877975387692666a856445
52192 1 5 16 8 4 2 0 0 0  aaaa99954878a9873899aaa877975387692665a844665
52196 1 5 16 8 5 1 0 0 0  aaaa99965878a9874899aaa877976387593456a864652
52230 1 5 16 9 5 0 0 0 0  aaaa99965878a9867899aaa877977485495526a863643
52266 1 5 16 10 5 0 0 0 0  aaaa99965878a9864899aaa877977785495526a863643
52950 1 5 18 7 5 0 0 0 0  aaaa99965888a9884799aaa778976875495526a763643
53081 1 5 19 0 2 2 1 0 0  aaaa99977888a9854799aaa868967678397265a654534
53099 1 5 19 0 5 2 1 0 0  aaaa99977888a9854799aaa828967478697365a653645
53122 1 5 19 1 3 2 0 0 0  aaaa99954888a9853799aaa878975378696766a672445
53128 1 5 19 1 4 2 0 0 0  aaaa99954888a9853799aaa878974478696765a673625
53134 1 5 19 1 5 2 0 0 0  aaaa99954888a9853799aaa878974478693765a672665
53146 1 5 19 2 1 2 0 0 0  aaaa99954888a9853799aaa878975378692667a766445
53164 1 5 19 2 4 2 0 0 0  aaaa99954888a9853799aaa878975378692667a744665
53168 1 5 19 2 5 1 0 0 0  aaaa99965888a9864799aaa878976378593457a764652
53188 1 5 19 3 2 2 0 0 0  aaaa99954888a9853799aaa878977378692765a666445
53200 1 5 19 3 4 2 0 0 0  aaaa99954888a9853799aaa878977378696765a644625
53206 1 5 19 3 5 2 0 0 0  aaaa99954888a9853799aaa878977378692765a644665
53224 1 5 19 4 2 2 0 0 0  aaaa99954888a9853799aaa878975378692767a666445
53236 1 5 19 4 4 2 0 0 0  aaaa99954888a9853799aaa878975378696767a644625
53242 1 5 19 4 5 2 0 0 0  aaaa99954888a9853799aaa878975378692767a644665
53276 1 5 19 5 5 1 0 0 0  aaaa99964888a9863799aaa878976378597556a762454
53347 1 5 19 7 5 0 1 0 0  aaaa99975888a9864299aaa878977478595356a763646
53368 1 5 19 8 2 2 0 0 0  aaaa99954888a9853799aaa878977378692666a744565
53374 1 5 19 8 3 2 0 0 0  aaaa99954888a9853799aaa878977378692666a756445
53380 1 5 19 8 4 2 0 0 0  aaaa99954888a9853799aaa878977378692665a744665
53384 1 5 19 8 5 1 0 0 0  aaaa99965888a9864799aaa878977378593456a764652
53434 1 5 19 10 1 2 0 0 0  aaaa99954888a9853699aaa868976368792675a744775
53455 1 5 19 10 5 0 1 0 0  aaaa99965888a9864299aaa858976558794376a763774
53459 1 5 19 10 5 2 1 0 0  aaaa99965888a9865299aaa848976548794376a763775
53562 1 5 20 2 5 0 0 0 0  aaaa99965888a9884799aaa878976375495527a763646
53713 1 5 20 7 0 0 1 0 0  aaaa99975888a9884399aaa878977376694626a755564
53716 1 5 20 7 0 2 0 0 0  aaaa99975888a9885299aaa878977576695646a743463
53717 1 5 20 7 0 2 1 0 0  aaaa99975888a9885399aaa878977376695626a745464
53719 1 5 20 7 1 0 1 0 0  aaaa99975888a9884299aaa878977476696636a755534
53778 1 5 20 8 5 0 0 0 0  aaaa99965888a9884799aaa878977375495526a763646
54138 1 5 21 7 5 0 0 0 0  aaaa99965888a9888799aaa778976475495526a763643
54534 1 5 22 7 5 0 0 0 0  aaaa99965787a9764899aaa788988875495526a763643
54695 1 6 0 1 1 2 1 0 0  aaaa99988998a7787869aaa897759486624357a563546
54851 1 6 0 5 3 2 1 0 0  aaaa99988998a7787829aaa896769687654675a354534
54899 1 6 0 6 5 2 1 0 0  aaaa99988998a7684829aaa897779787654365a653645
54907 1 6 0 7 1 0 1 0 0  aaaa99988998a7787829aaa896769686755645a435347
54919 1 6 0 7 3 0 1 0 0  aaaa99988998a7787839aaa896769685753645a425647
54947 1 6 0 8 1 2 1 0 0  aaaa99988998a7584869aaa897779786624357a563546
55043 1 6 0 10 5 2 1 0 0  aaaa99988998a7685849aaa893769587644763a775652
55166 1 6 1 3 2 1 0 0 0  aaaa99954998a8853889aaa598679377677678a644625
55168 1 6 1 3 2 2 0 0 0  aaaa99945998a8835889aaa598679577677678a644623
55174 1 6 1 3 3 2 0 0 0  aaaa99954998a8853889aaa398679677677678a652445
55202 1 6 1 4 2 1 0 0 0  aaaa99954998a8844889aaa398779777673658a662565
55204 1 6 1 4 2 2 0 0 0  aaaa99945998a8835889aaa598779777675648a662463
55238 1 6 1 5 2 1 0 0 0  aaaa99954998a8853889aaa598779767663728a644765
55240 1 6 1 5 2 2 0 0 0  aaaa99945998a8835889aaa598779767665728a644763
55274 1 6 1 6 2 1 0 0 0  aaaa99954998a8844889aaa398769377772658a667565
55276 1 6 1 6 2 2 0 0 0  aaaa99945998a8835889aaa598769577772648a667463
55280 1 6 1 6 3 1 0 0 0  aaaa99965998a8844889aaa498769377773658a667552
55286 1 6 1 6 4 1 0 0 0  aaaa99954998a8844889aaa398769677773568a657625
55288 1 6 1 6 4 2 0 0 0  aaaa99945998a8835889aaa598769677775468a647623
55292 1 6 1 6 5 1 0 0 0  aaaa99954998a8844889aaa398769377772568a657665
55294 1 6 1 6 5 2 0 0 0  aaaa99945998a8835889aaa598769577772468a647663
55346 1 6 1 8 2 1 0 0 0  aaaa99954998a8853889aaa598769377677678a662445
55348 1 6 1 8 2 2 0 0 0  aaaa99945998a8835889aaa598769577677678a662443
55352 1 6 1 8 3 1 0 0 0  aaaa99965998a8844889aaa498769377577678a663552
55382 1 6 1 9 2 1 0 0 0  aaaa99954998a8844889aaa398769377777658a662565
55384 1 6 1 9 2 2 0 0 0  aaaa99945998a8835889aaa598769577777648a662463
55418 1 6 1 10 2 1 0 0 0  aaaa99954998a8844889aaa398769367662758a777565
55420 1 6 1 10 2 2 0 0 0  aaaa99945998a8835889aaa598769567662748a777463
55490 1 6 2 1 2 1 0 0 0  aaaa99977998a8854889aaa598639877752637a644665
55492 1 6 2 1 2 2 0 0 0  aaaa99977998a8845889aaa598639877725637a644665
55526 1 6 2 2 2 1 0 0 0  aaaa99974998a8853889aaa398769877744657a662565
55528 1 6 2 2 2 2 0 0 0  aaaa99975998a8845889aaa598769877735647a662463
55532 1 6 2 2 3 1 0 0 0  aaaa99974998a8863889aaa398759877744667a566525
55562 1 6 2 3 2 1 0 0 0  aaaa99975998a8854889aaa298639877757637a644665
55564 1 6 2 3 2 2 0 0 0  aaaa99975998a8845889aaa598639877727637a644665
55584 1 6 2 4 0 0 0 0 0  aaaa99975998a8874889aaa398669877763567a562454
55586 1 6 2 4 0 1 0 0 0  aaaa99975998a8874889aaa398669877763567a565442
55596 1 6 2 4 2 0 0 0 0  aaaa99975998a8874889aaa398629877755467a664563
55598 1 6 2 4 2 1 0 0 0  aaaa99975998a8875889aaa498639877755637a644662
55604 1 6 2 4 3 1 0 0 0  aaaa99975998a8874889aaa398669877763657a562454
55606 1 6 2 4 3 2 0 0 0  aaaa99975998a8875889aaa598669877765647a464332
55610 1 6 2 4 4 1 0 0 0  aaaa99974998a8873889aaa398669877744657a566525
55616 1 6 2 4 5 1 0 0 0  aaaa99974998a8873889aaa398659877744657a666525
55630 1 6 2 5 1 2 0 0 0  aaaa99956998a8853889aaa398749877447677a662565
55636 1 6 2 5 2 2 0 0 0  aaaa99954998a8853889aaa398769877657677a662445
55666 1 6 2 6 1 2 0 0 0  aaaa99956998a8853889aaa398749877772666a447565
55672 1 6 2 6 2 2 0 0 0  aaaa99954998a8844889aaa398769877773666a257565
55684 1 6 2 6 4 2 0 0 0  aaaa99954998a8844889aaa398769877773266a657565
55690 1 6 2 6 5 2 0 0 0  aaaa99954998a8844889aaa398769877773265a657665
55702 1 6 2 7 1 2 0 0 0  aaaa99954998a8853889aaa398769877744667a266575
55708 1 6 2 7 2 2 0 0 0  aaaa99954998a8853889aaa398769877744627a656675
55714 1 6 2 7 3 2 0 0 0  aaaa99965998a8845889aaa598749877735667a266473
55720 1 6 2 7 4 2 0 0 0  aaaa99954998a8853889aaa398769877744627a666575
55722 1 6 2 7 5 0 0 0 0  aaaa99965998a8863889aaa398759877762447a565476
55724 1 6 2 7 5 1 0 0 0  aaaa99965998a8865889aaa398749877763447a565672
55744 1 6 2 8 2 2 0 0 0  aaaa99954998a8844889aaa398769877757627a663565
55816 1 6 2 10 2 2 0 0 0  aaaa99954998a8844889aaa398769867663725a777565
55938 1 6 3 2 5 0 0 0 0  aaaa99968998a8865789aaa897879475475526a763643
56089 1 6 3 7 0 0 1 0 0  aaaa99958998a8847289aaa897879776655636a745364
56090 1 6 3 7 0 1 0 0 0  aaaa99958998a8857289aaa897879776655646a743463
56091 1 6 3 7 0 1 1 0 0  aaaa99958998a8857289aaa897879776643656a743564
56095 1 6 3 7 1 0 1 0 0  aaaa99958998a8847289aaa897879776646636a755354
56107 1 6 3 7 3 0 1 0 0  aaaa99958998a8847289aaa897879776665634a755364
56119 1 6 3 7 5 0 1 0 0  aaaa99968998a8867289aaa897879775564536a764534
56189 1 6 3 9 4 2 1 0 0  aaaa99958998a8854289aaa897869477777635a666534
56195 1 6 3 9 5 2 1 0 0  aaaa99958998a8854289aaa897869477777365a653664
56225 1 6 3 10 4 2 1 0 0  aaaa99958998a8854289aaa896879466766375a753774
56231 1 6 3 10 5 2 1 0 0  aaaa99968998a8865289aaa894879543765476a763775
56249 1 6 4 0 2 2 1 0 0  aaaa99977998a8854889aaa892769776676865a354534
56267 1 6 4 0 5 2 1 0 0  aaaa99977998a8854889aaa892769773674865a653645
56392 1 6 4 4 2 2 0 0 0  aaaa99954998a8844889aaa897779376277865a663565
56428 1 6 4 5 2 2 0 0 0  aaaa99954998a8844889aaa897779376663867a257565
56494 1 6 4 7 1 2 0 0 0  aaaa99956998a8853889aaa897779376662844a476575
56506 1 6 4 7 3 2 0 0 0  aaaa99954998a8844889aaa897779376663865a276575
56514 1 6 4 7 5 0 0 0 0  aaaa99965998a8864889aaa897779374565856a274673
56680 1 6 5 1 2 2 0 0 0  aaaa99954998a8853789aaa897879387672765a666445
56692 1 6 5 1 4 2 0 0 0  aaaa99954998a8853789aaa897879387676765a644625
56698 1 6 5 1 5 2 0 0 0  aaaa99954998a8853789aaa897879387672765a644665
56710 1 6 5 2 1 2 0 0 0  aaaa99954998a8853789aaa897879386766765a672445
56728 1 6 5 2 4 2 0 0 0  aaaa99954998a8853789aaa897879386744765a672665
56732 1 6 5 2 5 1 0 0 0  aaaa99965998a8864789aaa897879385763746a575642
56746 1 6 5 3 1 2 0 0 0  aaaa99964998a8853789aaa897879787663765a652445
56780 1 6 5 4 1 1 0 0 0  aaaa99965998a8854789aaa897879387663765a672445
56782 1 6 5 4 1 2 0 0 0  aaaa99965998a8845789aaa897879587665763a672443
56788 1 6 5 4 2 2 0 0 0  aaaa99954998a8853789aaa897879387666765a672445
56800 1 6 5 4 4 2 0 0 0  aaaa99954998a8844789aaa897879387656765a673625
56806 1 6 5 4 5 2 0 0 0  aaaa99954998a8853789aaa897879387644765a672665
56818 1 6 5 5 1 2 0 0 0  aaaa99954998a8853789aaa897879386766767a652445
56836 1 6 5 5 4 2 0 0 0  aaaa99954998a8853789aaa897879386752767a666445
56840 1 6 5 5 5 1 0 0 0  aaaa99965998a8864789aaa897879385763747a565642
56903 1 6 5 7 3 2 1 0 0  aaaa99967998a8854289aaa897879786766735a654534
56915 1 6 5 7 5 2 1 0 0  aaaa99967998a8864289aaa897879783764756a563554
56980 1 6 5 9 4 2 0 0 0  aaaa99954998a8853689aaa897869387644765a777625
57019 1 6 5 10 5 0 1 0 0  aaaa99965998a8864289aaa895879583764576a763774
57246 1 6 6 6 1 0 0 0 0  aaaa99956998a8855289aaa898879577774666a346374
57247 1 6 6 6 1 0 1 0 0  aaaa99956998a8855389aaa898879377775666a246474
57251 1 6 6 6 1 2 1 0 0  aaaa99956998a8854389aaa898879377774666a256574
57261 1 6 6 6 3 1 1 0 0  aaaa99964998a8855389aaa898879377774666a256574
57263 1 6 6 6 3 2 1 0 0  aaaa99964998a8854389aaa898879377774666a256575
57267 1 6 6 6 4 1 1 0 0  aaaa99964998a8855389aaa898879377774625a666574
57269 1 6 6 6 4 2 1 0 0  aaaa99964998a8854389aaa898879377774625a666575
57271 1 6 6 6 5 0 1 0 0  aaaa99965998a8864389aaa898879377774556a265674
57273 1 6 6 6 5 1 1 0 0  aaaa99965998a8864389aaa898879377774526a565674
57274 1 6 6 6 5 2 0 0 0  aaaa99965998a8865289aaa898879577775436a364674
57275 1 6 6 6 5 2 1 0 0  aaaa99965998a8865389aaa898879377775426a464675
57282 1 6 6 7 1 0 0 0 0  aaaa99956998a8855289aaa898879577743647a667463
57283 1 6 6 7 1 0 1 0 0  aaaa99956998a8855389aaa898879377745627a667464
57287 1 6 6 7 1 2 1 0 0  aaaa99956998a8854389aaa898879377754627a667564
57289 1 6 6 7 2 0 1 0 0  aaaa99965998a8864289aaa898879477755637a667534
57297 1 6 6 7 3 1 1 0 0  aaaa99964998a8855389aaa898879377754627a667564
57299 1 6 6 7 3 2 1 0 0  aaaa99964998a8854389aaa898879377754627a667565
57303 1 6 6 7 4 1 1 0 0  aaaa99964998a8855389aaa898879377754267a657664
57305 1 6 6 7 4 2 1 0 0  aaaa99964998a8854389aaa898879377754267a657665
57307 1 6 6 7 5 0 1 0 0  aaaa99965998a8864389aaa898879377764557a267654
57309 1 6 6 7 5 1 1 0 0  aaaa99965998a8864389aaa898879377764257a567654
57310 1 6 6 7 5 2 0 0 0  aaaa99965998a8865289aaa898879577765347a367644
57311 1 6 6 7 5 2 1 0 0  aaaa99965998a8865389aaa898879377765247a467645
57319 1 6 6 8 1 0 1 0 0  aaaa99956998a8855389aaa898879377747627a665464
57323 1 6 6 8 1 2 1 0 0  aaaa99956998a8854389aaa898879377757627a664564
57325 1 6 6 8 2 0 1 0 0  aaaa99965998a8864389aaa898879377757627a664554
57343 1 6 6 8 5 0 1 0 0  aaaa99965998a8864289aaa898879477767557a365634
57345 1 6 6 8 5 1 1 0 0  aaaa99965998a8864289aaa898879477767537a565634
57346 1 6 6 8 5 2 0 0 0  aaaa99965998a8865289aaa898879577767347a365644
57347 1 6 6 8 5 2 1 0 0  aaaa99965998a8865289aaa898879577767437a464635
57359 1 6 6 9 1 2 1 0 0  aaaa99956998a8854289aaa898879477777666a356534
57379 1 6 6 9 5 0 1 0 0  aaaa99965998a8864289aaa898879477777556a365634
57381 1 6 6 9 5 1 1 0 0  aaaa99965998a8864289aaa898879477777536a565634
57382 1 6 6 9 5 2 0 0 0  aaaa99965998a8865289aaa898879577777346a365644
57383 1 6 6 9 5 2 1 0 0  aaaa99965998a8865289aaa898879577777436a464635
57415 1 6 6 10 5 0 1 0 0  aaaa99965998a8864289aaa898879453765576a763774
57417 1 6 6 10 5 1 1 0 0  aaaa99965998a8864289aaa898879455765376a763774
57418 1 6 6 10 5 2 0 0 0  aaaa99965998a8865289aaa898879534765376a764774
57419 1 6 6 10 5 2 1 0 0  aaaa99965998a8865289aaa898879544764376a763775
57528 1 6 7 3 0 0 0 0 0  aaaa99975998a8884889aaa398669377767567a562454
57530 1 6 7 3 0 1 0 0 0  aaaa99975998a8884889aaa398669377767567a565442
57546 1 6 7 3 3 0 0 0 0  aaaa99975998a8884889aaa398669677747657a525634
57552 1 6 7 3 4 0 0 0 0  aaaa99975998a8884889aaa398659677727647a663545
57554 1 6 7 3 4 1 0 0 0  aaaa99975998a8884889aaa398659677747657a663254
57606 1 6 7 5 1 0 0 0 0  aaaa99965998a8884889aaa398779767646756a525734
57614 1 6 7 5 2 1 0 0 0  aaaa99954998a8883889aaa398779767662755a644765
57616 1 6 7 5 2 2 0 0 0  aaaa99945998a8885889aaa598779767665744a633762
57650 1 6 7 6 2 1 0 0 0  aaaa99944998a8885889aaa498769377773666a257565
57652 1 6 7 6 2 2 0 0 0  aaaa99945998a8885889aaa598769577772666a447363
57662 1 6 7 6 4 1 0 0 0  aaaa99944998a8885889aaa498769677773265a657635
57664 1 6 7 6 4 2 0 0 0  aaaa99945998a8885889aaa598769677775464a637623
57668 1 6 7 6 5 1 0 0 0  aaaa99944998a8885889aaa498769377773265a657665
57670 1 6 7 6 5 2 0 0 0  aaaa99945998a8885889aaa598769577772464a637663
57722 1 6 7 8 2 1 0 0 0  aaaa99944998a8884889aaa398769377757657a662565
57724 1 6 7 8 2 2 0 0 0  aaaa99945998a8885889aaa598769577737647a662463
57794 1 6 7 10 2 1 0 0 0  aaaa99944998a8885889aaa498769367663725a777565
57796 1 6 7 10 2 2 0 0 0  aaaa99945998a8885889aaa598769567662744a777363
57833 1 6 8 0 2 2 1 0 0  aaaa99977998a8854789aaa892869776676865a354534
57851 1 6 8 0 5 2 1 0 0  aaaa99977998a8854789aaa892869773674865a653645
57860 1 6 8 1 1 1 0 0 0  aaaa99965998a8854789aaa897879377663865a672445
57862 1 6 8 1 1 2 0 0 0  aaaa99965998a8845789aaa897879577665863a672443
57868 1 6 8 1 2 2 0 0 0  aaaa99954998a8853789aaa897879377666865a672445
57880 1 6 8 1 4 2 0 0 0  aaaa99954998a8844789aaa897879377656865a673625
57886 1 6 8 1 5 2 0 0 0  aaaa99954998a8853789aaa897879377644865a672665
57904 1 6 8 2 2 2 0 0 0  aaaa99954998a8853789aaa897879376676865a744625
57910 1 6 8 2 3 2 0 0 0  aaaa99954998a8853789aaa897879376676865a762445
57916 1 6 8 2 4 2 0 0 0  aaaa99954998a8853789aaa897879376672865a744665
57918 1 6 8 2 5 0 0 0 0  aaaa99965998a8864789aaa897879374575856a764632
57920 1 6 8 2 5 1 0 0 0  aaaa99965998a8864789aaa897879375575846a763642
57934 1 6 8 3 1 2 0 0 0  aaaa99964998a8853789aaa897879777663865a652445
57976 1 6 8 4 2 2 0 0 0  aaaa99954998a8853789aaa897879377672865a666445
57988 1 6 8 4 4 2 0 0 0  aaaa99954998a8853789aaa897879377676865a644625
57994 1 6 8 4 5 2 0 0 0  aaaa99954998a8853789aaa897879377672865a644665
58012 1 6 8 5 2 2 0 0 0  aaaa99954998a8853789aaa897879376662867a744565
58018 1 6 8 5 3 2 0 0 0  aaaa99954998a8853789aaa897879376662867a756445
58024 1 6 8 5 4 2 0 0 0  aaaa99954998a8853789aaa897879376666867a752445
58026 1 6 8 5 5 0 0 0 0  aaaa99965998a8864789aaa897879374565857a764632
58028 1 6 8 5 5 1 0 0 0  aaaa99965998a8864789aaa897879375565847a763642
58069 1 6 8 7 0 0 1 0 0  aaaa99947998a8866289aaa897879775665834a756354
58072 1 6 8 7 0 2 0 0 0  aaaa99957998a8866289aaa897879774664835a756534
58073 1 6 8 7 0 2 1 0 0  aaaa99957998a8866289aaa897879773663845a756445
58103 1 6 8 7 5 2 1 0 0  aaaa99967998a8864289aaa897879773564856a763554
58168 1 6 8 9 4 2 0 0 0  aaaa99954998a8853689aaa897869377777865a644625
58207 1 6 8 10 5 0 1 0 0  aaaa99965998a8864289aaa895879553764876a763774
58211 1 6 8 10 5 2 1 0 0  aaaa99965998a8865389aaa893879544764876a765772
58235 1 6 9 0 3 2 1 0 0  aaaa99977998a8854789aaa892869776676685a354534
58258 1 6 9 1 1 2 0 0 0  aaaa99954998a8853789aaa897879377666685a672445
58276 1 6 9 1 4 2 0 0 0  aaaa99954998a8853789aaa897879377644685a672665
58280 1 6 9 1 5 1 0 0 0  aaaa99965998a8864789aaa897879377464586a575632
58294 1 6 9 2 1 2 0 0 0  aaaa99954998a8853789aaa897879376676686a752445
58300 1 6 9 2 2 2 0 0 0  aaaa99954998a8853789aaa897879376676685a762445
58306 1 6 9 2 3 2 0 0 0  aaaa99954998a8853789aaa897879376676685a744625
58312 1 6 9 2 4 2 0 0 0  aaaa99954998a8853789aaa897879376672685a766445
58314 1 6 9 2 5 0 0 0 0  aaaa99965998a8864789aaa897879375475586a763642
58316 1 6 9 2 5 1 0 0 0  aaaa99965998a8864789aaa897879375575486a764632
58372 1 6 9 4 2 2 0 0 0  aaaa99954998a8844789aaa897879377673685a662565
58378 1 6 9 4 3 2 0 0 0  aaaa99954998a8853789aaa897879377672686a656445
58384 1 6 9 4 4 2 0 0 0  aaaa99954998a8853789aaa897879377672685a666445
58388 1 6 9 4 5 1 0 0 0  aaaa99965998a8864789aaa897879377474586a565632
58404 1 6 9 5 2 0 0 0 0  aaaa99965998a8864789aaa897879376663785a455742
58406 1 6 9 5 2 1 0 0 0  aaaa99965998a8864789aaa897879376663784a555724
58464 1 6 9 7 0 0 0 0 0  aaaa99947998a8866289aaa897879775665583a736445
58471 1 6 9 7 1 0 1 0 0  aaaa99957998a8846289aaa897879776665384a736554
58474 1 6 9 7 1 2 0 0 0  aaaa99957998a8856289aaa897879776663485a746534
58475 1 6 9 7 1 2 1 0 0  aaaa99957998a8856289aaa897879776664385a736544
58494 1 6 9 7 5 0 0 0 0  aaaa99967998a8864289aaa897879775563586a763454
58499 1 6 9 7 5 2 1 0 0  aaaa99967998a8865289aaa897879773465386a765445
58505 1 6 9 8 0 2 1 0 0  aaaa99966998a8856789aaa897879776364285a754534
58530 1 6 9 8 5 0 0 0 0  aaaa99964998a8863789aaa897879775563586a762454
58567 1 6 9 9 5 0 1 0 0  aaaa99965998a8864289aaa897859577777386a563644
58571 1 6 9 9 5 2 1 0 0  aaaa99965998a8865389aaa897839577777486a464652
58577 1 6 9 10 0 2 1 0 0  aaaa99975998a8875289aaa896869564376487a674735
58580 1 6 9 10 1 1 0 0 0  aaaa99975998a8874689aaa896869366474587a575732
58590 1 6 9 10 3 0 0 0 0  aaaa99975998a8874689aaa896869365475587a673742
58592 1 6 9 10 3 1 0 0 0  aaaa99975998a8874689aaa896869365575487a674732
58603 1 6 9 10 5 0 1 0 0  aaaa99976998a8876389aaa895839654576487a476752
58607 1 6 9 10 5 2 1 0 0  aaaa99976998a8876489aaa894849635376587a575762
58710 1 6 10 2 5 0 0 0 0  aaaa99965998a8884789aaa897879375475526a763646
58860 1 6 10 7 0 0 0 0 0  aaaa99957998a8885289aaa897879776655646a743463
58861 1 6 10 7 0 0 1 0 0  aaaa99947998a8883289aaa897879776655656a743564
58864 1 6 10 7 0 2 0 0 0  aaaa99947998a8885289aaa897879776635646a735465
58865 1 6 10 7 0 2 1 0 0  aaaa99957998a8884289aaa897879776654636a754365
58872 1 6 10 7 2 0 0 0 0  aaaa99947998a8885289aaa897879776664655a736354
58874 1 6 10 7 2 1 0 0 0  aaaa99947998a8885289aaa897879776664653a736554
58877 1 6 10 7 2 2 1 0 0  aaaa99957998a8884289aaa897879776664635a756534
58878 1 6 10 7 3 0 0 0 0  aaaa99957998a8885289aaa897879776664634a755364
58879 1 6 10 7 3 0 1 0 0  aaaa99947998a8883289aaa897879776663655a755464
58882 1 6 10 7 3 2 0 0 0  aaaa99947998a8885289aaa897879776665644a735365
58883 1 6 10 7 3 2 1 0 0  aaaa99957998a8884289aaa897879776664635a754365
58889 1 6 10 7 4 2 1 0 0  aaaa99957998a8884289aaa897879776666635a754534
58890 1 6 10 7 5 0 0 0 0  aaaa99967998a8884289aaa897879775464556a763653
58891 1 6 10 7 5 0 1 0 0  aaaa99967998a8885289aaa897879775465546a763643
58893 1 6 10 7 5 1 1 0 0  aaaa99967998a8884289aaa897879775565536a764634
58894 1 6 10 7 5 2 0 0 0  aaaa99967998a8885289aaa897879774465436a765635
58895 1 6 10 7 5 2 1 0 0  aaaa99967998a8885289aaa897879773465346a765645
58918 1 6 10 8 3 2 0 0 0  aaaa99954998a8883789aaa897879776663625a744565
58926 1 6 10 8 5 0 0 0 0  aaaa99965998a8884789aaa897879775465526a763643
59040 1 6 11 1 0 0 0 0 0  aaaa99975998a8888889aaa497779376673656a545264
59206 1 6 11 5 3 2 0 0 0  aaaa99935998a8888889aaa597779576665647a447362
59266 1 6 11 7 1 2 0 0 0  aaaa99926998a8888889aaa597779576665434a476375
59272 1 6 11 7 2 2 0 0 0  aaaa99935998a8888889aaa597779576665644a476372
59276 1 6 11 7 3 1 0 0 0  aaaa99944998a8888889aaa497779376663565a276575
59278 1 6 11 7 3 2 0 0 0  aaaa99935998a8888889aaa597779576665464a476372
59286 1 6 11 7 5 0 0 0 0  aaaa99965998a8888889aaa397779375465526a474676
59436 1 6 12 1 0 0 0 0 0  aaaa99975998a8884889aaa897779376673656a545264
59602 1 6 12 5 3 2 0 0 0  aaaa99935998a8885889aaa897779576665647a447362
59662 1 6 12 7 1 2 0 0 0  aaaa99926998a8885889aaa897779576665434a476375
59668 1 6 12 7 2 2 0 0 0  aaaa99935998a8885889aaa897779576665644a476372
59672 1 6 12 7 3 1 0 0 0  aaaa99944998a8884889aaa897779376663565a276575
59674 1 6 12 7 3 2 0 0 0  aaaa99935998a8885889aaa897779576665464a476372
59682 1 6 12 7 5 0 0 0 0  aaaa99965998a8883889aaa897779375465526a474676
59850 1 6 13 1 3 0 0 0 0  aaaa99977998a8885889aaa497779386663657a545264
59868 1 6 13 2 0 0 0 0 0  aaaa99975998a8884889aaa397779387662667a455546
59880 1 6 13 2 2 0 0 0 0  aaaa99975998a8884889aaa397779387666467a654552
59882 1 6 13 2 2 1 0 0 0  aaaa99975998a8884889aaa397779387666567a655442
59886 1 6 13 2 3 0 0 0 0  aaaa99975998a8884889aaa397779387666567a562454
59888 1 6 13 2 3 1 0 0 0  aaaa99975998a8884889aaa397779387666567a565442
59894 1 6 13 2 4 1 0 0 0  aaaa99975998a8884889aaa397779387644657a666552
59900 1 6 13 2 5 1 0 0 0  aaaa99975998a8884889aaa397779387644567a655662
59922 1 6 13 3 3 0 0 0 0  aaaa99975998a8884889aaa397779786663657a545264
59940 1 6 13 4 0 0 0 0 0  aaaa99976998a8885889aaa497779386673567a546254
59942 1 6 13 4 0 1 0 0 0  aaaa99975998a8884889aaa397779386672567a565446
59948 1 6 13 4 1 1 0 0 0  aaaa99976998a8884889aaa397779386576657a644525
59954 1 6 13 4 2 1 0 0 0  aaaa99975998a8884889aaa397779386676657a562454
59956 1 6 13 4 2 2 0 0 0  aaaa99975998a8885889aaa597779586676647a464332
59958 1 6 13 4 3 0 0 0 0  aaaa99975998a8884889aaa397779386676657a545624
59960 1 6 13 4 3 1 0 0 0  aaaa99975998a8884889aaa397779386676647a555642
59966 1 6 13 4 4 1 0 0 0  aaaa99975998a8884889aaa397779386576657a662454
59968 1 6 13 4 4 2 0 0 0  aaaa99975998a8885889aaa597779586476637a662434
59972 1 6 13 4 5 1 0 0 0  aaaa99975998a8884889aaa397779386572657a666454
59974 1 6 13 4 5 2 0 0 0  aaaa99975998a8885889aaa597779586474647a666332
60074 1 6 13 7 4 1 0 0 0  aaaa99954998a8883889aaa397779287644657a666575
60076 1 6 13 7 4 2 0 0 0  aaaa99945998a8885889aaa597779587644637a666372
60080 1 6 13 7 5 1 0 0 0  aaaa99965998a8883889aaa397779287464547a565676
60134 1 6 13 9 2 1 0 0 0  aaaa99954998a8883889aaa395769787666765a772445
60136 1 6 13 9 2 2 0 0 0  aaaa99945998a8885889aaa594769787666764a775332
60138 1 6 13 9 3 0 0 0 0  aaaa99965998a8884889aaa395769787666754a773254
60146 1 6 13 9 4 1 0 0 0  aaaa99954998a8883889aaa396769787644755a772665
60148 1 6 13 9 4 2 0 0 0  aaaa99945998a8885889aaa596769787635744a772663
60152 1 6 13 9 5 1 0 0 0  aaaa99954998a8883889aaa395769787644765a772665
60154 1 6 13 9 5 2 0 0 0  aaaa99945998a8885889aaa594769787635764a772663
60182 1 6 13 10 4 1 0 0 0  aaaa99954998a8883889aaa395769687644765a777625
60184 1 6 13 10 4 2 0 0 0  aaaa99945998a8885889aaa594769687635764a777623
60460 1 6 14 7 2 2 0 0 0  aaaa99954998a8883789aaa797769387658675a662445
60704 1 6 15 3 1 1 0 0 0  aaaa99965998a8854789aaa397879787663765a682445
60706 1 6 15 3 1 2 0 0 0  aaaa99965998a8845789aaa597879787665763a682443
60712 1 6 15 3 2 2 0 0 0  aaaa99954998a8853789aaa397879787666765a682445
60724 1 6 15 3 4 2 0 0 0  aaaa99954998a8844789aaa397879787656765a683625
60730 1 6 15 3 5 2 0 0 0  aaaa99954998a8853789aaa397879787644765a682665
60850 1 6 15 7 1 2 0 0 0  aaaa99954998a8853789aaa797879386766765a682445
60868 1 6 15 7 4 2 0 0 0  aaaa99954998a8853789aaa797879386744765a682665
60872 1 6 15 7 5 1 0 0 0  aaaa99965998a8864789aaa797879385763746a585642
60886 1 6 15 8 1 2 0 0 0  aaaa99954998a8853789aaa397879786766765a682445
60904 1 6 15 8 4 2 0 0 0  aaaa99954998a8853789aaa397879786744765a682665
60908 1 6 15 8 5 1 0 0 0  aaaa99965998a8864789aaa397879785763746a585642
60920 1 6 15 9 1 1 0 0 0  aaaa99954998a8844789aaa596879386766675a783725
60922 1 6 15 9 1 2 0 0 0  aaaa99945998a8835789aaa596879586766673a784724
60926 1 6 15 9 2 1 0 0 0  aaaa99965998a8865789aaa395879586766474a784732
60932 1 6 15 9 3 1 0 0 0  aaaa99965998a8854789aaa394879486766675a783725
60938 1 6 15 9 4 1 0 0 0  aaaa99966998a8865789aaa494879485763576a785732
60944 1 6 15 9 5 1 0 0 0  aaaa99965998a8864789aaa394879485763576a785726
60958 1 6 15 10 1 2 0 0 0  aaaa99954998a8853689aaa396879686744675a782775
61026 1 6 16 1 1 0 0 0 0  aaaa99977998a8856789aaa797879486662545a536843
61100 1 6 16 3 1 1 0 0 0  aaaa99965998a8854789aaa397879787663765a644825
61102 1 6 16 3 1 2 0 0 0  aaaa99965998a8845789aaa597879787665763a644823
61108 1 6 16 3 2 2 0 0 0  aaaa99954998a8853789aaa397879787666765a644825
61120 1 6 16 3 4 2 0 0 0  aaaa99954998a8853789aaa397879787662765a644865
61124 1 6 16 3 5 1 0 0 0  aaaa99965998a8864789aaa397879787563756a464852
61126 1 6 16 3 5 2 0 0 0  aaaa99965998a8865789aaa597879787465736a464832
61246 1 6 16 7 1 2 0 0 0  aaaa99954998a8853789aaa797879386766765a644825
61264 1 6 16 7 4 2 0 0 0  aaaa99954998a8853789aaa797879386744765a666825
61268 1 6 16 7 5 1 0 0 0  aaaa99965998a8864789aaa797879385763746a565842
61282 1 6 16 8 1 2 0 0 0  aaaa99954998a8853789aaa397879786766765a644825
61300 1 6 16 8 4 2 0 0 0  aaaa99954998a8853789aaa397879786744765a666825
61304 1 6 16 8 5 1 0 0 0  aaaa99965998a8864789aaa397879785763746a565842
61324 1 6 16 9 2 2 0 0 0  aaaa99954998a8853689aaa397869687644765a777825
61336 1 6 16 9 4 2 0 0 0  aaaa99954998a8853689aaa397869287644765a777865
61496 1 6 17 3 1 1 0 0 0  aaaa99965998a8884789aaa397879787663765a652445
61498 1 6 17 3 1 2 0 0 0  aaaa99965998a8885789aaa597879787665764a644332
61504 1 6 17 3 2 2 0 0 0  aaaa99954998a8883789aaa397879787666765a652445
61516 1 6 17 3 4 2 0 0 0  aaaa99954998a8883789aaa397879787656765a644625
61522 1 6 17 3 5 2 0 0 0  aaaa99954998a8883789aaa397879787652765a644665
61642 1 6 17 7 1 2 0 0 0  aaaa99954998a8883789aaa797879386766765a652445
61660 1 6 17 7 4 2 0 0 0  aaaa99954998a8883789aaa797879386752765a666445
61664 1 6 17 7 5 1 0 0 0  aaaa99965998a8884789aaa797879385763746a565642
61678 1 6 17 8 1 2 0 0 0  aaaa99954998a8883789aaa397879786766765a652445
61696 1 6 17 8 4 2 0 0 0  aaaa99954998a8883789aaa397879786752765a666445
61700 1 6 17 8 5 1 0 0 0  aaaa99965998a8884789aaa397879785763746a565642
61720 1 6 17 9 2 2 0 0 0  aaaa99954998a8883689aaa397869687652765a777445
61730 1 6 17 9 4 1 0 0 0  aaaa99954998a8885689aaa397869387644765a777625
61732 1 6 17 9 4 2 0 0 0  aaaa99945998a8885689aaa597869587644763a777623
61750 1 6 17 10 1 2 0 0 0  aaaa99954998a8883689aaa396879686752675a744775
62290 1 6 19 3 1 2 0 0 0  aaaa99954998a8883789aaa397879777666685a652445
62308 1 6 19 3 4 2 0 0 0  aaaa99954998a8883789aaa397879777652685a666445
62312 1 6 19 3 5 1 0 0 0  aaaa99965998a8884789aaa397879777464586a565632
62434 1 6 19 7 1 2 0 0 0  aaaa99956998a8884789aaa797879376663285a756445
62440 1 6 19 7 2 2 0 0 0  aaaa99954998a8883789aaa797879376662685a756445
62446 1 6 19 7 3 2 0 0 0  aaaa99954998a8883789aaa797879376662685a744565
62452 1 6 19 7 4 2 0 0 0  aaaa99954998a8883789aaa797879376666685a752445
62454 1 6 19 7 5 0 0 0 0  aaaa99965998a8884789aaa797879375465586a763642
62456 1 6 19 7 5 1 0 0 0  aaaa99965998a8884789aaa797879375565486a764632
62470 1 6 19 8 1 2 0 0 0  aaaa99956998a8884789aaa397879776663285a756445
62476 1 6 19 8 2 2 0 0 0  aaaa99954998a8883789aaa397879776662685a756445
62482 1 6 19 8 3 2 0 0 0  aaaa99954998a8883789aaa397879776662685a744565
62488 1 6 19 8 4 2 0 0 0  aaaa99954998a8883789aaa397879776666685a752445
62490 1 6 19 8 5 0 0 0 0  aaaa99965998a8884789aaa397879775465586a763642
62492 1 6 19 8 5 1 0 0 0  aaaa99965998a8884789aaa397879775565486a764632
62506 1 6 19 9 1 2 0 0 0  aaaa99954998a8883689aaa397869677777685a652445
62842 1 6 20 7 3 2 0 0 0  aaaa99954998a8888789aaa797879376663625a744565
62850 1 6 20 7 5 0 0 0 0  aaaa99965998a8888789aaa797879475465526a763643
62878 1 6 20 8 3 2 0 0 0  aaaa99954998a8888789aaa397879776663625a744565
62886 1 6 20 8 5 0 0 0 0  aaaa99965998a8888789aaa497879775465526a763643
63874 1 7 0 3 1 2 0 0 0  aaaa99988999a8584869aaa877779368673652a464557
63899 1 7 0 3 5 2 1 0 0  aaaa99988999a8685829aaa877779548675464a633657
64038 1 7 0 7 5 0 0 0 0  aaaa99988999a8685879aaa877769458645572a673634
64186 1 7 1 0 5 2 0 0 0  aaaa99977999a8885889aaa527869787675364a635644
64187 1 7 1 0 5 2 1 0 0  aaaa99977999a8885889aaa527869787675463a644653
64188 1 7 1 1 0 0 0 0 0  aaaa99975999a8884889aaa377879387662665a474556
64190 1 7 1 1 0 1 0 0 0  aaaa99975999a8885889aaa377879387662664a575446
64196 1 7 1 1 1 1 0 0 0  aaaa99975999a8884889aaa377879387666664a572554
64200 1 7 1 1 2 0 0 0 0  aaaa99975999a8884889aaa377879387666565a675442
64202 1 7 1 1 2 1 0 0 0  aaaa99975999a8884889aaa377879387666465a674525
64206 1 7 1 1 3 0 0 0 0  aaaa99975999a8884889aaa377879387666556a675442
64208 1 7 1 1 3 1 0 0 0  aaaa99975999a8884889aaa377879387666456a674552
64212 1 7 1 1 4 0 0 0 0  aaaa99975999a8884889aaa377879387646565a675624
64214 1 7 1 1 4 1 0 0 0  aaaa99975999a8884889aaa377879387656465a674625
64220 1 7 1 1 5 1 0 0 0  aaaa99975999a8884889aaa377879387652465a674665
64238 1 7 1 2 2 1 0 0 0  aaaa99954999a8883889aaa377879287666567a657445
64240 1 7 1 2 2 2 0 0 0  aaaa99945999a8885889aaa577879587666467a647332
64242 1 7 1 2 3 0 0 0 0  aaaa99965999a8884889aaa377879387666567a547254
64250 1 7 1 2 4 1 0 0 0  aaaa99944999a8884889aaa377879387656567a657625
64252 1 7 1 2 4 2 0 0 0  aaaa99945999a8885889aaa577879587636467a647623
64256 1 7 1 2 5 1 0 0 0  aaaa99954999a8883889aaa377879287644567a657665
64258 1 7 1 2 5 2 0 0 0  aaaa99945999a8885889aaa577879587644367a637662
64310 1 7 1 4 2 1 0 0 0  aaaa99954999a8883889aaa377879287666565a677445
64312 1 7 1 4 2 2 0 0 0  aaaa99945999a8885889aaa577879587666464a677332
64322 1 7 1 4 4 1 0 0 0  aaaa99944999a8884889aaa377879387656565a677625
64324 1 7 1 4 4 2 0 0 0  aaaa99945999a8885889aaa577879587636464a677623
64328 1 7 1 4 5 1 0 0 0  aaaa99954999a8883889aaa377879287644565a677665
64330 1 7 1 4 5 2 0 0 0  aaaa99945999a8885889aaa577879587644363a677662
64346 1 7 1 5 2 1 0 0 0  aaaa99944999a8884889aaa377879387657657a662565
64348 1 7 1 5 2 2 0 0 0  aaaa99945999a8885889aaa577879587637647a662463
64430 1 7 1 7 4 1 0 0 0  aaaa99954999a8883889aaa377879287644657a666575
64432 1 7 1 7 4 2 0 0 0  aaaa99945999a8885889aaa577879587644637a666372
64436 1 7 1 7 5 1 0 0 0  aaaa99965999a8883889aaa377879287464547a565676
64602 1 7 2 1 3 0 0 0 0  aaaa99975999a8884889aaa877879367663654a575264
64614 1 7 2 1 5 0 0 0 0  aaaa99975999a8884889aaa877879357645562a673664
64642 1 7 2 2 3 2 0 0 0  aaaa99935999a8885889aaa877879567665647a447362
64714 1 7 2 4 3 2 0 0 0  aaaa99935999a8885889aaa877879567665644a477362
64810 1 7 2 7 1 2 0 0 0  aaaa99935999a8885889aaa877879567665647a446372
64994 1 7 3 1 2 1 0 0 0  aaaa99975999a8884869aaa877879367863664a572554
64998 1 7 3 1 3 0 0 0 0  aaaa99975999a8884869aaa877879367863654a575624
65000 1 7 3 1 3 1 0 0 0  aaaa99975999a8884869aaa877879367863654a572654
65046 1 7 3 2 5 0 0 0 0  aaaa99965999a8883829aaa877879357865457a467646
65118 1 7 3 4 5 0 0 0 0  aaaa99965999a8883829aaa877879357865456a477646
65341 1 7 4 0 0 0 1 0 0  aaaa99977999a8884879aaa438879766873565a564265
65530 1 7 4 5 1 2 0 0 0  aaaa99954999a8883879aaa378879776866665a752445
65548 1 7 4 5 4 2 0 0 0  aaaa99954999a8883879aaa378879776852665a766445
65552 1 7 4 5 5 1 0 0 0  aaaa99965999a8884879aaa378879775863546a765642
65608 1 7 4 7 2 2 0 0 0  aaaa99957999a8884879aaa378879766863275a656445
65824 1 7 5 2 2 2 0 0 0  aaaa99954999a8883879aaa777879368662785a644565
65830 1 7 5 2 3 2 0 0 0  aaaa99954999a8883879aaa777879368656786a652445
65836 1 7 5 2 4 2 0 0 0  aaaa99954999a8883879aaa777879368666785a652445
65838 1 7 5 2 5 0 0 0 0  aaaa99965999a8884879aaa777879348564786a565632
65840 1 7 5 2 5 1 0 0 0  aaaa99965999a8884879aaa777879358565786a464632
65892 1 7 5 4 2 0 0 0 0  aaaa99975999a8884869aaa377879368576686a575442
65894 1 7 5 4 2 1 0 0 0  aaaa99975999a8885869aaa477879368673686a575442
65900 1 7 5 4 3 1 0 0 0  aaaa99975999a8884869aaa677879368673684a572554
65906 1 7 5 4 4 1 0 0 0  aaaa99975999a8884869aaa377879368676684a572554
65910 1 7 5 4 5 0 0 0 0  aaaa99976999a8886829aaa677879658576584a374534
65911 1 7 5 4 5 0 1 0 0  aaaa99976999a8886829aaa677879658576584a373454
65930 1 7 5 5 2 1 0 0 0  aaaa99954999a8885879aaa377879368676785a644625
65932 1 7 5 5 2 2 0 0 0  aaaa99945999a8885879aaa577879568676783a644623
65936 1 7 5 5 3 1 0 0 0  aaaa99954999a8885879aaa377879368676786a652445
65938 1 7 5 5 3 2 0 0 0  aaaa99945999a8885879aaa577879568676786a644332
65942 1 7 5 5 4 1 0 0 0  aaaa99954999a8885879aaa377879368672785a644665
65944 1 7 5 5 4 2 0 0 0  aaaa99945999a8885879aaa577879568672783a644663
65946 1 7 5 5 5 0 0 0 0  aaaa99965999a8884879aaa377879348574786a565626
65948 1 7 5 5 5 1 0 0 0  aaaa99965999a8884879aaa377879358575786a464626
65994 1 7 5 7 1 0 0 0 0  aaaa99965999a8884879aaa377879368656786a455742
65996 1 7 5 7 1 1 0 0 0  aaaa99965999a8884879aaa377879368646786a555724
66002 1 7 5 7 2 1 0 0 0  aaaa99954999a8885879aaa377879368662785a644765
66004 1 7 5 7 2 2 0 0 0  aaaa99945999a8885879aaa577879568662783a644763
66008 1 7 5 7 3 1 0 0 0  aaaa99954999a8885879aaa377879368656786a644725
66010 1 7 5 7 3 2 0 0 0  aaaa99945999a8885879aaa577879568636786a644723
66014 1 7 5 7 4 1 0 0 0  aaaa99954999a8885879aaa377879368666785a644725
66016 1 7 5 7 4 2 0 0 0  aaaa99945999a8885879aaa577879568666783a644723
66018 1 7 5 7 5 0 0 0 0  aaaa99965999a8884879aaa377879348564786a565726
66020 1 7 5 7 5 1 0 0 0  aaaa99965999a8884879aaa377879358565786a464726
66040 1 7 5 8 2 2 0 0 0  aaaa99954999a8883879aaa377879768662785a644565
66046 1 7 5 8 3 2 0 0 0  aaaa99954999a8883879aaa377879768656786a652445
66052 1 7 5 8 4 2 0 0 0  aaaa99954999a8883879aaa377879768666785a652445
66054 1 7 5 8 5 0 0 0 0  aaaa99965999a8884879aaa377879748564786a565632
66056 1 7 5 8 5 1 0 0 0  aaaa99965999a8884879aaa377879758565786a464632
66214 1 7 6 2 1 2 0 0 0  aaaa99954999a8883879aaa777879386866765a652445
66232 1 7 6 2 4 2 0 0 0  aaaa99954999a8883879aaa777879386852765a666445
66236 1 7 6 2 5 1 0 0 0  aaaa99965999a8884879aaa777879385863746a565642
66284 1 7 6 4 1 1 0 0 0  aaaa99944999a8884869aaa377879387866656a577525
66290 1 7 6 4 2 1 0 0 0  aaaa99965999a8884869aaa377879387866256a577454
66292 1 7 6 4 2 2 0 0 0  aaaa99965999a8885869aaa577879587866446a377432
66302 1 7 6 4 4 1 0 0 0  aaaa99965999a8883859aaa377879287855464a677664
66320 1 7 6 5 1 1 0 0 0  aaaa99956999a8884879aaa377879387844657a662565
66322 1 7 6 5 1 2 0 0 0  aaaa99946999a8885879aaa577879587835647a662463
66324 1 7 6 5 2 0 0 0 0  aaaa99965999a8884879aaa377879387855647a662546
66326 1 7 6 5 2 1 0 0 0  aaaa99965999a8885879aaa477879387863657a662454
66332 1 7 6 5 3 1 0 0 0  aaaa99965999a8884879aaa377879387844667a566552
66338 1 7 6 5 4 1 0 0 0  aaaa99965999a8884879aaa377879387844657a666552
66392 1 7 6 7 1 1 0 0 0  aaaa99954999a8885879aaa377879386866765a644725
66394 1 7 6 7 1 2 0 0 0  aaaa99945999a8885879aaa577879586866763a644723
66396 1 7 6 7 2 0 0 0 0  aaaa99965999a8884879aaa377879386866756a545724
66398 1 7 6 7 2 1 0 0 0  aaaa99965999a8884879aaa377879386866746a555742
66402 1 7 6 7 3 0 0 0 0  aaaa99965999a8884879aaa377879386866745a655742
66404 1 7 6 7 3 1 0 0 0  aaaa99965999a8884879aaa377879386866745a652745
66410 1 7 6 7 4 1 0 0 0  aaaa99954999a8885879aaa377879386844765a666725
66412 1 7 6 7 4 2 0 0 0  aaaa99945999a8885879aaa577879586844763a666723
66416 1 7 6 7 5 1 0 0 0  aaaa99965999a8884879aaa377879385862746a565746
66430 1 7 6 8 1 2 0 0 0  aaaa99954999a8883879aaa377879786866765a652445
66448 1 7 6 8 4 2 0 0 0  aaaa99954999a8883879aaa377879786852765a666445
66452 1 7 6 8 5 1 0 0 0  aaaa99965999a8884879aaa377879785863746a565642
66512 1 7 6 10 3 1 0 0 0  aaaa99975999a8884869aaa366869385872647a575747
66582 1 7 7 1 3 0 0 0 0  aaaa99975999a8888889aaa477879367663654a575264
66594 1 7 7 1 5 0 0 0 0  aaaa99975999a8888889aaa477879357645562a673664
66622 1 7 7 2 3 2 0 0 0  aaaa99935999a8888889aaa577879567665647a447362
66694 1 7 7 4 3 2 0 0 0  aaaa99935999a8888889aaa577879567665644a477362
66790 1 7 7 7 1 2 0 0 0  aaaa99935999a8888889aaa577879567665647a446372
66976 1 7 8 1 2 2 0 0 0  aaaa99957999a8884879aaa777879366863285a656445
67012 1 7 8 2 2 2 0 0 0  aaaa99954999a8883879aaa777879366862785a656445
67018 1 7 8 2 3 2 0 0 0  aaaa99954999a8883879aaa777879366856786a652445
67024 1 7 8 2 4 2 0 0 0  aaaa99954999a8883879aaa777879366866785a652445
67026 1 7 8 2 5 0 0 0 0  aaaa99965999a8884879aaa777879355863786a465642
67028 1 7 8 2 5 1 0 0 0  aaaa99965999a8884879aaa777879355865786a464632
67112 1 7 8 5 1 1 0 0 0  aaaa99954999a8885879aaa377879367866687a652445
67114 1 7 8 5 1 2 0 0 0  aaaa99945999a8885879aaa577879567866687a644332
67116 1 7 8 5 2 0 0 0 0  aaaa99965999a8884879aaa377879367866587a562454
67118 1 7 8 5 2 1 0 0 0  aaaa99965999a8884879aaa377879367866587a565442
67130 1 7 8 5 4 1 0 0 0  aaaa99954999a8885879aaa377879367852687a666445
67132 1 7 8 5 4 2 0 0 0  aaaa99945999a8885879aaa577879567844687a666332
67136 1 7 8 5 5 1 0 0 0  aaaa99965999a8884879aaa377879347864587a565626
67150 1 7 8 6 1 2 0 0 0  aaaa99954999a8883879aaa377879767866685a652445
67168 1 7 8 6 4 2 0 0 0  aaaa99954999a8883879aaa377879767852685a666445
67172 1 7 8 6 5 1 0 0 0  aaaa99965999a8884879aaa377879747864586a565632
67182 1 7 8 7 1 0 0 0 0  aaaa99965999a8884879aaa377879366856786a455742
67184 1 7 8 7 1 1 0 0 0  aaaa99965999a8884879aaa377879366846786a555724
67190 1 7 8 7 2 1 0 0 0  aaaa99944999a8885879aaa477879366863785a656725
67192 1 7 8 7 2 2 0 0 0  aaaa99945999a8885879aaa577879566864783a636724
67196 1 7 8 7 3 1 0 0 0  aaaa99954999a8885879aaa377879366856786a644725
67198 1 7 8 7 3 2 0 0 0  aaaa99945999a8885879aaa577879566836786a644723
67202 1 7 8 7 4 1 0 0 0  aaaa99954999a8885879aaa377879366866785a644725
67204 1 7 8 7 4 2 0 0 0  aaaa99945999a8885879aaa577879566866783a644723
67206 1 7 8 7 5 0 0 0 0  aaaa99965999a8884879aaa377879355862786a465746
67208 1 7 8 7 5 1 0 0 0  aaaa99965999a8884879aaa377879355865786a464726
67228 1 7 8 8 2 2 0 0 0  aaaa99954999a8883879aaa377879766862785a656445
67234 1 7 8 8 3 2 0 0 0  aaaa99954999a8883879aaa377879766856786a652445
67240 1 7 8 8 4 2 0 0 0  aaaa99954999a8883879aaa377879766866785a652445
67242 1 7 8 8 5 0 0 0 0  aaaa99965999a8884879aaa377879755863786a465642
67244 1 7 8 8 5 1 0 0 0  aaaa99965999a8884879aaa377879755865786a464632
67328 1 7 9 0 1 1 0 0 0  aaaa99985999a8884879aaa777869366863265a757445
67330 1 7 9 0 1 2 0 0 0  aaaa99985999a8885879aaa777869566865464a737423
67442 1 7 9 3 2 1 0 0 0  aaaa99985999a8884869aaa377879767863664a572554
67476 1 7 9 4 2 0 0 0 0  aaaa99985999a8884869aaa377879367856664a277554
67478 1 7 9 4 2 1 0 0 0  aaaa99985999a8884869aaa377879367862664a577554
67500 1 7 9 5 0 0 0 0 0  aaaa99985999a8884879aaa377879367862647a556645
67502 1 7 9 5 0 1 0 0 0  aaaa99985999a8884879aaa377879367862657a546654
67508 1 7 9 5 1 1 0 0 0  aaaa99985999a8884879aaa377879367866657a644552
67518 1 7 9 5 3 0 0 0 0  aaaa99985999a8884879aaa377879367866657a545624
67520 1 7 9 5 3 1 0 0 0  aaaa99985999a8884879aaa377879367866647a555642
67526 1 7 9 5 4 1 0 0 0  aaaa99985999a8884879aaa377879367844657a666552
67536 1 7 9 6 0 0 0 0 0  aaaa99985999a8883879aaa377879767862655a446654
67578 1 7 9 7 1 0 0 0 0  aaaa99985999a8884879aaa377879366862755a644765
67580 1 7 9 7 1 1 0 0 0  aaaa99985999a8884879aaa377879366862764a555764
67584 1 7 9 7 2 0 0 0 0  aaaa99985999a8884879aaa377879366856766a455742
67586 1 7 9 7 2 1 0 0 0  aaaa99985999a8884879aaa377879366846766a555724
67590 1 7 9 7 3 0 0 0 0  aaaa99985999a8884879aaa377879366862764a556754
67592 1 7 9 7 3 1 0 0 0  aaaa99985999a8884879aaa377879366862765a456745
67596 1 7 9 7 4 0 0 0 0  aaaa99985999a8884879aaa377879366866765a455742
67598 1 7 9 7 4 1 0 0 0  aaaa99985999a8884879aaa377879366866764a555724
67644 1 7 9 9 0 0 0 0 0  aaaa99985999a8883879aaa776869377872655a446654
67680 1 7 9 10 0 0 0 0 0  aaaa99985999a8883879aaa376869277877655a446654
67825 1 7 10 3 0 0 1 0 0  aaaa99966999a8888839aaa677879767863545a572445
68152 1 7 11 1 0 2 0 0 0  aaaa99958999a7773829aaa888889767657645a446635
68297 1 7 11 5 0 2 1 0 0  aaaa99968999a7774839aaa888889467653726a654575
68314 1 7 11 5 3 2 0 0 0  aaaa99958999a7774869aaa888889367653726a644575
68405 1 7 11 8 0 2 1 0 0  aaaa99958999a7777829aaa888889467654675a356634
68545 1 7 12 1 0 0 1 0 0  aaaa99966999a8888839aaa687879777663545a572445
68602 1 7 12 2 3 2 0 0 0  aaaa99954999a8888879aaa387879776663625a744565
68610 1 7 12 2 5 0 0 0 0  aaaa99965999a8888879aaa487879775465526a763643
68738 1 7 12 6 2 1 0 0 0  aaaa99954999a8888879aaa387869377744657a662565
68740 1 7 12 6 2 2 0 0 0  aaaa99945999a8888879aaa587869577735647a662463
68992 1 7 13 2 2 2 0 0 0  aaaa99954999a8888879aaa777879368663725a644565
69062 1 7 13 4 2 1 0 0 0  aaaa99975999a8888869aaa477879368673656a572454
69064 1 7 13 4 2 2 0 0 0  aaaa99975999a8888869aaa577879568675646a474332
69110 1 7 13 5 4 1 0 0 0  aaaa99954999a8888879aaa377879358676765a644625
69112 1 7 13 5 4 2 0 0 0  aaaa99945999a8888879aaa577879548676764a635623
69162 1 7 13 7 1 0 0 0 0  aaaa99965999a8888879aaa477879368646756a525734
69170 1 7 13 7 2 1 0 0 0  aaaa99954999a8888879aaa377879368662755a644765
69172 1 7 13 7 2 2 0 0 0  aaaa99945999a8888879aaa577879568665744a633762
69208 1 7 13 8 2 2 0 0 0  aaaa99954999a8888879aaa377879768663725a644565
69310 1 7 14 0 1 2 0 0 0  aaaa99977999a8888729aaa766869478576854a536354
69516 1 7 14 6 0 0 0 0 0  aaaa99966999a8888749aaa677879368477856a553425
69542 1 7 14 6 4 1 0 0 0  aaaa99954999a8888769aaa377879358677865a644625
69544 1 7 14 6 4 2 0 0 0  aaaa99945999a8888769aaa577879548677864a635623
69703 1 7 15 0 1 0 1 0 0  aaaa99977999a8886729aaa766869378576585a543484
69760 1 7 15 1 4 2 0 0 0  aaaa99954999a8883779aaa767829668663785a744585
69798 1 7 15 2 5 0 0 0 0  aaaa99965999a8883779aaa757849558763786a464682
69803 1 7 15 2 5 2 1 0 0  aaaa99965999a8885779aaa747839548764786a365682
69805 1 7 15 3 0 0 1 0 0  aaaa99947999a8883759aaa777879368652684a556684
69809 1 7 15 3 0 2 1 0 0  aaaa99957999a8884739aaa777879468653685a256684
69983 1 7 15 7 5 2 1 0 0  aaaa99967999a8885779aaa737839528765486a464685
70092 1 7 16 0 0 0 0 0 0  aaaa99985999a8884779aaa367869368755786a454762
70094 1 7 16 0 0 1 0 0 0  aaaa99985999a8885779aaa467869368755786a644732
70100 1 7 16 0 1 1 0 0 0  aaaa99985999a8884779aaa367869668744786a555732
70104 1 7 16 0 2 0 0 0 0  aaaa99985999a8884779aaa367869668763785a455742
70106 1 7 16 0 2 1 0 0 0  aaaa99985999a8884779aaa367869668763784a555724
70112 1 7 16 0 3 1 0 0 0  aaaa99985999a8884779aaa367869668753785a644725
70114 1 7 16 0 3 2 0 0 0  aaaa99985999a8885779aaa567869668745783a644723
70116 1 7 16 0 4 0 0 0 0  aaaa99985999a8884779aaa367869368766785a455742
70118 1 7 16 0 4 1 0 0 0  aaaa99985999a8884779aaa367869368766784a555724
70166 1 7 16 2 0 1 0 0 0  aaaa99985999a8884779aaa767869368753786a652445
70168 1 7 16 2 0 2 0 0 0  aaaa99985999a8885779aaa767869568745786a644332
70186 1 7 16 2 3 2 0 0 0  aaaa99984999a8883779aaa767869668753785a652445
70194 1 7 16 2 5 0 0 0 0  aaaa99984999a8883779aaa757859358762786a464656
70237 1 7 16 4 0 0 1 0 0  aaaa99985999a8884779aaa767869428565787a633546
70388 1 7 16 8 1 1 0 0 0  aaaa99985999a8884769aaa777879368673684a562554
70398 1 7 16 8 3 0 0 0 0  aaaa99985999a8884769aaa777879368673685a455642
70400 1 7 16 8 3 1 0 0 0  aaaa99985999a8884769aaa777879368673684a555624
70495 1 7 17 0 1 0 1 0 0  aaaa99977999a8888729aaa766869378576585a546434
70498 1 7 17 0 1 2 0 0 0  aaaa99977999a8888729aaa766869478576384a536554
70499 1 7 17 0 1 2 1 0 0  aaaa99977999a8888729aaa766869478574683a564553
70590 1 7 17 2 5 0 0 0 0  aaaa99964999a8888779aaa757859358763786a464652
70601 1 7 17 3 0 2 1 0 0  aaaa99957999a8888729aaa777879468654685a356634
70705 1 7 17 6 0 0 1 0 0  aaaa99966999a8888759aaa677879368577586a543424
70775 1 7 17 7 5 2 1 0 0  aaaa99967999a8888779aaa737849538765286a465645
71078 1 7 18 5 2 1 0 0 0  aaaa99954999a7773869aaa388889267688755a644675
71080 1 7 18 5 2 2 0 0 0  aaaa99945999a7775869aaa588889567688744a633672
71090 1 7 18 5 4 1 0 0 0  aaaa99954999a7773869aaa388889257688765a644675
71092 1 7 18 5 4 2 0 0 0  aaaa99945999a7775869aaa588889547688764a633672
71100 1 7 18 6 0 0 0 0 0  aaaa99966999a7777849aaa688889367488756a553425
71126 1 7 18 6 4 1 0 0 0  aaaa99954999a7777869aaa388889357688765a644625
71128 1 7 18 6 4 2 0 0 0  aaaa99945999a7777869aaa588889547688764a635623
71173 1 7 18 8 0 0 1 0 0  aaaa99966999a7777859aaa688889367588576a543424
71569 1 7 19 8 0 0 1 0 0  aaaa99984999a8888739aaa777879467863655a526645
71714 1 7 20 1 0 1 0 0 0  aaaa99947999a7775829aaa888889467687653a536654
71716 1 7 20 1 0 2 0 0 0  aaaa99937999a7775829aaa888889567687644a436655
71862 1 7 20 5 1 0 0 0 0  aaaa99965999a7774869aaa888889367683756a545274
71876 1 7 20 5 3 1 0 0 0  aaaa99954999a7773869aaa888889367682756a644575
71878 1 7 20 5 3 2 0 0 0  aaaa99945999a7775869aaa888889567685736a644372
71936 1 7 20 7 1 1 0 0 0  aaaa99975999a7774869aaa888889367683674a562554
71946 1 7 20 7 3 0 0 0 0  aaaa99975999a7774869aaa888889367683675a455642
71948 1 7 20 7 3 1 0 0 0  aaaa99975999a7774869aaa888889367683674a555624
73361 1 8 1 2 4 2 1 0 0  aaaa99988888a9594999aaa877752466676378a563547
73367 1 8 1 2 5 2 1 0 0  aaaa99988888a9594999aaa877752436573678a666547
73381 1 8 1 3 2 0 1 0 0  aaaa99988888a9595999aaa877773366675258a466447
73385 1 8 1 3 2 2 1 0 0  aaaa99988888a9594999aaa877773366674258a566547
73391 1 8 1 3 3 2 1 0 0  aaaa99988888a9594999aaa877772466576368a563547
73397 1 8 1 3 4 2 1 0 0  aaaa99988888a9594999aaa877772466676358a563547
73403 1 8 1 3 5 2 1 0 0  aaaa99988888a9594999aaa877772436573658a666547
73561 1 8 1 8 2 0 1 0 0  aaaa99988888a9595999aaa877747566637278a566443
73769 1 8 2 3 0 2 1 0 0  aaaa99976888a9696999aaa877775462674835a858534
73847 1 8 2 5 1 2 1 0 0  aaaa99954888a9394999aaa877766662757867a858534
73852 1 8 2 5 2 2 0 0 0  aaaa99954888a9692999aaa877766633757867a858445
73864 1 8 2 5 4 2 0 0 0  aaaa99953888a9696999aaa877765344757867a848625
73870 1 8 2 5 5 2 0 0 0  aaaa99953888a9693999aaa877765244757867a848665
73900 1 8 2 6 4 2 0 0 0  aaaa99953888a9696999aaa877775344677865a848625
73906 1 8 2 6 5 2 0 0 0  aaaa99953888a9693999aaa877775244677865a848665
73919 1 8 2 7 1 2 1 0 0  aaaa99954888a9394999aaa877766662657875a878534
73924 1 8 2 7 2 2 0 0 0  aaaa99954888a9692999aaa877766633657875a878445
73942 1 8 2 7 5 2 0 0 0  aaaa99953888a9693999aaa877765244657874a878665
73978 1 8 2 8 5 2 0 0 0  aaaa99953888a9693999aaa877775244657867a848665
74014 1 8 2 9 5 2 0 0 0  aaaa99953888a9693999aaa877777244657865a848665
74209 1 8 3 4 2 0 1 0 0  aaaa99988888a9595999aaa878773366675257a466447
74213 1 8 3 4 2 2 1 0 0  aaaa99988888a9594999aaa878773366674257a566547
74219 1 8 3 4 3 2 1 0 0  aaaa99988888a9594999aaa878772466576367a563547
74225 1 8 3 4 4 2 1 0 0  aaaa99988888a9594999aaa878772466676357a563547
74231 1 8 3 4 5 2 1 0 0  aaaa99988888a9594999aaa878772436573657a666547
74370 1 8 3 8 5 0 0 0 0  aaaa99988888a9695999aaa878777475645563a637624
74590 1 8 4 3 5 2 0 0 0  aaaa99958888a9697999aaa878777344657265a648635
74662 1 8 4 5 5 2 0 0 0  aaaa99958888a9693999aaa878775374657464a678625
74698 1 8 4 6 5 2 0 0 0  aaaa99958888a9693999aaa878777374657464a658625
74722 1 8 4 7 3 2 0 0 0  aaaa99958888a9793999aaa878775376662644a478565
74770 1 8 4 8 5 2 0 0 0  aaaa99958888a9693999aaa878777344657765a648625
74896 1 8 5 1 2 2 0 0 0  aaaa99944888a9694999aaa878877376663785a257565
75004 1 8 5 4 2 2 0 0 0  aaaa99954888a9693999aaa878877367662785a657445
75034 1 8 5 5 1 2 0 0 0  aaaa99954888a9793999aaa878877377666685a652445
75052 1 8 5 5 4 2 0 0 0  aaaa99954888a9793999aaa878877377652685a666445
75056 1 8 5 5 5 1 0 0 0  aaaa99965888a9794999aaa878877377464586a565632
75184 1 8 5 9 2 2 0 0 0  aaaa99954888a9693999aaa878865777773685a662445
76534 1 8 9 2 5 2 0 0 0  aaaa99958888a9694999aaa878775378644267a657635
76642 1 8 9 5 5 2 0 0 0  aaaa99958888a9694999aaa878774478673265a657635
76750 1 8 9 8 5 2 0 0 0  aaaa99958888a9694999aaa878777378644265a657635
76792 1 8 9 10 0 2 0 0 0  aaaa99958888a9794999aaa868675368744276a756735
76810 1 8 9 10 3 2 0 0 0  aaaa99958888a9794999aaa868676368744275a756735
76818 1 8 9 10 5 0 0 0 0  aaaa99968888a9795999aaa858476558764276a764733
76823 1 8 9 10 5 2 1 0 0  aaaa99968888a9795999aaa838476538765476a764752
76918 1 8 10 2 3 2 0 0 0  aaaa99958888a9893999aaa878775376662647a447565
77086 1 8 10 7 1 2 0 0 0  aaaa99958888a9896999aaa878775376663445a276475
77092 1 8 10 7 2 2 0 0 0  aaaa99958888a9893999aaa878775376662644a476575
77098 1 8 10 7 3 2 0 0 0  aaaa99958888a9893999aaa878775376662465a476475
77106 1 8 10 7 5 0 0 0 0  aaaa99968888a9895999aaa878776375465526a474673
77116 1 8 10 8 0 2 0 0 0  aaaa99958888a9893999aaa878777376652646a447565
77134 1 8 10 8 3 2 0 0 0  aaaa99958888a9893999aaa878777376662645a447565
77308 1 8 11 2 2 2 0 0 0  aaaa99954888a9898999aaa378774476663867a257565
77378 1 8 11 4 2 1 0 0 0  aaaa99974888a9898999aaa378774466673857a566525
77428 1 8 11 5 4 2 0 0 0  aaaa99954888a9898999aaa378774472676865a657635
77482 1 8 11 7 1 2 0 0 0  aaaa99956888a9898999aaa378775376662844a476575
77494 1 8 11 7 3 2 0 0 0  aaaa99954888a9898999aaa378774476663865a276575
77502 1 8 11 7 5 0 0 0 0  aaaa99965888a9898999aaa478776374565856a274673
77524 1 8 11 8 2 2 0 0 0  aaaa99944888a9898999aaa478777376663865a257565
77621 1 8 12 0 0 2 1 0 0  aaaa99958888a9894999aaa877665437653676a278574
77639 1 8 12 0 3 2 1 0 0  aaaa99958888a9894999aaa877666437653675a278574
77647 1 8 12 0 5 0 1 0 0  aaaa99968888a9894999aaa877556437563576a278674
77812 1 8 12 5 2 2 0 0 0  aaaa99958888a9894999aaa877766633757267a658445
77830 1 8 12 5 5 2 0 0 0  aaaa99958888a9893999aaa877765344757267a648665
77848 1 8 12 6 2 2 0 0 0  aaaa99958888a9893999aaa877775366677445a248665
77854 1 8 12 6 3 2 0 0 0  aaaa99958888a9893999aaa877775366677446a258465
77860 1 8 12 6 4 2 0 0 0  aaaa99958888a9893999aaa877775364477666a258465
77866 1 8 12 6 5 2 0 0 0  aaaa99958888a9893999aaa877775344677265a648665
77884 1 8 12 7 2 2 0 0 0  aaaa99958888a9894999aaa877766633657275a678445
77902 1 8 12 7 5 2 0 0 0  aaaa99958888a9893999aaa877765344657274a678665
77920 1 8 12 8 2 2 0 0 0  aaaa99958888a9893999aaa877775366657447a248665
77932 1 8 12 8 4 2 0 0 0  aaaa99958888a9893999aaa877775366667447a258465
77938 1 8 12 8 5 2 0 0 0  aaaa99958888a9893999aaa877775344657267a648665
77952 1 8 12 9 2 0 0 0 0  aaaa99958888a9893999aaa877777366647455a548662
77956 1 8 12 9 2 2 0 0 0  aaaa99958888a9893999aaa877777366657445a248665
77962 1 8 12 9 3 2 0 0 0  aaaa99958888a9893999aaa877777366657446a258465
77968 1 8 12 9 4 2 0 0 0  aaaa99958888a9893999aaa877777366667445a258465
77974 1 8 12 9 5 2 0 0 0  aaaa99958888a9893999aaa877777344657265a648665
78054 1 8 13 1 1 0 0 0 0  aaaa99965888a9894999aaa378877376626758a467545
78056 1 8 13 1 1 1 0 0 0  aaaa99965888a9894999aaa378877376646758a567254
78062 1 8 13 1 2 1 0 0 0  aaaa99944888a9895999aaa478877376663768a257565
78064 1 8 13 1 2 2 0 0 0  aaaa99945888a9895999aaa578877576662768a447363
78094 1 8 13 2 1 2 0 0 0  aaaa99936888a9895999aaa578877576665748a446372
78104 1 8 13 2 3 1 0 0 0  aaaa99944888a9895999aaa478877376663768a256575
78106 1 8 13 2 3 2 0 0 0  aaaa99945888a9895999aaa578877576662768a446373
78114 1 8 13 2 5 0 0 0 0  aaaa99965888a9894999aaa378877374565758a264676
78170 1 8 13 4 2 1 0 0 0  aaaa99944888a9894999aaa378877367662758a657565
78172 1 8 13 4 2 2 0 0 0  aaaa99945888a9895999aaa578877567662748a637463
78218 1 8 13 5 4 1 0 0 0  aaaa99954888a9893999aaa378877277644658a666575
78220 1 8 13 5 4 2 0 0 0  aaaa99945888a9895999aaa578877577644638a666372
78224 1 8 13 5 5 1 0 0 0  aaaa99965888a9893999aaa378877277464548a565676
78276 1 8 13 7 2 0 0 0 0  aaaa99976888a9896999aaa478877376646558a753254
78278 1 8 13 7 2 1 0 0 0  aaaa99975888a9894999aaa378877376662658a746554
78282 1 8 13 7 3 0 0 0 0  aaaa99975888a9894999aaa378877376662658a744565
78284 1 8 13 7 3 1 0 0 0  aaaa99975888a9895999aaa378877376662648a755464
78290 1 8 13 7 4 1 0 0 0  aaaa99975888a9894999aaa378877376666658a744552
78320 1 8 13 8 3 1 0 0 0  aaaa99954888a9893999aaa378877776662658a744565
78322 1 8 13 8 3 2 0 0 0  aaaa99945888a9895999aaa578877776665638a744362
78330 1 8 13 8 5 0 0 0 0  aaaa99965888a9894999aaa378877775465528a763646
78350 1 8 13 9 2 1 0 0 0  aaaa99944888a9894999aaa378865777773658a662565
78352 1 8 13 9 2 2 0 0 0  aaaa99945888a9895999aaa578863777775648a662463
78409 1 8 14 0 0 0 1 0 0  aaaa99977888a9894999aaa438878776673656a554265
78500 1 8 14 2 3 1 0 0 0  aaaa99954888a9893999aaa378878776662657a744565
78502 1 8 14 2 3 2 0 0 0  aaaa99945888a9895999aaa578878776665637a744362
78510 1 8 14 2 5 0 0 0 0  aaaa99965888a9894999aaa378878775465527a763646
78664 1 8 14 7 0 2 0 0 0  aaaa99957888a9894999aaa378878776653626a744565
78682 1 8 14 7 3 2 0 0 0  aaaa99957888a9894999aaa378878776663625a744565
78690 1 8 14 7 5 0 0 0 0  aaaa99967888a9895999aaa478878775465526a763643
78710 1 8 14 8 2 1 0 0 0  aaaa99954888a9893999aaa378868777744657a662565
78712 1 8 14 8 2 2 0 0 0  aaaa99945888a9895999aaa578868777735647a662463
78716 1 8 14 8 3 1 0 0 0  aaaa99964888a9893999aaa378858777744667a566525
78854 1 8 15 1 2 1 0 0 0  aaaa99954888a9695999aaa378877376882765a667445
78856 1 8 15 1 2 2 0 0 0  aaaa99945888a9695999aaa578877576882763a667443
78890 1 8 15 2 2 1 0 0 0  aaaa99944888a9795999aaa478877376883765a662565
78892 1 8 15 2 2 2 0 0 0  aaaa99945888a9795999aaa578877576884763a662364
78896 1 8 15 2 3 1 0 0 0  aaaa99954888a9795999aaa378877376886765a662445
78898 1 8 15 2 3 2 0 0 0  aaaa99945888a9795999aaa578877576886763a662443
78902 1 8 15 2 4 1 0 0 0  aaaa99954888a9795999aaa378877376882765a666445
78904 1 8 15 2 4 2 0 0 0  aaaa99945888a9795999aaa578877576882763a666443
78908 1 8 15 2 5 1 0 0 0  aaaa99965888a9794999aaa378877375882746a565646
78926 1 8 15 3 2 1 0 0 0  aaaa99954888a9695999aaa378877776883765a662445
78928 1 8 15 3 2 2 0 0 0  aaaa99945888a9695999aaa578877776885763a662443
78962 1 8 15 4 2 1 0 0 0  aaaa99954888a9695999aaa378877367882766a657445
78964 1 8 15 4 2 2 0 0 0  aaaa99945888a9695999aaa578877567882766a637443
78996 1 8 15 5 2 0 0 0 0  aaaa99965888a9794999aaa378877377882666a455546
79282 1 8 16 2 1 2 0 0 0  aaaa99954888a9793999aaa878877376866765a652445
79300 1 8 16 2 4 2 0 0 0  aaaa99954888a9793999aaa878877376852765a666445
79304 1 8 16 2 5 1 0 0 0  aaaa99965888a9794999aaa878877375863746a565642
79452 1 8 16 7 0 0 0 0 0  aaaa99975888a9794999aaa878877376863665a455246
79648 1 8 17 1 2 2 0 0 0  aaaa99944888a9894999aaa878877376663765a257565
79678 1 8 17 2 1 2 0 0 0  aaaa99956888a9893999aaa878877376662745a446575
79690 1 8 17 2 3 2 0 0 0  aaaa99944888a9894999aaa878877376663765a256575
79698 1 8 17 2 5 0 0 0 0  aaaa99965888a9894999aaa878877374565756a264673
79756 1 8 17 4 2 2 0 0 0  aaaa99944888a9894999aaa878877367663725a657565
79804 1 8 17 5 4 2 0 0 0  aaaa99954888a9893999aaa878877377644625a666575
79808 1 8 17 5 5 1 0 0 0  aaaa99965888a9893999aaa878877377464546a565672
79850 1 8 17 7 0 1 0 0 0  aaaa99974888a9893999aaa878877376652656a744565
79852 1 8 17 7 0 2 0 0 0  aaaa99975888a9895999aaa878877576645636a744362
79868 1 8 17 7 3 1 0 0 0  aaaa99975888a9894999aaa878877376663625a744565
79870 1 8 17 7 3 2 0 0 0  aaaa99975888a9895999aaa878877576665644a742363
79878 1 8 17 7 5 0 0 0 0  aaaa99975888a9894999aaa878877375465526a763646
79906 1 8 17 8 3 2 0 0 0  aaaa99954888a9893999aaa878877776663625a744565
79914 1 8 17 8 5 0 0 0 0  aaaa99965888a9894999aaa878877775465526a763643
80044 1 8 18 1 2 2 0 0 0  aaaa99944888a9898999aaa478877376663765a257565
80074 1 8 18 2 1 2 0 0 0  aaaa99956888a9898999aaa378877376662745a446575
80086 1 8 18 2 3 2 0 0 0  aaaa99944888a9898999aaa478877376663765a256575
80094 1 8 18 2 5 0 0 0 0  aaaa99965888a9898999aaa478877374565756a264673
80152 1 8 18 4 2 2 0 0 0  aaaa99944888a9898999aaa478877367663725a657565
80200 1 8 18 5 4 2 0 0 0  aaaa99954888a9898999aaa378877377644625a666575
80204 1 8 18 5 5 1 0 0 0  aaaa99965888a9898999aaa378877377464546a565672
80246 1 8 18 7 0 1 0 0 0  aaaa99974888a9898999aaa378877376652656a744565
80248 1 8 18 7 0 2 0 0 0  aaaa99975888a9898999aaa578877576645636a744362
80264 1 8 18 7 3 1 0 0 0  aaaa99975888a9898999aaa478877376663625a744565
80266 1 8 18 7 3 2 0 0 0  aaaa99975888a9898999aaa578877576665644a742363
80274 1 8 18 7 5 0 0 0 0  aaaa99975888a9898999aaa478877375465526a763646
80302 1 8 18 8 3 2 0 0 0  aaaa99954888a9898999aaa378877776663625a744565
80310 1 8 18 8 5 0 0 0 0  aaaa99965888a9898999aaa478877775465526a763643
80405 1 8 19 0 2 2 1 0 0  aaaa99977888a9894999aaa868767678357265a654534
80423 1 8 19 0 5 2 1 0 0  aaaa99977888a9894999aaa828767478657365a653645
80476 1 8 19 2 2 2 0 0 0  aaaa99954888a9893999aaa878775378666267a657445
80488 1 8 19 2 4 2 0 0 0  aaaa99954888a9893999aaa878774478656267a657635
80494 1 8 19 2 5 2 0 0 0  aaaa99954888a9893999aaa878775378644267a657665
80584 1 8 19 5 2 2 0 0 0  aaaa99954888a9893999aaa878774478673666a257565
80596 1 8 19 5 4 2 0 0 0  aaaa99954888a9893999aaa878774478676265a657635
80602 1 8 19 5 5 2 0 0 0  aaaa99954888a9893999aaa878774478673265a657665
80672 1 8 19 7 5 1 0 0 0  aaaa99965888a9893999aaa878776378464546a575672
80692 1 8 19 8 2 2 0 0 0  aaaa99954888a9893999aaa878777378666265a657445
80704 1 8 19 8 4 2 0 0 0  aaaa99944888a9894999aaa878777378656265a657635
80710 1 8 19 8 5 2 0 0 0  aaaa99954888a9893999aaa878777378644265a657665
80770 1 8 19 10 3 2 0 0 0  aaaa99954888a9893999aaa868676368744275a756775
80778 1 8 19 10 5 0 0 0 0  aaaa99965888a9894999aaa858476558763276a764773
80801 1 8 20 0 2 2 1 0 0  aaaa99977888a9898999aaa468767678357265a654534
80819 1 8 20 0 5 2 1 0 0  aaaa99977888a9898999aaa428767478657365a653645
80872 1 8 20 2 2 2 0 0 0  aaaa99954888a9898999aaa378775378666267a657445
80884 1 8 20 2 4 2 0 0 0  aaaa99954888a9898999aaa378774478656267a657635
80890 1 8 20 2 5 2 0 0 0  aaaa99954888a9898999aaa378775378644267a657665
80980 1 8 20 5 2 2 0 0 0  aaaa99954888a9898999aaa378774478673666a257565
80992 1 8 20 5 4 2 0 0 0  aaaa99954888a9898999aaa378774478676265a657635
80998 1 8 20 5 5 2 0 0 0  aaaa99954888a9898999aaa378774478673265a657665
81068 1 8 20 7 5 1 0 0 0  aaaa99965888a9898999aaa378776378464546a575672
81088 1 8 20 8 2 2 0 0 0  aaaa99954888a9898999aaa378777378666265a657445
81100 1 8 20 8 4 2 0 0 0  aaaa99944888a9898999aaa478777378656265a657635
81106 1 8 20 8 5 2 0 0 0  aaaa99954888a9898999aaa378777378644265a657665
81166 1 8 20 10 3 2 0 0 0  aaaa99954888a9898999aaa368676368744275a756775
81174 1 8 20 10 5 0 0 0 0  aaaa99965888a9898999aaa458476558763276a764773
81181 1 8 21 0 0 0 1 0 0  aaaa99977883a9797999aaa488888476673656a554265
81272 1 8 21 2 3 1 0 0 0  aaaa99954887a9797999aaa388888376662657a744565
81274 1 8 21 2 3 2 0 0 0  aaaa99945887a9797999aaa588888576665637a744362
81282 1 8 21 2 5 0 0 0 0  aaaa99965887a9797999aaa488888375465527a763646
81436 1 8 21 7 0 2 0 0 0  aaaa99957887a9797999aaa488888376653626a744565
81454 1 8 21 7 3 2 0 0 0  aaaa99957887a9797999aaa488888376663625a744565
81462 1 8 21 7 5 0 0 0 0  aaaa99967887a9797999aaa588888475465526a763643
81482 1 8 21 8 2 1 0 0 0  aaaa99954887a9697999aaa388888377744657a662565
81484 1 8 21 8 2 2 0 0 0  aaaa99945887a9697999aaa588888577735647a662463
81488 1 8 21 8 3 1 0 0 0  aaaa99964887a9597999aaa388888377744667a566525
81850 1 8 22 7 3 2 0 0 0  aaaa99954787a9793999aaa788888876663625a744565
81858 1 8 22 7 5 0 0 0 0  aaaa99965787a9794999aaa788888875465526a763643
81886 1 8 22 8 3 2 0 0 0  aaaa99954787a9797999aaa388888876663625a744565
81894 1 8 22 8 5 0 0 0 0  aaaa99965787a9797999aaa488888875465526a763643
82033 1 9 0 1 4 0 1 0 0  aaaa99995999a8874829aaa877876487855365a673664
82075 1 9 0 2 5 0 1 0 0  aaaa99995999a8864839aaa877876487863557a267654
82077 1 9 0 2 5 1 1 0 0  aaaa99995999a8864839aaa877876487863257a567654
82078 1 9 0 2 5 2 0 0 0  aaaa99995999a8865829aaa877876587865347a367644
82079 1 9 0 2 5 2 1 0 0  aaaa99995999a8865839aaa877876587863247a467645
82111 1 9 0 3 5 0 1 0 0  aaaa99995999a8864839aaa877877487863556a267654
82113 1 9 0 3 5 1 1 0 0  aaaa99995999a8864839aaa877877487863256a567654
82114 1 9 0 3 5 2 0 0 0  aaaa99995999a8865829aaa877877587865346a367644
82115 1 9 0 3 5 2 1 0 0  aaaa99995999a8865839aaa877877587863246a467645
82147 1 9 0 4 5 0 1 0 0  aaaa99995999a8864839aaa877876487863556a277654
82149 1 9 0 4 5 1 1 0 0  aaaa99995999a8864839aaa877876487863256a577654
82150 1 9 0 4 5 2 0 0 0  aaaa99995999a8865829aaa877876587865346a377644
82151 1 9 0 4 5 2 1 0 0  aaaa99995999a8865839aaa877876587863246a477645
82162 1 9 0 5 1 2 0 0 0  aaaa99996999a8854879aaa877875387844627a663565
82166 1 9 0 5 2 1 0 0 0  aaaa99995999a8864879aaa877876387844657a663552
82234 1 9 0 7 1 2 0 0 0  aaaa99994999a8853879aaa877875386866765a644725
82252 1 9 0 7 4 2 0 0 0  aaaa99994999a8853879aaa877875386844765a666725
82256 1 9 0 7 5 1 0 0 0  aaaa99995999a8864879aaa877876385863746a565742
82270 1 9 0 8 1 2 0 0 0  aaaa99994999a8853879aaa877877386866765a652445
82288 1 9 0 8 4 2 0 0 0  aaaa99994999a8853879aaa877877386852765a666445
82292 1 9 0 8 5 1 0 0 0  aaaa99995999a8864879aaa877877385863746a565642
82333 1 9 0 10 0 0 1 0 0  aaaa99995999a8874839aaa866857586873267a576744
82337 1 9 0 10 0 2 1 0 0  aaaa99995999a8875839aaa866847586873267a476745
82339 1 9 0 10 1 0 1 0 0  aaaa99995999a8874839aaa866867486873557a276754
82341 1 9 0 10 1 1 1 0 0  aaaa99995999a8874839aaa866867486873257a576754
82342 1 9 0 10 1 2 0 0 0  aaaa99995999a8875829aaa866867586875347a376744
82343 1 9 0 10 1 2 1 0 0  aaaa99995999a8875839aaa866867586873247a476745
82352 1 9 0 10 3 1 0 0 0  aaaa99995999a8874869aaa866867385873647a575742
82412 1 9 1 1 1 1 0 0 0  aaaa99994999a8883889aaa377874487666665a572557
82454 1 9 1 2 2 1 0 0 0  aaaa99994999a8883889aaa377875287666567a657445
82456 1 9 1 2 2 2 0 0 0  aaaa99995999a8885889aaa577874587666467a647332
82458 1 9 1 2 3 0 0 0 0  aaaa99995999a8884889aaa377876387666567a547254
82466 1 9 1 2 4 1 0 0 0  aaaa99994999a8883889aaa377874487656567a657625
82468 1 9 1 2 4 2 0 0 0  aaaa99995999a8885889aaa577874587636467a647623
82472 1 9 1 2 5 1 0 0 0  aaaa99994999a8883889aaa377875287644567a657665
82474 1 9 1 2 5 2 0 0 0  aaaa99995999a8885889aaa577874587644367a637662
82476 1 9 1 3 0 0 0 0 0  aaaa99996999a8885889aaa377877387662446a557465
82478 1 9 1 3 0 1 0 0 0  aaaa99995999a8885889aaa377877387662664a447556
82490 1 9 1 3 2 1 0 0 0  aaaa99995999a8884889aaa377877387666265a657445
82492 1 9 1 3 2 2 0 0 0  aaaa99995999a8885889aaa577877587666464a637423
82500 1 9 1 3 4 0 0 0 0  aaaa99995999a8884889aaa377877387655266a657464
82502 1 9 1 3 4 1 0 0 0  aaaa99995999a8885889aaa377877387646465a647625
82504 1 9 1 3 4 2 0 0 0  aaaa99995999a8885889aaa577877587646464a637623
82508 1 9 1 3 5 1 0 0 0  aaaa99995999a8884889aaa377877387644265a657665
82510 1 9 1 3 5 2 0 0 0  aaaa99995999a8885889aaa577877587644364a637662
82526 1 9 1 4 2 1 0 0 0  aaaa99994999a8883889aaa377875287666565a677445
82528 1 9 1 4 2 2 0 0 0  aaaa99995999a8885889aaa577874587666464a677332
82538 1 9 1 4 4 1 0 0 0  aaaa99994999a8883889aaa377874487656565a677625
82540 1 9 1 4 4 2 0 0 0  aaaa99995999a8885889aaa577874587636464a677623
82544 1 9 1 4 5 1 0 0 0  aaaa99994999a8883889aaa377875287644565a677665
82546 1 9 1 4 5 2 0 0 0  aaaa99995999a8885889aaa577874587644363a677662
82562 1 9 1 5 2 1 0 0 0  aaaa99994999a8883889aaa377874487657657a662565
82564 1 9 1 5 2 2 0 0 0  aaaa99995999a8885889aaa577874587637647a662463
82584 1 9 1 6 0 0 0 0 0  aaaa99995999a8884889aaa377877387667665a455246
82646 1 9 1 7 4 1 0 0 0  aaaa99994999a8883889aaa377875287644657a666575
82648 1 9 1 7 4 2 0 0 0  aaaa99995999a8885889aaa577874587644637a666372
82652 1 9 1 7 5 1 0 0 0  aaaa99995999a8883889aaa377876287464547a565676
82656 1 9 1 8 0 0 0 0 0  aaaa99995999a8884889aaa377877386657762a464556
82658 1 9 1 8 0 1 0 0 0  aaaa99994999a8883889aaa377877286657765a464556
82692 1 9 1 9 0 0 0 0 0  aaaa99995999a8884889aaa377877787663665a455246
82730 1 9 1 10 0 1 0 0 0  aaaa99994999a8883889aaa366875286744576a756775
82732 1 9 1 10 0 2 0 0 0  aaaa99995999a8885889aaa566874586744376a736772
82736 1 9 1 10 1 1 0 0 0  aaaa99995999a8884889aaa366876386744275a756775
82738 1 9 1 10 1 2 0 0 0  aaaa99995999a8885889aaa566876586744374a736772
82858 1 9 2 2 3 2 0 0 0  aaaa99995999a8885889aaa877873567665647a447362
82876 1 9 2 3 0 2 0 0 0  aaaa99995999a8885889aaa877877567635644a467362
82890 1 9 2 3 3 0 0 0 0  aaaa99995999a8883889aaa877877367662654a447565
82892 1 9 2 3 3 1 0 0 0  aaaa99995999a8883889aaa877877367662645a447565
82894 1 9 2 3 3 2 0 0 0  aaaa99995999a8885889aaa877877567665644a437362
82902 1 9 2 3 5 0 0 0 0  aaaa99995999a8884889aaa877877257645563a637664
82930 1 9 2 4 3 2 0 0 0  aaaa99995999a8885889aaa877873567665644a477362
83026 1 9 2 7 1 2 0 0 0  aaaa99995999a8885889aaa877873567665647a446372
83177 1 9 3 0 2 2 1 0 0  aaaa99995999a8885839aaa877866637865476a474275
83178 1 9 3 0 3 0 0 0 0  aaaa99995999a8884829aaa877866657865475a674373
83204 1 9 3 1 1 1 0 0 0  aaaa99995999a8883869aaa877874467863654a672557
83210 1 9 3 1 2 1 0 0 0  aaaa99994999a8883869aaa877874467863665a572557
83216 1 9 3 1 3 1 0 0 0  aaaa99995999a8884869aaa877876367863652a474557
83218 1 9 3 1 3 2 0 0 0  aaaa99995999a8885869aaa877876567865644a472337
83227 1 9 3 1 5 0 1 0 0  aaaa99996999a8886829aaa877875657856543a476347
83262 1 9 3 2 5 0 0 0 0  aaaa99995999a8883829aaa877876357865457a467646
83286 1 9 3 3 3 0 0 0 0  aaaa99995999a8883869aaa877877367862655a447654
83298 1 9 3 3 5 0 0 0 0  aaaa99995999a8883829aaa877877357865456a467646
83334 1 9 3 4 5 0 0 0 0  aaaa99995999a8883829aaa877876357865456a477646
83376 1 9 3 6 0 0 0 0 0  aaaa99995999a8883879aaa877877367862655a446654
83566 1 9 4 0 1 2 0 0 0  aaaa99994999a8883879aaa778874466863765a257565
83642 1 9 4 2 2 1 0 0 0  aaaa99995999a8884879aaa778877366863275a656445
83644 1 9 4 2 2 2 0 0 0  aaaa99995999a8885879aaa778877566865474a636423
83738 1 9 4 5 0 1 0 0 0  aaaa99995999a8885879aaa378877376862664a755446
83744 1 9 4 5 1 1 0 0 0  aaaa99995999a8884879aaa378877376866665a752445
83746 1 9 4 5 1 2 0 0 0  aaaa99995999a8885879aaa578877576866664a744332
83748 1 9 4 5 2 0 0 0 0  aaaa99995999a8884879aaa378877376866556a745624
83750 1 9 4 5 2 1 0 0 0  aaaa99995999a8884879aaa378877376866546a755642
83754 1 9 4 5 3 0 0 0 0  aaaa99995999a8884879aaa378877376866645a755642
83756 1 9 4 5 3 1 0 0 0  aaaa99995999a8884879aaa378877376866645a752645
83762 1 9 4 5 4 1 0 0 0  aaaa99995999a8884879aaa378877376852665a766445
83764 1 9 4 5 4 2 0 0 0  aaaa99995999a8885879aaa578877576844664a766332
83768 1 9 4 5 5 1 0 0 0  aaaa99995999a8884879aaa378877375862546a765646
83772 1 9 4 6 0 0 0 0 0  aaaa99995999a8884879aaa378877776863665a455246
83820 1 9 4 7 2 0 0 0 0  aaaa99995999a8884879aaa378877366862575a676445
83822 1 9 4 7 2 1 0 0 0  aaaa99995999a8885879aaa378877366862474a676554
83832 1 9 4 7 4 0 0 0 0  aaaa99995999a8884879aaa378877366866575a675442
83834 1 9 4 7 4 1 0 0 0  aaaa99995999a8884879aaa378877366866475a674525
83858 1 9 4 8 2 1 0 0 0  aaaa99995999a8884879aaa378877766863275a656445
83860 1 9 4 8 2 2 0 0 0  aaaa99995999a8885879aaa578877766865474a636423
83880 1 9 4 9 0 0 0 0 0  aaaa99995999a8884879aaa778866377873665a455246
83916 1 9 4 10 0 0 0 0 0  aaaa99995999a8884879aaa378866377877665a455246
83954 1 9 5 0 0 1 0 0 0  aaaa99994999a8883879aaa777866358656286a757445
83956 1 9 5 0 0 2 0 0 0  aaaa99995999a8885879aaa777866548646486a737352
83962 1 9 5 0 1 2 0 0 0  aaaa99994999a8883879aaa777866668653285a757445
84040 1 9 5 2 2 2 0 0 0  aaaa99994999a8883879aaa777875368662785a644565
84046 1 9 5 2 3 2 0 0 0  aaaa99994999a8883879aaa777875368656786a652445
84052 1 9 5 2 4 2 0 0 0  aaaa99994999a8883879aaa777875368666785a652445
84054 1 9 5 2 5 0 0 0 0  aaaa99995999a8884879aaa777876348564786a565632
84056 1 9 5 2 5 1 0 0 0  aaaa99995999a8884879aaa777876358565786a464632
84110 1 9 5 4 2 1 0 0 0  aaaa99995999a8884869aaa377874468673686a572557
84116 1 9 5 4 3 1 0 0 0  aaaa99994999a8883869aaa677874468673685a572557
84122 1 9 5 4 4 1 0 0 0  aaaa99994999a8883869aaa377874468676685a572557
84126 1 9 5 4 5 0 0 0 0  aaaa99996999a8886829aaa677873658576583a474457
84127 1 9 5 4 5 0 1 0 0  aaaa99996999a8886829aaa677874658576584a373457
84131 1 9 5 4 5 2 1 0 0  aaaa99996999a8886859aaa677872658575383a476447
84146 1 9 5 5 2 1 0 0 0  aaaa99995999a8884879aaa377875368676785a644625
84148 1 9 5 5 2 2 0 0 0  aaaa99995999a8885879aaa577874568676783a644623
84152 1 9 5 5 3 1 0 0 0  aaaa99995999a8884879aaa377875368676786a652445
84154 1 9 5 5 3 2 0 0 0  aaaa99995999a8885879aaa577874568676786a644332
84158 1 9 5 5 4 1 0 0 0  aaaa99995999a8884879aaa377875368672785a644665
84160 1 9 5 5 4 2 0 0 0  aaaa99995999a8885879aaa577874568672783a644663
84162 1 9 5 5 5 0 0 0 0  aaaa99995999a8884879aaa377876348574786a565626
84164 1 9 5 5 5 1 0 0 0  aaaa99995999a8884879aaa377876358575786a464626
84170 1 9 5 6 0 1 0 0 0  aaaa99995999a8883879aaa377877268657685a446645
84210 1 9 5 7 1 0 0 0 0  aaaa99995999a8884879aaa377876368656786a455742
84212 1 9 5 7 1 1 0 0 0  aaaa99995999a8884879aaa377876368646786a555724
84218 1 9 5 7 2 1 0 0 0  aaaa99995999a8884879aaa377875368662785a644765
84220 1 9 5 7 2 2 0 0 0  aaaa99995999a8885879aaa577874568662783a644763
84224 1 9 5 7 3 1 0 0 0  aaaa99995999a8884879aaa377875368656786a644725
84226 1 9 5 7 3 2 0 0 0  aaaa99995999a8885879aaa577874568636786a644723
84230 1 9 5 7 4 1 0 0 0  aaaa99995999a8884879aaa377875368666785a644725
84232 1 9 5 7 4 2 0 0 0  aaaa99995999a8885879aaa577874568666783a644723
84234 1 9 5 7 5 0 0 0 0  aaaa99995999a8884879aaa377876348564786a565726
84236 1 9 5 7 5 1 0 0 0  aaaa99995999a8884879aaa377876358565786a464726
84242 1 9 5 8 0 1 0 0 0  aaaa99995999a8885879aaa377877368655786a644426
84248 1 9 5 8 1 1 0 0 0  aaaa99995999a8884879aaa377877368646786a562554
84254 1 9 5 8 2 1 0 0 0  aaaa99995999a8884879aaa377877368662785a644565
84256 1 9 5 8 2 2 0 0 0  aaaa99995999a8885879aaa577877568662784a644363
84260 1 9 5 8 3 1 0 0 0  aaaa99995999a8884879aaa377877368656786a652445
84262 1 9 5 8 3 2 0 0 0  aaaa99995999a8885879aaa577877568646786a644332
84266 1 9 5 8 4 1 0 0 0  aaaa99995999a8884879aaa377877368666785a652445
84268 1 9 5 8 4 2 0 0 0  aaaa99995999a8885879aaa577877568666784a644332
84270 1 9 5 8 5 0 0 0 0  aaaa99995999a8884879aaa377877348564786a565626
84272 1 9 5 8 5 1 0 0 0  aaaa99995999a8884879aaa377877358565786a464626
84350 1 9 6 0 0 1 0 0 0  aaaa99994999a8883879aaa777866385862665a757445
84430 1 9 6 2 1 2 0 0 0  aaaa99994999a8883879aaa777875386866765a652445
84448 1 9 6 2 4 2 0 0 0  aaaa99994999a8883879aaa777875386852765a666445
84452 1 9 6 2 5 1 0 0 0  aaaa99995999a8884879aaa777876385863746a565642
84456 1 9 6 3 0 0 0 0 0  aaaa99995999a8884879aaa777877386863665a455246
84500 1 9 6 4 1 1 0 0 0  aaaa99994999a8883869aaa377874487866656a577525
84506 1 9 6 4 2 1 0 0 0  aaaa99995999a8884869aaa377876387866256a577454
84508 1 9 6 4 2 2 0 0 0  aaaa99995999a8885869aaa577876587866446a377432
84518 1 9 6 4 4 1 0 0 0  aaaa99995999a8883859aaa377876287855464a677664
84536 1 9 6 5 1 1 0 0 0  aaaa99996999a8884879aaa377875387844657a662565
84538 1 9 6 5 1 2 0 0 0  aaaa99996999a8885879aaa577874587835647a662463
84540 1 9 6 5 2 0 0 0 0  aaaa99995999a8884879aaa377876387855647a662546
84542 1 9 6 5 2 1 0 0 0  aaaa99995999a8885879aaa477876387863657a662454
84548 1 9 6 5 3 1 0 0 0  aaaa99995999a8884879aaa377876387844667a566552
84554 1 9 6 5 4 1 0 0 0  aaaa99995999a8884879aaa377876387844657a666552
84576 1 9 6 6 2 0 0 0 0  aaaa99995999a8884879aaa377877387862666a455546
84608 1 9 6 7 1 1 0 0 0  aaaa99995999a8884879aaa377875386866765a644725
84610 1 9 6 7 1 2 0 0 0  aaaa99995999a8885879aaa577874586866763a644723
84612 1 9 6 7 2 0 0 0 0  aaaa99995999a8884879aaa377876386866756a545724
84614 1 9 6 7 2 1 0 0 0  aaaa99995999a8884879aaa377876386866746a555742
84618 1 9 6 7 3 0 0 0 0  aaaa99995999a8884879aaa377876386866745a655742
84620 1 9 6 7 3 1 0 0 0  aaaa99995999a8884879aaa377876386866745a652745
84626 1 9 6 7 4 1 0 0 0  aaaa99995999a8884879aaa377875386844765a666725
84628 1 9 6 7 4 2 0 0 0  aaaa99995999a8885879aaa577874586844763a666723
84632 1 9 6 7 5 1 0 0 0  aaaa99995999a8884879aaa377876385862746a565746
84636 1 9 6 8 0 0 0 0 0  aaaa99995999a8884879aaa377877386862756a644565
84638 1 9 6 8 0 1 0 0 0  aaaa99995999a8885879aaa377877386862746a655464
84644 1 9 6 8 1 1 0 0 0  aaaa99995999a8884879aaa377877386866765a652445
84646 1 9 6 8 1 2 0 0 0  aaaa99995999a8885879aaa577877586866764a644332
84648 1 9 6 8 2 0 0 0 0  aaaa99995999a8884879aaa377877386866756a545624
84650 1 9 6 8 2 1 0 0 0  aaaa99995999a8884879aaa377877386866746a555642
84656 1 9 6 8 3 1 0 0 0  aaaa99995999a8884879aaa377877386866756a644552
84662 1 9 6 8 4 1 0 0 0  aaaa99995999a8884879aaa377877386852765a666445
84664 1 9 6 8 4 2 0 0 0  aaaa99995999a8885879aaa577877586844764a666332
84668 1 9 6 8 5 1 0 0 0  aaaa99995999a8884879aaa377877385862746a565646
84672 1 9 6 9 0 0 0 0 0  aaaa99995999a8884879aaa377877786863665a455246
84728 1 9 6 10 3 1 0 0 0  aaaa99995999a8884869aaa366867385872647a575747
84838 1 9 7 2 3 2 0 0 0  aaaa99995999a8888889aaa577873567665647a447362
84856 1 9 7 3 0 2 0 0 0  aaaa99995999a8888889aaa577877567635644a467362
84870 1 9 7 3 3 0 0 0 0  aaaa99995999a8888889aaa377877367662654a447565
84872 1 9 7 3 3 1 0 0 0  aaaa99995999a8888889aaa377877367662645a447565
84874 1 9 7 3 3 2 0 0 0  aaaa99995999a8888889aaa577877567665644a437362
84882 1 9 7 3 5 0 0 0 0  aaaa99995999a8888889aaa477877257645563a637664
84910 1 9 7 4 3 2 0 0 0  aaaa99995999a8888889aaa577873567665644a477362
85006 1 9 7 7 1 2 0 0 0  aaaa99995999a8888889aaa577873567665647a446372
85171 1 9 8 0 5 0 1 0 0  aaaa99995999a8884879aaa777836452865586a767634
85173 1 9 8 0 5 1 1 0 0  aaaa99995999a8884879aaa777836455865286a767634
85175 1 9 8 0 5 2 1 0 0  aaaa99995999a8885879aaa777836544864286a767635
85192 1 9 8 1 2 2 0 0 0  aaaa99997999a8884879aaa777875366863285a656445
85228 1 9 8 2 2 2 0 0 0  aaaa99994999a8883879aaa777875366862785a656445
85234 1 9 8 2 3 2 0 0 0  aaaa99994999a8883879aaa777875366856786a652445
85240 1 9 8 2 4 2 0 0 0  aaaa99994999a8883879aaa777875366866785a652445
85242 1 9 8 2 5 0 0 0 0  aaaa99995999a8884879aaa777876355863786a465642
85244 1 9 8 2 5 1 0 0 0  aaaa99995999a8884879aaa777876355865786a464632
85262 1 9 8 3 2 1 0 0 0  aaaa99995999a8884879aaa777877366863285a656445
85264 1 9 8 3 2 2 0 0 0  aaaa99995999a8885879aaa777877566865484a636423
85328 1 9 8 5 1 1 0 0 0  aaaa99995999a8884879aaa377875367866687a652445
85330 1 9 8 5 1 2 0 0 0  aaaa99995999a8885879aaa577874567866687a644332
85332 1 9 8 5 2 0 0 0 0  aaaa99995999a8884879aaa377876367866587a562454
85334 1 9 8 5 2 1 0 0 0  aaaa99995999a8884879aaa377876367866587a565442
85346 1 9 8 5 4 1 0 0 0  aaaa99995999a8884879aaa377875367852687a666445
85348 1 9 8 5 4 2 0 0 0  aaaa99995999a8885879aaa577874567844687a666332
85352 1 9 8 5 5 1 0 0 0  aaaa99995999a8884879aaa377876347864587a565626
85356 1 9 8 6 0 0 0 0 0  aaaa99995999a8884879aaa377877367862684a556654
85358 1 9 8 6 0 1 0 0 0  aaaa99995999a8884879aaa377877367862685a456645
85364 1 9 8 6 1 1 0 0 0  aaaa99995999a8884879aaa377877367866685a652445
85366 1 9 8 6 1 2 0 0 0  aaaa99995999a8885879aaa577877567866684a644332
85368 1 9 8 6 2 0 0 0 0  aaaa99995999a8884879aaa377877367866585a465642
85370 1 9 8 6 2 1 0 0 0  aaaa99995999a8884879aaa377877367866584a565624
85374 1 9 8 6 3 0 0 0 0  aaaa99995999a8884879aaa377877367866685a455642
85376 1 9 8 6 3 1 0 0 0  aaaa99995999a8884879aaa377877367866684a555624
85382 1 9 8 6 4 1 0 0 0  aaaa99995999a8884879aaa377877367852685a666445
85384 1 9 8 6 4 2 0 0 0  aaaa99995999a8885879aaa577877567844684a666332
85388 1 9 8 6 5 1 0 0 0  aaaa99995999a8884879aaa377877347864586a565626
85398 1 9 8 7 1 0 0 0 0  aaaa99995999a8884879aaa377876366856786a455742
85400 1 9 8 7 1 1 0 0 0  aaaa99995999a8884879aaa377876366846786a555724
85406 1 9 8 7 2 1 0 0 0  aaaa99995999a8884879aaa377874466863785a656725
85408 1 9 8 7 2 2 0 0 0  aaaa99995999a8885879aaa577874566864783a636724
85412 1 9 8 7 3 1 0 0 0  aaaa99995999a8884879aaa377875366856786a644725
85414 1 9 8 7 3 2 0 0 0  aaaa99995999a8885879aaa577874566836786a644723
85418 1 9 8 7 4 1 0 0 0  aaaa99995999a8884879aaa377875366866785a644725
85420 1 9 8 7 4 2 0 0 0  aaaa99995999a8885879aaa577874566866783a644723
85422 1 9 8 7 5 0 0 0 0  aaaa99995999a8884879aaa377876355862786a465746
85424 1 9 8 7 5 1 0 0 0  aaaa99995999a8884879aaa377876355865786a464726
85430 1 9 8 8 0 1 0 0 0  aaaa99995999a8885879aaa377877366855786a644426
85434 1 9 8 8 1 0 0 0 0  aaaa99995999a8884879aaa377877366856786a455642
85436 1 9 8 8 1 1 0 0 0  aaaa99995999a8884879aaa377877366846786a555624
85442 1 9 8 8 2 1 0 0 0  aaaa99995999a8884879aaa377877366862785a656445
85444 1 9 8 8 2 2 0 0 0  aaaa99995999a8885879aaa577877566862784a636443
85448 1 9 8 8 3 1 0 0 0  aaaa99995999a8884879aaa377877366856786a652445
85450 1 9 8 8 3 2 0 0 0  aaaa99995999a8885879aaa577877566846786a644332
85454 1 9 8 8 4 1 0 0 0  aaaa99995999a8884879aaa377877366866785a652445
85456 1 9 8 8 4 2 0 0 0  aaaa99995999a8885879aaa577877566866784a644332
85458 1 9 8 8 5 0 0 0 0  aaaa99995999a8884879aaa377877355862786a465646
85460 1 9 8 8 5 1 0 0 0  aaaa99995999a8884879aaa377877355865786a464626
85478 1 9 8 9 2 1 0 0 0  aaaa99995999a8884879aaa377877766863285a656445
85480 1 9 8 9 2 2 0 0 0  aaaa99995999a8885879aaa577877766865484a636423
85662 1 9 9 3 3 0 0 0 0  aaaa99995999a8884879aaa777877366863568a546254
85694 1 9 9 4 2 1 0 0 0  aaaa99995999a8884869aaa377874467863668a577552
85700 1 9 9 4 3 1 0 0 0  aaaa99994999a8883869aaa677874467863658a577525
85706 1 9 9 4 4 1 0 0 0  aaaa99994999a8883869aaa377874467866658a577525
85718 1 9 9 5 0 1 0 0 0  aaaa99996999a8884879aaa377876656873758a562454
85724 1 9 9 5 1 1 0 0 0  aaaa99995999a8884879aaa377874466876768a555632
85730 1 9 9 5 2 1 0 0 0  aaaa99995999a8884879aaa377874466876758a663552
85736 1 9 9 5 3 1 0 0 0  aaaa99995999a8884879aaa377874466876768a563552
85742 1 9 9 5 4 1 0 0 0  aaaa99995999a8884879aaa377874466873758a666552
85752 1 9 9 6 0 0 0 0 0  aaaa99995999a8884879aaa377877367862648a556645
85754 1 9 9 6 0 1 0 0 0  aaaa99995999a8884879aaa377877367862658a546654
85760 1 9 9 6 1 1 0 0 0  aaaa99995999a8884879aaa377877367866658a644552
85770 1 9 9 6 3 0 0 0 0  aaaa99995999a8884879aaa377877367866658a545624
85772 1 9 9 6 3 1 0 0 0  aaaa99995999a8884879aaa377877367866648a555642
85778 1 9 9 6 4 1 0 0 0  aaaa99995999a8884879aaa377877367844658a666552
85796 1 9 9 7 1 1 0 0 0  aaaa99995999a8884879aaa377874466863768a555762
85808 1 9 9 7 3 1 0 0 0  aaaa99995999a8884879aaa377875366862768a456745
85814 1 9 9 7 4 1 0 0 0  aaaa99995999a8884879aaa377874466866768a555732
85826 1 9 9 8 0 1 0 0 0  aaaa99995999a8884879aaa377877366852768a464565
85836 1 9 9 8 2 0 0 0 0  aaaa99996999a8886879aaa477877366856758a553442
85838 1 9 9 8 2 1 0 0 0  aaaa99995999a8884879aaa377877366862758a646554
85878 1 9 9 9 3 0 0 0 0  aaaa99995999a8884879aaa377877766863568a546254
85914 1 9 9 10 3 0 0 0 0  aaaa99995999a8884879aaa376866377877658a545264
85961 1 9 10 0 4 2 1 0 0  aaaa99994999a8888879aaa777835466866265a757534
85965 1 9 10 0 5 1 1 0 0  aaaa99994999a8888879aaa777836455865256a767634
85966 1 9 10 0 5 2 0 0 0  aaaa99995999a8888879aaa777846543865346a767652
85967 1 9 10 0 5 2 1 0 0  aaaa99995999a8888879aaa777836542865446a767635
86148 1 9 10 6 0 0 0 0 0  aaaa99995999a8888879aaa377877367862655a446654
86368 1 9 11 1 0 2 0 0 0  aaaa99998999a7773829aaa888885767657645a446635
86530 1 9 11 5 3 2 0 0 0  aaaa99998999a7774869aaa888885367653726a644575
86741 1 9 12 0 2 2 1 0 0  aaaa99994999a8888879aaa782875776664765a353564
86747 1 9 12 0 3 2 1 0 0  aaaa99994999a8888879aaa782875776664765a356534
86753 1 9 12 0 4 2 1 0 0  aaaa99994999a8888879aaa782875776666765a354534
86759 1 9 12 0 5 2 1 0 0  aaaa99994999a8888879aaa782875773654765a653664
86798 1 9 12 2 0 1 0 0 0  aaaa99994999a8888879aaa387877376652656a744565
86800 1 9 12 2 0 2 0 0 0  aaaa99995999a8888879aaa587877576645636a744362
86816 1 9 12 2 3 1 0 0 0  aaaa99995999a8888879aaa487877376663625a744565
86818 1 9 12 2 3 2 0 0 0  aaaa99995999a8888879aaa587877576665644a742363
86826 1 9 12 2 5 0 0 0 0  aaaa99995999a8888879aaa487877375465526a763646
86868 1 9 12 4 0 0 0 0 0  aaaa99995999a8888879aaa487877377663665a455246
86920 1 9 12 5 2 2 0 0 0  aaaa99995999a8888869aaa587877576635744a466372
86990 1 9 12 7 2 1 0 0 0  aaaa99995999a8888869aaa387877376644654a762557
87000 1 9 12 7 4 0 0 0 0  aaaa99994999a8888869aaa687877376663545a725547
87006 1 9 12 7 5 0 0 0 0  aaaa99994999a8888869aaa387877376666545a725547
87208 1 9 13 2 2 2 0 0 0  aaaa99994999a8888879aaa777875368663725a644565
87299 1 9 13 4 5 2 1 0 0  aaaa99995999a8888849aaa577872548674363a675667
87326 1 9 13 5 4 1 0 0 0  aaaa99994999a8888879aaa377875358676765a644625
87328 1 9 13 5 4 2 0 0 0  aaaa99995999a8888879aaa577874548676764a635623
87378 1 9 13 7 1 0 0 0 0  aaaa99995999a8888879aaa477876368646756a525734
87386 1 9 13 7 2 1 0 0 0  aaaa99994999a8888879aaa377875368662755a644765
87388 1 9 13 7 2 2 0 0 0  aaaa99995999a8888879aaa577874568665744a633762
87422 1 9 13 8 2 1 0 0 0  aaaa99995999a8888879aaa477877368663725a644565
87424 1 9 13 8 2 2 0 0 0  aaaa99995999a8888879aaa577877568665744a642363
87536 1 9 14 0 3 1 0 0 0  aaaa99994999a8888779aaa367866368752857a744565
87538 1 9 14 0 3 2 0 0 0  aaaa99995999a8888779aaa567866568745837a744362
87546 1 9 14 0 5 0 0 0 0  aaaa99995999a8888779aaa457846558763827a763646
87589 1 9 14 2 0 0 1 0 0  aaaa99995999a8888779aaa767865528764867a364534
87840 1 9 14 9 0 0 0 0 0  aaaa99995999a8888729aaa777877468655836a644536
87914 1 9 15 0 0 1 0 0 0  aaaa99995999a8884779aaa367865368752786a644785
87916 1 9 15 0 0 2 0 0 0  aaaa99995999a8885779aaa567864568744786a633782
87932 1 9 15 0 3 1 0 0 0  aaaa99995999a8884779aaa367866368752785a644785
87934 1 9 15 0 3 2 0 0 0  aaaa99995999a8885779aaa567866568744784a633782
87942 1 9 15 0 5 0 0 0 0  aaaa99995999a8883779aaa357846558762786a464786
87952 1 9 15 1 0 2 0 0 0  aaaa99996999a8884779aaa767865238356785a744685
87958 1 9 15 1 1 2 0 0 0  aaaa99996999a8883779aaa767866348456785a752485
87964 1 9 15 1 2 2 0 0 0  aaaa99994999a8883779aaa767866368256785a744585
87988 1 9 15 2 0 2 0 0 0  aaaa99994999a8883779aaa767865368752786a644585
87995 1 9 15 2 1 2 1 0 0  aaaa99996999a8884779aaa767866428756785a353584
88006 1 9 15 2 3 2 0 0 0  aaaa99994999a8883779aaa767866368752785a644585
88014 1 9 15 2 5 0 0 0 0  aaaa99995999a8883779aaa757846558763786a464682
88019 1 9 15 2 5 2 1 0 0  aaaa99995999a8885779aaa747836548764786a365682
88199 1 9 15 7 5 2 1 0 0  aaaa99997999a8885779aaa737836528765486a464685
88310 1 9 16 0 0 1 0 0 0  aaaa99995999a8885779aaa367865568744786a643728
88314 1 9 16 0 1 0 0 0 0  aaaa99996999a8885779aaa467866238756783a455748
88316 1 9 16 0 1 1 0 0 0  aaaa99996999a8884779aaa367866328756785a455748
88320 1 9 16 0 2 0 0 0 0  aaaa99995999a8884779aaa367866368756782a455748
88322 1 9 16 0 2 1 0 0 0  aaaa99994999a8883779aaa367866268756785a455748
88328 1 9 16 0 3 1 0 0 0  aaaa99995999a8885779aaa367866368755784a644728
88334 1 9 16 0 4 1 0 0 0  aaaa99994999a8883779aaa367866668744785a555728
88384 1 9 16 2 0 2 0 0 0  aaaa99995999a8885779aaa767864568725786a644338
88392 1 9 16 2 2 0 0 0 0  aaaa99995999a8883779aaa767866368756784a455428
88402 1 9 16 2 3 2 0 0 0  aaaa99995999a8885779aaa767866568745782a644338
88410 1 9 16 2 5 0 0 0 0  aaaa99994999a8883779aaa757856358762786a464658
88457 1 9 16 4 0 2 1 0 0  aaaa99995999a8885779aaa767862548464787a365368
88470 1 9 16 4 3 0 0 0 0  aaaa99995999a8883779aaa767866368545787a644528
88490 1 9 16 5 0 1 0 0 0  aaaa99994999a8883779aaa767876368474685a555628
88604 1 9 16 8 1 1 0 0 0  aaaa99994999a8883769aaa777874468673685a562558
88616 1 9 16 8 3 1 0 0 0  aaaa99994999a8883769aaa777874468673685a555628
88640 1 9 16 9 1 1 0 0 0  aaaa99994999a8883769aaa777877368644685a562558
88652 1 9 16 9 3 1 0 0 0  aaaa99994999a8883769aaa777877368644685a555628
88656 1 9 16 9 4 0 0 0 0  aaaa99995999a8884769aaa777877368663685a455248
88706 1 9 17 0 0 1 0 0 0  aaaa99995999a8888779aaa467865368753786a644725
88708 1 9 17 0 0 2 0 0 0  aaaa99995999a8888779aaa567864568735786a644723
88724 1 9 17 0 3 1 0 0 0  aaaa99995999a8888779aaa467866368753785a644725
88726 1 9 17 0 3 2 0 0 0  aaaa99995999a8888779aaa567866568745783a644723
88734 1 9 17 0 5 0 0 0 0  aaaa99994999a8888779aaa357856358762786a464756
88780 1 9 17 2 0 2 0 0 0  aaaa99994999a8888779aaa767865368753786a652445
88787 1 9 17 2 1 2 1 0 0  aaaa99996999a8888779aaa767866428756785a354534
88798 1 9 17 2 3 2 0 0 0  aaaa99994999a8888779aaa767866368753785a652445
88806 1 9 17 2 5 0 0 0 0  aaaa99994999a8888779aaa757856358763786a464652
88991 1 9 17 7 5 2 1 0 0  aaaa99997999a8888779aaa737846538765286a465645
89244 1 9 18 4 0 0 0 0 0  aaaa99995999a7774889aaa878888377663665a455246
89504 1 9 19 0 1 1 0 0 0  aaaa99995999a8888779aaa467866367844678a573552
89820 1 9 19 9 0 0 0 0 0  aaaa99995999a8888749aaa777877366843268a565564
90078 1 9 20 5 1 0 0 0 0  aaaa99995999a7774869aaa888886367683756a545274
90092 1 9 20 5 3 1 0 0 0  aaaa99994999a7773869aaa888885367682756a644575
90094 1 9 20 5 3 2 0 0 0  aaaa99995999a7775869aaa888884567685736a644372
90152 1 9 20 7 1 1 0 0 0  aaaa99995999a7774869aaa888887367683674a562554
90162 1 9 20 7 3 0 0 0 0  aaaa99995999a7774869aaa888887367683675a455642
90164 1 9 20 7 3 1 0 0 0  aaaa99995999a7774869aaa888887367683674a555624
90328 1 9 21 1 0 2 0 0 0  aaaa99997999a7775849aaa888888567647624a336655
90432 1 9 21 4 0 0 0 0 0  aaaa99995999a7774879aaa888888377663665a455246
90468 1 9 21 5 0 0 0 0 0  aaaa99995999a7774849aaa888888267654736a655376
90470 1 9 21 5 0 1 0 0 0  aaaa99994999a7773859aaa888888367655726a644576
90473 1 9 21 5 0 2 1 0 0  aaaa99995999a7775849aaa888888567644736a625376
90488 1 9 21 5 3 1 0 0 0  aaaa99994999a7773869aaa888888367652756a644575
90490 1 9 21 5 3 2 0 0 0  aaaa99995999a7775869aaa888888567645736a644372
90504 1 9 21 6 0 0 0 0 0  aaaa99995999a7777829aaa888888467655736a644536
90548 1 9 21 7 1 1 0 0 0  aaaa99994999a7773869aaa888888367644675a562557
90560 1 9 21 7 3 1 0 0 0  aaaa99994999a7773869aaa888888367644675a555627
90564 1 9 21 7 4 0 0 0 0  aaaa99995999a7774869aaa888888367663675a455247
90828 1 9 22 4 0 0 0 0 0  aaaa99995999a7774879aaa388888877663665a455246
91093 1 10 0 0 2 0 1 0 0  aaaa99988278a9785899aaa976966887655477a644533
91097 1 10 0 0 2 2 1 0 0  aaaa99988278a9784899aaa976966887654377a653545
91144 1 10 0 1 4 2 0 0 0  aaaa99988778a9784899aaa972966887653765a653445
91150 1 10 0 1 5 2 0 0 0  aaaa99988778a9784899aaa972965887653765a644635
91344 1 10 0 7 2 0 0 0 0  aaaa99988278a9787899aaa976966885654573a637445
91361 1 10 0 7 4 2 1 0 0  aaaa99988278a9787899aaa973954886666673a547554
91365 1 10 0 7 5 1 1 0 0  aaaa99988278a9787899aaa973964885655573a647664
91366 1 10 0 7 5 2 0 0 0  aaaa99988278a9787899aaa973965884654375a657664
91367 1 10 0 7 5 2 1 0 0  aaaa99988278a9787899aaa974965883653474a657665
91440 1 10 0 10 0 0 0 0 0  aaaa99988268a9786899aaa965975884764573a736745
91441 1 10 0 10 0 0 1 0 0  aaaa99988268a9786899aaa963974885765573a746754
91442 1 10 0 10 0 1 0 0 0  aaaa99988268a9786899aaa965973884764575a736745
91444 1 10 0 10 0 2 0 0 0  aaaa99988268a9786899aaa963975884764375a756745
91445 1 10 0 10 0 2 1 0 0  aaaa99988268a9786899aaa963975886754375a754764
91470 1 10 0 10 5 0 0 0 0  aaaa99988258a9785899aaa953976884764376a765746
91471 1 10 0 10 5 0 1 0 0  aaaa99988258a9785899aaa945976884764376a763756
91648 1 10 1 4 4 2 0 0 0  aaaa99954878a9877899aaa978966377653865a682445
91654 1 10 1 4 5 2 0 0 0  aaaa99954878a9877899aaa978965377644865a683625
91700 1 10 1 6 1 1 0 0 0  aaaa99965878a9854899aaa978977377663865a682445
91702 1 10 1 6 1 2 0 0 0  aaaa99965878a9845899aaa978977577665863a682443
91708 1 10 1 6 2 2 0 0 0  aaaa99954878a9853899aaa978977377666865a682445
91720 1 10 1 6 4 2 0 0 0  aaaa99954878a9844899aaa978977377656865a683625
91726 1 10 1 6 5 2 0 0 0  aaaa99954878a9853899aaa978977377644865a682665
92044 1 10 2 4 4 2 0 0 0  aaaa99954878a9877899aaa978966377653868a652445
92050 1 10 2 4 5 2 0 0 0  aaaa99954878a9877899aaa978965377653868a644625
92096 1 10 2 6 1 1 0 0 0  aaaa99965878a9854899aaa978977377663868a652445
92098 1 10 2 6 1 2 0 0 0  aaaa99965878a9845899aaa978977577665868a644332
92104 1 10 2 6 2 2 0 0 0  aaaa99954878a9853899aaa978977377666868a652445
92116 1 10 2 6 4 2 0 0 0  aaaa99954878a9853899aaa978977377656868a644625
92122 1 10 2 6 5 2 0 0 0  aaaa99954878a9853899aaa978977377652868a644665
92270 1 10 3 0 0 1 0 0 0  aaaa99985878a9874899aaa976968387644677a563552
92332 1 10 3 1 4 2 0 0 0  aaaa99984878a9877899aaa972968687653765a653445
92394 1 10 3 3 3 0 0 0 0  aaaa99985878a9874899aaa977978386663654a575264
92406 1 10 3 3 5 0 0 0 0  aaaa99985878a9874899aaa977978385645562a673664
92478 1 10 3 5 5 0 0 0 0  aaaa99985878a9877899aaa977968485645562a673634
92556 1 10 3 8 0 0 0 0 0  aaaa99985878a9874899aaa977978387663665a455246
92717 1 10 4 1 2 2 1 0 0  aaaa99954878a9877899aaa972968887666765a354534
92734 1 10 4 1 5 2 0 0 0  aaaa99954878a9877899aaa972968887653765a644635
93196 1 10 5 3 4 2 0 0 0  aaaa99954888a9663799aaa978987778653768a652445
93202 1 10 5 3 5 2 0 0 0  aaaa99954888a9653799aaa978987778653768a644625
93235 1 10 5 4 5 0 1 0 0  aaaa99965888a9777299aaa978986478764558a365634
93237 1 10 5 4 5 1 1 0 0  aaaa99965888a9777299aaa978986478764538a565634
93238 1 10 5 4 5 2 0 0 0  aaaa99965888a9777299aaa978986578765348a365644
93239 1 10 5 4 5 2 1 0 0  aaaa99965888a9777299aaa978986578765438a464635
93241 1 10 5 5 0 0 1 0 0  aaaa99975888a9777299aaa968986468755678a354634
93275 1 10 5 5 5 2 1 0 0  aaaa99975888a9777399aaa938986528765478a464656
93430 1 10 5 10 1 2 0 0 0  aaaa99954888a9753699aaa968986368752678a744775
93451 1 10 5 10 5 0 1 0 0  aaaa99965888a9764299aaa958986558764378a763774
93455 1 10 5 10 5 2 1 0 0  aaaa99965888a9765299aaa948986548764378a763775
93520 1 10 6 1 4 2 0 0 0  aaaa99954878a9877899aaa972968687653865a744635
93556 1 10 6 2 4 2 0 0 0  aaaa99974878a9877899aaa972968687653865a653445
93566 1 10 6 3 0 1 0 0 0  aaaa99974878a9873899aaa977978386644865a562556
93628 1 10 6 4 4 2 0 0 0  aaaa99954878a9877899aaa972968687753865a644635
93725 1 10 6 7 2 2 1 0 0  aaaa99974878a9877899aaa976968682654835a657534
93743 1 10 6 7 5 2 1 0 0  aaaa99974878a9877899aaa972968483653865a657645
93752 1 10 6 8 1 1 0 0 0  aaaa99965878a9874899aaa977978387663865a652445
93754 1 10 6 8 1 2 0 0 0  aaaa99965878a9875899aaa977978587665864a644332
93760 1 10 6 8 2 2 0 0 0  aaaa99954878a9873899aaa977978387666865a652445
93772 1 10 6 8 4 2 0 0 0  aaaa99954878a9873899aaa977978387656865a644625
93778 1 10 6 8 5 2 0 0 0  aaaa99954878a9873899aaa977978387652865a644665
93847 1 10 6 10 5 0 1 0 0  aaaa99965858a9865899aaa952978483764876a763774
94042 1 10 7 5 1 2 0 0 0  aaaa99964878a9887899aaa978975377663865a652445
94076 1 10 7 6 1 1 0 0 0  aaaa99965878a9884899aaa978977377663865a652445
94078 1 10 7 6 1 2 0 0 0  aaaa99965878a9885899aaa978977577665864a644332
94084 1 10 7 6 2 2 0 0 0  aaaa99954878a9883899aaa978977377666865a652445
94096 1 10 7 6 4 2 0 0 0  aaaa99954878a9883899aaa978977377656865a644625
94102 1 10 7 6 5 2 0 0 0  aaaa99954878a9883899aaa978977377652865a644665
94228 1 10 7 10 2 2 0 0 0  aaaa99954868a9883899aaa978966377777865a652445
94356 1 10 8 3 0 0 0 0 0  aaaa99975878a9874899aaa977978388663665a455246
94708 1 10 9 1 4 2 0 0 0  aaaa99954878a9877899aaa972968687653765a844635
94754 1 10 9 3 0 1 0 0 0  aaaa99974878a9873899aaa977978386652656a844565
94756 1 10 9 3 0 2 0 0 0  aaaa99975878a9875899aaa977978586645636a844362
94772 1 10 9 3 3 1 0 0 0  aaaa99975878a9874899aaa977978386663625a844565
94774 1 10 9 3 3 2 0 0 0  aaaa99975878a9875899aaa977978586665644a842363
94782 1 10 9 3 5 0 0 0 0  aaaa99975878a9874899aaa977978385465526a863646
94818 1 10 9 4 5 0 0 0 0  aaaa99965878a9877899aaa975948587764526a863643
94882 1 10 9 6 3 2 0 0 0  aaaa99954878a9877899aaa977978386663625a844565
94890 1 10 9 6 5 0 0 0 0  aaaa99965878a9877899aaa977978485465526a863643
94919 1 10 9 7 3 2 1 0 0  aaaa99974878a9877899aaa976968682654635a857534
94942 1 10 9 8 1 2 0 0 0  aaaa99954878a9873899aaa977978387666665a852445
94960 1 10 9 8 4 2 0 0 0  aaaa99954878a9873899aaa977978387652665a844665
94964 1 10 9 8 5 1 0 0 0  aaaa99965878a9874899aaa977978387563456a864652
94990 1 10 9 9 3 2 0 0 0  aaaa99954878a9873899aaa977978786663625a844565
94998 1 10 9 9 5 0 0 0 0  aaaa99965878a9874899aaa977978785465526a863643
95018 1 10 9 10 2 1 0 0 0  aaaa99975868a9874899aaa966958386673457a874752
95028 1 10 9 10 4 0 0 0 0  aaaa99975868a9876899aaa966968485475527a873743
95034 1 10 9 10 5 0 0 0 0  aaaa99975868a9874899aaa966968685475527a873743
95401 1 10 10 10 0 0 1 0 0  aaaa99966838a9886899aaa963976885745574a742775
95530 1 10 11 2 3 2 0 0 0  aaaa99954878a9888899aaa978975376663627a744565
95538 1 10 11 2 5 0 0 0 0  aaaa99965878a9888899aaa978976475465527a763643
95691 1 10 11 7 0 1 1 0 0  aaaa99974838a9888899aaa978977376655626a754564
95693 1 10 11 7 0 2 1 0 0  aaaa99974838a9888899aaa978977376654626a754565
95709 1 10 11 7 3 1 1 0 0  aaaa99974838a9888899aaa978977376664655a754265
95711 1 10 11 7 3 2 1 0 0  aaaa99974838a9888899aaa978977376664625a754565
95719 1 10 11 7 5 0 1 0 0  aaaa99974838a9888899aaa978977375564526a764656
95746 1 10 11 8 3 2 0 0 0  aaaa99954878a9888899aaa978977376663625a744565
95754 1 10 11 8 5 0 0 0 0  aaaa99965878a9888899aaa978977475465526a763643
95831 1 10 11 10 5 2 1 0 0  aaaa99954828a9888899aaa978965477777365a653664
96221 1 10 12 10 4 2 1 0 0  aaaa99954828a9884899aaa978965877777635a666534
96227 1 10 12 10 5 2 1 0 0  aaaa99954828a9884899aaa978965877777365a653664
96316 1 10 13 2 2 2 0 0 0  aaaa99954888a9853799aaa978978376662867a744565
96322 1 10 13 2 3 2 0 0 0  aaaa99954888a9853799aaa978978376662867a756445
96328 1 10 13 2 4 2 0 0 0  aaaa99954888a9853799aaa978978376666867a752445
96330 1 10 13 2 5 0 0 0 0  aaaa99965888a9864799aaa978978374565857a764632
96332 1 10 13 2 5 1 0 0 0  aaaa99965888a9864799aaa978978375565847a763642
96388 1 10 13 4 2 2 0 0 0  aaaa99954888a9844799aaa978978367663825a677565
96416 1 10 13 5 1 1 0 0 0  aaaa99965888a9854799aaa978978377663865a644725
96418 1 10 13 5 1 2 0 0 0  aaaa99965888a9845799aaa978978577665863a644723
96424 1 10 13 5 2 2 0 0 0  aaaa99954888a9853799aaa978978377666865a644725
96436 1 10 13 5 4 2 0 0 0  aaaa99954888a9853799aaa978978377662865a644765
96440 1 10 13 5 5 1 0 0 0  aaaa99965888a9864799aaa978978377563856a464752
96442 1 10 13 5 5 2 0 0 0  aaaa99965888a9865799aaa978978577465836a464732
96454 1 10 13 6 1 2 0 0 0  aaaa99964888a9853799aaa978978777663865a652445
96481 1 10 13 7 0 0 1 0 0  aaaa99947888a9866299aaa978978775665834a756354
96484 1 10 13 7 0 2 0 0 0  aaaa99957888a9866299aaa978978774664835a756534
96485 1 10 13 7 0 2 1 0 0  aaaa99957888a9866299aaa978978773663845a756445
96515 1 10 13 7 5 2 1 0 0  aaaa99967888a9864299aaa978978773564856a763554
96568 1 10 13 9 2 2 0 0 0  aaaa99954888a9853799aaa978968377772865a666445
96580 1 10 13 9 4 2 0 0 0  aaaa99954888a9853799aaa978968677773865a644625
96586 1 10 13 9 5 2 0 0 0  aaaa99954888a9853799aaa978968377772865a644665
96616 1 10 13 10 4 2 0 0 0  aaaa99954888a9853699aaa978968377777865a644625
96624 1 10 14 0 0 0 0 0 0  aaaa99977888a9866499aaa978948825576766a457353
96625 1 10 14 0 0 0 1 0 0  aaaa99977888a9866299aaa978958855476766a537443
96629 1 10 14 0 0 2 1 0 0  aaaa99977888a9866299aaa978958833576766a547454
96630 1 10 14 0 1 0 0 0 0  aaaa99977888a9863499aaa978948866673756a557425
96655 1 10 14 0 5 0 1 0 0  aaaa99977888a9855299aaa978968844674765a637653
96658 1 10 14 0 5 2 0 0 0  aaaa99977888a9835299aaa978968844675764a637655
96718 1 10 14 2 3 2 0 0 0  aaaa99954888a9853799aaa978978876663627a744565
96726 1 10 14 2 5 0 0 0 0  aaaa99965888a9864799aaa978978875465527a763643
96733 1 10 14 3 0 0 1 0 0  aaaa99966888a9846299aaa978978877575656a345374
96735 1 10 14 3 0 1 1 0 0  aaaa99966888a9846299aaa978978877373656a555474
96750 1 10 14 3 3 0 0 0 0  aaaa99955888a9854299aaa978978877675666a346374
96751 1 10 14 3 3 0 1 0 0  aaaa99955888a9843299aaa978978877673666a556474
96754 1 10 14 3 3 2 0 0 0  aaaa99945888a9835299aaa978978877675666a446375
96755 1 10 14 3 3 2 1 0 0  aaaa99954888a9854299aaa978978877674666a356375
96756 1 10 14 3 4 0 0 0 0  aaaa99955888a9854299aaa978978877675634a666374
96757 1 10 14 3 4 0 1 0 0  aaaa99955888a9843299aaa978978877673655a666474
96760 1 10 14 3 4 2 0 0 0  aaaa99945888a9835299aaa978978877675644a666375
96761 1 10 14 3 4 2 1 0 0  aaaa99954888a9854299aaa978978877674635a666375
96762 1 10 14 3 5 0 0 0 0  aaaa99965888a9863299aaa978978877575446a564673
96764 1 10 14 3 5 1 0 0 0  aaaa99965888a9863299aaa978978877474546a565673
96765 1 10 14 3 5 1 1 0 0  aaaa99965888a9864299aaa978978877374536a565674
96766 1 10 14 3 5 2 0 0 0  aaaa99965888a9865299aaa978978877375446a364675
96767 1 10 14 3 5 2 1 0 0  aaaa99965888a9865299aaa978978877375436a464675
96928 1 10 14 8 2 2 0 0 0  aaaa99954888a9853799aaa978968877744627a663565
96996 1 10 14 10 2 0 0 0 0  aaaa99955888a9854299aaa978968877777666a345364
96997 1 10 14 10 2 0 1 0 0  aaaa99955888a9845299aaa978968877777666a353464
97001 1 10 14 10 2 2 1 0 0  aaaa99954888a9854299aaa978968877777666a353564
97002 1 10 14 10 3 0 0 0 0  aaaa99955888a9854299aaa978968877777666a346354
97003 1 10 14 10 3 0 1 0 0  aaaa99955888a9835299aaa978968877777666a456443
97007 1 10 14 10 3 2 1 0 0  aaaa99954888a9854299aaa978968877777666a356534
97008 1 10 14 10 4 0 0 0 0  aaaa99955888a9854299aaa978968877777634a666354
97009 1 10 14 10 4 0 1 0 0  aaaa99955888a9835299aaa978968877777645a666443
97013 1 10 14 10 4 2 1 0 0  aaaa99954888a9854299aaa978968877777635a666534
97014 1 10 14 10 5 0 0 0 0  aaaa99955888a9854299aaa978968877777364a635664
97015 1 10 14 10 5 0 1 0 0  aaaa99955888a9835299aaa978968877777465a644663
97019 1 10 14 10 5 2 1 0 0  aaaa99954888a9854299aaa978968877777365a653664
97156 1 10 15 3 4 2 0 0 0  aaaa99954888a9663799aaa978987778683765a652445
97162 1 10 15 3 5 2 0 0 0  aaaa99954888a9653799aaa978987778683765a644625
97195 1 10 15 4 5 0 1 0 0  aaaa99965888a9777299aaa978986478784556a365634
97197 1 10 15 4 5 1 1 0 0  aaaa99965888a9777299aaa978986478784536a565634
97198 1 10 15 4 5 2 0 0 0  aaaa99965888a9777299aaa978986578785346a365644
97199 1 10 15 4 5 2 1 0 0  aaaa99965888a9777299aaa978986578785436a464635
97235 1 10 15 5 5 2 1 0 0  aaaa99975888a9777399aaa938986528785476a464656
97354 1 10 15 9 1 2 0 0 0  aaaa99954888a9757699aaa968986368783675a744725
97375 1 10 15 9 5 0 1 0 0  aaaa99965888a9767299aaa958986558784376a763744
97379 1 10 15 9 5 2 1 0 0  aaaa99965888a9767299aaa948986548784376a763755
97390 1 10 15 10 1 2 0 0 0  aaaa99954888a9753699aaa968986368782675a744775
97411 1 10 15 10 5 0 1 0 0  aaaa99965888a9764299aaa958986558784376a763774
97415 1 10 15 10 5 2 1 0 0  aaaa99965888a9765299aaa948986548784376a763775
97555 1 10 16 3 5 0 1 0 0  aaaa99965288a9864899aaa978977778565756a364834
97667 1 10 16 6 5 2 1 0 0  aaaa99965288a9865899aaa978977748464376a763855
97694 1 10 16 7 4 1 0 0 0  aaaa99975688a9864899aaa978977378563456a764852
97699 1 10 16 7 5 0 1 0 0  aaaa99975288a9864899aaa978977478565356a763846
97731 1 10 16 8 4 1 1 0 0  aaaa99966288a9864899aaa978977778364556a755834
97732 1 10 16 8 4 2 0 0 0  aaaa99966288a9865899aaa978977778465446a735853
97733 1 10 16 8 4 2 1 0 0  aaaa99966288a9865899aaa978977778465346a735845
97735 1 10 16 8 5 0 1 0 0  aaaa99965288a9864899aaa978977778565356a763844
97739 1 10 16 8 5 2 1 0 0  aaaa99965288a9865899aaa978977778465346a763845
97771 1 10 16 9 5 0 1 0 0  aaaa99965288a9864899aaa978956578777756a364834
97777 1 10 16 10 0 0 1 0 0  aaaa99975288a9874899aaa968967468575657a373864
97780 1 10 16 10 0 2 0 0 0  aaaa99975288a9875899aaa968967568375637a474864
97783 1 10 16 10 1 0 1 0 0  aaaa99975288a9874899aaa968967668575657a374834
97793 1 10 16 10 2 2 1 0 0  aaaa99975288a9875899aaa968967648474367a673855
97795 1 10 16 10 3 0 1 0 0  aaaa99975288a9874899aaa968967668575357a673844
97799 1 10 16 10 3 2 1 0 0  aaaa99975288a9875899aaa968967668475347a673845
97801 1 10 16 10 4 0 1 0 0  aaaa99975288a9874899aaa968957568676657a374834
97807 1 10 16 10 5 0 1 0 0  aaaa99975288a9874899aaa958967558674367a673864
97811 1 10 16 10 5 2 1 0 0  aaaa99975288a9875899aaa948967548674367a673865
97829 1 10 17 0 2 2 1 0 0  aaaa99977888a9854799aaa968938778676265a654534
97847 1 10 17 0 5 2 1 0 0  aaaa99977888a9854799aaa928968778674365a653645
97856 1 10 17 1 1 1 0 0 0  aaaa99965888a9854799aaa978978378663765a672445
97858 1 10 17 1 1 2 0 0 0  aaaa99965888a9845799aaa978978578665763a672443
97864 1 10 17 1 2 2 0 0 0  aaaa99954888a9853799aaa978978378666765a672445
97876 1 10 17 1 4 2 0 0 0  aaaa99954888a9844799aaa978978378656765a673625
97882 1 10 17 1 5 2 0 0 0  aaaa99954888a9853799aaa978978378644765a672665
97894 1 10 17 2 1 2 0 0 0  aaaa99954888a9853799aaa978978378666667a752445
97912 1 10 17 2 4 2 0 0 0  aaaa99954888a9853799aaa978978378652667a744665
97916 1 10 17 2 5 1 0 0 0  aaaa99965888a9864799aaa978978378563457a764652
97930 1 10 17 3 1 2 0 0 0  aaaa99964888a9853799aaa978978778663765a652445
97964 1 10 17 4 1 1 0 0 0  aaaa99965888a9854799aaa978978378663767a652445
97966 1 10 17 4 1 2 0 0 0  aaaa99965888a9845799aaa978978578665767a644332
97972 1 10 17 4 2 2 0 0 0  aaaa99954888a9853799aaa978978378666767a652445
97984 1 10 17 4 4 2 0 0 0  aaaa99954888a9853799aaa978978378656767a644625
97990 1 10 17 4 5 2 0 0 0  aaaa99954888a9853799aaa978978378652767a644665
98008 1 10 17 5 2 2 0 0 0  aaaa99954888a9853799aaa978978378672666a744565
98014 1 10 17 5 3 2 0 0 0  aaaa99954888a9853799aaa978978378672666a756445
98020 1 10 17 5 4 2 0 0 0  aaaa99954888a9853799aaa978978378672665a744665
98024 1 10 17 5 5 1 0 0 0  aaaa99965888a9864799aaa978978378573456a764652
98076 1 10 17 7 2 0 0 0 0  aaaa99967888a9864299aaa978978778666545a735543
98083 1 10 17 7 3 0 1 0 0  aaaa99967888a9855299aaa978978778666465a744353
98087 1 10 17 7 3 2 1 0 0  aaaa99967888a9854299aaa978978778666365a753544
98095 1 10 17 7 5 0 1 0 0  aaaa99967888a9865299aaa978978778565336a764544
98097 1 10 17 7 5 1 1 0 0  aaaa99967888a9864299aaa978978778565356a763544
98099 1 10 17 7 5 2 1 0 0  aaaa99967888a9864299aaa978978778564356a763554
98203 1 10 17 10 5 0 1 0 0  aaaa99965888a9864299aaa958978558764376a763774
98207 1 10 17 10 5 2 1 0 0  aaaa99965888a9865299aaa948978548764376a763775
98302 1 10 18 2 3 2 0 0 0  aaaa99954888a9883799aaa978975876663627a744565
98310 1 10 18 2 5 0 0 0 0  aaaa99965888a9884799aaa978976875465527a763643
98462 1 10 18 7 0 1 0 0 0  aaaa99974888a9883299aaa978977876653656a744565
98463 1 10 18 7 0 1 1 0 0  aaaa99974888a9884299aaa978977876654656a753563
98464 1 10 18 7 0 2 0 0 0  aaaa99975888a9885299aaa978977876645646a735463
98465 1 10 18 7 0 2 1 0 0  aaaa99975888a9885299aaa978977876645636a745364
98466 1 10 18 7 1 0 0 0 0  aaaa99976888a9883299aaa978977876663554a756445
98468 1 10 18 7 1 1 0 0 0  aaaa99976888a9883299aaa978977876663555a746445
98480 1 10 18 7 3 1 0 0 0  aaaa99975888a9885299aaa978977876664634a755364
98481 1 10 18 7 3 1 1 0 0  aaaa99975888a9884299aaa978977876664635a754365
98482 1 10 18 7 3 2 0 0 0  aaaa99975888a9885299aaa978977876665644a745363
98483 1 10 18 7 3 2 1 0 0  aaaa99975888a9885299aaa978977876665634a745364
98490 1 10 18 7 5 0 0 0 0  aaaa99974888a9883299aaa978977875464556a763656
98491 1 10 18 7 5 0 1 0 0  aaaa99975888a9883299aaa978977875465546a763646
98518 1 10 18 8 3 2 0 0 0  aaaa99954888a9883799aaa978977876663625a744565
98526 1 10 18 8 5 0 0 0 0  aaaa99965888a9884799aaa978977875465526a763643
98597 1 10 18 10 4 2 1 0 0  aaaa99954888a9884299aaa978965877777635a666534
98603 1 10 18 10 5 2 1 0 0  aaaa99954888a9884299aaa978965877777365a653664
98836 1 10 19 6 2 2 0 0 0  aaaa99954878a9883899aaa977975387672666a844565
98842 1 10 19 6 3 2 0 0 0  aaaa99954878a9883899aaa977975387672666a856445
98848 1 10 19 6 4 2 0 0 0  aaaa99954878a9883899aaa977975387672665a844665
98852 1 10 19 6 5 1 0 0 0  aaaa99965878a9884899aaa977976387573456a864652
98861 1 10 19 7 0 2 1 0 0  aaaa99966878a9887899aaa977966487356275a854534
98950 1 10 19 9 3 2 0 0 0  aaaa99954878a9887899aaa977977386663625a844565
98958 1 10 19 9 5 0 0 0 0  aaaa99965878a9887899aaa977977485465526a863643
98986 1 10 19 10 3 2 0 0 0  aaaa99954878a9883899aaa977977786663625a844565
98994 1 10 19 10 5 0 0 0 0  aaaa99965878a9884899aaa977977785465526a863643
99281 1 10 20 7 4 2 1 0 0  aaaa99954838a9888899aaa977975387654627a666574
99285 1 10 20 7 5 1 1 0 0  aaaa99964838a9888899aaa977976387564527a565674
99286 1 10 20 7 5 2 0 0 0  aaaa99965828a9888899aaa977976587365447a364675
99287 1 10 20 7 5 2 1 0 0  aaaa99965828a9888899aaa977976587365437a464675
99490 1 10 21 2 3 2 0 0 0  aaaa99954888a9888799aaa978975376663627a744565
99498 1 10 21 2 5 0 0 0 0  aaaa99965888a9888799aaa978976475465527a763643
99651 1 10 21 7 0 1 1 0 0  aaaa99974888a9888399aaa978977376655626a754564
99653 1 10 21 7 0 2 1 0 0  aaaa99974888a9888399aaa978977376654626a754565
99669 1 10 21 7 3 1 1 0 0  aaaa99974888a9888399aaa978977376664655a754265
99671 1 10 21 7 3 2 1 0 0  aaaa99974888a9888399aaa978977376664625a754565
99679 1 10 21 7 5 0 1 0 0  aaaa99974888a9888399aaa978977375564526a764656
99706 1 10 21 8 3 2 0 0 0  aaaa99954888a9888799aaa978977376663625a744565
99714 1 10 21 8 5 0 0 0 0  aaaa99965888a9888799aaa978977475465526a763643
99791 1 10 21 10 5 2 1 0 0  aaaa99954888a9888299aaa978965477777365a653664
99886 1 10 22 2 3 2 0 0 0  aaaa99954787a9753899aaa988988876663627a744565
99894 1 10 22 2 5 0 0 0 0  aaaa99965787a9764899aaa988988875465527a763643
100000 0 10 22 5 4 2 0 0 0  aaaa99954787a9753899aaa988988877653645a666742
100047 1 10 22 7 0 1 1 0 0  aaaa99974387a9773899aaa988988876655626a754564
100049 1 10 22 7 0 2 1 0 0  aaaa99974387a9773899aaa988988876654626a754565
100065 1 10 22 7 3 1 1 0 0  aaaa99974387a9773899aaa988988876664655a754265
100067 1 10 22 7 3 2 1 0 0  aaaa99974387a9773899aaa988988876664625a754565
100075 1 10 22 7 5 0 1 0 0  aaaa99974387a9773899aaa988988875564526a764656
100102 1 10 22 8 3 2 0 0 0  aaaa99954787a9773899aaa988988876663625a744565
100110 1 10 22 8 5 0 0 0 0  aaaa99965787a9774899aaa988988875465526a763643
100187 1 10 22 10 5 2 1 0 0  aaaa99954287a9654899aaa988988877777365a653664
100191 1 11 0 0 0 1 1 0 0  aaaa99988278a9784899aaa976596887364677a655534
100192 1 11 0 0 0 2 0 0 0  aaaa99988278a9785899aaa976496887365677a645354
100193 1 11 0 0 0 2 1 0 0  aaaa99988278a9785899aaa976396887465677a635445
100195 1 11 0 0 1 0 1 0 0  aaaa99988278a9785899aaa976696887655477a644533
100199 1 11 0 0 1 2 1 0 0  aaaa99988278a9784899aaa976696887654377a653545
100201 1 11 0 0 2 0 1 0 0  aaaa99988278a9784899aaa976696887554577a656343
100203 1 11 0 0 2 1 1 0 0  aaaa99988278a9784899aaa976696887354577a656534
100205 1 11 0 0 2 2 1 0 0  aaaa99988278a9784899aaa976696887364577a555634
100209 1 11 0 0 3 1 1 0 0  aaaa99988278a9784899aaa976696887364577a655534
100210 1 11 0 0 3 2 0 0 0  aaaa99988278a9785899aaa976696887365477a645354
100211 1 11 0 0 3 2 1 0 0  aaaa99988278a9785899aaa976696887465377a635445
100213 1 11 0 0 4 0 1 0 0  aaaa99988578a9785899aaa972696887545677a646433
100215 1 11 0 0 4 1 1 0 0  aaaa99988578a9785899aaa972696887345677a646354
100217 1 11 0 0 4 2 1 0 0  aaaa99988378a9783899aaa972695887654677a664545
100219 1 11 0 0 5 0 1 0 0  aaaa99988278a9784899aaa975695887554677a666343
100221 1 11 0 0 5 1 1 0 0  aaaa99988278a9784899aaa975695887354677a666534
100223 1 11 0 0 5 2 1 0 0  aaaa99988378a9783899aaa972695886457775a666445
100277 1 11 0 2 2 2 1 0 0  aaaa99988778a9784899aaa976696887354275a656534
100284 1 11 0 2 4 0 0 0 0  aaaa99988778a9783899aaa974696887553674a656452
100289 1 11 0 2 4 2 1 0 0  aaaa99988778a9784899aaa972696887354675a656534
100295 1 11 0 2 5 2 1 0 0  aaaa99988778a9784899aaa972695887354675a666534
100443 1 11 0 7 0 1 1 0 0  aaaa99988278a9787899aaa976695886555476a447633
100444 1 11 0 7 0 2 0 0 0  aaaa99988278a9787899aaa976695886453476a457635
100445 1 11 0 7 0 2 1 0 0  aaaa99988278a9787899aaa976695886654376a357544
100453 1 11 0 7 2 0 1 0 0  aaaa99988278a9787899aaa976696886553575a647434
100455 1 11 0 7 2 1 1 0 0  aaaa99988278a9787899aaa976696885565574a347634
100456 1 11 0 7 2 2 0 0 0  aaaa99988278a9787899aaa976696885364574a557634
100457 1 11 0 7 2 2 1 0 0  aaaa99988278a9787899aaa973695886656673a457445
100460 1 11 0 7 3 1 0 0 0  aaaa99988278a9787899aaa976696886555374a537644
100461 1 11 0 7 3 1 1 0 0  aaaa99988278a9787899aaa976696886555475a447633
100462 1 11 0 7 3 2 0 0 0  aaaa99988278a9787899aaa976696886453475a457635
100463 1 11 0 7 3 2 1 0 0  aaaa99988278a9787899aaa974695886656474a357635
100469 1 11 0 7 4 2 1 0 0  aaaa99988278a9787899aaa973695886666375a457445
100471 1 11 0 7 5 0 1 0 0  aaaa99988278a9787899aaa975695886553674a667434
100473 1 11 0 7 5 1 1 0 0  aaaa99988278a9787899aaa973596885565376a467446
100474 1 11 0 7 5 2 0 0 0  aaaa99988278a9787899aaa973496884564376a567556
100475 1 11 0 7 5 2 1 0 0  aaaa99988278a9787899aaa937695886753645a667445
100493 1 11 0 8 2 2 1 0 0  aaaa99988778a9787899aaa976696886354275a654534
100511 1 11 0 8 5 2 1 0 0  aaaa99988778a9787899aaa972695886354675a664534
100548 1 11 0 10 0 0 0 0 0  aaaa99988268a9685899aaa963794887565763a777544
100549 1 11 0 10 0 0 1 0 0  aaaa99988268a9684899aaa963795887565763a777544
100553 1 11 0 10 0 2 1 0 0  aaaa99988368a9683899aaa962795887456765a777445
100571 1 11 0 10 3 2 1 0 0  aaaa99988668a9684899aaa962795887354765a777534
100578 1 11 0 10 5 0 0 0 0  aaaa99988258a9685899aaa953794887644763a777665
100579 1 11 0 10 5 0 1 0 0  aaaa99988258a9685899aaa935794887635764a777664
100810 1 11 1 6 1 2 0 0 0  aaaa99954878a9853899aaa978797376766865a682445
100828 1 11 1 6 4 2 0 0 0  aaaa99954878a9853899aaa978797376744865a682665
100832 1 11 1 6 5 1 0 0 0  aaaa99965878a9864899aaa978797375763846a585642
101206 1 11 2 6 1 2 0 0 0  aaaa99954878a9853899aaa978797376766868a652445
101224 1 11 2 6 4 2 0 0 0  aaaa99954878a9853899aaa978797376752868a666445
101228 1 11 2 6 5 1 0 0 0  aaaa99965878a9864899aaa978797375763848a565642
101606 1 11 3 6 2 1 0 0 0  aaaa99965878a9864899aaa977897387744666a583552
101767 1 11 3 10 5 0 1 0 0  aaaa99976858a9876899aaa952897685476547a486733
102163 1 11 4 10 5 0 1 0 0  aaaa99976858a9876899aaa952898685476547a476733
102241 1 11 5 2 0 0 1 0 0  aaaa99975888a9777299aaa968896476855678a354634
102322 1 11 5 4 1 2 0 0 0  aaaa99954888a9777699aaa968896376853778a652445
102343 1 11 5 4 5 0 1 0 0  aaaa99965888a9777299aaa958896575864778a364634
102347 1 11 5 4 5 2 1 0 0  aaaa99965888a9777399aaa938896574865778a464652
102352 1 11 5 5 0 2 0 0 0  aaaa99975888a9777299aaa968896563845678a735644
102353 1 11 5 5 0 2 1 0 0  aaaa99975888a9777299aaa968896564835678a744653
102366 1 11 5 5 3 0 0 0 0  aaaa99974888a9777699aaa968896365853578a762445
102379 1 11 5 5 5 0 1 0 0  aaaa99975888a9777299aaa968895566866478a744533
102383 1 11 5 5 5 2 1 0 0  aaaa99974888a9777299aaa968895466866378a753545
102421 1 11 5 7 0 0 1 0 0  aaaa99974888a9777299aaa968896765854678a533645
102451 1 11 5 7 5 0 1 0 0  aaaa99974888a9777299aaa968895766866578a534543
102528 1 11 5 10 0 0 0 0 0  aaaa99976888a9676299aaa958897565873468a473745
102563 1 11 5 10 5 2 1 0 0  aaaa99976888a9476399aaa938897625876548a575746
102790 1 11 6 6 1 2 0 0 0  aaaa99956878a9854899aaa977897387744628a663565
102794 1 11 6 6 2 1 0 0 0  aaaa99965878a9864899aaa977897387744658a663552
102955 1 11 6 10 5 0 1 0 0  aaaa99976858a9876899aaa952897685476548a476733
103186 1 11 7 6 1 2 0 0 0  aaaa99954878a9883899aaa978797376766865a652445
103204 1 11 7 6 4 2 0 0 0  aaaa99954878a9883899aaa978797376752865a666445
103208 1 11 7 6 5 1 0 0 0  aaaa99965878a9884899aaa978797375763846a565642
103420 1 11 8 1 4 2 0 0 0  aaaa99954878a9877899aaa972698688753675a663445
103464 1 11 8 3 0 0 0 0 0  aaaa99975878a9874899aaa977798388663665a455246
103862 1 11 9 3 0 1 0 0 0  aaaa99974878a9873899aaa977798386652656a844565
103864 1 11 9 3 0 2 0 0 0  aaaa99975878a9875899aaa977798586645636a844362
103880 1 11 9 3 3 1 0 0 0  aaaa99975878a9874899aaa977798386663625a844565
103882 1 11 9 3 3 2 0 0 0  aaaa99975878a9875899aaa977798586665644a842363
103890 1 11 9 3 5 0 0 0 0  aaaa99975878a9874899aaa977798385465526a863646
103926 1 11 9 4 5 0 0 0 0  aaaa99965878a9877899aaa975498587764536a864632
103990 1 11 9 6 3 2 0 0 0  aaaa99954878a9877899aaa977798386663625a844565
103998 1 11 9 6 5 0 0 0 0  aaaa99965878a9877899aaa977798485465526a863643
104027 1 11 9 7 3 2 1 0 0  aaaa99974878a9877899aaa976698686354265a857534
104050 1 11 9 8 1 2 0 0 0  aaaa99954878a9873899aaa977798386766665a852445
104068 1 11 9 8 4 2 0 0 0  aaaa99954878a9873899aaa977798386752665a866445
104072 1 11 9 8 5 1 0 0 0  aaaa99965878a9874899aaa977798385763546a865642
104098 1 11 9 9 3 2 0 0 0  aaaa99954878a9873899aaa977798786663625a844565
104106 1 11 9 9 5 0 0 0 0  aaaa99965878a9874899aaa977798785465526a863643
104113 1 11 9 10 0 0 1 0 0  aaaa99976868a9876899aaa965598486374257a875734
104115 1 11 9 10 0 1 1 0 0  aaaa99976868a9876899aaa965598586374257a874734
104116 1 11 9 10 0 2 0 0 0  aaaa99976868a9876899aaa964398586475347a875752
104117 1 11 9 10 0 2 1 0 0  aaaa99976868a9876899aaa964298586375447a875735
104126 1 11 9 10 2 1 0 0 0  aaaa99975868a9874899aaa966598386673547a875742
104136 1 11 9 10 4 0 0 0 0  aaaa99975868a9876899aaa966698485475527a873743
104142 1 11 9 10 5 0 0 0 0  aaaa99975868a9874899aaa966698685475527a873743
104539 1 11 10 10 5 0 1 0 0  aaaa99976858a9886899aaa952897685476547a476733
104638 1 11 11 2 3 2 0 0 0  aaaa99954878a9888899aaa978795376663627a744565
104646 1 11 11 2 5 0 0 0 0  aaaa99965878a9888899aaa978796475465527a763643
104799 1 11 11 7 0 1 1 0 0  aaaa99974838a9888899aaa978797376655626a754564
104801 1 11 11 7 0 2 1 0 0  aaaa99974838a9888899aaa978797376654626a754565
104817 1 11 11 7 3 1 1 0 0  aaaa99974838a9888899aaa978797376664655a754265
104819 1 11 11 7 3 2 1 0 0  aaaa99974838a9888899aaa978797376664625a754565
104827 1 11 11 7 5 0 1 0 0  aaaa99974838a9888899aaa978797375564526a764656
104854 1 11 11 8 3 2 0 0 0  aaaa99954878a9888899aaa978797376663625a744565
104862 1 11 11 8 5 0 0 0 0  aaaa99965878a9888899aaa978797475465526a763643
104939 1 11 11 10 5 2 1 0 0  aaaa99954828a9888899aaa978695477777635a666534
105331 1 11 12 10 5 0 1 0 0  aaaa99965828a9884899aaa978896477777556a365634
105333 1 11 12 10 5 1 1 0 0  aaaa99965828a9884899aaa978896477777536a565634
105334 1 11 12 10 5 2 0 0 0  aaaa99965828a9885899aaa978896577777346a365644
105335 1 11 12 10 5 2 1 0 0  aaaa99965828a9885899aaa978896577777436a464635
105388 1 11 13 1 2 2 0 0 0  aaaa99954888a9853799aaa978897376662768a744565
105394 1 11 13 1 3 2 0 0 0  aaaa99954888a9853799aaa978897376662768a756445
105400 1 11 13 1 4 2 0 0 0  aaaa99954888a9853799aaa978897376666768a752445
105402 1 11 13 1 5 0 0 0 0  aaaa99965888a9864799aaa978897374565758a764632
105404 1 11 13 1 5 1 0 0 0  aaaa99965888a9864799aaa978897375565748a763642
105595 1 11 13 7 1 0 1 0 0  aaaa99976888a9857299aaa978897776663558a456443
105597 1 11 13 7 1 1 1 0 0  aaaa99976888a9857299aaa978897776663548a556443
105599 1 11 13 7 1 2 1 0 0  aaaa99973888a9847299aaa978897776566668a543554
105602 1 11 13 7 2 1 0 0 0  aaaa99974888a9857299aaa978897776663658a546534
105604 1 11 13 7 2 2 0 0 0  aaaa99975888a9837299aaa978897776665648a446355
105608 1 11 13 7 3 1 0 0 0  aaaa99973888a9857299aaa978897776663648a555464
105670 1 11 13 9 1 2 0 0 0  aaaa99956888a9854799aaa978894477773628a663565
105674 1 11 13 9 2 1 0 0 0  aaaa99965888a9864799aaa978894477773658a663552
105727 1 11 13 10 5 0 1 0 0  aaaa99965888a9864299aaa978896477777558a365634
105729 1 11 13 10 5 1 1 0 0  aaaa99965888a9864299aaa978896477777538a565634
105730 1 11 13 10 5 2 0 0 0  aaaa99965888a9865299aaa978896577777348a365644
105731 1 11 13 10 5 2 1 0 0  aaaa99965888a9865299aaa978896577777438a464635
105847 1 11 14 3 1 0 1 0 0  aaaa99957888a9846299aaa978898777755666a346354
105858 1 11 14 3 3 0 0 0 0  aaaa99967888a9855299aaa978898777754666a346354
105859 1 11 14 3 3 0 1 0 0  aaaa99967888a9855299aaa978898777735666a456443
105863 1 11 14 3 3 2 1 0 0  aaaa99967888a9854299aaa978898777754666a356534
105864 1 11 14 3 4 0 0 0 0  aaaa99967888a9855299aaa978898777754634a666354
105865 1 11 14 3 4 0 1 0 0  aaaa99967888a9855299aaa978898777735645a666443
105869 1 11 14 3 4 2 1 0 0  aaaa99967888a9854299aaa978898777754635a666534
105871 1 11 14 3 5 0 1 0 0  aaaa99967888a9864299aaa978898777764556a365534
105873 1 11 14 3 5 1 1 0 0  aaaa99967888a9864299aaa978898777764536a565534
105875 1 11 14 3 5 2 1 0 0  aaaa99967888a9864299aaa978898777764356a563554
105994 1 11 14 7 1 2 0 0 0  aaaa99954888a9853799aaa978898377666675a672445
106012 1 11 14 7 4 2 0 0 0  aaaa99954888a9853799aaa978898377644675a672665
106016 1 11 14 7 5 1 0 0 0  aaaa99965888a9864799aaa978898377464576a575632
106030 1 11 14 8 1 2 0 0 0  aaaa99956888a9854799aaa978898377744627a663565
106034 1 11 14 8 2 1 0 0 0  aaaa99965888a9864799aaa978898377744657a663552
106103 1 11 14 10 1 2 1 0 0  aaaa99956888a9854299aaa978898477777666a356534
106123 1 11 14 10 5 0 1 0 0  aaaa99965888a9864299aaa978898477777556a365634
106125 1 11 14 10 5 1 1 0 0  aaaa99965888a9864299aaa978898477777536a565634
106126 1 11 14 10 5 2 0 0 0  aaaa99965888a9865299aaa978898577777346a365644
106127 1 11 14 10 5 2 1 0 0  aaaa99965888a9865299aaa978898577777436a464635
106201 1 11 15 2 0 0 1 0 0  aaaa99975888a9777399aaa968896376884276a655544
106205 1 11 15 2 0 2 1 0 0  aaaa99975888a9777299aaa968896576885476a644353
106282 1 11 15 4 1 2 0 0 0  aaaa99954888a9777699aaa968896376883775a652445
106303 1 11 15 4 5 0 1 0 0  aaaa99965888a9777299aaa958896575884776a364634
106307 1 11 15 4 5 2 1 0 0  aaaa99965888a9777399aaa938896574885776a464652
106313 1 11 15 5 0 2 1 0 0  aaaa99975888a9777299aaa968896564885673a744653
106343 1 11 15 5 5 2 1 0 0  aaaa99974888a9777299aaa958896455885376a763646
106471 1 11 15 9 3 0 1 0 0  aaaa99965888a9666299aaa978895537884763a777544
106475 1 11 15 9 3 2 1 0 0  aaaa99964888a9666299aaa978895437883765a777545
106483 1 11 15 9 5 0 1 0 0  aaaa99965888a9565299aaa978896437883756a777644
106487 1 11 15 9 5 2 1 0 0  aaaa99965888a9465299aaa978896537883746a777645
106488 1 11 15 10 0 0 0 0 0  aaaa99976888a9676299aaa958897565883467a473745
106523 1 11 15 10 5 2 1 0 0  aaaa99976888a9476399aaa938897625886547a575746
106663 1 11 16 3 5 0 1 0 0  aaaa99965288a9864899aaa978797778565376a563844
106667 1 11 16 3 5 2 1 0 0  aaaa99965288a9865899aaa978797778365476a464835
106771 1 11 16 6 5 0 1 0 0  aaaa99965288a9864899aaa978797778764556a365834
106773 1 11 16 6 5 1 1 0 0  aaaa99965288a9864899aaa978797778764536a565834
106774 1 11 16 6 5 2 0 0 0  aaaa99965288a9865899aaa978797778765346a365844
106775 1 11 16 6 5 2 1 0 0  aaaa99965288a9865899aaa978797778765436a464835
106802 1 11 16 7 4 1 0 0 0  aaaa99975688a9864899aaa978797378563456a764852
106807 1 11 16 7 5 0 1 0 0  aaaa99975288a9864899aaa978797478565356a763846
106839 1 11 16 8 4 1 1 0 0  aaaa99966288a9864899aaa978797778364556a755834
106840 1 11 16 8 4 2 0 0 0  aaaa99966288a9865899aaa978797778465446a735853
106841 1 11 16 8 4 2 1 0 0  aaaa99966288a9865899aaa978797778465346a735845
106843 1 11 16 8 5 0 1 0 0  aaaa99965288a9864899aaa978797778565356a763844
106847 1 11 16 8 5 2 1 0 0  aaaa99965288a9865899aaa978797778465346a763845
106879 1 11 16 9 5 0 1 0 0  aaaa99965288a9864899aaa978796478777556a365834
106881 1 11 16 9 5 1 1 0 0  aaaa99965288a9864899aaa978796478777536a565834
106882 1 11 16 9 5 2 0 0 0  aaaa99965288a9865899aaa978796578777346a365844
106883 1 11 16 9 5 2 1 0 0  aaaa99965288a9865899aaa978796578777436a464835
106885 1 11 16 10 0 0 1 0 0  aaaa99975388a9873899aaa968697468575267a576844
106889 1 11 16 10 0 2 1 0 0  aaaa99975388a9873899aaa968697568475267a476845
106891 1 11 16 10 1 0 1 0 0  aaaa99975288a9874899aaa968697668575367a573844
106895 1 11 16 10 1 2 1 0 0  aaaa99975288a9875899aaa968697668375467a474835
106897 1 11 16 10 2 0 1 0 0  aaaa99975288a9874899aaa968697668674557a375834
106899 1 11 16 10 2 1 1 0 0  aaaa99975288a9874899aaa968697668674537a575834
106900 1 11 16 10 2 2 0 0 0  aaaa99975288a9875899aaa968697668675347a375844
106901 1 11 16 10 2 2 1 0 0  aaaa99975288a9875899aaa968697668675437a474835
106903 1 11 16 10 3 0 1 0 0  aaaa99975288a9874899aaa968697668575357a673844
106907 1 11 16 10 3 2 1 0 0  aaaa99975288a9875899aaa968697668475347a673845
106909 1 11 16 10 4 0 1 0 0  aaaa99975288a9874899aaa968697468676557a375834
106911 1 11 16 10 4 1 1 0 0  aaaa99975288a9874899aaa968697468676537a575834
106912 1 11 16 10 4 2 0 0 0  aaaa99975288a9875899aaa968697568676347a375844
106913 1 11 16 10 4 2 1 0 0  aaaa99975288a9875899aaa968697568676437a474835
106915 1 11 16 10 5 0 1 0 0  aaaa99976288a9876899aaa958397648576447a376855
106916 1 11 16 10 5 1 0 0 0  aaaa99976288a9876899aaa958597658576347a376844
106917 1 11 16 10 5 1 1 0 0  aaaa99976288a9876899aaa938497638576457a476855
106918 1 11 16 10 5 2 0 0 0  aaaa99976288a9876899aaa948597648376547a575836
106919 1 11 16 10 5 2 1 0 0  aaaa99976288a9876899aaa948597648476537a575836
106972 1 11 17 1 2 2 0 0 0  aaaa99954888a9853799aaa978897376686765a744625
106978 1 11 17 1 3 2 0 0 0  aaaa99954888a9853799aaa978897376686765a762445
106984 1 11 17 1 4 2 0 0 0  aaaa99954888a9853799aaa978897376682765a744665
106986 1 11 17 1 5 0 0 0 0  aaaa99965888a9864799aaa978897374585756a764632
106988 1 11 17 1 5 1 0 0 0  aaaa99965888a9864799aaa978897375585746a763642
107174 1 11 17 7 0 1 0 0 0  aaaa99973888a9857299aaa978897776683646a555464
107186 1 11 17 7 2 1 0 0 0  aaaa99974888a9857299aaa978897776686654a563534
107188 1 11 17 7 2 2 0 0 0  aaaa99973888a9857299aaa978897776686645a464535
107192 1 11 17 7 3 1 0 0 0  aaaa99973888a9857299aaa978897776686644a555643
107198 1 11 17 7 4 1 0 0 0  aaaa99974888a9857299aaa978897776586654a663534
107200 1 11 17 7 4 2 0 0 0  aaaa99975888a9837299aaa978897776486644a665355
107204 1 11 17 7 5 1 0 0 0  aaaa99974888a9857299aaa978897776583654a666534
107206 1 11 17 7 5 2 0 0 0  aaaa99973888a9857299aaa978897776484645a666535
107281 1 11 17 10 0 0 1 0 0  aaaa99976888a9874299aaa968897665584657a375734
107283 1 11 17 10 0 1 1 0 0  aaaa99976888a9874299aaa968897665585657a374734
107285 1 11 17 10 0 2 1 0 0  aaaa99976888a9874299aaa968897663584657a573754
107311 1 11 17 10 5 0 1 0 0  aaaa99975888a9874299aaa968897466686557a375734
107313 1 11 17 10 5 1 1 0 0  aaaa99975888a9874299aaa968897466686537a575734
107314 1 11 17 10 5 2 0 0 0  aaaa99975888a9875299aaa968897566686347a375744
107315 1 11 17 10 5 2 1 0 0  aaaa99975888a9875299aaa968897566686437a474735
107368 1 11 18 1 2 2 0 0 0  aaaa99954888a9883799aaa978897376662765a744565
107374 1 11 18 1 3 2 0 0 0  aaaa99954888a9883799aaa978897376662765a756445
107380 1 11 18 1 4 2 0 0 0  aaaa99954888a9883799aaa978897376666765a752445
107382 1 11 18 1 5 0 0 0 0  aaaa99965888a9884799aaa978897374565756a764632
107384 1 11 18 1 5 1 0 0 0  aaaa99965888a9884799aaa978897375565746a763642
107390 1 11 18 2 0 1 0 0 0  aaaa99974888a9883799aaa978897376644765a562556
107496 1 11 18 5 0 0 0 0 0  aaaa99975888a9884799aaa978897377663665a455246
107575 1 11 18 7 1 0 1 0 0  aaaa99976888a9887299aaa978897776665554a346354
107576 1 11 18 7 1 1 0 0 0  aaaa99976888a9887299aaa978897776664555a346354
107577 1 11 18 7 1 1 1 0 0  aaaa99976888a9887299aaa978897776665354a536454
107578 1 11 18 7 1 2 0 0 0  aaaa99976888a9887299aaa978897776664354a536554
107579 1 11 18 7 1 2 1 0 0  aaaa99973888a9887299aaa978897776646656a543554
107582 1 11 18 7 2 1 0 0 0  aaaa99975888a9887299aaa978897776664654a536354
107584 1 11 18 7 2 2 0 0 0  aaaa99975888a9887299aaa978897776665644a436355
107588 1 11 18 7 3 1 0 0 0  aaaa99973888a9887299aaa978897776663645a555464
107707 1 11 18 10 5 0 1 0 0  aaaa99965888a9884299aaa978896477777556a365634
107709 1 11 18 10 5 1 1 0 0  aaaa99965888a9884299aaa978896477777536a565634
107710 1 11 18 10 5 2 0 0 0  aaaa99965888a9885299aaa978896577777346a365644
107711 1 11 18 10 5 2 1 0 0  aaaa99965888a9885299aaa978896577777436a464635
107938 1 11 19 6 1 2 0 0 0  aaaa99954878a9883899aaa977795386776666a852445
107944 1 11 19 6 2 2 0 0 0  aaaa99954878a9883899aaa977795386772666a856445
107950 1 11 19 6 3 2 0 0 0  aaaa99954878a9883899aaa977795386772666a844565
107956 1 11 19 6 4 2 0 0 0  aaaa99954878a9883899aaa977795386772665a866445
107960 1 11 19 6 5 1 0 0 0  aaaa99965878a9884899aaa977796385773546a865642
107969 1 11 19 7 0 2 1 0 0  aaaa99966878a9887899aaa977696487356275a854534
108058 1 11 19 9 3 2 0 0 0  aaaa99954878a9887899aaa977797386663625a844565
108066 1 11 19 9 5 0 0 0 0  aaaa99965878a9887899aaa977797485465526a863643
108094 1 11 19 10 3 2 0 0 0  aaaa99954878a9883899aaa977797786663625a844565
108102 1 11 19 10 5 0 0 0 0  aaaa99965878a9884899aaa977797785465526a863643
108389 1 11 20 7 4 2 1 0 0  aaaa99954828a9888899aaa977795486756637a667534
108393 1 11 20 7 5 1 1 0 0  aaaa99964828a9888899aaa977796485765537a567634
108394 1 11 20 7 5 2 0 0 0  aaaa99965828a9888899aaa977796584765447a367635
108395 1 11 20 7 5 2 1 0 0  aaaa99965828a9888899aaa977796584765437a467635
108598 1 11 21 2 3 2 0 0 0  aaaa99954888a9888799aaa978795376663627a744565
108606 1 11 21 2 5 0 0 0 0  aaaa99965888a9888799aaa978796475465527a763643
108759 1 11 21 7 0 1 1 0 0  aaaa99974888a9888399aaa978797376655626a754564
108761 1 11 21 7 0 2 1 0 0  aaaa99974888a9888399aaa978797376654626a754565
108777 1 11 21 7 3 1 1 0 0  aaaa99974888a9888399aaa978797376664655a754265
108779 1 11 21 7 3 2 1 0 0  aaaa99974888a9888399aaa978797376664625a754565
108787 1 11 21 7 5 0 1 0 0  aaaa99974888a9888399aaa978797375564526a764656
108814 1 11 21 8 3 2 0 0 0  aaaa99954888a9888799aaa978797376663625a744565
108822 1 11 21 8 5 0 0 0 0  aaaa99965888a9888799aaa978797475465526a763643
108899 1 11 21 10 5 2 1 0 0  aaaa99954888a9888299aaa978695477777635a666534
108994 1 11 22 2 3 2 0 0 0  aaaa99954787a9753899aaa988898876663627a744565
109002 1 11 22 2 5 0 0 0 0  aaaa99965787a9764899aaa988898875465527a763643
109155 1 11 22 7 0 1 1 0 0  aaaa99974387a9773899aaa988898876655626a754564
109157 1 11 22 7 0 2 1 0 0  aaaa99974387a9773899aaa988898876654626a754565
109173 1 11 22 7 3 1 1 0 0  aaaa99974387a9773899aaa988898876664655a754265
109175 1 11 22 7 3 2 1 0 0  aaaa99974387a9773899aaa988898876664625a754565
109183 1 11 22 7 5 0 1 0 0  aaaa99974387a9773899aaa988898875564526a764656
109210 1 11 22 8 3 2 0 0 0  aaaa99954787a9773899aaa988898876663625a744565
109218 1 11 22 8 5 0 0 0 0  aaaa99965787a9774899aaa988898875465526a763643
109295 1 11 22 10 5 2 1 0 0  aaaa99954287a9654899aaa988898877777365a653664
109327 1 12 0 0 5 0 1 0 0  aaaa99995887a9764999aaa885277587364756a868634
109348 1 12 0 1 2 2 0 0 0  aaaa99994887a9773999aaa887766687653265a858445
109360 1 12 0 1 4 2 0 0 0  aaaa99994887a9773999aaa887765687644265a858635
109366 1 12 0 1 5 2 0 0 0  aaaa99994887a9773999aaa887765387644265a858665
109372 1 12 0 2 0 2 0 0 0  aaaa99994887a9773999aaa886675387652765a868445
109378 1 12 0 2 1 2 0 0 0  aaaa99994887a9773999aaa886676387652765a858445
109399 1 12 0 2 5 0 1 0 0  aaaa99995887a9774999aaa885276587364756a868634
109456 1 12 0 4 2 2 0 0 0  aaaa99994887a9773999aaa886766387644725a858565
109480 1 12 0 5 0 2 0 0 0  aaaa99994887a9773999aaa886675387657265a868445
109486 1 12 0 5 1 2 0 0 0  aaaa99994887a9773999aaa886676387657265a858445
109493 1 12 0 5 2 2 1 0 0  aaaa99994887a9774999aaa886675687357266a858534
109499 1 12 0 5 3 2 1 0 0  aaaa99994887a9774999aaa886675687357265a868534
109505 1 12 0 5 4 2 1 0 0  aaaa99994887a9774999aaa886676687357265a858534
109506 1 12 0 5 5 0 0 0 0  aaaa99995887a9774999aaa885376587467356a868642
109509 1 12 0 5 5 1 1 0 0  aaaa99994887a9774999aaa885576587367256a868634
109510 1 12 0 5 5 2 0 0 0  aaaa99995887a9775999aaa884376587467346a868652
109511 1 12 0 5 5 2 1 0 0  aaaa99995887a9775999aaa884276587367446a868635
109529 1 12 0 6 2 2 1 0 0  aaaa99994887a9777999aaa886675686354275a868534
109535 1 12 0 6 3 2 1 0 0  aaaa99994887a9777999aaa886675686354276a858534
109541 1 12 0 6 4 2 1 0 0  aaaa99994887a9777999aaa886676686354275a858534
109545 1 12 0 6 5 1 1 0 0  aaaa99994887a9777999aaa885576585364276a868634
109546 1 12 0 6 5 2 0 0 0  aaaa99995887a9777999aaa883476584465376a868652
109547 1 12 0 6 5 2 1 0 0  aaaa99995887a9777999aaa882476584365476a868635
109550 1 12 0 7 0 1 0 0 0  aaaa99995887a9774999aaa886675387653267a868445
109552 1 12 0 7 0 2 0 0 0  aaaa99995887a9775999aaa886674587635267a868443
109556 1 12 0 7 1 1 0 0 0  aaaa99994887a9773999aaa886676387652567a858445
109558 1 12 0 7 1 2 0 0 0  aaaa99995887a9775999aaa886676587645467a848332
109588 1 12 0 8 0 2 0 0 0  aaaa99994887a9777999aaa886675387653265a868445
109594 1 12 0 8 1 2 0 0 0  aaaa99994887a9777999aaa886676387653265a858445
109601 1 12 0 8 2 2 1 0 0  aaaa99994887a9777999aaa886675687354266a858534
109607 1 12 0 8 3 2 1 0 0  aaaa99994887a9777999aaa886675687354265a868534
109613 1 12 0 8 4 2 1 0 0  aaaa99994887a9777999aaa886676687354265a858534
109617 1 12 0 8 5 1 1 0 0  aaaa99994887a9777999aaa885576587364256a868634
109618 1 12 0 8 5 2 0 0 0  aaaa99995887a9777999aaa884376587465346a868652
109619 1 12 0 8 5 2 1 0 0  aaaa99995887a9777999aaa884276587365446a868635
109637 1 12 0 9 2 2 1 0 0  aaaa99994886a9664999aaa887777787353265a858564
109643 1 12 0 9 3 2 1 0 0  aaaa99994886a9664999aaa887777787356265a858534
109649 1 12 0 9 4 2 1 0 0  aaaa99994886a9666999aaa887777787354265a858534
109655 1 12 0 9 5 2 1 0 0  aaaa99994883a9654999aaa887777787653265a858664
109685 1 12 0 10 4 2 1 0 0  aaaa99994883a9754999aaa886676686753275a858774
109689 1 12 0 10 5 1 1 0 0  aaaa99994883a9764999aaa885576585763276a868774
109690 1 12 0 10 5 2 0 0 0  aaaa99995884a9765999aaa883476584765376a868772
109691 1 12 0 10 5 2 1 0 0  aaaa99995884a9765999aaa883376584764276a868775
109700 1 12 1 0 1 1 0 0 0  aaaa99994888a9773999aaa867676347674885a558265
109763 1 12 1 1 5 2 1 0 0  aaaa99995888a9777999aaa872476574365886a468635
109924 1 12 1 6 2 2 0 0 0  aaaa99994888a9666999aaa877775233677885a658445
109936 1 12 1 6 4 2 0 0 0  aaaa99993888a9656999aaa877775344677885a648625
109942 1 12 1 6 5 2 0 0 0  aaaa99993888a9653999aaa877775244677885a648665
109996 1 12 1 8 2 2 0 0 0  aaaa99994888a9666999aaa877775233657887a658445
110014 1 12 1 8 5 2 0 0 0  aaaa99993888a9653999aaa877775244657887a648665
110032 1 12 1 9 2 2 0 0 0  aaaa99994888a9666999aaa877777233657885a658445
110050 1 12 1 9 5 2 0 0 0  aaaa99993888a9653999aaa877777244657885a648665
110159 1 12 2 1 5 2 1 0 0  aaaa99995888a9777999aaa873376572465846a868645
110195 1 12 2 2 5 2 1 0 0  aaaa99994888a9777999aaa867275466676835a858534
110201 1 12 2 3 0 2 1 0 0  aaaa99996888a9676999aaa877775462674835a858534
110261 1 12 2 4 4 2 1 0 0  aaaa99994888a9777999aaa877275466656836a858534
110267 1 12 2 4 5 2 1 0 0  aaaa99994888a9777999aaa877275466666835a858534
110269 1 12 2 5 0 0 1 0 0  aaaa99995888a9777999aaa866275546744867a868533
110273 1 12 2 5 0 2 1 0 0  aaaa99994888a9777999aaa866275436753867a868545
110315 1 12 2 6 1 2 1 0 0  aaaa99994888a9666999aaa877775462677835a858534
110320 1 12 2 6 2 2 0 0 0  aaaa99994888a9666999aaa877775233677865a858445
110332 1 12 2 6 4 2 0 0 0  aaaa99993888a9656999aaa877775344677865a848625
110338 1 12 2 6 5 2 0 0 0  aaaa99993888a9653999aaa877775244677865a848665
110341 1 12 2 7 0 0 1 0 0  aaaa99997888a9777999aaa866275546474865a868353
110347 1 12 2 7 1 0 1 0 0  aaaa99997888a9777999aaa866675544674825a838653
110387 1 12 2 8 1 2 1 0 0  aaaa99994888a9666999aaa877775462657837a858534
110392 1 12 2 8 2 2 0 0 0  aaaa99994888a9666999aaa877775233657867a858445
110410 1 12 2 8 5 2 0 0 0  aaaa99993888a9653999aaa877775244657867a848665
110423 1 12 2 9 1 2 1 0 0  aaaa99994888a9666999aaa877777462657835a858534
110428 1 12 2 9 2 2 0 0 0  aaaa99994888a9666999aaa877777233657865a858445
110446 1 12 2 9 5 2 0 0 0  aaaa99993888a9653999aaa877777244657865a848665
110459 1 12 2 10 1 2 1 0 0  aaaa99994888a9666999aaa877777762654835a858534
110608 1 12 3 3 2 2 0 0 0  aaaa99997888a9666999aaa878777433657265a858445
110626 1 12 3 3 5 2 0 0 0  aaaa99997888a9653999aaa878777344657265a848665
110645 1 12 3 4 2 2 1 0 0  aaaa99994888a9777999aaa878775466356266a858534
110651 1 12 3 4 3 2 1 0 0  aaaa99994888a9777999aaa878775466356265a868534
110716 1 12 3 6 2 2 0 0 0  aaaa99994888a9666999aaa878777273657365a858445
110728 1 12 3 6 4 2 0 0 0  aaaa99993888a9656999aaa878777374657464a858625
110734 1 12 3 6 5 2 0 0 0  aaaa99993888a9653999aaa878777274657464a858665
110783 1 12 3 8 1 2 1 0 0  aaaa99994888a9666999aaa878777462657735a858534
110788 1 12 3 8 2 2 0 0 0  aaaa99994888a9666999aaa878777233657765a858445
110806 1 12 3 8 5 2 0 0 0  aaaa99993888a9653999aaa878777244657765a848665
111022 1 12 4 3 5 2 0 0 0  aaaa99998888a9657999aaa878777344657265a648635
111130 1 12 4 6 5 2 0 0 0  aaaa99998888a9653999aaa878777374657464a658625
111202 1 12 4 8 5 2 0 0 0  aaaa99998888a9653999aaa878777344657765a648625
112104 1 12 7 1 0 0 0 0 0  aaaa99995888a9874999aaa877766365745862a568734
112264 1 12 7 5 2 2 0 0 0  aaaa99994888a9852999aaa877766633757867a658445
112276 1 12 7 5 4 2 0 0 0  aaaa99993888a9853999aaa877765644757867a648625
112282 1 12 7 5 5 2 0 0 0  aaaa99993888a9853999aaa877765244757867a648665
112300 1 12 7 6 2 2 0 0 0  aaaa99993888a9853999aaa877775266677845a448665
112306 1 12 7 6 3 2 0 0 0  aaaa99993888a9853999aaa877775266677846a448565
112309 1 12 7 6 4 0 1 0 0  aaaa99993888a9855999aaa877774356677865a248664
112312 1 12 7 6 4 2 0 0 0  aaaa99995888a9845999aaa877772546677864a338665
112313 1 12 7 6 4 2 1 0 0  aaaa99994888a9854999aaa877775426677865a338665
112318 1 12 7 6 5 2 0 0 0  aaaa99993888a9853999aaa877775244677865a648665
112336 1 12 7 7 2 2 0 0 0  aaaa99994888a9852999aaa877766633657875a678445
112354 1 12 7 7 5 2 0 0 0  aaaa99993888a9853999aaa877765244657874a678665
112366 1 12 7 8 1 2 0 0 0  aaaa99993888a9853999aaa877775266467867a448565
112372 1 12 7 8 2 2 0 0 0  aaaa99993888a9853999aaa877775266657847a448665
112384 1 12 7 8 4 2 0 0 0  aaaa99993888a9853999aaa877775266667847a448565
112390 1 12 7 8 5 2 0 0 0  aaaa99993888a9853999aaa877775244657867a648665
112408 1 12 7 9 2 2 0 0 0  aaaa99993888a9853999aaa877777266657845a448665
112414 1 12 7 9 3 2 0 0 0  aaaa99993888a9853999aaa877777266657846a448565
112420 1 12 7 9 4 2 0 0 0  aaaa99993888a9853999aaa877777266667845a448565
112426 1 12 7 9 5 2 0 0 0  aaaa99993888a9853999aaa877777244657865a648665
113176 1 12 9 8 4 2 0 0 0  aaaa99998888a9664999aaa878777378653265a657445
113182 1 12 9 8 5 2 0 0 0  aaaa99998888a9654999aaa878777378644265a657635
113242 1 12 9 10 3 2 0 0 0  aaaa99998888a9754999aaa868676368744275a756735
113250 1 12 9 10 5 0 0 0 0  aaaa99998888a9765999aaa858476558764276a764733
113255 1 12 9 10 5 2 1 0 0  aaaa99998888a9765999aaa838476538765476a764752
113350 1 12 10 2 3 2 0 0 0  aaaa99998888a9853999aaa878775376662647a447565
113518 1 12 10 7 1 2 0 0 0  aaaa99998888a9856999aaa878775376663445a276475
113524 1 12 10 7 2 2 0 0 0  aaaa99998888a9853999aaa878775376662644a476575
113530 1 12 10 7 3 2 0 0 0  aaaa99998888a9853999aaa878775376662465a476475
113538 1 12 10 7 5 0 0 0 0  aaaa99998888a9865999aaa878776375465526a474673
113566 1 12 10 8 3 2 0 0 0  aaaa99998888a9853999aaa878777376662645a447565
114244 1 12 12 5 2 2 0 0 0  aaaa99998888a9854999aaa877766633757267a658445
114262 1 12 12 5 5 2 0 0 0  aaaa99998888a9853999aaa877765344757267a648665
114280 1 12 12 6 2 2 0 0 0  aaaa99998888a9853999aaa877775366677445a248665
114286 1 12 12 6 3 2 0 0 0  aaaa99998888a9853999aaa877775366677446a258465
114292 1 12 12 6 4 2 0 0 0  aaaa99998888a9853999aaa877775364477666a258465
114298 1 12 12 6 5 2 0 0 0  aaaa99998888a9853999aaa877775344677265a648665
114316 1 12 12 7 2 2 0 0 0  aaaa99998888a9854999aaa877766633657275a678445
114334 1 12 12 7 5 2 0 0 0  aaaa99998888a9853999aaa877765344657274a678665
114352 1 12 12 8 2 2 0 0 0  aaaa99998888a9853999aaa877775366657447a248665
114364 1 12 12 8 4 2 0 0 0  aaaa99998888a9853999aaa877775366667447a258465
114370 1 12 12 8 5 2 0 0 0  aaaa99998888a9853999aaa877775344657267a648665
114388 1 12 12 9 2 2 0 0 0  aaaa99998888a9853999aaa877777366657445a248665
114394 1 12 12 9 3 2 0 0 0  aaaa99998888a9853999aaa877777366657446a258465
114400 1 12 12 9 4 2 0 0 0  aaaa99998888a9853999aaa877777366667445a258465
114406 1 12 12 9 5 2 0 0 0  aaaa99998888a9853999aaa877777344657265a648665
114486 1 12 13 1 1 0 0 0 0  aaaa99995888a9864999aaa378877376626758a467545
114488 1 12 13 1 1 1 0 0 0  aaaa99995888a9864999aaa378877376646758a567254
114494 1 12 13 1 2 1 0 0 0  aaaa99995888a9844999aaa478877376663768a257565
114496 1 12 13 1 2 2 0 0 0  aaaa99995888a9845999aaa578877576662768a447363
114526 1 12 13 2 1 2 0 0 0  aaaa99996888a9835999aaa578877576665748a446372
114536 1 12 13 2 3 1 0 0 0  aaaa99995888a9844999aaa478877376663768a256575
114538 1 12 13 2 3 2 0 0 0  aaaa99995888a9845999aaa578877576662768a446373
114546 1 12 13 2 5 0 0 0 0  aaaa99995888a9864999aaa378877374565758a264676
114602 1 12 13 4 2 1 0 0 0  aaaa99994888a9844999aaa378877367662758a657565
114604 1 12 13 4 2 2 0 0 0  aaaa99995888a9845999aaa578877567662748a637463
114650 1 12 13 5 4 1 0 0 0  aaaa99994888a9853999aaa378877277644658a666575
114652 1 12 13 5 4 2 0 0 0  aaaa99995888a9845999aaa578877577644638a666372
114656 1 12 13 5 5 1 0 0 0  aaaa99995888a9863999aaa378877277464548a565676
114708 1 12 13 7 2 0 0 0 0  aaaa99996888a9876999aaa478877376646558a753254
114710 1 12 13 7 2 1 0 0 0  aaaa99995888a9874999aaa378877376662658a746554
114714 1 12 13 7 3 0 0 0 0  aaaa99995888a9874999aaa378877376662658a744565
114716 1 12 13 7 3 1 0 0 0  aaaa99995888a9875999aaa378877376662648a755464
114722 1 12 13 7 4 1 0 0 0  aaaa99995888a9874999aaa378877376666658a744552
114752 1 12 13 8 3 1 0 0 0  aaaa99994888a9853999aaa378877776662658a744565
114754 1 12 13 8 3 2 0 0 0  aaaa99995888a9845999aaa578877776665638a744362
114762 1 12 13 8 5 0 0 0 0  aaaa99995888a9864999aaa378877775465528a763646
114782 1 12 13 9 2 1 0 0 0  aaaa99994888a9844999aaa378865777773658a662565
114784 1 12 13 9 2 2 0 0 0  aaaa99995888a9845999aaa578863777775648a662463
114841 1 12 14 0 0 0 1 0 0  aaaa99994888a9877999aaa438878776673656a554265
114932 1 12 14 2 3 1 0 0 0  aaaa99994888a9853999aaa378878776662657a744565
114934 1 12 14 2 3 2 0 0 0  aaaa99995888a9845999aaa578878776665637a744362
114942 1 12 14 2 5 0 0 0 0  aaaa99995888a9864999aaa378878775465527a763646
115114 1 12 14 7 3 2 0 0 0  aaaa99997888a9854999aaa378878776663625a744565
115122 1 12 14 7 5 0 0 0 0  aaaa99997888a9865999aaa478878775465526a763643
115142 1 12 14 8 2 1 0 0 0  aaaa99994888a9853999aaa378868777744657a662565
115144 1 12 14 8 2 2 0 0 0  aaaa99995888a9845999aaa578868777735647a662463
115148 1 12 14 8 3 1 0 0 0  aaaa99994888a9863999aaa378858777744667a566525
115238 1 12 15 0 0 1 0 0 0  aaaa99996888a9774999aaa378876656883757a562454
115244 1 12 15 0 1 1 0 0 0  aaaa99995888a9774999aaa378874466886767a555632
115250 1 12 15 0 2 1 0 0 0  aaaa99995888a9774999aaa378874466886757a663552
115256 1 12 15 0 3 1 0 0 0  aaaa99995888a9774999aaa378874466886767a563552
115262 1 12 15 0 4 1 0 0 0  aaaa99995888a9774999aaa378874466883757a666552
115346 1 12 15 3 0 1 0 0 0  aaaa99995888a9664999aaa378877776883756a644552
115452 1 12 15 6 0 0 0 0 0  aaaa99995888a9664999aaa378877777883665a455246
116080 1 12 17 1 2 2 0 0 0  aaaa99994888a9844999aaa878877376663765a257565
116110 1 12 17 2 1 2 0 0 0  aaaa99996888a9853999aaa878877376662745a446575
116122 1 12 17 2 3 2 0 0 0  aaaa99994888a9844999aaa878877376663765a256575
116130 1 12 17 2 5 0 0 0 0  aaaa99995888a9864999aaa878877374565756a264673
116188 1 12 17 4 2 2 0 0 0  aaaa99994888a9844999aaa878877367663725a657565
116236 1 12 17 5 4 2 0 0 0  aaaa99994888a9853999aaa878877377644625a666575
116240 1 12 17 5 5 1 0 0 0  aaaa99995888a9863999aaa878877377464546a565672
116282 1 12 17 7 0 1 0 0 0  aaaa99994888a9873999aaa878877376652656a744565
116284 1 12 17 7 0 2 0 0 0  aaaa99995888a9875999aaa878877576645636a744362
116300 1 12 17 7 3 1 0 0 0  aaaa99995888a9874999aaa878877376663625a744565
116302 1 12 17 7 3 2 0 0 0  aaaa99995888a9875999aaa878877576665644a742363
116310 1 12 17 7 5 0 0 0 0  aaaa99995888a9874999aaa878877375465526a763646
116338 1 12 17 8 3 2 0 0 0  aaaa99994888a9853999aaa878877776663625a744565
116346 1 12 17 8 5 0 0 0 0  aaaa99995888a9864999aaa878877775465526a763643
116430 1 12 18 0 1 0 0 0 0  aaaa99995888a9884999aaa378876376646557a767254
116444 1 12 18 0 3 1 0 0 0  aaaa99994888a9883999aaa378874476662657a757565
116446 1 12 18 0 3 2 0 0 0  aaaa99995888a9885999aaa578874576662647a737463
116454 1 12 18 0 5 0 0 0 0  aaaa99995888a9884999aaa378876375465527a767646
116462 1 12 18 1 0 1 0 0 0  aaaa99994888a9883999aaa378877276644765a567556
116466 1 12 18 1 1 0 0 0 0  aaaa99995888a9884999aaa378877376626756a467545
116468 1 12 18 1 1 1 0 0 0  aaaa99995888a9884999aaa378877376646756a567254
116472 1 12 18 1 2 0 0 0 0  aaaa99994888a9883999aaa378877276656764a557654
116474 1 12 18 1 2 1 0 0 0  aaaa99995888a9885999aaa378877376662764a457465
116476 1 12 18 1 2 2 0 0 0  aaaa99995888a9885999aaa578877576662764a447363
116502 1 12 18 2 1 0 0 0 0  aaaa99996888a9885999aaa378877376662754a446575
116504 1 12 18 2 1 1 0 0 0  aaaa99996888a9885999aaa378877376662745a446575
116506 1 12 18 2 1 2 0 0 0  aaaa99996888a9885999aaa578877576665744a436372
116514 1 12 18 2 3 0 0 0 0  aaaa99995888a9884999aaa378877376646762a565574
116516 1 12 18 2 3 1 0 0 0  aaaa99995888a9885999aaa378877376662764a456475
116518 1 12 18 2 3 2 0 0 0  aaaa99995888a9885999aaa578877576662764a446373
116526 1 12 18 2 5 0 0 0 0  aaaa99995888a9884999aaa378877374565756a264676
116534 1 12 18 3 0 1 0 0 0  aaaa99994888a9883999aaa378877776644765a562556
116570 1 12 18 4 0 1 0 0 0  aaaa99994888a9883999aaa378877267644756a657556
116574 1 12 18 4 1 0 0 0 0  aaaa99995888a9884999aaa378877367626756a467545
116576 1 12 18 4 1 1 0 0 0  aaaa99995888a9884999aaa378877367646756a567254
116580 1 12 18 4 2 0 0 0 0  aaaa99994888a9883999aaa378877267656755a647654
116582 1 12 18 4 2 1 0 0 0  aaaa99995888a9885999aaa378877367662745a647465
116584 1 12 18 4 2 2 0 0 0  aaaa99995888a9885999aaa578877567662744a647363
116604 1 12 18 5 0 0 0 0 0  aaaa99996888a9885999aaa478877277646663a535574
116606 1 12 18 5 0 1 0 0 0  aaaa99995888a9885999aaa378877377662664a455476
116622 1 12 18 5 3 0 0 0 0  aaaa99995888a9883999aaa378877277666565a465474
116630 1 12 18 5 4 1 0 0 0  aaaa99995888a9884999aaa378877377644625a666575
116632 1 12 18 5 4 2 0 0 0  aaaa99995888a9885999aaa578877577644634a666372
116636 1 12 18 5 5 1 0 0 0  aaaa99995888a9883999aaa378877277464546a565676
116640 1 12 18 6 0 0 0 0 0  aaaa99995888a9884999aaa378877777663665a455246
116676 1 12 18 7 0 0 0 0 0  aaaa99995888a9884999aaa378877376655626a744567
116678 1 12 18 7 0 1 0 0 0  aaaa99995888a9885999aaa378877376655626a744467
116682 1 12 18 7 1 0 0 0 0  aaaa99996888a9885999aaa378877376662455a746457
116684 1 12 18 7 1 1 0 0 0  aaaa99996888a9885999aaa578877376663454a726457
116688 1 12 18 7 2 0 0 0 0  aaaa99995888a9884999aaa378877376466556a725647
116690 1 12 18 7 2 1 0 0 0  aaaa99995888a9885999aaa378877376662644a746557
116694 1 12 18 7 3 0 0 0 0  aaaa99994888a9883999aaa378877276656655a744657
116696 1 12 18 7 3 1 0 0 0  aaaa99994888a9883999aaa378877276656645a755647
116700 1 12 18 7 4 0 0 0 0  aaaa99995888a9884999aaa378877376666645a755247
116702 1 12 18 7 4 1 0 0 0  aaaa99995888a9883999aaa378877276666654a744557
116714 1 12 18 8 0 1 0 0 0  aaaa99994888a9883999aaa378877776652656a744565
116716 1 12 18 8 0 2 0 0 0  aaaa99995888a9885999aaa578877776645636a744362
116732 1 12 18 8 3 1 0 0 0  aaaa99995888a9884999aaa378877776663625a744565
116734 1 12 18 8 3 2 0 0 0  aaaa99995888a9885999aaa578877776665644a742363
116742 1 12 18 8 5 0 0 0 0  aaaa99995888a9884999aaa378877775465526a763646
116748 1 12 18 9 0 0 0 0 0  aaaa99995888a9884999aaa378866777773665a455246
116784 1 12 18 10 0 0 0 0 0  aaaa99995888a9884999aaa378866377777665a455246
116837 1 12 19 0 2 2 1 0 0  aaaa99994888a9877999aaa868767678357265a654534
116855 1 12 19 0 5 2 1 0 0  aaaa99994888a9877999aaa828767478657365a653645
116908 1 12 19 2 2 2 0 0 0  aaaa99994888a9853999aaa878775378666267a657445
116920 1 12 19 2 4 2 0 0 0  aaaa99994888a9853999aaa878774478656267a657635
116926 1 12 19 2 5 2 0 0 0  aaaa99994888a9853999aaa878775378644267a657665
117016 1 12 19 5 2 2 0 0 0  aaaa99994888a9853999aaa878774478673666a257565
117028 1 12 19 5 4 2 0 0 0  aaaa99994888a9853999aaa878774478676265a657635
117034 1 12 19 5 5 2 0 0 0  aaaa99994888a9853999aaa878774478673265a657665
117104 1 12 19 7 5 1 0 0 0  aaaa99995888a9863999aaa878776378464546a575672
117124 1 12 19 8 2 2 0 0 0  aaaa99994888a9853999aaa878777378666265a657445
117136 1 12 19 8 4 2 0 0 0  aaaa99994888a9844999aaa878777378656265a657635
117142 1 12 19 8 5 2 0 0 0  aaaa99994888a9853999aaa878777378644265a657665
117202 1 12 19 10 3 2 0 0 0  aaaa99994888a9853999aaa868676368744275a756775
117210 1 12 19 10 5 0 0 0 0  aaaa99995888a9864999aaa858476558763276a764773
117216 1 12 20 0 0 0 0 0 0  aaaa99994888a9883999aaa878766375646557a762574
117234 1 12 20 0 3 0 0 0 0  aaaa99995888a9883999aaa878766675645547a763472
117310 1 12 20 2 3 2 0 0 0  aaaa99995888a9885999aaa878773576665647a447362
117375 1 12 20 4 2 1 1 0 0  aaaa99994888a9884999aaa878773366674557a266557
117377 1 12 20 4 2 2 1 0 0  aaaa99994888a9884999aaa878773366674257a566557
117478 1 12 20 7 1 2 0 0 0  aaaa99996888a9885999aaa878772576665434a476375
117484 1 12 20 7 2 2 0 0 0  aaaa99995888a9885999aaa878773576665644a476372
117488 1 12 20 7 3 1 0 0 0  aaaa99994888a9883999aaa878774476663565a276575
117490 1 12 20 7 3 2 0 0 0  aaaa99995888a9885999aaa878773576665464a476372
117498 1 12 20 7 5 0 0 0 0  aaaa99995888a9883999aaa878776375465526a474676
117508 1 12 20 8 0 2 0 0 0  aaaa99995888a9885999aaa878777576635646a447362
117522 1 12 20 8 3 0 0 0 0  aaaa99995888a9883999aaa878777376662654a447565
117524 1 12 20 8 3 1 0 0 0  aaaa99995888a9883999aaa878777376662645a447565
117526 1 12 20 8 3 2 0 0 0  aaaa99995888a9885999aaa878777576665644a437362
117534 1 12 20 8 5 0 0 0 0  aaaa99995888a9884999aaa878777275645563a637664
117612 1 12 21 0 0 0 0 0 0  aaaa99994888a9888999aaa378766375646557a762574
117630 1 12 21 0 3 0 0 0 0  aaaa99995888a9888999aaa378766675645547a763472
117706 1 12 21 2 3 2 0 0 0  aaaa99995888a9888999aaa578773576665647a447362
117771 1 12 21 4 2 1 1 0 0  aaaa99994888a9888999aaa478773366674557a266557
117773 1 12 21 4 2 2 1 0 0  aaaa99994888a9888999aaa478773366674257a566557
117874 1 12 21 7 1 2 0 0 0  aaaa99996888a9888999aaa578772576665434a476375
117880 1 12 21 7 2 2 0 0 0  aaaa99995888a9888999aaa578773576665644a476372
117884 1 12 21 7 3 1 0 0 0  aaaa99994888a9888999aaa378774476663565a276575
117886 1 12 21 7 3 2 0 0 0  aaaa99995888a9888999aaa578773576665464a476372
117894 1 12 21 7 5 0 0 0 0  aaaa99995888a9888999aaa378776375465526a474676
117904 1 12 21 8 0 2 0 0 0  aaaa99995888a9888999aaa578777576635646a447362
117918 1 12 21 8 3 0 0 0 0  aaaa99995888a9888999aaa378777376662654a447565
117920 1 12 21 8 3 1 0 0 0  aaaa99995888a9888999aaa378777376662645a447565
117922 1 12 21 8 3 2 0 0 0  aaaa99995888a9888999aaa578777576665644a437362
117930 1 12 21 8 5 0 0 0 0  aaaa99995888a9888999aaa478777275645563a637664
118224 1 12 22 6 0 0 0 0 0  aaaa99995787a9774999aaa388888877663665a455246
118282 1 12 22 7 3 2 0 0 0  aaaa99994787a9753999aaa788888876663625a744565
118290 1 12 22 7 5 0 0 0 0  aaaa99995787a9764999aaa788888875465526a763643
118404 1 13 0 0 0 0 0 0 0  aaaa99988278a9785899aaa876596587394677a546634
118405 1 13 0 0 0 0 1 0 0  aaaa99988278a9785899aaa876596587493677a456643
118407 1 13 0 0 0 1 1 0 0  aaaa99988278a9784899aaa876596587394677a556634
118409 1 13 0 0 0 2 1 0 0  aaaa99988278a9785899aaa876496587395677a446635
118413 1 13 0 0 1 1 1 0 0  aaaa99988278a9784899aaa876596687394677a655534
118414 1 13 0 0 1 2 0 0 0  aaaa99988278a9785899aaa876496687395677a645354
118415 1 13 0 0 1 2 1 0 0  aaaa99988278a9785899aaa876396687495677a635445
118419 1 13 0 0 2 1 1 0 0  aaaa99988378a9783899aaa876696487594277a656554
118420 1 13 0 0 2 2 0 0 0  aaaa99988278a9785899aaa876696587395477a646354
118421 1 13 0 0 2 2 1 0 0  aaaa99988278a9785899aaa876696587495377a636445
118427 1 13 0 0 3 2 1 0 0  aaaa99988278a9784899aaa876596687394677a555634
118431 1 13 0 0 4 1 1 0 0  aaaa99988278a9784899aaa876696687394577a655534
118432 1 13 0 0 4 2 0 0 0  aaaa99988278a9785899aaa876696687395477a645354
118433 1 13 0 0 4 2 1 0 0  aaaa99988278a9785899aaa876696687495377a635445
118434 1 13 0 0 5 0 0 0 0  aaaa99988478a9784899aaa872695587395677a666534
118435 1 13 0 0 5 0 1 0 0  aaaa99988278a9785899aaa874694487595677a666533
118437 1 13 0 0 5 1 1 0 0  aaaa99988278a9784899aaa875695587394677a666534
118438 1 13 0 0 5 2 0 0 0  aaaa99988278a9785899aaa874694587395677a666354
118439 1 13 0 0 5 2 1 0 0  aaaa99988278a9785899aaa873693587495677a666445
118657 1 13 0 7 0 0 1 0 0  aaaa99988278a9787899aaa876694386595576a547634
118661 1 13 0 7 0 2 1 0 0  aaaa99988278a9787899aaa876395683496675a657445
118663 1 13 0 7 1 0 1 0 0  aaaa99988278a9787899aaa876694685395576a347654
118666 1 13 0 7 1 2 0 0 0  aaaa99988278a9787899aaa876694685394576a557634
118667 1 13 0 7 1 2 1 0 0  aaaa99988278a9787899aaa876696486694375a357545
118668 1 13 0 7 2 0 0 0 0  aaaa99988278a9787899aaa876696586595374a637544
118669 1 13 0 7 2 0 1 0 0  aaaa99988278a9787899aaa876696486595375a637544
118672 1 13 0 7 2 2 0 0 0  aaaa99988278a9787899aaa876696586495374a637455
118673 1 13 0 7 2 2 1 0 0  aaaa99988278a9787899aaa876694685396574a557364
118675 1 13 0 7 3 0 1 0 0  aaaa99988278a9787899aaa876694686595576a547433
118679 1 13 0 7 3 2 1 0 0  aaaa99988278a9787899aaa876693685496576a557443
118680 1 13 0 7 4 0 0 0 0  aaaa99988278a9787899aaa876696686595374a537445
118681 1 13 0 7 4 0 1 0 0  aaaa99988278a9787899aaa876696686593575a547434
118684 1 13 0 7 4 2 0 0 0  aaaa99988278a9787899aaa876696686594374a537554
118685 1 13 0 7 4 2 1 0 0  aaaa99988278a9787899aaa876696685496573a557443
118688 1 13 0 7 5 1 0 0 0  aaaa99988278a9787899aaa875695586394674a667534
118689 1 13 0 7 5 1 1 0 0  aaaa99988278a9787899aaa875695586495673a667443
118691 1 13 0 7 5 2 1 0 0  aaaa99988278a9787899aaa847694486597653a766553
118764 1 13 0 10 0 0 0 0 0  aaaa99988278a9686899aaa877797786694553a454356
118765 1 13 0 10 0 0 1 0 0  aaaa99988278a9686899aaa877797786695553a435446
118766 1 13 0 10 0 1 0 0 0  aaaa99988278a9686899aaa877797786694555a435346
118767 1 13 0 10 0 1 1 0 0  aaaa99988278a9686899aaa877797786695543a535446
118768 1 13 0 10 0 2 0 0 0  aaaa99988278a9686899aaa877797786694543a555346
118769 1 13 0 10 0 2 1 0 0  aaaa99988278a9686899aaa877797785496663a555443
118794 1 13 0 10 5 0 0 0 0  aaaa99988278a9585899aaa877797786594643a666345
118795 1 13 0 10 5 0 1 0 0  aaaa99988278a9585899aaa877797786495653a666443
118980 1 13 1 5 0 0 0 0 0  aaaa99988888a9777299aaa866597544796678a534365
118981 1 13 1 5 0 0 1 0 0  aaaa99988888a9777599aaa866597255796678a444363
118985 1 13 1 5 0 2 1 0 0  aaaa99988888a9777399aaa866597325796678a545464
119052 1 13 1 7 0 0 0 0 0  aaaa99988888a9777299aaa866597546794568a367354
119053 1 13 1 7 0 0 1 0 0  aaaa99988888a9777299aaa866597536793568a467445
119057 1 13 1 7 0 2 1 0 0  aaaa99988888a9777399aaa866597325796648a557446
119237 1 13 2 1 0 2 1 0 0  aaaa99966888a9777799aaa875696352796855a848434
119243 1 13 2 1 1 2 1 0 0  aaaa99954888a9777799aaa876696462796835a858534
119261 1 13 2 1 4 2 1 0 0  aaaa99954888a9777799aaa876696662794835a858534
119265 1 13 2 1 5 1 1 0 0  aaaa99964888a9777799aaa875596552794836a868634
119266 1 13 2 1 5 2 0 0 0  aaaa99965888a9777799aaa874496533795846a868652
119268 1 13 2 2 0 0 0 0 0  aaaa99974888a9777499aaa876695462796855a868353
119269 1 13 2 2 0 0 1 0 0  aaaa99975888a9777499aaa876694462796855a868353
119273 1 13 2 2 0 2 1 0 0  aaaa99974888a9777299aaa876695436793865a858645
119279 1 13 2 2 1 2 1 0 0  aaaa99974888a9777699aaa876695462796835a858534
119309 1 13 2 3 0 2 1 0 0  aaaa99966888a9756799aaa877795462794836a858534
119375 1 13 2 4 5 2 1 0 0  aaaa99954888a9777699aaa876696672794835a858534
119377 1 13 2 5 0 0 1 0 0  aaaa99976888a9777399aaa866593525796876a848454
119383 1 13 2 5 1 0 1 0 0  aaaa99975888a9777699aaa866295536794873a868544
119387 1 13 2 5 1 2 1 0 0  aaaa99974888a9777699aaa866295436793875a868545
119393 1 13 2 5 2 2 1 0 0  aaaa99974888a9777699aaa866395326796875a858544
119399 1 13 2 5 3 2 1 0 0  aaaa99974888a9777699aaa866295436793876a858545
119404 1 13 2 5 4 2 0 0 0  aaaa99974888a9777699aaa866695233796875a858445
119434 1 13 2 6 3 2 0 0 0  aaaa99964888a9666799aaa877795233797865a858445
119444 1 13 2 6 5 1 0 0 0  aaaa99964888a9563799aaa877796352797856a868454
119446 1 13 2 6 5 2 0 0 0  aaaa99965888a9365799aaa877796544797846a868352
119461 1 13 2 7 2 0 1 0 0  aaaa99973888a9777699aaa866295756796854a848534
119471 1 13 2 7 3 2 1 0 0  aaaa99974888a9777699aaa866295736793865a858544
119567 1 13 2 10 1 2 1 0 0  aaaa99954888a9666799aaa877797762694835a858534
119874 1 13 3 7 5 0 0 0 0  aaaa99988888a9777299aaa858697556794634a667354
119875 1 13 3 7 5 0 1 0 0  aaaa99988888a9777599aaa858697356793654a667424
119959 1 13 3 10 1 0 1 0 0  aaaa99988888a9666299aaa868795547695744a777533
119970 1 13 3 10 3 0 0 0 0  aaaa99988888a9666299aaa858796557694734a777354
119971 1 13 3 10 3 0 1 0 0  aaaa99988888a9666599aaa858796357693754a777424
120005 1 13 4 0 2 2 1 0 0  aaaa99958888a9774799aaa868697672794635a658534
120017 1 13 4 0 4 2 1 0 0  aaaa99958888a9774799aaa828697676794635a658534
120061 1 13 4 2 0 0 1 0 0  aaaa99978888a9777399aaa878696356796526a548454
120065 1 13 4 2 0 2 1 0 0  aaaa99978888a9777299aaa878696566795444a338655
120091 1 13 4 2 5 0 1 0 0  aaaa99978888a9777299aaa878695546795644a668533
120167 1 13 4 4 5 2 1 0 0  aaaa99958888a9777299aaa878695476794635a668534
120168 1 13 4 5 0 0 0 0 0  aaaa99978888a9777299aaa868695564794476a658353
120169 1 13 4 5 0 0 1 0 0  aaaa99978888a9777299aaa868695564795476a648533
120241 1 13 4 7 0 0 1 0 0  aaaa99978888a9777299aaa868694765795536a648354
120245 1 13 4 7 0 2 1 0 0  aaaa99978888a9777299aaa868695764793465a468535
120775 1 13 5 10 5 0 1 0 0  aaaa99976858a9876899aaa852897685496547a476733
120785 1 13 6 0 0 2 1 0 0  aaaa99958888a9776799aaa868697472796835a654534
120803 1 13 6 0 3 2 1 0 0  aaaa99958888a9776799aaa868697672794835a654534
120853 1 13 6 2 0 0 1 0 0  aaaa99978888a9777299aaa878696456796856a554343
120855 1 13 6 2 0 1 1 0 0  aaaa99978888a9777299aaa878696456796856a534543
120857 1 13 6 2 0 2 1 0 0  aaaa99978888a9777299aaa878696566795834a345654
120883 1 13 6 2 5 0 1 0 0  aaaa99978888a9777299aaa878695546795844a666533
120959 1 13 6 4 5 2 1 0 0  aaaa99958888a9777299aaa878695476794835a666534
120961 1 13 6 5 0 0 1 0 0  aaaa99978888a9777299aaa868695564795876a644533
120965 1 13 6 5 0 2 1 0 0  aaaa99978888a9777299aaa868695463794876a653545
121033 1 13 6 7 0 0 1 0 0  aaaa99978888a9777299aaa868695765795846a653443
121036 1 13 6 7 0 2 0 0 0  aaaa99978888a9777299aaa868695763794846a653545
121037 1 13 6 7 0 2 1 0 0  aaaa99978888a9777299aaa868695764793865a464535
121055 1 13 6 7 3 2 1 0 0  aaaa99978888a9777699aaa868695762794835a654534
121453 1 13 7 7 4 0 1 0 0  aaaa99988888a9853499aaa877794456796657a667532
121649 1 13 8 2 0 2 1 0 0  aaaa99978888a9777299aaa878896665793546a556443
121675 1 13 8 2 5 0 1 0 0  aaaa99978888a9777299aaa878895546795644a666533
121717 1 13 8 4 0 0 1 0 0  aaaa99948888a9777299aaa878896675796656a345354
121745 1 13 8 4 4 2 1 0 0  aaaa99958888a9777299aaa878895476796635a664534
121751 1 13 8 4 5 2 1 0 0  aaaa99958888a9777299aaa878895476794635a666534
121967 1 13 8 10 5 2 1 0 0  aaaa99968888a9764299aaa858896455795376a763774
122041 1 13 9 2 0 0 1 0 0  aaaa99978888a9777299aaa878696468794655a533645
122071 1 13 9 2 5 0 1 0 0  aaaa99978888a9777299aaa878695548795644a666533
122147 1 13 9 4 5 2 1 0 0  aaaa99958888a9777299aaa878695478794635a666534
122149 1 13 9 5 0 0 1 0 0  aaaa99978888a9777299aaa868695568795476a644533
122153 1 13 9 5 0 2 1 0 0  aaaa99978888a9777299aaa868695468794376a653545
122466 1 13 10 2 5 0 0 0 0  aaaa99968888a9865799aaa878796475495527a763643
122634 1 13 10 7 3 0 0 0 0  aaaa99978888a9855299aaa878797576696645a734643
122635 1 13 10 7 3 0 1 0 0  aaaa99978888a9855299aaa878797576696633a754644
122637 1 13 10 7 3 1 1 0 0  aaaa99978888a9855299aaa878797476696635a754634
122647 1 13 10 7 5 0 1 0 0  aaaa99978888a9864399aaa878797375594526a764656
122682 1 13 10 8 5 0 0 0 0  aaaa99968888a9865799aaa878797475495526a763643
122759 1 13 10 10 5 2 1 0 0  aaaa99968888a9864299aaa858796457595736a777634
122764 1 13 11 0 0 2 0 0 0  aaaa99968888a9885299aaa877696567495673a474375
123012 1 13 11 7 0 0 0 0 0  aaaa99948888a9886299aaa877796656795547a367435
123017 1 13 11 7 0 2 1 0 0  aaaa99938888a9886299aaa877796644794657a567553
123037 1 13 11 7 4 0 1 0 0  aaaa99958888a9883499aaa877794456796657a667532
123221 1 13 12 1 4 2 1 0 0  aaaa99958888a9854799aaa877295467396666a758734
123225 1 13 12 1 5 1 1 0 0  aaaa99968888a9864799aaa877296457595536a768734
123226 1 13 12 1 5 2 0 0 0  aaaa99968888a9865799aaa877496547395436a768752
123227 1 13 12 1 5 2 1 0 0  aaaa99968888a9865799aaa877296547395446a768735
123329 1 13 12 4 4 2 1 0 0  aaaa99958888a9854799aaa877295467396666a778534
123333 1 13 12 4 5 1 1 0 0  aaaa99968888a9864799aaa877296457595536a778634
123334 1 13 12 4 5 2 0 0 0  aaaa99968888a9865799aaa877496547395436a778652
123335 1 13 12 4 5 2 1 0 0  aaaa99968888a9865799aaa877296547395446a778635
123337 1 13 12 5 0 0 1 0 0  aaaa99948888a9866799aaa877696257796537a548534
123406 1 13 12 6 5 2 0 0 0  aaaa99968888a9865799aaa877796544797346a368255
123409 1 13 12 7 0 0 1 0 0  aaaa99948888a9866699aaa877796253597574a378564
123718 1 13 13 4 3 2 0 0 0  aaaa99957878a9887899aaa878795366693446a256475
123834 1 13 13 7 5 0 0 0 0  aaaa99965878a9887899aaa878796475495526a763643
123949 1 13 14 0 0 0 1 0 0  aaaa99977888a9866799aaa728898676595457a464335
123953 1 13 14 0 0 2 1 0 0  aaaa99977888a9866799aaa728898676594357a563544
124000 1 13 14 1 2 2 0 0 0  aaaa99954888a9853799aaa378898776696765a744625
124006 1 13 14 1 3 2 0 0 0  aaaa99954888a9853799aaa378898776696765a762445
124012 1 13 14 1 4 2 0 0 0  aaaa99954888a9853799aaa378898776692765a744665
124014 1 13 14 1 5 0 0 0 0  aaaa99965888a9864799aaa378898774595756a764632
124016 1 13 14 1 5 1 0 0 0  aaaa99965888a9864799aaa378898775595746a763642
124208 1 13 14 7 1 1 0 0 0  aaaa99965888a9844799aaa478898377593676a676552
124214 1 13 14 7 2 1 0 0 0  aaaa99954888a9844799aaa578898377693675a676625
124216 1 13 14 7 2 2 0 0 0  aaaa99945888a9835799aaa578898577694673a676624
124220 1 13 14 7 3 1 0 0 0  aaaa99954888a9853799aaa578898377692676a676445
124222 1 13 14 7 3 2 0 0 0  aaaa99945888a9835799aaa578898577692676a676443
124226 1 13 14 7 4 1 0 0 0  aaaa99954888a9844799aaa578898377693675a672665
124228 1 13 14 7 4 2 0 0 0  aaaa99945888a9835799aaa578898577694673a672664
124232 1 13 14 7 5 1 0 0 0  aaaa99965888a9864799aaa378898377494576a575626
124244 1 13 14 8 1 1 0 0 0  aaaa99956888a9844799aaa478898377793657a662565
124246 1 13 14 8 1 2 0 0 0  aaaa99946888a9835799aaa578898577795647a662463
124248 1 13 14 8 2 0 0 0 0  aaaa99965888a9855799aaa478898377793647a662546
124250 1 13 14 8 2 1 0 0 0  aaaa99965888a9865799aaa478898377793657a662454
124256 1 13 14 8 3 1 0 0 0  aaaa99965888a9844799aaa478898377793667a566552
124262 1 13 14 8 4 1 0 0 0  aaaa99965888a9844799aaa478898377793657a666552
124396 1 13 15 1 2 2 0 0 0  aaaa99954878a9877899aaa876696388793275a656445
124786 1 13 16 1 1 2 0 0 0  aaaa99954878a9877899aaa876696387693765a852445
124878 1 13 16 3 5 0 0 0 0  aaaa99975878a9874899aaa877796385495526a863646
124906 1 13 16 4 3 2 0 0 0  aaaa99954878a9877899aaa876696387793265a856445
124914 1 13 16 4 5 0 0 0 0  aaaa99965878a9877899aaa875496587794536a864632
124986 1 13 16 6 5 0 0 0 0  aaaa99965878a9877899aaa877796485495526a863643
124995 1 13 16 7 0 1 1 0 0  aaaa99974878a9877899aaa876695586394265a857634
125038 1 13 16 8 1 2 0 0 0  aaaa99954878a9873899aaa877795386796666a852445
125044 1 13 16 8 2 2 0 0 0  aaaa99954878a9873899aaa877795386792666a856445
125050 1 13 16 8 3 2 0 0 0  aaaa99954878a9873899aaa877795386792666a844565
125056 1 13 16 8 4 2 0 0 0  aaaa99954878a9873899aaa877795386792665a866445
125060 1 13 16 8 5 1 0 0 0  aaaa99965878a9874899aaa877796385793546a865642
125094 1 13 16 9 5 0 0 0 0  aaaa99965878a9867899aaa877797485495526a863643
125130 1 13 16 10 5 0 0 0 0  aaaa99965878a9864899aaa877797785495526a863643
125784 1 13 18 7 0 0 0 0 0  aaaa99975888a9884799aaa778897376693656a545264
125820 1 13 18 8 0 0 0 0 0  aaaa99975888a9884799aaa378897776693656a545264
125980 1 13 19 1 2 2 0 0 0  aaaa99954888a9853799aaa878794478693675a662765
125986 1 13 19 1 3 2 0 0 0  aaaa99954888a9853799aaa878794478693676a656725
125992 1 13 19 1 4 2 0 0 0  aaaa99954888a9853799aaa878794478693675a666725
125996 1 13 19 1 5 1 0 0 0  aaaa99965888a9864799aaa878796378494576a565732
126010 1 13 19 2 1 2 0 0 0  aaaa99954888a9853799aaa878795378692667a766445
126028 1 13 19 2 4 2 0 0 0  aaaa99954888a9853799aaa878795378692667a744665
126032 1 13 19 2 5 1 0 0 0  aaaa99965888a9864799aaa878796378593457a764652
126052 1 13 19 3 2 2 0 0 0  aaaa99954888a9844799aaa878797378693675a662565
126058 1 13 19 3 3 2 0 0 0  aaaa99954888a9853799aaa878797378692676a656445
126064 1 13 19 3 4 2 0 0 0  aaaa99954888a9853799aaa878797378692675a666445
126068 1 13 19 3 5 1 0 0 0  aaaa99965888a9864799aaa878797378494576a565632
126082 1 13 19 4 1 2 0 0 0  aaaa99954888a9853799aaa878795378696677a662445
126088 1 13 19 4 2 2 0 0 0  aaaa99954888a9853799aaa878794478693677a662565
126092 1 13 19 4 3 1 0 0 0  aaaa99965888a9854799aaa878795378693677a662445
126094 1 13 19 4 3 2 0 0 0  aaaa99965888a9845799aaa878793578695677a662443
126100 1 13 19 4 4 2 0 0 0  aaaa99954888a9853799aaa878795378692677a666445
126104 1 13 19 4 5 1 0 0 0  aaaa99965888a9864799aaa878796378494577a565632
126122 1 13 19 5 2 1 0 0 0  aaaa99965888a9864799aaa878794478793666a573552
126211 1 13 19 7 5 0 1 0 0  aaaa99975888a9864299aaa878797478595356a763646
126232 1 13 19 8 2 2 0 0 0  aaaa99954888a9853799aaa878797378692666a744565
126238 1 13 19 8 3 2 0 0 0  aaaa99954888a9853799aaa878797378692666a756445
126244 1 13 19 8 4 2 0 0 0  aaaa99954888a9853799aaa878797378692665a744665
126248 1 13 19 8 5 1 0 0 0  aaaa99965888a9864799aaa878797378593456a764652
126289 1 13 19 10 0 0 1 0 0  aaaa99975888a9874399aaa868697368595267a576744
126293 1 13 19 10 0 2 1 0 0  aaaa99975888a9875399aaa868697368495267a476745
126296 1 13 19 10 1 1 0 0 0  aaaa99975888a9874699aaa868697368494567a575732
126308 1 13 19 10 3 1 0 0 0  aaaa99975888a9874699aaa868697368593457a674752
126319 1 13 19 10 5 0 1 0 0  aaaa99976888a9876599aaa858297658496547a476733
126426 1 13 20 2 5 0 0 0 0  aaaa99965888a9884799aaa878796375495527a763646
126577 1 13 20 7 0 0 1 0 0  aaaa99975888a9884399aaa878797376694626a755564
126580 1 13 20 7 0 2 0 0 0  aaaa99975888a9885299aaa878797576695646a743463
126581 1 13 20 7 0 2 1 0 0  aaaa99975888a9885399aaa878797376695626a745464
126583 1 13 20 7 1 0 1 0 0  aaaa99975888a9884299aaa878797476696636a755534
126642 1 13 20 8 5 0 0 0 0  aaaa99965888a9884799aaa878797375495526a763646
126886 1 13 21 4 3 2 0 0 0  aaaa99957888a9888799aaa778795366693446a256475
127002 1 13 21 7 5 0 0 0 0  aaaa99965888a9888799aaa778796475495526a763643
127398 1 13 22 7 5 0 0 0 0  aaaa99965787a9764899aaa788898875495526a763643
127520 1 14 0 0 1 1 0 0 0  aaaa99995887a9754989aaa398677378666785a682445
127522 1 14 0 0 1 2 0 0 0  aaaa99995887a9745989aaa598677578666783a682443
127526 1 14 0 0 2 1 0 0 0  aaaa99995887a9764989aaa398577378666786a585442
127538 1 14 0 0 4 1 0 0 0  aaaa99995887a9754989aaa398677378644785a682665
127540 1 14 0 0 4 2 0 0 0  aaaa99995887a9745989aaa598677578644783a682663
127544 1 14 0 0 5 1 0 0 0  aaaa99995887a9764989aaa398577378464786a585626
127550 1 14 0 1 0 1 0 0 0  aaaa99995887a9774989aaa398766378646786a582554
127554 1 14 0 1 1 0 0 0 0  aaaa99995887a9774989aaa398766378655785a682446
127556 1 14 0 1 1 1 0 0 0  aaaa99995887a9775989aaa498766378655786a683442
127562 1 14 0 1 2 1 0 0 0  aaaa99995887a9774989aaa398766678653785a682445
127564 1 14 0 1 2 2 0 0 0  aaaa99995887a9775989aaa598766678645783a682443
127568 1 14 0 1 3 1 0 0 0  aaaa99995887a9774989aaa398766678644786a583552
127574 1 14 0 1 4 1 0 0 0  aaaa99995887a9774989aaa398765678644785a683625
127576 1 14 0 1 4 2 0 0 0  aaaa99995887a9775989aaa598764678635783a684624
127580 1 14 0 1 5 1 0 0 0  aaaa99995887a9774989aaa398765378644785a682665
127582 1 14 0 1 5 2 0 0 0  aaaa99995887a9775989aaa598764578644783a682663
127586 1 14 0 2 0 1 0 0 0  aaaa99995887a9774989aaa398676378464785a682565
127592 1 14 0 2 1 1 0 0 0  aaaa99995887a9774989aaa398676678653785a682445
127594 1 14 0 2 1 2 0 0 0  aaaa99995887a9775989aaa598676678645783a682443
127598 1 14 0 2 2 1 0 0 0  aaaa99995887a9774989aaa398676678563786a582454
127600 1 14 0 2 2 2 0 0 0  aaaa99995887a9775989aaa598676678465786a484332
127604 1 14 0 2 3 1 0 0 0  aaaa99995887a9774989aaa398676678563784a682554
127610 1 14 0 2 4 1 0 0 0  aaaa99995887a9774989aaa398675378644785a682665
127612 1 14 0 2 4 2 0 0 0  aaaa99995887a9775989aaa598674578644783a682663
127616 1 14 0 2 5 1 0 0 0  aaaa99995887a9774989aaa398576378464786a585626
127692 1 14 0 5 0 0 0 0 0  aaaa99995887a9773989aaa398676278467585a685464
127694 1 14 0 5 0 1 0 0 0  aaaa99994887a9773989aaa398676278567485a684565
127700 1 14 0 5 1 1 0 0 0  aaaa99994887a9773989aaa398676678657585a682445
127728 1 14 0 6 0 0 0 0 0  aaaa99995887a9777989aaa498676368455685a783642
127730 1 14 0 6 0 1 0 0 0  aaaa99995887a9777989aaa498676368555684a783624
127740 1 14 0 6 2 0 0 0 0  aaaa99994887a9777989aaa398676658563586a782454
127769 1 14 0 7 0 2 1 0 0  aaaa99995887a9775989aaa598676578634286a684347
127776 1 14 0 7 2 0 0 0 0  aaaa99995887a9774989aaa398676678455685a683247
127784 1 14 0 7 3 1 0 0 0  aaaa99994887a9773989aaa398676678562685a484557
127786 1 14 0 7 3 2 0 0 0  aaaa99995887a9775989aaa598676678465682a484337
127788 1 14 0 7 4 0 0 0 0  aaaa99995887a9774989aaa398676378455685a686247
127838 1 14 0 9 0 1 0 0 0  aaaa99995887a9664989aaa398664478777786a583552
128375 1 14 2 1 5 2 1 0 0  aaaa99994888a9777969aaa897275476666835a858534
128411 1 14 2 2 5 2 1 0 0  aaaa99994888a9777969aaa897275466676835a858534
128531 1 14 2 6 1 2 1 0 0  aaaa99994888a9666969aaa897775772654837a858534
128603 1 14 2 8 1 2 1 0 0  aaaa99994888a9666969aaa897775772654835a878534
128639 1 14 2 9 1 2 1 0 0  aaaa99994888a9666969aaa897777772654835a858534
128675 1 14 2 10 1 2 1 0 0  aaaa99994888a9666979aaa896265477777835a858534
128773 1 14 3 2 0 0 1 0 0  aaaa99996888a9777939aaa898776665573526a848454
128781 1 14 3 2 1 1 1 0 0  aaaa99994888a9777969aaa898775566374265a858634
128848 1 14 3 4 0 2 0 0 0  aaaa99994888a9777979aaa898665376763265a858445
128866 1 14 3 4 3 2 0 0 0  aaaa99994888a9777979aaa898666376753265a858445
128874 1 14 3 4 5 0 0 0 0  aaaa99994888a9777979aaa898556374764526a868653
128899 1 14 3 5 3 0 1 0 0  aaaa99994888a9777939aaa898676656753257a858644
128971 1 14 3 7 3 0 1 0 0  aaaa99997888a9777939aaa898676656573526a848454
129325 1 14 4 6 2 0 1 0 0  aaaa99998888a9666929aaa898777757645765a348354
129556 1 14 5 1 4 2 0 0 0  aaaa99994887a9877989aaa898766378653765a652445
129562 1 14 5 1 5 2 0 0 0  aaaa99994887a9877989aaa898765378653765a644625
129743 1 14 5 6 5 2 1 0 0  aaaa99995883a9865989aaa898777738765476a464652
129961 1 14 6 2 0 0 1 0 0  aaaa99998888a9777959aaa898776635376866a524544
130013 1 14 6 3 2 2 1 0 0  aaaa99998888a9666979aaa898777727654865a354534
130087 1 14 6 5 3 0 1 0 0  aaaa99998888a9777929aaa898676656754857a354634
130159 1 14 6 7 3 0 1 0 0  aaaa99998888a9777929aaa898676656475856a437345
130372 1 14 7 2 2 2 0 0 0  aaaa99994888a9853979aaa897774476663865a278565
130408 1 14 7 3 2 2 0 0 0  aaaa99994888a9844979aaa897777376663865a258565
130456 1 14 7 4 4 2 0 0 0  aaaa99994888a9853979aaa897774472676865a658635
130552 1 14 7 7 2 2 0 0 0  aaaa99994888a9853969aaa897775376644865a278675
130564 1 14 7 7 4 2 0 0 0  aaaa99993888a9853969aaa897775276466844a678575
130570 1 14 7 7 5 2 0 0 0  aaaa99993888a9853969aaa897775276666844a478575
130727 1 14 8 1 1 2 1 0 0  aaaa99998888a9777929aaa898866676754735a654534
130996 1 14 8 8 4 2 0 0 0  aaaa99998888a9664979aaa898865377753267a657445
131002 1 14 8 8 5 2 0 0 0  aaaa99998888a9654979aaa898865377744267a657635
131201 1 14 9 3 2 2 1 0 0  aaaa99998888a9666929aaa898777778654765a354534
131327 1 14 9 6 5 2 1 0 0  aaaa99998888a9765929aaa898777748765446a365635
131347 1 14 9 7 3 0 1 0 0  aaaa99998888a9777929aaa898676658475653a437645
131471 1 14 9 10 5 2 1 0 0  aaaa99998888a9765939aaa898476538765476a764752
131512 1 14 10 1 0 2 0 0 0  aaaa99998888a9857929aaa898777367657645a446635
131674 1 14 10 5 3 2 0 0 0  aaaa99998888a9854969aaa898777367653726a644575
132136 1 14 11 7 2 2 0 0 0  aaaa99998888a9883969aaa897775376652644a476575
132156 1 14 11 8 0 0 0 0 0  aaaa99998888a9885929aaa897777476655636a357464
132358 1 14 12 2 3 2 0 0 0  aaaa99998888a9853979aaa897775376662644a478565
132394 1 14 12 3 3 2 0 0 0  aaaa99998888a9853979aaa897777376662645a448565
132526 1 14 12 7 1 2 0 0 0  aaaa99998888a9854969aaa897775276644636a378575
132538 1 14 12 7 3 2 0 0 0  aaaa99998888a9853969aaa897775376652644a478675
132544 1 14 12 7 4 2 0 0 0  aaaa99998888a9853969aaa897775376662644a478575
132550 1 14 12 7 5 2 0 0 0  aaaa99998888a9853969aaa897775376666445a278475
132722 1 14 13 1 4 1 0 0 0  aaaa99994887a9883989aaa897774486576657a663525
132890 1 14 13 6 2 1 0 0 0  aaaa99995886a9884989aaa897777387663265a657445
132892 1 14 13 6 2 2 0 0 0  aaaa99995886a9885989aaa897777587665464a637423
133286 1 14 14 6 2 1 0 0 0  aaaa99995888a9854979aaa398868377657677a662445
133288 1 14 14 6 2 2 0 0 0  aaaa99995888a9845979aaa598868577637677a662443
133358 1 14 14 8 2 1 0 0 0  aaaa99994888a9853979aaa798868377744657a662565
133360 1 14 14 8 2 2 0 0 0  aaaa99995888a9845979aaa798868577735647a662463
133454 1 14 15 0 0 1 0 0 0  aaaa99994887a9873989aaa898877376644765a562556
133868 1 14 16 0 3 1 0 0 0  aaaa99995887a9874989aaa898677376663765a852445
133870 1 14 16 0 3 2 0 0 0  aaaa99995887a9875989aaa898677576665764a844332
133978 1 14 16 3 3 2 0 0 0  aaaa99994887a9853989aaa898777767663625a844565
133986 1 14 16 3 5 0 0 0 0  aaaa99995887a9864989aaa898777757465526a863643
134123 1 14 16 7 3 2 1 0 0  aaaa99997887a9877989aaa898667676354265a854534
134176 1 14 16 9 0 2 0 0 0  aaaa99994887a9857989aaa898665377773626a844565
134194 1 14 16 9 3 2 0 0 0  aaaa99994887a9857989aaa898666377773625a844565
134202 1 14 16 9 5 0 0 0 0  aaaa99995887a9867989aaa898546577774526a863643
134230 1 14 16 10 3 2 0 0 0  aaaa99994887a9853989aaa898666377777625a844565
134238 1 14 16 10 5 0 0 0 0  aaaa99995887a9864989aaa898546577777526a863643
134388 1 14 17 4 0 0 0 0 0  aaaa99995887a9884989aaa898777377663665a455246
134730 1 14 18 2 3 0 0 0 0  aaaa99995888a9884979aaa398877766763567a546254
134784 1 14 18 4 0 0 0 0 0  aaaa99995888a9884979aaa398877776763665a455246
134858 1 14 18 6 0 1 0 0 0  aaaa99995888a9884979aaa398866377567677a644552
134964 1 14 18 9 0 0 0 0 0  aaaa99995888a9884979aaa798866377773665a455246
135000 1 14 18 10 0 0 0 0 0  aaaa99995888a9884979aaa398866377777665a455246
135080 1 14 19 1 1 1 0 0 0  aaaa99995888a9864979aaa898777378663765a652445
135082 1 14 19 1 1 2 0 0 0  aaaa99995888a9865979aaa898777578665764a644332
135088 1 14 19 1 2 2 0 0 0  aaaa99994888a9853979aaa898777378666765a652445
135100 1 14 19 1 4 2 0 0 0  aaaa99994888a9853979aaa898777378656765a644625
135106 1 14 19 1 5 2 0 0 0  aaaa99994888a9853979aaa898777378652765a644665
135118 1 14 19 2 1 2 0 0 0  aaaa99994888a9844969aaa898777378663725a656575
135124 1 14 19 2 2 2 0 0 0  aaaa99994888a9853969aaa898777378662765a644575
135139 1 14 19 2 5 0 1 0 0  aaaa99995888a9864929aaa898777478565756a363674
135160 1 14 19 3 2 2 0 0 0  aaaa99994888a9853969aaa898777778663765a652445
135226 1 14 19 5 1 2 0 0 0  aaaa99994888a9853969aaa898777368762765a657445
135247 1 14 19 5 5 0 1 0 0  aaaa99995888a9864929aaa898777458765756a367634
135262 1 14 19 6 1 2 0 0 0  aaaa99994888a9853969aaa898777768763675a652445
135283 1 14 19 6 5 0 1 0 0  aaaa99995888a9864929aaa898777758765576a364634
135287 1 14 19 6 5 2 1 0 0  aaaa99995888a9865939aaa898777738765476a464652
135296 1 14 19 7 1 1 0 0 0  aaaa99995888a9874969aaa898777368763765a652445
135298 1 14 19 7 1 2 0 0 0  aaaa99995888a9875969aaa898777568765764a644332
135308 1 14 19 7 3 1 0 0 0  aaaa99995888a9874969aaa898777368763764a562554
135334 1 14 19 8 1 2 0 0 0  aaaa99994888a9853969aaa898777768763765a652445
135355 1 14 19 8 5 0 1 0 0  aaaa99995888a9864929aaa898777758765756a364634
135472 1 14 20 1 0 2 0 0 0  aaaa99997888a9885949aaa898777567647624a336655
135576 1 14 20 4 0 0 0 0 0  aaaa99995888a9884979aaa898777377663665a455246
135612 1 14 20 5 0 0 0 0 0  aaaa99995888a9884949aaa898777267654736a655376
135614 1 14 20 5 0 1 0 0 0  aaaa99994888a9883959aaa898777367655726a644576
135617 1 14 20 5 0 2 1 0 0  aaaa99995888a9885949aaa898777567644736a625376
135632 1 14 20 5 3 1 0 0 0  aaaa99994888a9883969aaa898777367652756a644575
135634 1 14 20 5 3 2 0 0 0  aaaa99995888a9885969aaa898777567645736a644372
135648 1 14 20 6 0 0 0 0 0  aaaa99995888a9884929aaa898777767655736a644536
135692 1 14 20 7 1 1 0 0 0  aaaa99994888a9883969aaa898777367644675a562557
135704 1 14 20 7 3 1 0 0 0  aaaa99994888a9883969aaa898777367644675a555627
135708 1 14 20 7 4 0 0 0 0  aaaa99995888a9884969aaa898777367663675a455247
135972 1 14 21 4 0 0 0 0 0  aaaa99995888a9888979aaa498777377663665a455246
136440 1 14 22 6 0 0 0 0 0  aaaa99995778a9774989aaa397766388888665a455246
136498 1 14 22 7 3 2 0 0 0  aaaa99994778a9753989aaa797666388888625a744565
136506 1 14 22 7 5 0 0 0 0  aaaa99995778a9764989aaa797546588888526a763643
136654 1 15 0 0 5 2 0 0 0  aaaa99988778a9684999aaa778369878652365a657445
136799 1 15 0 4 5 2 1 0 0  aaaa99988778a9782999aaa738469838657465a647565
137005 1 15 0 10 4 0 1 0 0  aaaa99988268a9784999aaa468579868766575a733745
137140 1 15 1 3 2 2 0 0 0  aaaa99988888a9574999aaa877779366673258a566454
137256 1 15 1 6 4 0 0 0 0  aaaa99988888a9553999aaa877779346677648a566425
137483 1 15 2 1 5 2 1 0 0  aaaa99965888a9777999aaa873379572465846a868645
137495 1 15 2 2 1 2 1 0 0  aaaa99974888a9777999aaa876679662654835a858534
137573 1 15 2 4 2 2 1 0 0  aaaa99954888a9777999aaa877279466356866a858534
137585 1 15 2 4 4 2 1 0 0  aaaa99954888a9777999aaa877279466656836a858534
137591 1 15 2 4 5 2 1 0 0  aaaa99954888a9777999aaa877279466666835a858534
137597 1 15 2 5 0 2 1 0 0  aaaa99974888a9777999aaa866279436753865a868545
137639 1 15 2 6 1 2 1 0 0  aaaa99954888a9666999aaa877779462677835a858534
137644 1 15 2 6 2 2 0 0 0  aaaa99954888a9666999aaa877779233677865a858445
137656 1 15 2 6 4 2 0 0 0  aaaa99953888a9656999aaa877779344677865a848625
137662 1 15 2 6 5 2 0 0 0  aaaa99953888a9653999aaa877779244677865a848665
137711 1 15 2 8 1 2 1 0 0  aaaa99954888a9666999aaa877779462657837a858534
137716 1 15 2 8 2 2 0 0 0  aaaa99954888a9666999aaa877779233657867a858445
137734 1 15 2 8 5 2 0 0 0  aaaa99953888a9653999aaa877779244657867a848665
137747 1 15 2 9 1 2 1 0 0  aaaa99954888a9666999aaa877779762674835a858534
137783 1 15 2 10 1 2 1 0 0  aaaa99954888a9666999aaa876269477777835a858534
138562 1 15 4 9 5 2 0 0 0  aaaa99958888a9653999aaa878469777773464a658625
139199 1 15 6 5 3 2 1 0 0  aaaa99978888a9777999aaa868679662754835a654534
140574 1 15 9 10 5 0 0 0 0  aaaa99968888a9765999aaa858479558764276a764733
140579 1 15 9 10 5 2 1 0 0  aaaa99968888a9765999aaa838479538765476a764752
140674 1 15 10 2 3 2 0 0 0  aaaa99958888a9853999aaa878779376662647a447565
140842 1 15 10 7 1 2 0 0 0  aaaa99958888a9856999aaa878779376663445a276475
140848 1 15 10 7 2 2 0 0 0  aaaa99958888a9853999aaa878779376662644a476575
140854 1 15 10 7 3 2 0 0 0  aaaa99958888a9853999aaa878779376662465a476475
140862 1 15 10 7 5 0 0 0 0  aaaa99968888a9865999aaa878779375465526a474673
140999 1 15 11 0 3 2 1 0 0  aaaa99958888a9884999aaa877669627654675a373574
141000 1 15 11 0 4 0 0 0 0  aaaa99948888a9885999aaa877549567666673a572473
141182 1 15 11 5 4 1 0 0 0  aaaa99948888a9884999aaa877759356767657a626534
141184 1 15 11 5 4 2 0 0 0  aaaa99958888a9883999aaa877749426767647a656535
141248 1 15 11 7 3 1 0 0 0  aaaa99948888a9884999aaa877759366726567a567534
141250 1 15 11 7 3 2 0 0 0  aaaa99958888a9883999aaa877749466756267a467535
141278 1 15 11 8 2 1 0 0 0  aaaa99958888a9884999aaa877779366647257a566534
141280 1 15 11 8 2 2 0 0 0  aaaa99958888a9883999aaa877779366657447a266545
141454 1 15 12 2 1 2 0 0 0  aaaa99958888a9853999aaa877769366762467a458475
141526 1 15 12 4 1 2 0 0 0  aaaa99958888a9853999aaa877769366762464a458775
141537 1 15 12 4 3 1 1 0 0  aaaa99958888a9854999aaa877739466726565a368774
141586 1 15 12 5 5 2 0 0 0  aaaa99958888a9853999aaa877769344757267a648665
141604 1 15 12 6 2 2 0 0 0  aaaa99958888a9853999aaa877779366677445a248665
141610 1 15 12 6 3 2 0 0 0  aaaa99958888a9853999aaa877779366677446a258465
141616 1 15 12 6 4 2 0 0 0  aaaa99958888a9853999aaa877779364477666a258465
141622 1 15 12 6 5 2 0 0 0  aaaa99958888a9853999aaa877779344677265a648665
141658 1 15 12 7 5 2 0 0 0  aaaa99958888a9853999aaa877769344657274a678665
141676 1 15 12 8 2 2 0 0 0  aaaa99958888a9853999aaa877779366657447a248665
141688 1 15 12 8 4 2 0 0 0  aaaa99958888a9853999aaa877779366667447a258465
141694 1 15 12 8 5 2 0 0 0  aaaa99958888a9853999aaa877779344657267a648665
141769 1 15 13 0 0 0 1 0 0  aaaa99977888a9866999aaa628879776575458a464335
141773 1 15 13 0 0 2 1 0 0  aaaa99977888a9866999aaa628879776574358a563544
141892 1 15 13 3 2 2 0 0 0  aaaa99957888a9854999aaa378869777744628a663565
141926 1 15 13 4 2 1 0 0 0  aaaa99954888a9844999aaa378879767663758a672565
141928 1 15 13 4 2 2 0 0 0  aaaa99945888a9835999aaa578879767665748a672463
141998 1 15 13 6 2 1 0 0 0  aaaa99954888a9844999aaa378879777673658a662565
142000 1 15 13 6 2 2 0 0 0  aaaa99945888a9835999aaa578879777675648a662463
142042 1 15 13 7 3 2 0 0 0  aaaa99957888a9854999aaa378879776663628a744565
142050 1 15 13 7 5 0 0 0 0  aaaa99967888a9865999aaa478879775465528a763643
142070 1 15 13 8 2 1 0 0 0  aaaa99954888a9853999aaa578869777673678a662445
142072 1 15 13 8 2 2 0 0 0  aaaa99945888a9835999aaa578869777675678a662443
142076 1 15 13 8 3 1 0 0 0  aaaa99965888a9844999aaa478869777573678a663552
142106 1 15 13 9 2 1 0 0 0  aaaa99954888a9844999aaa378869777773658a662565
142108 1 15 13 9 2 2 0 0 0  aaaa99945888a9835999aaa578869777775648a662463
142112 1 15 13 9 3 1 0 0 0  aaaa99964888a9844999aaa378859777773668a566525
142142 1 15 13 10 2 1 0 0 0  aaaa99954888a9844999aaa378869377777658a662565
142144 1 15 13 10 2 2 0 0 0  aaaa99945888a9835999aaa578869577777648a662463
142264 1 15 14 2 4 2 0 0 0  aaaa99954888a9853999aaa378879877644627a666575
142268 1 15 14 2 5 1 0 0 0  aaaa99965888a9863999aaa378879877464547a565672
142294 1 15 14 3 3 2 0 0 0  aaaa99954888a9844999aaa378879877673666a256575
142300 1 15 14 3 4 2 0 0 0  aaaa99954888a9844999aaa378879877673625a666575
142304 1 15 14 3 5 1 0 0 0  aaaa99965888a9863999aaa378879877474546a565672
142336 1 15 14 4 4 2 0 0 0  aaaa99954888a9853999aaa378879877644625a666775
142340 1 15 14 4 5 1 0 0 0  aaaa99965888a9863999aaa378879877464546a565772
142390 1 15 14 6 1 2 0 0 0  aaaa99956888a9853999aaa378849877447677a662565
142396 1 15 14 6 2 2 0 0 0  aaaa99954888a9853999aaa378869877657677a662445
142432 1 15 14 7 2 2 0 0 0  aaaa99954888a9853999aaa378879877666267a657445
142444 1 15 14 7 4 2 0 0 0  aaaa99954888a9844999aaa378879877656267a657635
142450 1 15 14 7 5 2 0 0 0  aaaa99954888a9853999aaa378879877644267a657665
142468 1 15 14 8 2 2 0 0 0  aaaa99954888a9844999aaa378879877657627a663565
142632 1 15 15 2 0 0 0 0 0  aaaa99975888a9777999aaa378879366882565a465464
143446 1 15 17 2 3 2 0 0 0  aaaa99954888a9853999aaa878879776663627a744565
143454 1 15 17 2 5 0 0 0 0  aaaa99965888a9864999aaa878879775465527a763643
143656 1 15 17 8 2 2 0 0 0  aaaa99954888a9853999aaa878869777744627a663565
143749 1 15 18 0 0 0 1 0 0  aaaa99977888a9884999aaa438879776673656a554265
143840 1 15 18 2 3 1 0 0 0  aaaa99954888a9883999aaa378879776662657a744565
143842 1 15 18 2 3 2 0 0 0  aaaa99945888a9885999aaa578879776665637a744362
143850 1 15 18 2 5 0 0 0 0  aaaa99965888a9884999aaa378879775465527a763646
144004 1 15 18 7 0 2 0 0 0  aaaa99957888a9884999aaa378879776653626a744565
144022 1 15 18 7 3 2 0 0 0  aaaa99957888a9884999aaa378879776663625a744565
144030 1 15 18 7 5 0 0 0 0  aaaa99967888a9885999aaa478879775465526a763643
144050 1 15 18 8 2 1 0 0 0  aaaa99954888a9883999aaa378869777744657a662565
144052 1 15 18 8 2 2 0 0 0  aaaa99945888a9885999aaa578869777735647a662463
144056 1 15 18 8 3 1 0 0 0  aaaa99964888a9883999aaa378859777744667a566525
144161 1 15 19 0 2 2 1 0 0  aaaa99977888a9854999aaa868739778676265a654534
144179 1 15 19 0 5 2 1 0 0  aaaa99977888a9854999aaa828769778674365a653645
144232 1 15 19 2 2 2 0 0 0  aaaa99954888a9853999aaa878779378666267a657445
144244 1 15 19 2 4 2 0 0 0  aaaa99954888a9844999aaa878779378656267a657635
144250 1 15 19 2 5 2 0 0 0  aaaa99954888a9853999aaa878779378644267a657665
144288 1 15 19 4 0 0 0 0 0  aaaa99975888a9873999aaa878779368672655a446654
144340 1 15 19 5 2 2 0 0 0  aaaa99954888a9844999aaa878779378673666a257565
144352 1 15 19 5 4 2 0 0 0  aaaa99954888a9844999aaa878779378676265a657635
144358 1 15 19 5 5 2 0 0 0  aaaa99954888a9844999aaa878779378673265a657665
144396 1 15 19 7 0 0 0 0 0  aaaa99966888a9856999aaa878779378663545a572474
144428 1 15 19 7 5 1 0 0 0  aaaa99965888a9863999aaa878779378464546a575672
144534 1 15 19 10 5 0 0 0 0  aaaa99965888a9864999aaa858479558763276a764773
144594 1 15 20 1 3 0 0 0 0  aaaa99975888a9884999aaa878779376663657a545264
144634 1 15 20 2 3 2 0 0 0  aaaa99935888a9885999aaa878779576665647a447362
144692 1 15 20 4 1 1 0 0 0  aaaa99974888a9883999aaa878779366576567a545624
144698 1 15 20 4 2 1 0 0 0  aaaa99975888a9884999aaa878779366673257a566454
144700 1 15 20 4 2 2 0 0 0  aaaa99975888a9885999aaa878779566675447a366432
144802 1 15 20 7 1 2 0 0 0  aaaa99926888a9885999aaa878779576665434a476375
144808 1 15 20 7 2 2 0 0 0  aaaa99935888a9885999aaa878779576665644a476372
144812 1 15 20 7 3 1 0 0 0  aaaa99944888a9884999aaa878779376663565a276575
144814 1 15 20 7 3 2 0 0 0  aaaa99935888a9885999aaa878779576665464a476372
144822 1 15 20 7 5 0 0 0 0  aaaa99965888a9883999aaa878779375465526a474676
144990 1 15 21 1 3 0 0 0 0  aaaa99975888a9888999aaa478779376663657a545264
145030 1 15 21 2 3 2 0 0 0  aaaa99935888a9888999aaa578779576665647a447362
145088 1 15 21 4 1 1 0 0 0  aaaa99974888a9888999aaa378779366576567a545624
145094 1 15 21 4 2 1 0 0 0  aaaa99975888a9888999aaa478779366673257a566454
145096 1 15 21 4 2 2 0 0 0  aaaa99975888a9888999aaa578779566675447a366432
145198 1 15 21 7 1 2 0 0 0  aaaa99926888a9888999aaa578779576665434a476375
145204 1 15 21 7 2 2 0 0 0  aaaa99935888a9888999aaa578779576665644a476372
145208 1 15 21 7 3 1 0 0 0  aaaa99944888a9888999aaa478779376663565a276575
145210 1 15 21 7 3 2 0 0 0  aaaa99935888a9888999aaa578779576665464a476372
145218 1 15 21 7 5 0 0 0 0  aaaa99965888a9888999aaa378779375465526a474676
145614 1 15 22 7 5 0 0 0 0  aaaa99965778a9764999aaa787549588888526a763643
145907 1 16 0 4 5 2 1 0 0  aaaa99988877a9798299aaa589768583645764a673654
146245 1 16 1 3 2 0 1 0 0  aaaa99988888a9595799aaa879773366675258a466447
146249 1 16 1 3 2 2 1 0 0  aaaa99988888a9594799aaa879773366674258a566547
146255 1 16 1 3 3 2 1 0 0  aaaa99988888a9594799aaa879772466576368a563547
146261 1 16 1 3 4 2 1 0 0  aaaa99988888a9594799aaa879772466676358a563547
146267 1 16 1 3 5 2 1 0 0  aaaa99988888a9594799aaa879772436573658a666547
146377 1 16 1 7 0 0 1 0 0  aaaa99988888a9796299aaa879776676565458a474335
146381 1 16 1 7 0 2 1 0 0  aaaa99988888a9796299aaa879776676564358a573544
146644 1 16 2 3 2 2 0 0 0  aaaa99954888a9693799aaa879775376662867a858445
146803 1 16 2 7 5 0 1 0 0  aaaa99965888a9794399aaa879776372565856a878644
146807 1 16 2 7 5 2 1 0 0  aaaa99965888a9795299aaa879776574464836a878635
146824 1 16 2 8 2 2 0 0 0  aaaa99954888a9693799aaa879775376662865a878445
146860 1 16 2 9 2 2 0 0 0  aaaa99954888a9693799aaa879777376662865a858445
147172 1 16 3 7 0 2 0 0 0  aaaa99988888a9795299aaa879877576635646a474365
147187 1 16 3 7 3 0 1 0 0  aaaa99988888a9794399aaa879877376664655a574265
147199 1 16 3 7 5 0 1 0 0  aaaa99988888a9794399aaa879877375654562a674665
147311 1 16 3 10 5 2 1 0 0  aaaa99988888a9694299aaa879865477777365a653645
147370 1 16 4 1 3 2 0 0 0  aaaa99958888a9693799aaa879875376662744a476585
147442 1 16 4 3 3 2 0 0 0  aaaa99958888a9693799aaa879877376662745a446585
147478 1 16 4 4 3 2 0 0 0  aaaa99958888a9693799aaa879875376662747a446585
147571 1 16 4 7 1 0 1 0 0  aaaa99978888a9796399aaa879877376665545a426485
147573 1 16 4 7 1 1 1 0 0  aaaa99978888a9796399aaa879877376665245a456485
147575 1 16 4 7 1 2 1 0 0  aaaa99978888a9794299aaa879877476656636a354585
147610 1 16 4 8 1 2 0 0 0  aaaa99958888a9796799aaa879877376663445a256485
147616 1 16 4 8 2 2 0 0 0  aaaa99958888a9793799aaa879877376662645a446585
147622 1 16 4 8 3 2 0 0 0  aaaa99958888a9793799aaa879877376662465a456485
147707 1 16 4 10 5 2 1 0 0  aaaa99958888a9694299aaa879865477777365a653684
147725 1 16 5 0 2 2 1 0 0  aaaa99977878a9894899aaa869867687357265a654534
147743 1 16 5 0 5 2 1 0 0  aaaa99977878a9894899aaa829867487657365a653645
148294 1 16 6 5 1 2 0 0 0  aaaa99968888a9794799aaa879875377663865a652445
148354 1 16 6 6 5 2 0 0 0  aaaa99958888a9694799aaa879877377653865a644625
148359 1 16 6 7 0 1 1 0 0  aaaa99978888a9794399aaa879877376654862a564556
148360 1 16 6 7 0 2 0 0 0  aaaa99978888a9795299aaa879877576635863a464456
148501 1 16 7 0 0 0 1 0 0  aaaa99988888a9894399aaa879766375656527a764574
148505 1 16 7 0 0 2 1 0 0  aaaa99988888a9895299aaa879766576645337a745476
148518 1 16 7 0 3 0 0 0 0  aaaa99988888a9895699aaa879766375645547a763472
148530 1 16 7 0 5 0 0 0 0  aaaa99988888a9895299aaa879756574563447a763676
148531 1 16 7 0 5 0 1 0 0  aaaa99988888a9895299aaa879756574464357a763676
148948 1 16 8 1 2 2 0 0 0  aaaa99958888a9694799aaa879887376663765a752445
149164 1 16 8 7 2 2 0 0 0  aaaa99978888a9597299aaa879887776664654a536354
149285 1 16 8 10 4 2 1 0 0  aaaa99958888a9694299aaa879885477777635a666534
149291 1 16 8 10 5 2 1 0 0  aaaa99958888a9694299aaa879885477777365a653664
149362 1 16 9 1 5 2 0 0 0  aaaa99958888a9694799aaa879875387653767a644625
149374 1 16 9 2 1 2 0 0 0  aaaa99968888a9794799aaa879875387663765a652445
149434 1 16 9 3 5 2 0 0 0  aaaa99958888a9694799aaa879877387653765a644625
149470 1 16 9 4 5 2 0 0 0  aaaa99958888a9694799aaa879875387644765a673625
149545 1 16 9 7 0 0 1 0 0  aaaa99978888a9794399aaa879877387664665a554256
149561 1 16 9 7 2 2 1 0 0  aaaa99978888a9794299aaa879877487666365a653545
149662 1 16 9 10 1 2 0 0 0  aaaa99958888a9794699aaa869876386753675a744725
149683 1 16 9 10 5 0 1 0 0  aaaa99968888a9795299aaa859876585764376a763744
149687 1 16 9 10 5 2 1 0 0  aaaa99968888a9795399aaa839876584765476a764752
149689 1 16 10 0 0 0 1 0 0  aaaa99948888a9896299aaa879876676563557a757434
149691 1 16 10 0 0 1 1 0 0  aaaa99948888a9896299aaa879876676563557a747534
149693 1 16 10 0 0 2 1 0 0  aaaa99938888a9896299aaa879876675555647a767443
149717 1 16 10 0 4 2 1 0 0  aaaa99958888a9894299aaa879875476666637a757534
149719 1 16 10 0 5 0 1 0 0  aaaa99968888a9894399aaa879876375564527a767654
149721 1 16 10 0 5 1 1 0 0  aaaa99968888a9894299aaa879876475565537a767634
149722 1 16 10 0 5 2 0 0 0  aaaa99968888a9895299aaa879876574465437a767635
149723 1 16 10 0 5 2 1 0 0  aaaa99968888a9895299aaa879876573465347a767645
149782 1 16 10 2 3 2 0 0 0  aaaa99958888a9894799aaa879875376663627a744565
149790 1 16 10 2 5 0 0 0 0  aaaa99968888a9895799aaa879876475465527a763643
149943 1 16 10 7 0 1 1 0 0  aaaa99978888a9894399aaa879877376655626a754564
149945 1 16 10 7 0 2 1 0 0  aaaa99978888a9894399aaa879877376654626a754565
149961 1 16 10 7 3 1 1 0 0  aaaa99978888a9894399aaa879877376664655a754265
149963 1 16 10 7 3 2 1 0 0  aaaa99978888a9894399aaa879877376664625a754565
149971 1 16 10 7 5 0 1 0 0  aaaa99978888a9894399aaa879877375564526a764656
149980 1 16 10 8 0 2 0 0 0  aaaa99958888a9894799aaa879877376653626a744565
149998 1 16 10 8 3 2 0 0 0  aaaa99958888a9894799aaa879877376663625a744565
150000 0 16 10 8 4 0 0 0 0  aaaa99958888a9893799aaa879877376666655a744452
150006 1 16 10 8 5 0 0 0 0  aaaa99968888a9895799aaa879877475465526a763643
150083 1 16 10 10 5 2 1 0 0  aaaa99958888a9894299aaa879865477777365a653664
150274 1 16 11 5 1 2 0 0 0  aaaa99964888a9898799aaa779875377663865a652445
150308 1 16 11 6 1 1 0 0 0  aaaa99965888a9898799aaa479877377663865a652445
150310 1 16 11 6 1 2 0 0 0  aaaa99965888a9898799aaa579877577665864a644332
150316 1 16 11 6 2 2 0 0 0  aaaa99954888a9898799aaa379877377666865a652445
150328 1 16 11 6 4 2 0 0 0  aaaa99954888a9898799aaa379877377656865a644625
150334 1 16 11 6 5 2 0 0 0  aaaa99954888a9898799aaa379877377652865a644665
150460 1 16 11 10 2 2 0 0 0  aaaa99954888a9898699aaa379866377777865a652445
150481 1 16 12 0 0 0 1 0 0  aaaa99968888a9894299aaa879766476654557a758373
150490 1 16 12 0 1 2 0 0 0  aaaa99958888a9893699aaa879766376652447a758475
150510 1 16 12 0 5 0 0 0 0  aaaa99968888a9895299aaa879756574564337a768674
150511 1 16 12 0 5 0 1 0 0  aaaa99968888a9894399aaa879756375564527a768674
150610 1 16 12 3 3 2 0 0 0  aaaa99958888a9893799aaa879775376662647a448565
150735 1 16 12 7 0 1 1 0 0  aaaa99958888a9896299aaa879776676463555a478473
150737 1 16 12 7 0 2 1 0 0  aaaa99938888a9896299aaa879776675555646a478473
150790 1 16 12 8 3 2 0 0 0  aaaa99958888a9893799aaa879775376662644a478565
150808 1 16 12 9 0 2 0 0 0  aaaa99958888a9893799aaa879777376652646a448565
150826 1 16 12 9 3 2 0 0 0  aaaa99958888a9893799aaa879777376662645a448565
151064 1 16 13 5 1 1 0 0 0  aaaa99965888a9894799aaa779878377663865a652445
151066 1 16 13 5 1 2 0 0 0  aaaa99965888a9895799aaa779878577665864a644332
151072 1 16 13 5 2 2 0 0 0  aaaa99954888a9893799aaa779878377666865a652445
151084 1 16 13 5 4 2 0 0 0  aaaa99954888a9893799aaa779878377656865a644625
151090 1 16 13 5 5 2 0 0 0  aaaa99954888a9893799aaa779878377652865a644665
151100 1 16 13 6 1 1 0 0 0  aaaa99965888a9894799aaa379878777663865a652445
151102 1 16 13 6 1 2 0 0 0  aaaa99965888a9895799aaa579878777665864a644332
151108 1 16 13 6 2 2 0 0 0  aaaa99954888a9893799aaa379878777666865a652445
151120 1 16 13 6 4 2 0 0 0  aaaa99954888a9893799aaa379878777656865a644625
151126 1 16 13 6 5 2 0 0 0  aaaa99954888a9893799aaa379878777652865a644665
151144 1 16 13 7 2 2 0 0 0  aaaa99954888a9893799aaa779878376662865a744565
151150 1 16 13 7 3 2 0 0 0  aaaa99954888a9893799aaa779878376662865a756445
151156 1 16 13 7 4 2 0 0 0  aaaa99954888a9893799aaa779878376666865a752445
151158 1 16 13 7 5 0 0 0 0  aaaa99965888a9894799aaa779878374565856a764632
151160 1 16 13 7 5 1 0 0 0  aaaa99965888a9894799aaa779878375565846a763642
151180 1 16 13 8 2 2 0 0 0  aaaa99954888a9893799aaa379878776662865a744565
151186 1 16 13 8 3 2 0 0 0  aaaa99954888a9893799aaa379878776662865a756445
151192 1 16 13 8 4 2 0 0 0  aaaa99954888a9893799aaa379878776666865a752445
151194 1 16 13 8 5 0 0 0 0  aaaa99965888a9894799aaa379878774565856a764632
151196 1 16 13 8 5 1 0 0 0  aaaa99965888a9894799aaa379878775565846a763642
151210 1 16 13 9 1 2 0 0 0  aaaa99956888a9894799aaa379868677773865a652445
151214 1 16 13 9 2 1 0 0 0  aaaa99954888a9895799aaa379868377772865a666445
151216 1 16 13 9 2 2 0 0 0  aaaa99945888a9895799aaa579868577772863a666443
151226 1 16 13 9 4 1 0 0 0  aaaa99954888a9895799aaa379868677773865a644625
151228 1 16 13 9 4 2 0 0 0  aaaa99945888a9895799aaa579868677775863a644623
151232 1 16 13 9 5 1 0 0 0  aaaa99954888a9895799aaa379868377772865a644665
151234 1 16 13 9 5 2 0 0 0  aaaa99945888a9895799aaa579868577772863a644663
151252 1 16 13 10 2 2 0 0 0  aaaa99954888a9893699aaa379868677777865a652445
151262 1 16 13 10 4 1 0 0 0  aaaa99954888a9895699aaa379868377777865a644625
151264 1 16 13 10 4 2 0 0 0  aaaa99945888a9895699aaa579868577777863a644623
151546 1 16 14 7 3 2 0 0 0  aaaa99954888a9893799aaa779878876663625a744565
151554 1 16 14 7 5 0 0 0 0  aaaa99965888a9894799aaa779878875465526a763643
151574 1 16 14 8 2 1 0 0 0  aaaa99954888a9893799aaa379868877744657a662565
151576 1 16 14 8 2 2 0 0 0  aaaa99945888a9895799aaa579868877735647a662463
151580 1 16 14 8 3 1 0 0 0  aaaa99964888a9893799aaa379858877744667a566525
151930 1 16 15 7 1 2 0 0 0  aaaa99964878a9897899aaa879766388753765a652445
152239 1 16 16 4 5 0 1 0 0  aaaa99967878a9897899aaa879756584562436a864375
152302 1 16 16 6 3 2 0 0 0  aaaa99954878a9893899aaa879775386277666a844565
152310 1 16 16 6 5 0 0 0 0  aaaa99965878a9893899aaa879776385577446a865642
152321 1 16 16 7 0 2 1 0 0  aaaa99966878a9897899aaa879766482756735a854534
152382 1 16 16 8 5 0 0 0 0  aaaa99965878a9897899aaa879776485475526a863643
152410 1 16 16 9 3 2 0 0 0  aaaa99954878a9897899aaa879777386663625a844565
152418 1 16 16 9 5 0 0 0 0  aaaa99965878a9897899aaa879777485465526a863643
152446 1 16 16 10 3 2 0 0 0  aaaa99954878a9893899aaa879777786663625a844565
152454 1 16 16 10 5 0 0 0 0  aaaa99965878a9894899aaa879777785465526a863643
152552 1 16 17 2 3 1 0 0 0  aaaa99954888a9893799aaa879878376662657a744565
152554 1 16 17 2 3 2 0 0 0  aaaa99945888a9895799aaa879878576665637a744362
152562 1 16 17 2 5 0 0 0 0  aaaa99965888a9894799aaa879878375465527a763646
152712 1 16 17 7 0 0 0 0 0  aaaa99957888a9895299aaa879878776655646a743463
152713 1 16 17 7 0 0 1 0 0  aaaa99947888a9893299aaa879878776655656a743564
152716 1 16 17 7 0 2 0 0 0  aaaa99947888a9895299aaa879878776635646a735465
152717 1 16 17 7 0 2 1 0 0  aaaa99957888a9894299aaa879878776654636a754365
152724 1 16 17 7 2 0 0 0 0  aaaa99947888a9895299aaa879878776664655a736354
152726 1 16 17 7 2 1 0 0 0  aaaa99947888a9895299aaa879878776664653a736554
152729 1 16 17 7 2 2 1 0 0  aaaa99957888a9894299aaa879878776664635a756534
152730 1 16 17 7 3 0 0 0 0  aaaa99957888a9895299aaa879878776664634a755364
152731 1 16 17 7 3 0 1 0 0  aaaa99947888a9893299aaa879878776663655a755464
152734 1 16 17 7 3 2 0 0 0  aaaa99947888a9895299aaa879878776665644a735365
152735 1 16 17 7 3 2 1 0 0  aaaa99957888a9894299aaa879878776664635a754365
152741 1 16 17 7 4 2 1 0 0  aaaa99957888a9894299aaa879878776666635a754534
152742 1 16 17 7 5 0 0 0 0  aaaa99967888a9894299aaa879878775464556a763653
152743 1 16 17 7 5 0 1 0 0  aaaa99967888a9895299aaa879878775465546a763643
152745 1 16 17 7 5 1 1 0 0  aaaa99967888a9894299aaa879878775565536a764634
152746 1 16 17 7 5 2 0 0 0  aaaa99967888a9895299aaa879878774465436a765635
152747 1 16 17 7 5 2 1 0 0  aaaa99967888a9895299aaa879878773465346a765645
152770 1 16 17 8 3 2 0 0 0  aaaa99954888a9893799aaa879878776663625a744565
152778 1 16 17 8 5 0 0 0 0  aaaa99965888a9894799aaa879878775465526a763643
153130 1 16 18 7 3 2 0 0 0  aaaa99954888a9898799aaa779878376663625a744565
153138 1 16 18 7 5 0 0 0 0  aaaa99965888a9898799aaa779878475465526a763643
153166 1 16 18 8 3 2 0 0 0  aaaa99954888a9898799aaa379878776663625a744565
153174 1 16 18 8 5 0 0 0 0  aaaa99965888a9898799aaa479878775465526a763643
153269 1 16 19 0 2 2 1 0 0  aaaa99977888a9894799aaa869867687357265a654534
153287 1 16 19 0 5 2 1 0 0  aaaa99977888a9894799aaa829867487657365a653645
153296 1 16 19 1 1 1 0 0 0  aaaa99965888a9894799aaa879875387663767a652445
153298 1 16 19 1 1 2 0 0 0  aaaa99965888a9895799aaa879874587665767a644332
153304 1 16 19 1 2 2 0 0 0  aaaa99954888a9893799aaa879875387666767a652445
153316 1 16 19 1 4 2 0 0 0  aaaa99954888a9893799aaa879875387656767a644625
153322 1 16 19 1 5 2 0 0 0  aaaa99954888a9893799aaa879875387652767a644665
153334 1 16 19 2 1 2 0 0 0  aaaa99954888a9893799aaa879875387666675a672445
153352 1 16 19 2 4 2 0 0 0  aaaa99954888a9893799aaa879875387644675a672665
153356 1 16 19 2 5 1 0 0 0  aaaa99965888a9894799aaa879876387464576a575632
153368 1 16 19 3 1 1 0 0 0  aaaa99965888a9894799aaa879877387663765a652445
153370 1 16 19 3 1 2 0 0 0  aaaa99965888a9895799aaa879877587665764a644332
153376 1 16 19 3 2 2 0 0 0  aaaa99954888a9893799aaa879877387666765a652445
153388 1 16 19 3 4 2 0 0 0  aaaa99954888a9893799aaa879877387656765a644625
153394 1 16 19 3 5 2 0 0 0  aaaa99954888a9893799aaa879877387652765a644665
153404 1 16 19 4 1 1 0 0 0  aaaa99965888a9894799aaa879875387663765a672445
153406 1 16 19 4 1 2 0 0 0  aaaa99965888a9895799aaa879874587665763a672443
153412 1 16 19 4 2 2 0 0 0  aaaa99954888a9893799aaa879875387666765a672445
153424 1 16 19 4 4 2 0 0 0  aaaa99954888a9893799aaa879874487656765a673625
153430 1 16 19 4 5 2 0 0 0  aaaa99954888a9893799aaa879875387644765a672665
153448 1 16 19 5 2 2 0 0 0  aaaa99954888a9893799aaa879874487673675a662565
153454 1 16 19 5 3 2 0 0 0  aaaa99954888a9893799aaa879875387672676a656445
153460 1 16 19 5 4 2 0 0 0  aaaa99954888a9893799aaa879875387672675a666445
153464 1 16 19 5 5 1 0 0 0  aaaa99965888a9894799aaa879876387474576a565632
153505 1 16 19 7 0 0 1 0 0  aaaa99975888a9894399aaa879877387664276a656554
153509 1 16 19 7 0 2 1 0 0  aaaa99975888a9895399aaa879877387665276a646454
153517 1 16 19 7 2 0 1 0 0  aaaa99975888a9894399aaa879877387666276a565544
153521 1 16 19 7 2 2 1 0 0  aaaa99975888a9895299aaa879877587666476a464353
153523 1 16 19 7 3 0 1 0 0  aaaa99975888a9894399aaa879877387666276a655544
153527 1 16 19 7 3 2 1 0 0  aaaa99975888a9895299aaa879877587666476a644353
153535 1 16 19 7 5 0 1 0 0  aaaa99975888a9894299aaa879877487565376a563646
153550 1 16 19 8 1 2 0 0 0  aaaa99954888a9893799aaa879877387666675a652445
153568 1 16 19 8 4 2 0 0 0  aaaa99954888a9893799aaa879877387652675a666445
153572 1 16 19 8 5 1 0 0 0  aaaa99965888a9894799aaa879877387464576a565632
153622 1 16 19 10 1 2 0 0 0  aaaa99954888a9893699aaa869876386752675a744775
153643 1 16 19 10 5 0 1 0 0  aaaa99965888a9894299aaa859876585764376a763774
153665 1 16 20 0 2 2 1 0 0  aaaa99977888a9898799aaa469867687357265a654534
153683 1 16 20 0 5 2 1 0 0  aaaa99977888a9898799aaa429867487657365a653645
154318 1 16 21 7 3 2 0 0 0  aaaa99954787a9798899aaa789888376663625a744565
154326 1 16 21 7 5 0 0 0 0  aaaa99965787a9798899aaa789888475465526a763643
154346 1 16 21 8 2 1 0 0 0  aaaa99954787a9698899aaa389888377744657a662565
154348 1 16 21 8 2 2 0 0 0  aaaa99945787a9698899aaa589888577735647a662463
154352 1 16 21 8 3 1 0 0 0  aaaa99964787a9598899aaa389888377744667a566525
154404 1 16 21 10 0 0 0 0 0  aaaa99966487a9498899aaa689888377777656a553425
154714 1 16 22 7 3 2 0 0 0  aaaa99954787a9793899aaa789888876663625a744565
154722 1 16 22 7 5 0 0 0 0  aaaa99965787a9794899aaa789888875465526a763643
154750 1 16 22 8 3 2 0 0 0  aaaa99954787a9797899aaa389888876663625a744565
154758 1 16 22 8 5 0 0 0 0  aaaa99965787a9797899aaa489888875465526a763643
154844 1 17 0 0 1 1 0 0 0  aaaa99994989a8773989aaa887676657673885a652445
155434 1 17 1 5 3 2 0 0 0  aaaa99998989a8853989aaa887775376662647a447565
155494 1 17 1 7 1 2 0 0 0  aaaa99998989a8856989aaa887775376663445a276475
155500 1 17 1 7 2 2 0 0 0  aaaa99998989a8853989aaa887775376662644a476575
155506 1 17 1 7 3 2 0 0 0  aaaa99998989a8853989aaa887775376662465a476475
155514 1 17 1 7 5 0 0 0 0  aaaa99998989a8865989aaa887776375465526a474673
155542 1 17 1 8 3 2 0 0 0  aaaa99998989a8853989aaa887777376662645a447565
155645 1 17 2 0 2 2 1 0 0  aaaa99994989a8877979aaa787667626584658a533548
155669 1 17 2 1 0 2 1 0 0  aaaa99996989a8866979aaa787772476584358a563548
155762 1 17 2 3 4 1 0 0 0  aaaa99995989a8844979aaa387777376586658a662458
155777 1 17 2 4 0 2 1 0 0  aaaa99996989a8866979aaa487772476587358a563548
155786 1 17 2 4 2 1 0 0 0  aaaa99995989a8855979aaa587774476387638a642668
155813 1 17 2 5 0 2 1 0 0  aaaa99996989a8866939aaa487757476583278a567548
155849 1 17 2 6 0 2 1 0 0  aaaa99996989a8866929aaa487757776584378a563548
155880 1 17 2 7 0 0 0 0 0  aaaa99996989a8866959aaa587772575684438a374678
155881 1 17 2 7 0 0 1 0 0  aaaa99996989a8866959aaa587772475684538a374678
155884 1 17 2 7 0 2 0 0 0  aaaa99996989a8866939aaa487774475683528a575678
155885 1 17 2 7 0 2 1 0 0  aaaa99996989a8866959aaa287773375585468a474678
155892 1 17 2 7 2 0 0 0 0  aaaa99995989a8855969aaa487774476682638a376578
155896 1 17 2 7 2 2 0 0 0  aaaa99995989a8845969aaa587774476685638a376278
155911 1 17 2 7 5 0 1 0 0  aaaa99996989a8846929aaa687774675586358a375478
155921 1 17 2 8 0 2 1 0 0  aaaa99996989a8866939aaa487777476583258a567548
155930 1 17 2 8 2 1 0 0 0  aaaa99995989a8844969aaa387777376682658a567458
155957 1 17 2 9 0 2 1 0 0  aaaa99996989a8866929aaa487777776584358a563548
156041 1 17 3 0 2 2 1 0 0  aaaa99994989a8877989aaa887667627657865a354534
156059 1 17 3 0 5 2 1 0 0  aaaa99994989a8877989aaa887367427657865a653645
156184 1 17 3 4 2 2 0 0 0  aaaa99994989a8853989aaa887774476277865a663565
156220 1 17 3 5 2 2 0 0 0  aaaa99994989a8853989aaa887774476663867a257565
156286 1 17 3 7 1 2 0 0 0  aaaa99996989a8853989aaa887775376662844a476575
156298 1 17 3 7 3 2 0 0 0  aaaa99994989a8853989aaa887774476663865a276575
156306 1 17 3 7 5 0 0 0 0  aaaa99995989a8864989aaa887776374565856a274673
156328 1 17 3 8 2 2 0 0 0  aaaa99994989a8844989aaa887777376663865a257565
156422 1 17 4 0 0 1 0 0 0  aaaa99994989a8877989aaa387667357687856a562454
156424 1 17 4 0 0 2 0 0 0  aaaa99995989a8877989aaa587667547687846a465332
156430 1 17 4 0 1 2 0 0 0  aaaa99994989a8877989aaa387667627587856a563454
156452 1 17 4 0 5 1 0 0 0  aaaa99995989a8877989aaa387567347687864a655624
156455 1 17 4 0 5 2 1 0 0  aaaa99995989a8877989aaa587467537687863a644652
156472 1 17 4 1 2 2 0 0 0  aaaa99997989a8854989aaa387774476287865a663565
156542 1 17 4 3 2 1 0 0 0  aaaa99994989a8844989aaa387777376587865a662565
156544 1 17 4 3 2 2 0 0 0  aaaa99995989a8845989aaa587777576487863a662463
156578 1 17 4 4 2 1 0 0 0  aaaa99995989a8873989aaa387774466682857a566457
156608 1 17 4 5 1 1 0 0 0  aaaa99994989a8863989aaa387774476686857a567525
156626 1 17 4 5 4 1 0 0 0  aaaa99994989a8853989aaa387774475686867a657625
156628 1 17 4 5 4 2 0 0 0  aaaa99995989a8845989aaa587773574686867a647623
156702 1 17 4 7 5 0 0 0 0  aaaa99995989a8864989aaa387776374585856a274676
156734 1 17 4 8 4 1 0 0 0  aaaa99994989a8844989aaa387777375686865a657625
156736 1 17 4 8 4 2 0 0 0  aaaa99995989a8845989aaa587777574686863a647623
156846 1 17 5 0 5 0 0 0 0  aaaa99995989a8877989aaa388767375657464a685624
157010 1 17 5 5 2 1 0 0 0  aaaa99994989a8844989aaa388777367656755a682675
157012 1 17 5 5 2 2 0 0 0  aaaa99995989a8845989aaa588777567636744a682673
157016 1 17 5 5 3 1 0 0 0  aaaa99994989a8844989aaa388777367656756a682575
157018 1 17 5 5 3 2 0 0 0  aaaa99995989a8845989aaa588777567636746a682473
157022 1 17 5 5 4 1 0 0 0  aaaa99995989a8844989aaa488777367666725a683575
157024 1 17 5 5 4 2 0 0 0  aaaa99995989a8845989aaa588777567666744a682373
157028 1 17 5 5 5 1 0 0 0  aaaa99995989a8863989aaa388777257565746a484676
157046 1 17 5 6 2 1 0 0 0  aaaa99995989a8844989aaa488777767663725a683565
157048 1 17 5 6 2 2 0 0 0  aaaa99995989a8845989aaa588777767665744a682363
157074 1 17 5 7 1 0 0 0 0  aaaa99995989a8874989aaa388777367662575a686445
157076 1 17 5 7 1 1 0 0 0  aaaa99995989a8874989aaa388777367662674a586554
157082 1 17 5 7 2 1 0 0 0  aaaa99995989a8874989aaa388777367646676a582554
157088 1 17 5 7 3 1 0 0 0  aaaa99995989a8874989aaa388777367662675a484565
157094 1 17 5 7 4 1 0 0 0  aaaa99995989a8874989aaa388777367666674a582554
157194 1 17 5 10 3 0 0 0 0  aaaa99995989a8864989aaa388676656745572a783774
157214 1 17 6 0 0 1 0 0 0  aaaa99994989a8877989aaa387667357627858a464556
157216 1 17 6 0 0 2 0 0 0  aaaa99995989a8877989aaa587667547647848a365326
157222 1 17 6 0 1 2 0 0 0  aaaa99994989a8877989aaa387667627567858a563454
157244 1 17 6 0 5 1 0 0 0  aaaa99995989a8877989aaa387567347647868a655624
157247 1 17 6 0 5 2 1 0 0  aaaa99995989a8877989aaa587467537637868a644652
157252 1 17 6 1 0 2 0 0 0  aaaa99996989a8874989aaa387776676573858a562454
157256 1 17 6 1 1 1 0 0 0  aaaa99995989a8874989aaa387776376676858a562454
157258 1 17 6 1 1 2 0 0 0  aaaa99995989a8875989aaa587776576676848a464332
157262 1 17 6 1 2 1 0 0 0  aaaa99995989a8874989aaa387774476676868a555632
157268 1 17 6 1 3 1 0 0 0  aaaa99995989a8874989aaa387774476676868a563552
157274 1 17 6 1 4 1 0 0 0  aaaa99995989a8874989aaa387774476573868a666552
157280 1 17 6 1 5 1 0 0 0  aaaa99995989a8874989aaa387774475673868a655662
157370 1 17 6 4 2 1 0 0 0  aaaa99994989a8853989aaa387774476577868a662565
157372 1 17 6 4 2 2 0 0 0  aaaa99995989a8845989aaa587773576477868a662463
157376 1 17 6 4 3 1 0 0 0  aaaa99994989a8863989aaa387774476677858a566525
157406 1 17 6 5 2 1 0 0 0  aaaa99995989a8844989aaa487767376663878a257565
157408 1 17 6 5 2 2 0 0 0  aaaa99995989a8845989aaa587767576662878a447363
157474 1 17 6 7 1 2 0 0 0  aaaa99996989a8845989aaa587773576665848a276473
157484 1 17 6 7 3 1 0 0 0  aaaa99994989a8853989aaa387774476662868a576575
157486 1 17 6 7 3 2 0 0 0  aaaa99995989a8845989aaa587773576662868a476473
157494 1 17 6 7 5 0 0 0 0  aaaa99995989a8864989aaa387776374565858a274676
157506 1 17 6 8 1 0 0 0 0  aaaa99995989a8864989aaa387777376626858a467545
157508 1 17 6 8 1 1 0 0 0  aaaa99995989a8864989aaa387777376646858a567254
157514 1 17 6 8 2 1 0 0 0  aaaa99995989a8844989aaa487777376663868a257565
157516 1 17 6 8 2 2 0 0 0  aaaa99995989a8845989aaa587777576662868a447363
157632 1 17 7 0 4 0 0 0 0  aaaa99995989a8884989aaa887754576672653a766374
157810 1 17 7 5 3 2 0 0 0  aaaa99995989a8885989aaa887773576665647a447362
157870 1 17 7 7 1 2 0 0 0  aaaa99996989a8885989aaa887772576665434a476375
157876 1 17 7 7 2 2 0 0 0  aaaa99995989a8885989aaa887773576665644a476372
157880 1 17 7 7 3 1 0 0 0  aaaa99994989a8883989aaa887774476663565a276575
157882 1 17 7 7 3 2 0 0 0  aaaa99995989a8885989aaa887773576665464a476372
157890 1 17 7 7 5 0 0 0 0  aaaa99995989a8883989aaa887776375465526a474676
157900 1 17 7 8 0 2 0 0 0  aaaa99995989a8885989aaa887777576635646a447362
157914 1 17 7 8 3 0 0 0 0  aaaa99995989a8883989aaa887777376662654a447565
157916 1 17 7 8 3 1 0 0 0  aaaa99995989a8883989aaa887777376662645a447565
157918 1 17 7 8 3 2 0 0 0  aaaa99995989a8885989aaa887777576665644a437362
157926 1 17 7 8 5 0 0 0 0  aaaa99995989a8884989aaa887777275645563a637664
157986 1 17 7 10 3 0 0 0 0  aaaa99995989a8884989aaa886766267545753a777364
158031 1 17 8 0 4 1 1 0 0  aaaa99994989a8877989aaa487367657657862a683545
158033 1 17 8 0 4 2 1 0 0  aaaa99994989a8877989aaa487367627657865a683545
158035 1 17 8 0 5 0 1 0 0  aaaa99995989a8877989aaa487367457657862a683645
158037 1 17 8 0 5 1 1 0 0  aaaa99995989a8877989aaa487367427657865a683645
158038 1 17 8 0 5 2 0 0 0  aaaa99995989a8877989aaa587267537647863a685644
158039 1 17 8 0 5 2 1 0 0  aaaa99995989a8877989aaa587367527647864a683654
158048 1 17 8 1 1 1 0 0 0  aaaa99995989a8874989aaa387774476676866a583552
158102 1 17 8 2 4 1 0 0 0  aaaa99995989a8854989aaa387774472676865a687635
158104 1 17 8 2 4 2 0 0 0  aaaa99995989a8845989aaa587773572676863a687644
158198 1 17 8 5 2 1 0 0 0  aaaa99994989a8853989aaa387774476662867a587565
158200 1 17 8 5 2 2 0 0 0  aaaa99995989a8845989aaa587773576662867a487463
158204 1 17 8 5 3 1 0 0 0  aaaa99994989a8863989aaa387774476566857a687525
158270 1 17 8 7 2 1 0 0 0  aaaa99995989a8854989aaa387774476663865a287765
158272 1 17 8 7 2 2 0 0 0  aaaa99995989a8845989aaa587773576664863a287764
158306 1 17 8 8 2 1 0 0 0  aaaa99994989a8844989aaa387777376662865a587565
158308 1 17 8 8 2 2 0 0 0  aaaa99995989a8845989aaa587777576662863a487463
158442 1 17 9 1 1 0 0 0 0  aaaa99995989a8874989aaa387776376676854a565824
158444 1 17 9 1 1 1 0 0 0  aaaa99995989a8874989aaa387776376676854a562854
158558 1 17 9 4 2 1 0 0 0  aaaa99995989a8854989aaa387774476277865a663865
158560 1 17 9 4 2 2 0 0 0  aaaa99995989a8845989aaa587773576277863a664864
158594 1 17 9 5 2 1 0 0 0  aaaa99994989a8853989aaa387774476662867a557865
158596 1 17 9 5 2 2 0 0 0  aaaa99995989a8845989aaa587773576662867a447863
158660 1 17 9 7 1 1 0 0 0  aaaa99996989a8854989aaa387774476663855a276875
158662 1 17 9 7 1 2 0 0 0  aaaa99996989a8835989aaa587773576665844a476872
158672 1 17 9 7 3 1 0 0 0  aaaa99995989a8854989aaa387774476663865a276875
158674 1 17 9 7 3 2 0 0 0  aaaa99995989a8845989aaa587773576664863a276874
158682 1 17 9 7 5 0 0 0 0  aaaa99995989a8864989aaa387776374565856a274876
158694 1 17 9 8 1 0 0 0 0  aaaa99995989a8864989aaa387777376646855a267854
158702 1 17 9 8 2 1 0 0 0  aaaa99994989a8844989aaa387777376662865a557865
158704 1 17 9 8 2 2 0 0 0  aaaa99995989a8845989aaa587777576662863a447863
158796 1 17 10 0 0 0 0 0 0  aaaa99995989a8884989aaa387766376672856a744575
158798 1 17 10 0 0 1 0 0 0  aaaa99995989a8885989aaa387766376672846a755474
158804 1 17 10 0 1 1 0 0 0  aaaa99995989a8884989aaa387766676673825a744575
158806 1 17 10 0 1 2 0 0 0  aaaa99995989a8885989aaa587766676675844a742373
158816 1 17 10 0 3 1 0 0 0  aaaa99995989a8883989aaa387766675672846a755474
158828 1 17 10 0 5 1 0 0 0  aaaa99994989a8883989aaa387746475575856a762676
158840 1 17 10 1 1 1 0 0 0  aaaa99995989a8884989aaa387776376676852a464557
158842 1 17 10 1 1 2 0 0 0  aaaa99995989a8885989aaa587776576676844a462337
158846 1 17 10 1 2 1 0 0 0  aaaa99994989a8883989aaa387774476676865a555627
158852 1 17 10 1 3 1 0 0 0  aaaa99994989a8883989aaa387774476676865a562557
158858 1 17 10 1 4 1 0 0 0  aaaa99994989a8883989aaa387774476572865a666557
158864 1 17 10 1 5 1 0 0 0  aaaa99994989a8883989aaa387774475672865a655667
158904 1 17 10 3 0 0 0 0 0  aaaa99995989a8884989aaa387777376657862a464556
158906 1 17 10 3 0 1 0 0 0  aaaa99994989a8883989aaa387777276657865a464556
158954 1 17 10 4 2 1 0 0 0  aaaa99994989a8883989aaa387774476577865a662565
158956 1 17 10 4 2 2 0 0 0  aaaa99995989a8885989aaa587774576477863a662463
158982 1 17 10 5 1 0 0 0 0  aaaa99995989a8884989aaa387776376626857a467545
158984 1 17 10 5 1 1 0 0 0  aaaa99995989a8884989aaa387776376646857a567254
158990 1 17 10 5 2 1 0 0 0  aaaa99995989a8884989aaa387774476663867a257565
158992 1 17 10 5 2 2 0 0 0  aaaa99995989a8885989aaa587774576662867a447363
159014 1 17 10 6 0 1 0 0 0  aaaa99995989a8884989aaa387776776644867a563552
159058 1 17 10 7 1 2 0 0 0  aaaa99996989a8885989aaa587773576665844a476372
159068 1 17 10 7 3 1 0 0 0  aaaa99994989a8883989aaa387774476662865a576575
159070 1 17 10 7 3 2 0 0 0  aaaa99995989a8885989aaa587774576662863a476473
159078 1 17 10 7 5 0 0 0 0  aaaa99995989a8884989aaa387776374565856a274676
159086 1 17 10 8 0 1 0 0 0  aaaa99994989a8883989aaa387777276644865a567556
159090 1 17 10 8 1 0 0 0 0  aaaa99995989a8884989aaa387777376626856a467545
159092 1 17 10 8 1 1 0 0 0  aaaa99995989a8884989aaa387777376646856a567254
159096 1 17 10 8 2 0 0 0 0  aaaa99994989a8883989aaa387777276656864a557654
159098 1 17 10 8 2 1 0 0 0  aaaa99995989a8885989aaa387777376662864a457465
159100 1 17 10 8 2 2 0 0 0  aaaa99995989a8885989aaa587777576662864a447363
159122 1 17 10 9 0 1 0 0 0  aaaa99994989a8883989aaa387777776644865a562556
159216 1 17 11 0 4 0 0 0 0  aaaa99995989a8888989aaa487754576672653a766374
159394 1 17 11 5 3 2 0 0 0  aaaa99995989a8888989aaa587773576665647a447362
159454 1 17 11 7 1 2 0 0 0  aaaa99996989a8888989aaa587772576665434a476375
159460 1 17 11 7 2 2 0 0 0  aaaa99995989a8888989aaa587773576665644a476372
159464 1 17 11 7 3 1 0 0 0  aaaa99994989a8888989aaa387774476663565a276575
159466 1 17 11 7 3 2 0 0 0  aaaa99995989a8888989aaa587773576665464a476372
159474 1 17 11 7 5 0 0 0 0  aaaa99995989a8888989aaa387776375465526a474676
159484 1 17 11 8 0 2 0 0 0  aaaa99995989a8888989aaa587777576635646a447362
159498 1 17 11 8 3 0 0 0 0  aaaa99995989a8888989aaa387777376662654a447565
159500 1 17 11 8 3 1 0 0 0  aaaa99995989a8888989aaa387777376662645a447565
159502 1 17 11 8 3 2 0 0 0  aaaa99995989a8888989aaa587777576665644a437362
159510 1 17 11 8 5 0 0 0 0  aaaa99995989a8888989aaa487777275645563a637664
159570 1 17 11 10 3 0 0 0 0  aaaa99995989a8888989aaa486766267545753a777364
159596 1 17 12 0 1 1 0 0 0  aaaa99994989a8883989aaa387766687557675a644725
159636 1 17 12 1 2 0 0 0 0  aaaa99995989a8884989aaa387775586277467a664563
159638 1 17 12 1 2 1 0 0 0  aaaa99995989a8885989aaa487775586377637a644662
159644 1 17 12 1 3 1 0 0 0  aaaa99995989a8884989aaa387776386677657a562454
159646 1 17 12 1 3 2 0 0 0  aaaa99995989a8885989aaa587776586677647a464332
159650 1 17 12 1 4 1 0 0 0  aaaa99994989a8883989aaa387774486677657a566525
159656 1 17 12 1 5 1 0 0 0  aaaa99994989a8883989aaa387774486577657a666525
159678 1 17 12 2 3 0 0 0 0  aaaa99995989a8883989aaa387776287666467a455547
159680 1 17 12 2 3 1 0 0 0  aaaa99994989a8883989aaa387776287666567a455547
159696 1 17 12 3 0 0 0 0 0  aaaa99995989a8884989aaa387776786673567a562454
159698 1 17 12 3 0 1 0 0 0  aaaa99995989a8884989aaa387776786673567a565442
159714 1 17 12 3 3 0 0 0 0  aaaa99995989a8884989aaa387774786676657a525634
159720 1 17 12 3 4 0 0 0 0  aaaa99995989a8884989aaa387772786576647a663545
159722 1 17 12 3 4 1 0 0 0  aaaa99995989a8884989aaa387774786576657a663254
159758 1 17 12 4 4 1 0 0 0  aaaa99995989a8883989aaa387774486576657a662457
159804 1 17 12 6 0 0 0 0 0  aaaa99996989a8885989aaa387777387662446a557465
159806 1 17 12 6 0 1 0 0 0  aaaa99995989a8885989aaa387777387662664a447556
159818 1 17 12 6 2 1 0 0 0  aaaa99995989a8884989aaa387777387666265a657445
159820 1 17 12 6 2 2 0 0 0  aaaa99995989a8885989aaa587777587666464a637423
159828 1 17 12 6 4 0 0 0 0  aaaa99995989a8884989aaa387777387655266a657464
159830 1 17 12 6 4 1 0 0 0  aaaa99995989a8885989aaa387777387646465a647625
159832 1 17 12 6 4 2 0 0 0  aaaa99995989a8885989aaa587777587646464a637623
159836 1 17 12 6 5 1 0 0 0  aaaa99995989a8884989aaa387777387644265a657665
159838 1 17 12 6 5 2 0 0 0  aaaa99995989a8885989aaa587777587644364a637662
159866 1 17 12 7 4 1 0 0 0  aaaa99994989a8883989aaa387775287644657a666575
159868 1 17 12 7 4 2 0 0 0  aaaa99995989a8885989aaa587774587644637a666372
159872 1 17 12 7 5 1 0 0 0  aaaa99995989a8883989aaa387776287464547a565676
159912 1 17 12 9 0 0 0 0 0  aaaa99995989a8884989aaa387777787663665a455246
159962 1 17 12 10 2 1 0 0 0  aaaa99995989a8884989aaa386766387644725a777565
159964 1 17 12 10 2 2 0 0 0  aaaa99995989a8885989aaa586766587644734a777362
160058 1 17 13 2 0 1 0 0 0  aaaa99995989a8883989aaa388777267657675a446645
160092 1 17 13 3 0 0 0 0 0  aaaa99995989a8884989aaa388777777663665a455246
160128 1 17 13 4 0 0 0 0 0  aaaa99995989a8884989aaa388777377667665a455246
160164 1 17 13 5 0 0 0 0 0  aaaa99995989a8884989aaa388777367655726a644576
160166 1 17 13 5 0 1 0 0 0  aaaa99995989a8885989aaa388777367655726a644476
160178 1 17 13 5 2 1 0 0 0  aaaa99994989a8883989aaa388777267656755a644675
160180 1 17 13 5 2 2 0 0 0  aaaa99995989a8885989aaa588777567646744a633672
160184 1 17 13 5 3 1 0 0 0  aaaa99994989a8883989aaa388777267656756a644575
160186 1 17 13 5 3 2 0 0 0  aaaa99995989a8885989aaa588777567646736a644372
160190 1 17 13 5 4 1 0 0 0  aaaa99995989a8884989aaa388777367666725a644575
160192 1 17 13 5 4 2 0 0 0  aaaa99995989a8885989aaa588777567666744a642373
160196 1 17 13 5 5 1 0 0 0  aaaa99995989a8883989aaa388777257565746a464676
160214 1 17 13 6 2 1 0 0 0  aaaa99995989a8884989aaa388777767663725a644565
160216 1 17 13 6 2 2 0 0 0  aaaa99995989a8885989aaa588777767665744a642363
160242 1 17 13 7 1 0 0 0 0  aaaa99995989a8884989aaa388777367656672a464557
160244 1 17 13 7 1 1 0 0 0  aaaa99995989a8885989aaa388777367662674a446557
160248 1 17 13 7 2 0 0 0 0  aaaa99995989a8884989aaa388777367656676a455247
160254 1 17 13 7 3 0 0 0 0  aaaa99995989a8884989aaa388777367656672a455647
160256 1 17 13 7 3 1 0 0 0  aaaa99995989a8885989aaa388777367662674a455467
160260 1 17 13 7 4 0 0 0 0  aaaa99995989a8884989aaa388777367666675a455247
160308 1 17 13 9 0 0 0 0 0  aaaa99995989a8884989aaa388766377777665a455246
160524 1 17 14 4 0 0 0 0 0  aaaa99995989a8884979aaa388777877663665a455246
160596 1 17 14 6 0 0 0 0 0  aaaa99996989a8884979aaa388665877647577a526534
160598 1 17 14 6 0 1 0 0 0  aaaa99995989a8883979aaa388664877627577a565446
160787 1 17 15 0 1 2 1 0 0  aaaa99994989a8877979aaa788757466633256a588546
160834 1 17 15 1 3 2 0 0 0  aaaa99995989a8835979aaa788777567665644a488362
160854 1 17 15 2 1 0 0 0 0  aaaa99995989a8864979aaa388777367646576a588254
160868 1 17 15 2 3 1 0 0 0  aaaa99994989a8844979aaa388777367662675a588565
160870 1 17 15 2 3 2 0 0 0  aaaa99995989a8845979aaa588777567662673a488463
160878 1 17 15 2 5 0 0 0 0  aaaa99995989a8864979aaa388777357465576a288646
160906 1 17 15 3 3 2 0 0 0  aaaa99995989a8835979aaa588777767665644a488362
160934 1 17 15 4 2 1 0 0 0  aaaa99994989a8853979aaa388777277666565a688445
160936 1 17 15 4 2 2 0 0 0  aaaa99995989a8845979aaa588777577666464a688332
160946 1 17 15 4 4 1 0 0 0  aaaa99994989a8844979aaa388777377656565a688625
160948 1 17 15 4 4 2 0 0 0  aaaa99995989a8845979aaa588777577636464a688623
160952 1 17 15 4 5 1 0 0 0  aaaa99994989a8853979aaa388777277644565a688665
160954 1 17 15 4 5 2 0 0 0  aaaa99995989a8845979aaa588777577644363a688662
160966 1 17 15 5 1 2 0 0 0  aaaa99996989a8853969aaa688777367652744a488575
160972 1 17 15 5 2 2 0 0 0  aaaa99995989a8835969aaa588777567446766a488372
160978 1 17 15 5 3 2 0 0 0  aaaa99995989a8845969aaa688777567635746a288473
160984 1 17 15 5 4 2 0 0 0  aaaa99995989a8835969aaa688777567665744a488372
160990 1 17 15 5 5 2 0 0 0  aaaa99995989a8835969aaa588777567666744a488372
161042 1 17 15 7 2 1 0 0 0  aaaa99995989a8874969aaa388777367644676a588552
161122 1 17 15 9 3 2 0 0 0  aaaa99995989a8835979aaa788666577775644a488362
161158 1 17 15 10 3 2 0 0 0  aaaa99995989a8835979aaa588666577777644a488362
161218 1 17 16 1 1 2 0 0 0  aaaa99995989a8835979aaa788777567665644a486382
161252 1 17 16 2 1 1 0 0 0  aaaa99994989a8844979aaa388777367662675a586585
161254 1 17 16 2 1 2 0 0 0  aaaa99995989a8845979aaa588777567662673a486483
161290 1 17 16 3 1 2 0 0 0  aaaa99995989a8835979aaa588777767665644a486382
161334 1 17 16 4 3 0 0 0 0  aaaa99995989a8863979aaa388777277666565a485484
161348 1 17 16 4 5 1 0 0 0  aaaa99995989a8863979aaa388777277464546a585686
161362 1 17 16 5 1 2 0 0 0  aaaa99996989a8853969aaa688777367652475a487485
161366 1 17 16 5 2 1 0 0 0  aaaa99994989a8853969aaa388777267644676a587585
161368 1 17 16 5 2 2 0 0 0  aaaa99995989a8845969aaa588777567644676a387382
161374 1 17 16 5 3 2 0 0 0  aaaa99994989a8853969aaa688777367644675a287585
161378 1 17 16 5 4 1 0 0 0  aaaa99994989a8844969aaa688777367663575a287585
161380 1 17 16 5 4 2 0 0 0  aaaa99995989a8835969aaa688777567665474a487382
161384 1 17 16 5 5 1 0 0 0  aaaa99994989a8844969aaa388777367666575a287585
161386 1 17 16 5 5 2 0 0 0  aaaa99995989a8835969aaa588777567666474a487382
161438 1 17 16 7 2 1 0 0 0  aaaa99995989a8874969aaa388777367652676a484585
161448 1 17 16 7 4 0 0 0 0  aaaa99995989a8873969aaa688777367662575a485484
161454 1 17 16 7 5 0 0 0 0  aaaa99995989a8873969aaa388777267666575a485484
161506 1 17 16 9 1 2 0 0 0  aaaa99996989a8825979aaa788666577775434a486385
161512 1 17 16 9 2 2 0 0 0  aaaa99995989a8835979aaa788666577775644a486382
161516 1 17 16 9 3 1 0 0 0  aaaa99994989a8844979aaa788666377773565a286585
161518 1 17 16 9 3 2 0 0 0  aaaa99995989a8835979aaa788666577775464a486382
161526 1 17 16 9 5 0 0 0 0  aaaa99995989a8863979aaa788546577773526a484686
161542 1 17 16 10 1 2 0 0 0  aaaa99996989a8825979aaa588666577777434a486385
161548 1 17 16 10 2 2 0 0 0  aaaa99995989a8835979aaa588666577777644a486382
161552 1 17 16 10 3 1 0 0 0  aaaa99994989a8844979aaa388666377777565a286585
161554 1 17 16 10 3 2 0 0 0  aaaa99995989a8835979aaa588666577777464a486382
161562 1 17 16 10 5 0 0 0 0  aaaa99995989a8863979aaa388546577777526a484686
161608 1 17 17 1 0 2 0 0 0  aaaa99995989a8885979aaa788777567635644a468362
161622 1 17 17 1 3 0 0 0 0  aaaa99995989a8883979aaa788777367662654a448565
161624 1 17 17 1 3 1 0 0 0  aaaa99995989a8883979aaa788777367662645a448565
161626 1 17 17 1 3 2 0 0 0  aaaa99995989a8885979aaa788777567665644a438362
161634 1 17 17 1 5 0 0 0 0  aaaa99995989a8884979aaa788777257645563a638664
161642 1 17 17 2 0 1 0 0 0  aaaa99994989a8883979aaa388777267644675a568565
161644 1 17 17 2 0 2 0 0 0  aaaa99995989a8885979aaa588777567644674a368362
161658 1 17 17 2 3 0 0 0 0  aaaa99994989a8883979aaa388777267656674a558654
161660 1 17 17 2 3 1 0 0 0  aaaa99995989a8885979aaa388777367662674a458465
161662 1 17 17 2 3 2 0 0 0  aaaa99995989a8885979aaa588777567662674a448363
161670 1 17 17 2 5 0 0 0 0  aaaa99995989a8884979aaa388777357465576a268646
161680 1 17 17 3 0 2 0 0 0  aaaa99995989a8885979aaa588777767635644a468362
161694 1 17 17 3 3 0 0 0 0  aaaa99995989a8883979aaa388777767662654a448565
161696 1 17 17 3 3 1 0 0 0  aaaa99995989a8883979aaa388777767662645a448565
161698 1 17 17 3 3 2 0 0 0  aaaa99995989a8885979aaa588777767665644a438362
161706 1 17 17 3 5 0 0 0 0  aaaa99995989a8884979aaa288777757645563a638664
161712 1 17 17 4 0 0 0 0 0  aaaa99996989a8885979aaa388777377662446a558465
161714 1 17 17 4 0 1 0 0 0  aaaa99995989a8885979aaa388777377662664a448556
161726 1 17 17 4 2 1 0 0 0  aaaa99995989a8884979aaa388777377666265a658445
161728 1 17 17 4 2 2 0 0 0  aaaa99995989a8885979aaa588777577666464a638423
161736 1 17 17 4 4 0 0 0 0  aaaa99995989a8884979aaa388777377655266a658464
161738 1 17 17 4 4 1 0 0 0  aaaa99995989a8885979aaa388777377646465a648625
161740 1 17 17 4 4 2 0 0 0  aaaa99995989a8885979aaa588777577646464a638623
161744 1 17 17 4 5 1 0 0 0  aaaa99995989a8884979aaa388777377644265a658665
161746 1 17 17 4 5 2 0 0 0  aaaa99995989a8885979aaa588777577644364a638662
161758 1 17 17 5 1 2 0 0 0  aaaa99996989a8883969aaa688777367652745a448575
161760 1 17 17 5 2 0 0 0 0  aaaa99995989a8883969aaa388777267546766a448575
161762 1 17 17 5 2 1 0 0 0  aaaa99995989a8883969aaa388777267456766a448575
161764 1 17 17 5 2 2 0 0 0  aaaa99995989a8885969aaa588777567446766a438372
161770 1 17 17 5 3 2 0 0 0  aaaa99995989a8885969aaa688777567635746a448372
161772 1 17 17 5 4 0 0 0 0  aaaa99995989a8883969aaa688777367662754a448575
161774 1 17 17 5 4 1 0 0 0  aaaa99995989a8883969aaa688777367662745a448575
161776 1 17 17 5 4 2 0 0 0  aaaa99995989a8885969aaa688777567665744a438372
161778 1 17 17 5 5 0 0 0 0  aaaa99995989a8883969aaa388777267666754a448575
161780 1 17 17 5 5 1 0 0 0  aaaa99995989a8883969aaa388777267666745a448575
161782 1 17 17 5 5 2 0 0 0  aaaa99995989a8885969aaa588777567666744a438372
161834 1 17 17 7 2 1 0 0 0  aaaa99995989a8883969aaa388777267644676a548557
161840 1 17 17 7 3 1 0 0 0  aaaa99993989a8883969aaa688777267644675a548557
161844 1 17 17 7 4 0 0 0 0  aaaa99995989a8883969aaa688777367662474a558457
161846 1 17 17 7 4 1 0 0 0  aaaa99995989a8885969aaa688777367663474a528457
161850 1 17 17 7 5 0 0 0 0  aaaa99995989a8883969aaa388777267666474a558457
161852 1 17 17 7 5 1 0 0 0  aaaa99995989a8885969aaa388777367666474a528457
161896 1 17 17 9 0 2 0 0 0  aaaa99995989a8885979aaa788663577775646a448362
161910 1 17 17 9 3 0 0 0 0  aaaa99995989a8883979aaa788666377772654a448565
161912 1 17 17 9 3 1 0 0 0  aaaa99995989a8883979aaa788666377772645a448565
161914 1 17 17 9 3 2 0 0 0  aaaa99995989a8885979aaa788666577775644a438362
161922 1 17 17 9 5 0 0 0 0  aaaa99995989a8884979aaa788564577772563a638664
161932 1 17 17 10 0 2 0 0 0  aaaa99995989a8885979aaa588663577777646a448362
161946 1 17 17 10 3 0 0 0 0  aaaa99995989a8883979aaa388666277777654a448565
161948 1 17 17 10 3 1 0 0 0  aaaa99995989a8883979aaa388666277777645a448565
161950 1 17 17 10 3 2 0 0 0  aaaa99995989a8885979aaa588666577777644a438362
161958 1 17 17 10 5 0 0 0 0  aaaa99995989a8884979aaa288564577777563a638664
162108 1 17 18 4 0 0 0 0 0  aaaa99995989a8888979aaa488777377663665a455246
162389 1 17 19 0 4 2 1 0 0  aaaa99994989a8884979aaa782765776666875a353584
162390 1 17 19 0 5 0 0 0 0  aaaa99995989a8883979aaa784746775465876a563682
162391 1 17 19 0 5 0 1 0 0  aaaa99995989a8884979aaa783736775265876a564684
162393 1 17 19 0 5 1 1 0 0  aaaa99994989a8884979aaa782756775565876a363684
162395 1 17 19 0 5 2 1 0 0  aaaa99995989a8885979aaa783736774265876a464685
162406 1 17 19 1 1 2 0 0 0  aaaa99996989a8883979aaa787775376662845a446585
162418 1 17 19 1 3 2 0 0 0  aaaa99994989a8883979aaa787774476663865a256585
162426 1 17 19 1 5 0 0 0 0  aaaa99995989a8884979aaa787776374565856a264683
162442 1 17 19 2 1 2 0 0 0  aaaa99996989a8885979aaa587773576665844a476382
162452 1 17 19 2 3 1 0 0 0  aaaa99994989a8883979aaa387774476662865a576585
162454 1 17 19 2 3 2 0 0 0  aaaa99995989a8885979aaa587774576662863a476483
162462 1 17 19 2 5 0 0 0 0  aaaa99995989a8884979aaa387776374565856a274686
162474 1 17 19 3 1 0 0 0 0  aaaa99996989a8885979aaa387777376662854a446585
162476 1 17 19 3 1 1 0 0 0  aaaa99996989a8885979aaa387777376662845a446585
162478 1 17 19 3 1 2 0 0 0  aaaa99996989a8885979aaa587777576665844a436382
162486 1 17 19 3 3 0 0 0 0  aaaa99995989a8884979aaa387777376646862a565584
162488 1 17 19 3 3 1 0 0 0  aaaa99995989a8885979aaa387777376662864a456485
162490 1 17 19 3 3 2 0 0 0  aaaa99995989a8885979aaa587777576662864a446383
162498 1 17 19 3 5 0 0 0 0  aaaa99995989a8884979aaa387777374565856a264686
162510 1 17 19 4 1 0 0 0 0  aaaa99995989a8884979aaa387776376676854a565284
162534 1 17 19 4 5 0 0 0 0  aaaa99995989a8884979aaa387776374575856a264686
162550 1 17 19 5 1 2 0 0 0  aaaa99996989a8883969aaa687775376652847a447585
162556 1 17 19 5 2 2 0 0 0  aaaa99995989a8885969aaa587773576446847a667382
162562 1 17 19 5 3 2 0 0 0  aaaa99995989a8885969aaa687774576635847a267483
162568 1 17 19 5 4 2 0 0 0  aaaa99995989a8885969aaa687773576665847a447382
162574 1 17 19 5 5 2 0 0 0  aaaa99995989a8885969aaa587773576666847a447382
162592 1 17 19 6 2 2 0 0 0  aaaa99995989a8885969aaa587774776635847a266483
162622 1 17 19 7 1 2 0 0 0  aaaa99996989a8883969aaa687775376652845a447785
162626 1 17 19 7 2 1 0 0 0  aaaa99994989a8883969aaa387774476556825a667785
162628 1 17 19 7 2 2 0 0 0  aaaa99995989a8885969aaa587773576446843a667782
162632 1 17 19 7 3 1 0 0 0  aaaa99994989a8883969aaa687775376644855a267785
162634 1 17 19 7 3 2 0 0 0  aaaa99995989a8885969aaa687773576635844a467782
162638 1 17 19 7 4 1 0 0 0  aaaa99994989a8883969aaa687774476663855a257785
162640 1 17 19 7 4 2 0 0 0  aaaa99995989a8885969aaa687773576665844a437782
162644 1 17 19 7 5 1 0 0 0  aaaa99994989a8883969aaa387774476666855a257785
162646 1 17 19 7 5 2 0 0 0  aaaa99995989a8885969aaa587773576666844a437782
162658 1 17 19 8 1 2 0 0 0  aaaa99996989a8883969aaa687777376652845a447585
162660 1 17 19 8 2 0 0 0 0  aaaa99995989a8883969aaa387777276546844a667585
162662 1 17 19 8 2 1 0 0 0  aaaa99995989a8883969aaa387777276456844a667585
162664 1 17 19 8 2 2 0 0 0  aaaa99995989a8885969aaa587777576446843a667382
162670 1 17 19 8 3 2 0 0 0  aaaa99995989a8885969aaa687777576635844a467382
162672 1 17 19 8 4 0 0 0 0  aaaa99995989a8883969aaa687777376662854a447585
162674 1 17 19 8 4 1 0 0 0  aaaa99995989a8883969aaa687777376662845a447585
162676 1 17 19 8 4 2 0 0 0  aaaa99995989a8885969aaa687777576665844a437382
162678 1 17 19 8 5 0 0 0 0  aaaa99995989a8883969aaa387777276666854a447585
162680 1 17 19 8 5 1 0 0 0  aaaa99995989a8883969aaa387777276666845a447585
162682 1 17 19 8 5 2 0 0 0  aaaa99995989a8885969aaa587777576666844a437382
162700 1 17 19 9 2 2 0 0 0  aaaa99995989a8885969aaa587777776635844a466382
162742 1 17 19 10 3 2 0 0 0  aaaa99995989a8885979aaa586663577777846a446382
162785 1 17 20 0 4 2 1 0 0  aaaa99994989a8888979aaa782765776666875a354534
162791 1 17 20 0 5 2 1 0 0  aaaa99994989a8888979aaa782765773654875a653664
162866 1 17 20 3 0 1 0 0 0  aaaa99994989a8888979aaa387777376644865a562556
163296 1 17 21 4 0 0 0 0 0  aaaa99995989a7778979aaa488888377663665a455246
163368 1 17 21 6 0 0 0 0 0  aaaa99996989a6658979aaa488888377647577a526534
163370 1 17 21 6 0 1 0 0 0  aaaa99995989a6648979aaa388888377627577a565446
163692 1 17 22 4 0 0 0 0 0  aaaa99995989a7774979aaa388888877663665a455246
163975 1 18 0 0 5 0 1 0 0  aaaa99988877a9684589aaa959873879654267a754663
163980 1 18 0 1 0 0 0 0 0  aaaa99988877a9785289aaa969867849564767a565343
163981 1 18 0 1 0 0 1 0 0  aaaa99988877a9785289aaa969867849464767a565533
163985 1 18 0 1 0 2 1 0 0  aaaa99988877a9784289aaa969867839563767a564554
164010 1 18 0 1 5 0 0 0 0  aaaa99988877a9783489aaa969847869666757a553425
164017 1 18 0 2 0 0 1 0 0  aaaa99988877a9783289aaa969867879463565a475546
164053 1 18 0 3 0 0 1 0 0  aaaa99988877a9787289aaa969867869554657a354634
164091 1 18 0 4 0 1 1 0 0  aaaa99988877a9784289aaa969867869555657a374634
164123 1 18 0 4 5 2 1 0 0  aaaa99988877a9784289aaa969857869666357a573544
164159 1 18 0 5 5 2 1 0 0  aaaa99988877a9784789aaa929867879654365a653645
164213 1 18 0 7 2 2 1 0 0  aaaa99988877a9784789aaa969866879254365a753564
164219 1 18 0 7 3 2 1 0 0  aaaa99988877a9784789aaa969866879356265a754534
164225 1 18 0 7 4 2 1 0 0  aaaa99988877a9784789aaa969835879666265a754534
164231 1 18 0 7 5 2 1 0 0  aaaa99988877a9784789aaa929865879654365a753664
164249 1 18 0 8 2 2 1 0 0  aaaa99988877a9787789aaa969866879354265a654534
164267 1 18 0 8 5 2 1 0 0  aaaa99988877a9787789aaa929865879654365a653644
164392 1 18 1 1 2 2 0 0 0  aaaa99954887a9877689aaa979766389653865a782445
164456 1 18 1 3 1 1 0 0 0  aaaa99965887a9874789aaa979775389663865a682445
164458 1 18 1 3 1 2 0 0 0  aaaa99965887a9875789aaa979774589665863a682443
164464 1 18 1 3 2 2 0 0 0  aaaa99954887a9873789aaa979775389666865a682445
164476 1 18 1 3 4 2 0 0 0  aaaa99954887a9873789aaa979774489656865a683625
164482 1 18 1 3 5 2 0 0 0  aaaa99954887a9873789aaa979775389644865a682665
164512 1 18 1 4 4 2 0 0 0  aaaa99954887a9877789aaa979766389653865a682445
164518 1 18 1 4 5 2 0 0 0  aaaa99954887a9877789aaa979765389644865a683625
164521 1 18 1 5 0 0 1 0 0  aaaa99976887a9877289aaa979665589735865a486443
164525 1 18 1 5 0 2 1 0 0  aaaa99976887a9877289aaa979665489754865a386534
164578 1 18 1 6 3 2 0 0 0  aaaa99954887a9853789aaa979775389676866a682445
164584 1 18 1 6 4 2 0 0 0  aaaa99954887a9853789aaa979774489676865a683625
164590 1 18 1 6 5 2 0 0 0  aaaa99954887a9853789aaa979774489673865a682665
164638 1 18 1 8 1 2 0 0 0  aaaa99964887a9853789aaa979775389662865a687445
164672 1 18 1 9 1 1 0 0 0  aaaa99965887a9854789aaa979777389663865a682445
164674 1 18 1 9 1 2 0 0 0  aaaa99965887a9845789aaa979777589665863a682443
164680 1 18 1 9 2 2 0 0 0  aaaa99954887a9853789aaa979777389666865a682445
164692 1 18 1 9 4 2 0 0 0  aaaa99954887a9844789aaa979777389656865a683625
164698 1 18 1 9 5 2 0 0 0  aaaa99954887a9853789aaa979777389644865a682665
164788 1 18 2 1 2 2 0 0 0  aaaa99954887a9877689aaa979766389653868a752445
164852 1 18 2 3 1 1 0 0 0  aaaa99965887a9874789aaa979775389663868a652445
164854 1 18 2 3 1 2 0 0 0  aaaa99965887a9875789aaa979774589665868a644332
164860 1 18 2 3 2 2 0 0 0  aaaa99954887a9873789aaa979775389666868a652445
164872 1 18 2 3 4 2 0 0 0  aaaa99954887a9873789aaa979775389656868a644625
164878 1 18 2 3 5 2 0 0 0  aaaa99954887a9873789aaa979775389652868a644665
164908 1 18 2 4 4 2 0 0 0  aaaa99954887a9877789aaa979766389653868a652445
164914 1 18 2 4 5 2 0 0 0  aaaa99954887a9877789aaa979765389653868a644625
164917 1 18 2 5 0 0 1 0 0  aaaa99975887a9877289aaa979665589764868a364534
164968 1 18 2 6 2 2 0 0 0  aaaa99954887a9853789aaa979775389672868a666445
164980 1 18 2 6 4 2 0 0 0  aaaa99954887a9853789aaa979775389676868a644625
164986 1 18 2 6 5 2 0 0 0  aaaa99954887a9853789aaa979775389672868a644665
165032 1 18 2 8 1 1 0 0 0  aaaa99965887a9854789aaa979775389663868a672445
165034 1 18 2 8 1 2 0 0 0  aaaa99965887a9845789aaa979773589665868a672443
165040 1 18 2 8 2 2 0 0 0  aaaa99954887a9853789aaa979775389666868a672445
165052 1 18 2 8 4 2 0 0 0  aaaa99954887a9853789aaa979774489656868a673625
165058 1 18 2 8 5 2 0 0 0  aaaa99954887a9853789aaa979775389644868a672665
165068 1 18 2 9 1 1 0 0 0  aaaa99965887a9854789aaa979777389663868a652445
165070 1 18 2 9 1 2 0 0 0  aaaa99965887a9845789aaa979777589665868a644332
165076 1 18 2 9 2 2 0 0 0  aaaa99954887a9853789aaa979777389666868a652445
165088 1 18 2 9 4 2 0 0 0  aaaa99954887a9853789aaa979777389656868a644625
165094 1 18 2 9 5 2 0 0 0  aaaa99954887a9853789aaa979777389652868a644665
165167 1 18 3 0 5 2 1 0 0  aaaa99977887a9874789aaa929865789654368a653645
165199 1 18 3 1 5 0 1 0 0  aaaa99965887a9877289aaa979876489565378a563644
165203 1 18 3 1 5 2 1 0 0  aaaa99965887a9877289aaa979876589365478a464635
165364 1 18 3 6 2 2 0 0 0  aaaa99954887a9844789aaa979877389657628a663565
165385 1 18 3 7 0 0 1 0 0  aaaa99974887a9877289aaa979866489656558a367534
165387 1 18 3 7 0 1 1 0 0  aaaa99974887a9877389aaa979866389656258a567544
165389 1 18 3 7 0 2 1 0 0  aaaa99974887a9877289aaa979866489564668a537553
165419 1 18 3 7 5 2 1 0 0  aaaa99974887a9877389aaa979865389654268a657645
165430 1 18 3 8 1 2 0 0 0  aaaa99954887a9853789aaa979877389666678a652445
165448 1 18 3 8 4 2 0 0 0  aaaa99954887a9853789aaa979877389652678a666445
165452 1 18 3 8 5 1 0 0 0  aaaa99965887a9864789aaa979877389464578a565632
165493 1 18 3 10 0 0 1 0 0  aaaa99966886a9864589aaa959873689754278a754773
165523 1 18 3 10 5 0 1 0 0  aaaa99965885a9865289aaa959876489764378a763774
165527 1 18 3 10 5 2 1 0 0  aaaa99965884a9865289aaa949876589764378a763775
165563 1 18 4 0 5 2 1 0 0  aaaa99977887a9874789aaa929865789684365a653645
165595 1 18 4 1 5 0 1 0 0  aaaa99965887a9877289aaa979876489585376a563644
165599 1 18 4 1 5 2 1 0 0  aaaa99965887a9877289aaa979876589385476a464635
165709 1 18 4 5 0 0 1 0 0  aaaa99974887a9877389aaa979866389784665a554256
165815 1 18 4 7 5 2 1 0 0  aaaa99974887a9877389aaa979865389684265a657645
165832 1 18 4 8 2 2 0 0 0  aaaa99954887a9844789aaa979877389683675a662565
165838 1 18 4 8 3 2 0 0 0  aaaa99954887a9853789aaa979877389682676a656445
165844 1 18 4 8 4 2 0 0 0  aaaa99954887a9853789aaa979877389682675a666445
165848 1 18 4 8 5 1 0 0 0  aaaa99965887a9864789aaa979877389484576a565632
165919 1 18 4 10 5 0 1 0 0  aaaa99965885a9865289aaa959876489784376a763774
165923 1 18 4 10 5 2 1 0 0  aaaa99965884a9865289aaa949876589784376a763775
165925 1 18 5 0 0 0 1 0 0  aaaa99977827a9887889aaa969877669553586a546434
165927 1 18 5 0 0 1 1 0 0  aaaa99977827a9887889aaa969877669543586a556434
165928 1 18 5 0 0 2 0 0 0  aaaa99977827a9887889aaa969877669543486a546553
165929 1 18 5 0 0 2 1 0 0  aaaa99977827a9887889aaa969877669354685a354564
165970 1 18 5 1 1 2 0 0 0  aaaa99964877a9887889aaa969876369653785a752445
166001 1 18 5 2 0 2 1 0 0  aaaa99966877a9887889aaa969876479354285a756534
166031 1 18 5 2 5 2 1 0 0  aaaa99965877a9887889aaa929876579465386a763445
166037 1 18 5 3 0 2 1 0 0  aaaa99957872a9887889aaa979877469654685a356634
166139 1 18 5 5 5 2 1 0 0  aaaa99965877a9887889aaa939877579365486a464652
166175 1 18 5 6 5 2 1 0 0  aaaa99965873a9885889aaa979877579367486a464652
166211 1 18 5 7 5 2 1 0 0  aaaa99967877a9887889aaa929876479564386a563554
166222 1 18 5 8 1 2 0 0 0  aaaa99954876a9887889aaa979877379663685a652445
166243 1 18 5 8 5 0 1 0 0  aaaa99965872a9887889aaa979877479565386a563644
166247 1 18 5 8 5 2 1 0 0  aaaa99965873a9887889aaa979877579365486a464652
166283 1 18 5 9 5 2 1 0 0  aaaa99965873a9885889aaa979877779365486a464652
166319 1 18 5 10 5 2 1 0 0  aaaa99965837a9885889aaa979836579777486a464652
166355 1 18 6 0 5 2 1 0 0  aaaa99977887a9874789aaa929865789654365a683645
166387 1 18 6 1 5 0 1 0 0  aaaa99965887a9877289aaa979876489565376a583644
166391 1 18 6 1 5 2 1 0 0  aaaa99965887a9877289aaa979876589365476a484635
166573 1 18 6 7 0 0 1 0 0  aaaa99974887a9877289aaa979866489656556a387534
166575 1 18 6 7 0 1 1 0 0  aaaa99974887a9877389aaa979866389656256a587544
166577 1 18 6 7 0 2 1 0 0  aaaa99974887a9877289aaa979866489564663a587553
166607 1 18 6 7 5 2 1 0 0  aaaa99974887a9877389aaa979865389654265a687645
166618 1 18 6 8 1 2 0 0 0  aaaa99954887a9853789aaa979877389666675a682445
166636 1 18 6 8 4 2 0 0 0  aaaa99954887a9853789aaa979877389644675a682665
166640 1 18 6 8 5 1 0 0 0  aaaa99965887a9864789aaa979877389464576a585632
166681 1 18 6 10 0 0 1 0 0  aaaa99966886a9864589aaa959873689754275a784773
166711 1 18 6 10 5 0 1 0 0  aaaa99965885a9865289aaa959876489764376a783774
166715 1 18 6 10 5 2 1 0 0  aaaa99965884a9865289aaa949876589764376a783775
166798 1 18 7 2 1 2 0 0 0  aaaa99964887a9887789aaa979766389653865a752445
166834 1 18 7 3 1 2 0 0 0  aaaa99964887a9887789aaa979775389663865a652445
166904 1 18 7 5 1 1 0 0 0  aaaa99965887a9884789aaa979766389753865a672445
166906 1 18 7 5 1 2 0 0 0  aaaa99965887a9885789aaa979766589745863a672443
166912 1 18 7 5 2 2 0 0 0  aaaa99954887a9883789aaa979766689753865a672445
166924 1 18 7 5 4 2 0 0 0  aaaa99954887a9883789aaa979765689744865a673625
166930 1 18 7 5 5 2 0 0 0  aaaa99954887a9883789aaa979765389744865a672665
166948 1 18 7 6 2 2 0 0 0  aaaa99954887a9883789aaa979775389672865a666445
166960 1 18 7 6 4 2 0 0 0  aaaa99954887a9883789aaa979775389676865a644625
166966 1 18 7 6 5 2 0 0 0  aaaa99954887a9883789aaa979775389672865a644665
167012 1 18 7 8 1 1 0 0 0  aaaa99965887a9884789aaa979775389663865a672445
167014 1 18 7 8 1 2 0 0 0  aaaa99965887a9885789aaa979774589665863a672443
167020 1 18 7 8 2 2 0 0 0  aaaa99954887a9883789aaa979775389666865a672445
167032 1 18 7 8 4 2 0 0 0  aaaa99954887a9883789aaa979774489656865a673625
167038 1 18 7 8 5 2 0 0 0  aaaa99954887a9883789aaa979775389644865a672665
167048 1 18 7 9 1 1 0 0 0  aaaa99965887a9884789aaa979777389663865a652445
167050 1 18 7 9 1 2 0 0 0  aaaa99965887a9885789aaa979777589665864a644332
167056 1 18 7 9 2 2 0 0 0  aaaa99954887a9883789aaa979777389666865a652445
167068 1 18 7 9 4 2 0 0 0  aaaa99954887a9883789aaa979777389656865a644625
167074 1 18 7 9 5 2 0 0 0  aaaa99954887a9883789aaa979777389652865a644665
167092 1 18 7 10 2 2 0 0 0  aaaa99954886a9883789aaa979777789663865a652445
167147 1 18 8 0 5 2 1 0 0  aaaa99977887a9874789aaa929868789654365a653645
167171 1 18 8 1 3 2 1 0 0  aaaa99964887a9877289aaa979878489666375a653545
167179 1 18 8 1 5 0 1 0 0  aaaa99965887a9877289aaa979878489565376a563644
167183 1 18 8 1 5 2 1 0 0  aaaa99965887a9877289aaa979878589365476a464635
167297 1 18 8 5 0 2 1 0 0  aaaa99976887a9877289aaa979868689754665a354534
167365 1 18 8 7 0 0 1 0 0  aaaa99976887a9877289aaa979868689665554a347354
167366 1 18 8 7 0 1 0 0 0  aaaa99976887a9877289aaa979868689664555a347354
167367 1 18 8 7 0 1 1 0 0  aaaa99976887a9877289aaa979868689665354a537454
167368 1 18 8 7 0 2 0 0 0  aaaa99976887a9877289aaa979868689664354a537554
167369 1 18 8 7 0 2 1 0 0  aaaa99976887a9877289aaa979868689543664a547553
167392 1 18 8 7 4 2 0 0 0  aaaa99974887a9877689aaa979868389653265a657445
167397 1 18 8 7 5 1 1 0 0  aaaa99974887a9877389aaa979868389655265a657644
167399 1 18 8 7 5 2 1 0 0  aaaa99974887a9877389aaa979868389654265a657645
167503 1 18 8 10 5 0 1 0 0  aaaa99965885a9865289aaa959878489764376a763774
167507 1 18 8 10 5 2 1 0 0  aaaa99965884a9865289aaa949878589764376a763775
167573 1 18 9 1 4 2 1 0 0  aaaa99966887a9877289aaa979876539485386a765445
167579 1 18 9 1 5 2 1 0 0  aaaa99965887a9877289aaa979876549484386a763655
167740 1 18 9 6 2 2 0 0 0  aaaa99954887a9844789aaa979877379683685a662565
167746 1 18 9 6 3 2 0 0 0  aaaa99954887a9853789aaa979877379682686a656445
167752 1 18 9 6 4 2 0 0 0  aaaa99954887a9853789aaa979877379682685a666445
167756 1 18 9 6 5 1 0 0 0  aaaa99965887a9864789aaa979877379484586a565632
167765 1 18 9 7 0 2 1 0 0  aaaa99975887a9877289aaa979866569685384a367454
167791 1 18 9 7 5 0 1 0 0  aaaa99975887a9877289aaa979865549683484a657663
167806 1 18 9 8 1 2 0 0 0  aaaa99954887a9853789aaa979877369686685a762445
167812 1 18 9 8 2 2 0 0 0  aaaa99954887a9853789aaa979877369686686a752445
167818 1 18 9 8 3 2 0 0 0  aaaa99954887a9853789aaa979877369686685a744625
167820 1 18 9 8 4 0 0 0 0  aaaa99966887a9864789aaa979877359583586a762454
167826 1 18 9 8 5 0 0 0 0  aaaa99965887a9864789aaa979877359485586a763642
167828 1 18 9 8 5 1 0 0 0  aaaa99965887a9864789aaa979877359585486a764632
167882 1 18 9 10 2 1 0 0 0  aaaa99975886a9874689aaa969867369484587a575732
167886 1 18 9 10 3 0 0 0 0  aaaa99975886a9874689aaa969867359485587a673742
167888 1 18 9 10 3 1 0 0 0  aaaa99975886a9874689aaa969867359585487a674732
167899 1 18 9 10 5 0 1 0 0  aaaa99975886a9874289aaa969857569686387a573744
167903 1 18 9 10 5 2 1 0 0  aaaa99975886a9875389aaa969837569686487a474752
167921 1 18 10 0 2 2 1 0 0  aaaa99977887a9887789aaa969867689354265a654534
167939 1 18 10 0 5 2 1 0 0  aaaa99977887a9887789aaa929867489654365a653645
168073 1 18 10 4 4 0 1 0 0  aaaa99975882a9884789aaa979875589674637a666534
168079 1 18 10 4 5 0 1 0 0  aaaa99975882a9884789aaa979875589674367a653664
168100 1 18 10 5 2 2 0 0 0  aaaa99954887a9883789aaa979874489673675a662565
168106 1 18 10 5 3 2 0 0 0  aaaa99954887a9883789aaa979875389672676a656445
168112 1 18 10 5 4 2 0 0 0  aaaa99954887a9883789aaa979875389672675a666445
168116 1 18 10 5 5 1 0 0 0  aaaa99965887a9884789aaa979876389474576a565632
168157 1 18 10 7 0 0 1 0 0  aaaa99975887a9884389aaa979877389664276a656554
168161 1 18 10 7 0 2 1 0 0  aaaa99975887a9885389aaa979877389665276a646454
168169 1 18 10 7 2 0 1 0 0  aaaa99975887a9884389aaa979877389666276a565544
168173 1 18 10 7 2 2 1 0 0  aaaa99975887a9885289aaa979877589666476a464353
168175 1 18 10 7 3 0 1 0 0  aaaa99975887a9884389aaa979877389666276a655544
168179 1 18 10 7 3 2 1 0 0  aaaa99975887a9885289aaa979877589666476a644353
168187 1 18 10 7 5 0 1 0 0  aaaa99975887a9884289aaa979877489565376a563646
168202 1 18 10 8 1 2 0 0 0  aaaa99954887a9883789aaa979877389666675a652445
168220 1 18 10 8 4 2 0 0 0  aaaa99954887a9883789aaa979877389652675a666445
168224 1 18 10 8 5 1 0 0 0  aaaa99965887a9884789aaa979877389464576a565632
168295 1 18 10 10 5 0 1 0 0  aaaa99965885a9885289aaa959876489764376a763774
168299 1 18 10 10 5 2 1 0 0  aaaa99965884a9885289aaa949876589764376a763775
168337 1 18 11 1 0 0 1 0 0  aaaa99966882a9888789aaa979766489756577a534543
168355 1 18 11 1 3 0 1 0 0  aaaa99965882a9888789aaa979766689755477a644533
168359 1 18 11 1 3 2 1 0 0  aaaa99964882a9888789aaa979766689754377a653545
168367 1 18 11 1 5 0 1 0 0  aaaa99965882a9888789aaa979756589764377a563644
168371 1 18 11 1 5 2 1 0 0  aaaa99965882a9888789aaa979736589765477a464635
168403 1 18 11 2 5 0 1 0 0  aaaa99965882a9888789aaa979756589764756a364734
168457 1 18 11 4 2 0 1 0 0  aaaa99964882a9888789aaa979766689764575a533745
168467 1 18 11 4 3 2 1 0 0  aaaa99964882a9888789aaa979766689754375a653745
168475 1 18 11 4 5 0 1 0 0  aaaa99965882a9888789aaa979756589764376a563744
168479 1 18 11 4 5 2 1 0 0  aaaa99965882a9888789aaa979736589765476a464735
168490 1 18 11 5 1 2 0 0 0  aaaa99964887a9888789aaa979766389753765a652445
168583 1 18 11 7 5 0 1 0 0  aaaa99965887a9888289aaa979776489565756a364734
168598 1 18 11 8 1 2 0 0 0  aaaa99964887a9888789aaa979775389663765a652445
168695 1 18 11 10 5 2 1 0 0  aaaa99954882a9888789aaa979777789654365a653664
168853 1 18 12 4 2 0 1 0 0  aaaa99964882a9884789aaa979766689768575a533745
168863 1 18 12 4 3 2 1 0 0  aaaa99964882a9884789aaa979766689758375a653745
168871 1 18 12 4 5 0 1 0 0  aaaa99965882a9884789aaa979756589768376a563744
168875 1 18 12 4 5 2 1 0 0  aaaa99965882a9885789aaa979736589768476a464735
168886 1 18 12 5 1 2 0 0 0  aaaa99964887a9883789aaa979766389758765a652445
168979 1 18 12 7 5 0 1 0 0  aaaa99965887a9884289aaa979776489568736a565734
168994 1 18 12 8 1 2 0 0 0  aaaa99964887a9883789aaa979775389668765a652445
169085 1 18 12 10 4 2 1 0 0  aaaa99954882a9884789aaa979777789658635a666534
169091 1 18 12 10 5 2 1 0 0  aaaa99954882a9884789aaa979777789658365a653664
169144 1 18 13 1 2 2 0 0 0  aaaa99954877a9888889aaa969877379663765a652445
169235 1 18 13 3 5 2 1 0 0  aaaa99954877a9888889aaa929877779654365a653664
169265 1 18 13 4 4 2 1 0 0  aaaa99954877a9888889aaa929877479657635a666534
169271 1 18 13 4 5 2 1 0 0  aaaa99954877a9888889aaa929877479657365a653664
169303 1 18 13 5 5 0 1 0 0  aaaa99965872a9888889aaa979876479575356a763644
169307 1 18 13 5 5 2 1 0 0  aaaa99965872a9888889aaa979876579475346a763645
169337 1 18 13 6 4 2 1 0 0  aaaa99954872a9888889aaa979877479657635a666534
169343 1 18 13 6 5 2 1 0 0  aaaa99954872a9888889aaa979877479657365a653664
169451 1 18 13 9 5 2 1 0 0  aaaa99954872a9888889aaa979877779654365a653664
169487 1 18 13 10 5 2 1 0 0  aaaa99954827a9888889aaa979865479777365a653664
169493 1 18 14 0 0 2 1 0 0  aaaa99977888a9866379aaa939858829576766a547454
169519 1 18 14 0 5 0 1 0 0  aaaa99977888a9855279aaa949868849674765a637653
169540 1 18 14 1 2 2 0 0 0  aaaa99954888a9853769aaa979878879663765a672445
169570 1 18 14 2 1 2 0 0 0  aaaa99954888a9853769aaa979878879663667a752445
169591 1 18 14 2 5 0 1 0 0  aaaa99965888a9864729aaa979878879565357a763644
169595 1 18 14 2 5 2 1 0 0  aaaa99965888a9865729aaa979878879465347a763645
169608 1 18 14 3 2 0 0 0 0  aaaa99955888a9854779aaa929878879677666a345364
169609 1 18 14 3 2 0 1 0 0  aaaa99955888a9845779aaa929878879677666a353464
169613 1 18 14 3 2 2 1 0 0  aaaa99954888a9854779aaa929878879677666a353564
169614 1 18 14 3 3 0 0 0 0  aaaa99955888a9854779aaa929878879677666a346354
169615 1 18 14 3 3 0 1 0 0  aaaa99955888a9835779aaa929878879677666a456443
169619 1 18 14 3 3 2 1 0 0  aaaa99954888a9854779aaa929878879677666a356534
169620 1 18 14 3 4 0 0 0 0  aaaa99955888a9854779aaa929878879677634a666354
169621 1 18 14 3 4 0 1 0 0  aaaa99955888a9835779aaa929878879677645a666443
169625 1 18 14 3 4 2 1 0 0  aaaa99954888a9854779aaa929878879677635a666534
169626 1 18 14 3 5 0 0 0 0  aaaa99955888a9854779aaa929878879677364a635664
169627 1 18 14 3 5 0 1 0 0  aaaa99955888a9835779aaa929878879677465a644663
169631 1 18 14 3 5 2 1 0 0  aaaa99954888a9854779aaa929878879677365a653664
169648 1 18 14 4 2 2 0 0 0  aaaa99954888a9853769aaa979878879663767a652445
169699 1 18 14 5 5 0 1 0 0  aaaa99965888a9864729aaa979878879575356a763644
169703 1 18 14 5 5 2 1 0 0  aaaa99965888a9865729aaa979878879475346a763645
169716 1 18 14 6 2 0 0 0 0  aaaa99955888a9854729aaa979878879677666a345364
169717 1 18 14 6 2 0 1 0 0  aaaa99955888a9845729aaa979878879677666a353464
169721 1 18 14 6 2 2 1 0 0  aaaa99954888a9854729aaa979878879677666a353564
169722 1 18 14 6 3 0 0 0 0  aaaa99955888a9854729aaa979878879677666a346354
169723 1 18 14 6 3 0 1 0 0  aaaa99955888a9835729aaa979878879677666a456443
169727 1 18 14 6 3 2 1 0 0  aaaa99954888a9854729aaa979878879677666a356534
169728 1 18 14 6 4 0 0 0 0  aaaa99955888a9854729aaa979878879677634a666354
169729 1 18 14 6 4 0 1 0 0  aaaa99955888a9835729aaa979878879677645a666443
169733 1 18 14 6 4 2 1 0 0  aaaa99954888a9854729aaa979878879677635a666534
169734 1 18 14 6 5 0 0 0 0  aaaa99955888a9854729aaa979878879677364a635664
169735 1 18 14 6 5 0 1 0 0  aaaa99955888a9835729aaa979878879677465a644663
169739 1 18 14 6 5 2 1 0 0  aaaa99954888a9854729aaa979878879677365a653664
169772 1 18 14 7 5 1 0 0 0  aaaa99964888a9863779aaa959858879763756a464752
169804 1 18 14 8 4 2 0 0 0  aaaa99954888a9853779aaa969868879773765a644625
169824 1 18 14 9 2 0 0 0 0  aaaa99955888a9854779aaa929868879777666a345364
169825 1 18 14 9 2 0 1 0 0  aaaa99955888a9845779aaa929868879777666a353464
169829 1 18 14 9 2 2 1 0 0  aaaa99954888a9854779aaa929868879777666a353564
169830 1 18 14 9 3 0 0 0 0  aaaa99955888a9854779aaa929868879777666a346354
169831 1 18 14 9 3 0 1 0 0  aaaa99955888a9835779aaa929868879777666a456443
169835 1 18 14 9 3 2 1 0 0  aaaa99954888a9854779aaa929868879777666a356534
169836 1 18 14 9 4 0 0 0 0  aaaa99955888a9854779aaa929868879777634a666354
169837 1 18 14 9 4 0 1 0 0  aaaa99955888a9835779aaa929868879777645a666443
169841 1 18 14 9 4 2 1 0 0  aaaa99954888a9854779aaa929868879777635a666534
169842 1 18 14 9 5 0 0 0 0  aaaa99955888a9854779aaa929868879777364a635664
169843 1 18 14 9 5 0 1 0 0  aaaa99955888a9835779aaa929868879777465a644663
169847 1 18 14 9 5 2 1 0 0  aaaa99954888a9854779aaa929868879777365a653664
169860 1 18 14 10 2 0 0 0 0  aaaa99955888a9854279aaa979868879777666a345364
169861 1 18 14 10 2 0 1 0 0  aaaa99955888a9845279aaa979868879777666a353464
169865 1 18 14 10 2 2 1 0 0  aaaa99954888a9854279aaa979868879777666a353564
169866 1 18 14 10 3 0 0 0 0  aaaa99955888a9854279aaa979868879777666a346354
169867 1 18 14 10 3 0 1 0 0  aaaa99955888a9835279aaa979868879777666a456443
169871 1 18 14 10 3 2 1 0 0  aaaa99954888a9854279aaa979868879777666a356534
169872 1 18 14 10 4 0 0 0 0  aaaa99955888a9854279aaa979868879777634a666354
169873 1 18 14 10 4 0 1 0 0  aaaa99955888a9835279aaa979868879777645a666443
169877 1 18 14 10 4 2 1 0 0  aaaa99954888a9854279aaa979868879777635a666534
169878 1 18 14 10 5 0 0 0 0  aaaa99955888a9854279aaa979868879777364a635664
169879 1 18 14 10 5 0 1 0 0  aaaa99955888a9835279aaa979868879777465a644663
169883 1 18 14 10 5 2 1 0 0  aaaa99954888a9854279aaa979868879777365a653664
169913 1 18 15 0 4 2 1 0 0  aaaa99977867a9887889aaa969767669354285a854534
169914 1 18 15 0 5 0 0 0 0  aaaa99977827a9887889aaa969757569666384a835544
169915 1 18 15 0 5 0 1 0 0  aaaa99977847a9887889aaa969747469666585a835523
169967 1 18 15 2 1 2 1 0 0  aaaa99956877a9887889aaa969766479356285a874534
169987 1 18 15 2 5 0 1 0 0  aaaa99965877a9887889aaa959736579564286a874634
169989 1 18 15 2 5 1 1 0 0  aaaa99965877a9887889aaa959756579364286a874634
169990 1 18 15 2 5 2 0 0 0  aaaa99965877a9887889aaa939746579365286a875644
169991 1 18 15 2 5 2 1 0 0  aaaa99965877a9887889aaa929746579465386a873645
170069 1 18 15 5 0 2 1 0 0  aaaa99966877a9887889aaa969776479354285a856534
170099 1 18 15 5 5 2 1 0 0  aaaa99965877a9887889aaa929776579465386a863445
170100 1 18 15 6 0 0 0 0 0  aaaa99966877a9887889aaa929777669565384a835544
170101 1 18 15 6 0 0 1 0 0  aaaa99966877a9887889aaa949777669464585a835523
170116 1 18 15 6 2 2 0 0 0  aaaa99954877a9887889aaa969777369653686a852445
170141 1 18 15 7 0 2 1 0 0  aaaa99967877a9887889aaa969765479264385a853564
170159 1 18 15 7 3 2 1 0 0  aaaa99967877a9887889aaa969766479356285a854534
170165 1 18 15 7 4 2 1 0 0  aaaa99967877a9887889aaa969766679354285a854534
170167 1 18 15 7 5 0 1 0 0  aaaa99967877a9887889aaa959756479365286a864534
170169 1 18 15 7 5 1 1 0 0  aaaa99967877a9887889aaa959756579364286a864534
170171 1 18 15 7 5 2 1 0 0  aaaa99967877a9887889aaa929756479564386a863554
170177 1 18 15 8 0 2 1 0 0  aaaa99966876a9887889aaa979775679364285a854534
170203 1 18 15 8 5 0 1 0 0  aaaa99965872a9887889aaa979776479565386a863544
170207 1 18 15 8 5 2 1 0 0  aaaa99965872a9887889aaa979776579465386a863445
170218 1 18 15 9 1 2 0 0 0  aaaa99954876a9887889aaa979777369653685a862445
170224 1 18 15 9 2 2 0 0 0  aaaa99954876a9887889aaa979777369653686a852445
170230 1 18 15 9 3 2 0 0 0  aaaa99954876a9887889aaa979777369653685a844625
170236 1 18 15 9 4 2 0 0 0  aaaa99954876a9887889aaa979777369663685a852445
170244 1 18 15 10 0 0 0 0 0  aaaa99966872a9886889aaa979777769565384a835544
170245 1 18 15 10 0 0 1 0 0  aaaa99966874a9886889aaa979777769464585a835523
170260 1 18 15 10 2 2 0 0 0  aaaa99954876a9883889aaa979777769653686a852445
170281 1 18 16 0 0 0 1 0 0  aaaa99985877a9884889aaa969765579264387a763564
170293 1 18 16 0 2 0 1 0 0  aaaa99985877a9884889aaa969766479525387a763546
170363 1 18 16 2 1 2 1 0 0  aaaa99986877a9887889aaa969766479356285a754534
170383 1 18 16 2 5 0 1 0 0  aaaa99985877a9887889aaa959736579564286a764634
170385 1 18 16 2 5 1 1 0 0  aaaa99985877a9887889aaa959756579364286a764634
170386 1 18 16 2 5 2 0 0 0  aaaa99985877a9887889aaa939746579365286a765644
170387 1 18 16 2 5 2 1 0 0  aaaa99985877a9887889aaa929746579465386a763645
170495 1 18 16 5 5 2 1 0 0  aaaa99985877a9887889aaa939776579365486a464652
170549 1 18 16 7 2 2 1 0 0  aaaa99987877a9887889aaa969766479254385a653564
170555 1 18 16 7 3 2 1 0 0  aaaa99987877a9887889aaa969766479356285a654534
170561 1 18 16 7 4 2 1 0 0  aaaa99987877a9887889aaa969766679354285a654534
170567 1 18 16 7 5 2 1 0 0  aaaa99987877a9887889aaa929765479654385a653664
170578 1 18 16 8 1 2 0 0 0  aaaa99984876a9887889aaa979775379663685a652445
170599 1 18 16 8 5 0 1 0 0  aaaa99985872a9887889aaa979776479565386a563644
170603 1 18 16 8 5 2 1 0 0  aaaa99985873a9887889aaa979776579365486a464652
170683 1 18 17 0 1 0 1 0 0  aaaa99977875a9888889aaa969667379567586a543424
170747 1 18 17 1 5 2 1 0 0  aaaa99965877a9888889aaa939776579365487a464652
170819 1 18 17 3 5 2 1 0 0  aaaa99965877a9888889aaa939777579365486a464652
170855 1 18 17 4 5 2 1 0 0  aaaa99965877a9888889aaa939776579375486a464652
170875 1 18 17 5 3 0 1 0 0  aaaa99965872a9888889aaa979766679755383a674544
170879 1 18 17 5 3 2 1 0 0  aaaa99964872a9888889aaa979766679754385a673545
170887 1 18 17 5 5 0 1 0 0  aaaa99965872a9888889aaa979756579764386a573644
170891 1 18 17 5 5 2 1 0 0  aaaa99965872a9888889aaa979736579765486a474635
170923 1 18 17 6 5 0 1 0 0  aaaa99965872a9888889aaa979776479575386a563644
170927 1 18 17 6 5 2 1 0 0  aaaa99965873a9888889aaa979776579375486a464652
170980 1 18 17 8 2 2 0 0 0  aaaa99954877a9888889aaa969777369653785a644625
171089 1 18 18 0 2 2 1 0 0  aaaa99977888a9884769aaa969837879657265a654534
171124 1 18 18 1 2 2 0 0 0  aaaa99954888a9883779aaa969877879663765a652445
171175 1 18 18 2 5 0 1 0 0  aaaa99964888a9884779aaa929877859567576a363654
171196 1 18 18 3 2 2 0 0 0  aaaa99954888a9883769aaa979877879663765a652445
171245 1 18 18 4 4 2 1 0 0  aaaa99954888a9884779aaa929877879657635a666534
171251 1 18 18 4 5 2 1 0 0  aaaa99954888a9884779aaa929877879657365a653664
171283 1 18 18 5 5 0 1 0 0  aaaa99965888a9884729aaa979876879575356a763644
171287 1 18 18 5 5 2 1 0 0  aaaa99965888a9885729aaa979876879475346a763645
171317 1 18 18 6 4 2 1 0 0  aaaa99954888a9884729aaa979877879657635a666534
171323 1 18 18 6 5 2 1 0 0  aaaa99954888a9884729aaa979877879657365a653664
171370 1 18 18 8 1 2 0 0 0  aaaa99954888a9883769aaa979877879663665a752445
171391 1 18 18 8 5 0 1 0 0  aaaa99965888a9884729aaa979877879565356a763644
171395 1 18 18 8 5 2 1 0 0  aaaa99965888a9885729aaa979877879465346a763645
171425 1 18 18 9 4 2 1 0 0  aaaa99954888a9884779aaa929865879777635a666534
171431 1 18 18 9 5 2 1 0 0  aaaa99954888a9884779aaa929865879777365a653664
171461 1 18 18 10 4 2 1 0 0  aaaa99954888a9884279aaa979865879777635a666534
171467 1 18 18 10 5 2 1 0 0  aaaa99954888a9884279aaa979865879777365a653664
171491 1 18 19 0 3 2 1 0 0  aaaa99977887a9887789aaa969867669354285a654534
171545 1 18 19 2 0 2 1 0 0  aaaa99966887a9887789aaa979875669364285a754534
171570 1 18 19 2 5 0 0 0 0  aaaa99964887a9887789aaa979876359563586a762454
171628 1 18 19 4 2 2 0 0 0  aaaa99954886a9883789aaa979875379662787a644565
171634 1 18 19 4 3 2 0 0 0  aaaa99954886a9886789aaa979875379663787a652445
171640 1 18 19 4 4 2 0 0 0  aaaa99954886a9883789aaa979875379666787a652445
171644 1 18 19 4 5 1 0 0 0  aaaa99965885a9884789aaa979876379565787a464632
171658 1 18 19 5 1 2 0 0 0  aaaa99954887a9883789aaa979875379666686a752445
171694 1 18 19 6 1 2 0 0 0  aaaa99954887a9883789aaa979877379666685a652445
171712 1 18 19 6 4 2 0 0 0  aaaa99954887a9883789aaa979877379652685a666445
171716 1 18 19 6 5 1 0 0 0  aaaa99965887a9884789aaa979877379464586a565632
171755 1 18 19 7 5 2 1 0 0  aaaa99975887a9885289aaa979877549464386a763656
171766 1 18 19 8 1 2 0 0 0  aaaa99954887a9883789aaa979877369662685a756445
171772 1 18 19 8 2 2 0 0 0  aaaa99954887a9883789aaa979877369656686a752445
171778 1 18 19 8 3 2 0 0 0  aaaa99954887a9883789aaa979877369662685a744565
171784 1 18 19 8 4 2 0 0 0  aaaa99954887a9883789aaa979877369666685a752445
171786 1 18 19 8 5 0 0 0 0  aaaa99965887a9884789aaa979877359465586a763642
171788 1 18 19 8 5 1 0 0 0  aaaa99965887a9884789aaa979877359565486a764632
171838 1 18 19 10 1 2 0 0 0  aaaa99954887a9883689aaa979866379777685a652445
171859 1 18 19 10 5 0 1 0 0  aaaa99965887a9884289aaa979856579777386a563644
171863 1 18 19 10 5 2 1 0 0  aaaa99965887a9885389aaa979836579777486a464652
171916 1 18 20 1 2 2 0 0 0  aaaa99954886a9888789aaa979875379663765a672445
171946 1 18 20 2 1 2 0 0 0  aaaa99954886a9888789aaa979875379663667a752445
171967 1 18 20 2 5 0 1 0 0  aaaa99965882a9888789aaa979876479565357a763644
171971 1 18 20 2 5 2 1 0 0  aaaa99965882a9888789aaa979876579465347a763645
171988 1 18 20 3 2 2 0 0 0  aaaa99954886a9888789aaa979877379663765a652445
172024 1 18 20 4 2 2 0 0 0  aaaa99954886a9888789aaa979875379663767a652445
172119 1 18 20 7 0 1 1 0 0  aaaa99974887a9888289aaa979877469655675a356634
172259 1 18 20 10 5 2 1 0 0  aaaa99954887a9888289aaa979865479777365a653664
172312 1 18 21 1 2 2 0 0 0  aaaa99954888a9888779aaa969877379663765a652445
172403 1 18 21 3 5 2 1 0 0  aaaa99954888a9888779aaa929877779654365a653664
172433 1 18 21 4 4 2 1 0 0  aaaa99954888a9888779aaa929877479657635a666534
172439 1 18 21 4 5 2 1 0 0  aaaa99954888a9888779aaa929877479657365a653664
172471 1 18 21 5 5 0 1 0 0  aaaa99965888a9888729aaa979876479575356a763644
172475 1 18 21 5 5 2 1 0 0  aaaa99965888a9888729aaa979876579475346a763645
172505 1 18 21 6 4 2 1 0 0  aaaa99954888a9888729aaa979877479657635a666534
172511 1 18 21 6 5 2 1 0 0  aaaa99954888a9888729aaa979877479657365a653664
172619 1 18 21 9 5 2 1 0 0  aaaa99954888a9888729aaa979877779654365a653664
172655 1 18 21 10 5 2 1 0 0  aaaa99954888a9888279aaa979865479777365a653664
172708 1 18 22 1 2 2 0 0 0  aaaa99954786a9773879aaa989888879663765a652445
172799 1 18 22 3 5 2 1 0 0  aaaa99954782a9777879aaa989888879654365a653664
172829 1 18 22 4 4 2 1 0 0  aaaa99954782a9774879aaa989888879657635a666534
172835 1 18 22 4 5 2 1 0 0  aaaa99954782a9774879aaa989888879657365a653664
172867 1 18 22 5 5 0 1 0 0  aaaa99965787a9764829aaa989888879575356a763644
172871 1 18 22 5 5 2 1 0 0  aaaa99965787a9765829aaa989888879475346a763645
172901 1 18 22 6 4 2 1 0 0  aaaa99954787a9774829aaa989888879657635a666534
172907 1 18 22 6 5 2 1 0 0  aaaa99954787a9774829aaa989888879657365a653664
173015 1 18 22 9 5 2 1 0 0  aaaa99954787a9777829aaa989888879654365a653664
173051 1 18 22 10 5 2 1 0 0  aaaa99954287a9654879aaa989888879777365a653664
173087 1 19 0 0 5 2 1 0 0  aaaa99988877a9583289aaa949876874964756a563756
173088 1 19 0 1 0 0 0 0 0  aaaa99988877a9785289aaa969867846943767a565534
173089 1 19 0 1 0 0 1 0 0  aaaa99988877a9785289aaa969867846944767a565533
173091 1 19 0 1 0 1 1 0 0  aaaa99988877a9784289aaa969867856955767a364534
173092 1 19 0 1 0 2 0 0 0  aaaa99988877a9785289aaa969867846945767a365354
173093 1 19 0 1 0 2 1 0 0  aaaa99988877a9785289aaa969867836935767a465445
173118 1 19 0 1 5 0 0 0 0  aaaa99988877a9783489aaa969847866966757a553425
173125 1 19 0 2 0 0 1 0 0  aaaa99988877a9784289aaa969867876954565a576343
173161 1 19 0 3 0 0 1 0 0  aaaa99988877a9787289aaa969867865954657a534643
173162 1 19 0 3 0 1 0 0 0  aaaa99988877a9787289aaa969867865955647a534643
173163 1 19 0 3 0 1 1 0 0  aaaa99988877a9787289aaa969867865934657a554643
173164 1 19 0 3 0 2 0 0 0  aaaa99988877a9787289aaa969867865934647a555643
173165 1 19 0 3 0 2 1 0 0  aaaa99988877a9787289aaa969867835963567a455446
173199 1 19 0 4 0 1 1 0 0  aaaa99988877a9784289aaa969867865955637a574634
173200 1 19 0 4 0 2 0 0 0  aaaa99988877a9785289aaa969867864945637a375654
173201 1 19 0 4 0 2 1 0 0  aaaa99988877a9785289aaa969867863935647a475645
173231 1 19 0 4 5 2 1 0 0  aaaa99988877a9784289aaa969857866966357a573544
173339 1 19 0 7 5 2 1 0 0  aaaa99988877a9785789aaa939846873965246a765645
173495 1 19 1 1 1 2 1 0 0  aaaa99956887a9877689aaa979766483954825a783564
173515 1 19 1 1 5 0 1 0 0  aaaa99965887a9877289aaa979756583964856a783644
173519 1 19 1 1 5 2 1 0 0  aaaa99965887a9877289aaa979746583965846a783645
173566 1 19 1 3 1 2 0 0 0  aaaa99954887a9873789aaa979775386966865a682445
173584 1 19 1 3 4 2 0 0 0  aaaa99954887a9873789aaa979775386944865a682665
173588 1 19 1 3 5 1 0 0 0  aaaa99965887a9874789aaa979776385963846a585642
173629 1 19 1 5 0 0 1 0 0  aaaa99976887a9877289aaa979665587935865a486443
173633 1 19 1 5 0 2 1 0 0  aaaa99976887a9877289aaa979665487954865a386534
173674 1 19 1 6 1 2 0 0 0  aaaa99954887a9853789aaa979775386972866a686445
173680 1 19 1 6 2 2 0 0 0  aaaa99954887a9853789aaa979774486973865a686625
173692 1 19 1 6 4 2 0 0 0  aaaa99954887a9853789aaa979774486973865a682665
173696 1 19 1 6 5 1 0 0 0  aaaa99965887a9864789aaa979776385973846a585642
173768 1 19 1 8 5 1 0 0 0  aaaa99964887a9863789aaa979776385962856a587454
173782 1 19 1 9 1 2 0 0 0  aaaa99954887a9853789aaa979777386966865a682445
173800 1 19 1 9 4 2 0 0 0  aaaa99954887a9853789aaa979777386944865a682665
173804 1 19 1 9 5 1 0 0 0  aaaa99965887a9864789aaa979777385963846a585642
173891 1 19 2 1 1 2 1 0 0  aaaa99956887a9877689aaa979766483954828a753564
173911 1 19 2 1 5 0 1 0 0  aaaa99965887a9877289aaa979756583964858a763644
173915 1 19 2 1 5 2 1 0 0  aaaa99965887a9877289aaa979746583965848a763645
173962 1 19 2 3 1 2 0 0 0  aaaa99954887a9873789aaa979775386966868a652445
173980 1 19 2 3 4 2 0 0 0  aaaa99954887a9873789aaa979775386952868a666445
173984 1 19 2 3 5 1 0 0 0  aaaa99965887a9874789aaa979776385963848a565642
174025 1 19 2 5 0 0 1 0 0  aaaa99975887a9877289aaa979665587964868a364534
174076 1 19 2 6 2 2 0 0 0  aaaa99954887a9853789aaa979774486973868a662565
174082 1 19 2 6 3 2 0 0 0  aaaa99954887a9853789aaa979775386976868a662445
174088 1 19 2 6 4 2 0 0 0  aaaa99954887a9853789aaa979775386972868a666445
174092 1 19 2 6 5 1 0 0 0  aaaa99965887a9864789aaa979776385973848a565642
174142 1 19 2 8 1 2 0 0 0  aaaa99954887a9853789aaa979775386966868a672445
174160 1 19 2 8 4 2 0 0 0  aaaa99954887a9853789aaa979775386944868a672665
174164 1 19 2 8 5 1 0 0 0  aaaa99965887a9864789aaa979776385963848a575642
174178 1 19 2 9 1 2 0 0 0  aaaa99954887a9853789aaa979777386966868a652445
174196 1 19 2 9 4 2 0 0 0  aaaa99954887a9853789aaa979777386952868a666445
174200 1 19 2 9 5 1 0 0 0  aaaa99965887a9864789aaa979777385963848a565642
174466 1 19 3 6 1 2 0 0 0  aaaa99956887a9854789aaa979877387944628a663565
174470 1 19 3 6 2 1 0 0 0  aaaa99965887a9864789aaa979877387944658a663552
174536 1 19 3 8 1 1 0 0 0  aaaa99965887a9854789aaa979877386963678a652445
174538 1 19 3 8 1 2 0 0 0  aaaa99965887a9845789aaa979877586965678a644332
174544 1 19 3 8 2 2 0 0 0  aaaa99954887a9853789aaa979877386966678a652445
174556 1 19 3 8 4 2 0 0 0  aaaa99954887a9853789aaa979877386956678a662445
174562 1 19 3 8 5 2 0 0 0  aaaa99954887a9853789aaa979877386952678a666445
174620 1 19 3 10 3 1 0 0 0  aaaa99975886a9874689aaa969867385973568a475742
174622 1 19 3 10 3 2 0 0 0  aaaa99975886a9875689aaa969867584975368a473742
174630 1 19 3 10 5 0 0 0 0  aaaa99976885a9876289aaa959857683976358a476744
174635 1 19 3 10 5 2 1 0 0  aaaa99976882a9876489aaa949847685976538a575736
174817 1 19 4 5 0 0 1 0 0  aaaa99974887a9877389aaa979866387984665a554256
174940 1 19 4 8 2 2 0 0 0  aaaa99954887a9853789aaa979877386982675a644665
174946 1 19 4 8 3 2 0 0 0  aaaa99954887a9853789aaa979877386986676a652445
174952 1 19 4 8 4 2 0 0 0  aaaa99954887a9853789aaa979877386986675a662445
174958 1 19 4 8 5 2 0 0 0  aaaa99954887a9853789aaa979877386982675a666445
175016 1 19 4 10 3 1 0 0 0  aaaa99975886a9874689aaa969867385983567a475742
175018 1 19 4 10 3 2 0 0 0  aaaa99975886a9875689aaa969867584985367a473742
175026 1 19 4 10 5 0 0 0 0  aaaa99976885a9876289aaa959857683986357a476744
175031 1 19 4 10 5 2 1 0 0  aaaa99976882a9876489aaa949847685986537a575736
175078 1 19 5 1 1 2 0 0 0  aaaa99964877a9887889aaa969876366953785a752445
175139 1 19 5 2 5 2 1 0 0  aaaa99965877a9887889aaa929876574965486a764353
175141 1 19 5 3 0 0 1 0 0  aaaa99967872a9887889aaa979877566955486a644533
175145 1 19 5 3 0 2 1 0 0  aaaa99967872a9887889aaa979877466954386a653545
175228 1 19 5 5 2 2 0 0 0  aaaa99954877a9887889aaa969877376963685a652445
175336 1 19 5 8 2 2 0 0 0  aaaa99954876a9887889aaa979877376963685a652445
175372 1 19 5 9 2 2 0 0 0  aaaa99954876a9883889aaa979877776963685a652445
175427 1 19 5 10 5 2 1 0 0  aaaa99965837a9885889aaa979836577977486a464652
175495 1 19 6 1 5 0 1 0 0  aaaa99965887a9877289aaa979876485965576a384634
175658 1 19 6 6 2 1 0 0 0  aaaa99965887a9864789aaa979877387944666a583552
175711 1 19 6 7 5 0 1 0 0  aaaa99974887a9877289aaa979865485954563a687663
175724 1 19 6 8 1 1 0 0 0  aaaa99965887a9854789aaa979877386963675a682445
175726 1 19 6 8 1 2 0 0 0  aaaa99965887a9845789aaa979877586965673a682443
175732 1 19 6 8 2 2 0 0 0  aaaa99954887a9853789aaa979877386966675a682445
175744 1 19 6 8 4 2 0 0 0  aaaa99954887a9853789aaa979877386962675a686445
175748 1 19 6 8 5 1 0 0 0  aaaa99965887a9864789aaa979877385963576a485642
175750 1 19 6 8 5 2 0 0 0  aaaa99965887a9865789aaa979877584965376a483642
175808 1 19 6 10 3 1 0 0 0  aaaa99975886a9874689aaa969867385973567a485742
175810 1 19 6 10 3 2 0 0 0  aaaa99975886a9875689aaa969867584975367a483742
175818 1 19 6 10 5 0 0 0 0  aaaa99976885a9876289aaa959857683976357a486744
175823 1 19 6 10 5 2 1 0 0  aaaa99976882a9876489aaa949847685976537a585736
175901 1 19 7 2 0 2 1 0 0  aaaa99966887a9887789aaa979766482956835a754534
175975 1 19 7 4 1 0 1 0 0  aaaa99975882a9884789aaa979766686974837a655534
176056 1 19 7 6 2 2 0 0 0  aaaa99954887a9883789aaa979774486973865a662565
176062 1 19 7 6 3 2 0 0 0  aaaa99954887a9883789aaa979775386976865a662445
176068 1 19 7 6 4 2 0 0 0  aaaa99954887a9883789aaa979775386972865a666445
176072 1 19 7 6 5 1 0 0 0  aaaa99965887a9884789aaa979776385973846a565642
176105 1 19 7 7 4 2 1 0 0  aaaa99966887a9885289aaa979776584965876a474353
176122 1 19 7 8 1 2 0 0 0  aaaa99954887a9883789aaa979775386966865a672445
176140 1 19 7 8 4 2 0 0 0  aaaa99954887a9883789aaa979775386944865a672665
176144 1 19 7 8 5 1 0 0 0  aaaa99965887a9884789aaa979776385963846a575642
176158 1 19 7 9 1 2 0 0 0  aaaa99954887a9883789aaa979777386966865a652445
176176 1 19 7 9 4 2 0 0 0  aaaa99954887a9883789aaa979777386952865a666445
176180 1 19 7 9 5 1 0 0 0  aaaa99965887a9884789aaa979777385963846a565642
176405 1 19 8 5 0 2 1 0 0  aaaa99976887a9877289aaa979868687954665a354534
176518 1 19 8 8 1 2 0 0 0  aaaa99964887a9853789aaa979878786963675a652445
176600 1 19 8 10 3 1 0 0 0  aaaa99975886a9874689aaa969868385973567a475742
176602 1 19 8 10 3 2 0 0 0  aaaa99975886a9875689aaa969868584975367a473742
176610 1 19 8 10 5 0 0 0 0  aaaa99976885a9876289aaa959858683976357a476744
176615 1 19 8 10 5 2 1 0 0  aaaa99976882a9876489aaa949848685976537a575736
176677 1 19 9 1 4 0 1 0 0  aaaa99965887a9877289aaa979875536984683a766544
176681 1 19 9 1 4 2 1 0 0  aaaa99964887a9877289aaa979875436983685a766545
176683 1 19 9 1 5 0 1 0 0  aaaa99965887a9877289aaa979876453985586a763644
176685 1 19 9 1 5 1 1 0 0  aaaa99965887a9877289aaa979876455985386a763644
176686 1 19 9 1 5 2 0 0 0  aaaa99965887a9877289aaa979876534985386a764654
176687 1 19 9 1 5 2 1 0 0  aaaa99965887a9877289aaa979876544984386a763655
176752 1 19 9 3 4 2 0 0 0  aaaa99954887a9857789aaa979877326986685a663445
176788 1 19 9 4 4 2 0 0 0  aaaa99954887a9877789aaa979875326986685a663445
176797 1 19 9 5 0 0 1 0 0  aaaa99975887a9877389aaa979866376984286a655544
176801 1 19 9 5 0 2 1 0 0  aaaa99975887a9877289aaa979866576985486a644353
176848 1 19 9 6 2 2 0 0 0  aaaa99954887a9853789aaa979877376982685a644665
176854 1 19 9 6 3 2 0 0 0  aaaa99954887a9853789aaa979877376986686a652445
176860 1 19 9 6 4 2 0 0 0  aaaa99954887a9853789aaa979877376986685a662445
176866 1 19 9 6 5 2 0 0 0  aaaa99954887a9853789aaa979877376982685a666445
176871 1 19 9 7 0 1 1 0 0  aaaa99974887a9877289aaa979866436983586a657545
176898 1 19 9 7 5 0 0 0 0  aaaa99975887a9877289aaa979856543984386a567646
176899 1 19 9 7 5 0 1 0 0  aaaa99975887a9877489aaa979846453985586a367626
176968 1 19 9 9 4 2 0 0 0  aaaa99954887a9853789aaa979877726986685a663445
176979 1 19 9 10 0 1 1 0 0  aaaa99976886a9876689aaa969837455985287a574734
176981 1 19 9 10 0 2 1 0 0  aaaa99976886a9876689aaa969837425984587a575734
176990 1 19 9 10 2 1 0 0 0  aaaa99975886a9874689aaa969867365983587a475742
176992 1 19 9 10 2 2 0 0 0  aaaa99975886a9875689aaa969867564985387a473742
177007 1 19 9 10 5 0 1 0 0  aaaa99975886a9874289aaa969857566986387a573744
177011 1 19 9 10 5 2 1 0 0  aaaa99975886a9875389aaa969837566986487a474752
177094 1 19 10 2 1 2 0 0 0  aaaa99964887a9887789aaa979875386963675a652445
177202 1 19 10 5 1 2 0 0 0  aaaa99964887a9883789aaa979875387952676a656445
177206 1 19 10 5 2 1 0 0 0  aaaa99965887a9884789aaa979876387953675a662445
177208 1 19 10 5 2 2 0 0 0  aaaa99965887a9885789aaa979876587945673a662443
177220 1 19 10 5 4 2 0 0 0  aaaa99964887a9883789aaa979875387952675a666445
177222 1 19 10 5 5 0 0 0 0  aaaa99965887a9884789aaa979876387963576a562454
177224 1 19 10 5 5 1 0 0 0  aaaa99965887a9884789aaa979876387963576a565442
177265 1 19 10 7 0 0 1 0 0  aaaa99975887a9884389aaa979877386964276a655564
177308 1 19 10 8 1 1 0 0 0  aaaa99965887a9884789aaa979877386963675a652445
177310 1 19 10 8 1 2 0 0 0  aaaa99965887a9885789aaa979877586965674a644332
177316 1 19 10 8 2 2 0 0 0  aaaa99954887a9883789aaa979877386966675a652445
177328 1 19 10 8 4 2 0 0 0  aaaa99954887a9883789aaa979877386956675a662445
177334 1 19 10 8 5 2 0 0 0  aaaa99954887a9883789aaa979877386952675a666445
177392 1 19 10 10 3 1 0 0 0  aaaa99975886a9884689aaa969867385973567a475742
177394 1 19 10 10 3 2 0 0 0  aaaa99975886a9885689aaa969867584975367a473742
177402 1 19 10 10 5 0 0 0 0  aaaa99976885a9886289aaa959857683976357a476744
177407 1 19 10 10 5 2 1 0 0  aaaa99976882a9886489aaa949847685976537a575736
177481 1 19 11 2 0 0 1 0 0  aaaa99975882a9888789aaa979766486974736a655534
177691 1 19 11 7 5 0 1 0 0  aaaa99965887a9888289aaa979776485965736a564734
177695 1 19 11 7 5 2 1 0 0  aaaa99965887a9888289aaa979776584965736a464735
177803 1 19 11 10 5 2 1 0 0  aaaa99954882a9888789aaa979777786954635a666534
177886 1 19 12 2 1 2 0 0 0  aaaa99964887a9887789aaa979766388953765a652445
177949 1 19 12 4 0 0 1 0 0  aaaa99975883a9884789aaa979766488973667a525546
177952 1 19 12 4 0 2 0 0 0  aaaa99975882a9885789aaa979766588975667a344436
177961 1 19 12 4 2 0 1 0 0  aaaa99975883a9884789aaa979766688973267a655544
177965 1 19 12 4 2 2 1 0 0  aaaa99975882a9885789aaa979766688975467a644353
177967 1 19 12 4 3 0 1 0 0  aaaa99975883a9884789aaa979766688973267a565544
177971 1 19 12 4 3 2 1 0 0  aaaa99975882a9885789aaa979766688975467a464353
177973 1 19 12 4 4 0 1 0 0  aaaa99975882a9884789aaa979765588974637a666534
177979 1 19 12 4 5 0 1 0 0  aaaa99975882a9884789aaa979765588974367a653664
177992 1 19 12 5 1 1 0 0 0  aaaa99965887a9884789aaa979766388973765a652445
177994 1 19 12 5 1 2 0 0 0  aaaa99965887a9885789aaa979766588975764a644332
178000 1 19 12 5 2 2 0 0 0  aaaa99954887a9883789aaa979766688973765a652445
178012 1 19 12 5 4 2 0 0 0  aaaa99954887a9883789aaa979765688973765a644625
178018 1 19 12 5 5 2 0 0 0  aaaa99954887a9883789aaa979765388972765a644665
178102 1 19 12 8 1 2 0 0 0  aaaa99964887a9883789aaa979775388952766a644565
178114 1 19 12 8 3 2 0 0 0  aaaa99964887a9883789aaa979775388952765a666445
178120 1 19 12 8 4 2 0 0 0  aaaa99964887a9883789aaa979775388952765a644665
178124 1 19 12 8 5 1 0 0 0  aaaa99965887a9884789aaa979776388963756a562454
178126 1 19 12 8 5 2 0 0 0  aaaa99965887a9885789aaa979776588965746a464332
178195 1 19 12 10 5 0 1 0 0  aaaa99965882a9884789aaa979777788964556a365634
178197 1 19 12 10 5 1 1 0 0  aaaa99965882a9884789aaa979777788964536a565634
178198 1 19 12 10 5 2 0 0 0  aaaa99965882a9885789aaa979777788965346a365644
178199 1 19 12 10 5 2 1 0 0  aaaa99965882a9885789aaa979777788965436a464635
178307 1 19 13 2 5 2 1 0 0  aaaa99965877a9888889aaa939877537965476a464652
178343 1 19 13 3 5 2 1 0 0  aaaa99954877a9888889aaa929877776954635a666534
178375 1 19 13 4 5 0 1 0 0  aaaa99965877a9888889aaa929877477964556a365634
178377 1 19 13 4 5 1 1 0 0  aaaa99965877a9888889aaa929877477964536a565634
178378 1 19 13 4 5 2 0 0 0  aaaa99965877a9888889aaa929877577965346a365644
178379 1 19 13 4 5 2 1 0 0  aaaa99965877a9888889aaa929877577965436a464635
178411 1 19 13 5 5 0 1 0 0  aaaa99965872a9888889aaa979876477964556a365734
178413 1 19 13 5 5 1 1 0 0  aaaa99965872a9888889aaa979876477964536a565734
178414 1 19 13 5 5 2 0 0 0  aaaa99965872a9888889aaa979876577965346a365744
178415 1 19 13 5 5 2 1 0 0  aaaa99965872a9888889aaa979876577965436a464735
178447 1 19 13 6 5 0 1 0 0  aaaa99965872a9888889aaa979877477964556a365634
178449 1 19 13 6 5 1 1 0 0  aaaa99965872a9888889aaa979877477964536a565634
178450 1 19 13 6 5 2 0 0 0  aaaa99965872a9888889aaa979877577965346a365644
178451 1 19 13 6 5 2 1 0 0  aaaa99965872a9888889aaa979877577965436a464635
178559 1 19 13 9 5 2 1 0 0  aaaa99954872a9888889aaa979877776954635a666534
178595 1 19 13 10 5 2 1 0 0  aaaa99954827a9888889aaa979865477977365a653664
178597 1 19 14 0 0 0 1 0 0  aaaa99977888a9866279aaa959858854976766a447533
178619 1 19 14 0 3 2 1 0 0  aaaa99977888a9854679aaa969868862974735a657534
178642 1 19 14 1 1 2 0 0 0  aaaa99954888a9853769aaa979878876963765a672445
178663 1 19 14 1 5 0 1 0 0  aaaa99965888a9864729aaa979878875965736a574634
178678 1 19 14 2 1 2 0 0 0  aaaa99954888a9853769aaa979878876963667a752445
178699 1 19 14 2 5 0 1 0 0  aaaa99965888a9864729aaa979878875965537a764634
178703 1 19 14 2 5 2 1 0 0  aaaa99965888a9865729aaa979878874965437a764635
178715 1 19 14 3 1 2 1 0 0  aaaa99956888a9854779aaa929878877974666a356534
178735 1 19 14 3 5 0 1 0 0  aaaa99965888a9864779aaa929878877974556a365634
178737 1 19 14 3 5 1 1 0 0  aaaa99965888a9864779aaa929878877974536a565634
178738 1 19 14 3 5 2 0 0 0  aaaa99965888a9865779aaa929878877975346a365644
178739 1 19 14 3 5 2 1 0 0  aaaa99965888a9865779aaa929878877975436a464635
178750 1 19 14 4 1 2 0 0 0  aaaa99954888a9853769aaa979878876963767a652445
178771 1 19 14 4 5 0 1 0 0  aaaa99965888a9864729aaa979878875965737a564634
178807 1 19 14 5 5 0 1 0 0  aaaa99965888a9864729aaa979878877964556a365734
178809 1 19 14 5 5 1 1 0 0  aaaa99965888a9864729aaa979878877964536a565734
178810 1 19 14 5 5 2 0 0 0  aaaa99965888a9865729aaa979878877965346a365744
178811 1 19 14 5 5 2 1 0 0  aaaa99965888a9865729aaa979878877965436a464735
178823 1 19 14 6 1 2 1 0 0  aaaa99956888a9854729aaa979878877974666a356534
178843 1 19 14 6 5 0 1 0 0  aaaa99965888a9864729aaa979878877974556a365634
178845 1 19 14 6 5 1 1 0 0  aaaa99965888a9864729aaa979878877974536a565634
178846 1 19 14 6 5 2 0 0 0  aaaa99965888a9865729aaa979878877975346a365644
178847 1 19 14 6 5 2 1 0 0  aaaa99965888a9865729aaa979878877975436a464635
178883 1 19 14 7 5 2 1 0 0  aaaa99965888a9865779aaa939838877965476a474652
178896 1 19 14 8 2 0 0 0 0  aaaa99955888a9854779aaa949868877974673a665362
178919 1 19 14 8 5 2 1 0 0  aaaa99965888a9865779aaa939838877975476a464652
178932 1 19 14 9 2 0 0 0 0  aaaa99955888a9854779aaa929868877977666a345364
178933 1 19 14 9 2 0 1 0 0  aaaa99955888a9845779aaa929868877977666a353464
178937 1 19 14 9 2 2 1 0 0  aaaa99954888a9854779aaa929868877977666a353564
178938 1 19 14 9 3 0 0 0 0  aaaa99955888a9854779aaa929868877977666a346354
178939 1 19 14 9 3 0 1 0 0  aaaa99955888a9835779aaa929868877977666a456443
178943 1 19 14 9 3 2 1 0 0  aaaa99954888a9854779aaa929868877977666a356534
178944 1 19 14 9 4 0 0 0 0  aaaa99955888a9854779aaa929868877977634a666354
178945 1 19 14 9 4 0 1 0 0  aaaa99955888a9835779aaa929868877977645a666443
178949 1 19 14 9 4 2 1 0 0  aaaa99954888a9854779aaa929868877977635a666534
178950 1 19 14 9 5 0 0 0 0  aaaa99955888a9854779aaa929868877977364a635664
178951 1 19 14 9 5 0 1 0 0  aaaa99955888a9835779aaa929868877977465a644663
178955 1 19 14 9 5 2 1 0 0  aaaa99954888a9854779aaa929868877977365a653664
178968 1 19 14 10 2 0 0 0 0  aaaa99955888a9854279aaa979868877977666a345364
178969 1 19 14 10 2 0 1 0 0  aaaa99955888a9845279aaa979868877977666a353464
178973 1 19 14 10 2 2 1 0 0  aaaa99954888a9854279aaa979868877977666a353564
178974 1 19 14 10 3 0 0 0 0  aaaa99955888a9854279aaa979868877977666a346354
178975 1 19 14 10 3 0 1 0 0  aaaa99955888a9835279aaa979868877977666a456443
178979 1 19 14 10 3 2 1 0 0  aaaa99954888a9854279aaa979868877977666a356534
178980 1 19 14 10 4 0 0 0 0  aaaa99955888a9854279aaa979868877977634a666354
178981 1 19 14 10 4 0 1 0 0  aaaa99955888a9835279aaa979868877977645a666443
178985 1 19 14 10 4 2 1 0 0  aaaa99954888a9854279aaa979868877977635a666534
178986 1 19 14 10 5 0 0 0 0  aaaa99955888a9854279aaa979868877977364a635664
178987 1 19 14 10 5 0 1 0 0  aaaa99955888a9835279aaa979868877977465a644663
178991 1 19 14 10 5 2 1 0 0  aaaa99954888a9854279aaa979868877977365a653664
178997 1 19 15 0 0 2 1 0 0  aaaa99977827a9887889aaa969767463954685a853645
179022 1 19 15 0 5 0 0 0 0  aaaa99977827a9887889aaa969757566966384a835544
179023 1 19 15 0 5 0 1 0 0  aaaa99977847a9887889aaa969747466966585a835523
179044 1 19 15 1 2 2 0 0 0  aaaa99954877a9887889aaa969766366953787a852445
179074 1 19 15 2 1 2 0 0 0  aaaa99954877a9887889aaa969766376953685a872445
179099 1 19 15 2 5 2 1 0 0  aaaa99965877a9887889aaa939736574965486a874652
179152 1 19 15 4 2 2 0 0 0  aaaa99954877a9887889aaa969766366953785a872445
179207 1 19 15 5 5 2 1 0 0  aaaa99965877a9887889aaa929776574965486a864353
179279 1 19 15 7 5 2 1 0 0  aaaa99967877a9887889aaa939746573965286a865445
179302 1 19 15 8 3 2 0 0 0  aaaa99964876a9887889aaa979775376963685a852445
179315 1 19 15 8 5 2 1 0 0  aaaa99965872a9887889aaa979776574965486a864353
179338 1 19 15 9 3 2 0 0 0  aaaa99954876a9887889aaa979777366953286a856445
179390 1 19 16 0 0 1 0 0 0  aaaa99985877a9884889aaa969765376953687a744625
179392 1 19 16 0 0 2 0 0 0  aaaa99985877a9885889aaa969764576935687a744623
179396 1 19 16 0 1 1 0 0 0  aaaa99985877a9884889aaa969766376953687a752445
179398 1 19 16 0 1 2 0 0 0  aaaa99985877a9885889aaa969766576945687a744332
179464 1 19 16 2 0 2 0 0 0  aaaa99984877a9887889aaa969765376953685a744625
179470 1 19 16 2 1 2 0 0 0  aaaa99984877a9887889aaa969766376953685a752445
179495 1 19 16 2 5 2 1 0 0  aaaa99985877a9887889aaa939736574965486a764652
179548 1 19 16 4 2 2 0 0 0  aaaa99984877a9887889aaa969766366953785a752445
179692 1 19 16 8 2 2 0 0 0  aaaa99984876a9887889aaa979775376963685a652445
179713 1 19 16 9 0 0 1 0 0  aaaa99985872a9887889aaa979777366955486a644536
179717 1 19 16 9 0 2 1 0 0  aaaa99985873a9887889aaa979777566935486a644256
179785 1 19 17 0 0 0 1 0 0  aaaa99977875a9888889aaa969657375967684a543624
179788 1 19 17 0 0 2 0 0 0  aaaa99977872a9888889aaa969637475967684a555634
179789 1 19 17 0 0 2 1 0 0  aaaa99977872a9888889aaa969647375967586a655443
179908 1 19 17 3 2 2 0 0 0  aaaa99954877a9888889aaa969777376963685a652445
179956 1 19 17 4 4 2 0 0 0  aaaa99954877a9888889aaa969775376973685a662445
179995 1 19 17 5 5 0 1 0 0  aaaa99965872a9888889aaa979736475975586a764634
179999 1 19 17 5 5 2 1 0 0  aaaa99965872a9888889aaa979736574975486a764635
180028 1 19 17 6 4 2 0 0 0  aaaa99954876a9888889aaa979775376973685a662445
180088 1 19 17 8 2 2 0 0 0  aaaa99954877a9888889aaa969777366953785a662445
180226 1 19 18 1 1 2 0 0 0  aaaa99954888a9883779aaa969877876963765a652445
180247 1 19 18 1 5 0 1 0 0  aaaa99965888a9884779aaa929877875965736a564634
180262 1 19 18 2 1 2 0 0 0  aaaa99954888a9883779aaa969877867963675a652445
180283 1 19 18 2 5 0 1 0 0  aaaa99965888a9884779aaa929877857965576a364634
180287 1 19 18 2 5 2 1 0 0  aaaa99965888a9885779aaa939877837965476a464652
180298 1 19 18 3 1 2 0 0 0  aaaa99954888a9883769aaa979877876963765a652445
180319 1 19 18 3 5 0 1 0 0  aaaa99965888a9884729aaa979877875965736a564634
180355 1 19 18 4 5 0 1 0 0  aaaa99965888a9884779aaa929877877964556a365634
180357 1 19 18 4 5 1 1 0 0  aaaa99965888a9884779aaa929877877964536a565634
180358 1 19 18 4 5 2 0 0 0  aaaa99965888a9885779aaa929877877965346a365644
180359 1 19 18 4 5 2 1 0 0  aaaa99965888a9885779aaa929877877965436a464635
180391 1 19 18 5 5 0 1 0 0  aaaa99965888a9884729aaa979876877964556a365734
180393 1 19 18 5 5 1 1 0 0  aaaa99965888a9884729aaa979876877964536a565734
180394 1 19 18 5 5 2 0 0 0  aaaa99965888a9885729aaa979876877965346a365744
180395 1 19 18 5 5 2 1 0 0  aaaa99965888a9885729aaa979876877965436a464735
180427 1 19 18 6 5 0 1 0 0  aaaa99965888a9884729aaa979877877964556a365634
180429 1 19 18 6 5 1 1 0 0  aaaa99965888a9884729aaa979877877964536a565634
180430 1 19 18 6 5 2 0 0 0  aaaa99965888a9885729aaa979877877965346a365644
180431 1 19 18 6 5 2 1 0 0  aaaa99965888a9885729aaa979877877965436a464635
180433 1 19 18 7 0 0 1 0 0  aaaa99975888a9883779aaa929877866955476a644536
180437 1 19 18 7 0 2 1 0 0  aaaa99975888a9885779aaa939877866935476a644256
180478 1 19 18 8 1 2 0 0 0  aaaa99954888a9883769aaa979877876963665a752445
180499 1 19 18 8 5 0 1 0 0  aaaa99965888a9884729aaa979877875965536a764634
180503 1 19 18 8 5 2 1 0 0  aaaa99965888a9885729aaa979877874965436a764635
180533 1 19 18 9 4 2 1 0 0  aaaa99954888a9884779aaa929865877977635a666534
180539 1 19 18 9 5 2 1 0 0  aaaa99954888a9884779aaa929865877977365a653664
180569 1 19 18 10 4 2 1 0 0  aaaa99954888a9884279aaa979865877977635a666534
180575 1 19 18 10 5 2 1 0 0  aaaa99954888a9884279aaa979865877977365a653664
180682 1 19 19 2 5 2 0 0 0  aaaa99965887a9887789aaa979876544965286a764353
180683 1 19 19 2 5 2 1 0 0  aaaa99965887a9887789aaa979876524965486a764353
180700 1 19 19 3 2 2 0 0 0  aaaa99954887a9887789aaa979877366963285a656445
180736 1 19 19 4 2 2 0 0 0  aaaa99954886a9883789aaa979875376962787a656445
180742 1 19 19 4 3 2 0 0 0  aaaa99954886a9886789aaa979875376963787a652445
180748 1 19 19 4 4 2 0 0 0  aaaa99954886a9883789aaa979875376966787a652445
180752 1 19 19 4 5 1 0 0 0  aaaa99965885a9884789aaa979876375965787a464632
180778 1 19 19 5 3 2 0 0 0  aaaa99964887a9883789aaa979875376966685a752445
180784 1 19 19 5 4 2 0 0 0  aaaa99964887a9883789aaa979875376952685a766445
180800 1 19 19 6 1 1 0 0 0  aaaa99965887a9884789aaa979877376963685a652445
180802 1 19 19 6 1 2 0 0 0  aaaa99965887a9885789aaa979877576965684a644332
180808 1 19 19 6 2 2 0 0 0  aaaa99954887a9883789aaa979877376966685a652445
180820 1 19 19 6 4 2 0 0 0  aaaa99954887a9883789aaa979877376956685a662445
180826 1 19 19 6 5 2 0 0 0  aaaa99954887a9883789aaa979877376952685a666445
180829 1 19 19 7 0 0 1 0 0  aaaa99975887a9884389aaa979877366955286a756644
180833 1 19 19 7 0 2 1 0 0  aaaa99975887a9885389aaa979877366945286a746654
180835 1 19 19 7 1 0 1 0 0  aaaa99975887a9884389aaa979877366956286a755644
180839 1 19 19 7 1 2 1 0 0  aaaa99975887a9885289aaa979877566936486a744653
180841 1 19 19 7 2 0 1 0 0  aaaa99975887a9884389aaa979877366964585a725646
180843 1 19 19 7 2 1 1 0 0  aaaa99975887a9884389aaa979877366964582a755646
180844 1 19 19 7 2 2 0 0 0  aaaa99975887a9885289aaa979877566965483a734646
180845 1 19 19 7 2 2 1 0 0  aaaa99975887a9885389aaa979877366965482a744656
180847 1 19 19 7 3 0 1 0 0  aaaa99975887a9884389aaa979877362966685a755644
180851 1 19 19 7 3 2 1 0 0  aaaa99975887a9885289aaa979877564966683a744653
180856 1 19 19 7 4 2 0 0 0  aaaa99975887a9885289aaa979877566966384a735644
180857 1 19 19 7 4 2 1 0 0  aaaa99975887a9885289aaa979877566966483a744653
180859 1 19 19 7 5 0 1 0 0  aaaa99975887a9884289aaa979877453965586a763646
180861 1 19 19 7 5 1 1 0 0  aaaa99975887a9884289aaa979877455965386a763646
180862 1 19 19 7 5 2 0 0 0  aaaa99975887a9885289aaa979877534965386a764646
180863 1 19 19 7 5 2 1 0 0  aaaa99975887a9885289aaa979877544964386a763656
180916 1 19 19 9 2 2 0 0 0  aaaa99954887a9883789aaa979877766963285a656445
180946 1 19 19 10 1 2 0 0 0  aaaa99954887a9883689aaa979866377977685a652445
180967 1 19 19 10 5 0 1 0 0  aaaa99965887a9884289aaa979856577977386a563644
180971 1 19 19 10 5 2 1 0 0  aaaa99965887a9885389aaa979836577977486a464652
181018 1 19 20 1 1 2 0 0 0  aaaa99954886a9888789aaa979875376963765a672445
181039 1 19 20 1 5 0 1 0 0  aaaa99965882a9888789aaa979876475965736a574634
181054 1 19 20 2 1 2 0 0 0  aaaa99954886a9888789aaa979875376963667a752445
181075 1 19 20 2 5 0 1 0 0  aaaa99965882a9888789aaa979876475965537a764634
181079 1 19 20 2 5 2 1 0 0  aaaa99965882a9888789aaa979876574965437a764635
181090 1 19 20 3 1 2 0 0 0  aaaa99954886a9888789aaa979877376963765a652445
181111 1 19 20 3 5 0 1 0 0  aaaa99965882a9888789aaa979877475965736a564634
181126 1 19 20 4 1 2 0 0 0  aaaa99954886a9888789aaa979875376963767a652445
181147 1 19 20 4 5 0 1 0 0  aaaa99965882a9888789aaa979876475965737a564634
181225 1 19 20 7 0 0 1 0 0  aaaa99975887a9888389aaa979877366955476a644526
181229 1 19 20 7 0 2 1 0 0  aaaa99975887a9888289aaa979877566935476a644356
181231 1 19 20 7 1 0 1 0 0  aaaa99974887a9888289aaa979877466956376a553654
181239 1 19 20 7 2 1 1 0 0  aaaa99974887a9888389aaa979877366964575a626545
181241 1 19 20 7 2 2 1 0 0  aaaa99974887a9888389aaa979877366964275a656545
181243 1 19 20 7 3 0 1 0 0  aaaa99975887a9888389aaa979877366956476a644552
181247 1 19 20 7 3 2 1 0 0  aaaa99974887a9888289aaa979877466956376a653545
181253 1 19 20 7 4 2 1 0 0  aaaa99974887a9888289aaa979877466966375a653545
181259 1 19 20 7 5 2 1 0 0  aaaa99974887a9888289aaa979877436953675a666545
181276 1 19 20 8 2 2 0 0 0  aaaa99954887a9888789aaa979877366963275a656445
181367 1 19 20 10 5 2 1 0 0  aaaa99954887a9888289aaa979865477977365a653664
181475 1 19 21 2 5 2 1 0 0  aaaa99965888a9888779aaa939877537965476a464652
181511 1 19 21 3 5 2 1 0 0  aaaa99954888a9888779aaa929877776954635a666534
181543 1 19 21 4 5 0 1 0 0  aaaa99965888a9888779aaa929877477964556a365634
181545 1 19 21 4 5 1 1 0 0  aaaa99965888a9888779aaa929877477964536a565634
181546 1 19 21 4 5 2 0 0 0  aaaa99965888a9888779aaa929877577965346a365644
181547 1 19 21 4 5 2 1 0 0  aaaa99965888a9888779aaa929877577965436a464635
181579 1 19 21 5 5 0 1 0 0  aaaa99965888a9888729aaa979876477964556a365734
181581 1 19 21 5 5 1 1 0 0  aaaa99965888a9888729aaa979876477964536a565734
181582 1 19 21 5 5 2 0 0 0  aaaa99965888a9888729aaa979876577965346a365744
181583 1 19 21 5 5 2 1 0 0  aaaa99965888a9888729aaa979876577965436a464735
181615 1 19 21 6 5 0 1 0 0  aaaa99965888a9888729aaa979877477964556a365634
181617 1 19 21 6 5 1 1 0 0  aaaa99965888a9888729aaa979877477964536a565634
181618 1 19 21 6 5 2 0 0 0  aaaa99965888a9888729aaa979877577965346a365644
181619 1 19 21 6 5 2 1 0 0  aaaa99965888a9888729aaa979877577965436a464635
181727 1 19 21 9 5 2 1 0 0  aaaa99954888a9888729aaa979877776954635a666534
181763 1 19 21 10 5 2 1 0 0  aaaa99954888a9888279aaa979865477977365a653664
181871 1 19 22 2 5 2 1 0 0  aaaa99965783a9775879aaa989888837965476a464652
181907 1 19 22 3 5 2 1 0 0  aaaa99954782a9777879aaa989888876954635a666534
181939 1 19 22 4 5 0 1 0 0  aaaa99965782a9774879aaa989888877964556a365634
181941 1 19 22 4 5 1 1 0 0  aaaa99965782a9774879aaa989888877964536a565634
181942 1 19 22 4 5 2 0 0 0  aaaa99965782a9775879aaa989888877965346a365644
181943 1 19 22 4 5 2 1 0 0  aaaa99965782a9775879aaa989888877965436a464635
181975 1 19 22 5 5 0 1 0 0  aaaa99965787a9764829aaa989888877964556a365734
181977 1 19 22 5 5 1 1 0 0  aaaa99965787a9764829aaa989888877964536a565734
181978 1 19 22 5 5 2 0 0 0  aaaa99965787a9765829aaa989888877965346a365744
181979 1 19 22 5 5 2 1 0 0  aaaa99965787a9765829aaa989888877965436a464735
182011 1 19 22 6 5 0 1 0 0  aaaa99965787a9774829aaa989888877964556a365634
182013 1 19 22 6 5 1 1 0 0  aaaa99965787a9774829aaa989888877964536a565634
182014 1 19 22 6 5 2 0 0 0  aaaa99965787a9775829aaa989888877965346a365644
182015 1 19 22 6 5 2 1 0 0  aaaa99965787a9775829aaa989888877965436a464635
182123 1 19 22 9 5 2 1 0 0  aaaa99954787a9777829aaa989888876954635a666534
182159 1 19 22 10 5 2 1 0 0  aaaa99954287a9654879aaa989888877977365a653664
182212 1 20 0 1 2 2 0 0 0  aaaa99994887a9773799aaa889766687653265a858445
182224 1 20 0 1 4 2 0 0 0  aaaa99994887a9773799aaa889765687644265a858635
182230 1 20 0 1 5 2 0 0 0  aaaa99994887a9773799aaa889765387644265a858665
182284 1 20 0 3 2 2 0 0 0  aaaa99994887a9777699aaa889766387653265a858445
182298 1 20 0 3 5 0 0 0 0  aaaa99995887a9777299aaa889765587654364a838664
182299 1 20 0 3 5 0 1 0 0  aaaa99995887a9777399aaa889765387655264a848664
182303 1 20 0 3 5 2 1 0 0  aaaa99994887a9777399aaa889765387654265a858664
182305 1 20 0 4 0 0 1 0 0  aaaa99995887a9774299aaa889766487636756a838545
182320 1 20 0 4 2 2 0 0 0  aaaa99994887a9773699aaa889766387652765a858445
182334 1 20 0 4 5 0 0 0 0  aaaa99995887a9773299aaa889765587644765a848663
182341 1 20 0 5 0 0 1 0 0  aaaa99995887a9774299aaa889676487567663a838545
182370 1 20 0 5 5 0 0 0 0  aaaa99994887a9773499aaa889576487567556a868632
182375 1 20 0 5 5 2 1 0 0  aaaa99995887a9775399aaa889376587467246a868645
182377 1 20 0 6 0 0 1 0 0  aaaa99995887a9777299aaa889676486655376a838544
182379 1 20 0 6 0 1 1 0 0  aaaa99994887a9777399aaa889676386655276a858544
182381 1 20 0 6 0 2 1 0 0  aaaa99994887a9777399aaa889676386654276a858545
182386 1 20 0 6 1 2 0 0 0  aaaa99994887a9777699aaa889676386653275a858445
182405 1 20 0 6 4 2 1 0 0  aaaa99994887a9777699aaa889676686354275a858534
182406 1 20 0 6 5 0 0 0 0  aaaa99995887a9777299aaa889576584463576a868643
182407 1 20 0 6 5 0 1 0 0  aaaa99995887a9777299aaa889576584464576a868633
182409 1 20 0 6 5 1 1 0 0  aaaa99994887a9777599aaa889576585364276a868634
182410 1 20 0 6 5 2 0 0 0  aaaa99995887a9777499aaa889476583365476a868652
182411 1 20 0 6 5 2 1 0 0  aaaa99995887a9777299aaa889476584365476a868635
182483 1 20 0 8 5 2 1 0 0  aaaa99995887a9777399aaa889376587465246a868645
182501 1 20 0 9 2 2 1 0 0  aaaa99994886a9664799aaa889777787353265a858564
182507 1 20 0 9 3 2 1 0 0  aaaa99994886a9664799aaa889777787356265a858534
182513 1 20 0 9 4 2 1 0 0  aaaa99994886a9666799aaa889777787354265a858534
182519 1 20 0 9 5 2 1 0 0  aaaa99994883a9654799aaa889777787653265a858664
182526 1 20 0 10 1 0 0 0 0  aaaa99995886a9766299aaa889675586754374a838774
182527 1 20 0 10 1 0 1 0 0  aaaa99995886a9766399aaa889675386755274a848774
182531 1 20 0 10 1 2 1 0 0  aaaa99994886a9766399aaa889675386754275a858774
182532 1 20 0 10 2 0 0 0 0  aaaa99995886a9766299aaa889576585743476a848773
182533 1 20 0 10 2 0 1 0 0  aaaa99995886a9766299aaa889576584744576a838773
182549 1 20 0 10 4 2 1 0 0  aaaa99994883a9754699aaa889676686753275a858774
182553 1 20 0 10 5 1 1 0 0  aaaa99994883a9764599aaa889576585763276a868774
182554 1 20 0 10 5 2 0 0 0  aaaa99995883a9765499aaa889476583765476a868772
182555 1 20 0 10 5 2 1 0 0  aaaa99995884a9765399aaa889376584764276a868775
182627 1 20 1 1 5 2 1 0 0  aaaa99995888a9777299aaa879476574365886a468635
182736 1 20 1 5 0 0 0 0 0  aaaa99995888a9777299aaa869675533764887a658446
182809 1 20 1 7 0 0 1 0 0  aaaa99997888a9777299aaa869675564474886a658353
182960 1 20 2 0 1 1 0 0 0  aaaa99994888a9773799aaa869676375672865a858445
183023 1 20 2 1 5 2 1 0 0  aaaa99995888a9777399aaa879376572465846a868645
183059 1 20 2 2 5 2 1 0 0  aaaa99994888a9777799aaa869275466676835a858534
183125 1 20 2 4 4 2 1 0 0  aaaa99994888a9777799aaa879275466656836a858534
183131 1 20 2 4 5 2 1 0 0  aaaa99994888a9777799aaa879275466666835a858534
183133 1 20 2 5 0 0 1 0 0  aaaa99995888a9777299aaa869675564744867a868533
183137 1 20 2 5 0 2 1 0 0  aaaa99994888a9777299aaa869675463753867a868545
183205 1 20 2 7 0 0 1 0 0  aaaa99997888a9777299aaa869675564474865a868353
183221 1 20 2 7 2 2 1 0 0  aaaa99997888a9777699aaa869675462674835a858534
183323 1 20 2 10 1 2 1 0 0  aaaa99994888a9666799aaa879777762654835a858534
183413 1 20 3 1 4 2 1 0 0  aaaa99994888a9777299aaa879875476666685a353584
183419 1 20 3 1 5 2 1 0 0  aaaa99994888a9777299aaa879875476353685a666584
183514 1 20 3 4 3 2 0 0 0  aaaa99993888a9777799aaa879875366652486a456485
183600 1 20 3 7 0 0 0 0 0  aaaa99997888a9777499aaa869876465275683a534685
183601 1 20 3 7 0 0 1 0 0  aaaa99997888a9777299aaa869876564575683a544683
183603 1 20 3 7 0 1 1 0 0  aaaa99997888a9777299aaa869876565575683a444683
183605 1 20 3 7 0 2 1 0 0  aaaa99997888a9777299aaa869874665373586a556484
183646 1 20 3 8 1 2 0 0 0  aaaa99996888a9753799aaa879877376662485a456485
183652 1 20 3 8 2 2 0 0 0  aaaa99994888a9744799aaa879877376663685a256585
183725 1 20 3 10 2 2 1 0 0  aaaa99994888a9666299aaa879865477777385a653584
183743 1 20 3 10 5 2 1 0 0  aaaa99995888a9265399aaa879836577777486a464685
183782 1 20 4 1 0 1 0 0 0  aaaa99998888a9777299aaa879876675664555a346384
183783 1 20 4 1 0 1 1 0 0  aaaa99998888a9777299aaa879876675665534a546384
183784 1 20 4 1 0 2 0 0 0  aaaa99998888a9777299aaa879876675664534a556384
183785 1 20 4 1 0 2 1 0 0  aaaa99998888a9777299aaa879876675436646a555483
183910 1 20 4 4 3 2 0 0 0  aaaa99998888a9777799aaa879875366653446a256485
183925 1 20 4 5 0 0 1 0 0  aaaa99998888a9777299aaa869876465754567a363584
183954 1 20 4 5 5 0 0 0 0  aaaa99998888a9777299aaa869875566766437a345584
183955 1 20 4 5 5 0 1 0 0  aaaa99998888a9777499aaa869874466766557a335582
183997 1 20 4 7 0 0 1 0 0  aaaa99998888a9777299aaa869876565475563a467483
184000 1 20 4 7 0 2 0 0 0  aaaa99998888a9777499aaa869876463574652a537586
184001 1 20 4 7 0 2 1 0 0  aaaa99998888a9777299aaa869874663573654a547586
184031 1 20 4 7 5 2 1 0 0  aaaa99998888a9777399aaa869875366676245a457485
184042 1 20 4 8 1 2 0 0 0  aaaa99998888a9756799aaa879877376663445a256485
184048 1 20 4 8 2 2 0 0 0  aaaa99998888a9753799aaa879877376662645a446585
184054 1 20 4 8 3 2 0 0 0  aaaa99998888a9753799aaa879877376662465a456485
184122 1 20 4 10 3 0 0 0 0  aaaa99998888a9666299aaa879865577777436a345584
184123 1 20 4 10 3 0 1 0 0  aaaa99998888a9666499aaa879864477777556a335582
184139 1 20 4 10 5 2 1 0 0  aaaa99998888a9654299aaa879865477777365a653684
184204 1 20 5 1 4 2 0 0 0  aaaa99994878a9877899aaa879866387653765a652445
184210 1 20 5 1 5 2 0 0 0  aaaa99994878a9877899aaa879865387653765a644625
184601 1 20 6 1 4 2 1 0 0  aaaa99998888a9777299aaa879875476666865a354534
184607 1 20 6 1 5 2 1 0 0  aaaa99998888a9777299aaa879875473654865a653664
184661 1 20 6 3 2 2 1 0 0  aaaa99998888a9666799aaa879877427654865a357534
184780 1 20 6 6 4 2 0 0 0  aaaa99998888a9664799aaa879877377653865a652445
184786 1 20 6 6 5 2 0 0 0  aaaa99998888a9654799aaa879877377653865a644625
184791 1 20 6 7 0 1 1 0 0  aaaa99998888a9777299aaa869876565575863a467443
184793 1 20 6 7 0 2 1 0 0  aaaa99998888a9777299aaa869874663573856a547564
184913 1 20 6 10 2 2 1 0 0  aaaa99998888a9666299aaa879865477777865a354534
185056 1 20 7 3 2 2 0 0 0  aaaa99994888a9853799aaa879774476663867a258565
185176 1 20 7 6 4 2 0 0 0  aaaa99994888a9853799aaa879774472676865a658635
185213 1 20 7 7 4 2 1 0 0  aaaa99994888a9854399aaa879775376666865a278574
185217 1 20 7 7 5 1 1 0 0  aaaa99994888a9864399aaa879776375565856a278674
185218 1 20 7 7 5 2 0 0 0  aaaa99995888a9865299aaa879776574364836a478675
185219 1 20 7 7 5 2 1 0 0  aaaa99995888a9865299aaa879776574464836a378675
185236 1 20 7 8 2 2 0 0 0  aaaa99994888a9853799aaa879774476663865a278565
185272 1 20 7 9 2 2 0 0 0  aaaa99994888a9844799aaa879777376663865a258565
185430 1 20 8 2 5 0 0 0 0  aaaa99998888a9777299aaa859887576754634a666354
185431 1 20 8 2 5 0 1 0 0  aaaa99998888a9777599aaa859887376753645a666442
185473 1 20 8 4 0 0 1 0 0  aaaa99998888a9777299aaa879886676765554a345364
185474 1 20 8 4 0 1 0 0 0  aaaa99998888a9777299aaa879886676764555a345364
185475 1 20 8 4 0 1 1 0 0  aaaa99998888a9777299aaa879886676765534a545364
185476 1 20 8 4 0 2 0 0 0  aaaa99998888a9777299aaa879886676764534a555364
185477 1 20 8 4 0 2 1 0 0  aaaa99998888a9777299aaa879886675736646a555443
185501 1 20 8 4 4 2 1 0 0  aaaa99998888a9777299aaa879885476756635a664534
185502 1 20 8 4 5 0 0 0 0  aaaa99998888a9777299aaa879885576754634a666354
185503 1 20 8 4 5 0 1 0 0  aaaa99998888a9777299aaa879885576735645a666443
185507 1 20 8 4 5 2 1 0 0  aaaa99998888a9777299aaa879885476754635a666534
185581 1 20 8 7 0 0 1 0 0  aaaa99998888a9777299aaa869887665745634a547365
185583 1 20 8 7 0 1 1 0 0  aaaa99998888a9777299aaa869887665755634a547364
185584 1 20 8 7 0 2 0 0 0  aaaa99998888a9777299aaa869887664754635a357564
185585 1 20 8 7 0 2 1 0 0  aaaa99998888a9777299aaa869887663753645a457465
185699 1 20 8 10 1 2 1 0 0  aaaa99998888a9666299aaa879885477777665a354534
185701 1 20 8 10 2 0 1 0 0  aaaa99998888a9666299aaa879885577777465a644353
185705 1 20 8 10 2 2 1 0 0  aaaa99998888a9666299aaa879885477777365a653544
185717 1 20 8 10 4 2 1 0 0  aaaa99998888a9654299aaa879885477777635a666534
185723 1 20 8 10 5 2 1 0 0  aaaa99998888a9654299aaa879885477777365a653664
185761 1 20 9 1 0 0 1 0 0  aaaa99998888a9777299aaa879876687665554a346354
185762 1 20 9 1 0 1 0 0 0  aaaa99998888a9777299aaa879876687664555a346354
185763 1 20 9 1 0 1 1 0 0  aaaa99998888a9777299aaa879876687665354a536454
185764 1 20 9 1 0 2 0 0 0  aaaa99998888a9777299aaa879876687664354a536554
185765 1 20 9 1 0 2 1 0 0  aaaa99998888a9777299aaa879876687546656a543534
185784 1 20 9 1 4 0 0 0 0  aaaa99998888a9777299aaa879875587654634a666354
185785 1 20 9 1 4 0 1 0 0  aaaa99998888a9777299aaa879875587635645a666443
185789 1 20 9 1 4 2 1 0 0  aaaa99998888a9777299aaa879875487654635a666534
185790 1 20 9 1 5 0 0 0 0  aaaa99998888a9777299aaa879875587654364a635664
185791 1 20 9 1 5 0 1 0 0  aaaa99998888a9777299aaa879875587635465a644663
185795 1 20 9 1 5 2 1 0 0  aaaa99998888a9777299aaa879875487654365a653664
185860 1 20 9 3 4 2 0 0 0  aaaa99998888a9664799aaa879877387653765a652445
185866 1 20 9 3 5 2 0 0 0  aaaa99998888a9654799aaa879877387653765a644625
185935 1 20 9 5 5 0 1 0 0  aaaa99998888a9777599aaa859873486754627a666543
185977 1 20 9 7 0 0 1 0 0  aaaa99998888a9777299aaa869876486574556a657343
186094 1 20 9 10 1 2 0 0 0  aaaa99998888a9754699aaa869876386753675a744725
186115 1 20 9 10 5 0 1 0 0  aaaa99998888a9765299aaa859876585764376a763744
186119 1 20 9 10 5 2 1 0 0  aaaa99998888a9765399aaa839876584765476a764752
186214 1 20 10 2 3 2 0 0 0  aaaa99998888a9854799aaa879875376663627a744565
186222 1 20 10 2 5 0 0 0 0  aaaa99998888a9865799aaa879876475465527a763643
186375 1 20 10 7 0 1 1 0 0  aaaa99998888a9874399aaa879877376655626a754564
186377 1 20 10 7 0 2 1 0 0  aaaa99998888a9874399aaa879877376654626a754565
186393 1 20 10 7 3 1 1 0 0  aaaa99998888a9874399aaa879877376664655a754265
186395 1 20 10 7 3 2 1 0 0  aaaa99998888a9874399aaa879877376664625a754565
186403 1 20 10 7 5 0 1 0 0  aaaa99998888a9874399aaa879877375564526a764656
186430 1 20 10 8 3 2 0 0 0  aaaa99998888a9854799aaa879877376663625a744565
186438 1 20 10 8 5 0 0 0 0  aaaa99998888a9865799aaa879877475465526a763643
186515 1 20 10 10 5 2 1 0 0  aaaa99998888a9854299aaa879865477777365a653664
186517 1 20 11 0 0 0 1 0 0  aaaa99998888a9884399aaa879766375656527a764574
186521 1 20 11 0 0 2 1 0 0  aaaa99998888a9885299aaa879766576645337a745476
186534 1 20 11 0 3 0 0 0 0  aaaa99998888a9885699aaa879766375645547a763472
186546 1 20 11 0 5 0 0 0 0  aaaa99998888a9885299aaa879756574563447a763676
186547 1 20 11 0 5 0 1 0 0  aaaa99998888a9885299aaa879756574464357a763676
187042 1 20 12 3 3 2 0 0 0  aaaa99998888a9853799aaa879775376662647a448565
187222 1 20 12 8 3 2 0 0 0  aaaa99998888a9853799aaa879775376662644a478565
187258 1 20 12 9 3 2 0 0 0  aaaa99998888a9853799aaa879777376662645a448565
187524 1 20 13 6 0 0 0 0 0  aaaa99995878a9884899aaa879877377663665a455246
187582 1 20 13 7 3 2 0 0 0  aaaa99994878a9887899aaa879875376663625a744565
187590 1 20 13 7 5 0 0 0 0  aaaa99995878a9887899aaa879876475465526a763643
187978 1 20 14 7 3 2 0 0 0  aaaa99994888a9853799aaa779878876663625a744565
187986 1 20 14 7 5 0 0 0 0  aaaa99995888a9864799aaa779878875465526a763643
188006 1 20 14 8 2 1 0 0 0  aaaa99994888a9853799aaa379868877744657a662565
188008 1 20 14 8 2 2 0 0 0  aaaa99995888a9845799aaa579868877735647a662463
188012 1 20 14 8 3 1 0 0 0  aaaa99994888a9863799aaa379858877744667a566525
188102 1 20 15 0 0 1 0 0 0  aaaa99995878a9874899aaa879664488763767a563552
188516 1 20 16 0 3 1 0 0 0  aaaa99995878a9874899aaa879666387653677a852445
188518 1 20 16 0 3 2 0 0 0  aaaa99995878a9875899aaa879666587645677a844332
188526 1 20 16 0 5 0 0 0 0  aaaa99994878a9873899aaa879556387464577a862656
188548 1 20 16 1 2 2 0 0 0  aaaa99994878a9877899aaa879666387653765a852445
188624 1 20 16 3 3 1 0 0 0  aaaa99994878a9873899aaa879775386662657a844565
188626 1 20 16 3 3 2 0 0 0  aaaa99995878a9875899aaa879774586665637a844362
188634 1 20 16 3 5 0 0 0 0  aaaa99995878a9874899aaa879776385465527a863646
188644 1 20 16 4 0 2 0 0 0  aaaa99994878a9877899aaa879665387753626a844565
188662 1 20 16 4 3 2 0 0 0  aaaa99994878a9877899aaa879666387753625a844565
188670 1 20 16 4 5 0 0 0 0  aaaa99995878a9877899aaa879546587764526a863643
188734 1 20 16 6 3 2 0 0 0  aaaa99994878a9877899aaa879775386663625a844565
188742 1 20 16 6 5 0 0 0 0  aaaa99995878a9877899aaa879776485465526a863643
188806 1 20 16 8 3 2 0 0 0  aaaa99994878a9873899aaa879775386667625a844565
188814 1 20 16 8 5 0 0 0 0  aaaa99995878a9873899aaa879776385567446a865642
188824 1 20 16 9 0 2 0 0 0  aaaa99994878a9857899aaa879777386653626a844565
188842 1 20 16 9 3 2 0 0 0  aaaa99994878a9857899aaa879777386663625a844565
188850 1 20 16 9 5 0 0 0 0  aaaa99995878a9867899aaa879777485465526a863643
188878 1 20 16 10 3 2 0 0 0  aaaa99994878a9853899aaa879777786663625a844565
188886 1 20 16 10 5 0 0 0 0  aaaa99995878a9864899aaa879777785465526a863643
189504 1 20 18 6 0 0 0 0 0  aaaa99995888a9884799aaa379877877663665a455246
189544 1 20 18 7 0 2 0 0 0  aaaa99994888a9883799aaa779875876653626a744565
189562 1 20 18 7 3 2 0 0 0  aaaa99994888a9883799aaa779875876663625a744565
189570 1 20 18 7 5 0 0 0 0  aaaa99995888a9884799aaa779876875465526a763643
189612 1 20 18 9 0 0 0 0 0  aaaa99995888a9884799aaa379866877773665a455246
189701 1 20 19 0 2 2 1 0 0  aaaa99994888a9877799aaa869867687357265a654534
189719 1 20 19 0 5 2 1 0 0  aaaa99994888a9877799aaa829867487657365a653645
189728 1 20 19 1 1 1 0 0 0  aaaa99995888a9864799aaa879875387663767a652445
189730 1 20 19 1 1 2 0 0 0  aaaa99995888a9865799aaa879874587665767a644332
189736 1 20 19 1 2 2 0 0 0  aaaa99994888a9853799aaa879875387666767a652445
189748 1 20 19 1 4 2 0 0 0  aaaa99994888a9853799aaa879875387656767a644625
189754 1 20 19 1 5 2 0 0 0  aaaa99994888a9853799aaa879875387652767a644665
189766 1 20 19 2 1 2 0 0 0  aaaa99994888a9853799aaa879875387666675a672445
189784 1 20 19 2 4 2 0 0 0  aaaa99994888a9853799aaa879875387644675a672665
189788 1 20 19 2 5 1 0 0 0  aaaa99995888a9864799aaa879876387464576a575632
189800 1 20 19 3 1 1 0 0 0  aaaa99995888a9864799aaa879877387663765a652445
189802 1 20 19 3 1 2 0 0 0  aaaa99995888a9865799aaa879877587665764a644332
189808 1 20 19 3 2 2 0 0 0  aaaa99994888a9853799aaa879877387666765a652445
189820 1 20 19 3 4 2 0 0 0  aaaa99994888a9853799aaa879877387656765a644625
189826 1 20 19 3 5 2 0 0 0  aaaa99994888a9853799aaa879877387652765a644665
189836 1 20 19 4 1 1 0 0 0  aaaa99995888a9864799aaa879875387663765a672445
189838 1 20 19 4 1 2 0 0 0  aaaa99995888a9865799aaa879874587665763a672443
189844 1 20 19 4 2 2 0 0 0  aaaa99994888a9853799aaa879875387666765a672445
189856 1 20 19 4 4 2 0 0 0  aaaa99994888a9853799aaa879874487656765a673625
189862 1 20 19 4 5 2 0 0 0  aaaa99994888a9853799aaa879875387644765a672665
189880 1 20 19 5 2 2 0 0 0  aaaa99994888a9853799aaa879874487673675a662565
189886 1 20 19 5 3 2 0 0 0  aaaa99994888a9853799aaa879875387672676a656445
189892 1 20 19 5 4 2 0 0 0  aaaa99994888a9853799aaa879875387672675a666445
189896 1 20 19 5 5 1 0 0 0  aaaa99995888a9864799aaa879876387474576a565632
189937 1 20 19 7 0 0 1 0 0  aaaa99995888a9874399aaa879877387664276a656554
189941 1 20 19 7 0 2 1 0 0  aaaa99995888a9875399aaa879877387665276a646454
189949 1 20 19 7 2 0 1 0 0  aaaa99995888a9874399aaa879877387666276a565544
189953 1 20 19 7 2 2 1 0 0  aaaa99995888a9875299aaa879877587666476a464353
189955 1 20 19 7 3 0 1 0 0  aaaa99995888a9874399aaa879877387666276a655544
189959 1 20 19 7 3 2 1 0 0  aaaa99995888a9875299aaa879877587666476a644353
189967 1 20 19 7 5 0 1 0 0  aaaa99995888a9874299aaa879877487565376a563646
189982 1 20 19 8 1 2 0 0 0  aaaa99994888a9853799aaa879877387666675a652445
190000 1 20 19 8 4 2 0 0 0  aaaa99994888a9853799aaa879877387652675a666445
190004 1 20 19 8 5 1 0 0 0  aaaa99995888a9864799aaa879877387464576a565632
190054 1 20 19 10 1 2 0 0 0  aaaa99994888a9853699aaa869876386752675a744775
190075 1 20 19 10 5 0 1 0 0  aaaa99995888a9864299aaa859876585764376a763774
190081 1 20 20 0 0 0 1 0 0  aaaa99996888a9884299aaa879876676564557a757343
190111 1 20 20 0 5 0 1 0 0  aaaa99994888a9884399aaa879876375564527a767656
190172 1 20 20 2 3 1 0 0 0  aaaa99994888a9883799aaa879875376662657a744565
190174 1 20 20 2 3 2 0 0 0  aaaa99995888a9885799aaa879874576665637a744362
190182 1 20 20 2 5 0 0 0 0  aaaa99995888a9884799aaa879876375465527a763646
190190 1 20 20 3 0 1 0 0 0  aaaa99994888a9883799aaa879877376644765a562556
190296 1 20 20 6 0 0 0 0 0  aaaa99995888a9884799aaa879877377663665a455246
190335 1 20 20 7 0 1 1 0 0  aaaa99994888a9884399aaa879877376655626a754567
190337 1 20 20 7 0 2 1 0 0  aaaa99995888a9885399aaa879877376645626a745467
190345 1 20 20 7 2 0 1 0 0  aaaa99994888a9884399aaa879877376664655a756257
190347 1 20 20 7 2 1 1 0 0  aaaa99994888a9884399aaa879877376664652a756557
190353 1 20 20 7 3 1 1 0 0  aaaa99994888a9884399aaa879877376664625a755567
190354 1 20 20 7 3 2 0 0 0  aaaa99995888a9885299aaa879877576665634a744367
190355 1 20 20 7 3 2 1 0 0  aaaa99995888a9885399aaa879877376665624a745467
190357 1 20 20 7 4 0 1 0 0  aaaa99994888a9884399aaa879877376666655a754257
190359 1 20 20 7 4 1 1 0 0  aaaa99994888a9884399aaa879877376666652a754557
190370 1 20 20 8 0 1 0 0 0  aaaa99994888a9883799aaa879877376652656a744565
190372 1 20 20 8 0 2 0 0 0  aaaa99995888a9885799aaa879877576645636a744362
190388 1 20 20 8 3 1 0 0 0  aaaa99995888a9884799aaa879877376663625a744565
190390 1 20 20 8 3 2 0 0 0  aaaa99995888a9885799aaa879877576665644a742363
190398 1 20 20 8 5 0 0 0 0  aaaa99995888a9884799aaa879877375465526a763646
190441 1 20 20 10 0 0 1 0 0  aaaa99994888a9884399aaa879866377777665a554256
190692 1 20 21 6 0 0 0 0 0  aaaa99995888a9888799aaa479877377663665a455246
190750 1 20 21 7 3 2 0 0 0  aaaa99994888a9888799aaa779875376663625a744565
190758 1 20 21 7 5 0 0 0 0  aaaa99995888a9888799aaa779876475465526a763643
191088 1 20 22 6 0 0 0 0 0  aaaa99995787a9774899aaa389888877663665a455246
191146 1 20 22 7 3 2 0 0 0  aaaa99994787a9753899aaa789888876663625a744565
191154 1 20 22 7 5 0 0 0 0  aaaa99995787a9764899aaa789888875465526a763643
191917 1 21 1 7 0 0 1 0 0  aaaa99988888a9696299aaa877794665675578a347354
191941 1 21 1 7 4 0 1 0 0  aaaa99988888a9595499aaa877794466676278a567335
191946 1 21 1 7 5 0 0 0 0  aaaa99988888a9695299aaa877795543674378a657664
191947 1 21 1 7 5 0 1 0 0  aaaa99988888a9695499aaa877794453675578a637662
192096 1 21 2 1 0 0 0 0 0  aaaa99976888a9696799aaa877295567654834a878354
192097 1 21 2 1 0 0 1 0 0  aaaa99976888a9696799aaa877295567635845a878443
192101 1 21 2 1 0 2 1 0 0  aaaa99976888a9696799aaa877295467654835a878534
192163 1 21 2 2 5 0 1 0 0  aaaa99965888a9595799aaa877296437563876a878644
192167 1 21 2 2 5 2 1 0 0  aaaa99965888a9395799aaa877296547464876a878635
192173 1 21 2 3 0 2 1 0 0  aaaa99966888a9796799aaa877795462764835a858534
192239 1 21 2 4 5 2 1 0 0  aaaa99965888a9795799aaa877296544764836a868735
192271 1 21 2 5 5 0 1 0 0  aaaa99965888a9595799aaa877296437763857a868644
192275 1 21 2 5 5 2 1 0 0  aaaa99965888a9495799aaa877296537763847a868645
192346 1 21 2 7 5 2 0 0 0  aaaa99965888a9495399aaa877796342467876a878655
192347 1 21 2 7 5 2 1 0 0  aaaa99965888a9395299aaa877796544467876a878635
192358 1 21 2 8 1 2 0 0 0  aaaa99954888a9693799aaa877795366762867a858445
192394 1 21 2 9 1 2 0 0 0  aaaa99954888a9693799aaa877797366762865a858445
192473 1 21 3 0 2 2 1 0 0  aaaa99988888a9797799aaa868696772754635a654534
192491 1 21 3 0 5 2 1 0 0  aaaa99988888a9797799aaa828695776754635a664534
192719 1 21 3 7 1 2 1 0 0  aaaa99988888a9594299aaa878797476636656a734557
192720 1 21 3 7 2 0 0 0 0  aaaa99988888a9595299aaa878797576664653a736447
192727 1 21 3 7 3 0 1 0 0  aaaa99988888a9694399aaa878797376664655a754257
192729 1 21 3 7 3 1 1 0 0  aaaa99988888a9694399aaa878797376664652a754557
193639 1 21 5 10 5 0 1 0 0  aaaa99976858a9896899aaa852897685476547a476733
193649 1 21 6 0 0 2 1 0 0  aaaa99968888a9797799aaa868695772764835a654534
193732 1 21 6 2 2 2 0 0 0  aaaa99958888a9694799aaa878795376663867a752445
193901 1 21 6 7 0 2 1 0 0  aaaa99978888a9696299aaa878797676654835a754534
193948 1 21 6 8 2 2 0 0 0  aaaa99958888a9694799aaa878797376663865a752445
194112 1 21 7 2 0 0 0 0 0  aaaa99988888a9894799aaa877696367553675a474652
194317 1 21 7 7 4 0 1 0 0  aaaa99988888a9895299aaa877795566766467a447533
194488 1 21 8 1 2 2 0 0 0  aaaa99958888a9694799aaa878897376663765a752445
194704 1 21 8 7 2 2 0 0 0  aaaa99978888a9597299aaa878897776664654a536354
194825 1 21 8 10 4 2 1 0 0  aaaa99958888a9694299aaa878895477777635a666534
194831 1 21 8 10 5 2 1 0 0  aaaa99958888a9694299aaa878895477777365a653664
195084 1 21 9 7 0 0 0 0 0  aaaa99978888a9696299aaa878797678664545a735543
195101 1 21 9 7 2 2 1 0 0  aaaa99978888a9694299aaa878797478666365a753545
195113 1 21 9 7 4 2 1 0 0  aaaa99978888a9696299aaa878797478654365a753645
195192 1 21 9 10 0 0 0 0 0  aaaa99958888a9795299aaa868695568743476a746773
195193 1 21 9 10 0 0 1 0 0  aaaa99958888a9795499aaa868694468755376a736772
195197 1 21 9 10 0 2 1 0 0  aaaa99958888a9794399aaa868695368754276a756774
195229 1 21 10 0 0 0 1 0 0  aaaa99948888a9896299aaa878796676565357a735474
195233 1 21 10 0 0 2 1 0 0  aaaa99938888a9896299aaa878796675555467a744673
195252 1 21 10 0 4 0 0 0 0  aaaa99958888a9895299aaa878795576666647a743473
195253 1 21 10 0 4 0 1 0 0  aaaa99958888a9895499aaa878794476666637a755372
195257 1 21 10 0 4 2 1 0 0  aaaa99958888a9894399aaa878795376666627a754574
195259 1 21 10 0 5 0 1 0 0  aaaa99968888a9894399aaa878796375564257a765674
195261 1 21 10 0 5 1 1 0 0  aaaa99968888a9894399aaa878796375565527a764674
195262 1 21 10 0 5 2 0 0 0  aaaa99968888a9895299aaa878796574465337a764675
195263 1 21 10 0 5 2 1 0 0  aaaa99968888a9895299aaa878796574365437a764675
195322 1 21 10 2 3 2 0 0 0  aaaa99958888a9894799aaa878795376663627a744565
195330 1 21 10 2 5 0 0 0 0  aaaa99968888a9895799aaa878796475465527a763643
195483 1 21 10 7 0 1 1 0 0  aaaa99978888a9894399aaa878797376655626a754564
195485 1 21 10 7 0 2 1 0 0  aaaa99978888a9894399aaa878797376654626a754565
195501 1 21 10 7 3 1 1 0 0  aaaa99978888a9894399aaa878797376664655a754265
195503 1 21 10 7 3 2 1 0 0  aaaa99978888a9894399aaa878797376664625a754565
195511 1 21 10 7 5 0 1 0 0  aaaa99978888a9894399aaa878797375564526a764656
195520 1 21 10 8 0 2 0 0 0  aaaa99958888a9894799aaa878797376653626a744565
195538 1 21 10 8 3 2 0 0 0  aaaa99958888a9894799aaa878797376663625a744565
195546 1 21 10 8 5 0 0 0 0  aaaa99968888a9895799aaa878797475465526a763643
195623 1 21 10 10 5 2 1 0 0  aaaa99958888a9894299aaa878695477777635a666534
195850 1 21 11 6 1 2 0 0 0  aaaa99954888a9898799aaa378797376766865a652445
195868 1 21 11 6 4 2 0 0 0  aaaa99954888a9898799aaa378797376752865a666445
195872 1 21 11 6 5 1 0 0 0  aaaa99965888a9898799aaa478797375763846a565642
196051 1 21 12 0 5 0 1 0 0  aaaa99968888a9895499aaa877496457365576a378672
196085 1 21 12 1 4 2 1 0 0  aaaa99958888a9894799aaa877295467666635a758734
196089 1 21 12 1 5 1 1 0 0  aaaa99968888a9894799aaa877296457565536a768734
196090 1 21 12 1 5 2 0 0 0  aaaa99968888a9895799aaa877496547365436a768752
196091 1 21 12 1 5 2 1 0 0  aaaa99968888a9895799aaa877296547365446a768735
196138 1 21 12 3 1 2 0 0 0  aaaa99958888a9893799aaa877795366762464a458765
196193 1 21 12 4 4 2 1 0 0  aaaa99958888a9894799aaa877295467666635a778534
196197 1 21 12 4 5 1 1 0 0  aaaa99968888a9894799aaa877296457565536a778634
196198 1 21 12 4 5 2 0 0 0  aaaa99968888a9895799aaa877496547365436a778652
196199 1 21 12 4 5 2 1 0 0  aaaa99968888a9895799aaa877296547365446a778635
196318 1 21 12 8 1 2 0 0 0  aaaa99958888a9893799aaa877795366762467a458465
196348 1 21 12 9 0 2 0 0 0  aaaa99958888a9893799aaa877797366752465a468465
196354 1 21 12 9 1 2 0 0 0  aaaa99958888a9893799aaa877797366762465a458465
196356 1 21 12 9 2 0 0 0 0  aaaa99958888a9894799aaa877797366746566a528534
196686 1 21 13 7 3 0 0 0 0  aaaa99975888a9894799aaa778897376663658a545264
196722 1 21 13 8 3 0 0 0 0  aaaa99975888a9894799aaa378897776663658a545264
196748 1 21 13 9 1 1 0 0 0  aaaa99956888a9894799aaa378894477773658a662565
196750 1 21 13 9 1 2 0 0 0  aaaa99946888a9895799aaa578893577775648a662463
196752 1 21 13 9 2 0 0 0 0  aaaa99965888a9894799aaa378895577773648a662546
196754 1 21 13 9 2 1 0 0 0  aaaa99965888a9895799aaa478896377773658a662454
196760 1 21 13 9 3 1 0 0 0  aaaa99965888a9894799aaa378894477773668a566552
196766 1 21 13 9 4 1 0 0 0  aaaa99965888a9894799aaa378894477773658a666552
196864 1 21 14 1 2 2 0 0 0  aaaa99954888a9893799aaa378898776662765a744565
196870 1 21 14 1 3 2 0 0 0  aaaa99954888a9893799aaa378898776662765a756445
196876 1 21 14 1 4 2 0 0 0  aaaa99954888a9893799aaa378898776666765a752445
196878 1 21 14 1 5 0 0 0 0  aaaa99965888a9894799aaa378898774565756a764632
196880 1 21 14 1 5 1 0 0 0  aaaa99965888a9894799aaa378898775565746a763642
197072 1 21 14 7 1 1 0 0 0  aaaa99954888a9895799aaa378898377666675a672445
197074 1 21 14 7 1 2 0 0 0  aaaa99945888a9895799aaa578898577666673a672443
197076 1 21 14 7 2 0 0 0 0  aaaa99965888a9894799aaa378898377666576a572454
197078 1 21 14 7 2 1 0 0 0  aaaa99965888a9894799aaa378898377666576a575442
197082 1 21 14 7 3 0 0 0 0  aaaa99965888a9894799aaa378898377666575a675442
197084 1 21 14 7 3 1 0 0 0  aaaa99965888a9894799aaa378898377666475a674525
197090 1 21 14 7 4 1 0 0 0  aaaa99954888a9895799aaa378898377644675a672665
197092 1 21 14 7 4 2 0 0 0  aaaa99945888a9895799aaa578898577644673a672663
197096 1 21 14 7 5 1 0 0 0  aaaa99965888a9894799aaa378898377464576a575626
197108 1 21 14 8 1 1 0 0 0  aaaa99956888a9894799aaa378898377744657a662565
197110 1 21 14 8 1 2 0 0 0  aaaa99946888a9895799aaa578898577735647a662463
197112 1 21 14 8 2 0 0 0 0  aaaa99965888a9894799aaa378898377755647a662546
197114 1 21 14 8 2 1 0 0 0  aaaa99965888a9895799aaa478898377763657a662454
197120 1 21 14 8 3 1 0 0 0  aaaa99965888a9894799aaa378898377744667a566552
197126 1 21 14 8 4 1 0 0 0  aaaa99965888a9894799aaa378898377744657a666552
197148 1 21 14 9 2 0 0 0 0  aaaa99965888a9894799aaa378898377772666a455546
197185 1 21 14 10 2 0 1 0 0  aaaa99965888a9894399aaa478898377777666a525546
197188 1 21 14 10 2 2 0 0 0  aaaa99965888a9895299aaa578898577777666a344436
197830 1 21 16 6 1 2 0 0 0  aaaa99954878a9893899aaa877795386776666a852445
197836 1 21 16 6 2 2 0 0 0  aaaa99954878a9893899aaa877795386772666a856445
197842 1 21 16 6 3 2 0 0 0  aaaa99954878a9893899aaa877795386772666a844565
197848 1 21 16 6 4 2 0 0 0  aaaa99954878a9893899aaa877795386772665a866445
197852 1 21 16 6 5 1 0 0 0  aaaa99965878a9894899aaa877796385773546a865642
197861 1 21 16 7 0 2 1 0 0  aaaa99966878a9897899aaa877696487356275a854534
197950 1 21 16 9 3 2 0 0 0  aaaa99954878a9897899aaa877797386663625a844565
197958 1 21 16 9 5 0 0 0 0  aaaa99965878a9897899aaa877797485465526a863643
197986 1 21 16 10 3 2 0 0 0  aaaa99954878a9893899aaa877797786663625a844565
197994 1 21 16 10 5 0 0 0 0  aaaa99965878a9894899aaa877797785465526a863643
198052 1 21 17 1 2 2 0 0 0  aaaa99954888a9893799aaa878897376662765a744565
198058 1 21 17 1 3 2 0 0 0  aaaa99954888a9893799aaa878897376662765a756445
198064 1 21 17 1 4 2 0 0 0  aaaa99954888a9893799aaa878897376666765a752445
198066 1 21 17 1 5 0 0 0 0  aaaa99965888a9894799aaa878897374565756a764632
198068 1 21 17 1 5 1 0 0 0  aaaa99965888a9894799aaa878897375565746a763642
198074 1 21 17 2 0 1 0 0 0  aaaa99974888a9893799aaa878897376644765a562556
198180 1 21 17 5 0 0 0 0 0  aaaa99975888a9894799aaa878897377663665a455246
198259 1 21 17 7 1 0 1 0 0  aaaa99976888a9897299aaa878897776665554a346354
198260 1 21 17 7 1 1 0 0 0  aaaa99976888a9897299aaa878897776664555a346354
198261 1 21 17 7 1 1 1 0 0  aaaa99976888a9897299aaa878897776665354a536454
198262 1 21 17 7 1 2 0 0 0  aaaa99976888a9897299aaa878897776664354a536554
198263 1 21 17 7 1 2 1 0 0  aaaa99973888a9897299aaa878897776646656a543554
198266 1 21 17 7 2 1 0 0 0  aaaa99975888a9897299aaa878897776664654a536354
198268 1 21 17 7 2 2 0 0 0  aaaa99975888a9897299aaa878897776665644a436355
198272 1 21 17 7 3 1 0 0 0  aaaa99973888a9897299aaa878897776663645a555464
198391 1 21 17 10 5 0 1 0 0  aaaa99965888a9894299aaa878896477777556a365634
198393 1 21 17 10 5 1 1 0 0  aaaa99965888a9894299aaa878896477777536a565634
198394 1 21 17 10 5 2 0 0 0  aaaa99965888a9895299aaa878896577777346a365644
198395 1 21 17 10 5 2 1 0 0  aaaa99965888a9895299aaa878896577777436a464635
198787 1 21 18 10 5 0 1 0 0  aaaa99965888a9898299aaa478896477777556a365634
198789 1 21 18 10 5 1 1 0 0  aaaa99965888a9898299aaa478896477777536a565634
198790 1 21 18 10 5 2 0 0 0  aaaa99965888a9898299aaa578896577777346a365644
198791 1 21 18 10 5 2 1 0 0  aaaa99965888a9898299aaa578896577777436a464635
198838 1 21 19 1 1 2 0 0 0  aaaa99954888a9893799aaa878795378666675a644725
198856 1 21 19 1 4 2 0 0 0  aaaa99954888a9893799aaa878795378644675a666725
198860 1 21 19 1 5 1 0 0 0  aaaa99965888a9894799aaa878796378464576a565732
198874 1 21 19 2 1 2 0 0 0  aaaa99954888a9893799aaa878795378666667a752445
198892 1 21 19 2 4 2 0 0 0  aaaa99954888a9893799aaa878795378652667a744665
198896 1 21 19 2 5 1 0 0 0  aaaa99965888a9894799aaa878796378563457a764652
198910 1 21 19 3 1 2 0 0 0  aaaa99954888a9893799aaa878797378666675a652445
198928 1 21 19 3 4 2 0 0 0  aaaa99954888a9893799aaa878797378652675a666445
198932 1 21 19 3 5 1 0 0 0  aaaa99965888a9894799aaa878797378464576a565632
198946 1 21 19 4 1 2 0 0 0  aaaa99954888a9893799aaa878795378666677a652445
198964 1 21 19 4 4 2 0 0 0  aaaa99954888a9893799aaa878795378652677a666445
198968 1 21 19 4 5 1 0 0 0  aaaa99965888a9894799aaa878796378464577a565632
198986 1 21 19 5 2 1 0 0 0  aaaa99965888a9894799aaa878796378744666a573552
199061 1 21 19 7 2 2 1 0 0  aaaa99975888a9895299aaa878797578666346a763445
199067 1 21 19 7 3 2 1 0 0  aaaa99975888a9895299aaa878797578666364a763454
199075 1 21 19 7 5 0 1 0 0  aaaa99975888a9894299aaa878797478565356a763646
199090 1 21 19 8 1 2 0 0 0  aaaa99954888a9893799aaa878797378666665a752445
199108 1 21 19 8 4 2 0 0 0  aaaa99954888a9893799aaa878797378652665a744665
199112 1 21 19 8 5 1 0 0 0  aaaa99965888a9894799aaa878797378563456a764652
199153 1 21 19 10 0 0 1 0 0  aaaa99975888a9894399aaa868697368575267a576744
199157 1 21 19 10 0 2 1 0 0  aaaa99975888a9895399aaa868697368475267a476745
199160 1 21 19 10 1 1 0 0 0  aaaa99975888a9894699aaa868697368474567a575732
199172 1 21 19 10 3 1 0 0 0  aaaa99975888a9894699aaa868697368573457a674752
199183 1 21 19 10 5 0 1 0 0  aaaa99976888a9896599aaa858297658476547a476733
199579 1 21 20 10 5 0 1 0 0  aaaa99976888a9898599aaa658297658476547a476733
199585 1 21 21 0 0 0 1 0 0  aaaa99977783a9897899aaa488898476673656a554265
199636 1 21 21 1 2 2 0 0 0  aaaa99954787a9897899aaa388898376662765a744565
199642 1 21 21 1 3 2 0 0 0  aaaa99954787a9897899aaa388898376662765a756445
199648 1 21 21 1 4 2 0 0 0  aaaa99954787a9897899aaa388898376666765a752445
199650 1 21 21 1 5 0 0 0 0  aaaa99965787a9897899aaa488898374565756a764632
199652 1 21 21 1 5 1 0 0 0  aaaa99965787a9897899aaa488898375565746a763642
199844 1 21 21 7 1 1 0 0 0  aaaa99954787a9895899aaa388898377666675a672445
199846 1 21 21 7 1 2 0 0 0  aaaa99945787a9895899aaa588898577666673a672443
199848 1 21 21 7 2 0 0 0 0  aaaa99965787a9894899aaa388898377666576a572454
199850 1 21 21 7 2 1 0 0 0  aaaa99965787a9894899aaa388898377666576a575442
199854 1 21 21 7 3 0 0 0 0  aaaa99965787a9894899aaa388898377666575a675442
199856 1 21 21 7 3 1 0 0 0  aaaa99965787a9894899aaa388898377666475a674525
199862 1 21 21 7 4 1 0 0 0  aaaa99954787a9895899aaa388898377644675a672665
199864 1 21 21 7 4 2 0 0 0  aaaa99945787a9895899aaa588898577644673a672663
199868 1 21 21 7 5 1 0 0 0  aaaa99965787a9894899aaa388898377464576a575626
199880 1 21 21 8 1 1 0 0 0  aaaa99956787a9894899aaa388898377744657a662565
199882 1 21 21 8 1 2 0 0 0  aaaa99946787a9895899aaa588898577735647a662463
199884 1 21 21 8 2 0 0 0 0  aaaa99965787a9894899aaa388898377755647a662546
199886 1 21 21 8 2 1 0 0 0  aaaa99965787a9895899aaa488898377763657a662454
199892 1 21 21 8 3 1 0 0 0  aaaa99965787a9894899aaa388898377744667a566552
199898 1 21 21 8 4 1 0 0 0  aaaa99965787a9894899aaa388898377744657a666552
199920 1 21 21 9 2 0 0 0 0  aaaa99965787a9894899aaa388898377772666a455546
199957 1 21 21 10 2 0 1 0 0  aaaa99965387a9894899aaa388898477777666a525546
199960 1 21 21 10 2 2 0 0 0  aaaa99965287a9895899aaa588898577777666a344436
200000 0 21 22 0 3 1 0 0 0  aaaa99977786a9697899aaa288898876576644a555343
200254 1 21 22 7 3 2 0 0 0  aaaa99954787a9793899aaa788898876663625a744565
200262 1 21 22 7 5 0 0 0 0  aaaa99965787a9794899aaa788898875465526a763643
200290 1 21 22 8 3 2 0 0 0  aaaa99954787a9797899aaa388898876663625a744565
200298 1 21 22 8 5 0 0 0 0  aaaa99965787a9797899aaa488898875465526a763643
200376 1 22 0 0 0 0 0 0 0  aaaa99995889a9774989aaa368776378672486a584565
200382 1 22 0 0 1 0 0 0 0  aaaa99995889a9774989aaa368776678673585a685442
200384 1 22 0 0 1 1 0 0 0  aaaa99995889a9774989aaa368776678673485a684525
200390 1 22 0 0 2 1 0 0 0  aaaa99995889a9774989aaa368776678474586a585632
200394 1 22 0 0 3 0 0 0 0  aaaa99995889a9774989aaa368776678673586a582454
200396 1 22 0 0 3 1 0 0 0  aaaa99995889a9774989aaa368776678673586a585442
200402 1 22 0 0 4 1 0 0 0  aaaa99995889a9774989aaa368775378672485a684665
200559 1 22 0 5 0 1 1 0 0  aaaa99995889a9777989aaa568675528764687a384634
200560 1 22 0 5 0 2 0 0 0  aaaa99995889a9777989aaa568674528765687a384634
200561 1 22 0 5 0 2 1 0 0  aaaa99995889a9777989aaa568672538763687a485446
200592 1 22 0 6 0 0 0 0 0  aaaa99995889a9664989aaa378777378467585a686245
200594 1 22 0 6 0 1 0 0 0  aaaa99995889a9664989aaa378777378567684a682554
200606 1 22 0 6 2 1 0 0 0  aaaa99994889a9666989aaa378777378657585a682445
200618 1 22 0 6 4 1 0 0 0  aaaa99995889a9656989aaa378777378657484a684625
200629 1 22 0 7 0 0 1 0 0  aaaa99997889a9777989aaa568675568374286a684534
200659 1 22 0 7 5 0 1 0 0  aaaa99997889a9777989aaa658574658376284a586364
200664 1 22 0 8 0 0 0 0 0  aaaa99995889a9664989aaa378777378646586a587254
200678 1 22 0 8 2 1 0 0 0  aaaa99994889a9666989aaa378777378652585a687445
200680 1 22 0 8 2 2 0 0 0  aaaa99995889a9666989aaa578777578645484a687332
200690 1 22 0 8 4 1 0 0 0  aaaa99994889a9656989aaa378777378644585a687625
200692 1 22 0 8 4 2 0 0 0  aaaa99995889a9646989aaa578777578635484a687623
200696 1 22 0 8 5 1 0 0 0  aaaa99994889a9653989aaa378777278644585a687665
200698 1 22 0 8 5 2 0 0 0  aaaa99995889a9645989aaa578777578644383a687662
200756 1 22 0 10 3 1 0 0 0  aaaa99994889a9753989aaa368676268744585a786775
200758 1 22 0 10 3 2 0 0 0  aaaa99995889a9745989aaa568676568744383a786772
200766 1 22 0 10 5 0 0 0 0  aaaa99995889a9764989aaa358476558763286a784776
200782 1 22 1 0 1 2 0 0 0  aaaa99994889a9877989aaa367667387567856a582454
200816 1 22 1 1 1 1 0 0 0  aaaa99995889a9874989aaa377766686753845a682745
200820 1 22 1 1 2 0 0 0 0  aaaa99995889a9874989aaa377766684755865a684732
200822 1 22 1 1 2 1 0 0 0  aaaa99995889a9874989aaa377766685755864a683724
200832 1 22 1 1 4 0 0 0 0  aaaa99995889a9874989aaa377766384755865a684762
200834 1 22 1 1 4 1 0 0 0  aaaa99995889a9874989aaa377766385755864a682764
200844 1 22 1 2 0 0 0 0 0  aaaa99996889a9866989aaa577766385745847a583472
200852 1 22 1 2 1 1 0 0 0  aaaa99994889a9853989aaa377766686744857a682575
200854 1 22 1 2 1 2 0 0 0  aaaa99995889a9845989aaa577766686735847a682473
200862 1 22 1 2 3 0 0 0 0  aaaa99995889a9864989aaa377766685745867a583274
200876 1 22 1 2 5 1 0 0 0  aaaa99994889a9863989aaa377746485762857a585676
200888 1 22 1 3 1 1 0 0 0  aaaa99995889a9874989aaa377774486676866a583552
200916 1 22 1 4 0 0 0 0 0  aaaa99996889a9866989aaa577766385745844a583772
200924 1 22 1 4 1 1 0 0 0  aaaa99994889a9853989aaa377766686744855a682775
200926 1 22 1 4 1 2 0 0 0  aaaa99995889a9845989aaa577766686735844a682773
200934 1 22 1 4 3 0 0 0 0  aaaa99995889a9864989aaa377766685745862a583774
200942 1 22 1 4 4 1 0 0 0  aaaa99994889a9866989aaa377746485763856a585772
200948 1 22 1 4 5 1 0 0 0  aaaa99994889a9863989aaa377746485762856a585776
201224 1 22 2 1 3 1 0 0 0  aaaa99995889a9874989aaa377766685763868a545724
201226 1 22 2 1 3 2 0 0 0  aaaa99995889a9875989aaa577766684765868a433742
201240 1 22 2 2 0 0 0 0 0  aaaa99995889a9874989aaa377766385676878a562454
201242 1 22 2 2 0 1 0 0 0  aaaa99995889a9874989aaa377766385676878a565442
201254 1 22 2 2 2 1 0 0 0  aaaa99995889a9874989aaa377766685673878a655442
201260 1 22 2 2 3 1 0 0 0  aaaa99995889a9874989aaa377766685673878a565442
201266 1 22 2 2 4 1 0 0 0  aaaa99995889a9874989aaa377764486573878a666552
201272 1 22 2 2 5 1 0 0 0  aaaa99995889a9874989aaa377764485673878a655662
201280 1 22 2 3 0 2 0 0 0  aaaa99996889a9874989aaa377776686573858a562454
201284 1 22 2 3 1 1 0 0 0  aaaa99995889a9874989aaa377776386676858a562454
201286 1 22 2 3 1 2 0 0 0  aaaa99995889a9875989aaa577776586676848a464332
201290 1 22 2 3 2 1 0 0 0  aaaa99995889a9874989aaa377774486676868a555632
201296 1 22 2 3 3 1 0 0 0  aaaa99995889a9874989aaa377774486676868a563552
201302 1 22 2 3 4 1 0 0 0  aaaa99995889a9874989aaa377774486573868a666552
201308 1 22 2 3 5 1 0 0 0  aaaa99995889a9874989aaa377774485673868a655662
201320 1 22 2 4 1 1 0 0 0  aaaa99995889a9854989aaa377766686753828a644775
201322 1 22 2 4 1 2 0 0 0  aaaa99995889a9845989aaa577766686735828a644773
201338 1 22 2 4 4 1 0 0 0  aaaa99995889a9854989aaa377765386744828a666775
201340 1 22 2 4 4 2 0 0 0  aaaa99995889a9845989aaa577763586744828a666773
201344 1 22 2 4 5 1 0 0 0  aaaa99994889a9863989aaa377746485762858a565776
201398 1 22 2 6 2 1 0 0 0  aaaa99994889a9853989aaa377774486577868a662565
201400 1 22 2 6 2 2 0 0 0  aaaa99995889a9845989aaa577773586477868a662463
201404 1 22 2 6 3 1 0 0 0  aaaa99994889a9863989aaa377774486677858a566525
201593 1 22 3 0 4 2 1 0 0  aaaa99994889a9877989aaa428767678657365a683545
201599 1 22 3 0 5 2 1 0 0  aaaa99995889a9877989aaa528767578647364a683654
201608 1 22 3 1 1 1 0 0 0  aaaa99995889a9874989aaa378774478666667a583552
201618 1 22 3 1 3 0 0 0 0  aaaa99995889a9874989aaa378776378666567a582454
201620 1 22 3 1 3 1 0 0 0  aaaa99995889a9874989aaa378776378666567a585442
201650 1 22 3 2 2 1 0 0 0  aaaa99995889a9854989aaa378775378666267a687445
201652 1 22 3 2 2 2 0 0 0  aaaa99995889a9845989aaa578773578666267a687443
201662 1 22 3 2 4 1 0 0 0  aaaa99995889a9854989aaa378774478656267a687635
201664 1 22 3 2 4 2 0 0 0  aaaa99995889a9845989aaa578773578636267a687644
201668 1 22 3 2 5 1 0 0 0  aaaa99995889a9854989aaa378775378644267a687665
201670 1 22 3 2 5 2 0 0 0  aaaa99995889a9845989aaa578773578644267a687663
201758 1 22 3 5 2 1 0 0 0  aaaa99994889a9853989aaa378774478672666a587565
201760 1 22 3 5 2 2 0 0 0  aaaa99995889a9845989aaa578773578672666a487463
201764 1 22 3 5 3 1 0 0 0  aaaa99995889a9864989aaa378774478673666a587552
201770 1 22 3 5 4 1 0 0 0  aaaa99994889a9853989aaa378774478676565a687625
201772 1 22 3 5 4 2 0 0 0  aaaa99995889a9845989aaa578773578676464a687623
201776 1 22 3 5 5 1 0 0 0  aaaa99994889a9853989aaa378774478672565a687665
201778 1 22 3 5 5 2 0 0 0  aaaa99995889a9845989aaa578773578672464a687663
201830 1 22 3 7 2 1 0 0 0  aaaa99994889a9853989aaa378774478666565a687725
201832 1 22 3 7 2 2 0 0 0  aaaa99995889a9845989aaa578773578666464a687723
201842 1 22 3 7 4 1 0 0 0  aaaa99994889a9853989aaa378774478662565a687765
201844 1 22 3 7 4 2 0 0 0  aaaa99995889a9845989aaa578773578662464a687763
201848 1 22 3 7 5 1 0 0 0  aaaa99995889a9864989aaa378776378464256a587756
201850 1 22 3 7 5 2 0 0 0  aaaa99995889a9865989aaa578776578464346a387726
201866 1 22 3 8 2 1 0 0 0  aaaa99994889a9853989aaa378777278666565a687445
201868 1 22 3 8 2 2 0 0 0  aaaa99995889a9845989aaa578777578666464a687332
201878 1 22 3 8 4 1 0 0 0  aaaa99994889a9844989aaa378777378656565a687625
201880 1 22 3 8 4 2 0 0 0  aaaa99995889a9845989aaa578777578636464a687623
201884 1 22 3 8 5 1 0 0 0  aaaa99994889a9853989aaa378777278644565a687665
201886 1 22 3 8 5 2 0 0 0  aaaa99995889a9845989aaa578777578644363a687662
201944 1 22 3 10 3 1 0 0 0  aaaa99994889a9853989aaa368676268744575a786775
201946 1 22 3 10 3 2 0 0 0  aaaa99995889a9845989aaa568676568744373a786772
201954 1 22 3 10 5 0 0 0 0  aaaa99995889a9864989aaa358476558763276a784776
201994 1 22 4 0 5 2 0 0 0  aaaa99995889a9877989aaa528767578687364a635644
201995 1 22 4 0 5 2 1 0 0  aaaa99995889a9877989aaa528767578687463a644653
202000 1 22 4 1 0 2 0 0 0  aaaa99996889a9874989aaa378776678583657a562454
202004 1 22 4 1 1 1 0 0 0  aaaa99995889a9874989aaa378774478683667a566552
202008 1 22 4 1 2 0 0 0 0  aaaa99995889a9874989aaa378774478683657a662565
202010 1 22 4 1 2 1 0 0 0  aaaa99995889a9875989aaa378775578683647a662464
202016 1 22 4 1 3 1 0 0 0  aaaa99995889a9874989aaa378776378582667a566454
202018 1 22 4 1 3 2 0 0 0  aaaa99995889a9875989aaa578776578484667a466332
202022 1 22 4 1 4 1 0 0 0  aaaa99995889a9874989aaa378774478683657a666552
202028 1 22 4 1 5 1 0 0 0  aaaa99995889a9874989aaa378774478683567a655662
202046 1 22 4 2 2 1 0 0 0  aaaa99994889a9853989aaa378774478682657a667565
202048 1 22 4 2 2 2 0 0 0  aaaa99995889a9845989aaa578773578682647a667463
202052 1 22 4 2 3 1 0 0 0  aaaa99995889a9864989aaa378774478683657a667552
202058 1 22 4 2 4 1 0 0 0  aaaa99994889a9853989aaa378774478686567a657625
202060 1 22 4 2 4 2 0 0 0  aaaa99995889a9845989aaa578773578686467a647623
202064 1 22 4 2 5 1 0 0 0  aaaa99994889a9853989aaa378774478682567a657665
202066 1 22 4 2 5 2 0 0 0  aaaa99995889a9845989aaa578773578682467a647663
202226 1 22 4 7 2 1 0 0 0  aaaa99995889a9865989aaa378776378585666a474472
202232 1 22 4 7 3 1 0 0 0  aaaa99994889a9853989aaa378774478682666a576575
202234 1 22 4 7 3 2 0 0 0  aaaa99995889a9845989aaa578773578682666a476473
202244 1 22 4 7 5 1 0 0 0  aaaa99995889a9863989aaa378776278484546a575676
202262 1 22 4 8 2 1 0 0 0  aaaa99995889a9844989aaa478777378683666a257565
202264 1 22 4 8 2 2 0 0 0  aaaa99995889a9845989aaa578777578682666a447363
202274 1 22 4 8 4 1 0 0 0  aaaa99995889a9844989aaa478777378686265a657635
202276 1 22 4 8 4 2 0 0 0  aaaa99995889a9845989aaa578777578686464a637623
202280 1 22 4 8 5 1 0 0 0  aaaa99995889a9844989aaa478777378683265a657665
202282 1 22 4 8 5 2 0 0 0  aaaa99995889a9845989aaa578777578682464a637663
202340 1 22 4 10 3 1 0 0 0  aaaa99995889a9844989aaa468676368783275a756775
202342 1 22 4 10 3 2 0 0 0  aaaa99995889a9845989aaa568676568782474a736773
202350 1 22 4 10 5 0 0 0 0  aaaa99995889a9864989aaa358476558783276a764776
202373 1 22 5 0 2 2 1 0 0  aaaa99994889a9877989aaa868767678357265a654534
202391 1 22 5 0 5 2 1 0 0  aaaa99994889a9877989aaa828767478657365a653645
202444 1 22 5 2 2 2 0 0 0  aaaa99994889a9853989aaa878775378666267a657445
202456 1 22 5 2 4 2 0 0 0  aaaa99994889a9853989aaa878774478656267a657635
202462 1 22 5 2 5 2 0 0 0  aaaa99994889a9853989aaa878775378644267a657665
202552 1 22 5 5 2 2 0 0 0  aaaa99994889a9853989aaa878774478673666a257565
202564 1 22 5 5 4 2 0 0 0  aaaa99994889a9853989aaa878774478676265a657635
202570 1 22 5 5 5 2 0 0 0  aaaa99994889a9853989aaa878774478673265a657665
202640 1 22 5 7 5 1 0 0 0  aaaa99995889a9863989aaa878776378464546a575672
202660 1 22 5 8 2 2 0 0 0  aaaa99994889a9853989aaa878777378666265a657445
202672 1 22 5 8 4 2 0 0 0  aaaa99994889a9844989aaa878777378656265a657635
202678 1 22 5 8 5 2 0 0 0  aaaa99994889a9853989aaa878777378644265a657665
202738 1 22 5 10 3 2 0 0 0  aaaa99994889a9853989aaa868676368744275a756775
202746 1 22 5 10 5 0 0 0 0  aaaa99995889a9864989aaa858476558763276a764773
202787 1 22 6 0 5 2 1 0 0  aaaa99995889a9877989aaa538767578637468a644652
202832 1 22 6 2 1 1 0 0 0  aaaa99995889a9874989aaa378774468676758a663552
202848 1 22 6 2 4 0 0 0 0  aaaa99995889a9874989aaa378775568474768a653662
202850 1 22 6 2 4 1 0 0 0  aaaa99995889a9875989aaa478775528676768a644633
202946 1 22 6 5 2 1 0 0 0  aaaa99994889a9853989aaa378774478672658a667565
202948 1 22 6 5 2 2 0 0 0  aaaa99995889a9845989aaa578773578672648a667463
202952 1 22 6 5 3 1 0 0 0  aaaa99995889a9864989aaa378774478673658a667552
202958 1 22 6 5 4 1 0 0 0  aaaa99994889a9853989aaa378774478676568a657625
202960 1 22 6 5 4 2 0 0 0  aaaa99995889a9845989aaa578773578676468a647623
202964 1 22 6 5 5 1 0 0 0  aaaa99994889a9853989aaa378774478672568a657665
202966 1 22 6 5 5 2 0 0 0  aaaa99995889a9845989aaa578773578672468a647663
202982 1 22 6 6 2 1 0 0 0  aaaa99994889a9844989aaa378777378657658a662565
202984 1 22 6 6 2 2 0 0 0  aaaa99995889a9845989aaa578777578637648a662463
203036 1 22 6 7 5 1 0 0 0  aaaa99995889a9863989aaa378776278464548a575676
203054 1 22 6 8 2 1 0 0 0  aaaa99994889a9853989aaa378777278666568a657445
203056 1 22 6 8 2 2 0 0 0  aaaa99995889a9845989aaa578777578666468a647332
203058 1 22 6 8 3 0 0 0 0  aaaa99995889a9864989aaa378777378666568a547254
203066 1 22 6 8 4 1 0 0 0  aaaa99994889a9844989aaa378777378656568a657625
203068 1 22 6 8 4 2 0 0 0  aaaa99995889a9845989aaa578777578636468a647623
203072 1 22 6 8 5 1 0 0 0  aaaa99994889a9853989aaa378777278644568a657665
203074 1 22 6 8 5 2 0 0 0  aaaa99995889a9845989aaa578777578644368a637662
203132 1 22 6 10 3 1 0 0 0  aaaa99994889a9853989aaa368676268744578a756775
203134 1 22 6 10 3 2 0 0 0  aaaa99995889a9845989aaa568676568744378a736772
203142 1 22 6 10 5 0 0 0 0  aaaa99995889a9864989aaa358476558763278a764776
203152 1 22 7 0 0 2 0 0 0  aaaa99996889a9884989aaa377665387644875a276575
203168 1 22 7 0 3 1 0 0 0  aaaa99994889a9883989aaa377666287644875a576575
203170 1 22 7 0 3 2 0 0 0  aaaa99995889a9885989aaa577666587644874a376372
203178 1 22 7 0 5 0 0 0 0  aaaa99995889a9883989aaa377546587464876a572676
203189 1 22 7 1 0 2 1 0 0  aaaa99995889a9885989aaa577766586734826a634747
203196 1 22 7 1 2 0 0 0 0  aaaa99995889a9884989aaa377766684755865a624737
203204 1 22 7 1 3 1 0 0 0  aaaa99994889a9883989aaa377766685762865a455747
203206 1 22 7 1 3 2 0 0 0  aaaa99995889a9885989aaa577766684765862a433747
203222 1 22 7 2 0 1 0 0 0  aaaa99994889a9883989aaa377766284764857a656575
203228 1 22 7 2 1 1 0 0 0  aaaa99994889a9883989aaa377766686752857a644575
203230 1 22 7 2 1 2 0 0 0  aaaa99995889a9885989aaa577766686745837a644372
203246 1 22 7 2 4 1 0 0 0  aaaa99994889a9883989aaa377765286744857a666575
203248 1 22 7 2 4 2 0 0 0  aaaa99995889a9885989aaa577764586744837a666372
203252 1 22 7 2 5 1 0 0 0  aaaa99994889a9883989aaa377746485762857a565676
203264 1 22 7 3 1 1 0 0 0  aaaa99995889a9884989aaa377776386676852a464557
203266 1 22 7 3 1 2 0 0 0  aaaa99995889a9885989aaa577776586676844a462337
203270 1 22 7 3 2 1 0 0 0  aaaa99994889a9883989aaa377774486676865a555627
203276 1 22 7 3 3 1 0 0 0  aaaa99994889a9883989aaa377774486676865a562557
203282 1 22 7 3 4 1 0 0 0  aaaa99994889a9883989aaa377774486572865a666557
203288 1 22 7 3 5 1 0 0 0  aaaa99994889a9883989aaa377774485672865a655667
203300 1 22 7 4 1 1 0 0 0  aaaa99994889a9883989aaa377766686752855a644775
203302 1 22 7 4 1 2 0 0 0  aaaa99995889a9885989aaa577766686745844a633772
203318 1 22 7 4 4 1 0 0 0  aaaa99994889a9883989aaa377765286744855a666775
203320 1 22 7 4 4 2 0 0 0  aaaa99995889a9885989aaa577764586744833a666772
203324 1 22 7 4 5 1 0 0 0  aaaa99994889a9883989aaa377746485762856a565776
203328 1 22 7 5 0 0 0 0 0  aaaa99995889a9884989aaa377766385767847a656245
203329 1 22 7 5 0 0 1 0 0  aaaa99994889a9884989aaa477766385767857a656532
203330 1 22 7 5 0 1 0 0 0  aaaa99995889a9883989aaa377766284767857a646554
203378 1 22 7 6 2 1 0 0 0  aaaa99994889a9883989aaa377774486577865a662565
203380 1 22 7 6 2 2 0 0 0  aaaa99995889a9885989aaa577774586477863a662463
203402 1 22 7 7 0 1 0 0 0  aaaa99994889a9883989aaa377766286744857a657556
203472 1 22 7 9 0 0 0 0 0  aaaa99995889a9884989aaa377777386657862a464556
203474 1 22 7 9 0 1 0 0 0  aaaa99994889a9883989aaa377777286657865a464556
203510 1 22 7 10 0 1 0 0 0  aaaa99994889a9883989aaa377777786644865a562556
203606 1 22 8 1 4 1 0 0 0  aaaa99994889a9844989aaa378877375686765a657625
203608 1 22 8 1 4 2 0 0 0  aaaa99995889a9845989aaa578877574686763a647623
203622 1 22 8 2 1 0 0 0 0  aaaa99995889a9864989aaa378877376686754a565274
203646 1 22 8 2 5 0 0 0 0  aaaa99995889a9864989aaa378877374585756a264676
203714 1 22 8 4 4 1 0 0 0  aaaa99994889a9844989aaa378877357686765a657625
203716 1 22 8 4 4 2 0 0 0  aaaa99995889a9845989aaa578877547686764a637623
203738 1 22 8 5 2 1 0 0 0  aaaa99995889a9863989aaa378877277484666a555476
203744 1 22 8 5 3 1 0 0 0  aaaa99995889a9844989aaa478877377683666a256575
203746 1 22 8 5 3 2 0 0 0  aaaa99995889a9845989aaa578877577682666a446373
203750 1 22 8 5 4 1 0 0 0  aaaa99995889a9844989aaa478877377683625a666575
203752 1 22 8 5 4 2 0 0 0  aaaa99995889a9845989aaa578877577682644a666373
203756 1 22 8 5 5 1 0 0 0  aaaa99995889a9863989aaa378877277484546a565676
203796 1 22 8 7 0 0 0 0 0  aaaa99995889a9874989aaa378877376682656a744565
203798 1 22 8 7 0 1 0 0 0  aaaa99995889a9875989aaa378877376682646a755464
203804 1 22 8 7 1 1 0 0 0  aaaa99995889a9874989aaa378877376686656a744552
203814 1 22 8 7 3 0 0 0 0  aaaa99995889a9874989aaa378877376686645a755642
203816 1 22 8 7 3 1 0 0 0  aaaa99995889a9874989aaa378877376686645a752645
203862 1 22 8 8 5 0 0 0 0  aaaa99995889a9864989aaa378877775485526a763646
203982 1 22 9 1 1 0 0 0 0  aaaa99995889a9874989aaa378776376686557a865442
203984 1 22 9 1 1 1 0 0 0  aaaa99995889a9874989aaa378776376686457a864552
203990 1 22 9 1 2 1 0 0 0  aaaa99995889a9874989aaa378774476686657a863552
204002 1 22 9 1 4 1 0 0 0  aaaa99995889a9874989aaa378774476683657a866552
204038 1 22 9 2 4 1 0 0 0  aaaa99994889a9853989aaa378774476682567a857665
204040 1 22 9 2 4 2 0 0 0  aaaa99995889a9845989aaa578773576682467a847663
204042 1 22 9 2 5 0 0 0 0  aaaa99995889a9864989aaa378776375485527a867646
204115 1 22 9 4 5 0 1 0 0  aaaa99997889a9867989aaa478776455387256a865634
204118 1 22 9 4 5 2 0 0 0  aaaa99997889a9867989aaa578776534487436a865652
204140 1 22 9 5 3 1 0 0 0  aaaa99994889a9853989aaa378774476587666a872565
204142 1 22 9 5 3 2 0 0 0  aaaa99995889a9845989aaa578773576487666a872463
204150 1 22 9 5 5 0 0 0 0  aaaa99995889a9863989aaa378776275587446a875646
204176 1 22 9 6 3 1 0 0 0  aaaa99994889a9853989aaa378777276587666a844565
204178 1 22 9 6 3 2 0 0 0  aaaa99995889a9845989aaa578777576387666a844362
204186 1 22 9 6 5 0 0 0 0  aaaa99995889a9863989aaa378777275587446a865646
204200 1 22 9 7 1 1 0 0 0  aaaa99994889a9853989aaa378774476686656a872575
204202 1 22 9 7 1 2 0 0 0  aaaa99995889a9845989aaa578773576686646a872473
204212 1 22 9 7 3 1 0 0 0  aaaa99994889a9853989aaa378774476686655a872675
204214 1 22 9 7 3 2 0 0 0  aaaa99995889a9845989aaa578773576686644a872673
204216 1 22 9 7 4 0 0 0 0  aaaa99995889a9866989aaa478776374585256a874673
204218 1 22 9 7 4 1 0 0 0  aaaa99994889a9866989aaa378776375585456a874672
204222 1 22 9 7 5 0 0 0 0  aaaa99995889a9864989aaa378776374585256a874676
204224 1 22 9 7 5 1 0 0 0  aaaa99994889a9863989aaa378776275585456a874676
204254 1 22 9 8 4 1 0 0 0  aaaa99995889a9844989aaa478777376683265a857665
204256 1 22 9 8 4 2 0 0 0  aaaa99995889a9845989aaa578777576682464a837663
204258 1 22 9 8 5 0 0 0 0  aaaa99995889a9864989aaa378777375485526a867646
204294 1 22 9 9 5 0 0 0 0  aaaa99995889a9864989aaa378777775485526a863646
204312 1 22 9 10 2 0 0 0 0  aaaa99995889a9873989aaa368667265586447a875747
204318 1 22 9 10 3 0 0 0 0  aaaa99995889a9874989aaa368667365485527a876747
204324 1 22 9 10 4 0 0 0 0  aaaa99995889a9874989aaa368667665485527a873747
204330 1 22 9 10 5 0 0 0 0  aaaa99995889a9874989aaa368547566686527a873747
204390 1 22 10 1 3 0 0 0 0  aaaa99995889a9883989aaa378776278666467a455547
204392 1 22 10 1 3 1 0 0 0  aaaa99994889a9883989aaa378776278666567a455547
204422 1 22 10 2 2 1 0 0 0  aaaa99994889a9883989aaa378775278666567a657445
204424 1 22 10 2 2 2 0 0 0  aaaa99995889a9885989aaa578774578666467a647332
204426 1 22 10 2 3 0 0 0 0  aaaa99995889a9884989aaa378776378666567a547254
204434 1 22 10 2 4 1 0 0 0  aaaa99994889a9883989aaa378774478656567a657625
204436 1 22 10 2 4 2 0 0 0  aaaa99995889a9885989aaa578774578636467a647623
204440 1 22 10 2 5 1 0 0 0  aaaa99994889a9883989aaa378775278644567a657665
204442 1 22 10 2 5 2 0 0 0  aaaa99995889a9885989aaa578774578644367a637662
204530 1 22 10 5 2 1 0 0 0  aaaa99995889a9884989aaa378774478673666a257565
204532 1 22 10 5 2 2 0 0 0  aaaa99995889a9885989aaa578774578672666a447363
204542 1 22 10 5 4 1 0 0 0  aaaa99995889a9884989aaa378774478676265a657635
204544 1 22 10 5 4 2 0 0 0  aaaa99995889a9885989aaa578774578676464a637623
204548 1 22 10 5 5 1 0 0 0  aaaa99995889a9884989aaa378774478673265a657665
204550 1 22 10 5 5 2 0 0 0  aaaa99995889a9885989aaa578774578672464a637663
204552 1 22 10 6 0 0 0 0 0  aaaa99995889a9884989aaa378777378667665a455246
204606 1 22 10 7 3 0 0 0 0  aaaa99995889a9883989aaa378776278666565a475474
204620 1 22 10 7 5 1 0 0 0  aaaa99995889a9883989aaa378776278464546a575676
204624 1 22 10 8 0 0 0 0 0  aaaa99996889a9885989aaa378777378662446a557465
204626 1 22 10 8 0 1 0 0 0  aaaa99995889a9885989aaa378777378662664a447556
204638 1 22 10 8 2 1 0 0 0  aaaa99995889a9884989aaa378777378666265a657445
204640 1 22 10 8 2 2 0 0 0  aaaa99995889a9885989aaa578777578666464a637423
204648 1 22 10 8 4 0 0 0 0  aaaa99995889a9884989aaa378777378655266a657464
204650 1 22 10 8 4 1 0 0 0  aaaa99995889a9885989aaa378777378646465a647625
204652 1 22 10 8 4 2 0 0 0  aaaa99995889a9885989aaa578777578646464a637623
204656 1 22 10 8 5 1 0 0 0  aaaa99995889a9884989aaa378777378644265a657665
204658 1 22 10 8 5 2 0 0 0  aaaa99995889a9885989aaa578777578644364a637662
204660 1 22 10 9 0 0 0 0 0  aaaa99995889a9884989aaa378777778663665a455246
204698 1 22 10 10 0 1 0 0 0  aaaa99994889a9883989aaa368675268744576a756775
204700 1 22 10 10 0 2 0 0 0  aaaa99995889a9885989aaa568674568744376a736772
204716 1 22 10 10 3 1 0 0 0  aaaa99995889a9884989aaa368676368744275a756775
204718 1 22 10 10 3 2 0 0 0  aaaa99995889a9885989aaa568676568744374a736772
204726 1 22 10 10 5 0 0 0 0  aaaa99995889a9884989aaa358476558763276a764776
204770 1 22 11 1 0 1 0 0 0  aaaa99994889a9888989aaa377766385762665a455747
204772 1 22 11 1 0 2 0 0 0  aaaa99995889a9888989aaa577766584765662a433747
204780 1 22 11 1 2 0 0 0 0  aaaa99995889a9888989aaa377766685745562a644737
204790 1 22 11 1 3 2 0 0 0  aaaa99994889a9888989aaa377766685763562a455747
204792 1 22 11 1 4 0 0 0 0  aaaa99995889a9888989aaa377745586756644a663727
204794 1 22 11 1 4 1 0 0 0  aaaa99993889a9888989aaa377755586756644a662747
204798 1 22 11 1 5 0 0 0 0  aaaa99994889a9888989aaa377755386744625a666757
205134 1 22 12 0 1 0 0 0 0  aaaa99995889a9884989aaa377664688763755a267754
205142 1 22 12 0 2 1 0 0 0  aaaa99994889a9883989aaa377666288744765a557765
205144 1 22 12 0 2 2 0 0 0  aaaa99995889a9885989aaa577666588744764a337762
205164 1 22 12 1 0 0 0 0 0  aaaa99995889a9884989aaa377766388762665a455747
205166 1 22 12 1 0 1 0 0 0  aaaa99995889a9885989aaa477766388763662a455747
205172 1 22 12 1 1 1 0 0 0  aaaa99994889a9883989aaa377766688744665a555727
205178 1 22 12 1 2 1 0 0 0  aaaa99995889a9883989aaa377766688744564a655727
205184 1 22 12 1 3 1 0 0 0  aaaa99995889a9884989aaa377766688763562a455747
205186 1 22 12 1 3 2 0 0 0  aaaa99995889a9885989aaa577766688765464a433727
205226 1 22 12 2 4 1 0 0 0  aaaa99994889a9883989aaa377765288744657a666575
205228 1 22 12 2 4 2 0 0 0  aaaa99995889a9885989aaa577764588744637a666372
205232 1 22 12 2 5 1 0 0 0  aaaa99995889a9883989aaa377746488762547a565676
205250 1 22 12 3 2 1 0 0 0  aaaa99995889a9883989aaa377774488672666a555467
205256 1 22 12 3 3 1 0 0 0  aaaa99995889a9883989aaa377774488672666a546557
205262 1 22 12 3 4 1 0 0 0  aaaa99995889a9883989aaa377774488672654a666557
205268 1 22 12 3 5 1 0 0 0  aaaa99995889a9883989aaa377774488672564a655667
205272 1 22 12 4 0 0 0 0 0  aaaa99995889a9884989aaa377766388755665a424776
205274 1 22 12 4 0 1 0 0 0  aaaa99995889a9884989aaa377766388762664a555774
205298 1 22 12 4 4 1 0 0 0  aaaa99994889a9883989aaa377765288744655a666775
205300 1 22 12 4 4 2 0 0 0  aaaa99995889a9885989aaa577764588744633a666772
205304 1 22 12 4 5 1 0 0 0  aaaa99995889a9883989aaa377746488762546a565776
205394 1 22 12 7 2 1 0 0 0  aaaa99994889a9883989aaa377766688752567a657445
205396 1 22 12 7 2 2 0 0 0  aaaa99995889a9885989aaa577766688745467a647332
205398 1 22 12 7 3 0 0 0 0  aaaa99995889a9884989aaa377766688763567a547254
205406 1 22 12 7 4 1 0 0 0  aaaa99994889a9883989aaa377765688744567a657625
205408 1 22 12 7 4 2 0 0 0  aaaa99995889a9885989aaa577764688735467a647623
205412 1 22 12 7 5 1 0 0 0  aaaa99994889a9883989aaa377765288744567a657665
205414 1 22 12 7 5 2 0 0 0  aaaa99995889a9885989aaa577764588744367a637662
205430 1 22 12 8 2 1 0 0 0  aaaa99994889a9883989aaa377774488657657a662565
205432 1 22 12 8 2 2 0 0 0  aaaa99995889a9885989aaa577774588637647a662463
205452 1 22 12 9 0 0 0 0 0  aaaa99995889a9884989aaa377777388667665a455246
205488 1 22 12 10 0 0 0 0 0  aaaa99995889a9884989aaa377777788663665a455246
205562 1 22 13 1 0 1 0 0 0  aaaa99994889a9883989aaa877766385762665a455747
205564 1 22 13 1 0 2 0 0 0  aaaa99995889a9885989aaa877766584765662a433747
205572 1 22 13 1 2 0 0 0 0  aaaa99995889a9883989aaa877766685745562a644737
205582 1 22 13 1 3 2 0 0 0  aaaa99994889a9883989aaa877766685763562a455747
205584 1 22 13 1 4 0 0 0 0  aaaa99995889a9883989aaa877745586756644a663727
205586 1 22 13 1 4 1 0 0 0  aaaa99993889a9883989aaa877755586756644a662747
205590 1 22 13 1 5 0 0 0 0  aaaa99994889a9883989aaa877755386744625a666757
206010 1 22 14 2 3 0 0 0 0  aaaa99995889a9884979aaa388877766763567a546254
206064 1 22 14 4 0 0 0 0 0  aaaa99995889a9884979aaa388877776763665a455246
206138 1 22 14 6 0 1 0 0 0  aaaa99995889a9884979aaa388866377567677a644552
206244 1 22 14 9 0 0 0 0 0  aaaa99995889a9884979aaa788866377773665a455246
206280 1 22 14 10 0 0 0 0 0  aaaa99995889a9884979aaa388866377777665a455246
206368 1 22 15 1 2 2 0 0 0  aaaa99994889a9844989aaa878877376663765a257565
206398 1 22 15 2 1 2 0 0 0  aaaa99996889a9853989aaa878877376662745a446575
206410 1 22 15 2 3 2 0 0 0  aaaa99994889a9844989aaa878877376663765a256575
206418 1 22 15 2 5 0 0 0 0  aaaa99995889a9864989aaa878877374565756a264673
206476 1 22 15 4 2 2 0 0 0  aaaa99994889a9844989aaa878877367663725a657565
206524 1 22 15 5 4 2 0 0 0  aaaa99994889a9853989aaa878877377644625a666575
206528 1 22 15 5 5 1 0 0 0  aaaa99995889a9863989aaa878877377464546a565672
206570 1 22 15 7 0 1 0 0 0  aaaa99994889a9873989aaa878877376652656a744565
206572 1 22 15 7 0 2 0 0 0  aaaa99995889a9875989aaa878877576645636a744362
206588 1 22 15 7 3 1 0 0 0  aaaa99995889a9874989aaa878877376663625a744565
206590 1 22 15 7 3 2 0 0 0  aaaa99995889a9875989aaa878877576665644a742363
206598 1 22 15 7 5 0 0 0 0  aaaa99995889a9874989aaa878877375465526a763646
206626 1 22 15 8 3 2 0 0 0  aaaa99994889a9853989aaa878877776663625a744565
206634 1 22 15 8 5 0 0 0 0  aaaa99995889a9864989aaa878877775465526a763643
206735 1 22 16 0 3 2 1 0 0  aaaa99994889a9877989aaa868767676357265a854534
206768 1 22 16 1 3 1 0 0 0  aaaa99994889a9873989aaa878775376662657a844565
206770 1 22 16 1 3 2 0 0 0  aaaa99995889a9875989aaa878774576665637a844362
206778 1 22 16 1 5 0 0 0 0  aaaa99995889a9874989aaa878776375465527a863646
206806 1 22 16 2 3 2 0 0 0  aaaa99994889a9853989aaa878774476663627a857565
206814 1 22 16 2 5 0 0 0 0  aaaa99995889a9864989aaa878776375465527a867643
206851 1 22 16 3 5 0 1 0 0  aaaa99997889a9864989aaa878777455367256a865634
206854 1 22 16 3 5 2 0 0 0  aaaa99997889a9865989aaa878777534467436a865652
206863 1 22 16 4 1 0 1 0 0  aaaa99995889a9874989aaa878775566376267a854634
206875 1 22 16 4 3 0 1 0 0  aaaa99995889a9874989aaa878775566376267a864534
206920 1 22 16 5 4 2 0 0 0  aaaa99994889a9853989aaa878774476673265a857665
206922 1 22 16 5 5 0 0 0 0  aaaa99995889a9864989aaa878776375475526a867643
206950 1 22 16 6 3 2 0 0 0  aaaa99994889a9853989aaa878777376667625a844565
206958 1 22 16 6 5 0 0 0 0  aaaa99995889a9863989aaa878777375567446a865642
206974 1 22 16 7 1 2 0 0 0  aaaa99996889a9853989aaa878775376662445a876475
206980 1 22 16 7 2 2 0 0 0  aaaa99994889a9853989aaa878774476663625a876575
206986 1 22 16 7 3 2 0 0 0  aaaa99994889a9853989aaa878774476663265a876575
206992 1 22 16 7 4 2 0 0 0  aaaa99994889a9853989aaa878774476666625a873575
206994 1 22 16 7 5 0 0 0 0  aaaa99995889a9864989aaa878776374565256a874673
206996 1 22 16 7 5 1 0 0 0  aaaa99994889a9863989aaa878776375565456a874672
207022 1 22 16 8 3 2 0 0 0  aaaa99994889a9844989aaa878777376663625a857565
207030 1 22 16 8 5 0 0 0 0  aaaa99995889a9864989aaa878777375465526a867643
207058 1 22 16 9 3 2 0 0 0  aaaa99994889a9853989aaa878777776663625a844565
207066 1 22 16 9 5 0 0 0 0  aaaa99995889a9864989aaa878777775465526a863643
207094 1 22 16 10 3 2 0 0 0  aaaa99994889a9853989aaa878666377777625a844565
207102 1 22 16 10 5 0 0 0 0  aaaa99995889a9864989aaa878546577777526a863643
207108 1 22 17 0 0 0 0 0 0  aaaa99994889a9883989aaa878766375646557a762574
207126 1 22 17 0 3 0 0 0 0  aaaa99995889a9883989aaa878766675645547a763472
207202 1 22 17 2 3 2 0 0 0  aaaa99995889a9885989aaa878773576665647a447362
207267 1 22 17 4 2 1 1 0 0  aaaa99994889a9884989aaa878773366674557a266557
207269 1 22 17 4 2 2 1 0 0  aaaa99994889a9884989aaa878773366674257a566557
207370 1 22 17 7 1 2 0 0 0  aaaa99996889a9885989aaa878772576665434a476375
207376 1 22 17 7 2 2 0 0 0  aaaa99995889a9885989aaa878773576665644a476372
207380 1 22 17 7 3 1 0 0 0  aaaa99994889a9883989aaa878774476663565a276575
207382 1 22 17 7 3 2 0 0 0  aaaa99995889a9885989aaa878773576665464a476372
207390 1 22 17 7 5 0 0 0 0  aaaa99995889a9883989aaa878776375465526a474676
207400 1 22 17 8 0 2 0 0 0  aaaa99995889a9885989aaa878777576635646a447362
207414 1 22 17 8 3 0 0 0 0  aaaa99995889a9883989aaa878777376662654a447565
207416 1 22 17 8 3 1 0 0 0  aaaa99995889a9883989aaa878777376662645a447565
207418 1 22 17 8 3 2 0 0 0  aaaa99995889a9885989aaa878777576665644a437362
207426 1 22 17 8 5 0 0 0 0  aaaa99995889a9884989aaa878777275645563a637664
207648 1 22 18 4 0 0 0 0 0  aaaa99995889a9888979aaa488777377663665a455246
207912 1 22 19 0 2 0 0 0 0  aaaa99995889a9884989aaa378766675465576a873247
207918 1 22 19 0 3 0 0 0 0  aaaa99995889a9883989aaa378766675645576a872447
207924 1 22 19 0 4 0 0 0 0  aaaa99995889a9884989aaa378745576666675a873247
207950 1 22 19 1 2 1 0 0 0  aaaa99994889a9883989aaa378774476662657a856557
207954 1 22 19 1 3 0 0 0 0  aaaa99995889a9884989aaa378775576663627a844567
207956 1 22 19 1 3 1 0 0 0  aaaa99995889a9885989aaa378775576663627a844467
207978 1 22 19 2 1 0 0 0 0  aaaa99995889a9884989aaa378776376646557a867254
207992 1 22 19 2 3 1 0 0 0  aaaa99994889a9883989aaa378774476662657a857565
207994 1 22 19 2 3 2 0 0 0  aaaa99995889a9885989aaa578774576662647a837463
208002 1 22 19 2 5 0 0 0 0  aaaa99995889a9884989aaa378776375465527a867646
208014 1 22 19 3 1 0 0 0 0  aaaa99997889a9884989aaa378777366657556a852446
208061 1 22 19 4 2 2 1 0 0  aaaa99995889a9885989aaa578773366675247a866447
208079 1 22 19 4 5 2 1 0 0  aaaa99996889a9886989aaa678773625476547a855347
208106 1 22 19 5 4 1 0 0 0  aaaa99995889a9884989aaa378774476673265a857665
208108 1 22 19 5 4 2 0 0 0  aaaa99995889a9885989aaa578774576672464a837663
208110 1 22 19 5 5 0 0 0 0  aaaa99995889a9884989aaa378776375475526a867646
208118 1 22 19 6 0 1 0 0 0  aaaa99994889a9883989aaa378777276657656a844565
208120 1 22 19 6 0 2 0 0 0  aaaa99995889a9885989aaa578777576647636a844362
208136 1 22 19 6 3 1 0 0 0  aaaa99995889a9884989aaa378777376667625a844565
208138 1 22 19 6 3 2 0 0 0  aaaa99995889a9885989aaa578777576667644a842363
208146 1 22 19 6 5 0 0 0 0  aaaa99995889a9883989aaa378777275567446a865646
208162 1 22 19 7 1 2 0 0 0  aaaa99996889a9885989aaa578773576665443a876472
208166 1 22 19 7 2 1 0 0 0  aaaa99995889a9884989aaa378774476663625a876575
208168 1 22 19 7 2 2 0 0 0  aaaa99995889a9885989aaa578774576662644a876373
208172 1 22 19 7 3 1 0 0 0  aaaa99994889a9883989aaa378774476662565a876575
208174 1 22 19 7 3 2 0 0 0  aaaa99995889a9885989aaa578774576662464a876373
208178 1 22 19 7 4 1 0 0 0  aaaa99995889a9884989aaa378774476666625a873575
208180 1 22 19 7 4 2 0 0 0  aaaa99995889a9885989aaa578774576666644a872373
208182 1 22 19 7 5 0 0 0 0  aaaa99995889a9884989aaa378776374565256a874676
208184 1 22 19 7 5 1 0 0 0  aaaa99994889a9883989aaa378776275565456a874676
208190 1 22 19 8 0 1 0 0 0  aaaa99994889a9883989aaa378777276644656a857565
208192 1 22 19 8 0 2 0 0 0  aaaa99995889a9885989aaa578777576644636a847362
208206 1 22 19 8 3 0 0 0 0  aaaa99994889a9883989aaa378777276656655a847654
208208 1 22 19 8 3 1 0 0 0  aaaa99995889a9885989aaa378777376662645a847465
208210 1 22 19 8 3 2 0 0 0  aaaa99995889a9885989aaa578777576662644a847363
208218 1 22 19 8 5 0 0 0 0  aaaa99995889a9884989aaa378777375465526a867646
208226 1 22 19 9 0 1 0 0 0  aaaa99994889a9883989aaa378777776652656a844565
208228 1 22 19 9 0 2 0 0 0  aaaa99995889a9885989aaa578777776645636a844362
208244 1 22 19 9 3 1 0 0 0  aaaa99995889a9884989aaa378777776663625a844565
208246 1 22 19 9 3 2 0 0 0  aaaa99995889a9885989aaa578777776665644a842363
208254 1 22 19 9 5 0 0 0 0  aaaa99995889a9884989aaa378777775465526a863646
208262 1 22 19 10 0 1 0 0 0  aaaa99994889a9883989aaa378665277777656a844565
208264 1 22 19 10 0 2 0 0 0  aaaa99995889a9885989aaa578664577777636a844362
208280 1 22 19 10 3 1 0 0 0  aaaa99995889a9884989aaa378666377777625a844565
208282 1 22 19 10 3 2 0 0 0  aaaa99995889a9885989aaa578666577777644a842363
208290 1 22 19 10 5 0 0 0 0  aaaa99995889a9884989aaa378546577777526a863646
208296 1 22 20 0 0 0 0 0 0  aaaa99994889a9888989aaa378766375646557a762574
208314 1 22 20 0 3 0 0 0 0  aaaa99995889a9888989aaa378766675645547a763472
208390 1 22 20 2 3 2 0 0 0  aaaa99995889a9888989aaa578773576665647a447362
208455 1 22 20 4 2 1 1 0 0  aaaa99994889a9888989aaa478773366674557a266557
208457 1 22 20 4 2 2 1 0 0  aaaa99994889a9888989aaa478773366674257a566557
208558 1 22 20 7 1 2 0 0 0  aaaa99996889a9888989aaa578772576665434a476375
208564 1 22 20 7 2 2 0 0 0  aaaa99995889a9888989aaa578773576665644a476372
208568 1 22 20 7 3 1 0 0 0  aaaa99994889a9888989aaa378774476663565a276575
208570 1 22 20 7 3 2 0 0 0  aaaa99995889a9888989aaa578773576665464a476372
208578 1 22 20 7 5 0 0 0 0  aaaa99995889a9888989aaa378776375465526a474676
208588 1 22 20 8 0 2 0 0 0  aaaa99995889a9888989aaa578777576635646a447362
208602 1 22 20 8 3 0 0 0 0  aaaa99995889a9888989aaa378777376662654a447565
208604 1 22 20 8 3 1 0 0 0  aaaa99995889a9888989aaa378777376662645a447565
208606 1 22 20 8 3 2 0 0 0  aaaa99995889a9888989aaa578777576665644a437362
208614 1 22 20 8 5 0 0 0 0  aaaa99995889a9888989aaa478777275645563a637664
208694 1 22 21 0 0 1 0 0 0  aaaa99995889a9774979aaa388888366752767a464565
208704 1 22 21 0 2 0 0 0 0  aaaa99996889a9776979aaa488888366756757a553442
208706 1 22 21 0 2 1 0 0 0  aaaa99995889a9774979aaa388888366762757a646554
208782 1 22 21 2 3 0 0 0 0  aaaa99995889a9777979aaa488888366763567a546254
208836 1 22 21 4 0 0 0 0 0  aaaa99995889a9777979aaa488888376763665a455246
208910 1 22 21 6 0 1 0 0 0  aaaa99995889a9664979aaa388888377567677a644552
209016 1 22 21 9 0 0 0 0 0  aaaa99995889a9664979aaa788888377773665a455246
209052 1 22 21 10 0 0 0 0 0  aaaa99995889a9664979aaa388888377777665a455246
209126 1 22 22 1 0 1 0 0 0  aaaa99994789a9773979aaa388888876644765a562556
209232 1 22 22 4 0 0 0 0 0  aaaa99995789a9774979aaa388888877663665a455246
209341 1 22 22 7 0 0 1 0 0  aaaa99995789a9774979aaa488888866525376a673546
209412 1 22 22 9 0 0 0 0 0  aaaa99995789a9664979aaa388888877773665a455246
209522 1 23 0 1 0 1 0 0 0  aaaa99999998a8777289aaa878876675664555a346384
209523 1 23 0 1 0 1 1 0 0  aaaa99999998a8777289aaa878876675665534a546384
209524 1 23 0 1 0 2 0 0 0  aaaa99999998a8777289aaa878876675664534a556384
209525 1 23 0 1 0 2 1 0 0  aaaa99999998a8777289aaa878876675436646a555483
209650 1 23 0 4 3 2 0 0 0  aaaa99999998a8777789aaa878875366653446a256485
209665 1 23 0 5 0 0 1 0 0  aaaa99999998a8777289aaa868876465754567a363584
209694 1 23 0 5 5 0 0 0 0  aaaa99999998a8777289aaa868875566766437a345584
209695 1 23 0 5 5 0 1 0 0  aaaa99999998a8777489aaa868874466766557a335582
209737 1 23 0 7 0 0 1 0 0  aaaa99999998a8777289aaa868876565475563a467483
209740 1 23 0 7 0 2 0 0 0  aaaa99999998a8777489aaa868876463574652a537586
209741 1 23 0 7 0 2 1 0 0  aaaa99999998a8777289aaa868874663573654a547586
209771 1 23 0 7 5 2 1 0 0  aaaa99999998a8777389aaa868875366676245a457485
209782 1 23 0 8 1 2 0 0 0  aaaa99999998a8756789aaa878877376663445a256485
209788 1 23 0 8 2 2 0 0 0  aaaa99999998a8753789aaa878877376662645a446585
209794 1 23 0 8 3 2 0 0 0  aaaa99999998a8753789aaa878877376662465a456485
209862 1 23 0 10 3 0 0 0 0  aaaa99999998a8666289aaa878865577777436a345584
209863 1 23 0 10 3 0 1 0 0  aaaa99999998a8666489aaa878864477777556a335582
209879 1 23 0 10 5 2 1 0 0  aaaa99999998a8654289aaa878865477777365a653684
209966 1 23 1 2 2 1 0 0 0  aaaa99999998a8874889aaa378774466673758a566525
210002 1 23 1 3 2 1 0 0 0  aaaa99999998a8857889aaa478777366647258a566534
210004 1 23 1 3 2 2 0 0 0  aaaa99999998a8857889aaa378777366657448a266545
210039 1 23 1 4 2 1 1 0 0  aaaa99999998a8874889aaa478773366674558a266557
210041 1 23 1 4 2 2 1 0 0  aaaa99999998a8874889aaa478773366674258a566557
210142 1 23 1 7 1 2 0 0 0  aaaa99999998a8836889aaa578773576665448a276475
210148 1 23 1 7 2 2 0 0 0  aaaa99999998a8845889aaa578773576665648a276473
210152 1 23 1 7 3 1 0 0 0  aaaa99999998a8854889aaa378774476663268a576575
210154 1 23 1 7 3 2 0 0 0  aaaa99999998a8835889aaa578773576665468a476472
210162 1 23 1 7 5 0 0 0 0  aaaa99999998a8865889aaa378776375465528a474676
210190 1 23 1 8 3 2 0 0 0  aaaa99999998a8835889aaa578777576665648a447362
210330 1 23 2 1 3 0 0 0 0  aaaa99999998a8875889aaa478778376663657a545264
210370 1 23 2 2 3 2 0 0 0  aaaa99999998a8835889aaa578778576665647a447362
210428 1 23 2 4 1 1 0 0 0  aaaa99999998a8874889aaa378778366576567a545624
210434 1 23 2 4 2 1 0 0 0  aaaa99999998a8875889aaa478778366673257a566454
210436 1 23 2 4 2 2 0 0 0  aaaa99999998a8875889aaa578778566675447a366432
210538 1 23 2 7 1 2 0 0 0  aaaa99999998a8826889aaa578778576665434a476375
210544 1 23 2 7 2 2 0 0 0  aaaa99999998a8835889aaa578778576665644a476372
210548 1 23 2 7 3 1 0 0 0  aaaa99999998a8844889aaa478778376663565a276575
210550 1 23 2 7 3 2 0 0 0  aaaa99999998a8835889aaa578778576665464a476372
210558 1 23 2 7 5 0 0 0 0  aaaa99999998a8865889aaa378778375465526a474676
210865 1 23 3 5 2 0 1 0 0  aaaa99999998a8855789aaa877866637753467a644258
210925 1 23 3 7 0 0 1 0 0  aaaa99999998a8866689aaa877876257356537a444578
210943 1 23 3 7 3 0 1 0 0  aaaa99999998a8862689aaa877876657356537a444578
211104 1 23 4 1 0 0 0 0 0  aaaa99999998a8874889aaa877766365753865a465742
211745 1 23 5 7 4 2 1 0 0  aaaa99999998a8854289aaa887775476666865a373574
211747 1 23 5 7 5 0 1 0 0  aaaa99999998a8864389aaa887776375564856a275674
211749 1 23 5 7 5 1 1 0 0  aaaa99999998a8864289aaa887776475565856a373674
211750 1 23 5 7 5 2 0 0 0  aaaa99999998a8865289aaa887776574465836a374675
211751 1 23 5 7 5 2 1 0 0  aaaa99999998a8865289aaa887776574365836a474675
211954 1 23 6 2 3 2 0 0 0  aaaa99999998a8854789aaa878875376663627a744565
211962 1 23 6 2 5 0 0 0 0  aaaa99999998a8865789aaa878876475465527a763643
212115 1 23 6 7 0 1 1 0 0  aaaa99999998a8874389aaa878877376655626a754564
212117 1 23 6 7 0 2 1 0 0  aaaa99999998a8874389aaa878877376654626a754565
212133 1 23 6 7 3 1 1 0 0  aaaa99999998a8874389aaa878877376664655a754265
212135 1 23 6 7 3 2 1 0 0  aaaa99999998a8874389aaa878877376664625a754565
212143 1 23 6 7 5 0 1 0 0  aaaa99999998a8874389aaa878877375564526a764656
212170 1 23 6 8 3 2 0 0 0  aaaa99999998a8854789aaa878877376663625a744565
212178 1 23 6 8 5 0 0 0 0  aaaa99999998a8865789aaa878877475465526a763643
212255 1 23 6 10 5 2 1 0 0  aaaa99999998a8854289aaa878865477777365a653664
212256 1 23 7 0 0 0 0 0 0  aaaa99999998a8884889aaa378766375646557a762574
212274 1 23 7 0 3 0 0 0 0  aaaa99999998a8885889aaa378766675645547a763472
212350 1 23 7 2 3 2 0 0 0  aaaa99999998a8885889aaa578773576665647a447362
212415 1 23 7 4 2 1 1 0 0  aaaa99999998a8884889aaa478773366674557a266557
212417 1 23 7 4 2 2 1 0 0  aaaa99999998a8884889aaa478773366674257a566557
212518 1 23 7 7 1 2 0 0 0  aaaa99999998a8886889aaa578772576665434a476375
212524 1 23 7 7 2 2 0 0 0  aaaa99999998a8885889aaa578773576665644a476372
212528 1 23 7 7 3 1 0 0 0  aaaa99999998a8884889aaa378774476663565a276575
212530 1 23 7 7 3 2 0 0 0  aaaa99999998a8885889aaa578773576665464a476372
212538 1 23 7 7 5 0 0 0 0  aaaa99999998a8885889aaa378776375465526a474676
212548 1 23 7 8 0 2 0 0 0  aaaa99999998a8885889aaa578777576635646a447362
212562 1 23 7 8 3 0 0 0 0  aaaa99999998a8885889aaa378777376662654a447565
212564 1 23 7 8 3 1 0 0 0  aaaa99999998a8885889aaa378777376662645a447565
212566 1 23 7 8 3 2 0 0 0  aaaa99999998a8885889aaa578777576665644a437362
212574 1 23 7 8 5 0 0 0 0  aaaa99999998a8885889aaa478777275645563a637664
212776 1 23 8 3 2 2 0 0 0  aaaa99999998a8854789aaa877874467663825a673565
212896 1 23 8 6 4 2 0 0 0  aaaa99999998a8854789aaa877875327676865a644635
212933 1 23 8 7 4 2 1 0 0  aaaa99999998a8854389aaa877875367666827a654574
212937 1 23 8 7 5 1 1 0 0  aaaa99999998a8864389aaa877876357565827a564674
212938 1 23 8 7 5 2 0 0 0  aaaa99999998a8865289aaa877876537465837a464675
212939 1 23 8 7 5 2 1 0 0  aaaa99999998a8865289aaa877876547464837a365675
212956 1 23 8 8 2 2 0 0 0  aaaa99999998a8854789aaa877875367663827a644565
212992 1 23 8 9 2 2 0 0 0  aaaa99999998a8854789aaa877877367663825a644565
213329 1 23 9 7 4 2 1 0 0  aaaa99999998a8854289aaa877875467666687a353574
213333 1 23 9 7 5 1 1 0 0  aaaa99999998a8864289aaa877876457565587a363674
213334 1 23 9 7 5 2 0 0 0  aaaa99999998a8865289aaa877876547465487a363675
213335 1 23 9 7 5 2 1 0 0  aaaa99999998a8865289aaa877876537365487a464675
213445 1 23 10 0 0 0 1 0 0  aaaa99999998a8884289aaa877866457656576a373574
213449 1 23 10 0 0 2 1 0 0  aaaa99999998a8885289aaa877866567645374a375476
214662 1 23 13 0 5 0 0 0 0  aaaa99999998a8885289aaa887756574573446a763676
214663 1 23 13 0 5 0 1 0 0  aaaa99999998a8885289aaa887756574474356a763676
216103 1 23 16 7 5 0 1 0 0  aaaa99999998a8865789aaa787756572564836a764834
216233 1 23 17 0 2 2 1 0 0  aaaa99999998a8884789aaa787666427657875a353564
216239 1 23 17 0 3 2 1 0 0  aaaa99999998a8884789aaa787666427657875a356534
216245 1 23 17 0 4 2 1 0 0  aaaa99999998a8884789aaa787666627657875a354534
216251 1 23 17 0 5 2 1 0 0  aaaa99999998a8884789aaa787365427657875a653664
216617 1 23 18 0 0 2 1 0 0  aaaa99999998a8888789aaa787665426767765a354534
216635 1 23 18 0 3 2 1 0 0  aaaa99999998a8888789aaa787666426757765a354534
217043 1 23 19 0 5 2 1 0 0  aaaa99999998a8885789aaa773846572465386a767645
217073 1 23 19 1 4 2 1 0 0  aaaa99999998a8884789aaa777835466656286a757534
217079 1 23 19 1 5 2 1 0 0  aaaa99999998a8884789aaa777835466666285a757534
217190 1 23 19 5 0 1 0 0 0  aaaa99999998a8884789aaa777866357763685a652445
217409 1 23 20 0 0 2 1 0 0  aaaa99999998a8888789aaa776865472654635a767534
217427 1 23 20 0 3 2 1 0 0  aaaa99999998a8888789aaa776866472654635a757534
217800 1 23 21 0 0 0 0 0 0  aaaa99999997a7665869aaa888888375645547a763472
217819 1 23 21 0 3 0 1 0 0  aaaa99999997a7666839aaa888888475653527a764574
217909 1 23 21 3 0 0 1 0 0  aaaa99999997a7774839aaa888888766357565a564264
218735 1 24 0 3 5 2 1 0 0  aaaa99998989a8657829aaa879777488657365a653644
218771 1 24 0 4 5 2 1 0 0  aaaa99998989a8777829aaa879775488654365a653664
218779 1 24 0 5 1 0 1 0 0  aaaa99998989a8777829aaa869676488756557a354364
218781 1 24 0 5 1 1 1 0 0  aaaa99998989a8777829aaa869676488756537a554364
218783 1 24 0 5 1 2 1 0 0  aaaa99998989a8777829aaa869676488754667a354535
218908 1 24 0 8 4 2 0 0 0  aaaa99998989a8664879aaa879777388653765a652445
218914 1 24 0 8 5 2 0 0 0  aaaa99998989a8654879aaa879777388653765a644625
218963 1 24 0 10 1 2 1 0 0  aaaa99998989a8756829aaa869676488756375a753744
218974 1 24 0 10 3 2 0 0 0  aaaa99998989a8754869aaa869676388753675a744725
218982 1 24 0 10 5 0 0 0 0  aaaa99998989a8765859aaa859476588764276a764733
218987 1 24 0 10 5 2 1 0 0  aaaa99998989a8765839aaa839476588765476a764752
219050 1 24 1 1 4 1 0 0 0  aaaa99994989a8877889aaa379774486576658a663525
219064 1 24 1 2 0 2 0 0 0  aaaa99996989a8874889aaa379776686573758a562454
219068 1 24 1 2 1 1 0 0 0  aaaa99995989a8874889aaa379776386676758a562454
219070 1 24 1 2 1 2 0 0 0  aaaa99995989a8875889aaa579776586676748a464332
219074 1 24 1 2 2 1 0 0 0  aaaa99995989a8874889aaa379774486676768a555632
219080 1 24 1 2 3 1 0 0 0  aaaa99995989a8874889aaa379774486676768a563552
219086 1 24 1 2 4 1 0 0 0  aaaa99995989a8874889aaa379774486573768a666552
219092 1 24 1 2 5 1 0 0 0  aaaa99995989a8874889aaa379774485673768a655662
219158 1 24 1 4 4 1 0 0 0  aaaa99995989a8873889aaa379774486576658a662457
219182 1 24 1 5 2 1 0 0 0  aaaa99994989a8853889aaa379774486577768a662565
219184 1 24 1 5 2 2 0 0 0  aaaa99995989a8845889aaa579773586477768a662463
219188 1 24 1 5 3 1 0 0 0  aaaa99994989a8863889aaa379774486677758a566525
219210 1 24 1 6 1 0 0 0 0  aaaa99995989a8864889aaa379777386626758a467545
219212 1 24 1 6 1 1 0 0 0  aaaa99995989a8864889aaa379777386646758a567254
219218 1 24 1 6 2 1 0 0 0  aaaa99995989a8844889aaa479777386663768a257565
219220 1 24 1 6 2 2 0 0 0  aaaa99995989a8845889aaa579777586662768a447363
219270 1 24 1 7 5 0 0 0 0  aaaa99995989a8864889aaa379776384575758a264676
219472 1 24 2 2 2 2 0 0 0  aaaa99997989a8854889aaa379774486287765a663565
219578 1 24 2 5 2 1 0 0 0  aaaa99995989a8854889aaa379767386787765a662445
219580 1 24 2 5 2 2 0 0 0  aaaa99995989a8845889aaa579767586787763a662443
219626 1 24 2 6 4 1 0 0 0  aaaa99994989a8844889aaa379777385686765a657625
219628 1 24 2 6 4 2 0 0 0  aaaa99995989a8845889aaa579777584686763a647623
219650 1 24 2 7 2 1 0 0 0  aaaa99995989a8854889aaa379774486287765a663765
219652 1 24 2 7 2 2 0 0 0  aaaa99995989a8845889aaa579773586287763a664764
219686 1 24 2 8 2 1 0 0 0  aaaa99994989a8844889aaa379777386587765a662565
219688 1 24 2 8 2 2 0 0 0  aaaa99995989a8845889aaa579777586487763a662463
219868 1 24 3 2 2 2 0 0 0  aaaa99998989a8854869aaa879775378663267a657445
219883 1 24 3 2 5 0 1 0 0  aaaa99998989a8855839aaa879774578653267a647664
219887 1 24 3 2 5 2 1 0 0  aaaa99998989a8854839aaa879775478653267a657664
219892 1 24 3 3 0 2 0 0 0  aaaa99998989a8857829aaa879777368657645a446635
220048 1 24 3 7 2 2 0 0 0  aaaa99998989a8854879aaa879775368663725a644765
220084 1 24 3 8 2 2 0 0 0  aaaa99998989a8854879aaa879777368663725a644565
220264 1 24 4 2 2 2 0 0 0  aaaa99994989a8853889aaa879774476663867a257565
220334 1 24 4 4 2 1 0 0 0  aaaa99994989a8873889aaa879774466673857a566525
220384 1 24 4 5 4 2 0 0 0  aaaa99994989a8853889aaa879774472676865a657635
220438 1 24 4 7 1 2 0 0 0  aaaa99996989a8853889aaa879775376662844a476575
220450 1 24 4 7 3 2 0 0 0  aaaa99994989a8853889aaa879774476663865a276575
220458 1 24 4 7 5 0 0 0 0  aaaa99995989a8864889aaa879776374565856a274673
220480 1 24 4 8 2 2 0 0 0  aaaa99994989a8844889aaa879777376663865a257565
220642 1 24 5 1 5 2 0 0 0  aaaa99997989a8854839aaa889777237657865a644665
220660 1 24 5 2 2 2 0 0 0  aaaa99994989a8853879aaa889777367662875a644565
220666 1 24 5 2 3 2 0 0 0  aaaa99994989a8853879aaa889777367656876a652445
220672 1 24 5 2 4 2 0 0 0  aaaa99994989a8853879aaa889777367666875a652445
220674 1 24 5 2 5 0 0 0 0  aaaa99995989a8864879aaa889777347564876a565632
220676 1 24 5 2 5 1 0 0 0  aaaa99995989a8864879aaa889777357565876a464632
220696 1 24 5 3 2 2 0 0 0  aaaa99994989a8853879aaa889777767663825a644565
220724 1 24 5 4 1 1 0 0 0  aaaa99995989a8864879aaa889777377663865a652445
220726 1 24 5 4 1 2 0 0 0  aaaa99995989a8865879aaa889777577665864a644332
220732 1 24 5 4 2 2 0 0 0  aaaa99994989a8853879aaa889777377666865a652445
220744 1 24 5 4 4 2 0 0 0  aaaa99994989a8853879aaa889777377656865a644625
220750 1 24 5 4 5 2 0 0 0  aaaa99994989a8853879aaa889777377652865a644665
220768 1 24 5 5 2 2 0 0 0  aaaa99994989a8853869aaa889777367644875a657625
220774 1 24 5 5 3 2 0 0 0  aaaa99994989a8853869aaa889777367652876a657445
220804 1 24 5 6 2 2 0 0 0  aaaa99994989a8853869aaa889777766753875a662445
220810 1 24 5 6 3 2 0 0 0  aaaa99994989a8853869aaa889777766753876a652445
220832 1 24 5 7 1 1 0 0 0  aaaa99995989a8874869aaa889777367644876a563552
220838 1 24 5 7 2 1 0 0 0  aaaa99995989a8874869aaa889777367653875a644625
220840 1 24 5 7 2 2 0 0 0  aaaa99995989a8875869aaa889777567645873a644623
220844 1 24 5 7 3 1 0 0 0  aaaa99995989a8874869aaa889777367653876a652445
220846 1 24 5 7 3 2 0 0 0  aaaa99995989a8875869aaa889777567645876a644332
220876 1 24 5 8 2 2 0 0 0  aaaa99994989a8853869aaa889777767653875a644625
220882 1 24 5 8 3 2 0 0 0  aaaa99994989a8853869aaa889777767653876a652445
220985 1 24 6 0 2 2 1 0 0  aaaa99994989a8877879aaa869767688357265a654534
221003 1 24 6 0 5 2 1 0 0  aaaa99994989a8877879aaa829767488657365a653645
221056 1 24 6 2 2 2 0 0 0  aaaa99994989a8873869aaa879775388676765a652445
221066 1 24 6 2 4 1 0 0 0  aaaa99995989a8874869aaa879775388673765a644625
221068 1 24 6 2 4 2 0 0 0  aaaa99995989a8875869aaa879774588675763a644623
221105 1 24 6 3 4 2 1 0 0  aaaa99997989a8854829aaa879777488657635a666534
221111 1 24 6 3 5 2 1 0 0  aaaa99997989a8854829aaa879777488657365a653664
221137 1 24 6 4 4 0 1 0 0  aaaa99995989a8874829aaa879775588674637a666534
221143 1 24 6 4 5 0 1 0 0  aaaa99995989a8874829aaa879775588674367a653664
221164 1 24 6 5 2 2 0 0 0  aaaa99994989a8853879aaa879775388672765a666445
221176 1 24 6 5 4 2 0 0 0  aaaa99994989a8853879aaa879775388676765a644625
221182 1 24 6 5 5 2 0 0 0  aaaa99994989a8853879aaa879775388672765a644665
221228 1 24 6 7 1 1 0 0 0  aaaa99995989a8864879aaa879775388663765a644725
221230 1 24 6 7 1 2 0 0 0  aaaa99995989a8865879aaa879774588665763a644723
221236 1 24 6 7 2 2 0 0 0  aaaa99994989a8853879aaa879775388666765a644725
221248 1 24 6 7 4 2 0 0 0  aaaa99994989a8853879aaa879775388662765a644765
221252 1 24 6 7 5 1 0 0 0  aaaa99995989a8864879aaa879776388563756a464752
221254 1 24 6 7 5 2 0 0 0  aaaa99995989a8865879aaa879776588465736a464732
221264 1 24 6 8 1 1 0 0 0  aaaa99995989a8864879aaa879777388663765a652445
221266 1 24 6 8 1 2 0 0 0  aaaa99995989a8865879aaa879777588665764a644332
221272 1 24 6 8 2 2 0 0 0  aaaa99994989a8853879aaa879777388666765a652445
221284 1 24 6 8 4 2 0 0 0  aaaa99994989a8853879aaa879777388656765a644625
221290 1 24 6 8 5 2 0 0 0  aaaa99994989a8853879aaa879777388652765a644665
221339 1 24 6 10 1 2 1 0 0  aaaa99996989a8854829aaa869676488756375a753774
221350 1 24 6 10 3 2 0 0 0  aaaa99994989a8853869aaa869676388752675a744775
221358 1 24 6 10 5 0 0 0 0  aaaa99995989a8864859aaa859476588763276a764773
221366 1 24 7 0 0 1 0 0 0  aaaa99994989a8883889aaa379766284764757a656575
221372 1 24 7 0 1 1 0 0 0  aaaa99994989a8883889aaa379766686752757a644575
221374 1 24 7 0 1 2 0 0 0  aaaa99995989a8885889aaa579766686745737a644372
221390 1 24 7 0 4 1 0 0 0  aaaa99994989a8883889aaa379765286744757a666575
221392 1 24 7 0 4 2 0 0 0  aaaa99995989a8885889aaa579764586744737a666372
221396 1 24 7 0 5 1 0 0 0  aaaa99994989a8883889aaa379746485762757a565676
221444 1 24 7 2 1 1 0 0 0  aaaa99995989a8884889aaa379776386676752a464557
221446 1 24 7 2 1 2 0 0 0  aaaa99995989a8885889aaa579776586676744a462337
221450 1 24 7 2 2 1 0 0 0  aaaa99994989a8883889aaa379774486676765a555627
221456 1 24 7 2 3 1 0 0 0  aaaa99994989a8883889aaa379774486676765a562557
221462 1 24 7 2 4 1 0 0 0  aaaa99994989a8883889aaa379774486572765a666557
221468 1 24 7 2 5 1 0 0 0  aaaa99994989a8883889aaa379774485672765a655667
221534 1 24 7 4 4 1 0 0 0  aaaa99995989a8883889aaa379774486576657a662457
221558 1 24 7 5 2 1 0 0 0  aaaa99994989a8883889aaa379774486577765a662565
221560 1 24 7 5 2 2 0 0 0  aaaa99995989a8885889aaa579774586477763a662463
221582 1 24 7 6 0 1 0 0 0  aaaa99994989a8883889aaa379777286644765a567556
221586 1 24 7 6 1 0 0 0 0  aaaa99995989a8884889aaa379777386626756a467545
221588 1 24 7 6 1 1 0 0 0  aaaa99995989a8884889aaa379777386646756a567254
221592 1 24 7 6 2 0 0 0 0  aaaa99994989a8883889aaa379777286656764a557654
221594 1 24 7 6 2 1 0 0 0  aaaa99995989a8885889aaa379777386662764a457465
221596 1 24 7 6 2 2 0 0 0  aaaa99995989a8885889aaa579777586662764a447363
221622 1 24 7 7 1 0 0 0 0  aaaa99995989a8884889aaa379776386676754a565274
221646 1 24 7 7 5 0 0 0 0  aaaa99995989a8884889aaa379776384575756a264676
221652 1 24 7 8 0 0 0 0 0  aaaa99995989a8884889aaa379777386657762a464556
221654 1 24 7 8 0 1 0 0 0  aaaa99994989a8883889aaa379777286657765a464556
221690 1 24 7 9 0 1 0 0 0  aaaa99994989a8883889aaa379777786644765a562556
221726 1 24 7 10 0 1 0 0 0  aaaa99994989a8883889aaa369764487562765a777556
221810 1 24 8 1 2 1 0 0 0  aaaa99995989a8874869aaa879775378663867a652445
221812 1 24 8 1 2 2 0 0 0  aaaa99995989a8875869aaa879774578665867a644332
221842 1 24 8 2 1 2 0 0 0  aaaa99996989a8853869aaa879775378662847a447565
221848 1 24 8 2 2 2 0 0 0  aaaa99994989a8853869aaa879775378662867a657445
221902 1 24 8 3 5 2 0 0 0  aaaa99997989a8854839aaa879777238657865a644665
221948 1 24 8 5 1 1 0 0 0  aaaa99995989a8864879aaa879775378663865a672445
221950 1 24 8 5 1 2 0 0 0  aaaa99995989a8865879aaa879774578665863a672443
221956 1 24 8 5 2 2 0 0 0  aaaa99994989a8853879aaa879775378666865a672445
221968 1 24 8 5 4 2 0 0 0  aaaa99994989a8853879aaa879774478656865a673625
221974 1 24 8 5 5 2 0 0 0  aaaa99994989a8853879aaa879775378644865a672665
221984 1 24 8 6 1 1 0 0 0  aaaa99995989a8864879aaa879777378663865a652445
221986 1 24 8 6 1 2 0 0 0  aaaa99995989a8865879aaa879777578665864a644332
221992 1 24 8 6 2 2 0 0 0  aaaa99994989a8853879aaa879777378666865a652445
222004 1 24 8 6 4 2 0 0 0  aaaa99994989a8853879aaa879777378656865a644625
222010 1 24 8 6 5 2 0 0 0  aaaa99994989a8853879aaa879777378652865a644665
222028 1 24 8 7 2 2 0 0 0  aaaa99994989a8853879aaa879774468663875a672565
222034 1 24 8 7 3 2 0 0 0  aaaa99994989a8853879aaa879775368656876a672445
222040 1 24 8 7 4 2 0 0 0  aaaa99994989a8853879aaa879775368666875a672445
222042 1 24 8 7 5 0 0 0 0  aaaa99995989a8864879aaa879776348564876a575632
222044 1 24 8 7 5 1 0 0 0  aaaa99995989a8864879aaa879776358565876a474632
222064 1 24 8 8 2 2 0 0 0  aaaa99994989a8844879aaa879777368663825a657565
222100 1 24 8 9 2 2 0 0 0  aaaa99994989a8853879aaa879777768663825a644565
222179 1 24 9 0 3 2 1 0 0  aaaa99994989a8877879aaa869767668357285a654534
222200 1 24 9 1 1 1 0 0 0  aaaa99995989a8874869aaa879775378663687a652445
222202 1 24 9 1 1 2 0 0 0  aaaa99995989a8875869aaa879774578665687a644332
222210 1 24 9 1 3 0 0 0 0  aaaa99995989a8874869aaa879776378663487a654552
222212 1 24 9 1 3 1 0 0 0  aaaa99995989a8874869aaa879776378663587a655442
222223 1 24 9 1 5 0 1 0 0  aaaa99995989a8874829aaa879776478565387a563646
222238 1 24 9 2 1 2 0 0 0  aaaa99994989a8853869aaa879775378662687a657445
222244 1 24 9 2 2 2 0 0 0  aaaa99994989a8853869aaa879774478663287a657565
222248 1 24 9 2 3 1 0 0 0  aaaa99994989a8863869aaa879775378662587a657445
222250 1 24 9 2 3 2 0 0 0  aaaa99995989a8865869aaa879774578665487a647332
222256 1 24 9 2 4 2 0 0 0  aaaa99994989a8853869aaa879775378666287a657445
222258 1 24 9 2 5 0 0 0 0  aaaa99995989a8864849aaa879776378264587a567653
222259 1 24 9 2 5 0 1 0 0  aaaa99994989a8864859aaa879776478563587a567632
222260 1 24 9 2 5 1 0 0 0  aaaa99995989a8863859aaa879776378565487a467642
222263 1 24 9 2 5 2 1 0 0  aaaa99995989a8865849aaa879776578464387a367652
222295 1 24 9 3 5 0 1 0 0  aaaa99997989a8864829aaa879777458567586a363654
222308 1 24 9 4 1 1 0 0 0  aaaa99995989a8874869aaa879774468673687a563552
222314 1 24 9 4 2 1 0 0 0  aaaa99995989a8874869aaa879774468673587a655632
222320 1 24 9 4 3 1 0 0 0  aaaa99995989a8874869aaa879774468673687a555632
222346 1 24 9 5 1 2 0 0 0  aaaa99994989a8853879aaa879775378666685a672445
222364 1 24 9 5 4 2 0 0 0  aaaa99994989a8853879aaa879775378644685a672665
222368 1 24 9 5 5 1 0 0 0  aaaa99995989a8864879aaa879776378464586a575632
222382 1 24 9 6 1 2 0 0 0  aaaa99994989a8853879aaa879777378666685a652445
222400 1 24 9 6 4 2 0 0 0  aaaa99994989a8853879aaa879777378652685a666445
222404 1 24 9 6 5 1 0 0 0  aaaa99995989a8864879aaa879777378464586a565632
222424 1 24 9 7 2 2 0 0 0  aaaa99994989a8853879aaa879775368662785a644765
222430 1 24 9 7 3 2 0 0 0  aaaa99994989a8853879aaa879775368656786a644725
222436 1 24 9 7 4 2 0 0 0  aaaa99994989a8853879aaa879775368666785a644725
222438 1 24 9 7 5 0 0 0 0  aaaa99995989a8864879aaa879776348564786a565732
222440 1 24 9 7 5 1 0 0 0  aaaa99995989a8864879aaa879776358565786a464732
222460 1 24 9 8 2 2 0 0 0  aaaa99994989a8853879aaa879777368662785a644565
222466 1 24 9 8 3 2 0 0 0  aaaa99994989a8853879aaa879777368656786a652445
222472 1 24 9 8 4 2 0 0 0  aaaa99994989a8853879aaa879777368666785a652445
222474 1 24 9 8 5 0 0 0 0  aaaa99995989a8864879aaa879777348564786a565632
222476 1 24 9 8 5 1 0 0 0  aaaa99995989a8864879aaa879777358565786a464632
222565 1 24 10 0 2 0 1 0 0  aaaa99995989a8883829aaa879766678655467a744573
222606 1 24 10 1 3 0 0 0 0  aaaa99995989a8883869aaa879776378662467a455547
222608 1 24 10 1 3 1 0 0 0  aaaa99994989a8883869aaa879776378662567a455547
222638 1 24 10 2 2 1 0 0 0  aaaa99994989a8883869aaa879775378662567a657445
222640 1 24 10 2 2 2 0 0 0  aaaa99995989a8885869aaa879774578665467a647332
222642 1 24 10 2 3 0 0 0 0  aaaa99995989a8884869aaa879776378663567a547254
222664 1 24 10 3 0 2 0 0 0  aaaa99997989a8885849aaa879777568647624a336655
222768 1 24 10 6 0 0 0 0 0  aaaa99995989a8884879aaa879777378663665a455246
222810 1 24 10 7 1 0 0 0 0  aaaa99995989a8884879aaa879776368646756a525734
222818 1 24 10 7 2 1 0 0 0  aaaa99994989a8883879aaa879775368662755a644765
222820 1 24 10 7 2 2 0 0 0  aaaa99995989a8885879aaa879774568665744a633762
222854 1 24 10 8 2 1 0 0 0  aaaa99995989a8884879aaa879777368663725a644565
222856 1 24 10 8 2 2 0 0 0  aaaa99995989a8885879aaa879777568665744a642363
222948 1 24 11 0 0 0 0 0 0  aaaa99994989a8888889aaa379766375646557a762574
222966 1 24 11 0 3 0 0 0 0  aaaa99995989a8888889aaa379766675645547a763472
223042 1 24 11 2 3 2 0 0 0  aaaa99995989a8888889aaa579773576665647a447362
223107 1 24 11 4 2 1 1 0 0  aaaa99994989a8888889aaa479773366674557a266557
223109 1 24 11 4 2 2 1 0 0  aaaa99994989a8888889aaa479773366674257a566557
223210 1 24 11 7 1 2 0 0 0  aaaa99996989a8888889aaa579772576665434a476375
223216 1 24 11 7 2 2 0 0 0  aaaa99995989a8888889aaa579773576665644a476372
223220 1 24 11 7 3 1 0 0 0  aaaa99994989a8888889aaa379774476663565a276575
223222 1 24 11 7 3 2 0 0 0  aaaa99995989a8888889aaa579773576665464a476372
223230 1 24 11 7 5 0 0 0 0  aaaa99995989a8888889aaa379776375465526a474676
223240 1 24 11 8 0 2 0 0 0  aaaa99995989a8888889aaa579777576635646a447362
223254 1 24 11 8 3 0 0 0 0  aaaa99995989a8888889aaa379777376662654a447565
223256 1 24 11 8 3 1 0 0 0  aaaa99995989a8888889aaa379777376662645a447565
223258 1 24 11 8 3 2 0 0 0  aaaa99995989a8888889aaa579777576665644a437362
223266 1 24 11 8 5 0 0 0 0  aaaa99995989a8888889aaa479777275645563a637664
223344 1 24 12 0 0 0 0 0 0  aaaa99994989a8883889aaa879766375646557a762574
223362 1 24 12 0 3 0 0 0 0  aaaa99995989a8883889aaa879766675645547a763472
223438 1 24 12 2 3 2 0 0 0  aaaa99995989a8885889aaa879773576665647a447362
223503 1 24 12 4 2 1 1 0 0  aaaa99994989a8884889aaa879773366674557a266557
223505 1 24 12 4 2 2 1 0 0  aaaa99994989a8884889aaa879773366674257a566557
223606 1 24 12 7 1 2 0 0 0  aaaa99996989a8885889aaa879772576665434a476375
223612 1 24 12 7 2 2 0 0 0  aaaa99995989a8885889aaa879773576665644a476372
223616 1 24 12 7 3 1 0 0 0  aaaa99994989a8883889aaa879774476663565a276575
223618 1 24 12 7 3 2 0 0 0  aaaa99995989a8885889aaa879773576665464a476372
223626 1 24 12 7 5 0 0 0 0  aaaa99995989a8883889aaa879776375465526a474676
223636 1 24 12 8 0 2 0 0 0  aaaa99995989a8885889aaa879777576635646a447362
223650 1 24 12 8 3 0 0 0 0  aaaa99995989a8883889aaa879777376662654a447565
223652 1 24 12 8 3 1 0 0 0  aaaa99995989a8883889aaa879777376662645a447565
223654 1 24 12 8 3 2 0 0 0  aaaa99995989a8885889aaa879777576665644a437362
223662 1 24 12 8 5 0 0 0 0  aaaa99995989a8884889aaa879777275645563a637664
223780 1 24 13 1 0 2 0 0 0  aaaa99997989a8885849aaa889777567647624a336655
223884 1 24 13 4 0 0 0 0 0  aaaa99995989a8884879aaa889777377663665a455246
223920 1 24 13 5 0 0 0 0 0  aaaa99995989a8884849aaa889777267654736a655376
223922 1 24 13 5 0 1 0 0 0  aaaa99994989a8883859aaa889777367655726a644576
223925 1 24 13 5 0 2 1 0 0  aaaa99995989a8885849aaa889777567644736a625376
223940 1 24 13 5 3 1 0 0 0  aaaa99994989a8883869aaa889777367652756a644575
223942 1 24 13 5 3 2 0 0 0  aaaa99995989a8885869aaa889777567645736a644372
223956 1 24 13 6 0 0 0 0 0  aaaa99995989a8884829aaa889777767655736a644536
224000 1 24 13 7 1 1 0 0 0  aaaa99994989a8883869aaa889777367644675a562557
224012 1 24 13 7 3 1 0 0 0  aaaa99994989a8883869aaa889777367644675a555627
224016 1 24 13 7 4 0 0 0 0  aaaa99995989a8884869aaa889777367663675a455247
224280 1 24 14 4 0 0 0 0 0  aaaa99995989a8884879aaa389777877663665a455246
224352 1 24 14 6 0 0 0 0 0  aaaa99996989a8884879aaa389665877647577a526534
224354 1 24 14 6 0 1 0 0 0  aaaa99995989a8883879aaa389664877627577a565446
224582 1 24 15 1 2 1 0 0 0  aaaa99995989a8844879aaa789777467663825a683565
224584 1 24 15 1 2 2 0 0 0  aaaa99995989a8845879aaa789777567665844a682363
224612 1 24 15 2 1 1 0 0 0  aaaa99995989a8864879aaa389777367646876a582554
224618 1 24 15 2 2 1 0 0 0  aaaa99995989a8844879aaa489777367663875a682565
224620 1 24 15 2 2 2 0 0 0  aaaa99995989a8845879aaa589777567664873a682364
224624 1 24 15 2 3 1 0 0 0  aaaa99995989a8854879aaa389777367656876a682445
224626 1 24 15 2 3 2 0 0 0  aaaa99995989a8845879aaa589777567636876a682443
224630 1 24 15 2 4 1 0 0 0  aaaa99995989a8854879aaa389777367666875a682445
224632 1 24 15 2 4 2 0 0 0  aaaa99995989a8845879aaa589777567666873a682443
224634 1 24 15 2 5 0 0 0 0  aaaa99995989a8864879aaa389777347564876a585626
224636 1 24 15 2 5 1 0 0 0  aaaa99995989a8864879aaa389777357565876a484626
224654 1 24 15 3 2 1 0 0 0  aaaa99995989a8844879aaa489777767663825a683565
224656 1 24 15 3 2 2 0 0 0  aaaa99995989a8845879aaa589777767665844a682363
224682 1 24 15 4 1 0 0 0 0  aaaa99995989a8855879aaa489777377663865a682446
224684 1 24 15 4 1 1 0 0 0  aaaa99995989a8865879aaa489777377663864a682554
224690 1 24 15 4 2 1 0 0 0  aaaa99995989a8854879aaa389777377666865a682445
224692 1 24 15 4 2 2 0 0 0  aaaa99995989a8845879aaa589777577666863a682443
224696 1 24 15 4 3 1 0 0 0  aaaa99995989a8864879aaa389777377666864a582554
224702 1 24 15 4 4 1 0 0 0  aaaa99995989a8844879aaa489777377656865a683625
224704 1 24 15 4 4 2 0 0 0  aaaa99995989a8845879aaa589777577636863a684624
224708 1 24 15 4 5 1 0 0 0  aaaa99995989a8854879aaa389777377644865a682665
224710 1 24 15 4 5 2 0 0 0  aaaa99995989a8845879aaa589777577644863a682663
224726 1 24 15 5 2 1 0 0 0  aaaa99995989a8854869aaa389777367644875a687625
224728 1 24 15 5 2 2 0 0 0  aaaa99995989a8845869aaa589777567644873a687623
224764 1 24 15 6 2 2 0 0 0  aaaa99994989a8853869aaa389777766752875a686445
224796 1 24 15 7 2 0 0 0 0  aaaa99995989a8874869aaa389777367655875a682464
224798 1 24 15 7 2 1 0 0 0  aaaa99995989a8875869aaa489777367655874a683624
224804 1 24 15 7 3 1 0 0 0  aaaa99995989a8874869aaa689777367644876a583552
224810 1 24 15 7 4 1 0 0 0  aaaa99995989a8874869aaa689777367663874a582554
224816 1 24 15 7 5 1 0 0 0  aaaa99995989a8874869aaa389777367666874a582554
224834 1 24 15 8 2 1 0 0 0  aaaa99995989a8854869aaa389777767644875a683625
224836 1 24 15 8 2 2 0 0 0  aaaa99995989a8845869aaa589777767635873a684624
224970 1 24 16 1 1 0 0 0 0  aaaa99995989a8864879aaa789777367646856a525834
224978 1 24 16 1 2 1 0 0 0  aaaa99994989a8853879aaa789777367662855a644865
224980 1 24 16 1 2 2 0 0 0  aaaa99995989a8845879aaa789777567665844a633862
225006 1 24 16 2 1 0 0 0 0  aaaa99995989a8864879aaa389777367656876a455842
225008 1 24 16 2 1 1 0 0 0  aaaa99995989a8864879aaa389777367646876a555824
225014 1 24 16 2 2 1 0 0 0  aaaa99995989a8854879aaa389777367662875a644865
225016 1 24 16 2 2 2 0 0 0  aaaa99995989a8845879aaa589777567662873a644863
225020 1 24 16 2 3 1 0 0 0  aaaa99995989a8854879aaa389777367656876a644825
225022 1 24 16 2 3 2 0 0 0  aaaa99995989a8845879aaa589777567636876a644823
225026 1 24 16 2 4 1 0 0 0  aaaa99995989a8854879aaa389777367666875a644825
225028 1 24 16 2 4 2 0 0 0  aaaa99995989a8845879aaa589777567666873a644823
225030 1 24 16 2 5 0 0 0 0  aaaa99995989a8864879aaa389777347564876a565826
225032 1 24 16 2 5 1 0 0 0  aaaa99995989a8864879aaa389777357565876a464826
225042 1 24 16 3 1 0 0 0 0  aaaa99995989a8864879aaa389777767646856a525834
225050 1 24 16 3 2 1 0 0 0  aaaa99994989a8853879aaa389777767662855a644865
225052 1 24 16 3 2 2 0 0 0  aaaa99995989a8845879aaa589777767665844a633862
225078 1 24 16 4 1 0 0 0 0  aaaa99995989a8855879aaa489777377663865a644826
225080 1 24 16 4 1 1 0 0 0  aaaa99995989a8865879aaa489777377663864a655824
225086 1 24 16 4 2 1 0 0 0  aaaa99995989a8854879aaa389777377666865a644825
225088 1 24 16 4 2 2 0 0 0  aaaa99995989a8845879aaa589777577666863a644823
225090 1 24 16 4 3 0 0 0 0  aaaa99995989a8864879aaa389777377666865a455842
225092 1 24 16 4 3 1 0 0 0  aaaa99995989a8864879aaa389777377666864a555824
225098 1 24 16 4 4 1 0 0 0  aaaa99995989a8854879aaa389777377662865a644865
225100 1 24 16 4 4 2 0 0 0  aaaa99995989a8845879aaa589777577662863a644863
225104 1 24 16 4 5 1 0 0 0  aaaa99995989a8864879aaa389777377562856a464856
225106 1 24 16 4 5 2 0 0 0  aaaa99995989a8865879aaa589777577464846a363826
225124 1 24 16 5 2 2 0 0 0  aaaa99994989a8853869aaa389777267644875a657865
225158 1 24 16 6 2 1 0 0 0  aaaa99995989a8854869aaa389777766744875a663825
225160 1 24 16 6 2 2 0 0 0  aaaa99995989a8845869aaa589777766735873a664824
225194 1 24 16 7 2 1 0 0 0  aaaa99995989a8874869aaa389777367652875a644865
225196 1 24 16 7 2 2 0 0 0  aaaa99995989a8875869aaa589777567644874a633862
225200 1 24 16 7 3 1 0 0 0  aaaa99995989a8874869aaa689777367644876a555832
225204 1 24 16 7 4 0 0 0 0  aaaa99995989a8874869aaa689777367663875a455842
225206 1 24 16 7 4 1 0 0 0  aaaa99995989a8874869aaa689777367663874a555824
225210 1 24 16 7 5 0 0 0 0  aaaa99995989a8874869aaa389777367666875a455842
225212 1 24 16 7 5 1 0 0 0  aaaa99995989a8874869aaa389777367666874a555824
225232 1 24 16 8 2 2 0 0 0  aaaa99994989a8853869aaa389777767652875a644865
225374 1 24 17 1 2 1 0 0 0  aaaa99995989a8884879aaa789777367663825a644565
225376 1 24 17 1 2 2 0 0 0  aaaa99995989a8885879aaa789777567665844a642363
225398 1 24 17 2 0 1 0 0 0  aaaa99995989a8885879aaa389777367655876a644426
225404 1 24 17 2 1 1 0 0 0  aaaa99995989a8884879aaa389777367646876a562554
225410 1 24 17 2 2 1 0 0 0  aaaa99995989a8884879aaa389777367662875a644565
225412 1 24 17 2 2 2 0 0 0  aaaa99995989a8885879aaa589777567662874a644363
225416 1 24 17 2 3 1 0 0 0  aaaa99995989a8884879aaa389777367656876a652445
225418 1 24 17 2 3 2 0 0 0  aaaa99995989a8885879aaa589777567646876a644332
225422 1 24 17 2 4 1 0 0 0  aaaa99995989a8884879aaa389777367666875a652445
225424 1 24 17 2 4 2 0 0 0  aaaa99995989a8885879aaa589777567666874a644332
225426 1 24 17 2 5 0 0 0 0  aaaa99995989a8884879aaa389777347564876a565626
225428 1 24 17 2 5 1 0 0 0  aaaa99995989a8884879aaa389777357565876a464626
225446 1 24 17 3 2 1 0 0 0  aaaa99995989a8884879aaa389777767663825a644565
225448 1 24 17 3 2 2 0 0 0  aaaa99995989a8885879aaa589777767665844a642363
225468 1 24 17 4 0 0 0 0 0  aaaa99996989a8885879aaa489777377663856a545264
225470 1 24 17 4 0 1 0 0 0  aaaa99995989a8884879aaa389777377662856a646554
225476 1 24 17 4 1 1 0 0 0  aaaa99995989a8885879aaa389777377662864a655446
225482 1 24 17 4 2 1 0 0 0  aaaa99995989a8884879aaa389777377666865a652445
225484 1 24 17 4 2 2 0 0 0  aaaa99995989a8885879aaa589777577666864a644332
225488 1 24 17 4 3 1 0 0 0  aaaa99995989a8884879aaa389777377666864a562554
225494 1 24 17 4 4 1 0 0 0  aaaa99995989a8884879aaa389777377656865a644625
225496 1 24 17 4 4 2 0 0 0  aaaa99995989a8885879aaa589777577646863a644623
225500 1 24 17 4 5 1 0 0 0  aaaa99995989a8884879aaa389777377652865a644665
225502 1 24 17 4 5 2 0 0 0  aaaa99995989a8885879aaa589777577644864a633662
225518 1 24 17 5 2 1 0 0 0  aaaa99995989a8884869aaa389777367644875a657625
225520 1 24 17 5 2 2 0 0 0  aaaa99995989a8885869aaa589777567644874a637623
225554 1 24 17 6 2 1 0 0 0  aaaa99995989a8884869aaa389777766753875a662445
225556 1 24 17 6 2 2 0 0 0  aaaa99995989a8885869aaa589777766745873a662443
225590 1 24 17 7 2 1 0 0 0  aaaa99995989a8885869aaa389777367655874a644627
225600 1 24 17 7 4 0 0 0 0  aaaa99995989a8884869aaa689777367663875a455247
225606 1 24 17 7 5 0 0 0 0  aaaa99995989a8884869aaa389777367666875a455247
225626 1 24 17 8 2 1 0 0 0  aaaa99995989a8884869aaa389777767653875a644625
225628 1 24 17 8 2 2 0 0 0  aaaa99995989a8885869aaa589777767645873a644623
225650 1 24 17 9 0 1 0 0 0  aaaa99994989a8883879aaa789664477773865a562556
225686 1 24 17 10 0 1 0 0 0  aaaa99994989a8883879aaa389664477777865a562556
225864 1 24 18 4 0 0 0 0 0  aaaa99995989a8888879aaa489777377663665a455246
226151 1 24 19 0 5 2 1 0 0  aaaa99995989a8885879aaa779376548464786a367652
226204 1 24 19 2 2 2 0 0 0  aaaa99994989a8883879aaa779775368662785a644565
226210 1 24 19 2 3 2 0 0 0  aaaa99994989a8883879aaa779775368656786a652445
226216 1 24 19 2 4 2 0 0 0  aaaa99994989a8883879aaa779775368666785a652445
226218 1 24 19 2 5 0 0 0 0  aaaa99995989a8884879aaa779776348564786a565632
226220 1 24 19 2 5 1 0 0 0  aaaa99995989a8884879aaa779776358565786a464632
226274 1 24 19 4 2 1 0 0 0  aaaa99995989a8884869aaa379774468673587a655627
226290 1 24 19 4 5 0 0 0 0  aaaa99996989a8886829aaa679774658576587a443537
226291 1 24 19 4 5 0 1 0 0  aaaa99996989a8886829aaa679773658576587a444357
226294 1 24 19 4 5 2 0 0 0  aaaa99996989a8886849aaa679773628476587a555347
226304 1 24 19 5 1 1 0 0 0  aaaa99995989a8884879aaa379775378666685a672445
226306 1 24 19 5 1 2 0 0 0  aaaa99995989a8885879aaa579774578666683a672443
226308 1 24 19 5 2 0 0 0 0  aaaa99995989a8884879aaa379776378666586a572454
226310 1 24 19 5 2 1 0 0 0  aaaa99995989a8884879aaa379776378666586a575442
226314 1 24 19 5 3 0 0 0 0  aaaa99995989a8884879aaa379776378666585a675442
226316 1 24 19 5 3 1 0 0 0  aaaa99995989a8884879aaa379776378666485a674525
226322 1 24 19 5 4 1 0 0 0  aaaa99995989a8884879aaa379775378644685a672665
226324 1 24 19 5 4 2 0 0 0  aaaa99995989a8885879aaa579774578644683a672663
226328 1 24 19 5 5 1 0 0 0  aaaa99995989a8884879aaa379776378464586a575626
226332 1 24 19 6 0 0 0 0 0  aaaa99995989a8884879aaa379777378662586a656445
226334 1 24 19 6 0 1 0 0 0  aaaa99995989a8885879aaa379777378662486a646554
226340 1 24 19 6 1 1 0 0 0  aaaa99995989a8884879aaa379777378666685a652445
226342 1 24 19 6 1 2 0 0 0  aaaa99995989a8885879aaa579777578666684a644332
226344 1 24 19 6 2 0 0 0 0  aaaa99995989a8884879aaa379777378666586a562454
226346 1 24 19 6 2 1 0 0 0  aaaa99995989a8884879aaa379777378666586a565442
226350 1 24 19 6 3 0 0 0 0  aaaa99995989a8884879aaa379777378666486a654552
226352 1 24 19 6 3 1 0 0 0  aaaa99995989a8884879aaa379777378666586a655442
226358 1 24 19 6 4 1 0 0 0  aaaa99995989a8884879aaa379777378652685a666445
226360 1 24 19 6 4 2 0 0 0  aaaa99995989a8885879aaa579777578644684a666332
226364 1 24 19 6 5 1 0 0 0  aaaa99995989a8884879aaa379777378464586a565626
226374 1 24 19 7 1 0 0 0 0  aaaa99995989a8884879aaa379776368656786a455742
226376 1 24 19 7 1 1 0 0 0  aaaa99995989a8884879aaa379776368646786a555724
226382 1 24 19 7 2 1 0 0 0  aaaa99995989a8884879aaa379775368662785a644765
226384 1 24 19 7 2 2 0 0 0  aaaa99995989a8885879aaa579774568662783a644763
226388 1 24 19 7 3 1 0 0 0  aaaa99995989a8884879aaa379775368656786a644725
226390 1 24 19 7 3 2 0 0 0  aaaa99995989a8885879aaa579774568636786a644723
226394 1 24 19 7 4 1 0 0 0  aaaa99995989a8884879aaa379775368666785a644725
226396 1 24 19 7 4 2 0 0 0  aaaa99995989a8885879aaa579774568666783a644723
226398 1 24 19 7 5 0 0 0 0  aaaa99995989a8884879aaa379776348564786a565726
226400 1 24 19 7 5 1 0 0 0  aaaa99995989a8884879aaa379776358565786a464726
226406 1 24 19 8 0 1 0 0 0  aaaa99995989a8885879aaa379777368655786a644426
226412 1 24 19 8 1 1 0 0 0  aaaa99995989a8884879aaa379777368646786a562554
226418 1 24 19 8 2 1 0 0 0  aaaa99995989a8884879aaa379777368662785a644565
226420 1 24 19 8 2 2 0 0 0  aaaa99995989a8885879aaa579777568662784a644363
226424 1 24 19 8 3 1 0 0 0  aaaa99995989a8884879aaa379777368656786a652445
226426 1 24 19 8 3 2 0 0 0  aaaa99995989a8885879aaa579777568646786a644332
226430 1 24 19 8 4 1 0 0 0  aaaa99995989a8884879aaa379777368666785a652445
226432 1 24 19 8 4 2 0 0 0  aaaa99995989a8885879aaa579777568666784a644332
226434 1 24 19 8 5 0 0 0 0  aaaa99995989a8884879aaa379777348564786a565626
226436 1 24 19 8 5 1 0 0 0  aaaa99995989a8884879aaa379777358565786a464626
226541 1 24 20 0 4 2 1 0 0  aaaa99994989a8888879aaa779275468666735a657534
226547 1 24 20 0 5 2 1 0 0  aaaa99994989a8888879aaa779275438653765a657664
226600 1 24 20 2 2 2 0 0 0  aaaa99994989a8888879aaa779775368663725a644565
226728 1 24 20 6 0 0 0 0 0  aaaa99995989a8888879aaa479777378663665a455246
226770 1 24 20 7 1 0 0 0 0  aaaa99995989a8888879aaa479776368646756a525734
226778 1 24 20 7 2 1 0 0 0  aaaa99994989a8888879aaa379775368662755a644765
226780 1 24 20 7 2 2 0 0 0  aaaa99995989a8888879aaa579774568665744a633762
226814 1 24 20 8 2 1 0 0 0  aaaa99995989a8888879aaa479777368663725a644565
226816 1 24 20 8 2 2 0 0 0  aaaa99995989a8888879aaa579777568665744a642363
227052 1 24 21 4 0 0 0 0 0  aaaa99995989a7778879aaa489888377663665a455246
227124 1 24 21 6 0 0 0 0 0  aaaa99996989a6658879aaa489888377647577a526534
227126 1 24 21 6 0 1 0 0 0  aaaa99995989a6648879aaa389888377627577a565446
227448 1 24 22 4 0 0 0 0 0  aaaa99995989a7774879aaa389888877663665a455246
227735 1 25 0 0 5 2 1 0 0  aaaa99988877a9583289aaa948976874964756a563756
227736 1 25 0 1 0 0 0 0 0  aaaa99988877a9785289aaa968967846943767a565534
227737 1 25 0 1 0 0 1 0 0  aaaa99988877a9785289aaa968967846944767a565533
227739 1 25 0 1 0 1 1 0 0  aaaa99988877a9784289aaa968967856955767a364534
227740 1 25 0 1 0 2 0 0 0  aaaa99988877a9785289aaa968967846945767a365354
227741 1 25 0 1 0 2 1 0 0  aaaa99988877a9785289aaa968967836935767a465445
227766 1 25 0 1 5 0 0 0 0  aaaa99988877a9783489aaa968947866966757a553425
227773 1 25 0 2 0 0 1 0 0  aaaa99988877a9784289aaa968967876954565a576343
227809 1 25 0 3 0 0 1 0 0  aaaa99988877a9787289aaa968967865954657a534643
227810 1 25 0 3 0 1 0 0 0  aaaa99988877a9787289aaa968967865955647a534643
227811 1 25 0 3 0 1 1 0 0  aaaa99988877a9787289aaa968967865934657a554643
227812 1 25 0 3 0 2 0 0 0  aaaa99988877a9787289aaa968967865934647a555643
227813 1 25 0 3 0 2 1 0 0  aaaa99988877a9787289aaa968967835963567a455446
227847 1 25 0 4 0 1 1 0 0  aaaa99988877a9784289aaa968967865955637a574634
227848 1 25 0 4 0 2 0 0 0  aaaa99988877a9785289aaa968967864945637a375654
227849 1 25 0 4 0 2 1 0 0  aaaa99988877a9785289aaa968967863935647a475645
227879 1 25 0 4 5 2 1 0 0  aaaa99988877a9784289aaa968957866966357a573544
227987 1 25 0 7 5 2 1 0 0  aaaa99988877a9785789aaa938946873965246a765645
228142 1 25 1 1 1 2 0 0 0  aaaa99954887a9877689aaa977966386953875a682445
228163 1 25 1 1 5 0 1 0 0  aaaa99965887a9877289aaa977956583964876a583644
228167 1 25 1 1 5 2 1 0 0  aaaa99965887a9877389aaa977936584965876a484652
228169 1 25 1 2 0 0 1 0 0  aaaa99975887a9877789aaa976965582964836a684534
228214 1 25 1 3 1 2 0 0 0  aaaa99954887a9873789aaa977975386966865a682445
228232 1 25 1 3 4 2 0 0 0  aaaa99954887a9873789aaa977975386944865a682665
228236 1 25 1 3 5 1 0 0 0  aaaa99965887a9874789aaa977976385963846a585642
228277 1 25 1 5 0 0 1 0 0  aaaa99975887a9877289aaa976965587964836a684534
228322 1 25 1 6 1 2 0 0 0  aaaa99964887a9853789aaa977975387944866a682565
228326 1 25 1 6 2 1 0 0 0  aaaa99965887a9864789aaa977975387944865a683625
228328 1 25 1 6 2 2 0 0 0  aaaa99965887a9865789aaa977974587935863a684624
228340 1 25 1 6 4 2 0 0 0  aaaa99964887a9853789aaa977975387944865a682665
228344 1 25 1 6 5 1 0 0 0  aaaa99965887a9864789aaa977976387963856a582454
228346 1 25 1 6 5 2 0 0 0  aaaa99965887a9865789aaa977976587965846a484332
228348 1 25 1 7 0 0 0 0 0  aaaa99975887a9877289aaa976965584964836a687534
228349 1 25 1 7 0 0 1 0 0  aaaa99974887a9877589aaa976965482964856a687533
228351 1 25 1 7 0 1 1 0 0  aaaa99974887a9877589aaa976965582964836a687534
228352 1 25 1 7 0 2 0 0 0  aaaa99975887a9877489aaa976964582965836a687354
228353 1 25 1 7 0 2 1 0 0  aaaa99975887a9877389aaa976963582965846a687445
228394 1 25 1 8 1 2 0 0 0  aaaa99954887a9853789aaa977975386966867a682445
228412 1 25 1 8 4 2 0 0 0  aaaa99954887a9853789aaa977975386944867a682665
228416 1 25 1 8 5 1 0 0 0  aaaa99965887a9864789aaa977976385963847a585642
228430 1 25 1 9 1 2 0 0 0  aaaa99954887a9853789aaa977977386966865a682445
228448 1 25 1 9 4 2 0 0 0  aaaa99954887a9853789aaa977977386944865a682665
228452 1 25 1 9 5 1 0 0 0  aaaa99965887a9864789aaa977977385963846a585642
228538 1 25 2 1 1 2 0 0 0  aaaa99954887a9877689aaa977966386953878a652445
228559 1 25 2 1 5 0 1 0 0  aaaa99965887a9877289aaa977956583964878a563644
228563 1 25 2 1 5 2 1 0 0  aaaa99965887a9877389aaa977936584965878a464652
228610 1 25 2 3 1 2 0 0 0  aaaa99954887a9873789aaa977975386966868a652445
228628 1 25 2 3 4 2 0 0 0  aaaa99954887a9873789aaa977975386952868a666445
228632 1 25 2 3 5 1 0 0 0  aaaa99965887a9874789aaa977976385963848a565642
228730 1 25 2 6 3 2 0 0 0  aaaa99964887a9853789aaa977975387952868a666445
228736 1 25 2 6 4 2 0 0 0  aaaa99964887a9853789aaa977975387952868a644665
228740 1 25 2 6 5 1 0 0 0  aaaa99965887a9864789aaa977976387963858a562454
228742 1 25 2 6 5 2 0 0 0  aaaa99965887a9865789aaa977976587965848a464332
228790 1 25 2 8 1 2 0 0 0  aaaa99954887a9853789aaa977967386966878a652445
228808 1 25 2 8 4 2 0 0 0  aaaa99954887a9853789aaa977967386952878a666445
228812 1 25 2 8 5 1 0 0 0  aaaa99965887a9864789aaa977947485963878a565632
228826 1 25 2 9 1 2 0 0 0  aaaa99954887a9853789aaa977977386966868a652445
228844 1 25 2 9 4 2 0 0 0  aaaa99954887a9853789aaa977977386952868a666445
228848 1 25 2 9 5 1 0 0 0  aaaa99965887a9864789aaa977977385963848a565642
228953 1 25 3 1 4 2 1 0 0  aaaa99966887a9877289aaa978976538965376a485445
228955 1 25 3 1 5 0 1 0 0  aaaa99965887a9877289aaa978976458965576a384634
228959 1 25 3 1 5 2 1 0 0  aaaa99965887a9877289aaa978976538963476a484655
229118 1 25 3 6 2 1 0 0 0  aaaa99965887a9864789aaa978977378944666a583552
229143 1 25 3 7 0 1 1 0 0  aaaa99974887a9877289aaa978966438963665a587554
229144 1 25 3 7 0 2 0 0 0  aaaa99975887a9877289aaa978966548965664a387354
229145 1 25 3 7 0 2 1 0 0  aaaa99975887a9877289aaa978966538965663a487445
229186 1 25 3 8 1 2 0 0 0  aaaa99954887a9853789aaa978977368966675a682445
229208 1 25 3 8 5 1 0 0 0  aaaa99965887a9864789aaa978977348964576a585632
229268 1 25 3 10 3 1 0 0 0  aaaa99975886a9874689aaa968967348974567a585732
229279 1 25 3 10 5 0 1 0 0  aaaa99976885a9876289aaa958957648976447a586733
229283 1 25 3 10 5 2 1 0 0  aaaa99976884a9876289aaa948957648976357a583756
229351 1 25 4 1 5 0 1 0 0  aaaa99965887a9877289aaa978976458985576a364634
229355 1 25 4 1 5 2 1 0 0  aaaa99965887a9877289aaa978976538983476a464655
229465 1 25 4 5 0 0 1 0 0  aaaa99974887a9877389aaa978966378984665a554256
229567 1 25 4 7 5 0 1 0 0  aaaa99975887a9877289aaa978965548983464a657663
229588 1 25 4 8 2 2 0 0 0  aaaa99954887a9853789aaa978977368982676a656445
229594 1 25 4 8 3 2 0 0 0  aaaa99954887a9853789aaa978977368986676a652445
229600 1 25 4 8 4 2 0 0 0  aaaa99954887a9853789aaa978977368982675a666445
229604 1 25 4 8 5 1 0 0 0  aaaa99965887a9864789aaa978977348984576a565632
229664 1 25 4 10 3 1 0 0 0  aaaa99975886a9874689aaa968967348984567a575732
229675 1 25 4 10 5 0 1 0 0  aaaa99976885a9876289aaa958957648986447a576733
229679 1 25 4 10 5 2 1 0 0  aaaa99976884a9876289aaa948957648986357a573756
229787 1 25 5 2 5 2 1 0 0  aaaa99965877a9887889aaa937946837965287a465645
229789 1 25 5 3 0 0 1 0 0  aaaa99967872a9887889aaa977975866955486a644353
229793 1 25 5 3 0 2 1 0 0  aaaa99967872a9887889aaa977975866954386a653544
229825 1 25 5 4 0 0 1 0 0  aaaa99966877a9887889aaa957966825946787a543534
229835 1 25 5 4 1 2 1 0 0  aaaa99954877a9887889aaa967966826954787a356534
229895 1 25 5 5 5 2 1 0 0  aaaa99965877a9887889aaa937976837965286a465445
230003 1 25 5 8 5 2 1 0 0  aaaa99965873a9887889aaa977976837965286a465445
230143 1 25 6 1 5 0 1 0 0  aaaa99965887a9877289aaa978976458965578a364634
230147 1 25 6 1 5 2 1 0 0  aaaa99965887a9877289aaa978976538963478a464655
230302 1 25 6 6 1 2 0 0 0  aaaa99956887a9854789aaa978977378944628a663565
230306 1 25 6 6 2 1 0 0 0  aaaa99965887a9864789aaa978977378944658a663552
230329 1 25 6 7 0 0 1 0 0  aaaa99972887a9877589aaa978966558965668a437443
230331 1 25 6 7 0 1 1 0 0  aaaa99975887a9877589aaa978966528965668a437443
230332 1 25 6 7 0 2 0 0 0  aaaa99975887a9877289aaa978966568935468a467453
230333 1 25 6 7 0 2 1 0 0  aaaa99975887a9877289aaa978966568945368a367454
230359 1 25 6 7 5 0 1 0 0  aaaa99974887a9877289aaa978965458954568a637663
230374 1 25 6 8 1 2 0 0 0  aaaa99954887a9853789aaa978977368966678a652445
230392 1 25 6 8 4 2 0 0 0  aaaa99954887a9853789aaa978977368952678a666445
230396 1 25 6 8 5 1 0 0 0  aaaa99965887a9864789aaa978977348964578a565632
230456 1 25 6 10 3 1 0 0 0  aaaa99975886a9874689aaa968967348974568a575732
230467 1 25 6 10 5 0 1 0 0  aaaa99976885a9876289aaa958957648976448a576733
230471 1 25 6 10 5 2 1 0 0  aaaa99976884a9876289aaa948957648976358a573756
230650 1 25 7 4 5 2 0 0 0  aaaa99965884a9885789aaa977936587964836a775642
230674 1 25 7 5 3 2 0 0 0  aaaa99964887a9883789aaa977966687953875a652445
230680 1 25 7 5 4 2 0 0 0  aaaa99964887a9883789aaa977965387952875a644665
230684 1 25 7 5 5 1 0 0 0  aaaa99965887a9884789aaa977956387963876a562454
230686 1 25 7 5 5 2 0 0 0  aaaa99965887a9885789aaa977946587965876a464332
230698 1 25 7 6 1 2 0 0 0  aaaa99964887a9883789aaa977975387952866a644565
230710 1 25 7 6 3 2 0 0 0  aaaa99964887a9883789aaa977975387952865a666445
230716 1 25 7 6 4 2 0 0 0  aaaa99964887a9883789aaa977975387952865a644665
230720 1 25 7 6 5 1 0 0 0  aaaa99965887a9884789aaa977976387963856a562454
230722 1 25 7 6 5 2 0 0 0  aaaa99965887a9885789aaa977976587965846a464332
230749 1 25 7 7 4 0 1 0 0  aaaa99966887a9885289aaa977976483964857a763545
230751 1 25 7 7 4 1 1 0 0  aaaa99966887a9885289aaa977976483964857a763554
230752 1 25 7 7 4 2 0 0 0  aaaa99966887a9885289aaa977976584965837a764354
230753 1 25 7 7 4 2 1 0 0  aaaa99966887a9885289aaa977976583965847a763445
230757 1 25 7 7 5 1 1 0 0  aaaa99965887a9885589aaa977976582964837a764634
230758 1 25 7 7 5 2 0 0 0  aaaa99965887a9885289aaa977976584965837a764634
230759 1 25 7 7 5 2 1 0 0  aaaa99965887a9885289aaa977976583965847a763446
230770 1 25 7 8 1 2 0 0 0  aaaa99954887a9883789aaa977975386966867a652445
230788 1 25 7 8 4 2 0 0 0  aaaa99954887a9883789aaa977975386952867a666445
230792 1 25 7 8 5 1 0 0 0  aaaa99965887a9884789aaa977976385963847a565642
230806 1 25 7 9 1 2 0 0 0  aaaa99954887a9883789aaa977977386966865a652445
230824 1 25 7 9 4 2 0 0 0  aaaa99954887a9883789aaa977977386952865a666445
230828 1 25 7 9 5 1 0 0 0  aaaa99965887a9884789aaa977977385963846a565642
230935 1 25 8 1 5 0 1 0 0  aaaa99965887a9877289aaa978978458965576a364634
230939 1 25 8 1 5 2 1 0 0  aaaa99965887a9877289aaa978978538963476a464655
231053 1 25 8 5 0 2 1 0 0  aaaa99976887a9877289aaa978968678954665a354534
231248 1 25 8 10 3 1 0 0 0  aaaa99975886a9874689aaa968968348974567a575732
231259 1 25 8 10 5 0 1 0 0  aaaa99976885a9876289aaa958958648976447a576733
231263 1 25 8 10 5 2 1 0 0  aaaa99976884a9876289aaa948958648976357a573756
231325 1 25 9 1 4 0 1 0 0  aaaa99965887a9877289aaa978975536984673a866544
231329 1 25 9 1 4 2 1 0 0  aaaa99964887a9877289aaa978975436983675a866545
231331 1 25 9 1 5 0 1 0 0  aaaa99965887a9877289aaa978976453985576a863644
231333 1 25 9 1 5 1 1 0 0  aaaa99965887a9877289aaa978976455985376a863644
231334 1 25 9 1 5 2 0 0 0  aaaa99965887a9877289aaa978976534985376a864654
231335 1 25 9 1 5 2 1 0 0  aaaa99965887a9877289aaa978976544984376a863655
231402 1 25 9 3 5 0 0 0 0  aaaa99965887a9867789aaa978977454985536a864632
231438 1 25 9 4 5 0 0 0 0  aaaa99965887a9877789aaa978976454985536a864632
231449 1 25 9 5 0 2 1 0 0  aaaa99975887a9877289aaa978966574985663a844356
231490 1 25 9 6 1 2 0 0 0  aaaa99954887a9853789aaa978977376986666a852445
231496 1 25 9 6 2 2 0 0 0  aaaa99954887a9853789aaa978977376982666a856445
231502 1 25 9 6 3 2 0 0 0  aaaa99954887a9853789aaa978977376982666a844565
231508 1 25 9 6 4 2 0 0 0  aaaa99954887a9853789aaa978977376982665a866445
231512 1 25 9 6 5 1 0 0 0  aaaa99965887a9864789aaa978977375983546a865642
231519 1 25 9 7 0 1 1 0 0  aaaa99974887a9877289aaa978966463983565a867545
231546 1 25 9 7 5 0 0 0 0  aaaa99975887a9877289aaa978956543984356a867646
231547 1 25 9 7 5 0 1 0 0  aaaa99975887a9877489aaa978946452985536a867636
231618 1 25 9 9 5 0 0 0 0  aaaa99965887a9864789aaa978977754985536a864632
231627 1 25 9 10 0 1 1 0 0  aaaa99976886a9876689aaa968937455985257a874734
231628 1 25 9 10 0 2 0 0 0  aaaa99976886a9876689aaa968947543985347a875752
231629 1 25 9 10 0 2 1 0 0  aaaa99976886a9876689aaa968937542985447a875735
231630 1 25 9 10 1 0 0 0 0  aaaa99975886a9876689aaa968967454985537a874732
231638 1 25 9 10 2 1 0 0 0  aaaa99975886a9874689aaa968967365983547a875742
231648 1 25 9 10 4 0 0 0 0  aaaa99975886a9874689aaa968967654985537a874732
231655 1 25 9 10 5 0 1 0 0  aaaa99975886a9874289aaa968957566986357a873744
231659 1 25 9 10 5 2 1 0 0  aaaa99975886a9875289aaa968947566986347a873745
231854 1 25 10 5 2 1 0 0 0  aaaa99965887a9884789aaa978976378953666a752445
231856 1 25 10 5 2 2 0 0 0  aaaa99965887a9885789aaa978976578945666a744332
231862 1 25 10 5 3 2 0 0 0  aaaa99964887a9883789aaa978975378952666a756445
231870 1 25 10 5 5 0 0 0 0  aaaa99965887a9884789aaa978976378963556a765442
231872 1 25 10 5 5 1 0 0 0  aaaa99965887a9884789aaa978976378963456a764552
231929 1 25 10 7 2 2 1 0 0  aaaa99975887a9885289aaa978977568966473a464653
231947 1 25 10 7 5 2 1 0 0  aaaa99975887a9885289aaa978977538963476a464656
231958 1 25 10 8 1 2 0 0 0  aaaa99954887a9883789aaa978977368966675a652445
231976 1 25 10 8 4 2 0 0 0  aaaa99954887a9883789aaa978977368952675a666445
231980 1 25 10 8 5 1 0 0 0  aaaa99965887a9884789aaa978977348964576a565632
232040 1 25 10 10 3 1 0 0 0  aaaa99975886a9884689aaa968967348974567a575732
232051 1 25 10 10 5 0 1 0 0  aaaa99976885a9886289aaa958957648976447a576733
232055 1 25 10 10 5 2 1 0 0  aaaa99976884a9886289aaa948957648976357a573756
232115 1 25 11 1 3 2 1 0 0  aaaa99964882a9888789aaa977966687954365a753745
232119 1 25 11 1 4 1 1 0 0  aaaa99966882a9888789aaa977936487964556a755734
232120 1 25 11 1 4 2 0 0 0  aaaa99966882a9888789aaa977946587965446a735753
232121 1 25 11 1 4 2 1 0 0  aaaa99966882a9888789aaa977946587965346a735745
232123 1 25 11 1 5 0 1 0 0  aaaa99965882a9888789aaa977956587964356a763744
232127 1 25 11 1 5 2 1 0 0  aaaa99965882a9888789aaa977946587965346a763745
232147 1 25 11 2 3 0 1 0 0  aaaa99965882a9888789aaa977966687955373a674544
232151 1 25 11 2 3 2 1 0 0  aaaa99964882a9888789aaa977966687954375a673545
232159 1 25 11 2 5 0 1 0 0  aaaa99965882a9888789aaa977956587964376a573644
232163 1 25 11 2 5 2 1 0 0  aaaa99965882a9888789aaa977936587965476a474635
232195 1 25 11 3 5 0 1 0 0  aaaa99965882a9888789aaa977976487964556a375634
232197 1 25 11 3 5 1 1 0 0  aaaa99965882a9888789aaa977976487964536a575634
232198 1 25 11 3 5 2 0 0 0  aaaa99965882a9888789aaa977976587965346a375644
232199 1 25 11 3 5 2 1 0 0  aaaa99965882a9888789aaa977976587965436a474635
232219 1 25 11 4 3 0 1 0 0  aaaa99965882a9888789aaa977966687955363a774544
232223 1 25 11 4 3 2 1 0 0  aaaa99964882a9888789aaa977966687954365a773545
232231 1 25 11 4 5 0 1 0 0  aaaa99965882a9888789aaa977956587964356a773644
232235 1 25 11 4 5 2 1 0 0  aaaa99965882a9888789aaa977946587965346a773645
232339 1 25 11 7 5 0 1 0 0  aaaa99965887a9888289aaa977976485965736a564734
232343 1 25 11 7 5 2 1 0 0  aaaa99965887a9888289aaa977976584965736a464735
232451 1 25 11 10 5 2 1 0 0  aaaa99954882a9888789aaa977977786954635a666534
232534 1 25 12 2 1 2 0 0 0  aaaa99964887a9887789aaa977966388953765a652445
232597 1 25 12 4 0 0 1 0 0  aaaa99975883a9884789aaa977966488973662a575546
232600 1 25 12 4 0 2 0 0 0  aaaa99975882a9885789aaa977966588975664a473436
232601 1 25 12 4 0 2 1 0 0  aaaa99975883a9885789aaa977966588973662a475446
232613 1 25 12 4 2 2 1 0 0  aaaa99975882a9885789aaa977966688975364a673454
232619 1 25 12 4 3 2 1 0 0  aaaa99975882a9885789aaa977966688975346a673445
232625 1 25 12 4 4 2 1 0 0  aaaa99975882a9885789aaa977964688975364a673654
232627 1 25 12 4 5 0 1 0 0  aaaa99975882a9884789aaa977965588974365a673664
232640 1 25 12 5 1 1 0 0 0  aaaa99965887a9884789aaa977966388973765a652445
232642 1 25 12 5 1 2 0 0 0  aaaa99965887a9885789aaa977966588975764a644332
232648 1 25 12 5 2 2 0 0 0  aaaa99954887a9883789aaa977966688973765a652445
232660 1 25 12 5 4 2 0 0 0  aaaa99954887a9883789aaa977965688973765a644625
232666 1 25 12 5 5 2 0 0 0  aaaa99954887a9883789aaa977965388972765a644665
232750 1 25 12 8 1 2 0 0 0  aaaa99964887a9883789aaa977975388952766a644565
232762 1 25 12 8 3 2 0 0 0  aaaa99964887a9883789aaa977975388952765a666445
232768 1 25 12 8 4 2 0 0 0  aaaa99964887a9883789aaa977975388952765a644665
232772 1 25 12 8 5 1 0 0 0  aaaa99965887a9884789aaa977976388963756a562454
232774 1 25 12 8 5 2 0 0 0  aaaa99965887a9885789aaa977976588965746a464332
232843 1 25 12 10 5 0 1 0 0  aaaa99965882a9884789aaa977977788964556a365634
232845 1 25 12 10 5 1 1 0 0  aaaa99965882a9884789aaa977977788964536a565634
232846 1 25 12 10 5 2 0 0 0  aaaa99965882a9885789aaa977977788965346a365644
232847 1 25 12 10 5 2 1 0 0  aaaa99965882a9885789aaa977977788965436a464635
232955 1 25 13 2 5 2 1 0 0  aaaa99965877a9888889aaa938977537965476a464652
232991 1 25 13 3 5 2 1 0 0  aaaa99954877a9888889aaa928977776954635a666534
233023 1 25 13 4 5 0 1 0 0  aaaa99965877a9888889aaa928977477964556a365634
233025 1 25 13 4 5 1 1 0 0  aaaa99965877a9888889aaa928977477964536a565634
233026 1 25 13 4 5 2 0 0 0  aaaa99965877a9888889aaa928977577965346a365644
233027 1 25 13 4 5 2 1 0 0  aaaa99965877a9888889aaa928977577965436a464635
233059 1 25 13 5 5 0 1 0 0  aaaa99965872a9888889aaa978976477964556a365734
233061 1 25 13 5 5 1 1 0 0  aaaa99965872a9888889aaa978976477964536a565734
233062 1 25 13 5 5 2 0 0 0  aaaa99965872a9888889aaa978976577965346a365744
233063 1 25 13 5 5 2 1 0 0  aaaa99965872a9888889aaa978976577965436a464735
233095 1 25 13 6 5 0 1 0 0  aaaa99965872a9888889aaa978977477964556a365634
233097 1 25 13 6 5 1 1 0 0  aaaa99965872a9888889aaa978977477964536a565634
233098 1 25 13 6 5 2 0 0 0  aaaa99965872a9888889aaa978977577965346a365644
233099 1 25 13 6 5 2 1 0 0  aaaa99965872a9888889aaa978977577965436a464635
233207 1 25 13 9 5 2 1 0 0  aaaa99954872a9888889aaa978977776954635a666534
233243 1 25 13 10 5 2 1 0 0  aaaa99954827a9888889aaa978965477977365a653664
233245 1 25 14 0 0 0 1 0 0  aaaa99977888a9866279aaa958958854976766a447533
233267 1 25 14 0 3 2 1 0 0  aaaa99977888a9854679aaa968968862974735a657534
233290 1 25 14 1 1 2 0 0 0  aaaa99954888a9853769aaa978978876963765a672445
233311 1 25 14 1 5 0 1 0 0  aaaa99965888a9864729aaa978978875965736a574634
233326 1 25 14 2 1 2 0 0 0  aaaa99954888a9853769aaa978978876963667a752445
233347 1 25 14 2 5 0 1 0 0  aaaa99965888a9864729aaa978978875965537a764634
233351 1 25 14 2 5 2 1 0 0  aaaa99965888a9865729aaa978978874965437a764635
233363 1 25 14 3 1 2 1 0 0  aaaa99956888a9854779aaa928978877974666a356534
233383 1 25 14 3 5 0 1 0 0  aaaa99965888a9864779aaa928978877974556a365634
233385 1 25 14 3 5 1 1 0 0  aaaa99965888a9864779aaa928978877974536a565634
233386 1 25 14 3 5 2 0 0 0  aaaa99965888a9865779aaa928978877975346a365644
233387 1 25 14 3 5 2 1 0 0  aaaa99965888a9865779aaa928978877975436a464635
233398 1 25 14 4 1 2 0 0 0  aaaa99954888a9853769aaa978978876963767a652445
233419 1 25 14 4 5 0 1 0 0  aaaa99965888a9864729aaa978978875965737a564634
233455 1 25 14 5 5 0 1 0 0  aaaa99965888a9864729aaa978978877964556a365734
233457 1 25 14 5 5 1 1 0 0  aaaa99965888a9864729aaa978978877964536a565734
233458 1 25 14 5 5 2 0 0 0  aaaa99965888a9865729aaa978978877965346a365744
233459 1 25 14 5 5 2 1 0 0  aaaa99965888a9865729aaa978978877965436a464735
233471 1 25 14 6 1 2 1 0 0  aaaa99956888a9854729aaa978978877974666a356534
233491 1 25 14 6 5 0 1 0 0  aaaa99965888a9864729aaa978978877974556a365634
233493 1 25 14 6 5 1 1 0 0  aaaa99965888a9864729aaa978978877974536a565634
233494 1 25 14 6 5 2 0 0 0  aaaa99965888a9865729aaa978978877975346a365644
233495 1 25 14 6 5 2 1 0 0  aaaa99965888a9865729aaa978978877975436a464635
233531 1 25 14 7 5 2 1 0 0  aaaa99965888a9865779aaa938938877965476a474652
233544 1 25 14 8 2 0 0 0 0  aaaa99955888a9854779aaa948968877974673a665362
233567 1 25 14 8 5 2 1 0 0  aaaa99965888a9865779aaa938938877975476a464652
233580 1 25 14 9 2 0 0 0 0  aaaa99955888a9854779aaa928968877977666a345364
233581 1 25 14 9 2 0 1 0 0  aaaa99955888a9845779aaa928968877977666a353464
233585 1 25 14 9 2 2 1 0 0  aaaa99954888a9854779aaa928968877977666a353564
233586 1 25 14 9 3 0 0 0 0  aaaa99955888a9854779aaa928968877977666a346354
233587 1 25 14 9 3 0 1 0 0  aaaa99955888a9835779aaa928968877977666a456443
233591 1 25 14 9 3 2 1 0 0  aaaa99954888a9854779aaa928968877977666a356534
233592 1 25 14 9 4 0 0 0 0  aaaa99955888a9854779aaa928968877977634a666354
233593 1 25 14 9 4 0 1 0 0  aaaa99955888a9835779aaa928968877977645a666443
233597 1 25 14 9 4 2 1 0 0  aaaa99954888a9854779aaa928968877977635a666534
233598 1 25 14 9 5 0 0 0 0  aaaa99955888a9854779aaa928968877977364a635664
233599 1 25 14 9 5 0 1 0 0  aaaa99955888a9835779aaa928968877977465a644663
233603 1 25 14 9 5 2 1 0 0  aaaa99954888a9854779aaa928968877977365a653664
233616 1 25 14 10 2 0 0 0 0  aaaa99955888a9854279aaa978968877977666a345364
233617 1 25 14 10 2 0 1 0 0  aaaa99955888a9845279aaa978968877977666a353464
233621 1 25 14 10 2 2 1 0 0  aaaa99954888a9854279aaa978968877977666a353564
233622 1 25 14 10 3 0 0 0 0  aaaa99955888a9854279aaa978968877977666a346354
233623 1 25 14 10 3 0 1 0 0  aaaa99955888a9835279aaa978968877977666a456443
233627 1 25 14 10 3 2 1 0 0  aaaa99954888a9854279aaa978968877977666a356534
233628 1 25 14 10 4 0 0 0 0  aaaa99955888a9854279aaa978968877977634a666354
233629 1 25 14 10 4 0 1 0 0  aaaa99955888a9835279aaa978968877977645a666443
233633 1 25 14 10 4 2 1 0 0  aaaa99954888a9854279aaa978968877977635a666534
233634 1 25 14 10 5 0 0 0 0  aaaa99955888a9854279aaa978968877977364a635664
233635 1 25 14 10 5 0 1 0 0  aaaa99955888a9835279aaa978968877977465a644663
233639 1 25 14 10 5 2 1 0 0  aaaa99954888a9854279aaa978968877977365a653664
233645 1 25 15 0 0 2 1 0 0  aaaa99977827a9887889aaa967967463954685a853645
233670 1 25 15 0 5 0 0 0 0  aaaa99977827a9887889aaa967957566966384a835544
233671 1 25 15 0 5 0 1 0 0  aaaa99977847a9887889aaa967947466966585a835523
233692 1 25 15 1 2 2 0 0 0  aaaa99954877a9887889aaa967966366953785a872445
233722 1 25 15 2 1 2 0 0 0  aaaa99954877a9887889aaa967966367953687a852445
233747 1 25 15 2 5 2 1 0 0  aaaa99965877a9887889aaa947936547964287a865635
233800 1 25 15 4 2 2 0 0 0  aaaa99954877a9887889aaa967966366953787a852445
233855 1 25 15 5 5 2 1 0 0  aaaa99965877a9887889aaa947976547964286a865353
233927 1 25 15 7 5 2 1 0 0  aaaa99967877a9887889aaa937946537965286a865445
233950 1 25 15 8 3 2 0 0 0  aaaa99964876a9887889aaa977975367963685a852445
233963 1 25 15 8 5 2 1 0 0  aaaa99965874a9887889aaa977976547964286a865353
233986 1 25 15 9 3 2 0 0 0  aaaa99954876a9887889aaa977977366953286a856445
234038 1 25 16 0 0 1 0 0 0  aaaa99985877a9884889aaa967965367953687a744625
234040 1 25 16 0 0 2 0 0 0  aaaa99985877a9885889aaa967964567935687a744623
234044 1 25 16 0 1 1 0 0 0  aaaa99985877a9884889aaa967966367953687a752445
234046 1 25 16 0 1 2 0 0 0  aaaa99985877a9885889aaa967966567945687a744332
234071 1 25 16 0 5 2 1 0 0  aaaa99985877a9885889aaa947936547964287a765636
234088 1 25 16 1 2 2 0 0 0  aaaa99984877a9887889aaa967966366953785a752445
234251 1 25 16 5 5 2 1 0 0  aaaa99985877a9887889aaa937976537965486a464652
234323 1 25 16 7 5 2 1 0 0  aaaa99987877a9887889aaa937946537965286a465645
234334 1 25 16 8 1 2 0 0 0  aaaa99984876a9887889aaa977975367963685a652445
234355 1 25 16 8 5 0 1 0 0  aaaa99985872a9887889aaa977976457965586a364634
234359 1 25 16 8 5 2 1 0 0  aaaa99985873a9887889aaa977976537965486a464652
234361 1 25 16 9 0 0 1 0 0  aaaa99985872a9887889aaa977977366955486a644536
234365 1 25 16 9 0 2 1 0 0  aaaa99985873a9887889aaa977977566935486a644256
234433 1 25 17 0 0 0 1 0 0  aaaa99977872a9888889aaa966957576957486a644533
234436 1 25 17 0 0 2 0 0 0  aaaa99977872a9888889aaa966937476957486a654535
234437 1 25 17 0 0 2 1 0 0  aaaa99977872a9888889aaa963967376957685a444565
234503 1 25 17 1 5 2 1 0 0  aaaa99965877a9888889aaa937976537965486a474652
234575 1 25 17 3 5 2 1 0 0  aaaa99965877a9888889aaa937977537965486a464652
234611 1 25 17 4 5 2 1 0 0  aaaa99965877a9888889aaa937976537975486a464652
234617 1 25 17 5 0 2 1 0 0  aaaa99966876a9888889aaa977943627967587a555443
234622 1 25 17 5 1 2 0 0 0  aaaa99954873a9888889aaa977966637957687a652445
234641 1 25 17 5 4 2 1 0 0  aaaa99954872a9888889aaa977935467957687a666534
234645 1 25 17 5 5 1 1 0 0  aaaa99964872a9888889aaa977936457967587a565634
234647 1 25 17 5 5 2 1 0 0  aaaa99965873a9888889aaa977946537967287a465645
234649 1 25 17 6 0 0 1 0 0  aaaa99966872a9888889aaa977975667974586a534543
234679 1 25 17 6 5 0 1 0 0  aaaa99965872a9888889aaa977976457975586a364634
234683 1 25 17 6 5 2 1 0 0  aaaa99965873a9888889aaa977976537975486a464652
234736 1 25 17 8 2 2 0 0 0  aaaa99954877a9888889aaa967977366953785a662445
234874 1 25 18 1 1 2 0 0 0  aaaa99954888a9883779aaa968977876963765a652445
234895 1 25 18 1 5 0 1 0 0  aaaa99965888a9884779aaa928977875965736a564634
234910 1 25 18 2 1 2 0 0 0  aaaa99954888a9883779aaa968977867963675a652445
234931 1 25 18 2 5 0 1 0 0  aaaa99965888a9884779aaa928977857965576a364634
234935 1 25 18 2 5 2 1 0 0  aaaa99965888a9885779aaa938977837965476a464652
234946 1 25 18 3 1 2 0 0 0  aaaa99954888a9883769aaa978977876963765a652445
234967 1 25 18 3 5 0 1 0 0  aaaa99965888a9884729aaa978977875965736a564634
235003 1 25 18 4 5 0 1 0 0  aaaa99965888a9884779aaa928977877964556a365634
235005 1 25 18 4 5 1 1 0 0  aaaa99965888a9884779aaa928977877964536a565634
235006 1 25 18 4 5 2 0 0 0  aaaa99965888a9885779aaa928977877965346a365644
235007 1 25 18 4 5 2 1 0 0  aaaa99965888a9885779aaa928977877965436a464635
235039 1 25 18 5 5 0 1 0 0  aaaa99965888a9884729aaa978976877964556a365734
235041 1 25 18 5 5 1 1 0 0  aaaa99965888a9884729aaa978976877964536a565734
235042 1 25 18 5 5 2 0 0 0  aaaa99965888a9885729aaa978976877965346a365744
235043 1 25 18 5 5 2 1 0 0  aaaa99965888a9885729aaa978976877965436a464735
235075 1 25 18 6 5 0 1 0 0  aaaa99965888a9884729aaa978977877964556a365634
235077 1 25 18 6 5 1 1 0 0  aaaa99965888a9884729aaa978977877964536a565634
235078 1 25 18 6 5 2 0 0 0  aaaa99965888a9885729aaa978977877965346a365644
235079 1 25 18 6 5 2 1 0 0  aaaa99965888a9885729aaa978977877965436a464635
235081 1 25 18 7 0 0 1 0 0  aaaa99975888a9883779aaa928977866955476a644536
235085 1 25 18 7 0 2 1 0 0  aaaa99975888a9885779aaa938977866935476a644256
235126 1 25 18 8 1 2 0 0 0  aaaa99954888a9883769aaa978977876963665a752445
235147 1 25 18 8 5 0 1 0 0  aaaa99965888a9884729aaa978977875965536a764634
235151 1 25 18 8 5 2 1 0 0  aaaa99965888a9885729aaa978977874965436a764635
235181 1 25 18 9 4 2 1 0 0  aaaa99954888a9884779aaa928965877977635a666534
235187 1 25 18 9 5 2 1 0 0  aaaa99954888a9884779aaa928965877977365a653664
235217 1 25 18 10 4 2 1 0 0  aaaa99954888a9884279aaa978965877977635a666534
235223 1 25 18 10 5 2 1 0 0  aaaa99954888a9884279aaa978965877977365a653664
235235 1 25 19 0 1 2 1 0 0  aaaa99977887a9887789aaa968967662954635a854534
235330 1 25 19 2 5 2 0 0 0  aaaa99965887a9887789aaa978976544965276a864353
235331 1 25 19 2 5 2 1 0 0  aaaa99965887a9887789aaa978976524965476a864353
235354 1 25 19 3 3 2 0 0 0  aaaa99954887a9887789aaa978977366963265a856445
235362 1 25 19 3 5 0 0 0 0  aaaa99965887a9887789aaa978977454965536a864632
235382 1 25 19 4 2 1 0 0 0  aaaa99965886a9884789aaa978976376963757a844552
235414 1 25 19 5 1 2 0 0 0  aaaa99954887a9883789aaa978975376966665a844725
235432 1 25 19 5 4 2 0 0 0  aaaa99954887a9883789aaa978975376944665a866725
235436 1 25 19 5 5 1 0 0 0  aaaa99965887a9884789aaa978976375963546a865742
235450 1 25 19 6 1 2 0 0 0  aaaa99954887a9883789aaa978977376966665a852445
235468 1 25 19 6 4 2 0 0 0  aaaa99954887a9883789aaa978977376952665a866445
235472 1 25 19 6 5 1 0 0 0  aaaa99965887a9884789aaa978977375963546a865642
235477 1 25 19 7 0 0 1 0 0  aaaa99975887a9884389aaa978977366955276a856644
235481 1 25 19 7 0 2 1 0 0  aaaa99975887a9885389aaa978977366945276a846654
235483 1 25 19 7 1 0 1 0 0  aaaa99975887a9884389aaa978977366956276a855644
235487 1 25 19 7 1 2 1 0 0  aaaa99975887a9885289aaa978977566936476a844653
235489 1 25 19 7 2 0 1 0 0  aaaa99975887a9884389aaa978977366964575a825646
235491 1 25 19 7 2 1 1 0 0  aaaa99975887a9884389aaa978977366964572a855646
235492 1 25 19 7 2 2 0 0 0  aaaa99975887a9885289aaa978977566965473a834646
235493 1 25 19 7 2 2 1 0 0  aaaa99975887a9885389aaa978977366965472a844656
235495 1 25 19 7 3 0 1 0 0  aaaa99975887a9884389aaa978977362966675a855644
235499 1 25 19 7 3 2 1 0 0  aaaa99975887a9885289aaa978977564966673a844653
235504 1 25 19 7 4 2 0 0 0  aaaa99975887a9885289aaa978977566966374a835644
235505 1 25 19 7 4 2 1 0 0  aaaa99975887a9885289aaa978977566966473a844653
235507 1 25 19 7 5 0 1 0 0  aaaa99975887a9884289aaa978977453965576a863646
235509 1 25 19 7 5 1 1 0 0  aaaa99975887a9884289aaa978977455965376a863646
235510 1 25 19 7 5 2 0 0 0  aaaa99975887a9885289aaa978977534965376a864646
235511 1 25 19 7 5 2 1 0 0  aaaa99975887a9885289aaa978977544964376a863656
235570 1 25 19 9 3 2 0 0 0  aaaa99954887a9883789aaa978977766963265a856445
235578 1 25 19 9 5 0 0 0 0  aaaa99965887a9884789aaa978977754965536a864632
235594 1 25 19 10 1 2 0 0 0  aaaa99954887a9883689aaa978966377977665a852445
235615 1 25 19 10 5 0 1 0 0  aaaa99965887a9884289aaa978956577977356a863644
235619 1 25 19 10 5 2 1 0 0  aaaa99965887a9885289aaa978946577977346a863645
235666 1 25 20 1 1 2 0 0 0  aaaa99954886a9888789aaa978975376963765a672445
235687 1 25 20 1 5 0 1 0 0  aaaa99965882a9888789aaa978976475965736a574634
235702 1 25 20 2 1 2 0 0 0  aaaa99954886a9888789aaa978975376963667a752445
235723 1 25 20 2 5 0 1 0 0  aaaa99965882a9888789aaa978976475965537a764634
235727 1 25 20 2 5 2 1 0 0  aaaa99965882a9888789aaa978976574965437a764635
235738 1 25 20 3 1 2 0 0 0  aaaa99954886a9888789aaa978977376963765a652445
235759 1 25 20 3 5 0 1 0 0  aaaa99965882a9888789aaa978977475965736a564634
235774 1 25 20 4 1 2 0 0 0  aaaa99954886a9888789aaa978975376963767a652445
235795 1 25 20 4 5 0 1 0 0  aaaa99965882a9888789aaa978976475965737a564634
235873 1 25 20 7 0 0 1 0 0  aaaa99975887a9888389aaa978977366955476a644526
235877 1 25 20 7 0 2 1 0 0  aaaa99975887a9888289aaa978977566935476a644356
235879 1 25 20 7 1 0 1 0 0  aaaa99974887a9888289aaa978977466956376a553654
235887 1 25 20 7 2 1 1 0 0  aaaa99974887a9888389aaa978977366964575a626545
235889 1 25 20 7 2 2 1 0 0  aaaa99974887a9888389aaa978977366964275a656545
235891 1 25 20 7 3 0 1 0 0  aaaa99975887a9888389aaa978977366956476a644552
235895 1 25 20 7 3 2 1 0 0  aaaa99974887a9888289aaa978977466956376a653545
235901 1 25 20 7 4 2 1 0 0  aaaa99974887a9888289aaa978977466966375a653545
235907 1 25 20 7 5 2 1 0 0  aaaa99974887a9888289aaa978977436953675a666545
235924 1 25 20 8 2 2 0 0 0  aaaa99954887a9888789aaa978977366963275a656445
236015 1 25 20 10 5 2 1 0 0  aaaa99954887a9888289aaa978965477977365a653664
236123 1 25 21 2 5 2 1 0 0  aaaa99965888a9888779aaa938977537965476a464652
236159 1 25 21 3 5 2 1 0 0  aaaa99954888a9888779aaa928977776954635a666534
236191 1 25 21 4 5 0 1 0 0  aaaa99965888a9888779aaa928977477964556a365634
236193 1 25 21 4 5 1 1 0 0  aaaa99965888a9888779aaa928977477964536a565634
236194 1 25 21 4 5 2 0 0 0  aaaa99965888a9888779aaa928977577965346a365644
236195 1 25 21 4 5 2 1 0 0  aaaa99965888a9888779aaa928977577965436a464635
236227 1 25 21 5 5 0 1 0 0  aaaa99965888a9888729aaa978976477964556a365734
236229 1 25 21 5 5 1 1 0 0  aaaa99965888a9888729aaa978976477964536a565734
236230 1 25 21 5 5 2 0 0 0  aaaa99965888a9888729aaa978976577965346a365744
236231 1 25 21 5 5 2 1 0 0  aaaa99965888a9888729aaa978976577965436a464735
236263 1 25 21 6 5 0 1 0 0  aaaa99965888a9888729aaa978977477964556a365634
236265 1 25 21 6 5 1 1 0 0  aaaa99965888a9888729aaa978977477964536a565634
236266 1 25 21 6 5 2 0 0 0  aaaa99965888a9888729aaa978977577965346a365644
236267 1 25 21 6 5 2 1 0 0  aaaa99965888a9888729aaa978977577965436a464635
236375 1 25 21 9 5 2 1 0 0  aaaa99954888a9888729aaa978977776954635a666534
236411 1 25 21 10 5 2 1 0 0  aaaa99954888a9888279aaa978965477977365a653664
236519 1 25 22 2 5 2 1 0 0  aaaa99965783a9775879aaa988988837965476a464652
236555 1 25 22 3 5 2 1 0 0  aaaa99954782a9777879aaa988988876954635a666534
236587 1 25 22 4 5 0 1 0 0  aaaa99965782a9774879aaa988988877964556a365634
236589 1 25 22 4 5 1 1 0 0  aaaa99965782a9774879aaa988988877964536a565634
236590 1 25 22 4 5 2 0 0 0  aaaa99965782a9775879aaa988988877965346a365644
236591 1 25 22 4 5 2 1 0 0  aaaa99965782a9775879aaa988988877965436a464635
236623 1 25 22 5 5 0 1 0 0  aaaa99965787a9764829aaa988988877964556a365734
236625 1 25 22 5 5 1 1 0 0  aaaa99965787a9764829aaa988988877964536a565734
236626 1 25 22 5 5 2 0 0 0  aaaa99965787a9765829aaa988988877965346a365744
236627 1 25 22 5 5 2 1 0 0  aaaa99965787a9765829aaa988988877965436a464735
236659 1 25 22 6 5 0 1 0 0  aaaa99965787a9774829aaa988988877964556a365634
236661 1 25 22 6 5 1 1 0 0  aaaa99965787a9774829aaa988988877964536a565634
236662 1 25 22 6 5 2 0 0 0  aaaa99965787a9775829aaa988988877965346a365644
236663 1 25 22 6 5 2 1 0 0  aaaa99965787a9775829aaa988988877965436a464635
236771 1 25 22 9 5 2 1 0 0  aaaa99954787a9777829aaa988988876954635a666534
236807 1 25 22 10 5 2 1 0 0  aaaa99954287a9654879aaa988988877977365a653664
236845 1 26 0 1 0 0 1 0 0  aaaa99995887a9774299aaa887966487636756a838545
236860 1 26 0 1 2 2 0 0 0  aaaa99994887a9773699aaa887966387652765a858445
236874 1 26 0 1 5 0 0 0 0  aaaa99995887a9773299aaa887965587644765a848663
236890 1 26 0 2 1 2 0 0 0  aaaa99994887a9773699aaa886976387652765a858445
236911 1 26 0 2 5 0 1 0 0  aaaa99995887a9774299aaa885976587364756a868634
236953 1 26 0 4 0 0 1 0 0  aaaa99997887a9775299aaa886964783637655a868454
236955 1 26 0 4 0 1 1 0 0  aaaa99997887a9775299aaa886964783637654a868554
236956 1 26 0 4 0 2 0 0 0  aaaa99997887a9774299aaa886965783637645a868545
236957 1 26 0 4 0 2 1 0 0  aaaa99997887a9773299aaa886965786457645a858643
236983 1 26 0 4 5 0 1 0 0  aaaa99997887a9772399aaa883965785657564a848664
236987 1 26 0 4 5 2 1 0 0  aaaa99997887a9772399aaa883965784657465a848665
236990 1 26 0 5 0 1 0 0 0  aaaa99994887a9773499aaa886976487567265a858563
236991 1 26 0 5 0 1 1 0 0  aaaa99994887a9774399aaa886976387567265a858564
236992 1 26 0 5 0 2 0 0 0  aaaa99995887a9775299aaa886976587467364a838465
236993 1 26 0 5 0 2 1 0 0  aaaa99994887a9774399aaa886976387657265a868545
236998 1 26 0 5 1 2 0 0 0  aaaa99994887a9773699aaa886976387657265a858445
237018 1 26 0 5 5 0 0 0 0  aaaa99995887a9774299aaa885976587467536a868346
237023 1 26 0 5 5 2 1 0 0  aaaa99995887a9775299aaa884976587367446a868635
237059 1 26 0 6 5 2 1 0 0  aaaa99995887a9777399aaa883976584464276a868655
237064 1 26 0 7 0 2 0 0 0  aaaa99995887a9775299aaa886976587365467a848364
237065 1 26 0 7 0 2 1 0 0  aaaa99995887a9775399aaa886976387645267a868454
237068 1 26 0 7 1 1 0 0 0  aaaa99994887a9773699aaa886976387652567a858445
237070 1 26 0 7 1 2 0 0 0  aaaa99995887a9775699aaa886976587645467a848332
237099 1 26 0 8 0 1 1 0 0  aaaa99994887a9777399aaa886976387564265a858564
237101 1 26 0 8 0 2 1 0 0  aaaa99994887a9777399aaa886976387654265a868545
237106 1 26 0 8 1 2 0 0 0  aaaa99994887a9777699aaa886976387653265a858445
237131 1 26 0 8 5 2 1 0 0  aaaa99995887a9777299aaa884976587365446a868635
237203 1 26 0 10 5 2 1 0 0  aaaa99995884a9765399aaa883976584764276a868775
237241 1 26 1 1 0 0 1 0 0  aaaa99996888a9777399aaa876973675465886a528445
237270 1 26 1 1 5 0 0 0 0  aaaa99995888a9777499aaa872976475365886a568634
237274 1 26 1 1 5 2 0 0 0  aaaa99995888a9777399aaa873976574465886a268645
237275 1 26 1 1 5 2 1 0 0  aaaa99995888a9777399aaa873976572465886a468645
237311 1 26 1 2 5 2 1 0 0  aaaa99994888a9777799aaa862975466676885a358534
237383 1 26 1 4 5 2 1 0 0  aaaa99994888a9777799aaa872975466666885a358534
237457 1 26 1 7 0 0 1 0 0  aaaa99997888a9777299aaa866975546474886a658353
237473 1 26 1 7 2 2 1 0 0  aaaa99997888a9777699aaa866975426674885a358534
237671 1 26 2 1 5 2 1 0 0  aaaa99995888a9777399aaa873976572465846a868645
237781 1 26 2 5 0 0 1 0 0  aaaa99995888a9777299aaa866975546744867a868533
237785 1 26 2 5 0 2 1 0 0  aaaa99994888a9777299aaa866975436753867a868545
237853 1 26 2 7 0 0 1 0 0  aaaa99997888a9777299aaa866975546474865a868353
237971 1 26 2 10 1 2 1 0 0  aaaa99994888a9666799aaa877977762654835a858534
238032 1 26 3 1 0 0 0 0 0  aaaa99996888a9777299aaa878976676565354a838445
238033 1 26 3 1 0 0 1 0 0  aaaa99996888a9777299aaa878976676563554a858434
238036 1 26 3 1 0 2 0 0 0  aaaa99996888a9777299aaa878976676564354a838554
238037 1 26 3 1 0 2 1 0 0  aaaa99996888a9777299aaa878976675555646a838443
238061 1 26 3 1 4 2 1 0 0  aaaa99994888a9777299aaa878975476666635a858534
238063 1 26 3 1 5 0 1 0 0  aaaa99994888a9777399aaa878976375564526a868654
238065 1 26 3 1 5 1 1 0 0  aaaa99994888a9777299aaa878976475565536a868634
238066 1 26 3 1 5 2 0 0 0  aaaa99995888a9777299aaa878976574465436a868635
238067 1 26 3 1 5 2 1 0 0  aaaa99995888a9777299aaa878976573465346a868645
238157 1 26 3 4 2 2 1 0 0  aaaa99994888a9777799aaa878975466356266a858534
238163 1 26 3 4 3 2 1 0 0  aaaa99994888a9777799aaa878975466356265a868534
238207 1 26 3 5 5 0 1 0 0  aaaa99992888a9777499aaa868974466766557a858353
238228 1 26 3 6 2 2 0 0 0  aaaa99994888a9666799aaa878977377653265a858445
238240 1 26 3 6 4 2 0 0 0  aaaa99994888a9656799aaa878977377644265a858635
238246 1 26 3 6 5 2 0 0 0  aaaa99994888a9653799aaa878977377644265a858665
238253 1 26 3 7 0 2 1 0 0  aaaa99997888a9777299aaa868975664474635a858365
238306 1 26 3 8 3 2 0 0 0  aaaa99994888a9744799aaa878977376663625a858565
238314 1 26 3 8 5 0 0 0 0  aaaa99995888a9764799aaa878977375465526a868643
238369 1 26 3 10 2 0 1 0 0  aaaa99995888a9666399aaa878965377777264a848554
238373 1 26 3 10 2 2 1 0 0  aaaa99994888a9666399aaa878965377777265a858544
238375 1 26 3 10 3 0 1 0 0  aaaa99992888a9666499aaa878964477777556a858353
238391 1 26 3 10 5 2 1 0 0  aaaa99994888a9654399aaa878965377777265a858664
238430 1 26 4 1 0 1 0 0 0  aaaa99998888a9777299aaa878976676564555a348364
238431 1 26 4 1 0 1 1 0 0  aaaa99998888a9777299aaa878976676565354a538464
238432 1 26 4 1 0 2 0 0 0  aaaa99998888a9777299aaa878976676564354a538564
238433 1 26 4 1 0 2 1 0 0  aaaa99998888a9777299aaa878976673546656a538454
238573 1 26 4 5 0 0 1 0 0  aaaa99998888a9777299aaa868976465754567a368534
238602 1 26 4 5 5 0 0 0 0  aaaa99998888a9777299aaa868975566766347a358454
238603 1 26 4 5 5 0 1 0 0  aaaa99998888a9777499aaa868974466766557a358352
238636 1 26 4 6 4 2 0 0 0  aaaa99998888a9664799aaa878977377653265a658445
238642 1 26 4 6 5 2 0 0 0  aaaa99998888a9654799aaa878977377644265a658635
238645 1 26 4 7 0 0 1 0 0  aaaa99998888a9777399aaa868976365547567a268454
238649 1 26 4 7 0 2 1 0 0  aaaa99998888a9777399aaa868976362547657a548654
238674 1 26 4 7 5 0 0 0 0  aaaa99998888a9777299aaa868975566667347a358454
238675 1 26 4 7 5 0 1 0 0  aaaa99998888a9777499aaa868974466667557a358352
238702 1 26 4 8 3 2 0 0 0  aaaa99998888a9753799aaa878977376662645a448565
238770 1 26 4 10 3 0 0 0 0  aaaa99998888a9666299aaa878965577777346a358454
238771 1 26 4 10 3 0 1 0 0  aaaa99998888a9666499aaa878964477777556a358352
238787 1 26 4 10 5 2 1 0 0  aaaa99998888a9654399aaa878965377777265a658644
238790 1 26 5 0 0 1 0 0 0  aaaa99995878a9874899aaa876968387644677a563552
238852 1 26 5 1 4 2 0 0 0  aaaa99994878a9877899aaa872968687653765a653445
238914 1 26 5 3 3 0 0 0 0  aaaa99995878a9874899aaa877978386663654a575264
238926 1 26 5 3 5 0 0 0 0  aaaa99995878a9874899aaa877978385645562a673664
238998 1 26 5 5 5 0 0 0 0  aaaa99995878a9877899aaa877968485645562a673634
239076 1 26 5 8 0 0 0 0 0  aaaa99995878a9874899aaa877978387663665a455246
239249 1 26 6 1 4 2 1 0 0  aaaa99998888a9777299aaa878975476666865a354534
239255 1 26 6 1 5 2 1 0 0  aaaa99998888a9777299aaa878975473654865a653664
239309 1 26 6 3 2 2 1 0 0  aaaa99998888a9666799aaa878977427654865a357534
239428 1 26 6 6 4 2 0 0 0  aaaa99998888a9664799aaa878977377653865a652445
239434 1 26 6 6 5 2 0 0 0  aaaa99998888a9654799aaa878977377653865a644625
239439 1 26 6 7 0 1 1 0 0  aaaa99998888a9777299aaa868976565575863a467443
239441 1 26 6 7 0 2 1 0 0  aaaa99998888a9777299aaa868974663573856a547564
239561 1 26 6 10 2 2 1 0 0  aaaa99998888a9666299aaa878965477777865a354534
239704 1 26 7 3 2 2 0 0 0  aaaa99994888a9853799aaa877974467663825a678565
239824 1 26 7 6 4 2 0 0 0  aaaa99994888a9853799aaa877974427676865a658635
239861 1 26 7 7 4 2 1 0 0  aaaa99994888a9854399aaa877975367666827a658574
239865 1 26 7 7 5 1 1 0 0  aaaa99994888a9864399aaa877976357565827a568674
239866 1 26 7 7 5 2 0 0 0  aaaa99995888a9865299aaa877976547364847a368675
239867 1 26 7 7 5 2 1 0 0  aaaa99995888a9865299aaa877976547464837a368675
239884 1 26 7 8 2 2 0 0 0  aaaa99994888a9853799aaa877974467663827a658565
239920 1 26 7 9 2 2 0 0 0  aaaa99994888a9844799aaa877977367663825a658565
240078 1 26 8 2 5 0 0 0 0  aaaa99998888a9777299aaa858987576754634a666354
240079 1 26 8 2 5 0 1 0 0  aaaa99998888a9777599aaa858987376753645a666442
240121 1 26 8 4 0 0 1 0 0  aaaa99998888a9777299aaa878986676765554a345364
240122 1 26 8 4 0 1 0 0 0  aaaa99998888a9777299aaa878986676764555a345364
240123 1 26 8 4 0 1 1 0 0  aaaa99998888a9777299aaa878986676765534a545364
240124 1 26 8 4 0 2 0 0 0  aaaa99998888a9777299aaa878986676764534a555364
240125 1 26 8 4 0 2 1 0 0  aaaa99998888a9777299aaa878986675736646a555443
240149 1 26 8 4 4 2 1 0 0  aaaa99998888a9777299aaa878985476756635a664534
240150 1 26 8 4 5 0 0 0 0  aaaa99998888a9777299aaa878985576754634a666354
240151 1 26 8 4 5 0 1 0 0  aaaa99998888a9777299aaa878985576735645a666443
240155 1 26 8 4 5 2 1 0 0  aaaa99998888a9777299aaa878985476754635a666534
240229 1 26 8 7 0 0 1 0 0  aaaa99998888a9777299aaa868987665745634a547365
240231 1 26 8 7 0 1 1 0 0  aaaa99998888a9777299aaa868987665755634a547364
240232 1 26 8 7 0 2 0 0 0  aaaa99998888a9777299aaa868987664754635a357564
240233 1 26 8 7 0 2 1 0 0  aaaa99998888a9777299aaa868987663753645a457465
240347 1 26 8 10 1 2 1 0 0  aaaa99998888a9666299aaa878985477777665a354534
240349 1 26 8 10 2 0 1 0 0  aaaa99998888a9666299aaa878985577777465a644353
240353 1 26 8 10 2 2 1 0 0  aaaa99998888a9666299aaa878985477777365a653544
240365 1 26 8 10 4 2 1 0 0  aaaa99998888a9654299aaa878985477777635a666534
240371 1 26 8 10 5 2 1 0 0  aaaa99998888a9654299aaa878985477777365a653664
240409 1 26 9 1 0 0 1 0 0  aaaa99998888a9777299aaa878976678665554a346354
240410 1 26 9 1 0 1 0 0 0  aaaa99998888a9777299aaa878976678664555a346354
240411 1 26 9 1 0 1 1 0 0  aaaa99998888a9777299aaa878976678665354a536454
240412 1 26 9 1 0 2 0 0 0  aaaa99998888a9777299aaa878976678664354a536554
240413 1 26 9 1 0 2 1 0 0  aaaa99998888a9777299aaa878976678546656a543534
240432 1 26 9 1 4 0 0 0 0  aaaa99998888a9777299aaa878975578654634a666354
240433 1 26 9 1 4 0 1 0 0  aaaa99998888a9777299aaa878975578635645a666443
240437 1 26 9 1 4 2 1 0 0  aaaa99998888a9777299aaa878975478654635a666534
240438 1 26 9 1 5 0 0 0 0  aaaa99998888a9777299aaa878975578654364a635664
240439 1 26 9 1 5 0 1 0 0  aaaa99998888a9777299aaa878975578635465a644663
240443 1 26 9 1 5 2 1 0 0  aaaa99998888a9777299aaa878975478654365a653664
240508 1 26 9 3 4 2 0 0 0  aaaa99998888a9664799aaa878977378653765a652445
240514 1 26 9 3 5 2 0 0 0  aaaa99998888a9654799aaa878977378653765a644625
240582 1 26 9 5 5 0 0 0 0  aaaa99998888a9777299aaa858976558764347a365646
240583 1 26 9 5 5 0 1 0 0  aaaa99998888a9777599aaa858976358763547a462646
240625 1 26 9 7 0 0 1 0 0  aaaa99998888a9777399aaa868976368472565a567445
240742 1 26 9 10 1 2 0 0 0  aaaa99998888a9754699aaa868976368753675a744725
240763 1 26 9 10 5 0 1 0 0  aaaa99998888a9765299aaa858976558764376a763744
240767 1 26 9 10 5 2 1 0 0  aaaa99998888a9765299aaa848976548764376a763755
240862 1 26 10 2 3 2 0 0 0  aaaa99998888a9854799aaa878975376663627a744565
240870 1 26 10 2 5 0 0 0 0  aaaa99998888a9865799aaa878976475465527a763643
241023 1 26 10 7 0 1 1 0 0  aaaa99998888a9874399aaa878977376655626a754564
241025 1 26 10 7 0 2 1 0 0  aaaa99998888a9874399aaa878977376654626a754565
241041 1 26 10 7 3 1 1 0 0  aaaa99998888a9874399aaa878977376664655a754265
241043 1 26 10 7 3 2 1 0 0  aaaa99998888a9874399aaa878977376664625a754565
241051 1 26 10 7 5 0 1 0 0  aaaa99998888a9874399aaa878977375564526a764656
241078 1 26 10 8 3 2 0 0 0  aaaa99998888a9854799aaa878977376663625a744565
241086 1 26 10 8 5 0 0 0 0  aaaa99998888a9865799aaa878977475465526a763643
241163 1 26 10 10 5 2 1 0 0  aaaa99998888a9854299aaa878965477777365a653664
241165 1 26 11 0 0 0 1 0 0  aaaa99998888a9884299aaa877966457656576a373574
241169 1 26 11 0 0 2 1 0 0  aaaa99998888a9885299aaa877966567645374a375476
241690 1 26 12 3 3 2 0 0 0  aaaa99998888a9853799aaa877975367662644a478565
241870 1 26 12 8 3 2 0 0 0  aaaa99998888a9853799aaa877975367662647a448565
241906 1 26 12 9 3 2 0 0 0  aaaa99998888a9853799aaa877977367662645a448565
242172 1 26 13 6 0 0 0 0 0  aaaa99995878a9884899aaa878977377663665a455246
242230 1 26 13 7 3 2 0 0 0  aaaa99994878a9887899aaa878975376663625a744565
242238 1 26 13 7 5 0 0 0 0  aaaa99995878a9887899aaa878976475465526a763643
242626 1 26 14 7 3 2 0 0 0  aaaa99994888a9853799aaa778978876663625a744565
242634 1 26 14 7 5 0 0 0 0  aaaa99995888a9864799aaa778978875465526a763643
242654 1 26 14 8 2 1 0 0 0  aaaa99994888a9853799aaa378968877744657a662565
242656 1 26 14 8 2 2 0 0 0  aaaa99995888a9845799aaa578968877735647a662463
242660 1 26 14 8 3 1 0 0 0  aaaa99994888a9863799aaa378958877744667a566525
242750 1 26 15 0 0 1 0 0 0  aaaa99995878a9874899aaa876956388763767a644552
242762 1 26 15 0 2 1 0 0 0  aaaa99994878a9873899aaa876966388752757a644565
242764 1 26 15 0 2 2 0 0 0  aaaa99995878a9875899aaa876966588745737a644362
243146 1 26 16 0 0 1 0 0 0  aaaa99995878a9874899aaa876965387653677a862445
243148 1 26 16 0 0 2 0 0 0  aaaa99995878a9875899aaa876964587635677a862443
243164 1 26 16 0 3 1 0 0 0  aaaa99995878a9874899aaa876966387653677a852445
243166 1 26 16 0 3 2 0 0 0  aaaa99995878a9875899aaa876966587645677a844332
243174 1 26 16 0 5 0 0 0 0  aaaa99994878a9873899aaa875956387464577a862656
243196 1 26 16 1 2 2 0 0 0  aaaa99994878a9877899aaa876966387653725a844565
243272 1 26 16 3 3 1 0 0 0  aaaa99995878a9874899aaa877974486663625a873565
243274 1 26 16 3 3 2 0 0 0  aaaa99995878a9875899aaa877974586665644a872363
243282 1 26 16 3 5 0 0 0 0  aaaa99995878a9874899aaa877976385465526a873646
243310 1 26 16 4 3 2 0 0 0  aaaa99994878a9877899aaa876966387753625a844565
243318 1 26 16 4 5 0 0 0 0  aaaa99995878a9877899aaa875946587764526a863643
243382 1 26 16 6 3 2 0 0 0  aaaa99994878a9877899aaa877975386663625a844565
243390 1 26 16 6 5 0 0 0 0  aaaa99995878a9877899aaa877976485465526a863643
243442 1 26 16 8 1 2 0 0 0  aaaa99994878a9873899aaa877975387666665a852445
243460 1 26 16 8 4 2 0 0 0  aaaa99994878a9873899aaa877975387652665a844665
243464 1 26 16 8 5 1 0 0 0  aaaa99995878a9874899aaa877976387563456a864652
243472 1 26 16 9 0 2 0 0 0  aaaa99994878a9857899aaa877977386653626a844565
243490 1 26 16 9 3 2 0 0 0  aaaa99994878a9857899aaa877977386663625a844565
243498 1 26 16 9 5 0 0 0 0  aaaa99995878a9867899aaa877977485465526a863643
243526 1 26 16 10 3 2 0 0 0  aaaa99994878a9853899aaa877977786663625a844565
243534 1 26 16 10 5 0 0 0 0  aaaa99995878a9864899aaa877977785465526a863643
243557 1 26 17 0 2 2 1 0 0  aaaa99994878a9887899aaa876966483753725a657564
243563 1 26 17 0 3 2 1 0 0  aaaa99994878a9887899aaa876965682754736a657534
243569 1 26 17 0 4 2 1 0 0  aaaa99994878a9887899aaa876966682754735a657534
243575 1 26 17 0 5 2 1 0 0  aaaa99994878a9887899aaa872965483753765a657664
244152 1 26 18 6 0 0 0 0 0  aaaa99995888a9884799aaa378977877663665a455246
244192 1 26 18 7 0 2 0 0 0  aaaa99994888a9883799aaa778975876653626a744565
244210 1 26 18 7 3 2 0 0 0  aaaa99994888a9883799aaa778975876663625a744565
244218 1 26 18 7 5 0 0 0 0  aaaa99995888a9884799aaa778976875465526a763643
244260 1 26 18 9 0 0 0 0 0  aaaa99995888a9884799aaa378966877773665a455246
244349 1 26 19 0 2 2 1 0 0  aaaa99994888a9877799aaa868967678357265a654534
244367 1 26 19 0 5 2 1 0 0  aaaa99994888a9877799aaa828967478657365a653645
244376 1 26 19 1 1 1 0 0 0  aaaa99995888a9864799aaa878975378663765a672445
244378 1 26 19 1 1 2 0 0 0  aaaa99995888a9865799aaa878974578665763a672443
244384 1 26 19 1 2 2 0 0 0  aaaa99994888a9853799aaa878975378666765a672445
244396 1 26 19 1 4 2 0 0 0  aaaa99994888a9853799aaa878974478656765a673625
244402 1 26 19 1 5 2 0 0 0  aaaa99994888a9853799aaa878975378644765a672665
244414 1 26 19 2 1 2 0 0 0  aaaa99994888a9853799aaa878975378666667a752445
244432 1 26 19 2 4 2 0 0 0  aaaa99994888a9853799aaa878975378652667a744665
244436 1 26 19 2 5 1 0 0 0  aaaa99995888a9864799aaa878976378563457a764652
244448 1 26 19 3 1 1 0 0 0  aaaa99995888a9864799aaa878977378663765a652445
244450 1 26 19 3 1 2 0 0 0  aaaa99995888a9865799aaa878977578665764a644332
244456 1 26 19 3 2 2 0 0 0  aaaa99994888a9853799aaa878977378666765a652445
244468 1 26 19 3 4 2 0 0 0  aaaa99994888a9853799aaa878977378656765a644625
244474 1 26 19 3 5 2 0 0 0  aaaa99994888a9853799aaa878977378652765a644665
244484 1 26 19 4 1 1 0 0 0  aaaa99995888a9864799aaa878975378663767a652445
244486 1 26 19 4 1 2 0 0 0  aaaa99995888a9865799aaa878974578665767a644332
244492 1 26 19 4 2 2 0 0 0  aaaa99994888a9853799aaa878975378666767a652445
244504 1 26 19 4 4 2 0 0 0  aaaa99994888a9853799aaa878975378656767a644625
244510 1 26 19 4 5 2 0 0 0  aaaa99994888a9853799aaa878975378652767a644665
244528 1 26 19 5 2 2 0 0 0  aaaa99994888a9853799aaa878975378672666a744565
244534 1 26 19 5 3 2 0 0 0  aaaa99994888a9853799aaa878975378672666a756445
244540 1 26 19 5 4 2 0 0 0  aaaa99994888a9853799aaa878975378672665a744665
244544 1 26 19 5 5 1 0 0 0  aaaa99995888a9864799aaa878976378573456a764652
244601 1 26 19 7 2 2 1 0 0  aaaa99995888a9875299aaa878977578666346a763445
244607 1 26 19 7 3 2 1 0 0  aaaa99995888a9875299aaa878977578666364a763454
244615 1 26 19 7 5 0 1 0 0  aaaa99995888a9874299aaa878977478565356a763646
244630 1 26 19 8 1 2 0 0 0  aaaa99994888a9853799aaa878977378666665a752445
244648 1 26 19 8 4 2 0 0 0  aaaa99994888a9853799aaa878977378652665a744665
244652 1 26 19 8 5 1 0 0 0  aaaa99995888a9864799aaa878977378563456a764652
244702 1 26 19 10 1 2 0 0 0  aaaa99994888a9853699aaa868976368752675a744775
244723 1 26 19 10 5 0 1 0 0  aaaa99995888a9864299aaa858976558764376a763774
244727 1 26 19 10 5 2 1 0 0  aaaa99995888a9865299aaa848976548764376a763775
244729 1 26 20 0 0 0 1 0 0  aaaa99996888a9884299aaa878976676564557a757343
244759 1 26 20 0 5 0 1 0 0  aaaa99994888a9884399aaa878976375564527a767656
244820 1 26 20 2 3 1 0 0 0  aaaa99994888a9883799aaa878975376662657a744565
244822 1 26 20 2 3 2 0 0 0  aaaa99995888a9885799aaa878974576665637a744362
244830 1 26 20 2 5 0 0 0 0  aaaa99995888a9884799aaa878976375465527a763646
244838 1 26 20 3 0 1 0 0 0  aaaa99994888a9883799aaa878977376644765a562556
244944 1 26 20 6 0 0 0 0 0  aaaa99995888a9884799aaa878977377663665a455246
244983 1 26 20 7 0 1 1 0 0  aaaa99994888a9884399aaa878977376655626a754567
244985 1 26 20 7 0 2 1 0 0  aaaa99995888a9885399aaa878977376645626a745467
244993 1 26 20 7 2 0 1 0 0  aaaa99994888a9884399aaa878977376664655a756257
244995 1 26 20 7 2 1 1 0 0  aaaa99994888a9884399aaa878977376664652a756557
245001 1 26 20 7 3 1 1 0 0  aaaa99994888a9884399aaa878977376664625a755567
245002 1 26 20 7 3 2 0 0 0  aaaa99995888a9885299aaa878977576665634a744367
245003 1 26 20 7 3 2 1 0 0  aaaa99995888a9885399aaa878977376665624a745467
245005 1 26 20 7 4 0 1 0 0  aaaa99994888a9884399aaa878977376666655a754257
245007 1 26 20 7 4 1 1 0 0  aaaa99994888a9884399aaa878977376666652a754557
245018 1 26 20 8 0 1 0 0 0  aaaa99994888a9883799aaa878977376652656a744565
245020 1 26 20 8 0 2 0 0 0  aaaa99995888a9885799aaa878977576645636a744362
245036 1 26 20 8 3 1 0 0 0  aaaa99995888a9884799aaa878977376663625a744565
245038 1 26 20 8 3 2 0 0 0  aaaa99995888a9885799aaa878977576665644a742363
245046 1 26 20 8 5 0 0 0 0  aaaa99995888a9884799aaa878977375465526a763646
245089 1 26 20 10 0 0 1 0 0  aaaa99994888a9884399aaa878966377777665a554256
245340 1 26 21 6 0 0 0 0 0  aaaa99995888a9888799aaa478977377663665a455246
245398 1 26 21 7 3 2 0 0 0  aaaa99994888a9888799aaa778975376663625a744565
245406 1 26 21 7 5 0 0 0 0  aaaa99995888a9888799aaa778976475465526a763643
245736 1 26 22 6 0 0 0 0 0  aaaa99995787a9774899aaa388988877663665a455246
245794 1 26 22 7 3 2 0 0 0  aaaa99994787a9753899aaa788988876663625a744565
245802 1 26 22 7 5 0 0 0 0  aaaa99995787a9764899aaa788988875465526a763643
245930 1 27 0 0 2 1 0 0 0  aaaa99995887a9763699aaa886796387562477a848554
245947 1 27 0 0 5 0 1 0 0  aaaa99995887a9764299aaa885796587364577a868634
245951 1 27 0 0 5 2 1 0 0  aaaa99995887a9765499aaa884796487365277a868635
245962 1 27 0 1 1 2 0 0 0  aaaa99994887a9773799aaa886796687653265a858445
245988 1 27 0 2 0 0 0 0 0  aaaa99996887a9773499aaa886794687553675a868452
245993 1 27 0 2 0 2 1 0 0  aaaa99996887a9774299aaa886795687354675a868534
246019 1 27 0 2 5 0 1 0 0  aaaa99995887a9774299aaa885796587364576a868634
246023 1 27 0 2 5 2 1 0 0  aaaa99995887a9775499aaa884796487365276a868635
246027 1 27 0 3 0 1 1 0 0  aaaa99994887a9777399aaa886796387564265a858564
246029 1 27 0 3 0 2 1 0 0  aaaa99994887a9777399aaa886796387654265a868545
246034 1 27 0 3 1 2 0 0 0  aaaa99994887a9777699aaa886796387653265a858445
246059 1 27 0 3 5 2 1 0 0  aaaa99995887a9777299aaa884796587365446a868635
246070 1 27 0 4 1 2 0 0 0  aaaa99994887a9773699aaa886796387652765a858445
246091 1 27 0 4 5 0 1 0 0  aaaa99995887a9774299aaa885796587364756a868634
246113 1 27 0 5 2 2 1 0 0  aaaa99994887a9774699aaa886295687357676a858534
246125 1 27 0 5 4 2 1 0 0  aaaa99994887a9774699aaa886695687357276a858534
246131 1 27 0 5 5 2 1 0 0  aaaa99994887a9774699aaa886696687357275a858534
246133 1 27 0 6 0 0 1 0 0  aaaa99994887a9777399aaa886697386554267a858654
246135 1 27 0 6 0 1 1 0 0  aaaa99994887a9777399aaa886697386555267a858644
246136 1 27 0 6 0 2 0 0 0  aaaa99995887a9777299aaa886697586445367a838654
246137 1 27 0 6 0 2 1 0 0  aaaa99995887a9777299aaa886697586444367a838655
246162 1 27 0 6 5 0 0 0 0  aaaa99996887a9777299aaa885597685346457a848366
246163 1 27 0 6 5 0 1 0 0  aaaa99996887a9777399aaa883597685546257a848466
246176 1 27 0 7 1 1 0 0 0  aaaa99995887a9773699aaa886697387562476a848554
246191 1 27 0 7 3 2 1 0 0  aaaa99996887a9774699aaa886297687354675a858534
246221 1 27 0 8 2 2 1 0 0  aaaa99994887a9777699aaa886295687354676a858534
246233 1 27 0 8 4 2 1 0 0  aaaa99994887a9777699aaa886695687354276a858534
246239 1 27 0 8 5 2 1 0 0  aaaa99994887a9777699aaa886696687354275a858534
246257 1 27 0 9 2 2 1 0 0  aaaa99994886a9664799aaa887797786356275a858534
246263 1 27 0 9 3 2 1 0 0  aaaa99994886a9664799aaa887797786353275a858564
246269 1 27 0 9 4 2 1 0 0  aaaa99994886a9666799aaa887797786354275a858534
246275 1 27 0 9 5 2 1 0 0  aaaa99994886a9354799aaa887797786666275a858534
246277 1 27 0 10 0 0 1 0 0  aaaa99995886a9674299aaa885697586374567a878734
246281 1 27 0 10 0 2 1 0 0  aaaa99995886a9675499aaa884697486375267a878735
246287 1 27 0 10 1 2 1 0 0  aaaa99995886a9676299aaa884697586375447a878735
246288 1 27 0 10 2 0 0 0 0  aaaa99996886a9676499aaa884597685573457a878732
246289 1 27 0 10 2 0 1 0 0  aaaa99996886a9676399aaa883597685574257a878744
246292 1 27 0 10 2 2 0 0 0  aaaa99996886a9676599aaa885597584472437a878736
246293 1 27 0 10 2 2 1 0 0  aaaa99996886a9676599aaa885597584474337a878726
246297 1 27 0 10 3 1 1 0 0  aaaa99994886a9676599aaa885297586374567a878734
246299 1 27 0 10 3 2 1 0 0  aaaa99994886a9676599aaa885597586374267a878734
246301 1 27 0 10 4 0 1 0 0  aaaa99994885a9574699aaa886697685373267a878754
246303 1 27 0 10 4 1 1 0 0  aaaa99994885a9575699aaa886697685374267a878734
246305 1 27 0 10 4 2 1 0 0  aaaa99994885a9374699aaa886697685575267a878734
246306 1 27 0 10 5 0 0 0 0  aaaa99996885a9576499aaa884597685376437a878762
246307 1 27 0 10 5 0 1 0 0  aaaa99996885a9576499aaa884497685376537a878762
246308 1 27 0 10 5 1 0 0 0  aaaa99996884a9376599aaa885597684376457a878762
246309 1 27 0 10 5 1 1 0 0  aaaa99996885a9376499aaa884497685576537a878762
246310 1 27 0 10 5 2 0 0 0  aaaa99996883a9576499aaa884297683576457a878756
246311 1 27 0 10 5 2 1 0 0  aaaa99996883a9576499aaa884497683576257a878756
246343 1 27 1 0 5 0 1 0 0  aaaa99994888a9774799aaa853597372765886a568646
246493 1 27 1 5 0 0 1 0 0  aaaa99996888a9777299aaa866597535736886a748454
246503 1 27 1 5 1 2 1 0 0  aaaa99994888a9777699aaa866297436753885a768545
246509 1 27 1 5 2 2 1 0 0  aaaa99994888a9777699aaa866297436763885a758545
246515 1 27 1 5 3 2 1 0 0  aaaa99994888a9777699aaa866297436753886a758545
246530 1 27 1 6 0 1 0 0 0  aaaa99994888a9663799aaa877796356772885a658445
246565 1 27 1 7 0 0 1 0 0  aaaa99997888a9777299aaa866597546744886a658353
246568 1 27 1 7 0 2 0 0 0  aaaa99997888a9777499aaa866297436753886a658545
246575 1 27 1 7 1 2 1 0 0  aaaa99997888a9777699aaa866297436753885a658544
246728 1 27 2 0 3 1 0 0 0  aaaa99994888a9773799aaa866697375762865a858445
246749 1 27 2 1 0 2 1 0 0  aaaa99994888a9777799aaa876695462756835a868534
246755 1 27 2 1 1 2 1 0 0  aaaa99994888a9777799aaa876696462756835a858534
246773 1 27 2 1 4 2 1 0 0  aaaa99994888a9777799aaa876696662754835a858534
246777 1 27 2 1 5 1 1 0 0  aaaa99994888a9777799aaa875596552764836a868634
246778 1 27 2 1 5 2 0 0 0  aaaa99995888a9777799aaa874496533765846a868652
246815 1 27 2 2 5 2 1 0 0  aaaa99994888a9777699aaa866697672754835a858534
246821 1 27 2 3 0 2 1 0 0  aaaa99996888a9766799aaa877795462764835a858534
246852 1 27 2 4 0 0 0 0 0  aaaa99995888a9777299aaa876695576744865a848633
246887 1 27 2 4 5 2 1 0 0  aaaa99994888a9777699aaa876696672754835a858534
246889 1 27 2 5 0 0 1 0 0  aaaa99996888a9777299aaa866597535736876a848454
246899 1 27 2 5 1 2 1 0 0  aaaa99994888a9777699aaa866297436753875a868545
246905 1 27 2 5 2 2 1 0 0  aaaa99994888a9777699aaa866297436763875a858545
246911 1 27 2 5 3 2 1 0 0  aaaa99994888a9777699aaa866297436753876a858545
246926 1 27 2 6 0 1 0 0 0  aaaa99994888a9663799aaa877796365772865a858445
246964 1 27 2 7 0 2 0 0 0  aaaa99997888a9777499aaa866297436753865a868545
246983 1 27 2 7 3 2 1 0 0  aaaa99997888a9777699aaa866297436753865a858544
247079 1 27 2 10 1 2 1 0 0  aaaa99994888a9666799aaa877797762654835a858534
247179 1 27 3 2 0 1 1 0 0  aaaa99994888a9777299aaa868697473763655a858645
247180 1 27 3 2 0 2 0 0 0  aaaa99995888a9777299aaa868697573765644a838654
247181 1 27 3 2 0 2 1 0 0  aaaa99996888a9777399aaa868697372756645a858445
247207 1 27 3 2 5 0 1 0 0  aaaa99995888a9777299aaa848597574764536a868636
247214 1 27 3 3 0 1 0 0 0  aaaa99994888a9663799aaa878797376652576a858445
247216 1 27 3 3 0 2 0 0 0  aaaa99995888a9665799aaa878797576645476a848332
247222 1 27 3 3 1 2 0 0 0  aaaa99994888a9666799aaa878797376653275a858445
247283 1 27 3 4 5 2 1 0 0  aaaa99995888a9777299aaa878496574765436a868635
247322 1 27 3 6 0 1 0 0 0  aaaa99994888a9663799aaa878797375762665a858445
247387 1 27 3 7 5 0 1 0 0  aaaa99997888a9777299aaa868597566766534a848354
247499 1 27 3 10 5 2 1 0 0  aaaa99995888a9465399aaa878396577777246a868645
247517 1 27 4 0 2 2 1 0 0  aaaa99998888a9774799aaa868697672754635a658534
247602 1 27 4 2 5 0 0 0 0  aaaa99998888a9777299aaa858697576754634a668354
247603 1 27 4 2 5 0 1 0 0  aaaa99998888a9777599aaa858697376753645a668442
247674 1 27 4 4 5 0 0 0 0  aaaa99998888a9777299aaa878695576754634a668354
247675 1 27 4 4 5 0 1 0 0  aaaa99998888a9777299aaa878695576735645a668443
247679 1 27 4 4 5 2 1 0 0  aaaa99998888a9777299aaa878695476754635a668534
247711 1 27 4 5 5 0 1 0 0  aaaa99998888a9777299aaa868597566766574a348354
247879 1 27 4 10 3 0 1 0 0  aaaa99998888a9666299aaa878596577777564a348354
247898 1 27 5 0 0 1 0 0 0  aaaa99995878a9874899aaa876896387563677a644552
248287 1 27 5 10 5 0 1 0 0  aaaa99996858a9876899aaa852897685476547a476733
248367 1 27 6 2 0 1 1 0 0  aaaa99998888a9777299aaa868697475764836a655534
248368 1 27 6 2 0 2 0 0 0  aaaa99998888a9777299aaa868697574765836a645354
248369 1 27 6 2 0 2 1 0 0  aaaa99998888a9777299aaa868697573765846a635445
248394 1 27 6 2 5 0 0 0 0  aaaa99998888a9777299aaa858697576754834a666354
248395 1 27 6 2 5 0 1 0 0  aaaa99998888a9777599aaa858697376753845a666442
248466 1 27 6 4 5 0 0 0 0  aaaa99998888a9777299aaa878695576754834a666354
248467 1 27 6 4 5 0 1 0 0  aaaa99998888a9777299aaa878695576735845a666443
248471 1 27 6 4 5 2 1 0 0  aaaa99998888a9777299aaa878695476754835a666534
248477 1 27 6 5 0 2 1 0 0  aaaa99998888a9777299aaa868697463754876a653545
248547 1 27 6 7 0 1 1 0 0  aaaa99998888a9777299aaa868697565755846a637443
248549 1 27 6 7 0 2 1 0 0  aaaa99998888a9777299aaa868697463754865a367545
248567 1 27 6 7 3 2 1 0 0  aaaa99998888a9777699aaa868697462754835a657534
248663 1 27 6 10 1 2 1 0 0  aaaa99998888a9666299aaa878695477777835a654534
248755 1 27 7 1 5 0 1 0 0  aaaa99995888a9864799aaa877296457365856a768734
248757 1 27 7 1 5 1 1 0 0  aaaa99995888a9864799aaa877296457565836a768734
248758 1 27 7 1 5 2 0 0 0  aaaa99995888a9865799aaa877296537465836a768744
248759 1 27 7 1 5 2 1 0 0  aaaa99995888a9865799aaa877296547464836a768735
248795 1 27 7 2 5 2 1 0 0  aaaa99995888a9865799aaa877396547464876a378652
248806 1 27 7 3 1 2 0 0 0  aaaa99994888a9853799aaa877794466763865a258765
248863 1 27 7 4 5 0 1 0 0  aaaa99995888a9864799aaa877296457365856a778634
248865 1 27 7 4 5 1 1 0 0  aaaa99995888a9864799aaa877296457565836a778634
248866 1 27 7 4 5 2 0 0 0  aaaa99995888a9865799aaa877296537465836a778644
248867 1 27 7 4 5 2 1 0 0  aaaa99995888a9865799aaa877296547464836a778635
248903 1 27 7 5 5 2 1 0 0  aaaa99995888a9865799aaa877296537763847a468645
248969 1 27 7 7 4 2 1 0 0  aaaa99994888a9854399aaa877795366667875a278564
248971 1 27 7 7 5 0 1 0 0  aaaa99994888a9864399aaa877796355267876a578654
248973 1 27 7 7 5 1 1 0 0  aaaa99994888a9864399aaa877796355567876a278654
248974 1 27 7 7 5 2 0 0 0  aaaa99995888a9865299aaa877796544367876a478635
248975 1 27 7 7 5 2 1 0 0  aaaa99995888a9865299aaa877796544467876a378635
248986 1 27 7 8 1 2 0 0 0  aaaa99994888a9853799aaa877794466763867a258565
249022 1 27 7 9 1 2 0 0 0  aaaa99994888a9844799aaa877797366763865a258565
249186 1 27 8 2 5 0 0 0 0  aaaa99998888a9777299aaa858897576754634a666354
249187 1 27 8 2 5 0 1 0 0  aaaa99998888a9777599aaa858897376753645a666442
249229 1 27 8 4 0 0 1 0 0  aaaa99998888a9777299aaa878896676765554a345364
249230 1 27 8 4 0 1 0 0 0  aaaa99998888a9777299aaa878896676764555a345364
249231 1 27 8 4 0 1 1 0 0  aaaa99998888a9777299aaa878896676765534a545364
249232 1 27 8 4 0 2 0 0 0  aaaa99998888a9777299aaa878896676764534a555364
249233 1 27 8 4 0 2 1 0 0  aaaa99998888a9777299aaa878896675736646a555443
249257 1 27 8 4 4 2 1 0 0  aaaa99998888a9777299aaa878895476756635a664534
249258 1 27 8 4 5 0 0 0 0  aaaa99998888a9777299aaa878895576754634a666354
249259 1 27 8 4 5 0 1 0 0  aaaa99998888a9777299aaa878895576735645a666443
249263 1 27 8 4 5 2 1 0 0  aaaa99998888a9777299aaa878895476754635a666534
249337 1 27 8 7 0 0 1 0 0  aaaa99998888a9777299aaa868897665745634a547365
249339 1 27 8 7 0 1 1 0 0  aaaa99998888a9777299aaa868897665755634a547364
249340 1 27 8 7 0 2 0 0 0  aaaa99998888a9777299aaa868897664754635a357564
249341 1 27 8 7 0 2 1 0 0  aaaa99998888a9777299aaa868897663753645a457465
249455 1 27 8 10 1 2 1 0 0  aaaa99998888a9666299aaa878895477777665a354534
249457 1 27 8 10 2 0 1 0 0  aaaa99998888a9666299aaa878895577777465a644353
249461 1 27 8 10 2 2 1 0 0  aaaa99998888a9666299aaa878895477777365a653544
249473 1 27 8 10 4 2 1 0 0  aaaa99998888a9654299aaa878895477777635a666534
249479 1 27 8 10 5 2 1 0 0  aaaa99998888a9654299aaa878895477777365a653664
249553 1 27 9 2 0 0 1 0 0  aaaa99998888a9777299aaa868697478764655a533645
249582 1 27 9 2 5 0 0 0 0  aaaa99998888a9777299aaa858697578754634a666354
249583 1 27 9 2 5 0 1 0 0  aaaa99998888a9777599aaa858697378753645a666442
249654 1 27 9 4 5 0 0 0 0  aaaa99998888a9777299aaa878695578754634a666354
249655 1 27 9 4 5 0 1 0 0  aaaa99998888a9777299aaa878695578735645a666443
249659 1 27 9 4 5 2 1 0 0  aaaa99998888a9777299aaa878695478754635a666534
249661 1 27 9 5 0 0 1 0 0  aaaa99998888a9777299aaa868697568755476a644533
249665 1 27 9 5 0 2 1 0 0  aaaa99998888a9777299aaa868697468754376a653545
249733 1 27 9 7 0 0 1 0 0  aaaa99998888a9777399aaa868697368742556a657454
249970 1 27 10 2 3 2 0 0 0  aaaa99998888a9854799aaa878795376663627a744565
249978 1 27 10 2 5 0 0 0 0  aaaa99998888a9865799aaa878796475465527a763643
250000 0 27 10 3 2 2 0 0 0  aaaa99998888a9854799aaa878797376663675a456542
250131 1 27 10 7 0 1 1 0 0  aaaa99998888a9874399aaa878797376655626a754564
250133 1 27 10 7 0 2 1 0 0  aaaa99998888a9874399aaa878797376654626a754565
250149 1 27 10 7 3 1 1 0 0  aaaa99998888a9874399aaa878797376664655a754265
250151 1 27 10 7 3 2 1 0 0  aaaa99998888a9874399aaa878797376664625a754565
250159 1 27 10 7 5 0 1 0 0  aaaa99998888a9874399aaa878797375564526a764656
250186 1 27 10 8 3 2 0 0 0  aaaa99998888a9854799aaa878797376663625a744565
250194 1 27 10 8 5 0 0 0 0  aaaa99998888a9865799aaa878797475465526a763643
250271 1 27 10 10 5 2 1 0 0  aaaa99998888a9854299aaa878695477777635a666534
250344 1 27 11 2 0 0 0 0 0  aaaa99998888a9884799aaa877696367553675a474652
250549 1 27 11 7 4 0 1 0 0  aaaa99998888a9885299aaa877795566766467a447533
250733 1 27 12 1 4 2 1 0 0  aaaa99998888a9854799aaa877295467666635a758734
250737 1 27 12 1 5 1 1 0 0  aaaa99998888a9864799aaa877296457565536a768734
250738 1 27 12 1 5 2 0 0 0  aaaa99998888a9865799aaa877496547365436a768752
250739 1 27 12 1 5 2 1 0 0  aaaa99998888a9865799aaa877296547365446a768735
250786 1 27 12 3 1 2 0 0 0  aaaa99998888a9853799aaa877795366762464a458765
250841 1 27 12 4 4 2 1 0 0  aaaa99998888a9854799aaa877295467666635a778534
250845 1 27 12 4 5 1 1 0 0  aaaa99998888a9864799aaa877296457565536a778634
250846 1 27 12 4 5 2 0 0 0  aaaa99998888a9865799aaa877496547365436a778652
250847 1 27 12 4 5 2 1 0 0  aaaa99998888a9865799aaa877296547365446a778635
250920 1 27 12 7 0 0 0 0 0  aaaa99998888a9866699aaa877796455347275a578364
250921 1 27 12 7 0 0 1 0 0  aaaa99998888a9866699aaa877796253547574a378564
250938 1 27 12 7 3 0 0 0 0  aaaa99998888a9864699aaa877796655347275a578364
250939 1 27 12 7 3 0 1 0 0  aaaa99998888a9862699aaa877796653547574a378564
250966 1 27 12 8 1 2 0 0 0  aaaa99998888a9853799aaa877795366762467a458465
251002 1 27 12 9 1 2 0 0 0  aaaa99998888a9853799aaa877797366762465a458465
251122 1 27 13 1 3 2 0 0 0  aaaa99993878a9887899aaa878795366652476a456475
251230 1 27 13 4 3 2 0 0 0  aaaa99997878a9887899aaa878795366653446a256475
251280 1 27 13 6 0 0 0 0 0  aaaa99995878a9884899aaa878797376763665a455246
251338 1 27 13 7 3 2 0 0 0  aaaa99994878a9887899aaa878795376663625a744565
251346 1 27 13 7 5 0 0 0 0  aaaa99995878a9887899aaa878796475465526a763643
251512 1 27 14 1 2 2 0 0 0  aaaa99994888a9853799aaa378898776662765a744565
251518 1 27 14 1 3 2 0 0 0  aaaa99994888a9853799aaa378898776662765a756445
251524 1 27 14 1 4 2 0 0 0  aaaa99994888a9853799aaa378898776666765a752445
251526 1 27 14 1 5 0 0 0 0  aaaa99995888a9864799aaa378898774565756a764632
251528 1 27 14 1 5 1 0 0 0  aaaa99995888a9864799aaa378898775565746a763642
251720 1 27 14 7 1 1 0 0 0  aaaa99995888a9854799aaa378898377666675a672445
251722 1 27 14 7 1 2 0 0 0  aaaa99995888a9845799aaa578898577666673a672443
251724 1 27 14 7 2 0 0 0 0  aaaa99995888a9864799aaa378898377666576a572454
251726 1 27 14 7 2 1 0 0 0  aaaa99995888a9864799aaa378898377666576a575442
251730 1 27 14 7 3 0 0 0 0  aaaa99995888a9864799aaa378898377666575a675442
251732 1 27 14 7 3 1 0 0 0  aaaa99995888a9864799aaa378898377666475a674525
251738 1 27 14 7 4 1 0 0 0  aaaa99995888a9854799aaa378898377644675a672665
251740 1 27 14 7 4 2 0 0 0  aaaa99995888a9845799aaa578898577644673a672663
251744 1 27 14 7 5 1 0 0 0  aaaa99995888a9864799aaa378898377464576a575626
251756 1 27 14 8 1 1 0 0 0  aaaa99996888a9854799aaa378898377744657a662565
251758 1 27 14 8 1 2 0 0 0  aaaa99996888a9845799aaa578898577735647a662463
251760 1 27 14 8 2 0 0 0 0  aaaa99995888a9864799aaa378898377755647a662546
251762 1 27 14 8 2 1 0 0 0  aaaa99995888a9865799aaa478898377763657a662454
251768 1 27 14 8 3 1 0 0 0  aaaa99995888a9864799aaa378898377744667a566552
251774 1 27 14 8 4 1 0 0 0  aaaa99995888a9864799aaa378898377744657a666552
251796 1 27 14 9 2 0 0 0 0  aaaa99995888a9864799aaa378898377772666a455546
251833 1 27 14 10 2 0 1 0 0  aaaa99995888a9864399aaa478898377777666a525546
251836 1 27 14 10 2 2 0 0 0  aaaa99995888a9865299aaa578898577777666a344436
251908 1 27 15 1 2 2 0 0 0  aaaa99994878a9877899aaa876696388753275a656445
252292 1 27 16 1 0 2 0 0 0  aaaa99994878a9877899aaa876695387653765a862445
252298 1 27 16 1 1 2 0 0 0  aaaa99994878a9877899aaa876696387653765a852445
252380 1 27 16 3 3 1 0 0 0  aaaa99994878a9873899aaa877795386662655a844765
252382 1 27 16 3 3 2 0 0 0  aaaa99995878a9875899aaa877794586665644a833762
252390 1 27 16 3 5 0 0 0 0  aaaa99995878a9874899aaa877796385465526a863746
252418 1 27 16 4 3 2 0 0 0  aaaa99994878a9877899aaa876696387753265a856445
252426 1 27 16 4 5 0 0 0 0  aaaa99995878a9877899aaa875496587764536a864632
252490 1 27 16 6 3 2 0 0 0  aaaa99994878a9877899aaa877795386663625a844565
252498 1 27 16 6 5 0 0 0 0  aaaa99995878a9877899aaa877796485465526a863643
252550 1 27 16 8 1 2 0 0 0  aaaa99994878a9873899aaa877795386766665a852445
252568 1 27 16 8 4 2 0 0 0  aaaa99994878a9873899aaa877795386752665a866445
252572 1 27 16 8 5 1 0 0 0  aaaa99995878a9874899aaa877796385763546a865642
252580 1 27 16 9 0 2 0 0 0  aaaa99994878a9857899aaa877797386653626a844565
252598 1 27 16 9 3 2 0 0 0  aaaa99994878a9857899aaa877797386663625a844565
252606 1 27 16 9 5 0 0 0 0  aaaa99995878a9867899aaa877797485465526a863643
252634 1 27 16 10 3 2 0 0 0  aaaa99994878a9853899aaa877797786663625a844565
252642 1 27 16 10 5 0 0 0 0  aaaa99995878a9864899aaa877797785465526a863643
253066 1 27 18 0 3 2 0 0 0  aaaa99994888a9883799aaa778894476663625a757565
253074 1 27 18 0 5 0 0 0 0  aaaa99995888a9884799aaa778896375465526a767643
253154 1 27 18 3 0 1 0 0 0  aaaa99994888a9883799aaa378897776644765a562556
253224 1 27 18 5 0 0 0 0 0  aaaa99995888a9884799aaa778897377663665a455246
253260 1 27 18 6 0 0 0 0 0  aaaa99995888a9884799aaa378897777663665a455246
253314 1 27 18 7 3 0 0 0 0  aaaa99995888a9884799aaa778897376663654a575264
253326 1 27 18 7 5 0 0 0 0  aaaa99995888a9884799aaa778897375645562a673664
253350 1 27 18 8 3 0 0 0 0  aaaa99995888a9884799aaa378897776663654a575264
253362 1 27 18 8 5 0 0 0 0  aaaa99995888a9884799aaa378897775645562a673664
253380 1 27 18 9 2 0 0 0 0  aaaa99995888a9884799aaa378896377772666a455546
253486 1 27 19 1 1 2 0 0 0  aaaa99994888a9853799aaa878795378666675a644725
253504 1 27 19 1 4 2 0 0 0  aaaa99994888a9853799aaa878795378644675a666725
253508 1 27 19 1 5 1 0 0 0  aaaa99995888a9864799aaa878796378464576a565732
253522 1 27 19 2 1 2 0 0 0  aaaa99994888a9853799aaa878795378666667a752445
253540 1 27 19 2 4 2 0 0 0  aaaa99994888a9853799aaa878795378652667a744665
253544 1 27 19 2 5 1 0 0 0  aaaa99995888a9864799aaa878796378563457a764652
253558 1 27 19 3 1 2 0 0 0  aaaa99994888a9853799aaa878797378666675a652445
253576 1 27 19 3 4 2 0 0 0  aaaa99994888a9853799aaa878797378652675a666445
253580 1 27 19 3 5 1 0 0 0  aaaa99995888a9864799aaa878797378464576a565632
253594 1 27 19 4 1 2 0 0 0  aaaa99994888a9853799aaa878795378666677a652445
253612 1 27 19 4 4 2 0 0 0  aaaa99994888a9853799aaa878795378652677a666445
253616 1 27 19 4 5 1 0 0 0  aaaa99995888a9864799aaa878796378464577a565632
253634 1 27 19 5 2 1 0 0 0  aaaa99995888a9864799aaa878796378744666a573552
253709 1 27 19 7 2 2 1 0 0  aaaa99995888a9875299aaa878797578666346a763445
253715 1 27 19 7 3 2 1 0 0  aaaa99995888a9875299aaa878797578666364a763454
253723 1 27 19 7 5 0 1 0 0  aaaa99995888a9874299aaa878797478565356a763646
253738 1 27 19 8 1 2 0 0 0  aaaa99994888a9853799aaa878797378666665a752445
253756 1 27 19 8 4 2 0 0 0  aaaa99994888a9853799aaa878797378652665a744665
253760 1 27 19 8 5 1 0 0 0  aaaa99995888a9864799aaa878797378563456a764652
253801 1 27 19 10 0 0 1 0 0  aaaa99995888a9874399aaa868697368575267a576744
253805 1 27 19 10 0 2 1 0 0  aaaa99995888a9875399aaa868697368475267a476745
253808 1 27 19 10 1 1 0 0 0  aaaa99995888a9874699aaa868697368474567a575732
253820 1 27 19 10 3 1 0 0 0  aaaa99995888a9874699aaa868697368573457a674752
253831 1 27 19 10 5 0 1 0 0  aaaa99996888a9876599aaa858297658476547a476733
253848 1 27 20 0 2 0 0 0 0  aaaa99994888a9883699aaa878796675563257a765474
253865 1 27 20 0 4 2 1 0 0  aaaa99994888a9884399aaa878795376666627a754575
253867 1 27 20 0 5 0 1 0 0  aaaa99994888a9884399aaa878796375564257a765676
253869 1 27 20 0 5 1 1 0 0  aaaa99994888a9884399aaa878796375565527a764676
253870 1 27 20 0 5 2 0 0 0  aaaa99995888a9885299aaa878796574465337a764676
253928 1 27 20 2 3 1 0 0 0  aaaa99994888a9883799aaa878795376662657a744565
253930 1 27 20 2 3 2 0 0 0  aaaa99995888a9885799aaa878794576665637a744362
253938 1 27 20 2 5 0 0 0 0  aaaa99995888a9884799aaa878796375465527a763646
254052 1 27 20 6 0 0 0 0 0  aaaa99995888a9884799aaa878797376763665a455246
254091 1 27 20 7 0 1 1 0 0  aaaa99994888a9884399aaa878797376655626a754567
254093 1 27 20 7 0 2 1 0 0  aaaa99995888a9885399aaa878797376645626a745467
254101 1 27 20 7 2 0 1 0 0  aaaa99994888a9884399aaa878797376664655a756257
254103 1 27 20 7 2 1 1 0 0  aaaa99994888a9884399aaa878797376664652a756557
254109 1 27 20 7 3 1 1 0 0  aaaa99994888a9884399aaa878797376664625a755567
254110 1 27 20 7 3 2 0 0 0  aaaa99995888a9885299aaa878797576665634a744367
254111 1 27 20 7 3 2 1 0 0  aaaa99995888a9885399aaa878797376665624a745467
254113 1 27 20 7 4 0 1 0 0  aaaa99994888a9884399aaa878797376666655a754257
254115 1 27 20 7 4 1 1 0 0  aaaa99994888a9884399aaa878797376666652a754557
254126 1 27 20 8 0 1 0 0 0  aaaa99994888a9883799aaa878797376652656a744565
254128 1 27 20 8 0 2 0 0 0  aaaa99995888a9885799aaa878797576645636a744362
254144 1 27 20 8 3 1 0 0 0  aaaa99995888a9884799aaa878797376663625a744565
254146 1 27 20 8 3 2 0 0 0  aaaa99995888a9885799aaa878797576665644a742363
254154 1 27 20 8 5 0 0 0 0  aaaa99995888a9884799aaa878797375465526a763646
254197 1 27 20 10 0 0 1 0 0  aaaa99994888a9884399aaa878696377777665a554256
254290 1 27 21 1 3 2 0 0 0  aaaa99993888a9888799aaa778795366652476a456475
254398 1 27 21 4 3 2 0 0 0  aaaa99997888a9888799aaa778795366653446a256475
254448 1 27 21 6 0 0 0 0 0  aaaa99995888a9888799aaa478797376763665a455246
254506 1 27 21 7 3 2 0 0 0  aaaa99994888a9888799aaa778795376663625a744565
254514 1 27 21 7 5 0 0 0 0  aaaa99995888a9888799aaa778796475465526a763643
254844 1 27 22 6 0 0 0 0 0  aaaa99995787a9774899aaa388898877663665a455246
254902 1 27 22 7 3 2 0 0 0  aaaa99994787a9753899aaa788898876663625a744565
254910 1 27 22 7 5 0 0 0 0  aaaa99995787a9764899aaa788898875465526a763643
255034 1 28 0 0 1 2 0 0 0  aaaa99999887a9754989aaa378667668653785a782445
255062 1 28 0 1 0 1 0 0 0  aaaa99999887a9775989aaa378766348646786a582554
255079 1 28 0 1 3 0 1 0 0  aaaa99999887a9775989aaa478766628655786a384534
255206 1 28 0 5 0 1 0 0 0  aaaa99999887a9775989aaa478665378653686a782445
255208 1 28 0 5 0 2 0 0 0  aaaa99999887a9775989aaa578664578635686a782443
255224 1 28 0 5 3 1 0 0 0  aaaa99999887a9775989aaa478666378653685a782445
255226 1 28 0 5 3 2 0 0 0  aaaa99999887a9775989aaa578666578645683a782443
255234 1 28 0 5 5 0 0 0 0  aaaa99999887a9774989aaa378556378464586a782656
255278 1 28 0 7 0 1 0 0 0  aaaa99999887a9775989aaa478664468555687a783632
255294 1 28 0 7 3 0 0 0 0  aaaa99999887a9775989aaa478666348654687a783552
255296 1 28 0 7 3 1 0 0 0  aaaa99999887a9775989aaa478666358655687a783442
255697 1 28 1 7 4 0 1 0 0  aaaa99999888a9777969aaa866676255347887a548534
255702 1 28 1 7 5 0 0 0 0  aaaa99999888a9777949aaa866676625547887a358354
255851 1 28 2 0 5 2 1 0 0  aaaa99999888a9774979aaa867275466676835a858534
255857 1 28 2 1 0 2 1 0 0  aaaa99999888a9777979aaa876675462654835a868534
255863 1 28 2 1 1 2 1 0 0  aaaa99999888a9777979aaa876676462654835a858534
255923 1 28 2 2 5 2 1 0 0  aaaa99999888a9777969aaa867275466674835a858534
255989 1 28 2 4 4 2 1 0 0  aaaa99999888a9777969aaa877275466654836a858534
255995 1 28 2 4 5 2 1 0 0  aaaa99999888a9777969aaa877275466664835a858534
255996 1 28 2 5 0 0 0 0 0  aaaa99999888a9777939aaa866275536754867a868454
256043 1 28 2 6 1 2 1 0 0  aaaa99999888a9666979aaa877775462674835a858534
256068 1 28 2 7 0 0 0 0 0  aaaa99999888a9777939aaa866275536457867a868454
256115 1 28 2 8 1 2 1 0 0  aaaa99999888a9666979aaa877775462654837a858534
256151 1 28 2 9 1 2 1 0 0  aaaa99999888a9666979aaa877777462654835a858534
256367 1 28 3 4 1 2 1 0 0  aaaa99999888a9777969aaa878775466354265a858634
256373 1 28 3 4 2 2 1 0 0  aaaa99999888a9777969aaa878775466354266a858534
256379 1 28 3 4 3 2 1 0 0  aaaa99999888a9777969aaa878775466354265a868534
256511 1 28 3 8 1 2 1 0 0  aaaa99999888a9666979aaa878777462654735a858534
256634 1 28 4 0 4 1 0 0 0  aaaa99999888a9773979aaa868776366672455a458485
256636 1 28 4 0 4 2 0 0 0  aaaa99999888a9775979aaa868776566675442a348385
256642 1 28 4 0 5 2 0 0 0  aaaa99999888a9773979aaa868775366676445a258485
256681 1 28 4 2 0 0 1 0 0  aaaa99999888a9777929aaa868776565475563a468483
256714 1 28 4 2 5 2 0 0 0  aaaa99999888a9777969aaa868775366673445a258485
256780 1 28 4 4 4 2 0 0 0  aaaa99999888a9777969aaa878775366653446a258485
256786 1 28 4 4 5 2 0 0 0  aaaa99999888a9777969aaa878775366663445a258485
256828 1 28 4 6 0 2 0 0 0  aaaa99999888a9665979aaa878777576625446a348385
256834 1 28 4 6 1 2 0 0 0  aaaa99999888a9666979aaa878777376653445a258485
256860 1 28 4 7 0 0 0 0 0  aaaa99999888a9777949aaa868674365547567a268583
256861 1 28 4 7 0 0 1 0 0  aaaa99999888a9777929aaa868675365457567a468483
256867 1 28 4 7 1 0 1 0 0  aaaa99999888a9777959aaa868676362547567a548483
256972 1 28 4 10 0 2 0 0 0  aaaa99999888a9665979aaa878662577775446a348385
256978 1 28 4 10 1 2 0 0 0  aaaa99999888a9666979aaa878665377773445a258485
257057 1 28 5 1 2 2 1 0 0  aaaa99999887a9877989aaa878766628654765a354534
257308 1 28 5 8 2 2 0 0 0  aaaa99999887a9854989aaa878777368663725a644565
257473 1 28 6 2 0 0 1 0 0  aaaa99999888a9777939aaa868776565375684a548624
257567 1 28 6 4 3 2 1 0 0  aaaa99999888a9777969aaa878775466354286a658534
257671 1 28 6 7 3 0 1 0 0  aaaa99999888a9777969aaa868676255347687a548534
257869 1 28 7 2 0 0 1 0 0  aaaa99999888a9866959aaa877766352746857a548473
257941 1 28 7 4 0 0 1 0 0  aaaa99999888a9866959aaa877766352746854a548773
258250 1 28 8 1 3 2 0 0 0  aaaa99999888a9777979aaa878875366653446a256485
258319 1 28 8 3 3 0 1 0 0  aaaa99999888a9666959aaa878877775643756a543482
258373 1 28 8 5 0 0 1 0 0  aaaa99999888a9777929aaa868876465754567a363584
258379 1 28 8 5 1 0 1 0 0  aaaa99999888a9777959aaa868876665743657a543482
258445 1 28 8 7 0 0 1 0 0  aaaa99999888a9777929aaa868876565475563a467483
258478 1 28 8 7 5 2 0 0 0  aaaa99999888a9777969aaa868875366673445a257485
258502 1 28 8 8 3 2 0 0 0  aaaa99999888a9753979aaa878877766653446a256485
258667 1 28 9 2 1 0 1 0 0  aaaa99999888a9777929aaa868776668575654a345384
258769 1 28 9 5 0 0 1 0 0  aaaa99999888a9777939aaa868675568735467a464582
258841 1 28 9 7 0 0 1 0 0  aaaa99999888a9777929aaa868674568575356a637484
258847 1 28 9 7 1 0 1 0 0  aaaa99999888a9777929aaa868676568575364a537484
258893 1 28 9 8 2 2 1 0 0  aaaa99999888a9666979aaa878777428654765a353584
259093 1 28 10 3 0 0 1 0 0  aaaa99999888a9857949aaa878777266447565a568363
259097 1 28 10 3 0 2 1 0 0  aaaa99999888a9857949aaa878777266447365a368565
259186 1 28 10 5 3 2 0 0 0  aaaa99999888a9853979aaa878775376662644a478565
259222 1 28 10 6 3 2 0 0 0  aaaa99999888a9853979aaa878777376662645a448565
259366 1 28 10 10 3 2 0 0 0  aaaa99999888a9853979aaa878666377772645a448565
259399 1 28 11 0 3 0 1 0 0  aaaa99999888a9884959aaa877666457634675a278573
259417 1 28 11 1 0 0 1 0 0  aaaa99999888a9884939aaa877766455763665a528747
259432 1 28 11 1 2 2 0 0 0  aaaa99999888a9883959aaa877766655745464a628737
259440 1 28 11 1 4 0 0 0 0  aaaa99999888a9883969aaa877755366762464a458757
259442 1 28 11 1 4 1 0 0 0  aaaa99999888a9883969aaa877755566763465a428747
259531 1 28 11 4 1 0 1 0 0  aaaa99999888a9884929aaa877766665754365a538774
259741 1 28 11 10 0 0 1 0 0  aaaa99999888a9885929aaa877777766545363a568464
259799 1 28 12 0 3 2 1 0 0  aaaa99999888a9877979aaa867667263547354a568458
259813 1 28 12 1 0 0 1 0 0  aaaa99999888a9874939aaa877766455763665a528748
259828 1 28 12 1 2 2 0 0 0  aaaa99999888a9873959aaa877766655745464a628738
259836 1 28 12 1 4 0 0 0 0  aaaa99999888a9873969aaa877755366762464a458758
259838 1 28 12 1 4 1 0 0 0  aaaa99999888a9873969aaa877755566763465a428748
259849 1 28 12 2 0 0 1 0 0  aaaa99999888a9866959aaa877766253736547a458478
259864 1 28 12 2 2 2 0 0 0  aaaa99999888a9844959aaa877766655752367a638478
259874 1 28 12 2 4 1 0 0 0  aaaa99999888a9844969aaa877755566762367a538478
259921 1 28 12 4 0 0 1 0 0  aaaa99999888a9866959aaa877766254736453a548778
259924 1 28 12 4 0 2 0 0 0  aaaa99999888a9866959aaa877766255756344a438778
259957 1 28 12 5 0 0 1 0 0  aaaa99999888a9866979aaa877766254756537a448538
260028 1 28 12 7 0 0 0 0 0  aaaa99999888a9866979aaa877766455436275a578348
260029 1 28 12 7 0 0 1 0 0  aaaa99999888a9866979aaa877766253546574a378458
260031 1 28 12 7 0 1 1 0 0  aaaa99999888a9866979aaa877766255456373a578448
260040 1 28 12 7 2 0 0 0 0  aaaa99999888a9855979aaa877766642654473a678358
260049 1 28 12 7 3 1 1 0 0  aaaa99999888a9864979aaa877766655654373a578248
260053 1 28 12 7 4 0 1 0 0  aaaa99999888a9855979aaa877743566656276a478348
260056 1 28 12 7 4 2 0 0 0  aaaa99999888a9844979aaa877753366646276a578558
260082 1 28 12 8 3 0 0 0 0  aaaa99999888a9855979aaa877775266436467a468358
260083 1 28 12 8 3 0 1 0 0  aaaa99999888a9855979aaa877773566456267a468348
260084 1 28 12 8 3 1 0 0 0  aaaa99999888a9844979aaa877773366556267a568458
260086 1 28 12 8 3 2 0 0 0  aaaa99999888a9844979aaa877773366546267a568558
260120 1 28 12 9 3 1 0 0 0  aaaa99999888a9844979aaa877777266556363a568458
260177 1 28 13 0 0 2 1 0 0  aaaa99999887a9887989aaa877665486364265a757534
260195 1 28 13 0 3 2 1 0 0  aaaa99999887a9887989aaa877666486354265a757534
260641 1 28 14 2 0 0 1 0 0  aaaa99999888a9866929aaa678878776565457a744335
260770 1 28 14 5 3 2 0 0 0  aaaa99999888a9854979aaa378878776663625a744565
260778 1 28 14 5 5 0 0 0 0  aaaa99999888a9865979aaa478878775465526a763643
261360 1 28 16 0 0 0 0 0 0  aaaa99999887a9874989aaa878766365653577a862445
261407 1 28 16 1 1 2 1 0 0  aaaa99999887a9877989aaa878766662654735a854534
261473 1 28 16 3 0 2 1 0 0  aaaa99999887a9857989aaa878777466254365a863564
261485 1 28 16 3 2 2 1 0 0  aaaa99999887a9857989aaa878777466356266a854534
261521 1 28 16 4 2 2 1 0 0  aaaa99999887a9877989aaa878775466356266a854534
261598 1 28 16 6 3 2 0 0 0  aaaa99999887a9854989aaa878777376663625a844565
261606 1 28 16 6 5 0 0 0 0  aaaa99999887a9865989aaa878777475465526a863643
261701 1 28 16 9 2 2 1 0 0  aaaa99999887a9854989aaa878777766356266a854534
261742 1 28 16 10 3 2 0 0 0  aaaa99999887a9854989aaa878666377773625a844565
261750 1 28 16 10 5 0 0 0 0  aaaa99999887a9865989aaa878546577774526a863643
262334 1 28 18 5 0 1 0 0 0  aaaa99999888a9884979aaa378877376652656a744565
262336 1 28 18 5 0 2 0 0 0  aaaa99999888a9885979aaa578877576645636a744362
262352 1 28 18 5 3 1 0 0 0  aaaa99999888a9885979aaa478877376663625a744565
262354 1 28 18 5 3 2 0 0 0  aaaa99999888a9885979aaa578877576665644a742363
262362 1 28 18 5 5 0 0 0 0  aaaa99999888a9885979aaa478877375465526a763646
262405 1 28 18 7 0 0 1 0 0  aaaa99999888a9885979aaa478877466525376a673546
262512 1 28 18 10 0 0 0 0 0  aaaa99999888a9885979aaa478866377773665a455246
262636 1 28 19 2 2 2 0 0 0  aaaa99999888a9854969aaa878775378663267a657445
262651 1 28 19 2 5 0 1 0 0  aaaa99999888a9855939aaa878774578653267a647664
262655 1 28 19 2 5 2 1 0 0  aaaa99999888a9854939aaa878775478653267a657664
262660 1 28 19 3 0 2 0 0 0  aaaa99999888a9857929aaa878777368657645a446635
262816 1 28 19 7 2 2 0 0 0  aaaa99999888a9854979aaa878775368663725a644765
262852 1 28 19 8 2 2 0 0 0  aaaa99999888a9854979aaa878777368663725a644565
262944 1 28 20 0 0 0 0 0 0  aaaa99999888a9885969aaa878766375645547a763472
262963 1 28 20 0 3 0 1 0 0  aaaa99999888a9884939aaa878766675653527a764574
263053 1 28 20 3 0 0 1 0 0  aaaa99999888a9887939aaa878777466357565a564264
263845 1 28 22 3 0 0 1 0 0  aaaa99999787a9775929aaa788888866545363a567464
264193 1 29 0 1 4 0 1 0 0  aaaa98875999a9994829aaa877876487855365a673664
264235 1 29 0 2 5 0 1 0 0  aaaa98865999a9994839aaa877876487863557a267654
264237 1 29 0 2 5 1 1 0 0  aaaa98865999a9994839aaa877876487863257a567654
264238 1 29 0 2 5 2 0 0 0  aaaa98865999a9995829aaa877876587865347a367644
264239 1 29 0 2 5 2 1 0 0  aaaa98865999a9995839aaa877876587863247a467645
264271 1 29 0 3 5 0 1 0 0  aaaa98865999a9994839aaa877877487863556a267654
264273 1 29 0 3 5 1 1 0 0  aaaa98865999a9994839aaa877877487863256a567654
264274 1 29 0 3 5 2 0 0 0  aaaa98865999a9995829aaa877877587865346a367644
264275 1 29 0 3 5 2 1 0 0  aaaa98865999a9995839aaa877877587863246a467645
264307 1 29 0 4 5 0 1 0 0  aaaa98865999a9994839aaa877876487863556a277654
264309 1 29 0 4 5 1 1 0 0  aaaa98865999a9994839aaa877876487863256a577654
264310 1 29 0 4 5 2 0 0 0  aaaa98865999a9995829aaa877876587865346a377644
264311 1 29 0 4 5 2 1 0 0  aaaa98865999a9995839aaa877876587863246a477645
264322 1 29 0 5 1 2 0 0 0  aaaa98856999a9994879aaa877875387844627a663565
264326 1 29 0 5 2 1 0 0 0  aaaa98865999a9994879aaa877876387844657a663552
264394 1 29 0 7 1 2 0 0 0  aaaa98854999a9993879aaa877875386866765a644725
264412 1 29 0 7 4 2 0 0 0  aaaa98854999a9993879aaa877875386844765a666725
264416 1 29 0 7 5 1 0 0 0  aaaa98865999a9994879aaa877876385863746a565742
264430 1 29 0 8 1 2 0 0 0  aaaa98854999a9993879aaa877877386866765a652445
264448 1 29 0 8 4 2 0 0 0  aaaa98854999a9993879aaa877877386852765a666445
264452 1 29 0 8 5 1 0 0 0  aaaa98865999a9994879aaa877877385863746a565642
264493 1 29 0 10 0 0 1 0 0  aaaa98875999a9994839aaa866857586873267a576744
264497 1 29 0 10 0 2 1 0 0  aaaa98875999a9995839aaa866847586873267a476745
264499 1 29 0 10 1 0 1 0 0  aaaa98875999a9994839aaa866867486873557a276754
264501 1 29 0 10 1 1 1 0 0  aaaa98875999a9994839aaa866867486873257a576754
264502 1 29 0 10 1 2 0 0 0  aaaa98875999a9995829aaa866867586875347a376744
264503 1 29 0 10 1 2 1 0 0  aaaa98875999a9995839aaa866867586873247a476745
264512 1 29 0 10 3 1 0 0 0  aaaa98875999a9994869aaa866867385873647a575742
264572 1 29 1 1 1 1 0 0 0  aaaa98884999a9993889aaa377874487666665a572557
264614 1 29 1 2 2 1 0 0 0  aaaa98884999a9993889aaa377875287666567a657445
264616 1 29 1 2 2 2 0 0 0  aaaa98885999a9995889aaa577874587666467a647332
264618 1 29 1 2 3 0 0 0 0  aaaa98885999a9994889aaa377876387666567a547254
264626 1 29 1 2 4 1 0 0 0  aaaa98884999a9993889aaa377874487656567a657625
264628 1 29 1 2 4 2 0 0 0  aaaa98885999a9995889aaa577874587636467a647623
264632 1 29 1 2 5 1 0 0 0  aaaa98884999a9993889aaa377875287644567a657665
264634 1 29 1 2 5 2 0 0 0  aaaa98885999a9995889aaa577874587644367a637662
264636 1 29 1 3 0 0 0 0 0  aaaa98886999a9995889aaa377877387662446a557465
264638 1 29 1 3 0 1 0 0 0  aaaa98885999a9995889aaa377877387662664a447556
264650 1 29 1 3 2 1 0 0 0  aaaa98885999a9994889aaa377877387666265a657445
264652 1 29 1 3 2 2 0 0 0  aaaa98885999a9995889aaa577877587666464a637423
264660 1 29 1 3 4 0 0 0 0  aaaa98885999a9994889aaa377877387655266a657464
264662 1 29 1 3 4 1 0 0 0  aaaa98885999a9995889aaa377877387646465a647625
264664 1 29 1 3 4 2 0 0 0  aaaa98885999a9995889aaa577877587646464a637623
264668 1 29 1 3 5 1 0 0 0  aaaa98885999a9994889aaa377877387644265a657665
264670 1 29 1 3 5 2 0 0 0  aaaa98885999a9995889aaa577877587644364a637662
264686 1 29 1 4 2 1 0 0 0  aaaa98884999a9993889aaa377875287666565a677445
264688 1 29 1 4 2 2 0 0 0  aaaa98885999a9995889aaa577874587666464a677332
264698 1 29 1 4 4 1 0 0 0  aaaa98884999a9993889aaa377874487656565a677625
264700 1 29 1 4 4 2 0 0 0  aaaa98885999a9995889aaa577874587636464a677623
264704 1 29 1 4 5 1 0 0 0  aaaa98884999a9993889aaa377875287644565a677665
264706 1 29 1 4 5 2 0 0 0  aaaa98885999a9995889aaa577874587644363a677662
264722 1 29 1 5 2 1 0 0 0  aaaa98884999a9993889aaa377874487657657a662565
264724 1 29 1 5 2 2 0 0 0  aaaa98885999a9995889aaa577874587637647a662463
264744 1 29 1 6 0 0 0 0 0  aaaa98885999a9994889aaa377877387667665a455246
264806 1 29 1 7 4 1 0 0 0  aaaa98884999a9993889aaa377875287644657a666575
264808 1 29 1 7 4 2 0 0 0  aaaa98885999a9995889aaa577874587644637a666372
264812 1 29 1 7 5 1 0 0 0  aaaa98885999a9993889aaa377876287464547a565676
264816 1 29 1 8 0 0 0 0 0  aaaa98885999a9994889aaa377877386657762a464556
264818 1 29 1 8 0 1 0 0 0  aaaa98884999a9993889aaa377877286657765a464556
264852 1 29 1 9 0 0 0 0 0  aaaa98885999a9994889aaa377877787663665a455246
264890 1 29 1 10 0 1 0 0 0  aaaa98884999a9993889aaa366875286744576a756775
264892 1 29 1 10 0 2 0 0 0  aaaa98885999a9995889aaa566874586744376a736772
264896 1 29 1 10 1 1 0 0 0  aaaa98885999a9994889aaa366876386744275a756775
264898 1 29 1 10 1 2 0 0 0  aaaa98885999a9995889aaa566876586744374a736772
265018 1 29 2 2 3 2 0 0 0  aaaa98885999a9995889aaa877873567665647a447362
265036 1 29 2 3 0 2 0 0 0  aaaa98885999a9995889aaa877877567635644a467362
265050 1 29 2 3 3 0 0 0 0  aaaa98885999a9993889aaa877877367662654a447565
265052 1 29 2 3 3 1 0 0 0  aaaa98885999a9993889aaa877877367662645a447565
265054 1 29 2 3 3 2 0 0 0  aaaa98885999a9995889aaa877877567665644a437362
265062 1 29 2 3 5 0 0 0 0  aaaa98885999a9994889aaa877877257645563a637664
265090 1 29 2 4 3 2 0 0 0  aaaa98885999a9995889aaa877873567665644a477362
265186 1 29 2 7 1 2 0 0 0  aaaa98885999a9995889aaa877873567665647a446372
265337 1 29 3 0 2 2 1 0 0  aaaa98885999a9995839aaa877866637865476a474275
265338 1 29 3 0 3 0 0 0 0  aaaa98885999a9994829aaa877866657865475a674373
265364 1 29 3 1 1 1 0 0 0  aaaa98885999a9993869aaa877874467863654a672557
265370 1 29 3 1 2 1 0 0 0  aaaa98884999a9993869aaa877874467863665a572557
265376 1 29 3 1 3 1 0 0 0  aaaa98885999a9994869aaa877876367863652a474557
265378 1 29 3 1 3 2 0 0 0  aaaa98885999a9995869aaa877876567865644a472337
265387 1 29 3 1 5 0 1 0 0  aaaa98886999a9996829aaa877875657856543a476347
265422 1 29 3 2 5 0 0 0 0  aaaa98885999a9993829aaa877876357865457a467646
265446 1 29 3 3 3 0 0 0 0  aaaa98885999a9993869aaa877877367862655a447654
265458 1 29 3 3 5 0 0 0 0  aaaa98885999a9993829aaa877877357865456a467646
265494 1 29 3 4 5 0 0 0 0  aaaa98885999a9993829aaa877876357865456a477646
265536 1 29 3 6 0 0 0 0 0  aaaa98885999a9993879aaa877877367862655a446654
265726 1 29 4 0 1 2 0 0 0  aaaa98884999a9993879aaa778874466863765a257565
265802 1 29 4 2 2 1 0 0 0  aaaa98885999a9994879aaa778877366863275a656445
265804 1 29 4 2 2 2 0 0 0  aaaa98885999a9995879aaa778877566865474a636423
265898 1 29 4 5 0 1 0 0 0  aaaa98885999a9995879aaa378877376862664a755446
265904 1 29 4 5 1 1 0 0 0  aaaa98885999a9994879aaa378877376866665a752445
265906 1 29 4 5 1 2 0 0 0  aaaa98885999a9995879aaa578877576866664a744332
265908 1 29 4 5 2 0 0 0 0  aaaa98885999a9994879aaa378877376866556a745624
265910 1 29 4 5 2 1 0 0 0  aaaa98885999a9994879aaa378877376866546a755642
265914 1 29 4 5 3 0 0 0 0  aaaa98885999a9994879aaa378877376866645a755642
265916 1 29 4 5 3 1 0 0 0  aaaa98885999a9994879aaa378877376866645a752645
265922 1 29 4 5 4 1 0 0 0  aaaa98885999a9994879aaa378877376852665a766445
265924 1 29 4 5 4 2 0 0 0  aaaa98885999a9995879aaa578877576844664a766332
265928 1 29 4 5 5 1 0 0 0  aaaa98885999a9994879aaa378877375862546a765646
265932 1 29 4 6 0 0 0 0 0  aaaa98885999a9994879aaa378877776863665a455246
265980 1 29 4 7 2 0 0 0 0  aaaa98885999a9994879aaa378877366862575a676445
265982 1 29 4 7 2 1 0 0 0  aaaa98885999a9995879aaa378877366862474a676554
265992 1 29 4 7 4 0 0 0 0  aaaa98885999a9994879aaa378877366866575a675442
265994 1 29 4 7 4 1 0 0 0  aaaa98885999a9994879aaa378877366866475a674525
266018 1 29 4 8 2 1 0 0 0  aaaa98885999a9994879aaa378877766863275a656445
266020 1 29 4 8 2 2 0 0 0  aaaa98885999a9995879aaa578877766865474a636423
266040 1 29 4 9 0 0 0 0 0  aaaa98885999a9994879aaa778866377873665a455246
266076 1 29 4 10 0 0 0 0 0  aaaa98885999a9994879aaa378866377877665a455246
266114 1 29 5 0 0 1 0 0 0  aaaa98884999a9993879aaa777866358656286a757445
266116 1 29 5 0 0 2 0 0 0  aaaa98885999a9995879aaa777866548646486a737352
266122 1 29 5 0 1 2 0 0 0  aaaa98884999a9993879aaa777866668653285a757445
266200 1 29 5 2 2 2 0 0 0  aaaa98884999a9993879aaa777875368662785a644565
266206 1 29 5 2 3 2 0 0 0  aaaa98884999a9993879aaa777875368656786a652445
266212 1 29 5 2 4 2 0 0 0  aaaa98884999a9993879aaa777875368666785a652445
266214 1 29 5 2 5 0 0 0 0  aaaa98885999a9994879aaa777876348564786a565632
266216 1 29 5 2 5 1 0 0 0  aaaa98885999a9994879aaa777876358565786a464632
266270 1 29 5 4 2 1 0 0 0  aaaa98885999a9994869aaa377874468673686a572557
266276 1 29 5 4 3 1 0 0 0  aaaa98884999a9993869aaa677874468673685a572557
266282 1 29 5 4 4 1 0 0 0  aaaa98884999a9993869aaa377874468676685a572557
266286 1 29 5 4 5 0 0 0 0  aaaa98886999a9996829aaa677873658576583a474457
266287 1 29 5 4 5 0 1 0 0  aaaa98886999a9996829aaa677874658576584a373457
266291 1 29 5 4 5 2 1 0 0  aaaa98886999a9996859aaa677872658575383a476447
266306 1 29 5 5 2 1 0 0 0  aaaa98885999a9994879aaa377875368676785a644625
266308 1 29 5 5 2 2 0 0 0  aaaa98885999a9995879aaa577874568676783a644623
266312 1 29 5 5 3 1 0 0 0  aaaa98885999a9994879aaa377875368676786a652445
266314 1 29 5 5 3 2 0 0 0  aaaa98885999a9995879aaa577874568676786a644332
266318 1 29 5 5 4 1 0 0 0  aaaa98885999a9994879aaa377875368672785a644665
266320 1 29 5 5 4 2 0 0 0  aaaa98885999a9995879aaa577874568672783a644663
266322 1 29 5 5 5 0 0 0 0  aaaa98885999a9994879aaa377876348574786a565626
266324 1 29 5 5 5 1 0 0 0  aaaa98885999a9994879aaa377876358575786a464626
266330 1 29 5 6 0 1 0 0 0  aaaa98885999a9993879aaa377877268657685a446645
266370 1 29 5 7 1 0 0 0 0  aaaa98885999a9994879aaa377876368656786a455742
266372 1 29 5 7 1 1 0 0 0  aaaa98885999a9994879aaa377876368646786a555724
266378 1 29 5 7 2 1 0 0 0  aaaa98885999a9994879aaa377875368662785a644765
266380 1 29 5 7 2 2 0 0 0  aaaa98885999a9995879aaa577874568662783a644763
266384 1 29 5 7 3 1 0 0 0  aaaa98885999a9994879aaa377875368656786a644725
266386 1 29 5 7 3 2 0 0 0  aaaa98885999a9995879aaa577874568636786a644723
266390 1 29 5 7 4 1 0 0 0  aaaa98885999a9994879aaa377875368666785a644725
266392 1 29 5 7 4 2 0 0 0  aaaa98885999a9995879aaa577874568666783a644723
266394 1 29 5 7 5 0 0 0 0  aaaa98885999a9994879aaa377876348564786a565726
266396 1 29 5 7 5 1 0 0 0  aaaa98885999a9994879aaa377876358565786a464726
266402 1 29 5 8 0 1 0 0 0  aaaa98885999a9995879aaa377877368655786a644426
266408 1 29 5 8 1 1 0 0 0  aaaa98885999a9994879aaa377877368646786a562554
266414 1 29 5 8 2 1 0 0 0  aaaa98885999a9994879aaa377877368662785a644565
266416 1 29 5 8 2 2 0 0 0  aaaa98885999a9995879aaa577877568662784a644363
266420 1 29 5 8 3 1 0 0 0  aaaa98885999a9994879aaa377877368656786a652445
266422 1 29 5 8 3 2 0 0 0  aaaa98885999a9995879aaa577877568646786a644332
266426 1 29 5 8 4 1 0 0 0  aaaa98885999a9994879aaa377877368666785a652445
266428 1 29 5 8 4 2 0 0 0  aaaa98885999a9995879aaa577877568666784a644332
266430 1 29 5 8 5 0 0 0 0  aaaa98885999a9994879aaa377877348564786a565626
266432 1 29 5 8 5 1 0 0 0  aaaa98885999a9994879aaa377877358565786a464626
266510 1 29 6 0 0 1 0 0 0  aaaa98884999a9993879aaa777866385862665a757445
266590 1 29 6 2 1 2 0 0 0  aaaa98884999a9993879aaa777875386866765a652445
266608 1 29 6 2 4 2 0 0 0  aaaa98884999a9993879aaa777875386852765a666445
266612 1 29 6 2 5 1 0 0 0  aaaa98885999a9994879aaa777876385863746a565642
266616 1 29 6 3 0 0 0 0 0  aaaa98885999a9994879aaa777877386863665a455246
266660 1 29 6 4 1 1 0 0 0  aaaa98884999a9993869aaa377874487866656a577525
266666 1 29 6 4 2 1 0 0 0  aaaa98885999a9994869aaa377876387866256a577454
266668 1 29 6 4 2 2 0 0 0  aaaa98885999a9995869aaa577876587866446a377432
266678 1 29 6 4 4 1 0 0 0  aaaa98885999a9993859aaa377876287855464a677664
266696 1 29 6 5 1 1 0 0 0  aaaa98886999a9994879aaa377875387844657a662565
266698 1 29 6 5 1 2 0 0 0  aaaa98886999a9995879aaa577874587835647a662463
266700 1 29 6 5 2 0 0 0 0  aaaa98885999a9994879aaa377876387855647a662546
266702 1 29 6 5 2 1 0 0 0  aaaa98885999a9995879aaa477876387863657a662454
266708 1 29 6 5 3 1 0 0 0  aaaa98885999a9994879aaa377876387844667a566552
266714 1 29 6 5 4 1 0 0 0  aaaa98885999a9994879aaa377876387844657a666552
266736 1 29 6 6 2 0 0 0 0  aaaa98885999a9994879aaa377877387862666a455546
266768 1 29 6 7 1 1 0 0 0  aaaa98885999a9994879aaa377875386866765a644725
266770 1 29 6 7 1 2 0 0 0  aaaa98885999a9995879aaa577874586866763a644723
266772 1 29 6 7 2 0 0 0 0  aaaa98885999a9994879aaa377876386866756a545724
266774 1 29 6 7 2 1 0 0 0  aaaa98885999a9994879aaa377876386866746a555742
266778 1 29 6 7 3 0 0 0 0  aaaa98885999a9994879aaa377876386866745a655742
266780 1 29 6 7 3 1 0 0 0  aaaa98885999a9994879aaa377876386866745a652745
266786 1 29 6 7 4 1 0 0 0  aaaa98885999a9994879aaa377875386844765a666725
266788 1 29 6 7 4 2 0 0 0  aaaa98885999a9995879aaa577874586844763a666723
266792 1 29 6 7 5 1 0 0 0  aaaa98885999a9994879aaa377876385862746a565746
266796 1 29 6 8 0 0 0 0 0  aaaa98885999a9994879aaa377877386862756a644565
266798 1 29 6 8 0 1 0 0 0  aaaa98885999a9995879aaa377877386862746a655464
266804 1 29 6 8 1 1 0 0 0  aaaa98885999a9994879aaa377877386866765a652445
266806 1 29 6 8 1 2 0 0 0  aaaa98885999a9995879aaa577877586866764a644332
266808 1 29 6 8 2 0 0 0 0  aaaa98885999a9994879aaa377877386866756a545624
266810 1 29 6 8 2 1 0 0 0  aaaa98885999a9994879aaa377877386866746a555642
266816 1 29 6 8 3 1 0 0 0  aaaa98885999a9994879aaa377877386866756a644552
266822 1 29 6 8 4 1 0 0 0  aaaa98885999a9994879aaa377877386852765a666445
266824 1 29 6 8 4 2 0 0 0  aaaa98885999a9995879aaa577877586844764a666332
266828 1 29 6 8 5 1 0 0 0  aaaa98885999a9994879aaa377877385862746a565646
266832 1 29 6 9 0 0 0 0 0  aaaa98885999a9994879aaa377877786863665a455246
266888 1 29 6 10 3 1 0 0 0  aaaa98885999a9994869aaa366867385872647a575747
266998 1 29 7 2 3 2 0 0 0  aaaa98888999a9995889aaa577873567665647a447362
267016 1 29 7 3 0 2 0 0 0  aaaa98888999a9995889aaa577877567635644a467362
267030 1 29 7 3 3 0 0 0 0  aaaa98888999a9995889aaa377877367662654a447565
267032 1 29 7 3 3 1 0 0 0  aaaa98888999a9995889aaa377877367662645a447565
267034 1 29 7 3 3 2 0 0 0  aaaa98888999a9995889aaa577877567665644a437362
267042 1 29 7 3 5 0 0 0 0  aaaa98888999a9995889aaa477877257645563a637664
267070 1 29 7 4 3 2 0 0 0  aaaa98888999a9995889aaa577873567665644a477362
267166 1 29 7 7 1 2 0 0 0  aaaa98888999a9995889aaa577873567665647a446372
267331 1 29 8 0 5 0 1 0 0  aaaa98885999a9994879aaa777836452865586a767634
267333 1 29 8 0 5 1 1 0 0  aaaa98885999a9994879aaa777836455865286a767634
267335 1 29 8 0 5 2 1 0 0  aaaa98885999a9995879aaa777836544864286a767635
267352 1 29 8 1 2 2 0 0 0  aaaa98887999a9994879aaa777875366863285a656445
267388 1 29 8 2 2 2 0 0 0  aaaa98884999a9993879aaa777875366862785a656445
267394 1 29 8 2 3 2 0 0 0  aaaa98884999a9993879aaa777875366856786a652445
267400 1 29 8 2 4 2 0 0 0  aaaa98884999a9993879aaa777875366866785a652445
267402 1 29 8 2 5 0 0 0 0  aaaa98885999a9994879aaa777876355863786a465642
267404 1 29 8 2 5 1 0 0 0  aaaa98885999a9994879aaa777876355865786a464632
267422 1 29 8 3 2 1 0 0 0  aaaa98885999a9994879aaa777877366863285a656445
267424 1 29 8 3 2 2 0 0 0  aaaa98885999a9995879aaa777877566865484a636423
267488 1 29 8 5 1 1 0 0 0  aaaa98885999a9994879aaa377875367866687a652445
267490 1 29 8 5 1 2 0 0 0  aaaa98885999a9995879aaa577874567866687a644332
267492 1 29 8 5 2 0 0 0 0  aaaa98885999a9994879aaa377876367866587a562454
267494 1 29 8 5 2 1 0 0 0  aaaa98885999a9994879aaa377876367866587a565442
267506 1 29 8 5 4 1 0 0 0  aaaa98885999a9994879aaa377875367852687a666445
267508 1 29 8 5 4 2 0 0 0  aaaa98885999a9995879aaa577874567844687a666332
267512 1 29 8 5 5 1 0 0 0  aaaa98885999a9994879aaa377876347864587a565626
267516 1 29 8 6 0 0 0 0 0  aaaa98885999a9994879aaa377877367862684a556654
267518 1 29 8 6 0 1 0 0 0  aaaa98885999a9994879aaa377877367862685a456645
267524 1 29 8 6 1 1 0 0 0  aaaa98885999a9994879aaa377877367866685a652445
267526 1 29 8 6 1 2 0 0 0  aaaa98885999a9995879aaa577877567866684a644332
267528 1 29 8 6 2 0 0 0 0  aaaa98885999a9994879aaa377877367866585a465642
267530 1 29 8 6 2 1 0 0 0  aaaa98885999a9994879aaa377877367866584a565624
267534 1 29 8 6 3 0 0 0 0  aaaa98885999a9994879aaa377877367866685a455642
267536 1 29 8 6 3 1 0 0 0  aaaa98885999a9994879aaa377877367866684a555624
267542 1 29 8 6 4 1 0 0 0  aaaa98885999a9994879aaa377877367852685a666445
267544 1 29 8 6 4 2 0 0 0  aaaa98885999a9995879aaa577877567844684a666332
267548 1 29 8 6 5 1 0 0 0  aaaa98885999a9994879aaa377877347864586a565626
267558 1 29 8 7 1 0 0 0 0  aaaa98885999a9994879aaa377876366856786a455742
267560 1 29 8 7 1 1 0 0 0  aaaa98885999a9994879aaa377876366846786a555724
267566 1 29 8 7 2 1 0 0 0  aaaa98885999a9994879aaa377874466863785a656725
267568 1 29 8 7 2 2 0 0 0  aaaa98885999a9995879aaa577874566864783a636724
267572 1 29 8 7 3 1 0 0 0  aaaa98885999a9994879aaa377875366856786a644725
267574 1 29 8 7 3 2 0 0 0  aaaa98885999a9995879aaa577874566836786a644723
267578 1 29 8 7 4 1 0 0 0  aaaa98885999a9994879aaa377875366866785a644725
267580 1 29 8 7 4 2 0 0 0  aaaa98885999a9995879aaa577874566866783a644723
267582 1 29 8 7 5 0 0 0 0  aaaa98885999a9994879aaa377876355862786a465746
267584 1 29 8 7 5 1 0 0 0  aaaa98885999a9994879aaa377876355865786a464726
267590 1 29 8 8 0 1 0 0 0  aaaa98885999a9995879aaa377877366855786a644426
267594 1 29 8 8 1 0 0 0 0  aaaa98885999a9994879aaa377877366856786a455642
267596 1 29 8 8 1 1 0 0 0  aaaa98885999a9994879aaa377877366846786a555624
267602 1 29 8 8 2 1 0 0 0  aaaa98885999a9994879aaa377877366862785a656445
267604 1 29 8 8 2 2 0 0 0  aaaa98885999a9995879aaa577877566862784a636443
267608 1 29 8 8 3 1 0 0 0  aaaa98885999a9994879aaa377877366856786a652445
267610 1 29 8 8 3 2 0 0 0  aaaa98885999a9995879aaa577877566846786a644332
267614 1 29 8 8 4 1 0 0 0  aaaa98885999a9994879aaa377877366866785a652445
267616 1 29 8 8 4 2 0 0 0  aaaa98885999a9995879aaa577877566866784a644332
267618 1 29 8 8 5 0 0 0 0  aaaa98885999a9994879aaa377877355862786a465646
267620 1 29 8 8 5 1 0 0 0  aaaa98885999a9994879aaa377877355865786a464626
267638 1 29 8 9 2 1 0 0 0  aaaa98885999a9994879aaa377877766863285a656445
267640 1 29 8 9 2 2 0 0 0  aaaa98885999a9995879aaa577877766865484a636423
267822 1 29 9 3 3 0 0 0 0  aaaa98885999a9994879aaa777877366863568a546254
267854 1 29 9 4 2 1 0 0 0  aaaa98885999a9994869aaa377874467863668a577552
267860 1 29 9 4 3 1 0 0 0  aaaa98884999a9993869aaa677874467863658a577525
267866 1 29 9 4 4 1 0 0 0  aaaa98884999a9993869aaa377874467866658a577525
267878 1 29 9 5 0 1 0 0 0  aaaa98886999a9994879aaa377876656873758a562454
267884 1 29 9 5 1 1 0 0 0  aaaa98885999a9994879aaa377874466876768a555632
267890 1 29 9 5 2 1 0 0 0  aaaa98885999a9994879aaa377874466876758a663552
267896 1 29 9 5 3 1 0 0 0  aaaa98885999a9994879aaa377874466876768a563552
267902 1 29 9 5 4 1 0 0 0  aaaa98885999a9994879aaa377874466873758a666552
267912 1 29 9 6 0 0 0 0 0  aaaa98885999a9994879aaa377877367862648a556645
267914 1 29 9 6 0 1 0 0 0  aaaa98885999a9994879aaa377877367862658a546654
267920 1 29 9 6 1 1 0 0 0  aaaa98885999a9994879aaa377877367866658a644552
267930 1 29 9 6 3 0 0 0 0  aaaa98885999a9994879aaa377877367866658a545624
267932 1 29 9 6 3 1 0 0 0  aaaa98885999a9994879aaa377877367866648a555642
267938 1 29 9 6 4 1 0 0 0  aaaa98885999a9994879aaa377877367844658a666552
267956 1 29 9 7 1 1 0 0 0  aaaa98885999a9994879aaa377874466863768a555762
267968 1 29 9 7 3 1 0 0 0  aaaa98885999a9994879aaa377875366862768a456745
267974 1 29 9 7 4 1 0 0 0  aaaa98885999a9994879aaa377874466866768a555732
267986 1 29 9 8 0 1 0 0 0  aaaa98885999a9994879aaa377877366852768a464565
267996 1 29 9 8 2 0 0 0 0  aaaa98886999a9996879aaa477877366856758a553442
267998 1 29 9 8 2 1 0 0 0  aaaa98885999a9994879aaa377877366862758a646554
268038 1 29 9 9 3 0 0 0 0  aaaa98885999a9994879aaa377877766863568a546254
268074 1 29 9 10 3 0 0 0 0  aaaa98885999a9994879aaa376866377877658a545264
268121 1 29 10 0 4 2 1 0 0  aaaa98888999a9994879aaa777835466866265a757534
268125 1 29 10 0 5 1 1 0 0  aaaa98888999a9994879aaa777836455865256a767634
268126 1 29 10 0 5 2 0 0 0  aaaa98888999a9995879aaa777846543865346a767652
268127 1 29 10 0 5 2 1 0 0  aaaa98888999a9995879aaa777836542865446a767635
268308 1 29 10 6 0 0 0 0 0  aaaa98888999a9995879aaa377877367862655a446654
268610 1 29 11 3 2 1 0 0 0  aaaa96378999a9995879aaa888885477752637a644665
268612 1 29 11 3 2 2 0 0 0  aaaa96378999a9995879aaa888884577725637a644665
268690 1 29 11 5 3 2 0 0 0  aaaa97778999a9994869aaa888885367653726a644575
268704 1 29 11 6 0 0 0 0 0  aaaa96658999a9994879aaa888886377647577a563524
268792 1 29 11 8 2 2 0 0 0  aaaa97658999a9994879aaa888885377744627a663565
268812 1 29 11 9 0 0 0 0 0  aaaa96658999a9994879aaa888886377747567a563524
268901 1 29 12 0 2 2 1 0 0  aaaa98888999a9994879aaa782875776664765a353564
268907 1 29 12 0 3 2 1 0 0  aaaa98888999a9994879aaa782875776664765a356534
268913 1 29 12 0 4 2 1 0 0  aaaa98888999a9994879aaa782875776666765a354534
268919 1 29 12 0 5 2 1 0 0  aaaa98888999a9994879aaa782875773654765a653664
268958 1 29 12 2 0 1 0 0 0  aaaa98888999a9994879aaa387877376652656a744565
268960 1 29 12 2 0 2 0 0 0  aaaa98888999a9995879aaa587877576645636a744362
268976 1 29 12 2 3 1 0 0 0  aaaa98888999a9995879aaa487877376663625a744565
268978 1 29 12 2 3 2 0 0 0  aaaa98888999a9995879aaa587877576665644a742363
268986 1 29 12 2 5 0 0 0 0  aaaa98888999a9995879aaa487877375465526a763646
269028 1 29 12 4 0 0 0 0 0  aaaa98888999a9995879aaa487877377663665a455246
269080 1 29 12 5 2 2 0 0 0  aaaa98888999a9995869aaa587877576635744a466372
269150 1 29 12 7 2 1 0 0 0  aaaa98888999a9995869aaa387877376644654a762557
269160 1 29 12 7 4 0 0 0 0  aaaa98888999a9994869aaa687877376663545a725547
269166 1 29 12 7 5 0 0 0 0  aaaa98888999a9994869aaa387877376666545a725547
269368 1 29 13 2 2 2 0 0 0  aaaa98888999a9994879aaa777875368663725a644565
269459 1 29 13 4 5 2 1 0 0  aaaa98888999a9995849aaa577872548674363a675667
269486 1 29 13 5 4 1 0 0 0  aaaa98888999a9994879aaa377875358676765a644625
269488 1 29 13 5 4 2 0 0 0  aaaa98888999a9995879aaa577874548676764a635623
269538 1 29 13 7 1 0 0 0 0  aaaa98888999a9995879aaa477876368646756a525734
269546 1 29 13 7 2 1 0 0 0  aaaa98888999a9994879aaa377875368662755a644765
269548 1 29 13 7 2 2 0 0 0  aaaa98888999a9995879aaa577874568665744a633762
269582 1 29 13 8 2 1 0 0 0  aaaa98888999a9995879aaa477877368663725a644565
269584 1 29 13 8 2 2 0 0 0  aaaa98888999a9995879aaa577877568665744a642363
269696 1 29 14 0 3 1 0 0 0  aaaa98888999a9994779aaa367866368752857a744565
269698 1 29 14 0 3 2 0 0 0  aaaa98888999a9995779aaa567866568745837a744362
269706 1 29 14 0 5 0 0 0 0  aaaa98888999a9995779aaa457846558763827a763646
269749 1 29 14 2 0 0 1 0 0  aaaa98888999a9995779aaa767865528764867a364534
270000 1 29 14 9 0 0 0 0 0  aaaa98888999a9995729aaa777877468655836a644536
270074 1 29 15 0 0 1 0 0 0  aaaa98885999a9994779aaa367865368752786a644785
270076 1 29 15 0 0 2 0 0 0  aaaa98885999a9995779aaa567864568744786a633782
270092 1 29 15 0 3 1 0 0 0  aaaa98885999a9994779aaa367866368752785a644785
270094 1 29 15 0 3 2 0 0 0  aaaa98885999a9995779aaa567866568744784a633782
270102 1 29 15 0 5 0 0 0 0  aaaa98885999a9993779aaa357846558762786a464786
270112 1 29 15 1 0 2 0 0 0  aaaa98886999a9994779aaa767865238356785a744685
270118 1 29 15 1 1 2 0 0 0  aaaa98886999a9993779aaa767866348456785a752485
270124 1 29 15 1 2 2 0 0 0  aaaa98884999a9993779aaa767866368256785a744585
270148 1 29 15 2 0 2 0 0 0  aaaa98884999a9993779aaa767865368752786a644585
270155 1 29 15 2 1 2 1 0 0  aaaa98886999a9994779aaa767866428756785a353584
270166 1 29 15 2 3 2 0 0 0  aaaa98884999a9993779aaa767866368752785a644585
270174 1 29 15 2 5 0 0 0 0  aaaa98885999a9993779aaa757846558763786a464682
270179 1 29 15 2 5 2 1 0 0  aaaa98885999a9995779aaa747836548764786a365682
270359 1 29 15 7 5 2 1 0 0  aaaa98887999a9995779aaa737836528765486a464685
270470 1 29 16 0 0 1 0 0 0  aaaa98885999a9995779aaa367865568744786a643728
270474 1 29 16 0 1 0 0 0 0  aaaa98886999a9995779aaa467866238756783a455748
270476 1 29 16 0 1 1 0 0 0  aaaa98886999a9994779aaa367866328756785a455748
270480 1 29 16 0 2 0 0 0 0  aaaa98885999a9994779aaa367866368756782a455748
270482 1 29 16 0 2 1 0 0 0  aaaa98884999a9993779aaa367866268756785a455748
270488 1 29 16 0 3 1 0 0 0  aaaa98885999a9995779aaa367866368755784a644728
270494 1 29 16 0 4 1 0 0 0  aaaa98884999a9993779aaa367866668744785a555728
270544 1 29 16 2 0 2 0 0 0  aaaa98885999a9995779aaa767864568725786a644338
270552 1 29 16 2 2 0 0 0 0  aaaa98885999a9993779aaa767866368756784a455428
270562 1 29 16 2 3 2 0 0 0  aaaa98885999a9995779aaa767866568745782a644338
270570 1 29 16 2 5 0 0 0 0  aaaa98884999a9993779aaa757856358762786a464658
270617 1 29 16 4 0 2 1 0 0  aaaa98885999a9995779aaa767862548464787a365368
270630 1 29 16 4 3 0 0 0 0  aaaa98885999a9993779aaa767866368545787a644528
270650 1 29 16 5 0 1 0 0 0  aaaa98884999a9993779aaa767876368474685a555628
270764 1 29 16 8 1 1 0 0 0  aaaa98884999a9993769aaa777874468673685a562558
270776 1 29 16 8 3 1 0 0 0  aaaa98884999a9993769aaa777874468673685a555628
270800 1 29 16 9 1 1 0 0 0  aaaa98884999a9993769aaa777877368644685a562558
270812 1 29 16 9 3 1 0 0 0  aaaa98884999a9993769aaa777877368644685a555628
270816 1 29 16 9 4 0 0 0 0  aaaa98885999a9994769aaa777877368663685a455248
270866 1 29 17 0 0 1 0 0 0  aaaa98888999a9995779aaa467865368753786a644725
270868 1 29 17 0 0 2 0 0 0  aaaa98888999a9995779aaa567864568735786a644723
270884 1 29 17 0 3 1 0 0 0  aaaa98888999a9995779aaa467866368753785a644725
270886 1 29 17 0 3 2 0 0 0  aaaa98888999a9995779aaa567866568745783a644723
270894 1 29 17 0 5 0 0 0 0  aaaa98888999a9994779aaa357856358762786a464756
270940 1 29 17 2 0 2 0 0 0  aaaa98888999a9994779aaa767865368753786a652445
270947 1 29 17 2 1 2 1 0 0  aaaa98888999a9996779aaa767866428756785a354534
270958 1 29 17 2 3 2 0 0 0  aaaa98888999a9994779aaa767866368753785a652445
270966 1 29 17 2 5 0 0 0 0  aaaa98888999a9994779aaa757856358763786a464652
271151 1 29 17 7 5 2 1 0 0  aaaa98888999a9997779aaa737846538765286a465645
271404 1 29 18 4 0 0 0 0 0  aaaa97775999a9994889aaa878888377663665a455246
271664 1 29 19 0 1 1 0 0 0  aaaa98888999a9995779aaa467866367844678a573552
271980 1 29 19 9 0 0 0 0 0  aaaa98888999a9995749aaa777877366843268a565564
272238 1 29 20 5 1 0 0 0 0  aaaa97775999a9994869aaa888886367683756a545274
272252 1 29 20 5 3 1 0 0 0  aaaa97774999a9993869aaa888885367682756a644575
272254 1 29 20 5 3 2 0 0 0  aaaa97775999a9995869aaa888884567685736a644372
272312 1 29 20 7 1 1 0 0 0  aaaa97775999a9994869aaa888887367683674a562554
272322 1 29 20 7 3 0 0 0 0  aaaa97775999a9994869aaa888887367683675a455642
272324 1 29 20 7 3 1 0 0 0  aaaa97775999a9994869aaa888887367683674a555624
272488 1 29 21 1 0 2 0 0 0  aaaa97775999a9997849aaa888888567647624a336655
272592 1 29 21 4 0 0 0 0 0  aaaa97775999a9994879aaa888888377663665a455246
272628 1 29 21 5 0 0 0 0 0  aaaa97775999a9994849aaa888888267654736a655376
272630 1 29 21 5 0 1 0 0 0  aaaa97774999a9993859aaa888888367655726a644576
272633 1 29 21 5 0 2 1 0 0  aaaa97775999a9995849aaa888888567644736a625376
272648 1 29 21 5 3 1 0 0 0  aaaa97774999a9993869aaa888888367652756a644575
272650 1 29 21 5 3 2 0 0 0  aaaa97775999a9995869aaa888888567645736a644372
272664 1 29 21 6 0 0 0 0 0  aaaa97777999a9995829aaa888888467655736a644536
272708 1 29 21 7 1 1 0 0 0  aaaa97774999a9993869aaa888888367644675a562557
272720 1 29 21 7 3 1 0 0 0  aaaa97774999a9993869aaa888888367644675a555627
272724 1 29 21 7 4 0 0 0 0  aaaa97775999a9994869aaa888888367663675a455247
272988 1 29 22 4 0 0 0 0 0  aaaa97775999a9994879aaa388888877663665a455246
273270 1 30 0 0 5 0 0 0 0  aaaa99999988a7764989aaa858757374765856a864632
273317 1 30 0 2 0 2 1 0 0  aaaa99999988a7774989aaa868765763754826a853564
273335 1 30 0 2 3 2 1 0 0  aaaa99999988a7774989aaa868766763754825a853564
273359 1 30 0 3 1 2 1 0 0  aaaa99999988a7777989aaa878766662654835a854534
273533 1 30 0 8 0 2 1 0 0  aaaa99999988a7777989aaa868765463754826a853564
273551 1 30 0 8 3 2 1 0 0  aaaa99999988a7777989aaa868766463754825a853564
273557 1 30 0 8 4 2 1 0 0  aaaa99999988a7777989aaa868766662754835a854534
273662 1 30 1 0 4 1 0 0 0  aaaa99999988a8775979aaa468776366673582a455848
273664 1 30 1 0 4 2 0 0 0  aaaa99999988a8775979aaa568776566675484a433828
273864 1 30 1 6 2 0 0 0 0  aaaa99999988a8666979aaa578777375645582a644838
274008 1 30 1 10 2 0 0 0 0  aaaa99999988a8666979aaa578564577773582a644838
274250 1 30 2 6 0 1 0 0 0  aaaa99999988a8664979aaa378777376644586a552885
274321 1 30 2 8 0 0 1 0 0  aaaa99999988a8665979aaa478777426655786a353884
274394 1 30 2 10 0 1 0 0 0  aaaa99999988a8664979aaa378664477773586a552885
274448 1 30 3 0 3 1 0 0 0  aaaa99999988a8774989aaa368776676474586a553852
274458 1 30 3 0 5 0 0 0 0  aaaa99999988a8774989aaa358775376475685a666842
274613 1 30 3 5 0 2 1 0 0  aaaa99999988a8777989aaa468672435763687a555846
274728 1 30 3 8 2 0 0 0 0  aaaa99999988a8666989aaa578777475645583a637824
274826 1 30 4 0 0 1 0 0 0  aaaa99999988a8775989aaa468776376474688a555632
274844 1 30 4 0 3 1 0 0 0  aaaa99999988a8774989aaa368776676474588a553652
274946 1 30 4 3 2 1 0 0 0  aaaa99999988a8547989aaa478777366627588a566534
274948 1 30 4 3 2 2 0 0 0  aaaa99999988a8457989aaa378777366657488a466525
275009 1 30 4 5 0 2 1 0 0  aaaa99999988a8777989aaa568673524765688a474653
275022 1 30 4 5 3 0 0 0 0  aaaa99999988a8777989aaa468676365753588a672445
275042 1 30 4 6 0 1 0 0 0  aaaa99999988a8664989aaa378777376657588a552446
275234 1 30 5 0 2 1 0 0 0  aaaa99999988a8775989aaa468787376763658a644552
276157 1 30 7 4 0 0 1 0 0  aaaa99999988a8837969aaa778776655467258a456348
276159 1 30 7 4 0 1 1 0 0  aaaa99999988a8837969aaa778776655567248a456348
276161 1 30 7 4 0 2 1 0 0  aaaa99999988a8837969aaa778776625467548a556348
276175 1 30 7 4 3 0 1 0 0  aaaa99999988a8857969aaa778775566437268a465348
276197 1 30 7 5 0 2 1 0 0  aaaa99999988a8866979aaa678772476564358a573548
276280 1 30 7 7 2 2 0 0 0  aaaa99999988a8845979aaa578772566644738a366758
276408 1 30 8 0 0 0 0 0 0  aaaa99999988a8775989aaa468776376873658a545624
276410 1 30 8 0 0 1 0 0 0  aaaa99999988a8775989aaa468776376873648a555642
276434 1 30 8 0 4 1 0 0 0  aaaa99999988a8775989aaa468774476873658a663552
276542 1 30 8 3 4 1 0 0 0  aaaa99999988a8547989aaa478777356867658a626534
276544 1 30 8 3 4 2 0 0 0  aaaa99999988a8457989aaa378777346867648a656525
276618 1 30 8 5 5 0 0 0 0  aaaa99999988a8777989aaa458675356873678a662445
276876 1 30 9 2 0 0 0 0 0  aaaa99999988a8777989aaa468776365573568a862454
276926 1 30 9 3 2 1 0 0 0  aaaa99999988a8547989aaa478777366627558a866534
276928 1 30 9 3 2 2 0 0 0  aaaa99999988a8457989aaa378777366657448a866525
276990 1 30 9 5 1 0 0 0 0  aaaa99999988a8777989aaa468676365753568a872445
277020 1 30 9 6 0 0 0 0 0  aaaa99999988a8664989aaa378777376657558a852446
277286 1 30 10 2 2 1 0 0 0  aaaa99999988a8874989aaa378774466673758a566525
277322 1 30 10 3 2 1 0 0 0  aaaa99999988a8857989aaa478777366647258a566534
277324 1 30 10 3 2 2 0 0 0  aaaa99999988a8857989aaa378777366657448a266545
277359 1 30 10 4 2 1 1 0 0  aaaa99999988a8874989aaa478773366674558a266557
277361 1 30 10 4 2 2 1 0 0  aaaa99999988a8874989aaa478773366674258a566557
277462 1 30 10 7 1 2 0 0 0  aaaa99999988a8836989aaa578773576665448a276475
277468 1 30 10 7 2 2 0 0 0  aaaa99999988a8845989aaa578773576665648a276473
277472 1 30 10 7 3 1 0 0 0  aaaa99999988a8854989aaa378774476663268a576575
277474 1 30 10 7 3 2 0 0 0  aaaa99999988a8835989aaa578773576665468a476472
277482 1 30 10 7 5 0 0 0 0  aaaa99999988a8865989aaa378776375465528a474676
277510 1 30 10 8 3 2 0 0 0  aaaa99999988a8835989aaa578777576665648a447362
277597 1 30 11 0 0 0 1 0 0  aaaa99999988a8885949aaa877663847642676a575573
277620 1 30 11 0 4 0 0 0 0  aaaa99999988a8883969aaa877545867663675a572474
277633 1 30 11 1 0 0 1 0 0  aaaa99999988a8884929aaa877766855764665a533747
277708 1 30 11 3 0 2 0 0 0  aaaa99999988a8884949aaa877776866574356a632557
277709 1 30 11 3 0 2 1 0 0  aaaa99999988a8882939aaa877776866573456a644557
278145 1 30 12 4 1 1 1 0 0  aaaa99999988a8836969aaa677758466734528a554778
278147 1 30 12 4 1 2 1 0 0  aaaa99999988a8826969aaa677738465764538a554778
278151 1 30 12 4 2 1 1 0 0  aaaa99999988a8824969aaa477738365765668a554778
278153 1 30 12 4 2 2 1 0 0  aaaa99999988a8824969aaa477738365764668a555778
278187 1 30 12 5 2 1 1 0 0  aaaa99999988a8833979aaa477758566674278a566548
278189 1 30 12 5 2 2 1 0 0  aaaa99999988a8833979aaa477758466674278a566558
278223 1 30 12 6 2 1 1 0 0  aaaa99999988a8833979aaa477778466674558a266558
278225 1 30 12 6 2 2 1 0 0  aaaa99999988a8833979aaa477778466674258a566558
278253 1 30 12 7 1 1 1 0 0  aaaa99999988a8824979aaa477758563663678a576548
278259 1 30 12 7 2 1 1 0 0  aaaa99999988a8833979aaa477758566564278a676548
278261 1 30 12 7 2 2 1 0 0  aaaa99999988a8833979aaa477758466564278a676558
278367 1 30 12 10 2 1 1 0 0  aaaa99999988a8833979aaa476668477774558a266558
278369 1 30 12 10 2 2 1 0 0  aaaa99999988a8833979aaa476668477774258a566558
278387 1 30 12 10 5 2 1 0 0  aaaa99999988a8824979aaa473658377774658a666558
278576 1 30 13 5 1 1 0 0 0  aaaa99999988a8856979aaa478774876663258a576534
278578 1 30 13 5 1 2 0 0 0  aaaa99999988a8856979aaa378775876663448a276545
279756 1 30 16 5 0 0 0 0 0  aaaa99999988a8777989aaa468687365753576a682445
280026 1 30 17 1 3 0 0 0 0  aaaa99999988a8875989aaa478778376663657a545264
280066 1 30 17 2 3 2 0 0 0  aaaa99999988a8835989aaa578778576665647a447362
280124 1 30 17 4 1 1 0 0 0  aaaa99999988a8874989aaa378778366576567a545624
280130 1 30 17 4 2 1 0 0 0  aaaa99999988a8875989aaa478778366673257a566454
280132 1 30 17 4 2 2 0 0 0  aaaa99999988a8875989aaa578778566675447a366432
280234 1 30 17 7 1 2 0 0 0  aaaa99999988a8826989aaa578778576665434a476375
280240 1 30 17 7 2 2 0 0 0  aaaa99999988a8835989aaa578778576665644a476372
280244 1 30 17 7 3 1 0 0 0  aaaa99999988a8844989aaa478778376663565a276575
280246 1 30 17 7 3 2 0 0 0  aaaa99999988a8835989aaa578778576665464a476372
280254 1 30 17 7 5 0 0 0 0  aaaa99999988a8865989aaa378778375465526a474676
280814 1 30 19 1 2 1 0 0 0  aaaa99999988a8874989aaa378774476663657a586525
280858 1 30 19 2 3 2 0 0 0  aaaa99999988a8845989aaa578773576665647a287463
280892 1 30 19 3 3 1 0 0 0  aaaa99999988a8857989aaa478777366647256a586534
280894 1 30 19 3 3 2 0 0 0  aaaa99999988a8857989aaa378777366657446a286545
280902 1 30 19 3 5 0 0 0 0  aaaa99999988a8857989aaa478777254657563a684663
280970 1 30 19 5 4 1 0 0 0  aaaa99999988a8854989aaa378774472676565a687635
280972 1 30 19 5 4 2 0 0 0  aaaa99999988a8835989aaa578773574676464a687652
281036 1 30 19 7 3 1 0 0 0  aaaa99999988a8854989aaa378774476663655a287765
281038 1 30 19 7 3 2 0 0 0  aaaa99999988a8835989aaa578773576665644a487762
281046 1 30 19 7 5 0 0 0 0  aaaa99999988a8865989aaa478776275465536a387746
281074 1 30 19 8 3 2 0 0 0  aaaa99999988a8835989aaa578777576665644a487362
281160 1 30 20 0 0 0 0 0 0  aaaa99999988a8884989aaa378766375646557a762574
281178 1 30 20 0 3 0 0 0 0  aaaa99999988a8885989aaa378766675645547a763472
281254 1 30 20 2 3 2 0 0 0  aaaa99999988a8885989aaa578773576665647a447362
281319 1 30 20 4 2 1 1 0 0  aaaa99999988a8884989aaa478773366674557a266557
281321 1 30 20 4 2 2 1 0 0  aaaa99999988a8884989aaa478773366674257a566557
281422 1 30 20 7 1 2 0 0 0  aaaa99999988a8886989aaa578772576665434a476375
281428 1 30 20 7 2 2 0 0 0  aaaa99999988a8885989aaa578773576665644a476372
281432 1 30 20 7 3 1 0 0 0  aaaa99999988a8884989aaa378774476663565a276575
281434 1 30 20 7 3 2 0 0 0  aaaa99999988a8885989aaa578773576665464a476372
281442 1 30 20 7 5 0 0 0 0  aaaa99999988a8885989aaa378776375465526a474676
281452 1 30 20 8 0 2 0 0 0  aaaa99999988a8885989aaa578777576635646a447362
281466 1 30 20 8 3 0 0 0 0  aaaa99999988a8885989aaa378777376662654a447565
281468 1 30 20 8 3 1 0 0 0  aaaa99999988a8885989aaa378777376662645a447565
281470 1 30 20 8 3 2 0 0 0  aaaa99999988a8885989aaa578777576665644a437362
281478 1 30 20 8 5 0 0 0 0  aaaa99999988a8885989aaa478777275645563a637664
282425 1 31 0 2 0 2 1 0 0  aaaa99999988a7774829aaa869765786754865a363584
282475 1 31 0 3 3 0 1 0 0  aaaa99999988a7777859aaa879766685643856a543482
282571 1 31 0 6 1 0 1 0 0  aaaa99999988a7777839aaa869766287356855a546484
282606 1 31 0 7 1 0 0 0 0  aaaa99999988a7775829aaa869766486755837a356484
282641 1 31 0 8 0 2 1 0 0  aaaa99999988a7777829aaa869765486754865a363584
282911 1 31 1 4 3 2 1 0 0  aaaa99999988a8777869aaa879775466254386a653584
282931 1 31 1 5 1 0 1 0 0  aaaa99999988a8777829aaa869673654765587a434685
283166 1 31 2 0 4 1 0 0 0  aaaa99999988a8773879aaa869776366672545a545488
283168 1 31 2 0 4 2 0 0 0  aaaa99999988a8775879aaa869776566675442a345388
283213 1 31 2 2 0 0 1 0 0  aaaa99999988a8777829aaa869776564575463a564388
283219 1 31 2 2 1 0 1 0 0  aaaa99999988a8777839aaa869776665573654a245488
283253 1 31 2 3 0 2 1 0 0  aaaa99999988a8667869aaa879777235647536a545488
283399 1 31 2 7 1 0 1 0 0  aaaa99999988a8777829aaa869676565475563a437488
283405 1 31 2 7 2 0 1 0 0  aaaa99999988a8777869aaa869676565475543a437288
283423 1 31 2 7 5 0 1 0 0  aaaa99999988a8777869aaa869573566675543a427488
283615 1 31 3 2 1 0 1 0 0  aaaa99999988a8777829aaa869776686575654a345384
283675 1 31 3 3 5 0 1 0 0  aaaa99999988a8557839aaa879777286357654a666484
283717 1 31 3 5 0 0 1 0 0  aaaa99999988a8777859aaa869674385763657a542684
283720 1 31 3 5 0 2 0 0 0  aaaa99999988a8777849aaa869673485764627a555683
283721 1 31 3 5 0 2 1 0 0  aaaa99999988a8777849aaa869576386744627a555683
283722 1 31 3 5 1 0 0 0 0  aaaa99999988a8777829aaa869673685765547a434685
283723 1 31 3 5 1 0 1 0 0  aaaa99999988a8777859aaa869673685762557a444683
283727 1 31 3 5 1 2 1 0 0  aaaa99999988a8777839aaa869674685763527a545684
283789 1 31 3 7 0 0 1 0 0  aaaa99999988a8777829aaa869674585675633a547684
283795 1 31 3 7 1 0 1 0 0  aaaa99999988a8777829aaa869676585675564a347384
283934 1 31 4 0 0 1 0 0 0  aaaa99999988a8774789aaa369687375762685a455846
283936 1 31 4 0 0 2 0 0 0  aaaa99999988a8775789aaa569687574765682a433846
283942 1 31 4 0 1 2 0 0 0  aaaa99999988a8774789aaa369687675763586a545824
283964 1 31 4 0 5 1 0 0 0  aaaa99999988a8775789aaa459687376755684a663824
284150 1 31 4 6 0 1 0 0 0  aaaa99999988a8665789aaa479787375763684a655824
284164 1 31 4 6 2 2 0 0 0  aaaa99999988a8666789aaa479787375763586a545824
284185 1 31 4 7 0 0 1 0 0  aaaa99999988a8777289aaa769687465754586a633845
284303 1 31 4 10 1 2 1 0 0  aaaa99999988a8666289aaa479685477777385a653845
284399 1 31 5 1 5 2 1 0 0  aaaa99999988a8777829aaa879785486754635a666534
284417 1 31 5 2 2 2 1 0 0  aaaa99999988a8777879aaa869687682754635a654534
284471 1 31 5 3 5 2 1 0 0  aaaa99999988a8754829aaa879787786754635a666534
284983 1 31 6 7 1 0 1 0 0  aaaa99999988a8777829aaa869676585675584a347364
285228 1 31 7 3 0 0 0 0 0  aaaa99999988a8857829aaa879777366557464a563468
285229 1 31 7 3 0 0 1 0 0  aaaa99999988a8857849aaa879777366447565a563268
285695 1 31 8 4 5 2 1 0 0  aaaa99999988a8777829aaa879775486854635a666534
285706 1 31 8 5 1 2 0 0 0  aaaa99999988a8777829aaa869676485876574a535364
285773 1 31 8 7 0 2 1 0 0  aaaa99999988a8777839aaa869675283876645a457465
285775 1 31 8 7 1 0 1 0 0  aaaa99999988a8777859aaa869676385876554a247463
285776 1 31 8 7 1 1 0 0 0  aaaa99999988a8777829aaa869676485876555a347364
285777 1 31 8 7 1 1 1 0 0  aaaa99999988a8777859aaa869676385876524a547463
285778 1 31 8 7 1 2 0 0 0  aaaa99999988a8777829aaa869676485876534a557364
285779 1 31 8 7 1 2 1 0 0  aaaa99999988a8777839aaa869276686873654a547554
285887 1 31 8 10 1 2 1 0 0  aaaa99999988a8666829aaa869765487854735a777534
285985 1 31 9 2 0 0 1 0 0  aaaa99999988a8777829aaa869776486574556a856343
286098 1 31 9 5 1 0 0 0 0  aaaa99999988a8777829aaa869676485756537a844365
286099 1 31 9 5 1 0 1 0 0  aaaa99999988a8777829aaa869676385746557a843564
286103 1 31 9 5 1 2 1 0 0  aaaa99999988a8777859aaa869676385755667a843424
286165 1 31 9 7 0 0 1 0 0  aaaa99999988a8777849aaa869675584674625a837653
286453 1 31 10 4 0 0 1 0 0  aaaa99999988a8876829aaa879776686575457a464335
286457 1 31 10 4 0 2 1 0 0  aaaa99999988a8876829aaa879776686574357a563544
286704 1 31 11 0 0 0 0 0 0  aaaa99999988a8885869aaa879766375645547a763472
286723 1 31 11 0 3 0 1 0 0  aaaa99999988a8884839aaa879766675653527a764574
286813 1 31 11 3 0 0 1 0 0  aaaa99999988a8887839aaa879777466357565a564264
287106 1 31 12 0 1 0 0 0 0  aaaa99999988a8877729aaa769648675675568a434358
287209 1 31 12 3 0 0 1 0 0  aaaa99999988a8847729aaa779778566545368a563468
287280 1 31 12 5 0 0 0 0 0  aaaa99999988a8866779aaa729778676565458a435348
287321 1 31 12 6 0 2 1 0 0  aaaa99999988a8866729aaa679778476574358a563548
287424 1 31 12 9 0 0 0 0 0  aaaa99999988a8866729aaa679778776565458a435348
287465 1 31 12 10 0 2 1 0 0  aaaa99999988a8866279aaa679658477774358a563548
287495 1 31 12 10 5 2 1 0 0  aaaa99999988a8824379aaa479658377774658a666558
287641 1 31 13 4 0 0 1 0 0  aaaa99999988a8875829aaa879778366575467a464563
287645 1 31 13 4 0 2 1 0 0  aaaa99999988a8875839aaa879778566375467a464265
287648 1 31 13 4 1 1 0 0 0  aaaa99999988a8874869aaa879778366474567a553652
288541 1 31 15 7 0 0 1 0 0  aaaa99999988a8777859aaa769687385786654a543462
288544 1 31 15 7 0 2 0 0 0  aaaa99999988a8777829aaa769687485786634a555364
288545 1 31 15 7 0 2 1 0 0  aaaa99999988a8777839aaa769587686783624a555464
288552 1 31 15 7 2 0 0 0 0  aaaa99999988a8777829aaa769687685785634a654354
288553 1 31 15 7 2 0 1 0 0  aaaa99999988a8777849aaa769687684784655a652353
288793 1 31 16 3 0 0 1 0 0  aaaa99999988a8766839aaa679787786763545a582445
288941 1 31 16 7 0 2 1 0 0  aaaa99999988a8777839aaa769687583765642a485645
289238 1 31 17 4 2 1 0 0 0  aaaa99999988a8875869aaa479778386673657a562454
289240 1 31 17 4 2 2 0 0 0  aaaa99999988a8875869aaa579778586675647a464332
290030 1 31 19 4 2 1 0 0 0  aaaa99999988a8874869aaa379774486673657a586525
290558 1 31 20 8 0 1 0 0 0  aaaa99999988a8884879aaa379777386644765a562556
291462 1 32 0 0 1 0 0 0 0  aaaa99995988a7763999aaa368767678762585a485484
291610 1 32 0 4 1 2 0 0 0  aaaa99995988a7775999aaa578744768665683a486382
291620 1 32 0 4 3 1 0 0 0  aaaa99995988a7773999aaa378765768662685a484485
291638 1 32 0 5 0 1 0 0 0  aaaa99995988a7774999aaa368765368744786a682585
291640 1 32 0 5 0 2 0 0 0  aaaa99995988a7775999aaa568764568744786a682383
291650 1 32 0 5 2 1 0 0 0  aaaa99995988a7773999aaa368766268756785a484485
291656 1 32 0 5 3 1 0 0 0  aaaa99995988a7774999aaa368766368744785a682585
291658 1 32 0 5 3 2 0 0 0  aaaa99995988a7775999aaa568766568744784a682383
291666 1 32 0 5 5 0 0 0 0  aaaa99995988a7773999aaa358746558762786a484686
291716 1 32 0 7 1 1 0 0 0  aaaa99995988a7774999aaa368766368752687a484585
291852 1 32 1 0 0 0 0 0 0  aaaa99995988a8774999aaa368776376474586a526858
291860 1 32 1 0 1 1 0 0 0  aaaa99994988a8773999aaa368776676474685a555828
291866 1 32 1 0 2 1 0 0 0  aaaa99995988a8774999aaa368776676673582a455848
291868 1 32 1 0 2 2 0 0 0  aaaa99995988a8775999aaa568776676675484a433828
291872 1 32 1 0 3 1 0 0 0  aaaa99994988a8773999aaa368776676474586a552858
291878 1 32 1 0 4 1 0 0 0  aaaa99995988a8774999aaa368776376676582a455848
291880 1 32 1 0 4 2 0 0 0  aaaa99995988a8775999aaa568776576676484a433828
291882 1 32 1 0 5 0 0 0 0  aaaa99994988a8773999aaa358775276475685a666848
291884 1 32 1 0 5 1 0 0 0  aaaa99994988a8773999aaa358775576474685a666828
291920 1 32 1 1 5 1 0 0 0  aaaa99994988a8777999aaa378674476555685a663828
291950 1 32 1 2 4 1 0 0 0  aaaa99995988a8777999aaa468776366673582a455848
291952 1 32 1 2 4 2 0 0 0  aaaa99995988a8777999aaa568776566675484a433828
291962 1 32 1 3 0 1 0 0 0  aaaa99997988a8664999aaa378777356627586a455848
291964 1 32 1 3 0 2 0 0 0  aaaa99997988a8665999aaa578777546647486a335828
291970 1 32 1 3 1 2 0 0 0  aaaa99997988a8666999aaa478777265637583a455848
291974 1 32 1 3 2 1 0 0 0  aaaa99997988a8666999aaa378777345657584a645828
291976 1 32 1 3 2 2 0 0 0  aaaa99997988a8666999aaa578777544627384a635858
291982 1 32 1 3 3 2 0 0 0  aaaa99997988a8666999aaa378777345647586a545828
291984 1 32 1 3 4 0 0 0 0  aaaa99997988a8553999aaa378777266667484a456858
291986 1 32 1 3 4 1 0 0 0  aaaa99997988a8555999aaa378777366667485a426848
291990 1 32 1 3 5 0 0 0 0  aaaa99997988a8553999aaa378777246457684a666858
291992 1 32 1 3 5 1 0 0 0  aaaa99997988a8555999aaa378777346457684a666828
292042 1 32 1 5 1 2 0 0 0  aaaa99996988a8777999aaa368676345746587a545828
292048 1 32 1 5 2 2 0 0 0  aaaa99994988a8777999aaa368676365726587a455848
292070 1 32 1 6 0 1 0 0 0  aaaa99994988a8663999aaa378777276657586a455848
292072 1 32 1 6 0 2 0 0 0  aaaa99995988a8665999aaa578777576627486a433848
292076 1 32 1 6 1 1 0 0 0  aaaa99994988a8666999aaa378777376657582a455848
292078 1 32 1 6 1 2 0 0 0  aaaa99995988a8666999aaa578777576637484a435828
292080 1 32 1 6 2 0 0 0 0  aaaa99995988a8666999aaa378777374657484a655828
292082 1 32 1 6 2 1 0 0 0  aaaa99995988a8666999aaa378777375647484a655828
292084 1 32 1 6 2 2 0 0 0  aaaa99995988a8666999aaa578777574647483a635828
292090 1 32 1 6 3 2 0 0 0  aaaa99994988a8666999aaa378777375627586a455848
292092 1 32 1 6 4 0 0 0 0  aaaa99995988a8455999aaa378777376447686a656828
292094 1 32 1 6 4 1 0 0 0  aaaa99994988a8555999aaa378777376467685a626848
292098 1 32 1 6 5 0 0 0 0  aaaa99995988a8455999aaa378777376447685a666828
292100 1 32 1 6 5 1 0 0 0  aaaa99994988a8555999aaa378777376457682a666848
292120 1 32 1 7 2 2 0 0 0  aaaa99997988a8777999aaa468676365673582a455848
292152 1 32 1 8 2 0 0 0 0  aaaa99995988a8666999aaa378777375645484a657828
292154 1 32 1 8 2 1 0 0 0  aaaa99995988a8666999aaa578777375645484a627838
292164 1 32 1 8 4 0 0 0 0  aaaa99995988a8455999aaa378777376666685a447828
292166 1 32 1 8 4 1 0 0 0  aaaa99993988a8555999aaa378777276666685a447848
292188 1 32 1 9 2 0 0 0 0  aaaa99995988a8666999aaa378777775645582a644838
292224 1 32 1 10 2 0 0 0 0  aaaa99995988a8666999aaa378564577777582a644838
292268 1 32 2 0 3 1 0 0 0  aaaa99994988a8773999aaa368776676572586a545884
292278 1 32 2 0 5 0 0 0 0  aaaa99995988a8774999aaa358774576573682a666884
292286 1 32 2 1 0 1 0 0 0  aaaa99994988a8777999aaa378676376644586a552885
292400 1 32 2 4 1 1 0 0 0  aaaa99994988a8777999aaa378776366644586a552885
292414 1 32 2 4 3 2 0 0 0  aaaa99995988a8777999aaa578774566635486a246883
292464 1 32 2 6 0 0 0 0 0  aaaa99995988a8664999aaa378777376627586a454885
292466 1 32 2 6 0 1 0 0 0  aaaa99995988a8664999aaa378777376647586a525884
292536 1 32 2 8 0 0 0 0 0  aaaa99995988a8664999aaa378777376644586a257885
292538 1 32 2 8 0 1 0 0 0  aaaa99994988a8663999aaa378777276644586a557885
292546 1 32 2 8 1 2 0 0 0  aaaa99995988a8666999aaa578777576635484a437882
292548 1 32 2 8 2 0 0 0 0  aaaa99995988a8666999aaa478777275645583a637884
292554 1 32 2 8 3 0 0 0 0  aaaa99995988a8666999aaa378777375645586a447882
292574 1 32 2 9 0 1 0 0 0  aaaa99994988a8663999aaa378777776644586a552885
292610 1 32 2 10 0 1 0 0 0  aaaa99994988a8663999aaa378664477777586a552885
292644 1 32 3 0 0 0 0 0 0  aaaa99996988a8774999aaa368776375876558a464528
292646 1 32 3 0 0 1 0 0 0  aaaa99995988a8774999aaa368776376872648a555648
292670 1 32 3 0 4 1 0 0 0  aaaa99995988a8774999aaa368774476873658a662558
292836 1 32 3 5 2 0 0 0 0  aaaa99995988a8777999aaa368676364876278a455548
292854 1 32 3 5 5 0 0 0 0  aaaa99995988a8777999aaa358674556873678a662448
292859 1 32 3 5 5 2 1 0 0  aaaa99995988a8777999aaa548672546874678a665338
292860 1 32 3 6 0 0 0 0 0  aaaa99995988a8663999aaa378777274867668a455548
292862 1 32 3 6 0 1 0 0 0  aaaa99994988a8663999aaa378777275867668a455548
292878 1 32 3 6 3 0 0 0 0  aaaa99995988a8666999aaa378777374867268a455548
292944 1 32 3 8 2 0 0 0 0  aaaa99995988a8666999aaa378777375845568a627448
293040 1 32 4 0 0 0 0 0 0  aaaa99995988a8774999aaa368776376578688a545624
293042 1 32 4 0 0 1 0 0 0  aaaa99995988a8774999aaa368776376478688a555642
293060 1 32 4 0 3 1 0 0 0  aaaa99994988a8773999aaa368776676578588a545624
293066 1 32 4 0 4 1 0 0 0  aaaa99995988a8774999aaa368774476578688a663552
293078 1 32 4 1 0 1 0 0 0  aaaa99994988a8777999aaa378676376658588a552446
293225 1 32 4 5 0 2 1 0 0  aaaa99995988a8777999aaa568673524768688a474653
293238 1 32 4 5 3 0 0 0 0  aaaa99994988a8777999aaa368676365758588a672445
293328 1 32 4 8 0 0 0 0 0  aaaa99994988a8663999aaa378777275568688a657454
293329 1 32 4 8 0 0 1 0 0  aaaa99994988a8664999aaa478777376658588a527536
293330 1 32 4 8 0 1 0 0 0  aaaa99994988a8663999aaa378777276658588a557446
293344 1 32 4 8 2 2 0 0 0  aaaa99995988a8666999aaa578777574648488a637352
293362 1 32 4 8 5 2 0 0 0  aaaa99995988a8635999aaa578777574648488a637662
293366 1 32 4 9 0 1 0 0 0  aaaa99994988a8663999aaa378777776658588a552446
293450 1 32 5 0 2 1 0 0 0  aaaa99995988a8774999aaa368787376768658a644552
293460 1 32 5 0 4 0 0 0 0  aaaa99995988a8774999aaa368787376758628a646554
293462 1 32 5 0 4 1 0 0 0  aaaa99995988a8774999aaa368787376748658a662554
293510 1 32 5 2 0 1 0 0 0  aaaa99994988a8777999aaa368687375768658a545624
293546 1 32 5 3 0 1 0 0 0  aaaa99994988a8663999aaa378787776658578a552446
293618 1 32 5 5 0 1 0 0 0  aaaa99994988a8777999aaa368687355768678a545624
293620 1 32 5 5 0 2 0 0 0  aaaa99995988a8777999aaa568687544768678a435623
293626 1 32 5 5 1 2 0 0 0  aaaa99994988a8777999aaa368687625768578a545634
293724 1 32 5 8 0 0 0 0 0  aaaa99994988a8663999aaa378787776658558a752446
293832 1 32 6 0 0 0 0 0 0  aaaa99995988a8774999aaa368776376872658a545684
293834 1 32 6 0 0 1 0 0 0  aaaa99995988a8775999aaa468776376873628a545684
293838 1 32 6 0 1 0 0 0 0  aaaa99995988a8774999aaa368776676873658a545284
293846 1 32 6 0 2 1 0 0 0  aaaa99995988a8774999aaa368776674874528a565683
293848 1 32 6 0 2 2 0 0 0  aaaa99995988a8775999aaa568776674875448a363682
293852 1 32 6 0 3 1 0 0 0  aaaa99995988a8774999aaa368776676873528a545684
293854 1 32 6 0 3 2 0 0 0  aaaa99995988a8775999aaa568776676875448a343682
293856 1 32 6 0 4 0 0 0 0  aaaa99995988a8774999aaa368774476873658a662585
293858 1 32 6 0 4 1 0 0 0  aaaa99995988a8775999aaa368775576873648a662484
293862 1 32 6 0 5 0 0 0 0  aaaa99995988a8774999aaa348775576874628a666583
293864 1 32 6 0 5 1 0 0 0  aaaa99995988a8773999aaa358775576872648a666484
293894 1 32 6 1 4 1 0 0 0  aaaa99994988a8777999aaa378676376852658a644585
293896 1 32 6 1 4 2 0 0 0  aaaa99995988a8777999aaa578676576845638a644382
293900 1 32 6 1 5 1 0 0 0  aaaa99994988a8777999aaa378675376844658a662585
293902 1 32 6 1 5 2 0 0 0  aaaa99995988a8777999aaa578674576835648a662483
293934 1 32 6 2 5 0 0 0 0  aaaa99995988a8777999aaa358774556873648a666482
293966 1 32 6 3 4 1 0 0 0  aaaa99997988a8555999aaa378777346867648a656482
293998 1 32 6 4 3 2 0 0 0  aaaa99995988a8777999aaa578773566865468a436482
294042 1 32 6 5 5 0 0 0 0  aaaa99995988a8777999aaa458674556873678a663284
294114 1 32 6 7 5 0 0 0 0  aaaa99997988a8777999aaa558674556873648a663482
294126 1 32 6 8 1 0 0 0 0  aaaa99995988a8666999aaa478777275845668a537384
294192 1 32 6 10 0 0 0 0 0  aaaa99994988a8663999aaa358765657862758a777484
294210 1 32 6 10 3 0 0 0 0  aaaa99995988a8666999aaa358764557863748a777482
294279 1 32 7 1 2 1 1 0 0  aaaa99994988a8877999aaa478773366674558a266558
294281 1 32 7 1 2 2 1 0 0  aaaa99994988a8877999aaa478773366674258a566558
294314 1 32 7 2 2 1 0 0 0  aaaa99995988a8873999aaa378774466672758a566458
294385 1 32 7 4 2 0 1 0 0  aaaa99997988a8857999aaa578775566637248a466348
294386 1 32 7 4 2 1 0 0 0  aaaa99997988a8837999aaa478774466637558a266558
294388 1 32 7 4 2 2 0 0 0  aaaa99997988a8837999aaa478774466637258a566558
294413 1 32 7 5 0 2 1 0 0  aaaa99996988a8866999aaa478773376574258a567548
294470 1 32 7 6 4 1 0 0 0  aaaa99994988a8844999aaa378777376567658a656528
294489 1 32 7 7 1 1 1 0 0  aaaa99996988a8854999aaa478773376664258a576578
294492 1 32 7 7 2 0 0 0 0  aaaa99995988a8855999aaa478774476662638a376578
294496 1 32 7 7 2 2 0 0 0  aaaa99995988a8845999aaa578774476665638a376278
294500 1 32 7 7 3 1 0 0 0  aaaa99995988a8855999aaa578774476662368a376478
294520 1 32 7 8 0 2 0 0 0  aaaa99996988a8866999aaa378777376562458a547458
294524 1 32 7 8 1 1 0 0 0  aaaa99995988a8865999aaa378777376626458a467458
294525 1 32 7 8 1 1 1 0 0  aaaa99994988a8864999aaa478777376656258a567538
294526 1 32 7 8 1 2 0 0 0  aaaa99995988a8865999aaa578777576626448a367438
294527 1 32 7 8 1 2 1 0 0  aaaa99995988a8865999aaa578777576636248a467348
294530 1 32 7 8 2 1 0 0 0  aaaa99994988a8844999aaa378777376656658a567528
294534 1 32 7 8 3 0 0 0 0  aaaa99995988a8855999aaa378777376662648a447568
294536 1 32 7 8 3 1 0 0 0  aaaa99995988a8855999aaa578777376663648a447268
294624 1 32 8 0 0 0 0 0 0  aaaa99995988a8774999aaa368776376878658a545624
294626 1 32 8 0 0 1 0 0 0  aaaa99995988a8774999aaa368776376878648a555642
294650 1 32 8 0 4 1 0 0 0  aaaa99995988a8774999aaa368774476878658a663552
294655 1 32 8 0 5 0 1 0 0  aaaa99995988a8774999aaa428775576878638a666534
294696 1 32 8 2 0 0 0 0 0  aaaa99994988a8777999aaa368776365878468a564525
294698 1 32 8 2 0 1 0 0 0  aaaa99994988a8777999aaa368776365878568a562454
294808 1 32 8 5 0 2 0 0 0  aaaa99994988a8777999aaa368576365878678a545624
294822 1 32 8 5 3 0 0 0 0  aaaa99995988a8777999aaa468676364878278a654553
294824 1 32 8 5 3 1 0 0 0  aaaa99994988a8777999aaa368676365878578a652445
294834 1 32 8 5 5 0 0 0 0  aaaa99994988a8777999aaa358675356878678a662445
294912 1 32 8 8 0 0 0 0 0  aaaa99995988a8664999aaa378777375868668a547254
294928 1 32 8 8 2 2 0 0 0  aaaa99995988a8666999aaa578777574848468a637352
294930 1 32 8 8 3 0 0 0 0  aaaa99995988a8666999aaa378777375868468a547452
294946 1 32 8 8 5 2 0 0 0  aaaa99995988a8635999aaa578777574848468a637662
295020 1 32 9 0 0 0 0 0 0  aaaa99995988a8774999aaa368776376872648a558645
295022 1 32 9 0 0 1 0 0 0  aaaa99995988a8774999aaa368776376872658a548654
295038 1 32 9 0 3 0 0 0 0  aaaa99994988a8773999aaa368776676872558a458645
295040 1 32 9 0 3 1 0 0 0  aaaa99994988a8773999aaa368776676872548a558645
295046 1 32 9 0 4 1 0 0 0  aaaa99995988a8774999aaa368774476873658a668552
295144 1 32 9 3 2 2 0 0 0  aaaa99997988a8666999aaa578777543847468a638255
295162 1 32 9 3 5 2 0 0 0  aaaa99997988a8625999aaa578777543847468a638665
295174 1 32 9 4 1 2 0 0 0  aaaa99995988a8777999aaa578773566865468a438462
295212 1 32 9 5 2 0 0 0 0  aaaa99995988a8777999aaa368676365876478a548452
295230 1 32 9 5 5 0 0 0 0  aaaa99994988a8777999aaa358675356872678a668445
295236 1 32 9 6 0 0 0 0 0  aaaa99995988a8664999aaa378777375867668a548254
295252 1 32 9 6 2 2 0 0 0  aaaa99995988a8666999aaa578777574847468a638352
295254 1 32 9 6 3 0 0 0 0  aaaa99995988a8666999aaa378777375867468a548452
295270 1 32 9 6 5 2 0 0 0  aaaa99995988a8635999aaa578777574847468a638662
295324 1 32 9 8 2 2 0 0 0  aaaa99995988a8666999aaa578777544837768a648352
295336 1 32 9 8 4 2 0 0 0  aaaa99995988a8636999aaa578777544837768a648652
295342 1 32 9 8 5 2 0 0 0  aaaa99995988a8635999aaa578777544837768a648662
295390 1 32 9 10 1 2 0 0 0  aaaa99996988a8725999aaa568676543846478a738775
295396 1 32 9 10 2 2 0 0 0  aaaa99995988a8735999aaa568676564846478a738772
295402 1 32 9 10 3 2 0 0 0  aaaa99995988a8735999aaa568676544836678a748772
295492 1 32 10 2 0 2 0 0 0  aaaa99996988a8874999aaa378776626578758a563454
295496 1 32 10 2 1 1 0 0 0  aaaa99995988a8874999aaa378776366678758a562454
295498 1 32 10 2 1 2 0 0 0  aaaa99995988a8875999aaa578776566678748a464332
295502 1 32 10 2 2 1 0 0 0  aaaa99994988a8873999aaa378774466678758a566525
295514 1 32 10 2 4 1 0 0 0  aaaa99994988a8873999aaa378774466578758a666525
295524 1 32 10 3 0 0 0 0 0  aaaa99995988a8874999aaa378776766578268a565443
295606 1 32 10 5 1 2 0 0 0  aaaa99995988a8845999aaa578773576678648a267463
295610 1 32 10 5 2 1 0 0 0  aaaa99995988a8854999aaa278774476378638a657665
295612 1 32 10 5 2 2 0 0 0  aaaa99995988a8845999aaa578774476378638a627665
295616 1 32 10 5 3 1 0 0 0  aaaa99994988a8863999aaa378774476678658a567525
295624 1 32 10 5 4 2 0 0 0  aaaa99995988a8845999aaa578773576478628a667463
295630 1 32 10 5 5 2 0 0 0  aaaa99995988a8845999aaa578773574678268a647663
295646 1 32 10 6 2 1 0 0 0  aaaa99995988a8854999aaa278775776378638a644665
295648 1 32 10 6 2 2 0 0 0  aaaa99995988a8845999aaa578772776378638a644665
295678 1 32 10 7 1 2 0 0 0  aaaa99996988a8835999aaa578773576668448a276475
295684 1 32 10 7 2 2 0 0 0  aaaa99995988a8845999aaa578773576668648a276473
295688 1 32 10 7 3 1 0 0 0  aaaa99994988a8853999aaa378774476668268a576575
295690 1 32 10 7 3 2 0 0 0  aaaa99995988a8835999aaa578773576668468a476472
295696 1 32 10 7 4 2 0 0 0  aaaa99995988a8845999aaa578773576468628a676473
295698 1 32 10 7 5 0 0 0 0  aaaa99995988a8863999aaa378776274568448a575676
295700 1 32 10 7 5 1 0 0 0  aaaa99995988a8863999aaa378776275468448a575676
295702 1 32 10 7 5 2 0 0 0  aaaa99995988a8865999aaa578776574468428a373676
295714 1 32 10 8 1 2 0 0 0  aaaa99996988a8825999aaa578777576668448a347365
295720 1 32 10 8 2 2 0 0 0  aaaa99995988a8835999aaa578777576668468a437462
295726 1 32 10 8 3 2 0 0 0  aaaa99995988a8835999aaa578777576668648a447362
295732 1 32 10 8 4 2 0 0 0  aaaa99995988a8835999aaa578777576448648a667362
295738 1 32 10 8 5 2 0 0 0  aaaa99995988a8835999aaa578777574648468a637662
295798 1 32 10 10 3 2 0 0 0  aaaa99995988a8835999aaa568766567448748a777362
295836 1 32 11 0 4 0 0 0 0  aaaa99998988a8883999aaa377545867666675a572474
295856 1 32 11 1 1 1 0 0 0  aaaa99998988a8884999aaa377765866763562a455747
295858 1 32 11 1 1 2 0 0 0  aaaa99998988a8885999aaa577763866765464a435727
295862 1 32 11 1 2 1 0 0 0  aaaa99998988a8883999aaa377744866746566a552757
295866 1 32 11 1 3 0 0 0 0  aaaa99998988a8883999aaa377755866762464a456757
295868 1 32 11 1 3 1 0 0 0  aaaa99998988a8883999aaa377744866762564a556757
296018 1 32 11 5 4 1 0 0 0  aaaa99998988a8884999aaa377754856767657a626534
296020 1 32 11 5 4 2 0 0 0  aaaa99998988a8883999aaa377745846767647a656525
296084 1 32 11 7 3 1 0 0 0  aaaa99998988a8884999aaa377754866726567a567534
296086 1 32 11 7 3 2 0 0 0  aaaa99998988a8883999aaa377745866756467a467525
296114 1 32 11 8 2 1 0 0 0  aaaa99998988a8884999aaa377775866647257a566534
296116 1 32 11 8 2 2 0 0 0  aaaa99998988a8883999aaa377775866657447a266545
296252 1 32 12 1 1 1 0 0 0  aaaa99995988a8874999aaa377768366762568a455748
296254 1 32 12 1 1 2 0 0 0  aaaa99995988a8875999aaa577768566762468a433748
296258 1 32 12 1 2 1 0 0 0  aaaa99994988a8873999aaa377748465766668a552758
296262 1 32 12 1 3 0 0 0 0  aaaa99995988a8874999aaa377748466763568a526758
296264 1 32 12 1 3 1 0 0 0  aaaa99994988a8873999aaa377748466762568a556758
296270 1 32 12 1 4 1 0 0 0  aaaa99994988a8873999aaa377748466766568a552758
296294 1 32 12 2 2 1 0 0 0  aaaa99994988a8873999aaa377748466672578a566558
296296 1 32 12 2 2 2 0 0 0  aaaa99995988a8875999aaa577748566672478a466338
296298 1 32 12 2 3 0 0 0 0  aaaa99995988a8873999aaa377768264676678a455548
296300 1 32 12 2 3 1 0 0 0  aaaa99994988a8873999aaa377768265676678a455548
296318 1 32 12 3 0 1 0 0 0  aaaa99994988a8873999aaa377778266474568a565568
296322 1 32 12 3 1 0 0 0 0  aaaa99995988a8874999aaa377778366276568a544658
296324 1 32 12 3 1 1 0 0 0  aaaa99995988a8874999aaa377778366476568a525648
296328 1 32 12 3 2 0 0 0 0  aaaa99994988a8873999aaa377778266576558a665448
296330 1 32 12 3 2 1 0 0 0  aaaa99995988a8875999aaa377778366672458a466458
296332 1 32 12 3 2 2 0 0 0  aaaa99995988a8875999aaa577778566672448a366438
296360 1 32 12 4 1 1 0 0 0  aaaa99995988a8844999aaa377768366762568a545778
296375 1 32 12 4 3 2 1 0 0  aaaa99995988a8825999aaa577738366765468a446778
296386 1 32 12 4 5 2 0 0 0  aaaa99995988a8835999aaa577728546734648a666778
296403 1 32 12 5 2 1 1 0 0  aaaa99994988a8833999aaa477758566677278a566548
296405 1 32 12 5 2 2 1 0 0  aaaa99994988a8833999aaa477758466677278a566558
296415 1 32 12 5 4 1 1 0 0  aaaa99994988a8833999aaa477758526677678a566548
296417 1 32 12 5 4 2 1 0 0  aaaa99994988a8833999aaa477758426677678a566558
296421 1 32 12 5 5 1 1 0 0  aaaa99994988a8833999aaa477758526577678a666548
296423 1 32 12 5 5 2 1 0 0  aaaa99994988a8833999aaa477758426577678a666558
296439 1 32 12 6 2 1 1 0 0  aaaa99994988a8833999aaa477778466677558a266558
296441 1 32 12 6 2 2 1 0 0  aaaa99994988a8833999aaa477778466677258a566558
296445 1 32 12 6 3 1 1 0 0  aaaa99994988a8833999aaa477778466677528a565568
296453 1 32 12 6 4 2 1 0 0  aaaa99994988a8833999aaa477778426677658a566558
296457 1 32 12 6 5 1 1 0 0  aaaa99994988a8833999aaa477778456577628a666558
296459 1 32 12 6 5 2 1 0 0  aaaa99994988a8833999aaa477778426577658a666558
296469 1 32 12 7 1 1 1 0 0  aaaa99994988a8833999aaa477758562676678a567548
296471 1 32 12 7 1 2 1 0 0  aaaa99994988a8833999aaa477758462676678a567558
296475 1 32 12 7 2 1 1 0 0  aaaa99994988a8833999aaa477758566576278a667548
296477 1 32 12 7 2 2 1 0 0  aaaa99994988a8833999aaa477758466576278a667558
296487 1 32 12 7 4 1 1 0 0  aaaa99994988a8833999aaa477758566676278a567548
296489 1 32 12 7 4 2 1 0 0  aaaa99994988a8833999aaa477758466676278a567558
296493 1 32 12 7 5 1 1 0 0  aaaa99994988a8833999aaa477768455675278a657668
296513 1 32 12 8 2 2 1 0 0  aaaa99994988a8833999aaa477758766674278a566558
296547 1 32 12 9 2 1 1 0 0  aaaa99994988a8833999aaa477778766674558a266558
296549 1 32 12 9 2 2 1 0 0  aaaa99994988a8833999aaa477778766674258a566558
296583 1 32 12 10 2 1 1 0 0  aaaa99994988a8833999aaa476668477777558a266558
296585 1 32 12 10 2 2 1 0 0  aaaa99994988a8833999aaa476668477777258a566558
296682 1 32 13 2 1 0 0 0 0  aaaa99995988a8874999aaa378774866576768a525634
296688 1 32 13 2 2 0 0 0 0  aaaa99995988a8874999aaa378772866673758a466545
296690 1 32 13 2 2 1 0 0 0  aaaa99995988a8874999aaa378774866673758a566254
296750 1 32 13 4 0 1 0 0 0  aaaa99994988a8873999aaa378772866474568a565567
296756 1 32 13 4 1 1 0 0 0  aaaa99994988a8873999aaa378775866476568a552647
296762 1 32 13 4 2 1 0 0 0  aaaa99995988a8875999aaa378772866673458a466457
296763 1 32 13 4 2 1 1 0 0  aaaa99994988a8874999aaa478775866673258a566537
296764 1 32 13 4 2 2 0 0 0  aaaa99995988a8875999aaa578772866675448a366437
296765 1 32 13 4 2 2 1 0 0  aaaa99995988a8875999aaa578773866675248a466347
296866 1 32 13 7 1 2 0 0 0  aaaa99996988a8835999aaa578773876665448a276475
296872 1 32 13 7 2 2 0 0 0  aaaa99995988a8845999aaa578773876665648a276473
296876 1 32 13 7 3 1 0 0 0  aaaa99994988a8844999aaa378775876663268a576575
296878 1 32 13 7 3 2 0 0 0  aaaa99995988a8835999aaa578773876665468a476472
296886 1 32 13 7 5 0 0 0 0  aaaa99995988a8863999aaa378776875465528a474676
296914 1 32 13 8 3 2 0 0 0  aaaa99995988a8835999aaa578777876665648a447362
296942 1 32 13 9 2 1 0 0 0  aaaa99995988a8854999aaa278637877757638a644665
296944 1 32 13 9 2 2 0 0 0  aaaa99995988a8845999aaa578637877727638a644665
297010 1 32 14 0 1 2 0 0 0  aaaa99993988a8877999aaa378458866672756a547456
297054 1 32 14 1 3 0 0 0 0  aaaa99995988a8874999aaa378778876663657a545264
297094 1 32 14 2 3 2 0 0 0  aaaa99995988a8835999aaa578778876665647a447362
297152 1 32 14 4 1 1 0 0 0  aaaa99994988a8873999aaa378778866576567a545624
297158 1 32 14 4 2 1 0 0 0  aaaa99995988a8874999aaa378778866673257a566454
297160 1 32 14 4 2 2 0 0 0  aaaa99995988a8875999aaa578778866675447a366432
297262 1 32 14 7 1 2 0 0 0  aaaa99996988a8825999aaa578778876665434a476375
297268 1 32 14 7 2 2 0 0 0  aaaa99995988a8835999aaa578778876665644a476372
297272 1 32 14 7 3 1 0 0 0  aaaa99994988a8844999aaa378778876663565a276575
297274 1 32 14 7 3 2 0 0 0  aaaa99995988a8835999aaa578778876665464a476372
297282 1 32 14 7 5 0 0 0 0  aaaa99995988a8863999aaa378778875465526a474676
297542 1 32 15 4 0 1 0 0 0  aaaa99994988a8777999aaa378686375788665a552446
297576 1 32 15 5 0 0 0 0 0  aaaa99995988a8777999aaa468687364788276a654553
297578 1 32 15 5 0 1 0 0 0  aaaa99994988a8777999aaa368687365788576a652445
297602 1 32 15 5 4 1 0 0 0  aaaa99994988a8777999aaa328687656788675a653445
297604 1 32 15 5 4 2 0 0 0  aaaa99995988a8777999aaa548687646788674a635352
297614 1 32 15 6 0 1 0 0 0  aaaa99994988a8663999aaa378787775788665a552446
297734 1 32 15 9 2 1 0 0 0  aaaa99994988a8666999aaa358785727688765a773445
297736 1 32 15 9 2 2 0 0 0  aaaa99995988a8666999aaa548784747688763a775352
297746 1 32 15 9 4 1 0 0 0  aaaa99995988a8656999aaa348785747688764a773625
297748 1 32 15 9 4 2 0 0 0  aaaa99995988a8636999aaa548784747688763a775652
297752 1 32 15 9 5 1 0 0 0  aaaa99994988a8644999aaa358785727688765a773665
297754 1 32 15 9 5 2 0 0 0  aaaa99995988a8635999aaa548784747688763a775662
297900 1 32 16 3 0 0 0 0 0  aaaa99995988a8664999aaa378787776683576a548254
298162 1 32 16 10 1 2 0 0 0  aaaa99996988a8725999aaa568686544786374a738775
298168 1 32 16 10 2 2 0 0 0  aaaa99995988a8735999aaa568686564786474a738772
298172 1 32 16 10 3 1 0 0 0  aaaa99994988a8744999aaa368686352786675a758775
298174 1 32 16 10 3 2 0 0 0  aaaa99995988a8735999aaa568686544786674a738772
298182 1 32 16 10 5 0 0 0 0  aaaa99995988a8763999aaa358486554784276a768776
298224 1 32 17 1 0 0 0 0 0  aaaa99995988a8874999aaa378778376658467a264556
298225 1 32 17 1 0 0 1 0 0  aaaa99994988a8874999aaa478778376658567a563526
298226 1 32 17 1 0 1 0 0 0  aaaa99995988a8873999aaa378778276648567a565446
298242 1 32 17 1 3 0 0 0 0  aaaa99995988a8874999aaa378778376668657a545264
298248 1 32 17 1 4 0 0 0 0  aaaa99995988a8874999aaa378778376568647a626545
298250 1 32 17 1 4 1 0 0 0  aaaa99995988a8874999aaa378778376568657a646254
298270 1 32 17 2 1 2 0 0 0  aaaa99996988a8825999aaa578778576668447a347365
298276 1 32 17 2 2 2 0 0 0  aaaa99995988a8835999aaa578778576668467a437462
298282 1 32 17 2 3 2 0 0 0  aaaa99995988a8835999aaa578778576668647a447362
298288 1 32 17 2 4 2 0 0 0  aaaa99995988a8835999aaa578778576448647a667362
298294 1 32 17 2 5 2 0 0 0  aaaa99995988a8835999aaa578778574648467a637662
298346 1 32 17 4 2 1 0 0 0  aaaa99995988a8874999aaa378778366678257a566454
298348 1 32 17 4 2 2 0 0 0  aaaa99995988a8875999aaa578778566678447a366432
298350 1 32 17 4 3 0 0 0 0  aaaa99995988a8873999aaa378778266678557a465464
298352 1 32 17 4 3 1 0 0 0  aaaa99995988a8873999aaa378778266678547a565464
298358 1 32 17 4 4 1 0 0 0  aaaa99994988a8873999aaa378778256678657a566454
298360 1 32 17 4 4 2 0 0 0  aaaa99995988a8875999aaa578778546678647a466332
298364 1 32 17 4 5 1 0 0 0  aaaa99995988a8874999aaa378778326578657a666454
298366 1 32 17 4 5 2 0 0 0  aaaa99995988a8875999aaa578778546478637a666432
298378 1 32 17 5 1 2 0 0 0  aaaa99996988a8825999aaa578778574478666a347365
298384 1 32 17 5 2 2 0 0 0  aaaa99995988a8835999aaa578778574678666a437462
298390 1 32 17 5 3 2 0 0 0  aaaa99995988a8835999aaa578778576478666a447362
298396 1 32 17 5 4 2 0 0 0  aaaa99995988a8835999aaa578778576478644a667362
298402 1 32 17 5 5 2 0 0 0  aaaa99995988a8835999aaa578778574678464a637662
298450 1 32 17 7 1 2 0 0 0  aaaa99996988a8825999aaa578778576668434a476375
298456 1 32 17 7 2 2 0 0 0  aaaa99995988a8835999aaa578778576668644a476372
298460 1 32 17 7 3 1 0 0 0  aaaa99994988a8844999aaa378778376668565a276575
298462 1 32 17 7 3 2 0 0 0  aaaa99995988a8835999aaa578778576668464a476372
298468 1 32 17 7 4 2 0 0 0  aaaa99995988a8835999aaa578778576468644a676372
298470 1 32 17 7 5 0 0 0 0  aaaa99995988a8863999aaa378778274568446a575676
298472 1 32 17 7 5 1 0 0 0  aaaa99995988a8863999aaa378778275468446a575676
298474 1 32 17 7 5 2 0 0 0  aaaa99995988a8865999aaa578778574468426a373676
298584 1 32 18 0 0 0 0 0 0  aaaa99994988a8883999aaa378766875646557a762574
298600 1 32 18 0 2 2 0 0 0  aaaa99995988a8885999aaa578744876665647a736372
298604 1 32 18 0 3 1 0 0 0  aaaa99994988a8883999aaa378765876662657a744575
298606 1 32 18 0 3 2 0 0 0  aaaa99995988a8885999aaa578764876665637a744372
298612 1 32 18 0 4 2 0 0 0  aaaa99995988a8885999aaa578744876666647a735372
298614 1 32 18 0 5 0 0 0 0  aaaa99995988a8883999aaa378756874565447a762676
298616 1 32 18 0 5 1 0 0 0  aaaa99993988a8883999aaa278756875565447a764676
298634 1 32 18 1 2 1 0 0 0  aaaa99995988a8883999aaa378774876662657a446557
298636 1 32 18 1 2 2 0 0 0  aaaa99995988a8885999aaa578772876665647a446337
298638 1 32 18 1 3 0 0 0 0  aaaa99995988a8883999aaa378776876662657a545447
298640 1 32 18 1 3 1 0 0 0  aaaa99995988a8883999aaa378774876662647a555467
298678 1 32 18 2 3 2 0 0 0  aaaa99995988a8885999aaa578773876665647a447362
298730 1 32 18 4 0 1 0 0 0  aaaa99994988a8883999aaa378772866474567a565567
298736 1 32 18 4 1 1 0 0 0  aaaa99994988a8883999aaa378775866476567a552647
298742 1 32 18 4 2 1 0 0 0  aaaa99995988a8885999aaa378772866673457a466457
298743 1 32 18 4 2 1 1 0 0  aaaa99994988a8884999aaa478775866673257a566537
298744 1 32 18 4 2 2 0 0 0  aaaa99995988a8885999aaa578772866675447a366437
298745 1 32 18 4 2 2 1 0 0  aaaa99995988a8885999aaa578773866675247a466347
298768 1 32 18 5 0 2 0 0 0  aaaa99995988a8885999aaa578773876675646a447362
298840 1 32 18 7 0 2 0 0 0  aaaa99996988a8883999aaa378775876652465a476475
298846 1 32 18 7 1 2 0 0 0  aaaa99996988a8885999aaa578772876665434a476375
298852 1 32 18 7 2 2 0 0 0  aaaa99995988a8885999aaa578773876665644a476372
298856 1 32 18 7 3 1 0 0 0  aaaa99995988a8883999aaa378775876662465a476475
298858 1 32 18 7 3 2 0 0 0  aaaa99995988a8885999aaa578773876665464a476372
298866 1 32 18 7 5 0 0 0 0  aaaa99995988a8883999aaa378776875465526a474676
298876 1 32 18 8 0 2 0 0 0  aaaa99995988a8885999aaa578777876635646a447362
298890 1 32 18 8 3 0 0 0 0  aaaa99995988a8883999aaa378777876662654a447565
298892 1 32 18 8 3 1 0 0 0  aaaa99995988a8883999aaa378777876662645a447565
298894 1 32 18 8 3 2 0 0 0  aaaa99995988a8885999aaa578777876665644a437362
298902 1 32 18 8 5 0 0 0 0  aaaa99995988a8884999aaa278777875645563a637664
299020 1 32 19 1 0 2 0 0 0  aaaa99996988a8874999aaa378776676583257a568454
299024 1 32 19 1 1 1 0 0 0  aaaa99995988a8874999aaa378776376686257a568454
299026 1 32 19 1 1 2 0 0 0  aaaa99995988a8875999aaa578776576686447a368432
299030 1 32 19 1 2 1 0 0 0  aaaa99994988a8873999aaa378774476686657a568525
299042 1 32 19 1 4 1 0 0 0  aaaa99994988a8873999aaa378774476586657a668525
299068 1 32 19 2 2 2 0 0 0  aaaa99997988a8853999aaa378775266687745a448665
299074 1 32 19 2 3 2 0 0 0  aaaa99997988a8853999aaa378775266687746a448565
299077 1 32 19 2 4 0 1 0 0  aaaa99997988a8855999aaa378774356687765a248664
299080 1 32 19 2 4 2 0 0 0  aaaa99997988a8845999aaa578772546687764a338665
299081 1 32 19 2 4 2 1 0 0  aaaa99997988a8854999aaa478775426687765a338665
299086 1 32 19 2 5 2 0 0 0  aaaa99997988a8853999aaa378775244687765a648665
299104 1 32 19 3 2 2 0 0 0  aaaa99997988a8835999aaa578777566687443a248665
299110 1 32 19 3 3 2 0 0 0  aaaa99997988a8825999aaa578777566687446a348365
299116 1 32 19 3 4 2 0 0 0  aaaa99997988a8825999aaa578777564487666a348365
299122 1 32 19 3 5 2 0 0 0  aaaa99997988a8825999aaa578777544687364a638665
299140 1 32 19 4 2 2 0 0 0  aaaa99997988a8857999aaa378775366687445a248665
299146 1 32 19 4 3 2 0 0 0  aaaa99997988a8857999aaa378775366687446a258465
299152 1 32 19 4 4 2 0 0 0  aaaa99997988a8857999aaa378775364487666a258465
299158 1 32 19 4 5 2 0 0 0  aaaa99997988a8857999aaa378775344687265a648665
299170 1 32 19 5 1 2 0 0 0  aaaa99996988a8835999aaa578773574487666a278465
299174 1 32 19 5 2 1 0 0 0  aaaa99994988a8853999aaa378774472687666a578565
299176 1 32 19 5 2 2 0 0 0  aaaa99995988a8835999aaa578773574687666a478462
299182 1 32 19 5 3 2 0 0 0  aaaa99995988a8845999aaa578773576487666a278463
299186 1 32 19 5 4 1 0 0 0  aaaa99994988a8853999aaa378774476687565a278665
299188 1 32 19 5 4 2 0 0 0  aaaa99995988a8835999aaa578773576687464a478662
299192 1 32 19 5 5 1 0 0 0  aaaa99994988a8853999aaa378774472687565a678665
299194 1 32 19 5 5 2 0 0 0  aaaa99995988a8835999aaa578773574687464a678662
299206 1 32 19 6 1 2 0 0 0  aaaa99996988a8825999aaa578777574487666a348365
299212 1 32 19 6 2 2 0 0 0  aaaa99995988a8835999aaa578777574687666a438462
299218 1 32 19 6 3 2 0 0 0  aaaa99995988a8835999aaa578777576487666a448362
299224 1 32 19 6 4 2 0 0 0  aaaa99995988a8835999aaa578777576487644a668362
299230 1 32 19 6 5 2 0 0 0  aaaa99995988a8835999aaa578777574687464a638662
299242 1 32 19 7 1 2 0 0 0  aaaa99995988a8845999aaa578773576686646a278473
299246 1 32 19 7 2 1 0 0 0  aaaa99994988a8853999aaa378774476686565a278675
299248 1 32 19 7 2 2 0 0 0  aaaa99995988a8835999aaa578773576686464a478672
299252 1 32 19 7 3 1 0 0 0  aaaa99994988a8853999aaa378774476686655a278675
299254 1 32 19 7 3 2 0 0 0  aaaa99995988a8835999aaa578773576686644a478672
299258 1 32 19 7 4 1 0 0 0  aaaa99994988a8853999aaa378774472686565a678675
299260 1 32 19 7 4 2 0 0 0  aaaa99995988a8835999aaa578773574686464a678672
299262 1 32 19 7 5 0 0 0 0  aaaa99995988a8863999aaa378776275485446a578676
299264 1 32 19 7 5 1 0 0 0  aaaa99995988a8865999aaa378776375485446a278676
299282 1 32 19 8 2 1 0 0 0  aaaa99994988a8844999aaa378777366687755a258665
299284 1 32 19 8 2 2 0 0 0  aaaa99995988a8835999aaa578777566687744a438662
299290 1 32 19 8 3 2 0 0 0  aaaa99995988a8835999aaa578777566687746a448362
299294 1 32 19 8 4 1 0 0 0  aaaa99994988a8844999aaa378777356687765a258665
299295 1 32 19 8 4 1 1 0 0  aaaa99994988a8854999aaa478777356687765a258663
299296 1 32 19 8 4 2 0 0 0  aaaa99995988a8845999aaa578777546687764a338662
299297 1 32 19 8 4 2 1 0 0  aaaa99995988a8845999aaa578777526687764a338664
299300 1 32 19 8 5 1 0 0 0  aaaa99994988a8844999aaa378777352687765a658665
299302 1 32 19 8 5 2 0 0 0  aaaa99995988a8835999aaa578777544687764a638662
299350 1 32 19 10 1 2 0 0 0  aaaa99996988a8825999aaa568676544786374a738775
299356 1 32 19 10 2 2 0 0 0  aaaa99995988a8835999aaa568676564786474a738772
299360 1 32 19 10 3 1 0 0 0  aaaa99994988a8844999aaa368676352786675a758775
299362 1 32 19 10 3 2 0 0 0  aaaa99995988a8835999aaa568676544786674a738772
299370 1 32 19 10 5 0 0 0 0  aaaa99995988a8863999aaa358476554784276a768776
299376 1 32 20 0 0 0 0 0 0  aaaa99995988a8883999aaa378766276658447a755476
299378 1 32 20 0 0 1 0 0 0  aaaa99995988a8883999aaa378766276648547a755476
299394 1 32 20 0 3 0 0 0 0  aaaa99994988a8883999aaa378766675648557a762574
299438 1 32 20 1 4 1 0 0 0  aaaa99994988a8883999aaa378774476568657a656527
299458 1 32 20 2 1 2 0 0 0  aaaa99996988a8885999aaa578772576668447a347365
299464 1 32 20 2 2 2 0 0 0  aaaa99995988a8885999aaa578773576668467a437462
299470 1 32 20 2 3 2 0 0 0  aaaa99995988a8885999aaa578773576668647a447362
299476 1 32 20 2 4 2 0 0 0  aaaa99995988a8885999aaa578773576448647a667362
299482 1 32 20 2 5 2 0 0 0  aaaa99995988a8885999aaa578773574648467a637662
299566 1 32 20 5 1 2 0 0 0  aaaa99996988a8885999aaa578772574478666a347365
299572 1 32 20 5 2 2 0 0 0  aaaa99995988a8885999aaa578773574678666a437462
299578 1 32 20 5 3 2 0 0 0  aaaa99995988a8885999aaa578773576478666a447362
299584 1 32 20 5 4 2 0 0 0  aaaa99995988a8885999aaa578773576478644a667362
299590 1 32 20 5 5 2 0 0 0  aaaa99995988a8885999aaa578773574678464a637662
299638 1 32 20 7 1 2 0 0 0  aaaa99996988a8885999aaa578772576668434a476375
299644 1 32 20 7 2 2 0 0 0  aaaa99995988a8885999aaa578773576668644a476372
299648 1 32 20 7 3 1 0 0 0  aaaa99994988a8883999aaa378774476668565a276575
299650 1 32 20 7 3 2 0 0 0  aaaa99995988a8885999aaa578773576668464a476372
299656 1 32 20 7 4 2 0 0 0  aaaa99995988a8885999aaa578773576468644a676372
299658 1 32 20 7 5 0 0 0 0  aaaa99995988a8883999aaa378776274568446a575676
299660 1 32 20 7 5 1 0 0 0  aaaa99995988a8883999aaa378776275468446a575676
299662 1 32 20 7 5 2 0 0 0  aaaa99995988a8885999aaa578776574468426a373676
299668 1 32 20 8 0 2 0 0 0  aaaa99995988a8885999aaa578777576638646a447362
299672 1 32 20 8 1 1 0 0 0  aaaa99996988a8883999aaa378777276668455a457465
299674 1 32 20 8 1 2 0 0 0  aaaa99996988a8885999aaa578777576668442a347365
299676 1 32 20 8 2 0 0 0 0  aaaa99995988a8883999aaa378777276668564a457465
299678 1 32 20 8 2 1 0 0 0  aaaa99995988a8883999aaa378777276668465a457465
299680 1 32 20 8 2 2 0 0 0  aaaa99995988a8885999aaa578777576668464a437362
299682 1 32 20 8 3 0 0 0 0  aaaa99995988a8883999aaa378777276668654a447565
299684 1 32 20 8 3 1 0 0 0  aaaa99995988a8883999aaa378777276668645a447565
299686 1 32 20 8 3 2 0 0 0  aaaa99995988a8885999aaa578777576668644a437362
299688 1 32 20 8 4 0 0 0 0  aaaa99995988a8883999aaa378777276548644a667565
299690 1 32 20 8 4 1 0 0 0  aaaa99995988a8883999aaa378777276458644a667565
299692 1 32 20 8 4 2 0 0 0  aaaa99995988a8885999aaa578777576448643a667362
299694 1 32 20 8 5 0 0 0 0  aaaa99995988a8883999aaa378777275648464a657665
299696 1 32 20 8 5 1 0 0 0  aaaa99995988a8883999aaa378777274658464a657665
299698 1 32 20 8 5 2 0 0 0  aaaa99995988a8885999aaa578777574648463a637662
299740 1 32 20 10 0 2 0 0 0  aaaa99995988a8885999aaa568763567448746a777362
299754 1 32 20 10 3 0 0 0 0  aaaa99995988a8883999aaa368766267548744a777565
299756 1 32 20 10 3 1 0 0 0  aaaa99995988a8883999aaa368766267458744a777565
299758 1 32 20 10 3 2 0 0 0  aaaa99995988a8885999aaa568766567448743a777362
299766 1 32 20 10 5 0 0 0 0  aaaa99995988a8884999aaa258764557638763a777664
299772 1 32 21 0 0 0 0 0 0  aaaa99994988a8888999aaa378766375646557a762574
299790 1 32 21 0 3 0 0 0 0  aaaa99995988a8888999aaa378766675645547a763472
299866 1 32 21 2 3 2 0 0 0  aaaa99995988a8888999aaa578773576665647a447362
299931 1 32 21 4 2 1 1 0 0  aaaa99994988a8888999aaa478773366674557a266557
299933 1 32 21 4 2 2 1 0 0  aaaa99994988a8888999aaa478773366674257a566557
300000 0 32 21 6 2 0 0 0 0  aaaa99993988a8888999aaa378777276667655a546445
300034 1 32 21 7 1 2 0 0 0  aaaa99996988a8888999aaa578772576665434a476375
300040 1 32 21 7 2 2 0 0 0  aaaa99995988a8888999aaa578773576665644a476372
300044 1 32 21 7 3 1 0 0 0  aaaa99994988a8888999aaa378774476663565a276575
300046 1 32 21 7 3 2 0 0 0  aaaa99995988a8888999aaa578773576665464a476372
300054 1 32 21 7 5 0 0 0 0  aaaa99995988a8888999aaa378776375465526a474676
300064 1 32 21 8 0 2 0 0 0  aaaa99995988a8888999aaa578777576635646a447362
300078 1 32 21 8 3 0 0 0 0  aaaa99995988a8888999aaa378777376662654a447565
300080 1 32 21 8 3 1 0 0 0  aaaa99995988a8888999aaa378777376662645a447565
300082 1 32 21 8 3 2 0 0 0  aaaa99995988a8888999aaa578777576665644a437362
300090 1 32 21 8 5 0 0 0 0  aaaa99995988a8888999aaa478777275645563a637664
300168 1 32 22 0 0 0 0 0 0  aaaa99994987a7663999aaa388888875646557a762574
300186 1 32 22 0 3 0 0 0 0  aaaa99995987a7666999aaa388888875645547a763472
300262 1 32 22 2 3 2 0 0 0  aaaa99995987a7735999aaa588888876665647a447362
300327 1 32 22 4 2 1 1 0 0  aaaa99994987a7733999aaa488888866674557a266557
300329 1 32 22 4 2 2 1 0 0  aaaa99994987a7733999aaa488888866674257a566557
300430 1 32 22 7 1 2 0 0 0  aaaa99996987a7725999aaa588888876665434a476375
300436 1 32 22 7 2 2 0 0 0  aaaa99995987a7735999aaa588888876665644a476372
300440 1 32 22 7 3 1 0 0 0  aaaa99994987a7744999aaa388888876663565a276575
300442 1 32 22 7 3 2 0 0 0  aaaa99995987a7735999aaa588888876665464a476372
300450 1 32 22 7 5 0 0 0 0  aaaa99995987a7763999aaa388888875465526a474676
300460 1 32 22 8 0 2 0 0 0  aaaa99995987a7775999aaa588888876635646a447362
300474 1 32 22 8 3 0 0 0 0  aaaa99995987a7773999aaa388888876662654a447565
300476 1 32 22 8 3 1 0 0 0  aaaa99995987a7773999aaa388888876662645a447565
300478 1 32 22 8 3 2 0 0 0  aaaa99995987a7775999aaa588888876665644a437362
300486 1 32 22 8 5 0 0 0 0  aaaa99995987a7774999aaa288888875645563a637664
300941 1 33 0 10 2 2 1 0 0  aaaa99998988a7666899aaa829765487654835a777534
301126 1 33 1 4 3 2 0 0 0  aaaa99993988a8777899aaa879775366652486a456485
301252 1 33 1 8 0 2 0 0 0  aaaa99995988a8665899aaa879777576635486a437482
301258 1 33 1 8 1 2 0 0 0  aaaa99993988a8666899aaa879777376652485a457485
301522 1 33 2 4 3 2 0 0 0  aaaa99998988a8777899aaa879775366653446a256485
301648 1 33 2 8 0 2 0 0 0  aaaa99998988a8665899aaa879777576625446a347385
301654 1 33 2 8 1 2 0 0 0  aaaa99998988a8666899aaa879777376653445a257485
302129 1 33 3 10 2 2 1 0 0  aaaa99998988a8666899aaa829765487654735a777534
302148 1 33 4 0 0 0 0 0 0  aaaa99995988a8774799aaa369687387762556a645884
302150 1 33 4 0 0 1 0 0 0  aaaa99995988a8775799aaa369687387762644a545886
302156 1 33 4 0 1 1 0 0 0  aaaa99995988a8774799aaa369687687763526a545884
302158 1 33 4 0 1 2 0 0 0  aaaa99995988a8775799aaa569687687765446a343882
302162 1 33 4 0 2 1 0 0 0  aaaa99994988a8773799aaa369687687752655a644885
302164 1 33 4 0 2 2 0 0 0  aaaa99995988a8775799aaa569687687745644a633882
302172 1 33 4 0 4 0 0 0 0  aaaa99995988a8774799aaa369687387744655a662885
302174 1 33 4 0 4 1 0 0 0  aaaa99995988a8775799aaa369687387755644a662884
302180 1 33 4 0 5 1 0 0 0  aaaa99995988a8773799aaa359687287755644a666884
302210 1 33 4 1 4 1 0 0 0  aaaa99994988a8777799aaa379686386752655a644885
302212 1 33 4 1 4 2 0 0 0  aaaa99995988a8777799aaa579686586745644a633882
302216 1 33 4 1 5 1 0 0 0  aaaa99994988a8777799aaa379685386744655a662885
302218 1 33 4 1 5 2 0 0 0  aaaa99995988a8777799aaa579684586735644a662883
302306 1 33 4 4 2 1 0 0 0  aaaa99994988a8777699aaa379686387752655a644885
302308 1 33 4 4 2 2 0 0 0  aaaa99995988a8777699aaa579686587745644a633882
302327 1 33 4 4 5 2 1 0 0  aaaa99994988a8777399aaa479685387754625a666885
302364 1 33 4 6 0 0 0 0 0  aaaa99995988a8664799aaa379787385767662a454885
302366 1 33 4 6 0 1 0 0 0  aaaa99995988a8664799aaa379787385767664a525884
302400 1 33 4 7 0 0 0 0 0  aaaa99997988a8777699aaa669587585762344a436885
302519 1 33 4 10 1 2 1 0 0  aaaa99994988a8666399aaa469785387654725a777885
302813 1 33 5 7 2 2 1 0 0  aaaa99997988a8777899aaa869687682754635a654534
302941 1 33 6 0 0 0 1 0 0  aaaa99995988a8774899aaa869776486377286a655534
303430 1 33 7 2 3 2 0 0 0  aaaa99998988a8853899aaa879775376662647a447565
303598 1 33 7 7 1 2 0 0 0  aaaa99998988a8856899aaa879775376663445a276475
303604 1 33 7 7 2 2 0 0 0  aaaa99998988a8853899aaa879775376662644a476575
303610 1 33 7 7 3 2 0 0 0  aaaa99998988a8853899aaa879775376662465a476475
303618 1 33 7 7 5 0 0 0 0  aaaa99998988a8865899aaa879776375465526a474673
303646 1 33 7 8 3 2 0 0 0  aaaa99998988a8853899aaa879777376662645a447565
304294 1 33 9 4 3 2 0 0 0  aaaa99994988a8777899aaa879775386663625a844565
304302 1 33 9 4 5 0 0 0 0  aaaa99995988a8777899aaa879776485465526a863643
304309 1 33 9 5 0 0 1 0 0  aaaa99995988a8777899aaa869675582764637a854634
304694 1 33 10 4 4 1 0 0 0  aaaa99994988a8873899aaa879774486576657a663525
304720 1 33 10 5 2 2 0 0 0  aaaa99994988a8853899aaa879774486277765a663565
304756 1 33 10 6 2 2 0 0 0  aaaa99994988a8844899aaa879777386663765a257565
304806 1 33 10 7 5 0 0 0 0  aaaa99995988a8864899aaa879776384575756a264673
304920 1 33 11 0 0 0 0 0 0  aaaa99994988a8883899aaa879766375646557a762574
304938 1 33 11 0 3 0 0 0 0  aaaa99995988a8883899aaa879766675645547a763472
305014 1 33 11 2 3 2 0 0 0  aaaa99995988a8885899aaa879773576665647a447362
305079 1 33 11 4 2 1 1 0 0  aaaa99994988a8884899aaa879773366674557a266557
305081 1 33 11 4 2 2 1 0 0  aaaa99994988a8884899aaa879773366674257a566557
305182 1 33 11 7 1 2 0 0 0  aaaa99996988a8885899aaa879772576665434a476375
305188 1 33 11 7 2 2 0 0 0  aaaa99995988a8885899aaa879773576665644a476372
305192 1 33 11 7 3 1 0 0 0  aaaa99994988a8883899aaa879774476663565a276575
305194 1 33 11 7 3 2 0 0 0  aaaa99995988a8885899aaa879773576665464a476372
305202 1 33 11 7 5 0 0 0 0  aaaa99995988a8883899aaa879776375465526a474676
305212 1 33 11 8 0 2 0 0 0  aaaa99995988a8885899aaa879777576635646a447362
305226 1 33 11 8 3 0 0 0 0  aaaa99995988a8883899aaa879777376662654a447565
305228 1 33 11 8 3 1 0 0 0  aaaa99995988a8883899aaa879777376662645a447565
305230 1 33 11 8 3 2 0 0 0  aaaa99995988a8885899aaa879777576665644a437362
305238 1 33 11 8 5 0 0 0 0  aaaa99995988a8884899aaa879777275645563a637664
305374 1 33 12 1 3 2 0 0 0  aaaa99993988a8877799aaa779758366562468a546458
305558 1 33 12 6 4 1 0 0 0  aaaa99995988a8844799aaa379778376576658a662458
305681 1 33 12 10 0 2 1 0 0  aaaa99996988a8866299aaa479658477777358a563548
305766 1 33 13 1 3 0 0 0 0  aaaa99995988a8874899aaa879778376663657a545264
305806 1 33 13 2 3 2 0 0 0  aaaa99995988a8835899aaa879778576665647a447362
305864 1 33 13 4 1 1 0 0 0  aaaa99994988a8873899aaa879778366576567a545624
305870 1 33 13 4 2 1 0 0 0  aaaa99995988a8874899aaa879778366673257a566454
305872 1 33 13 4 2 2 0 0 0  aaaa99995988a8875899aaa879778566675447a366432
305974 1 33 13 7 1 2 0 0 0  aaaa99996988a8825899aaa879778576665434a476375
305980 1 33 13 7 2 2 0 0 0  aaaa99995988a8835899aaa879778576665644a476372
305984 1 33 13 7 3 1 0 0 0  aaaa99994988a8844899aaa879778376663565a276575
305986 1 33 13 7 3 2 0 0 0  aaaa99995988a8835899aaa879778576665464a476372
305994 1 33 13 7 5 0 0 0 0  aaaa99995988a8863899aaa879778375465526a474676
306118 1 33 14 0 1 2 0 0 0  aaaa99993988a8877899aaa379458866672756a547456
306162 1 33 14 1 3 0 0 0 0  aaaa99995988a8874899aaa379778876663657a545264
306202 1 33 14 2 3 2 0 0 0  aaaa99995988a8835899aaa579778876665647a447362
306260 1 33 14 4 1 1 0 0 0  aaaa99994988a8873899aaa379778866576567a545624
306266 1 33 14 4 2 1 0 0 0  aaaa99995988a8874899aaa379778866673257a566454
306268 1 33 14 4 2 2 0 0 0  aaaa99995988a8875899aaa579778866675447a366432
306370 1 33 14 7 1 2 0 0 0  aaaa99996988a8825899aaa579778876665434a476375
306376 1 33 14 7 2 2 0 0 0  aaaa99995988a8835899aaa579778876665644a476372
306380 1 33 14 7 3 1 0 0 0  aaaa99994988a8844899aaa379778876663565a276575
306382 1 33 14 7 3 2 0 0 0  aaaa99995988a8835899aaa579778876665464a476372
306390 1 33 14 7 5 0 0 0 0  aaaa99995988a8863899aaa379778875465526a474676
306648 1 33 15 4 0 0 0 0 0  aaaa99995988a8777899aaa479686387783665a455246
306722 1 33 15 6 0 1 0 0 0  aaaa99995988a8664899aaa379787786683756a744552
306794 1 33 15 8 0 1 0 0 0  aaaa99995988a8664899aaa379787786783756a644552
306842 1 33 15 9 2 1 0 0 0  aaaa99994988a8666899aaa359785787683765a772445
306854 1 33 15 9 4 1 0 0 0  aaaa99995988a8656899aaa449785787684762a773635
306900 1 33 16 0 0 0 0 0 0  aaaa99995988a8774899aaa369687787763654a585624
306902 1 33 16 0 0 1 0 0 0  aaaa99995988a8774899aaa369687787763654a582654
306972 1 33 16 2 0 0 0 0 0  aaaa99995988a8777899aaa469687387763654a585624
306974 1 33 16 2 0 1 0 0 0  aaaa99995988a8777899aaa469687387763654a582654
307046 1 33 16 4 0 1 0 0 0  aaaa99995988a8777899aaa479686387763664a582554
307118 1 33 16 6 0 1 0 0 0  aaaa99995988a8664899aaa379787786644756a783552
307332 1 33 17 1 0 0 0 0 0  aaaa99995988a8877899aaa479778386673656a545264
307368 1 33 17 2 0 0 0 0 0  aaaa99995988a8874899aaa379778386672765a464556
307370 1 33 17 2 0 1 0 0 0  aaaa99995988a8875899aaa379778386672764a565446
307376 1 33 17 2 1 1 0 0 0  aaaa99995988a8874899aaa379778386676756a562454
307378 1 33 17 2 1 2 0 0 0  aaaa99995988a8875899aaa579778586676746a464332
307380 1 33 17 2 2 0 0 0 0  aaaa99995988a8874899aaa379778386676765a455642
307382 1 33 17 2 2 1 0 0 0  aaaa99995988a8874899aaa379778386676764a555624
307388 1 33 17 2 3 1 0 0 0  aaaa99995988a8874899aaa379778386676764a562554
307394 1 33 17 2 4 1 0 0 0  aaaa99995988a8874899aaa379778386572764a666554
307400 1 33 17 2 5 1 0 0 0  aaaa99995988a8874899aaa379778385672764a655664
307404 1 33 17 3 0 0 0 0 0  aaaa99995988a8874899aaa379778786673656a545264
307440 1 33 17 4 0 0 0 0 0  aaaa99996988a8875899aaa479778386673567a546254
307442 1 33 17 4 0 1 0 0 0  aaaa99995988a8874899aaa379778386672567a565446
307448 1 33 17 4 1 1 0 0 0  aaaa99996988a8874899aaa379778386576657a644525
307454 1 33 17 4 2 1 0 0 0  aaaa99995988a8874899aaa379778386676657a562454
307456 1 33 17 4 2 2 0 0 0  aaaa99995988a8875899aaa579778586676647a464332
307458 1 33 17 4 3 0 0 0 0  aaaa99995988a8874899aaa379778386676657a545624
307460 1 33 17 4 3 1 0 0 0  aaaa99995988a8874899aaa379778386676647a555642
307466 1 33 17 4 4 1 0 0 0  aaaa99995988a8874899aaa379778386576657a662454
307468 1 33 17 4 4 2 0 0 0  aaaa99995988a8875899aaa579778586476637a662434
307472 1 33 17 4 5 1 0 0 0  aaaa99995988a8874899aaa379778386572657a666454
307474 1 33 17 4 5 2 0 0 0  aaaa99995988a8875899aaa579778586474647a666332
307490 1 33 17 5 2 1 0 0 0  aaaa99994988a8844899aaa379778386577765a662565
307492 1 33 17 5 2 2 0 0 0  aaaa99995988a8845899aaa579778586477763a662463
307554 1 33 17 7 1 0 0 0 0  aaaa99995988a8864899aaa379778386676754a565274
307578 1 33 17 7 5 0 0 0 0  aaaa99995988a8864899aaa379778384575756a264676
307692 1 33 18 0 0 0 0 0 0  aaaa99994988a8883899aaa379766875646557a762574
307708 1 33 18 0 2 2 0 0 0  aaaa99995988a8885899aaa579744876665647a736372
307712 1 33 18 0 3 1 0 0 0  aaaa99994988a8883899aaa379765876662657a744575
307714 1 33 18 0 3 2 0 0 0  aaaa99995988a8885899aaa579764876665637a744372
307720 1 33 18 0 4 2 0 0 0  aaaa99995988a8885899aaa579744876666647a735372
307722 1 33 18 0 5 0 0 0 0  aaaa99995988a8883899aaa379756874565447a762676
307724 1 33 18 0 5 1 0 0 0  aaaa99993988a8883899aaa279756875565447a764676
307742 1 33 18 1 2 1 0 0 0  aaaa99995988a8883899aaa379774876662657a446557
307744 1 33 18 1 2 2 0 0 0  aaaa99995988a8885899aaa579772876665647a446337
307746 1 33 18 1 3 0 0 0 0  aaaa99995988a8883899aaa379776876662657a545447
307748 1 33 18 1 3 1 0 0 0  aaaa99995988a8883899aaa379774876662647a555467
307786 1 33 18 2 3 2 0 0 0  aaaa99995988a8885899aaa579773876665647a447362
307838 1 33 18 4 0 1 0 0 0  aaaa99994988a8883899aaa379772866474567a565567
307844 1 33 18 4 1 1 0 0 0  aaaa99994988a8883899aaa379775866476567a552647
307850 1 33 18 4 2 1 0 0 0  aaaa99995988a8885899aaa379772866673457a466457
307851 1 33 18 4 2 1 1 0 0  aaaa99994988a8884899aaa479775866673257a566537
307852 1 33 18 4 2 2 0 0 0  aaaa99995988a8885899aaa579772866675447a366437
307853 1 33 18 4 2 2 1 0 0  aaaa99995988a8885899aaa579773866675247a466347
307876 1 33 18 5 0 2 0 0 0  aaaa99995988a8885899aaa579773876675646a447362
307948 1 33 18 7 0 2 0 0 0  aaaa99996988a8883899aaa379775876652465a476475
307954 1 33 18 7 1 2 0 0 0  aaaa99996988a8885899aaa579772876665434a476375
307960 1 33 18 7 2 2 0 0 0  aaaa99995988a8885899aaa579773876665644a476372
307964 1 33 18 7 3 1 0 0 0  aaaa99995988a8883899aaa379775876662465a476475
307966 1 33 18 7 3 2 0 0 0  aaaa99995988a8885899aaa579773876665464a476372
307974 1 33 18 7 5 0 0 0 0  aaaa99995988a8883899aaa379776875465526a474676
307984 1 33 18 8 0 2 0 0 0  aaaa99995988a8885899aaa579777876635646a447362
307998 1 33 18 8 3 0 0 0 0  aaaa99995988a8883899aaa379777876662654a447565
308000 1 33 18 8 3 1 0 0 0  aaaa99995988a8883899aaa379777876662645a447565
308002 1 33 18 8 3 2 0 0 0  aaaa99995988a8885899aaa579777876665644a437362
308010 1 33 18 8 5 0 0 0 0  aaaa99995988a8884899aaa279777875645563a637664
308168 1 33 19 2 1 1 0 0 0  aaaa99995988a8874899aaa379774486676766a583552
308318 1 33 19 6 2 1 0 0 0  aaaa99994988a8844899aaa379777386662765a587565
308320 1 33 19 6 2 2 0 0 0  aaaa99995988a8845899aaa579777586662763a487463
308370 1 33 19 7 5 0 0 0 0  aaaa99995988a8864899aaa379776384575756a284676
308486 1 33 20 0 0 1 0 0 0  aaaa99994988a8883899aaa379766284764757a656575
308492 1 33 20 0 1 1 0 0 0  aaaa99994988a8883899aaa379766686752757a644575
308494 1 33 20 0 1 2 0 0 0  aaaa99995988a8885899aaa579766686745737a644372
308510 1 33 20 0 4 1 0 0 0  aaaa99994988a8883899aaa379765286744757a666575
308512 1 33 20 0 4 2 0 0 0  aaaa99995988a8885899aaa579764586744737a666372
308516 1 33 20 0 5 1 0 0 0  aaaa99994988a8883899aaa379746485762757a565676
308564 1 33 20 2 1 1 0 0 0  aaaa99995988a8884899aaa379776386676752a464557
308566 1 33 20 2 1 2 0 0 0  aaaa99995988a8885899aaa579776586676744a462337
308570 1 33 20 2 2 1 0 0 0  aaaa99994988a8883899aaa379774486676765a555627
308576 1 33 20 2 3 1 0 0 0  aaaa99994988a8883899aaa379774486676765a562557
308582 1 33 20 2 4 1 0 0 0  aaaa99994988a8883899aaa379774486572765a666557
308588 1 33 20 2 5 1 0 0 0  aaaa99994988a8883899aaa379774485672765a655667
308654 1 33 20 4 4 1 0 0 0  aaaa99995988a8883899aaa379774486576657a662457
308678 1 33 20 5 2 1 0 0 0  aaaa99994988a8883899aaa379774486577765a662565
308680 1 33 20 5 2 2 0 0 0  aaaa99995988a8885899aaa579774586477763a662463
308702 1 33 20 6 0 1 0 0 0  aaaa99994988a8883899aaa379777286644765a567556
308706 1 33 20 6 1 0 0 0 0  aaaa99995988a8884899aaa379777386626756a467545
308708 1 33 20 6 1 1 0 0 0  aaaa99995988a8884899aaa379777386646756a567254
308712 1 33 20 6 2 0 0 0 0  aaaa99994988a8883899aaa379777286656764a557654
308714 1 33 20 6 2 1 0 0 0  aaaa99995988a8885899aaa379777386662764a457465
308716 1 33 20 6 2 2 0 0 0  aaaa99995988a8885899aaa579777586662764a447363
308742 1 33 20 7 1 0 0 0 0  aaaa99995988a8884899aaa379776386676754a565274
308766 1 33 20 7 5 0 0 0 0  aaaa99995988a8884899aaa379776384575756a264676
308772 1 33 20 8 0 0 0 0 0  aaaa99995988a8884899aaa379777386657762a464556
308774 1 33 20 8 0 1 0 0 0  aaaa99994988a8883899aaa379777286657765a464556
308810 1 33 20 9 0 1 0 0 0  aaaa99994988a8883899aaa379777786644765a562556
308846 1 33 20 10 0 1 0 0 0  aaaa99994988a8883899aaa369764487562765a777556
308880 1 33 21 0 0 0 0 0 0  aaaa99994988a8888899aaa379766375646557a762574
308898 1 33 21 0 3 0 0 0 0  aaaa99995988a8888899aaa379766675645547a763472
308974 1 33 21 2 3 2 0 0 0  aaaa99995988a8888899aaa579773576665647a447362
309039 1 33 21 4 2 1 1 0 0  aaaa99994988a8888899aaa479773366674557a266557
309041 1 33 21 4 2 2 1 0 0  aaaa99994988a8888899aaa479773366674257a566557
309142 1 33 21 7 1 2 0 0 0  aaaa99996988a8888899aaa579772576665434a476375
309148 1 33 21 7 2 2 0 0 0  aaaa99995988a8888899aaa579773576665644a476372
309152 1 33 21 7 3 1 0 0 0  aaaa99994988a8888899aaa379774476663565a276575
309154 1 33 21 7 3 2 0 0 0  aaaa99995988a8888899aaa579773576665464a476372
309162 1 33 21 7 5 0 0 0 0  aaaa99995988a8888899aaa379776375465526a474676
309172 1 33 21 8 0 2 0 0 0  aaaa99995988a8888899aaa579777576635646a447362
309186 1 33 21 8 3 0 0 0 0  aaaa99995988a8888899aaa379777376662654a447565
309188 1 33 21 8 3 1 0 0 0  aaaa99995988a8888899aaa379777376662645a447565
309190 1 33 21 8 3 2 0 0 0  aaaa99995988a8888899aaa579777576665644a437362
309198 1 33 21 8 5 0 0 0 0  aaaa99995988a8888899aaa479777275645563a637664
309276 1 33 22 0 0 0 0 0 0  aaaa99994987a7663899aaa389888875646557a762574
309294 1 33 22 0 3 0 0 0 0  aaaa99995987a7666899aaa389888875645547a763472
309370 1 33 22 2 3 2 0 0 0  aaaa99995987a7735899aaa589888876665647a447362
309435 1 33 22 4 2 1 1 0 0  aaaa99994987a7733899aaa489888866674557a266557
309437 1 33 22 4 2 2 1 0 0  aaaa99994987a7733899aaa489888866674257a566557
309538 1 33 22 7 1 2 0 0 0  aaaa99996987a7725899aaa589888876665434a476375
309544 1 33 22 7 2 2 0 0 0  aaaa99995987a7735899aaa589888876665644a476372
309548 1 33 22 7 3 1 0 0 0  aaaa99994987a7744899aaa389888876663565a276575
309550 1 33 22 7 3 2 0 0 0  aaaa99995987a7735899aaa589888876665464a476372
309558 1 33 22 7 5 0 0 0 0  aaaa99995987a7763899aaa389888875465526a474676
309568 1 33 22 8 0 2 0 0 0  aaaa99995987a7775899aaa589888876635646a447362
309582 1 33 22 8 3 0 0 0 0  aaaa99995987a7773899aaa389888876662654a447565
309584 1 33 22 8 3 1 0 0 0  aaaa99995987a7773899aaa389888876662645a447565
309586 1 33 22 8 3 2 0 0 0  aaaa99995987a7775899aaa589888876665644a437362
309594 1 33 22 8 5 0 0 0 0  aaaa99995987a7774899aaa289888875645563a637664
309738 1 34 0 1 5 0 0 0 0  aaaa99998988a7774859aaa899765785647862a653634
309905 1 34 0 6 2 2 1 0 0  aaaa99998988a7777829aaa899766687654865a354534
309971 1 34 0 8 1 2 1 0 0  aaaa99998988a7777829aaa899766686754835a654534
310049 1 34 0 10 2 2 1 0 0  aaaa99998988a7666829aaa899765487654835a777534
310090 1 34 1 0 3 2 0 0 0  aaaa99995988a8775879aaa899773566675486a436482
310261 1 34 1 5 2 0 1 0 0  aaaa99995988a8777839aaa899676636755687a444582
310295 1 34 1 6 1 2 1 0 0  aaaa99994988a8666869aaa899777727654785a353584
310303 1 34 1 6 3 0 1 0 0  aaaa99995988a8666839aaa899777737655786a444582
310486 1 34 2 0 3 2 0 0 0  aaaa99998988a8775879aaa899772566675446a346385
310693 1 34 2 6 2 0 1 0 0  aaaa99998988a8666829aaa899777757645765a345384
310735 1 34 2 7 3 0 1 0 0  aaaa99998988a8777829aaa899676656475546a437385
310931 1 34 3 1 5 2 1 0 0  aaaa99998988a8777829aaa899775487654365a653664
311058 1 34 3 5 3 0 0 0 0  aaaa99998988a8777829aaa899676686755437a354654
311059 1 34 3 5 3 0 1 0 0  aaaa99998988a8777849aaa899676686744557a353652
311093 1 34 3 6 2 2 1 0 0  aaaa99998988a8666829aaa899777787654765a354534
311130 1 34 3 7 3 0 0 0 0  aaaa99998988a8777829aaa899676686575456a437345
311183 1 34 3 8 5 2 1 0 0  aaaa99998988a8754829aaa899777787654365a653664
311237 1 34 3 10 2 2 1 0 0  aaaa99998988a8666829aaa899765487654735a777534
311268 1 34 4 0 2 0 0 0 0  aaaa99995988a8774789aaa399687376766685a455842
311270 1 34 4 0 2 1 0 0 0  aaaa99995988a8774789aaa399687376766684a555824
311276 1 34 4 0 3 1 0 0 0  aaaa99995988a8774789aaa399687376766586a545824
311278 1 34 4 0 3 2 0 0 0  aaaa99995988a8775789aaa599687576766486a433842
311282 1 34 4 0 4 1 0 0 0  aaaa99995988a8774789aaa399687676753685a644825
311284 1 34 4 0 4 2 0 0 0  aaaa99995988a8775789aaa599687676745683a644823
311286 1 34 4 0 5 0 0 0 0  aaaa99995988a8774789aaa399687376755685a646824
311288 1 34 4 0 5 1 0 0 0  aaaa99995988a8775789aaa499687376755684a663824
311306 1 34 4 1 2 1 0 0 0  aaaa99995988a8777689aaa499686376753785a644825
311308 1 34 4 1 2 2 0 0 0  aaaa99995988a8777689aaa599686576745783a644823
311354 1 34 4 2 4 1 0 0 0  aaaa99995988a8777689aaa499687376753685a644825
311356 1 34 4 2 4 2 0 0 0  aaaa99995988a8777689aaa599687576745683a644823
311362 1 34 4 2 5 2 0 0 0  aaaa99995988a8777289aaa599687576744684a665833
311414 1 34 4 4 2 1 0 0 0  aaaa99995988a8777689aaa499686377753685a644825
311416 1 34 4 4 2 2 0 0 0  aaaa99995988a8777689aaa599686577745683a644823
311464 1 34 4 5 4 2 0 0 0  aaaa99995988a8777289aaa599687566766384a735844
311465 1 34 4 5 4 2 1 0 0  aaaa99995988a8777289aaa599687566766483a744853
311470 1 34 4 5 5 2 0 0 0  aaaa99995988a8777289aaa599687536745683a766844
311471 1 34 4 5 5 2 1 0 0  aaaa99995988a8777289aaa599687546744683a766853
311472 1 34 4 6 0 0 0 0 0  aaaa99995988a8664789aaa399787727656786a455843
311474 1 34 4 6 0 1 0 0 0  aaaa99995988a8663789aaa399787747646786a555824
311491 1 34 4 6 3 0 1 0 0  aaaa99995988a8666789aaa499787727655786a354834
311533 1 34 4 7 4 0 1 0 0  aaaa99997988a8777289aaa499687466766585a533845
311542 1 34 4 7 5 2 0 0 0  aaaa99997988a8777289aaa599687536745683a665844
311543 1 34 4 7 5 2 1 0 0  aaaa99997988a8777289aaa599687546744683a665853
311562 1 34 4 8 3 0 0 0 0  aaaa99995988a8674789aaa399787767663685a455842
311564 1 34 4 8 3 1 0 0 0  aaaa99995988a8674789aaa399787767663684a555824
311602 1 34 4 9 3 2 0 0 0  aaaa99995988a8666289aaa599786577777384a635844
311603 1 34 4 9 3 2 1 0 0  aaaa99995988a8666289aaa599786577777483a644853
311611 1 34 4 9 5 0 1 0 0  aaaa99995988a8565289aaa499786477777386a563846
311633 1 34 4 10 2 2 1 0 0  aaaa99995988a8666289aaa599786547464783a777853
311638 1 34 4 10 3 2 0 0 0  aaaa99995988a8666289aaa599786537645783a777844
311639 1 34 4 10 3 2 1 0 0  aaaa99995988a8666289aaa599786547644783a777853
311647 1 34 4 10 5 0 1 0 0  aaaa99995988a8565289aaa499786437563786a777846
311652 1 34 5 0 0 0 0 0 0  aaaa99995988a8774879aaa899787386763665a455246
311719 1 34 5 1 5 0 1 0 0  aaaa99995988a8777829aaa899786487764556a365634
311721 1 34 5 1 5 1 1 0 0  aaaa99995988a8777829aaa899786487764536a565634
311722 1 34 5 1 5 2 0 0 0  aaaa99995988a8777829aaa899786587765346a365644
311723 1 34 5 1 5 2 1 0 0  aaaa99995988a8777829aaa899786587765436a464635
311876 1 34 5 6 1 1 0 0 0  aaaa99995988a8664879aaa899786387773765a652445
311878 1 34 5 6 1 2 0 0 0  aaaa99995988a8665879aaa899786587775764a644332
311884 1 34 5 6 2 2 0 0 0  aaaa99994988a8666879aaa899785387773765a652445
311896 1 34 5 6 4 2 0 0 0  aaaa99994988a8656879aaa899785387773765a644625
311902 1 34 5 6 5 2 0 0 0  aaaa99994988a8653879aaa899785387772765a644665
312094 1 34 6 1 1 2 0 0 0  aaaa99994988a8777869aaa899775387663685a652445
312115 1 34 6 1 5 0 1 0 0  aaaa99995988a8777829aaa899776487565386a563644
312119 1 34 6 1 5 2 1 0 0  aaaa99995988a8777839aaa899776587365486a464652
312346 1 34 6 8 1 2 0 0 0  aaaa99994988a8753869aaa899777787663685a652445
312367 1 34 6 8 5 0 1 0 0  aaaa99995988a8764829aaa899777787565386a563644
312371 1 34 6 8 5 2 1 0 0  aaaa99995988a8765839aaa899777787365486a464652
312408 1 34 6 10 0 0 0 0 0  aaaa99994988a8663859aaa899765687563784a777524
312484 1 34 7 1 0 2 0 0 0  aaaa99998988a8857829aaa899777367657645a446635
312646 1 34 7 5 3 2 0 0 0  aaaa99998988a8854869aaa899777367653726a644575
312907 1 34 8 1 5 0 1 0 0  aaaa99995988a8777829aaa899776487864556a365634
312909 1 34 8 1 5 1 1 0 0  aaaa99995988a8777829aaa899776487864536a565634
312910 1 34 8 1 5 2 0 0 0  aaaa99995988a8777829aaa899776587865346a365644
312911 1 34 8 1 5 2 1 0 0  aaaa99995988a8777829aaa899776587865436a464635
313007 1 34 8 4 3 2 1 0 0  aaaa99994988a8777829aaa899766687864365a753545
313015 1 34 8 4 5 0 1 0 0  aaaa99995988a8777829aaa899756587864356a763644
313019 1 34 8 4 5 2 1 0 0  aaaa99995988a8777829aaa899746587865346a763645
313159 1 34 8 8 5 0 1 0 0  aaaa99995988a8764829aaa899777787864556a365634
313161 1 34 8 8 5 1 1 0 0  aaaa99995988a8764829aaa899777787864536a565634
313162 1 34 8 8 5 2 0 0 0  aaaa99995988a8765829aaa899777787865346a365644
313163 1 34 8 8 5 2 1 0 0  aaaa99995988a8765829aaa899777787865436a464635
313164 1 34 8 9 0 0 0 0 0  aaaa99996988a8665829aaa899736787855735a774464
313188 1 34 8 9 4 0 0 0 0  aaaa99995988a8655849aaa899766787854763a774362
313266 1 34 9 0 5 0 0 0 0  aaaa99995988a8774879aaa899776385475526a863646
313282 1 34 9 1 1 2 0 0 0  aaaa99994988a8777869aaa899775387663665a852445
313303 1 34 9 1 5 0 1 0 0  aaaa99995988a8777829aaa899776487565356a863644
313307 1 34 9 1 5 2 1 0 0  aaaa99995988a8777829aaa899776587465346a863645
313339 1 34 9 2 5 0 1 0 0  aaaa99994988a8777839aaa899776485573526a864656
313384 1 34 9 4 0 2 0 0 0  aaaa99994988a8777879aaa899665387753626a844565
313402 1 34 9 4 3 2 0 0 0  aaaa99994988a8777879aaa899666387753625a844565
313410 1 34 9 4 5 0 0 0 0  aaaa99995988a8777879aaa899546587764526a863643
313507 1 34 9 7 3 0 1 0 0  aaaa99997988a8777829aaa899676686575456a844335
313534 1 34 9 8 1 2 0 0 0  aaaa99994988a8753869aaa899777787663665a852445
313555 1 34 9 8 5 0 1 0 0  aaaa99995988a8764829aaa899777787565356a863644
313559 1 34 9 8 5 2 1 0 0  aaaa99995988a8765829aaa899777787465346a863645
313697 1 34 10 1 4 2 1 0 0  aaaa99997988a8854829aaa899777487657635a666534
313703 1 34 10 1 5 2 1 0 0  aaaa99997988a8854829aaa899777487657365a653664
313714 1 34 10 2 1 2 0 0 0  aaaa99994988a8853879aaa899777387666675a652445
313732 1 34 10 2 4 2 0 0 0  aaaa99994988a8853879aaa899777387652675a666445
313736 1 34 10 2 5 1 0 0 0  aaaa99995988a8864879aaa899777387464576a565632
313822 1 34 10 5 1 2 0 0 0  aaaa99994988a8844869aaa899777387663725a656575
313828 1 34 10 5 2 2 0 0 0  aaaa99994988a8853869aaa899777387662765a644575
313843 1 34 10 5 5 0 1 0 0  aaaa99995988a8864829aaa899777487565756a363674
313864 1 34 10 6 2 2 0 0 0  aaaa99994988a8853869aaa899777787663765a652445
313885 1 34 10 7 0 0 1 0 0  aaaa99995988a8874839aaa899777487663276a656554
313889 1 34 10 7 0 2 1 0 0  aaaa99995988a8875839aaa899777587663276a646454
313892 1 34 10 7 1 1 0 0 0  aaaa99995988a8874869aaa899777387663675a652445
313894 1 34 10 7 1 2 0 0 0  aaaa99995988a8875869aaa899777587665674a644332
313902 1 34 10 7 3 0 0 0 0  aaaa99995988a8874869aaa899777387663476a654552
313904 1 34 10 7 3 1 0 0 0  aaaa99995988a8874869aaa899777387663576a655442
313915 1 34 10 7 5 0 1 0 0  aaaa99995988a8874829aaa899777487565376a563646
313930 1 34 10 8 1 2 0 0 0  aaaa99994988a8853869aaa899777787663675a652445
313951 1 34 10 8 5 0 1 0 0  aaaa99995988a8864829aaa899777787565376a563644
313955 1 34 10 8 5 2 1 0 0  aaaa99995988a8865839aaa899777787365476a464652
314068 1 34 11 1 0 2 0 0 0  aaaa99997988a8885849aaa899777567647624a336655
314172 1 34 11 4 0 0 0 0 0  aaaa99995988a8884879aaa899777377663665a455246
314208 1 34 11 5 0 0 0 0 0  aaaa99995988a8884849aaa899777267654736a655376
314210 1 34 11 5 0 1 0 0 0  aaaa99994988a8883859aaa899777367655726a644576
314213 1 34 11 5 0 2 1 0 0  aaaa99995988a8885849aaa899777567644736a625376
314228 1 34 11 5 3 1 0 0 0  aaaa99994988a8883869aaa899777367652756a644575
314230 1 34 11 5 3 2 0 0 0  aaaa99995988a8885869aaa899777567645736a644372
314244 1 34 11 6 0 0 0 0 0  aaaa99995988a8884829aaa899777767655736a644536
314288 1 34 11 7 1 1 0 0 0  aaaa99994988a8883869aaa899777367644675a562557
314300 1 34 11 7 3 1 0 0 0  aaaa99994988a8883869aaa899777367644675a555627
314304 1 34 11 7 4 0 0 0 0  aaaa99995988a8884869aaa899777367663675a455247
314436 1 34 12 0 2 0 0 0 0  aaaa99995988a8877729aaa799668676575658a344438
314441 1 34 12 0 2 2 1 0 0  aaaa99994988a8877729aaa799668676574658a533548
314645 1 34 12 6 0 2 1 0 0  aaaa99996988a8866769aaa499778727564758a533548
314774 1 34 12 9 4 1 0 0 0  aaaa99995988a8844779aaa399658677773658a662458
314789 1 34 12 10 0 2 1 0 0  aaaa99996988a8866279aaa499658477777358a563548
314928 1 34 13 3 0 0 0 0 0  aaaa99995988a8874879aaa899668377763567a562454
314930 1 34 13 3 0 1 0 0 0  aaaa99995988a8874879aaa899668377763567a565442
314954 1 34 13 3 4 1 0 0 0  aaaa99994988a8873879aaa899658677744657a663525
315122 1 34 13 8 2 1 0 0 0  aaaa99994988a8853879aaa899768377744657a662565
315124 1 34 13 8 2 2 0 0 0  aaaa99995988a8845879aaa899768577735647a662463
315226 1 34 14 0 1 2 0 0 0  aaaa99993988a8877879aaa399758866672456a547456
315228 1 34 14 0 2 0 0 0 0  aaaa99995988a8877879aaa399748866276566a547453
315518 1 34 14 8 2 1 0 0 0  aaaa99995988a8854879aaa799638877752637a644665
315520 1 34 14 8 2 2 0 0 0  aaaa99995988a8845879aaa799638877725637a644665
315661 1 34 15 1 2 0 1 0 0  aaaa99995988a8777839aaa499786487783666a525546
315664 1 34 15 1 2 2 0 0 0  aaaa99995988a8777829aaa599786587785666a344436
315720 1 34 15 3 0 0 0 0 0  aaaa99995988a8664879aaa399787387787665a455246
315756 1 34 15 4 0 0 0 0 0  aaaa99995988a8777879aaa499686387783665a455246
315836 1 34 15 6 1 1 0 0 0  aaaa99995988a8664879aaa399786387787765a652445
315838 1 34 15 6 1 2 0 0 0  aaaa99995988a8665879aaa599786587787764a644332
315844 1 34 15 6 2 2 0 0 0  aaaa99994988a8666879aaa399785387787765a652445
315856 1 34 15 6 4 2 0 0 0  aaaa99994988a8656879aaa399785387787765a644625
315862 1 34 15 6 5 2 0 0 0  aaaa99994988a8653879aaa399785287787765a644665
315960 1 34 15 9 4 0 0 0 0  aaaa99995988a8655869aaa499785787683764a773624
315963 1 34 15 9 4 1 1 0 0  aaaa99995988a8656839aaa499785787683762a774645
316008 1 34 16 0 0 0 0 0 0  aaaa99995988a8774879aaa399787386762665a484556
316010 1 34 16 0 0 1 0 0 0  aaaa99995988a8775879aaa399787386762664a585446
316016 1 34 16 0 1 1 0 0 0  aaaa99995988a8774879aaa399787386766664a582554
316026 1 34 16 0 3 0 0 0 0  aaaa99995988a8774879aaa399787386766654a585624
316028 1 34 16 0 3 1 0 0 0  aaaa99995988a8774879aaa399787386766654a582654
316154 1 34 16 4 0 1 0 0 0  aaaa99995988a8777879aaa499686387763664a582554
316202 1 34 16 5 2 1 0 0 0  aaaa99995988a8777869aaa499687386763674a582554
316230 1 34 16 6 1 0 0 0 0  aaaa99995988a8664879aaa399785587773765a682446
316232 1 34 16 6 1 1 0 0 0  aaaa99995988a8665879aaa499786387773764a682554
316238 1 34 16 6 2 1 0 0 0  aaaa99995988a8666879aaa499785387773765a682445
316240 1 34 16 6 2 2 0 0 0  aaaa99995988a8666879aaa599784587775763a682443
316244 1 34 16 6 3 1 0 0 0  aaaa99995988a8666879aaa499786387773764a582554
316250 1 34 16 6 4 1 0 0 0  aaaa99995988a8656879aaa499784487773765a683625
316252 1 34 16 6 4 2 0 0 0  aaaa99995988a8646879aaa599783587775763a684624
316256 1 34 16 6 5 1 0 0 0  aaaa99995988a8654879aaa399784487773765a682665
316258 1 34 16 6 5 2 0 0 0  aaaa99995988a8645879aaa599783587774763a682664
316298 1 34 16 8 0 1 0 0 0  aaaa99995988a8664879aaa799786387773664a582554
316334 1 34 16 9 0 1 0 0 0  aaaa99995988a8664879aaa399786387777664a582554
316486 1 34 17 2 1 2 0 0 0  aaaa99994988a8853879aaa399778787666675a652445
316504 1 34 17 2 4 2 0 0 0  aaaa99994988a8853879aaa399778787652675a666445
316508 1 34 17 2 5 1 0 0 0  aaaa99995988a8864879aaa399778787464576a565632
316598 1 34 17 5 2 1 0 0 0  aaaa99995988a8854869aaa399778787663765a644725
316600 1 34 17 5 2 2 0 0 0  aaaa99995988a8845869aaa599778787665763a644723
316630 1 34 17 6 1 2 0 0 0  aaaa99996988a8854879aaa399768687773765a652445
316634 1 34 17 6 2 1 0 0 0  aaaa99995988a8854879aaa399768387772765a666445
316636 1 34 17 6 2 2 0 0 0  aaaa99995988a8845879aaa599768587772763a666443
316646 1 34 17 6 4 1 0 0 0  aaaa99995988a8854879aaa399768687773765a644625
316648 1 34 17 6 4 2 0 0 0  aaaa99995988a8845879aaa599768687775763a644623
316652 1 34 17 6 5 1 0 0 0  aaaa99995988a8854879aaa399768387772765a644665
316654 1 34 17 6 5 2 0 0 0  aaaa99995988a8845879aaa599768587772763a644663
316691 1 34 17 7 5 2 1 0 0  aaaa99997988a8865839aaa599778787365476a464652
316778 1 34 17 10 2 1 0 0 0  aaaa99995988a8854869aaa399768387662765a777445
316780 1 34 17 10 2 2 0 0 0  aaaa99995988a8845869aaa599768587662763a777443
316944 1 34 18 4 0 0 0 0 0  aaaa99995988a8884879aaa399777877663665a455246
317016 1 34 18 6 0 0 0 0 0  aaaa99996988a8884879aaa399665877647577a526534
317018 1 34 18 6 0 1 0 0 0  aaaa99995988a8883879aaa399664877627577a565446
317226 1 34 19 0 5 0 0 0 0  aaaa99995988a8877879aaa799767485645562a683634
317276 1 34 19 2 1 1 0 0 0  aaaa99995988a8854879aaa399777387666675a682445
317278 1 34 19 2 1 2 0 0 0  aaaa99995988a8845879aaa599777587666673a682443
317280 1 34 19 2 2 0 0 0 0  aaaa99995988a8864879aaa399777387666576a582454
317282 1 34 19 2 2 1 0 0 0  aaaa99995988a8864879aaa399777387666576a585442
317286 1 34 19 2 3 0 0 0 0  aaaa99995988a8864879aaa399777387666575a685442
317288 1 34 19 2 3 1 0 0 0  aaaa99995988a8864879aaa399777387666475a684525
317294 1 34 19 2 4 1 0 0 0  aaaa99995988a8854879aaa399777387644675a682665
317296 1 34 19 2 4 2 0 0 0  aaaa99995988a8845879aaa599777587644673a682663
317300 1 34 19 2 5 1 0 0 0  aaaa99995988a8864879aaa399777387464576a585626
317390 1 34 19 5 2 1 0 0 0  aaaa99995988a8844869aaa499777387663765a682575
317392 1 34 19 5 2 2 0 0 0  aaaa99995988a8845869aaa599777587664763a682374
317426 1 34 19 6 2 1 0 0 0  aaaa99995988a8854869aaa399777787663765a682445
317428 1 34 19 6 2 2 0 0 0  aaaa99995988a8845869aaa599777787665763a682443
317460 1 34 19 7 2 0 0 0 0  aaaa99995988a8874869aaa399777387662575a685464
317462 1 34 19 7 2 1 0 0 0  aaaa99995988a8874869aaa399777387662475a684565
317466 1 34 19 7 3 0 0 0 0  aaaa99995988a8874869aaa699777387663575a685442
317468 1 34 19 7 3 1 0 0 0  aaaa99995988a8874869aaa699777387663475a684525
317472 1 34 19 7 4 0 0 0 0  aaaa99995988a8874869aaa399777387666575a685442
317474 1 34 19 7 4 1 0 0 0  aaaa99995988a8874869aaa399777387666475a684525
317479 1 34 19 7 5 0 1 0 0  aaaa99996988a8876829aaa699777687556475a484353
317628 1 34 20 1 0 0 0 0 0  aaaa99995988a8884879aaa799777387663665a455246
317664 1 34 20 2 0 0 0 0 0  aaaa99995988a8884879aaa399777387662576a656445
317666 1 34 20 2 0 1 0 0 0  aaaa99995988a8885879aaa399777387662476a646554
317672 1 34 20 2 1 1 0 0 0  aaaa99995988a8884879aaa399777387666675a652445
317674 1 34 20 2 1 2 0 0 0  aaaa99995988a8885879aaa599777587666674a644332
317676 1 34 20 2 2 0 0 0 0  aaaa99995988a8884879aaa399777387666576a562454
317678 1 34 20 2 2 1 0 0 0  aaaa99995988a8884879aaa399777387666576a565442
317682 1 34 20 2 3 0 0 0 0  aaaa99995988a8884879aaa399777387666476a654552
317684 1 34 20 2 3 1 0 0 0  aaaa99995988a8884879aaa399777387666576a655442
317690 1 34 20 2 4 1 0 0 0  aaaa99995988a8884879aaa399777387652675a666445
317692 1 34 20 2 4 2 0 0 0  aaaa99995988a8885879aaa599777587644674a666332
317696 1 34 20 2 5 1 0 0 0  aaaa99995988a8884879aaa399777387464576a565626
317700 1 34 20 3 0 0 0 0 0  aaaa99995988a8884879aaa399777787663665a455246
317736 1 34 20 4 0 0 0 0 0  aaaa99995988a8884879aaa399777387667665a455246
317786 1 34 20 5 2 1 0 0 0  aaaa99995988a8884869aaa399777387662765a644575
317788 1 34 20 5 2 2 0 0 0  aaaa99995988a8885869aaa599777587662764a644373
317822 1 34 20 6 2 1 0 0 0  aaaa99995988a8884869aaa399777787663765a652445
317824 1 34 20 6 2 2 0 0 0  aaaa99995988a8885869aaa599777787665764a644332
317856 1 34 20 7 2 0 0 0 0  aaaa99995988a8884869aaa399777387566276a565447
317858 1 34 20 7 2 1 0 0 0  aaaa99995988a8885869aaa399777387662474a655467
317862 1 34 20 7 3 0 0 0 0  aaaa99995988a8883869aaa699777387662575a645447
317864 1 34 20 7 3 1 0 0 0  aaaa99995988a8883869aaa699777387662574a655447
317868 1 34 20 7 4 0 0 0 0  aaaa99995988a8883869aaa399777287666575a645447
317870 1 34 20 7 4 1 0 0 0  aaaa99995988a8883869aaa399777287666574a655447
317916 1 34 20 9 0 0 0 0 0  aaaa99995988a8884879aaa399766387777665a455246
318132 1 34 21 4 0 0 0 0 0  aaaa99995988a8888879aaa499777377663665a455246
318533 1 34 22 4 0 2 1 0 0  aaaa99996978a7766289aaa499657488888357a563547
318674 1 34 22 8 0 1 0 0 0  aaaa99994978a7773789aaa399664488888765a562556
318788 1 35 0 0 1 1 0 0 0  aaaa99995887a9754789aaa379866696853877a644825
318790 1 35 0 0 1 2 0 0 0  aaaa99995887a9745789aaa579866696835877a644823
318794 1 35 0 0 2 1 0 0 0  aaaa99995887a9764789aaa379866695863877a545824
318796 1 35 0 0 2 2 0 0 0  aaaa99995887a9765789aaa579866694865877a433842
318806 1 35 0 0 4 1 0 0 0  aaaa99995887a9754789aaa379865396844877a666825
318808 1 35 0 0 4 2 0 0 0  aaaa99995887a9745789aaa579863596844877a666823
318812 1 35 0 0 5 1 0 0 0  aaaa99995887a9764789aaa379846495863877a565826
318854 1 35 0 2 0 1 0 0 0  aaaa99995887a9774789aaa379866394864875a656825
318860 1 35 0 2 1 1 0 0 0  aaaa99995887a9774789aaa379866696853875a644825
318862 1 35 0 2 1 2 0 0 0  aaaa99995887a9775789aaa579866696845873a644823
318866 1 35 0 2 2 1 0 0 0  aaaa99995887a9774789aaa379866695863876a545824
318868 1 35 0 2 2 2 0 0 0  aaaa99995887a9775789aaa579866694865876a433842
318872 1 35 0 2 3 1 0 0 0  aaaa99995887a9774789aaa379866695863874a655824
318878 1 35 0 2 4 1 0 0 0  aaaa99995887a9774789aaa379865396844875a666825
318880 1 35 0 2 4 2 0 0 0  aaaa99995887a9775789aaa579864596844873a666823
318884 1 35 0 2 5 1 0 0 0  aaaa99995887a9774789aaa379846495863876a565826
318932 1 35 0 4 1 1 0 0 0  aaaa99994887a9773789aaa379865796866855a644825
318942 1 35 0 4 3 0 0 0 0  aaaa99994887a9773789aaa379856796866855a644825
318964 1 35 0 5 0 2 0 0 0  aaaa99996887a9774689aaa679865397853875a644825
318974 1 35 0 5 2 1 0 0 0  aaaa99995887a9774689aaa379866397852875a644865
318976 1 35 0 5 2 2 0 0 0  aaaa99995887a9775689aaa579866597844874a633862
318980 1 35 0 5 3 1 0 0 0  aaaa99995887a9774689aaa679866397853875a644825
318982 1 35 0 5 3 2 0 0 0  aaaa99995887a9775689aaa679866597845873a644823
318986 1 35 0 5 4 1 0 0 0  aaaa99995887a9774689aaa379866697853875a644825
318988 1 35 0 5 4 2 0 0 0  aaaa99995887a9775689aaa579866697845873a644823
318992 1 35 0 5 5 1 0 0 0  aaaa99995887a9774589aaa379856597863876a464826
319010 1 35 0 6 2 1 0 0 0  aaaa99995887a9777689aaa479866397853865a644825
319012 1 35 0 6 2 2 0 0 0  aaaa99995887a9777689aaa579866597845863a644823
319038 1 35 0 7 1 0 0 0 0  aaaa99996887a9774689aaa679866395853875a475842
319044 1 35 0 7 2 0 0 0 0  aaaa99995887a9774689aaa379866394855875a674862
319046 1 35 0 7 2 1 0 0 0  aaaa99995887a9774689aaa379866395855874a672864
319050 1 35 0 7 3 0 0 0 0  aaaa99995887a9774689aaa679866394855875a674832
319052 1 35 0 7 3 1 0 0 0  aaaa99995887a9774689aaa679866395855874a673824
319056 1 35 0 7 4 0 0 0 0  aaaa99995887a9774689aaa379866694855875a674832
319058 1 35 0 7 4 1 0 0 0  aaaa99995887a9774689aaa379866695855874a673824
319063 1 35 0 7 5 0 1 0 0  aaaa99996887a9776289aaa679855693836875a574844
319142 1 35 0 10 0 1 0 0 0  aaaa99995886a9674689aaa369847495873867a575827
319179 1 35 1 0 0 1 1 0 0  aaaa99994888a9774739aaa869675597673885a268564
319408 1 35 1 6 2 2 0 0 0  aaaa99994888a9666739aaa879775293677885a658445
319420 1 35 1 6 4 2 0 0 0  aaaa99993888a9656749aaa879775394677885a648625
319426 1 35 1 6 5 2 0 0 0  aaaa99993888a9653749aaa879775294677885a648665
319625 1 35 2 1 2 2 1 0 0  aaaa99994888a9777779aaa869676492656835a858534
319631 1 35 2 1 3 2 1 0 0  aaaa99994888a9777779aaa869675692654835a868534
319637 1 35 2 1 4 2 1 0 0  aaaa99994888a9777779aaa869676692654835a858534
319643 1 35 2 1 5 2 1 0 0  aaaa99994888a9777779aaa869275496666835a858534
319679 1 35 2 2 5 2 1 0 0  aaaa99994888a9777769aaa869275496676835a858534
319691 1 35 2 3 1 2 1 0 0  aaaa99994888a9666779aaa869777492657835a858534
319751 1 35 2 4 5 2 1 0 0  aaaa99994888a9777769aaa879275496666835a858534
319799 1 35 2 6 1 2 1 0 0  aaaa99994888a9666769aaa879775492677835a858534
319804 1 35 2 6 2 2 0 0 0  aaaa99994888a9666739aaa879775293677865a858445
319816 1 35 2 6 4 2 0 0 0  aaaa99993888a9656749aaa879775394677865a848625
319822 1 35 2 6 5 2 0 0 0  aaaa99993888a9653749aaa879775294677865a848665
319871 1 35 2 8 1 2 1 0 0  aaaa99994888a9666779aaa869775792654835a878534
319907 1 35 2 9 1 2 1 0 0  aaaa99994888a9666779aaa869777792654835a858534
319943 1 35 2 10 1 2 1 0 0  aaaa99994888a9666769aaa879777792654835a858534
319969 1 35 3 0 0 0 1 0 0  aaaa99995888a9774739aaa869876497673286a655584
320093 1 35 3 3 2 2 1 0 0  aaaa99994888a9666779aaa829877797654385a653584
320111 1 35 3 3 5 2 1 0 0  aaaa99995888a9265779aaa839877797365486a464685
320161 1 35 3 5 2 0 1 0 0  aaaa99994888a9777629aaa869876496756587a534583
320167 1 35 3 5 3 0 1 0 0  aaaa99994888a9777669aaa829876695754587a363584
320196 1 35 3 6 2 0 0 0 0  aaaa99993888a9666749aaa879877397647585a645582
320198 1 35 3 6 2 1 0 0 0  aaaa99993888a9666749aaa879877397647584a655582
320201 1 35 3 6 2 2 1 0 0  aaaa99994888a9666729aaa879877497657385a653584
320203 1 35 3 6 3 0 1 0 0  aaaa99994888a9666729aaa879877497657586a534583
320212 1 35 3 6 4 2 0 0 0  aaaa99993888a9653749aaa879877297457685a666485
320214 1 35 3 6 5 0 0 0 0  aaaa99995888a9565739aaa879877497367486a564682
320216 1 35 3 6 5 1 0 0 0  aaaa99994888a9464729aaa879877397567586a565683
320219 1 35 3 6 5 2 1 0 0  aaaa99995888a9265739aaa879877597367486a464685
320309 1 35 3 9 2 2 1 0 0  aaaa99994888a9666729aaa879877797654385a653584
320327 1 35 3 9 5 2 1 0 0  aaaa99995888a9265739aaa879877797365486a464685
320345 1 35 3 10 2 2 1 0 0  aaaa99994888a9666279aaa879865497777385a653584
320363 1 35 3 10 5 2 1 0 0  aaaa99995888a9265379aaa879836597777486a464685
320443 1 35 4 2 1 0 1 0 0  aaaa99998888a9777729aaa869876696575654a345384
320490 1 35 4 3 3 0 0 0 0  aaaa99998888a9666779aaa829877797655436a345584
320491 1 35 4 3 3 0 1 0 0  aaaa99998888a9666779aaa849877797644556a335582
320507 1 35 4 3 5 2 1 0 0  aaaa99998888a9654779aaa829877797654365a653684
320550 1 35 4 5 1 0 0 0 0  aaaa99998888a9777669aaa829876696755437a345584
320551 1 35 4 5 1 0 1 0 0  aaaa99998888a9777669aaa849876696744557a335582
320557 1 35 4 5 2 0 1 0 0  aaaa99998888a9777629aaa869876496756557a354384
320559 1 35 4 5 2 1 1 0 0  aaaa99998888a9777629aaa869876496756537a554384
320561 1 35 4 5 2 2 1 0 0  aaaa99998888a9777639aaa869874696763527a555484
320568 1 35 4 5 4 0 0 0 0  aaaa99998888a9777629aaa869876696755437a345584
320569 1 35 4 5 4 0 1 0 0  aaaa99998888a9777649aaa869876696744557a335582
320574 1 35 4 5 5 0 0 0 0  aaaa99998888a9777269aaa869875596766437a345584
320575 1 35 4 5 5 0 1 0 0  aaaa99998888a9777469aaa869874496766557a335582
320599 1 35 4 6 3 0 1 0 0  aaaa99998888a9666729aaa879877497657556a354384
320601 1 35 4 6 3 1 1 0 0  aaaa99998888a9666729aaa879877497657536a554384
320603 1 35 4 6 3 2 1 0 0  aaaa99998888a9666739aaa879877297367564a555484
320615 1 35 4 6 5 2 1 0 0  aaaa99998888a9654729aaa879877497657365a653684
320629 1 35 4 7 2 0 1 0 0  aaaa99998888a9777639aaa869876596673545a427485
320631 1 35 4 7 2 1 1 0 0  aaaa99998888a9777639aaa869876596673245a457485
320633 1 35 4 7 2 2 1 0 0  aaaa99998888a9777639aaa869875696673245a457485
320635 1 35 4 7 3 0 1 0 0  aaaa99998888a9777669aaa829876695475546a437385
320651 1 35 4 7 5 2 1 0 0  aaaa99998888a9777369aaa869875396676245a457485
320706 1 35 4 9 3 0 0 0 0  aaaa99998888a9666729aaa879877797655436a345584
320707 1 35 4 9 3 0 1 0 0  aaaa99998888a9666749aaa879877797644556a335582
320723 1 35 4 9 5 2 1 0 0  aaaa99998888a9654729aaa879877797654365a653684
320742 1 35 4 10 3 0 0 0 0  aaaa99998888a9666279aaa879865597777436a345584
320743 1 35 4 10 3 0 1 0 0  aaaa99998888a9666479aaa879864497777556a335582
320759 1 35 4 10 5 2 1 0 0  aaaa99998888a9654279aaa879865497777365a653684
320792 1 35 5 0 5 1 0 0 0  aaaa99995887a9874789aaa879864495683767a655632
320941 1 35 5 5 0 0 1 0 0  aaaa99994887a9877289aaa879866497686557a365534
320943 1 35 5 5 0 1 1 0 0  aaaa99994887a9877289aaa879866497686537a565534
320945 1 35 5 5 0 2 1 0 0  aaaa99994887a9877289aaa879866497686357a563554
320971 1 35 5 5 5 0 1 0 0  aaaa99995887a9877289aaa879865597684367a653644
320975 1 35 5 5 5 2 1 0 0  aaaa99995887a9877389aaa879863597685467a644652
321013 1 35 5 7 0 0 1 0 0  aaaa99997887a9877289aaa879866495686557a364534
321157 1 35 6 0 0 0 1 0 0  aaaa99998888a9775729aaa869876497674836a655534
321281 1 35 6 3 2 2 1 0 0  aaaa99998888a9666779aaa829877797654865a354534
321384 1 35 6 6 2 0 0 0 0  aaaa99998888a9666749aaa879877397647865a553452
321389 1 35 6 6 2 2 1 0 0  aaaa99998888a9666729aaa879877497657865a354534
321400 1 35 6 6 4 2 0 0 0  aaaa99998888a9664729aaa879877397657865a653445
321406 1 35 6 6 5 2 0 0 0  aaaa99998888a9654729aaa879877397657865a644635
321497 1 35 6 9 2 2 1 0 0  aaaa99998888a9666729aaa879877797654865a354534
321533 1 35 6 10 2 2 1 0 0  aaaa99998888a9666279aaa879865497777865a354534
321558 1 35 7 0 1 0 0 0 0  aaaa99993888a9877749aaa869667397467856a558425
321724 1 35 7 4 4 2 0 0 0  aaaa99994888a9853779aaa869774492677865a658635
321743 1 35 7 5 1 2 1 0 0  aaaa99994888a9854729aaa879766696757835a678534
321748 1 35 7 5 2 2 0 0 0  aaaa99994888a9852739aaa879766693757865a678445
321760 1 35 7 5 4 2 0 0 0  aaaa99994888a9844739aaa879765693757865a678625
321766 1 35 7 5 5 2 0 0 0  aaaa99994888a9852739aaa879764493757865a678665
321796 1 35 7 6 4 2 0 0 0  aaaa99994888a9853769aaa879774492677865a658635
321802 1 35 7 6 5 2 0 0 0  aaaa99993888a9853749aaa879775294677865a648665
322019 1 35 8 1 5 2 1 0 0  aaaa99998888a9777779aaa829885496754635a666534
322050 1 35 8 2 5 0 0 0 0  aaaa99998888a9777279aaa859887596754634a666354
322051 1 35 8 2 5 0 1 0 0  aaaa99998888a9777579aaa859887396753645a666442
322073 1 35 8 3 2 2 1 0 0  aaaa99998888a9666729aaa879887797654765a354534
322093 1 35 8 4 0 0 1 0 0  aaaa99998888a9777279aaa879886696765554a345364
322094 1 35 8 4 0 1 0 0 0  aaaa99998888a9777279aaa879886696764555a345364
322095 1 35 8 4 0 1 1 0 0  aaaa99998888a9777279aaa879886696765534a545364
322096 1 35 8 4 0 2 0 0 0  aaaa99998888a9777279aaa879886696764534a555364
322097 1 35 8 4 0 2 1 0 0  aaaa99998888a9777279aaa879886695736646a555443
322121 1 35 8 4 4 2 1 0 0  aaaa99998888a9777279aaa879885496756635a664534
322122 1 35 8 4 5 0 0 0 0  aaaa99998888a9777279aaa879885596754634a666354
322123 1 35 8 4 5 0 1 0 0  aaaa99998888a9777279aaa879885596735645a666443
322127 1 35 8 4 5 2 1 0 0  aaaa99998888a9777279aaa879885496754635a666534
322139 1 35 8 5 1 2 1 0 0  aaaa99998888a9777629aaa869887696754675a354534
322175 1 35 8 6 1 2 1 0 0  aaaa99998888a9666729aaa879887797754665a354534
322177 1 35 8 6 2 0 1 0 0  aaaa99998888a9666729aaa879887797755465a644353
322181 1 35 8 6 2 2 1 0 0  aaaa99998888a9666729aaa879887797754365a653544
322193 1 35 8 6 4 2 1 0 0  aaaa99998888a9654729aaa879887797754635a666534
322199 1 35 8 6 5 2 1 0 0  aaaa99998888a9654729aaa879887797754365a653664
322205 1 35 8 7 0 2 1 0 0  aaaa99998888a9777669aaa839887696753245a457465
322223 1 35 8 7 3 2 1 0 0  aaaa99998888a9777639aaa869887696753245a457465
322271 1 35 8 8 5 2 1 0 0  aaaa99998888a9674729aaa879887797654365a653645
322283 1 35 8 9 1 2 1 0 0  aaaa99998888a9666779aaa829885497777665a354534
322285 1 35 8 9 2 0 1 0 0  aaaa99998888a9666779aaa829885597777465a644353
322289 1 35 8 9 2 2 1 0 0  aaaa99998888a9666779aaa829885497777365a653544
322301 1 35 8 9 4 2 1 0 0  aaaa99998888a9654779aaa829885497777635a666534
322307 1 35 8 9 5 2 1 0 0  aaaa99998888a9654779aaa829885497777365a653664
322319 1 35 8 10 1 2 1 0 0  aaaa99998888a9666279aaa879885497777665a354534
322321 1 35 8 10 2 0 1 0 0  aaaa99998888a9666279aaa879885597777465a644353
322325 1 35 8 10 2 2 1 0 0  aaaa99998888a9666279aaa879885497777365a653544
322337 1 35 8 10 4 2 1 0 0  aaaa99998888a9654279aaa879885497777635a666534
322343 1 35 8 10 5 2 1 0 0  aaaa99998888a9654279aaa879885497777365a653664
322357 1 35 9 0 2 0 1 0 0  aaaa99998888a9774729aaa869876697874556a365534
322359 1 35 9 0 2 1 1 0 0  aaaa99998888a9774729aaa869876697874536a565534
322361 1 35 9 0 2 2 1 0 0  aaaa99998888a9774729aaa869876697874356a563554
322415 1 35 9 1 5 2 1 0 0  aaaa99998888a9777779aaa829875496854635a666534
322463 1 35 9 3 1 2 1 0 0  aaaa99998888a9666779aaa829877797854665a354534
322465 1 35 9 3 2 0 1 0 0  aaaa99998888a9666779aaa829877797855465a644353
322469 1 35 9 3 2 2 1 0 0  aaaa99998888a9666779aaa829877797854365a653544
322481 1 35 9 3 4 2 1 0 0  aaaa99998888a9654779aaa829877797854635a666534
322487 1 35 9 3 5 2 1 0 0  aaaa99998888a9654779aaa829877797854365a653664
322523 1 35 9 4 5 2 1 0 0  aaaa99998888a9777729aaa879875496854635a666534
322566 1 35 9 6 1 0 0 0 0  aaaa99998888a9666749aaa879877397847665a553452
322571 1 35 9 6 1 2 1 0 0  aaaa99998888a9666729aaa879877497857665a354534
322577 1 35 9 6 2 2 1 0 0  aaaa99998888a9666729aaa879877497857365a653544
322589 1 35 9 6 4 2 1 0 0  aaaa99998888a9654729aaa879877497857635a666534
322595 1 35 9 6 5 2 1 0 0  aaaa99998888a9654729aaa879877497857365a653664
322609 1 35 9 7 2 0 1 0 0  aaaa99998888a9777629aaa869876596876554a347354
322610 1 35 9 7 2 1 0 0 0  aaaa99998888a9777629aaa869876496876555a347354
322611 1 35 9 7 2 1 1 0 0  aaaa99998888a9777629aaa869876596876354a537454
322612 1 35 9 7 2 2 0 0 0  aaaa99998888a9777629aaa869876496876354a537554
322613 1 35 9 7 2 2 1 0 0  aaaa99998888a9777649aaa869876394874256a567553
322667 1 35 9 8 5 2 1 0 0  aaaa99998888a9754779aaa829877796854635a666534
322679 1 35 9 9 1 2 1 0 0  aaaa99998888a9666729aaa879877797854665a354534
322681 1 35 9 9 2 0 1 0 0  aaaa99998888a9666729aaa879877797855465a644353
322685 1 35 9 9 2 2 1 0 0  aaaa99998888a9666729aaa879877797854365a653544
322697 1 35 9 9 4 2 1 0 0  aaaa99998888a9654729aaa879877797854635a666534
322703 1 35 9 9 5 2 1 0 0  aaaa99998888a9654729aaa879877797854365a653664
322715 1 35 9 10 1 2 1 0 0  aaaa99998888a9754669aaa829876696854375a753774
322721 1 35 9 10 2 2 1 0 0  aaaa99998888a9754629aaa869876496856375a753774
322733 1 35 9 10 4 2 1 0 0  aaaa99998888a9754629aaa869876696854375a753774
322739 1 35 9 10 5 2 1 0 0  aaaa99998888a9754269aaa869875496866375a753774
322792 1 35 10 1 2 2 0 0 0  aaaa99998888a9854779aaa869877397663765a652445
322847 1 35 10 2 5 2 1 0 0  aaaa99998888a9865779aaa839877597365476a464652
322883 1 35 10 3 5 2 1 0 0  aaaa99998888a9854779aaa829877797654365a653664
322913 1 35 10 4 4 2 1 0 0  aaaa99998888a9854779aaa829877497657635a666534
322919 1 35 10 4 5 2 1 0 0  aaaa99998888a9854779aaa829877497657365a653664
322951 1 35 10 5 5 0 1 0 0  aaaa99998888a9865729aaa879876497575376a563644
322955 1 35 10 5 5 2 1 0 0  aaaa99998888a9865739aaa879876597375476a464652
322985 1 35 10 6 4 2 1 0 0  aaaa99998888a9854729aaa879877497657635a666534
322991 1 35 10 6 5 2 1 0 0  aaaa99998888a9854729aaa879877497657365a653664
323099 1 35 10 9 5 2 1 0 0  aaaa99998888a9854729aaa879877797654365a653664
323135 1 35 10 10 5 2 1 0 0  aaaa99998888a9854279aaa879865497777365a653664
323317 1 35 11 5 0 0 1 0 0  aaaa99998888a9885729aaa879766496774736a655534
323388 1 35 11 7 0 0 0 0 0  aaaa99998888a9884779aaa869776396553756a644725
323567 1 35 12 0 5 2 1 0 0  aaaa99998888a9877729aaa849467497657365a638565
323644 1 35 12 3 0 2 0 0 0  aaaa99998888a9866779aaa829777696567354a538544
323645 1 35 12 3 0 2 1 0 0  aaaa99998888a9866779aaa829777696567354a538454
323713 1 35 12 5 0 0 1 0 0  aaaa99998888a9866759aaa879766395776754a548432
323723 1 35 12 5 1 2 1 0 0  aaaa99998888a9854729aaa879766696774735a658534
324028 1 35 13 2 4 2 0 0 0  aaaa99994887a9887789aaa879766398653765a652445
324034 1 35 13 2 5 2 0 0 0  aaaa99994887a9887789aaa879765398653765a644625
324094 1 35 13 4 3 2 0 0 0  aaaa99995882a9885789aaa879766698765374a635744
324095 1 35 13 4 3 2 1 0 0  aaaa99995882a9885789aaa879766698765473a644753
324103 1 35 13 4 5 0 1 0 0  aaaa99995882a9884789aaa879756598764376a563746
324116 1 35 13 5 1 1 0 0 0  aaaa99995887a9884789aaa879766398763765a652445
324118 1 35 13 5 1 2 0 0 0  aaaa99995887a9885789aaa879766598765764a644332
324124 1 35 13 5 2 2 0 0 0  aaaa99994887a9883789aaa879766698753765a652445
324136 1 35 13 5 4 2 0 0 0  aaaa99994887a9883789aaa879765698753765a644625
324142 1 35 13 5 5 2 0 0 0  aaaa99994887a9883789aaa879765398752765a644665
324181 1 35 13 7 0 0 1 0 0  aaaa99996887a9884289aaa879776698664755a533745
324224 1 35 13 8 1 1 0 0 0  aaaa99995887a9884789aaa879776398663765a652445
324226 1 35 13 8 1 2 0 0 0  aaaa99995887a9885789aaa879776598665764a644332
324232 1 35 13 8 2 2 0 0 0  aaaa99994887a9883789aaa879775398666765a652445
324244 1 35 13 8 4 2 0 0 0  aaaa99994887a9883789aaa879775398656765a644625
324250 1 35 13 8 5 2 0 0 0  aaaa99994887a9883789aaa879775398652765a644665
324252 1 35 13 9 0 0 0 0 0  aaaa99995887a9884789aaa879777398663665a455246
324406 1 35 14 2 1 2 0 0 0  aaaa99994888a9853779aaa769878897663675a652445
324427 1 35 14 2 5 0 1 0 0  aaaa99995888a9864779aaa729878897565376a563644
324431 1 35 14 2 5 2 1 0 0  aaaa99995888a9865779aaa739878897365476a464652
324444 1 35 14 3 2 0 0 0 0  aaaa99997888a9855279aaa779868897754666a345364
324445 1 35 14 3 2 0 1 0 0  aaaa99997888a9855279aaa779868897745666a353464
324449 1 35 14 3 2 2 1 0 0  aaaa99997888a9854279aaa779868897754666a353564
324450 1 35 14 3 3 0 0 0 0  aaaa99997888a9855279aaa779868897754666a346354
324451 1 35 14 3 3 0 1 0 0  aaaa99997888a9855279aaa779868897735666a456443
324455 1 35 14 3 3 2 1 0 0  aaaa99997888a9854279aaa779868897754666a356534
324456 1 35 14 3 4 0 0 0 0  aaaa99997888a9855279aaa779868897754634a666354
324457 1 35 14 3 4 0 1 0 0  aaaa99997888a9855279aaa779868897735645a666443
324461 1 35 14 3 4 2 1 0 0  aaaa99997888a9854279aaa779868897754635a666534
324462 1 35 14 3 5 0 0 0 0  aaaa99997888a9855279aaa779868897754364a635664
324463 1 35 14 3 5 0 1 0 0  aaaa99997888a9855279aaa779868897735465a644663
324467 1 35 14 3 5 2 1 0 0  aaaa99997888a9854279aaa779868897754365a653664
324478 1 35 14 4 1 2 0 0 0  aaaa99994888a9853779aaa769878896653676a752445
324484 1 35 14 4 2 2 0 0 0  aaaa99994888a9853779aaa769878896653675a762445
324490 1 35 14 4 3 2 0 0 0  aaaa99994888a9853779aaa769878896653675a744625
324496 1 35 14 4 4 2 0 0 0  aaaa99994888a9853779aaa769878896663675a752445
324611 1 35 14 7 5 2 1 0 0  aaaa99997888a9854779aaa729878897654365a653664
324648 1 35 14 9 0 0 0 0 0  aaaa99996888a9866479aaa779848897773656a553425
324931 1 35 15 5 5 0 1 0 0  aaaa99995887a9877289aaa879868497655367a653644
324935 1 35 15 5 5 2 1 0 0  aaaa99995887a9877289aaa879868597635467a644653
325044 1 35 15 9 0 0 0 0 0  aaaa99996887a9847289aaa879868697775663a535544
325049 1 35 15 9 0 2 1 0 0  aaaa99996887a9857289aaa879868697774665a354534
325152 1 35 16 1 0 0 0 0 0  aaaa99996887a9877289aaa879876696565384a735544
325153 1 35 16 1 0 0 1 0 0  aaaa99996887a9877289aaa879876696465585a735443
325154 1 35 16 1 0 1 0 0 0  aaaa99996887a9877289aaa879876696364584a755534
325155 1 35 16 1 0 1 1 0 0  aaaa99996887a9877289aaa879876696465583a755443
325156 1 35 16 1 0 2 0 0 0  aaaa99996887a9877289aaa879876696364485a754535
325157 1 35 16 1 0 2 1 0 0  aaaa99996887a9877289aaa879876695663584a755434
325187 1 35 16 1 5 2 1 0 0  aaaa99995887a9877289aaa879876594365486a764635
325297 1 35 16 5 0 0 1 0 0  aaaa99994887a9877289aaa879866497656587a564533
325342 1 35 16 6 1 2 0 0 0  aaaa99994887a9853789aaa879877397666685a652445
325360 1 35 16 6 4 2 0 0 0  aaaa99994887a9853789aaa879877397652685a666445
325364 1 35 16 6 5 1 0 0 0  aaaa99995887a9864789aaa879877397464586a565632
325369 1 35 16 7 0 0 1 0 0  aaaa99997887a9877289aaa879866495656587a364534
325414 1 35 16 8 1 2 0 0 0  aaaa99996887a9854789aaa879877396663285a756445
325420 1 35 16 8 2 2 0 0 0  aaaa99994887a9853789aaa879877396662685a756445
325426 1 35 16 8 3 2 0 0 0  aaaa99994887a9853789aaa879877396662685a744565
325432 1 35 16 8 4 2 0 0 0  aaaa99994887a9853789aaa879877396666685a752445
325434 1 35 16 8 5 0 0 0 0  aaaa99995887a9864789aaa879877395465586a763642
325436 1 35 16 8 5 1 0 0 0  aaaa99995887a9864789aaa879877395565486a764632
325486 1 35 16 10 1 2 0 0 0  aaaa99994887a9853689aaa879866397777685a652445
325507 1 35 16 10 5 0 1 0 0  aaaa99995887a9864289aaa879856597777386a563644
325511 1 35 16 10 5 2 1 0 0  aaaa99995887a9865389aaa879836597777486a464652
325670 1 35 17 4 2 1 0 0 0  aaaa99995886a9884789aaa879875397663765a672445
325672 1 35 17 4 2 2 0 0 0  aaaa99995886a9885789aaa879874597665763a672443
325702 1 35 17 5 1 2 0 0 0  aaaa99994887a9883789aaa879875397666675a652445
325720 1 35 17 5 4 2 0 0 0  aaaa99994887a9883789aaa879875397652675a666445
325724 1 35 17 5 5 1 0 0 0  aaaa99995887a9884789aaa879876397464576a565632
325728 1 35 17 6 0 0 0 0 0  aaaa99995887a9884789aaa879877397663665a455246
325765 1 35 17 7 0 0 1 0 0  aaaa99995887a9884289aaa879877496655676a373564
325777 1 35 17 7 2 0 1 0 0  aaaa99995887a9884389aaa879877396664675a276554
325873 1 35 17 10 0 0 1 0 0  aaaa99994887a9884389aaa879866397777665a554256
325922 1 35 18 0 2 1 0 0 0  aaaa99995888a9884779aaa369875897663475a674265
325928 1 35 18 0 3 1 0 0 0  aaaa99994888a9883779aaa369876897656575a672445
325934 1 35 18 0 4 1 0 0 0  aaaa99994888a9883779aaa369875897666575a672445
325939 1 35 18 0 5 0 1 0 0  aaaa99995888a9884779aaa429876897565376a573646
326011 1 35 18 2 5 0 1 0 0  aaaa99995888a9884779aaa729876897565376a563644
326015 1 35 18 2 5 2 1 0 0  aaaa99995888a9885779aaa739876897365476a464652
326068 1 35 18 4 2 2 0 0 0  aaaa99994888a9883779aaa769875896653675a762445
326074 1 35 18 4 3 2 0 0 0  aaaa99994888a9883779aaa769876896653675a752445
326089 1 35 18 5 0 0 1 0 0  aaaa99994888a9884779aaa739877897663665a554256
326195 1 35 18 7 5 2 1 0 0  aaaa99997888a9884779aaa729875897654365a653664
326197 1 35 18 8 0 0 1 0 0  aaaa99994888a9884739aaa779877897663665a554256
326232 1 35 18 9 0 0 0 0 0  aaaa99994888a9883279aaa779866897773556a656454
326233 1 35 18 9 0 0 1 0 0  aaaa99995888a9884279aaa779866897774663a535546
326356 1 35 19 1 2 2 0 0 0  aaaa99994888a9853779aaa869877397686765a652445
326366 1 35 19 1 4 1 0 0 0  aaaa99995888a9854779aaa869877397683765a644625
326368 1 35 19 1 4 2 0 0 0  aaaa99995888a9845779aaa869877597685763a644623
326386 1 35 19 2 1 2 0 0 0  aaaa99994888a9853779aaa869877397686675a652445
326496 1 35 19 5 2 0 0 0 0  aaaa99995888a9855729aaa879874497687675a663463
326500 1 35 19 5 2 2 0 0 0  aaaa99994888a9853729aaa879874497687675a663565
326506 1 35 19 5 3 2 0 0 0  aaaa99994888a9853729aaa879875397687676a656445
326512 1 35 19 5 4 2 0 0 0  aaaa99994888a9853729aaa879875397687675a666445
326514 1 35 19 5 5 0 0 0 0  aaaa99995888a9864759aaa879876397587476a264653
326515 1 35 19 5 5 0 1 0 0  aaaa99994888a9864759aaa879876497587576a563632
326516 1 35 19 5 5 1 0 0 0  aaaa99995888a9863749aaa879876397487576a565642
326519 1 35 19 5 5 2 1 0 0  aaaa99995888a9865739aaa879876597387476a464652
326520 1 35 19 6 0 0 0 0 0  aaaa99996888a9866749aaa879877397487656a553425
326570 1 35 19 7 2 1 0 0 0  aaaa99995888a9874779aaa869877396683674a562554
326750 1 35 20 1 2 1 0 0 0  aaaa99995888a9884779aaa869877397663765a652445
326752 1 35 20 1 2 2 0 0 0  aaaa99995888a9885779aaa869877597665764a644332
326809 1 35 20 3 0 0 1 0 0  aaaa99994888a9884779aaa839877797663665a554256
326890 1 35 20 5 1 2 0 0 0  aaaa99994888a9883769aaa879875397676675a652445
326911 1 35 20 5 5 0 1 0 0  aaaa99995888a9884729aaa879876497575376a563646
326916 1 35 20 6 0 0 0 0 0  aaaa99994888a9883729aaa879877397667556a656454
326917 1 35 20 6 0 0 1 0 0  aaaa99995888a9884729aaa879877497667663a535546
327025 1 35 20 9 0 0 1 0 0  aaaa99994888a9884739aaa879877797663665a554256
327061 1 35 20 10 0 0 1 0 0  aaaa99994888a9884379aaa879866397777665a554256
327203 1 35 21 2 5 2 1 0 0  aaaa99995888a9888779aaa739876597365476a464652
327383 1 35 21 7 5 2 1 0 0  aaaa99997888a9888779aaa729875497654365a653664
327385 1 35 21 8 0 0 1 0 0  aaaa99994888a9888739aaa779877497663665a554256
327509 1 35 22 0 2 2 1 0 0  aaaa99997787a9666829aaa789888897654765a354534
327599 1 35 22 2 5 2 1 0 0  aaaa99997787a9754829aaa789888897654365a653664
327754 1 35 22 7 1 2 0 0 0  aaaa99994787a9753869aaa789888897663675a652445
327775 1 35 22 7 5 0 1 0 0  aaaa99995787a9764829aaa789888897565376a563644
327779 1 35 22 7 5 2 1 0 0  aaaa99995787a9765839aaa789888897365476a464652
327781 1 35 22 8 0 0 1 0 0  aaaa99994787a9774839aaa789888897663665a554256
327978 1 36 0 2 3 0 0 0 0  aaaa99999887a7764789aaa379866695853865a475842
328361 1 36 1 2 0 2 1 0 0  aaaa99999888a7774739aaa869765496753885a268564
328577 1 36 1 8 0 2 1 0 0  aaaa99999888a7777669aaa829765496754885a358634
328583 1 36 1 8 1 2 1 0 0  aaaa99999888a7777669aaa829766496754885a358534
328589 1 36 1 8 2 2 1 0 0  aaaa99999888a7777629aaa869765496764885a358534
328681 1 36 2 0 0 0 1 0 0  aaaa99999888a7766759aaa859766592776834a848354
328709 1 36 2 0 4 2 1 0 0  aaaa99999888a7754769aaa869766692774835a858534
328713 1 36 2 0 5 1 1 0 0  aaaa99999888a7764759aaa859756592774836a868634
328781 1 36 2 2 4 2 1 0 0  aaaa99999888a7774769aaa869766692754835a858534
328835 1 36 2 4 1 2 1 0 0  aaaa99999888a7774769aaa879766692654835a858534
328979 1 36 2 8 1 2 1 0 0  aaaa99999888a7777669aaa829766496754835a858534
328985 1 36 2 8 2 2 1 0 0  aaaa99999888a7777629aaa869765496764835a858534
328993 1 36 2 8 4 0 1 0 0  aaaa99999888a7777669aaa829766695745834a858354
328999 1 36 2 8 5 0 1 0 0  aaaa99999888a7777629aaa869766695745834a858354
329106 1 36 3 0 5 0 0 0 0  aaaa99999888a7764579aaa859877397563486a564682
329111 1 36 3 0 5 2 1 0 0  aaaa99999888a7765379aaa839877597265486a464685
329129 1 36 3 1 2 2 1 0 0  aaaa99999888a7774779aaa869865697254385a653684
329135 1 36 3 1 3 2 1 0 0  aaaa99999888a7774779aaa869866497256385a653584
329141 1 36 3 1 4 2 1 0 0  aaaa99999888a7774779aaa869866697254385a653584
329143 1 36 3 1 5 0 1 0 0  aaaa99999888a7774779aaa859856497265386a563684
329145 1 36 3 1 5 1 1 0 0  aaaa99999888a7774779aaa859856597264386a563684
329146 1 36 3 1 5 2 0 0 0  aaaa99999888a7775779aaa839846597365486a465682
329147 1 36 3 1 5 2 1 0 0  aaaa99999888a7775779aaa839836597265486a464685
329149 1 36 3 2 0 0 1 0 0  aaaa99999888a7775379aaa869876397655486a644582
329178 1 36 3 2 5 0 0 0 0  aaaa99999888a7774579aaa859876397563486a564682
329183 1 36 3 2 5 2 1 0 0  aaaa99999888a7775379aaa839876597265486a464685
329185 1 36 3 3 0 0 1 0 0  aaaa99999888a7777379aaa869863597565486a644582
329189 1 36 3 3 0 2 1 0 0  aaaa99999888a7777379aaa869865397256485a644586
329207 1 36 3 3 3 2 1 0 0  aaaa99999888a7777679aaa869865497264385a653584
329250 1 36 3 4 5 0 0 0 0  aaaa99999888a7775279aaa879856597464386a563684
329255 1 36 3 4 5 2 1 0 0  aaaa99999888a7775379aaa879836597265486a464685
329267 1 36 3 5 1 2 1 0 0  aaaa99999888a7774669aaa829876697654785a353584
329270 1 36 3 5 2 1 0 0 0  aaaa99999888a7773649aaa869876397646785a555482
329273 1 36 3 5 2 2 1 0 0  aaaa99999888a7774629aaa869876497656785a353584
329285 1 36 3 5 4 2 1 0 0  aaaa99999888a7774629aaa869876697654785a353584
329291 1 36 3 5 5 2 1 0 0  aaaa99999888a7774269aaa869875497666785a353584
329341 1 36 3 7 2 0 1 0 0  aaaa99999888a7774629aaa869876497656587a534583
329347 1 36 3 7 3 0 1 0 0  aaaa99999888a7775669aaa829876697545387a563484
329405 1 36 3 9 0 2 1 0 0  aaaa99999888a6654729aaa879877797654686a353584
329407 1 36 3 9 1 0 1 0 0  aaaa99999888a6662739aaa879877797356585a546484
329411 1 36 3 9 1 2 1 0 0  aaaa99999888a6662739aaa879877797356485a446585
329423 1 36 3 9 3 2 1 0 0  aaaa99999888a6664729aaa879877797654685a353584
329441 1 36 3 10 0 2 1 0 0  aaaa99999888a6654279aaa879865497777686a353584
329443 1 36 3 10 1 0 1 0 0  aaaa99999888a6662379aaa879835697777585a546484
329447 1 36 3 10 1 2 1 0 0  aaaa99999888a6662379aaa879835697777485a446585
329459 1 36 3 10 3 2 1 0 0  aaaa99999888a6664279aaa879865497777685a353584
329475 1 36 4 0 0 1 1 0 0  aaaa99999888a7766379aaa839877697665524a545488
329477 1 36 4 0 0 2 1 0 0  aaaa99999888a7766279aaa859877697555636a444388
329502 1 36 4 0 5 0 0 0 0  aaaa99999888a7765279aaa859877597564436a364688
329503 1 36 4 0 5 0 1 0 0  aaaa99999888a7763579aaa859877397562456a464688
329545 1 36 4 2 0 0 1 0 0  aaaa99999888a7775379aaa869876397655426a644588
329574 1 36 4 2 5 0 0 0 0  aaaa99999888a7775279aaa859876597564436a364688
329575 1 36 4 2 5 0 1 0 0  aaaa99999888a7773579aaa859876397562456a464688
329580 1 36 4 3 0 0 0 0 0  aaaa99999888a7777279aaa869865597464365a365488
329584 1 36 4 3 0 2 0 0 0  aaaa99999888a7777379aaa869865397456465a456288
329585 1 36 4 3 0 2 1 0 0  aaaa99999888a7777379aaa869865397456265a456488
329617 1 36 4 4 0 0 1 0 0  aaaa99999888a7774279aaa879866497656556a354388
329619 1 36 4 4 0 1 1 0 0  aaaa99999888a7774279aaa879866497656536a554388
329621 1 36 4 4 0 2 1 0 0  aaaa99999888a7775279aaa879866597465663a435488
329646 1 36 4 4 5 0 0 0 0  aaaa99999888a7775279aaa879865597654463a634688
329647 1 36 4 4 5 0 1 0 0  aaaa99999888a7775279aaa879865597633465a644688
329658 1 36 4 5 1 0 0 0 0  aaaa99999888a7775669aaa829876697655745a434388
329676 1 36 4 5 4 0 0 0 0  aaaa99999888a7775629aaa869876697655745a434388
329682 1 36 4 5 5 0 0 0 0  aaaa99999888a7775269aaa869875597666745a434388
329703 1 36 4 6 2 1 1 0 0  aaaa99999888a7777639aaa869864297366754a555488
329713 1 36 4 6 4 0 1 0 0  aaaa99999888a7777669aaa829866697545754a345388
329719 1 36 4 6 5 0 1 0 0  aaaa99999888a7777629aaa869866697545754a345388
329737 1 36 4 7 2 0 1 0 0  aaaa99999888a7774629aaa869876497656557a354388
329739 1 36 4 7 2 1 1 0 0  aaaa99999888a7774629aaa869876497656537a554388
329741 1 36 4 7 2 2 1 0 0  aaaa99999888a7773659aaa869876397555427a464688
329773 1 36 4 8 2 0 1 0 0  aaaa99999888a7777629aaa869876597646554a345388
329775 1 36 4 8 2 1 1 0 0  aaaa99999888a7777629aaa869876597646534a545388
329777 1 36 4 8 2 2 1 0 0  aaaa99999888a7777639aaa869874697663524a555488
329802 1 36 4 9 1 0 0 0 0  aaaa99999888a6662749aaa879877797546554a356388
329803 1 36 4 9 1 0 1 0 0  aaaa99999888a6662759aaa879877797546554a346388
329807 1 36 4 9 1 2 1 0 0  aaaa99999888a6626759aaa879877797555636a444388
329809 1 36 4 9 2 0 1 0 0  aaaa99999888a6665729aaa879877797545654a346388
329814 1 36 4 9 3 0 0 0 0  aaaa99999888a6665729aaa879877797655645a434388
329821 1 36 4 9 4 0 1 0 0  aaaa99999888a6666729aaa879877797545654a345388
329838 1 36 4 10 1 0 0 0 0  aaaa99999888a6662479aaa879854697777554a356388
329839 1 36 4 10 1 0 1 0 0  aaaa99999888a6662579aaa879854697777554a346388
329843 1 36 4 10 1 2 1 0 0  aaaa99999888a6626579aaa879855597777636a444388
329845 1 36 4 10 2 0 1 0 0  aaaa99999888a6665279aaa879854597777654a346388
329850 1 36 4 10 3 0 0 0 0  aaaa99999888a6665279aaa879865597777645a434388
329857 1 36 4 10 4 0 1 0 0  aaaa99999888a6666279aaa879854597777654a345388
330049 1 36 5 5 0 0 1 0 0  aaaa99999887a8775389aaa879686397684276a655544
330053 1 36 5 5 0 2 1 0 0  aaaa99999887a8775289aaa879686597685476a644353
330121 1 36 5 7 0 0 1 0 0  aaaa99999887a8775389aaa879686396684276a575544
330125 1 36 5 7 0 2 1 0 0  aaaa99999887a8775289aaa879686596685476a474353
330269 1 36 6 0 0 2 1 0 0  aaaa99999888a7766379aaa869877397562854a546584
330339 1 36 6 2 0 1 1 0 0  aaaa99999888a7774379aaa869876397655826a654584
330341 1 36 6 2 0 2 1 0 0  aaaa99999888a7774379aaa869876397654826a654585
330456 1 36 6 5 2 0 0 0 0  aaaa99999888a7773649aaa869876397646855a547285
330458 1 36 6 5 2 1 0 0 0  aaaa99999888a7773649aaa869876397646854a527585
330460 1 36 6 5 2 2 0 0 0  aaaa99999888a7773629aaa869876397656845a447585
330499 1 36 6 6 3 0 1 0 0  aaaa99999888a7777669aaa859876695743856a543482
330595 1 36 6 9 1 0 1 0 0  aaaa99999888a6662739aaa879877797356855a546484
330605 1 36 6 9 2 2 1 0 0  aaaa99999888a6664729aaa879877797654865a353584
330623 1 36 6 9 5 2 1 0 0  aaaa99999888a3654729aaa879877797654865a653684
330631 1 36 6 10 1 0 1 0 0  aaaa99999888a6662379aaa879835697777855a546484
330641 1 36 6 10 2 2 1 0 0  aaaa99999888a6664279aaa879865497777865a353584
330659 1 36 6 10 5 2 1 0 0  aaaa99999888a3654279aaa879865497777865a653684
330667 1 36 7 0 1 0 1 0 0  aaaa99999888a8776729aaa869676397576585a543484
330738 1 36 7 2 1 0 0 0 0  aaaa99999888a8777729aaa869673695675484a534685
330898 1 36 7 6 3 2 0 0 0  aaaa99999888a8666729aaa879776495677584a535384
330906 1 36 7 6 5 0 0 0 0  aaaa99999888a8553729aaa879774496577685a666483
330924 1 36 7 7 2 0 0 0 0  aaaa99999888a8777629aaa869675495676585a347384
330925 1 36 7 7 2 0 1 0 0  aaaa99999888a8777639aaa869675293676585a547484
331109 1 36 8 1 2 2 1 0 0  aaaa99999888a7774779aaa869886697524356a563548
331129 1 36 8 2 0 0 1 0 0  aaaa99999888a7775379aaa869886397655476a644528
331133 1 36 8 2 0 2 1 0 0  aaaa99999888a7775279aaa869886597635476a644358
331200 1 36 8 4 0 0 0 0 0  aaaa99999888a7776279aaa879886697664553a454358
331201 1 36 8 4 0 0 1 0 0  aaaa99999888a7776279aaa879886697665553a435448
331202 1 36 8 4 0 1 0 0 0  aaaa99999888a7776279aaa879886697664555a435348
331203 1 36 8 4 0 1 1 0 0  aaaa99999888a7776279aaa879886697665543a535448
331204 1 36 8 4 0 2 0 0 0  aaaa99999888a7776279aaa879886697664543a555348
331205 1 36 8 4 0 2 1 0 0  aaaa99999888a7776279aaa879886697534656a534548
331224 1 36 8 4 4 0 0 0 0  aaaa99999888a7775279aaa879885597654643a666348
331225 1 36 8 4 4 0 1 0 0  aaaa99999888a7775279aaa879885597633645a666448
331230 1 36 8 4 5 0 0 0 0  aaaa99999888a7775279aaa879885597654463a634668
331231 1 36 8 4 5 0 1 0 0  aaaa99999888a7775279aaa879885597633465a644668
331242 1 36 8 5 1 0 0 0 0  aaaa99999888a7775669aaa829886697655745a434378
331260 1 36 8 5 4 0 0 0 0  aaaa99999888a7775629aaa869886697655745a434378
331266 1 36 8 5 5 0 0 0 0  aaaa99999888a7775269aaa869885597666745a434378
331279 1 36 8 6 1 0 1 0 0  aaaa99999888a7777669aaa829886697655745a435348
331297 1 36 8 6 4 0 1 0 0  aaaa99999888a7777629aaa869886697655745a435348
331303 1 36 8 6 5 0 1 0 0  aaaa99999888a7777269aaa869885597666745a435348
331308 1 36 8 7 0 0 0 0 0  aaaa99999888a7776669aaa829887697655475a435348
331319 1 36 8 7 1 2 1 0 0  aaaa99999888a7774629aaa869887697654375a653548
331326 1 36 8 7 3 0 0 0 0  aaaa99999888a7776629aaa869887697655475a435348
331350 1 36 8 8 1 0 0 0 0  aaaa99999888a7777669aaa829886697655475a435348
331368 1 36 8 8 4 0 0 0 0  aaaa99999888a7777629aaa869886697655475a435348
331374 1 36 8 8 5 0 0 0 0  aaaa99999888a7777269aaa869885597666475a435348
331387 1 36 8 9 1 0 1 0 0  aaaa99999888a6665779aaa829884697777554a346358
331389 1 36 8 9 1 1 1 0 0  aaaa99999888a6665779aaa829884697777354a536458
331391 1 36 8 9 1 2 1 0 0  aaaa99999888a6626779aaa849884497777656a533558
331393 1 36 8 9 2 0 1 0 0  aaaa99999888a6665779aaa829885597777645a436348
331398 1 36 8 9 3 0 0 0 0  aaaa99999888a6665779aaa829885597777645a434368
331405 1 36 8 9 4 0 1 0 0  aaaa99999888a6666779aaa829885597777645a435348
331423 1 36 8 10 1 0 1 0 0  aaaa99999888a6665279aaa879884697777554a346358
331425 1 36 8 10 1 1 1 0 0  aaaa99999888a6665279aaa879884697777354a536458
331427 1 36 8 10 1 2 1 0 0  aaaa99999888a6626479aaa879884497777656a533558
331429 1 36 8 10 2 0 1 0 0  aaaa99999888a6665279aaa879885597777645a436348
331434 1 36 8 10 3 0 0 0 0  aaaa99999888a6665279aaa879885597777645a434368
331441 1 36 8 10 4 0 1 0 0  aaaa99999888a6666279aaa879885597777645a435348
331453 1 36 9 0 0 0 1 0 0  aaaa99999888a7766379aaa869877397865554a246458
331455 1 36 9 0 0 1 1 0 0  aaaa99999888a7766379aaa869877397865254a546458
331457 1 36 9 0 0 2 1 0 0  aaaa99999888a7766279aaa849877697844656a533558
331476 1 36 9 0 4 0 0 0 0  aaaa99999888a7765279aaa859877597854643a666348
331477 1 36 9 0 4 0 1 0 0  aaaa99999888a7763579aaa859877397852645a666448
331525 1 36 9 2 0 0 1 0 0  aaaa99999888a7776379aaa869876397856556a452448
331597 1 36 9 4 0 0 1 0 0  aaaa99999888a7774379aaa879866397864665a554258
331626 1 36 9 4 5 0 0 0 0  aaaa99999888a7775279aaa879865597854463a634668
331627 1 36 9 4 5 0 1 0 0  aaaa99999888a7775279aaa879865597833465a644668
331666 1 36 9 5 5 2 0 0 0  aaaa99999888a7775339aaa829876597865746a464658
331681 1 36 9 6 2 0 1 0 0  aaaa99999888a7777629aaa869865597866745a435348
331693 1 36 9 6 4 0 1 0 0  aaaa99999888a7777669aaa829866697855745a435348
331699 1 36 9 6 5 0 1 0 0  aaaa99999888a7777629aaa869866697855745a435348
331711 1 36 9 7 1 0 1 0 0  aaaa99999888a7776629aaa869876397856557a453448
331738 1 36 9 7 5 2 0 0 0  aaaa99999888a7776449aaa829847697856375a356568
331739 1 36 9 7 5 2 1 0 0  aaaa99999888a7776429aaa849847697856375a356568
331747 1 36 9 8 1 0 1 0 0  aaaa99999888a7777629aaa869876597846554a346358
331749 1 36 9 8 1 1 1 0 0  aaaa99999888a7777629aaa869876597846354a536458
331751 1 36 9 8 1 2 1 0 0  aaaa99999888a7777639aaa869872697863546a555448
331774 1 36 9 8 5 2 0 0 0  aaaa99999888a7777649aaa869866697842574a555338
331775 1 36 9 8 5 2 1 0 0  aaaa99999888a7777649aaa869866697844572a555338
331783 1 36 9 9 1 0 1 0 0  aaaa99999888a6665729aaa879877797846554a346358
331785 1 36 9 9 1 1 1 0 0  aaaa99999888a6665729aaa879877797846354a536458
331787 1 36 9 9 1 2 1 0 0  aaaa99999888a6626749aaa879877797844656a533558
331789 1 36 9 9 2 0 1 0 0  aaaa99999888a6665729aaa879877797855645a436348
331794 1 36 9 9 3 0 0 0 0  aaaa99999888a6665729aaa879877797855645a434368
331801 1 36 9 9 4 0 1 0 0  aaaa99999888a6666729aaa879877797855645a435348
331849 1 36 10 0 0 0 1 0 0  aaaa99999888a8776279aaa869787696755645a435348
331878 1 36 10 0 5 0 0 0 0  aaaa99999888a8775279aaa859787596754643a666348
331879 1 36 10 0 5 0 1 0 0  aaaa99999888a8773579aaa859787396752645a666448
331921 1 36 10 2 0 0 1 0 0  aaaa99999888a8777379aaa869687394762655a454658
331950 1 36 10 2 5 0 0 0 0  aaaa99999888a8777279aaa859687596754643a665348
331951 1 36 10 2 5 0 1 0 0  aaaa99999888a8777579aaa859687396753645a662448
331993 1 36 10 4 0 0 1 0 0  aaaa99999888a8777379aaa879686396756556a452448
332022 1 36 10 4 5 0 0 0 0  aaaa99999888a8777279aaa879685596754643a665348
332023 1 36 10 4 5 0 1 0 0  aaaa99999888a8777279aaa879685596733645a665448
332098 1 36 10 6 5 2 0 0 0  aaaa99999888a8544739aaa879787296737654a666558
332112 1 36 10 7 2 0 0 0 0  aaaa99999888a8777629aaa869687395766554a447538
332113 1 36 10 7 2 0 1 0 0  aaaa99999888a8777659aaa869687295766553a437448
332114 1 36 10 7 2 1 0 0 0  aaaa99999888a8777629aaa869687495766555a437348
332115 1 36 10 7 2 1 1 0 0  aaaa99999888a8777659aaa869687295766543a537448
332116 1 36 10 7 2 2 0 0 0  aaaa99999888a8777629aaa869687495766543a557348
332117 1 36 10 7 2 2 1 0 0  aaaa99999888a8777639aaa869587696763542a557448
332247 1 36 11 0 0 1 1 0 0  aaaa99999888a8877739aaa869647297637645a555648
332352 1 36 11 3 0 0 0 0 0  aaaa99999888a8866779aaa829777696567554a453438
332353 1 36 11 3 0 0 1 0 0  aaaa99999888a8866779aaa829777696567553a435448
332355 1 36 11 3 0 1 1 0 0  aaaa99999888a8866779aaa829777696467555a435348
332357 1 36 11 3 0 2 1 0 0  aaaa99999888a8866779aaa829777696467543a555348
332383 1 36 11 3 5 0 1 0 0  aaaa99999888a8855779aaa829777596457643a666348
332425 1 36 11 5 0 0 1 0 0  aaaa99999888a8866759aaa879766395776754a543428
332428 1 36 11 5 0 2 0 0 0  aaaa99999888a8866729aaa879766495776743a555348
332429 1 36 11 5 0 2 1 0 0  aaaa99999888a8866749aaa879766294774753a536558
332455 1 36 11 5 5 0 1 0 0  aaaa99999888a8855749aaa879765294774763a635668
332460 1 36 11 6 0 0 0 0 0  aaaa99999888a8866729aaa879774695577656a453438
332461 1 36 11 6 0 0 1 0 0  aaaa99999888a8866729aaa879773695577656a435448
332465 1 36 11 6 0 2 1 0 0  aaaa99999888a8866729aaa879773695477646a555348
332491 1 36 11 6 5 0 1 0 0  aaaa99999888a8855729aaa879773596477645a666348
332494 1 36 11 6 5 2 0 0 0  aaaa99999888a8844729aaa879773396577654a666558
332654 1 36 12 0 2 1 0 0 0  aaaa99999888a8773769aaa869676397672545a545488
332656 1 36 12 0 2 2 0 0 0  aaaa99999888a8775769aaa869676597675442a345388
332660 1 36 12 0 3 1 0 0 0  aaaa99999888a8773769aaa869676397474652a555488
332713 1 36 12 2 0 0 1 0 0  aaaa99999888a8777729aaa869675594675635a344688
332717 1 36 12 2 0 2 1 0 0  aaaa99999888a8777739aaa869674295673564a565488
332728 1 36 12 2 2 2 0 0 0  aaaa99999888a8777769aaa869676395673544a545288
332771 1 36 12 3 3 2 1 0 0  aaaa99999888a8666779aaa839777395647526a545488
332779 1 36 12 3 5 0 1 0 0  aaaa99999888a8545779aaa829777596547634a666388
332797 1 36 12 4 2 0 1 0 0  aaaa99999888a8777729aaa879676696545654a345388
332831 1 36 12 5 1 2 1 0 0  aaaa99999888a8777669aaa839676395746527a545488
332833 1 36 12 5 2 0 1 0 0  aaaa99999888a8777629aaa869675594766437a345588
332836 1 36 12 5 2 2 0 0 0  aaaa99999888a8777629aaa869674495766537a554388
332837 1 36 12 5 2 2 1 0 0  aaaa99999888a8777629aaa869673395766547a455488
332860 1 36 12 6 0 2 0 0 0  aaaa99999888a8663769aaa879776395677544a545288
332872 1 36 12 6 2 2 0 0 0  aaaa99999888a8666729aaa879774495677563a554388
332875 1 36 12 6 3 0 1 0 0  aaaa99999888a8666759aaa879776295677553a444388
332876 1 36 12 6 3 1 0 0 0  aaaa99999888a8666729aaa879776495677555a434388
332877 1 36 12 6 3 1 1 0 0  aaaa99999888a8666759aaa879776395677524a543488
332878 1 36 12 6 3 2 0 0 0  aaaa99999888a8666729aaa879774495677536a554388
332879 1 36 12 6 3 2 1 0 0  aaaa99999888a8666729aaa879773395677546a455488
332880 1 36 12 6 4 0 0 0 0  aaaa99999888a8553769aaa879774496577625a663488
332886 1 36 12 6 5 0 0 0 0  aaaa99999888a8554729aaa879774496577635a666388
332887 1 36 12 6 5 0 1 0 0  aaaa99999888a8545729aaa879774596577634a666388
332889 1 36 12 6 5 1 1 0 0  aaaa99999888a8555739aaa879774296377654a666488
332890 1 36 12 6 5 2 0 0 0  aaaa99999888a8544729aaa879773396577654a666588
332902 1 36 12 7 1 2 0 0 0  aaaa99999888a8777669aaa849676495476533a557288
332903 1 36 12 7 1 2 1 0 0  aaaa99999888a8777669aaa839676395476542a557488
332905 1 36 12 7 2 0 1 0 0  aaaa99999888a8777659aaa869674295676554a347388
332907 1 36 12 7 2 1 1 0 0  aaaa99999888a8777659aaa869674295676534a547388
332909 1 36 12 7 2 2 1 0 0  aaaa99999888a8777639aaa869574696673524a557488
332917 1 36 12 7 4 0 1 0 0  aaaa99999888a8777669aaa849676695474552a337588
332923 1 36 12 7 5 0 1 0 0  aaaa99999888a8777649aaa869676695474552a337588
333107 1 36 13 1 5 2 1 0 0  aaaa99999887a8877289aaa879765493684765a653645
333227 1 36 13 5 1 2 1 0 0  aaaa99999887a8877689aaa879662497584357a563546
333289 1 36 13 7 0 0 1 0 0  aaaa99999887a8877489aaa879664496586267a557335
333867 1 36 15 1 0 1 1 0 0  aaaa99999887a8774389aaa879788396654762a564556
333868 1 36 15 1 0 2 0 0 0  aaaa99999887a8775289aaa879788596635763a464456
334081 1 36 15 7 0 0 1 0 0  aaaa99999887a8776289aaa879688696655475a474353
334264 1 36 16 1 0 2 0 0 0  aaaa99999887a8776289aaa879786696564854a537354
334289 1 36 16 1 4 2 1 0 0  aaaa99999887a8774289aaa879785496666865a357534
334295 1 36 16 1 5 2 1 0 0  aaaa99999887a8774289aaa879785493653865a657664
334407 1 36 16 5 0 1 1 0 0  aaaa99999887a8774289aaa879686497363875a655564
334409 1 36 16 5 0 2 1 0 0  aaaa99999887a8774289aaa879686497363875a654565
334414 1 36 16 5 1 2 0 0 0  aaaa99999887a8774689aaa879686397653875a652445
334435 1 36 16 5 5 0 1 0 0  aaaa99999887a8775289aaa879586597364876a564634
334477 1 36 16 7 0 0 1 0 0  aaaa99999887a8775289aaa879686496655876a374534
334547 1 36 16 8 5 2 1 0 0  aaaa99999887a8777289aaa879685496354875a666534
334595 1 36 16 10 1 2 1 0 0  aaaa99999887a8666289aaa879685497777835a654534
334691 1 36 17 1 5 2 1 0 0  aaaa99999887a8877289aaa879768493654765a653645
334803 1 36 17 5 0 1 1 0 0  aaaa99999887a8877289aaa879668597633547a565446
334805 1 36 17 5 0 2 1 0 0  aaaa99999887a8877289aaa879668497564367a563554
334873 1 36 17 7 0 0 1 0 0  aaaa99999887a8877289aaa879668596565467a447533
335171 1 36 18 4 1 2 1 0 0  aaaa99999882a8884789aaa879766696754375a653745
335602 1 36 19 5 1 2 0 0 0  aaaa99999888a8777629aaa869687495786574a535364
335626 1 36 19 5 5 2 0 0 0  aaaa99999888a8777339aaa829687596785674a665445
335647 1 36 19 6 3 0 1 0 0  aaaa99999888a8666729aaa879787495787565a364534
335671 1 36 19 7 1 0 1 0 0  aaaa99999888a8777659aaa869687395786554a247463
335672 1 36 19 7 1 1 0 0 0  aaaa99999888a8777629aaa869687495786555a347364
335673 1 36 19 7 1 1 1 0 0  aaaa99999888a8777659aaa869687395786524a547463
335674 1 36 19 7 1 2 0 0 0  aaaa99999888a8777629aaa869687495786534a557364
335675 1 36 19 7 1 2 1 0 0  aaaa99999888a8777639aaa869287696783654a547554
335698 1 36 19 7 5 2 0 0 0  aaaa99999888a8777449aaa829684796785637a665355
335699 1 36 19 7 5 2 1 0 0  aaaa99999888a8777429aaa849684796785637a665355
335794 1 36 19 10 3 2 0 0 0  aaaa99999888a8666549aaa859785597684736a777342
335795 1 36 19 10 3 2 1 0 0  aaaa99999888a8666539aaa859785597683746a777442
335809 1 36 20 0 0 0 1 0 0  aaaa99999888a8877279aaa869768796473565a563445
336385 1 36 21 5 0 0 1 0 0  aaaa99999888a8885729aaa879766496774736a655534
336456 1 36 21 7 0 0 0 0 0  aaaa99999888a8884779aaa869776396553756a644725
337213 1 37 0 6 0 0 1 0 0  aaaa99988787a9787289aaa879866479656556a354934
337215 1 37 0 6 0 1 1 0 0  aaaa99988787a9787289aaa879866479656536a554934
337217 1 37 0 6 0 2 1 0 0  aaaa99988787a9787289aaa879866579365664a345954
337242 1 37 0 6 5 0 0 0 0  aaaa99988787a9787289aaa879865579654364a635964
337243 1 37 0 6 5 0 1 0 0  aaaa99988787a9787289aaa879865579635465a644963
337247 1 37 0 6 5 2 1 0 0  aaaa99988787a9787289aaa879865479654365a653964
337249 1 37 0 7 0 0 1 0 0  aaaa99988787a9785789aaa869865579364265a764934
337319 1 37 0 8 5 2 1 0 0  aaaa99988787a9787789aaa829865479654365a653964
337465 1 37 1 2 0 0 1 0 0  aaaa99988888a9777759aaa869673469574568a564923
337469 1 37 1 2 0 2 1 0 0  aaaa99988888a9777739aaa869672569375468a464955
337523 1 37 1 3 3 2 1 0 0  aaaa99988888a9666779aaa839777579635248a465945
337543 1 37 1 4 1 0 1 0 0  aaaa99988888a9777729aaa879676669554658a354934
337583 1 37 1 5 1 2 1 0 0  aaaa99988888a9777669aaa839676569735248a475945
337585 1 37 1 5 2 0 1 0 0  aaaa99988888a9777659aaa869675569765438a474932
337587 1 37 1 5 2 1 1 0 0  aaaa99988888a9777659aaa869673569765248a475943
337588 1 37 1 5 2 2 0 0 0  aaaa99988888a9777649aaa869674569746338a275955
337589 1 37 1 5 2 2 1 0 0  aaaa99988888a9777639aaa869576469736528a575944
337627 1 37 1 6 3 0 1 0 0  aaaa99988888a9666729aaa879776479674558a353954
337629 1 37 1 6 3 1 1 0 0  aaaa99988888a9666729aaa879776479674558a355934
337631 1 37 1 6 3 2 1 0 0  aaaa99988888a9666729aaa879776479674538a555934
337649 1 37 1 7 0 2 1 0 0  aaaa99988888a9777669aaa849674469573258a567953
337656 1 37 1 7 2 0 0 0 0  aaaa99988888a9777629aaa869675569675348a357944
337657 1 37 1 7 2 0 1 0 0  aaaa99988888a9777629aaa869675469674558a357934
337658 1 37 1 7 2 1 0 0 0  aaaa99988888a9777649aaa869673469674528a557953
337659 1 37 1 7 2 1 1 0 0  aaaa99988888a9777629aaa869675469674538a557934
337660 1 37 1 7 2 2 0 0 0  aaaa99988888a9777629aaa869674569675438a347955
337661 1 37 1 7 2 2 1 0 0  aaaa99988888a9777629aaa869576469674538a557934
337669 1 37 1 7 4 0 1 0 0  aaaa99988888a9777669aaa829676659475548a437953
337675 1 37 1 7 5 0 1 0 0  aaaa99988888a9777629aaa869676659475548a437953
337859 1 37 2 1 5 2 1 0 0  aaaa99954888a9777779aaa869275469666835a858934
337927 1 37 2 3 5 0 1 0 0  aaaa99965888a9565779aaa829777479564836a868934
337933 1 37 2 4 0 0 1 0 0  aaaa99966888a9777739aaa879676459356852a858944
337945 1 37 2 4 2 0 1 0 0  aaaa99965888a9777739aaa879676659365854a848924
337951 1 37 2 4 3 0 1 0 0  aaaa99964888a9777739aaa879676659356852a858944
337961 1 37 2 4 4 2 1 0 0  aaaa99954888a9777769aaa879275469656836a858934
337967 1 37 2 4 5 2 1 0 0  aaaa99954888a9777769aaa879275469666835a858934
337981 1 37 2 5 2 0 1 0 0  aaaa99975888a9777629aaa869675569764833a858944
337983 1 37 2 5 2 1 1 0 0  aaaa99974888a9777629aaa869675569764835a858934
338016 1 37 2 6 2 0 0 0 0  aaaa99955888a9666749aaa879775479674863a838952
338023 1 37 2 6 3 0 1 0 0  aaaa99965888a9666729aaa879775579674833a858944
338025 1 37 2 6 3 1 1 0 0  aaaa99964888a9666729aaa879775579674835a858934
338035 1 37 2 6 5 0 1 0 0  aaaa99965888a9565729aaa879776479574836a868934
338055 1 37 2 7 2 1 1 0 0  aaaa99974888a9777629aaa869675569657833a858944
338057 1 37 2 7 2 2 1 0 0  aaaa99974888a9777629aaa869675469657835a858934
338065 1 37 2 7 4 0 1 0 0  aaaa99974888a9777669aaa839676659357852a858944
338071 1 37 2 7 5 0 1 0 0  aaaa99974888a9777639aaa869676659357852a858944
338113 1 37 2 9 0 0 1 0 0  aaaa99966888a9664779aaa839777759356852a858944
338149 1 37 2 10 0 0 1 0 0  aaaa99966888a9664739aaa879777759356852a858944
338189 1 37 3 0 0 2 1 0 0  aaaa99988888a9775729aaa869876579675436a644935
338191 1 37 3 0 1 0 1 0 0  aaaa99988888a9774729aaa869876679674565a533945
338261 1 37 3 2 0 2 1 0 0  aaaa99988888a9777729aaa869876569475363a465945
338310 1 37 3 3 3 0 0 0 0  aaaa99988888a9666779aaa829877779655436a354954
338311 1 37 3 3 3 0 1 0 0  aaaa99988888a9666779aaa849877779644556a353952
338327 1 37 3 3 5 2 1 0 0  aaaa99988888a9654779aaa829877779654365a653964
338369 1 37 3 5 0 2 1 0 0  aaaa99988888a9777669aaa839876569735247a465945
338370 1 37 3 5 1 0 0 0 0  aaaa99988888a9777669aaa829876669755437a354954
338371 1 37 3 5 1 0 1 0 0  aaaa99988888a9777669aaa849876669744557a353952
338388 1 37 3 5 4 0 0 0 0  aaaa99988888a9777629aaa869876669755437a354954
338389 1 37 3 5 4 0 1 0 0  aaaa99988888a9777649aaa869876669744557a353952
338394 1 37 3 5 5 0 0 0 0  aaaa99988888a9777269aaa869875569766437a354954
338395 1 37 3 5 5 0 1 0 0  aaaa99988888a9777469aaa869874469766557a353952
338435 1 37 3 6 5 2 1 0 0  aaaa99988888a9654729aaa879877479657365a653964
338442 1 37 3 7 1 0 0 0 0  aaaa99988888a9777669aaa829876669575453a437945
338443 1 37 3 7 1 0 1 0 0  aaaa99988888a9777669aaa849876669474553a257953
338449 1 37 3 7 2 0 1 0 0  aaaa99988888a9777629aaa869876469674355a537945
338452 1 37 3 7 2 2 0 0 0  aaaa99988888a9777629aaa869876569675344a437955
338455 1 37 3 7 3 0 1 0 0  aaaa99988888a9777669aaa829876659475546a437953
338460 1 37 3 7 4 0 0 0 0  aaaa99988888a9777629aaa869876669575453a437945
338461 1 37 3 7 4 0 1 0 0  aaaa99988888a9777649aaa869876669474553a257953
338466 1 37 3 7 5 0 0 0 0  aaaa99988888a9777269aaa869875569676435a347954
338467 1 37 3 7 5 0 1 0 0  aaaa99988888a9777469aaa869874469676553a257953
338526 1 37 3 9 3 0 0 0 0  aaaa99988888a9666729aaa879877779655436a354954
338527 1 37 3 9 3 0 1 0 0  aaaa99988888a9666749aaa879877779644556a353952
338543 1 37 3 9 5 2 1 0 0  aaaa99988888a9654729aaa879877779654365a653964
338562 1 37 3 10 3 0 0 0 0  aaaa99988888a9666279aaa879865579777436a354954
338563 1 37 3 10 3 0 1 0 0  aaaa99988888a9666479aaa879864479777556a353952
338579 1 37 3 10 5 2 1 0 0  aaaa99988888a9654279aaa879865479777365a653964
338653 1 37 4 2 0 0 1 0 0  aaaa99978888a9777729aaa869876469554365a563984
338659 1 37 4 2 1 0 1 0 0  aaaa99978888a9777739aaa869876669553652a444985
338706 1 37 4 3 3 0 0 0 0  aaaa99968888a9666779aaa829877779655435a345984
338707 1 37 4 3 3 0 1 0 0  aaaa99968888a9666779aaa849877779644525a533985
338719 1 37 4 3 5 0 1 0 0  aaaa99968888a9565779aaa839877779563426a464985
338723 1 37 4 3 5 2 1 0 0  aaaa99968888a9564779aaa829877779564356a563984
338766 1 37 4 5 1 0 0 0 0  aaaa99978888a9777669aaa829876669755435a345984
338767 1 37 4 5 1 0 1 0 0  aaaa99978888a9777669aaa849876669744525a533985
338772 1 37 4 5 2 0 0 0 0  aaaa99978888a9777649aaa869876369746525a543985
338773 1 37 4 5 2 0 1 0 0  aaaa99978888a9777629aaa869876369756455a544983
338775 1 37 4 5 2 1 1 0 0  aaaa99978888a9777629aaa869876369756555a444983
338777 1 37 4 5 2 2 1 0 0  aaaa99978888a9777639aaa869874669763524a555984
338784 1 37 4 5 4 0 0 0 0  aaaa99978888a9777629aaa869876669755435a345984
338785 1 37 4 5 4 0 1 0 0  aaaa99978888a9777649aaa869876669744525a533985
338790 1 37 4 5 5 0 0 0 0  aaaa99978888a9777269aaa869875569766435a345984
338791 1 37 4 5 5 0 1 0 0  aaaa99978888a9777469aaa869874469766525a533985
338814 1 37 4 6 3 0 0 0 0  aaaa99968888a9666749aaa879877379647525a543985
338815 1 37 4 6 3 0 1 0 0  aaaa99968888a9666729aaa879877379657455a544983
338817 1 37 4 6 3 1 1 0 0  aaaa99968888a9666729aaa879877379657555a444983
338819 1 37 4 6 3 2 1 0 0  aaaa99968888a9666749aaa879877279447563a555983
338826 1 37 4 6 5 0 0 0 0  aaaa99968888a9565729aaa879877579567436a364984
338827 1 37 4 6 5 0 1 0 0  aaaa99968888a9565739aaa879877579367456a464982
338831 1 37 4 6 5 2 1 0 0  aaaa99968888a9564729aaa879877479567356a563984
338836 1 37 4 7 0 2 0 0 0  aaaa99978888a9777669aaa849876469427533a555986
338837 1 37 4 7 0 2 1 0 0  aaaa99978888a9777669aaa849876269447533a555986
338844 1 37 4 7 2 0 0 0 0  aaaa99978888a9777649aaa869876369647525a543985
338845 1 37 4 7 2 0 1 0 0  aaaa99978888a9777629aaa869876369657455a544983
338847 1 37 4 7 2 1 1 0 0  aaaa99978888a9777629aaa869876369657555a444983
338849 1 37 4 7 2 2 1 0 0  aaaa99978888a9777629aaa869874669647533a555984
338862 1 37 4 7 5 0 0 0 0  aaaa99978888a9777269aaa869875569667435a345984
338863 1 37 4 7 5 0 1 0 0  aaaa99978888a9777469aaa869874469667525a533985
338922 1 37 4 9 3 0 0 0 0  aaaa99968888a9666729aaa879877779655435a345984
338923 1 37 4 9 3 0 1 0 0  aaaa99968888a9666749aaa879877779644525a533985
338935 1 37 4 9 5 0 1 0 0  aaaa99968888a9565739aaa879877779563426a464985
338939 1 37 4 9 5 2 1 0 0  aaaa99968888a9564729aaa879877779564356a563984
338958 1 37 4 10 3 0 0 0 0  aaaa99968888a9666279aaa879865579777435a345984
338959 1 37 4 10 3 0 1 0 0  aaaa99968888a9666479aaa879864479777525a533985
338971 1 37 4 10 5 0 1 0 0  aaaa99968888a9565379aaa879856379777426a464985
338975 1 37 4 10 5 2 1 0 0  aaaa99968888a9564279aaa879856479777356a563984
339011 1 37 5 0 5 2 1 0 0  aaaa99977887a9874789aaa829865789654365a653964
339043 1 37 5 1 5 0 1 0 0  aaaa99965887a9877289aaa879876489565376a563944
339047 1 37 5 1 5 2 1 0 0  aaaa99965887a9877289aaa879876589365476a464935
339229 1 37 5 7 0 0 1 0 0  aaaa99974887a9877289aaa879866489656556a357934
339231 1 37 5 7 0 1 1 0 0  aaaa99974887a9877289aaa879866489656536a557934
339232 1 37 5 7 0 2 0 0 0  aaaa99975887a9877289aaa879866589646436a347955
339233 1 37 5 7 0 2 1 0 0  aaaa99975887a9877289aaa879866589365664a347954
339234 1 37 5 7 1 0 0 0 0  aaaa99974887a9877689aaa879866289656545a537943
339258 1 37 5 7 5 0 0 0 0  aaaa99975887a9877289aaa879865589654364a637964
339259 1 37 5 7 5 0 1 0 0  aaaa99975887a9877389aaa879865389655264a647964
339263 1 37 5 7 5 2 1 0 0  aaaa99974887a9877389aaa879865389654265a657964
339274 1 37 5 8 1 2 0 0 0  aaaa99954887a9853789aaa879877389666675a644925
339292 1 37 5 8 4 2 0 0 0  aaaa99954887a9853789aaa879877389644675a666925
339296 1 37 5 8 5 1 0 0 0  aaaa99965887a9864789aaa879877389464576a565932
339356 1 37 5 10 3 1 0 0 0  aaaa99975886a9874689aaa869867389474567a575932
339367 1 37 5 10 5 0 1 0 0  aaaa99975885a9875289aaa859867489674367a673964
339371 1 37 5 10 5 2 1 0 0  aaaa99975884a9875289aaa849867589674367a673965
339497 1 37 6 3 2 2 1 0 0  aaaa99958888a9666779aaa829877779654865a354934
339571 1 37 6 5 3 0 1 0 0  aaaa99978888a9777669aaa829876659754856a354934
339605 1 37 6 6 2 2 1 0 0  aaaa99958888a9666729aaa879877479657865a354934
339616 1 37 6 6 4 2 0 0 0  aaaa99958888a9664729aaa879877379657865a644935
339630 1 37 6 7 1 0 0 0 0  aaaa99978888a9777669aaa829876669557854a354934
339631 1 37 6 7 1 0 1 0 0  aaaa99978888a9777669aaa839876669537855a254944
339648 1 37 6 7 4 0 0 0 0  aaaa99978888a9777629aaa869876669557854a354934
339649 1 37 6 7 4 0 1 0 0  aaaa99978888a9777639aaa869876669537855a254944
339713 1 37 6 9 2 2 1 0 0  aaaa99958888a9666729aaa879877779654865a354934
339749 1 37 6 10 2 2 1 0 0  aaaa99958888a9666279aaa879865479777865a354934
339769 1 37 7 0 0 0 1 0 0  aaaa99988888a9877729aaa869657579647654a335964
339771 1 37 7 0 0 1 1 0 0  aaaa99988888a9877729aaa869637379647654a555964
339775 1 37 7 0 1 0 1 0 0  aaaa99988888a9877729aaa869667479567556a354934
339877 1 37 7 3 0 0 1 0 0  aaaa99988888a9866779aaa839777679663455a544925
339949 1 37 7 5 0 0 1 0 0  aaaa99988888a9866729aaa879766479756535a574934
339955 1 37 7 5 1 0 1 0 0  aaaa99988888a9855739aaa879766679735665a274944
339965 1 37 7 5 2 2 1 0 0  aaaa99988888a9854729aaa879766679754365a673945
340011 1 37 7 6 4 1 1 0 0  aaaa99988888a9855729aaa879775479674635a666934
340172 1 37 8 0 1 1 0 0 0  aaaa99958888a9774279aaa869887769763655a644935
340235 1 37 8 1 5 2 1 0 0  aaaa99968888a9777779aaa829886549765446a365935
340266 1 37 8 2 5 0 0 0 0  aaaa99978888a9777279aaa859886559764346a365946
340267 1 37 8 2 5 0 1 0 0  aaaa99978888a9777579aaa859886359763546a462946
340289 1 37 8 3 2 2 1 0 0  aaaa99958888a9666729aaa879887779654765a354934
340308 1 37 8 4 0 0 0 0 0  aaaa99958888a9777279aaa879886669764545a536943
340309 1 37 8 4 0 0 1 0 0  aaaa99958888a9777279aaa879886669764355a536944
340311 1 37 8 4 0 1 1 0 0  aaaa99958888a9777279aaa879886669764555a336944
340312 1 37 8 4 0 2 0 0 0  aaaa99958888a9777279aaa879886669764345a356945
340313 1 37 8 4 0 2 1 0 0  aaaa99948888a9777279aaa879886659746555a663934
340337 1 37 8 4 4 2 1 0 0  aaaa99958888a9777279aaa879885469756666a354934
340341 1 37 8 4 5 1 1 0 0  aaaa99968888a9777279aaa879886459765556a364934
340342 1 37 8 4 5 2 0 0 0  aaaa99968888a9777279aaa879886549765436a465935
340343 1 37 8 4 5 2 1 0 0  aaaa99968888a9777279aaa879886549765446a365935
340391 1 37 8 6 1 2 1 0 0  aaaa99958888a9666729aaa879887779754665a354934
340392 1 37 8 6 2 0 0 0 0  aaaa99958888a9666729aaa879887779755364a635944
340393 1 37 8 6 2 0 1 0 0  aaaa99958888a9666729aaa879887779755463a644953
340397 1 37 8 6 2 2 1 0 0  aaaa99958888a9666729aaa879887779754365a653944
340409 1 37 8 6 4 2 1 0 0  aaaa99958888a9654729aaa879887779754635a666934
340413 1 37 8 6 5 1 1 0 0  aaaa99968888a9564729aaa879887779764536a565934
340415 1 37 8 6 5 2 1 0 0  aaaa99968888a9564729aaa879887779764356a563954
340416 1 37 8 7 0 0 0 0 0  aaaa99978888a9777669aaa829886769755345a365944
340417 1 37 8 7 0 0 1 0 0  aaaa99978888a9777669aaa829886769754535a564934
340434 1 37 8 7 3 0 0 0 0  aaaa99978888a9777629aaa869886769755345a365944
340435 1 37 8 7 3 0 1 0 0  aaaa99978888a9777629aaa869886769754535a564934
340470 1 37 8 8 3 0 0 0 0  aaaa99978888a9666729aaa879887779655436a354954
340471 1 37 8 8 3 0 1 0 0  aaaa99978888a9666749aaa879887779644556a353952
340487 1 37 8 8 5 2 1 0 0  aaaa99978888a9654729aaa879887779654365a653964
340499 1 37 8 9 1 2 1 0 0  aaaa99958888a9666779aaa829885479777665a354934
340500 1 37 8 9 2 0 0 0 0  aaaa99958888a9666779aaa829885579777364a635944
340501 1 37 8 9 2 0 1 0 0  aaaa99958888a9666779aaa829885579777463a644953
340505 1 37 8 9 2 2 1 0 0  aaaa99958888a9666779aaa829885479777365a653944
340517 1 37 8 9 4 2 1 0 0  aaaa99958888a9654779aaa829885479777635a666934
340521 1 37 8 9 5 1 1 0 0  aaaa99968888a9564779aaa829886479777536a565934
340523 1 37 8 9 5 2 1 0 0  aaaa99968888a9564779aaa829886479777356a563954
340535 1 37 8 10 1 2 1 0 0  aaaa99958888a9666279aaa879885479777665a354934
340536 1 37 8 10 2 0 0 0 0  aaaa99958888a9666279aaa879885579777364a635944
340537 1 37 8 10 2 0 1 0 0  aaaa99958888a9666279aaa879885579777463a644953
340541 1 37 8 10 2 2 1 0 0  aaaa99958888a9666279aaa879885479777365a653944
340553 1 37 8 10 4 2 1 0 0  aaaa99958888a9654279aaa879885479777635a666934
340557 1 37 8 10 5 1 1 0 0  aaaa99968888a9564279aaa879886479777536a565934
340559 1 37 8 10 5 2 1 0 0  aaaa99968888a9564279aaa879886479777356a563954
340561 1 37 9 0 0 0 1 0 0  aaaa99968888a9774729aaa869876489677565a533945
340568 1 37 9 0 1 1 0 0 0  aaaa99958888a9774729aaa869876689677564a553934
340570 1 37 9 0 1 2 0 0 0  aaaa99958888a9773729aaa869876689677465a453945
340631 1 37 9 1 5 2 1 0 0  aaaa99968888a9777779aaa829876489564356a563954
340692 1 37 9 3 4 0 0 0 0  aaaa99958888a9647729aaa879877389557644a666953
340739 1 37 9 4 5 2 1 0 0  aaaa99968888a9777729aaa879876489564356a563954
340747 1 37 9 5 1 0 1 0 0  aaaa99978888a9777629aaa869876489756355a536944
340749 1 37 9 5 1 1 1 0 0  aaaa99978888a9777629aaa869876489756555a336944
340750 1 37 9 5 1 2 0 0 0  aaaa99978888a9777629aaa869876489756345a356945
340751 1 37 9 5 1 2 1 0 0  aaaa99978888a9777629aaa869876589745636a345954
340757 1 37 9 5 2 2 1 0 0  aaaa99978888a9777639aaa869876589735246a465945
340758 1 37 9 5 3 0 0 0 0  aaaa99978888a9777669aaa829876689755436a354954
340759 1 37 9 5 3 0 1 0 0  aaaa99978888a9777669aaa849876689744556a353952
340764 1 37 9 5 4 0 0 0 0  aaaa99978888a9777629aaa869876689755436a354954
340765 1 37 9 5 4 0 1 0 0  aaaa99978888a9777649aaa869876689744556a353952
340774 1 37 9 5 5 2 0 0 0  aaaa99978888a9777469aaa869874389666574a555932
340775 1 37 9 5 5 2 1 0 0  aaaa99978888a9777469aaa869874489666573a555923
340786 1 37 9 6 1 2 0 0 0  aaaa99958888a9754769aaa879877389663675a644925
340807 1 37 9 6 5 0 1 0 0  aaaa99968888a9765729aaa879877489565376a563944
340811 1 37 9 6 5 2 1 0 0  aaaa99968888a9765739aaa879877589365476a464952
340883 1 37 9 8 5 2 1 0 0  aaaa99968888a9764779aaa829877789564356a563954
340919 1 37 9 9 5 2 1 0 0  aaaa99968888a9764729aaa879877789564356a563954
340943 1 37 9 10 3 2 1 0 0  aaaa99968888a9754669aaa829876689754375a753974
340949 1 37 9 10 4 2 1 0 0  aaaa99968888a9754629aaa869876689754375a753974
340955 1 37 9 10 5 2 1 0 0  aaaa99968888a9765339aaa829876589765476a744975
340962 1 37 10 0 1 0 0 0 0  aaaa99968888a9877729aaa869867679567554a354934
340963 1 37 10 0 1 0 1 0 0  aaaa99968888a9877729aaa869867679567554a345934
341008 1 37 10 1 2 2 0 0 0  aaaa99958888a9854779aaa869877379663765a644925
341099 1 37 10 3 5 2 1 0 0  aaaa99968888a9864779aaa829877779564356a563954
341129 1 37 10 4 4 2 1 0 0  aaaa99958888a9854779aaa829877479657635a666934
341133 1 37 10 4 5 1 1 0 0  aaaa99968888a9864779aaa829877479567536a565934
341135 1 37 10 4 5 2 1 0 0  aaaa99968888a9864779aaa829877479567356a563954
341165 1 37 10 5 4 2 1 0 0  aaaa99968888a9866729aaa879876579475346a735945
341167 1 37 10 5 5 0 1 0 0  aaaa99968888a9865729aaa879876479575356a763944
341171 1 37 10 5 5 2 1 0 0  aaaa99968888a9865729aaa879876579475346a763945
341201 1 37 10 6 4 2 1 0 0  aaaa99958888a9854729aaa879877479657635a666934
341203 1 37 10 6 5 0 1 0 0  aaaa99968888a9864729aaa879877479567556a365934
341205 1 37 10 6 5 1 1 0 0  aaaa99968888a9864729aaa879877479567536a565934
341207 1 37 10 6 5 2 1 0 0  aaaa99968888a9864729aaa879877479567356a563954
341208 1 37 10 7 0 0 0 0 0  aaaa99978888a9866779aaa829877669565473a534945
341209 1 37 10 7 0 0 1 0 0  aaaa99978888a9866779aaa849877669464575a533925
341315 1 37 10 9 5 2 1 0 0  aaaa99968888a9864729aaa879877779564356a563954
341351 1 37 10 10 5 2 1 0 0  aaaa99968888a9864279aaa879856479777356a563954
341353 1 37 11 0 0 0 1 0 0  aaaa99968888a9885779aaa869765579364267a754934
341533 1 37 11 5 0 0 1 0 0  aaaa99968888a9885729aaa879766479755665a374934
341538 1 37 11 5 1 0 0 0 0  aaaa99958888a9885729aaa879766679755664a374934
341539 1 37 11 5 1 0 1 0 0  aaaa99938888a9885759aaa879766679754663a274945
341549 1 37 11 5 2 2 1 0 0  aaaa99958888a9884729aaa879766679754365a673945
341595 1 37 11 6 4 1 1 0 0  aaaa99958888a9884729aaa879775579674635a666934
341677 1 37 11 9 0 0 1 0 0  aaaa99958888a9883779aaa849777769644655a563962
341713 1 37 11 10 0 0 1 0 0  aaaa99958888a9883749aaa879777769644655a563962
341752 1 37 12 0 0 2 0 0 0  aaaa99958888a9877729aaa869647479657635a358964
341755 1 37 12 0 1 0 1 0 0  aaaa99968888a9877729aaa869667479567355a358944
341758 1 37 12 0 1 2 0 0 0  aaaa99968888a9877729aaa869667479567354a538954
341759 1 37 12 0 1 2 1 0 0  aaaa99958888a9877729aaa869637679657465a448935
341783 1 37 12 0 5 2 1 0 0  aaaa99958888a9877729aaa849467479657365a638965
341819 1 37 12 1 5 2 1 0 0  aaaa99968888a9864779aaa839776479563257a568954
341820 1 37 12 2 0 0 0 0 0  aaaa99938888a9866779aaa869776559475753a448962
341872 1 37 12 3 2 2 0 0 0  aaaa99958888a9844779aaa869777479663265a658935
341891 1 37 12 3 5 2 1 0 0  aaaa99968888a9864779aaa839777479563256a568954
341927 1 37 12 4 5 2 1 0 0  aaaa99968888a9864779aaa839776479573256a568954
341931 1 37 12 5 0 1 1 0 0  aaaa99958888a9866739aaa879766479736555a278944
341932 1 37 12 5 0 2 0 0 0  aaaa99958888a9866729aaa879766479756345a378945
341933 1 37 12 5 0 2 1 0 0  aaaa99948888a9866769aaa879754679763254a578953
341939 1 37 12 5 1 2 1 0 0  aaaa99958888a9854729aaa879766679754665a378934
341941 1 37 12 5 2 0 1 0 0  aaaa99958888a9855749aaa879766679744363a678952
341945 1 37 12 5 2 2 1 0 0  aaaa99958888a9854739aaa879766679753265a678944
341947 1 37 12 5 3 0 1 0 0  aaaa99968888a9855749aaa879766679744365a378952
341957 1 37 12 5 4 2 1 0 0  aaaa99958888a9854739aaa879766479753265a678964
341961 1 37 12 5 5 1 1 0 0  aaaa99968888a9864739aaa879756579763256a578944
341963 1 37 12 5 5 2 1 0 0  aaaa99968888a9864739aaa879756479763256a578954
341999 1 37 12 6 5 2 1 0 0  aaaa99968888a9864739aaa879776479573256a568954
342244 1 37 13 2 4 2 0 0 0  aaaa99954887a9887789aaa879766389653765a644925
342319 1 37 13 4 5 0 1 0 0  aaaa99965882a9884789aaa879756589764376a563974
342323 1 37 13 4 5 2 1 0 0  aaaa99965883a9885789aaa879726589763476a464975
342332 1 37 13 5 1 1 0 0 0  aaaa99965887a9884789aaa879766389753765a644925
342334 1 37 13 5 1 2 0 0 0  aaaa99965887a9885789aaa879766589745763a644923
342340 1 37 13 5 2 2 0 0 0  aaaa99954887a9883789aaa879766689753765a644925
342352 1 37 13 5 4 2 0 0 0  aaaa99954887a9883789aaa879766389752765a644965
342356 1 37 13 5 5 1 0 0 0  aaaa99965887a9884789aaa879756389763756a464952
342358 1 37 13 5 5 2 0 0 0  aaaa99965887a9885789aaa879746589765736a464932
342423 1 37 13 7 4 1 1 0 0  aaaa99966887a9884389aaa879776389564726a555974
342424 1 37 13 7 4 2 0 0 0  aaaa99966887a9885289aaa879776589365736a445974
342427 1 37 13 7 5 0 1 0 0  aaaa99965887a9884289aaa879776489565756a363974
342430 1 37 13 7 5 2 0 0 0  aaaa99965887a9885289aaa879776589365736a464974
342440 1 37 13 8 1 1 0 0 0  aaaa99965887a9884789aaa879775389663765a644925
342442 1 37 13 8 1 2 0 0 0  aaaa99965887a9885789aaa879774589665763a644923
342448 1 37 13 8 2 2 0 0 0  aaaa99954887a9883789aaa879775389666765a644925
342460 1 37 13 8 4 2 0 0 0  aaaa99954887a9883789aaa879775389662765a644965
342464 1 37 13 8 5 1 0 0 0  aaaa99965887a9884789aaa879776389563756a464952
342466 1 37 13 8 5 2 0 0 0  aaaa99965887a9885789aaa879776589465736a464932
342505 1 37 13 10 0 0 1 0 0  aaaa99966883a9886789aaa879777789663455a544925
342598 1 37 14 1 3 2 0 0 0  aaaa99954888a9853779aaa769878869653776a644925
342622 1 37 14 2 1 2 0 0 0  aaaa99954888a9853779aaa769878879663665a744925
342643 1 37 14 2 5 0 1 0 0  aaaa99965888a9864779aaa729878879565356a763944
342647 1 37 14 2 5 2 1 0 0  aaaa99965888a9865779aaa729878879465346a763945
342649 1 37 14 3 0 0 1 0 0  aaaa99957888a9866379aaa779838879726656a554944
342665 1 37 14 3 2 2 1 0 0  aaaa99957888a9854279aaa779868879754666a353964
342671 1 37 14 3 3 2 1 0 0  aaaa99957888a9854279aaa779868879754666a356934
342677 1 37 14 3 4 2 1 0 0  aaaa99957888a9854279aaa779868879754635a666934
342679 1 37 14 3 5 0 1 0 0  aaaa99967888a9864279aaa779858879764556a365934
342681 1 37 14 3 5 1 1 0 0  aaaa99967888a9864279aaa779858879764536a565934
342683 1 37 14 3 5 2 1 0 0  aaaa99967888a9864279aaa779858879764356a563954
342694 1 37 14 4 1 2 0 0 0  aaaa99954888a9853779aaa769878869644675a763925
342700 1 37 14 4 2 2 0 0 0  aaaa99954888a9853779aaa769878869653676a744925
342712 1 37 14 4 4 2 0 0 0  aaaa99954888a9853779aaa769878869663675a744925
342747 1 37 14 5 4 1 1 0 0  aaaa99955888a9854779aaa729878879674635a666934
342759 1 37 14 6 0 1 1 0 0  aaaa99966888a9826779aaa739838879774656a555944
342777 1 37 14 6 3 1 1 0 0  aaaa99955888a9854779aaa729868879774666a356934
342783 1 37 14 6 4 1 1 0 0  aaaa99955888a9854779aaa729868879774635a666934
342827 1 37 14 7 5 2 1 0 0  aaaa99967888a9864779aaa729878879564356a563954
342831 1 37 14 8 0 1 1 0 0  aaaa99966888a9856279aaa779878879473646a555943
342849 1 37 14 8 3 1 1 0 0  aaaa99955888a9854279aaa779878879674666a356934
342855 1 37 14 8 4 1 1 0 0  aaaa99955888a9854279aaa779878879674635a666934
342865 1 37 14 9 0 0 1 0 0  aaaa99966888a9856279aaa779858879774636a554934
342867 1 37 14 9 0 1 1 0 0  aaaa99966888a9826379aaa779838879774656a555944
342885 1 37 14 9 3 1 1 0 0  aaaa99955888a9854279aaa779868879774666a356934
342891 1 37 14 9 4 1 1 0 0  aaaa99955888a9854279aaa779868879774635a666934
342903 1 37 14 10 0 1 1 0 0  aaaa99966888a9826379aaa479838879777656a555944
342921 1 37 14 10 3 1 1 0 0  aaaa99955888a9854279aaa479868879777666a356934
342927 1 37 14 10 4 1 1 0 0  aaaa99955888a9854279aaa479868879777635a666934
342972 1 37 15 1 0 0 0 0 0  aaaa99966887a9877289aaa879878669565473a534945
342973 1 37 15 1 0 0 1 0 0  aaaa99966887a9877289aaa879878669564575a534943
342974 1 37 15 1 0 1 0 0 0  aaaa99966887a9877289aaa879878669364575a545934
342975 1 37 15 1 0 1 1 0 0  aaaa99966887a9877289aaa879878669564573a554943
342976 1 37 15 1 0 2 0 0 0  aaaa99966887a9877289aaa879878669364574a555934
342977 1 37 15 1 0 2 1 0 0  aaaa99966887a9877289aaa879878639664573a555944
342981 1 37 15 1 1 1 1 0 0  aaaa99955887a9877289aaa879878469664675a356934
343117 1 37 15 5 0 0 1 0 0  aaaa99976887a9877289aaa879868679663455a544935
343141 1 37 15 5 4 0 1 0 0  aaaa99974887a9877389aaa879868379554652a666945
343188 1 37 15 7 0 0 0 0 0  aaaa99976887a9877289aaa879868669655435a347954
343189 1 37 15 7 0 0 1 0 0  aaaa99976887a9877289aaa879868669654355a537944
343190 1 37 15 7 0 1 0 0 0  aaaa99976887a9877289aaa879868669643555a447953
343191 1 37 15 7 0 1 1 0 0  aaaa99976887a9877289aaa879868669654555a337944
343192 1 37 15 7 0 2 0 0 0  aaaa99976887a9877289aaa879868669654345a357945
343193 1 37 15 7 0 2 1 0 0  aaaa99976887a9877289aaa879868659664555a337944
343261 1 37 15 9 0 0 1 0 0  aaaa99966887a9857289aaa879858679774636a554934
343263 1 37 15 9 0 1 1 0 0  aaaa99966887a9827389aaa879838679774656a555944
343287 1 37 15 9 4 1 1 0 0  aaaa99955887a9857289aaa879868479774635a666934
343323 1 37 15 10 4 1 1 0 0  aaaa99955887a9854289aaa879868479777635a666934
343403 1 37 16 1 5 2 1 0 0  aaaa99965887a9877289aaa879876549464386a763955
343513 1 37 16 5 0 0 1 0 0  aaaa99974887a9877289aaa879866479656386a553954
343558 1 37 16 6 1 2 0 0 0  aaaa99954887a9853789aaa879877379666685a644925
343576 1 37 16 6 4 2 0 0 0  aaaa99954887a9853789aaa879877379644685a666925
343580 1 37 16 6 5 1 0 0 0  aaaa99965887a9864789aaa879877379464586a565932
343596 1 37 16 7 2 0 0 0 0  aaaa99975887a9877689aaa879866459645583a637924
343615 1 37 16 7 5 0 1 0 0  aaaa99974887a9877289aaa879856459564586a367936
343630 1 37 16 8 1 2 0 0 0  aaaa99954887a9844789aaa879877369663685a756925
343636 1 37 16 8 2 2 0 0 0  aaaa99954887a9853789aaa879877369656686a744925
343642 1 37 16 8 3 2 0 0 0  aaaa99954887a9853789aaa879877369662685a744965
343648 1 37 16 8 4 2 0 0 0  aaaa99954887a9853789aaa879877369666685a744925
343650 1 37 16 8 5 0 0 0 0  aaaa99965887a9864789aaa879877359465586a763942
343652 1 37 16 8 5 1 0 0 0  aaaa99965887a9864789aaa879877359565486a764932
343702 1 37 16 10 1 2 0 0 0  aaaa99954887a9853689aaa879866379777685a644925
343723 1 37 16 10 5 0 1 0 0  aaaa99965887a9864289aaa879856579777386a563944
343727 1 37 16 10 5 2 1 0 0  aaaa99965887a9865389aaa879836579777486a464952
343886 1 37 17 4 2 1 0 0 0  aaaa99954886a9885789aaa879875379663767a644925
343888 1 37 17 4 2 2 0 0 0  aaaa99945886a9885789aaa879873579665767a644923
343918 1 37 17 5 1 2 0 0 0  aaaa99954887a9883789aaa879875379666665a744925
343940 1 37 17 5 5 1 0 0 0  aaaa99965887a9884789aaa879876379563456a764952
343981 1 37 17 7 0 0 1 0 0  aaaa99975887a9884289aaa879877469655675a363964
343999 1 37 17 7 3 0 1 0 0  aaaa99975887a9884389aaa879877369664675a255964
344011 1 37 17 7 5 0 1 0 0  aaaa99976887a9886289aaa879877659546574a336954
344155 1 37 18 0 5 0 1 0 0  aaaa99977888a9883279aaa769877869666455a544935
344182 1 37 18 1 3 2 0 0 0  aaaa99954888a9883779aaa769876869653775a644925
344227 1 37 18 2 5 0 1 0 0  aaaa99965888a9884779aaa729876879565356a763944
344231 1 37 18 2 5 2 1 0 0  aaaa99965888a9885779aaa729876879465346a763945
344233 1 37 18 3 0 0 1 0 0  aaaa99957888a9883749aaa779877869644655a563962
344284 1 37 18 4 2 2 0 0 0  aaaa99954888a9883779aaa769875869653676a744925
344290 1 37 18 4 3 2 0 0 0  aaaa99954888a9883779aaa769876869653675a744925
344367 1 37 18 6 4 1 1 0 0  aaaa99955888a9884729aaa479877879657635a666934
344411 1 37 18 7 5 2 1 0 0  aaaa99967888a9884779aaa729876879564356a563954
344475 1 37 18 9 4 1 1 0 0  aaaa99955888a9884279aaa779865879774635a666934
344511 1 37 18 10 4 1 1 0 0  aaaa99955888a9884279aaa479865879777635a666934
344520 1 37 19 0 0 0 0 0 0  aaaa99977888a9866769aaa829857689767554a354934
344521 1 37 19 0 0 0 1 0 0  aaaa99977888a9866769aaa829857689767554a345934
344527 1 37 19 0 1 0 1 0 0  aaaa99977888a9863729aaa869867689767455a544935
344545 1 37 19 0 4 0 1 0 0  aaaa99977888a9855749aaa849867589747635a666932
344585 1 37 19 1 4 2 1 0 0  aaaa99957888a9854779aaa829877489657635a666934
344589 1 37 19 1 5 1 1 0 0  aaaa99967888a9864779aaa829877489567536a565934
344591 1 37 19 1 5 2 1 0 0  aaaa99967888a9864779aaa829877489567356a563954
344627 1 37 19 2 5 2 1 0 0  aaaa99965888a9865779aaa839877589367476a464952
344657 1 37 19 3 4 2 1 0 0  aaaa99957888a9854729aaa879877489657635a666934
344659 1 37 19 3 5 0 1 0 0  aaaa99967888a9864729aaa879877489567556a365934
344661 1 37 19 3 5 1 1 0 0  aaaa99967888a9864729aaa879877489567536a565934
344663 1 37 19 3 5 2 1 0 0  aaaa99967888a9864729aaa879877489567356a563954
344689 1 37 19 4 4 0 1 0 0  aaaa99975888a9874729aaa879875589674635a666934
344699 1 37 19 4 5 2 1 0 0  aaaa99976888a9876729aaa879874689576354a536954
344712 1 37 19 5 2 0 0 0 0  aaaa99955888a9853729aaa879874489677674a665963
344716 1 37 19 5 2 2 0 0 0  aaaa99954888a9853729aaa879874489677675a663965
344718 1 37 19 5 3 0 0 0 0  aaaa99955888a9853729aaa879874489677676a646953
344722 1 37 19 5 3 2 0 0 0  aaaa99954888a9853729aaa879874489677676a656935
344724 1 37 19 5 4 0 0 0 0  aaaa99955888a9853729aaa879874489677674a666953
344728 1 37 19 5 4 2 0 0 0  aaaa99954888a9853729aaa879874489677675a666935
344730 1 37 19 5 5 0 0 0 0  aaaa99965888a9864759aaa879876389577476a264953
344731 1 37 19 5 5 0 1 0 0  aaaa99964888a9864759aaa879876489577576a563932
344732 1 37 19 5 5 1 0 0 0  aaaa99965888a9863749aaa879876389477576a565942
344735 1 37 19 5 5 2 1 0 0  aaaa99965888a9865739aaa879876589377476a464952
344818 1 37 19 8 1 2 0 0 0  aaaa99954888a9853779aaa869877789663675a644925
344839 1 37 19 8 5 0 1 0 0  aaaa99965888a9864779aaa829877789565376a563944
344843 1 37 19 8 5 2 1 0 0  aaaa99965888a9865779aaa839877789365476a464952
344854 1 37 19 9 1 2 0 0 0  aaaa99954888a9853769aaa879877789663675a644925
344875 1 37 19 9 5 0 1 0 0  aaaa99965888a9864729aaa879877789565376a563944
344879 1 37 19 9 5 2 1 0 0  aaaa99965888a9865739aaa879877789365476a464952
344885 1 37 19 10 0 2 1 0 0  aaaa99975888a9875669aaa839867589376467a474952
344887 1 37 19 10 1 0 1 0 0  aaaa99976888a9874629aaa869867489576557a375934
344889 1 37 19 10 1 1 1 0 0  aaaa99976888a9874629aaa869867489576537a575934
344891 1 37 19 10 1 2 1 0 0  aaaa99976888a9874629aaa869867489576357a573954
344899 1 37 19 10 3 0 1 0 0  aaaa99975888a9874669aaa829867689575367a573944
344903 1 37 19 10 3 2 1 0 0  aaaa99975888a9875669aaa839867689375467a474952
344905 1 37 19 10 4 0 1 0 0  aaaa99975888a9874629aaa869867689575367a573944
344909 1 37 19 10 4 2 1 0 0  aaaa99975888a9875639aaa869867689375467a474952
344911 1 37 19 10 5 0 1 0 0  aaaa99975888a9874559aaa829867589674367a673964
344913 1 37 19 10 5 1 1 0 0  aaaa99975888a9874529aaa859867589674367a673964
344915 1 37 19 10 5 2 1 0 0  aaaa99975888a9875249aaa849867589674367a673965
344921 1 37 20 0 0 2 1 0 0  aaaa99977888a9885729aaa869867579467363a465945
344923 1 37 20 0 1 0 1 0 0  aaaa99977888a9884729aaa869867679567556a354934
344966 1 37 20 1 2 1 0 0 0  aaaa99954888a9885779aaa869877379663765a644925
344968 1 37 20 1 2 2 0 0 0  aaaa99945888a9885779aaa869877579665763a644923
345087 1 37 20 4 4 1 1 0 0  aaaa99955888a9884779aaa829877479657635a666934
345106 1 37 20 5 1 2 0 0 0  aaaa99954888a9883769aaa879875379676665a744925
345121 1 37 20 5 4 0 1 0 0  aaaa99966888a9885729aaa879876479575356a763944
345125 1 37 20 5 4 2 1 0 0  aaaa99966888a9885729aaa879876579475346a763945
345127 1 37 20 5 5 0 1 0 0  aaaa99965888a9884729aaa879876479575356a763946
345159 1 37 20 6 4 1 1 0 0  aaaa99955888a9884729aaa879877479657635a666934
345182 1 37 20 7 2 1 0 0 0  aaaa99975888a9884779aaa869877369644676a555932
345314 1 37 21 0 0 1 0 0 0  aaaa99977888a9888279aaa769877669555364a536944
345315 1 37 21 0 0 1 1 0 0  aaaa99977888a9888279aaa769877669555465a446933
345316 1 37 21 0 0 2 0 0 0  aaaa99977888a9888279aaa769877669453465a456935
345317 1 37 21 0 0 2 1 0 0  aaaa99977888a9888279aaa769877669453645a453965
345343 1 37 21 0 5 0 1 0 0  aaaa99977888a9888379aaa769877369666455a544925
345419 1 37 21 2 5 2 1 0 0  aaaa99965888a9888779aaa729876579465346a763945
345421 1 37 21 3 0 0 1 0 0  aaaa99957888a9888749aaa779877369644655a563962
345493 1 37 21 5 0 0 1 0 0  aaaa99966888a9888779aaa739877679663455a544925
345529 1 37 21 6 0 0 1 0 0  aaaa99966888a9888729aaa679877379667455a544935
345555 1 37 21 6 4 1 1 0 0  aaaa99955888a9888729aaa479877479657635a666934
345599 1 37 21 7 5 2 1 0 0  aaaa99967888a9888779aaa729876479564356a563954
345637 1 37 21 9 0 0 1 0 0  aaaa99966888a9888739aaa679877779663455a544925
345673 1 37 21 10 0 0 1 0 0  aaaa99966888a9888379aaa679866379777455a544925
345710 1 37 22 0 0 1 0 0 0  aaaa99977286a9776879aaa789888869555364a536944
345711 1 37 22 0 0 1 1 0 0  aaaa99977286a9776879aaa789888869555465a446933
345712 1 37 22 0 0 2 0 0 0  aaaa99977286a9776879aaa789888869453465a456935
345713 1 37 22 0 0 2 1 0 0  aaaa99977286a9776879aaa789888869453645a453965
345739 1 37 22 0 5 0 1 0 0  aaaa99977386a9773879aaa789888869666455a544925
345815 1 37 22 2 5 2 1 0 0  aaaa99967787a9764829aaa789888879564356a563954
345817 1 37 22 3 0 0 1 0 0  aaaa99957787a9773849aaa789888869644655a563962
345888 1 37 22 5 0 0 0 0 0  aaaa99966782a9776879aaa789888869565473a534945
345889 1 37 22 5 0 0 1 0 0  aaaa99966784a9776879aaa789888869464575a533925
345951 1 37 22 6 4 1 1 0 0  aaaa99955787a9774829aaa489888879657635a666934
345970 1 37 22 7 1 2 0 0 0  aaaa99954787a9753869aaa789888879663665a744925
345991 1 37 22 7 5 0 1 0 0  aaaa99965787a9764829aaa789888879565356a763944
345995 1 37 22 7 5 2 1 0 0  aaaa99965787a9765829aaa789888879465346a763945
346033 1 37 22 9 0 0 1 0 0  aaaa99966787a9777839aaa689888879663455a544925
346069 1 37 22 10 0 0 1 0 0  aaaa99966387a9663879aaa689888879777455a544925
346114 1 38 0 0 1 2 0 0 0  aaaa99996887a9754789aaa379865689653778a844625
346118 1 38 0 0 2 1 0 0 0  aaaa99995887a9764789aaa379866689563778a844552
346124 1 38 0 0 3 1 0 0 0  aaaa99995887a9764789aaa379866689653778a852445
346126 1 38 0 0 3 2 0 0 0  aaaa99995887a9765789aaa579866689645778a844332
346130 1 38 0 0 4 1 0 0 0  aaaa99995887a9764789aaa379865389652778a844665
346132 1 38 0 0 4 2 0 0 0  aaaa99995887a9765789aaa579864589644778a833662
346134 1 38 0 0 5 0 0 0 0  aaaa99995887a9764789aaa379856589563778a862446
346136 1 38 0 0 5 1 0 0 0  aaaa99995887a9765789aaa479856589464778a863632
346355 1 38 0 6 5 2 1 0 0  aaaa99995887a9777289aaa549876589464378a863656
346387 1 38 0 7 5 0 1 0 0  aaaa99996887a9776589aaa679854689556378a873424
346481 1 38 0 10 2 2 1 0 0  aaaa99995886a9766289aaa549876589744378a863775
346503 1 38 1 0 0 1 1 0 0  aaaa99994888a9774739aaa869675579673885a268564
346547 1 38 1 1 1 2 1 0 0  aaaa99994888a9777779aaa869676439653885a258564
346578 1 38 1 2 1 0 0 0 0  aaaa99995888a9777729aaa869676459675885a348364
346579 1 38 1 2 1 0 1 0 0  aaaa99994888a9777759aaa869676459674885a358362
346582 1 38 1 2 1 2 0 0 0  aaaa99995888a9777749aaa869676549675884a338265
346769 1 38 1 7 2 2 1 0 0  aaaa99997888a9777629aaa869675469674885a358534
346799 1 38 1 8 1 2 1 0 0  aaaa99994888a9666779aaa869775729654885a378534
346835 1 38 1 9 1 2 1 0 0  aaaa99994888a9666779aaa869777729654885a358534
346871 1 38 1 10 1 2 1 0 0  aaaa99994888a9666769aaa879777729654885a358534
346967 1 38 2 1 5 2 1 0 0  aaaa99994888a9777779aaa869275469666835a858534
346974 1 38 2 2 1 0 0 0 0  aaaa99994888a9777759aaa869676369573865a848524
347003 1 38 2 2 5 2 1 0 0  aaaa99994888a9777769aaa869275469676835a858534
347069 1 38 2 4 4 2 1 0 0  aaaa99994888a9777769aaa879275469656836a858534
347075 1 38 2 4 5 2 1 0 0  aaaa99994888a9777769aaa879275469666835a858534
347165 1 38 2 7 2 2 1 0 0  aaaa99997888a9777629aaa869675469674835a858534
347293 1 38 3 0 0 0 1 0 0  aaaa99995888a9774739aaa869876479673286a655584
347417 1 38 3 3 2 2 1 0 0  aaaa99994888a9666779aaa829877779654385a653584
347435 1 38 3 3 5 2 1 0 0  aaaa99995888a9265779aaa839877779365486a464685
347485 1 38 3 5 2 0 1 0 0  aaaa99994888a9777629aaa869876469756587a534583
347491 1 38 3 5 3 0 1 0 0  aaaa99994888a9777669aaa829876659754587a363584
347520 1 38 3 6 2 0 0 0 0  aaaa99993888a9666749aaa879877379647585a645582
347522 1 38 3 6 2 1 0 0 0  aaaa99993888a9666749aaa879877379647584a655582
347525 1 38 3 6 2 2 1 0 0  aaaa99994888a9666729aaa879877479657385a653584
347527 1 38 3 6 3 0 1 0 0  aaaa99994888a9666729aaa879877479657586a534583
347536 1 38 3 6 4 2 0 0 0  aaaa99993888a9653749aaa879877279457685a666485
347538 1 38 3 6 5 0 0 0 0  aaaa99995888a9565739aaa879877479367486a564682
347540 1 38 3 6 5 1 0 0 0  aaaa99994888a9464729aaa879877379567586a565683
347543 1 38 3 6 5 2 1 0 0  aaaa99995888a9265739aaa879877579367486a464685
347633 1 38 3 9 2 2 1 0 0  aaaa99994888a9666729aaa879877779654385a653584
347651 1 38 3 9 5 2 1 0 0  aaaa99995888a9265739aaa879877779365486a464685
347669 1 38 3 10 2 2 1 0 0  aaaa99994888a9666279aaa879865479777385a653584
347687 1 38 3 10 5 2 1 0 0  aaaa99995888a9265379aaa879836579777486a464685
347767 1 38 4 2 1 0 1 0 0  aaaa99998888a9777729aaa869876669575654a345384
347814 1 38 4 3 3 0 0 0 0  aaaa99998888a9666779aaa829877779655436a345584
347815 1 38 4 3 3 0 1 0 0  aaaa99998888a9666779aaa849877779644556a335582
347831 1 38 4 3 5 2 1 0 0  aaaa99998888a9654779aaa829877779654365a653684
347874 1 38 4 5 1 0 0 0 0  aaaa99998888a9777669aaa829876669755437a345584
347875 1 38 4 5 1 0 1 0 0  aaaa99998888a9777669aaa849876669744557a335582
347881 1 38 4 5 2 0 1 0 0  aaaa99998888a9777629aaa869876469756557a354384
347883 1 38 4 5 2 1 1 0 0  aaaa99998888a9777629aaa869876469756537a554384
347885 1 38 4 5 2 2 1 0 0  aaaa99998888a9777639aaa869874669763527a555484
347892 1 38 4 5 4 0 0 0 0  aaaa99998888a9777629aaa869876669755437a345584
347893 1 38 4 5 4 0 1 0 0  aaaa99998888a9777649aaa869876669744557a335582
347898 1 38 4 5 5 0 0 0 0  aaaa99998888a9777269aaa869875569766437a345584
347899 1 38 4 5 5 0 1 0 0  aaaa99998888a9777469aaa869874469766557a335582
347923 1 38 4 6 3 0 1 0 0  aaaa99998888a9666729aaa879877479657556a354384
347925 1 38 4 6 3 1 1 0 0  aaaa99998888a9666729aaa879877479657536a554384
347927 1 38 4 6 3 2 1 0 0  aaaa99998888a9666739aaa879877279367564a555484
347939 1 38 4 6 5 2 1 0 0  aaaa99998888a9654729aaa879877479657365a653684
347953 1 38 4 7 2 0 1 0 0  aaaa99998888a9777639aaa869876569673545a427485
347955 1 38 4 7 2 1 1 0 0  aaaa99998888a9777639aaa869876569673245a457485
347957 1 38 4 7 2 2 1 0 0  aaaa99998888a9777639aaa869875669673245a457485
347959 1 38 4 7 3 0 1 0 0  aaaa99998888a9777669aaa829876659475546a437385
347975 1 38 4 7 5 2 1 0 0  aaaa99998888a9777369aaa869875369676245a457485
348030 1 38 4 9 3 0 0 0 0  aaaa99998888a9666729aaa879877779655436a345584
348031 1 38 4 9 3 0 1 0 0  aaaa99998888a9666749aaa879877779644556a335582
348047 1 38 4 9 5 2 1 0 0  aaaa99998888a9654729aaa879877779654365a653684
348066 1 38 4 10 3 0 0 0 0  aaaa99998888a9666279aaa879865579777436a345584
348067 1 38 4 10 3 0 1 0 0  aaaa99998888a9666479aaa879864479777556a335582
348083 1 38 4 10 5 2 1 0 0  aaaa99998888a9654279aaa879865479777365a653684
348092 1 38 5 0 1 1 0 0 0  aaaa99995887a9874789aaa879866389644767a563552
348110 1 38 5 0 4 1 0 0 0  aaaa99995887a9874789aaa879866389653767a652445
348112 1 38 5 0 4 2 0 0 0  aaaa99995887a9875789aaa879866589645767a644332
348116 1 38 5 0 5 1 0 0 0  aaaa99995887a9874789aaa879865389653767a644625
348118 1 38 5 0 5 2 0 0 0  aaaa99995887a9875789aaa879864589635767a644623
348151 1 38 5 1 5 0 1 0 0  aaaa99995887a9877289aaa879876489565376a563644
348155 1 38 5 1 5 2 1 0 0  aaaa99995887a9877289aaa879876589365476a464635
348337 1 38 5 7 0 0 1 0 0  aaaa99997887a9877289aaa879866589636557a465443
348339 1 38 5 7 0 1 1 0 0  aaaa99997887a9877289aaa879866589636547a565443
348341 1 38 5 7 0 2 1 0 0  aaaa99997887a9877289aaa879866489564667a534553
348371 1 38 5 7 5 2 1 0 0  aaaa99997887a9877289aaa879865489654367a653645
348382 1 38 5 8 1 2 0 0 0  aaaa99994887a9853789aaa879877389666675a652445
348400 1 38 5 8 4 2 0 0 0  aaaa99994887a9853789aaa879877389652675a666445
348404 1 38 5 8 5 1 0 0 0  aaaa99995887a9864789aaa879877389464576a565632
348475 1 38 5 10 5 0 1 0 0  aaaa99995885a9865289aaa859876489764376a763774
348479 1 38 5 10 5 2 1 0 0  aaaa99995884a9865289aaa849876589764376a763775
348481 1 38 6 0 0 0 1 0 0  aaaa99998888a9775729aaa869876479674836a655534
348605 1 38 6 3 2 2 1 0 0  aaaa99998888a9666779aaa829877779654865a354534
348708 1 38 6 6 2 0 0 0 0  aaaa99998888a9666749aaa879877379647865a553452
348713 1 38 6 6 2 2 1 0 0  aaaa99998888a9666729aaa879877479657865a354534
348724 1 38 6 6 4 2 0 0 0  aaaa99998888a9664729aaa879877379657865a653445
348730 1 38 6 6 5 2 0 0 0  aaaa99998888a9654729aaa879877379657865a644635
348751 1 38 6 7 3 0 1 0 0  aaaa99998888a9777669aaa829876659475856a437345
348821 1 38 6 9 2 2 1 0 0  aaaa99998888a9666729aaa879877779654865a354534
348857 1 38 6 10 2 2 1 0 0  aaaa99998888a9666279aaa879865479777865a354534
348882 1 38 7 0 1 0 0 0 0  aaaa99993888a9877749aaa869667379467856a558425
349000 1 38 7 3 2 2 0 0 0  aaaa99994888a9853779aaa869777379662865a658445
349048 1 38 7 4 4 2 0 0 0  aaaa99994888a9853779aaa869774479673865a658625
349120 1 38 7 6 4 2 0 0 0  aaaa99994888a9853769aaa879774479673865a658625
349343 1 38 8 1 5 2 1 0 0  aaaa99998888a9777779aaa829886549765446a365635
349374 1 38 8 2 5 0 0 0 0  aaaa99998888a9777279aaa859887559764346a365646
349375 1 38 8 2 5 0 1 0 0  aaaa99998888a9777579aaa859887359763546a462646
349397 1 38 8 3 2 2 1 0 0  aaaa99998888a9666729aaa879887779654765a354534
349417 1 38 8 4 0 0 1 0 0  aaaa99998888a9777279aaa879886669765554a346354
349418 1 38 8 4 0 1 0 0 0  aaaa99998888a9777279aaa879886669764555a346354
349419 1 38 8 4 0 1 1 0 0  aaaa99998888a9777279aaa879886669765354a536454
349420 1 38 8 4 0 2 0 0 0  aaaa99998888a9777279aaa879886669764354a536554
349421 1 38 8 4 0 2 1 0 0  aaaa99998888a9777279aaa879886659746555a663434
349445 1 38 8 4 4 2 1 0 0  aaaa99998888a9777279aaa879885469756666a354534
349449 1 38 8 4 5 1 1 0 0  aaaa99998888a9777279aaa879886459765556a364634
349450 1 38 8 4 5 2 0 0 0  aaaa99998888a9777279aaa879886549765436a465635
349451 1 38 8 4 5 2 1 0 0  aaaa99998888a9777279aaa879886549765446a365635
349463 1 38 8 5 1 2 1 0 0  aaaa99998888a9777629aaa869887669754675a354534
349499 1 38 8 6 1 2 1 0 0  aaaa99998888a9666729aaa879887779754665a354534
349501 1 38 8 6 2 0 1 0 0  aaaa99998888a9666729aaa879887779755465a644353
349505 1 38 8 6 2 2 1 0 0  aaaa99998888a9666729aaa879887779754365a653544
349517 1 38 8 6 4 2 1 0 0  aaaa99998888a9654729aaa879887779754635a666534
349523 1 38 8 6 5 2 1 0 0  aaaa99998888a9654729aaa879887779754365a653664
349529 1 38 8 7 0 2 1 0 0  aaaa99998888a9777669aaa839887669753245a457465
349547 1 38 8 7 3 2 1 0 0  aaaa99998888a9777639aaa869887669753245a457465
349595 1 38 8 8 5 2 1 0 0  aaaa99998888a9674729aaa879887779654365a653645
349607 1 38 8 9 1 2 1 0 0  aaaa99998888a9666779aaa829885479777665a354534
349609 1 38 8 9 2 0 1 0 0  aaaa99998888a9666779aaa829885579777465a644353
349613 1 38 8 9 2 2 1 0 0  aaaa99998888a9666779aaa829885479777365a653544
349625 1 38 8 9 4 2 1 0 0  aaaa99998888a9654779aaa829885479777635a666534
349631 1 38 8 9 5 2 1 0 0  aaaa99998888a9654779aaa829885479777365a653664
349643 1 38 8 10 1 2 1 0 0  aaaa99998888a9666279aaa879885479777665a354534
349645 1 38 8 10 2 0 1 0 0  aaaa99998888a9666279aaa879885579777465a644353
349649 1 38 8 10 2 2 1 0 0  aaaa99998888a9666279aaa879885479777365a653544
349661 1 38 8 10 4 2 1 0 0  aaaa99998888a9654279aaa879885479777635a666534
349667 1 38 8 10 5 2 1 0 0  aaaa99998888a9654279aaa879885479777365a653664
349739 1 38 9 1 5 2 1 0 0  aaaa99998888a9777779aaa829875489654365a653664
349811 1 38 9 3 5 2 1 0 0  aaaa99998888a9657729aaa879877489657365a653644
349847 1 38 9 4 5 2 1 0 0  aaaa99998888a9777729aaa879875489654365a653664
349855 1 38 9 5 1 0 1 0 0  aaaa99998888a9777629aaa869876389756557a456443
349857 1 38 9 5 1 1 1 0 0  aaaa99998888a9777629aaa869876389756547a556443
349859 1 38 9 5 1 2 1 0 0  aaaa99998888a9777649aaa869876389744657a563552
349865 1 38 9 5 2 2 1 0 0  aaaa99998888a9777639aaa869876589735247a465645
349866 1 38 9 5 3 0 0 0 0  aaaa99998888a9777669aaa829876689755347a365544
349867 1 38 9 5 3 0 1 0 0  aaaa99998888a9777669aaa849876689744557a365532
349872 1 38 9 5 4 0 0 0 0  aaaa99998888a9777629aaa869876689755347a365544
349873 1 38 9 5 4 0 1 0 0  aaaa99998888a9777649aaa869876689744557a365532
349882 1 38 9 5 5 2 0 0 0  aaaa99998888a9777459aaa859876489575376a364626
349883 1 38 9 5 5 2 1 0 0  aaaa99998888a9777359aaa859876389575476a464626
349894 1 38 9 6 1 2 0 0 0  aaaa99998888a9754769aaa879877389663675a652445
349915 1 38 9 6 5 0 1 0 0  aaaa99998888a9765729aaa879877489565376a563644
349919 1 38 9 6 5 2 1 0 0  aaaa99998888a9765739aaa879877589365476a464652
349933 1 38 9 7 2 0 1 0 0  aaaa99998888a9777629aaa869876589676554a347354
349934 1 38 9 7 2 1 0 0 0  aaaa99998888a9777629aaa869876489676555a347354
349935 1 38 9 7 2 1 1 0 0  aaaa99998888a9777629aaa869876589676354a537454
349936 1 38 9 7 2 2 0 0 0  aaaa99998888a9777629aaa869876489676354a537554
349937 1 38 9 7 2 2 1 0 0  aaaa99998888a9777639aaa869876489573256a567544
349938 1 38 9 7 3 0 0 0 0  aaaa99998888a9777669aaa829876689575456a437345
349991 1 38 9 8 5 2 1 0 0  aaaa99998888a9754779aaa829877789654365a653664
350000 0 38 9 9 1 1 0 0 0  aaaa99998888a9753769aaa879877789663664a555442
350027 1 38 9 9 5 2 1 0 0  aaaa99998888a9754729aaa879877789654365a653664
350039 1 38 9 10 1 2 1 0 0  aaaa99998888a9756629aaa869876489756375a753744
350041 1 38 9 10 2 0 1 0 0  aaaa99998888a9765629aaa869876489755376a753744
350045 1 38 9 10 2 2 1 0 0  aaaa99998888a9765639aaa869876589735476a744752
350051 1 38 9 10 3 2 1 0 0  aaaa99998888a9764669aaa829876689754375a753745
350057 1 38 9 10 4 2 1 0 0  aaaa99998888a9764629aaa869876689754375a753745
350059 1 38 9 10 5 0 1 0 0  aaaa99998888a9765559aaa829876589764376a763744
350061 1 38 9 10 5 1 1 0 0  aaaa99998888a9765529aaa859876589764376a763744
350062 1 38 9 10 5 2 0 0 0  aaaa99998888a9765339aaa829876589765476a764754
350063 1 38 9 10 5 2 1 0 0  aaaa99998888a9765249aaa849876589764376a763755
350116 1 38 10 1 2 2 0 0 0  aaaa99998888a9854779aaa869877379663765a652445
350207 1 38 10 3 5 2 1 0 0  aaaa99998888a9854779aaa829877779654365a653664
350237 1 38 10 4 4 2 1 0 0  aaaa99998888a9854779aaa829877479657635a666534
350243 1 38 10 4 5 2 1 0 0  aaaa99998888a9854779aaa829877479657365a653664
350275 1 38 10 5 5 0 1 0 0  aaaa99998888a9865729aaa879876479575356a763644
350279 1 38 10 5 5 2 1 0 0  aaaa99998888a9865729aaa879876579475346a763645
350309 1 38 10 6 4 2 1 0 0  aaaa99998888a9854729aaa879877479657635a666534
350315 1 38 10 6 5 2 1 0 0  aaaa99998888a9854729aaa879877479657365a653664
350423 1 38 10 9 5 2 1 0 0  aaaa99998888a9854729aaa879877779654365a653664
350459 1 38 10 10 5 2 1 0 0  aaaa99998888a9854279aaa879865479777365a653664
350461 1 38 11 0 0 0 1 0 0  aaaa99998888a9885779aaa869765579364267a764534
350653 1 38 11 5 2 0 1 0 0  aaaa99998888a9885729aaa879766679755363a674544
350657 1 38 11 5 2 2 1 0 0  aaaa99998888a9884729aaa879766679754365a673545
350669 1 38 11 5 4 2 1 0 0  aaaa99998888a9884729aaa879765679754365a673645
350712 1 38 11 7 0 0 0 0 0  aaaa99998888a9884779aaa869776369553765a464752
350891 1 38 12 0 5 2 1 0 0  aaaa99998888a9877729aaa849467479657365a638565
350927 1 38 12 1 5 2 1 0 0  aaaa99998888a9854779aaa839775479653267a658664
350980 1 38 12 3 2 2 0 0 0  aaaa99998888a9854779aaa869777379663265a658445
350999 1 38 12 3 5 2 1 0 0  aaaa99998888a9854779aaa839777479653265a658664
351028 1 38 12 4 4 2 0 0 0  aaaa99998888a9854779aaa869774479673265a658635
351035 1 38 12 4 5 2 1 0 0  aaaa99998888a9854779aaa839775479673265a658664
351039 1 38 12 5 0 1 1 0 0  aaaa99998888a9866729aaa879766379756555a478443
351041 1 38 12 5 0 2 1 0 0  aaaa99998888a9866769aaa879754679763254a578534
351047 1 38 12 5 1 2 1 0 0  aaaa99998888a9854729aaa879766679754665a378534
351053 1 38 12 5 2 2 1 0 0  aaaa99998888a9854739aaa879766679753265a678544
351055 1 38 12 5 3 0 1 0 0  aaaa99998888a9864729aaa879766679754565a578343
351061 1 38 12 5 4 0 1 0 0  aaaa99998888a9855749aaa879765679744363a678652
351065 1 38 12 5 4 2 1 0 0  aaaa99998888a9854739aaa879765679753265a678644
351067 1 38 12 5 5 0 1 0 0  aaaa99998888a9855739aaa879764579753264a678664
351071 1 38 12 5 5 2 1 0 0  aaaa99998888a9854739aaa879765479753265a678664
351100 1 38 12 6 4 2 0 0 0  aaaa99998888a9854769aaa879774479673265a658635
351102 1 38 12 6 5 0 0 0 0  aaaa99998888a9855729aaa879775479675364a638664
351103 1 38 12 6 5 0 1 0 0  aaaa99998888a9855739aaa879774579673265a648664
351107 1 38 12 6 5 2 1 0 0  aaaa99998888a9854739aaa879775479673265a658664
351352 1 38 13 2 4 2 0 0 0  aaaa99994887a9887789aaa879766389653765a652445
351358 1 38 13 2 5 2 0 0 0  aaaa99994887a9887789aaa879765389653765a644625
351418 1 38 13 4 3 2 0 0 0  aaaa99995882a9885789aaa879766689765374a635744
351419 1 38 13 4 3 2 1 0 0  aaaa99995882a9885789aaa879766689765473a644753
351427 1 38 13 4 5 0 1 0 0  aaaa99995882a9884789aaa879756589764376a563746
351440 1 38 13 5 1 1 0 0 0  aaaa99995887a9884789aaa879766389763765a652445
351442 1 38 13 5 1 2 0 0 0  aaaa99995887a9885789aaa879766589765764a644332
351448 1 38 13 5 2 2 0 0 0  aaaa99994887a9883789aaa879766689753765a652445
351460 1 38 13 5 4 2 0 0 0  aaaa99994887a9883789aaa879765689753765a644625
351466 1 38 13 5 5 2 0 0 0  aaaa99994887a9883789aaa879765389752765a644665
351505 1 38 13 7 0 0 1 0 0  aaaa99996887a9884289aaa879776689664755a533745
351548 1 38 13 8 1 1 0 0 0  aaaa99995887a9884789aaa879776389663765a652445
351550 1 38 13 8 1 2 0 0 0  aaaa99995887a9885789aaa879776589665764a644332
351556 1 38 13 8 2 2 0 0 0  aaaa99994887a9883789aaa879775389666765a652445
351568 1 38 13 8 4 2 0 0 0  aaaa99994887a9883789aaa879775389656765a644625
351574 1 38 13 8 5 2 0 0 0  aaaa99994887a9883789aaa879775389652765a644665
351576 1 38 13 9 0 0 0 0 0  aaaa99995887a9884789aaa879777389663665a455246
351700 1 38 14 1 2 2 0 0 0  aaaa99994888a9853779aaa769878869653775a644625
351706 1 38 14 1 3 2 0 0 0  aaaa99994888a9853779aaa769878869653776a652445
351730 1 38 14 2 1 2 0 0 0  aaaa99994888a9853779aaa769878879663665a752445
351751 1 38 14 2 5 0 1 0 0  aaaa99995888a9864779aaa729878879565356a763644
351755 1 38 14 2 5 2 1 0 0  aaaa99995888a9865779aaa729878879465346a763645
351768 1 38 14 3 2 0 0 0 0  aaaa99997888a9855279aaa779868879754666a345364
351769 1 38 14 3 2 0 1 0 0  aaaa99997888a9855279aaa779868879745666a353464
351773 1 38 14 3 2 2 1 0 0  aaaa99997888a9854279aaa779868879754666a353564
351774 1 38 14 3 3 0 0 0 0  aaaa99997888a9855279aaa779868879754666a346354
351775 1 38 14 3 3 0 1 0 0  aaaa99997888a9855279aaa779868879735666a456443
351779 1 38 14 3 3 2 1 0 0  aaaa99997888a9854279aaa779868879754666a356534
351780 1 38 14 3 4 0 0 0 0  aaaa99997888a9855279aaa779868879754634a666354
351781 1 38 14 3 4 0 1 0 0  aaaa99997888a9855279aaa779868879735645a666443
351785 1 38 14 3 4 2 1 0 0  aaaa99997888a9854279aaa779868879754635a666534
351786 1 38 14 3 5 0 0 0 0  aaaa99997888a9855279aaa779868879754364a635664
351787 1 38 14 3 5 0 1 0 0  aaaa99997888a9855279aaa779868879735465a644663
351791 1 38 14 3 5 2 1 0 0  aaaa99997888a9854279aaa779868879754365a653664
351802 1 38 14 4 1 2 0 0 0  aaaa99994888a9853779aaa769878869653675a762445
351808 1 38 14 4 2 2 0 0 0  aaaa99994888a9853779aaa769878869653676a752445
351814 1 38 14 4 3 2 0 0 0  aaaa99994888a9853779aaa769878869653675a744625
351820 1 38 14 4 4 2 0 0 0  aaaa99994888a9853779aaa769878869663675a752445
351935 1 38 14 7 5 2 1 0 0  aaaa99997888a9854779aaa729878879654365a653664
351972 1 38 14 9 0 0 0 0 0  aaaa99996888a9866479aaa779848879773656a553425
352058 1 38 15 0 2 1 0 0 0  aaaa99995887a9874789aaa879868369663757a644552
352066 1 38 15 0 3 2 0 0 0  aaaa99994887a9873789aaa879858369566767a562454
352074 1 38 15 0 5 0 0 0 0  aaaa99995887a9874789aaa879868349654767a655632
352076 1 38 15 0 5 1 0 0 0  aaaa99995887a9874789aaa879868359655767a644632
352083 1 38 15 1 0 1 1 0 0  aaaa99994887a9877289aaa879878469655675a356634
352225 1 38 15 5 0 0 1 0 0  aaaa99996887a9877289aaa879868679663545a573445
352255 1 38 15 5 5 0 1 0 0  aaaa99995887a9877289aaa879868479655365a673644
352259 1 38 15 5 5 2 1 0 0  aaaa99995887a9877289aaa879868579645364a673654
352296 1 38 15 7 0 0 0 0 0  aaaa99997887a9877289aaa879868669655347a356454
352297 1 38 15 7 0 0 1 0 0  aaaa99997887a9877289aaa879868669653557a456443
352298 1 38 15 7 0 1 0 0 0  aaaa99997887a9877289aaa879868669643547a556453
352299 1 38 15 7 0 1 1 0 0  aaaa99997887a9877289aaa879868669653547a556443
352300 1 38 15 7 0 2 0 0 0  aaaa99997887a9877289aaa879868669643457a546553
352301 1 38 15 7 0 2 1 0 0  aaaa99997887a9877289aaa879868669633547a555446
352327 1 38 15 7 5 0 1 0 0  aaaa99997887a9877289aaa879868459654567a633645
352368 1 38 15 9 0 0 0 0 0  aaaa99996887a9847289aaa879868679775663a535544
352373 1 38 15 9 0 2 1 0 0  aaaa99996887a9857289aaa879868679774665a354534
352442 1 38 16 0 0 1 0 0 0  aaaa99995887a9874789aaa879866369644787a563552
352459 1 38 16 0 3 0 1 0 0  aaaa99995887a9874789aaa879866629655787a364534
352476 1 38 16 1 0 0 0 0 0  aaaa99996887a9877289aaa879876669565384a735544
352477 1 38 16 1 0 0 1 0 0  aaaa99996887a9877289aaa879876669465585a735443
352478 1 38 16 1 0 1 0 0 0  aaaa99996887a9877289aaa879876669364584a755534
352479 1 38 16 1 0 1 1 0 0  aaaa99996887a9877289aaa879876669465583a755443
352480 1 38 16 1 0 2 0 0 0  aaaa99996887a9877289aaa879876669364485a754535
352481 1 38 16 1 0 2 1 0 0  aaaa99996887a9877289aaa879876639664385a754545
352511 1 38 16 1 5 2 1 0 0  aaaa99995887a9877289aaa879876549464386a763655
352621 1 38 16 5 0 0 1 0 0  aaaa99994887a9877289aaa879866479656586a574533
352666 1 38 16 6 1 2 0 0 0  aaaa99994887a9853789aaa879877379666685a652445
352684 1 38 16 6 4 2 0 0 0  aaaa99994887a9853789aaa879877379652685a666445
352688 1 38 16 6 5 1 0 0 0  aaaa99995887a9864789aaa879877379464586a565632
352723 1 38 16 7 5 0 1 0 0  aaaa99997887a9877289aaa879865459654587a634663
352738 1 38 16 8 1 2 0 0 0  aaaa99994887a9853789aaa879877369662685a756445
352744 1 38 16 8 2 2 0 0 0  aaaa99994887a9853789aaa879877369656686a752445
352750 1 38 16 8 3 2 0 0 0  aaaa99994887a9853789aaa879877369662685a744565
352756 1 38 16 8 4 2 0 0 0  aaaa99994887a9853789aaa879877369666685a752445
352758 1 38 16 8 5 0 0 0 0  aaaa99995887a9864789aaa879877359465586a763642
352760 1 38 16 8 5 1 0 0 0  aaaa99995887a9864789aaa879877359565486a764632
352810 1 38 16 10 1 2 0 0 0  aaaa99994887a9853689aaa879866379777685a652445
352831 1 38 16 10 5 0 1 0 0  aaaa99995887a9864289aaa879856579777386a563644
352835 1 38 16 10 5 2 1 0 0  aaaa99995887a9865389aaa879836579777486a464652
352853 1 38 17 0 2 2 1 0 0  aaaa99994887a9887789aaa879866629654765a357534
352994 1 38 17 4 2 1 0 0 0  aaaa99995886a9884789aaa879875379663767a652445
352996 1 38 17 4 2 2 0 0 0  aaaa99995886a9885789aaa879874579665767a644332
353026 1 38 17 5 1 2 0 0 0  aaaa99994887a9883789aaa879875379666665a752445
353044 1 38 17 5 4 2 0 0 0  aaaa99994887a9883789aaa879875379652665a744665
353048 1 38 17 5 5 1 0 0 0  aaaa99995887a9884789aaa879876379563456a764652
353052 1 38 17 6 0 0 0 0 0  aaaa99995887a9884789aaa879877379663665a455246
353089 1 38 17 7 0 0 1 0 0  aaaa99995887a9884289aaa879877469655675a376634
353095 1 38 17 7 1 0 1 0 0  aaaa99995887a9884389aaa879877369664675a276554
353197 1 38 17 10 0 0 1 0 0  aaaa99994887a9884389aaa879866379777665a554256
353263 1 38 18 0 5 0 1 0 0  aaaa99995888a9884779aaa429876879565357a763646
353284 1 38 18 1 2 2 0 0 0  aaaa99994888a9883779aaa769875869653775a644625
353290 1 38 18 1 3 2 0 0 0  aaaa99994888a9883779aaa769876869653775a652445
353335 1 38 18 2 5 0 1 0 0  aaaa99995888a9884779aaa729876879565356a763644
353339 1 38 18 2 5 2 1 0 0  aaaa99995888a9885779aaa729876879465346a763645
353392 1 38 18 4 2 2 0 0 0  aaaa99994888a9883779aaa769875869653676a752445
353398 1 38 18 4 3 2 0 0 0  aaaa99994888a9883779aaa769876869653675a752445
353413 1 38 18 5 0 0 1 0 0  aaaa99994888a9884779aaa739877879663665a554256
353519 1 38 18 7 5 2 1 0 0  aaaa99997888a9884779aaa729875879654365a653664
353521 1 38 18 8 0 0 1 0 0  aaaa99994888a9884739aaa779877879663665a554256
353556 1 38 18 9 0 0 0 0 0  aaaa99994888a9883279aaa779866879773556a656454
353557 1 38 18 9 0 0 1 0 0  aaaa99995888a9884279aaa779866879774663a535546
353693 1 38 19 1 4 2 1 0 0  aaaa99997888a9854779aaa829877489657635a666534
353699 1 38 19 1 5 2 1 0 0  aaaa99997888a9854779aaa829877489657365a653664
353735 1 38 19 2 5 2 1 0 0  aaaa99995888a9865779aaa839877589367476a464652
353765 1 38 19 3 4 2 1 0 0  aaaa99997888a9854729aaa879877489657635a666534
353771 1 38 19 3 5 2 1 0 0  aaaa99997888a9854729aaa879877489657365a653664
353797 1 38 19 4 4 0 1 0 0  aaaa99995888a9874729aaa879875589674637a666534
353803 1 38 19 4 5 0 1 0 0  aaaa99995888a9874729aaa879875589674367a653664
353820 1 38 19 5 2 0 0 0 0  aaaa99995888a9855729aaa879874489677675a663463
353824 1 38 19 5 2 2 0 0 0  aaaa99994888a9853729aaa879874489677675a663565
353830 1 38 19 5 3 2 0 0 0  aaaa99994888a9853729aaa879875389677676a656445
353836 1 38 19 5 4 2 0 0 0  aaaa99994888a9853729aaa879875389677675a666445
353838 1 38 19 5 5 0 0 0 0  aaaa99995888a9864759aaa879876389577476a264653
353839 1 38 19 5 5 0 1 0 0  aaaa99994888a9864759aaa879876489577576a563632
353840 1 38 19 5 5 1 0 0 0  aaaa99995888a9863749aaa879876389477576a565642
353843 1 38 19 5 5 2 1 0 0  aaaa99995888a9865739aaa879876589377476a464652
353856 1 38 19 6 2 0 0 0 0  aaaa99995888a9864769aaa879877389663476a754552
353858 1 38 19 6 2 1 0 0 0  aaaa99995888a9864769aaa879877389663576a755442
353926 1 38 19 8 1 2 0 0 0  aaaa99994888a9853779aaa869877789663675a652445
353947 1 38 19 8 5 0 1 0 0  aaaa99995888a9864779aaa829877789565376a563644
353951 1 38 19 8 5 2 1 0 0  aaaa99995888a9865779aaa839877789365476a464652
353962 1 38 19 9 1 2 0 0 0  aaaa99994888a9853769aaa879877789663675a652445
353983 1 38 19 9 5 0 1 0 0  aaaa99995888a9864729aaa879877789565376a563644
353987 1 38 19 9 5 2 1 0 0  aaaa99995888a9865739aaa879877789365476a464652
353999 1 38 19 10 1 2 1 0 0  aaaa99996888a9854629aaa869876489756375a753774
354001 1 38 19 10 2 0 1 0 0  aaaa99995888a9864629aaa869876489755376a753774
354019 1 38 19 10 5 0 1 0 0  aaaa99995888a9864559aaa829876589764376a763774
354021 1 38 19 10 5 1 1 0 0  aaaa99995888a9864529aaa859876589764376a763774
354023 1 38 19 10 5 2 1 0 0  aaaa99995888a9865249aaa849876589764376a763775
354074 1 38 20 1 2 1 0 0 0  aaaa99995888a9884779aaa869877379663765a652445
354076 1 38 20 1 2 2 0 0 0  aaaa99995888a9885779aaa869877579665764a644332
354133 1 38 20 3 0 0 1 0 0  aaaa99994888a9884779aaa839877779663665a554256
354214 1 38 20 5 1 2 0 0 0  aaaa99994888a9883769aaa879875379676665a752445
354235 1 38 20 5 5 0 1 0 0  aaaa99995888a9884729aaa879876479575356a763646
354240 1 38 20 6 0 0 0 0 0  aaaa99994888a9883729aaa879877379667556a656454
354241 1 38 20 6 0 0 1 0 0  aaaa99995888a9884729aaa879877479667663a535546
354290 1 38 20 7 2 1 0 0 0  aaaa99995888a9884779aaa869877369644676a573552
354349 1 38 20 9 0 0 1 0 0  aaaa99994888a9884739aaa879877779663665a554256
354385 1 38 20 10 0 0 1 0 0  aaaa99994888a9884379aaa879866379777665a554256
354527 1 38 21 2 5 2 1 0 0  aaaa99995888a9888779aaa729876579465346a763645
354707 1 38 21 7 5 2 1 0 0  aaaa99997888a9888779aaa729875479654365a653664
354709 1 38 21 8 0 0 1 0 0  aaaa99994888a9888739aaa779877479663665a554256
354833 1 38 22 0 2 2 1 0 0  aaaa99997787a9666829aaa789888879654765a354534
354923 1 38 22 2 5 2 1 0 0  aaaa99997787a9754829aaa789888879654365a653664
355078 1 38 22 7 1 2 0 0 0  aaaa99994787a9753869aaa789888879663665a752445
355099 1 38 22 7 5 0 1 0 0  aaaa99995787a9764829aaa789888879565356a763644
355103 1 38 22 7 5 2 1 0 0  aaaa99995787a9765829aaa789888879465346a763645
355105 1 38 22 8 0 0 1 0 0  aaaa99994787a9774839aaa789888879663665a554256
355220 1 39 0 0 1 1 0 0 0  aaaa99995887a9754789aaa379866686963778a852445
355222 1 39 0 0 1 2 0 0 0  aaaa99995887a9745789aaa579866686965778a844332
355226 1 39 0 0 2 1 0 0 0  aaaa99995887a9764789aaa379866685963778a855442
355242 1 39 0 0 5 0 0 0 0  aaaa99995887a9764789aaa379856584964778a863526
355247 1 39 0 0 5 2 1 0 0  aaaa99995887a9765789aaa579836582964778a864634
355250 1 39 0 1 0 1 0 0 0  aaaa99995887a9774789aaa779866385963668a855442
355290 1 39 0 2 1 0 0 0 0  aaaa99995887a9774789aaa379866686963478a854552
355292 1 39 0 2 1 1 0 0 0  aaaa99995887a9774789aaa379866686963578a855442
355310 1 39 0 2 4 1 0 0 0  aaaa99995887a9774789aaa379856386944678a866552
355322 1 39 0 3 0 1 0 0 0  aaaa99995887a9777789aaa479866385963668a855442
355358 1 39 0 4 0 1 0 0 0  aaaa99995887a9774789aaa379866785963668a855442
355368 1 39 0 4 2 0 0 0 0  aaaa99994887a9773789aaa379856786966558a845624
355376 1 39 0 4 3 1 0 0 0  aaaa99994887a9773789aaa379856786966658a844525
355404 1 39 0 5 2 0 0 0 0  aaaa99995887a9774689aaa379866387962478a854556
355410 1 39 0 5 3 0 0 0 0  aaaa99995887a9774689aaa679866387963478a854552
355412 1 39 0 5 3 1 0 0 0  aaaa99995887a9774689aaa679866387963578a855442
355416 1 39 0 5 4 0 0 0 0  aaaa99995887a9774689aaa379866687963478a854552
355418 1 39 0 5 4 1 0 0 0  aaaa99995887a9774689aaa379866687963578a855442
355470 1 39 0 7 1 0 0 0 0  aaaa99996887a9774689aaa679866385953578a872445
355494 1 39 0 7 5 0 0 0 0  aaaa99996887a9776289aaa679855683956378a874454
355538 1 39 0 9 0 1 0 0 0  aaaa99995887a9664789aaa379877785963668a855442
355612 1 39 1 0 0 2 0 0 0  aaaa99996888a9774739aaa869675273976885a658445
355628 1 39 1 0 3 1 0 0 0  aaaa99994888a9773769aaa869676375972885a658445
355763 1 39 1 4 1 2 1 0 0  aaaa99994888a9777769aaa879676626954885a358534
355804 1 39 1 5 2 2 0 0 0  aaaa99994888a9777639aaa869675263976885a758445
356057 1 39 2 1 2 2 1 0 0  aaaa99994888a9777779aaa869676462956835a858534
356063 1 39 2 1 3 2 1 0 0  aaaa99994888a9777779aaa869675662954835a868534
356069 1 39 2 1 4 2 1 0 0  aaaa99994888a9777779aaa869676662954835a858534
356075 1 39 2 1 5 2 1 0 0  aaaa99994888a9777779aaa869275466966835a858534
356111 1 39 2 2 5 2 1 0 0  aaaa99994888a9777769aaa869275466976835a858534
356183 1 39 2 4 5 2 1 0 0  aaaa99994888a9777769aaa879275466966835a858534
356200 1 39 2 5 2 2 0 0 0  aaaa99994888a9777639aaa869675263976875a858445
356220 1 39 2 6 0 0 0 0 0  aaaa99996888a9665729aaa879776475975834a858364
356221 1 39 2 6 0 0 1 0 0  aaaa99996888a9664759aaa879776475974835a858362
356224 1 39 2 6 0 2 0 0 0  aaaa99996888a9665749aaa879776574975833a848265
356401 1 39 3 0 0 0 1 0 0  aaaa99995888a9774739aaa869876476973286a655584
356508 1 39 3 3 0 0 0 0 0  aaaa99994888a9663779aaa859877775963685a652484
356519 1 39 3 3 1 2 1 0 0  aaaa99994888a9666779aaa829877776954385a653584
356543 1 39 3 3 5 2 1 0 0  aaaa99994888a9254779aaa839877776953685a666584
356615 1 39 3 5 5 2 1 0 0  aaaa99994888a9777269aaa869875466976385a753584
356647 1 39 3 6 5 0 1 0 0  aaaa99995888a9565729aaa879877477964386a563684
356651 1 39 3 6 5 2 1 0 0  aaaa99995888a9265739aaa879877577963486a464685
356671 1 39 3 7 3 0 1 0 0  aaaa99997888a9777669aaa829876654975586a434385
356724 1 39 3 9 0 0 0 0 0  aaaa99994888a9663759aaa879877775963685a652484
356735 1 39 3 9 1 2 1 0 0  aaaa99994888a9666729aaa879877776954385a653584
356759 1 39 3 9 5 2 1 0 0  aaaa99994888a9254739aaa879877776953685a666584
356777 1 39 3 10 2 2 1 0 0  aaaa99994888a9666279aaa879865477977385a653584
356795 1 39 3 10 5 2 1 0 0  aaaa99995888a9265379aaa879836577977486a464685
356874 1 39 4 2 1 0 0 0 0  aaaa99998888a9777729aaa869876665975634a544385
356875 1 39 4 2 1 0 1 0 0  aaaa99998888a9777749aaa869876664974655a533285
356995 1 39 4 5 3 0 1 0 0  aaaa99998888a9777669aaa829876654975576a434385
357023 1 39 4 6 1 2 1 0 0  aaaa99998888a9666729aaa879877477954665a353584
357029 1 39 4 6 2 2 1 0 0  aaaa99998888a9666729aaa879877477954365a653584
357041 1 39 4 6 4 2 1 0 0  aaaa99998888a9654739aaa879877477953625a666584
357045 1 39 4 6 5 1 1 0 0  aaaa99998888a9564739aaa879877477963526a565684
357046 1 39 4 6 5 2 0 0 0  aaaa99998888a9365729aaa879877577965446a364685
357047 1 39 4 6 5 2 1 0 0  aaaa99998888a9365729aaa879877577965436a464685
357052 1 39 4 7 0 2 0 0 0  aaaa99998888a9777669aaa849876465972533a557684
357053 1 39 4 7 0 2 1 0 0  aaaa99998888a9777669aaa829876465974533a557684
357061 1 39 4 7 2 0 1 0 0  aaaa99998888a9777639aaa869876566973545a427485
357063 1 39 4 7 2 1 1 0 0  aaaa99998888a9777639aaa869876566973245a457485
357065 1 39 4 7 2 2 1 0 0  aaaa99998888a9777639aaa869875666973245a457485
357067 1 39 4 7 3 0 1 0 0  aaaa99998888a9777669aaa829876654975536a447385
357083 1 39 4 7 5 2 1 0 0  aaaa99998888a9777369aaa869875366976245a457485
357174 1 39 4 10 3 0 0 0 0  aaaa99998888a9666279aaa879865577977436a345584
357175 1 39 4 10 3 0 1 0 0  aaaa99998888a9666479aaa879864477977556a335582
357191 1 39 4 10 5 2 1 0 0  aaaa99998888a9654279aaa879865477977365a653684
357488 1 39 5 8 1 1 0 0 0  aaaa99995887a9864789aaa879877386963675a652445
357490 1 39 5 8 1 2 0 0 0  aaaa99995887a9865789aaa879877586965674a644332
357496 1 39 5 8 2 2 0 0 0  aaaa99994887a9853789aaa879877386966675a652445
357508 1 39 5 8 4 2 0 0 0  aaaa99994887a9853789aaa879877386956675a662445
357514 1 39 5 8 5 2 0 0 0  aaaa99994887a9853789aaa879877386952675a666445
357572 1 39 5 10 3 1 0 0 0  aaaa99995886a9874689aaa869867385973567a475742
357574 1 39 5 10 3 2 0 0 0  aaaa99995886a9875689aaa869867584975367a473742
357582 1 39 5 10 5 0 0 0 0  aaaa99996885a9876289aaa859857683976357a476744
357587 1 39 5 10 5 2 1 0 0  aaaa99996882a9876489aaa849847685976537a575736
357589 1 39 6 0 0 0 1 0 0  aaaa99998888a9775729aaa869876476974836a655534
357707 1 39 6 3 1 2 1 0 0  aaaa99998888a9666779aaa829877776954835a654534
357787 1 39 6 5 3 0 1 0 0  aaaa99998888a9777669aaa859876625974876a534543
357803 1 39 6 5 5 2 1 0 0  aaaa99998888a9777269aaa869875466976875a354534
357923 1 39 6 9 1 2 1 0 0  aaaa99998888a9666729aaa879877776954835a654534
357965 1 39 6 10 2 2 1 0 0  aaaa99998888a9666279aaa879865477977865a354534
358231 1 39 7 6 5 0 1 0 0  aaaa99995888a9864729aaa879776475975836a568634
358385 1 39 8 0 0 2 1 0 0  aaaa99998888a9776729aaa869887676954675a354534
358396 1 39 8 0 2 2 0 0 0  aaaa99998888a9774769aaa869887376953675a652445
358417 1 39 8 1 0 0 1 0 0  aaaa99998888a9777279aaa869886576955476a644533
358421 1 39 8 1 0 2 1 0 0  aaaa99998888a9777279aaa869886476954376a653545
358463 1 39 8 2 1 2 1 0 0  aaaa99998888a9777629aaa869887676954675a354534
358499 1 39 8 3 1 2 1 0 0  aaaa99998888a9666729aaa879887776954735a654534
358535 1 39 8 4 1 2 1 0 0  aaaa99998888a9777669aaa829886676954775a354534
358536 1 39 8 4 2 0 0 0 0  aaaa99998888a9777649aaa869886376946775a553452
358541 1 39 8 4 2 2 1 0 0  aaaa99998888a9777629aaa869886476956775a354534
358553 1 39 8 4 4 2 1 0 0  aaaa99998888a9777629aaa869886676954775a354534
358559 1 39 8 4 5 2 1 0 0  aaaa99998888a9777269aaa869885476966775a354534
358573 1 39 8 5 2 0 1 0 0  aaaa99998888a9777629aaa869887666955475a744353
358577 1 39 8 5 2 2 1 0 0  aaaa99998888a9777629aaa869887666954375a753544
358589 1 39 8 5 4 2 1 0 0  aaaa99998888a9777669aaa829887466964375a753545
358595 1 39 8 5 5 2 1 0 0  aaaa99998888a9777269aaa869887466964375a753545
358607 1 39 8 6 1 2 1 0 0  aaaa99998888a9666729aaa879887777954665a354534
358609 1 39 8 6 2 0 1 0 0  aaaa99998888a9666729aaa879887777955465a644353
358613 1 39 8 6 2 2 1 0 0  aaaa99998888a9666729aaa879887777954365a653544
358625 1 39 8 6 4 2 1 0 0  aaaa99998888a9654729aaa879887777954635a666534
358631 1 39 8 6 5 2 1 0 0  aaaa99998888a9654729aaa879887777954365a653664
358715 1 39 8 9 1 2 1 0 0  aaaa99998888a9666779aaa829885477977665a354534
358717 1 39 8 9 2 0 1 0 0  aaaa99998888a9666779aaa829885577977465a644353
358721 1 39 8 9 2 2 1 0 0  aaaa99998888a9666779aaa829885477977365a653544
358733 1 39 8 9 4 2 1 0 0  aaaa99998888a9654779aaa829885477977635a666534
358739 1 39 8 9 5 2 1 0 0  aaaa99998888a9654779aaa829885477977365a653664
358751 1 39 8 10 1 2 1 0 0  aaaa99998888a9666279aaa879885477977665a354534
358753 1 39 8 10 2 0 1 0 0  aaaa99998888a9666279aaa879885577977465a644353
358757 1 39 8 10 2 2 1 0 0  aaaa99998888a9666279aaa879885477977365a653544
358769 1 39 8 10 4 2 1 0 0  aaaa99998888a9654279aaa879885477977635a666534
358775 1 39 8 10 5 2 1 0 0  aaaa99998888a9654279aaa879885477977365a653664
358789 1 39 9 0 2 0 1 0 0  aaaa99998888a9774729aaa869876687974556a365534
358791 1 39 9 0 2 1 1 0 0  aaaa99998888a9774729aaa869876687974536a565534
358793 1 39 9 0 2 2 1 0 0  aaaa99998888a9774729aaa869876687974356a563554
358847 1 39 9 1 5 2 1 0 0  aaaa99998888a9777779aaa829875486954635a666534
358895 1 39 9 3 1 2 1 0 0  aaaa99998888a9666779aaa829877787954665a354534
358897 1 39 9 3 2 0 1 0 0  aaaa99998888a9666779aaa829877787955465a644353
358901 1 39 9 3 2 2 1 0 0  aaaa99998888a9666779aaa829877787954365a653544
358913 1 39 9 3 4 2 1 0 0  aaaa99998888a9654779aaa829877787954635a666534
358919 1 39 9 3 5 2 1 0 0  aaaa99998888a9654779aaa829877787954365a653664
358955 1 39 9 4 5 2 1 0 0  aaaa99998888a9777729aaa879875486954635a666534
358998 1 39 9 6 1 0 0 0 0  aaaa99998888a9666749aaa879877387947665a553452
359003 1 39 9 6 1 2 1 0 0  aaaa99998888a9666729aaa879877487957665a354534
359009 1 39 9 6 2 2 1 0 0  aaaa99998888a9666729aaa879877487957365a653544
359021 1 39 9 6 4 2 1 0 0  aaaa99998888a9654729aaa879877487957635a666534
359027 1 39 9 6 5 2 1 0 0  aaaa99998888a9654729aaa879877487957365a653664
359041 1 39 9 7 2 0 1 0 0  aaaa99998888a9777629aaa869876586976554a347354
359042 1 39 9 7 2 1 0 0 0  aaaa99998888a9777629aaa869876486976555a347354
359043 1 39 9 7 2 1 1 0 0  aaaa99998888a9777629aaa869876586976354a537454
359044 1 39 9 7 2 2 0 0 0  aaaa99998888a9777629aaa869876486976354a537554
359045 1 39 9 7 2 2 1 0 0  aaaa99998888a9777649aaa869876384974256a567553
359099 1 39 9 8 5 2 1 0 0  aaaa99998888a9754779aaa829877786954635a666534
359111 1 39 9 9 1 2 1 0 0  aaaa99998888a9666729aaa879877787954665a354534
359113 1 39 9 9 2 0 1 0 0  aaaa99998888a9666729aaa879877787955465a644353
359117 1 39 9 9 2 2 1 0 0  aaaa99998888a9666729aaa879877787954365a653544
359129 1 39 9 9 4 2 1 0 0  aaaa99998888a9654729aaa879877787954635a666534
359135 1 39 9 9 5 2 1 0 0  aaaa99998888a9654729aaa879877787954365a653664
359147 1 39 9 10 1 2 1 0 0  aaaa99998888a9754669aaa829876686954375a753774
359153 1 39 9 10 2 2 1 0 0  aaaa99998888a9754629aaa869876486956375a753774
359165 1 39 9 10 4 2 1 0 0  aaaa99998888a9754629aaa869876686954375a753774
359171 1 39 9 10 5 2 1 0 0  aaaa99998888a9754269aaa869875486966375a753774
359279 1 39 10 2 5 2 1 0 0  aaaa99998888a9865779aaa839877537965476a464652
359315 1 39 10 3 5 2 1 0 0  aaaa99998888a9854779aaa829877776954635a666534
359347 1 39 10 4 5 0 1 0 0  aaaa99998888a9865779aaa829877477964556a365634
359349 1 39 10 4 5 1 1 0 0  aaaa99998888a9865779aaa829877477964536a565634
359350 1 39 10 4 5 2 0 0 0  aaaa99998888a9865779aaa829877577965346a365644
359351 1 39 10 4 5 2 1 0 0  aaaa99998888a9865779aaa829877577965436a464635
359383 1 39 10 5 5 0 1 0 0  aaaa99998888a9865729aaa879876477964556a365734
359385 1 39 10 5 5 1 1 0 0  aaaa99998888a9865729aaa879876477964536a565734
359386 1 39 10 5 5 2 0 0 0  aaaa99998888a9865729aaa879876577965346a365744
359387 1 39 10 5 5 2 1 0 0  aaaa99998888a9865729aaa879876577965436a464735
359419 1 39 10 6 5 0 1 0 0  aaaa99998888a9865729aaa879877477964556a365634
359421 1 39 10 6 5 1 1 0 0  aaaa99998888a9865729aaa879877477964536a565634
359422 1 39 10 6 5 2 0 0 0  aaaa99998888a9865729aaa879877577965346a365644
359423 1 39 10 6 5 2 1 0 0  aaaa99998888a9865729aaa879877577965436a464635
359531 1 39 10 9 5 2 1 0 0  aaaa99998888a9854729aaa879877776954635a666534
359567 1 39 10 10 5 2 1 0 0  aaaa99998888a9854279aaa879865477977365a653664
359765 1 39 11 5 2 2 1 0 0  aaaa99998888a9885739aaa879766673975246a765445
359820 1 39 11 7 0 0 0 0 0  aaaa99998888a9884779aaa869776365953765a465742
359965 1 39 12 0 0 0 1 0 0  aaaa99998888a9877739aaa869657473967655a258644
360035 1 39 12 1 5 2 1 0 0  aaaa99998888a9865779aaa829776574965437a468635
360107 1 39 12 3 5 2 1 0 0  aaaa99998888a9865779aaa829777574965436a468635
360143 1 39 12 4 5 2 1 0 0  aaaa99998888a9865779aaa829776574975436a468635
360144 1 39 12 5 0 0 0 0 0  aaaa99998888a9866729aaa879766475976554a738354
360149 1 39 12 5 0 2 1 0 0  aaaa99998888a9866749aaa879753674974656a738552
360179 1 39 12 5 5 2 1 0 0  aaaa99998888a9865739aaa879746573975246a768645
360180 1 39 12 6 0 0 0 0 0  aaaa99998888a9866759aaa879774675972656a538443
360210 1 39 12 6 5 0 0 0 0  aaaa99998888a9865729aaa879776375975446a568643
360215 1 39 12 6 5 2 1 0 0  aaaa99998888a9865729aaa879776574975436a468635
360528 1 39 13 4 4 0 0 0 0  aaaa99995886a9884789aaa879754586973657a663724
360530 1 39 13 4 4 1 0 0 0  aaaa99995886a9884789aaa879755586973647a663742
360542 1 39 13 5 0 1 0 0 0  aaaa99995887a9884789aaa879766386973756a644552
360613 1 39 13 7 0 0 1 0 0  aaaa99996887a9884289aaa879776686964755a533745
360658 1 39 13 8 1 2 0 0 0  aaaa99994887a9883789aaa879775386966765a652445
360676 1 39 13 8 4 2 0 0 0  aaaa99994887a9883789aaa879775386952765a666445
360680 1 39 13 8 5 1 0 0 0  aaaa99995887a9884789aaa879776385963746a565642
360684 1 39 13 9 0 0 0 0 0  aaaa99995887a9884789aaa879777386963665a455246
360808 1 39 14 1 2 2 0 0 0  aaaa99994888a9853779aaa769878866953775a662445
360814 1 39 14 1 3 2 0 0 0  aaaa99994888a9853779aaa769878866953776a652445
360838 1 39 14 2 1 2 0 0 0  aaaa99994888a9853779aaa769878876963665a752445
360859 1 39 14 2 5 0 1 0 0  aaaa99995888a9864779aaa729878875965536a764634
360863 1 39 14 2 5 2 1 0 0  aaaa99995888a9865779aaa729878874965436a764635
360876 1 39 14 3 2 0 0 0 0  aaaa99997888a9855279aaa779868877954666a345364
360877 1 39 14 3 2 0 1 0 0  aaaa99997888a9855279aaa779868877945666a353464
360881 1 39 14 3 2 2 1 0 0  aaaa99997888a9854279aaa779868877954666a353564
360882 1 39 14 3 3 0 0 0 0  aaaa99997888a9855279aaa779868877954666a346354
360883 1 39 14 3 3 0 1 0 0  aaaa99997888a9855279aaa779868877935666a456443
360887 1 39 14 3 3 2 1 0 0  aaaa99997888a9854279aaa779868877954666a356534
360888 1 39 14 3 4 0 0 0 0  aaaa99997888a9855279aaa779868877954634a666354
360889 1 39 14 3 4 0 1 0 0  aaaa99997888a9855279aaa779868877935645a666443
360893 1 39 14 3 4 2 1 0 0  aaaa99997888a9854279aaa779868877954635a666534
360894 1 39 14 3 5 0 0 0 0  aaaa99997888a9855279aaa779868877954364a635664
360895 1 39 14 3 5 0 1 0 0  aaaa99997888a9855279aaa779868877935465a644663
360899 1 39 14 3 5 2 1 0 0  aaaa99997888a9854279aaa779868877954365a653664
360922 1 39 14 4 3 2 0 0 0  aaaa99994888a9853779aaa769878866953276a756445
360967 1 39 14 5 5 0 1 0 0  aaaa99995888a9864779aaa729878877964556a365634
360969 1 39 14 5 5 1 1 0 0  aaaa99995888a9864779aaa729878877964536a565634
360970 1 39 14 5 5 2 0 0 0  aaaa99995888a9865779aaa729878877965346a365644
360971 1 39 14 5 5 2 1 0 0  aaaa99995888a9865779aaa729878877965436a464635
361043 1 39 14 7 5 2 1 0 0  aaaa99997888a9854779aaa729878876954635a666534
361050 1 39 14 8 1 0 0 0 0  aaaa99996888a9855279aaa779878877954666a346354
361051 1 39 14 8 1 0 1 0 0  aaaa99996888a9855279aaa779878877935666a456443
361055 1 39 14 8 1 2 1 0 0  aaaa99996888a9854279aaa779878877954666a356534
361075 1 39 14 8 5 0 1 0 0  aaaa99995888a9864279aaa779878877964556a365634
361077 1 39 14 8 5 1 1 0 0  aaaa99995888a9864279aaa779878877964536a565634
361078 1 39 14 8 5 2 0 0 0  aaaa99995888a9865279aaa779878877965346a365644
361079 1 39 14 8 5 2 1 0 0  aaaa99995888a9865279aaa779878877965436a464635
361080 1 39 14 9 0 0 0 0 0  aaaa99996888a9866479aaa779848877973656a553425
361189 1 39 15 1 0 0 1 0 0  aaaa99995887a9877389aaa879878366955476a644526
361193 1 39 15 1 0 2 1 0 0  aaaa99995887a9877289aaa879878566935476a644356
361195 1 39 15 1 1 0 1 0 0  aaaa99994887a9877289aaa879878466956376a553654
361203 1 39 15 1 2 1 1 0 0  aaaa99994887a9877389aaa879878366964575a626545
361205 1 39 15 1 2 2 1 0 0  aaaa99994887a9877389aaa879878366964275a656545
361207 1 39 15 1 3 0 1 0 0  aaaa99995887a9877389aaa879878366956476a644552
361211 1 39 15 1 3 2 1 0 0  aaaa99994887a9877289aaa879878466956376a653545
361217 1 39 15 1 4 2 1 0 0  aaaa99994887a9877289aaa879878466966375a653545
361223 1 39 15 1 5 2 1 0 0  aaaa99994887a9877289aaa879878436953675a666545
361363 1 39 15 5 5 0 1 0 0  aaaa99994887a9877389aaa879868375954562a674665
361404 1 39 15 7 0 0 0 0 0  aaaa99997887a9877289aaa879868655946667a544533
361405 1 39 15 7 0 0 1 0 0  aaaa99997887a9877289aaa879868655946667a543534
361409 1 39 15 7 0 2 1 0 0  aaaa99997887a9877289aaa879868665943567a556434
361435 1 39 15 7 5 0 1 0 0  aaaa99997887a9877289aaa879858546944657a666335
361456 1 39 15 8 2 2 0 0 0  aaaa99994887a9853789aaa879878766963275a656445
361476 1 39 15 9 0 0 0 0 0  aaaa99996887a9847289aaa879868677975663a535544
361481 1 39 15 9 0 2 1 0 0  aaaa99996887a9857289aaa879868677974665a354534
361613 1 39 16 1 4 2 1 0 0  aaaa99994887a9877289aaa879876466966385a753545
361615 1 39 16 1 5 0 1 0 0  aaaa99995887a9877289aaa879876453965586a763644
361617 1 39 16 1 5 1 1 0 0  aaaa99995887a9877289aaa879876455965386a763644
361618 1 39 16 1 5 2 0 0 0  aaaa99995887a9877289aaa879876534965386a764654
361619 1 39 16 1 5 2 1 0 0  aaaa99995887a9877289aaa879876544964386a763655
361672 1 39 16 3 2 2 0 0 0  aaaa99994887a9857789aaa879877366963285a656445
361708 1 39 16 4 2 2 0 0 0  aaaa99994887a9877789aaa879875366963285a656445
361729 1 39 16 5 0 0 1 0 0  aaaa99995887a9877289aaa879866473964685a673554
361731 1 39 16 5 0 1 1 0 0  aaaa99995887a9877289aaa879866473964685a673545
361732 1 39 16 5 0 2 0 0 0  aaaa99995887a9877289aaa879866574965683a674354
361733 1 39 16 5 0 2 1 0 0  aaaa99995887a9877289aaa879866573965684a673454
361772 1 39 16 6 1 1 0 0 0  aaaa99995887a9864789aaa879877376963685a652445
361774 1 39 16 6 1 2 0 0 0  aaaa99995887a9865789aaa879877576965684a644332
361780 1 39 16 6 2 2 0 0 0  aaaa99994887a9853789aaa879877376966685a652445
361792 1 39 16 6 4 2 0 0 0  aaaa99994887a9853789aaa879877376956685a662445
361798 1 39 16 6 5 2 0 0 0  aaaa99994887a9853789aaa879877376952685a666445
361800 1 39 16 7 0 0 0 0 0  aaaa99997887a9877489aaa879866425965687a654353
361801 1 39 16 7 0 0 1 0 0  aaaa99997887a9877289aaa879866455964687a654533
361831 1 39 16 7 5 0 1 0 0  aaaa99997887a9877489aaa879845426955687a666353
361888 1 39 16 9 2 2 0 0 0  aaaa99994887a9853789aaa879877766963285a656445
361918 1 39 16 10 1 2 0 0 0  aaaa99994887a9853689aaa879866377977685a652445
361939 1 39 16 10 5 0 1 0 0  aaaa99995887a9864289aaa879856577977386a563644
361943 1 39 16 10 5 2 1 0 0  aaaa99995887a9865389aaa879836577977486a464652
362032 1 39 17 2 2 2 0 0 0  aaaa99994887a9887789aaa879875366963275a656445
362134 1 39 17 5 1 2 0 0 0  aaaa99994887a9883789aaa879875376966665a752445
362152 1 39 17 5 4 2 0 0 0  aaaa99994887a9883789aaa879875376952665a766445
362156 1 39 17 5 5 1 0 0 0  aaaa99995887a9884789aaa879876375963546a765642
362160 1 39 17 6 0 0 0 0 0  aaaa99995887a9884789aaa879877376963665a455246
362197 1 39 17 7 0 0 1 0 0  aaaa99995887a9884289aaa879877466955376a673546
362201 1 39 17 7 0 2 1 0 0  aaaa99996887a9884289aaa879877463956675a673545
362207 1 39 17 7 1 2 1 0 0  aaaa99995887a9885289aaa879877566936476a474653
362209 1 39 17 7 2 0 1 0 0  aaaa99995887a9884389aaa879877366964275a676554
362213 1 39 17 7 2 2 1 0 0  aaaa99995887a9885389aaa879877366965274a676454
362215 1 39 17 7 3 0 1 0 0  aaaa99995887a9884289aaa879877466956376a673554
362217 1 39 17 7 3 1 1 0 0  aaaa99995887a9884289aaa879877466956376a673545
362218 1 39 17 7 3 2 0 0 0  aaaa99995887a9885289aaa879877566936476a674354
362219 1 39 17 7 3 2 1 0 0  aaaa99995887a9885289aaa879877566946376a673454
362225 1 39 17 7 4 2 1 0 0  aaaa99995887a9885289aaa879877566966374a673454
362226 1 39 17 7 5 0 0 0 0  aaaa99996887a9886289aaa879877654956573a476543
362227 1 39 17 7 5 0 1 0 0  aaaa99996887a9886289aaa879877635956573a476445
362229 1 39 17 7 5 1 1 0 0  aaaa99996887a9886289aaa879877655956373a476445
362230 1 39 17 7 5 2 0 0 0  aaaa99996887a9886289aaa879877634956375a476545
362231 1 39 17 7 5 2 1 0 0  aaaa99996887a9886289aaa879877635946573a575464
362246 1 39 17 8 2 1 0 0 0  aaaa99995887a9884789aaa879877366963275a656445
362248 1 39 17 8 2 2 0 0 0  aaaa99995887a9885789aaa879877566965474a636423
362305 1 39 17 10 0 0 1 0 0  aaaa99994887a9884389aaa879866377977665a554256
362392 1 39 18 1 2 2 0 0 0  aaaa99994888a9883779aaa769875866953775a662445
362398 1 39 18 1 3 2 0 0 0  aaaa99994888a9883779aaa769876866953775a652445
362443 1 39 18 2 5 0 1 0 0  aaaa99995888a9884779aaa729876875965536a764634
362447 1 39 18 2 5 2 1 0 0  aaaa99995888a9885779aaa729876874965436a764635
362521 1 39 18 5 0 0 1 0 0  aaaa99994888a9884779aaa739877876963665a554256
362627 1 39 18 7 5 2 1 0 0  aaaa99997888a9884779aaa729875876954635a666534
362629 1 39 18 8 0 0 1 0 0  aaaa99994888a9884739aaa779877876963665a554256
362664 1 39 18 9 0 0 0 0 0  aaaa99994888a9883279aaa779866877973556a656454
362665 1 39 18 9 0 0 1 0 0  aaaa99995888a9884279aaa779866877974663a535546
362875 1 39 19 3 5 0 1 0 0  aaaa99995888a9864779aaa829877787964556a365634
362877 1 39 19 3 5 1 1 0 0  aaaa99995888a9864779aaa829877787964536a565634
362878 1 39 19 3 5 2 0 0 0  aaaa99995888a9865779aaa829877787965346a365644
362879 1 39 19 3 5 2 1 0 0  aaaa99995888a9865779aaa829877787965436a464635
362891 1 39 19 4 1 2 1 0 0  aaaa99996888a9854779aaa829877487957666a356534
362911 1 39 19 4 5 0 1 0 0  aaaa99995888a9864779aaa829877487967556a365634
362913 1 39 19 4 5 1 1 0 0  aaaa99995888a9864779aaa829877487967536a565634
362914 1 39 19 4 5 2 0 0 0  aaaa99995888a9865779aaa829877587967346a365644
362915 1 39 19 4 5 2 1 0 0  aaaa99995888a9865779aaa829877587967436a464635
362963 1 39 19 6 1 2 1 0 0  aaaa99996888a9854729aaa879877487957666a356534
362983 1 39 19 6 5 0 1 0 0  aaaa99995888a9864729aaa879877487967556a365634
362985 1 39 19 6 5 1 1 0 0  aaaa99995888a9864729aaa879877487967536a565634
362986 1 39 19 6 5 2 0 0 0  aaaa99995888a9865729aaa879877587967346a365644
362987 1 39 19 6 5 2 1 0 0  aaaa99995888a9865729aaa879877587967436a464635
363002 1 39 19 7 2 1 0 0 0  aaaa99995888a9874779aaa869877386963675a652445
363004 1 39 19 7 2 2 0 0 0  aaaa99995888a9875779aaa869877586965674a644332
363040 1 39 19 8 2 2 0 0 0  aaaa99994888a9853779aaa869877786963675a652445
363091 1 39 19 9 5 0 1 0 0  aaaa99995888a9864729aaa879877787964556a365634
363093 1 39 19 9 5 1 1 0 0  aaaa99995888a9864729aaa879877787964536a565634
363094 1 39 19 9 5 2 0 0 0  aaaa99995888a9865729aaa879877787965346a365644
363095 1 39 19 9 5 2 1 0 0  aaaa99995888a9865729aaa879877787965436a464635
363103 1 39 19 10 1 0 1 0 0  aaaa99995888a9874669aaa829867686974557a375734
363105 1 39 19 10 1 1 1 0 0  aaaa99995888a9874669aaa829867686974537a575734
363106 1 39 19 10 1 2 0 0 0  aaaa99995888a9875669aaa829867686975347a375744
363107 1 39 19 10 1 2 1 0 0  aaaa99995888a9875669aaa829867686975437a474735
363109 1 39 19 10 2 0 1 0 0  aaaa99995888a9874629aaa869867486976557a375734
363111 1 39 19 10 2 1 1 0 0  aaaa99995888a9874629aaa869867486976537a575734
363112 1 39 19 10 2 2 0 0 0  aaaa99995888a9875629aaa869867586976347a375744
363113 1 39 19 10 2 2 1 0 0  aaaa99995888a9875629aaa869867586976437a474735
363115 1 39 19 10 3 0 1 0 0  aaaa99995888a9874669aaa829867685975567a374734
363121 1 39 19 10 4 0 1 0 0  aaaa99995888a9874629aaa869867686974557a375734
363123 1 39 19 10 4 1 1 0 0  aaaa99995888a9874629aaa869867686974537a575734
363124 1 39 19 10 4 2 0 0 0  aaaa99995888a9875629aaa869867686975347a375744
363125 1 39 19 10 4 2 1 0 0  aaaa99995888a9875629aaa869867686975437a474735
363126 1 39 19 10 5 0 0 0 0  aaaa99996888a9876559aaa829857685976347a376744
363127 1 39 19 10 5 0 1 0 0  aaaa99996888a9876559aaa829857684976457a476733
363128 1 39 19 10 5 1 0 0 0  aaaa99996888a9876529aaa859857685976347a376744
363129 1 39 19 10 5 1 1 0 0  aaaa99996888a9876529aaa859857684976457a476733
363130 1 39 19 10 5 2 0 0 0  aaaa99996888a9876349aaa839857684976457a576752
363131 1 39 19 10 5 2 1 0 0  aaaa99996888a9876429aaa849847685976537a575736
363149 1 39 20 0 2 2 1 0 0  aaaa99995888a9885779aaa869876674935427a764653
363241 1 39 20 3 0 0 1 0 0  aaaa99994888a9884779aaa839877776963665a554256
363337 1 39 20 5 4 0 1 0 0  aaaa99995888a9884729aaa879876477955635a666734
363421 1 39 20 8 0 0 1 0 0  aaaa99995888a9883779aaa829877766955476a644536
363425 1 39 20 8 0 2 1 0 0  aaaa99995888a9885779aaa839877766935476a644256
363457 1 39 20 9 0 0 1 0 0  aaaa99994888a9884739aaa879877776963665a554256
363493 1 39 20 10 0 0 1 0 0  aaaa99994888a9884379aaa879866377977665a554256
363545 1 39 21 0 2 2 1 0 0  aaaa99995888a9888779aaa569876674935427a764653
363635 1 39 21 2 5 2 1 0 0  aaaa99995888a9888779aaa729876574965436a764635
363815 1 39 21 7 5 2 1 0 0  aaaa99997888a9888779aaa729875476954635a666534
363817 1 39 21 8 0 0 1 0 0  aaaa99994888a9888739aaa779877476963665a554256
363935 1 39 22 0 1 2 1 0 0  aaaa99997787a9666829aaa789888876954735a654534
364031 1 39 22 2 5 2 1 0 0  aaaa99997787a9754829aaa789888876954635a666534
364186 1 39 22 7 1 2 0 0 0  aaaa99994787a9753869aaa789888876963665a752445
364207 1 39 22 7 5 0 1 0 0  aaaa99995787a9764829aaa789888875965536a764634
364211 1 39 22 7 5 2 1 0 0  aaaa99995787a9765829aaa789888874965436a764635
364213 1 39 22 8 0 0 1 0 0  aaaa99994787a9774839aaa789888876963665a554256
364330 1 40 0 0 1 2 0 0 0  aaaa99999887a9754789aaa379866686653778a852445
364348 1 40 0 0 4 2 0 0 0  aaaa99999887a9754789aaa379865386666778a852445
364352 1 40 0 0 5 1 0 0 0  aaaa99999887a9765789aaa479846485565778a863632
364392 1 40 0 2 0 0 0 0 0  aaaa99999887a9774789aaa379866385656578a862445
364404 1 40 0 2 2 0 0 0 0  aaaa99999887a9774789aaa379866685563578a862454
364410 1 40 0 2 3 0 0 0 0  aaaa99999887a9774789aaa379866685653578a862445
364541 1 40 0 6 0 2 1 0 0  aaaa99999887a9777689aaa679865487356268a854534
364584 1 40 0 7 2 0 0 0 0  aaaa99999887a9775689aaa479866385645578a873264
364590 1 40 0 7 3 0 0 0 0  aaaa99999887a9774689aaa679866385653578a872445
364596 1 40 0 7 4 0 0 0 0  aaaa99999887a9774689aaa379866685653578a872445
364603 1 40 0 7 5 0 1 0 0  aaaa99999887a9776289aaa679854685546578a876433
364697 1 40 0 10 2 2 1 0 0  aaaa99999887a9666289aaa479865487777368a853545
364992 1 40 1 7 4 0 0 0 0  aaaa99999888a9777669aaa849676625547887a358354
364998 1 40 1 7 5 0 0 0 0  aaaa99999888a9777649aaa869676625547887a358354
365147 1 40 2 0 5 2 1 0 0  aaaa99999888a9774769aaa869275476676835a858534
365165 1 40 2 1 2 2 1 0 0  aaaa99999888a9777779aaa869676462654835a858534
365183 1 40 2 1 5 2 1 0 0  aaaa99999888a9777779aaa869275466664835a858534
365219 1 40 2 2 5 2 1 0 0  aaaa99999888a9777769aaa869275466674835a858534
365231 1 40 2 3 1 2 1 0 0  aaaa99999888a9666779aaa869777472654835a858534
365285 1 40 2 4 4 2 1 0 0  aaaa99999888a9777769aaa879275466654836a858534
365291 1 40 2 4 5 2 1 0 0  aaaa99999888a9777769aaa879275466664835a858534
365339 1 40 2 6 1 2 1 0 0  aaaa99999888a9666769aaa879775472674835a858534
365675 1 40 3 4 3 2 1 0 0  aaaa99999888a9777769aaa879875466254386a653584
365741 1 40 3 6 2 2 1 0 0  aaaa99999888a9666729aaa879877477654385a653584
365759 1 40 3 6 5 2 1 0 0  aaaa99999888a9265739aaa879877577365486a464685
365773 1 40 3 7 2 0 1 0 0  aaaa99999888a9777629aaa869876566575384a537484
365819 1 40 3 8 3 2 1 0 0  aaaa99999888a9754779aaa869877766254386a653584
365885 1 40 3 10 2 2 1 0 0  aaaa99999888a9666279aaa879865477774385a653584
365903 1 40 3 10 5 2 1 0 0  aaaa99999888a9265379aaa879836577775486a464685
365905 1 40 4 0 0 0 1 0 0  aaaa99999888a9774739aaa869876476573556a654288
365930 1 40 4 0 4 1 0 0 0  aaaa99999888a9773769aaa869876376672545a545488
365932 1 40 4 0 4 2 0 0 0  aaaa99999888a9775769aaa869876576675442a345388
365959 1 40 4 1 3 0 1 0 0  aaaa99999888a9777779aaa869876665542354a365488
365977 1 40 4 2 0 0 1 0 0  aaaa99999888a9777729aaa869876564575463a564388
365983 1 40 4 2 1 0 1 0 0  aaaa99999888a9777739aaa869876665573654a245488
366133 1 40 4 6 2 0 1 0 0  aaaa99999888a9666729aaa879877577655465a434388
366163 1 40 4 7 1 0 1 0 0  aaaa99999888a9777669aaa849876665474552a337588
366173 1 40 4 7 2 2 1 0 0  aaaa99999888a9777639aaa869874666573254a547588
366174 1 40 4 7 3 0 0 0 0  aaaa99999888a9777669aaa849876655472356a357488
366181 1 40 4 7 4 0 1 0 0  aaaa99999888a9777649aaa869876665474552a337588
366191 1 40 4 7 5 2 1 0 0  aaaa99999888a9777469aaa869874466576353a527588
366277 1 40 4 10 2 0 1 0 0  aaaa99999888a9666279aaa879865577775465a434388
366337 1 40 5 1 0 0 1 0 0  aaaa99999887a9877289aaa879876685665574a346354
366365 1 40 5 1 4 2 1 0 0  aaaa99999887a9877289aaa879875486666675a354534
366371 1 40 5 1 5 2 1 0 0  aaaa99999887a9877289aaa879875486354675a666534
366481 1 40 5 5 0 0 1 0 0  aaaa99999887a9877289aaa879866587636557a465443
366483 1 40 5 5 0 1 1 0 0  aaaa99999887a9877289aaa879866587636547a565443
366485 1 40 5 5 0 2 1 0 0  aaaa99999887a9877289aaa879866487564667a534553
366515 1 40 5 5 5 2 1 0 0  aaaa99999887a9877289aaa879865487654367a653645
366557 1 40 5 7 0 2 1 0 0  aaaa99999887a9877289aaa879866483564667a537554
366695 1 40 5 10 5 2 1 0 0  aaaa99999887a9854289aaa879865487777365a653664
366769 1 40 6 2 0 0 1 0 0  aaaa99999888a9777739aaa869876565375864a562484
366823 1 40 6 3 3 0 1 0 0  aaaa99999888a9666779aaa859877775643856a543482
366883 1 40 6 5 1 0 1 0 0  aaaa99999888a9777669aaa859876665743857a543482
366901 1 40 6 5 4 0 1 0 0  aaaa99999888a9777659aaa869876665743857a543482
366929 1 40 6 6 2 2 1 0 0  aaaa99999888a9666729aaa879877477654865a353584
366961 1 40 6 7 2 0 1 0 0  aaaa99999888a9777629aaa869876566575854a347384
367039 1 40 6 9 3 0 1 0 0  aaaa99999888a9666759aaa879877775643856a543482
367073 1 40 6 10 2 2 1 0 0  aaaa99999888a9666279aaa879865477774865a353584
367283 1 40 7 5 1 2 1 0 0  aaaa99999888a9854729aaa879766676754835a678534
367518 1 40 8 0 5 0 0 0 0  aaaa99999888a9774279aaa869887766766553a454358
367519 1 40 8 0 5 0 1 0 0  aaaa99999888a9775279aaa869887766766553a435448
367520 1 40 8 0 5 1 0 0 0  aaaa99999888a9774279aaa869887766766555a435348
367521 1 40 8 0 5 1 1 0 0  aaaa99999888a9775279aaa869887766766543a535448
367522 1 40 8 0 5 2 0 0 0  aaaa99999888a9774279aaa869887766766543a555348
367523 1 40 8 0 5 2 1 0 0  aaaa99999888a9773769aaa869887376766542a555448
367560 1 40 8 2 0 0 0 0 0  aaaa99999888a9777279aaa869887665753564a446538
367561 1 40 8 2 0 0 1 0 0  aaaa99999888a9777279aaa869887665745564a346358
367591 1 40 8 2 5 0 1 0 0  aaaa99999888a9777379aaa869887366766545a425548
367634 1 40 8 4 0 1 0 0 0  aaaa99999888a9777279aaa879886665764555a436348
367635 1 40 8 4 0 1 1 0 0  aaaa99999888a9777279aaa879886665765543a536448
367636 1 40 8 4 0 2 0 0 0  aaaa99999888a9777279aaa879886665764543a556348
367637 1 40 8 4 0 2 1 0 0  aaaa99999888a9777279aaa879886635736646a555448
367656 1 40 8 4 4 0 0 0 0  aaaa99999888a9777279aaa879885566766465a435348
367663 1 40 8 4 5 0 1 0 0  aaaa99999888a9777279aaa879885536735645a666448
367669 1 40 8 5 0 0 1 0 0  aaaa99999888a9777669aaa829887665745574a346358
367680 1 40 8 5 2 0 0 0 0  aaaa99999888a9777629aaa869887666755475a435348
367687 1 40 8 5 3 0 1 0 0  aaaa99999888a9777629aaa869887665745574a346358
367716 1 40 8 6 2 0 0 0 0  aaaa99999888a9666729aaa879887777655465a435348
367735 1 40 8 6 5 0 1 0 0  aaaa99999888a9655739aaa879887777653462a644658
367739 1 40 8 6 5 2 1 0 0  aaaa99999888a9654729aaa879887777654365a653648
367741 1 40 8 7 0 0 1 0 0  aaaa99999888a9777669aaa849887665744552a337568
367759 1 40 8 7 3 0 1 0 0  aaaa99999888a9777649aaa869887665744552a337568
367765 1 40 8 7 4 0 1 0 0  aaaa99999888a9777669aaa839887566763554a247458
367766 1 40 8 7 4 1 0 0 0  aaaa99999888a9777669aaa839887366762455a547458
367767 1 40 8 7 4 1 1 0 0  aaaa99999888a9777669aaa839887566763254a547458
367768 1 40 8 7 4 2 0 0 0  aaaa99999888a9777669aaa849887466746353a527558
367769 1 40 8 7 4 2 1 0 0  aaaa99999888a9777669aaa839887366746254a547558
367771 1 40 8 7 5 0 1 0 0  aaaa99999888a9777369aaa869887366765554a247458
367773 1 40 8 7 5 1 1 0 0  aaaa99999888a9777369aaa869887366765254a547458
367775 1 40 8 7 5 2 1 0 0  aaaa99999888a9777369aaa869887366746254a547558
367813 1 40 8 9 0 0 1 0 0  aaaa99999888a9664779aaa839886477773665a554258
367829 1 40 8 9 2 2 1 0 0  aaaa99999888a9666779aaa829885477774365a653548
367849 1 40 8 10 0 0 1 0 0  aaaa99999888a9664379aaa879886377774665a554258
367854 1 40 8 10 1 0 0 0 0  aaaa99999888a9666279aaa879885577775665a344438
367865 1 40 8 10 2 2 1 0 0  aaaa99999888a9666279aaa879885477774365a653548
367963 1 40 9 2 1 0 1 0 0  aaaa99999888a9777729aaa869876686575654a345384
368010 1 40 9 3 3 0 0 0 0  aaaa99999888a9666779aaa829877787655436a345584
368011 1 40 9 3 3 0 1 0 0  aaaa99999888a9666779aaa849877787644556a335582
368027 1 40 9 3 5 2 1 0 0  aaaa99999888a9654779aaa829877787654365a653684
368070 1 40 9 5 1 0 0 0 0  aaaa99999888a9777669aaa829876686755437a345584
368071 1 40 9 5 1 0 1 0 0  aaaa99999888a9777669aaa849876686744557a335582
368077 1 40 9 5 2 0 1 0 0  aaaa99999888a9777629aaa869876486756557a354384
368079 1 40 9 5 2 1 1 0 0  aaaa99999888a9777629aaa869876486756537a554384
368081 1 40 9 5 2 2 1 0 0  aaaa99999888a9777639aaa869874686763527a555484
368088 1 40 9 5 4 0 0 0 0  aaaa99999888a9777629aaa869876686755437a345584
368089 1 40 9 5 4 0 1 0 0  aaaa99999888a9777649aaa869876686744557a335582
368094 1 40 9 5 5 0 0 0 0  aaaa99999888a9777269aaa869875586766437a345584
368095 1 40 9 5 5 0 1 0 0  aaaa99999888a9777469aaa869874486766557a335582
368119 1 40 9 6 3 0 1 0 0  aaaa99999888a9666729aaa879877487657556a354384
368121 1 40 9 6 3 1 1 0 0  aaaa99999888a9666729aaa879877487657536a554384
368123 1 40 9 6 3 2 1 0 0  aaaa99999888a9666739aaa879877287367564a555484
368135 1 40 9 6 5 2 1 0 0  aaaa99999888a9654729aaa879877487657365a653684
368149 1 40 9 7 2 0 1 0 0  aaaa99999888a9777639aaa869876586673545a427485
368151 1 40 9 7 2 1 1 0 0  aaaa99999888a9777639aaa869876586673245a457485
368153 1 40 9 7 2 2 1 0 0  aaaa99999888a9777639aaa869875686673245a457485
368155 1 40 9 7 3 0 1 0 0  aaaa99999888a9777669aaa829876685475546a437385
368171 1 40 9 7 5 2 1 0 0  aaaa99999888a9777369aaa869875386676245a457485
368226 1 40 9 9 3 0 0 0 0  aaaa99999888a9666729aaa879877787655436a345584
368227 1 40 9 9 3 0 1 0 0  aaaa99999888a9666749aaa879877787644556a335582
368243 1 40 9 9 5 2 1 0 0  aaaa99999888a9654729aaa879877787654365a653684
368262 1 40 9 10 3 0 0 0 0  aaaa99999888a9666279aaa879865587777436a345584
368263 1 40 9 10 3 0 1 0 0  aaaa99999888a9666479aaa879864487777556a335582
368279 1 40 9 10 5 2 1 0 0  aaaa99999888a9654279aaa879865487777365a653684
368281 1 40 10 0 0 0 1 0 0  aaaa99999888a9877729aaa869867376457565a563448
368285 1 40 10 0 0 2 1 0 0  aaaa99999888a9877729aaa869867376547654a543658
368286 1 40 10 0 1 0 0 0 0  aaaa99999888a9877729aaa869867676557654a453438
368287 1 40 10 0 1 0 1 0 0  aaaa99999888a9877729aaa869867676557645a533448
368352 1 40 10 2 0 0 0 0 0  aaaa99999888a9866779aaa829877667565473a435548
368353 1 40 10 2 0 0 1 0 0  aaaa99999888a9866779aaa849877667464575a335528
368425 1 40 10 4 0 0 1 0 0  aaaa99999888a9866779aaa839877677663545a425548
369001 1 40 11 9 0 0 1 0 0  aaaa99999888a9885779aaa829777766545363a568464
369037 1 40 11 10 0 0 1 0 0  aaaa99999888a9885729aaa879777766545363a568464
369072 1 40 12 0 0 0 0 0 0  aaaa99999888a9877749aaa869657374657655a428638
369073 1 40 12 0 0 0 1 0 0  aaaa99999888a9877729aaa869657374657655a448638
369079 1 40 12 0 1 0 1 0 0  aaaa99999888a9877739aaa869667273567556a458448
369109 1 40 12 1 0 0 1 0 0  aaaa99999888a9866779aaa869776375453547a428568
369185 1 40 12 3 0 2 1 0 0  aaaa99999888a9866779aaa839777676563254a548458
369217 1 40 12 4 0 0 1 0 0  aaaa99999888a9866779aaa869776575475543a438268
369238 1 40 12 4 3 2 0 0 0  aaaa99999888a9863779aaa869776676573454a528458
369253 1 40 12 5 0 0 1 0 0  aaaa99999888a9866739aaa879766275736545a478548
369271 1 40 12 5 3 0 1 0 0  aaaa99999888a9865739aaa879766675735562a478448
369319 1 40 12 6 5 0 1 0 0  aaaa99999888a9855749aaa879772574674365a638668
369325 1 40 12 7 0 0 1 0 0  aaaa99999888a9866779aaa869776554445752a338768
369327 1 40 12 7 0 1 1 0 0  aaaa99999888a9866779aaa869776255345754a348768
369329 1 40 12 7 0 2 1 0 0  aaaa99999888a9866779aaa869776255545734a348768
369330 1 40 12 7 1 0 0 0 0  aaaa99999888a9855779aaa869776664254763a438758
369623 1 40 13 4 1 2 1 0 0  aaaa99999882a9884789aaa879766686754375a653745
369865 1 40 14 0 0 0 1 0 0  aaaa99999888a9877749aaa769868876474565a562335
370002 1 40 14 3 5 0 0 0 0  aaaa99999888a9857279aaa779868877655364a635644
370003 1 40 14 3 5 0 1 0 0  aaaa99999888a9857279aaa779868877655463a644653
370007 1 40 14 3 5 2 1 0 0  aaaa99999888a9857279aaa779868877654365a653644
370031 1 40 14 4 3 2 1 0 0  aaaa99999888a9854779aaa769878866354276a756534
370079 1 40 14 5 5 2 1 0 0  aaaa99999888a9854779aaa729878877654365a653664
370109 1 40 14 6 4 2 1 0 0  aaaa99999888a9854779aaa729868877754635a666534
370115 1 40 14 6 5 2 1 0 0  aaaa99999888a9854779aaa729868877754365a653664
370153 1 40 14 8 0 0 1 0 0  aaaa99999888a9866279aaa779878877665554a346354
370154 1 40 14 8 0 1 0 0 0  aaaa99999888a9866279aaa779878877664555a346354
370155 1 40 14 8 0 1 1 0 0  aaaa99999888a9866279aaa779878877665354a536454
370156 1 40 14 8 0 2 0 0 0  aaaa99999888a9866279aaa779878877664354a536554
370157 1 40 14 8 0 2 1 0 0  aaaa99999888a9866279aaa779878877546656a543534
370163 1 40 14 8 1 2 1 0 0  aaaa99999888a9854279aaa779878877666665a354534
370165 1 40 14 8 2 0 1 0 0  aaaa99999888a9855279aaa779878877666465a644353
370169 1 40 14 8 2 2 1 0 0  aaaa99999888a9854279aaa779878877666365a653544
370176 1 40 14 8 4 0 0 0 0  aaaa99999888a9855279aaa779878877654634a666354
370177 1 40 14 8 4 0 1 0 0  aaaa99999888a9855279aaa779878877635645a666443
370181 1 40 14 8 4 2 1 0 0  aaaa99999888a9854279aaa779878877654635a666534
370182 1 40 14 8 5 0 0 0 0  aaaa99999888a9855279aaa779878877654364a635664
370183 1 40 14 8 5 0 1 0 0  aaaa99999888a9855279aaa779878877635465a644663
370187 1 40 14 8 5 2 1 0 0  aaaa99999888a9854279aaa779878877654365a653664
370200 1 40 14 9 2 0 0 0 0  aaaa99999888a9855279aaa779868877754666a345364
370201 1 40 14 9 2 0 1 0 0  aaaa99999888a9855279aaa779868877745666a353464
370205 1 40 14 9 2 2 1 0 0  aaaa99999888a9854279aaa779868877754666a353564
370206 1 40 14 9 3 0 0 0 0  aaaa99999888a9855279aaa779868877754666a346354
370207 1 40 14 9 3 0 1 0 0  aaaa99999888a9855279aaa779868877735666a456443
370211 1 40 14 9 3 2 1 0 0  aaaa99999888a9854279aaa779868877754666a356534
370212 1 40 14 9 4 0 0 0 0  aaaa99999888a9855279aaa779868877754634a666354
370213 1 40 14 9 4 0 1 0 0  aaaa99999888a9855279aaa779868877735645a666443
370217 1 40 14 9 4 2 1 0 0  aaaa99999888a9854279aaa779868877754635a666534
370218 1 40 14 9 5 0 0 0 0  aaaa99999888a9855279aaa779868877754364a635664
370219 1 40 14 9 5 0 1 0 0  aaaa99999888a9855279aaa779868877735465a644663
370223 1 40 14 9 5 2 1 0 0  aaaa99999888a9854279aaa779868877754365a653664
370224 1 40 14 10 0 0 0 0 0  aaaa99999888a9866479aaa679848877773656a553425
370297 1 40 15 1 0 0 1 0 0  aaaa99999887a9877289aaa879878566455376a653446
370299 1 40 15 1 0 1 1 0 0  aaaa99999887a9877289aaa879878566555476a644336
370300 1 40 15 1 0 2 0 0 0  aaaa99999887a9877289aaa879878566345476a645356
370301 1 40 15 1 0 2 1 0 0  aaaa99999887a9877289aaa879878566335476a446655
370315 1 40 15 1 3 0 1 0 0  aaaa99999887a9877289aaa879878566655476a446533
370321 1 40 15 1 4 0 1 0 0  aaaa99999887a9877289aaa879878466656576a534543
370445 1 40 15 5 0 2 1 0 0  aaaa99999887a9877289aaa879868673546664a573554
370471 1 40 15 5 5 0 1 0 0  aaaa99999887a9877389aaa879868375654562a674645
370513 1 40 15 7 0 0 1 0 0  aaaa99999887a9877289aaa879868665635547a437456
370515 1 40 15 7 0 1 1 0 0  aaaa99999887a9877289aaa879868665655547a437346
370536 1 40 15 7 4 0 0 0 0  aaaa99999887a9877289aaa879858566566467a437345
370542 1 40 15 7 5 0 0 0 0  aaaa99999887a9877289aaa879858566666457a437345
370589 1 40 15 9 0 2 1 0 0  aaaa99999887a9876289aaa879868677754665a354534
370620 1 40 15 10 0 0 0 0 0  aaaa99999887a9866489aaa879848677773656a553425
370692 1 40 16 1 0 0 0 0 0  aaaa99999887a9877289aaa879876665564584a736354
370697 1 40 16 1 0 2 1 0 0  aaaa99999887a9877289aaa879876665363584a755464
370717 1 40 16 1 4 0 1 0 0  aaaa99999887a9877289aaa879875566656486a744353
370721 1 40 16 1 4 2 1 0 0  aaaa99999887a9877289aaa879875466656386a753544
370723 1 40 16 1 5 0 1 0 0  aaaa99999887a9877289aaa879875566666485a744353
370727 1 40 16 1 5 2 1 0 0  aaaa99999887a9877289aaa879875466666385a753544
370867 1 40 16 5 5 0 1 0 0  aaaa99999887a9877289aaa879865574635485a674663
370909 1 40 16 7 0 0 1 0 0  aaaa99999887a9877289aaa879866465654587a367534
370939 1 40 16 7 5 0 1 0 0  aaaa99999887a9877489aaa879854466666287a557335
370966 1 40 16 8 3 2 0 0 0  aaaa99999887a9854789aaa879877366653286a756445
371026 1 40 16 10 1 2 0 0 0  aaaa99999887a9854689aaa879866377773685a652445
371047 1 40 16 10 5 0 1 0 0  aaaa99999887a9865289aaa879856577774386a563644
371051 1 40 16 10 5 2 1 0 0  aaaa99999887a9865389aaa879836577775486a464652
371254 1 40 17 5 3 2 0 0 0  aaaa99999887a9884789aaa879875376663625a744565
371262 1 40 17 5 5 0 0 0 0  aaaa99999887a9885789aaa879876475465526a763643
371304 1 40 17 7 0 0 0 0 0  aaaa99999887a9885489aaa879877466525376a673546
371305 1 40 17 7 0 0 1 0 0  aaaa99999887a9884589aaa879877566535276a674346
371307 1 40 17 7 0 1 1 0 0  aaaa99999887a9885589aaa879877566425376a673446
371308 1 40 17 7 0 2 0 0 0  aaaa99999887a9885289aaa879877566445376a376654
371309 1 40 17 7 0 2 1 0 0  aaaa99999887a9885289aaa879877566444376a376655
371313 1 40 17 7 1 1 1 0 0  aaaa99999887a9884289aaa879877466633576a575546
371314 1 40 17 7 1 2 0 0 0  aaaa99999887a9885289aaa879877566635476a475346
371315 1 40 17 7 1 2 1 0 0  aaaa99999887a9885289aaa879877566635476a474356
371329 1 40 17 7 4 0 1 0 0  aaaa99999887a9884289aaa879877466656576a574533
371413 1 40 17 10 0 0 1 0 0  aaaa99999887a9884389aaa879866377774665a554256
371448 1 40 18 0 0 0 0 0 0  aaaa99999888a9884779aaa369876876553657a744625
371557 1 40 18 3 0 0 1 0 0  aaaa99999888a9887729aaa779877866545364a563465
371801 1 40 18 9 4 2 1 0 0  aaaa99999888a9884279aaa779865877754635a666534
371807 1 40 18 9 5 2 1 0 0  aaaa99999888a9884279aaa779865877754365a653664
371896 1 40 19 1 2 2 0 0 0  aaaa99999888a9854779aaa869877387663765a652445
371951 1 40 19 2 5 2 1 0 0  aaaa99999888a9865779aaa839877587365476a464652
371987 1 40 19 3 5 2 1 0 0  aaaa99999888a9854779aaa829877787654365a653664
372017 1 40 19 4 4 2 1 0 0  aaaa99999888a9854779aaa829877487657635a666534
372023 1 40 19 4 5 2 1 0 0  aaaa99999888a9854779aaa829877487657365a653664
372055 1 40 19 5 5 0 1 0 0  aaaa99999888a9865729aaa879876487575376a563644
372059 1 40 19 5 5 2 1 0 0  aaaa99999888a9865739aaa879876587375476a464652
372089 1 40 19 6 4 2 1 0 0  aaaa99999888a9854729aaa879877487657635a666534
372095 1 40 19 6 5 2 1 0 0  aaaa99999888a9854729aaa879877487657365a653664
372203 1 40 19 9 5 2 1 0 0  aaaa99999888a9854729aaa879877787654365a653664
372239 1 40 19 10 5 2 1 0 0  aaaa99999888a9854279aaa879865487777365a653664
372240 1 40 20 0 0 0 0 0 0  aaaa99999888a9884779aaa869876376553657a744625
372457 1 40 20 6 0 0 1 0 0  aaaa99999888a9884739aaa879877477663665a554256
372529 1 40 20 8 0 0 1 0 0  aaaa99999888a9885779aaa839877766535476a644526
372601 1 40 20 10 0 0 1 0 0  aaaa99999888a9884379aaa879866377774665a554256
372636 1 40 21 0 0 0 0 0 0  aaaa99999888a9888779aaa469876376553657a744625
372745 1 40 21 3 0 0 1 0 0  aaaa99999888a9888729aaa779877566545363a567464
372797 1 40 21 4 2 2 1 0 0  aaaa99999888a9888779aaa769876666354275a754534
373141 1 40 22 3 0 0 1 0 0  aaaa99999787a9775829aaa789888866545363a567464
373430 1 41 0 0 0 1 0 0 0  aaaa88774999a9993789aaa968687378762645a555846
373454 1 41 0 0 4 1 0 0 0  aaaa88775999a9994789aaa968687378753645a662845
373503 1 41 0 2 0 1 1 0 0  aaaa88777999a9994389aaa968687378764652a555846
373504 1 41 0 2 0 2 0 0 0  aaaa88777999a9995289aaa968687578765644a335846
373609 1 41 0 5 0 0 1 0 0  aaaa88777999a9995289aaa968687468755376a653844
373613 1 41 0 5 0 2 1 0 0  aaaa88777999a9995289aaa968687568735476a644853
373644 1 41 0 6 0 0 0 0 0  aaaa88665999a9994789aaa978787378763665a455842
373646 1 41 0 6 0 1 0 0 0  aaaa88665999a9994789aaa978787378763664a555824
373710 1 41 0 7 5 0 0 0 0  aaaa88777999a9997289aaa958687558743644a666853
373711 1 41 0 7 5 0 1 0 0  aaaa88777999a9997289aaa958687548753644a666853
373789 1 41 0 10 0 0 1 0 0  aaaa88676999a9996289aaa968587548675447a573837
373819 1 41 0 10 5 0 1 0 0  aaaa88674999a9994389aaa958587358674267a675867
373886 1 41 1 1 4 1 0 0 0  aaaa88874999a9993889aaa978774476586657a663525
374106 1 41 1 7 5 0 0 0 0  aaaa88865999a9993889aaa978776375485526a474676
374270 1 41 2 1 2 1 0 0 0  aaaa88854999a9993789aaa988774477683657a662565
374272 1 41 2 1 2 2 0 0 0  aaaa88845999a9995789aaa988773577685647a662463
374462 1 41 2 6 4 1 0 0 0  aaaa88854999a9993789aaa988777357686765a644625
374464 1 41 2 6 4 2 0 0 0  aaaa88845999a9995789aaa988777547686764a635623
374620 1 41 3 0 0 2 0 0 0  aaaa88877999a9995279aaa968768768375446a645358
374693 1 41 3 2 0 2 1 0 0  aaaa88866999a9996779aaa928778468574756a533548
374765 1 41 3 4 0 2 1 0 0  aaaa88866999a9996779aaa928778478574656a533548
374825 1 41 3 5 4 2 1 0 0  aaaa88845999a9995729aaa978768678745364a673658
374832 1 41 3 6 0 0 0 0 0  aaaa88866999a9996729aaa978778578575656a344438
374837 1 41 3 6 0 2 1 0 0  aaaa88866999a9996729aaa978778478574656a533548
375049 1 41 4 1 0 0 1 0 0  aaaa88875999a9994839aaa978778478663667a525546
375052 1 41 4 1 0 2 0 0 0  aaaa88875999a9995829aaa978778578665667a344436
375060 1 41 4 1 2 0 0 0 0  aaaa88875999a9994869aaa978778378663467a654552
375062 1 41 4 1 2 1 0 0 0  aaaa88875999a9994869aaa978778378663567a655442
375066 1 41 4 1 3 0 0 0 0  aaaa88875999a9994869aaa978778378663567a562454
375068 1 41 4 1 3 1 0 0 0  aaaa88875999a9994869aaa978778378663567a565442
375079 1 41 4 1 5 0 1 0 0  aaaa88875999a9994829aaa978778478655367a653664
375098 1 41 4 2 2 1 0 0 0  aaaa88854999a9993869aaa978778378662567a657445
375100 1 41 4 2 2 2 0 0 0  aaaa88845999a9995869aaa978778578665467a647332
375102 1 41 4 2 3 0 0 0 0  aaaa88865999a9994869aaa978778378663567a547254
375164 1 41 4 4 1 1 0 0 0  aaaa88875999a9994869aaa978778368673657a562454
375166 1 41 4 4 1 2 0 0 0  aaaa88875999a9995869aaa978778568675647a464332
375174 1 41 4 4 3 0 0 0 0  aaaa88875999a9994869aaa978778368673657a545624
375176 1 41 4 4 3 1 0 0 0  aaaa88875999a9994869aaa978778368673647a555642
375270 1 41 4 7 1 0 0 0 0  aaaa88865999a9994879aaa978778368646756a525734
375278 1 41 4 7 2 1 0 0 0  aaaa88854999a9993879aaa978778368662755a644765
375280 1 41 4 7 2 2 0 0 0  aaaa88845999a9995879aaa978778568665744a633762
375316 1 41 4 8 2 2 0 0 0  aaaa88854999a9993879aaa978778768663725a644565
375481 1 41 5 2 0 0 1 0 0  aaaa88876999a9994829aaa978776685574766a385534
375557 1 41 5 4 0 2 1 0 0  aaaa88876999a9994829aaa978776685674537a585634
375566 1 41 5 4 2 1 0 0 0  aaaa88874999a9993869aaa978774486673657a586525
375865 1 41 6 1 4 0 1 0 0  aaaa88875999a9994829aaa978775578684637a666534
375871 1 41 6 1 5 0 1 0 0  aaaa88875999a9994829aaa978775578684367a653664
375892 1 41 6 2 2 2 0 0 0  aaaa88854999a9993869aaa978775378686267a657445
375902 1 41 6 2 4 1 0 0 0  aaaa88854999a9993869aaa978774478683567a657625
375904 1 41 6 2 4 2 0 0 0  aaaa88845999a9995869aaa978773578685467a647623
375909 1 41 6 2 5 1 1 0 0  aaaa88855999a9994839aaa978775478683267a657664
375914 1 41 6 3 0 1 0 0 0  aaaa88847999a9995829aaa978777468687653a536654
375916 1 41 6 3 0 2 0 0 0  aaaa88837999a9995829aaa978777568687644a436655
375953 1 41 6 4 0 2 1 0 0  aaaa88847999a9997829aaa978776668587356a536454
376118 1 41 6 8 4 1 0 0 0  aaaa88854999a9993879aaa978777358686765a644625
376120 1 41 6 8 4 2 0 0 0  aaaa88845999a9995879aaa978777548686764a635623
376200 1 41 7 0 0 0 0 0 0  aaaa88884999a9993889aaa978766375646557a762574
376218 1 41 7 0 3 0 0 0 0  aaaa88885999a9993889aaa978766675645547a763472
376294 1 41 7 2 3 2 0 0 0  aaaa88885999a9995889aaa978773576665647a447362
376359 1 41 7 4 2 1 1 0 0  aaaa88884999a9994889aaa978773366674557a266557
376361 1 41 7 4 2 2 1 0 0  aaaa88884999a9994889aaa978773366674257a566557
376462 1 41 7 7 1 2 0 0 0  aaaa88886999a9995889aaa978772576665434a476375
376468 1 41 7 7 2 2 0 0 0  aaaa88885999a9995889aaa978773576665644a476372
376472 1 41 7 7 3 1 0 0 0  aaaa88884999a9993889aaa978774476663565a276575
376474 1 41 7 7 3 2 0 0 0  aaaa88885999a9995889aaa978773576665464a476372
376482 1 41 7 7 5 0 0 0 0  aaaa88885999a9993889aaa978776375465526a474676
376492 1 41 7 8 0 2 0 0 0  aaaa88885999a9995889aaa978777576635646a447362
376506 1 41 7 8 3 0 0 0 0  aaaa88885999a9993889aaa978777376662654a447565
376508 1 41 7 8 3 1 0 0 0  aaaa88885999a9993889aaa978777376662645a447565
376510 1 41 7 8 3 2 0 0 0  aaaa88885999a9995889aaa978777576665644a437362
376518 1 41 7 8 5 0 0 0 0  aaaa88885999a9994889aaa978777275645563a637664
376640 1 41 8 1 1 1 0 0 0  aaaa88875999a9994869aaa978774478663667a583552
376650 1 41 8 1 3 0 0 0 0  aaaa88875999a9994869aaa978776378663567a582454
376652 1 41 8 1 3 1 0 0 0  aaaa88875999a9994869aaa978776378663567a585442
376663 1 41 8 1 5 0 1 0 0  aaaa88875999a9994829aaa978775578654367a683664
376682 1 41 8 2 2 1 0 0 0  aaaa88854999a9995869aaa978775378663267a687445
376684 1 41 8 2 2 2 0 0 0  aaaa88845999a9995869aaa978773578665267a687443
376708 1 41 8 3 0 2 0 0 0  aaaa88847999a9995849aaa978777568647633a286655
376745 1 41 8 4 0 2 1 0 0  aaaa88876999a9995829aaa978776648675447a385635
376748 1 41 8 4 1 1 0 0 0  aaaa88874999a9993869aaa978774468673657a586525
376775 1 41 8 4 5 2 1 0 0  aaaa88875999a9995849aaa978773548674267a685663
376792 1 41 8 5 2 2 0 0 0  aaaa88854999a9993879aaa978775378666265a687445
376804 1 41 8 5 4 2 0 0 0  aaaa88854999a9993879aaa978774478656265a687635
376810 1 41 8 5 5 2 0 0 0  aaaa88854999a9993879aaa978775378644265a687665
376862 1 41 8 7 2 1 0 0 0  aaaa88854999a9993879aaa978774468663755a682765
376864 1 41 8 7 2 2 0 0 0  aaaa88845999a9995879aaa978773568665744a682763
376898 1 41 8 8 2 1 0 0 0  aaaa88844999a9995879aaa978777468663725a683565
376900 1 41 8 8 2 2 0 0 0  aaaa88845999a9995879aaa978777568665744a682363
377036 1 41 9 1 1 1 0 0 0  aaaa88875999a9994869aaa978774478663667a555832
377042 1 41 9 1 2 1 0 0 0  aaaa88875999a9994869aaa978774478663567a655832
377048 1 41 9 1 3 1 0 0 0  aaaa88875999a9994869aaa978776378663567a545824
377050 1 41 9 1 3 2 0 0 0  aaaa88875999a9995869aaa978776578665467a433842
377063 1 41 9 1 5 2 1 0 0  aaaa88876999a9996829aaa978774678546357a536854
377078 1 41 9 2 2 1 0 0 0  aaaa88854999a9993869aaa978774478663567a657825
377080 1 41 9 2 2 2 0 0 0  aaaa88845999a9995869aaa978773578665467a647823
377260 1 41 9 7 2 2 0 0 0  aaaa88854999a9993879aaa978775328666765a644875
377266 1 41 9 7 3 2 0 0 0  aaaa88854999a9993879aaa978775368656726a644875
377272 1 41 9 7 4 2 0 0 0  aaaa88854999a9993879aaa978775368666725a644875
377276 1 41 9 7 5 1 0 0 0  aaaa88865999a9993879aaa978776358565746a464872
377286 1 41 9 8 1 0 0 0 0  aaaa88865999a9994879aaa978777368646756a525834
377294 1 41 9 8 2 1 0 0 0  aaaa88854999a9993879aaa978777368662755a644865
377296 1 41 9 8 2 2 0 0 0  aaaa88845999a9995879aaa978777568665744a633862
377358 1 41 9 10 1 0 0 0 0  aaaa88856999a9994879aaa978666278777545a536843
377401 1 41 10 0 2 0 1 0 0  aaaa88885999a9993829aaa978766678655467a744573
377442 1 41 10 1 3 0 0 0 0  aaaa88885999a9993869aaa978776378662467a455547
377444 1 41 10 1 3 1 0 0 0  aaaa88884999a9993869aaa978776378662567a455547
377474 1 41 10 2 2 1 0 0 0  aaaa88884999a9993869aaa978775378662567a657445
377476 1 41 10 2 2 2 0 0 0  aaaa88885999a9995869aaa978774578665467a647332
377478 1 41 10 2 3 0 0 0 0  aaaa88885999a9994869aaa978776378663567a547254
377500 1 41 10 3 0 2 0 0 0  aaaa88887999a9995849aaa978777568647624a336655
377604 1 41 10 6 0 0 0 0 0  aaaa88885999a9994879aaa978777378663665a455246
377646 1 41 10 7 1 0 0 0 0  aaaa88885999a9994879aaa978776368646756a525734
377654 1 41 10 7 2 1 0 0 0  aaaa88884999a9993879aaa978775368662755a644765
377656 1 41 10 7 2 2 0 0 0  aaaa88885999a9995879aaa978774568665744a633762
377690 1 41 10 8 2 1 0 0 0  aaaa88885999a9994879aaa978777368663725a644565
377692 1 41 10 8 2 2 0 0 0  aaaa88885999a9995879aaa978777568665744a642363
377784 1 41 11 0 0 0 0 0 0  aaaa88888999a9995869aaa978766375645547a763472
377803 1 41 11 0 3 0 1 0 0  aaaa88888999a9994839aaa978766675653527a764574
377893 1 41 11 3 0 0 1 0 0  aaaa88888999a9997839aaa978777466357565a564264
378220 1 41 12 1 0 2 0 0 0  aaaa88887999a9995849aaa988777567647624a336655
378324 1 41 12 4 0 0 0 0 0  aaaa88885999a9994879aaa988777377663665a455246
378360 1 41 12 5 0 0 0 0 0  aaaa88885999a9994849aaa988777267654736a655376
378362 1 41 12 5 0 1 0 0 0  aaaa88884999a9993859aaa988777367655726a644576
378365 1 41 12 5 0 2 1 0 0  aaaa88885999a9995849aaa988777567644736a625376
378380 1 41 12 5 3 1 0 0 0  aaaa88884999a9993869aaa988777367652756a644575
378382 1 41 12 5 3 2 0 0 0  aaaa88885999a9995869aaa988777567645736a644372
378396 1 41 12 6 0 0 0 0 0  aaaa88885999a9994829aaa988777767655736a644536
378440 1 41 12 7 1 1 0 0 0  aaaa88884999a9993869aaa988777367644675a562557
378452 1 41 12 7 3 1 0 0 0  aaaa88884999a9993869aaa988777367644675a555627
378456 1 41 12 7 4 0 0 0 0  aaaa88885999a9994869aaa988777367663675a455247
378587 1 41 13 0 1 2 1 0 0  aaaa88884999a9994839aaa978766686753727a654575
378656 1 41 13 2 1 1 0 0 0  aaaa88885999a9994869aaa978776386673752a464557
378658 1 41 13 2 1 2 0 0 0  aaaa88885999a9995869aaa978776586675744a462337
378668 1 41 13 2 3 1 0 0 0  aaaa88884999a9993869aaa978774486673765a562557
378725 1 41 13 4 0 2 1 0 0  aaaa88886999a9994829aaa978776686574357a563547
378866 1 41 13 8 0 1 0 0 0  aaaa88884999a9993879aaa978777386644765a562556
379153 1 41 14 5 0 0 1 0 0  aaaa88868999a9995729aaa978766486774738a655534
379193 1 41 14 6 0 2 1 0 0  aaaa88848999a9996729aaa978776686577358a563454
379224 1 41 14 7 0 0 0 0 0  aaaa88868999a9994779aaa968776386553758a644725
379378 1 41 15 0 1 2 0 0 0  aaaa88877999a9995749aaa968667587467346a388255
379379 1 41 15 0 1 2 1 0 0  aaaa88877999a9994729aaa968667487567356a388554
379406 1 41 15 1 0 1 0 0 0  aaaa88874999a9993779aaa968776386572556a688454
379408 1 41 15 1 0 2 0 0 0  aaaa88875999a9995779aaa968776586475446a688332
379426 1 41 15 1 3 2 0 0 0  aaaa88874999a9993779aaa968776686573256a588454
379434 1 41 15 1 5 0 0 0 0  aaaa88875999a9993779aaa958774585673464a688662
379507 1 41 15 3 5 0 1 0 0  aaaa88855999a9995779aaa948777384647265a688663
379538 1 41 15 4 4 1 0 0 0  aaaa88854999a9993779aaa968774482677565a688635
379540 1 41 15 4 4 2 0 0 0  aaaa88835999a9995779aaa968773584677464a688652
379543 1 41 15 4 5 0 1 0 0  aaaa88855999a9995779aaa948774483677365a688662
379610 1 41 15 6 4 1 0 0 0  aaaa88854999a9993769aaa978774482677565a688635
379612 1 41 15 6 4 2 0 0 0  aaaa88835999a9995769aaa978773584677464a688652
379615 1 41 15 6 5 0 1 0 0  aaaa88854999a9994729aaa978773485677565a688663
379775 1 41 16 0 1 2 1 0 0  aaaa88877999a9994729aaa968667487567356a583584
379888 1 41 16 3 2 2 0 0 0  aaaa88853999a9993779aaa968777286657644a486585
379936 1 41 16 4 4 2 0 0 0  aaaa88853999a9993779aaa968775286477644a686585
379944 1 41 16 5 0 0 0 0 0  aaaa88866999a9996729aaa978766585775734a584384
379945 1 41 16 5 0 0 1 0 0  aaaa88866999a9996749aaa978766384774755a583285
379953 1 41 16 5 1 1 1 0 0  aaaa88855999a9994739aaa978766686773725a684584
379955 1 41 16 5 1 2 1 0 0  aaaa88854999a9994739aaa978766686773725a684585
379962 1 41 16 5 3 0 0 0 0  aaaa88864999a9993759aaa978766685773764a582584
379996 1 41 16 6 2 2 0 0 0  aaaa88853999a9993769aaa978775286677644a486585
380008 1 41 16 6 4 2 0 0 0  aaaa88853999a9993769aaa978775286477644a686585
380010 1 41 16 6 5 0 0 0 0  aaaa88863999a9993749aaa978776284577556a485686
380104 1 41 16 9 2 2 0 0 0  aaaa88853999a9993779aaa968777786652644a486585
380140 1 41 16 10 2 2 0 0 0  aaaa88853999a9993769aaa978777786652644a486585
380226 1 41 17 1 5 0 0 0 0  aaaa88885999a9993779aaa958774585673467a648662
380341 1 41 17 5 0 0 1 0 0  aaaa88885999a9994739aaa978766486773726a658554
380364 1 41 17 5 4 0 0 0 0  aaaa88884999a9993759aaa978765685773764a658624
380412 1 41 17 7 0 0 0 0 0  aaaa88885999a9994779aaa968776386545756a628734
380484 1 41 17 9 0 0 0 0 0  aaaa88885999a9994779aaa928777786655636a358464
380520 1 41 17 10 0 0 0 0 0  aaaa88885999a9994729aaa978777786655636a358464
380737 1 41 18 5 0 0 1 0 0  aaaa88888999a9995729aaa978766486774736a655534
380808 1 41 18 7 0 0 0 0 0  aaaa88888999a9994779aaa968776386553756a644725
380953 1 41 19 0 0 0 1 0 0  aaaa88885999a9994779aaa968765578264367a763584
381145 1 41 19 5 2 0 1 0 0  aaaa88885999a9994729aaa978766678755363a674584
381151 1 41 19 5 3 0 1 0 0  aaaa88884999a9994739aaa978766678763565a574285
381195 1 41 19 6 4 1 1 0 0  aaaa88884999a9994739aaa978775578673625a666584
381198 1 41 19 6 5 0 0 0 0  aaaa88885999a9993729aaa978776378575446a564686
381204 1 41 19 7 0 0 0 0 0  aaaa88885999a9994779aaa968776368545762a563784
381277 1 41 19 9 0 0 1 0 0  aaaa88884999a9994779aaa928777768654655a536683
381313 1 41 19 10 0 0 1 0 0  aaaa88884999a9994729aaa978777768654655a536683
381349 1 41 20 0 0 0 1 0 0  aaaa88888999a9995779aaa968765578364267a764534
381541 1 41 20 5 2 0 1 0 0  aaaa88888999a9995729aaa978766678755363a674544
381545 1 41 20 5 2 2 1 0 0  aaaa88888999a9994729aaa978766678754365a673545
381557 1 41 20 5 4 2 1 0 0  aaaa88888999a9994729aaa978765678754365a673645
381600 1 41 20 7 0 0 0 0 0  aaaa88888999a9994779aaa968776368553765a464752
382012 1 41 21 7 2 2 0 0 0  aaaa77753999a9993889aaa968888876652644a476575
382032 1 41 21 8 0 0 0 0 0  aaaa77775999a9994889aaa928888876655636a357464
382408 1 41 22 7 2 2 0 0 0  aaaa77753999a9993869aaa988888876652644a476575
382428 1 41 22 8 0 0 0 0 0  aaaa77775999a9994829aaa988888876655636a357464
382544 1 42 0 0 1 1 0 0 0  aaaa99995887a9744789aaa478696668593786a783552
382548 1 42 0 0 2 0 0 0 0  aaaa99995887a9764789aaa378696658593786a782454
382550 1 42 0 0 2 1 0 0 0  aaaa99995887a9764789aaa378696658595786a783442
382590 1 42 0 1 3 0 0 0 0  aaaa99994887a9773789aaa778696658593685a484652
382608 1 42 0 2 0 0 0 0 0  aaaa99995887a9774789aaa378696368494685a782556
382616 1 42 0 2 1 1 0 0 0  aaaa99995887a9774789aaa378696668593684a782554
382620 1 42 0 2 2 0 0 0 0  aaaa99995887a9774789aaa378696658495586a783642
382622 1 42 0 2 2 1 0 0 0  aaaa99995887a9774789aaa378696658595486a784632
382626 1 42 0 2 3 0 0 0 0  aaaa99995887a9774789aaa378696658495685a783642
382628 1 42 0 2 3 1 0 0 0  aaaa99995887a9774789aaa378696658595684a783624
382632 1 42 0 2 4 0 0 0 0  aaaa99995887a9774789aaa378696358495586a782646
382634 1 42 0 2 4 1 0 0 0  aaaa99995887a9774789aaa378696358595486a784626
382662 1 42 0 3 3 0 0 0 0  aaaa99994887a9777789aaa378696658593685a484652
382686 1 42 0 4 1 0 0 0 0  aaaa99995887a9774789aaa378796368696586a582454
382688 1 42 0 4 1 1 0 0 0  aaaa99995887a9774789aaa378796368696586a585442
382694 1 42 0 4 2 1 0 0 0  aaaa99995887a9774789aaa378794468696686a583552
382706 1 42 0 4 4 1 0 0 0  aaaa99995887a9774789aaa378795368692485a684665
382730 1 42 0 5 2 1 0 0 0  aaaa99995887a9774689aaa378696378592684a786554
382736 1 42 0 5 3 1 0 0 0  aaaa99995887a9774689aaa678696378593684a782554
382742 1 42 0 5 4 1 0 0 0  aaaa99995887a9774689aaa378696678593684a782554
382747 1 42 0 5 5 0 1 0 0  aaaa99996887a9776389aaa678593678296585a784544
382766 1 42 0 6 2 1 0 0 0  aaaa99995887a9777689aaa478696378593684a682554
382782 1 42 0 6 5 0 0 0 0  aaaa99996887a9777289aaa678595678396584a386544
382794 1 42 0 7 1 0 0 0 0  aaaa99996887a9774689aaa678696358593587a782454
382800 1 42 0 7 2 0 0 0 0  aaaa99995887a9774689aaa378696358592687a786454
382802 1 42 0 7 2 1 0 0 0  aaaa99995887a9774689aaa378696358595687a786442
382806 1 42 0 7 3 0 0 0 0  aaaa99995887a9774689aaa678696358593687a782454
382808 1 42 0 7 3 1 0 0 0  aaaa99995887a9774689aaa678696358595687a783442
382812 1 42 0 7 4 0 0 0 0  aaaa99995887a9774689aaa378696658593687a782454
382814 1 42 0 7 4 1 0 0 0  aaaa99995887a9774689aaa378696658595687a783442
382822 1 42 0 7 5 2 0 0 0  aaaa99996887a9776589aaa678595548496487a786332
382823 1 42 0 7 5 2 1 0 0  aaaa99996887a9776589aaa678595538496387a786442
382855 1 42 0 8 5 0 1 0 0  aaaa99996887a9777289aaa678595638496583a786445
382859 1 42 0 8 5 2 1 0 0  aaaa99996887a9777289aaa678495638396485a784565
382860 1 42 0 9 0 0 0 0 0  aaaa99994887a9663789aaa378797758696586a582454
382901 1 42 0 10 0 2 1 0 0  aaaa99997886a9657689aaa768295738497385a687445
382908 1 42 0 10 2 0 0 0 0  aaaa99997886a9667289aaa768595768397584a387544
382915 1 42 0 10 3 0 1 0 0  aaaa99997886a9667289aaa768595738497583a687445
382919 1 42 0 10 3 2 1 0 0  aaaa99997886a9667289aaa768495738397485a487565
382937 1 42 1 0 0 2 1 0 0  aaaa99995888a9775279aaa867697563793886a648454
382952 1 42 1 0 3 1 0 0 0  aaaa99994888a9773679aaa867697365792885a658445
382963 1 42 1 0 5 0 1 0 0  aaaa99996888a9776279aaa857597653796884a538464
382973 1 42 1 1 0 2 1 0 0  aaaa99994888a9777779aaa866295436793886a658545
383005 1 42 1 2 0 0 1 0 0  aaaa99994888a9777579aaa866597426794886a658533
383015 1 42 1 2 1 2 1 0 0  aaaa99994888a9777679aaa866297436793885a658545
383077 1 42 1 4 0 0 1 0 0  aaaa99995888a9777379aaa876695362796884a648554
383081 1 42 1 4 0 2 1 0 0  aaaa99994888a9777379aaa876695362796885a658544
383127 1 42 1 5 2 1 1 0 0  aaaa99994888a9777629aaa866397356796885a758544
383150 1 42 1 6 0 1 0 0 0  aaaa99994888a9663729aaa877796356797885a658445
383152 1 42 1 6 0 2 0 0 0  aaaa99995888a9665749aaa877796546797884a638352
383158 1 42 1 6 1 2 0 0 0  aaaa99994888a9666739aaa877795236797885a658445
383170 1 42 1 6 3 2 0 0 0  aaaa99995888a9666749aaa877796543797884a638255
383176 1 42 1 6 4 2 0 0 0  aaaa99993888a9653749aaa877795246797884a658665
383178 1 42 1 6 5 0 0 0 0  aaaa99994888a9464759aaa877796325797886a568653
383182 1 42 1 6 5 2 0 0 0  aaaa99995888a9465739aaa877796534797886a468652
383201 1 42 1 7 2 2 1 0 0  aaaa99997888a9777659aaa856697265795886a438443
383329 1 42 2 0 0 0 1 0 0  aaaa99995888a9774279aaa867697463793865a868554
383331 1 42 2 0 0 1 1 0 0  aaaa99995888a9774279aaa867697463793865a868545
383332 1 42 2 0 0 2 0 0 0  aaaa99995888a9775279aaa867697564794863a868354
383333 1 42 2 0 0 2 1 0 0  aaaa99995888a9775279aaa867697563793864a868454
383336 1 42 2 0 1 1 0 0 0  aaaa99994888a9773679aaa867697365792865a858445
383358 1 42 2 0 5 0 0 0 0  aaaa99996888a9776579aaa857497652796854a848363
383359 1 42 2 0 5 0 1 0 0  aaaa99996888a9776579aaa857497654796853a848362
383361 1 42 2 0 5 1 1 0 0  aaaa99996888a9776579aaa857597652796834a848364
383365 1 42 2 1 0 0 1 0 0  aaaa99995888a9777779aaa866295536794863a868544
383369 1 42 2 1 0 2 1 0 0  aaaa99994888a9777779aaa866295436793865a868545
383386 1 42 2 1 3 2 0 0 0  aaaa99994888a9777779aaa866695233796865a858445
383423 1 42 2 2 3 2 1 0 0  aaaa99994888a9777679aaa866297436793865a858545
383472 1 42 2 4 0 0 0 0 0  aaaa99994888a9777479aaa876695462796855a868353
383473 1 42 2 4 0 0 1 0 0  aaaa99995888a9777479aaa876694462796855a868353
383477 1 42 2 4 0 2 1 0 0  aaaa99994888a9777279aaa876695436793865a858645
383483 1 42 2 4 1 2 1 0 0  aaaa99994888a9777679aaa876695462796835a858534
383523 1 42 2 5 2 1 1 0 0  aaaa99994888a9777629aaa866397356796875a858544
383546 1 42 2 6 0 1 0 0 0  aaaa99994888a9663729aaa877796365797865a858445
383548 1 42 2 6 0 2 0 0 0  aaaa99995888a9665749aaa877796564797863a848352
383554 1 42 2 6 1 2 0 0 0  aaaa99994888a9666739aaa877795263797865a858445
383566 1 42 2 6 3 2 0 0 0  aaaa99995888a9666749aaa877796543797864a838255
383572 1 42 2 6 4 2 0 0 0  aaaa99993888a9653749aaa877795264797865a848665
383574 1 42 2 6 5 0 0 0 0  aaaa99994888a9464759aaa877796352797856a868653
383578 1 42 2 6 5 2 0 0 0  aaaa99995888a9465739aaa877796543797846a868652
383587 1 42 2 7 1 0 1 0 0  aaaa99997888a9777669aaa856697552796834a848354
383597 1 42 2 7 2 2 1 0 0  aaaa99997888a9777659aaa866397355795866a848424
383727 1 42 3 0 0 1 1 0 0  aaaa99996888a9775279aaa868797663793654a848554
383729 1 42 3 0 0 2 1 0 0  aaaa99996888a9774279aaa868797663794365a858545
383755 1 42 3 0 5 0 1 0 0  aaaa99996888a9776579aaa858797652796534a848364
383799 1 42 3 2 0 1 1 0 0  aaaa99994888a9777279aaa868697463793565a868545
383827 1 42 3 2 5 0 1 0 0  aaaa99996888a9777579aaa858497654796533a848266
383869 1 42 3 4 0 0 1 0 0  aaaa99994888a9777279aaa878696456796536a858534
383957 1 42 3 6 2 2 1 0 0  aaaa99995888a9666739aaa878797573795246a868445
383983 1 42 3 7 1 0 1 0 0  aaaa99997888a9777669aaa828697665795534a848354
383988 1 42 3 7 2 0 0 0 0  aaaa99997888a9777629aaa868697465796554a838354
383993 1 42 3 7 2 2 1 0 0  aaaa99997888a9777659aaa868697255795643a868443
384001 1 42 3 7 4 0 1 0 0  aaaa99997888a9777629aaa868697665795534a848354
384007 1 42 3 7 5 0 1 0 0  aaaa99997888a9777269aaa868597566796534a848354
384119 1 42 3 10 5 2 1 0 0  aaaa99995888a9465379aaa878396577797246a868645
384222 1 42 4 2 5 0 0 0 0  aaaa99998888a9777279aaa858697556794634a668354
384223 1 42 4 2 5 0 1 0 0  aaaa99998888a9777579aaa858697356793654a668424
384241 1 42 4 3 2 0 1 0 0  aaaa99998888a9666779aaa828797775695564a348354
384265 1 42 4 4 0 0 1 0 0  aaaa99998888a9777379aaa878696356796526a548454
384269 1 42 4 4 0 2 1 0 0  aaaa99998888a9777279aaa878696566795444a338655
384295 1 42 4 4 5 0 1 0 0  aaaa99998888a9777279aaa878695546795644a668533
384307 1 42 4 5 1 0 1 0 0  aaaa99998888a9777669aaa828697665795574a348354
384325 1 42 4 5 4 0 1 0 0  aaaa99998888a9777629aaa868697665795574a348354
384331 1 42 4 5 5 0 1 0 0  aaaa99998888a9777269aaa868597566796574a348354
384336 1 42 4 6 0 0 0 0 0  aaaa99998888a9665729aaa878797475795663a538446
384457 1 42 4 9 2 0 1 0 0  aaaa99998888a9666729aaa878797775695564a348354
384499 1 42 4 10 3 0 1 0 0  aaaa99998888a9666279aaa878596577797564a348354
384576 1 42 5 1 4 0 0 0 0  aaaa99995887a9877289aaa878795548696764a653634
384577 1 42 5 1 4 0 1 0 0  aaaa99995887a9877289aaa878795538696763a654644
384581 1 42 5 1 4 2 1 0 0  aaaa99994887a9877389aaa878795328696765a654645
384583 1 42 5 1 5 0 1 0 0  aaaa99995887a9877289aaa878795538694763a654664
384587 1 42 5 1 5 2 1 0 0  aaaa99994887a9877289aaa878795438693765a654665
384699 1 42 5 5 0 1 1 0 0  aaaa99994887a9877389aaa878696378595662a574546
384701 1 42 5 5 0 2 1 0 0  aaaa99994887a9877389aaa878696378594662a574556
384727 1 42 5 5 5 0 1 0 0  aaaa99994887a9877389aaa878595378694562a674665
384771 1 42 5 7 0 1 1 0 0  aaaa99997887a9877289aaa878696468594637a555634
384798 1 42 5 7 5 0 0 0 0  aaaa99997887a9877289aaa878695538495637a666544
384799 1 42 5 7 5 0 1 0 0  aaaa99997887a9877389aaa878693558495657a666442
384830 1 42 5 8 4 1 0 0 0  aaaa99994887a9853789aaa878797358696765a644625
384832 1 42 5 8 4 2 0 0 0  aaaa99995887a9845789aaa878797548696764a635623
384987 1 42 6 2 0 1 1 0 0  aaaa99998888a9777279aaa868697465794836a655534
384988 1 42 6 2 0 2 0 0 0  aaaa99998888a9777279aaa868697564795836a645354
384989 1 42 6 2 0 2 1 0 0  aaaa99998888a9777279aaa868697563795846a635445
385014 1 42 6 2 5 0 0 0 0  aaaa99998888a9777279aaa858697556794834a666354
385015 1 42 6 2 5 0 1 0 0  aaaa99998888a9777579aaa858697356793854a666424
385057 1 42 6 4 0 0 1 0 0  aaaa99998888a9777279aaa878696456796856a554343
385059 1 42 6 4 0 1 1 0 0  aaaa99998888a9777279aaa878696456796856a534543
385061 1 42 6 4 0 2 1 0 0  aaaa99998888a9777279aaa878696566795834a345654
385087 1 42 6 4 5 0 1 0 0  aaaa99998888a9777279aaa878695546795844a666533
385129 1 42 6 6 0 0 1 0 0  aaaa99998888a9665729aaa878797476794836a655534
385177 1 42 6 7 2 0 1 0 0  aaaa99998888a9777659aaa868697365796854a547432
385283 1 42 6 10 1 2 1 0 0  aaaa99998888a9666279aaa878695477797835a654534
385313 1 42 7 0 0 2 1 0 0  aaaa99994888a9877729aaa866397476597856a638554
385505 1 42 7 5 2 2 1 0 0  aaaa99995888a9865739aaa877696637795847a428645
385552 1 42 7 6 4 2 0 0 0  aaaa99993888a9853749aaa877795264797865a648665
385554 1 42 7 6 5 0 0 0 0  aaaa99995888a9863749aaa877796354797856a468652
385711 1 42 8 0 1 0 1 0 0  aaaa99998888a9774279aaa868897766794565a533645
385777 1 42 8 2 0 0 1 0 0  aaaa99998888a9777279aaa868897665795564a346354
385806 1 42 8 2 5 0 0 0 0  aaaa99998888a9777279aaa858897556794634a666354
385807 1 42 8 2 5 0 1 0 0  aaaa99998888a9777579aaa858897356793654a666424
385853 1 42 8 4 0 2 1 0 0  aaaa99998888a9777279aaa878896665793546a556443
385879 1 42 8 4 5 0 1 0 0  aaaa99998888a9777279aaa878895546795644a666533
385885 1 42 8 5 0 0 1 0 0  aaaa99998888a9777669aaa828897665795574a346354
385903 1 42 8 5 3 0 1 0 0  aaaa99998888a9777629aaa868897665795574a346354
385955 1 42 8 6 5 2 1 0 0  aaaa99998888a9654729aaa878897777694365a653645
386039 1 42 8 9 1 2 1 0 0  aaaa99998888a9666779aaa828895477797665a354534
386041 1 42 8 9 2 0 1 0 0  aaaa99998888a9666779aaa828895577797465a644353
386045 1 42 8 9 2 2 1 0 0  aaaa99998888a9666779aaa828895477797365a653544
386057 1 42 8 9 4 2 1 0 0  aaaa99998888a9654779aaa828895477797635a666534
386063 1 42 8 9 5 2 1 0 0  aaaa99998888a9654779aaa828895477797365a653664
386075 1 42 8 10 1 2 1 0 0  aaaa99998888a9666279aaa878895477797665a354534
386077 1 42 8 10 2 0 1 0 0  aaaa99998888a9666279aaa878895577797465a644353
386081 1 42 8 10 2 2 1 0 0  aaaa99998888a9666279aaa878895477797365a653544
386093 1 42 8 10 4 2 1 0 0  aaaa99998888a9654279aaa878895477797635a666534
386099 1 42 8 10 5 2 1 0 0  aaaa99998888a9654279aaa878895477797365a653664
386133 1 42 9 0 5 1 1 0 0  aaaa99998888a9776279aaa858797658796554a346364
386202 1 42 9 2 5 0 0 0 0  aaaa99998888a9777279aaa858697558794634a666354
386203 1 42 9 2 5 0 1 0 0  aaaa99998888a9777579aaa858697358793654a666424
386243 1 42 9 3 5 2 1 0 0  aaaa99998888a9654779aaa828797778694365a653645
386245 1 42 9 4 0 0 1 0 0  aaaa99998888a9777279aaa878696468794655a533645
386275 1 42 9 4 5 0 1 0 0  aaaa99998888a9777279aaa878695548795644a666533
386285 1 42 9 5 0 2 1 0 0  aaaa99998888a9777669aaa828697468794375a653545
386317 1 42 9 6 0 0 1 0 0  aaaa99998888a9664739aaa878797478793665a554256
386333 1 42 9 6 2 2 1 0 0  aaaa99998888a9666729aaa878797478794365a653545
386365 1 42 9 7 2 0 1 0 0  aaaa99998888a9777629aaa868697568796554a347354
386366 1 42 9 7 2 1 0 0 0  aaaa99998888a9777629aaa868697468796555a347354
386367 1 42 9 7 2 1 1 0 0  aaaa99998888a9777629aaa868697568796354a537454
386368 1 42 9 7 2 2 0 0 0  aaaa99998888a9777629aaa868697468796354a537554
386369 1 42 9 7 2 2 1 0 0  aaaa99998888a9777649aaa868697248794635a657535
386382 1 42 9 7 5 0 0 0 0  aaaa99998888a9777559aaa848695758794637a666342
386383 1 42 9 7 5 0 1 0 0  aaaa99998888a9777559aaa838695758793647a666442
386384 1 42 9 7 5 1 0 0 0  aaaa99998888a9777549aaa858695758794637a666342
386385 1 42 9 7 5 1 1 0 0  aaaa99998888a9777539aaa858695758793647a666442
386386 1 42 9 7 5 2 0 0 0  aaaa99998888a9777459aaa858694758795637a666432
386387 1 42 9 7 5 2 1 0 0  aaaa99998888a9777359aaa858693758795647a666442
386459 1 42 9 9 5 2 1 0 0  aaaa99998888a9654729aaa878797778694365a653645
386472 1 42 9 10 2 0 0 0 0  aaaa99998888a9755629aaa868695468796374a735774
386473 1 42 9 10 2 0 1 0 0  aaaa99998888a9755629aaa868693568796475a744773
386477 1 42 9 10 2 2 1 0 0  aaaa99998888a9754629aaa868695468796375a753774
386677 1 42 10 5 0 0 1 0 0  aaaa99998888a9866759aaa878794675793656a573424
386785 1 42 10 8 0 0 1 0 0  aaaa99998888a9866779aaa858797735396766a524544
386891 1 42 10 10 5 2 1 0 0  aaaa99998888a9854279aaa878695477797635a666534
386893 1 42 11 0 0 0 1 0 0  aaaa99998888a9885779aaa867695567394276a674534
386923 1 42 11 0 5 0 1 0 0  aaaa99998888a9886779aaa857594657396274a576364
387095 1 42 11 5 3 2 1 0 0  aaaa99998888a9885739aaa877696637795647a425645
387293 1 42 12 0 0 2 1 0 0  aaaa99998888a9877729aaa866497376597456a648553
387295 1 42 12 0 1 0 1 0 0  aaaa99998888a9877729aaa866697374697455a548635
387361 1 42 12 2 0 0 1 0 0  aaaa99998888a9866779aaa867796254597573a448563
387473 1 42 12 5 0 2 1 0 0  aaaa99998888a9866749aaa877393647794657a568552
387535 1 42 12 6 5 0 1 0 0  aaaa99998888a9864759aaa877796452797536a568634
387845 1 42 13 4 2 2 1 0 0  aaaa99995882a9885789aaa877696687495346a773645
387852 1 42 13 4 4 0 0 0 0  aaaa99995886a9884789aaa877594587693562a773664
387864 1 42 13 5 0 0 0 0 0  aaaa99995887a9884789aaa877696387693476a654552
387866 1 42 13 5 0 1 0 0 0  aaaa99995887a9884789aaa877696387693576a655442
387937 1 42 13 7 0 0 1 0 0  aaaa99996887a9884289aaa877796685594676a375534
387939 1 42 13 7 0 1 1 0 0  aaaa99996887a9884289aaa877796685595676a374534
387941 1 42 13 7 0 2 1 0 0  aaaa99996887a9884289aaa877796683594676a573554
387961 1 42 13 7 4 0 1 0 0  aaaa99995887a9884289aaa877795586394676a676534
388008 1 42 13 9 0 0 0 0 0  aaaa99995887a9884789aaa877797386693656a545264
388309 1 42 14 6 2 0 1 0 0  aaaa99995888a9864779aaa738898477793666a525546
388312 1 42 14 6 2 2 0 0 0  aaaa99995888a9865779aaa728898577795666a344436
388340 1 42 14 7 1 1 0 0 0  aaaa99995888a9854779aaa368898377696675a672445
388342 1 42 14 7 1 2 0 0 0  aaaa99995888a9845779aaa568898577696673a672443
388346 1 42 14 7 2 1 0 0 0  aaaa99995888a9854779aaa368898377696475a674625
388358 1 42 14 7 4 1 0 0 0  aaaa99995888a9854779aaa368898377692475a674665
388399 1 42 14 8 5 0 1 0 0  aaaa99995888a9864279aaa778898477595376a563646
388417 1 42 14 9 2 0 1 0 0  aaaa99995888a9864379aaa778898377794666a525546
388420 1 42 14 9 2 2 0 0 0  aaaa99995888a9865279aaa778898577795666a344436
388453 1 42 14 10 2 0 1 0 0  aaaa99995888a9864379aaa478898377797666a525546
388456 1 42 14 10 2 2 0 0 0  aaaa99995888a9865279aaa578898577797666a344436
388490 1 42 15 0 2 1 0 0 0  aaaa99994887a9873789aaa878894466693757a566525
388661 1 42 15 5 0 2 1 0 0  aaaa99996887a9877289aaa878896673594656a573544
388752 1 42 15 7 4 0 0 0 0  aaaa99997887a9877289aaa878895566696347a365544
388753 1 42 15 7 4 0 1 0 0  aaaa99997887a9877489aaa878894466696557a365532
388758 1 42 15 7 5 0 0 0 0  aaaa99997887a9877289aaa878895536495637a666544
388759 1 42 15 7 5 0 1 0 0  aaaa99997887a9877389aaa878893556495657a666442
388867 1 42 15 10 5 0 1 0 0  aaaa99995887a9864289aaa878896477797556a365634
388869 1 42 15 10 5 1 1 0 0  aaaa99995887a9864289aaa878896477797536a565634
388870 1 42 15 10 5 2 0 0 0  aaaa99995887a9865289aaa878896577797346a365644
388871 1 42 15 10 5 2 1 0 0  aaaa99995887a9865289aaa878896577797436a464635
389057 1 42 16 5 0 2 1 0 0  aaaa99995887a9877289aaa878696576695346a873445
389083 1 42 16 5 5 0 1 0 0  aaaa99996887a9877289aaa878595675396444a876365
389118 1 42 16 6 5 0 0 0 0  aaaa99995887a9864789aaa878797375495526a863646
389127 1 42 16 7 0 1 1 0 0  aaaa99997887a9877289aaa878696466394557a855634
389128 1 42 16 7 0 2 0 0 0  aaaa99997887a9877289aaa878696566495447a835653
389129 1 42 16 7 0 2 1 0 0  aaaa99997887a9877289aaa878696566495347a835645
389154 1 42 16 7 5 0 0 0 0  aaaa99997887a9877289aaa878695536495637a866544
389155 1 42 16 7 5 0 1 0 0  aaaa99997887a9877389aaa878693556495657a866442
389168 1 42 16 8 1 1 0 0 0  aaaa99995887a9864789aaa878797366693756a844552
389242 1 42 16 10 1 2 0 0 0  aaaa99994887a9853689aaa878696377797665a852445
389263 1 42 16 10 5 0 1 0 0  aaaa99995887a9864289aaa878596577797536a864634
389267 1 42 16 10 5 2 1 0 0  aaaa99995887a9865289aaa878496577797436a864635
389426 1 42 17 4 2 1 0 0 0  aaaa99995886a9884789aaa878794476693677a563552
389478 1 42 17 5 5 0 0 0 0  aaaa99995887a9884789aaa878796375495526a763646
389484 1 42 17 6 0 0 0 0 0  aaaa99995887a9884789aaa878797376693656a545264
389525 1 42 17 7 0 2 1 0 0  aaaa99995887a9885289aaa878797566495746a633746
389527 1 42 17 7 1 0 1 0 0  aaaa99995887a9884389aaa878797366694756a525746
389550 1 42 17 7 5 0 0 0 0  aaaa99996887a9886289aaa878797655396754a356744
389629 1 42 17 10 0 0 1 0 0  aaaa99994887a9884389aaa878696377797665a554256
389676 1 42 18 0 2 0 0 0 0  aaaa99995888a9884779aaa368897376692575a474665
389678 1 42 18 0 2 1 0 0 0  aaaa99995888a9884779aaa368897376692674a576554
389684 1 42 18 0 3 1 0 0 0  aaaa99995888a9884779aaa368897676693674a572554
389690 1 42 18 0 4 1 0 0 0  aaaa99995888a9884779aaa368897376696674a572554
389694 1 42 18 0 5 0 0 0 0  aaaa99996888a9886779aaa628897675596574a374534
389695 1 42 18 0 5 0 1 0 0  aaaa99996888a9886779aaa628897675596574a373454
389714 1 42 18 1 2 1 0 0 0  aaaa99995888a9884779aaa768897366593757a662454
389716 1 42 18 1 2 2 0 0 0  aaaa99995888a9885779aaa768897566495737a662434
390061 1 42 19 0 0 0 1 0 0  aaaa99994888a9877729aaa868697478697655a533645
390106 1 42 19 1 1 2 0 0 0  aaaa99994888a9853779aaa868797378696675a652445
390142 1 42 19 2 1 2 0 0 0  aaaa99994888a9853779aaa868797368796765a652445
390217 1 42 19 4 2 0 1 0 0  aaaa99995888a9864779aaa838797478793666a525546
390220 1 42 19 4 2 2 0 0 0  aaaa99995888a9865779aaa828797578795666a344436
390259 1 42 19 5 3 0 1 0 0  aaaa99995888a9864729aaa878795578794666a376534
390265 1 42 19 5 4 0 1 0 0  aaaa99995888a9864729aaa878795578794365a673664
390289 1 42 19 6 2 0 1 0 0  aaaa99995888a9864739aaa878797478793666a525546
390292 1 42 19 6 2 2 0 0 0  aaaa99995888a9865729aaa878797578795666a344436
390506 1 42 20 1 2 1 0 0 0  aaaa99995888a9884779aaa868797376693674a562554
390565 1 42 20 3 0 0 1 0 0  aaaa99994888a9884779aaa838797776693656a554265
390722 1 42 20 7 2 1 0 0 0  aaaa99995888a9884779aaa868797366494766a555732
390744 1 42 20 8 0 0 0 0 0  aaaa99995888a9884779aaa828797766595763a464563
390781 1 42 20 9 0 0 1 0 0  aaaa99994888a9884739aaa878797776693656a554265
390817 1 42 20 10 0 0 1 0 0  aaaa99994888a9884379aaa878696377797665a554256
391141 1 42 21 8 0 0 1 0 0  aaaa99994888a9888739aaa778797476693656a554265
391531 1 42 22 7 5 0 1 0 0  aaaa99994787a9764839aaa788898875593526a764656
391537 1 42 22 8 0 0 1 0 0  aaaa99994787a9774839aaa788898876693656a554265
391680 1 43 0 1 0 0 0 0 0  aaaa99999887a9774789aaa778696368553685a484652
391716 1 43 0 2 0 0 0 0 0  aaaa99999887a9775789aaa478696368455685a783642
391718 1 43 0 2 0 1 0 0 0  aaaa99999887a9775789aaa478696368555684a783624
391728 1 43 0 2 2 0 0 0 0  aaaa99999887a9774789aaa378696658563586a782454
391752 1 43 0 3 0 0 0 0 0  aaaa99999887a9777789aaa478696368553685a484652
391927 1 43 0 7 5 0 1 0 0  aaaa99999887a9776289aaa678595648446587a786533
391931 1 43 0 7 5 2 1 0 0  aaaa99999887a9776289aaa678495638356487a784565
391967 1 43 0 8 5 2 1 0 0  aaaa99999887a9777289aaa578496538365486a784656
392015 1 43 0 10 1 2 1 0 0  aaaa99999887a9666289aaa478695478777385a683545
392045 1 43 1 0 0 2 1 0 0  aaaa99999888a9774279aaa867697463753886a658545
392081 1 43 1 1 0 2 1 0 0  aaaa99999888a9777779aaa866295436753886a658544
392113 1 43 1 2 0 0 1 0 0  aaaa99999888a9777279aaa866597546744886a658353
392116 1 43 1 2 0 2 0 0 0  aaaa99999888a9777479aaa866297436753886a658545
392123 1 43 1 2 1 2 1 0 0  aaaa99999888a9777679aaa866297436753885a658544
392185 1 43 1 4 0 0 1 0 0  aaaa99999888a9777279aaa876695563763885a648454
392189 1 43 1 4 0 2 1 0 0  aaaa99999888a9777279aaa876695463763885a658544
392437 1 43 2 0 0 0 1 0 0  aaaa99999888a9775379aaa867697364744865a868552
392441 1 43 2 0 0 2 1 0 0  aaaa99999888a9774279aaa867697463753865a868545
392465 1 43 2 0 4 2 1 0 0  aaaa99999888a9774679aaa867697662754835a858534
392477 1 43 2 1 0 2 1 0 0  aaaa99999888a9777779aaa866295436753865a868544
392479 1 43 2 1 1 0 1 0 0  aaaa99999888a9777779aaa866695544764825a838653
392512 1 43 2 2 0 2 0 0 0  aaaa99999888a9777479aaa866297436753865a868545
392531 1 43 2 2 3 2 1 0 0  aaaa99999888a9777679aaa866297436753865a858544
392580 1 43 2 4 0 0 0 0 0  aaaa99999888a9777279aaa876695564746835a868354
392581 1 43 2 4 0 0 1 0 0  aaaa99999888a9777379aaa876695362746855a868454
392584 1 43 2 4 0 2 0 0 0  aaaa99999888a9777479aaa876695462756835a868534
392585 1 43 2 4 0 2 1 0 0  aaaa99999888a9777379aaa876695362756845a868445
392591 1 43 2 4 1 2 1 0 0  aaaa99999888a9777679aaa876695462764835a858534
392603 1 43 2 4 3 2 1 0 0  aaaa99999888a9777679aaa876695462754835a868534
392609 1 43 2 4 4 2 1 0 0  aaaa99999888a9777679aaa876696462754835a858534
392700 1 43 2 7 2 0 0 0 0  aaaa99999888a9777629aaa866394756765857a838445
392701 1 43 2 7 2 0 1 0 0  aaaa99999888a9777659aaa866294756763857a848534
392833 1 43 3 0 0 0 1 0 0  aaaa99999888a9776279aaa868797665745634a858354
392836 1 43 3 0 0 2 0 0 0  aaaa99999888a9776279aaa868797664754635a858534
392837 1 43 3 0 0 2 1 0 0  aaaa99999888a9776279aaa868797663753645a858445
392843 1 43 3 0 1 2 1 0 0  aaaa99999888a9774679aaa868797662754635a858534
392935 1 43 3 2 5 0 1 0 0  aaaa99999888a9777279aaa868597566766534a848354
392959 1 43 3 3 3 0 1 0 0  aaaa99999888a9666779aaa838797775653546a828445
392977 1 43 3 4 0 0 1 0 0  aaaa99999888a9777379aaa878696356756546a828445
393006 1 43 3 4 5 0 0 0 0  aaaa99999888a9777279aaa878596545764336a868654
393083 1 43 3 6 5 2 1 0 0  aaaa99999888a9465739aaa878797573765246a868645
393091 1 43 3 7 1 0 1 0 0  aaaa99999888a9777669aaa838696765753547a828445
393097 1 43 3 7 2 0 1 0 0  aaaa99999888a9777629aaa868694765765537a848354
393109 1 43 3 7 4 0 1 0 0  aaaa99999888a9777639aaa868696765753547a828445
393115 1 43 3 7 5 0 1 0 0  aaaa99999888a9777269aaa868594766763557a848534
393119 1 43 3 7 5 2 1 0 0  aaaa99999888a9777369aaa868395766756247a858445
393175 1 43 3 9 3 0 1 0 0  aaaa99999888a9666739aaa878797775653546a828445
393227 1 43 3 10 5 2 1 0 0  aaaa99999888a9465379aaa878396577775246a868645
393229 1 43 4 0 0 0 1 0 0  aaaa99999888a9776279aaa868797665745634a548385
393231 1 43 4 0 0 1 1 0 0  aaaa99999888a9776279aaa868797665755634a548384
393232 1 43 4 0 0 2 0 0 0  aaaa99999888a9776279aaa868797664754635a358584
393233 1 43 4 0 0 2 1 0 0  aaaa99999888a9776279aaa868797663753645a458485
393244 1 43 4 0 2 2 0 0 0  aaaa99999888a9773679aaa868797666753445a258485
393254 1 43 4 0 4 1 0 0 0  aaaa99999888a9773679aaa868797366762455a458485
393256 1 43 4 0 4 2 0 0 0  aaaa99999888a9775679aaa868797566765442a348385
393259 1 43 4 0 5 0 1 0 0  aaaa99999888a9775379aaa868797366766545a428485
393261 1 43 4 0 5 1 1 0 0  aaaa99999888a9775379aaa868797366766245a458485
393263 1 43 4 0 5 2 1 0 0  aaaa99999888a9773769aaa868597376766524a558484
393301 1 43 4 2 0 0 1 0 0  aaaa99999888a9777279aaa868697565745536a648384
393305 1 43 4 2 0 2 1 0 0  aaaa99999888a9777379aaa868697364752465a468585
393355 1 43 4 3 3 0 1 0 0  aaaa99999888a9666779aaa838797775653546a428485
393373 1 43 4 4 0 0 1 0 0  aaaa99999888a9777379aaa878696356756546a428485
393382 1 43 4 4 1 2 0 0 0  aaaa99999888a9777679aaa878696366753445a258485
393409 1 43 4 5 0 0 1 0 0  aaaa99999888a9777669aaa858697565742374a638485
393421 1 43 4 5 2 0 1 0 0  aaaa99999888a9777629aaa868697565765574a348384
393439 1 43 4 5 5 0 1 0 0  aaaa99999888a9777269aaa868597566765574a348384
393463 1 43 4 6 3 0 1 0 0  aaaa99999888a9666729aaa878797575765564a348384
393487 1 43 4 7 1 0 1 0 0  aaaa99999888a9777669aaa838696765753547a428485
393505 1 43 4 7 4 0 1 0 0  aaaa99999888a9777639aaa868696765753547a428485
393511 1 43 4 7 5 0 1 0 0  aaaa99999888a9777569aaa868594766763557a248483
393515 1 43 4 7 5 2 1 0 0  aaaa99999888a9777269aaa868594766746537a558384
393571 1 43 4 9 3 0 1 0 0  aaaa99999888a9666739aaa878797775653546a428485
393607 1 43 4 10 3 0 1 0 0  aaaa99999888a9666279aaa878596577775564a348384
393664 1 43 5 1 0 2 0 0 0  aaaa99999887a9877289aaa878796668564754a536354
393689 1 43 5 1 4 2 1 0 0  aaaa99999887a9877289aaa878795468666735a654534
393695 1 43 5 1 5 2 1 0 0  aaaa99999887a9877289aaa878795438653765a654664
393876 1 43 5 7 0 0 0 0 0  aaaa99999887a9877489aaa878696428565667a537345
393877 1 43 5 7 0 0 1 0 0  aaaa99999887a9877289aaa878696458564667a557343
393881 1 43 5 7 0 2 1 0 0  aaaa99999887a9877389aaa878696368542657a547654
393907 1 43 5 7 5 0 1 0 0  aaaa99999887a9877389aaa878595348644567a627665
393928 1 43 5 8 2 2 0 0 0  aaaa99999887a9854789aaa878797368663725a644565
394019 1 43 5 10 5 2 1 0 0  aaaa99999887a9854289aaa878695478777635a666534
394123 1 43 6 2 5 0 1 0 0  aaaa99999888a9777279aaa868597566766584a348354
394169 1 43 6 4 0 2 1 0 0  aaaa99999888a9777279aaa878696466754385a358645
394181 1 43 6 4 2 2 1 0 0  aaaa99999888a9777679aaa878696426754685a358534
394199 1 43 6 4 5 2 1 0 0  aaaa99999888a9777279aaa878695436753685a668544
394243 1 43 6 6 1 0 1 0 0  aaaa99999888a9666739aaa878797576753284a648554
394247 1 43 6 6 1 2 1 0 0  aaaa99999888a9666739aaa878797476753285a658544
394271 1 43 6 6 5 2 1 0 0  aaaa99999888a9365729aaa878797574765486a468635
394285 1 43 6 7 2 0 1 0 0  aaaa99999888a9777629aaa868694765765587a348354
394387 1 43 6 10 1 0 1 0 0  aaaa99999888a9666379aaa878695377775284a648554
394391 1 43 6 10 1 2 1 0 0  aaaa99999888a9666379aaa878695377774285a658544
394415 1 43 6 10 5 2 1 0 0  aaaa99999888a9365279aaa878496577775486a468635
394423 1 43 7 0 1 0 1 0 0  aaaa99999888a9877739aaa866697473657855a528644
394631 1 43 7 5 5 2 1 0 0  aaaa99999888a9865739aaa877296537765847a468645
394632 1 43 7 6 0 0 0 0 0  aaaa99999888a9866759aaa877794665772856a538443
394817 1 43 8 0 0 2 1 0 0  aaaa99999888a9774679aaa868897763754625a653584
394843 1 43 8 0 5 0 1 0 0  aaaa99999888a9775279aaa868897766766554a345384
394844 1 43 8 0 5 1 0 0 0  aaaa99999888a9774279aaa868897766766555a345384
394845 1 43 8 0 5 1 1 0 0  aaaa99999888a9775279aaa868897766766534a545384
394846 1 43 8 0 5 2 0 0 0  aaaa99999888a9774279aaa868897766766534a555384
394847 1 43 8 0 5 2 1 0 0  aaaa99999888a9773769aaa868897376766524a555484
394885 1 43 8 2 0 0 1 0 0  aaaa99999888a9777279aaa868897665745564a346385
394887 1 43 8 2 0 1 1 0 0  aaaa99999888a9777279aaa868897665755564a346384
394939 1 43 8 3 3 0 1 0 0  aaaa99999888a9666759aaa878897775643756a543482
394958 1 43 8 4 0 1 0 0 0  aaaa99999888a9777279aaa878896665764555a346384
394959 1 43 8 4 0 1 1 0 0  aaaa99999888a9777279aaa878896665765534a546384
394960 1 43 8 4 0 2 0 0 0  aaaa99999888a9777279aaa878896665764534a556384
394961 1 43 8 4 0 2 1 0 0  aaaa99999888a9777279aaa878896635746636a555484
395046 1 43 8 6 3 0 0 0 0  aaaa99999888a9666729aaa878897777655436a345584
395047 1 43 8 6 3 0 1 0 0  aaaa99999888a9666749aaa878897777644556a335582
395063 1 43 8 6 5 2 1 0 0  aaaa99999888a9654729aaa878897777654365a653684
395065 1 43 8 7 0 0 1 0 0  aaaa99999888a9777669aaa848897665744552a337586
395081 1 43 8 7 2 2 1 0 0  aaaa99999888a9777639aaa868897666753245a457485
395083 1 43 8 7 3 0 1 0 0  aaaa99999888a9777649aaa868897665744552a337586
395089 1 43 8 7 4 0 1 0 0  aaaa99999888a9777669aaa838897566763545a427485
395090 1 43 8 7 4 1 0 0 0  aaaa99999888a9777669aaa838897366762455a457485
395091 1 43 8 7 4 1 1 0 0  aaaa99999888a9777669aaa838897566763245a457485
395092 1 43 8 7 4 2 0 0 0  aaaa99999888a9777669aaa848897466756335a257584
395093 1 43 8 7 4 2 1 0 0  aaaa99999888a9777669aaa838897366756245a457485
395095 1 43 8 7 5 0 1 0 0  aaaa99999888a9777369aaa868897366765545a427485
395097 1 43 8 7 5 1 1 0 0  aaaa99999888a9777369aaa868897366765245a457485
395099 1 43 8 7 5 2 1 0 0  aaaa99999888a9777369aaa868897366756245a457485
395147 1 43 8 9 1 2 1 0 0  aaaa99999888a9666779aaa828895477774665a353584
395153 1 43 8 9 2 2 1 0 0  aaaa99999888a9666779aaa828895477774365a653584
395165 1 43 8 9 4 2 1 0 0  aaaa99999888a9654779aaa838895477773625a666584
395169 1 43 8 9 5 1 1 0 0  aaaa99999888a9564779aaa838896477773526a565684
395170 1 43 8 9 5 2 0 0 0  aaaa99999888a9365779aaa828896577775446a364685
395171 1 43 8 9 5 2 1 0 0  aaaa99999888a9365779aaa828896577775436a464685
395183 1 43 8 10 1 2 1 0 0  aaaa99999888a9666279aaa878895477774665a353584
395189 1 43 8 10 2 2 1 0 0  aaaa99999888a9666279aaa878895477774365a653584
395201 1 43 8 10 4 2 1 0 0  aaaa99999888a9654379aaa878895377774625a666584
395202 1 43 8 10 5 0 0 0 0  aaaa99999888a9565479aaa878896477775356a364682
395205 1 43 8 10 5 1 1 0 0  aaaa99999888a9564379aaa878896377774526a565684
395206 1 43 8 10 5 2 0 0 0  aaaa99999888a9365279aaa878896577775446a364685
395207 1 43 8 10 5 2 1 0 0  aaaa99999888a9365279aaa878896577775436a464685
395238 1 43 9 0 5 0 0 0 0  aaaa99999888a9775279aaa858797558764436a364686
395239 1 43 9 0 5 0 1 0 0  aaaa99999888a9774579aaa858797458764526a363686
395281 1 43 9 2 0 0 1 0 0  aaaa99999888a9777379aaa868697368742556a645584
395311 1 43 9 2 5 0 1 0 0  aaaa99999888a9777579aaa858697358743654a666482
395334 1 43 9 3 3 0 0 0 0  aaaa99999888a9666779aaa828797778655436a345584
395335 1 43 9 3 3 0 1 0 0  aaaa99999888a9666779aaa848797778644556a335582
395351 1 43 9 3 5 2 1 0 0  aaaa99999888a9654779aaa828797778654365a653684
395355 1 43 9 4 0 1 1 0 0  aaaa99999888a9777279aaa878696538763664a555484
395357 1 43 9 4 0 2 1 0 0  aaaa99999888a9777279aaa878696468754635a354685
395393 1 43 9 5 0 2 1 0 0  aaaa99999888a9777669aaa828697468754375a653584
395407 1 43 9 5 3 0 1 0 0  aaaa99999888a9777669aaa828697658745675a345384
395435 1 43 9 6 1 2 1 0 0  aaaa99999888a9666729aaa878797478754665a353584
395441 1 43 9 6 2 2 1 0 0  aaaa99999888a9666729aaa878797478754365a653584
395453 1 43 9 6 4 2 1 0 0  aaaa99999888a9654739aaa878797478753625a666584
395457 1 43 9 6 5 1 1 0 0  aaaa99999888a9564739aaa878797478763526a565684
395458 1 43 9 6 5 2 0 0 0  aaaa99999888a9365729aaa878797578765446a364685
395459 1 43 9 6 5 2 1 0 0  aaaa99999888a9365729aaa878797578765436a464685
395471 1 43 9 7 1 2 1 0 0  aaaa99999888a9777669aaa838697668753245a457485
395473 1 43 9 7 2 0 1 0 0  aaaa99999888a9777639aaa868697568763545a427485
395475 1 43 9 7 2 1 1 0 0  aaaa99999888a9777639aaa868697568763245a457485
395477 1 43 9 7 2 2 1 0 0  aaaa99999888a9777639aaa868597668763524a557484
395489 1 43 9 7 4 2 1 0 0  aaaa99999888a9777639aaa868697668753245a457485
395509 1 43 9 8 2 0 1 0 0  aaaa99999888a9666779aaa828797758645765a345384
395550 1 43 9 9 3 0 0 0 0  aaaa99999888a9666729aaa878797778655436a345584
395551 1 43 9 9 3 0 1 0 0  aaaa99999888a9666749aaa878797778644556a335582
395567 1 43 9 9 5 2 1 0 0  aaaa99999888a9654729aaa878797778654365a653684
395605 1 43 10 0 0 0 1 0 0  aaaa99999888a9877739aaa868697473657655a528644
395640 1 43 10 1 0 0 0 0 0  aaaa99999888a9866779aaa828797676565374a538445
395641 1 43 10 1 0 0 1 0 0  aaaa99999888a9866779aaa848797676464575a528335
395783 1 43 10 4 5 2 1 0 0  aaaa99999888a9865779aaa828797574765436a468635
395814 1 43 10 5 5 0 0 0 0  aaaa99999888a9865729aaa878796375765446a578643
395819 1 43 10 5 5 2 1 0 0  aaaa99999888a9865729aaa878796574765436a478635
395850 1 43 10 6 5 0 0 0 0  aaaa99999888a9865729aaa878797375765446a568643
395855 1 43 10 6 5 2 1 0 0  aaaa99999888a9865729aaa878797574765436a468635
395994 1 43 10 10 5 0 0 0 0  aaaa99999888a9865279aaa878596577773446a568643
395999 1 43 10 10 5 2 1 0 0  aaaa99999888a9865279aaa878496577775436a468635
396060 1 43 11 1 4 0 0 0 0  aaaa99999888a9884779aaa867795666762545a538743
396325 1 43 11 9 0 0 1 0 0  aaaa99999888a9885779aaa827797766545363a568464
396361 1 43 11 10 0 0 1 0 0  aaaa99999888a9885729aaa877797766545363a568464
396399 1 43 12 0 0 1 1 0 0  aaaa99999888a9877759aaa866497276557463a468358
396401 1 43 12 0 0 2 1 0 0  aaaa99999888a9877739aaa866497276537456a648558
396403 1 43 12 0 1 0 1 0 0  aaaa99999888a9877729aaa866697374657455a548638
396407 1 43 12 0 1 2 1 0 0  aaaa99999888a9877739aaa866497676537452a648558
396433 1 43 12 1 0 0 1 0 0  aaaa99999888a9866779aaa867796354753452a458768
396436 1 43 12 1 0 2 0 0 0  aaaa99999888a9866779aaa867796255755344a438768
396444 1 43 12 1 2 0 0 0 0  aaaa99999888a9855779aaa867796666752344a438758
396462 1 43 12 1 5 0 0 0 0  aaaa99999888a9855779aaa867795266766344a438758
396469 1 43 12 2 0 0 1 0 0  aaaa99999888a9866779aaa867796354573572a448568
396541 1 43 12 4 0 0 1 0 0  aaaa99999888a9866779aaa867796554775533a448268
396577 1 43 12 5 0 0 1 0 0  aaaa99999888a9866759aaa877696257736547a538448
396648 1 43 12 7 0 0 0 0 0  aaaa99999888a9866779aaa867796455434275a578368
396649 1 43 12 7 0 0 1 0 0  aaaa99999888a9866779aaa867796554445572a378368
396651 1 43 12 7 0 1 1 0 0  aaaa99999888a9866779aaa867796253545574a378468
396653 1 43 12 7 0 2 1 0 0  aaaa99999888a9866779aaa867796255545374a378468
396685 1 43 12 8 0 0 1 0 0  aaaa99999888a9866779aaa837797665563574a248458
396953 1 43 13 4 2 2 1 0 0  aaaa99999882a9884789aaa877696687564356a773554
397045 1 43 13 7 0 0 1 0 0  aaaa99999887a9886289aaa877796686463575a573445
397189 1 43 14 0 0 0 1 0 0  aaaa99999888a9877729aaa768898676575654a345364
397307 1 43 14 3 1 2 1 0 0  aaaa99999888a9857279aaa778898477666665a354534
397313 1 43 14 3 2 2 1 0 0  aaaa99999888a9857279aaa778898477666365a653544
397325 1 43 14 3 4 2 1 0 0  aaaa99999888a9857279aaa778898477654635a666534
397331 1 43 14 3 5 2 1 0 0  aaaa99999888a9857279aaa778898477654365a653664
397403 1 43 14 5 5 2 1 0 0  aaaa99999888a9857779aaa728898477654365a653664
397435 1 43 14 6 5 0 1 0 0  aaaa99999888a9865779aaa728898477764556a365634
397437 1 43 14 6 5 1 1 0 0  aaaa99999888a9865779aaa728898477764536a565634
397438 1 43 14 6 5 2 0 0 0  aaaa99999888a9865779aaa728898577765346a365644
397439 1 43 14 6 5 2 1 0 0  aaaa99999888a9865779aaa728898577765436a464635
397499 1 43 14 8 3 2 1 0 0  aaaa99999888a9864279aaa778898477666375a653545
397507 1 43 14 8 5 0 1 0 0  aaaa99999888a9865279aaa778898477565376a563644
397511 1 43 14 8 5 2 1 0 0  aaaa99999888a9865279aaa778898577365476a464635
397523 1 43 14 9 1 2 1 0 0  aaaa99999888a9856279aaa778898477754666a356534
397543 1 43 14 9 5 0 1 0 0  aaaa99999888a9865279aaa778898477764556a365634
397545 1 43 14 9 5 1 1 0 0  aaaa99999888a9865279aaa778898477764536a565634
397546 1 43 14 9 5 2 0 0 0  aaaa99999888a9865279aaa778898577765346a365644
397547 1 43 14 9 5 2 1 0 0  aaaa99999888a9865279aaa778898577765436a464635
397561 1 43 14 10 2 0 1 0 0  aaaa99999888a9865379aaa478898377774666a525546
397564 1 43 14 10 2 2 0 0 0  aaaa99999888a9865279aaa578898577775666a344436
397655 1 43 15 1 5 2 1 0 0  aaaa99999887a9877289aaa868895476666735a754534
397763 1 43 15 4 5 2 1 0 0  aaaa99999887a9877289aaa868895476666775a354534
397769 1 43 15 5 0 2 1 0 0  aaaa99999887a9877289aaa878896676564353a574564
397795 1 43 15 5 5 0 1 0 0  aaaa99999887a9877289aaa878895574635465a674663
397837 1 43 15 7 0 0 1 0 0  aaaa99999887a9877289aaa878896665465547a437365
397861 1 43 15 7 4 0 1 0 0  aaaa99999887a9877489aaa878894466566267a557335
397866 1 43 15 7 5 0 0 0 0  aaaa99999887a9877289aaa878895566666347a357454
397867 1 43 15 7 5 0 1 0 0  aaaa99999887a9877489aaa878894466666557a357352
397939 1 43 15 9 5 0 1 0 0  aaaa99999887a9875289aaa878896477764556a365634
397941 1 43 15 9 5 1 1 0 0  aaaa99999887a9875289aaa878896477764536a565634
397942 1 43 15 9 5 2 0 0 0  aaaa99999887a9875289aaa878896577765346a365644
397943 1 43 15 9 5 2 1 0 0  aaaa99999887a9875289aaa878896577765436a464635
397975 1 43 15 10 5 0 1 0 0  aaaa99999887a9865289aaa878896477774556a365634
397977 1 43 15 10 5 1 1 0 0  aaaa99999887a9865289aaa878896477774536a565634
397978 1 43 15 10 5 2 0 0 0  aaaa99999887a9865289aaa878896577775346a365644
397979 1 43 15 10 5 2 1 0 0  aaaa99999887a9865289aaa878896577775436a464635
397980 1 43 16 0 0 0 0 0 0  aaaa99999887a9874789aaa878696366553757a844625
398045 1 43 16 1 4 2 1 0 0  aaaa99999887a9877289aaa878795466656736a854534
398051 1 43 16 1 5 2 1 0 0  aaaa99999887a9877289aaa878795466666735a854534
398093 1 43 16 3 0 2 1 0 0  aaaa99999887a9857789aaa878797466254365a863564
398105 1 43 16 3 2 2 1 0 0  aaaa99999887a9857789aaa878797466356266a854534
398141 1 43 16 4 2 2 1 0 0  aaaa99999887a9877789aaa878795466356266a854534
398191 1 43 16 5 5 0 1 0 0  aaaa99999887a9877289aaa878596573465546a873646
398218 1 43 16 6 3 2 0 0 0  aaaa99999887a9854789aaa878797376663625a844565
398226 1 43 16 6 5 0 0 0 0  aaaa99999887a9865789aaa878797475465526a863643
398233 1 43 16 7 0 0 1 0 0  aaaa99999887a9877389aaa878696366554257a857644
398237 1 43 16 7 0 2 1 0 0  aaaa99999887a9877389aaa878696355565667a847424
398263 1 43 16 7 5 0 1 0 0  aaaa99999887a9877389aaa878595366666547a827445
398321 1 43 16 9 2 2 1 0 0  aaaa99999887a9854789aaa878797766356266a854534
398350 1 43 16 10 1 2 0 0 0  aaaa99999887a9854689aaa878696377773665a852445
398371 1 43 16 10 5 0 1 0 0  aaaa99999887a9865289aaa878596577774536a864634
398375 1 43 16 10 5 2 1 0 0  aaaa99999887a9865289aaa878496577775436a864635
398434 1 43 17 1 3 2 0 0 0  aaaa99999887a9887789aaa878795366653446a256475
398578 1 43 17 5 3 2 0 0 0  aaaa99999887a9884789aaa878795376663625a744565
398586 1 43 17 5 5 0 0 0 0  aaaa99999887a9885789aaa878796475465526a763643
398637 1 43 17 7 1 1 1 0 0  aaaa99999887a9884289aaa878797466633756a555746
398638 1 43 17 7 1 2 0 0 0  aaaa99999887a9885289aaa878797566645736a445736
398641 1 43 17 7 2 0 1 0 0  aaaa99999887a9884289aaa878797466556766a533745
398659 1 43 17 7 5 0 1 0 0  aaaa99999887a9884289aaa878797466666755a533745
398737 1 43 17 10 0 0 1 0 0  aaaa99999887a9884389aaa878696377774665a554256
399127 1 43 18 9 5 0 1 0 0  aaaa99999888a9885279aaa778896477764556a365634
399129 1 43 18 9 5 1 1 0 0  aaaa99999888a9885279aaa778896477764536a565634
399130 1 43 18 9 5 2 0 0 0  aaaa99999888a9885279aaa778896577765346a365644
399131 1 43 18 9 5 2 1 0 0  aaaa99999888a9885279aaa778896577765436a464635
399239 1 43 19 1 5 2 1 0 0  aaaa99999888a9865779aaa838797578365476a464652
399311 1 43 19 3 5 2 1 0 0  aaaa99999888a9854779aaa828797778654365a653664
399343 1 43 19 4 5 0 1 0 0  aaaa99999888a9865779aaa828797478764556a365634
399345 1 43 19 4 5 1 1 0 0  aaaa99999888a9865779aaa828797478764536a565634
399346 1 43 19 4 5 2 0 0 0  aaaa99999888a9865779aaa828797578765346a365644
399347 1 43 19 4 5 2 1 0 0  aaaa99999888a9865779aaa828797578765436a464635
399379 1 43 19 5 5 0 1 0 0  aaaa99999888a9865729aaa878796478764556a375634
399381 1 43 19 5 5 1 1 0 0  aaaa99999888a9865729aaa878796478764536a575634
399382 1 43 19 5 5 2 0 0 0  aaaa99999888a9865729aaa878796578765346a375644
399383 1 43 19 5 5 2 1 0 0  aaaa99999888a9865729aaa878796578765436a474635
399415 1 43 19 6 5 0 1 0 0  aaaa99999888a9865729aaa878797478764556a365634
399417 1 43 19 6 5 1 1 0 0  aaaa99999888a9865729aaa878797478764536a565634
399418 1 43 19 6 5 2 0 0 0  aaaa99999888a9865729aaa878797578765346a365644
399419 1 43 19 6 5 2 1 0 0  aaaa99999888a9865729aaa878797578765436a464635
399527 1 43 19 9 5 2 1 0 0  aaaa99999888a9854729aaa878797778654365a653664
399563 1 43 19 10 5 2 1 0 0  aaaa99999888a9854279aaa878695478777635a666534
399564 1 43 20 0 0 0 0 0 0  aaaa99999888a9884779aaa868796376553657a744625
399781 1 43 20 6 0 0 1 0 0  aaaa99999888a9884739aaa878797476763665a554256
399925 1 43 20 10 0 0 1 0 0  aaaa99999888a9884379aaa878696377774665a554256
399960 1 43 21 0 0 0 0 0 0  aaaa99999888a9888779aaa468796376553657a744625
400000 0 43 21 1 0 2 0 0 0  aaaa99999888a9888779aaa768796356555776a644432
400465 1 43 22 3 0 0 1 0 0  aaaa99999787a9775829aaa788898866545363a567464
400931 1 44 0 4 5 2 1 0 0  aaaa88777999a9995829aaa878776948865446a365635
400933 1 44 0 5 0 0 1 0 0  aaaa88777999a9995839aaa868675968873476a644552
400937 1 44 0 5 0 2 1 0 0  aaaa88777999a9994829aaa868675968874376a653545
401184 1 44 1 1 0 0 0 0 0  aaaa88875999a9994889aaa378776976683567a562454
401186 1 44 1 1 0 1 0 0 0  aaaa88875999a9994889aaa378776976683567a565442
401202 1 44 1 1 3 0 0 0 0  aaaa88875999a9994889aaa378774976686657a525634
401208 1 44 1 1 4 0 0 0 0  aaaa88875999a9994889aaa378772976586647a663545
401210 1 44 1 1 4 1 0 0 0  aaaa88875999a9994889aaa378774976586657a663254
401336 1 44 1 5 1 1 0 0 0  aaaa88856999a9994889aaa378774972587666a576534
401338 1 44 1 5 1 2 0 0 0  aaaa88856999a9993889aaa378775974487666a276545
401430 1 44 1 7 5 0 0 0 0  aaaa88865999a9993889aaa378776975485526a474676
401624 1 44 2 2 1 1 0 0 0  aaaa88864999a9993889aaa878775976646257a567534
401626 1 44 2 2 1 2 0 0 0  aaaa88863999a9993889aaa878775976656447a267545
401638 1 44 2 2 3 2 0 0 0  aaaa88853999a9993889aaa878775976662647a447565
401806 1 44 2 7 1 2 0 0 0  aaaa88856999a9993889aaa878775976663445a276475
401812 1 44 2 7 2 2 0 0 0  aaaa88853999a9993889aaa878775976662644a476575
401818 1 44 2 7 3 2 0 0 0  aaaa88853999a9993889aaa878775976662465a476475
401826 1 44 2 7 5 0 0 0 0  aaaa88865999a9993889aaa878776975465526a474673
401854 1 44 2 8 3 2 0 0 0  aaaa88853999a9993889aaa878777976662645a447565
402028 1 44 3 2 2 2 0 0 0  aaaa88854999a9993869aaa878775978663267a657445
402047 1 44 3 2 5 2 1 0 0  aaaa88854999a9994839aaa878775978653267a657664
402052 1 44 3 3 0 2 0 0 0  aaaa88857999a9993829aaa878777968657645a446635
402102 1 44 3 4 3 0 0 0 0  aaaa88875999a9994869aaa878774968673657a525634
402208 1 44 3 7 2 2 0 0 0  aaaa88854999a9993879aaa878775968663725a644765
402244 1 44 3 8 2 2 0 0 0  aaaa88854999a9993879aaa878777968663725a644565
402366 1 44 4 0 5 0 0 0 0  aaaa88877999a9995879aaa328768958675465a647634
402424 1 44 4 2 2 2 0 0 0  aaaa88854999a9993879aaa778778968663725a644565
402594 1 44 4 7 1 0 0 0 0  aaaa88865999a9994879aaa378778968646756a525734
402602 1 44 4 7 2 1 0 0 0  aaaa88854999a9993879aaa378778968662755a644765
402604 1 44 4 7 2 2 0 0 0  aaaa88845999a9995879aaa578778968665744a633762
402888 1 44 5 4 2 0 0 0 0  aaaa88875999a9994869aaa378772986673657a486545
402890 1 44 5 4 2 1 0 0 0  aaaa88875999a9994869aaa378774986673657a586254
403228 1 44 6 2 4 2 0 0 0  aaaa88854999a9993879aaa778775928686765a644635
403386 1 44 6 7 1 0 0 0 0  aaaa88865999a9994879aaa378774968686756a525734
403442 1 44 6 8 4 1 0 0 0  aaaa88854999a9993879aaa378777958686765a644625
403444 1 44 6 8 4 2 0 0 0  aaaa88845999a9995879aaa578777948686764a635623
403524 1 44 7 0 0 0 0 0 0  aaaa88884999a9993889aaa378766975646557a762574
403540 1 44 7 0 2 2 0 0 0  aaaa88885999a9995889aaa578744976665647a736372
403544 1 44 7 0 3 1 0 0 0  aaaa88884999a9993889aaa378765976662657a744575
403546 1 44 7 0 3 2 0 0 0  aaaa88885999a9995889aaa578764976665637a744372
403552 1 44 7 0 4 2 0 0 0  aaaa88885999a9995889aaa578744976666647a735372
403554 1 44 7 0 5 0 0 0 0  aaaa88885999a9993889aaa378756974565447a762676
403556 1 44 7 0 5 1 0 0 0  aaaa88883999a9993889aaa278756975565447a764676
403574 1 44 7 1 2 1 0 0 0  aaaa88885999a9993889aaa378774976662657a446557
403576 1 44 7 1 2 2 0 0 0  aaaa88885999a9995889aaa578772976665647a446337
403578 1 44 7 1 3 0 0 0 0  aaaa88885999a9993889aaa378776976662657a545447
403580 1 44 7 1 3 1 0 0 0  aaaa88885999a9993889aaa378774976662647a555467
403618 1 44 7 2 3 2 0 0 0  aaaa88885999a9995889aaa578773976665647a447362
403670 1 44 7 4 0 1 0 0 0  aaaa88884999a9993889aaa378772966474567a565567
403676 1 44 7 4 1 1 0 0 0  aaaa88884999a9993889aaa378775966476567a552647
403682 1 44 7 4 2 1 0 0 0  aaaa88885999a9995889aaa378772966673457a466457
403683 1 44 7 4 2 1 1 0 0  aaaa88884999a9994889aaa478775966673257a566537
403684 1 44 7 4 2 2 0 0 0  aaaa88885999a9995889aaa578772966675447a366437
403685 1 44 7 4 2 2 1 0 0  aaaa88885999a9995889aaa578773966675247a466347
403708 1 44 7 5 0 2 0 0 0  aaaa88885999a9995889aaa578773976675646a447362
403780 1 44 7 7 0 2 0 0 0  aaaa88886999a9993889aaa378775976652465a476475
403786 1 44 7 7 1 2 0 0 0  aaaa88886999a9995889aaa578772976665434a476375
403792 1 44 7 7 2 2 0 0 0  aaaa88885999a9995889aaa578773976665644a476372
403796 1 44 7 7 3 1 0 0 0  aaaa88885999a9993889aaa378775976662465a476475
403798 1 44 7 7 3 2 0 0 0  aaaa88885999a9995889aaa578773976665464a476372
403806 1 44 7 7 5 0 0 0 0  aaaa88885999a9993889aaa378776975465526a474676
403816 1 44 7 8 0 2 0 0 0  aaaa88885999a9995889aaa578777976635646a447362
403830 1 44 7 8 3 0 0 0 0  aaaa88885999a9993889aaa378777976662654a447565
403832 1 44 7 8 3 1 0 0 0  aaaa88885999a9993889aaa378777976662645a447565
403834 1 44 7 8 3 2 0 0 0  aaaa88885999a9995889aaa578777976665644a437362
403842 1 44 7 8 5 0 0 0 0  aaaa88885999a9994889aaa278777975645563a637664
404008 1 44 8 2 2 2 0 0 0  aaaa88844999a9994879aaa778775968663725a683565
404099 1 44 8 4 5 2 1 0 0  aaaa88875999a9995849aaa578773948674267a685663
404116 1 44 8 5 2 2 0 0 0  aaaa88854999a9993879aaa378775978666265a687445
404128 1 44 8 5 4 2 0 0 0  aaaa88844999a9994879aaa378775978656265a687635
404134 1 44 8 5 5 2 0 0 0  aaaa88854999a9993879aaa378775978644265a687665
404186 1 44 8 7 2 1 0 0 0  aaaa88844999a9994879aaa378775968663755a682765
404188 1 44 8 7 2 2 0 0 0  aaaa88845999a9995879aaa578773968665744a682763
404222 1 44 8 8 2 1 0 0 0  aaaa88844999a9995879aaa478777968663725a683565
404224 1 44 8 8 2 2 0 0 0  aaaa88845999a9995879aaa578777968665744a682363
404404 1 44 9 2 2 2 0 0 0  aaaa88854999a9993879aaa778775968663725a644865
404472 1 44 9 4 2 0 0 0 0  aaaa88875999a9994869aaa378774968576667a525834
404478 1 44 9 4 3 0 0 0 0  aaaa88875999a9994869aaa678774968673657a525834
404484 1 44 9 4 4 0 0 0 0  aaaa88875999a9994869aaa378774968676657a525834
404514 1 44 9 5 3 0 0 0 0  aaaa88864999a9993879aaa378775978666565a475842
404584 1 44 9 7 2 2 0 0 0  aaaa88854999a9993879aaa378775928666765a644875
404590 1 44 9 7 3 2 0 0 0  aaaa88854999a9993879aaa378775968656726a644875
404596 1 44 9 7 4 2 0 0 0  aaaa88854999a9993879aaa378775968666725a644875
404600 1 44 9 7 5 1 0 0 0  aaaa88865999a9993879aaa378776958565746a464872
404610 1 44 9 8 1 0 0 0 0  aaaa88865999a9994879aaa378777968646756a525834
404618 1 44 9 8 2 1 0 0 0  aaaa88854999a9993879aaa378777968662755a644865
404620 1 44 9 8 2 2 0 0 0  aaaa88845999a9995879aaa578777968665744a633862
404646 1 44 9 9 1 0 0 0 0  aaaa88856999a9994879aaa778666978772545a536843
404682 1 44 9 10 1 0 0 0 0  aaaa88856999a9994879aaa278666978777545a536843
404728 1 44 10 0 2 2 0 0 0  aaaa88885999a9995879aaa778474968665734a627365
404729 1 44 10 0 2 2 1 0 0  aaaa88884999a9994879aaa778275968664735a657365
404731 1 44 10 0 3 0 1 0 0  aaaa88883999a9993879aaa778575968646756a647524
404735 1 44 10 0 3 2 1 0 0  aaaa88884999a9994879aaa778275968656736a657534
404741 1 44 10 0 4 2 1 0 0  aaaa88884999a9994879aaa778275968666735a657534
404747 1 44 10 0 5 2 1 0 0  aaaa88884999a9994879aaa778275938653765a657664
404800 1 44 10 2 2 2 0 0 0  aaaa88884999a9993879aaa778775968663725a644565
404894 1 44 10 5 0 1 0 0 0  aaaa88885999a9994879aaa378776978663664a572554
404906 1 44 10 5 2 1 0 0 0  aaaa88884999a9993879aaa378775978666565a672445
404918 1 44 10 5 4 1 0 0 0  aaaa88885999a9993879aaa378775978656464a674625
404928 1 44 10 6 0 0 0 0 0  aaaa88885999a9994879aaa378777978663665a455246
404970 1 44 10 7 1 0 0 0 0  aaaa88885999a9994879aaa378776968646756a525734
404978 1 44 10 7 2 1 0 0 0  aaaa88884999a9993879aaa378775968662755a644765
404980 1 44 10 7 2 2 0 0 0  aaaa88885999a9995879aaa578774968665744a633762
404990 1 44 10 7 4 1 0 0 0  aaaa88884999a9993879aaa378775968666755a644725
405014 1 44 10 8 2 1 0 0 0  aaaa88885999a9994879aaa378777968663725a644565
405016 1 44 10 8 2 2 0 0 0  aaaa88885999a9995879aaa578777968665744a642363
405648 1 44 12 4 0 0 0 0 0  aaaa88885999a9994879aaa388777977663665a455246
405720 1 44 12 6 0 0 0 0 0  aaaa88886999a9994879aaa388665977647577a526534
405722 1 44 12 6 0 1 0 0 0  aaaa88885999a9993879aaa388664977627577a565446
406058 1 44 13 4 2 1 0 0 0  aaaa88884999a9993869aaa378775986672657a464557
406060 1 44 13 4 2 2 0 0 0  aaaa88885999a9995869aaa578772986675647a464337
406082 1 44 13 5 0 1 0 0 0  aaaa88885999a9994879aaa378776986673764a562554
406172 1 44 13 7 3 1 0 0 0  aaaa88885999a9993879aaa378775986662765a446745
406190 1 44 13 8 0 1 0 0 0  aaaa88884999a9993879aaa378777986644765a562556
406405 1 44 14 3 0 0 1 0 0  aaaa88868999a9997729aaa778775986655468a464353
406585 1 44 14 8 0 0 1 0 0  aaaa88868999a9994729aaa778775986674568a564533
406692 1 44 15 0 0 0 0 0 0  aaaa88877999a9994279aaa768767986553645a588643
406693 1 44 15 0 0 0 1 0 0  aaaa88877999a9994279aaa768767986554635a588634
406695 1 44 15 0 0 1 1 0 0  aaaa88877999a9994279aaa768767986555633a588644
406800 1 44 15 3 0 0 0 0 0  aaaa88867999a9995729aaa778774986565663a588443
406981 1 44 15 8 0 0 1 0 0  aaaa88866999a9996729aaa778773985475646a588345
407083 1 44 15 10 5 0 1 0 0  aaaa88855999a9995479aaa378464987777265a688663
407088 1 44 16 0 0 0 0 0 0  aaaa88877999a9993279aaa768767986553464a586485
407089 1 44 16 0 0 0 1 0 0  aaaa88877999a9995279aaa768767986545363a586484
407091 1 44 16 0 0 1 1 0 0  aaaa88877999a9995279aaa768767986555364a386484
407092 1 44 16 0 0 2 0 0 0  aaaa88877999a9994279aaa768767986454365a386585
407093 1 44 16 0 0 2 1 0 0  aaaa88877999a9995279aaa768767986435643a485685
407119 1 44 16 0 5 0 1 0 0  aaaa88877999a9993279aaa768747986666545a583485
407170 1 44 16 2 1 2 0 0 0  aaaa88853999a9993779aaa768766986752744a486585
407201 1 44 16 3 0 2 1 0 0  aaaa88857999a9996749aaa778775986644365a386582
407248 1 44 16 4 2 2 0 0 0  aaaa88853999a9993779aaa768766986456744a782585
407260 1 44 16 4 4 2 0 0 0  aaaa88853999a9993779aaa768746986656744a782585
407266 1 44 16 4 5 2 0 0 0  aaaa88853999a9993779aaa768745986666744a782585
407284 1 44 16 5 2 2 0 0 0  aaaa88853999a9993779aaa768775986672644a486585
407320 1 44 16 6 2 2 0 0 0  aaaa88853999a9993779aaa768777986652644a486585
407392 1 44 16 8 2 2 0 0 0  aaaa88853999a9993769aaa778775986672644a486585
407428 1 44 16 9 2 2 0 0 0  aaaa88853999a9993769aaa778777986652644a486585
407464 1 44 16 10 2 2 0 0 0  aaaa88853999a9993679aaa278665987777644a486585
407700 1 44 17 6 0 0 0 0 0  aaaa88885999a9994779aaa728777986655636a358464
407808 1 44 17 9 0 0 0 0 0  aaaa88885999a9994729aaa778777986655636a358464
408371 1 44 19 2 3 2 1 0 0  aaaa88884999a9994779aaa768766978256365a753584
408377 1 44 19 2 4 2 1 0 0  aaaa88884999a9994779aaa768725978666365a753584
408379 1 44 19 2 5 0 1 0 0  aaaa88884999a9994779aaa758756978265356a763684
408381 1 44 19 2 5 1 1 0 0  aaaa88884999a9994779aaa758726978565356a763684
408382 1 44 19 2 5 2 0 0 0  aaaa88885999a9995779aaa738746978365446a765682
408383 1 44 19 2 5 2 1 0 0  aaaa88885999a9995779aaa728746978465346a763685
408430 1 44 19 4 1 2 0 0 0  aaaa88886999a9993779aaa768766948456725a753485
408436 1 44 19 4 2 2 0 0 0  aaaa88884999a9992779aaa768766968356735a744585
408442 1 44 19 4 3 2 0 0 0  aaaa88883999a9993779aaa768766948456765a752485
408448 1 44 19 4 4 2 0 0 0  aaaa88884999a9992779aaa768736968656735a744585
408454 1 44 19 4 5 2 0 0 0  aaaa88884999a9992779aaa768735968666735a744585
408486 1 44 19 5 5 0 0 0 0  aaaa88885999a9993779aaa728776978565446a564683
408491 1 44 19 5 5 2 1 0 0  aaaa88885999a9995779aaa738776978365426a464685
408493 1 44 19 6 0 0 1 0 0  aaaa88884999a9994779aaa728777968654655a536683
408545 1 44 19 7 2 2 1 0 0  aaaa88887999a9994779aaa768766978254365a653584
408563 1 44 19 7 5 2 1 0 0  aaaa88887999a9994779aaa728765978654365a653684
408594 1 44 19 8 5 0 0 0 0  aaaa88885999a9993729aaa778776978565446a564683
408599 1 44 19 8 5 2 1 0 0  aaaa88885999a9995739aaa778776978365426a464685
408601 1 44 19 9 0 0 1 0 0  aaaa88884999a9994729aaa778777968654655a536683
408761 1 44 20 2 2 2 1 0 0  aaaa88888999a9994779aaa768766978254365a753564
408767 1 44 20 2 3 2 1 0 0  aaaa88888999a9994779aaa768766978356265a754534
408773 1 44 20 2 4 2 1 0 0  aaaa88888999a9994779aaa768735978666265a754534
408779 1 44 20 2 5 2 1 0 0  aaaa88888999a9994779aaa728765978654365a753664
408887 1 44 20 5 5 2 1 0 0  aaaa88888999a9994779aaa728775978654365a653664
408941 1 44 20 7 2 2 1 0 0  aaaa88888999a9997779aaa768766978354265a654534
408959 1 44 20 7 5 2 1 0 0  aaaa88888999a9997779aaa728765978654365a653644
408995 1 44 20 8 5 2 1 0 0  aaaa88888999a9994729aaa778775978654365a653664
409336 1 44 21 7 2 2 0 0 0  aaaa77753999a9993869aaa888888976652644a476575
409356 1 44 21 8 0 0 0 0 0  aaaa77775999a9994829aaa888888976655636a357464
409732 1 44 22 7 2 2 0 0 0  aaaa77753999a9993689aaa287665988888644a476575
410039 1 45 0 4 5 2 1 0 0  aaaa88777999a9999829aaa878776548865446a365635
410041 1 45 0 5 0 0 1 0 0  aaaa88777999a9999829aaa868675568875476a644533
410045 1 45 0 5 0 2 1 0 0  aaaa88777999a9999829aaa868675468874376a653545
410113 1 45 0 7 0 0 1 0 0  aaaa88777999a9999839aaa868674268873556a657454
410318 1 45 1 1 4 1 0 0 0  aaaa88874999a9999889aaa378774476586657a663525
410538 1 45 1 7 5 0 0 0 0  aaaa88865999a9999889aaa378776375485526a474676
410746 1 45 2 2 3 2 0 0 0  aaaa88853999a9999889aaa878775376662647a447565
410914 1 45 2 7 1 2 0 0 0  aaaa88856999a9999889aaa878775376663445a276475
410920 1 45 2 7 2 2 0 0 0  aaaa88853999a9999889aaa878775376662644a476575
410926 1 45 2 7 3 2 0 0 0  aaaa88853999a9999889aaa878775376662465a476475
410934 1 45 2 7 5 0 0 0 0  aaaa88865999a9999889aaa878776375465526a474673
410962 1 45 2 8 3 2 0 0 0  aaaa88853999a9999889aaa878777376662645a447565
411136 1 45 3 2 2 2 0 0 0  aaaa88854999a9999869aaa878775378663267a657445
411151 1 45 3 2 5 0 1 0 0  aaaa88855999a9999839aaa878774578653267a647664
411155 1 45 3 2 5 2 1 0 0  aaaa88854999a9999839aaa878775478653267a657664
411160 1 45 3 3 0 2 0 0 0  aaaa88857999a9999829aaa878777368657645a446635
411316 1 45 3 7 2 2 0 0 0  aaaa88854999a9999879aaa878775368663725a644765
411352 1 45 3 8 2 2 0 0 0  aaaa88854999a9999879aaa878777368663725a644565
411532 1 45 4 2 2 2 0 0 0  aaaa88854999a9999879aaa778778368663725a644565
411702 1 45 4 7 1 0 0 0 0  aaaa88865999a9999879aaa478778368646756a525734
411710 1 45 4 7 2 1 0 0 0  aaaa88854999a9999879aaa378778368662755a644765
411712 1 45 4 7 2 2 0 0 0  aaaa88845999a9999879aaa578778568665744a633762
411748 1 45 4 8 2 2 0 0 0  aaaa88854999a9999879aaa378778768663725a644565
411998 1 45 5 4 2 1 0 0 0  aaaa88874999a9999869aaa378774486673657a586525
412336 1 45 6 2 4 2 0 0 0  aaaa88854999a9999879aaa778775328686765a644635
412385 1 45 6 4 0 2 1 0 0  aaaa88847999a9999829aaa778776668587356a536454
412550 1 45 6 8 4 1 0 0 0  aaaa88854999a9999879aaa378777358686765a644625
412552 1 45 6 8 4 2 0 0 0  aaaa88845999a9999879aaa578777548686764a635623
412632 1 45 7 0 0 0 0 0 0  aaaa88884999a9999889aaa378766375646557a762574
412650 1 45 7 0 3 0 0 0 0  aaaa88885999a9999889aaa378766675645547a763472
412726 1 45 7 2 3 2 0 0 0  aaaa88885999a9999889aaa578773576665647a447362
412791 1 45 7 4 2 1 1 0 0  aaaa88884999a9999889aaa478773366674557a266557
412793 1 45 7 4 2 2 1 0 0  aaaa88884999a9999889aaa478773366674257a566557
412894 1 45 7 7 1 2 0 0 0  aaaa88886999a9999889aaa578772576665434a476375
412900 1 45 7 7 2 2 0 0 0  aaaa88885999a9999889aaa578773576665644a476372
412904 1 45 7 7 3 1 0 0 0  aaaa88884999a9999889aaa378774476663565a276575
412906 1 45 7 7 3 2 0 0 0  aaaa88885999a9999889aaa578773576665464a476372
412914 1 45 7 7 5 0 0 0 0  aaaa88885999a9999889aaa378776375465526a474676
412924 1 45 7 8 0 2 0 0 0  aaaa88885999a9999889aaa578777576635646a447362
412938 1 45 7 8 3 0 0 0 0  aaaa88885999a9999889aaa378777376662654a447565
412940 1 45 7 8 3 1 0 0 0  aaaa88885999a9999889aaa378777376662645a447565
412942 1 45 7 8 3 2 0 0 0  aaaa88885999a9999889aaa578777576665644a437362
412950 1 45 7 8 5 0 0 0 0  aaaa88885999a9999889aaa478777275645563a637664
413116 1 45 8 2 2 2 0 0 0  aaaa88854999a9999879aaa778774468663725a683565
413207 1 45 8 4 5 2 1 0 0  aaaa88875999a9999849aaa578773548674267a685663
413224 1 45 8 5 2 2 0 0 0  aaaa88854999a9999879aaa378775378666265a687445
413236 1 45 8 5 4 2 0 0 0  aaaa88854999a9999879aaa378774478656265a687635
413242 1 45 8 5 5 2 0 0 0  aaaa88854999a9999879aaa378775378644265a687665
413294 1 45 8 7 2 1 0 0 0  aaaa88854999a9999879aaa378774468663755a682765
413296 1 45 8 7 2 2 0 0 0  aaaa88845999a9999879aaa578773568665744a682763
413330 1 45 8 8 2 1 0 0 0  aaaa88844999a9999879aaa578777468663725a683565
413332 1 45 8 8 2 2 0 0 0  aaaa88845999a9999879aaa578777568665744a682363
413512 1 45 9 2 2 2 0 0 0  aaaa88854999a9999879aaa778775368663725a644865
413692 1 45 9 7 2 2 0 0 0  aaaa88854999a9999879aaa378775328666765a644875
413698 1 45 9 7 3 2 0 0 0  aaaa88854999a9999879aaa378775368656726a644875
413704 1 45 9 7 4 2 0 0 0  aaaa88854999a9999879aaa378775368666725a644875
413708 1 45 9 7 5 1 0 0 0  aaaa88865999a9999879aaa378776358565746a464872
413718 1 45 9 8 1 0 0 0 0  aaaa88865999a9999879aaa478777368646756a525834
413726 1 45 9 8 2 1 0 0 0  aaaa88854999a9999879aaa378777368662755a644865
413728 1 45 9 8 2 2 0 0 0  aaaa88845999a9999879aaa578777568665744a633862
413790 1 45 9 10 1 0 0 0 0  aaaa88856999a9999879aaa478666278777545a536843
413849 1 45 10 0 4 2 1 0 0  aaaa88884999a9999879aaa778275468666735a657534
413855 1 45 10 0 5 2 1 0 0  aaaa88884999a9999879aaa778275438653765a657664
413908 1 45 10 2 2 2 0 0 0  aaaa88884999a9999879aaa778775368663725a644565
414036 1 45 10 6 0 0 0 0 0  aaaa88885999a9999879aaa478777378663665a455246
414078 1 45 10 7 1 0 0 0 0  aaaa88885999a9999879aaa478776368646756a525734
414086 1 45 10 7 2 1 0 0 0  aaaa88884999a9999879aaa378775368662755a644765
414088 1 45 10 7 2 2 0 0 0  aaaa88885999a9999879aaa578774568665744a633762
414122 1 45 10 8 2 1 0 0 0  aaaa88885999a9999879aaa478777368663725a644565
414124 1 45 10 8 2 2 0 0 0  aaaa88885999a9999879aaa578777568665744a642363
414756 1 45 12 4 0 0 0 0 0  aaaa88885999a9999879aaa488777377663665a455246
415298 1 45 13 8 0 1 0 0 0  aaaa88884999a9999879aaa378777386644765a562556
415801 1 45 15 0 0 0 1 0 0  aaaa88877999a9999279aaa768767486554635a588634
415803 1 45 15 0 0 1 1 0 0  aaaa88877999a9999279aaa768767486555633a588644
416011 1 45 15 5 5 0 1 0 0  aaaa88855999a9999779aaa748773584674265a688663
416089 1 45 15 8 0 0 1 0 0  aaaa88866999a9999729aaa778773685475646a588345
416119 1 45 15 8 5 0 1 0 0  aaaa88855999a9999749aaa778773584674265a688663
416197 1 45 16 0 0 0 1 0 0  aaaa88877999a9999279aaa768767586545363a586484
416201 1 45 16 0 0 2 1 0 0  aaaa88877999a9999279aaa768767586435643a485685
416278 1 45 16 2 1 2 0 0 0  aaaa88853999a9999779aaa768766386752744a486585
416356 1 45 16 4 2 2 0 0 0  aaaa88853999a9999779aaa768766386456744a782585
416428 1 45 16 6 2 2 0 0 0  aaaa88853999a9999779aaa768777386652644a486585
416500 1 45 16 8 2 2 0 0 0  aaaa88853999a9999769aaa778775386672644a486585
416536 1 45 16 9 2 2 0 0 0  aaaa88853999a9999769aaa778777386652644a486585
416572 1 45 16 10 2 2 0 0 0  aaaa88853999a9999769aaa378777786652644a486585
416916 1 45 17 9 0 0 0 0 0  aaaa88885999a9999729aaa778777486655636a358464
417385 1 45 19 0 0 0 1 0 0  aaaa88885999a9999779aaa468765578264367a763584
417459 1 45 19 2 0 1 1 0 0  aaaa88884999a9999779aaa768765578264365a763584
417473 1 45 19 2 2 2 1 0 0  aaaa88884999a9999779aaa768765678254365a753684
417479 1 45 19 2 3 2 1 0 0  aaaa88884999a9999779aaa768766478256365a753584
417485 1 45 19 2 4 2 1 0 0  aaaa88884999a9999779aaa768766678254365a753584
417487 1 45 19 2 5 0 1 0 0  aaaa88884999a9999779aaa758756478265356a763684
417489 1 45 19 2 5 1 1 0 0  aaaa88884999a9999779aaa758756578264356a763684
417490 1 45 19 2 5 2 0 0 0  aaaa88885999a9999779aaa738746578365446a765682
417491 1 45 19 2 5 2 1 0 0  aaaa88885999a9999779aaa728746578465346a763685
417538 1 45 19 4 1 2 0 0 0  aaaa88886999a9999779aaa768766348456725a753485
417544 1 45 19 4 2 2 0 0 0  aaaa88884999a9999779aaa768766268356735a744585
417550 1 45 19 4 3 2 0 0 0  aaaa88883999a9999779aaa768766348456765a752485
417599 1 45 19 5 5 2 1 0 0  aaaa88885999a9999779aaa738776578365426a464685
417653 1 45 19 7 2 2 1 0 0  aaaa88887999a9999779aaa768766478254365a653584
417671 1 45 19 7 5 2 1 0 0  aaaa88887999a9999779aaa728765478654365a653684
417702 1 45 19 8 5 0 0 0 0  aaaa88885999a9999729aaa778776378565446a564683
417707 1 45 19 8 5 2 1 0 0  aaaa88885999a9999739aaa778776578365426a464685
417709 1 45 19 9 0 0 1 0 0  aaaa88884999a9999729aaa778777468654655a536683
417781 1 45 20 0 0 0 1 0 0  aaaa88888999a9999779aaa568765578364267a764534
417869 1 45 20 2 2 2 1 0 0  aaaa88888999a9999779aaa768766478254365a753564
417875 1 45 20 2 3 2 1 0 0  aaaa88888999a9999779aaa768766478356265a754534
417881 1 45 20 2 4 2 1 0 0  aaaa88888999a9999779aaa768766678354265a754534
417887 1 45 20 2 5 2 1 0 0  aaaa88888999a9999779aaa728765478654365a753664
417995 1 45 20 5 5 2 1 0 0  aaaa88888999a9999779aaa728775478654365a653664
418049 1 45 20 7 2 2 1 0 0  aaaa88888999a9999779aaa768766478254365a653574
418067 1 45 20 7 5 2 1 0 0  aaaa88888999a9999779aaa728765478654365a653674
418103 1 45 20 8 5 2 1 0 0  aaaa88888999a9999729aaa778775478654365a653664
418444 1 45 21 7 2 2 0 0 0  aaaa77753999a9999869aaa888888376652644a476575
418464 1 45 21 8 0 0 0 0 0  aaaa77775999a9999829aaa888888476655636a357464
418752 1 45 22 5 0 0 0 0 0  aaaa77766999a9999829aaa688888876565457a437345
418840 1 45 22 7 2 2 0 0 0  aaaa77753999a9999869aaa388888876652644a476575
419221 1 46 0 7 0 0 1 0 0  aaaa88777296a8876988aaa799999965785564a346354
419250 1 46 0 7 5 0 0 0 0  aaaa88777295a8875988aaa799999956784634a666354
419251 1 46 0 7 5 0 1 0 0  aaaa88777595a8873988aaa799999956783654a666424
420438 1 46 3 7 5 0 0 0 0  aaaa88865797a8764988aaa799999975485526a763643
420646 1 46 4 2 3 2 0 0 0  aaaa88854797a8753988aaa899999976663627a744565
420654 1 46 4 2 5 0 0 0 0  aaaa88865797a8764988aaa899999975465527a763643
420807 1 46 4 7 0 1 1 0 0  aaaa88874397a8773988aaa899999976655626a754564
420809 1 46 4 7 0 2 1 0 0  aaaa88874397a8773988aaa899999976654626a754565
420825 1 46 4 7 3 1 1 0 0  aaaa88874397a8773988aaa899999976664655a754265
420827 1 46 4 7 3 2 1 0 0  aaaa88874397a8773988aaa899999976664625a754565
420835 1 46 4 7 5 0 1 0 0  aaaa88874397a8773988aaa899999975564526a764656
420862 1 46 4 8 3 2 0 0 0  aaaa88854797a8773988aaa899999976663625a744565
420870 1 46 4 8 5 0 0 0 0  aaaa88865797a8774988aaa899999975465526a763643
420947 1 46 4 10 5 2 1 0 0  aaaa88854297a8654988aaa899999977777365a653664
421000 1 46 5 1 2 2 0 0 0  aaaa88854796a8773978aaa899999987663765a652445
421055 1 46 5 2 5 2 1 0 0  aaaa88865793a8775978aaa899999987365476a464652
421091 1 46 5 3 5 2 1 0 0  aaaa88854792a8777978aaa899999987654365a653664
421121 1 46 5 4 4 2 1 0 0  aaaa88854792a8774978aaa899999987657635a666534
421127 1 46 5 4 5 2 1 0 0  aaaa88854792a8774978aaa899999987657365a653664
421159 1 46 5 5 5 0 1 0 0  aaaa88865797a8764928aaa899999987575376a563644
421163 1 46 5 5 5 2 1 0 0  aaaa88865797a8765938aaa899999987375476a464652
421193 1 46 5 6 4 2 1 0 0  aaaa88854797a8774928aaa899999987657635a666534
421199 1 46 5 6 5 2 1 0 0  aaaa88854797a8774928aaa899999987657365a653664
421307 1 46 5 9 5 2 1 0 0  aaaa88854797a8777928aaa899999987654365a653664
421343 1 46 5 10 5 2 1 0 0  aaaa88854297a8654978aaa899999987777365a653664
421618 1 46 6 7 3 2 0 0 0  aaaa88854797a8783988aaa799999976663625a744565
421626 1 46 6 7 5 0 0 0 0  aaaa88865797a8784988aaa799999975465526a763643
421654 1 46 6 8 3 2 0 0 0  aaaa88854797a8787988aaa399999976663625a744565
421662 1 46 6 8 5 0 0 0 0  aaaa88865797a8787988aaa499999975465526a763643
421884 1 46 7 4 0 0 0 0 0  aaaa88885898a7774978aaa399999977663665a455246
422188 1 46 8 1 2 2 0 0 0  aaaa88854796a8773978aaa899999978663765a652445
422279 1 46 8 3 5 2 1 0 0  aaaa88854792a8777978aaa899999978654365a653664
422309 1 46 8 4 4 2 1 0 0  aaaa88854792a8774978aaa899999978657635a666534
422315 1 46 8 4 5 2 1 0 0  aaaa88854792a8774978aaa899999978657365a653664
422347 1 46 8 5 5 0 1 0 0  aaaa88865797a8764928aaa899999978575356a763644
422351 1 46 8 5 5 2 1 0 0  aaaa88865797a8765928aaa899999978475346a763645
422381 1 46 8 6 4 2 1 0 0  aaaa88854797a8774928aaa899999978657635a666534
422387 1 46 8 6 5 2 1 0 0  aaaa88854797a8774928aaa899999978657365a653664
422495 1 46 8 9 5 2 1 0 0  aaaa88854797a8777928aaa899999978654365a653664
422531 1 46 8 10 5 2 1 0 0  aaaa88854297a8654978aaa899999978777365a653664
422639 1 46 9 2 5 2 1 0 0  aaaa88865793a8775978aaa899999937865476a464652
422675 1 46 9 3 5 2 1 0 0  aaaa88854792a8777978aaa899999976854635a666534
422707 1 46 9 4 5 0 1 0 0  aaaa88865792a8774978aaa899999977864556a365634
422709 1 46 9 4 5 1 1 0 0  aaaa88865792a8774978aaa899999977864536a565634
422710 1 46 9 4 5 2 0 0 0  aaaa88865792a8775978aaa899999977865346a365644
422711 1 46 9 4 5 2 1 0 0  aaaa88865792a8775978aaa899999977865436a464635
422743 1 46 9 5 5 0 1 0 0  aaaa88865797a8764928aaa899999977864556a365734
422745 1 46 9 5 5 1 1 0 0  aaaa88865797a8764928aaa899999977864536a565734
422746 1 46 9 5 5 2 0 0 0  aaaa88865797a8765928aaa899999977865346a365744
422747 1 46 9 5 5 2 1 0 0  aaaa88865797a8765928aaa899999977865436a464735
422779 1 46 9 6 5 0 1 0 0  aaaa88865797a8774928aaa899999977864556a365634
422781 1 46 9 6 5 1 1 0 0  aaaa88865797a8774928aaa899999977864536a565634
422782 1 46 9 6 5 2 0 0 0  aaaa88865797a8775928aaa899999977865346a365644
422783 1 46 9 6 5 2 1 0 0  aaaa88865797a8775928aaa899999977865436a464635
422891 1 46 9 9 5 2 1 0 0  aaaa88854797a8777928aaa899999976854635a666534
422927 1 46 9 10 5 2 1 0 0  aaaa88854297a8654978aaa899999977877365a653664
423144 1 46 10 6 0 0 0 0 0  aaaa88885797a8774988aaa399999977663665a455246
423202 1 46 10 7 3 2 0 0 0  aaaa88884797a8753988aaa799999976663625a744565
423210 1 46 10 7 5 0 0 0 0  aaaa88885797a8764988aaa799999975465526a763643
423720 1 46 12 0 0 0 0 0 0  aaaa88884897a7663988aaa399999975646557a762574
423738 1 46 12 0 3 0 0 0 0  aaaa88885897a7666988aaa399999975645547a763472
423814 1 46 12 2 3 2 0 0 0  aaaa88885897a7735988aaa599999976665647a447362
423879 1 46 12 4 2 1 1 0 0  aaaa88884897a7733988aaa499999966674557a266557
423881 1 46 12 4 2 2 1 0 0  aaaa88884897a7733988aaa499999966674257a566557
423982 1 46 12 7 1 2 0 0 0  aaaa88886897a7725988aaa599999976665434a476375
423988 1 46 12 7 2 2 0 0 0  aaaa88885897a7735988aaa599999976665644a476372
423992 1 46 12 7 3 1 0 0 0  aaaa88884897a7744988aaa399999976663565a276575
423994 1 46 12 7 3 2 0 0 0  aaaa88885897a7735988aaa599999976665464a476372
424002 1 46 12 7 5 0 0 0 0  aaaa88885897a7763988aaa399999975465526a474676
424012 1 46 12 8 0 2 0 0 0  aaaa88885897a7775988aaa599999976635646a447362
424026 1 46 12 8 3 0 0 0 0  aaaa88885897a7773988aaa399999976662654a447565
424028 1 46 12 8 3 1 0 0 0  aaaa88885897a7773988aaa399999976662645a447565
424030 1 46 12 8 3 2 0 0 0  aaaa88885897a7775988aaa599999976665644a437362
424038 1 46 12 8 5 0 0 0 0  aaaa88885897a7774988aaa299999975645563a637664
424265 1 46 13 4 0 2 1 0 0  aaaa88886897a7766928aaa499999986574357a563547
424406 1 46 13 8 0 1 0 0 0  aaaa88884897a7773978aaa399999986644765a562556
424518 1 46 14 0 1 0 0 0 0  aaaa88858797a6664928aaa799999987556758a346374
424519 1 46 14 0 1 0 1 0 0  aaaa88858797a6662948aaa799999987446758a556373
424529 1 46 14 0 2 2 1 0 0  aaaa88858797a6664928aaa799999987654768a353574
424547 1 46 14 0 5 2 1 0 0  aaaa88858797a3654928aaa799999987654768a653674
424775 1 46 14 7 1 2 1 0 0  aaaa88858797a7666928aaa799999986754738a654534
424908 1 46 15 0 0 0 0 0 0  aaaa88877296a8776978aaa799999986554653a484365
424909 1 46 15 0 0 0 1 0 0  aaaa88877296a8776978aaa799999986554635a584364
424939 1 46 15 0 5 0 1 0 0  aaaa88877396a8773978aaa799999986666545a582445
425015 1 46 15 2 5 2 1 0 0  aaaa88857797a8754928aaa799999987654365a683664
425089 1 46 15 5 0 0 1 0 0  aaaa88866794a8776978aaa799999986464575a582335
425157 1 46 15 6 5 1 1 0 0  aaaa88855797a8774928aaa499999987657365a683664
425170 1 46 15 7 1 2 0 0 0  aaaa88854797a8753968aaa799999987663675a682445
425191 1 46 15 7 5 0 1 0 0  aaaa88865797a8764928aaa799999987565376a583644
425195 1 46 15 7 5 2 1 0 0  aaaa88865797a8765938aaa799999987365476a484652
425233 1 46 15 9 0 0 1 0 0  aaaa88866797a8777938aaa699999987663545a582445
425269 1 46 15 10 0 0 1 0 0  aaaa88866397a8663978aaa699999987777545a582445
425305 1 46 16 0 0 0 1 0 0  aaaa88877296a8776978aaa799999986545654a335864
425335 1 46 16 0 5 0 1 0 0  aaaa88877396a8773978aaa799999986666455a544825
425411 1 46 16 2 5 2 1 0 0  aaaa88867797a8764928aaa799999987564356a563854
425413 1 46 16 3 0 0 1 0 0  aaaa88857797a8773948aaa799999986644656a553862
425484 1 46 16 5 0 0 0 0 0  aaaa88866792a8776978aaa799999986565473a534845
425485 1 46 16 5 0 0 1 0 0  aaaa88866794a8776978aaa799999986464575a533825
425547 1 46 16 6 4 1 1 0 0  aaaa88855797a8774928aaa499999987657635a666834
425566 1 46 16 7 1 2 0 0 0  aaaa88854797a8753968aaa799999987663675a644825
425587 1 46 16 7 5 0 1 0 0  aaaa88865797a8764928aaa799999987565376a563844
425591 1 46 16 7 5 2 1 0 0  aaaa88865797a8765938aaa799999987365476a464852
425629 1 46 16 9 0 0 1 0 0  aaaa88866797a8777938aaa699999987663455a544825
425665 1 46 16 10 0 0 1 0 0  aaaa88866397a8663978aaa699999987777455a544825
425717 1 46 17 0 2 2 1 0 0  aaaa88887797a8666928aaa799999987654765a354534
425807 1 46 17 2 5 2 1 0 0  aaaa88887797a8754928aaa799999987654365a653664
425962 1 46 17 7 1 2 0 0 0  aaaa88884797a8753968aaa799999987663675a652445
425983 1 46 17 7 5 0 1 0 0  aaaa88885797a8764928aaa799999987565376a563644
425987 1 46 17 7 5 2 1 0 0  aaaa88885797a8765938aaa799999987365476a464652
425989 1 46 17 8 0 0 1 0 0  aaaa88884797a8774938aaa799999987663665a554256
426103 1 46 18 0 1 0 1 0 0  aaaa88888797a6662938aaa799999987356755a546474
426113 1 46 18 0 2 2 1 0 0  aaaa88888797a6664928aaa799999987654765a353574
426131 1 46 18 0 5 2 1 0 0  aaaa88888797a3654928aaa799999987654765a653674
426359 1 46 18 7 1 2 1 0 0  aaaa88888797a7666928aaa799999986754735a654534
426503 1 46 19 0 1 2 1 0 0  aaaa88887797a8666928aaa799999976854735a654534
426599 1 46 19 2 5 2 1 0 0  aaaa88887797a8754928aaa799999976854635a666534
426754 1 46 19 7 1 2 0 0 0  aaaa88884797a8753968aaa799999976863665a752445
426775 1 46 19 7 5 0 1 0 0  aaaa88885797a8764928aaa799999975865536a764634
426779 1 46 19 7 5 2 1 0 0  aaaa88885797a8765928aaa799999974865436a764635
426781 1 46 19 8 0 0 1 0 0  aaaa88884797a8774938aaa799999976863665a554256
426997 1 46 20 3 0 0 1 0 0  aaaa88888797a8775928aaa799999966545363a567464
427464 1 46 21 5 0 0 0 0 0  aaaa77766898a8888928aaa699999976565457a437345
427552 1 46 21 7 2 2 0 0 0  aaaa77753898a8888968aaa399999976652644a476575
427691 1 46 22 0 1 2 1 0 0  aaaa77666298a7754987aaa799999988888665a354534
427693 1 46 22 0 2 0 1 0 0  aaaa77666298a7755987aaa799999988888465a644353
427697 1 46 22 0 2 2 1 0 0  aaaa77666298a7754987aaa799999988888365a653544
427709 1 46 22 0 4 2 1 0 0  aaaa77654298a7754987aaa799999988888635a666534
427715 1 46 22 0 5 2 1 0 0  aaaa77654298a7754987aaa799999988888365a653664
427787 1 46 22 2 5 2 1 0 0  aaaa77754298a7654987aaa799999988888365a653664
427933 1 46 22 7 0 0 1 0 0  aaaa77766398a7663987aaa699999988888455a544725
428045 1 46 22 10 0 2 1 0 0  aaaa67654298a7654986aaa699999988888735a777534
