0,10000000,664578,40017,624561,3,9997879,7a566d111c3021a0,5907,751,9244552,277,3001,27,458333,259,3,9997879,0.02
10000000,100000000,5096876,162191,4934685,10000763,99999551,5692aa7e406e35b0,152073,1117,55076404,3389,10000019,9,10010089,267,10000763,99999551,0.10
100000000,1000000000,45086079,857599,44228480,100000673,999998693,9dd0601d32a74b1c,3075502,1481,916861118,36758,100000007,9,100025383,365,100000673,999998693,0.93
1000000000,2000000000,47374753,698061,46676692,1000000933,1999998827,e8badfc008e509e4,4515181,1549,1834890388,40133,1000000007,9,1000023887,333,1000000933,1999998827,1.09
2000000000,3000000000,46227250,607596,45619654,2000002271,2999999087,c33175a8aefbaa65,5089140,1759,2583022822,40355,2000000011,9,2000130701,327,2000002271,2999999087,1.07
3000000000,4000000000,45512275,556053,44956222,3000001723,3999999617,64465c7ce192f0f8,5474170,1877,3220560764,39337,3000000019,9,3000000407,451,3000001723,3999999617,1.06
4000000000,5000000000,44992411,520077,44472334,4000003549,4999998473,2db831e4f571f5fe,5791020,1627,4738962244,39120,4000000007,9,4000030831,327,4000003549,4999998473,1.05
5000000000,6000000000,44591145,494857,44096288,5000001991,5999998793,354183f316cba9a0,6032623,2239,5880449914,38548,5000000029,9,5000022163,377,5000001991,5999998793,1.06
6000000000,7000000000,44258984,473462,43785522,6000002863,6999991309,545b7eb2f95f913b,6236611,1789,6762499438,38039,6000000001,9,6000009559,267,6000002863,6999991309,1.08
7000000000,8000000000,43979302,455644,43523658,7000003859,7999999697,d0ea05c9daffae1b,6414812,1783,7260663988,37460,7000000001,9,7000016383,261,7000003859,7999999697,1.10
8000000000,9000000000,43739541,440694,43298847,8000003591,8999999581,67c475f030c911b7,6575906,1879,8359726222,37866,8000000011,9,8000032153,291,8000003591,8999999581,1.08
9000000000,10000000000,43529316,430466,43098850,9000010031,9999995363,c0c379d7fd6b0b05,6733732,1873,9709006654,37572,9000000001,9,9000110411,319,9000010031,9999995363,1.06
10000000000,11000000000,43336106,419197,42916909,10000002713,10999998593,9ab8a6b77d9b35d4,6860646,1787,10790071076,36940,10000000019,9,10000092653,361,10000002713,10999998593,1.10
11000000000,12000000000,43167234,409255,42757979,11000004811,11999998481,8c02ff1c26fcd22e,6984629,2141,11691729188,37123,11000000021,9,11000025739,351,11000004811,11999998481,1.11
12000000000,13000000000,43014349,401365,42612984,12000003221,12999996491,23bb9b488fadb1a4,7085092,1741,12090184558,36997,12000000073,9,12000001751,583,12000003221,12999996491,1.10
13000000000,14000000000,42870136,392533,42477603,13000000513,13999992329,68912817f7b0b61a,7201301,1823,13617424424,37008,13000000073,9,13000044821,639,13000000513,13999992329,1.07
14000000000,15000000000,42740180,387123,42353057,14000000461,14999988439,9c0445223799d324,7289817,1931,14999483288,36877,14000000057,9,14000073179,511,14000000461,14999988439,1.10
15000000000,16000000000,42619305,378343,42240962,15000003523,15999990911,ebf624f681f44866,7380666,1871,15731703242,36560,15000000007,9,15000008203,261,15000003523,15999990911,1.11
16000000000,17000000000,42506114,374852,42131262,16000005143,16999999199,896ac757140eb343,7472651,2083,16964487538,36434,16000000039,9,16000010959,341,16000005143,16999999199,1.09
17000000000,18000000000,42397463,367946,42029517,17000000623,17999999629,41c834011e33b671,7544784,1847,17989476584,36504,17000000021,9,17000001721,363,17000000623,17999999629,1.08
18000000000,19000000000,42296629,362462,41934167,18000000043,18999998431,581ded692e7e59f7,7627349,2063,18265616426,35972,18000000001,9,18000033859,267,18000000043,18999998431,1.11
19000000000,20000000000,42206689,358580,41848109,19000000571,19999996483,b96b0c5989399501,7710612,1993,19553504956,36094,19000000007,9,19000004029,261,19000000571,19999996483,1.11
20000000000,21000000000,42117773,354019,41763754,20000001823,20999996141,372621c2e4999852,7770447,2143,20405452048,35639,20000000089,9,20000027141,265,20000001823,20999996141,1.09
21000000000,22000000000,42033862,350071,41683791,21000001661,21999995999,5fec00425c74dfe6,7839594,1879,21611947702,35932,21000000019,9,21000010313,265,21000001661,21999995999,1.10
22000000000,23000000000,41951193,346161,41605032,22000005529,22999998277,3c54504a6b80b73c,7911887,1993,22138904308,35570,22000000007,9,22000063087,525,22000005529,22999998277,1.13
23000000000,24000000000,41876823,342390,41534433,23000003449,23999996899,7008e4a3dc888313,7962016,2113,23107401658,35705,23000000029,9,23000018831,415,23000003449,23999996899,1.11
24000000000,25000000000,41801038,337890,41463148,24000003667,24999999223,55f898e310a4898d,8021591,1801,24925713796,35342,24000000007,9,24000044701,335,24000003667,24999999223,1.11
25000000000,26000000000,41730415,335460,41394955,25000009501,25999996201,7fdb2a625c1cc293,8083890,1933,25813770916,35523,25000000013,9,25000012487,469,25000009501,25999996201,1.10
26000000000,27000000000,41667335,330797,41336538,26000004473,26999996731,f052bfb4c3874b78,8134296,2113,26432366308,34778,26000000017,9,26000048363,411,26000004473,26999996731,1.14
27000000000,28000000000,41602782,329125,41273657,27000001627,27999999103,9742cd432a2609ce,8193693,2239,27772127602,35246,27000000019,9,27000045979,363,27000001627,27999999103,1.11
28000000000,29000000000,41540225,326115,41214110,28000003793,28999997849,e17fb3de0cf823da,8245041,1801,28706436112,35254,28000000031,9,28000039273,377,28000003793,28999997849,1.11
29000000000,30000000000,41477764,324092,41153672,29000000021,29999999959,0bca5876aea72cc9,8293681,1951,29151079912,35132,29000000009,9,29000014231,597,29000000021,29999999959,1.10
30000000000,31000000000,41424698,321213,41103485,30000002261,30999991643,64b62e8be5e3306c,8335547,2053,30951355588,34877,30000000001,9,30000095647,261,30000002261,30999991643,1.15
31000000000,32000000000,41368791,317957,41050834,31000002751,31999991053,53d87b672f542108,8387296,1753,31195872976,35040,31000000027,9,31000059403,321,31000002751,31999991053,1.12
32000000000,33000000000,41316074,316268,40999806,32000005061,32999987147,f48b4b8f1ac1b965,8427584,2053,32855580628,34813,32000000017,9,32000020699,537,32000005061,32999987147,1.10
33000000000,34000000000,41259170,313190,40945980,33000003563,33999993901,c1d351df1efe9a77,8477727,2003,33028012868,34229,33000000029,9,33000003349,545,33000003563,33999993901,1.16
34000000000,35000000000,41215217,310410,40904807,34000001603,34999999523,0012392cd49cb5cd,8516039,1987,34624333624,34774,34000000007,9,34000024213,363,34000001603,34999999523,1.09
35000000000,36000000000,41166936,309351,40857585,35000010977,35999994649,8dcbe8c5bf922232,8560580,1987,35670666412,34836,35000000041,9,35000018101,303,35000010977,35999994649,1.14
36000000000,37000000000,41116296,306001,40810295,36000001861,36999997843,9bf5d377abbd00fa,8599856,1889,36593032334,34276,36000000007,9,36000006001,845,36000001861,36999997843,1.11
37000000000,38000000000,41072879,305908,40766971,37000006493,37999997773,a8cf15b0f29cd0a7,8639533,2273,37353552998,33967,37000000007,9,37000009201,417,37000006493,37999997773,1.14
38000000000,39000000000,41026277,302953,40723324,38000007641,38999997137,d8ff32b086a662c0,8688047,2081,38861638766,34353,38000000011,9,38000026487,309,38000007641,38999997137,1.11
39000000000,40000000000,40983169,301145,40682024,39000007399,39999986291,1830759ad7bbb64c,8714974,1873,39632583148,34453,39000000029,9,39000000937,329,39000007399,39999986291,1.13
40000000000,41000000000,40942651,298480,40644171,40000003249,40999992731,921a7fcf212547cf,8757722,1741,40008692758,34336,40000000003,9,40000029403,585,40000003249,40999992731,1.11
41000000000,42000000000,40900619,297634,40602985,41000001709,41999997049,df6d15a525625753,8790366,2081,41392748372,34349,41000000021,9,41000048321,535,41000001709,41999997049,1.16
42000000000,43000000000,40859364,295568,40563796,42000008693,42999988639,88685adb32f3834f,8823285,1931,42326938448,34134,42000000059,9,42000043847,369,42000008693,42999988639,1.13
43000000000,44000000000,40824780,294487,40530293,43000001861,43999998313,745133a7e4494dca,8852191,1871,43774891178,34158,43000000019,9,43000005197,375,43000001861,43999998313,1.11
44000000000,45000000000,40785896,291878,40494018,44000001407,44999996123,0df5cecfe801c68f,8902994,1949,44225336588,34106,44000000021,9,44000024777,319,44000001407,44999996123,1.15
45000000000,46000000000,40749595,289829,40459766,45000004607,45999991361,2630e9f0f2d7f402,8924103,1987,45950790982,33781,45000000079,9,45000125003,595,45000004607,45999991361,1.17
46000000000,47000000000,40711114,288694,40422420,46000009513,46999999523,7ba03b85fe8a9cf3,8958514,2251,46517928298,33912,46000000031,9,46000012703,325,46000009513,46999999523,1.13
47000000000,48000000000,40675023,287816,40387207,47000005909,47999999713,7c95254a8d5b15f3,9000015,2039,47615574428,33873,47000000017,9,47000130511,275,47000005909,47999999713,1.17
48000000000,49000000000,40641065,285694,40355371,48000000619,48999999703,773189c742a9f1cd,9028498,2039,48175256852,34094,48000000001,9,48000020063,301,48000000619,48999999703,1.17
49000000000,50000000000,40609038,284529,40324509,49000005493,49999998497,cb3c1719e9e2123c,9047268,1997,49779787196,33585,49000000001,9,49000104553,405,49000005493,49999998497,1.13
50000000000,51000000000,40575830,284559,40291271,50000000429,50999991503,079c0e7c7910c6b6,9083733,1999,50419344298,33646,50000000021,9,50000230879,267,50000000429,50999991503,1.13
51000000000,52000000000,40547028,281542,40265486,51000001519,51999999487,bc20055a7ce5d389,9107378,2017,51920439664,33475,51000000041,9,51000059933,301,51000001519,51999999487,1.13
52000000000,53000000000,40509244,279949,40229295,52000005401,52999999937,308b88285f84a1de,9146381,2111,52163106482,33661,52000000009,9,52000008169,327,52000005401,52999999937,1.16
53000000000,54000000000,40483597,278691,40204906,53000001211,53999999957,74a1f38d64064542,9170720,2017,53176146244,33557,53000000101,9,53000008559,301,53000001211,53999999957,1.13
54000000000,55000000000,40452835,279227,40173608,54000002237,54999989819,34476dc94aee1156,9199164,2089,54619934752,33265,54000000023,9,54000008983,335,54000002237,54999989819,1.12
55000000000,56000000000,40419653,276246,40143407,55000004263,55999989211,236b3b7bb9f14e33,9239144,2081,55650519368,33914,55000000001,9,55000051663,495,55000004263,55999989211,1.15
56000000000,57000000000,40392162,275257,40116905,56000000741,56999999213,c36157570907791e,9259967,2239,56899812448,33492,56000000011,9,56000020171,299,56000000741,56999999213,1.14
58000000000,59000000000,40332795,273805,40058990,58000010333,58999996217,29d82d11795462f8,9311646,1913,58184200874,33198,58000000007,9,58000078861,519,58000010333,58999996217,1.16
57000000000,58000000000,40361469,275219,40086250,57000014761,57999995411,100e40eeba684fea,9272893,2203,57081791686,33414,57000000011,9,57000048571,357,57000014761,57999995411,1.17
59000000000,60000000000,40308964,272235,40036729,59000010197,59999994533,5b8491b6be5f5ca4,9329063,1889,59168905802,33117,59000000023,9,59000078329,407,59000010197,59999994533,1.13
61000000000,62000000000,40251929,270178,39981751,61000000931,61999999133,be738c82ca5bcb9f,9382721,2269,61596348004,33106,61000000001,9,61000016507,771,61000000931,61999999133,1.18
60000000000,61000000000,40281387,270326,40011061,60000010163,60999998771,2dbbe0d1abed8739,9360285,2287,60267472366,33305,60000000029,9,60000025703,627,60000010163,60999998771,1.18
62000000000,63000000000,40228286,268580,39959706,62000001467,62999999617,f77edee4643b2931,9410394,2027,62555320874,33533,62000000009,9,62000036773,417,62000001467,62999999617,1.20
65000000000,66000000000,40151113,265468,39885645,65000004353,65999997143,96df57e3405c305f,9487529,2063,65066115188,33170,65000000017,9,65000057123,259,65000004353,65999997143,1.12
63000000000,64000000000,40200844,267482,39933362,63000002941,63999998611,034ddfea44976593,9432103,2063,63593795966,33288,63000000013,9,63000015317,301,63000002941,63999998611,1.17
64000000000,65000000000,40176042,265657,39910385,64000006801,64999998803,9481e8fbcc45a93a,9448635,2113,64928373856,32810,64000000013,9,64000040803,429,64000006801,64999998803,1.24
66000000000,67000000000,40126676,264434,39862242,66000000761,66999995837,525e1f3c15324d4b,9510181,1931,66734098826,32806,66000000013,9,66000060787,369,66000000761,66999995837,1.18
67000000000,68000000000,40103781,263794,39839987,67000002197,67999995619,d96f6df23093bdc3,9527652,2287,67202984374,33021,67000000003,9,67000021369,267,67000002197,67999995619,1.19
68000000000,69000000000,40083140,262406,39820734,68000004901,68999997893,f780d1aa935ce98d,9559055,2239,68185955182,33093,68000000021,9,68000006863,261,68000004901,68999997893,1.18
69000000000,70000000000,40058186,261162,39797024,69000005423,69999999661,6fd006dba09b981f,9575870,1901,69328690052,32976,69000000059,9,69000034007,451,69000005423,69999999661,1.16
70000000000,71000000000,40031060,260585,39770475,70000001053,70999998911,b47d0b2f2185e244,9598951,2281,70865077762,32895,70000000033,9,70000007681,355,70000001053,70999998911,1.16
71000000000,72000000000,40010247,258995,39751252,71000000381,71999998549,efc38c4d6a9c5a04,9616145,2179,71304622798,32896,71000000041,9,71000043979,371,71000000381,71999998549,1.19
73000000000,74000000000,39964230,257828,39706402,73000005103,73999995857,6fc9c3de0c4e0d1f,9670312,2251,73358114926,32741,73000000019,9,73000061759,777,73000005103,73999995857,1.15
72000000000,73000000000,39989890,258782,39731108,72000003349,72999999913,c33db96fa9111191,9639405,2029,72776601532,32961,72000000011,9,72000045283,471,72000003349,72999999913,1.18
74000000000,75000000000,39946511,257577,39688934,74000001371,74999999233,8e2dd7f5b57f5144,9682193,2063,74942321924,33254,74000000003,9,74000109581,289,74000001371,74999999233,1.12
75000000000,76000000000,39926594,257518,39669076,75000009529,75999993683,7b87fd2ae239fc13,9708103,2131,75946694686,32554,75000000001,9,75000057163,341,75000009529,75999993683,1.17
76000000000,77000000000,39906295,255201,39651094,76000017287,76999997827,ad7d5d85ad014f5c,9719348,1879,76109772118,33129,76000000003,9,76000003631,555,76000017287,76999997827,1.19
77000000000,78000000000,39879152,255723,39623429,77000012671,77999999513,d4ee0120005d2424,9741689,1871,77335770548,32180,77000000023,9,77000029657,273,77000012671,77999999513,1.19
78000000000,79000000000,39865378,254995,39610383,78000000343,78999995611,5b4c07534fbfff0c,9777303,2029,78923732044,32988,78000000007,9,78000048673,335,78000000343,78999995611,1.19
79000000000,80000000000,39840350,253956,39586394,79000005109,79999998739,bf2712f2d30be64f,9786428,2153,79649763554,32373,79000000063,9,79000150771,267,79000005109,79999998739,1.20
80000000000,81000000000,39821000,253139,39567861,80000002921,80999995651,16ea8f56ba035cbe,9812422,2207,80257682114,32643,80000000021,9,80000061863,339,80000002921,80999995651,1.20
81000000000,82000000000,39803203,252267,39550936,81000002651,81999994543,255cbfc29a7b5140,9816854,2089,81976922392,32964,81000000047,9,81000011051,259,81000002651,81999994543,1.16
82000000000,83000000000,39784260,250508,39533752,82000000171,82999998649,b0e1ac45a7769b9f,9837911,2089,82010368708,32735,82000000001,9,82000018363,321,82000000171,82999998649,1.20
83000000000,84000000000,39765158,250502,39514656,83000012023,83999996491,2458122cebc6a4bf,9858082,2029,83665790458,32384,83000000021,9,83000018693,481,83000012023,83999996491,1.23
84000000000,85000000000,39746136,249028,39497108,84000000247,84999997373,e3853ce0de94a895,9882473,2251,84701814328,32526,84000000011,9,84000016819,267,84000000247,84999997373,1.19
85000000000,86000000000,39727200,250074,39477126,85000007003,85999990619,659a2442b5896b87,9901516,2243,85004292728,32470,85000000013,9,85000028111,399,85000007003,85999990619,1.18
86000000000,87000000000,39706330,248322,39458008,86000000461,86999998367,a0e8bf5909940051,9918220,2011,86227658668,32348,86000000003,15,86000096579,295,86000000461,86999998367,1.15
87000000000,88000000000,39689138,247970,39441168,87000002003,87999991049,092ba36bf3dadaf3,9934322,2053,87817032598,32525,87000000007,9,87000001663,915,87000002003,87999991049,1.18
88000000000,89000000000,39674454,246727,39427727,88000004689,88999982089,00294a61e8b08c02,9952998,2213,88998762008,32682,88000000037,9,88000067933,265,88000004689,88999982089,1.23
89000000000,90000000000,39652866,246079,39406787,89000004983,89999991377,35dd3d40b7925b7a,9968391,1913,89702794334,32147,89000000029,9,89000125133,301,89000004983,89999991377,1.19
90000000000,91000000000,39638063,246447,39391616,90000009439,90999989411,13ff22db0cc64e58,9983436,2131,90751082992,32078,90000000019,9,90000098767,603,90000009439,90999989411,1.15
91000000000,92000000000,39621606,243724,39377882,91000005751,91999989239,32a98c942f8bca4b,10004410,2053,91961786128,32514,91000000037,9,91000007107,261,91000005751,91999989239,1.12
92000000000,93000000000,39603089,244031,39359058,92000001773,92999997977,05a4b40da58f1996,10033204,2161,92826902668,32263,92000000011,9,92000009917,273,92000001773,92999997977,1.17
93000000000,94000000000,39589524,243805,39345719,93000000773,93999999913,57f27babb6e65b08,10037039,1933,93130451374,32564,93000000001,119,93000010241,375,93000000773,93999999913,1.19
94000000000,95000000000,39568558,242409,39326149,94000002461,94999998703,9f186b8c9aaf6cdc,10059052,1951,94514169118,32133,94000000033,9,94000067527,341,94000002461,94999998703,1.19
95000000000,96000000000,39553728,243252,39310476,95000007331,95999989909,9dfd1b3237c0e0d9,10073413,1879,95931868594,32031,95000000033,9,95000103469,267,95000007331,95999989909,1.16
96000000000,97000000000,39534403,241387,39293016,96000009563,96999999847,1f26bfbc0be91904,10093689,1987,96334383436,32260,96000000011,9,96000022051,1007,96000009563,96999999847,1.17
97000000000,98000000000,39523591,241600,39281991,97000007261,97999990061,2225a624e2661d65,10102211,2269,97887709882,32199,97000000037,9,97000008113,381,97000007261,97999990061,1.19
98000000000,99000000000,39505228,240039,39265189,98000012837,98999996279,42abc96d1e465dca,10123258,2137,98679435592,32125,98000000047,9,98000030419,393,98000012837,98999996279,1.17
99000000000,100000000000,39488032,239280,39248752,99000001699,99999976319,f0cbea4240c380bb,10142398,1879,99731756812,31966,99000000031,9,99000025721,309,99000001699,99999976319,1.21
100000000000,120000000000,786704586,4682969,782021617,100000005041,119999999521,e4ebc86ccd2c3eb8,205906380,2447,107077145114,637265,100000000003,9,100000083013,657,100000005041,119999999521,23.96
120000000000,140000000000,781566759,4501993,777064766,120000001691,139999999333,e0fe84cad516bf12,211296064,2659,129211053052,630314,120000000007,9,120000029251,341,120000001691,139999999333,24.03
140000000000,160000000000,777207779,4347893,772859886,140000001473,159999998971,8fe11fe15fdaf52a,215971173,2423,148733228408,622115,140000000009,9,140000033059,267,140000001473,159999998971,24.23
160000000000,180000000000,773444223,4218132,769226091,160000008167,179999997179,b858ddd4c992a21f,220099049,2521,164897129806,614467,160000000003,9,160000020253,261,160000008167,179999997179,24.42
180000000000,200000000000,770126899,4107517,766019382,180000006737,199999994239,f40f4ae74578dd82,223820567,2707,192652748062,610064,180000000013,9,180000038509,267,180000006737,199999994239,24.50
200000000000,220000000000,767160305,4007092,763153213,200000006671,219999983087,870e794dc0294521,227126553,2617,212207793334,606393,200000000041,9,200000007773,301,200000006671,219999983087,24.53
220000000000,240000000000,764504120,3919127,760584993,220000006381,239999997551,a492d59586abfe22,230164803,2797,232092024712,601715,220000000001,9,220000029259,455,220000006381,239999997551,24.80
240000000000,260000000000,762054769,3844656,758210113,240000009191,259999994003,6fc7de2f6b45c351,233010923,2693,246623378966,596975,240000000041,9,240000003977,333,240000009191,259999994003,24.66
260000000000,280000000000,759834498,3777740,756056758,260000022749,279999996433,dfb78e0ac2c9cdd3,235607158,2549,268918032248,593340,260000000017,9,260000086111,357,260000022749,279999996433,24.76
280000000000,300000000000,757780384,3710996,754069388,280000001791,299999992451,46b172584f8bf7c9,237995138,2521,292044518482,590560,280000000031,9,280000064809,455,280000001791,299999992451,24.78
300000000000,320000000000,755869245,3652694,752216551,300000005971,319999998751,edc2fdf7438fe34d,240341306,2473,306741283858,587294,300000000077,9,300000024197,333,300000005971,319999998751,24.80
320000000000,340000000000,754092434,3596742,750495692,320000007289,339999989059,cb87967cf7067e2b,242442592,2557,328259342386,583967,320000000027,9,320000041661,361,320000007289,339999989059,24.85
340000000000,360000000000,752411386,3548017,748863369,340000005347,359999993399,4699a82760db7838,244528282,3037,357304776394,581494,340000000009,9,340000213393,299,340000005347,359999993399,24.95
360000000000,380000000000,750842848,3503771,747339077,360000022121,379999997603,d20d1d491cb64bb6,246441864,2593,372777694378,578432,360000000007,9,360000028517,291,360000022121,379999997603,25.16
380000000000,400000000000,749350609,3459904,745890705,380000003501,399999981503,b7269f315b9e8657,248273526,2791,395327811352,576243,380000000041,9,380000031581,529,380000003501,399999981503,25.21
400000000000,420000000000,747966168,3417278,744548890,400000000261,419999992901,81af8755a94f5ddd,249972350,2819,419085029054,573709,400000000019,9,400000059169,267,400000000261,419999992901,25.05
420000000000,440000000000,746641421,3382342,743259079,420000003233,439999997471,34c6e33b4999c6d1,251656261,2671,428032242952,570020,420000000019,9,420000003221,427,420000003233,439999997471,25.30
440000000000,460000000000,745362940,3340811,742022129,440000005871,459999992867,e83814913aea3758,253200689,2677,450536846446,568390,440000000023,9,440000082103,371,440000005871,459999992867,25.06
460000000000,480000000000,744151675,3307460,740844215,460000009829,479999994443,3a606194487a7eab,254821343,2647,471863780746,566707,460000000003,15,460000041203,441,460000009829,479999994443,25.03
480000000000,500000000000,743008281,3273685,739734596,480000000881,499999981783,7a2c6ee81bbb13d4,256213460,3307,496562420542,563526,480000000019,9,480000008021,259,480000000881,499999981783,25.31
500000000000,520000000000,741911828,3245802,738666026,500000000809,519999995873,fa49a48d6c17e285,257650443,2963,503533515176,562135,500000000023,9,500000025533,381,500000000809,519999995873,25.11
520000000000,540000000000,740856491,3215567,737640924,520000017289,539999996089,bd81be423bf0a5f6,258985408,2593,532005261874,560731,520000000001,25,520000064161,299,520000017289,539999996089,25.46
540000000000,560000000000,739830494,3190216,736640278,540000000721,559999987727,7bf6edc729a22449,260315967,2617,540188474986,558557,540000000019,9,540000129049,321,540000000721,559999987727,25.21
560000000000,580000000000,738852458,3155808,735696650,560000003377,579999993901,346896c67581261d,261563986,2851,563006209642,557883,560000000003,15,560000006107,305,560000003377,579999993901,25.30
580000000000,600000000000,737914373,3135021,734779352,580000002811,599999995211,7da838c7e94e611a,262807905,3089,596877919304,554824,580000000079,9,580000079777,529,580000002811,599999995211,25.41
600000000000,620000000000,737003278,3109480,733893798,600000007601,619999986569,c69ebcf9c1ef7a9d,263993755,2609,610385657978,554073,600000000031,9,600000018173,265,600000007601,619999986569,25.50
620000000000,640000000000,736131688,3088553,733043135,620000004167,639999984863,53e250aa51efbe3c,265224166,2617,630913580356,553110,620000000003,9,620000013781,287,620000004167,639999984863,25.33
640000000000,660000000000,735287797,3060587,732227210,640000009871,659999999723,0bf593a34b2dfbf0,266299741,2707,643864320622,551975,640000000007,9,640000067297,265,640000009871,659999999723,25.63
660000000000,680000000000,734479142,3044622,731434520,660000022501,679999998653,d3c407aeea08f9d1,267310652,2693,676130431868,549716,660000000019,9,660000026927,339,660000022501,679999998653,25.52
680000000000,700000000000,733670619,3024730,730645889,680000000293,699999995069,f1bfec3c5be9933d,268385732,2593,692302829116,547759,680000000059,9,680000048597,295,680000000293,699999995069,25.57
700000000000,720000000000,732899963,3001529,729898434,700000005853,719999993837,5aa088e0a7ec86ac,269492614,2677,707550959986,547892,700000000009,9,700000005407,295,700000005853,719999993837,25.67
720000000000,740000000000,732173509,2983764,729189745,720000009077,739999995923,60895b47fdbf9e6b,270392363,2791,730853069398,545387,720000000001,9,720000093107,319,720000009077,739999995923,25.58
740000000000,760000000000,731450280,2967045,728483235,740000002367,759999984103,e00f59d1793a1ce8,271369190,2857,752262201736,544211,740000000011,9,740000028323,517,740000002367,759999984103,25.98
760000000000,780000000000,730744139,2944602,727799537,760000017773,779999992663,76eebcce8e145e0d,272292045,2689,769839742684,544085,760000000117,9,760000110901,267,760000017773,779999992663,25.57
780000000000,800000000000,730041326,2924334,727116992,780000001637,799999987817,67b1ab1cde6bb9cb,273294361,3049,788369669992,541598,780000000023,9,780000160367,319,780000001637,799999987817,25.84
800000000000,820000000000,729396480,2910947,726485533,800000002553,819999994423,3ef38158d91b17d2,274087251,2971,807786968242,540640,800000000047,9,800000021983,345,800000002553,819999994423,25.56
820000000000,840000000000,728732108,2892731,725839377,820000000219,839999993747,d0f4fb3f42124d12,275085687,2791,823349753362,539962,820000000007,9,820000054453,303,820000000219,839999993747,25.95
840000000000,860000000000,728110070,2881621,725228449,840000007859,859999980731,f0219aeaa7e4d8a8,275939823,2647,851871006544,537633,840000000029,9,840000011023,335,840000007859,859999980731,25.62
860000000000,880000000000,727487700,2858784,724628916,860000010977,879999996851,d54baad89724a6ad,276774130,2749,871261882432,537356,860000000003,9,860000002621,395,860000010977,879999996851,25.56
880000000000,900000000000,726877701,2844731,724032970,880000000511,899999998133,f179370b5418466e,277568749,2801,884588260508,535031,880000000027,9,880000043627,979,880000000511,899999998133,26.04
900000000000,920000000000,726312659,2832415,723480244,900000020873,919999999781,4a6272865ab505a2,278432167,2851,919837464562,534234,900000000013,9,900000069461,319,900000020873,919999999781,25.75
920000000000,940000000000,725725577,2818906,722906671,920000001649,939999990827,a5b2c8a519855471,279167980,2671,928598108188,533555,920000000033,9,920000010931,513,920000001649,939999990827,26.00
940000000000,960000000000,725179806,2804557,722375249,940000001471,959999999099,2c4948cbdc13c200,279955146,3301,951380992312,533189,940000000007,9,940000038359,387,940000001471,959999999099,25.89
960000000000,980000000000,724615808,2790273,721825535,960000008521,979999996291,e36df490ef4cd01a,280745962,2953,969188906968,533472,960000000013,9,960000015137,799,960000008521,979999996291,26.05
980000000000,1000000000000,724090582,2780384,721310198,980000009629,999999998533,66b076c2399baa39,281500658,2789,995701560428,530086,980000000009,9,980000078809,755,980000009629,999999998533,25.69
1000000000000,1010000000000,361840208,1382344,360457864,1000000010489,1009999998653,a62ade114caf0f45,141004859,2851,1009523087878,265014,1000000000039,9,1000000019171,415,1000000010489,1009999998653,12.55
1010000000000,1020000000000,361710127,1381310,360328817,1010000006221,1019999981027,1ae7beaf5a1e8da5,141239149,2797,1017718532422,265391,1010000000011,9,1010000048713,585,1010000006221,1019999981027,12.72
1020000000000,1030000000000,361586537,1377824,360208713,1020000010103,1029999997991,83c84af08898b4d1,141415527,2467,1022494856596,264570,1020000000011,9,1020000065341,267,1020000010103,1029999997991,12.60
1030000000000,1040000000000,361460065,1373447,360086618,1030000000903,1039999995259,45bf2e8ed15aa3d6,141548904,3121,1030421713708,263619,1030000000037,9,1030000056941,565,1030000000903,1039999995259,12.64
1040000000000,1050000000000,361341971,1370012,359971959,1040000002609,1049999978327,4f57902bed1ab065,141719515,2591,1042135048148,264636,1040000000027,9,1040000035303,357,1040000002609,1049999978327,13.01
1050000000000,1060000000000,361214311,1369805,359844506,1050000000169,1059999996193,ed409283d8f6895c,141929056,2719,1050851591434,264529,1050000000013,9,1050000021713,259,1050000000169,1059999996193,12.78
1060000000000,1070000000000,361096607,1365967,359730640,1060000009339,1069999995881,5a3caf0c5e08d6ba,142075802,2707,1068965884804,264109,1060000000019,9,1060000115423,565,1060000009339,1069999995881,13.02
1070000000000,1080000000000,360963281,1360628,359602653,1070000002483,1079999991457,06986b63fae8bfdd,142234324,2963,1075597732376,263910,1070000000011,9,1070000068091,399,1070000002483,1079999991457,13.04
1080000000000,1090000000000,360853198,1358552,359494646,1080000003491,1089999999377,dadd2360dc7e922d,142418447,2741,1081031346968,262803,1080000000059,9,1080000023833,335,1080000003491,1089999999377,13.02
1090000000000,1100000000000,360725095,1356325,359368770,1090000008313,1099999988671,aff11969bc8b1642,142600284,2971,1093096783942,262599,1090000000051,9,1090000030547,265,1090000008313,1099999988671,12.97
1100000000000,1110000000000,360597938,1352992,359244946,1100000013223,1109999999099,14559172e615e477,142816315,2731,1102383411418,263060,1100000000003,91,1100000028671,265,1100000013223,1109999999099,13.09
1110000000000,1120000000000,360493956,1349328,359144628,1110000001177,1119999991343,3cea421a6f731361,142929855,2609,1111023978572,262660,1110000000023,9,1110000009269,297,1110000001177,1119999991343,13.08
1120000000000,1130000000000,360379523,1347532,359031991,1120000003121,1129999979909,2c71c4ca863f4137,143080242,2749,1124572116028,263275,1120000000003,9,1120000001297,469,1120000003121,1129999979909,12.94
1130000000000,1140000000000,360257533,1344349,358913184,1130000006323,1139999970979,9c5aee4a46c91d5c,143225970,2467,1139514876502,261650,1130000000039,9,1130000018353,405,1130000006323,1139999970979,12.91
1140000000000,1150000000000,360156964,1341278,358815686,1140000001801,1149999994909,71c0b25dd599fd37,143399029,2659,1147218561592,262821,1140000000047,9,1140000014641,305,1140000001801,1149999994909,12.95
1150000000000,1160000000000,360047767,1338775,358708992,1150000001431,1159999985173,345f84a9ff5d1e98,143541869,2707,1158144570994,261744,1150000000001,9,1150000011107,369,1150000001431,1159999985173,13.05
1160000000000,1170000000000,359924627,1336521,358588106,1160000006161,1169999983189,25008e28f3a58400,143750990,2957,1163575629824,261457,1160000000051,9,1160000034077,345,1160000006161,1169999983189,12.88
1170000000000,1180000000000,359799229,1333213,358466016,1170000050357,1179999999557,6051f10bfb4295be,143883286,2857,1171722339532,261714,1170000000017,9,1170000038821,371,1170000050357,1179999999557,12.89
1180000000000,1190000000000,359698001,1329623,358368378,1180000002451,1189999963213,440807ece2ceecb0,144058207,2671,1180614995146,261547,1180000000007,9,1180000009667,265,1180000002451,1189999963213,13.02
1190000000000,1200000000000,359592176,1328234,358263942,1190000014529,1199999990671,1189f76b07aad007,144220647,2953,1196065953688,261312,1190000000003,9,1190000059223,301,1190000014529,1199999990671,13.12
1200000000000,1210000000000,359491833,1326520,358165313,1200000002869,1209999999751,521d53b7c6abb2ad,144344396,2803,1206974096128,260978,1200000000053,9,1200000006721,455,1200000002869,1209999999751,13.09
1210000000000,1220000000000,359382041,1323612,358058429,1210000001531,1219999983743,965cda59d1b3ea1f,144526349,2689,1217774944054,260132,1210000000021,9,1210000049023,305,1210000001531,1219999983743,12.94
1220000000000,1230000000000,359269949,1320909,357949040,1220000008463,1229999994541,79134c5355d06766,144686921,2543,1227167138486,259747,1220000000017,9,1220000274557,259,1220000008463,1229999994541,13.11
1230000000000,1240000000000,359166361,1317637,357848724,1230000013729,1239999966811,b6d956e1361ea2c4,144841016,2657,1237812924632,259870,1230000000013,9,1230000031111,267,1230000013729,1239999966811,12.84
1240000000000,1250000000000,359075349,1317015,357758334,1240000000441,1249999998899,b0ef45483bb1cebc,144940576,2851,1240984970248,260115,1240000000013,9,1240000010279,517,1240000000441,1249999998899,13.07
1250000000000,1260000000000,358953004,1312526,357640478,1250000001667,1259999997797,7ac11c2f9d8c1571,145145163,2767,1250637783166,260733,1250000000111,9,1250000039807,319,1250000001667,1259999997797,13.04
1260000000000,1270000000000,358856845,1311141,357545704,1260000004621,1269999997579,0003fb65eb57944a,145254737,3109,1260597806458,259943,1260000000001,9,1260000047861,265,1260000004621,1269999997579,13.03
1270000000000,1280000000000,358761154,1309612,357451542,1270000003861,1279999982803,0c2ff230d1bced59,145393546,2593,1275608747146,259376,1270000000013,9,1270000026109,267,1270000003861,1279999982803,13.04
1280000000000,1290000000000,358652604,1306043,357346561,1280000003213,1289999997031,79f9401a2e611ca8,145556367,2897,1281274031342,258121,1280000000003,9,1280000081951,537,1280000003213,1289999997031,13.19
1290000000000,1300000000000,358552571,1302447,357250124,1290000005953,1299999996677,27f9558308b8421c,145662104,2621,1297906422356,258748,1290000000083,9,1290000002611,429,1290000005953,1299999996677,13.03
1300000000000,1310000000000,358454920,1299902,357155018,1300000013387,1309999993573,b7393bd501a62305,145824265,2803,1304572248316,259105,1300000000021,9,1300000041947,291,1300000013387,1309999993573,12.99
1310000000000,1320000000000,358356000,1296594,357059406,1310000015813,1319999983727,5314732a441fb005,145985895,2467,1311607533322,257363,1310000000009,9,1310000065607,309,1310000015813,1319999983727,13.20
1320000000000,1330000000000,358264275,1297598,356966677,1320000010037,1329999994919,bdb9a83938e021f3,146094521,2789,1323766978232,258566,1320000000019,9,1320000035531,327,1320000010037,1329999994919,13.22
1330000000000,1340000000000,358175679,1294885,356880794,1330000026673,1339999987063,0080e6163a1fbec6,146263898,2749,1333773336202,258894,1330000000009,9,1330000045741,323,1330000026673,1339999987063,13.09
1340000000000,1350000000000,358063063,1289790,356773273,1340000005979,1349999994527,d0a2501c30af92cb,146403189,2593,1343757141586,257589,1340000000051,9,1340000016967,335,1340000005979,1349999994527,13.16
1350000000000,1360000000000,357971593,1288492,356683101,1350000029801,1359999972431,6cce6522bd8bcef9,146545909,2957,1359244879196,257057,1350000000061,9,1350000015451,363,1350000029801,1359999972431,13.07
1360000000000,1370000000000,357892784,1286850,356605934,1360000003151,1369999999897,c865fc5d617cb9f7,146660779,2837,1362873132476,257132,1360000000003,9,1360000049921,537,1360000003151,1369999999897,13.15
1380000000000,1390000000000,357685967,1285888,356400079,1380000009307,1389999993121,499814f4be1977c5,146958648,3529,1386629533048,258241,1380000000011,9,1380000021143,427,1380000009307,1389999993121,13.03
1370000000000,1380000000000,357801406,1286936,356514470,1370000000953,1379999995061,5a796d6050019735,146800148,2659,1377457488892,257615,1370000000063,9,1370000034859,425,1370000000953,1379999995061,13.28
1390000000000,1400000000000,357600807,1280065,356320742,1390000000637,1399999995773,883d88c5c56b5a54,147066740,2887,1397670814504,257153,1390000000033,9,1390000100683,267,1390000000637,1399999995773,13.09
1410000000000,1420000000000,357415683,1276811,356138872,1410000002011,1419999992843,5f30138791124da6,147369343,2699,1413947122454,256173,1410000000029,9,1410000009151,303,1410000002011,1419999992843,13.03
1400000000000,1410000000000,357509403,1283116,356226287,1400000010263,1409999997853,a1b43ffe25e3f5f7,147246885,2659,1401072224932,256260,1400000000023,9,1400000110661,399,1400000010263,1409999997853,13.14
1420000000000,1430000000000,357348258,1276168,356072090,1420000004011,1429999996169,98b4eba7badbf203,147457320,2731,1422058389406,257172,1420000000019,9,1420000010593,321,1420000004011,1429999996169,13.03
1430000000000,1440000000000,357241162,1269864,355971298,1430000021383,1439999998771,63e24841bbef349f,147602253,2797,1438814099182,256630,1430000000057,9,1430000075923,299,1430000021383,1439999998771,13.23
1440000000000,1450000000000,357156373,1270475,355885898,1440000010483,1449999978677,7a5f9c6d9c84aece,147719090,2593,1449859058104,256200,1440000000007,9,1440000005029,567,1440000010483,1449999978677,13.12
1450000000000,1460000000000,357065264,1267513,355797751,1450000008313,1459999995529,d7b6024d34659d98,147862538,2749,1454957622154,256231,1450000000021,9,1450000021313,297,1450000008313,1459999995529,13.07
1460000000000,1470000000000,356981840,1268099,355713741,1460000014267,1469999983999,40d6ff969012e722,147960328,2677,1460616931222,255748,1460000000003,9,1460000007707,339,1460000014267,1469999983999,13.18
1470000000000,1480000000000,356878328,1265659,355612669,1470000003683,1479999990701,f642a60fc84237f6,148131511,2473,1474464860326,256495,1470000000013,9,1470000148699,405,1470000003683,1479999990701,13.20
1480000000000,1490000000000,356810691,1262556,355548135,1480000014301,1489999997201,0d0d971b6d158921,148220607,3067,1485597124114,256146,1480000000009,9,1480000089511,717,1480000014301,1489999997201,13.11
1500000000000,1510000000000,356635534,1257899,355377635,1500000011603,1509999999271,49081935b246c852,148482234,2857,1501183208662,255036,1500000000047,9,1500000026471,295,1500000011603,1509999999271,13.11
1490000000000,1500000000000,356723590,1260148,355463442,1490000003761,1499999994049,3f58fb7333139399,148354346,2803,1498515901996,256194,1490000000087,9,1490000036311,303,1490000003761,1499999994049,13.12
1510000000000,1520000000000,356549957,1256308,355293649,1510000000571,1519999992491,1f91bed57b6d3abf,148606561,3049,1517322887908,255733,1510000000079,9,1510000020173,417,1510000000571,1519999992491,13.05
1530000000000,1540000000000,356379879,1252956,355126923,1530000004231,1539999998783,26facab1b232f489,148878369,2803,1536120629326,254054,1530000000019,9,1530000041663,355,1530000004231,1539999998783,12.92
1520000000000,1530000000000,356469626,1255766,355213860,1520000009261,1529999998399,3e6518426058cc85,148741479,2833,1529051919298,255090,1520000000003,9,1520000011577,343,1520000009261,1529999998399,13.15
1540000000000,1550000000000,356301969,1251793,355050176,1540000003757,1549999945699,dfa09ca20aa6dfb6,149014792,2683,1545861194128,255084,1540000000031,9,1540000030999,981,1540000003757,1549999945699,13.24
1550000000000,1560000000000,356222521,1250174,354972347,1550000002337,1559999999357,7be0e2fd0a264631,149077349,2789,1554686321462,255463,1550000000071,9,1550000053873,261,1550000002337,1559999999357,13.18
1560000000000,1570000000000,356146429,1249435,354896994,1560000011431,1569999989713,a53bd49b1dc10906,149196636,2731,1566725918158,254996,1560000000007,9,1560000029971,393,1560000011431,1569999989713,13.13
1570000000000,1580000000000,356047891,1247457,354800434,1570000012331,1579999975711,8d5fe37cd1a0f172,149349501,2777,1579844424812,255217,1570000000013,9,1570000017919,497,1570000012331,1579999975711,13.20
1580000000000,1590000000000,355977762,1245544,354732218,1580000028643,1589999998403,09409b521698b613,149422716,2789,1582498883528,254056,1580000000023,9,1580000030971,267,1580000028643,1589999998403,12.33
1590000000000,1600000000000,355890789,1242931,354647858,1590000002291,1599999996857,8562cf29a614c52a,149603057,3067,1591709424622,254062,1590000000077,9,1590000008489,517,1590000002291,1599999996857,13.24
1600000000000,1610000000000,355811030,1240969,354570061,1600000005553,1609999990223,1977521f619af070,149708149,2551,1606694205496,253976,1600000000021,9,1600000025291,345,1600000005553,1609999990223,13.07
1610000000000,1620000000000,355745819,1239975,354505844,1610000015849,1619999988203,83b2c9de10f6f35a,149830954,2677,1616312457142,253397,1610000000009,9,1610000001353,301,1610000015849,1619999988203,13.11
1620000000000,1630000000000,355657568,1238327,354419241,1620000000317,1629999996553,a4a23048dae01a24,149949573,2659,1623235918588,254059,1620000000013,9,1620000140471,403,1620000000317,1629999996553,13.21
1630000000000,1640000000000,355583145,1236334,354346811,1630000002089,1639999997791,2212fabaaebadc67,150052845,3061,1633681003102,254202,1630000000019,9,1630000013753,399,1630000002089,1639999997791,13.21
1640000000000,1650000000000,355517451,1233560,354283891,1640000014489,1649999997089,eb57d282e42d0875,150118926,2671,1640366453116,253461,1640000000039,9,1640000004193,261,1640000014489,1649999997089,13.16
1650000000000,1660000000000,355420541,1230857,354189684,1650000002683,1659999979249,29e3646abd32d91e,150274333,3089,1655550616574,252708,1650000000029,9,1650000030233,301,1650000002683,1659999979249,13.23
1660000000000,1670000000000,355357722,1230249,354127473,1660000008451,1669999986947,99deb1a7b2c5d2e8,150372192,2963,1662299443118,252930,1660000000003,9,1660000007333,301,1660000008451,1669999986947,13.32
1670000000000,1680000000000,355272997,1229335,354043662,1670000031197,1679999989867,309d1d6529f75794,150484509,3109,1673771844244,252975,1670000000059,9,1670000009959,345,1670000031197,1679999989867,13.02
1680000000000,1690000000000,355214708,1226964,353987744,1680000001579,1689999993239,afe5b3a4f7ca71fd,150613011,2801,1688830547582,252891,1680000000061,9,1680000135397,501,1680000001579,1689999993239,13.35
1690000000000,1700000000000,355134539,1225823,353908716,1690000006577,1699999986319,b9458aa08ec8759c,150730656,2767,1699184996974,252864,1690000000057,9,1690000042277,319,1690000006577,1699999986319,13.27
1700000000000,1710000000000,355057527,1222770,353834757,1700000000857,1709999995247,acf5f43f292fb311,150791663,3467,1707158116766,252785,1700000000011,9,1700000000851,275,1700000000857,1709999995247,13.25
1710000000000,1720000000000,354979553,1220570,353758983,1710000016451,1719999998083,90cc7b8395806a65,150931186,2953,1710620160388,253150,1710000000031,9,1710000016279,543,1710000016451,1719999998083,13.17
1720000000000,1730000000000,354915974,1221308,353694666,1720000009201,1729999982657,909513d8c3f0e959,151036776,2659,1724946675778,253805,1720000000051,9,1720000086449,301,1720000009201,1729999982657,13.46
1740000000000,1750000000000,354758970,1219474,353539496,1740000015323,1749999996931,aea98ff30c27d145,151280942,2689,1745578828222,252115,1740000000061,9,1740000007357,351,1740000015323,1749999996931,11.50
1730000000000,1740000000000,354818467,1218744,353599723,1730000004871,1739999999503,bbf317687c19741d,151206923,2797,1739335453342,253263,1730000000023,9,1730000015461,605,1730000004871,1739999999503,13.30
1750000000000,1760000000000,354699291,1213742,353485549,1750000007599,1759999967251,2816ecc6e0a910a7,151348550,2657,1751543864942,252711,1750000000003,9,1750000142327,295,1750000007599,1759999967251,13.37
1770000000000,1780000000000,354542521,1212390,353330131,1770000003661,1779999982531,db39d2d9ccb4705b,151588562,2851,1775689391092,251017,1770000000007,9,1770000097391,697,1770000003661,1779999982531,13.26
1760000000000,1770000000000,354635493,1214758,353420735,1760000006117,1769999996563,c86a99b34db13bfb,151462744,2843,1767307929896,251695,1760000000047,9,1760000056697,303,1760000006117,1769999996563,13.21
1780000000000,1790000000000,354482324,1210748,353271576,1780000023709,1789999987231,c9436e76627e0765,151710282,2903,1785564424976,252108,1780000000057,9,1780000030981,303,1780000023709,1789999987231,13.21
1800000000000,1810000000000,354339441,1208745,353130696,1800000004661,1809999996227,3774b0ba979beca4,151864955,2713,1800444075718,251319,1800000000047,9,1800000007369,897,1800000004661,1809999996227,13.16
1790000000000,1800000000000,354420418,1208657,353211761,1790000010583,1799999997667,23a9e138d237aeea,151789920,2671,1790245735972,251424,1790000000029,9,1790000105723,339,1790000010583,1799999997667,13.19
1810000000000,1820000000000,354273405,1205795,353067610,1810000002061,1819999997471,64d38e5d804935da,151999442,2719,1817072831428,252083,1810000000001,9,1810000079231,319,1810000002061,1819999997471,13.21
1820000000000,1830000000000,354203132,1203100,353000032,1820000003233,1829999993963,1d8483cca7edd465,152052975,2609,1823565153044,250870,1820000000011,9,1820000042131,335,1820000003233,1829999993963,13.19
1830000000000,1840000000000,354132715,1201673,352931042,1830000007163,1839999998411,5980ad9385c24b0e,152189826,2887,1835096136382,251363,1830000000007,9,1830000099419,565,1830000007163,1839999998411,13.33
1840000000000,1850000000000,354059206,1201278,352857928,1840000000337,1849999998463,68264f9d55b55b25,152307875,2659,1841339746438,251434,1840000000001,9,1840000025411,343,1840000000337,1849999998463,13.41
1860000000000,1870000000000,353919113,1198495,352720618,1860000012883,1869999977243,fb3682a7b90511f0,152538468,3083,1866509381768,250794,1860000000041,9,1860000020617,273,1860000012883,1869999977243,13.22
1850000000000,1860000000000,354002768,1198515,352804253,1850000007473,1859999987161,df8a367feb435aea,152470058,2749,1858484383882,250624,1850000000039,9,1850000012837,451,1850000007473,1859999987161,13.33
1880000000000,1890000000000,353787615,1193320,352594295,1880000003341,1889999999221,ee3fe12386db8735,152713262,2791,1883781495322,250955,1880000000009,9,1880000027033,369,1880000003341,1889999999221,12.21
1890000000000,1900000000000,353725575,1194914,352530661,1890000012499,1899999993761,7382377d90dc06d7,152805957,2851,1894573011718,250072,1890000000001,9,1890000016771,483,1890000012499,1899999993761,12.26
1870000000000,1880000000000,353864047,1198203,352665844,1870000005323,1879999995163,3c7abd3bdc3ff088,152646218,2609,1873920488138,251416,1870000000073,9,1870000023083,411,1870000005323,1879999995163,13.33
1900000000000,1910000000000,353663765,1191938,352471827,1900000012247,1909999987501,0119b632c0fa2753,152908804,2857,1902051283372,249588,1900000000001,9,1900000012243,267,1900000012247,1909999987501,13.26
1910000000000,1920000000000,353585298,1191211,352394087,1910000005103,1919999985521,71f0aa897a40d760,153056693,3067,1913351836972,250521,1910000000011,9,1910000015507,583,1910000005103,1919999985521,13.26
1920000000000,1930000000000,353533484,1190573,352342911,1920000013963,1929999998431,3be74f3a51696694,153095088,2879,1927120385702,250332,1920000000029,9,1920000033311,529,1920000013963,1929999998431,13.32
1930000000000,1940000000000,353483781,1188748,352295033,1930000071151,1939999995301,96409a9dc5cffc0d,153216082,2791,1934571974662,249565,1930000000007,9,1930000011479,483,1930000071151,1939999995301,13.17
1940000000000,1950000000000,353384339,1185069,352199270,1940000002151,1949999973521,47e5eaaf7940c998,153318873,2521,1947800336848,249324,1940000000023,9,1940000053289,391,1940000002151,1949999973521,13.21
1950000000000,1960000000000,353349502,1184836,352164666,1950000001721,1959999992051,5051c5574ae0be8b,153386745,2543,1959800894648,249092,1950000000061,9,1950000025087,329,1950000001721,1959999992051,13.27
1960000000000,1970000000000,353277514,1184174,352093340,1960000033853,1969999991231,8c57c76bbc0adb33,153485312,2767,1962879928246,248588,1960000000019,9,1960000010203,405,1960000033853,1969999991231,13.30
1970000000000,1980000000000,353205581,1182676,352022905,1970000009771,1979999962583,d722b94c80137ab7,153633714,2791,1972480662478,249108,1970000000011,9,1970000021687,279,1970000009771,1979999962583,13.36
1980000000000,1990000000000,353159739,1178843,351980896,1980000003211,1989999999437,ccf9ebbd0a59bfd8,153680817,3257,1981392097826,249088,1980000000079,9,1980000024521,343,1980000003211,1989999999437,13.23
1990000000000,2000000000000,353087775,1180382,351907393,1990000010113,1999999988897,a2c6cf4d74f80cdd,153766179,2713,1996280006704,248892,1990000000007,9,1990000009589,315,1990000010113,1999999988897,13.22
2000000000000,2010000000000,353034663,1179912,351854751,2000000000491,2009999998453,19864d59cf82f741,153888055,2903,2006983413014,249016,2000000000003,9,2000000025227,445,2000000000491,2009999998453,13.26
2010000000000,2020000000000,352962708,1177722,351784986,2010000006811,2019999997667,eb65d5c8b15abab3,153950974,2801,2019684418022,248961,2010000000013,9,2010000067307,301,2010000006811,2019999997667,13.24
2020000000000,2030000000000,352893346,1176593,351716753,2020000017857,2029999983161,22429712ffd2d5aa,154095931,2803,2026494588148,249927,2020000000027,9,2020000017199,471,2020000017857,2029999983161,13.26
2030000000000,2040000000000,352850701,1173364,351677337,2030000049461,2039999999311,c1066cf403923ef3,154175532,2767,2034699385912,248338,2030000000023,9,2030000013593,355,2030000049461,2039999999311,13.22
2040000000000,2050000000000,352782971,1173966,351609005,2040000005357,2049999979303,44e99eadb8db7bab,154275305,2791,2040091203112,249016,2040000000053,9,2040000106019,301,2040000005357,2049999979303,13.28
2050000000000,2060000000000,352718862,1170458,351548404,2050000005623,2059999978997,5f23c75e613ca171,154333306,2617,2050886192122,247746,2050000000007,9,2050000006429,455,2050000005623,2059999978997,13.25
2060000000000,2070000000000,352653430,1167908,351485522,2060000007827,2069999998271,6d748df1b8a04179,154433600,3079,2066825496238,249014,2060000000017,9,2060000064431,319,2060000007827,2069999998271,13.07
2070000000000,2080000000000,352595297,1168676,351426621,2070000006889,2079999987937,9a25962dc5c9671f,154531118,2843,2071616969528,247736,2070000000007,9,2070000050719,297,2070000006889,2079999987937,13.04
2080000000000,2090000000000,352537168,1167091,351370077,2080000004221,2089999989491,14140f4ee4c98786,154653732,2851,2088361741096,248328,2080000000021,9,2080000026707,333,2080000004221,2089999989491,13.03
2090000000000,2100000000000,352478892,1168462,351310430,2090000008279,2099999998517,6cfdcc855783d11b,154743717,2719,2093319597832,247770,2090000000087,9,2090000011751,333,2090000008279,2099999998517,13.00
2100000000000,2110000000000,352410920,1164984,351245936,2100000004241,2109999993133,a6da67c56a09955f,154840638,2647,2109757522702,248706,2100000000011,9,2100000043711,357,2100000004241,2109999993133,13.13
2110000000000,2120000000000,352346172,1163210,351182962,2110000012643,2119999977521,c686707e74d19a61,154931129,2683,2115242753626,248857,2110000000007,9,2110000094303,265,2110000012643,2119999977521,13.24
2120000000000,2130000000000,352312218,1162140,351150078,2120000007071,2129999974187,f44d0c0d750c401d,154975001,2789,2121718903874,247530,2120000000023,9,2120000003059,447,2120000007071,2129999974187,13.28
2130000000000,2140000000000,352249513,1157616,351091897,2130000024707,2139999995533,bbcdaf4b6ea14a57,155083984,2843,2135602013564,247642,2130000000013,9,2130000006401,535,2130000024707,2139999995533,13.32
2140000000000,2150000000000,352176650,1158822,351017828,2140000004941,2149999971023,1a0fb7c7c4be44cf,155181607,2617,2144385823774,246593,2140000000009,9,2140000008127,561,2140000004941,2149999971023,13.41
2150000000000,2160000000000,352122736,1158954,350963782,2150000011891,2159999998319,b22a7f2ae10f6c67,155266120,2843,2152914510926,248061,2150000000017,9,2150000017733,955,2150000011891,2159999998319,13.35
2160000000000,2170000000000,352067939,1156719,350911220,2160000006551,2169999983783,b23ee750a4777e52,155348462,2633,2166406228208,246153,2160000000007,9,2160000013793,381,2160000006551,2169999983783,13.28
2170000000000,2180000000000,352007577,1154820,350852757,2170000005541,2179999998607,58bf80c4f0841f99,155412506,2707,2171321348902,247040,2170000000019,9,2170000008223,329,2170000005541,2179999998607,13.39
2180000000000,2190000000000,351952359,1153842,350798517,2180000001541,2189999993813,652c5ba45fe26c8b,155514007,2963,2186687918876,247200,2180000000039,9,2180000011159,275,2180000001541,2189999993813,13.38
2190000000000,2200000000000,351890289,1153069,350737220,2190000026563,2199999970397,2f0b1ec0b1b04ae2,155605017,2851,2194312675936,245977,2190000000031,9,2190000000451,327,2190000026563,2199999970397,13.36
2200000000000,2210000000000,351846785,1153778,350693007,2200000000843,2209999995527,4dbffe933c0ee225,155687462,2689,2200182429238,246007,2200000000001,9,2200000006499,265,2200000000843,2209999995527,13.32
2210000000000,2220000000000,351784059,1151442,350632617,2210000011003,2219999994673,d77464fdd87462d1,155794118,3037,2212891429324,246304,2210000000057,9,2210000068547,399,2210000011003,2219999994673,13.44
2220000000000,2230000000000,351722659,1149991,350572668,2220000001007,2229999997039,7756f65653d5bcae,155843496,2963,2224629556844,245523,2220000000079,9,2220000074321,415,2220000001007,2229999997039,13.33
2230000000000,2240000000000,351680544,1149982,350530562,2230000000441,2239999996097,b7bff53afd70b485,155945141,2663,2239648760324,246264,2230000000091,9,2230000002163,425,2230000000441,2239999996097,13.21
2240000000000,2250000000000,351619751,1146974,350472777,2240000001773,2249999995753,ae5c510fe8d3f62d,156054607,3061,2240759976382,245047,2240000000053,9,2240000027131,323,2240000001773,2249999995753,13.22
2250000000000,2260000000000,351574788,1145306,350429482,2250000001453,2259999984107,964f3904b7ac8471,156072409,2797,2256263652892,245734,2250000000029,9,2250000020041,329,2250000001453,2259999984107,13.21
2260000000000,2270000000000,351513373,1145139,350368234,2260000021453,2269999985087,a131a7b1d980c8ca,156196476,2767,2266533935866,245898,2260000000033,9,2260000107061,329,2260000021453,2269999985087,13.37
2280000000000,2290000000000,351406366,1143334,350263032,2280000002513,2289999997531,ad7bdc36b5c0197d,156356770,3019,2282004780652,245820,2280000000001,27,2280000016121,469,2280000002513,2289999997531,13.19
2270000000000,2280000000000,351458447,1144969,350313478,2270000000089,2279999998691,b2f135fd4404380c,156273001,2711,2275212405152,245041,2270000000011,9,2270000017711,267,2270000000089,2279999998691,13.36
2290000000000,2300000000000,351343193,1145107,350198086,2290000000703,2299999994723,2451d563adeb3c64,156476152,2749,2293882911958,244998,2290000000003,9,2290000039997,399,2290000000703,2299999994723,13.22
2300000000000,2310000000000,351292321,1140325,350151996,2300000003141,2309999977721,f8ae1b5a2fea8170,156570587,2857,2307908330836,246161,2300000000017,9,2300000071547,403,2300000003141,2309999977721,13.16
2310000000000,2320000000000,351231198,1137530,350093668,2310000015797,2319999978767,00d6f2cf05e04b9f,156630609,2731,2318776841578,245704,2310000000071,9,2310000017921,529,2310000015797,2319999978767,13.18
2320000000000,2330000000000,351185578,1140354,350045224,2320000000399,2329999986343,01c5dc52dd5a4859,156745308,2677,2322680728402,245232,2320000000001,25,2320000035653,721,2320000000399,2329999986343,12.18
2330000000000,2340000000000,351134587,1138628,349995959,2330000002261,2339999989433,291cb180cbf8020d,156762703,2711,2338123526798,245491,2330000000033,9,2330000028071,309,2330000002261,2339999989433,13.19
2340000000000,2350000000000,351083448,1136758,349946690,2340000004339,2349999999533,7a2a26f899feb059,156868066,2633,2342713879388,245164,2340000000007,9,2340000013333,267,2340000004339,2349999999533,13.48
2350000000000,2360000000000,351031042,1135056,349895986,2350000005971,2359999986713,cd8cb9d7e8bc46c3,156941688,2857,2353023054952,245374,2350000000009,9,2350000021729,485,2350000005971,2359999986713,13.49
2360000000000,2370000000000,350980972,1134952,349846020,2360000002069,2369999981057,b0b81b5be095d74f,157032906,2677,2363637400312,244838,2360000000041,9,2360000035333,287,2360000002069,2369999981057,13.24
2370000000000,2380000000000,350926945,1132547,349794398,2370000002371,2379999991883,b02b32b9d827d88c,157119861,2803,2370732640594,245700,2370000000007,9,2370000060523,321,2370000002371,2379999991883,13.40
2380000000000,2390000000000,350880059,1130233,349749826,2380000037561,2389999998839,b9270385c259fcc2,157172547,3019,2388274963798,245144,2380000000013,9,2380000117727,361,2380000037561,2389999998839,13.26
2390000000000,2400000000000,350833587,1133441,349700146,2390000051653,2399999996131,b08c45ce1207b5b8,157249733,2729,2390694479318,245250,2390000000027,9,2390000059861,483,2390000051653,2399999996131,13.32
2400000000000,2410000000000,350766789,1127089,349639700,2400000020027,2409999983893,7b6c6492eb44fd7e,157376818,2659,2403345898042,244927,2400000000029,9,2400000152723,589,2400000020027,2409999983893,13.33
2410000000000,2420000000000,350725206,1129313,349595893,2410000005563,2419999987481,0e2e9182c65fd8f8,157462007,2719,2415384474868,245040,2410000000003,9,2410000053361,437,2410000005563,2419999987481,13.06
2420000000000,2430000000000,350674619,1127023,349547596,2420000008099,2429999993507,c57e0222e76dd9b2,157472812,2731,2429380545826,244273,2420000000003,9,2420000155021,303,2420000008099,2429999993507,13.18
2430000000000,2440000000000,350611369,1125647,349485722,2430000009611,2439999990443,4aec7b5c86f1e80e,157610403,2777,2436296891432,244877,2430000000011,9,2430000223771,357,2430000009611,2439999990443,13.17
2440000000000,2450000000000,350565640,1124852,349440788,2440000001837,2449999996441,6bceb85235cd33c1,157639976,3257,2444389105316,244020,2440000000007,9,2440000014323,721,2440000001837,2449999996441,13.37
2450000000000,2460000000000,350524684,1123444,349401240,2450000008787,2459999992211,fb878e460a67275f,157761971,3019,2454421516018,243777,2450000000033,9,2450000105011,429,2450000008787,2459999992211,13.25
2460000000000,2470000000000,350458539,1122826,349335713,2460000006649,2469999988699,090fb4f9070f5855,157867806,2749,2462548431712,244131,2460000000049,9,2460000048817,305,2460000006649,2469999988699,13.42
2470000000000,2480000000000,350426296,1122889,349303407,2470000006183,2479999979693,4a1ea1cdcaa097a6,157885716,2677,2474827676092,243840,2470000000087,9,2470000023641,535,2470000006183,2479999979693,13.27
2480000000000,2490000000000,350375158,1121173,349253985,2480000024081,2489999997193,a2bd968b7e962040,157928310,2749,2484689035624,243109,2480000000047,9,2480000013137,399,2480000024081,2489999997193,13.36
2490000000000,2500000000000,350317220,1120219,349197001,2490000000713,2499999984347,4ccdadc910ff4552,158068322,3061,2496128244886,244940,2490000000049,9,2490000007667,475,2490000000713,2499999984347,13.32
2500000000000,2510000000000,350269371,1117778,349151593,2500000017313,2509999992889,f7db59bfddf8e64b,158122159,2731,2505402826438,242952,2500000000009,9,2500000015031,529,2500000017313,2509999992889,13.31
2510000000000,2520000000000,350231707,1119309,349112398,2510000002331,2519999990021,9ac1e1afa9bbe5a4,158180153,2689,2510096128192,243410,2510000000029,9,2510000034593,511,2510000002331,2519999990021,13.38
2520000000000,2530000000000,350171632,1116869,349054763,2520000011387,2529999990857,948b671df49ec116,158241158,2659,2520242943934,244617,2520000000121,9,2520000137191,357,2520000011387,2529999990857,13.49
2530000000000,2540000000000,350130846,1116365,349014481,2530000025131,2539999994933,e1fddd3500fd4c42,158335824,2957,2531678005172,243311,2530000000001,9,2530000035701,309,2530000025131,2539999994933,13.35
2540000000000,2550000000000,350076705,1115026,348961679,2540000005603,2549999996851,3958c89ae88a76cb,158456866,3181,2547361613176,243466,2540000000009,9,2540000215561,297,2540000005603,2549999996851,13.44
2550000000000,2560000000000,350018767,1113292,348905475,2550000004969,2559999987443,2f73847128f74427,158505470,2647,2552568377602,243362,2550000000001,9,2550000100099,393,2550000004969,2559999987443,13.23
2560000000000,2570000000000,349977066,1114028,348863038,2560000031401,2569999997827,82bf60279896c825,158591454,2887,2568935478034,243436,2560000000013,9,2560000075891,267,2560000031401,2569999997827,13.38
2570000000000,2580000000000,349934996,1109431,348825565,2570000017681,2579999998691,5e3c30951eec4a3e,158656165,2731,2573850440878,244237,2570000000011,9,2570000024243,595,2570000017681,2579999998691,13.42
2580000000000,2590000000000,349883604,1109616,348773988,2580000012283,2589999980081,30c8b218a6a27ac7,158766671,2713,2589940245184,242826,2580000000037,9,2580000013457,265,2580000012283,2589999980081,13.40
2590000000000,2600000000000,349836645,1111428,348725217,2590000006361,2599999990561,bbe66388efdaccff,158790197,2617,2591696951512,243726,2590000000051,9,2590000002841,303,2590000006361,2599999990561,13.58
2600000000000,2610000000000,349787196,1108873,348678323,2600000011331,2609999987083,6fbbd565754a72d2,158850409,2741,2606310721568,243094,2600000000029,9,2600000034497,553,2600000011331,2609999987083,13.53
2610000000000,2620000000000,349746978,1108009,348638969,2610000009347,2619999998543,a84cf434982a9894,158906177,2719,2616539453932,243159,2610000000031,9,2610000166307,343,2610000009347,2619999998543,13.42
2620000000000,2630000000000,349700979,1107288,348593691,2620000002883,2629999997501,9c7424cdc9d60d2b,159038240,2731,2620197018982,243866,2620000000019,9,2620000195849,437,2620000002883,2629999997501,13.43
2630000000000,2640000000000,349651282,1106312,348544970,2630000000101,2639999996833,3825ddfed65c6527,159125242,3511,2639041812958,243665,2630000000009,9,2630000073431,259,2630000000101,2639999996833,13.56
2640000000000,2650000000000,349595813,1105223,348490590,2640000012151,2649999997973,f81e8dad4fe96008,159198547,2593,2642116618066,242663,2640000000047,9,2640000009833,489,2640000012151,2649999997973,13.51
2650000000000,2660000000000,349568295,1105725,348462570,2650000000519,2659999979983,720847ee62ec94ea,159253691,3049,2651907390778,242907,2650000000001,9,2650000031227,335,2650000000519,2659999979983,13.56
2660000000000,2670000000000,349512617,1101955,348410662,2660000011247,2669999995363,880e419b5213e642,159298478,3169,2665046386762,241516,2660000000033,9,2660000146423,377,2660000011247,2669999995363,13.46
2670000000000,2680000000000,349463199,1102697,348360502,2670000003331,2679999991391,8ab9cc72b4e475ee,159386031,2671,2677864731232,242706,2670000000011,9,2670000020299,867,2670000003331,2679999991391,13.26
2680000000000,2690000000000,349433329,1102246,348331083,2680000005871,2689999985537,6a01fb37e047bac5,159452430,2971,2682750820762,242454,2680000000043,9,2680000095323,451,2680000005871,2689999985537,13.36
2690000000000,2700000000000,349373383,1099271,348274112,2690000063591,2699999989403,f8ca1f27cba12a98,159542753,2749,2693638610998,242458,2690000000021,9,2690000019283,699,2690000063591,2699999989403,13.34
2700000000000,2710000000000,349328472,1100851,348227621,2700000010651,2709999999677,5ce36d1aa8963372,159594734,2671,2707418298352,241821,2700000000023,9,2700000039707,265,2700000010651,2709999999677,13.41
2710000000000,2720000000000,349282582,1099276,348183306,2710000013761,2719999965979,37c349fb71424e2d,159699868,2777,2711136931826,242526,2710000000007,9,2710000052873,259,2710000013761,2719999965979,13.56
2720000000000,2730000000000,349243687,1098702,348144985,2720000012533,2729999995951,6b9a61f270cd248f,159736666,2861,2726117602652,241931,2720000000009,9,2720000032367,265,2720000012533,2729999995951,13.48
2730000000000,2740000000000,349200522,1095740,348104782,2730000040721,2739999989821,1d840b72bae6eecf,159778908,3499,2738120158582,241840,2730000000011,9,2730000072941,319,2730000040721,2739999989821,13.32
2740000000000,2750000000000,349160196,1096325,348063871,2740000003427,2749999992997,fb8475abc44eaec0,159880978,2971,2742766242148,241009,2740000000051,9,2740000039213,305,2740000003427,2749999992997,13.36
2750000000000,2760000000000,349113578,1093876,348019702,2750000003371,2759999988079,7094279b63d2ca65,159867338,2671,2752049180512,242070,2750000000017,9,2750000006867,417,2750000003371,2759999988079,13.25
2760000000000,2770000000000,349061115,1095973,347965142,2760000002651,2769999988117,da223b831df980e6,160021284,2857,2760160604374,240291,2760000000013,9,2760000006293,477,2760000002651,2769999988117,13.45
2770000000000,2780000000000,349025834,1094004,347931830,2770000003921,2779999988729,61537d7aa277a017,160103102,2857,2770775501056,241153,2770000000003,9,2770000001081,319,2770000003921,2779999988729,13.58
2780000000000,2790000000000,348973898,1092293,347881605,2780000006503,2789999993023,69044d742e0b58a4,160157492,2887,2781066852676,240979,2780000000023,9,2780000059943,259,2780000006503,2789999993023,13.54
2790000000000,2800000000000,348915211,1092299,347822912,2790000008149,2799999992837,1b2dfbe52cb7e73c,160294763,3163,2792622370894,241424,2790000000017,9,2790000019397,543,2790000008149,2799999992837,13.41
2800000000000,2810000000000,348897340,1090272,347807068,2800000010369,2809999992983,b29b781b52d64d37,160310602,3121,2806398199702,240656,2800000000009,9,2800000015937,265,2800000010369,2809999992983,13.42
2810000000000,2820000000000,348847037,1089115,347757922,2810000011541,2819999993101,4f299080b6f156a8,160342593,4093,2811324624088,240481,2810000000053,9,2810000056697,319,2810000011541,2819999993101,13.38
2820000000000,2830000000000,348790367,1088398,347701969,2820000003053,2829999997637,6be33b4b608bee91,160430673,2671,2826454354942,241227,2820000000001,9,2820000041293,395,2820000003053,2829999997637,13.31
2830000000000,2840000000000,348765421,1087855,347677566,2830000004569,2839999994851,9c961c82026d8168,160494227,2707,2835075792466,241381,2830000000007,9,2830000001911,605,2830000004569,2839999994851,13.38
2840000000000,2850000000000,348707367,1085580,347621787,2840000013751,2849999986243,34b26d7853e2c17b,160580220,3037,2840120793022,240783,2840000000011,9,2840000010319,405,2840000013751,2849999986243,13.27
2850000000000,2860000000000,348663936,1085790,347578146,2850000012341,2859999997879,3af2a432b5701b43,160647436,2713,2852612567824,241274,2850000000013,9,2850000107729,301,2850000012341,2859999997879,13.31
2860000000000,2870000000000,348648117,1088077,347560040,2860000011301,2869999992161,1e7284c6e640d2de,160705150,2789,2867181935432,241079,2860000000009,9,2860000116443,721,2860000011301,2869999992161,13.24
2880000000000,2890000000000,348549221,1085607,347463614,2880000000671,2889999982489,54d03433dbb72c54,160824603,2707,2887853021572,240533,2880000000067,9,2880000091961,355,2880000000671,2889999982489,13.14
2870000000000,2880000000000,348593066,1085166,347507900,2870000008069,2879999988583,e280b5e5a2c1de89,160807421,2707,2876125719706,240481,2870000000017,9,2870000219701,287,2870000008069,2879999988583,13.43
2890000000000,2900000000000,348498279,1082009,347416270,2890000003279,2899999998503,9bd37e4e9979ad26,160949355,2801,2896155454508,241455,2890000000009,9,2890000120433,805,2890000003279,2899999998503,15.64
2900000000000,2910000000000,348462370,1082386,347379984,2900000009581,2909999977903,4924201376f413c3,160956073,2699,2902538362628,239168,2900000000003,9,2900000001083,295,2900000009581,2909999977903,16.05
2910000000000,2920000000000,348424135,1082740,347341395,2910000009821,2919999992257,a7d4a77dd5f7b4fd,161029018,2647,2919627197356,239666,2910000000001,9,2910000052703,355,2910000009821,2919999992257,16.82
2920000000000,2930000000000,348376872,1081946,347294926,2920000026301,2929999981703,8f4fa01a0fb8f891,161135216,3187,2927390688802,239924,2920000000009,9,2920000036363,695,2920000026301,2929999981703,23.62
2930000000000,2940000000000,348340102,1079395,347260707,2930000027113,2939999992753,ab3b85217a01b886,161184545,3181,2938179441898,240135,2930000000003,9,2930000012243,259,2930000027113,2939999992753,23.49
2940000000000,2950000000000,348301691,1079093,347222598,2940000006707,2949999988193,a1e69960a035f758,161249127,2851,2943940241272,240709,2940000000017,9,2940000053261,289,2940000006707,2949999988193,23.61
2950000000000,2960000000000,348260743,1077909,347182834,2950000002769,2959999995713,ea5f8eac2d0cbc2c,161321105,3583,2957090212036,239941,2950000000007,9,2950000062491,319,2950000002769,2959999995713,23.60
2960000000000,2970000000000,348202199,1076319,347125880,2960000000267,2969999999359,2ccd228b42a91efc,161388611,2789,2964698229422,240158,2960000000011,9,2960000213021,265,2960000000267,2969999999359,23.61
2970000000000,2980000000000,348166768,1075222,347091546,2970000025481,2979999988457,aaee7db2af9d9391,161487004,3019,2974980804772,239788,2970000000043,9,2970000038657,423,2970000025481,2979999988457,23.69
2980000000000,2990000000000,348132627,1076067,347056560,2980000016113,2989999993531,fd362026f74a5a74,161512074,2837,2988795058904,239548,2980000000001,9,2980000037953,329,2980000016113,2989999993531,11.75
3000000000000,3010000000000,348054444,1074251,346980193,3000000008989,3009999995081,72d37ca4aae8223a,161629641,2909,3002457561284,239902,3000000000013,9,3000000018229,267,3000000008989,3009999995081,11.76
2990000000000,3000000000000,348085768,1076448,347009320,2990000027431,2999999984143,2b4f5b03a9fc613d,161596962,2693,2991623316548,239638,2990000000041,9,2990000041339,321,2990000027431,2999999984143,11.80
3010000000000,3020000000000,348011413,1072976,346938437,3010000006631,3019999985239,66d16421f3b87177,161679100,2729,3011242902314,239342,3010000000069,9,3010000029343,519,3010000006631,3019999985239,11.80
3020000000000,3030000000000,347979587,1071241,346908346,3020000000789,3029999983321,76c38fd069ea9574,161722846,3229,3025661090794,238991,3020000000029,9,3020000169101,259,3020000000789,3029999983321,11.79
3030000000000,3040000000000,347942274,1071818,346870456,3030000007759,3039999986399,68d95f780221ab43,161804062,3037,3030974291914,238923,3030000000019,9,3030000025309,363,3030000007759,3039999986399,11.77
3040000000000,3050000000000,347878843,1067805,346811038,3040000000907,3049999994779,252555124e08e81c,161951636,2917,3042004290652,240251,3040000000033,9,3040000045813,261,3040000000907,3049999994779,11.64
3060000000000,3070000000000,347819567,1068247,346751320,3060000000481,3069999993509,7bc556955d0bc7d0,162034199,2971,3069736384966,239710,3060000000007,9,3060000000271,329,3060000000481,3069999993509,11.65
3050000000000,3060000000000,347854859,1069462,346785397,3050000011781,3059999993383,e763102caf1c3b59,161956765,3079,3053301254572,239969,3050000000017,9,3050000039791,371,3050000011781,3059999993383,11.67
3070000000000,3080000000000,347768812,1069007,346699805,3070000026701,3079999997153,65695bf72455a508,162052011,2749,3071439940798,238102,3070000000013,9,3070000007449,377,3070000026701,3079999997153,11.59
3090000000000,3100000000000,347698281,1069572,346628709,3090000002447,3099999996409,05015b9b77ffa3b5,162198552,2851,3094070419996,238766,3090000000071,9,3090000063317,369,3090000002447,3099999996409,11.62
3080000000000,3090000000000,347741492,1067142,346674350,3080000004667,3089999996221,b6610169c5427ea9,162094849,3499,3087325239682,239539,3080000000027,9,3080000038541,819,3080000004667,3089999996221,11.62
3100000000000,3110000000000,347660854,1066376,346594478,3100000001183,3109999960819,bd633c0eceefdaf9,162254679,2777,3109406992922,238471,3100000000033,9,3100000001723,265,3100000001183,3109999960819,11.60
3110000000000,3120000000000,347605166,1065689,346539477,3110000038573,3119999997083,35c3d1bc6b04ff54,162375690,2693,3113776680188,240133,3110000000011,9,3110000011247,855,3110000038573,3119999997083,11.61
3120000000000,3130000000000,347571731,1064418,346507313,3120000011861,3129999991127,81d3dd158357f305,162406731,2713,3120717682378,239964,3120000000011,9,3120000001271,609,3120000011861,3129999991127,11.64
3130000000000,3140000000000,347537511,1062711,346474800,3130000000913,3139999998763,ddeee1a97bca453c,162461860,2917,3138845715604,237681,3130000000019,9,3130000123531,267,3130000000913,3139999998763,11.63
3150000000000,3160000000000,347468293,1059952,346408341,3150000006721,3159999970639,764907ef580ddbdf,162564544,2797,3151452933022,239304,3150000000079,9,3150000015793,291,3150000006721,3159999970639,11.61
3140000000000,3150000000000,347511582,1062738,346448844,3140000005619,3149999995981,54354e0621634285,162494041,2719,3146796103012,238475,3140000000009,9,3140000005613,301,3140000005619,3149999995981,11.64
3160000000000,3170000000000,347430665,1059639,346371026,3160000012333,3169999989721,836116386aae7936,162617809,2971,3167651356882,238354,3160000000007,9,3160000003319,295,3160000012333,3169999989721,11.59
3170000000000,3180000000000,347389084,1058552,346330532,3170000001281,3179999995639,a9d2859bbec31259,162679703,2693,3170204264258,237906,3170000000003,9,3170000015573,537,3170000001281,3179999995639,11.57
3180000000000,3190000000000,347364623,1058695,346305928,3180000010079,3189999991603,77894c22730fe922,162760288,2851,3181160360416,238991,3180000000013,9,3180000003841,267,3180000010079,3189999991603,11.59
3190000000000,3200000000000,347300302,1057670,346242632,3190000002617,3199999992697,b7580c3299e26d97,162848806,2677,3195149241502,238552,3190000000003,9,3190000077967,273,3190000002617,3199999992697,11.57
3200000000000,3210000000000,347265742,1057525,346208217,3200000013503,3209999990051,afb5441e52333e0c,162931117,2971,3203834629018,237633,3200000000051,9,3200000014831,297,3200000013503,3209999990051,11.58
3210000000000,3220000000000,347241952,1057505,346184447,3210000006973,3219999971611,18bd1a44ac03dd20,162930598,2791,3216311352496,238148,3210000000043,9,3210000002173,365,3210000006973,3219999971611,11.56
3220000000000,3230000000000,347199967,1054423,346145544,3220000015129,3229999986797,4452ac01d866b458,162978376,2729,3228275449592,237318,3220000000003,9,3220000008311,265,3220000015129,3229999986797,11.64
3240000000000,3250000000000,347121514,1055433,346066081,3240000020837,3249999979757,f98787a63f8b9fc8,163147280,2593,3240259121776,237953,3240000000019,9,3240000022339,545,3240000020837,3249999979757,11.65
3230000000000,3240000000000,347157930,1054550,346103380,3230000039137,3239999986481,f7b9ac31fa5e912d,163080187,2887,3237757996252,238132,3230000000009,9,3230000002013,655,3230000039137,3239999986481,11.65
3250000000000,3260000000000,347092413,1054049,346038364,3250000003511,3259999997651,1e5269dc19a4bc0a,163204677,2777,3255209533964,236767,3250000000031,9,3250000008947,361,3250000003511,3259999997651,11.62
3270000000000,3280000000000,347006146,1053255,345952891,3270000001661,3279999988129,4a24b8bb7fb5d02c,163354450,2909,3274171760372,237151,3270000000037,9,3270000031849,363,3270000001661,3279999988129,11.63
3260000000000,3270000000000,347053428,1054173,345999255,3260000005319,3269999997181,3ae91fb3fe89e906,163241746,3191,3266890126238,237529,3260000000003,25,3260000274787,369,3260000005319,3269999997181,11.63
3280000000000,3290000000000,346971689,1051854,345919835,3280000011443,3289999993811,dceda2ddefc49e2f,163363387,2887,3286563063106,238190,3280000000093,9,3280000168667,895,3280000011443,3289999993811,11.70
3300000000000,3310000000000,346900083,1050219,345849864,3300000014953,3309999996221,29f60380d41d4e4c,163488084,2677,3305502281062,237799,3300000000041,9,3300000071989,321,3300000014953,3309999996221,11.71
3290000000000,3300000000000,346943144,1049320,345893824,3290000010361,3299999990269,89befc023b271213,163387851,2861,3296956447658,238063,3290000000069,9,3290000012113,275,3290000010361,3299999990269,11.71
3310000000000,3320000000000,346868204,1050900,345817304,3310000015123,3319999997233,9ba9cd99cc6e44ad,163529378,2767,3315435410632,237626,3310000000003,9,3310000011413,301,3310000015123,3319999997233,11.65
3320000000000,3330000000000,346833941,1049908,345784033,3320000001589,3329999990413,5bbfb4371bbda333,163597247,2711,3320047058462,237725,3320000000003,55,3320000017993,639,3320000001589,3329999990413,11.68
3330000000000,3340000000000,346804083,1048214,345755869,3330000022091,3339999986131,19666edc05cc3efb,163614905,2953,3332507887048,237008,3330000000017,9,3330000046567,273,3330000022091,3339999986131,11.67
3340000000000,3350000000000,346740516,1047765,345692751,3340000006201,3349999956689,01b4e4fe3497a22e,163745561,2683,3349889785546,237395,3340000000003,9,3340000001893,539,3340000006201,3349999956689,11.65
3360000000000,3370000000000,346685780,1044673,345641107,3360000012289,3369999999917,5edd7da38a4e7b66,163812121,2677,3365921615062,237454,3360000000047,9,3360000003181,425,3360000012289,3369999999917,11.65
3350000000000,3360000000000,346732821,1048057,345684764,3350000002523,3359999986439,906f800c633ae8e6,163786921,2971,3352632591526,238063,3350000000023,9,3350000132957,295,3350000002523,3359999986439,11.68
3370000000000,3380000000000,346657991,1042986,345615005,3370000009801,3379999997453,9b5edad538498557,163890336,3461,3373969447868,236855,3370000000001,9,3370000001063,679,3370000009801,3379999997453,11.64
3380000000000,3390000000000,346610436,1043826,345566610,3380000002019,3389999993713,cb9bd73efaf7a8f5,163976058,2803,3382557207388,237281,3380000000051,9,3380000008039,405,3380000002019,3389999993713,11.66
3390000000000,3400000000000,346573777,1042212,345531565,3390000006979,3399999991249,50be1c4c3d09c37f,163942879,2677,3393450986932,236497,3390000000001,35,3390000026683,539,3390000006979,3399999991249,11.67
3400000000000,3410000000000,346539329,1042679,345496650,3400000008263,3409999999633,eda01da8fc8508fa,164048526,2689,3404807011828,236780,3400000000009,9,3400000008833,345,3400000008263,3409999999633,11.66
3410000000000,3420000000000,346511766,1041980,345469786,3410000021851,3419999982613,49cdc441c932fb95,164117167,2731,3416179702582,237194,3410000000021,9,3410000024737,539,3410000021851,3419999982613,11.69
3420000000000,3430000000000,346476429,1041545,345434884,3420000008701,3429999994457,c80cd4bbd25b8702,164188969,2731,3424082554132,237097,3420000000059,9,3420000028261,413,3420000008701,3429999994457,11.70
3430000000000,3440000000000,346453117,1039988,345413129,3430000014527,3439999996249,a886d12d1559338d,164195049,2749,3439195632358,236178,3430000000073,9,3430000210517,343,3430000014527,3439999996249,11.71
3440000000000,3450000000000,346409503,1039464,345370039,3440000014723,3449999982061,0a038dfd90985175,164271391,2677,3441355714042,236670,3440000000023,9,3440000038763,345,3440000014723,3449999982061,11.68
3450000000000,3460000000000,346357117,1038559,345318558,3450000002791,3459999993553,0dc2bac765d63648,164342525,2711,3454263719306,236659,3450000000017,9,3450000080173,341,3450000002791,3459999993553,11.70
3460000000000,3470000000000,346330491,1036723,345293768,3460000001743,3469999982381,fc91478b86c627d0,164386412,2719,3463840321948,236457,3460000000003,9,3460000235123,325,3460000001743,3469999982381,11.69
3470000000000,3480000000000,346307659,1040404,345267255,3470000023823,3479999980829,de41ba86d406e72b,164439240,2897,3478847583956,236040,3470000000021,9,3470000060777,295,3470000023823,3479999980829,11.67
3480000000000,3490000000000,346270298,1039927,345230371,3480000001741,3489999985271,3f743f673ef3b9aa,164486707,2741,3482091806678,237208,3480000000017,9,3480000015953,369,3480000001741,3489999985271,11.69
3490000000000,3500000000000,346239323,1036861,345202462,3490000012651,3499999998101,0aad5b54cf5150d6,164552926,2791,3492141874696,236993,3490000000027,9,3490000118027,375,3490000012651,3499999998101,11.83
3500000000000,3510000000000,346197947,1035955,345161992,3500000013091,3509999984551,ead25ef7ce0f5168,164619808,2897,3503473568996,235818,3500000000039,9,3500000169581,319,3500000013091,3509999984551,11.87
3510000000000,3520000000000,346158347,1035039,345123308,3510000008111,3519999972677,92593001e4edd77e,164672165,2791,3517289540176,236709,3510000000047,9,3510000021641,339,3510000008111,3519999972677,11.87
3520000000000,3530000000000,346128075,1035962,345092113,3520000056341,3529999998467,063ba3c03c191293,164725122,3181,3524356073212,235829,3520000000021,9,3520000035133,291,3520000056341,3529999998467,11.71
3530000000000,3540000000000,346091011,1034943,345056068,3530000007431,3539999993447,7b689d57c592f164,164832909,2857,3537503293252,235600,3530000000029,9,3530000018101,495,3530000007431,3539999993447,11.71
3540000000000,3550000000000,346063916,1035000,345028916,3540000014689,3549999996167,78475fa82ccd10cd,164832384,2797,3545832718906,236036,3540000000007,9,3540000023801,343,3540000014689,3549999996167,11.70
3550000000000,3560000000000,346026265,1034300,344991965,3550000012331,3559999975673,0bc07c7487f5ab3f,164878177,2677,3558252713602,235566,3550000000013,9,3550000026431,289,3550000012331,3559999975673,11.73
3560000000000,3570000000000,345999999,1031689,344968310,3560000003717,3569999996587,d84a5d0b50778f84,164945325,2887,3567214315762,236347,3560000000003,9,3560000132873,301,3560000003717,3569999996587,11.70
3570000000000,3580000000000,345961223,1033085,344928138,3570000033841,3579999985561,4675a274d0c12df0,164999973,3169,3579755917042,234802,3570000000059,9,3570000019351,425,3570000033841,3579999985561,11.71
3580000000000,3590000000000,345925121,1031704,344893417,3580000014251,3589999985851,3c07e2ac8d2aa341,165037137,2617,3585476048002,235017,3580000000021,9,3580000046089,267,3580000014251,3589999985851,11.80
3590000000000,3600000000000,345881517,1029161,344852356,3590000006903,3599999980777,ae7405ec99c15bfe,165098618,2753,3591357150314,235498,3590000000009,9,3590000024341,447,3590000006903,3599999980777,11.91
3600000000000,3610000000000,345860324,1027652,344832672,3600000009383,3609999980687,847562697dba0dcf,165149882,3271,3608564365198,235911,3600000000139,9,3600000071191,779,3600000009383,3609999980687,11.88
3610000000000,3620000000000,345826236,1029132,344797104,3610000017773,3619999963133,dc7d58bc4526d68b,165220129,2707,3617741657416,235398,3610000000001,9,3610000048411,545,3610000017773,3619999963133,11.86
3630000000000,3640000000000,345764216,1028351,344735865,3630000005713,3639999999011,5fcf89ba4718b45a,165308798,2819,3632793992468,234313,3630000000013,9,3630000043333,365,3630000005713,3639999999011,11.83
3620000000000,3630000000000,345793553,1027327,344766226,3620000058431,3629999997719,fdead5f4fe7bc708,165253442,2801,3627700562942,236304,3620000000017,9,3620000066407,371,3620000058431,3629999997719,11.90
3640000000000,3650000000000,345733044,1028259,344704785,3640000004449,3649999991867,f395ee3b9514ae42,165390600,2609,3643754825582,235414,3640000000001,9,3640000092401,403,3640000004449,3649999991867,11.81
3650000000000,3660000000000,345689946,1026564,344663382,3650000009743,3659999999483,d21a2a8671eb3017,165447181,2767,3650005196842,235266,3650000000089,9,3650000035603,297,3650000009743,3659999999483,11.76
3660000000000,3670000000000,345662515,1025260,344637255,3660000001843,3669999966211,dfd504594c1e6621,165477511,3257,3666913610726,235247,3660000000017,9,3660000001841,675,3660000001843,3669999966211,11.84
3670000000000,3680000000000,345632006,1024472,344607534,3670000000489,3679999999807,fb488cf39f47b93d,165551020,2939,3677413069118,235775,3670000000013,9,3670000041263,301,3670000000489,3679999999807,11.93
3680000000000,3690000000000,345588703,1024343,344564360,3680000004431,3689999993903,fc77de83a022a35a,165613089,2633,3684712735058,235148,3680000000003,9,3680000050061,427,3680000004431,3689999993903,11.92
3690000000000,3700000000000,345567010,1021915,344545095,3690000000391,3699999976573,60960e1ffc1aae84,165623988,2789,3697709793182,234892,3690000000059,9,3690000016237,525,3690000000391,3699999976573,11.90
3700000000000,3710000000000,345527944,1022980,344504964,3700000016851,3709999999847,696de6cb96e5a4e9,165705438,2861,3700786341662,235275,3700000000007,9,3700000032797,361,3700000016851,3709999999847,11.82
3710000000000,3720000000000,345500919,1022414,344478505,3710000002847,3719999992741,fb488331d75e010b,165735066,3511,3715106102038,235269,3710000000033,9,3710000005639,287,3710000002847,3719999992741,11.81
3720000000000,3730000000000,345476144,1021496,344454648,3720000021649,3729999995671,435512f755760a05,165768623,2833,3726892339798,234841,3720000000011,9,3720000064817,343,3720000021649,3729999995671,11.76
3730000000000,3740000000000,345441311,1020819,344420492,3730000050941,3739999992907,0048c8265f5cbb7c,165839894,2749,3734278948012,235264,3730000000031,9,3730000102013,375,3730000050941,3739999992907,11.75
3740000000000,3750000000000,345403440,1022694,344380746,3740000012561,3749999999701,a8108c405921dc01,165973543,2741,3747904108682,235032,3740000000057,9,3740000060981,265,3740000012561,3749999999701,11.75
3750000000000,3760000000000,345372873,1019119,344353754,3750000003901,3759999997643,af62ae4fcaaaa936,165902596,3167,3757171411496,236080,3750000000013,9,3750000219071,355,3750000003901,3759999997643,11.84
3760000000000,3770000000000,345335333,1017838,344317495,3760000011629,3769999965553,c376da537e65b1f3,166046220,2719,3761300833414,234198,3760000000027,9,3760000010329,267,3760000011629,3769999965553,11.86
3770000000000,3780000000000,345305129,1019542,344285587,3770000003771,3779999989861,fcfa96ff42e5ab07,166023358,3359,3779368201964,235244,3770000000003,9,3770000006041,267,3770000003771,3779999989861,11.92
3780000000000,3790000000000,345268714,1018320,344250394,3780000005693,3789999995657,c1df961dd281e005,166133791,2767,3782961608884,235038,3780000000017,9,3780000080743,261,3780000005693,3789999995657,11.88
3790000000000,3800000000000,345260627,1015694,344244933,3790000034621,3799999979627,52d5fb8c3e18e087,166116106,2731,3799199484658,235133,3790000000019,9,3790000015903,737,3790000034621,3799999979627,11.83
3800000000000,3810000000000,345231057,1018549,344212508,3800000002217,3809999994221,e4a768e6c22a78c8,166212680,3079,3801253093894,234861,3800000000023,9,3800000069687,295,3800000002217,3809999994221,11.83
3810000000000,3820000000000,345187970,1016634,344171336,3810000018661,3819999999443,9364aaf462704fe5,166263194,3109,3816106422712,234633,3810000000011,9,3810000062003,871,3810000018661,3819999999443,11.80
3820000000000,3830000000000,345152999,1013906,344139093,3820000024721,3829999993681,fae0c525c16c83c9,166300171,2767,3823540878364,234477,3820000000009,9,3820000013117,615,3820000024721,3829999993681,11.87
3830000000000,3840000000000,345118575,1015317,344103258,3830000000111,3839999966071,cad51eef8f9c349a,166366879,3229,3839463971368,235170,3830000000003,9,3830000099183,291,3830000000111,3839999966071,11.77
3840000000000,3850000000000,345094366,1015363,344079003,3840000022241,3849999993187,01aa641d65b7c8a4,166369156,2729,3844229839082,234755,3840000000007,9,3840000043889,481,3840000022241,3849999993187,11.83
3850000000000,3860000000000,345063701,1014085,344049616,3850000026703,3859999994737,25ddc1f5361660f0,166456437,3169,3854776398442,234738,3850000000001,9,3850000006763,259,3850000026703,3859999994737,11.81
3860000000000,3870000000000,345025019,1012016,344013003,3860000011957,3869999998853,ecfc481f727a7d33,166480985,2741,3861030124022,233942,3860000000009,9,3860000000161,267,3860000011957,3869999998853,11.87
3870000000000,3880000000000,344993435,1011247,343982188,3870000001211,3879999982993,7e7dc9b0cc80c04e,166534895,3037,3875774536192,234199,3870000000007,9,3870000079873,405,3870000001211,3879999982993,11.84
3880000000000,3890000000000,344962786,1013045,343949741,3880000030241,3889999989163,7d2510698eaa1db2,166630175,2857,3888143516812,233964,3880000000007,9,3880000041353,265,3880000030241,3889999989163,11.93
3890000000000,3900000000000,344943673,1010698,343932975,3890000012623,3899999987567,a7216e80ea86af1f,166681670,2791,3896772511846,235085,3890000000023,9,3890000001319,407,3890000012623,3899999987567,11.78
3900000000000,3910000000000,344906462,1010126,343896336,3900000051137,3909999986173,aafc9af8009ae8bb,166710439,2909,3907863673058,233883,3900000000007,9,3900000015533,295,3900000051137,3909999986173,11.83
3910000000000,3920000000000,344885645,1010022,343875623,3910000020463,3919999988563,3be0def2c5c814c9,166734327,2851,3918998445478,234085,3910000000013,9,3910000127251,395,3910000020463,3919999988563,12.05
3920000000000,3930000000000,344849090,1009022,343840068,3920000036873,3929999998759,89e1f25f72a6eecb,166798669,2713,3924521429698,234860,3920000000041,9,3920000038819,261,3920000036873,3929999998759,12.09
3930000000000,3940000000000,344818327,1009402,343808925,3930000015379,3939999980243,8dbd7fa4f99bf345,166881004,2833,3934546640314,234394,3930000000023,9,3930000009253,495,3930000015379,3939999980243,12.19
3940000000000,3950000000000,344795887,1007633,343788254,3940000000817,3949999986923,9f4239de36d9b8d8,166863430,2693,3941742311438,233678,3940000000033,9,3940000074671,327,3940000000817,3949999986923,11.99
3950000000000,3960000000000,344764604,1008513,343756091,3950000008321,3959999992213,91f9e31f777f86d2,166937014,2801,3950967895682,234882,3950000000003,25,3950000006969,301,3950000008321,3959999992213,11.96
3960000000000,3970000000000,344715626,1009062,343706564,3960000050161,3969999998221,07b1b64fdd5a08c3,167048235,2731,3968225490778,234029,3960000000017,9,3960000027101,333,3960000050161,3969999998221,12.00
3970000000000,3980000000000,344699524,1007153,343692371,3970000003261,3979999991791,ade776f393491a80,167044409,2707,3973257560824,234424,3970000000033,9,3970000079867,343,3970000003261,3979999991791,12.24
3980000000000,3990000000000,344672348,1005567,343666781,3980000011571,3989999993333,fb947dbd88aa20b8,167100982,3121,3985150206958,234298,3980000000017,9,3980000001407,303,3980000011571,3989999993333,12.28
3990000000000,4000000000000,344638949,1005837,343633112,3990000001187,3999999999139,66739e6dc1218220,167164081,2909,3992202803978,234672,3990000000017,9,3990000031397,445,3990000001187,3999999999139,12.19
4000000000000,4010000000000,344592191,1006522,343585669,4000000003891,4009999996993,99a3824ed2f47dff,167278696,3571,4007379950368,233853,4000000000039,9,4000000015489,327,4000000003891,4009999996993,11.83
4010000000000,4020000000000,344579562,999985,343579577,4010000009443,4019999999021,deadbe3822556012,167260288,3109,4013893671442,232834,4010000000063,9,4010000001053,429,4010000009443,4019999999021,11.83
4020000000000,4030000000000,344529503,1003144,343526359,4020000000857,4029999986107,0059112543af1f67,167319222,2857,4027863813934,232527,4020000000101,9,4020000006371,565,4020000000857,4029999986107,11.82
4030000000000,4040000000000,344525863,1004145,343521718,4030000002443,4039999998913,5fb30807d5d7defe,167370278,2767,4036154481922,232791,4030000000043,9,4030000053493,407,4030000002443,4039999998913,11.83
4040000000000,4050000000000,344476375,1004135,343472240,4040000031547,4049999993453,606dc4e25550f61e,167430496,2927,4045020968852,232911,4040000000011,9,4040000019301,767,4040000031547,4049999993453,11.87
4050000000000,4060000000000,344473843,1002447,343471396,4050000003223,4059999994103,8ba54358b5ec03b0,167471096,2857,4054692162622,233120,4050000000031,9,4050000005879,481,4050000003223,4059999994103,11.83
4060000000000,4070000000000,344419451,1001685,343417766,4060000024547,4069999988941,dd4882abea3d4df4,167533372,2731,4062056071222,234266,4060000000037,9,4060000003343,301,4060000024547,4069999988941,12.16
4070000000000,4080000000000,344392792,1001338,343391454,4070000028571,4079999989213,3df5e3a1d4ee6cb5,167578577,3229,4071531489292,233278,4070000000009,9,4070000065073,427,4070000028571,4079999989213,12.20
4080000000000,4090000000000,344369325,1000170,343369155,4080000023573,4089999986929,93a4ee6b82757c77,167589695,2677,4080830947282,233487,4080000000029,9,4080000034603,261,4080000023573,4089999986929,12.13
4090000000000,4100000000000,344343233,997903,343345330,4090000048291,4099999974017,808274c89ad42424,167625292,2851,4095005157058,232905,4090000000003,9,4090000028911,267,4090000048291,4099999974017,12.28
4100000000000,4110000000000,344321969,997863,343324106,4100000015231,4109999988803,7fc5ffc6684b710e,167645244,3049,4106160898954,233123,4100000000003,9,4100000074283,265,4100000015231,4109999988803,12.22
4110000000000,4120000000000,344294982,998997,343295985,4110000001571,4119999995609,8ec805b99b5498e8,167714488,2843,4118683508774,233719,4110000000023,9,4110000075617,325,4110000001571,4119999995609,12.32
4120000000000,4130000000000,344259964,996630,343263334,4120000007573,4129999983377,e543f195ea50321f,167755255,2693,4126582860926,232432,4120000000001,9,4120000099993,405,4120000007573,4129999983377,11.79
4130000000000,4140000000000,344224986,996315,343228671,4130000029241,4139999975351,4c1288654c1fb2c2,167870642,3163,4136147514088,233021,4130000000003,9,4130000002549,321,4130000029241,4139999975351,11.84
4140000000000,4150000000000,344201196,997040,343204156,4140000005633,4149999989719,d1421507ec56c61f,167860035,2789,4147889243198,232146,4140000000047,9,4140000009791,301,4140000005633,4149999989719,11.81
4150000000000,4160000000000,344179927,995912,343184015,4150000029691,4159999994741,91def43bd58856f5,167935783,2953,4156478172724,233165,4150000000019,9,4150000032721,297,4150000029691,4159999994741,11.88
4160000000000,4170000000000,344143112,996337,343146775,4160000029351,4169999993927,6e9232f5a9b99ef4,167964700,2971,4163257065172,232129,4160000000029,9,4160000015293,335,4160000029351,4169999993927,11.83
4170000000000,4180000000000,344104629,995174,343109455,4170000040421,4179999995753,ea9a18788ba4034f,168048781,2851,4179168690118,232122,4170000000053,9,4170000010907,301,4170000040421,4179999995753,11.93
4180000000000,4190000000000,344081560,994959,343086601,4180000011641,4189999990831,7b4e48e2595ed0ba,168080658,2731,4181953534012,233427,4180000000063,9,4180000002461,259,4180000011641,4189999990831,11.92
4190000000000,4200000000000,344051375,994666,343056709,4190000014441,4199999979317,00844f12df06318d,168113934,2719,4195451736688,231813,4190000000093,9,4190000034293,517,4190000014441,4199999979317,11.88
4200000000000,4210000000000,344021361,993207,343028154,4200000027763,4209999983533,7761a4d60bcdb362,168186169,3167,4200182898134,231170,4200000000023,9,4200000024431,403,4200000027763,4209999983533,11.95
4210000000000,4220000000000,344007945,993542,343014403,4210000009087,4219999992353,866c210a8332032f,168237709,2953,4219248386968,232069,4210000000027,9,4210000071029,681,4210000009087,4219999992353,11.83
4220000000000,4230000000000,343980842,992193,342988649,4220000004139,4229999989037,da97384f5bbce8be,168249520,2963,4229527761014,231760,4220000000053,9,4220000112901,555,4220000004139,4229999989037,11.88
4230000000000,4240000000000,343955423,991766,342963657,4230000006121,4239999994739,2e9f471eb57872e5,168261142,2803,4232972280826,231979,4230000000041,9,4230000105977,405,4230000006121,4239999994739,11.85
4240000000000,4250000000000,343920320,992272,342928048,4240000023841,4249999993487,a3deed8a8c91c343,168367656,3001,4241893999978,232483,4240000000091,9,4240000020041,745,4240000023841,4249999993487,12.12
4250000000000,4260000000000,343888497,989267,342899230,4250000002321,4259999975747,393ddd8df6fd552e,168399254,2789,4254484502192,232470,4250000000009,9,4250000010677,391,4250000002321,4259999975747,12.14
4260000000000,4270000000000,343854929,992461,342862468,4260000029717,4269999993661,071a2ce7bef02b4e,168412177,3037,4267130862412,232539,4260000000017,9,4260000053207,609,4260000029717,4269999993661,12.11
4270000000000,4280000000000,343837528,991448,342846080,4270000002913,4279999991821,2f0cbcfe46fb1075,168479256,2887,4275905554486,232344,4270000000051,9,4270000022557,309,4270000002913,4279999991821,12.67
4280000000000,4290000000000,343806497,989584,342816913,4280000000189,4289999988983,b5dbd64bf8ed844f,168529801,2731,4281773173036,232135,4280000000027,9,4280000033899,663,4280000000189,4289999988983,12.73
4290000000000,4300000000000,343763317,990577,342772740,4290000005617,4299999998743,d8ab970f341223ea,168642445,2663,4295446904768,231820,4290000000019,9,4290000074291,333,4290000005617,4299999998743,12.63
4300000000000,4310000000000,343757914,989550,342768364,4300000014551,4309999992443,263614fd28f09963,168652047,2897,4300146839774,232442,4300000000003,9,4300000011469,485,4300000014551,4309999992443,12.50
4320000000000,4330000000000,343699862,986777,342713085,4320000002869,4329999999863,0914a754f4682f66,168723207,2713,4329920674246,231034,4320000000023,9,4320000076531,519,4320000002869,4329999999863,12.32
4310000000000,4320000000000,343721298,987239,342734059,4310000013731,4319999999143,9738898d872914bc,168619233,2833,4316771655568,231566,4310000000011,9,4310000007169,513,4310000013731,4319999999143,12.47
4330000000000,4340000000000,343670616,988401,342682215,4330000009261,4339999996471,e4e962cc807ec98e,168745033,2767,4330087774882,231595,4330000000019,9,4330000014839,417,4330000009261,4339999996471,12.47
4340000000000,4350000000000,343627528,988501,342639027,4340000013341,4349999999621,9cc98cdbac183d0e,168848711,2749,4345964070244,232104,4340000000047,9,4340000017361,553,4340000013341,4349999999621,12.47
4350000000000,4360000000000,343622846,986246,342636600,4350000011131,4359999995471,657a36149dd00e11,168813416,3019,4353293474092,231936,4350000000011,9,4350000136921,323,4350000011131,4359999995471,12.43
4360000000000,4370000000000,343598170,985869,342612301,4360000007029,4369999997203,d275aedfc09d51a8,168906758,2917,4364636294512,231497,4360000000007,9,4360000007023,377,4360000007029,4369999997203,12.49
4380000000000,4390000000000,343544147,984555,342559592,4380000004697,4389999992551,4145af3500310128,168971901,3119,4383859786028,231762,4380000000037,9,4380000192019,687,4380000004697,4389999992551,12.39
4370000000000,4380000000000,343562859,983890,342578969,4370000021953,4379999993273,30327160aaa122ff,168913788,2803,4371910435888,231471,4370000000021,9,4370000021839,471,4370000021953,4379999993273,12.43
4390000000000,4400000000000,343520395,982664,342537731,4390000005403,4399999998313,647be9399a65a31d,169018631,2797,4397762391376,231177,4390000000019,9,4390000121239,267,4390000005403,4399999998313,12.27
4400000000000,4410000000000,343485787,984336,342501451,4400000011093,4409999992501,904b5c58751257b7,169045217,3187,4403819207806,230591,4400000000009,9,4400000004817,435,4400000011093,4409999992501,12.27
4410000000000,4420000000000,343444899,980519,342464380,4410000004873,4419999986273,60dd5ddabac5a646,169108748,2957,4411719828062,231614,4410000000011,9,4410000047443,329,4410000004873,4419999986273,12.27
4430000000000,4440000000000,343405633,981850,342423783,4430000010673,4439999984359,abc307c67e1d4b07,169206188,2861,4437506223518,231817,4430000000009,9,4430000029841,583,4430000010673,4439999984359,11.87
4420000000000,4430000000000,343428721,981342,342447379,4420000012993,4429999999757,04b5165ec8e62a75,169118776,3061,4423505081818,232233,4420000000007,9,4420000006007,343,4420000012993,4429999999757,11.91
4440000000000,4450000000000,343375273,982896,342392377,4440000029473,4449999999121,3b0717322dc459d5,169263847,3319,4444163811124,231385,4440000000017,9,4440000114163,849,4440000029473,4449999999121,11.91
4460000000000,4470000000000,343320506,979122,342341384,4460000013223,4469999997511,5d19873742bba0fb,169344260,2953,4460170466104,230535,4460000000023,9,4460000002519,363,4460000013223,4469999997511,11.75
4450000000000,4460000000000,343349778,980606,342369172,4450000000013,4459999993051,7b846e286d4976bf,169307682,2719,4458366822502,231009,4450000000001,39,4450000112717,319,4450000000013,4459999993051,11.76
4470000000000,4480000000000,343302603,981926,342320677,4470000003251,4479999994553,3e2775ae1250236f,169343862,2767,4474076930434,230436,4470000000017,9,4470000001321,377,4470000003251,4479999994553,11.74
4480000000000,4490000000000,343265370,979027,342286343,4480000005199,4489999965589,63e9ee69e1079ace,169432833,2797,4485588125002,230163,4480000000037,9,4480000050751,597,4480000005199,4489999965589,11.72
4490000000000,4500000000000,343232499,979380,342253119,4490000008411,4499999984387,d31323aa5aa9dffd,169524980,2857,4495625071744,231157,4490000000011,9,4490000067281,493,4490000008411,4499999984387,11.74
4500000000000,4510000000000,343203143,978478,342224665,4500000005491,4509999965371,9c054f90a42860e7,169551264,3023,4502968076066,229929,4500000000007,9,4500000037391,555,4500000005491,4509999965371,11.72
4510000000000,4520000000000,343176501,978514,342197987,4510000001473,4519999996081,eb2f49fa2380df21,169550322,3083,4517240946308,230048,4510000000003,9,4510000027451,319,4510000001473,4519999996081,11.74
4520000000000,4530000000000,343160223,977128,342183095,4520000008211,4529999980537,3481e20834eff02f,169632367,2803,4522738724248,230512,4520000000041,9,4520000011741,485,4520000008211,4529999980537,11.75
4530000000000,4540000000000,343145838,978069,342167769,4530000004463,4539999978673,6298a88f2723c99c,169621664,2791,4534755025882,229222,4530000000011,9,4530000073457,583,4530000004463,4539999978673,11.74
4540000000000,4550000000000,343106204,977982,342128222,4540000007567,4549999990561,cff4625c978cc7cb,169707820,2917,4544520939796,230524,4540000000013,9,4540000050631,545,4540000007567,4549999990561,11.75
4550000000000,4560000000000,343075317,976267,342099050,4550000000971,4559999995361,143603c16c43691a,169785360,3433,4555080626374,229925,4550000000003,15,4550000025499,345,4550000000971,4559999995361,11.75
4560000000000,4570000000000,343064945,975463,342089482,4560000022189,4569999994423,6716cbb9bf8a7ae0,169784370,3067,4561400325304,230646,4560000000001,9,4560000045551,345,4560000022189,4569999994423,11.74
4570000000000,4580000000000,343029671,975524,342054147,4570000002149,4579999995673,eb6fdb7163064465,169824815,2749,4571143020448,229827,4570000000043,9,4570000154221,267,4570000002149,4579999995673,11.78
4580000000000,4590000000000,343005099,974339,342030760,4580000013139,4589999985541,6465ccbe53c09b02,169874189,2963,4589561057846,230566,4580000000011,9,4580000213819,333,4580000013139,4589999985541,11.79
4590000000000,4600000000000,342977809,973944,342003865,4590000002897,4599999991453,ada607b7c3acf349,169914928,2851,4598609570866,229289,4590000000037,9,4590000029837,441,4590000002897,4599999991453,11.79
4600000000000,4610000000000,342967912,976806,341991106,4600000001791,4609999974169,0e58eb234d1f09ef,169895530,2939,4609881529754,230709,4600000000081,9,4600000076083,417,4600000001791,4609999974169,11.85
4620000000000,4630000000000,342904115,974082,341930033,4620000029179,4629999981461,8ccff72047f5019f,170038834,2659,4629924676522,229690,4620000000017,9,4620000050231,343,4620000029179,4629999981461,11.82
4610000000000,4620000000000,342931361,974796,341956565,4610000009393,4619999977933,3caadf98a4824bb7,169921730,2731,4618426779052,230138,4610000000009,9,4610000016547,273,4610000009393,4619999977933,11.84
4630000000000,4640000000000,342872501,970744,341901757,4630000016237,4639999993001,43952f825580ba1f,170077446,2777,4638087045476,229013,4630000000019,9,4630000153193,259,4630000016237,4639999993001,11.77
4640000000000,4650000000000,342867477,972780,341894697,4640000002247,4649999974457,acb82dd1189c5321,170100261,2801,4643916920072,230158,4640000000021,9,4640000147243,289,4640000002247,4649999974457,11.77
4650000000000,4660000000000,342838552,970094,341868458,4650000031777,4659999988811,32520a35c80454ed,170135107,2699,4658372561012,229802,4650000000059,9,4650000027193,537,4650000031777,4659999988811,11.78
4660000000000,4670000000000,342805528,971623,341833905,4660000014853,4669999974181,e698fcb13340d97a,170202204,2837,4663588677962,228444,4660000000001,9,4660000132699,369,4660000014853,4669999974181,11.81
4680000000000,4690000000000,342760486,967850,341792636,4680000001771,4689999986597,3a85c2aa0a21a95d,170269343,2749,4681516660612,230509,4680000000037,9,4680000007931,309,4680000001771,4689999986597,11.82
4670000000000,4680000000000,342777609,970269,341807340,4670000018731,4679999973419,b7d99d751ab485c2,170171926,3023,4678021153238,229661,4670000000047,9,4670000043281,303,4670000018731,4679999973419,11.84
4690000000000,4700000000000,342733752,970431,341763321,4690000004161,4699999991663,619811d3149da0f4,170328684,2837,4699365243044,230425,4690000000061,9,4690000020623,417,4690000004161,4699999991663,11.82
4710000000000,4720000000000,342673164,966747,341706417,4710000009433,4719999998947,8ecf4da984b4e76c,170379215,2767,4713673415734,230101,4710000000019,9,4710000022141,669,4710000009433,4719999998947,11.81
4700000000000,4710000000000,342708102,968866,341739236,4700000013883,4709999950567,90239ab2be5790dd,170355726,2939,4702086240662,229862,4700000000039,9,4700000215451,445,4700000013883,4709999950567,11.84
4720000000000,4730000000000,342655881,968070,341687811,4720000004183,4729999991911,c3a9be20ac49d8c7,170502385,2971,4729659127846,231098,4720000000007,9,4720000057237,533,4720000004183,4729999991911,11.81
4730000000000,4740000000000,342629714,967931,341661783,4730000001343,4739999996843,63204d012ebf2d4a,170486139,2887,4730278052722,229959,4730000000051,9,4730000031103,429,4730000001343,4739999996843,11.79
4740000000000,4750000000000,342601502,966357,341635145,4740000020629,4749999998209,0e50301b91b10c0a,170555322,2677,4749175701496,230082,4740000000007,9,4740000118547,451,4740000020629,4749999998209,11.80
4760000000000,4770000000000,342563288,966006,341597282,4760000037647,4769999996389,6969eb3ba04466c5,170588538,2797,4769852409982,229915,4760000000023,9,4760000072507,475,4760000037647,4769999996389,11.80
4750000000000,4760000000000,342586047,967883,341618164,4750000009171,4759999998703,771c1720a71da70a,170563452,2897,4758298784342,229987,4750000000007,9,4750000003633,345,4750000009171,4759999998703,11.86
4770000000000,4780000000000,342505247,966856,341538391,4770000020567,4779999991397,58bc70625fb42b37,170708741,2917,4771504991146,229550,4770000000043,9,4770000128239,305,4770000020567,4779999991397,11.80
4780000000000,4790000000000,342508758,963243,341545515,4780000004293,4789999989491,1f659bd33c40b182,170700855,3037,4788673472656,228347,4780000000007,9,4780000038721,519,4780000004293,4789999989491,11.80
4790000000000,4800000000000,342483621,965764,341517857,4790000019143,4799999998363,4971459324bd8251,170739359,3061,4796789472358,228980,4790000000017,9,4790000080381,303,4790000019143,4799999998363,11.80
4800000000000,4810000000000,342452484,965430,341487054,4800000017261,4809999996839,7b1e389261331889,170786214,2731,4801558118932,229855,4800000000001,9,4800000000479,361,4800000017261,4809999996839,11.83
4810000000000,4820000000000,342438007,964360,341473647,4810000005491,4819999998733,9f062f3613a23fc7,170827082,3313,4810339404826,228821,4810000000021,9,4810000022371,323,4810000005491,4819999998733,11.87
4820000000000,4830000000000,342406018,964222,341441796,4820000000119,4829999997923,a3602ab9800c99e5,170845295,3019,4827980053714,228118,4820000000003,25,4820000101351,437,4820000000119,4829999997923,11.86
4830000000000,4840000000000,342371855,964388,341407467,4830000005029,4839999982841,9742371aa55640b7,170967570,2917,4839337785202,230641,4830000000029,9,4830000021029,361,4830000005029,4839999982841,11.88
4840000000000,4850000000000,342353388,962518,341390870,4840000028879,4849999989083,fc39ebe6ba7c44ed,170967627,2683,4845003133678,229154,4840000000009,9,4840000062979,453,4840000028879,4849999989083,11.93
4850000000000,4860000000000,342356610,963926,341392684,4850000003833,4859999994463,0c686ccdd46640ad,170919894,3083,4858442949974,228625,4850000000011,9,4850000000401,513,4850000003833,4859999994463,11.92
4860000000000,4870000000000,342326825,962434,341364391,4860000017359,4869999993347,ea41d19e30b7d779,171011556,2689,4867953490858,229034,4860000000007,9,4860000271223,399,4860000017359,4869999993347,11.89
4880000000000,4890000000000,342283691,959508,341324183,4880000001913,4889999996003,ad594165fd439637,171091313,2791,4887978684718,229201,4880000000003,9,4880000000881,687,4880000001913,4889999996003,12.00
4870000000000,4880000000000,342286593,961576,341325017,4870000015481,4879999988771,45c583b9a9da1107,171111814,3049,4877853605122,228223,4870000000001,9,4870000046633,301,4870000015481,4879999988771,12.05
4890000000000,4900000000000,342231281,960960,341270321,4890000022993,4899999946999,0d3c3a9b35ddace1,171170734,3137,4896109000382,230146,4890000000023,9,4890000002567,301,4890000022993,4899999946999,12.03
4900000000000,4910000000000,342216774,961401,341255373,4900000015457,4909999988149,0a5cd2aa641d474a,171184635,2819,4909941228314,228509,4900000000009,9,4900000026841,261,4900000015457,4909999988149,11.91
4910000000000,4920000000000,342195002,959868,341235134,4910000000537,4919999997181,adb83f26329ca607,171208804,2767,4918478918482,228266,4910000000063,9,4910000205391,323,4910000000537,4919999997181,11.88
4920000000000,4930000000000,342152977,958902,341194075,4920000025489,4929999983413,490db239b7520ff7,171271362,3301,4920727731796,228867,4920000000043,9,4920000042173,259,4920000025489,4929999983413,11.90
4940000000000,4950000000000,342119115,956108,341163007,4940000013409,4949999996023,6150496e0d449fc5,171308832,3217,4943566617922,228639,4940000000009,9,4940000140351,267,4940000013409,4949999996023,11.98
4930000000000,4940000000000,342139187,958958,341180229,4930000013671,4939999993403,c93546816e50f87f,171353501,2767,4931109561046,228140,4930000000007,9,4930000017541,323,4930000013671,4939999993403,12.01
4950000000000,4960000000000,342100464,956438,341144026,4950000006407,4959999987391,6d0989939a647575,171360277,2927,4953561108212,228672,4950000000103,9,4950000174151,345,4950000006407,4959999987391,12.01
4970000000000,4980000000000,342048361,956808,341091553,4970000026501,4979999966611,914f7345585415d3,171488257,3049,4973809059652,228525,4970000000027,9,4970000058307,273,4970000026501,4979999966611,12.02
4960000000000,4970000000000,342079272,957465,341121807,4960000025723,4969999975151,7f84fed799926552,171393841,3061,4968603750508,228182,4960000000019,9,4960000004041,437,4960000025723,4969999975151,12.09
4980000000000,4990000000000,342021769,956678,341065091,4980000031621,4989999979273,c12074db2ee99189,171518142,2689,4984274529214,228199,4980000000029,9,4980000000307,261,4980000031621,4989999979273,12.08
4990000000000,5000000000000,342015282,956297,341058985,4990000000369,4999999994851,59b3677ace5170ca,171552103,2797,4990214981764,227965,4990000000057,9,4990000000217,343,4990000000369,4999999994851,12.02
5000000000000,5010000000000,341976981,955526,341021455,5000000013023,5009999995943,72ac665f1693853f,171607075,2999,5009313598274,227949,5000000000053,9,5000000001571,291,5000000013023,5009999995943,11.95
5010000000000,5020000000000,341960467,954239,341006228,5010000024643,5019999998603,c51b7b127ba37ff0,171595614,2957,5019040295342,228245,5010000000023,9,5010000015877,513,5010000024643,5019999998603,12.01
5030000000000,5040000000000,341895944,952486,340943458,5030000018951,5039999991331,490bcdbe51f9d2b9,171742214,2939,5038566634532,228846,5030000000009,9,5030000010043,365,5030000018951,5039999991331,12.05
5020000000000,5030000000000,341940826,956717,340984109,5020000003873,5029999983319,6520ba14e2588636,171662225,3167,5024092819616,228173,5020000000007,9,5020000072291,299,5020000003873,5029999983319,12.06
5040000000000,5050000000000,341897477,953965,340943512,5040000016561,5049999962179,f057f0c69cf8cfa8,171710053,3037,5047205225134,227621,5040000000001,9,5040000039647,333,5040000016561,5049999962179,12.05
5050000000000,5060000000000,341869918,952894,340917024,5050000021441,5059999995697,c9c0bd59c116c357,171775751,3191,5059738477358,227801,5050000000009,9,5050000132403,381,5050000021441,5059999995697,11.91
5060000000000,5070000000000,341828206,950623,340877583,5060000008169,5069999989603,e40b0f66720469de,171830538,2953,5060062764634,228756,5060000000017,9,5060000009027,325,5060000008169,5069999989603,11.91
5070000000000,5080000000000,341825849,953859,340871990,5070000000031,5079999987079,f6e83b39f2ff8ab4,171863600,2917,5074320466354,228135,5070000000011,9,5070000053623,335,5070000000031,5079999987079,11.92
5090000000000,5100000000000,341774594,951070,340823524,5090000002583,5099999998111,5826523c836532f1,171954580,3037,5092901363302,228982,5090000000069,9,5090000017831,513,5090000002583,5099999998111,11.90
5080000000000,5090000000000,341799994,952450,340847544,5080000015007,5089999975937,28caee833a99c04d,171872339,3019,5086725888598,228835,5080000000039,9,5080000010003,355,5080000015007,5089999975937,11.93
5100000000000,5110000000000,341752823,950977,340801846,5100000009583,5109999984281,483095481490f25a,172014511,3019,5107389092968,227516,5100000000013,9,5100000204857,303,5100000009583,5109999984281,11.91
5120000000000,5130000000000,341696168,950248,340745920,5120000010581,5129999999629,a7479d5417c91745,172087647,3001,5126873427778,228041,5120000000039,9,5120000061923,289,5120000010581,5129999999629,11.98
5110000000000,5120000000000,341726748,950168,340776580,5110000007017,5119999999193,27dc5a555d4e9c1d,172022063,2659,5110348296868,226976,5110000000003,21,5110000202123,339,5110000007017,5119999999193,12.03
5130000000000,5140000000000,341680315,948642,340731673,5130000005243,5139999991591,2265f9e64a87ba63,172061606,3301,5136042694918,228994,5130000000007,9,5130000044003,355,5130000005243,5139999991591,12.02
5140000000000,5150000000000,341656605,948675,340707930,5140000010081,5149999991209,b6d95c6f58c5d610,172130424,2707,5142081054412,227358,5140000000049,9,5140000045013,451,5140000010081,5149999991209,11.95
5150000000000,5160000000000,341640144,950734,340689410,5150000006453,5159999997007,ef61a35c0252021b,172165425,3203,5157086013218,227706,5150000000003,9,5150000025767,265,5150000006453,5159999997007,11.96
5160000000000,5170000000000,341610039,946979,340663060,5160000030553,5169999982159,39d90a56c7b872ea,172198970,2707,5162131930462,227364,5160000000059,9,5160000034913,301,5160000030553,5169999982159,11.99
5170000000000,5180000000000,341595736,948563,340647173,5170000022653,5179999974911,56dac77066226a14,172259901,3079,5174860003498,227016,5170000000043,9,5170000035377,543,5170000022653,5179999974911,12.02
5180000000000,5190000000000,341564164,949168,340614996,5180000033671,5189999963011,d913f24ef82d6cbb,172295832,2833,5189915635876,227724,5180000000027,9,5180000142643,495,5180000033671,5189999963011,12.05
5190000000000,5200000000000,341546511,947438,340599073,5190000049397,5199999966467,356660c52aee7a77,172329721,2909,5192495855804,228046,5190000000001,9,5190000023779,341,5190000049397,5199999966467,12.06
5210000000000,5220000000000,341501897,946267,340555630,5210000000419,5219999989447,411986405201bb8c,172436752,2753,5212640248094,228068,5210000000003,9,5210000136379,273,5210000000419,5219999989447,11.94
5200000000000,5210000000000,341520960,948878,340572082,5200000042411,5209999998881,fed7b4566aaf0489,172413910,3089,5201929138862,227469,5200000000007,9,5200000019023,335,5200000042411,5209999998881,12.00
5220000000000,5230000000000,341470444,945403,340525041,5220000020383,5229999958849,7d8db898657b2874,172438532,2971,5220546935092,227831,5220000000001,9,5220000072341,289,5220000020383,5229999958849,11.96
5230000000000,5240000000000,341455970,945234,340510736,5230000008551,5239999978351,f260604104b6a9bd,172508392,2887,5234384393422,227715,5230000000007,9,5230000004323,867,5230000008551,5239999978351,12.01
5240000000000,5250000000000,341448477,945996,340502481,5240000000371,5249999983513,a98dcc9709ac39c9,172452318,2963,5243337836234,226022,5240000000033,9,5240000128127,529,5240000000371,5249999983513,12.04
5250000000000,5260000000000,341404127,944512,340459615,5250000010183,5259999988223,409f370476a3e8a5,172573848,2917,5253393969946,227941,5250000000019,9,5250000093089,303,5250000010183,5259999988223,12.04
5260000000000,5270000000000,341389983,942659,340447324,5260000010959,5269999997417,9bc60382eeca8300,172586060,2837,5269203257732,227476,5260000000043,9,5260000042163,355,5260000010959,5269999997417,11.99
5270000000000,5280000000000,341354973,943719,340411254,5270000022587,5279999978507,76546f15bd7e55c0,172622105,2767,5276186806102,226683,5270000000011,9,5270000003783,301,5270000022587,5279999978507,12.00
5280000000000,5290000000000,341347756,943203,340404553,5280000000101,5289999991061,2f2d2af19153b0b0,172651999,2909,5286759062258,226836,5280000000019,9,5280000013601,309,5280000000101,5289999991061,11.99
5290000000000,5300000000000,341323712,942889,340380823,5290000017229,5299999994173,dd0e5d5b74f11da8,172721507,3001,5295890808982,226739,5290000000009,9,5290000024873,425,5290000017229,5299999994173,11.88
5300000000000,5310000000000,341300383,942184,340358199,5300000029673,5309999950649,ee2f81a7ab06efd1,172687175,2851,5302220027488,227374,5300000000023,9,5300000097023,259,5300000029673,5309999950649,11.88
5310000000000,5320000000000,341277165,942822,340334343,5310000004321,5319999995353,37551e998566253b,172756145,2833,5312080501498,227951,5310000000001,9,5310000057259,377,5310000004321,5319999995353,11.88
5320000000000,5330000000000,341259080,942376,340316704,5320000016767,5329999955963,917099198b6944db,172828198,2887,5328771422446,227080,5320000000031,9,5320000043333,339,5320000016767,5329999955963,12.05
5330000000000,5340000000000,341229679,941941,340287738,5330000019307,5339999997391,877314779681dcd0,172859667,2713,5338573157668,226837,5330000000033,9,5330000070893,351,5330000019307,5339999997391,12.07
5340000000000,5350000000000,341210204,940447,340269757,5340000005869,5349999986347,2628f90ddb032b5e,172910179,3067,5344199230582,226841,5340000000007,9,5340000016123,495,5340000005869,5349999986347,12.06
5350000000000,5360000000000,341189475,940741,340248734,5350000048121,5359999993009,78a936e4724a4080,172873249,3181,5359395543952,226891,5350000000003,9,5350000070293,291,5350000048121,5359999993009,11.82
5360000000000,5370000000000,341160815,940414,340220401,5360000011843,5369999993713,97d44875a1c03333,172964961,2683,5360825746168,227099,5360000000009,9,5360000005127,301,5360000011843,5369999993713,11.83
5370000000000,5380000000000,341155392,938317,340217075,5370000013493,5379999998207,b47e9be5923cc3e0,173014951,2939,5374985499362,226755,5370000000049,9,5370000027421,299,5370000013493,5379999998207,11.84
5380000000000,5390000000000,341126004,940139,340185865,5380000011017,5389999968163,15e9a24abcf9552e,173033845,2803,5385816724744,226035,5380000000009,9,5380000012399,377,5380000011017,5389999968163,12.27
5390000000000,5400000000000,341098648,936176,340162472,5390000001487,5399999969593,1cc863375e39360b,173080968,3079,5390968191772,227273,5390000000023,9,5390000043691,699,5390000001487,5399999969593,12.29
5400000000000,5410000000000,341068805,939408,340129397,5400000025961,5409999947813,9feaa6f9786c7ea1,173144332,2843,5405933697014,227761,5400000000001,9,5400000079057,267,5400000025961,5409999947813,12.28
5410000000000,5420000000000,341056553,939058,340117495,5410000038283,5419999989269,19deada579ba5b11,173184744,2797,5416183516762,227451,5410000000021,9,5410000107511,261,5410000038283,5419999989269,12.17
5420000000000,5430000000000,341037117,937615,340099502,5420000009071,5429999975839,042ca315dd34f5b4,173226544,2797,5423570924116,226989,5420000000017,9,5420000019901,267,5420000009071,5429999975839,12.19
5430000000000,5440000000000,341019665,936628,340083037,5430000031007,5439999968723,dbd9d25867a03a3f,173185002,2887,5435306082922,226312,5430000000041,9,5430000136871,345,5430000031007,5439999968723,12.18
5440000000000,5450000000000,340988373,938410,340049963,5440000010119,5449999995577,162d30d7f63bde09,173299811,2971,5443430115982,225913,5440000000031,9,5440000036663,287,5440000010119,5449999995577,11.94
5450000000000,5460000000000,340987538,936519,340051019,5450000015563,5459999951389,9fae85cd10a112d2,173244836,3307,5453056099966,225753,5450000000057,9,5450000016739,477,5450000015563,5459999951389,11.89
5460000000000,5470000000000,340949319,934897,340014422,5460000003553,5469999994223,5e6bf2fd7f607014,173387884,2687,5464660318616,226796,5460000000043,9,5460000079069,341,5460000003553,5469999994223,11.91
5470000000000,5480000000000,340930778,935315,339995463,5470000007431,5479999997921,f6a1fb6c590af53e,173381089,3011,5471590148462,226526,5470000000007,9,5470000030727,361,5470000007431,5479999997921,11.85
5480000000000,5490000000000,340925577,935992,339989585,5480000006293,5489999963351,15dcf740585e1535,173353187,3079,5482165080718,226800,5480000000099,9,5480000091833,265,5480000006293,5489999963351,11.87
5490000000000,5500000000000,340900610,933842,339966768,5490000001699,5499999995773,b58891da50ee9445,173407989,2879,5491631333528,226574,5490000000029,9,5490000026897,339,5490000001699,5499999995773,11.85
5500000000000,5510000000000,340862589,933618,339928971,5500000001107,5509999991549,1669e4049fc75c3f,173474654,3067,5500954481152,226335,5500000000057,9,5500000037093,537,5500000001107,5509999991549,11.91
5510000000000,5520000000000,340855283,934485,339920798,5510000018921,5519999983031,cb1b5748aec226f0,173523316,2897,5513240918924,226080,5510000000041,9,5510000081101,305,5510000018921,5519999983031,11.89
5520000000000,5530000000000,340826684,934460,339892224,5520000003073,5529999998713,b30607bf0b1bfcc9,173531416,3079,5522500209628,226439,5520000000043,9,5520000034933,297,5520000003073,5529999998713,11.91
5530000000000,5540000000000,340814434,934579,339879855,5530000031203,5539999988381,04e979aee1a781f8,173546103,3313,5534760211324,227004,5530000000069,9,5530000013777,369,5530000031203,5539999988381,11.93
5540000000000,5550000000000,340769761,933292,339836469,5540000007713,5549999992531,0bc13d0852c69283,173645855,2767,5542884186316,225588,5540000000009,9,5540000063071,405,5540000007713,5549999992531,11.93
5550000000000,5560000000000,340759857,932767,339827090,5550000037403,5559999998573,b365977ca590113c,173714322,2861,5555469070016,226694,5550000000031,9,5550000001877,343,5550000037403,5559999998573,11.92
5560000000000,5570000000000,340739909,932102,339807807,5560000001911,5569999981859,1143a9116d4c9caf,173675168,2833,5562097098688,226433,5560000000019,9,5560000087091,319,5560000001911,5569999981859,11.87
5570000000000,5580000000000,340732974,932296,339800678,5570000001233,5579999998883,08c2d6080e0038ed,173699476,3313,5578128390088,225978,5570000000027,9,5570000026769,301,5570000001233,5579999998883,11.85
5580000000000,5590000000000,340711535,930524,339781011,5580000007951,5589999987503,857d390b8ba66cc9,173726107,2767,5584454054122,225770,5580000000017,9,5580000064031,265,5580000007951,5589999987503,11.86
5590000000000,5600000000000,340679884,930327,339749557,5590000000471,5599999953857,9f6254adf0844c38,173792148,3121,5599148331772,225481,5590000000019,9,5590000235563,341,5590000000471,5599999953857,11.88
5600000000000,5610000000000,340653011,931009,339722002,5600000000911,5609999967977,e209ad263d525120,173884238,2749,5601269601472,226652,5600000000059,9,5600000038583,339,5600000000911,5609999967977,11.89
5610000000000,5620000000000,340636837,932236,339704601,5610000039823,5619999994709,960c4955c074b5b7,173859564,2887,5614376615842,225674,5610000000019,9,5610000008761,267,5610000039823,5619999994709,11.93
5620000000000,5630000000000,340622454,931795,339690659,5620000001717,5629999968259,3a16886162632c94,173966272,2801,5623081233662,227012,5620000000007,9,5620000051483,291,5620000001717,5629999968259,11.91
5630000000000,5640000000000,340604082,929256,339674826,5630000020223,5639999997917,012d463350082213,173931914,3301,5630600629936,225781,5630000000033,9,5630000034091,483,5630000020223,5639999997917,11.93
5640000000000,5650000000000,340575813,928864,339646949,5640000000781,5649999994211,5ba17d8f79d7f177,174002127,2749,5640907921822,225205,5640000000043,9,5640000089309,423,5640000000781,5649999994211,11.92
5650000000000,5660000000000,340567712,929421,339638291,5650000000301,5659999979201,415413bc824813a6,174009862,2777,5653457554484,225486,5650000000069,9,5650000000297,303,5650000000301,5659999979201,11.86
5660000000000,5670000000000,340533780,930648,339603132,5660000014261,5669999992529,125ad632656d7297,174095611,3019,5662740375982,226109,5660000000027,9,5660000044421,817,5660000014261,5669999992529,11.87
5670000000000,5680000000000,340525891,928231,339597660,5670000003961,5679999991931,2c552a36bb742b2a,174072676,2909,5672189376044,225640,5670000000047,9,5670000155711,319,5670000003961,5679999991931,11.86
5680000000000,5690000000000,340490310,927802,339562508,5680000021081,5689999988759,9e700320a7c410e9,174124423,3727,5682344279932,225194,5680000000009,9,5680000018753,291,5680000021081,5689999988759,11.86
5690000000000,5700000000000,340475524,927032,339548492,5690000005511,5699999988821,69ccb313a721b399,174192338,3079,5691984331402,224654,5690000000017,9,5690000032949,361,5690000005511,5699999988821,11.87
5700000000000,5710000000000,340466786,926546,339540240,5700000004663,5709999962041,d320f4383143bd99,174153628,2917,5704723976152,225585,5700000000043,9,5700000007991,943,5700000004663,5709999962041,11.85
5710000000000,5720000000000,340437069,928818,339508251,5710000004131,5719999996457,6e5f0c74a03976d9,174195475,2851,5710260545608,225792,5710000000013,9,5710000019057,325,5710000004131,5719999996457,11.91
5720000000000,5730000000000,340394986,926809,339468177,5720000014541,5729999993189,39976c4558876aba,174294753,3061,5720317162618,224991,5720000000009,9,5720000191441,483,5720000014541,5729999993189,11.89
5730000000000,5740000000000,340401283,925682,339475601,5730000024457,5739999998507,2a8337ea2f9a906f,174264348,2671,5735482045882,225493,5730000000007,9,5730000008281,261,5730000024457,5739999998507,11.88
5750000000000,5760000000000,340361819,924454,339437365,5750000012221,5759999998637,29c75a9c3e2296c5,174363413,2917,5759214931786,225613,5750000000029,9,5750000038841,333,5750000012221,5759999998637,12.01
5740000000000,5750000000000,340373848,926704,339447144,5740000010567,5749999991543,6376e2e8c87b163d,174320966,2887,5744318286892,225447,5740000000019,9,5740000005833,565,5740000010567,5749999991543,12.00
5760000000000,5770000000000,340338238,924355,339413883,5760000000151,5769999982757,1e481aaedfde8a9e,174360253,2791,5766429184972,226043,5760000000011,9,5760000121303,299,5760000000151,5769999982757,11.98
5770000000000,5780000000000,340309787,925837,339383950,5770000005353,5779999997351,b4dbea0096226898,174446924,3067,5776458986722,226014,5770000000031,9,5770000020803,301,5770000005353,5779999997351,11.88
5780000000000,5790000000000,340277283,923765,339353518,5780000006281,5789999975701,3d70a6eb49e424da,174477433,3019,5784826791778,224602,5780000000003,9,5780000026127,429,5780000006281,5789999975701,11.87
5790000000000,5800000000000,340276520,922079,339354441,5790000013883,5799999993379,6df481df84f1f0fe,174504428,2833,5797678165534,224791,5790000000023,9,5790000023263,267,5790000013883,5799999993379,11.87
5800000000000,5810000000000,340258732,924331,339334401,5800000008311,5809999997441,24ae5d06719c6ac2,174547920,2927,5807442220274,225125,5800000000027,9,5800000018933,437,5800000008311,5809999997441,11.84
5810000000000,5820000000000,340227788,924020,339303768,5810000000557,5819999997109,4963adb87600f21d,174572096,3001,5816507027416,225351,5810000000033,9,5810000044423,321,5810000000557,5819999997109,11.84
5820000000000,5830000000000,340212630,922030,339290600,5820000047051,5829999998117,33724da1e850964f,174574421,3067,5828475992266,224464,5820000000011,9,5820000026537,325,5820000047051,5829999998117,11.84
5840000000000,5850000000000,340173241,921675,339251566,5840000002037,5849999951881,bfa80e689d4e74c0,174670493,2971,5849415375442,224967,5840000000119,9,5840000015833,267,5840000002037,5849999951881,11.86
5830000000000,5840000000000,340206706,923488,339283218,5830000013731,5839999980181,69a65008ffaed93f,174615871,3001,5831722032316,225491,5830000000001,9,5830000025581,365,5830000013731,5839999980181,11.89
5850000000000,5860000000000,340160863,921383,339239480,5850000007421,5859999974371,691a61388c612f8a,174689993,3163,5855523336946,225571,5850000000043,9,5850000126127,489,5850000007421,5859999974371,11.85
5860000000000,5870000000000,340135420,920478,339214942,5860000011031,5869999995799,3fbb1e2b52875873,174755699,2791,5864804361172,224999,5860000000007,9,5860000061423,405,5860000011031,5869999995799,11.91
5870000000000,5880000000000,340114869,921604,339193265,5870000002331,5879999995427,6c41e152a1804c8d,174779383,3797,5875823248604,226120,5870000000023,9,5870000012003,265,5870000002331,5879999995427,11.91
5880000000000,5890000000000,340101341,920523,339180818,5880000013463,5889999999913,d20fd16b96fb6c3e,174797462,3253,5883163481926,224206,5880000000139,9,5880000124513,407,5880000013463,5889999999913,11.92
5890000000000,5900000000000,340076045,920266,339155779,5890000010129,5899999986407,c88f314a1faa611d,174854110,2777,5892433705526,224521,5890000000037,9,5890000139333,481,5890000010129,5899999986407,11.86
5900000000000,5910000000000,340069082,920946,339148136,5900000026891,5909999992051,c43c263e608bd99f,174873093,2707,5904222997966,225001,5900000000017,9,5900000038217,339,5900000026891,5909999992051,11.86
5910000000000,5920000000000,340028582,919863,339108719,5910000003407,5919999994193,1c9c79c517bc85ee,174940499,3187,5912500754686,224638,5910000000013,9,5910000133337,445,5910000003407,5919999994193,11.87
5930000000000,5940000000000,339999255,918860,339080395,5930000000503,5939999973199,4c91421cc32cf40d,174955063,3067,5936874231514,224253,5930000000051,9,5930000133727,695,5930000000503,5939999973199,11.85
5920000000000,5930000000000,340016392,918157,339098235,5920000017361,5929999963753,b9d2fdafad3ff426,174959569,3121,5920150547308,224998,5920000000021,9,5920000009613,259,5920000017361,5929999963753,11.86
5940000000000,5950000000000,339977604,918635,339058969,5940000022843,5949999999023,4afda34e675249e8,175003994,3019,5944584989578,225862,5940000000007,9,5940000008029,453,5940000022843,5949999999023,11.85
5950000000000,5960000000000,339952999,917215,339035784,5950000006193,5959999965089,8c970500870783c6,175085225,2789,5951033359244,225517,5950000000019,9,5950000021547,469,5950000006193,5959999965089,11.91
5960000000000,5970000000000,339942853,915968,339026885,5960000014483,5969999992577,a6a33ad4d9e8b19d,175029125,3229,5962954922032,224411,5960000000023,9,5960000064773,355,5960000014483,5969999992577,11.90
5970000000000,5980000000000,339923407,917118,339006289,5970000024071,5979999989533,9bc81725cf9dbadb,175104169,2789,5975792647658,224474,5970000000001,9,5970000051413,301,5970000024071,5979999989533,11.89
5980000000000,5990000000000,339899632,917345,338982287,5980000012297,5989999995281,ce98ab56a8667ef4,175145521,2971,5988936391072,225052,5980000000021,9,5980000019437,363,5980000012297,5989999995281,11.85
5990000000000,6000000000000,339883018,915032,338967986,5990000007581,5999999989561,7dc34e8bc32bee07,175154251,3019,5993473382572,223872,5990000000003,25,5990000065943,535,5990000007581,5999999989561,11.88
6000000000000,6010000000000,339850753,916570,338934183,6000000009383,6009999997039,80677ac34ce55533,175204949,2719,6005258926948,224275,6000000000023,9,6000000068197,305,6000000009383,6009999997039,11.87
6010000000000,6020000000000,339844257,917324,338926933,6010000016177,6019999975609,de07b0bedd040351,175216690,2689,6011602072204,225083,6010000000003,9,6010000005203,519,6010000016177,6019999975609,11.86
6020000000000,6030000000000,339825253,914741,338910512,6020000007953,6029999998559,893cc0af91054f88,175243357,2699,6027847324622,225139,6020000000039,9,6020000033947,789,6020000007953,6029999998559,11.88
6030000000000,6040000000000,339792334,912933,338879401,6030000048119,6039999991561,9607d949114b0af8,175302688,3049,6037999121272,224336,6030000000041,9,6030000127187,535,6030000048119,6039999991561,11.85
6040000000000,6050000000000,339793758,916448,338877310,6040000022599,6049999995437,e83483ae22977c0d,175310695,3019,6041415619012,224653,6040000000039,9,6040000123513,437,6040000022599,6049999995437,11.93
6050000000000,6060000000000,339769896,915230,338854666,6050000000861,6059999991679,ed5874e4d973b6c9,175367284,2729,6058638198638,223930,6050000000039,9,6050000114803,261,6050000000861,6059999991679,11.93
6060000000000,6070000000000,339754978,913122,338841856,6060000003931,6069999965443,bdf17242f1dd9b1f,175422614,2833,6064381499686,224325,6060000000059,9,6060000013013,295,6060000003931,6069999965443,11.94
6070000000000,6080000000000,339719839,913812,338806027,6070000003831,6079999998511,41ac6c5a2252bf07,175446184,2803,6071173610098,224953,6070000000019,9,6070000053499,321,6070000003831,6079999998511,11.94
6080000000000,6090000000000,339709020,914466,338794554,6080000002289,6089999998543,0023210d8f3df869,175479234,3119,6083185799984,223454,6080000000069,9,6080000049719,301,6080000002289,6089999998543,11.93
6090000000000,6100000000000,339680349,911906,338768443,6090000002173,6099999974293,1fdd4e5a995d5ca1,175477288,3079,6094957551688,223900,6090000000001,9,6090000007811,403,6090000002173,6099999974293,11.96
6100000000000,6110000000000,339665162,912857,338752305,6100000005409,6109999993271,31f9735ce6e4fa08,175525292,3079,6101808033208,224201,6100000000007,9,6100000059781,267,6100000005409,6109999993271,11.89
6110000000000,6120000000000,339650981,912533,338738448,6110000022461,6119999998429,7f85b7becf534960,175558400,2731,6112829516512,224028,6110000000033,9,6110000038171,497,6110000022461,6119999998429,11.87
6120000000000,6130000000000,339642257,911604,338730653,6120000010871,6129999990661,b19fbe1e71c05883,175621144,3259,6123586227628,224157,6120000000041,9,6120000029503,261,6120000010871,6129999990661,11.88
6140000000000,6150000000000,339605201,911453,338693748,6140000009183,6149999991077,1f3315d73e07cf04,175648729,2749,6149966960782,223863,6140000000021,9,6140000002351,483,6140000009183,6149999991077,11.88
6130000000000,6140000000000,339626091,910891,338715200,6130000017077,6139999987361,7cf3b44a9d06aa30,175580812,3373,6139251741646,224392,6130000000001,9,6130000031503,291,6130000017077,6139999987361,11.91
6150000000000,6160000000000,339583911,911374,338672537,6150000017149,6159999994081,4f5b559af9a6e66d,175651119,2927,6152821465304,224397,6150000000007,9,6150000043007,325,6150000017149,6159999994081,11.90
6160000000000,6170000000000,339554443,911416,338643027,6160000015553,6169999983253,d88b2feb9fd1d883,175768909,2953,6165899529778,224933,6160000000067,9,6160000000703,265,6160000015553,6169999983253,12.05
6170000000000,6180000000000,339537158,908979,338628179,6170000013899,6179999997967,3ee1ffc9dae89482,175723748,2753,6171937747826,224187,6170000000029,9,6170000045393,301,6170000013899,6179999997967,12.06
6180000000000,6190000000000,339514861,909253,338605608,6180000002809,6189999997553,e51b067a0bb6f95e,175845075,2843,6188536630664,223713,6180000000017,9,6180000101837,295,6180000002809,6189999997553,12.04
6200000000000,6210000000000,339494353,909838,338584515,6200000005261,6209999983367,2e07bfd4de59944d,175856896,2791,6206034314632,223660,6200000000099,9,6200000035003,267,6200000005261,6209999983367,11.86
6190000000000,6200000000000,339510713,909194,338601519,6190000023061,6199999994963,04d3ef64b64e9147,175812781,2861,6193009978412,223695,6190000000117,9,6190000006583,259,6190000023061,6199999994963,11.87
6210000000000,6220000000000,339460717,911454,338549263,6210000011543,6219999992501,4d011870a36ac92f,175939542,2803,6218442063766,222420,6210000000019,9,6210000090199,453,6210000011543,6219999992501,11.85
6220000000000,6230000000000,339430962,907630,338523332,6220000001359,6229999999511,05bc33e31fce7c4d,175959632,3557,6223442447342,222535,6220000000001,9,6220000111981,363,6220000001359,6229999999511,11.86
6230000000000,6240000000000,339437727,909406,338528321,6230000029831,6239999991821,3f512285d5cb1b99,175914564,3001,6230427165232,223867,6230000000069,9,6230000044823,301,6230000029831,6239999991821,11.86
6240000000000,6250000000000,339415113,906448,338508665,6240000002311,6249999993301,e4e23e0a14b757f3,175987320,3313,6243030395806,223551,6240000000023,9,6240000042319,395,6240000002311,6249999993301,11.85
6250000000000,6260000000000,339404735,906280,338498455,6250000011193,6259999978097,56352646a37e2d81,176069719,2803,6255033762946,223303,6250000000033,9,6250000064003,369,6250000011193,6259999978097,11.92
6260000000000,6270000000000,339374784,906856,338467928,6260000017433,6269999994463,9cecff052953749d,176024639,2927,6268381755626,223749,6260000000011,9,6260000018561,265,6260000017433,6269999994463,11.92
6270000000000,6280000000000,339343237,906463,338436774,6270000010181,6279999997499,e54f4ba1c6bd67c4,176099964,3079,6270160147684,224440,6270000000031,9,6270000023059,261,6270000010181,6279999997499,11.94
6280000000000,6290000000000,339341605,906259,338435346,6280000004297,6289999999513,944ac7068d3693d0,176107909,2903,6289683639788,223080,6280000000013,9,6280000002083,301,6280000004297,6289999999513,12.08
6290000000000,6300000000000,339341030,908007,338433023,6290000002607,6299999999261,74403aa40623e708,176098349,3049,6297436748248,223435,6290000000029,9,6290000004991,305,6290000002607,6299999999261,12.06
6300000000000,6310000000000,339301185,907673,338393512,6300000020291,6309999999929,764ded162943aba0,176163519,2791,6301488111238,223642,6300000000013,9,6300000063143,345,6300000020291,6309999999929,12.05
6310000000000,6320000000000,339282981,903765,338379216,6310000011461,6319999984013,0d1014f6336099ea,176163469,3019,6319030954534,224342,6310000000033,9,6310000023953,595,6310000011461,6319999984013,11.91
6320000000000,6330000000000,339254156,902682,338351474,6320000033311,6329999993539,5ee2074551ea2f93,176283500,2711,6328391374502,223375,6320000000021,9,6320000112403,261,6320000033311,6329999993539,11.92
6330000000000,6340000000000,339240018,905932,338334086,6330000001141,6339999981481,ecaa5f61a74b082b,176285523,3037,6334907414314,222571,6330000000019,9,6330000030413,301,6330000001141,6339999981481,11.91
6340000000000,6350000000000,339222945,904782,338318163,6340000000673,6349999962589,4f260954c7dcc50d,176302308,3001,6345142378048,224091,6340000000057,9,6340000228337,445,6340000000673,6349999962589,11.97
6350000000000,6360000000000,339202127,905169,338296958,6350000007289,6359999991551,f54f3945efbe78b6,176357838,2741,6358730266652,223273,6350000000017,9,6350000031313,287,6350000007289,6359999991551,11.97
6360000000000,6370000000000,339179719,906580,338273139,6360000028279,6369999978523,01cc1202295919e5,176375687,2777,6366352385312,223765,6360000000001,27,6360000009973,635,6360000028279,6369999978523,11.99
6370000000000,6380000000000,339188904,901046,338287858,6370000005643,6379999957651,1f79058b0c17a419,176396436,2617,6376514980786,222970,6370000000003,9,6370000047977,445,6370000005643,6379999957651,11.93
6380000000000,6390000000000,339167129,904453,338262676,6380000006591,6389999990267,ecd71e252d00c306,176417944,2861,6386039054762,222468,6380000000047,9,6380000071517,469,6380000006591,6389999990267,11.94
6390000000000,6400000000000,339132192,903491,338228701,6390000000173,6399999976907,09485a0b41d06ba0,176452988,3001,6393859662622,221673,6390000000053,9,6390000082681,267,6390000000173,6399999976907,11.95
6400000000000,6410000000000,339120644,901211,338219433,6400000003699,6409999990399,fd631ffab3497a98,176469552,3343,6408814744924,222952,6400000000081,9,6400000075879,273,6400000003699,6409999990399,11.96
6410000000000,6420000000000,339104573,903026,338201547,6410000006233,6419999968931,9073e61fb255356f,176503881,2797,6419052530392,222642,6410000000003,25,6410000037179,325,6410000006233,6419999968931,11.97
6420000000000,6430000000000,339092418,901912,338190506,6420000011441,6429999985547,dde0463f4f312ca7,176515147,3049,6426871733728,223105,6420000000049,9,6420000125977,261,6420000011441,6429999985547,11.96
6430000000000,6440000000000,339060971,901234,338159737,6430000000847,6439999985779,d87c5f56af7148f3,176590718,3001,6437358983632,223685,6430000000019,9,6430000050631,363,6430000000847,6439999985779,12.03
6440000000000,6450000000000,339060159,901638,338158521,6440000013787,6449999993279,621a9c78b00deccb,176623361,2927,6442479450356,223332,6440000000033,9,6440000025133,261,6440000013787,6449999993279,12.07
6450000000000,6460000000000,339033166,903661,338129505,6450000003199,6459999997771,4fe8f6c16b1639e8,176648115,3067,6453854312134,222675,6450000000029,9,6450000069917,265,6450000003199,6459999997771,12.04
6460000000000,6470000000000,339016030,901993,338114037,6460000006091,6469999992199,dc86e1bd859fbab0,176684113,3169,6465563992432,222213,6460000000049,9,6460000017077,531,6460000006091,6469999992199,11.93
6470000000000,6480000000000,338994818,902569,338092249,6470000001533,6479999993303,9185a67da4cb25de,176719889,3089,6471304818752,223429,6470000000003,9,6470000041333,329,6470000001533,6479999993303,11.92
6480000000000,6490000000000,338975670,900516,338075154,6480000006323,6489999974149,5d72424d6ebcf07d,176712862,2789,6480626551478,222109,6480000000011,9,6480000129641,333,6480000006323,6489999974149,11.92
6490000000000,6500000000000,338966210,900962,338065248,6490000014763,6499999978949,2dff45e4128157f1,176741156,2833,6490825087408,223106,6490000000027,9,6490000006123,455,6490000014763,6499999978949,11.92
6500000000000,6510000000000,338946229,901422,338044807,6500000029051,6509999996597,54febc4c50dc9c9f,176737951,3109,6504459331312,223310,6500000000023,9,6500000002669,513,6500000029051,6509999996597,11.92
6510000000000,6520000000000,338928037,901005,338027032,6510000010543,6519999996481,9a1e8fe91f2df826,176852726,2801,6519217976378,222712,6510000000013,9,6510000005573,451,6510000010543,6519999996481,11.92
6520000000000,6530000000000,338903312,900130,338003182,6520000005587,6529999987813,6b145c8b732aa81b,176844317,3163,6529779764776,222383,6520000000081,9,6520000024753,651,6520000005587,6529999987813,11.98
6530000000000,6540000000000,338894603,899746,337994857,6530000001383,6539999987953,eb48e1965f288583,176892966,3049,6536146731118,223202,6530000000033,9,6530000028679,447,6530000001383,6539999987953,11.98
6540000000000,6550000000000,338874132,899280,337974852,6540000058367,6549999943943,2914d44e185a2b85,176887626,2833,6546710759098,223399,6540000000013,9,6540000061187,361,6540000058367,6549999943943,11.99
6550000000000,6560000000000,338833698,898960,337934738,6550000006247,6559999985933,d4edeef231b5651d,177000147,2953,6556334833018,222762,6550000000051,9,6550000209721,267,6550000006247,6559999985933,11.94
6560000000000,6570000000000,338840888,898241,337942647,6560000026067,6569999997571,6c0aed14358f7cf2,176987279,2971,6568457238136,222326,6560000000033,9,6560000026061,415,6560000026067,6569999997571,11.93
6570000000000,6580000000000,338820538,898103,337922435,6570000041923,6579999996631,7749614cfe2854e2,176945921,3067,6578381708512,222662,6570000000007,9,6570000017521,275,6570000041923,6579999996631,11.95
6580000000000,6590000000000,338799844,896400,337903444,6580000003363,6589999982089,533afc94df6f3475,176987380,3607,6583351793224,222510,6580000000009,9,6580000035913,287,6580000003363,6589999982089,11.92
6590000000000,6600000000000,338799412,897624,337901788,6590000031383,6599999971573,f9d9d291d5d04623,177031366,2803,6591593645734,222764,6590000000011,9,6590000138419,267,6590000031383,6599999971573,11.94
6600000000000,6610000000000,338771209,895630,337875579,6600000042809,6609999947183,38128220ea646aa3,177056227,3001,6602388934348,222436,6600000000001,9,6600000052381,287,6600000042809,6609999947183,11.92
6610000000000,6620000000000,338743013,899063,337843950,6610000026361,6619999998389,e0d4929b775a6f6a,177160040,3109,6611168210638,223172,6610000000001,9,6610000251223,455,6610000026361,6619999998389,11.99
6620000000000,6630000000000,338720896,898698,337822198,6620000000491,6629999966881,c2acf279a82c501d,177184833,3037,6626146594762,223053,6620000000063,9,6620000009177,535,6620000000491,6629999966881,12.03
6630000000000,6640000000000,338715867,897576,337818291,6630000010691,6639999992629,9bfb170fe922f52d,177156641,2713,6631678633444,221283,6630000000073,9,6630000007093,321,6630000010691,6639999992629,12.06
6640000000000,6650000000000,338712682,895990,337816692,6640000003073,6649999960213,c118d3ddf60e0399,177175209,2927,6640834884692,221612,6640000000027,9,6640000045741,429,6640000003073,6649999960213,12.12
6650000000000,6660000000000,338685207,895273,337789934,6650000016601,6659999995381,5689706a73b12b5e,177229597,2837,6657156118952,221630,6650000000011,9,6650000033863,261,6650000016601,6659999995381,12.08
6660000000000,6670000000000,338648884,893318,337755566,6660000016981,6669999994271,09ab56699ec459c1,177338088,3331,6667957983178,221523,6660000000001,9,6660000014959,341,6660000016981,6669999994271,12.13
6670000000000,6680000000000,338638992,894231,337744761,6670000004251,6679999999451,840ea3d28d8005bc,177301109,2927,6672598081682,221052,6670000000021,9,6670000014109,395,6670000004251,6679999999451,11.98
6680000000000,6690000000000,338631943,895484,337736459,6680000005501,6689999989031,db13092eba50f77f,177326810,3019,6687343188574,222847,6680000000021,9,6680000132803,261,6680000005501,6689999989031,12.01
6690000000000,6700000000000,338615973,893766,337722207,6690000041617,6699999978197,f482a821c01c9a8b,177361326,3037,6691950159022,222009,6690000000071,9,6690000047999,405,6690000041617,6699999978197,12.01
6700000000000,6710000000000,338605367,893955,337711412,6700000000787,6709999997887,6822a3cb6aa568da,177361746,3019,6706935304912,221806,6700000000013,9,6700000034621,319,6700000000787,6709999997887,11.97
6710000000000,6720000000000,338570682,894298,337676384,6710000011151,6719999996921,aa617d02749d4dbf,177488493,3001,6718785516532,221567,6710000000017,9,6710000061229,267,6710000011151,6719999996921,11.99
6720000000000,6730000000000,338554355,892583,337661772,6720000014027,6729999984581,33f74d804c670484,177424698,3181,6729043479118,222892,6720000000011,9,6720000109729,261,6720000014027,6729999984581,11.97
6730000000000,6740000000000,338546289,894298,337651991,6730000005691,6739999998451,ba55399b0118454b,177502691,2789,6737329728254,221828,6730000000013,9,6730000127567,343,6730000005691,6739999998451,12.01
6740000000000,6750000000000,338517982,892077,337625905,6740000007931,6749999989427,276b95ab4a932924,177528253,2953,6741409125838,221271,6740000000059,9,6740000106481,303,6740000007931,6749999989427,12.02
6750000000000,6760000000000,338510809,892580,337618229,6750000008447,6759999947867,14813397ddf7d4f7,177500208,3359,6754591222802,221907,6750000000011,9,6750000005041,267,6750000008447,6759999947867,12.01
6760000000000,6770000000000,338499927,892126,337607801,6760000005617,6769999986791,aa6a3f58a6c4be67,177558620,2887,6764921009542,222876,6760000000003,9,6760000015793,565,6760000005617,6769999986791,11.92
6770000000000,6780000000000,338474020,894511,337579509,6770000010919,6779999978203,0adfe8c56aba18f6,177585299,2803,6775055092186,222332,6770000000033,9,6770000003029,371,6770000010919,6779999978203,11.92
6780000000000,6790000000000,338458731,891928,337566803,6780000030953,6789999998711,e960322df1c12205,177625077,2857,6780097194784,220988,6780000000029,9,6780000123229,267,6780000030953,6789999998711,11.91
6790000000000,6800000000000,338445556,891748,337553808,6790000002889,6799999998203,1a4ab8e652c04a05,177678460,2887,6795925977982,221517,6790000000037,9,6790000014703,447,6790000002889,6799999998203,11.97
6800000000000,6810000000000,338407160,889997,337517163,6800000001671,6809999987053,bd5fb113704ca1f2,177775037,2833,6805778125306,221283,6800000000023,9,6800000022869,301,6800000001671,6809999987053,11.96
6810000000000,6820000000000,338413359,891280,337522079,6810000002593,6819999996833,31657ebec2382d91,177749081,2851,6814078844488,222339,6810000000017,9,6810000055723,497,6810000002593,6819999996833,11.96
6820000000000,6830000000000,338380444,890522,337489922,6820000036457,6829999989697,ff20bc4b18565eff,177785384,3607,6828679068352,221774,6820000000027,9,6820000007417,703,6820000036457,6829999989697,11.93
6830000000000,6840000000000,338371980,890609,337481371,6830000003231,6839999991313,5bd123fba9fd46e2,177792821,2971,6833005185382,221794,6830000000003,9,6830000017369,345,6830000003231,6839999991313,11.93
6840000000000,6850000000000,338356658,890258,337466400,6840000014423,6849999994843,5526d06fab4c6087,177812959,3271,6843390121618,221516,6840000000023,9,6840000062557,413,6840000014423,6849999994843,11.92
6850000000000,6860000000000,338344658,889380,337455278,6850000000189,6859999996021,75a37c4eb755e077,177827282,2953,6857759495968,220659,6850000000043,9,6850000044611,355,6850000000189,6859999996021,11.95
6860000000000,6870000000000,338337531,889189,337448342,6860000062231,6869999998723,4196e4f38e924186,177879638,3067,6862213534564,221413,6860000000027,9,6860000022541,657,6860000062231,6869999998723,11.95
6870000000000,6880000000000,338280282,887967,337392315,6870000003877,6879999946163,a63b2b3e75b05e1c,177954510,2659,6879702793672,220945,6870000000013,9,6870000005263,267,6870000003877,6879999946163,11.97
6880000000000,6890000000000,338288448,889467,337398981,6880000052671,6889999987489,f2611c7b20fe036a,177966507,2689,6884423769682,222007,6880000000031,9,6880000012817,585,6880000052671,6889999987489,11.94
6890000000000,6900000000000,338263519,887858,337375661,6890000015491,6899999992189,20378d444fdd9081,177976903,2917,6895839588622,222513,6890000000137,9,6890000054323,395,6890000015491,6899999992189,11.93
6900000000000,6910000000000,338261402,889861,337371541,6900000008521,6909999980603,a08e2e148f1dc42c,177981871,2909,6905756017598,221772,6900000000059,9,6900000049279,377,6900000008521,6909999980603,11.93
6910000000000,6920000000000,338251166,886731,337364435,6910000010191,6919999972433,8a50638219ba85ee,178023612,2963,6910061697776,222244,6910000000027,9,6910000020041,493,6910000010191,6919999972433,11.93
6920000000000,6930000000000,338214340,888817,337325523,6920000001361,6929999998769,d51443b283860e1e,178074908,2851,6929151777802,220835,6920000000003,9,6920000052827,621,6920000001361,6929999998769,11.92
6930000000000,6940000000000,338208727,887866,337320861,6930000002963,6939999996961,dd442ab3850bc64b,178119136,3079,6936812416804,221237,6930000000023,9,6930000001411,437,6930000002963,6939999996961,11.94
6940000000000,6950000000000,338202289,886639,337315650,6940000000861,6949999994363,b39ea96e51294d60,178111216,2749,6942017081338,222322,6940000000007,9,6940000040299,437,6940000000861,6949999994363,11.90
6950000000000,6960000000000,338180569,885676,337294893,6950000015513,6959999996531,2026972fdf66c425,178095704,2963,6957922199258,221765,6950000000029,9,6950000065441,519,6950000015513,6959999996531,11.94
6960000000000,6970000000000,338148557,886564,337261993,6960000011623,6969999979849,634f5f73032f0ce5,178147013,2851,6963275848948,220623,6960000000011,9,6960000107197,369,6960000011623,6969999979849,11.93
6970000000000,6980000000000,338132674,886381,337246293,6970000033279,6979999986907,508dc498391be382,178162234,3001,6976630881436,220985,6970000000057,9,6970000063471,437,6970000033279,6979999986907,11.93
6980000000000,6990000000000,338121550,886424,337235126,6980000006593,6989999990951,7e7dce10bed3eda9,178238716,3517,6982140131542,221625,6980000000021,9,6980000008171,387,6980000006593,6989999990951,11.92
6990000000000,7000000000000,338115882,888082,337227800,6990000009373,6999999991561,0a80b05cb97c7f79,178260136,2833,6994967590876,221063,6990000000007,9,6990000049061,403,6990000009373,6999999991561,11.92
7000000000000,7010000000000,338096891,884819,337212072,7000000014211,7009999996877,5a43845b914e86a0,178253167,2897,7007273332064,221031,7000000000009,9,7000000019449,321,7000000014211,7009999996877,12.10
7010000000000,7020000000000,338078404,883250,337195154,7010000002549,7019999997139,eb0ab776ea7d2309,178281541,2851,7012666394926,220944,7010000000093,9,7010000131663,527,7010000002549,7019999997139,12.11
7020000000000,7030000000000,338061638,885107,337176531,7020000005131,7029999968009,dc2cd4161ac93bac,178319754,3217,7020245575396,221043,7020000000019,9,7020000043759,891,7020000005131,7029999968009,12.07
7030000000000,7040000000000,338042487,882591,337159896,7030000003513,7039999985101,c2054f614ea14746,178356845,3049,7034627262688,220798,7030000000013,9,7030000012831,395,7030000003513,7039999985101,12.12
7040000000000,7050000000000,338031770,882470,337149300,7040000011243,7049999996807,7e33b1838f39e741,178356596,2767,7042251066442,221558,7040000000017,9,7040000011153,261,7040000011243,7049999996807,12.09
7050000000000,7060000000000,338015220,885485,337129735,7050000003257,7059999994639,01caad8d71eabf8a,178419634,2677,7051920204712,220265,7050000000007,9,7050000031051,413,7050000003257,7059999994639,12.12
7060000000000,7070000000000,338002851,883051,337119800,7060000024223,7069999978201,fec91f428bd1cc0e,178396322,2887,7062936038782,221694,7060000000013,9,7060000006331,319,7060000024223,7069999978201,11.89
7070000000000,7080000000000,337978149,882546,337095603,7070000014621,7079999995493,2f1f96a7ac58c009,178461686,2731,7070744068756,220868,7070000000023,9,7070000014603,335,7070000014621,7079999995493,11.90
7080000000000,7090000000000,337955576,884604,337070972,7080000001241,7089999986143,355cbdf82de759f1,178493221,3109,7089280808872,221730,7080000000043,9,7080000012979,515,7080000001241,7089999986143,11.91
7090000000000,7100000000000,337964792,881828,337082964,7090000003967,7099999979731,a73e4661ddc7b919,178503226,2729,7097299753604,220322,7090000000043,9,7090000024279,267,7090000003967,7099999979731,11.92
7100000000000,7110000000000,337922292,882887,337039405,7100000016671,7109999996093,15090a046c379334,178639203,2833,7103486954794,221035,7100000000087,9,7100000013581,399,7100000016671,7109999996093,11.91
7110000000000,7120000000000,337919741,881860,337037881,7110000002101,7119999989197,b605f31dcbcf75f7,178584561,2879,7114328383688,220764,7110000000013,9,7110000193151,1003,7110000002101,7119999989197,11.92
7120000000000,7130000000000,337895182,880818,337014364,7120000019611,7129999989271,2281a7ca093ed3ed,178637289,3511,7123323820708,220779,7120000000019,9,7120000066037,345,7120000019611,7129999989271,11.90
7130000000000,7140000000000,337893421,881148,337012273,7130000003597,7139999993729,4f51dd8ac9c7c6e7,178634214,2711,7138343268752,220748,7130000000009,9,7130000034931,303,7130000003597,7139999993729,11.89
7140000000000,7150000000000,337870444,881196,336989248,7140000010877,7149999990643,1f2dbd22c220b5f3,178657474,3061,7147235252488,221369,7140000000011,9,7140000018973,321,7140000010877,7149999990643,11.91
7150000000000,7160000000000,337858502,881444,336977058,7150000005091,7159999966601,7046cb4901fd26c9,178697433,3169,7152399741028,221231,7150000000043,9,7150000015393,377,7150000005091,7159999966601,11.91
7160000000000,7170000000000,337833441,881368,336952073,7160000017673,7169999996527,3f1bfa06169d4405,178773779,2953,7165521005908,221091,7160000000053,9,7160000026723,261,7160000017673,7169999996527,11.91
7170000000000,7180000000000,337817350,880145,336937205,7170000026017,7179999997351,216edb82baa6628c,178755601,2939,7174554708512,220258,7170000000001,27,7170000058007,343,7170000026017,7179999997351,11.90
7180000000000,7190000000000,337796783,879117,336917666,7180000022501,7189999997057,43dfc8a1a1880db0,178791619,2729,7184819396792,220704,7180000000021,9,7180000023871,267,7180000022501,7189999997057,11.91
7190000000000,7200000000000,337791340,878904,336912436,7190000010253,7199999986483,d1f4efbe1c3f83b7,178824973,2851,7198242304816,220880,7190000000011,9,7190000013953,345,7190000010253,7199999986483,11.90
7200000000000,7210000000000,337772824,880383,336892441,7200000000317,7209999980567,7dee30d5c45e4dce,178874570,2851,7205460322348,219663,7200000000019,9,7200000008041,377,7200000000317,7209999980567,11.91
7210000000000,7220000000000,337757386,879064,336878322,7210000000069,7219999974071,3c071a33e357725f,178868983,2857,7215081414952,221395,7210000000001,9,7210000026643,267,7210000000069,7219999974071,11.91
7220000000000,7230000000000,337743577,880033,336863544,7220000020633,7229999986271,e0af6e8c16887c5c,178901835,2887,7228397151076,219357,7220000000009,9,7220000050451,289,7220000020633,7229999986271,11.91
7230000000000,7240000000000,337720193,878366,336841827,7230000003439,7239999978193,1057f170ba1dfc07,178926012,2857,7230278462074,219660,7230000000007,9,7230000075713,301,7230000003439,7239999978193,11.91
7240000000000,7250000000000,337713319,879132,336834187,7240000004683,7249999986413,7da7f3f9cfcac2cb,178933407,3253,7241024467528,220161,7240000000067,9,7240000006963,303,7240000004683,7249999986413,11.92
7250000000000,7260000000000,337687851,878872,336808979,7250000000393,7259999973451,0feba2e9fc2e74a7,178990182,2837,7255819173422,220292,7250000000027,9,7250000029399,321,7250000000393,7259999973451,11.91
7260000000000,7270000000000,337674889,876302,336798587,7260000005051,7269999923387,605a5e96c01b7c49,178980974,2719,7265684623564,221483,7260000000007,9,7260000032641,303,7260000005051,7269999923387,11.89
7270000000000,7280000000000,337650032,876583,336773449,7270000014803,7279999992721,39d848697ba2d558,179066262,2851,7272459776068,220795,7270000000007,9,7270000102153,329,7270000014803,7279999992721,11.90
7280000000000,7290000000000,337647927,876048,336771879,7280000026381,7289999989967,71ccb962bbb18e33,179080453,2797,7289801779822,219846,7280000000101,9,7280000020127,327,7280000026381,7289999989967,11.91
7290000000000,7300000000000,337622298,875933,336746365,7290000006521,7299999972833,501d69839ccc0de0,179135115,2851,7292752549798,220381,7290000000029,9,7290000019739,265,7290000006521,7299999972833,11.92
7300000000000,7310000000000,337623570,877478,336746092,7300000000663,7309999995161,54111debbc422231,179107358,3049,7301581595338,219657,7300000000003,9,7300000076713,1395,7300000000663,7309999995161,11.98
7310000000000,7320000000000,337591309,875452,336715857,7310000001229,7319999987569,ff74a04b3f41610d,179139404,2909,7310978840078,219623,7310000000081,9,7310000081411,427,7310000001229,7319999987569,11.98
7320000000000,7330000000000,337579639,874242,336705397,7320000035869,7329999958013,d8e1d7ec96b6f2d3,179168300,3217,7325466302386,219695,7320000000013,9,7320000040667,291,7320000035869,7329999958013,11.99
7340000000000,7350000000000,337551548,876062,336675486,7340000009059,7349999999203,067c752ea426f123,179190092,3019,7344472608664,220392,7340000000093,9,7340000011307,345,7340000009059,7349999999203,11.94
7330000000000,7340000000000,337557900,876929,336680971,7330000029953,7339999997927,1bc7f8ee014a5e0c,179240752,2557,7331137287454,221702,7330000000003,9,7330000004753,679,7330000029953,7339999997927,11.95
7350000000000,7360000000000,337531751,875120,336656631,7350000009181,7359999980387,c0794f0e9eae7089,179308756,2713,7350498832048,219953,7350000000017,9,7350000047777,327,7350000009181,7359999980387,11.94
7370000000000,7380000000000,337501902,875898,336626004,7370000003633,7379999979103,1f3151cbeca26603,179353704,2803,7375714763146,219281,7370000000003,9,7370000008183,515,7370000003633,7379999979103,12.05
7360000000000,7370000000000,337507953,875543,336632410,7360000001533,7369999955053,35b3690bbbc70740,179314673,2699,7363595979962,219691,7360000000027,9,7360000001513,459,7360000001533,7369999955053,12.07
7380000000000,7390000000000,337494255,873609,336620646,7380000011479,7389999989513,2857b54ebffe7758,179343745,2801,7387402411562,219574,7380000000029,9,7380000072589,327,7380000011479,7389999989513,12.04
7390000000000,7400000000000,337480394,875543,336604851,7390000001873,7399999991723,81f8ef0a5da10b5e,179355847,2833,7398302405548,221069,7390000000007,9,7390000102363,261,7390000001873,7399999991723,11.92
7400000000000,7410000000000,337465467,873972,336591495,7400000008249,7409999994647,e13e4bf9fd55a287,179317056,3181,7406085592498,220724,7400000000011,9,7400000056283,565,7400000008249,7409999994647,11.94
7410000000000,7420000000000,337452275,873580,336578695,7410000002233,7419999984641,9a425b42fc76ec87,179419516,2797,7412697679942,220744,7410000000037,9,7410000015283,261,7410000002233,7419999984641,11.96
7420000000000,7430000000000,337427236,873957,336553279,7420000000877,7429999996907,a01e4cbc8e19e30a,179445771,3037,7429336810762,220181,7420000000117,9,7420000017761,385,7420000000877,7429999996907,11.97
7430000000000,7440000000000,337413079,872985,336540094,7430000002043,7439999995081,d60787f6c41eb892,179465780,2857,7437607083826,220421,7430000000011,9,7430000037311,529,7430000002043,7439999995081,12.00
7440000000000,7450000000000,337389944,872978,336516966,7440000006799,7449999984461,c78807b5f8ee5d8d,179493080,2969,7442445371942,219141,7440000000019,9,7440000041417,795,7440000006799,7449999984461,12.01
7450000000000,7460000000000,337380470,872579,336507891,7450000020571,7459999999877,b673e200bb3206e4,179568948,2801,7459833608588,220172,7450000000007,9,7450000019057,265,7450000020571,7459999999877,11.93
7460000000000,7470000000000,337370003,873044,336496959,7460000035531,7469999999783,f3faa7343c58b359,179546435,3319,7466213678824,219809,7460000000009,9,7460000005279,471,7460000035531,7469999999783,11.90
7470000000000,7480000000000,337357062,870498,336486564,7470000019061,7479999999347,5076d59df684ca13,179576429,3391,7476414778318,218879,7470000000107,9,7470000041929,267,7470000019061,7479999999347,11.92
7480000000000,7490000000000,337340555,870488,336470067,7480000003843,7489999990279,8364d9c8d6f84075,179626031,3271,7488275583562,219724,7480000000021,9,7480000018217,319,7480000003843,7489999990279,11.93
7490000000000,7500000000000,337319529,873005,336446524,7490000000017,7499999999281,d72487e537faddb8,179637405,3187,7490335836862,219752,7490000000003,9,7490000080601,399,7490000000017,7499999999281,11.96
7500000000000,7510000000000,337307883,871427,336436456,7500000014161,7509999965051,6298473241058e54,179694083,2857,7506540396184,220089,7500000000023,9,7500000016813,975,7500000014161,7509999965051,11.94
7510000000000,7520000000000,337295858,870866,336424992,7510000009487,7519999993771,d24b7a6bb1c7cccb,179648187,3331,7511480262898,218923,7510000000033,9,7510000040363,385,7510000009487,7519999993771,11.90
7520000000000,7530000000000,337281773,871823,336409950,7520000003657,7529999987593,a1fbc57bce2e5e90,179720805,3109,7522591114048,218331,7520000000003,9,7520000044097,265,7520000003657,7529999987593,11.89
7530000000000,7540000000000,337250083,870659,336379424,7530000027883,7539999991261,77c782eefebd0042,179737547,3037,7535633674222,220163,7530000000013,9,7530000017021,309,7530000027883,7539999991261,11.91
7540000000000,7550000000000,337250704,869737,336380967,7540000003061,7549999990411,f0f3639d1af34706,179789513,3499,7542221973718,219787,7540000000007,9,7540000016099,801,7540000003061,7549999990411,11.90
7550000000000,7560000000000,337244663,869020,336375643,7550000004541,7559999996491,9ad24e85353b4d31,179774295,2939,7550256465854,219828,7550000000021,9,7550000079833,301,7550000004541,7559999996491,11.91
7560000000000,7570000000000,337214911,869528,336345383,7560000000881,7569999981493,9d09b7a3d25da621,179847688,3313,7569255855556,219164,7560000000013,9,7560000005563,429,7560000000881,7569999981493,11.91
7570000000000,7580000000000,337195999,868160,336327839,7570000020049,7579999998121,bfad09b39e234183,179815594,3019,7576742265424,220734,7570000000019,9,7570000003483,377,7570000020049,7579999998121,12.03
7580000000000,7590000000000,337183526,870791,336312735,7580000013221,7589999986339,2ea3130d95b4d2a6,179885335,3019,7585124432878,220071,7580000000003,9,7580000038001,289,7580000013221,7589999986339,12.05
7590000000000,7600000000000,337175337,869245,336306092,7590000001693,7599999967759,2d2ba77bc728ef0e,179905676,2917,7595159915272,218681,7590000000017,9,7590000012013,437,7590000001693,7599999967759,12.05
7600000000000,7610000000000,337145491,868483,336277008,7600000012051,7609999999939,2d0f6a1ec3650de0,179938740,3307,7603855662142,218431,7600000000039,9,7600000175903,297,7600000012051,7609999999939,11.89
7610000000000,7620000000000,337141441,868362,336273079,7610000002013,7619999981933,3b13d23b40e4d215,180002500,3461,7610057159966,219647,7610000000011,9,7610000045497,341,7610000002013,7619999981933,11.91
7620000000000,7630000000000,337122221,866767,336255454,7620000011389,7629999999541,c0f41e2a9182939c,180009427,3169,7623056201104,219088,7620000000031,9,7620000021301,357,7620000011389,7629999999541,11.89
7630000000000,7640000000000,337115612,868888,336246724,7630000000703,7639999977461,e44129df3b607e61,180003040,2731,7638472105318,219056,7630000000037,9,7630000008227,265,7630000000703,7639999977461,11.88
7640000000000,7650000000000,337083617,867466,336216151,7640000025313,7649999957141,12ed77237ff36dcf,180080714,3181,7649854747792,219560,7640000000047,9,7640000071343,345,7640000025313,7649999957141,11.89
7650000000000,7660000000000,337094524,867084,336227440,7650000003803,7659999997051,487a88bbc494d397,180036157,3121,7659183142888,219843,7650000000023,9,7650000009101,469,7650000003803,7659999997051,11.90
7660000000000,7670000000000,337067394,867483,336199911,7660000035641,7669999997461,6726578de2fc7598,180024978,2897,7667189349164,219446,7660000000019,9,7660000023961,323,7660000035641,7669999997461,12.00
7670000000000,7680000000000,337059248,866543,336192705,7670000007977,7679999967401,8cca70d55c8fbe92,180141934,2803,7679219783338,218821,7670000000021,9,7670000160301,405,7670000007977,7679999967401,12.01
7680000000000,7690000000000,337047461,866092,336181369,7680000009613,7689999988009,56d0bc95b2f6d8c9,180101823,3079,7680315840754,218796,7680000000019,9,7680000115009,267,7680000009613,7689999988009,12.02
7690000000000,7700000000000,337033156,867502,336165654,7690000029017,7699999995277,f34961c2d6883d71,180131171,3217,7692638976892,219021,7690000000063,9,7690000023473,451,7690000029017,7699999995277,11.97
7700000000000,7710000000000,337009256,864787,336144469,7700000003029,7709999990839,385d1da65ff9e00c,180186915,3049,7709217971842,218645,7700000000047,9,7700000217313,545,7700000003029,7709999990839,11.98
7710000000000,7720000000000,336981294,865640,336115654,7710000003241,7719999978533,5aace1b876a1a865,180218538,2711,7715432075882,218220,7710000000083,9,7710000022181,343,7710000003241,7719999978533,11.97
7720000000000,7730000000000,336977557,864567,336112990,7720000013027,7729999964723,61f4a99392a30722,180219770,2917,7723928222392,218677,7720000000001,9,7720000012541,529,7720000013027,7729999964723,12.05
7730000000000,7740000000000,336973347,865998,336107349,7730000011441,7739999997679,44d97550f2203599,180205628,2971,7731766468918,218990,7730000000011,9,7730000003753,309,7730000011441,7739999997679,12.03
7740000000000,7750000000000,336943988,865765,336078223,7740000005357,7749999964493,0f690cfaeb5d4d1a,180306056,3319,7744333807828,218889,7740000000017,9,7740000045529,435,7740000005357,7749999964493,12.05
7750000000000,7760000000000,336933210,862948,336070262,7750000012283,7759999968739,29d92cf7b0301ff3,180309492,3217,7756380868636,218667,7750000000027,9,7750000038901,483,7750000012283,7759999968739,11.95
7760000000000,7770000000000,336918579,862665,336055914,7760000020501,7769999991473,61c431b18e6f575a,180313994,3163,7763265840868,219050,7760000000009,9,7760000063833,261,7760000020501,7769999991473,11.95
7770000000000,7780000000000,336910021,864221,336045800,7770000018299,7779999992123,ec41b1a5326de14e,180344736,2897,7772725497974,217974,7770000000013,9,7770000045583,261,7770000018299,7779999992123,11.96
7780000000000,7790000000000,336882224,864903,336017321,7780000002667,7789999997261,bd41566cb0747eb6,180385221,3769,7783415330062,218961,7780000000021,9,7780000018877,319,7780000002667,7789999997261,11.99
7790000000000,7800000000000,336877932,864276,336013656,7790000017733,7799999998811,e6106413bcdef0bb,180451861,2851,7799128931092,219008,7790000000099,9,7790000001533,595,7790000017733,7799999998811,11.99
7800000000000,7810000000000,336874963,863506,336011457,7800000011899,7809999988433,c138cc5d5b714561,180425522,2969,7801536870362,219233,7800000000019,9,7800000010723,597,7800000011899,7809999988433,12.00
7810000000000,7820000000000,336845650,863327,335982323,7810000006877,7819999984879,018fd079dc790210,180468341,3319,7813462536472,219122,7810000000003,9,7810000093403,535,7810000006877,7819999984879,11.96
7820000000000,7830000000000,336835988,863654,335972334,7820000016553,7829999997223,c372ec6885792239,180521054,3067,7826035628254,218454,7820000000003,9,7820000121407,319,7820000016553,7829999997223,11.95
7830000000000,7840000000000,336813445,861917,335951528,7830000000523,7839999994283,66056dc0482592a2,180559313,3373,7830982775206,218984,7830000000001,9,7830000123383,451,7830000000523,7839999994283,11.99
7840000000000,7850000000000,336798663,861872,335936791,7840000015457,7849999971439,361ea5d1913e53b5,180577792,3181,7845903430318,218289,7840000000009,9,7840000003711,699,7840000015457,7849999971439,12.05
7850000000000,7860000000000,336800969,861461,335939508,7850000005849,7859999989693,aa8ed7480fb46814,180551449,3019,7853351496292,219146,7850000000027,9,7850000097871,323,7850000005849,7859999989693,12.02
7860000000000,7870000000000,336776865,861229,335915636,7860000028883,7869999958537,d202e5b228e2a0b0,180563352,3301,7863835640086,219121,7860000000019,9,7860000035813,381,7860000028883,7869999958537,12.04
7870000000000,7880000000000,336758188,861702,335896486,7870000001179,7879999999891,a5868970b0cd5253,180632796,2791,7877613300442,218444,7870000000003,9,7870000068187,399,7870000001179,7879999999891,11.93
7880000000000,7890000000000,336745280,861219,335884061,7880000015123,7889999993023,43ec3b9006cca876,180608684,2699,7888702589762,218026,7880000000011,9,7880000041283,345,7880000015123,7889999993023,11.89
7890000000000,7900000000000,336735157,861868,335873289,7890000014009,7899999991903,afce7d11a8ca2477,180680366,2851,7895118342658,218594,7890000000007,9,7890000045401,319,7890000014009,7899999991903,11.89
7900000000000,7910000000000,336708351,861011,335847340,7900000011623,7909999972453,79abcec97c6a5222,180717052,2939,7906224974498,218462,7900000000003,9,7900000048151,375,7900000011623,7909999972453,11.91
7910000000000,7920000000000,336715980,859590,335856390,7910000003641,7919999977951,f76d76a253467ccd,180675061,2731,7919961621472,218185,7910000000011,9,7910000214661,267,7910000003641,7919999977951,11.92
7920000000000,7930000000000,336679308,861153,335818155,7920000012317,7929999994337,8e8253e73065af38,180753605,3061,7921806813952,218343,7920000000019,9,7920000035933,427,7920000012317,7929999994337,11.90
7930000000000,7940000000000,336672143,860688,335811455,7930000021051,7939999989227,82ea981675ab29b1,180735254,2699,7933402656968,217968,7930000000019,9,7930000005761,265,7930000021051,7939999989227,11.89
7940000000000,7950000000000,336651087,859150,335791937,7940000015621,7949999988173,aa58509c8d98743b,180812604,2861,7940722226606,219217,7940000000059,9,7940000049767,381,7940000015621,7949999988173,11.88
7950000000000,7960000000000,336644732,860965,335783767,7950000018277,7959999964753,99c0dcc0fd2b7d12,180831027,2749,7955108558974,217887,7950000000001,9,7950000059251,297,7950000018277,7959999964753,11.91
7960000000000,7970000000000,336640787,859752,335781035,7960000011101,7969999998241,1144dcfc4bc029e3,180860194,2729,7969507778732,217971,7960000000033,9,7960000049083,261,7960000011101,7969999998241,11.90
7970000000000,7980000000000,336627586,860571,335767015,7970000003753,7979999974699,66b90c744d559284,180834757,3109,7979716905568,218000,7970000000069,9,7970000054923,917,7970000003753,7979999974699,11.90
7980000000000,7990000000000,336597286,861834,335735452,7980000018631,7989999993347,06bf8629afc32973,180895835,2749,7982656563598,218512,7980000000013,9,7980000154859,387,7980000018631,7989999993347,11.90
7990000000000,8000000000000,336588858,860018,335728840,7990000008373,7999999998563,f2753c2ab8ec1447,180889019,3433,7992901765318,217873,7990000000009,9,7990000024081,297,7990000008373,7999999998563,11.89
8000000000000,8010000000000,336573816,859216,335714600,8000000000791,8009999981843,ea3d720e2b276ca7,180977232,3121,8000524050202,218404,8000000000009,9,8000000008813,261,8000000000791,8009999981843,11.89
8010000000000,8020000000000,336563171,858509,335704662,8010000002687,8019999974387,073a6f36defe96aa,181004285,3037,8017904736172,218295,8010000000017,9,8010000004081,393,8010000002687,8019999974387,11.89
8020000000000,8030000000000,336549518,859743,335689775,8020000020983,8029999988641,651a6e934fff2758,181026904,3253,8027403439648,218416,8020000000043,9,8020000165253,595,8020000020983,8029999988641,11.88
8030000000000,8040000000000,336525239,857764,335667475,8030000000989,8039999986961,2c5a3d8d90d6c261,181025195,2897,8036507929154,218852,8030000000051,9,8030000260307,259,8030000000989,8039999986961,11.88
8040000000000,8050000000000,336526629,859374,335667255,8040000003907,8049999986549,8c109ac3b457251b,181028494,2833,8040826434808,217816,8040000000013,9,8040000045631,341,8040000003907,8049999986549,11.90
8050000000000,8060000000000,336498977,856526,335642451,8050000030577,8059999968877,9e29d1717786796b,181097614,2957,8054109534206,218065,8050000000027,9,8050000116581,333,8050000030577,8059999968877,11.91
8060000000000,8070000000000,336482660,857817,335624843,8060000024303,8069999996209,dfb5b205bdfdc8fa,181130334,2953,8069063839888,218444,8060000000069,9,8060000002361,399,8060000024303,8069999996209,11.88
8070000000000,8080000000000,336475365,857542,335617823,8070000010993,8079999974213,eff22dad796bfb47,181102784,2797,8076214187332,217972,8070000000017,9,8070000034913,295,8070000010993,8079999974213,11.92
8080000000000,8090000000000,336465870,856683,335609187,8080000008961,8089999985069,496fa0405be4a8e0,181160084,3119,8088857060654,219014,8080000000001,9,8080000009379,391,8080000008961,8089999985069,11.92
8090000000000,8100000000000,336439605,857310,335582295,8090000011283,8099999998879,72f4927b9bf82663,181214959,2791,8096721206272,218373,8090000000029,9,8090000109187,303,8090000011283,8099999998879,11.88
8100000000000,8110000000000,336437937,856265,335581672,8100000008231,8109999984257,9f89c943da0951cc,181227840,2803,8105162487766,218592,8100000000013,9,8100000107387,369,8100000008231,8109999984257,11.91
8110000000000,8120000000000,336427833,857014,335570819,8110000023971,8119999966159,7305266a23f7718d,181238548,2833,8116042436176,218520,8110000000079,9,8110000053811,303,8110000023971,8119999966159,11.89
8120000000000,8130000000000,336399718,856040,335543678,8120000001593,8129999995081,bbcd13a17ea2a071,181279296,2677,8122421035336,217451,8120000000023,9,8120000019433,527,8120000001593,8129999995081,11.91
8130000000000,8140000000000,336398480,854647,335543833,8130000003973,8139999991681,81bf227f3d4c6088,181265554,2819,8131884977702,218074,8130000000013,9,8130000002363,259,8130000003973,8139999991681,11.89
8150000000000,8160000000000,336361515,852539,335508976,8150000000459,8159999968459,9c566cfb618feea6,181333743,2803,8152411056718,217299,8150000000063,9,8150000006791,299,8150000000459,8159999968459,11.90
8140000000000,8150000000000,336379733,853835,335525898,8140000002461,8149999999159,e1fa601f251cb990,181251163,3319,8145156563938,218471,8140000000039,9,8140000152983,259,8140000002461,8149999999159,11.93
8160000000000,8170000000000,336347871,853066,335494805,8160000011173,8169999999911,caa559fcf8f7d36b,181373118,2753,8169962821616,217993,8160000000011,9,8160000034273,531,8160000011173,8169999999911,11.95
8170000000000,8180000000000,336322791,853661,335469130,8170000054927,8179999995059,8e1735c229eea6e0,181428051,3109,8176989345988,217004,8170000000021,9,8170000233679,611,8170000054927,8179999995059,11.94
8180000000000,8190000000000,336319005,853761,335465244,8180000008801,8189999983643,77670e961cbafc0a,181413071,3023,8184159874256,217927,8180000000027,9,8180000005321,267,8180000008801,8189999983643,11.94
8190000000000,8200000000000,336314950,852561,335462389,8190000003589,8199999979427,eaa0620f59d2aee8,181446290,2917,8198112457672,217892,8190000000019,9,8190000012877,273,8190000003589,8199999979427,11.95
8200000000000,8210000000000,336290727,854352,335436375,8200000013839,8209999998803,f440e114e150a6fd,181461126,2797,8208049753336,216937,8200000000019,9,8200000003763,325,8200000013839,8209999998803,11.93
8210000000000,8220000000000,336275702,855582,335420120,8210000018993,8219999983337,ac48db79c3dc24c1,181469865,3511,8211703554238,217531,8210000000003,9,8210000184563,645,8210000018993,8219999983337,11.93
8220000000000,8230000000000,336258522,853583,335404939,8220000031561,8229999986071,586a74a55fa8fc74,181531692,3011,8224978052246,217428,8220000000011,9,8220000005297,265,8220000031561,8229999986071,11.94
8230000000000,8240000000000,336260563,854752,335405811,8230000001107,8239999995893,ddcadf6650bfddc7,181515264,3163,8234331424828,217936,8230000000049,9,8230000223579,375,8230000001107,8239999995893,11.91
8240000000000,8250000000000,336238382,852831,335385551,8240000014427,8249999997121,9e1278986b4b46b0,181566221,2843,8244112281494,217919,8240000000021,9,8240000030959,287,8240000014427,8249999997121,11.93
8250000000000,8260000000000,336227878,852107,335375771,8250000008911,8259999998543,3a831b51b66d9a5e,181629008,2803,8256445656016,216874,8250000000041,9,8250000116089,327,8250000008911,8259999998543,11.91
8260000000000,8270000000000,336202874,852944,335349930,8260000017967,8269999980499,88552738a222fcf3,181587981,2851,8264668322542,217058,8260000000013,9,8260000059739,321,8260000017967,8269999980499,11.91
8270000000000,8280000000000,336195447,851901,335343546,8270000017663,8279999989103,c72c9bad5505149c,181670243,2647,8278355871472,216255,8270000000027,9,8270000160841,323,8270000017663,8279999989103,11.92
8280000000000,8290000000000,336194394,852108,335342286,8280000000557,8289999973889,b7a8500a056f9429,181604765,3019,8283952885228,217165,8280000000001,9,8280000017719,473,8280000000557,8289999973889,11.92
8290000000000,8300000000000,336183302,853508,335329794,8290000039879,8299999971833,fabd58589f1e6841,181654261,3329,8298167672792,217508,8290000000031,9,8290000007671,485,8290000039879,8299999971833,11.91
8300000000000,8310000000000,336161391,850995,335310396,8300000002141,8309999996191,b465ad3083bb175a,181652771,3079,8300252231548,216416,8300000000027,9,8300000040863,327,8300000002141,8309999996191,11.92
8310000000000,8320000000000,336146829,852968,335293861,8310000015683,8319999999541,4c582429cc233c71,181713142,2797,8317914669406,216993,8310000000011,9,8310000009769,377,8310000015683,8319999999541,11.93
8320000000000,8330000000000,336128197,852428,335275769,8320000000471,8329999995523,858c418ea4a8e1a1,181776049,3229,8326483545832,217393,8320000000009,9,8320000086199,377,8320000000471,8329999995523,11.93
8330000000000,8340000000000,336116255,854274,335261981,8330000045119,8339999997893,a7ab3b8dcf15eca3,181762057,3061,8336808931156,216584,8330000000009,9,8330000045051,415,8330000045119,8339999997893,11.94
8340000000000,8350000000000,336102931,851595,335251336,8340000006601,8349999975679,d6d6642d2f9ae72a,181836129,2971,8347986626302,217707,8340000000001,9,8340000145441,291,8340000006601,8349999975679,11.92
8350000000000,8360000000000,336082249,850959,335231290,8350000022633,8359999981063,84d8360cb9a42492,181787613,2927,8356564761836,217024,8350000000033,9,8350000016929,531,8350000022633,8359999981063,11.92
8360000000000,8370000000000,336081614,852823,335228791,8360000007719,8369999994053,da0cc53934ba5a1c,181812768,2857,8365015953172,216618,8360000000047,9,8360000055409,501,8360000007719,8369999994053,11.94
8370000000000,8380000000000,336066685,851942,335214743,8370000009691,8379999993311,8b68366d4a40a29f,181861839,3121,8372497344682,218106,8370000000071,9,8370000038581,267,8370000009691,8379999993311,11.92
8380000000000,8390000000000,336051680,848192,335203488,8380000008521,8389999992293,28c8cffc4a047b1b,181912420,2837,8385647401982,217521,8380000000037,9,8380000031551,267,8380000008521,8389999992293,11.93
8390000000000,8400000000000,336052732,849621,335203111,8390000015497,8399999994851,fa39035de079b618,181878543,3491,8397693038666,217557,8390000000023,9,8390000073463,699,8390000015497,8399999994851,11.92
8400000000000,8410000000000,336012831,848606,335164225,8400000002371,8409999970487,899f6bfd2580b141,181964129,2791,8408829614062,217907,8400000000019,9,8400000009899,345,8400000002371,8409999970487,11.91
8410000000000,8420000000000,336001055,849419,335151636,8410000009321,8419999990027,b9b8241c4094d86c,181921592,3041,8418795623276,216220,8410000000013,9,8410000018003,429,8410000009321,8419999990027,11.93
8420000000000,8430000000000,336005587,847741,335157846,8420000000831,8429999974181,bad96dfa720935e2,181977607,2927,8423379040436,216794,8420000000051,9,8420000063051,715,8420000000831,8429999974181,11.92
8430000000000,8440000000000,335973390,848850,335124540,8430000001261,8439999996371,fa40888c3f55d341,182029769,2797,8437149268342,216902,8430000000011,9,8430000096073,275,8430000001261,8439999996371,11.92
8440000000000,8450000000000,335960267,848378,335111889,8440000001651,8449999984903,0f071220c3427dbd,182028349,2851,8448880715452,218424,8440000000001,9,8440000010489,301,8440000001651,8449999984903,11.94
8450000000000,8460000000000,335955036,846839,335108197,8450000029183,8459999998369,3bbc103383950186,182071447,2963,8454165745766,216849,8450000000003,9,8450000104541,529,8450000029183,8459999998369,11.92
8460000000000,8470000000000,335945626,847904,335097722,8460000010573,8469999993113,9880ab5d9344a395,182031673,2861,8469329275622,217011,8460000000061,9,8460000014497,377,8460000010573,8469999993113,11.95
8470000000000,8480000000000,335936215,847803,335088412,8470000006033,8479999988491,8c7e92a19247e988,182054078,3319,8472151815004,217129,8470000000001,9,8470000002703,537,8470000006033,8479999988491,11.92
8480000000000,8490000000000,335911055,847517,335063538,8480000004253,8489999992457,ae489935cca27e62,182208581,3221,8480132559452,217297,8480000000029,9,8480000010077,295,8480000004253,8489999992457,11.92
8490000000000,8500000000000,335913556,846997,335066559,8490000015529,8499999996647,3f0d4bd960203d88,182134253,3037,8496019265662,217982,8490000000047,9,8490000051047,435,8490000015529,8499999996647,11.95
8500000000000,8510000000000,335879005,847281,335031724,8500000024561,8509999994149,08e26ca0869149d0,182186545,2767,8509511993236,216988,8500000000001,9,8500000055203,597,8500000024561,8509999994149,11.95
8510000000000,8520000000000,335882571,846864,335035707,8510000006359,8519999968561,28b2d05d4af0accb,182184391,3169,8514366471862,216553,8510000000053,9,8510000011231,267,8510000006359,8519999968561,11.95
8520000000000,8530000000000,335864099,847085,335017014,8520000016127,8529999999497,55269d28871616e8,182205356,2851,8526971666338,216926,8520000000037,9,8520000066913,437,8520000016127,8529999999497,11.93
8530000000000,8540000000000,335847098,846634,335000464,8530000000411,8539999978253,d08594b5674e35f3,182260959,2837,8531997574004,217670,8530000000001,9,8530000006679,301,8530000000411,8539999978253,11.92
8540000000000,8550000000000,335848347,846137,335002210,8540000010547,8549999985893,a46e6de0fbc7ae64,182305699,2797,8549392736602,216409,8540000000029,9,8540000057987,455,8540000010547,8549999985893,11.94
8550000000000,8560000000000,335820540,844643,334975897,8550000021193,8559999989423,59a09fe43570329e,182312729,3109,8553140175898,216526,8550000000011,9,8550000013771,393,8550000021193,8559999989423,11.95
8560000000000,8570000000000,335809963,846282,334963681,8560000010927,8569999969441,0f6d82fb5eb60b2d,182314236,2957,8561212381556,216895,8560000000063,9,8560000005731,589,8560000010927,8569999969441,11.93
8570000000000,8580000000000,335789032,846706,334942326,8570000013781,8579999994961,a8f1681905e81213,182370729,2819,8576338437542,216978,8570000000011,9,8570000051663,639,8570000013781,8579999994961,11.93
8580000000000,8590000000000,335784306,844884,334939422,8580000014059,8589999993017,e2e53821d6760cdb,182407214,2789,8580555771674,217785,8580000000007,9,8580000162431,333,8580000014059,8589999993017,11.96
8590000000000,8600000000000,335766631,846107,334920524,8590000045591,8599999984991,3fcf0dbe22cdfc62,182423971,3061,8590458542782,216221,8590000000061,9,8590000071113,477,8590000045591,8599999984991,11.93
8600000000000,8610000000000,335759377,843944,334915433,8600000007901,8609999995417,fccbf21f860fef3d,182429526,3137,8607033371042,217467,8600000000003,9,8600000117243,289,8600000007901,8609999995417,11.94
8610000000000,8620000000000,335753269,844820,334908449,8610000000883,8619999981037,f1829bd916edeba5,182439619,2851,8619616586968,217173,8610000000071,9,8610000191203,261,8610000000883,8619999981037,11.95
8620000000000,8630000000000,335722783,843823,334878960,8620000020497,8629999987919,86712c8b718c723c,182478847,3049,8627254039042,216731,8620000000057,9,8620000034651,319,8620000020497,8629999987919,11.91
8630000000000,8640000000000,335727510,844390,334883120,8630000022619,8639999994959,ac1685d7203545fd,182469966,3167,8638367031656,215169,8630000000047,9,8630000089307,265,8630000022619,8639999994959,11.94
8640000000000,8650000000000,335688408,845418,334842990,8640000037441,8649999999493,e81516f82e76615f,182504317,3583,8645822962174,216792,8640000000013,9,8640000022963,275,8640000037441,8649999999493,11.92
8650000000000,8660000000000,335702938,842655,334860283,8650000015231,8659999960331,834ec3bcf6695888,182534295,3163,8655798065674,216973,8650000000003,15,8650000007881,429,8650000015231,8659999960331,11.97
8660000000000,8670000000000,335684186,844541,334839645,8660000012563,8669999968433,a040f095b91e1954,182537688,2713,8660711572756,216179,8660000000017,9,8660000018633,259,8660000012563,8669999968433,11.93
8670000000000,8680000000000,335675875,841922,334833953,8670000012763,8679999996841,b05416ef79ea7cfd,182555614,2767,8679358476916,216519,8670000000007,9,8670000050917,267,8670000012763,8679999996841,11.95
8680000000000,8690000000000,335651536,841293,334810243,8680000004363,8689999999511,a9b9584d6bb5f14e,182544855,2857,8688385514686,216621,8680000000003,9,8680000042213,765,8680000004363,8689999999511,11.98
8690000000000,8700000000000,335636911,843026,334793885,8690000009351,8699999990879,1cebf6f750f2545f,182641947,3331,8695925601718,217079,8690000000027,9,8690000218723,371,8690000009351,8699999990879,11.95
8700000000000,8710000000000,335629883,843738,334786145,8700000011149,8709999995573,3db3f8546dfc5db5,182655869,2803,8703854287918,216271,8700000000037,9,8700000048739,303,8700000011149,8709999995573,11.96
8710000000000,8720000000000,335609197,841048,334768149,8710000012621,8719999993597,c367c8391ae25965,182716273,3109,8715249914002,216107,8710000000057,9,8710000058233,657,8710000012621,8719999993597,11.95
8720000000000,8730000000000,335601266,840426,334760840,8720000010101,8729999997361,17f19673d733a113,182687543,2971,8721704322262,215896,8720000000029,9,8720000052109,321,8720000010101,8729999997361,11.96
8730000000000,8740000000000,335597039,841329,334755710,8730000019421,8739999999593,1773192e808e4e50,182742140,3169,8731342722142,216855,8730000000017,9,8730000090869,301,8730000019421,8739999999593,11.96
8740000000000,8750000000000,335577426,842790,334734636,8740000004041,8749999977431,1ee79932052b537d,182756541,2971,8745763794466,217161,8740000000009,9,8740000088801,265,8740000004041,8749999977431,11.98
8750000000000,8760000000000,335557961,840360,334717601,8750000034401,8759999983393,8c569860171f5697,182733670,3067,8750286504754,216565,8750000000017,9,8750000059483,539,8750000034401,8759999983393,11.97
8760000000000,8770000000000,335540238,840134,334700104,8760000022513,8769999989081,4fcf7ee9e99edf13,182833253,3461,8768912223242,216094,8760000000091,9,8760000018071,259,8760000022513,8769999989081,11.96
8770000000000,8780000000000,335528828,841371,334687457,8770000008661,8779999993511,8bd6375b0ba5fda6,182773848,2971,8779078432888,215058,8770000000033,9,8770000062497,265,8770000008661,8779999993511,11.96
8780000000000,8790000000000,335541177,840869,334700308,8780000025541,8789999993927,2f08b20a69759e26,182828533,2917,8781600987472,215835,8780000000077,9,8780000008543,531,8780000025541,8789999993927,11.96
8790000000000,8800000000000,335500000,840386,334659614,8790000024101,8799999991591,6cbed34f56f0bac9,182923767,2797,8796697996756,216451,8790000000029,9,8790000006943,321,8790000024101,8799999991591,11.94
8800000000000,8810000000000,335496869,841950,334654919,8800000002121,8809999990751,9be1e9eb78fd2b6d,182879720,2917,8802207411232,216449,8800000000039,9,8800000015357,335,8800000002121,8809999990751,11.94
8810000000000,8820000000000,335494161,838847,334655314,8810000019529,8819999993269,dcfba71cf4381120,182893669,3019,8816701914322,216907,8810000000029,9,8810000005039,543,8810000019529,8819999993269,11.95
8820000000000,8830000000000,335467654,840405,334627249,8820000014681,8829999980573,90f2e46a7abcfbb6,182936640,3067,8826282888196,216278,8820000000011,9,8820000049433,399,8820000014681,8829999980573,11.95
8830000000000,8840000000000,335463172,840579,334622593,8830000015091,8839999998887,19b84c06b3d114e2,182989639,3121,8839373992486,216406,8830000000007,9,8830000008031,297,8830000015091,8839999998887,11.94
8840000000000,8850000000000,335443695,839155,334604540,8840000018261,8849999995621,204659986dced2ae,183011864,2819,8848348471082,215996,8840000000063,9,8840000016973,267,8840000018261,8849999995621,11.96
8850000000000,8860000000000,335447336,839387,334607949,8850000011081,8859999999793,3389b1711dedba2c,182994640,2971,8850670103878,216215,8850000000011,9,8850000017851,539,8850000011081,8859999999793,11.94
8860000000000,8870000000000,335423330,840103,334583227,8860000011497,8869999990613,172c5b21eb56a40e,183043922,3229,8867620322068,216600,8860000000021,9,8860000008971,309,8860000011497,8869999990613,12.00
8870000000000,8880000000000,335406490,840482,334566008,8870000018291,8879999985419,0c740bf6b6fa7ef5,183073831,2851,8872329505966,216906,8870000000053,9,8870000025977,265,8870000018291,8879999985419,12.00
8880000000000,8890000000000,335404660,839348,334565312,8880000002453,8889999956989,5b93b7b3f5ad81ed,183041355,3691,8883303762232,215502,8880000000019,9,8880000030773,435,8880000002453,8889999956989,12.01
8890000000000,8900000000000,335377583,840269,334537314,8890000005409,8899999981051,f8c212b09cc27b32,183082155,2791,8890433828758,216499,8890000000043,9,8890000077451,275,8890000005409,8899999981051,11.94
8900000000000,8910000000000,335364305,838788,334525517,8900000029093,8909999996867,f9b95179b79b9013,183093593,2837,8908114026596,216065,8900000000123,9,8900000011187,303,8900000029093,8909999996867,11.96
8910000000000,8920000000000,335366280,837762,334528518,8910000003917,8919999987211,ef5ddc4c8cfdc797,183129524,3331,8916093206092,215313,8910000000023,9,8910000025457,343,8910000003917,8919999987211,11.95
8920000000000,8930000000000,335341248,838053,334503195,8920000005131,8929999990733,00a84d3a70b09eba,183166737,2741,8921455263452,215197,8920000000019,9,8920000024619,265,8920000005131,8929999990733,11.98
8930000000000,8940000000000,335332465,836604,334495861,8930000045717,8939999994973,6252030dedd37adb,183156181,2689,8931169618534,215688,8930000000011,9,8930000168989,297,8930000045717,8939999994973,11.96
8940000000000,8950000000000,335333682,837820,334495862,8940000024569,8949999996463,d4af68b9d5ed4f85,183159545,3253,8949655886224,214967,8940000000083,9,8940000134393,897,8940000024569,8949999996463,11.97
8950000000000,8960000000000,335308552,838456,334470096,8950000024501,8959999991611,6ab01140cef2e955,183225635,3019,8953322295238,215791,8950000000049,9,8950000008241,267,8950000024501,8959999991611,11.96
8960000000000,8970000000000,335287686,834986,334452700,8960000018009,8969999996303,4b3c148f9108d477,183265025,3361,8961236887276,215548,8960000000009,9,8960000102327,295,8960000018009,8969999996303,11.96
8970000000000,8980000000000,335280532,836867,334443665,8970000038191,8979999982381,8382caf91fa8b2be,183267125,3049,8975868839548,216465,8970000000011,9,8970000195623,417,8970000038191,8979999982381,11.96
8980000000000,8990000000000,335271654,836232,334435422,8980000005841,8989999985251,94156204a8c461ff,183335533,2857,8987019676042,216255,8980000000039,9,8980000068343,335,8980000005841,8989999985251,11.99
8990000000000,9000000000000,335250888,836732,334414156,8990000001343,8999999949797,2ea00bfe4610459d,183351372,3169,8996436763222,214664,8990000000071,9,8990000082989,465,8990000001343,8999999949797,11.97
9000000000000,9010000000000,335262201,839459,334422742,9000000055663,9009999953629,64d6cb2175248242,183334583,2687,9004936407806,216025,9000000000059,9,9000000078743,259,9000000055663,9009999953629,11.99
9010000000000,9020000000000,335225637,837022,334388615,9010000000241,9019999992401,7dec1a414ebab425,183386297,2857,9010682986072,215377,9010000000019,9,9010000133639,481,9010000000241,9019999992401,12.02
9020000000000,9030000000000,335225211,835890,334389321,9020000014843,9029999985581,17b3bf5de9fadab3,183321515,2767,9028132651234,216292,9020000000003,9,9020000121277,261,9020000014843,9029999985581,12.03
9030000000000,9040000000000,335199572,836369,334363203,9030000002603,9039999987313,8e333a6ce2ed015c,183436944,2861,9034103104508,216445,9030000000017,9,9030000058931,343,9030000002603,9039999987313,12.04
9040000000000,9050000000000,335208198,835824,334372374,9040000001327,9049999998841,c8542f218c2f25dd,183365996,3499,9044991317044,215085,9040000000021,9,9040000058437,309,9040000001327,9049999998841,12.01
9050000000000,9060000000000,335193997,834063,334359934,9050000030249,9059999999801,7343d6342d2b589a,183404306,2927,9059330799212,216342,9050000000011,9,9050000003773,321,9050000030249,9059999999801,12.04
9060000000000,9070000000000,335163499,834898,334328601,9060000006361,9069999986693,3bd872b9df2965a1,183476031,3557,9065026242434,217242,9060000000011,9,9060000036343,585,9060000006361,9069999986693,12.01
9070000000000,9080000000000,335145136,834003,334311133,9070000078889,9079999948783,4c217374fe5063e4,183524817,2857,9074505889534,215375,9070000000013,9,9070000046977,327,9070000078889,9079999948783,12.00
9080000000000,9090000000000,335152522,832995,334319527,9080000012431,9089999975599,e402499c131c4b72,183524222,2713,9084350081518,215522,9080000000011,9,9080000040901,749,9080000012431,9089999975599,12.00
9090000000000,9100000000000,335130354,832995,334297359,9090000056803,9099999994753,c4460b576495c2fc,183547533,3067,9095174946544,216300,9090000000073,9,9090000023957,345,9090000056803,9099999994753,11.99
9100000000000,9110000000000,335123899,835583,334288316,9100000037339,9109999992497,14e0311d574189e8,183572001,2819,9101055790742,215818,9100000000057,9,9100000039411,357,9100000037339,9109999992497,12.02
9110000000000,9120000000000,335099589,833124,334266465,9110000000741,9119999928343,0cebe6b2a34ae36d,183604053,2857,9111091666804,214850,9110000000039,9,9110000038283,561,9110000000741,9119999928343,11.99
9120000000000,9130000000000,335098281,833521,334264760,9120000013591,9129999991433,06935828b26f095e,183591626,2861,9123793440626,215132,9120000000017,9,9120000038291,319,9120000013591,9129999991433,12.04
9130000000000,9140000000000,335097996,833898,334264098,9130000024723,9139999994561,edd3d9784b2f394d,183580756,3271,9134661169768,215515,9130000000013,9,9130000041517,273,9130000024723,9139999994561,12.01
9140000000000,9150000000000,335075761,833451,334242310,9140000012111,9149999995531,71ea8e4394a44cde,183667026,3253,9141676429198,215045,9140000000011,9,9140000025643,345,9140000012111,9149999995531,12.04
9150000000000,9160000000000,335059512,832455,334227057,9150000005543,9159999995893,be75cc35ef65502c,183655383,2797,9152678132812,215418,9150000000041,9,9150000059807,375,9150000005543,9159999995893,12.02
9160000000000,9170000000000,335058773,834366,334224407,9160000003163,9169999998781,794ae20327924553,183705473,2819,9161528304482,214229,9160000000057,9,9160000045879,267,9160000003163,9169999998781,12.01
9170000000000,9180000000000,335040612,833727,334206885,9170000013611,9179999988167,5e720fad2df74f1e,183709527,3041,9170042864396,215548,9170000000009,9,9170000067931,413,9170000013611,9179999988167,12.00
9180000000000,9190000000000,335027420,832911,334194509,9180000000781,9189999996803,e6312cfaa62a75fa,183734666,3061,9189326309542,214188,9180000000007,9,9180000103493,411,9180000000781,9189999996803,12.01
9200000000000,9210000000000,335009830,831693,334178137,9200000005423,9209999981789,74f2264f9c2495f6,183736677,3079,9202003297072,215623,9200000000029,9,9200000032169,301,9200000005423,9209999981789,12.04
9190000000000,9200000000000,335006136,830732,334175404,9190000018963,9199999982731,683672f3b20086fb,183753843,2861,9197337492578,215228,9190000000057,9,9190000022341,749,9190000018963,9199999982731,12.08
9210000000000,9220000000000,334982599,833218,334149381,9210000000781,9219999983153,0ec684a74005dc4d,183836673,3019,9211739015158,215339,9210000000001,9,9210000011983,681,9210000000781,9219999983153,12.03
9220000000000,9230000000000,334994393,831520,334162873,9220000066493,9229999989191,46785d68c1c797f1,183809956,2801,9228526162202,214943,9220000000027,9,9220000003943,265,9220000066493,9229999989191,12.02
9230000000000,9240000000000,334966636,831396,334135240,9230000010631,9239999986751,c8d6601a5a197047,183842072,2887,9230091693646,215928,9230000000017,9,9230000004221,333,9230000010631,9239999986751,12.03
9240000000000,9250000000000,334952666,832001,334120665,9240000002543,9249999993151,b74e66e054a1702e,183876796,3049,9246866864302,215322,9240000000029,9,9240000009641,259,9240000002543,9249999993151,12.04
9250000000000,9260000000000,334928727,830607,334098120,9250000023001,9259999990067,8f0d149d91078eee,183915533,3253,9251445260656,216814,9250000000063,9,9250000029877,333,9250000023001,9259999990067,12.01
9260000000000,9270000000000,334933312,831059,334102253,9260000019931,9269999988719,b0e2233481d1b56c,183888943,3001,9265587911128,215137,9260000000021,9,9260000023151,279,9260000019931,9269999988719,12.02
9270000000000,9280000000000,334902573,829143,334073430,9270000000047,9279999970211,dec272ece3e33a1e,183968653,2657,9279906783872,215639,9270000000011,9,9270000103603,321,9270000000047,9279999970211,12.02
9280000000000,9290000000000,334904844,829881,334074963,9280000008533,9289999996643,6d1beef38e443a4e,183931260,3121,9283343145052,214644,9280000000013,9,9280000081873,537,9280000008533,9289999996643,12.01
9290000000000,9300000000000,334886747,828185,334058562,9290000000623,9299999996387,a57d8f1f30b38484,183984198,2917,9290454912304,215158,9290000000003,9,9290000008153,329,9290000000623,9299999996387,12.01
9300000000000,9310000000000,334877081,830556,334046525,9300000006383,9309999988843,fdb182c1d33241c7,184003737,2927,9303090612236,215322,9300000000007,9,9300000026873,385,9300000006383,9309999988843,12.01
9310000000000,9320000000000,334862310,831795,334030515,9310000005619,9319999992491,d00945d72b43fe40,184062670,3089,9313948809272,215241,9310000000111,9,9310000023551,259,9310000005619,9319999992491,12.01
9320000000000,9330000000000,334855269,830275,334024994,9320000024983,9329999997433,1b61c9a719108342,184055862,2767,9327382684162,214796,9320000000089,9,9320000120023,345,9320000024983,9329999997433,12.00
9330000000000,9340000000000,334830836,828608,334002228,9330000012589,9339999993433,49706c411937dad9,184059047,2843,9336251157914,215350,9330000000011,9,9330000082231,545,9330000012589,9339999993433,12.01
9340000000000,9350000000000,334839132,829256,334009876,9340000003381,9349999975117,67c5e9556d65b3f9,184111116,3109,9346485851572,215072,9340000000007,9,9340000058551,395,9340000003381,9349999975117,12.01
9350000000000,9360000000000,334836683,827456,334009227,9350000017789,9359999969209,7389492b43e69843,184047164,2833,9353954824738,215569,9350000000041,9,9350000066261,265,9350000017789,9359999969209,12.01
9360000000000,9370000000000,334806121,829030,333977091,9360000022283,9369999993203,72be3e8895bde96d,184099502,3181,9367057462768,214755,9360000000041,9,9360000045839,265,9360000022283,9369999993203,12.03
9370000000000,9380000000000,334787258,827862,333959396,9370000028933,9379999917331,58e5eef29c1fc02f,184139896,2731,9370815118498,214600,9370000000021,9,9370000040521,291,9370000028933,9379999917331,12.00
9380000000000,9390000000000,334779889,828590,333951299,9380000000561,9389999978323,25544802286e032b,184177488,3049,9386011801882,214776,9380000000009,9,9380000176073,259,9380000000561,9389999978323,12.02
9390000000000,9400000000000,334762368,827096,333935272,9390000029633,9399999995173,eac218b838513eef,184225960,3109,9395664953638,214578,9390000000047,9,9390000010441,357,9390000029633,9399999995173,12.01
9400000000000,9410000000000,334772668,828340,333944328,9400000045171,9409999998463,3fe4024f85bc7439,184199253,3037,9403863612322,214821,9400000000037,9,9400000092407,361,9400000045171,9409999998463,12.00
9410000000000,9420000000000,334745533,828690,333916843,9410000026411,9419999993191,e64510dcfdfd21e5,184208519,2909,9410519471198,215010,9410000000041,9,9410000073181,363,9410000026411,9419999993191,12.04
9420000000000,9430000000000,334744880,827403,333917477,9420000000563,9429999990581,1b8ca74ac0909196,184233168,3259,9429795649972,215254,9420000000023,9,9420000013453,417,9420000000563,9429999990581,12.01
9430000000000,9440000000000,334721207,829608,333891599,9430000008853,9439999974949,f7e3d13bc04c3d89,184311889,2909,9439336519958,215415,9430000000051,9,9430000087141,519,9430000008853,9439999974949,12.05
9440000000000,9450000000000,334707063,825138,333881925,9440000026493,9449999995741,dc3f3041350ce537,184267083,2957,9440431109576,215379,9440000000027,9,9440000157409,447,9440000026493,9449999995741,12.05
9450000000000,9460000000000,334689409,828543,333860866,9450000025561,9459999992153,eedd7ee29c1bbea8,184356280,2857,9455252030632,214915,9450000000019,9,9450000025523,361,9450000025561,9459999992153,12.02
9460000000000,9470000000000,334692661,825260,333867401,9460000017371,9469999997011,74af9eddcc4b55ab,184325258,2917,9463431170932,214650,9460000000001,9,9460000001827,525,9460000017371,9469999997011,12.09
9470000000000,9480000000000,334670349,825913,333844436,9470000017733,9479999986427,4741ff6db9f3cecc,184363208,2797,9471435153394,214617,9470000000003,9,9470000023153,261,9470000017733,9479999986427,12.08
9480000000000,9490000000000,334660450,825680,333834770,9480000002329,9489999983033,80fa610021ecc48d,184417218,2843,9487265139866,214902,9480000000047,9,9480000165283,371,9480000002329,9489999983033,12.07
9490000000000,9500000000000,334657685,827399,333830286,9490000008743,9499999997507,81600e940300729a,184411025,2797,9491444467894,214784,9490000000007,9,9490000043141,699,9490000008743,9499999997507,12.04
9500000000000,9510000000000,334627264,826894,333800370,9500000004413,9509999970859,57ba15195552ebb5,184409786,3313,9506436100186,214560,9500000000039,9,9500000007529,261,9500000004413,9509999970859,12.05
9510000000000,9520000000000,334629089,825763,333803326,9510000000209,9519999998237,9584988fde9ab930,184420102,2857,9519290822584,214710,9510000000031,9,9510000065483,259,9510000000209,9519999998237,12.05
9520000000000,9530000000000,334616197,826620,333789577,9520000003141,9529999998821,235781f91be063fb,184470348,3253,9528395319658,214065,9520000000057,9,9520000006399,321,9520000003141,9529999998821,12.10
9530000000000,9540000000000,334600615,825414,333775201,9530000006773,9539999999867,1311b450e72c3e3b,184519934,2803,9532116779368,215202,9530000000021,9,9530000058673,905,9530000006773,9539999999867,12.07
9540000000000,9550000000000,334590544,822719,333767825,9540000002243,9549999993673,1b44cf1f9bfdc9a0,184480301,3181,9543097549858,215745,9540000000023,9,9540000034969,335,9540000002243,9549999993673,12.08
9550000000000,9560000000000,334585267,826280,333758987,9550000013839,9559999991837,51e1fb7cb2dd92f5,184551795,3121,9550433652178,214564,9550000000103,9,9550000058539,321,9550000013839,9559999991837,12.07
9560000000000,9570000000000,334573283,825239,333748044,9560000012029,9569999953081,c9940c5caf238008,184523993,3329,9561864867494,214115,9560000000017,9,9560000031301,777,9560000012029,9569999953081,12.08
9570000000000,9580000000000,334564664,825315,333739349,9570000010429,9579999958369,f660b224a1bd12c6,184578486,2897,9572304417674,214530,9570000000073,9,9570000003049,341,9570000010429,9579999958369,12.07
9580000000000,9590000000000,334541230,824585,333716645,9580000010533,9589999963931,bfd75117e33655c4,184596561,2731,9587121867808,215099,9580000000019,9,9580000025423,595,9580000010533,9589999963931,12.05
9590000000000,9600000000000,334524220,824679,333699541,9590000044529,9599999995633,815eaaad17f09b18,184641623,3079,9594173894662,214253,9590000000083,9,9590000009873,441,9590000044529,9599999995633,12.05
9600000000000,9610000000000,334530338,822498,333707840,9600000021883,9609999989573,8771b8c6bde94bd1,184662471,3203,9603450462548,214741,9600000000023,9,9600000002321,763,9600000021883,9609999989573,12.07
9620000000000,9630000000000,334505598,824384,333681214,9620000025689,9629999987957,cb8199aaae7bd757,184639833,3229,9622465361188,214394,9620000000003,9,9620000025683,325,9620000025689,9629999987957,12.05
9610000000000,9620000000000,334495294,824360,333670934,9610000003873,9619999989221,3cb894b3ea146461,184671831,3187,9610189585636,213760,9610000000009,9,9610000011713,301,9610000003873,9619999989221,12.10
9630000000000,9640000000000,334498198,824586,333673612,9630000000421,9639999954289,4a5f311d37af097b,184665564,2857,9639884451202,214343,9630000000013,9,9630000008807,265,9630000000421,9639999954289,12.05
9640000000000,9650000000000,334465681,823075,333642606,9640000001383,9649999985057,cdbb52cff6c5cb70,184764965,2731,9645445625068,214856,9640000000019,9,9640000012211,469,9640000001383,9649999985057,12.13
9650000000000,9660000000000,334459055,826102,333632953,9650000011879,9659999995367,d070b9dd60efd29f,184746445,2897,9653005446284,214311,9650000000009,9,9650000020723,299,9650000011879,9659999995367,12.14
9660000000000,9670000000000,334458103,821690,333636413,9660000006281,9669999990323,282d0a11f7afc94d,184775272,2909,9663372896858,214189,9660000000019,9,9660000097277,361,9660000006281,9669999990323,12.12
9670000000000,9680000000000,334447261,822272,333624989,9670000020407,9679999917013,e93419c7882fe035,184779794,3109,9675608404558,213715,9670000000009,9,9670000040839,267,9670000020407,9679999917013,12.16
9680000000000,9690000000000,334422091,823451,333598640,9680000003959,9689999997221,e2c5133d0ca6410e,184857255,2953,9683798670718,214115,9680000000063,9,9680000000989,287,9680000003959,9689999997221,12.15
9690000000000,9700000000000,334421184,821866,333599318,9690000015977,9699999991211,58c6e4a029036aef,184783950,3061,9698502279832,214417,9690000000007,9,9690000084553,305,9690000015977,9699999991211,12.15
9700000000000,9710000000000,334383816,821661,333562155,9700000018637,9709999989583,a881a5d32a6334e0,184890943,2833,9709129950874,214673,9700000000013,9,9700000011557,535,9700000018637,9709999989583,12.06
9710000000000,9720000000000,334410011,820980,333589031,9710000037151,9719999985869,e523d14a13c59073,184826231,3121,9710685852226,213981,9710000000053,9,9710000080691,415,9710000037151,9719999985869,12.06
9720000000000,9730000000000,334399485,822814,333576671,9720000001763,9729999982279,a6528046ee633a73,184852754,3301,9726809044786,212966,9720000000037,9,9720000055921,267,9720000001763,9729999982279,12.07
9740000000000,9750000000000,334364193,823616,333540577,9740000003731,9749999980381,bf7b1974d05eb9ad,184938826,2719,9744803377492,214846,9740000000011,9,9740000013071,415,9740000003731,9749999980381,12.06
9730000000000,9740000000000,334368422,821704,333546718,9730000021619,9739999999007,7c6f066a949a001f,184933170,2999,9732234939542,213676,9730000000031,9,9730000048231,395,9730000021619,9739999999007,12.07
9750000000000,9760000000000,334338502,820285,333518217,9750000002177,9759999982639,0de0fb75dedb1408,185022670,2971,9755556723916,213988,9750000000043,9,9750000046361,265,9750000002177,9759999982639,12.05
9760000000000,9770000000000,334330244,822768,333507476,9760000005611,9769999964843,7ea52b165b4717c3,185004694,3169,9767837657374,214194,9760000000033,9,9760000013851,485,9760000005611,9769999964843,12.09
9770000000000,9780000000000,334319061,822129,333496932,9770000008051,9779999997433,e6d55967433b5080,185010764,3169,9772349785444,213604,9770000000003,9,9770000043053,345,9770000008051,9779999997433,12.08
9780000000000,9790000000000,334313879,819991,333493888,9780000005851,9789999969359,f124954f00ca7dcc,185019766,3187,9782666689372,215061,9780000000007,9,9780000005731,357,9780000005851,9789999969359,12.07
9800000000000,9810000000000,334283123,820622,333462501,9800000013953,9809999989529,0a2ed17f9b7aec59,185094175,2927,9806745176516,213288,9800000000009,9,9800000072003,265,9800000013953,9809999989529,12.06
9790000000000,9800000000000,334324869,819724,333505145,9790000034491,9799999961957,89d0e6807075329d,184976079,2963,9792500458106,214541,9790000000009,9,9790000059083,415,9790000034491,9799999961957,12.11
9810000000000,9820000000000,334286641,818981,333467660,9810000003439,9819999992401,525f4390b591687a,185061232,3121,9817877795788,214531,9810000000023,9,9810000094883,355,9810000003439,9819999992401,12.08
9820000000000,9830000000000,334270276,819883,333450393,9820000007119,9829999994627,18fc0f4c0680634a,185089402,2999,9825601561784,213121,9820000000001,9,9820000019419,731,9820000007119,9829999994627,12.08
9830000000000,9840000000000,334265795,815675,333450120,9830000021147,9839999980973,734ab0a245c4e720,185107094,3169,9830176453252,213730,9830000000003,91,9830000093099,565,9830000021147,9839999980973,12.05
9840000000000,9850000000000,334244292,819187,333425105,9840000002891,9849999970901,f9947dfbf14c9c62,185155780,2857,9842748438352,213645,9840000000013,9,9840000035273,339,9840000002891,9849999970901,12.07
9850000000000,9860000000000,334245474,819368,333426106,9850000063963,9859999974523,61397dc69a01c88d,185156176,3067,9859602193354,213347,9850000000007,9,9850000066201,513,9850000063963,9859999974523,12.07
9860000000000,9870000000000,334225759,818874,333406885,9860000012173,9869999984573,294fc38557e2a779,185170547,3067,9867276963484,213452,9860000000033,9,9860000009623,471,9860000012173,9869999984573,12.05
9870000000000,9880000000000,334209926,819080,333390846,9870000002831,9879999999973,3056c7dd2dc16cf5,185205148,2851,9873662796076,213388,9870000000001,27,9870000098641,297,9870000002831,9879999999973,12.07
9880000000000,9890000000000,334196289,817572,333378717,9880000015471,9889999980863,d7857e38735676fd,185273513,3121,9883799007898,214761,9880000000001,9,9880000021963,507,9880000015471,9889999980863,12.11
9890000000000,9900000000000,334179723,817971,333361752,9890000000927,9899999971039,c644448700a30ac0,185271567,2999,9892585858724,214241,9890000000009,9,9890000073017,265,9890000000927,9899999971039,12.11
9900000000000,9910000000000,334175829,819844,333355985,9900000003743,9909999998011,aa9c2b21c376bcf3,185280764,2969,9907532585462,213854,9900000000047,9,9900000035183,289,9900000003743,9909999998011,12.11
9910000000000,9920000000000,334168522,819708,333348814,9910000001413,9919999989521,6b3dce315751bdeb,185356151,3331,9913479227398,214384,9910000000039,9,9910000046677,273,9910000001413,9919999989521,12.08
9920000000000,9930000000000,334171821,821850,333349971,9920000024611,9929999992487,9197c7b5b436df3d,185285637,3163,9924835009498,213177,9920000000011,9,9920000014451,979,9920000024611,9929999992487,12.09
9930000000000,9940000000000,334145042,815758,333329284,9930000000061,9939999964441,9f0b7129321d0b3b,185321116,3343,9932734286368,213297,9930000000007,9,9930000043279,321,9930000000061,9939999964441,12.09
9940000000000,9950000000000,334141794,819000,333322794,9940000003907,9949999999363,68cdd3fca81031a3,185354200,2909,9940969661954,213849,9940000000037,9,9940000033421,441,9940000003907,9949999999363,12.09
9950000000000,9960000000000,334124282,816461,333307821,9950000008969,9959999995201,820d480b8924b8ba,185309964,2887,9957551827312,213429,9950000000009,9,9950000021587,363,9950000008969,9959999995201,12.09
9960000000000,9970000000000,334121332,817608,333303724,9960000000991,9969999953191,96f776a8bdae5653,185375592,2887,9962625604312,213325,9960000000043,9,9960000159451,327,9960000000991,9969999953191,12.10
9970000000000,9980000000000,334101464,817195,333284269,9970000024513,9979999988039,84f1ed0d98f62d2e,185383178,2953,9975275357848,214020,9970000000007,9,9970000044737,325,9970000024513,9979999988039,12.14
9980000000000,9990000000000,334086188,816972,333269216,9980000037881,9989999949661,3f6ab2a411b28d37,185446467,3037,9984560279332,214105,9980000000011,9,9980000249053,279,9980000037881,9989999949661,12.16
9990000000000,10000000000000,334076016,817723,333258293,9990000004763,9999999954787,6645421338d07e58,185443765,3433,9996768164776,213093,9990000000007,9,9990000033193,335,9990000004763,9999999954787,12.14
10000000000000,10010000000000,334067230,815638,333251592,10000000003243,10009999963597,696fbf731a5feaed,185463452,2953,10007589013858,213918,10000000000037,9,10000000077989,451,10000000003243,10009999963597,12.09
10010000000000,10020000000000,334041174,816229,333224945,10010000009311,10019999936839,c9fdb18e5e057232,185535239,3163,10016912565424,212979,10010000000027,9,10010000028253,291,10010000009311,10019999936839,12.09
10020000000000,10030000000000,334053075,817598,333235477,10020000006109,10029999997211,785954d6e0b19855,185546726,3203,10027656883934,212271,10020000000011,9,10020000002963,415,10020000006109,10029999997211,12.08
10030000000000,10040000000000,334025987,814523,333211464,10030000014493,10039999976561,a6ab642f7e6df1bc,185541486,2969,10031028261404,213730,10030000000001,9,10030000007567,315,10030000014493,10039999976561,12.07
10040000000000,10050000000000,334007687,814810,333192877,10040000001673,10049999999051,b114479b03948655,185601752,2927,10045176934712,213960,10040000000029,9,10040000031557,319,10040000001673,10049999999051,12.08
10050000000000,10060000000000,334008505,815039,333193466,10050000031229,10059999978649,d28575c321e1aaba,185567294,2719,10051452178312,213019,10050000000203,9,10050000133573,335,10050000031229,10059999978649,12.07
10060000000000,10070000000000,334016295,815160,333201135,10060000011833,10069999949071,e83091fe3f60c037,185606409,2797,10067755513006,213403,10060000000013,9,10060000050917,295,10060000011833,10069999949071,12.07
10070000000000,10080000000000,333998486,814679,333183807,10070000019949,10079999998727,249ae4825b43ef72,185609736,2857,10075989688594,214177,10070000000017,9,10070000066597,265,10070000019949,10079999998727,12.06
10080000000000,10090000000000,333972990,814262,333158728,10080000015167,10089999996541,d609b31ef9f5f89d,185604852,3301,10083854622316,214016,10080000000043,9,10080000134233,405,10080000015167,10089999996541,12.06
10090000000000,10100000000000,333950278,815078,333135200,10090000044793,10099999994533,9709e6449394445f,185693651,3137,10095017975036,213701,10090000000019,9,10090000064371,303,10090000044793,10099999994533,12.15
10100000000000,10110000000000,333953328,814898,333138430,10100000004881,10109999992823,eb0cfdeac4ac28ed,185632204,3361,10102195279552,213646,10100000000021,9,10100000004863,345,10100000004881,10109999992823,12.14
10110000000000,10120000000000,333938951,814087,333124864,10110000000019,10119999994501,d1365bf1ba869fa8,185698717,2833,10116608705638,214512,10110000000007,9,10110000100367,445,10110000000019,10119999994501,12.18
10120000000000,10130000000000,333936926,815181,333121745,10120000000193,10129999977593,1b8140408b5f2b8c,185699490,3331,10123994928946,214070,10120000000063,9,10120000086029,261,10120000000193,10129999977593,12.05
10130000000000,10140000000000,333919356,816301,333103055,10130000000173,10139999960957,c251f7d950825c2c,185730284,2791,10137383889238,212879,10130000000011,9,10130000008981,413,10130000000173,10139999960957,12.07
10140000000000,10150000000000,333906298,814220,333092078,10140000002063,10149999986641,a8960fa3c27f4e45,185785891,2861,10144821654272,213071,10140000000007,9,10140000019157,403,10140000002063,10149999986641,12.10
10150000000000,10160000000000,333893513,812582,333080931,10150000032649,10159999981217,811df0dd8fcc26a3,185769093,3371,10156387143746,213408,10150000000001,9,10150000085087,259,10150000032649,10159999981217,12.08
10160000000000,10170000000000,333882208,812132,333070076,10160000003519,10169999994569,d8e7f94b3e32f533,185791011,3271,10166797733332,213029,10160000000027,9,10160000179993,303,10160000003519,10169999994569,12.07
10170000000000,10180000000000,333884113,814463,333069650,10170000064801,10179999997667,97a347469bbd8af0,185846796,3259,10177489137748,213955,10170000000019,9,10170000066133,267,10170000064801,10179999997667,12.06
10180000000000,10190000000000,333864398,813971,333050427,10180000012141,10189999999031,1e0282d654b9327c,185823736,2887,10181668603174,213348,10180000000031,9,10180000027891,357,10180000012141,10189999999031,12.10
10190000000000,10200000000000,333858679,812893,333045786,10190000013833,10199999986109,cf19001cdc4e4a06,185878119,3001,10192965603178,212677,10190000000017,9,10190000045233,687,10190000013833,10199999986109,12.11
10200000000000,10210000000000,333843331,813434,333029897,10200000000467,10209999977657,82454c252ce6bc35,185915119,2971,10204331587816,213481,10200000000007,9,10200000035237,343,10200000000467,10209999977657,12.12
10210000000000,10220000000000,333836907,811992,333024915,10210000030201,10219999995313,bf254a648d3bcd3d,185916470,3019,10211881945918,213228,10210000000001,9,10210000047913,395,10210000030201,10219999995313,12.06
10220000000000,10230000000000,333822921,813639,333009282,10220000008957,10229999977517,98e40d2de02642e6,185885686,2803,10227597306538,213375,10220000000009,9,10220000059193,475,10220000008957,10229999977517,12.07
10230000000000,10240000000000,333805250,813525,332991725,10230000014491,10239999988769,70d73847b3d06324,185930546,2819,10230748071722,213879,10230000000037,9,10230000024527,585,10230000014491,10239999988769,12.07
10240000000000,10250000000000,333805144,811729,332993415,10240000003637,10249999997401,cbf2993e7df02d62,185945739,3163,10243688278288,212562,10240000000081,9,10240000215593,259,10240000003637,10249999997401,12.06
10250000000000,10260000000000,333797653,811705,332985948,10250000005433,10259999984953,ee98ae8a6994bf4c,185983204,2861,10253692231898,213033,10250000000017,9,10250000052181,395,10250000005433,10259999984953,12.09
10260000000000,10270000000000,333788394,812666,332975728,10260000052327,10269999991627,e6ef5d99fe1392bd,185965167,3089,10263034236524,213210,10260000000007,9,10260000047413,755,10260000052327,10269999991627,12.06
10270000000000,10280000000000,333773209,810802,332962407,10270000019053,10279999987111,eef6b152ad7ff17b,185993432,2837,10270502077532,212834,10270000000009,9,10270000091657,265,10270000019053,10279999987111,12.05
10280000000000,10290000000000,333764698,812098,332952600,10280000012101,10289999934961,a800a1efce3acca7,185993581,3061,10287339757762,213374,10280000000047,9,10280000149889,361,10280000012101,10289999934961,12.10
10290000000000,10300000000000,333740632,811753,332928879,10290000007579,10299999970181,2ad1e17e50751056,186070733,3109,10299711099658,212976,10290000000047,9,10290000047401,323,10290000007579,10299999970181,12.07
10300000000000,10310000000000,333747576,812760,332934816,10300000013521,10309999987103,53aeeab68ab4c097,186063484,3001,10307763021958,211983,10300000000007,9,10300000066277,429,10300000013521,10309999987103,12.07
10310000000000,10320000000000,333732633,809923,332922710,10310000018167,10319999969119,7ed7d98f2e75e71e,186056111,2857,10318585345912,212607,10310000000071,9,10310000016013,341,10310000018167,10319999969119,12.10
10320000000000,10330000000000,333710018,808343,332901675,10320000015931,10329999919573,4042d13386d788f6,186082500,3187,10323944640544,212352,10320000000001,9,10320000034009,341,10320000015931,10329999919573,12.10
10330000000000,10340000000000,333704267,812230,332892037,10330000005079,10339999992253,bd859628d1380cb1,186161407,3271,10337482770106,212610,10330000000003,9,10330000009843,335,10330000005079,10339999992253,12.09
10340000000000,10350000000000,333685958,810001,332875957,10340000020711,10349999963803,1d61704fe7e55228,186171573,3229,10349434751464,212815,10340000000053,9,10340000015551,513,10340000020711,10349999963803,12.11
10350000000000,10360000000000,333700911,809611,332891300,10350000018431,10359999999049,990727a49e251aa8,186135357,3319,10355143648834,211977,10350000000019,9,10350000221401,303,10350000018431,10359999999049,12.09
10360000000000,10370000000000,333658520,810472,332848048,10360000005991,10369999987187,61280b3ede4af4df,186242085,3019,10363784572282,212665,10360000000027,9,10360000034567,325,10360000005991,10369999987187,12.07
10370000000000,10380000000000,333669290,809377,332859913,10370000005187,10379999996389,4c4553ad13f5d9e0,186187676,3001,10373295747688,212445,10370000000069,9,10370000134727,361,10370000005187,10379999996389,12.06
10380000000000,10390000000000,333651851,809538,332842313,10380000010481,10389999984253,ab9208d9c9e1c041,186247215,3049,10389639285358,212843,10380000000031,9,10380000010441,267,10380000010481,10389999984253,12.11
10390000000000,10400000000000,333634765,809772,332824993,10390000008407,10399999949959,8644b5e5bcfe2265,186288801,2767,10399340911012,214399,10390000000031,9,10390000049843,259,10390000008407,10399999949959,12.09
10400000000000,10410000000000,333635891,808012,332827879,10400000001767,10409999995069,3e997c43cabb2dd1,186237825,2797,10403166200134,212243,10400000000009,9,10400000018561,759,10400000001767,10409999995069,12.07
10410000000000,10420000000000,333604922,809886,332795036,10410000010723,10419999995567,fdb0e82c9682964f,186314482,2939,10419192766418,212677,10410000000079,9,10410000018661,437,10410000010723,10419999995567,12.12
10420000000000,10430000000000,333624638,809230,332815408,10420000002803,10429999998167,58ae96f77b325f65,186255001,3259,10425619246918,212668,10420000000009,9,10420000051939,341,10420000002803,10429999998167,12.14
10430000000000,10440000000000,333604855,810927,332793928,10430000010593,10439999974247,e9a1f52ce3418f06,186288786,2791,10438204990702,212859,10430000000011,9,10430000011493,301,10430000010593,10439999974247,12.11
10440000000000,10450000000000,333575414,809337,332766077,10440000021107,10449999923747,8b57bf2bbd058980,186355217,2857,10449081289684,212215,10440000000077,9,10440000116801,529,10440000021107,10449999923747,12.12
10450000000000,10460000000000,333573395,808346,332765049,10450000010143,10459999995169,42d28a9f0667c29d,186311655,3109,10456026957448,211899,10450000000073,9,10450000177933,357,10450000010143,10459999995169,12.08
10460000000000,10470000000000,333571103,809377,332761726,10460000018561,10469999997703,f11afe20b46d65b0,186345324,3361,10468821768856,212863,10460000000111,9,10460000110337,315,10460000018561,10469999997703,12.10
10470000000000,10480000000000,333556836,808500,332748336,10470000049921,10479999996773,45a7a2a366d09e69,186363367,2851,10477909367452,211805,10470000000007,9,10470000004393,261,10470000049921,10479999996773,12.09
10480000000000,10490000000000,333537630,808194,332729436,10480000021921,10489999988233,a594a8408387c9a7,186417059,2861,10483223008292,211987,10480000000039,9,10480000033273,437,10480000021921,10489999988233,12.11
10490000000000,10500000000000,333531404,806446,332724958,10490000000791,10499999991853,ab11257672ca9597,186466518,2789,10492144010882,212584,10490000000003,9,10490000021507,403,10490000000791,10499999991853,12.10
10500000000000,10510000000000,333528316,807961,332720355,10500000004399,10509999995941,1fb9e472702bcf1a,186438479,2719,10506886222552,211681,10500000000011,9,10500000008653,611,10500000004399,10509999995941,12.12
10510000000000,10520000000000,333511566,806734,332704832,10510000022329,10519999966351,1277ef4560f0fd25,186493956,3001,10513845932272,213665,10510000000007,9,10510000133993,411,10510000022329,10519999966351,12.08
10520000000000,10530000000000,333505089,808569,332696520,10520000020993,10529999997611,da8fb50e0e65b908,186483201,3229,10527926873944,213237,10520000000009,9,10520000204741,537,10520000020993,10529999997611,12.09
10530000000000,10540000000000,333490655,806359,332684296,10530000008453,10539999999523,40ec46fa304f42a4,186500802,2857,10534275430102,213119,10530000000073,9,10530000012137,589,10530000008453,10539999999523,12.08
10540000000000,10550000000000,333490571,808783,332681788,10540000033993,10549999967083,7972ac277deb7c0e,186546774,3011,10542275452538,212691,10540000000007,9,10540000015429,267,10540000033993,10549999967083,12.09
10550000000000,10560000000000,333460730,805611,332655119,10550000022391,10559999997793,19f45f72baece98a,186511571,2791,10557001547368,212197,10550000000003,39,10550000063441,355,10550000022391,10559999997793,12.07
10560000000000,10570000000000,333454288,806527,332647761,10560000015241,10569999984227,2d0607defca14502,186604335,3181,10565737070146,212209,10560000000023,9,10560000022141,303,10560000015241,10569999984227,12.08
10570000000000,10580000000000,333448502,806082,332642420,10570000004807,10579999992101,0b4fd5246332f10f,186622463,3079,10572487310152,212289,10570000000033,9,10570000024589,265,10570000004807,10579999992101,12.09
10580000000000,10590000000000,333452644,806624,332646020,10580000065213,10589999953073,ae5ff9270b33fc5d,186596520,2927,10587391047206,212897,10580000000021,9,10580000001421,779,10580000065213,10589999953073,12.10
10590000000000,10600000000000,333444167,805510,332638657,10590000000431,10599999979273,ff75a5c02900401f,186604199,2833,10595392142938,212845,10590000000059,9,10590000115187,333,10590000000431,10599999979273,12.10
10600000000000,10610000000000,333403321,805268,332598053,10600000003147,10609999922441,0a9fa99691d8619f,186707770,3019,10600859628874,212310,10600000000013,9,10600000032541,567,10600000003147,10609999922441,12.10
10610000000000,10620000000000,333407085,806305,332600780,10610000016433,10619999994563,c82c52de5a222080,186656932,2731,10610232427468,212700,10610000000059,9,10610000095829,265,10610000016433,10619999994563,12.11
10620000000000,10630000000000,333382048,804079,332577969,10620000039049,10629999995893,427c41cb369c2a1a,186744538,2803,10624861160404,211557,10620000000079,9,10620000023473,305,10620000039049,10629999995893,12.11
10630000000000,10640000000000,333400000,806017,332593983,10630000025237,10639999982713,1016a1620aec1750,186688523,3181,10634989328818,212691,10630000000001,9,10630000083751,303,10630000025237,10639999982713,12.10
10640000000000,10650000000000,333372319,804895,332567424,10640000010797,10649999998307,3c846b0949a1789e,186692120,3217,10648434043864,212364,10640000000017,9,10640000006819,261,10640000010797,10649999998307,12.09
10650000000000,10660000000000,333378141,805256,332572885,10650000015311,10659999994159,9e375e7c4f7ce6db,186702595,2971,10659708144658,211915,10650000000053,9,10650000021593,649,10650000015311,10659999994159,12.09
10660000000000,10670000000000,333365585,804925,332560660,10660000017211,10669999986491,2f3494ace2386e00,186736848,2833,10668733369396,212046,10660000000003,15,10660000073563,471,10660000017211,10669999986491,12.20
10670000000000,10680000000000,333344606,806356,332538250,10670000019131,10679999992667,4bee818349c059bf,186812044,3187,10673907412444,212787,10670000000021,9,10670000097821,265,10670000019131,10679999992667,12.19
10680000000000,10690000000000,333333632,805408,332528224,10680000015361,10689999997771,18cbe41e94d6b5a7,186785287,2971,10689852636856,212081,10680000000031,9,10680000086911,819,10680000015361,10689999997771,12.18
10690000000000,10700000000000,333324486,805800,332518686,10690000018573,10699999986803,abb0b8086e7eb6e7,186876099,3229,10691944459408,211905,10690000000139,9,10690000054441,417,10690000018573,10699999986803,12.33
10700000000000,10710000000000,333326771,805346,332521425,10700000007803,10709999974403,8cbb0879a3900b55,186818155,3001,10709281401088,211767,10700000000051,9,10700000099527,351,10700000007803,10709999974403,12.29
10710000000000,10720000000000,333301481,803639,332497842,10710000002467,10719999988963,d584fc8a13be5d46,186895704,2797,10713628003612,211875,10710000000031,9,10710000003763,321,10710000002467,10719999988963,12.30
10720000000000,10730000000000,333280632,801884,332478748,10720000044541,10729999945759,d97253b1b2c6e3e5,186844473,3169,10729397211622,211745,10720000000027,9,10720000010509,297,10720000044541,10729999945759,12.30
10730000000000,10740000000000,333280503,804484,332476019,10730000012471,10739999971997,01c7f51fb1aea7e1,186883544,3541,10739024562088,212648,10730000000039,9,10730000044667,369,10730000012471,10739999971997,12.33
10740000000000,10750000000000,333272988,802667,332470321,10740000013667,10749999990473,55e4c290338eedf2,186916885,3469,10748252404702,212338,10740000000019,9,10740000006481,323,10740000013667,10749999990473,12.32
10750000000000,10760000000000,333268506,803950,332464556,10750000011769,10759999995749,678c99b09131bec9,186933423,3001,10759412939818,211743,10750000000067,9,10750000028431,297,10750000011769,10759999995749,12.14
10760000000000,10770000000000,333257462,803296,332454166,10760000000033,10769999999453,3e2c6a35321223e1,186883245,2897,10764435290744,211615,10760000000017,9,10760000001763,405,10760000000033,10769999999453,12.13
10770000000000,10780000000000,333240312,801392,332438920,10770000003821,10779999999347,7b1b651305f4980d,186994614,3217,10772175667432,212030,10770000000017,9,10770000066587,445,10770000003821,10779999999347,12.14
10780000000000,10790000000000,333221134,801277,332419857,10780000030187,10789999999633,4c3d35e802327d3a,186997575,3163,10784633804368,211484,10780000000009,9,10780000051979,325,10780000030187,10789999999633,12.14
10790000000000,10800000000000,333224996,802792,332422204,10790000001511,10799999999431,9d55a91094ab7e1f,187046649,2797,10792659100666,211746,10790000000141,9,10790000090777,445,10790000001511,10799999999431,12.15
10800000000000,10810000000000,333216957,801920,332415037,10800000011473,10809999987317,01facf2f99108baf,187035872,2917,10806707033506,212305,10800000000019,9,10800000085331,355,10800000011473,10809999987317,12.18
10810000000000,10820000000000,333198879,802690,332396189,10810000007887,10819999938133,7fb892c80d283c93,187067722,2971,10813464574426,212362,10810000000001,9,10810000016447,295,10810000007887,10819999938133,12.10
10820000000000,10830000000000,333186821,801123,332385698,10820000077091,10829999997211,8adf22c9d9e3cf6a,187052080,3391,10823532622402,213172,10820000000003,15,10820000079061,303,10820000077091,10829999997211,12.10
10830000000000,10840000000000,333193683,803117,332390566,10830000018379,10839999978193,f9905fbc7b12edda,187044557,3181,10834532332228,212155,10830000000119,9,10830000001441,297,10830000018379,10839999978193,12.12
10840000000000,10850000000000,333171466,802536,332368930,10840000006193,10849999970951,041f2e969f08c7ad,187131863,3041,10847584661168,212423,10840000000007,9,10840000002281,535,10840000006193,10849999970951,12.11
10850000000000,10860000000000,333160340,801314,332359026,10850000041157,10859999952631,2c22323f35316121,187116122,3167,10852847573732,212191,10850000000017,9,10850000021573,309,10850000041157,10859999952631,12.13
10860000000000,10870000000000,333167426,801554,332365872,10860000008953,10869999995279,e4375fc905c5d225,187102748,2861,10862603878976,212084,10860000000071,9,10860000046289,265,10860000008953,10869999995279,12.14
10870000000000,10880000000000,333132870,799989,332332881,10870000008071,10879999997863,3f439516fad8c354,187209238,3203,10872937995224,211674,10870000000033,9,10870000141207,335,10870000008071,10879999997863,12.23
10880000000000,10890000000000,333130304,800539,332329765,10880000000539,10889999995813,82b01d040c064bf6,187212927,2819,10883610650972,212016,10880000000027,9,10880000043821,385,10880000000539,10889999995813,12.26
10890000000000,10900000000000,333119422,802312,332317110,10890000010937,10899999987301,6e43e531766eb237,187195311,3271,10891582476328,211617,10890000000007,9,10890000023719,323,10890000010937,10899999987301,12.24
10900000000000,10910000000000,333102956,801379,332301577,10900000033733,10909999938049,b83fe4eed97d3354,187227396,2939,10907120246558,211230,10900000000009,9,10900000040093,301,10900000033733,10909999938049,12.15
10910000000000,10920000000000,333088667,803381,332285286,10910000007421,10919999977661,bd0501f2f330b026,187265846,2927,10918576115126,212104,10910000000027,9,10910000063539,267,10910000007421,10919999977661,12.14
10920000000000,10930000000000,333084951,800860,332284091,10920000001241,10929999990229,4154c5eaf44e8b2f,187247789,3319,10929929027398,211360,10920000000001,9,10920000092929,485,10920000001241,10929999990229,12.15
10930000000000,10940000000000,333073742,799476,332274266,10930000001281,10939999993849,70b3099539635c43,187302183,2953,10931843099608,211233,10930000000001,9,10930000103987,309,10930000001281,10939999993849,12.14
10940000000000,10950000000000,333073465,801780,332271685,10940000009041,10949999958929,ad401b36ead4ca7b,187284242,2917,10944169485562,211403,10940000000003,9,10940000019073,681,10940000009041,10949999958929,12.11
10950000000000,10960000000000,333068992,799199,332269793,10950000004523,10959999992813,8b82cd72c3de42ec,187227003,2833,10957257740056,211491,10950000000047,9,10950000002069,333,10950000004523,10959999992813,12.13
10960000000000,10970000000000,333037487,800712,332236775,10960000001263,10969999987523,876ff77579623351,187334711,2693,10968704462798,212102,10960000000057,9,10960000103027,333,10960000001263,10969999987523,12.10
10970000000000,10980000000000,333036332,800559,332235773,10970000044447,10979999986723,12262a45e08da5b4,187347879,3301,10974678789796,211826,10970000000023,9,10970000005049,315,10970000044447,10979999986723,12.13
10980000000000,10990000000000,333044321,799346,332244975,10980000027053,10989999985543,7c4de36b9c2a70eb,187340797,3373,10982488512616,212151,10980000000001,9,10980000001129,371,10980000027053,10989999985543,12.10
10990000000000,11000000000000,333018388,799163,332219225,10990000003651,10999999999151,7135a80eb6dc4fd8,187366482,3037,10993437378982,211049,10990000000003,15,10990000031057,325,10990000003651,10999999999151,12.07
11000000000000,11010000000000,333008260,798252,332210008,11000000005517,11009999977831,146a74a00ae6cd7d,187421266,2719,11004168323878,210800,11000000000039,9,11000000038667,391,11000000005517,11009999977831,12.08
11010000000000,11020000000000,333002761,801359,332201402,11010000000491,11019999977737,885bb6ec4f9a5ddc,187419943,2879,11018646534452,211333,11010000000001,9,11010000105353,301,11010000000491,11019999977737,12.10
11020000000000,11030000000000,332991380,799045,332192335,11020000000943,11029999983241,123df28575d43584,187438865,3119,11028987760898,211300,11020000000007,9,11020000025807,265,11020000000943,11029999983241,12.12
11030000000000,11040000000000,332963417,798715,332164702,11030000019211,11039999957323,436bd9a55cb3ffba,187489814,3307,11032098934984,211626,11030000000009,9,11030000009447,309,11030000019211,11039999957323,12.12
11040000000000,11050000000000,332965871,798805,332167066,11040000104057,11049999980893,ac2d0cc2463d6a02,187475937,3121,11040014808322,211459,11040000000047,9,11040000014293,405,11040000104057,11049999980893,12.13
11050000000000,11060000000000,332946527,797450,332149077,11050000031363,11059999995103,a89c3a4292930225,187497808,3049,11056532055748,211997,11050000000003,9,11050000022759,375,11050000031363,11059999995103,12.10
11060000000000,11070000000000,332946536,798231,332148305,11060000026379,11069999965727,81ec034a61bd3122,187504792,3187,11061798770614,211758,11060000000053,9,11060000021717,303,11060000026379,11069999965727,12.09
11070000000000,11080000000000,332935162,796406,332138756,11070000011597,11079999988613,233d7dacafc48839,187494751,2741,11078914649378,211671,11070000000023,9,11070000080471,685,11070000011597,11079999988613,12.09
11080000000000,11090000000000,332930180,796839,332133341,11080000029487,11089999993627,718525084cbf9ee4,187541945,2917,11081817061642,212102,11080000000007,9,11080000133347,273,11080000029487,11089999993627,12.11
11090000000000,11100000000000,332917072,798064,332119008,11090000018191,11099999969609,0777da3aa3be9619,187576327,2857,11096590413256,211224,11090000000003,9,11090000001721,303,11090000018191,11099999969609,12.12
11100000000000,11110000000000,332914604,797125,332117479,11100000006499,11109999996259,493bd0ba3148785e,187579575,2861,11105750442602,210889,11100000000029,9,11100000081493,755,11100000006499,11109999996259,12.11
11110000000000,11120000000000,332910015,796737,332113278,11110000002601,11119999963847,2132bf3c615a9b4c,187624507,2969,11118341461298,212135,11110000000009,9,11110000052387,445,11110000002601,11119999963847,12.13
11120000000000,11130000000000,332886139,799026,332087113,11120000006053,11129999989187,944add4c94c838ef,187613383,3191,11124780838616,210059,11120000000059,9,11120000011849,345,11120000006053,11129999989187,12.13
11130000000000,11140000000000,332867633,796804,332070829,11130000004091,11139999979093,c246958d2f4e52ad,187674055,2917,11139434302162,211826,11130000000037,9,11130000052741,357,11130000004091,11139999979093,12.13
11140000000000,11150000000000,332875401,797334,332078067,11140000031981,11149999986869,d9291f5f3a8f5e2b,187654650,3067,11140037988412,211740,11140000000027,9,11140000025389,267,11140000031981,11149999986869,12.28
11150000000000,11160000000000,332868909,796627,332072282,11150000005307,11159999982421,9c43e7e27229ce5a,187646211,3001,11150890480096,211573,11150000000017,9,11150000122609,305,11150000005307,11159999982421,12.29
11160000000000,11170000000000,332861975,797943,332064032,11160000006431,11169999996373,c303fed89559eb7e,187696479,2857,11167768733074,210710,11160000000001,9,11160000185753,319,11160000006431,11169999996373,12.29
11170000000000,11180000000000,332828930,796854,332032076,11170000005253,11179999989803,c1b91cc5a7a5e707,187758634,3001,11175854438722,211091,11170000000001,9,11170000021951,429,11170000005253,11179999989803,12.29
11180000000000,11190000000000,332836363,796823,332039540,11180000003983,11189999988491,91c9040eb525c86a,187730446,2857,11189907078082,211008,11180000000017,9,11180000087933,345,11180000003983,11189999988491,12.31
11190000000000,11200000000000,332823658,796682,332026976,11190000023131,11199999965881,614e3853f8eb9ec3,187736028,3433,11195261204458,211384,11190000000061,9,11190000336973,321,11190000023131,11199999965881,12.30
11200000000000,11210000000000,332809940,797226,332012714,11200000003141,11209999995683,a9144493ea5f955f,187766335,3433,11206737421768,209658,11200000000003,9,11200000098407,295,11200000003141,11209999995683,12.17
11210000000000,11220000000000,332808201,796474,332011727,11210000007131,11219999999119,26a027f113cf4113,187750188,3169,11218009553188,211313,11210000000029,9,11210000002471,597,11210000007131,11219999999119,12.19
11220000000000,11230000000000,332772382,794066,331978316,11220000004397,11229999996797,fbfdb718ad95827b,187867821,3067,11229267841906,211749,11220000000007,9,11220000041893,261,11220000004397,11229999996797,12.14
11230000000000,11240000000000,332791858,794871,331996987,11230000023301,11239999995251,dc0d6e674bf8243c,187818273,3137,11232052317566,211429,11230000000067,9,11230000044103,471,11230000023301,11239999995251,12.16
11240000000000,11250000000000,332757059,795181,331961878,11240000010653,11249999979821,c1bf1b9410fb0078,187860254,2887,11248203008572,210423,11240000000023,9,11240000030771,417,11240000010653,11249999979821,12.16
11250000000000,11260000000000,332767633,795622,331972011,11250000017287,11259999978397,76c12bd31361d60f,187853735,2731,11257199860072,211741,11250000000037,9,11250000008747,265,11250000017287,11259999978397,12.17
11260000000000,11270000000000,332732462,794941,331937521,11260000028597,11269999980859,6facd11ad97e7e6a,187947089,3253,11261194106956,211036,11260000000003,9,11260000011419,295,11260000028597,11269999980859,12.15
11270000000000,11280000000000,332736270,793637,331942633,11270000029513,11279999993329,046f3c362ecd1ad8,187917551,2963,11271816354998,210896,11270000000009,9,11270000038861,605,11270000029513,11279999993329,12.15
11280000000000,11290000000000,332734199,794014,331940185,11280000009143,11289999997711,806479ee8abc18a3,187847544,3229,11283863915578,211054,11280000000001,9,11280000034033,377,11280000009143,11289999997711,12.13
11290000000000,11300000000000,332718343,794243,331924100,11290000012673,11299999989197,9e4b3671727245a6,187940800,3001,11295306420808,211138,11290000000007,9,11290000081907,259,11290000012673,11299999989197,12.14
11300000000000,11310000000000,332716725,792061,331924664,11300000015281,11309999995841,e18880d6c7002bac,187952864,3121,11300989068256,210947,11300000000057,9,11300000035003,417,11300000015281,11309999995841,12.15
11310000000000,11320000000000,332697323,796181,331901142,11310000001793,11319999982433,743774fd6954a204,187922476,3181,11313065300596,210918,11310000000023,9,11310000099583,1037,11310000001793,11319999982433,12.13
11320000000000,11330000000000,332695644,795456,331900188,11320000027841,11329999992329,662c262ccefadabf,188015647,2971,11324043494878,211190,11320000000003,9,11320000031869,351,11320000027841,11329999992329,12.10
11330000000000,11340000000000,332680749,793078,331887671,11330000016541,11339999978627,0cc9f1e72ac02413,188016117,2953,11335479474766,211035,11330000000009,9,11330000018671,345,11330000016541,11339999978627,12.11
11340000000000,11350000000000,332664680,795462,331869218,11340000008333,11349999999851,be3c4e837b288b13,188036538,3019,11346605359378,211197,11340000000143,9,11340000017321,783,11340000008333,11349999999851,12.08
11350000000000,11360000000000,332657538,794490,331863048,11350000012753,11359999995919,294dac14f77ca34d,188026147,3079,11352563170588,211164,11350000000037,9,11350000007011,345,11350000012753,11359999995919,12.07
11360000000000,11370000000000,332653734,793308,331860426,11360000025383,11369999992999,7901b54e5a361ae3,188080032,3109,11366370091822,210717,11360000000021,9,11360000019773,355,11360000025383,11369999992999,12.08
11370000000000,11380000000000,332645920,793881,331852039,11370000004547,11379999982073,a3d3e28b3dbef9e8,188118344,3011,11374997368778,210840,11370000000053,9,11370000042067,551,11370000004547,11379999982073,12.08
11380000000000,11390000000000,332638888,791664,331847224,11380000001803,11389999975637,53c76a35ddf2c48d,188073210,3037,11384882200792,211284,11380000000021,9,11380000005401,415,11380000001803,11389999975637,12.10
11390000000000,11400000000000,332617477,792169,331825308,11390000036269,11399999997629,ccd16da4c2efab1c,188126715,2953,11399011922134,211031,11390000000003,9,11390000055923,345,11390000036269,11399999997629,12.10
11400000000000,11410000000000,332619733,794303,331825430,11400000003241,11409999969541,2981fc00ad1bb37a,188124528,3037,11403988933132,210849,11400000000017,9,11400000022139,301,11400000003241,11409999969541,12.10
11410000000000,11420000000000,332588962,791511,331797451,11410000014071,11419999976089,e52134f15ed7df28,188161474,3229,11418817436224,211128,11410000000039,9,11410000016341,447,11410000014071,11419999976089,12.11
11420000000000,11430000000000,332584062,792838,331791224,11420000037899,11429999999321,fa26a95833090685,188169217,2917,11423136212302,210827,11420000000027,9,11420000022943,585,11420000037899,11429999999321,12.09
11430000000000,11440000000000,332573908,794465,331779443,11430000018427,11439999997379,43437059448705ee,188184006,2953,11438469184498,210210,11430000000019,9,11430000025601,343,11430000018427,11439999997379,12.09
11440000000000,11450000000000,332572977,792453,331780524,11440000022093,11449999993897,1fe51dd0b6d88642,188232618,3187,11440054339162,211057,11440000000043,9,11440000123463,309,11440000022093,11449999993897,12.14
11450000000000,11460000000000,332562191,791532,331770659,11450000028767,11459999996441,82f4204876d536e1,188230932,2819,11459685707762,211593,11450000000029,9,11450000021497,309,11450000028767,11459999996441,12.13
11460000000000,11470000000000,332557918,793062,331764856,11460000003383,11469999987071,d570352d08f0026d,188226358,2767,11460429162904,210068,11460000000017,9,11460000032087,325,11460000003383,11469999987071,12.14
11470000000000,11480000000000,332524091,789782,331734309,11470000003901,11479999979491,ebe24b8de5026423,188299629,3251,11473836405158,210862,11470000000007,9,11470000076351,399,11470000003901,11479999979491,12.14
11480000000000,11490000000000,332529943,790969,331738974,11480000005261,11489999996753,49facda8ac72bd80,188277632,2917,11487875231242,210596,11480000000081,9,11480000019781,807,11480000005261,11489999996753,12.17
11490000000000,11500000000000,332526739,789705,331737034,11490000021527,11499999989749,5e5a93f96d3d9196,188309664,2803,11498385045118,210062,11490000000001,9,11490000014351,493,11490000021527,11499999989749,12.13
11500000000000,11510000000000,332515258,791050,331724208,11500000001533,11509999998661,8125e9b4aae154a7,188350028,2927,11508604446764,210532,11500000000033,9,11500000211773,345,11500000001533,11509999998661,12.15
11510000000000,11520000000000,332509546,790322,331719224,11510000010881,11519999994329,d279aae9aa9655d3,188313926,2707,11512240418152,211784,11510000000003,9,11510000088761,345,11510000010881,11519999994329,12.18
