# k=5 m=3 no_zero_run_of_length_m_up_to=400002
2 1
3 4
5 4
7 4
11 4
13 4
17 4
19 4
23 4
29 4
31 4
37 4
41 4
43 4
47 4
53 4
59 4
61 4
67 4
71 4
73 4
79 4
83 4
89 4
97 4
101 4
103 4
107 4
109 4
113 4
127 3
131 4
137 4
139 3
149 4
151 4
157 4
163 3
167 4
173 4
179 4
181 4
191 4
193 4
197 4
199 4
211 4
223 4
227 4
229 4
233 4
239 3
241 4
251 4
257 4
263 4
269 4
271 2
277 4
281 4
283 4
293 4
307 4
311 4
313 4
317 3
331 3
337 2
347 3
349 4
353 3
359 4
367 4
373 2
379 2
383 4
389 4
397 4
401 4
409 4
419 4
421 4
431 4
433 4
439 4
443 4
449 4
457 4
461 4
463 4
467 2
479 4
487 4
491 4
499 3
503 4
509 4
521 4
523 3
541 4
547 4
557 4
563 4
569 1
571 4
577 4
587 3
593 4
599 4
601 4
607 4
613 3
617 4
619 4
631 4
641 4
643 4
647 4
653 4
659 4
661 3
673 3
677 4
683 2
691 4
701 4
709 4
719 4
727 4
733 4
739 4
743 3
751 4
757 4
761 4
769 4
773 4
787 4
797 4
809 4
811 3
821 4
823 4
827 3
829 4
839 4
853 3
857 4
859 4
863 4
877 4
881 4
883 4
887 4
907 3
911 4
919 4
929 4
937 2
941 3
947 4
953 4
967 4
971 4
977 4
983 3
991 4
997 2
1009 4
1013 4
1019 4
1021 3
1031 4
1033 4
1039 4
1049 4
1051 4
1061 4
1063 4
1069 4
1087 4
1091 4
1093 4
1097 4
1103 3
1109 2
1117 4
1123 4
1129 4
1151 4
1153 4
1163 4
1171 3
1181 4
1187 4
1193 4
1201 4
1213 4
1217 3
1223 4
1229 4
1231 4
1237 4
1249 4
1259 4
1277 4
1279 4
1283 4
1289 4
1291 4
1297 4
1301 4
1303 4
1307 4
1319 4
1321 4
1327 3
1361 4
1367 4
1373 3
1381 4
1399 4
1409 4
1423 4
1427 4
1429 4
1433 4
1439 4
1447 4
1451 4
1453 4
1459 4
1471 4
1481 4
1483 3
1487 4
1489 4
1493 3
1499 3
1511 4
1523 4
1531 4
1543 4
1549 4
1553 4
1559 4
1567 4
1571 3
1579 3
1583 4
1597 4
1601 4
1607 3
1609 4
1613 4
1619 4
1621 4
1627 4
1637 4
1657 4
1663 3
1667 1
1669 4
1693 3
1697 4
1699 4
1709 4
1721 4
1723 4
1733 4
1741 3
1747 4
1753 4
1759 4
1777 4
1783 4
1787 4
1789 4
1801 3
1811 4
1823 4
1831 4
1847 4
1861 3
1867 4
1871 4
1873 4
1877 3
1879 4
1889 4
1901 4
1907 4
1913 4
1931 3
1933 4
1949 4
1951 4
1973 4
1979 4
1987 4
1993 4
1997 4
1999 4
2003 4
2011 4
2017 4
2027 4
2029 4
2039 4
2053 4
2063 3
2069 4
2081 4
2083 4
2087 4
2089 4
2099 4
2111 4
2113 4
2129 4
2131 3
2137 4
2141 4
2143 4
2153 4
2161 4
2179 3
2203 4
2207 4
2213 4
2221 4
2237 4
2239 4
2243 4
2251 4
2267 4
2269 4
2273 4
2281 4
2287 4
2293 4
2297 4
2309 4
2311 4
2333 4
2339 4
2341 4
2347 4
2351 4
2357 4
2371 4
2377 4
2381 4
2383 4
2389 4
2393 4
2399 4
2411 4
2417 4
2423 4
2437 3
2441 4
2447 4
2459 4
2467 4
2473 1
2477 4
2503 4
2521 4
2531 4
2539 4
2543 4
2549 4
2551 4
2557 4
2579 4
2591 4
2593 4
2609 4
2617 4
2621 4
2633 4
2647 4
2657 4
2659 4
2663 4
2671 4
2677 3
2683 4
2687 4
2689 4
2693 4
2699 4
2707 4
2711 4
2713 3
2719 4
2729 4
2731 4
2741 4
2749 4
2753 4
2767 4
2777 4
2789 4
2791 3
2797 4
2801 3
2803 3
2819 4
2833 4
2837 4
2843 3
2851 4
2857 4
2861 4
2879 4
2887 4
2897 4
2903 4
2909 4
2917 4
2927 4
2939 4
2953 3
2957 4
2963 4
2969 4
2971 4
2999 4
3001 2
3011 4
3019 4
3023 4
3037 4
3041 4
3049 4
3061 4
3067 4
3079 4
3083 4
3089 4
3109 4
3119 4
3121 4
3137 4
3163 4
3167 4
3169 4
3181 4
3187 4
3191 4
3203 4
3209 4
3217 3
3221 4
3229 4
3251 4
3253 4
3257 3
3259 4
3271 4
3299 4
3301 4
3307 4
3313 3
3319 4
3323 4
3329 4
3331 3
3343 4
3347 4
3359 4
3361 3
3371 4
3373 4
3389 4
3391 4
3407 4
3413 4
3433 4
3449 4
3457 3
3461 4
3463 4
3467 4
3469 4
3491 4
3499 4
3511 3
3517 3
3527 4
3529 4
3533 4
3539 3
3541 4
3547 4
3557 4
3559 4
3571 4
3581 4
3583 4
3593 4
3607 4
3613 4
3617 4
3623 4
3631 4
3637 4
3643 4
3659 4
3671 4
3673 4
3677 4
3691 4
3697 4
3701 4
3709 4
3719 4
3727 4
3733 4
3739 4
3761 4
3767 4
3769 4
3779 4
3793 4
3797 4
3803 4
3821 4
3823 4
3833 4
3847 4
3851 4
3853 4
3863 4
3877 4
3881 4
3889 4
3907 4
3911 3
3917 4
3919 4
3923 4
3929 4
3931 4
3943 4
3947 4
3967 4
3989 4
4001 4
4003 4
4007 4
4013 4
4019 4
4021 4
4027 4
4049 4
4051 4
4057 4
4073 4
4079 4
4091 3
4093 4
4099 4
4111 4
4127 4
4129 4
4133 4
4139 4
4153 4
4157 4
4159 4
4177 4
4201 4
4211 4
4217 4
4219 4
4229 3
4231 4
4241 4
4243 4
4253 4
4259 4
4261 4
4271 4
4273 4
4283 4
4289 4
4297 4
4327 4
4337 3
4339 4
4349 4
4357 4
4363 4
4373 4
4391 4
4397 4
4409 4
4421 4
4423 4
4441 4
4447 4
4451 4
4457 4
4463 3
4481 4
4483 4
4493 4
4507 4
4513 4
4517 4
4519 4
4523 4
4547 4
4549 4
4561 4
4567 4
4583 4
4591 4
4597 4
4603 4
4621 4
4637 4
4639 4
4643 4
4649 4
4651 4
4657 3
4663 4
4673 4
4679 4
4691 4
4703 4
4721 4
4723 4
4729 4
4733 4
4751 4
4759 4
4783 4
4787 4
4789 4
4793 4
4799 4
4801 4
4813 4
4817 4
4831 3
4861 4
4871 4
4877 4
4889 4
4903 4
4909 4
4919 4
4931 4
4933 4
4937 4
4943 4
4951 3
4957 3
4967 4
4969 4
4973 4
4987 4
4993 4
4999 4
5003 4
5009 4
5011 4
5021 4
5023 4
5039 4
5051 3
5059 4
5077 4
5081 4
5087 4
5099 4
5101 4
5107 4
5113 4
5119 4
5147 4
5153 4
5167 4
5171 4
5179 4
5189 4
5197 4
5209 4
5227 4
5231 4
5233 4
5237 4
5261 4
5273 4
5279 4
5281 4
5297 4
5303 4
5309 4
5323 3
5333 4
5347 4
5351 4
5381 4
5387 4
5393 4
5399 4
5407 4
5413 4
5417 4
5419 4
5431 4
5437 4
5441 3
5443 4
5449 4
5471 4
5477 4
5479 4
5483 4
5501 4
5503 4
5507 4
5519 4
5521 4
5527 4
5531 4
5557 3
5563 4
5569 4
5573 4
5581 4
5591 4
5623 4
5639 4
5641 4
5647 4
5651 4
5653 4
5657 4
5659 4
5669 4
5683 4
5689 4
5693 4
5701 4
5711 4
5717 4
5737 4
5741 4
5743 4
5749 4
5779 4
5783 4
5791 3
5801 4
5807 4
5813 4
5821 4
5827 4
5839 4
5843 4
5849 4
5851 4
5857 4
5861 4
5867 4
5869 4
5879 4
5881 4
5897 4
5903 4
5923 4
5927 4
5939 4
5953 4
5981 4
5987 4
6007 4
6011 4
6029 4
6037 4
6043 4
6047 4
6053 3
6067 4
6073 4
6079 4
6089 4
6091 4
6101 4
6113 3
6121 4
6131 4
6133 4
6143 4
6151 4
6163 4
6173 4
6197 4
6199 4
6203 4
6211 4
6217 4
6221 4
6229 4
6247 4
6257 4
6263 3
6269 4
6271 4
6277 4
6287 3
6299 4
6301 4
6311 4
6317 4
6323 4
6329 4
6337 4
6343 4
6353 4
6359 4
6361 4
6367 4
6373 4
6379 4
6389 4
6397 4
6421 4
6427 4
6449 4
6451 4
6469 4
6473 4
6481 4
6491 3
6521 4
6529 4
6547 4
6551 4
6553 4
6563 3
6569 4
6571 4
6577 3
6581 4
6599 4
6607 4
6619 4
6637 4
6653 4
6659 4
6661 4
6673 4
6679 4
6689 4
6691 4
6701 4
6703 4
6709 4
6719 4
6733 4
6737 3
6761 4
6763 4
6779 4
6781 4
6791 4
6793 4
6803 4
6823 4
6827 4
6829 4
6833 4
6841 4
6857 4
6863 3
6869 4
6871 4
6883 4
6899 4
6907 4
6911 3
6917 4
6947 4
6949 4
6959 4
6961 3
6967 4
6971 4
6977 4
6983 4
6991 4
6997 4
7001 4
7013 4
7019 4
7027 4
7039 4
7043 4
7057 4
7069 4
7079 3
7103 4
7109 4
7121 4
7127 3
7129 4
7151 4
7159 4
7177 3
7187 4
7193 4
7207 4
7211 4
7213 4
7219 4
7229 4
7237 4
7243 4
7247 4
7253 4
7283 4
7297 3
7307 4
7309 4
7321 4
7331 3
7333 4
7349 4
7351 4
7369 4
7393 4
7411 4
7417 4
7433 4
7451 3
7457 4
7459 4
7477 4
7481 4
7487 4
7489 4
7499 4
7507 4
7517 4
7523 4
7529 4
7537 4
7541 4
7547 4
7549 4
7559 4
7561 4
7573 4
7577 4
7583 4
7589 4
7591 4
7603 4
7607 4
7621 4
7639 4
7643 4
7649 4
7669 4
7673 4
7681 4
7687 4
7691 4
7699 4
7703 4
7717 4
7723 4
7727 4
7741 4
7753 4
7757 4
7759 4
7789 4
7793 4
7817 4
7823 4
7829 4
7841 4
7853 4
7867 4
7873 4
7877 4
7879 4
7883 4
7901 4
7907 4
7919 4
7927 4
7933 4
7937 4
7949 4
7951 4
7963 4
7993 4
8009 4
8011 4
8017 4
8039 4
8053 4
8059 3
8069 4
8081 4
8087 4
8089 4
8093 4
8101 4
8111 4
8117 4
8123 3
8147 4
8161 4
8167 4
8171 4
8179 4
8191 4
8209 4
8219 4
8221 4
8231 4
8233 4
8237 4
8243 4
8263 4
8269 4
8273 4
8287 4
8291 4
8293 4
8297 4
8311 4
8317 4
8329 4
8353 4
8363 4
8369 4
8377 4
8387 4
8389 4
8419 4
8423 4
8429 4
8431 4
8443 4
8447 4
8461 4
8467 4
8501 4
8513 4
8521 4
8527 4
8537 2
8539 4
8543 4
8563 4
8573 4
8581 4
8597 4
8599 4
8609 4
8623 4
8627 4
8629 4
8641 4
8647 4
8663 4
8669 4
8677 4
8681 4
8689 4
8693 4
8699 4
8707 4
8713 4
8719 4
8731 4
8737 4
8741 4
8747 4
8753 4
8761 4
8779 4
8783 4
8803 4
8807 4
8819 4
8821 4
8831 4
8837 4
8839 4
8849 4
8861 4
8863 4
8867 4
8887 4
8893 4
8923 4
8929 4
8933 4
8941 4
8951 4
8963 4
8969 4
8971 4
8999 4
9001 4
9007 4
9011 4
9013 4
9029 4
9041 4
9043 4
9049 4
9059 3
9067 4
9091 4
9103 4
9109 4
9127 4
9133 4
9137 4
9151 4
9157 3
9161 4
9173 4
9181 4
9187 4
9199 4
9203 4
9209 4
9221 4
9227 4
9239 4
9241 4
9257 4
9277 4
9281 4
9283 4
9293 4
9311 4
9319 4
9323 4
9337 4
9341 4
9343 4
9349 4
9371 4
9377 4
9391 4
9397 4
9403 4
9413 4
9419 3
9421 4
9431 4
9433 4
9437 4
9439 4
9461 4
9463 4
9467 4
9473 4
9479 4
9491 4
9497 4
9511 4
9521 4
9533 4
9539 4
9547 4
9551 4
9587 4
9601 4
9613 4
9619 4
9623 4
9629 4
9631 4
9643 4
9649 4
9661 4
9677 4
9679 4
9689 4
9697 4
9719 4
9721 4
9733 3
9739 4
9743 4
9749 4
9767 4
9769 4
9781 4
9787 4
9791 4
9803 4
9811 4
9817 4
9829 4
9833 4
9839 4
9851 4
9857 4
9859 4
9871 4
9883 4
9887 4
9901 4
9907 4
9923 4
9929 4
9931 4
9941 4
9949 4
9967 4
9973 4
10007 4
10009 4
10037 4
10039 4
10061 4
10067 4
10069 4
10079 4
10091 4
10093 4
10099 4
10103 4
10111 4
10133 4
10139 4
10141 4
10151 4
10159 4
10163 4
10169 4
10177 4
10181 4
10193 4
10211 4
10223 4
10243 4
10247 4
10253 4
10259 4
10267 4
10271 4
10273 4
10289 4
10301 3
10303 4
10313 4
10321 4
10331 4
10333 3
10337 4
10343 4
10357 4
10369 4
10391 4
10399 4
10427 3
10429 4
10433 4
10453 4
10457 4
10459 4
10463 4
10477 4
10487 4
10499 4
10501 4
10513 4
10529 4
10531 4
10559 4
10567 4
10589 4
10597 3
10601 4
10607 4
10613 4
10627 4
10631 3
10639 4
10651 4
10657 3
10663 4
10667 4
10687 4
10691 4
10709 4
10711 4
10723 4
10729 4
10733 4
10739 4
10753 4
10771 4
10781 4
10789 4
10799 4
10831 4
10837 4
10847 4
10853 4
10859 3
10861 4
10867 4
10883 4
10889 4
10891 4
10903 4
10909 4
10937 4
10939 4
10949 3
10957 4
10973 4
10979 4
10987 4
10993 4
11003 4
11027 4
11047 4
11057 4
11059 4
11069 4
11071 4
11083 4
11087 4
11093 4
11113 4
11117 4
11119 4
11131 4
11149 4
11159 4
11161 4
11171 4
11173 4
11177 4
11197 4
11213 4
11239 4
11243 4
11251 4
11257 4
11261 4
11273 4
11279 4
11287 4
11299 4
11311 4
11317 4
11321 4
11329 4
11351 4
11353 4
11369 4
11383 4
11393 4
11399 4
11411 4
11423 4
11437 4
11443 4
11447 4
11467 4
11471 4
11483 4
11489 3
11491 4
11497 4
11503 4
11519 4
11527 4
11549 4
11551 4
11579 4
11587 4
11593 4
11597 4
11617 4
11621 4
11633 4
11657 4
11677 4
11681 4
11689 4
11699 4
11701 4
11717 4
11719 4
11731 4
11743 4
11777 4
11779 4
11783 3
11789 4
11801 4
11807 4
11813 4
11821 4
11827 4
11831 4
11833 3
11839 4
11863 4
11867 3
11887 4
11897 4
11903 3
11909 4
11923 4
11927 4
11933 4
11939 4
11941 4
11953 4
11959 4
11969 4
11971 4
11981 4
11987 4
12007 4
12011 4
12037 3
12041 4
12043 4
12049 4
12071 4
12073 4
12097 4
12101 4
12107 4
12109 4
12113 4
12119 4
12143 4
12149 4
12157 4
12161 4
12163 3
12197 4
12203 4
12211 4
12227 3
12239 4
12241 4
12251 4
12253 4
12263 4
12269 4
12277 4
12281 4
12289 4
12301 4
12323 4
12329 4
12343 4
12347 4
12373 4
12377 4
12379 4
12391 4
12401 4
12409 4
12413 4
12421 4
12433 4
12437 4
12451 4
12457 4
12473 4
12479 4
12487 4
12491 4
12497 4
12503 4
12511 4
12517 4
12527 4
12539 4
12541 4
12547 4
12553 4
12569 4
12577 4
12583 4
12589 4
12601 4
12611 4
12613 4
12619 4
12637 4
12641 4
12647 4
12653 4
12659 4
12671 4
12689 4
12697 4
12703 3
12713 4
12721 4
12739 4
12743 4
12757 4
12763 4
12781 4
12791 4
12799 4
12809 4
12821 4
12823 4
12829 4
12841 4
12853 4
12889 4
12893 4
12899 4
12907 4
12911 4
12917 4
12919 4
12923 4
12941 4
12953 4
12959 4
12967 4
12973 4
12979 4
12983 4
13001 4
13003 4
13007 4
13009 3
13033 4
13037 4
13043 4
13049 4
13063 4
13093 4
13099 4
13103 4
13109 4
13121 4
13127 4
13147 4
13151 4
13159 4
13163 4
13171 4
13177 4
13183 3
13187 4
13217 4
13219 4
13229 4
13241 4
13249 4
13259 4
13267 4
13291 4
13297 3
13309 4
13313 3
13327 4
13331 4
13337 4
13339 4
13367 4
13381 4
13397 4
13399 4
13411 4
13417 4
13421 4
13441 4
13451 4
13457 4
13463 4
13469 4
13477 4
13487 4
13499 4
13513 4
13523 4
13537 3
13553 4
13567 4
13577 4
13591 4
13597 4
13613 3
13619 4
13627 4
13633 4
13649 4
13669 4
13679 4
13681 4
13687 4
13691 4
13693 4
13697 4
13709 4
13711 4
13721 4
13723 4
13729 4
13751 4
13757 4
13759 4
13763 4
13781 4
13789 4
13799 4
13807 4
13829 4
13831 4
13841 3
13859 4
13873 4
13877 4
13879 4
13883 4
13901 4
13903 4
13907 4
13913 4
13921 4
13931 4
13933 4
13963 4
13967 4
13997 4
13999 4
14009 4
14011 4
14029 4
14033 4
14051 4
14057 4
14071 4
14081 4
14083 4
14087 4
14107 4
14143 4
14149 4
14153 4
14159 4
14173 4
14177 4
14197 4
14207 4
14221 4
14243 4
14249 4
14251 4
14281 4
14293 4
14303 4
14321 4
14323 4
14327 4
14341 4
14347 4
14369 4
14387 4
14389 4
14401 4
14407 4
14411 4
14419 4
14423 4
14431 4
14437 4
14447 4
14449 4
14461 4
14479 4
14489 4
14503 4
14519 4
14533 4
14537 4
14543 4
14549 4
14551 4
14557 3
14561 4
14563 4
14591 4
14593 3
14621 4
14627 4
14629 3
14633 4
14639 4
14653 4
14657 4
14669 4
14683 4
14699 4
14713 4
14717 4
14723 4
14731 4
14737 4
14741 4
14747 4
14753 4
14759 4
14767 4
14771 4
14779 4
14783 4
14797 4
14813 3
14821 4
14827 4
14831 4
14843 4
14851 4
14867 4
14869 4
14879 4
14887 4
14891 3
14897 4
14923 4
14929 4
14939 4
14947 4
14951 4
14957 4
14969 4
14983 4
15013 4
15017 4
15031 4
15053 4
15061 4
15073 4
15077 4
15083 4
15091 4
15101 4
15107 4
15121 4
15131 4
15137 4
15139 4
15149 4
15161 4
15173 4
15187 4
15193 4
15199 4
15217 4
15227 4
15233 4
15241 4
15259 4
15263 4
15269 4
15271 4
15277 4
15287 4
15289 4
15299 4
15307 4
15313 4
15319 4
15329 4
15331 4
15349 4
15359 4
15361 4
15373 4
15377 4
15383 4
15391 4
15401 4
15413 4
15427 3
15439 4
15443 4
15451 4
15461 4
15467 4
15473 4
15493 4
15497 4
15511 4
15527 4
15541 4
15551 4
15559 4
15569 4
15581 4
15583 4
15601 4
15607 4
15619 3
15629 4
15641 4
15643 4
15647 4
15649 4
15661 4
15667 4
15671 3
15679 4
15683 4
15727 4
15731 4
15733 4
15737 4
15739 4
15749 4
15761 4
15767 4
15773 4
15787 4
15791 4
15797 4
15803 4
15809 3
15817 3
15823 4
15859 4
15877 4
15881 4
15887 4
15889 4
15901 4
15907 4
15913 4
15919 4
15923 4
15937 4
15959 4
15971 4
15973 4
15991 4
16001 4
16007 4
16033 4
16057 4
16061 4
16063 4
16067 4
16069 4
16073 4
16087 4
16091 4
16097 3
16103 4
16111 4
16127 4
16139 4
16141 4
16183 4
16187 3
16189 4
16193 3
16217 4
16223 4
16229 4
16231 4
16249 4
16253 4
16267 3
16273 4
16301 4
16319 4
16333 4
16339 4
16349 4
16361 4
16363 4
16369 4
16381 4
16411 4
16417 4
16421 4
16427 4
16433 4
16447 4
16451 4
16453 4
16477 4
16481 4
16487 4
16493 4
16519 4
16529 4
16547 4
16553 4
16561 4
16567 4
16573 4
16603 4
16607 4
16619 4
16631 4
16633 4
16649 4
16651 4
16657 4
16661 4
16673 4
16691 4
16693 4
16699 4
16703 4
16729 4
16741 4
16747 4
16759 4
16763 4
16787 4
16811 4
16823 4
16829 4
16831 4
16843 4
16871 4
16879 4
16883 4
16889 4
16901 4
16903 4
16921 4
16927 4
16931 4
16937 4
16943 3
16963 4
16979 4
16981 4
16987 4
16993 4
17011 4
17021 4
17027 4
17029 4
17033 4
17041 4
17047 4
17053 4
17077 4
17093 4
17099 4
17107 4
17117 4
17123 4
17137 4
17159 4
17167 4
17183 4
17189 4
17191 4
17203 4
17207 4
17209 3
17231 4
17239 4
17257 4
17291 4
17293 4
17299 4
17317 4
17321 4
17327 4
17333 4
17341 4
17351 4
17359 4
17377 4
17383 4
17387 4
17389 4
17393 4
17401 4
17417 4
17419 3
17431 4
17443 4
17449 4
17467 4
17471 4
17477 4
17483 4
17489 4
17491 4
17497 4
17509 4
17519 4
17539 4
17551 4
17569 4
17573 4
17579 4
17581 4
17597 4
17599 4
17609 4
17623 4
17627 4
17657 4
17659 4
17669 4
17681 4
17683 4
17707 4
17713 4
17729 4
17737 4
17747 4
17749 4
17761 4
17783 4
17789 4
17791 4
17807 4
17827 4
17837 4
17839 4
17851 4
17863 4
17881 4
17891 4
17903 4
17909 4
17911 4
17921 4
17923 4
17929 4
17939 4
17957 4
17959 4
17971 4
17977 3
17981 4
17987 4
17989 4
18013 4
18041 4
18043 4
18047 4
18049 4
18059 4
18061 4
18077 4
18089 4
18097 4
18119 4
18121 4
18127 4
18131 4
18133 4
18143 4
18149 4
18169 4
18181 4
18191 4
18199 4
18211 3
18217 4
18223 4
18229 4
18233 4
18251 4
18253 4
18257 4
18269 4
18287 4
18289 4
18301 4
18307 4
18311 4
18313 4
18329 4
18341 4
18353 4
18367 4
18371 4
18379 4
18397 4
18401 4
18413 4
18427 4
18433 4
18439 4
18443 4
18451 4
18457 4
18461 4
18481 4
18493 4
18503 4
18517 4
18521 4
18523 4
18539 4
18541 4
18553 4
18583 4
18587 4
18593 4
18617 4
18637 4
18661 4
18671 3
18679 4
18691 4
18701 4
18713 4
18719 4
18731 4
18743 4
18749 4
18757 4
18773 4
18787 3
18793 4
18797 4
18803 4
18839 4
18859 4
18869 4
18899 4
18911 4
18913 4
18917 4
18919 4
18947 4
18959 4
18973 3
18979 4
19001 4
19009 4
19013 4
19031 4
19037 4
19051 4
19069 4
19073 4
19079 4
19081 4
19087 4
19121 4
19139 4
19141 4
19157 4
19163 4
19181 4
19183 4
19207 4
19211 4
19213 4
19219 4
19231 4
19237 4
19249 4
19259 4
19267 4
19273 4
19289 4
19301 4
19309 4
19319 4
19333 4
19373 4
19379 4
19381 4
19387 4
19391 4
19403 4
19417 4
19421 4
19423 4
19427 4
19429 4
19433 4
19441 4
19447 4
19457 4
19463 3
19469 4
19471 4
19477 4
19483 4
19489 4
19501 4
19507 4
19531 4
19541 4
19543 4
19553 4
19559 4
19571 4
19577 4
19583 4
19597 4
19603 4
19609 4
19661 4
19681 4
19687 4
19697 4
19699 4
19709 4
19717 4
19727 4
19739 4
19751 4
19753 4
19759 4
19763 3
19777 4
19793 4
19801 4
19813 3
19819 4
19841 4
19843 4
19853 4
19861 4
19867 4
19889 4
19891 4
19913 4
19919 4
19927 4
19937 3
19949 4
19961 4
19963 4
19973 4
19979 4
19991 4
19993 4
19997 4
20011 4
20021 4
20023 4
20029 4
20047 4
20051 3
20063 3
20071 4
20089 4
20101 4
20107 4
20113 4
20117 4
20123 4
20129 4
20143 4
20147 3
20149 4
20161 4
20173 4
20177 4
20183 4
20201 4
20219 4
20231 4
20233 4
20249 4
20261 4
20269 4
20287 4
20297 4
20323 4
20327 4
20333 4
20341 4
20347 4
20353 4
20357 4
20359 4
20369 4
20389 4
20393 4
20399 4
20407 4
20411 4
20431 4
20441 4
20443 4
20477 4
20479 4
20483 4
20507 4
20509 4
20521 4
20533 4
20543 4
20549 4
20551 4
20563 4
20593 4
20599 4
20611 4
20627 4
20639 4
20641 4
20663 4
20681 4
20693 4
20707 4
20717 4
20719 4
20731 4
20743 4
20747 4
20749 4
20753 4
20759 4
20771 4
20773 4
20789 4
20807 4
20809 4
20849 4
20857 4
20873 4
20879 4
20887 4
20897 4
20899 4
20903 4
20921 4
20929 4
20939 4
20947 4
20959 4
20963 3
20981 4
20983 4
21001 4
21011 4
21013 4
21017 4
21019 4
21023 4
21031 4
21059 4
21061 4
21067 4
21089 4
21101 3
21107 4
21121 4
21139 4
21143 4
21149 4
21157 3
21163 4
21169 4
21179 4
21187 4
21191 4
21193 4
21211 4
21221 4
21227 4
21247 4
21269 4
21277 4
21283 4
21313 4
21317 4
21319 4
21323 4
21341 4
21347 4
21377 4
21379 4
21383 4
21391 4
21397 4
21401 4
21407 4
21419 4
21433 4
21467 4
21481 4
21487 4
21491 4
21493 4
21499 4
21503 4
21517 4
21521 4
21523 4
21529 4
21557 4
21559 4
21563 4
21569 4
21577 4
21587 4
21589 4
21599 4
21601 4
21611 4
21613 3
21617 4
21647 4
21649 4
21661 4
21673 4
21683 3
21701 4
21713 4
21727 4
21737 4
21739 4
21751 4
21757 4
21767 4
21773 4
21787 4
21799 4
21803 4
21817 4
21821 4
21839 4
21841 4
21851 4
21859 4
21863 3
21871 4
21881 4
21893 4
21911 4
21929 4
21937 4
21943 4
21961 4
21977 4
21991 4
21997 4
22003 4
22013 4
22027 4
22031 4
22037 4
22039 4
22051 4
22063 3
22067 4
22073 4
22079 4
22091 4
22093 4
22109 4
22111 4
22123 4
22129 4
22133 4
22147 4
22153 4
22157 4
22159 4
22171 4
22189 4
22193 4
22229 4
22247 4
22259 4
22271 4
22273 4
22277 4
22279 4
22283 4
22291 4
22303 4
22307 4
22343 4
22349 4
22367 4
22369 4
22381 4
22391 4
22397 4
22409 4
22433 4
22441 4
22447 4
22453 4
22469 4
22481 4
22483 4
22501 4
22511 4
22531 4
22541 4
22543 4
22549 4
22567 3
22571 4
22573 4
22613 4
22619 4
22621 4
22637 4
22639 4
22643 4
22651 4
22669 3
22679 4
22691 4
22697 4
22699 4
22709 4
22717 4
22721 4
22727 4
22739 4
22741 4
22751 4
22769 4
22777 4
22783 4
22787 4
22807 4
22811 4
22817 4
22853 4
22859 4
22861 4
22871 4
22877 4
22901 4
22907 3
22921 4
22937 4
22943 4
22961 4
22963 4
22973 4
22993 4
23003 4
23011 4
23017 4
23021 4
23027 3
23029 4
23039 4
23041 4
23053 4
23057 4
23059 4
23063 4
23071 4
23081 4
23087 4
23099 4
23117 4
23131 4
23143 4
23159 4
23167 4
23173 4
23189 4
23197 4
23201 4
23203 4
23209 4
23227 4
23251 4
23269 4
23279 4
23291 4
23293 3
23297 4
23311 4
23321 4
23327 4
23333 4
23339 4
23357 4
23369 4
23371 4
23399 4
23417 4
23431 4
23447 3
23459 4
23473 4
23497 4
23509 4
23531 4
23537 4
23539 4
23549 4
23557 4
23561 4
23563 3
23567 4
23581 4
23593 3
23599 4
23603 4
23609 4
23623 4
23627 4
23629 4
23633 4
23663 4
23669 4
23671 4
23677 4
23687 4
23689 4
23719 4
23741 4
23743 4
23747 4
23753 4
23761 4
23767 4
23773 4
23789 4
23801 3
23813 4
23819 4
23827 4
23831 4
23833 4
23857 4
23869 4
23873 4
23879 4
23887 4
23893 3
23899 4
23909 4
23911 4
23917 4
23929 4
23957 4
23971 4
23977 3
23981 4
23993 4
24001 4
24007 4
24019 4
24023 4
24029 4
24043 4
24049 4
24061 4
24071 4
24077 4
24083 4
24091 4
24097 4
24103 4
24107 4
24109 4
24113 4
24121 4
24133 4
24137 4
24151 4
24169 4
24179 4
24181 3
24197 4
24203 4
24223 4
24229 4
24239 4
24247 4
24251 4
24281 4
24317 4
24329 4
24337 3
24359 4
24371 4
24373 4
24379 4
24391 4
24407 4
24413 4
24419 4
24421 4
24439 4
24443 4
24469 4
24473 4
24481 4
24499 4
24509 4
24517 4
24527 4
24533 4
24547 4
24551 4
24571 4
24593 4
24611 4
24623 3
24631 4
24659 4
24671 4
24677 4
24683 4
24691 4
24697 4
24709 4
24733 4
24749 4
24763 4
24767 4
24781 4
24793 4
24799 4
24809 4
24821 4
24841 4
24847 4
24851 4
24859 4
24877 4
24889 4
24907 4
24917 4
24919 4
24923 4
24943 4
24953 4
24967 4
24971 4
24977 4
24979 4
24989 4
25013 3
25031 4
25033 4
25037 4
25057 4
25073 4
25087 4
25097 4
25111 4
25117 4
25121 4
25127 4
25147 4
25153 4
25163 3
25169 4
25171 4
25183 4
25189 4
25219 4
25229 3
25237 4
25243 4
25247 4
25253 4
25261 4
25301 4
25303 4
25307 4
25309 4
25321 3
25339 3
25343 4
25349 4
25357 4
25367 4
25373 4
25391 4
25409 4
25411 4
25423 4
25439 4
25447 4
25453 4
25457 4
25463 3
25469 4
25471 4
25523 4
25537 3
25541 4
25561 4
25577 4
25579 4
25583 4
25589 4
25601 4
25603 4
25609 4
25621 4
25633 4
25639 4
25643 4
25657 4
25667 4
25673 4
25679 4
25693 4
25703 4
25717 4
25733 4
25741 4
25747 4
25759 4
25763 4
25771 4
25793 4
25799 4
25801 4
25819 4
25841 4
25847 4
25849 4
25867 4
25873 4
25889 3
25903 4
25913 4
25919 4
25931 4
25933 4
25939 4
25943 4
25951 4
25969 4
25981 4
25997 4
25999 4
26003 4
26017 4
26021 4
26029 4
26041 3
26053 4
26083 4
26099 4
26107 4
26111 4
26113 4
26119 4
26141 4
26153 3
26161 4
26171 4
26177 4
26183 4
26189 4
26203 4
26209 4
26227 4
26237 4
26249 4
26251 4
26261 4
26263 4
26267 4
26293 4
26297 4
26309 4
26317 4
26321 4
26339 4
26347 3
26357 4
26371 4
26387 4
26393 4
26399 4
26407 4
26417 4
26423 4
26431 4
26437 4
26449 4
26459 4
26479 4
26489 4
26497 4
26501 4
26513 4
26539 4
26557 4
26561 4
26573 4
26591 4
26597 4
26627 4
26633 4
26641 4
26647 4
26669 4
26681 4
26683 4
26687 4
26693 4
26699 4
26701 4
26711 4
26713 4
26717 4
26723 4
26729 4
26731 4
26737 3
26759 4
26777 4
26783 4
26801 4
26813 4
26821 4
26833 4
26839 4
26849 4
26861 3
26863 4
26879 3
26881 4
26891 4
26893 4
26903 4
26921 4
26927 4
26947 4
26951 4
26953 4
26959 4
26981 4
26987 3
26993 4
27011 4
27017 4
27031 4
27043 3
27059 4
27061 4
27067 4
27073 4
27077 4
27091 4
27103 4
27107 4
27109 4
27127 4
27143 4
27179 4
27191 4
27197 4
27211 4
27239 4
27241 3
27253 4
27259 4
27271 4
27277 4
27281 4
27283 4
27299 4
27329 4
27337 4
27361 4
27367 4
27397 4
27407 4
27409 4
27427 4
27431 4
27437 3
27449 4
27457 4
27479 4
27481 4
27487 4
27509 4
27527 4
27529 4
27539 4
27541 4
27551 4
27581 4
27583 4
27611 4
27617 3
27631 4
27647 4
27653 4
27673 4
27689 4
27691 4
27697 4
27701 4
27733 4
27737 4
27739 4
27743 4
27749 4
27751 4
27763 4
27767 4
27773 4
27779 4
27791 4
27793 4
27799 4
27803 4
27809 4
27817 4
27823 4
27827 4
27847 4
27851 4
27883 4
27893 4
27901 4
27917 4
27919 4
27941 4
27943 4
27947 4
27953 4
27961 4
27967 3
27983 3
27997 4
28001 4
28019 4
28027 4
28031 4
28051 4
28057 4
28069 4
28081 4
28087 4
28097 4
28099 4
28109 4
28111 4
28123 4
28151 4
28163 4
28181 4
28183 4
28201 4
28211 4
28219 4
28229 4
28277 4
28279 4
28283 3
28289 4
28297 4
28307 4
28309 4
28319 3
28349 4
28351 4
28387 4
28393 4
28403 4
28409 4
28411 4
28429 4
28433 4
28439 3
28447 4
28463 4
28477 4
28493 4
28499 4
28513 4
28517 4
28537 4
28541 4
28547 4
28549 4
28559 4
28571 3
28573 4
28579 4
28591 4
28597 3
28603 4
28607 4
28619 4
28621 4
28627 4
28631 4
28643 4
28649 4
28657 4
28661 4
28663 4
28669 4
28687 4
28697 4
28703 4
28711 4
28723 4
28729 4
28751 4
28753 4
28759 4
28771 4
28789 4
28793 4
28807 4
28813 4
28817 4
28837 4
28843 4
28859 3
28867 4
28871 4
28879 4
28901 4
28909 4
28921 4
28927 4
28933 4
28949 4
28961 4
28979 4
29009 4
29017 4
29021 4
29023 4
29027 3
29033 4
29059 4
29063 4
29077 4
29101 4
29123 4
29129 4
29131 4
29137 4
29147 4
29153 3
29167 4
29173 4
29179 4
29191 4
29201 4
29207 4
29209 4
29221 3
29231 4
29243 4
29251 4
29269 4
29287 4
29297 4
29303 3
29311 4
29327 4
29333 4
29339 4
29347 3
29363 4
29383 4
29387 4
29389 3
29399 4
29401 4
29411 4
29423 4
29429 4
29437 3
29443 4
29453 4
29473 4
29483 4
29501 4
29527 4
29531 4
29537 4
29567 4
29569 4
29573 4
29581 4
29587 4
29599 4
29611 4
29629 4
29633 4
29641 4
29663 4
29669 4
29671 4
29683 4
29717 4
29723 4
29741 4
29753 4
29759 4
29761 4
29789 4
29803 4
29819 4
29833 4
29837 3
29851 4
29863 4
29867 4
29873 4
29879 4
29881 4
29917 4
29921 4
29927 4
29947 4
29959 4
29983 4
29989 4
30011 4
30013 4
30029 4
30047 4
30059 4
30071 4
30089 4
30091 4
30097 4
30103 4
30109 4
30113 4
30119 4
30133 4
30137 4
30139 4
30161 4
30169 4
30181 4
30187 4
30197 4
30203 4
30211 4
30223 4
30241 4
30253 4
30259 4
30269 4
30271 3
30293 4
30307 4
30313 4
30319 4
30323 4
30341 4
30347 4
30367 4
30389 4
30391 4
30403 4
30427 4
30431 4
30449 4
30467 4
30469 4
30491 4
30493 4
30497 4
30509 4
30517 4
30529 4
30539 4
30553 4
30557 4
30559 4
30577 4
30593 4
30631 4
30637 4
30643 4
30649 4
30661 4
30671 3
30677 4
30689 4
30697 4
30703 4
30707 4
30713 4
30727 4
30757 4
30763 4
30773 4
30781 4
30803 4
30809 4
30817 4
30829 3
30839 3
30841 4
30851 4
30853 4
30859 4
30869 4
30871 4
30881 4
30893 4
30911 4
30931 4
30937 4
30941 4
30949 4
30971 4
30977 4
30983 4
31013 4
31019 4
31033 4
31039 4
31051 4
31063 4
31069 4
31079 4
31081 4
31091 4
31121 4
31123 4
31139 4
31147 4
31151 4
31153 3
31159 4
31177 4
31181 4
31183 4
31189 3
31193 4
31219 4
31223 4
31231 4
31237 4
31247 4
31249 4
31253 4
31259 4
31267 4
31271 4
31277 4
31307 3
31319 4
31321 4
31327 4
31333 4
31337 4
31357 4
31379 4
31387 4
31391 4
31393 4
31397 4
31469 4
31477 4
31481 4
31489 4
31511 4
31513 4
31517 4
31531 4
31541 3
31543 4
31547 4
31567 4
31573 4
31583 4
31601 4
31607 4
31627 4
31643 4
31649 4
31657 4
31663 4
31667 4
31687 4
31699 4
31721 4
31723 4
31727 4
31729 4
31741 4
31751 4
31769 4
31771 4
31793 4
31799 4
31817 4
31847 4
31849 4
31859 4
31873 4
31883 3
31891 4
31907 4
31957 4
31963 4
31973 4
31981 4
31991 4
32003 4
32009 4
32027 4
32029 4
32051 4
32057 4
32059 4
32063 4
32069 4
32077 4
32083 4
32089 4
32099 4
32117 4
32119 4
32141 4
32143 4
32159 4
32173 4
32183 4
32189 4
32191 4
32203 4
32213 4
32233 3
32237 4
32251 4
32257 4
32261 4
32297 4
32299 4
32303 4
32309 4
32321 4
32323 4
32327 3
32341 4
32353 4
32359 4
32363 4
32369 4
32371 4
32377 4
32381 4
32401 4
32411 4
32413 4
32423 4
32429 4
32441 4
32443 3
32467 4
32479 4
32491 4
32497 4
32503 4
32507 4
32531 4
32533 4
32537 4
32561 4
32563 4
32569 4
32573 4
32579 4
32587 4
32603 4
32609 4
32611 4
32621 4
32633 4
32647 4
32653 4
32687 4
32693 4
32707 3
32713 4
32717 4
32719 4
32749 4
32771 4
32779 4
32783 3
32789 4
32797 4
32801 4
32803 4
32831 4
32833 4
32839 4
32843 4
32869 4
32887 4
32909 4
32911 4
32917 4
32933 4
32939 4
32941 4
32957 4
32969 4
32971 4
32983 4
32987 4
32993 4
32999 4
33013 4
33023 4
33029 4
33037 4
33049 4
33053 4
33071 4
33073 4
33083 4
33091 4
33107 4
33113 4
33119 4
33149 4
33151 4
33161 4
33179 4
33181 4
33191 4
33199 4
33203 4
33211 4
33223 4
33247 3
33287 4
33289 4
33301 4
33311 4
33317 4
33329 4
33331 4
33343 4
33347 4
33349 4
33353 4
33359 4
33377 4
33391 4
33403 4
33409 4
33413 4
33427 4
33457 4
33461 4
33469 4
33479 4
33487 4
33493 4
33503 4
33521 4
33529 4
33533 4
33547 4
33563 3
33569 3
33577 4
33581 4
33587 4
33589 4
33599 4
33601 4
33613 4
33617 4
33619 4
33623 4
33629 4
33637 4
33641 4
33647 4
33679 4
33703 4
33713 4
33721 4
33739 3
33749 4
33751 4
33757 4
33767 4
33769 4
33773 4
33791 4
33797 4
33809 4
33811 4
33827 4
33829 4
33851 4
33857 4
33863 4
33871 4
33889 4
33893 4
33911 4
33923 4
33931 4
33937 4
33941 4
33961 4
33967 4
33997 4
34019 4
34031 4
34033 4
34039 4
34057 4
34061 4
34123 4
34127 4
34129 3
34141 4
34147 4
34157 4
34159 4
34171 4
34183 4
34211 4
34213 4
34217 4
34231 4
34253 4
34259 3
34261 4
34267 4
34273 4
34283 4
34297 4
34301 4
34303 4
34313 4
34319 4
34327 4
34337 4
34351 4
34361 4
34367 4
34369 4
34381 4
34403 4
34421 4
34429 4
34439 4
34457 4
34469 4
34471 4
34483 4
34487 4
34499 4
34501 4
34511 4
34513 4
34519 4
34537 3
34543 4
34549 4
34583 4
34589 4
34591 4
34603 4
34607 4
34613 4
34631 4
34649 4
34651 4
34667 4
34673 4
34679 3
34687 4
34693 4
34703 4
34721 4
34729 4
34739 4
34747 4
34757 4
34759 4
34763 4
34781 4
34807 4
34819 4
34841 4
34843 4
34847 4
34849 4
34871 4
34877 4
34883 4
34897 4
34913 4
34919 4
34939 4
34949 4
34961 4
34963 4
34981 4
35023 4
35027 4
35051 4
35053 4
35059 4
35069 4
35081 4
35083 4
35089 4
35099 4
35107 4
35111 4
35117 4
35129 4
35141 3
35149 4
35153 4
35159 4
35171 4
35201 4
35221 4
35227 4
35251 4
35257 4
35267 4
35279 4
35281 4
35291 4
35311 4
35317 4
35323 4
35327 4
35339 4
35353 4
35363 4
35381 4
35393 4
35401 4
35407 4
35419 4
35423 4
35437 3
35447 4
35449 4
35461 4
35491 4
35507 4
35509 4
35521 4
35527 4
35531 4
35533 4
35537 4
35543 4
35569 4
35573 4
35591 4
35593 4
35597 4
35603 4
35617 4
35671 4
35677 4
35729 4
35731 4
35747 4
35753 4
35759 4
35771 4
35797 3
35801 4
35803 4
35809 4
35831 4
35837 4
35839 4
35851 4
35863 4
35869 4
35879 4
35897 4
35899 4
35911 4
35923 4
35933 4
35951 4
35963 4
35969 4
35977 4
35983 4
35993 4
35999 4
36007 4
36011 4
36013 4
36017 4
36037 3
36061 4
36067 3
36073 4
36083 4
36097 4
36107 4
36109 4
36131 2
36137 4
36151 4
36161 4
36187 4
36191 4
36209 4
36217 4
36229 4
36241 4
36251 4
36263 4
36269 4
36277 4
36293 4
36299 4
36307 4
36313 4
36319 4
36341 4
36343 4
36353 4
36373 4
36383 4
36389 4
36433 4
36451 4
36457 4
36467 4
36469 4
36473 4
36479 4
36493 4
36497 4
36523 4
36527 4
36529 4
36541 4
36551 4
36559 4
36563 4
36571 4
36583 4
36587 4
36599 4
36607 4
36629 4
36637 4
36643 4
36653 4
36671 4
36677 4
36683 4
36691 4
36697 3
36709 4
36713 4
36721 4
36739 4
36749 4
36761 4
36767 4
36779 4
36781 4
36787 4
36791 4
36793 4
36809 4
36821 4
36833 4
36847 4
36857 4
36871 4
36877 4
36887 4
36899 4
36901 4
36913 4
36919 4
36923 4
36929 4
36931 4
36943 4
36947 4
36973 4
36979 4
36997 4
37003 4
37013 4
37019 4
37021 4
37039 4
37049 4
37057 4
37061 4
37087 4
37097 4
37117 3
37123 4
37139 4
37159 4
37171 4
37181 4
37189 4
37199 4
37201 4
37217 4
37223 4
37243 4
37253 4
37273 4
37277 4
37307 4
37309 4
37313 3
37321 4
37337 4
37339 4
37357 4
37361 4
37363 3
37369 4
37379 4
37397 4
37409 4
37423 4
37441 4
37447 4
37463 4
37483 4
37489 4
37493 4
37501 4
37507 4
37511 4
37517 4
37529 4
37537 4
37547 4
37549 4
37561 4
37567 4
37571 4
37573 4
37579 4
37589 4
37591 4
37607 4
37619 4
37633 4
37643 4
37649 4
37657 4
37663 4
37691 4
37693 4
37699 4
37717 4
37747 4
37781 4
37783 4
37799 4
37811 4
37813 4
37831 4
37847 4
37853 4
37861 4
37871 4
37879 4
37889 4
37897 3
37907 3
37951 4
37957 4
37963 4
37967 3
37987 4
37991 4
37993 4
37997 4
38011 4
38039 4
38047 4
38053 4
38069 4
38083 4
38113 4
38119 4
38149 4
38153 4
38167 4
38177 4
38183 4
38189 4
38197 4
38201 4
38219 3
38231 3
38237 3
38239 4
38261 4
38273 4
38281 4
38287 4
38299 4
38303 4
38317 4
38321 4
38327 4
38329 4
38333 4
38351 4
38371 4
38377 3
38393 4
38431 4
38447 4
38449 4
38453 4
38459 4
38461 4
38501 4
38543 3
38557 4
38561 4
38567 4
38569 4
38593 4
38603 4
38609 4
38611 4
38629 4
38639 4
38651 4
38653 4
38669 4
38671 4
38677 4
38693 4
38699 4
38707 4
38711 4
38713 4
38723 4
38729 4
38737 4
38747 4
38749 4
38767 4
38783 4
38791 4
38803 4
38821 4
38833 4
38839 4
38851 4
38861 4
38867 4
38873 4
38891 4
38903 4
38917 4
38921 4
38923 4
38933 4
38953 4
38959 4
38971 4
38977 4
38993 4
39019 4
39023 3
39041 4
39043 4
39047 4
39079 4
39089 4
39097 4
39103 4
39107 4
39113 4
39119 4
39133 4
39139 4
39157 4
39161 4
39163 4
39181 4
39191 4
39199 4
39209 4
39217 4
39227 4
39229 4
39233 4
39239 4
39241 4
39251 4
39293 3
39301 4
39313 3
39317 4
39323 4
39341 4
39343 4
39359 4
39367 4
39371 4
39373 4
39383 4
39397 4
39409 4
39419 4
39439 4
39443 4
39451 4
39461 3
39499 4
39503 4
39509 4
39511 4
39521 4
39541 3
39551 4
39563 3
39569 4
39581 4
39607 4
39619 4
39623 4
39631 4
39659 4
39667 4
39671 4
39679 4
39703 4
39709 4
39719 4
39727 4
39733 4
39749 3
39761 4
39769 4
39779 4
39791 4
39799 4
39821 4
39827 4
39829 4
39839 4
39841 4
39847 4
39857 4
39863 4
39869 4
39877 4
39883 4
39887 4
39901 4
39929 4
39937 4
39953 4
39971 4
39979 4
39983 4
39989 4
40009 3
40013 4
40031 4
40037 4
40039 4
40063 4
40087 4
40093 4
40099 3
40111 4
40123 4
40127 4
40129 4
40151 4
40153 4
40163 4
40169 4
40177 4
40189 3
40193 4
40213 4
40231 4
40237 4
40241 4
40253 4
40277 4
40283 4
40289 4
40343 4
40351 4
40357 4
40361 4
40387 4
40423 4
40427 4
40429 4
40433 4
40459 4
40471 4
40483 4
40487 4
40493 4
40499 4
40507 4
40519 4
40529 4
40531 4
40543 4
40559 4
40577 4
40583 4
40591 4
40597 4
40609 4
40627 4
40637 4
40639 4
40693 4
40697 4
40699 4
40709 4
40739 4
40751 4
40759 4
40763 4
40771 4
40787 4
40801 4
40813 4
40819 4
40823 4
40829 4
40841 4
40847 4
40849 4
40853 4
40867 4
40879 4
40883 4
40897 4
40903 4
40927 3
40933 4
40939 4
40949 4
40961 4
40973 4
40993 4
41011 4
41017 4
41023 4
41039 4
41047 4
41051 4
41057 3
41077 4
41081 4
41113 4
41117 4
41131 4
41141 4
41143 4
41149 4
41161 4
41177 4
41179 4
41183 3
41189 4
41201 4
41203 4
41213 4
41221 4
41227 4
41231 4
41233 4
41243 4
41257 4
41263 4
41269 3
41281 4
41299 4
41333 4
41341 4
41351 4
41357 4
41381 4
41387 4
41389 4
41399 4
41411 4
41413 4
41443 4
41453 4
41467 4
41479 4
41491 4
41507 4
41513 4
41519 4
41521 4
41539 3
41543 4
41549 4
41579 4
41593 4
41597 4
41603 4
41609 4
41611 4
41617 4
41621 4
41627 4
41641 4
41647 4
41651 4
41659 4
41669 4
41681 4
41687 3
41719 4
41729 4
41737 4
41759 4
41761 4
41771 4
41777 4
41801 3
41809 4
41813 4
41843 4
41849 4
41851 4
41863 4
41879 4
41887 4
41893 4
41897 4
41903 4
41911 4
41927 4
41941 4
41947 4
41953 4
41957 4
41959 4
41969 4
41981 4
41983 4
41999 4
42013 4
42017 4
42019 4
42023 4
42043 4
42061 4
42071 4
42073 4
42083 4
42089 4
42101 3
42131 4
42139 4
42157 3
42169 4
42179 4
42181 4
42187 4
42193 4
42197 4
42209 4
42221 4
42223 4
42227 4
42239 4
42257 4
42281 4
42283 4
42293 4
42299 4
42307 4
42323 4
42331 4
42337 4
42349 4
42359 4
42373 4
42379 4
42391 4
42397 4
42403 4
42407 4
42409 4
42433 4
42437 4
42443 4
42451 4
42457 4
42461 4
42463 4
42467 4
42473 4
42487 4
42491 4
42499 4
42509 4
42533 4
42557 4
42569 4
42571 4
42577 3
42589 4
42611 4
42641 4
42643 4
42649 4
42667 4
42677 4
42683 4
42689 4
42697 4
42701 4
42703 4
42709 4
42719 4
42727 4
42737 4
42743 4
42751 4
42767 4
42773 4
42787 4
42793 4
42797 4
42821 4
42829 4
42839 4
42841 3
42853 4
42859 4
42863 4
42899 4
42901 4
42923 4
42929 4
42937 3
42943 4
42953 3
42961 4
42967 4
42979 4
42989 4
43003 4
43013 4
43019 4
43037 4
43049 4
43051 4
43063 4
43067 4
43093 4
43103 4
43117 4
43133 4
43151 4
43159 4
43177 4
43189 4
43201 4
43207 4
43223 4
43237 4
43261 4
43271 3
43283 4
43291 4
43313 4
43319 4
43321 4
43331 4
43391 4
43397 4
43399 4
43403 4
43411 4
43427 4
43441 4
43451 4
43457 4
43481 4
43487 4
43499 4
43517 4
43541 4
43543 4
43573 4
43577 4
43579 4
43591 4
43597 4
43607 4
43609 4
43613 4
43627 4
43633 4
43649 4
43651 4
43661 4
43669 4
43691 4
43711 4
43717 4
43721 4
43753 3
43759 4
43777 4
43781 4
43783 4
43787 4
43789 4
43793 4
43801 4
43853 4
43867 4
43889 4
43891 4
43913 4
43933 4
43943 4
43951 4
43961 4
43963 4
43969 3
43973 4
43987 4
43991 4
43997 4
44017 4
44021 4
44027 4
44029 4
44041 4
44053 4
44059 4
44071 4
44087 4
44089 3
44101 4
44111 4
44119 4
44123 3
44129 4
44131 4
44159 4
44171 4
44179 4
44189 4
44201 3
44203 4
44207 4
44221 4
44249 4
44257 4
44263 4
44267 4
44269 4
44273 4
44279 4
44281 4
44293 4
44351 4
44357 4
44371 4
44381 4
44383 4
44389 4
44417 4
44449 4
44453 4
44483 3
44491 4
44497 4
44501 4
44507 4
44519 4
44531 4
44533 3
44537 4
44543 4
44549 4
44563 4
44579 4
44587 4
44617 4
44621 4
44623 4
44633 4
44641 4
44647 4
44651 4
44657 4
44683 4
44687 4
44699 4
44701 4
44711 4
44729 4
44741 4
44753 4
44771 4
44773 4
44777 4
44789 4
44797 3
44809 4
44819 4
44839 4
44843 4
44851 4
44867 4
44879 4
44887 4
44893 4
44909 4
44917 4
44927 4
44939 4
44953 4
44959 4
44963 4
44971 4
44983 4
44987 4
45007 4
45013 4
45053 4
45061 4
45077 4
45083 4
45119 4
45121 4
45127 4
45131 4
45137 4
45139 4
45161 4
45179 4
45181 4
45191 4
45197 4
45233 4
45247 4
45259 4
45263 4
45281 4
45289 4
45293 4
45307 4
45317 4
45319 4
45329 4
45337 4
45341 4
45343 4
45361 4
45377 4
45389 4
45403 4
45413 4
45427 4
45433 4
45439 4
45481 4
45491 4
45497 4
45503 4
45523 4
45533 4
45541 4
45553 4
45557 4
45569 4
45587 4
45589 4
45599 4
45613 4
45631 4
45641 4
45659 4
45667 4
45673 4
45677 4
45691 4
45697 3
45707 4
45737 4
45751 4
45757 4
45763 4
45767 4
45779 4
45817 4
45821 4
45823 4
45827 4
45833 4
45841 4
45853 4
45863 4
45869 4
45887 4
45893 4
45943 4
45949 4
45953 4
45959 4
45971 4
45979 4
45989 4
46021 4
46027 4
46049 4
46051 4
46061 4
46073 4
46091 4
46093 4
46099 4
46103 4
46133 4
46141 4
46147 3
46153 4
46171 4
46181 4
46183 3
46187 4
46199 4
46219 4
46229 4
46237 4
46261 4
46271 4
46273 3
46279 4
46301 4
46307 4
46309 4
46327 4
46337 4
46349 4
46351 4
46381 4
46399 4
46411 4
46439 4
46441 4
46447 4
46451 4
46457 4
46471 4
46477 4
46489 4
46499 4
46507 4
46511 4
46523 4
46549 4
46559 4
46567 4
46573 4
46589 4
46591 4
46601 4
46619 4
46633 4
46639 4
46643 4
46649 4
46663 4
46679 4
46681 4
46687 4
46691 4
46703 4
46723 4
46727 4
46747 4
46751 4
46757 4
46769 4
46771 4
46807 4
46811 4
46817 4
46819 4
46829 4
46831 4
46853 4
46861 4
46867 4
46877 4
46889 4
46901 4
46919 4
46933 3
46957 4
46993 4
46997 4
47017 4
47041 4
47051 4
47057 4
47059 4
47087 4
47093 4
47111 4
47119 4
47123 4
47129 4
47137 4
47143 4
47147 4
47149 4
47161 4
47189 4
47207 4
47221 4
47237 4
47251 4
47269 4
47279 4
47287 4
47293 4
47297 4
47303 4
47309 4
47317 3
47339 4
47351 4
47353 4
47363 4
47381 4
47387 4
47389 4
47407 4
47417 4
47419 4
47431 4
47441 4
47459 4
47491 4
47497 4
47501 4
47507 4
47513 4
47521 4
47527 4
47533 4
47543 4
47563 4
47569 4
47581 4
47591 4
47599 4
47609 4
47623 4
47629 4
47639 4
47653 4
47657 4
47659 4
47681 3
47699 4
47701 4
47711 4
47713 4
47717 4
47737 4
47741 4
47743 4
47777 4
47779 4
47791 4
47797 4
47807 4
47809 4
47819 4
47837 4
47843 4
47857 4
47869 4
47881 4
47903 4
47911 4
47917 4
47933 4
47939 4
47947 4
47951 4
47963 4
47969 4
47977 4
47981 4
48017 4
48023 4
48029 4
48049 4
48073 4
48079 4
48091 4
48109 4
48119 4
48121 4
48131 4
48157 4
48163 4
48179 4
48187 4
48193 4
48197 4
48221 4
48239 4
48247 4
48259 4
48271 4
48281 4
48299 4
48311 4
48313 4
48337 4
48341 4
48353 3
48371 4
48383 4
48397 4
48407 4
48409 4
48413 4
48437 4
48449 4
48463 4
48473 4
48479 4
48481 4
48487 4
48491 4
48497 4
48523 4
48527 4
48533 3
48539 4
48541 3
48563 4
48571 4
48589 4
48593 4
48611 4
48619 4
48623 4
48647 4
48649 4
48661 4
48673 4
48677 4
48679 4
48731 4
48733 4
48751 4
48757 4
48761 4
48767 4
48779 4
48781 4
48787 4
48799 4
48809 4
48817 4
48821 4
48823 4
48847 4
48857 4
48859 4
48869 4
48871 4
48883 4
48889 4
48907 4
48947 4
48953 4
48973 4
48989 4
48991 3
49003 4
49009 4
49019 4
49031 4
49033 4
49037 4
49043 4
49057 4
49069 4
49081 4
49103 4
49109 4
49117 3
49121 4
49123 4
49139 4
49157 4
49169 4
49171 4
49177 4
49193 4
49199 3
49201 4
49207 4
49211 4
49223 4
49253 4
49261 4
49277 3
49279 4
49297 3
49307 4
49331 4
49333 4
49339 4
49363 4
49367 3
49369 4
49391 4
49393 4
49409 4
49411 4
49417 4
49429 4
49433 4
49451 4
49459 4
49463 4
49477 4
49481 4
49499 4
49523 3
49529 4
49531 3
49537 4
49547 4
49549 4
49559 4
49597 4
49603 4
49613 4
49627 4
49633 4
49639 4
49663 4
49667 3
49669 4
49681 4
49697 4
49711 4
49727 4
49739 3
49741 4
49747 4
49757 4
49783 3
49787 4
49789 4
49801 4
49807 4
49811 4
49823 3
49831 4
49843 4
49853 3
49871 4
49877 4
49891 4
49919 4
49921 4
49927 4
49937 4
49939 4
49943 4
49957 4
49991 4
49993 4
49999 4
50021 4
50023 4
50033 4
50047 4
50051 4
50053 3
50069 4
50077 4
50087 4
50093 4
50101 4
50111 4
50119 4
50123 3
50129 4
50131 4
50147 4
50153 4
50159 4
50177 4
50207 4
50221 4
50227 4
50231 4
50261 4
50263 4
50273 4
50287 4
50291 4
50311 4
50321 4
50329 4
50333 4
50341 4
50359 4
50363 4
50377 4
50383 4
50387 4
50411 4
50417 4
50423 4
50441 4
50459 4
50461 4
50497 4
50503 4
50513 4
50527 4
50539 4
50543 4
50549 4
50551 4
50581 4
50587 4
50591 4
50593 4
50599 4
50627 4
50647 4
50651 4
50671 4
50683 4
50707 4
50723 4
50741 4
50753 4
50767 4
50773 4
50777 4
50789 4
50821 4
50833 4
50839 4
50849 4
50857 4
50867 4
50873 4
50891 4
50893 4
50909 4
50923 4
50929 4
50951 4
50957 4
50969 4
50971 4
50989 3
50993 4
51001 4
51031 4
51043 4
51047 4
51059 4
51061 4
51071 4
51109 4
51131 4
51133 4
51137 3
51151 4
51157 4
51169 4
51193 4
51197 4
51199 4
51203 4
51217 4
51229 4
51239 4
51241 4
51257 4
51263 4
51283 4
51287 4
51307 4
51329 4
51341 4
51343 4
51347 4
51349 4
51361 4
51383 3
51407 4
51413 4
51419 4
51421 3
51427 4
51431 4
51437 4
51439 4
51449 4
51461 3
51473 4
51479 4
51481 4
51487 3
51503 4
51511 4
51517 4
51521 4
51539 4
51551 4
51563 4
51577 4
51581 4
51593 4
51599 4
51607 4
51613 4
51631 4
51637 4
51647 4
51659 4
51673 4
51679 4
51683 4
51691 4
51713 4
51719 3
51721 4
51749 4
51767 4
51769 4
51787 4
51797 4
51803 4
51817 4
51827 4
51829 4
51839 4
51853 3
51859 4
51869 4
51871 4
51893 4
51899 4
51907 4
51913 4
51929 4
51941 4
51949 4
51971 4
51973 4
51977 4
51991 4
52009 4
52021 4
52027 4
52051 4
52057 4
52067 3
52069 4
52081 4
52103 4
52121 4
52127 4
52147 4
52153 4
52163 3
52177 3
52181 4
52183 4
52189 4
52201 4
52223 4
52237 4
52249 4
52253 4
52259 4
52267 4
52289 4
52291 4
52301 4
52313 4
52321 4
52361 4
52363 4
52369 4
52379 4
52387 4
52391 4
52433 4
52453 4
52457 4
52489 4
52501 4
52511 4
52517 3
52529 4
52541 4
52543 4
52553 4
52561 4
52567 4
52571 4
52579 4
52583 4
52609 4
52627 4
52631 4
52639 4
52667 4
52673 4
52691 4
52697 4
52709 4
52711 4
52721 4
52727 4
52733 4
52747 4
52757 4
52769 4
52783 4
52807 4
52813 4
52817 4
52837 4
52859 4
52861 4
52879 4
52883 4
52889 4
52901 4
52903 4
52919 4
52937 4
52951 4
52957 4
52963 4
52967 4
52973 4
52981 2
52999 4
53003 4
53017 4
53047 4
53051 4
53069 4
53077 4
53087 4
53089 4
53093 4
53101 4
53113 4
53117 4
53129 4
53147 4
53149 4
53161 4
53171 4
53173 4
53189 4
53197 4
53201 4
53231 4
53233 4
53239 4
53267 4
53269 4
53279 4
53281 4
53299 4
53309 4
53323 4
53327 4
53353 4
53359 4
53377 4
53381 4
53401 4
53407 4
53411 4
53419 4
53437 4
53441 4
53453 4
53479 4
53503 4
53507 4
53527 4
53549 4
53551 4
53569 4
53591 4
53593 4
53597 4
53609 4
53611 4
53617 4
53623 4
53629 4
53633 4
53639 4
53653 4
53657 4
53681 4
53693 4
53699 4
53717 4
53719 4
53731 4
53759 4
53773 4
53777 4
53783 4
53791 4
53813 4
53819 4
53831 4
53849 4
53857 4
53861 4
53881 4
53887 4
53891 4
53897 4
53899 4
53917 4
53923 4
53927 4
53939 4
53951 4
53959 4
53987 4
53993 4
54001 4
54011 4
54013 4
54037 3
54049 4
54059 4
54083 4
54091 4
54101 4
54121 4
54133 4
54139 4
54151 4
54163 4
54167 4
54181 4
54193 4
54217 4
54251 4
54269 4
54277 4
54287 4
54293 4
54311 4
54319 4
54323 4
54331 4
54347 4
54361 4
54367 4
54371 4
54377 4
54401 3
54403 4
54409 4
54413 4
54419 4
54421 4
54437 4
54443 4
54449 4
54469 4
54493 4
54497 4
54499 4
54503 4
54517 4
54521 4
54539 4
54541 4
54547 4
54559 4
54563 4
54577 4
54581 4
54583 4
54601 4
54617 4
54623 4
54629 4
54631 4
54647 4
54667 4
54673 4
54679 4
54709 3
54713 4
54721 4
54727 4
54751 4
54767 4
54773 4
54779 3
54787 4
54799 4
54829 4
54833 4
54851 4
54869 4
54877 4
54881 4
54907 4
54917 4
54919 4
54941 4
54949 4
54959 4
54973 4
54979 4
54983 4
55001 4
55009 3
55021 4
55049 4
55051 4
55057 4
55061 4
55073 4
55079 4
55103 4
55109 4
55117 4
55127 4
55147 4
55163 4
55171 4
55201 4
55207 4
55213 4
55217 4
55219 4
55229 4
55243 4
55249 4
55259 4
55291 4
55313 4
55331 4
55333 4
55337 4
55339 4
55343 4
55351 4
55373 3
55381 4
55399 4
55411 4
55439 4
55441 4
55457 4
55469 4
55487 4
55501 4
55511 4
55529 4
55541 4
55547 4
55579 3
55589 4
55603 4
55609 4
55619 4
55621 4
55631 4
55633 4
55639 4
55661 4
55663 4
55667 4
55673 4
55681 4
55691 3
55697 4
55711 4
55717 3
55721 4
55733 4
55763 3
55787 4
55793 4
55799 4
55807 4
55813 4
55817 4
55819 4
55823 4
55829 4
55837 4
55843 4
55849 4
55871 4
55889 4
55897 4
55901 4
55903 3
55921 4
55927 4
55931 4
55933 4
55949 4
55967 4
55987 4
55997 4
56003 4
56009 4
56039 4
56041 4
56053 4
56081 4
56087 4
56093 4
56099 4
56101 4
56113 4
56123 4
56131 4
56149 4
56167 4
56171 4
56179 4
56197 4
56207 4
56209 4
56237 4
56239 4
56249 4
56263 4
56267 4
56269 4
56299 4
56311 4
56333 4
56359 4
56369 4
56377 4
56383 4
56393 4
56401 4
56417 4
56431 4
56437 4
56443 4
56453 4
56467 4
56473 4
56477 4
56479 4
56489 4
56501 4
56503 4
56509 3
56519 4
56527 4
56531 4
56533 4
56543 4
56569 4
56591 4
56597 4
56599 4
56611 4
56629 4
56633 4
56659 4
56663 4
56671 4
56681 4
56687 4
56701 4
56711 4
56713 4
56731 4
56737 3
56747 4
56767 3
56773 4
56779 4
56783 4
56807 4
56809 4
56813 4
56821 4
56827 4
56843 3
56857 4
56873 4
56891 4
56893 4
56897 4
56909 4
56911 4
56921 4
56923 4
56929 4
56941 3
56951 4
56957 4
56963 4
56983 4
56989 4
56993 4
56999 4
57037 4
57041 4
57047 4
57059 4
57073 4
57077 4
57089 4
57097 4
57107 4
57119 4
57131 4
57139 4
57143 4
57149 4
57163 4
57173 4
57179 4
57191 4
57193 4
57203 4
57221 4
57223 4
57241 4
57251 4
57259 4
57269 4
57271 4
57283 4
57287 4
57301 4
57329 4
57331 4
57347 4
57349 4
57367 4
57373 4
57383 4
57389 4
57397 4
57413 4
57427 3
57457 4
57467 4
57487 4
57493 4
57503 4
57527 4
57529 4
57557 4
57559 4
57571 4
57587 4
57593 4
57601 4
57637 4
57641 4
57649 4
57653 4
57667 4
57679 4
57689 4
57697 3
57709 4
57713 3
57719 3
57727 4
57731 4
57737 4
57751 4
57773 4
57781 4
57787 4
57791 4
57793 4
57803 4
57809 4
57829 4
57839 4
57847 4
57853 4
57859 3
57881 4
57899 4
57901 4
57917 4
57923 4
57943 4
57947 3
57973 4
57977 4
57991 4
58013 4
58027 4
58031 4
58043 4
58049 4
58057 4
58061 4
58067 4
58073 4
58099 4
58109 4
58111 4
58129 4
58147 4
58151 4
58153 4
58169 4
58171 4
58189 4
58193 4
58199 4
58207 4
58211 4
58217 4
58229 4
58231 4
58237 4
58243 4
58271 4
58309 4
58313 4
58321 4
58337 4
58363 4
58367 4
58369 4
58379 4
58391 4
58393 4
58403 4
58411 4
58417 4
58427 4
58439 4
58441 4
58451 4
58453 4
58477 3
58481 4
58511 4
58537 4
58543 4
58549 4
58567 4
58573 4
58579 4
58601 4
58603 4
58613 4
58631 4
58657 4
58661 4
58679 4
58687 3
58693 4
58699 4
58711 4
58727 3
58733 4
58741 4
58757 4
58763 4
58771 4
58787 4
58789 4
58831 4
58889 4
58897 4
58901 4
58907 4
58909 4
58913 4
58921 4
58937 4
58943 4
58963 4
58967 4
58979 4
58991 4
58997 4
59009 4
59011 4
59021 3
59023 4
59029 4
59051 4
59053 4
59063 4
59069 4
59077 4
59083 4
59093 4
59107 4
59113 4
59119 4
59123 4
59141 4
59149 4
59159 4
59167 4
59183 4
59197 4
59207 4
59209 4
59219 4
59221 4
59233 4
59239 4
59243 4
59263 4
59273 4
59281 4
59333 4
59341 4
59351 4
59357 4
59359 4
59369 4
59377 4
59387 3
59393 4
59399 4
59407 4
59417 4
59419 4
59441 4
59443 4
59447 4
59453 4
59467 4
59471 4
59473 4
59497 4
59509 4
59513 4
59539 4
59557 4
59561 4
59567 4
59581 4
59611 4
59617 4
59621 4
59627 4
59629 4
59651 4
59659 4
59663 3
59669 4
59671 4
59693 4
59699 4
59707 4
59723 4
59729 4
59743 4
59747 4
59753 4
59771 4
59779 4
59791 4
59797 3
59809 4
59833 4
59863 4
59879 4
59887 4
59921 4
59929 4
59951 4
59957 4
59971 4
59981 4
59999 4
60013 4
60017 4
60029 4
60037 4
60041 4
60077 4
60083 4
60089 4
60091 4
60101 4
60103 4
60107 3
60127 4
60133 3
60139 4
60149 4
60161 4
60167 4
60169 4
60209 4
60217 4
60223 3
60251 4
60257 4
60259 4
60271 4
60289 4
60293 4
60317 4
60331 4
60337 4
60343 4
60353 4
60373 4
60383 4
60397 4
60413 4
60427 4
60443 4
60449 3
60457 4
60493 4
60497 4
60509 4
60521 4
60527 4
60539 3
60589 4
60601 3
60607 4
60611 4
60617 4
60623 4
60631 4
60637 4
60647 4
60649 4
60659 4
60661 4
60679 4
60689 4
60703 4
60719 4
60727 4
60733 4
60737 3
60757 4
60761 4
60763 4
60773 4
60779 4
60793 4
60811 4
60821 4
60859 4
60869 4
60887 4
60889 4
60899 4
60901 4
60913 4
60917 4
60919 4
60923 4
60937 4
60943 4
60953 4
60961 4
61001 4
61007 4
61027 4
61031 4
61043 4
61051 4
61057 4
61091 4
61099 4
61121 4
61129 4
61141 3
61151 4
61153 4
61169 4
61211 4
61223 4
61231 4
61253 4
61261 4
61283 4
61291 4
61297 4
61331 4
61333 4
61339 4
61343 4
61357 4
61363 4
61379 4
61381 3
61403 4
61409 4
61417 4
61441 4
61463 3
61469 4
61471 4
61483 4
61487 4
61493 4
61507 4
61511 4
61519 4
61543 4
61547 4
61553 4
61559 4
61561 4
61583 4
61603 4
61609 4
61613 4
61627 4
61631 4
61637 4
61643 4
61651 4
61657 4
61667 4
61673 4
61681 4
61687 4
61703 4
61717 4
61723 4
61729 4
61751 4
61757 4
61781 4
61813 3
61819 4
61837 4
61843 4
61861 4
61871 4
61879 4
61909 4
61927 4
61933 4
61949 4
61961 4
61967 4
61979 4
61981 4
61987 4
61991 3
62003 4
62011 4
62017 4
62039 4
62047 4
62053 4
62057 4
62071 4
62081 4
62099 4
62119 4
62129 4
62131 4
62137 4
62141 4
62143 4
62171 4
62189 4
62191 4
62201 4
62207 4
62213 4
62219 4
62233 4
62273 4
62297 4
62299 4
62303 4
62311 4
62323 4
62327 4
62347 4
62351 4
62383 4
62401 3
62417 4
62423 4
62459 4
62467 4
62473 4
62477 4
62483 4
62497 4
62501 4
62507 4
62533 4
62539 4
62549 4
62563 4
62581 4
62591 4
62597 3
62603 4
62617 4
62627 4
62633 4
62639 4
62653 4
62659 4
62683 4
62687 4
62701 4
62723 4
62731 4
62743 4
62753 4
62761 4
62773 4
62791 4
62801 4
62819 4
62827 4
62851 4
62861 4
62869 4
62873 4
62897 4
62903 4
62921 4
62927 4
62929 4
62939 4
62969 4
62971 4
62981 3
62983 4
62987 4
62989 4
63029 4
63031 4
63059 4
63067 4
63073 4
63079 4
63097 4
63103 4
63113 4
63127 4
63131 4
63149 4
63179 4
63197 4
63199 4
63211 4
63241 3
63247 4
63277 3
63281 4
63299 4
63311 4
63313 4
63317 4
63331 4
63337 3
63347 4
63353 4
63361 4
63367 4
63377 4
63389 4
63391 4
63397 4
63409 4
63419 4
63421 4
63439 4
63443 3
63463 4
63467 4
63473 4
63487 4
63493 4
63499 4
63521 4
63527 3
63533 4
63541 4
63559 4
63577 3
63587 4
63589 4
63599 4
63601 4
63607 4
63611 4
63617 4
63629 4
63647 4
63649 4
63659 4
63667 4
63671 4
63689 4
63691 4
63697 4
63703 4
63709 4
63719 4
63727 4
63737 4
63743 4
63761 4
63773 4
63781 4
63793 4
63799 4
63803 4
63809 4
63823 4
63839 4
63841 4
63853 4
63857 4
63863 3
63901 4
63907 4
63913 4
63929 4
63949 4
63977 4
63997 3
64007 4
64013 4
64019 4
64033 4
64037 4
64063 4
64067 3
64081 4
64091 4
64109 4
64123 4
64151 4
64153 4
64157 4
64171 4
64187 3
64189 4
64217 4
64223 4
64231 4
64237 4
64271 4
64279 4
64283 4
64301 3
64303 4
64319 4
64327 4
64333 4
64373 4
64381 4
64399 4
64403 4
64433 4
64439 4
64451 4
64453 3
64483 4
64489 3
64499 4
64513 4
64553 4
64567 4
64577 4
64579 4
64591 4
64601 4
64609 4
64613 4
64621 4
64627 4
64633 4
64661 4
64663 4
64667 4
64679 3
64693 4
64709 4
64717 4
64747 4
64763 4
64781 4
64783 4
64793 4
64811 4
64817 4
64849 4
64853 4
64871 4
64877 4
64879 4
64891 4
64901 4
64919 4
64921 4
64927 4
64937 4
64951 4
64969 4
64997 4
65003 4
65011 4
65027 4
65029 4
65033 4
65053 4
65063 4
65071 4
65089 4
65099 4
65101 3
65111 4
65119 4
65123 4
65129 4
65141 4
65147 4
65167 4
65171 4
65173 4
65179 4
65183 4
65203 4
65213 3
65239 4
65257 3
65267 4
65269 4
65287 4
65293 3
65309 4
65323 4
65327 3
65353 3
65357 4
65371 4
65381 4
65393 4
65407 4
65413 4
65419 4
65423 3
65437 4
65447 4
65449 4
65479 4
65497 4
65519 4
65521 3
65537 4
65539 4
65543 4
65551 4
65557 4
65563 4
65579 4
65581 4
65587 4
65599 4
65609 4
65617 4
65629 4
65633 4
65647 4
65651 4
65657 4
65677 4
65687 4
65699 4
65701 4
65707 4
65713 4
65717 4
65719 4
65729 4
65731 4
65761 4
65777 4
65789 4
65809 4
65827 4
65831 4
65837 4
65839 4
65843 4
65851 4
65867 4
65881 4
65899 4
65921 4
65927 4
65929 4
65951 4
65957 4
65963 4
65981 4
65983 4
65993 4
66029 4
66037 4
66041 4
66047 4
66067 4
66071 4
66083 4
66089 4
66103 4
66107 4
66109 4
66137 4
66161 4
66169 4
66173 4
66179 4
66191 4
66221 4
66239 4
66271 4
66293 4
66301 4
66337 3
66343 4
66347 4
66359 4
66361 4
66373 4
66377 4
66383 4
66403 4
66413 4
66431 4
66449 4
66457 4
66463 4
66467 4
66491 4
66499 4
66509 4
66523 4
66529 4
66533 4
66541 4
66553 4
66569 4
66571 4
66587 4
66593 4
66601 4
66617 4
66629 4
66643 4
66653 4
66683 4
66697 4
66701 4
66713 4
66721 4
66733 4
66739 4
66749 4
66751 4
66763 4
66791 4
66797 4
66809 4
66821 4
66841 4
66851 4
66853 4
66863 4
66877 4
66883 4
66889 4
66919 3
66923 4
66931 4
66943 4
66947 4
66949 4
66959 4
66973 4
66977 4
67003 4
67021 4
67033 4
67043 4
67049 4
67057 4
67061 4
67073 4
67079 4
67103 4
67121 4
67129 4
67139 4
67141 4
67153 4
67157 4
67169 4
67181 4
67187 4
67189 4
67211 4
67213 4
67217 4
67219 4
67231 4
67247 4
67261 4
67271 4
67273 4
67289 4
67307 4
67339 4
67343 3
67349 4
67369 4
67391 4
67399 4
67409 4
67411 4
67421 4
67427 4
67429 4
67433 4
67447 4
67453 4
67477 4
67481 4
67489 4
67493 4
67499 4
67511 4
67523 4
67531 4
67537 4
67547 4
67559 4
67567 4
67577 4
67579 4
67589 4
67601 4
67607 4
67619 4
67631 3
67651 4
67679 4
67699 4
67709 4
67723 4
67733 4
67741 4
67751 4
67757 4
67759 4
67763 4
67777 4
67783 4
67789 4
67801 4
67807 4
67819 4
67829 4
67843 4
67853 4
67867 4
67883 4
67891 4
67901 4
67927 4
67931 4
67933 4
67939 4
67943 4
67957 3
67961 4
67967 4
67979 4
67987 4
67993 4
68023 4
68041 4
68053 3
68059 4
68071 4
68087 4
68099 4
68111 4
68113 4
68141 4
68147 4
68161 4
68171 4
68207 4
68209 4
68213 4
68219 4
68227 4
68239 4
68261 4
68279 4
68281 4
68311 4
68329 4
68351 4
68371 4
68389 4
68399 4
68437 4
68443 4
68447 4
68449 4
68473 4
68477 4
68483 4
68489 4
68491 4
68501 4
68507 4
68521 4
68531 4
68539 4
68543 3
68567 4
68581 4
68597 4
68611 4
68633 4
68639 4
68659 4
68669 4
68683 4
68687 3
68699 4
68711 4
68713 4
68729 4
68737 4
68743 4
68749 4
68767 4
68771 4
68777 4
68791 4
68813 4
68819 4
68821 4
68863 4
68879 4
68881 4
68891 4
68897 3
68899 4
68903 4
68909 4
68917 4
68927 4
68947 4
68963 4
68993 4
69001 4
69011 4
69019 4
69029 4
69031 4
69061 4
69067 4
69073 4
69109 4
69119 4
69127 4
69143 3
69149 4
69151 4
69163 4
69191 3
69193 4
69197 4
69203 4
69221 4
69233 4
69239 4
69247 4
69257 4
69259 4
69263 4
69313 4
69317 4
69337 4
69341 4
69371 4
69379 4
69383 3
69389 4
69401 4
69403 4
69427 4
69431 4
69439 4
69457 4
69463 4
69467 4
69473 4
69481 4
69491 4
69493 3
69497 4
69499 4
69539 4
69557 4
69593 4
69623 4
69653 4
69661 4
69677 4
69691 4
69697 4
69709 4
69737 4
69739 4
69761 4
69763 4
69767 4
69779 4
69809 4
69821 4
69827 4
69829 4
69833 4
69847 4
69857 4
69859 4
69877 4
69899 4
69911 4
69929 4
69931 4
69941 4
69959 4
69991 4
69997 4
70001 4
70003 4
70009 4
70019 4
70039 4
70051 4
70061 4
70067 4
70079 3
70099 4
70111 4
70117 4
70121 4
70123 4
70139 4
70141 4
70157 4
70163 4
70177 4
70181 4
70183 4
70199 4
70201 4
70207 4
70223 4
70229 4
70237 4
70241 4
70249 4
70271 4
70289 4
70297 4
70309 4
70313 4
70321 4
70327 4
70351 4
70373 4
70379 4
70381 4
70393 4
70423 4
70429 4
70439 4
70451 4
70457 4
70459 4
70481 4
70487 3
70489 4
70501 4
70507 4
70529 4
70537 4
70549 4
70571 3
70573 4
70583 4
70589 4
70607 4
70619 4
70621 4
70627 4
70639 4
70657 4
70663 4
70667 4
70687 4
70709 3
70717 4
70729 4
70753 3
70769 4
70783 4
70793 4
70823 3
70841 4
70843 4
70849 4
70853 4
70867 4
70877 4
70879 4
70891 4
70901 4
70913 4
70919 4
70921 4
70937 4
70949 4
70951 4
70957 4
70969 4
70979 4
70981 4
70991 4
70997 4
70999 3
71011 4
71023 4
71039 4
71059 4
71069 4
71081 4
71089 4
71119 4
71129 4
71143 4
71147 4
71153 4
71161 4
71167 4
71171 4
71191 4
71209 4
71233 4
71237 4
71249 4
71257 4
71261 4
71263 4
71287 4
71293 4
71317 4
71327 4
71329 4
71333 4
71339 4
71341 4
71347 4
71353 4
71359 4
71363 3
71387 4
71389 4
71399 4
71411 4
71413 4
71419 4
71429 4
71437 4
71443 4
71453 4
71471 4
71473 4
71479 4
71483 4
71503 4
71527 4
71537 4
71549 4
71551 4
71563 3
71569 4
71593 4
71597 4
71633 4
71647 4
71663 4
71671 4
71693 4
71699 3
71707 4
71711 4
71713 4
71719 4
71741 4
71761 4
71777 4
71789 4
71807 4
71809 4
71821 4
71837 4
71843 3
71849 4
71861 4
71867 4
71879 4
71881 4
71887 4
71899 4
71909 4
71917 4
71933 4
71941 3
71947 4
71963 3
71971 4
71983 4
71987 4
71993 4
71999 4
72019 3
72031 4
72043 4
72047 4
72053 4
72073 4
72077 4
72089 4
72091 4
72101 4
72103 4
72109 4
72139 4
72161 4
72167 4
72169 4
72173 4
72211 4
72221 4
72223 4
72227 4
72229 4
72251 4
72253 4
72269 4
72271 4
72277 4
72287 4
72307 4
72313 4
72337 3
72341 4
72353 4
72367 4
72379 4
72383 4
72421 4
72431 4
72461 4
72467 4
72469 4
72481 4
72493 3
72497 4
72503 4
72533 4
72547 4
72551 4
72559 4
72577 4
72613 4
72617 4
72623 4
72643 4
72647 4
72649 4
72661 4
72671 4
72673 4
72679 4
72689 4
72701 4
72707 4
72719 4
72727 4
72733 4
72739 4
72763 4
72767 4
72797 4
72817 3
72823 4
72859 4
72869 4
72871 4
72883 4
72889 4
72893 4
72901 4
72907 4
72911 4
72923 4
72931 4
72937 4
72949 4
72953 4
72959 4
72973 4
72977 4
72997 4
73009 4
73013 4
73019 4
73037 4
73039 4
73043 4
73061 4
73063 4
73079 4
73091 4
73121 4
73127 4
73133 4
73141 4
73181 4
73189 4
73237 4
73243 4
73259 4
73277 4
73291 4
73303 4
73309 4
73327 4
73331 4
73351 4
73361 4
73363 4
73369 4
73379 4
73387 4
73417 4
73421 4
73433 4
73453 3
73459 4
73471 4
73477 4
73483 4
73517 4
73523 4
73529 4
73547 4
73553 4
73561 4
73571 4
73583 4
73589 4
73597 4
73607 4
73609 4
73613 4
73637 4
73643 4
73651 4
73673 4
73679 4
73681 4
73693 4
73699 4
73709 4
73721 4
73727 4
73751 4
73757 4
73771 4
73783 4
73819 4
73823 3
73847 4
73849 4
73859 4
73867 4
73877 4
73883 4
73897 4
73907 4
73939 4
73943 4
73951 4
73961 4
73973 4
73999 4
74017 4
74021 4
74027 4
74047 3
74051 4
74071 4
74077 4
74093 4
74099 4
74101 4
74131 4
74143 4
74149 4
74159 4
74161 4
74167 4
74177 4
74189 4
74197 4
74201 3
74203 4
74209 4
74219 4
74231 4
74257 4
74279 4
74287 4
74293 4
74297 4
74311 4
74317 4
74323 4
74353 4
74357 4
74363 4
74377 4
74381 4
74383 4
74411 4
74413 4
74419 4
74441 4
74449 4
74453 4
74471 4
74489 4
74507 4
74509 4
74521 4
74527 4
74531 4
74551 4
74561 4
74567 4
74573 4
74587 4
74597 4
74609 4
74611 4
74623 4
74653 4
74687 4
74699 4
74707 4
74713 4
74717 4
74719 4
74729 4
74731 4
74747 4
74759 4
74761 4
74771 4
74779 4
74797 4
74821 4
74827 4
74831 4
74843 3
74857 4
74861 4
74869 4
74873 4
74887 4
74891 4
74897 4
74903 4
74923 4
74929 4
74933 4
74941 4
74959 4
75011 4
75013 4
75017 4
75029 4
75037 4
75041 4
75079 4
75083 4
75109 4
75133 4
75149 4
75161 4
75167 4
75169 4
75181 4
75193 4
75209 4
75211 4
75217 4
75223 4
75227 4
75239 4
75253 4
75269 4
75277 4
75289 4
75307 4
75323 3
75329 4
75337 4
75347 4
75353 4
75367 4
75377 4
75389 4
75391 4
75401 4
75403 4
75407 4
75431 4
75437 4
75479 4
75503 4
75511 4
75521 4
75527 4
75533 4
75539 4
75541 4
75553 4
75557 4
75571 4
75577 4
75583 4
75611 4
75617 4
75619 4
75629 4
75641 4
75653 4
75659 4
75679 4
75683 4
75689 4
75703 4
75707 4
75709 4
75721 4
75731 4
75743 4
75767 4
75773 4
75781 4
75787 4
75793 4
75797 4
75821 3
75833 4
75853 4
75869 4
75883 3
75913 4
75931 4
75937 4
75941 4
75967 4
75979 4
75983 4
75989 4
75991 4
75997 4
76001 4
76003 4
76031 4
76039 4
76079 4
76081 3
76091 4
76099 3
76103 3
76123 4
76129 4
76147 4
76157 4
76159 4
76163 4
76207 4
76213 4
76231 4
76243 4
76249 4
76253 4
76259 4
76261 4
76283 4
76289 4
76303 4
76333 4
76343 4
76367 4
76369 4
76379 4
76387 4
76403 4
76421 4
76423 4
76441 4
76463 4
76471 4
76481 4
76487 4
76493 4
76507 4
76511 4
76519 4
76537 4
76541 4
76543 4
76561 4
76579 4
76597 4
76603 3
76607 4
76631 4
76649 4
76651 4
76667 4
76673 4
76679 4
76697 4
76717 4
76733 4
76753 4
76757 4
76771 4
76777 4
76781 4
76801 4
76819 4
76829 4
76831 4
76837 4
76847 4
76871 4
76873 4
76883 4
76907 4
76913 4
76919 4
76943 4
76949 4
76961 4
76963 4
76991 3
77003 4
77017 4
77023 4
77029 4
77041 4
77047 4
77069 4
77081 4
77093 4
77101 4
77137 4
77141 4
77153 4
77167 4
77171 4
77191 4
77201 4
77213 4
77237 4
77239 4
77243 4
77249 4
77261 4
77263 4
77267 3
77269 3
77279 4
77291 4
77317 3
77323 4
77339 4
77347 4
77351 4
77359 4
77369 4
77377 3
77383 4
77417 4
77419 4
77431 4
77447 4
77471 4
77477 4
77479 4
77489 4
77491 4
77509 4
77513 4
77521 4
77527 4
77543 3
77549 4
77551 4
77557 4
77563 4
77569 4
77573 4
77587 4
77591 4
77611 4
77617 4
77621 4
77641 4
77647 4
77659 4
77681 4
77687 3
77689 4
77699 4
77711 4
77713 4
77719 4
77723 4
77731 4
77743 4
77747 4
77761 4
77773 3
77783 4
77797 4
77801 4
77813 4
77839 4
77849 4
77863 4
77867 4
77893 4
77899 4
77929 4
77933 4
77951 4
77969 4
77977 4
77983 4
77999 4
78007 4
78017 4
78031 4
78041 4
78049 4
78059 4
78079 4
78101 4
78121 4
78137 4
78139 4
78157 4
78163 4
78167 4
78173 4
78179 4
78191 4
78193 4
78203 4
78229 4
78233 4
78241 4
78259 4
78277 4
78283 4
78301 4
78307 4
78311 4
78317 4
78341 4
78347 4
78367 4
78401 4
78427 4
78437 4
78439 4
78467 4
78479 4
78487 4
78497 4
78509 4
78511 4
78517 4
78539 4
78541 4
78553 4
78569 4
78571 4
78577 4
78583 4
78593 4
78607 4
78623 4
78643 4
78649 4
78653 4
78691 4
78697 4
78707 4
78713 4
78721 4
78737 4
78779 4
78781 3
78787 4
78791 4
78797 4
78803 4
78809 4
78823 4
78839 4
78853 4
78857 4
78877 4
78887 4
78889 4
78893 4
78901 4
78919 4
78929 4
78941 4
78977 4
78979 4
78989 4
79031 4
79039 4
79043 4
79063 4
79087 4
79103 4
79111 4
79133 4
79139 4
79147 4
79151 4
79153 4
79159 4
79181 4
79187 4
79193 4
79201 4
79229 4
79231 4
79241 4
79259 4
79273 4
79279 4
79283 4
79301 4
79309 4
79319 4
79333 4
79337 4
79349 3
79357 4
79367 4
79379 4
79393 4
79397 4
79399 4
79411 4
79423 4
79427 4
79433 4
79451 4
79481 4
79493 4
79531 4
79537 4
79549 4
79559 4
79561 4
79579 3
79589 4
79601 4
79609 4
79613 4
79621 4
79627 3
79631 4
79633 4
79657 4
79669 4
79687 4
79691 4
79693 4
79697 4
79699 4
79757 4
79769 4
79777 4
79801 4
79811 4
79813 4
79817 4
79823 4
79829 4
79841 4
79843 4
79847 4
79861 4
79867 4
79873 4
79889 4
79901 4
79903 4
79907 4
79939 4
79943 4
79967 4
79973 4
79979 4
79987 4
79997 4
79999 4
80021 4
80039 4
80051 4
80071 4
80077 4
80107 4
80111 4
80141 4
80147 4
80149 4
80153 4
80167 4
80173 4
80177 4
80191 4
80207 4
80209 4
80221 4
80231 4
80233 4
80239 4
80251 4
80263 4
80273 4
80279 4
80287 4
80309 4
80317 4
80329 4
80341 4
80347 4
80363 4
80369 4
80387 4
80407 4
80429 4
80447 4
80449 4
80471 4
80473 4
80489 4
80491 4
80513 3
80527 4
80537 4
80557 4
80567 4
80599 4
80603 4
80611 4
80621 4
80627 4
80629 4
80651 4
80657 4
80669 4
80671 3
80677 4
80681 4
80683 4
80687 4
80701 4
80713 3
80737 4
80747 4
80749 4
80761 4
80777 4
80779 4
80783 4
80789 4
80803 4
80809 4
80819 4
80831 4
80833 3
80849 4
80863 4
80897 4
80909 4
80911 4
80917 4
80923 4
80929 3
80933 4
80953 4
80963 4
80989 4
81001 4
81013 4
81017 4
81019 4
81023 3
81031 4
81041 4
81043 4
81047 4
81049 3
81071 4
81077 4
81083 4
81097 4
81101 4
81119 4
81131 4
81157 4
81163 4
81173 4
81181 4
81197 4
81199 4
81203 4
81223 4
81233 4
81239 4
81281 4
81283 4
81293 4
81299 4
81307 4
81331 4
81343 3
81349 4
81353 4
81359 4
81371 4
81373 4
81401 4
81409 4
81421 4
81439 4
81457 4
81463 4
81509 4
81517 4
81527 4
81533 4
81547 4
81551 4
81553 4
81559 4
81563 4
81569 4
81611 4
81619 4
81629 4
81637 4
81647 4
81649 4
81667 4
81671 4
81677 4
81689 4
81701 4
81703 4
81707 3
81727 4
81737 4
81749 4
81761 4
81769 4
81773 4
81799 4
81817 4
81839 4
81847 4
81853 4
81869 4
81883 4
81899 4
81901 4
81919 4
81929 4
81931 4
81937 4
81943 4
81953 4
81967 4
81971 4
81973 4
82003 4
82007 4
82009 4
82013 3
82021 4
82031 4
82037 4
82039 4
82051 4
82067 4
82073 4
82129 4
82139 4
82141 4
82153 4
82163 4
82171 4
82183 4
82189 4
82193 4
82207 4
82217 4
82219 3
82223 4
82231 4
82237 4
82241 4
82261 4
82267 4
82279 4
82301 4
82307 4
82339 4
82349 4
82351 4
82361 4
82373 4
82387 4
82393 3
82421 4
82457 4
82463 4
82469 4
82471 4
82483 4
82487 4
82493 4
82499 4
82507 4
82529 4
82531 4
82549 4
82559 4
82561 4
82567 4
82571 4
82591 4
82601 4
82609 4
82613 4
82619 4
82633 4
82651 4
82657 4
82699 4
82721 4
82723 4
82727 4
82729 4
82757 4
82759 4
82763 4
82781 4
82787 4
82793 4
82799 4
82811 3
82813 4
82837 4
82847 4
82883 4
82889 4
82891 4
82903 4
82913 4
82939 4
82963 4
82981 4
82997 4
83003 4
83009 4
83023 4
83047 4
83059 4
83063 4
83071 4
83077 3
83089 4
83093 4
83101 4
83117 4
83137 3
83177 4
83203 4
83207 4
83219 4
83221 4
83227 4
83231 4
83233 4
83243 4
83257 4
83267 4
83269 4
83273 4
83299 4
83311 4
83339 4
83341 4
83357 4
83383 4
83389 4
83399 4
83401 4
83407 4
83417 4
83423 3
83431 4
83437 4
83443 3
83449 4
83459 4
83471 4
83477 4
83497 3
83537 4
83557 4
83561 4
83563 4
83579 4
83591 4
83597 4
83609 4
83617 4
83621 4
83639 4
83641 4
83653 4
83663 3
83689 4
83701 4
83717 4
83719 4
83737 4
83761 4
83773 4
83777 4
83791 4
83813 4
83833 4
83843 4
83857 4
83869 3
83873 4
83891 4
83903 4
83911 4
83921 4
83933 4
83939 4
83969 4
83983 4
83987 4
84011 4
84017 4
84047 4
84053 4
84059 4
84061 4
84067 4
84089 4
84121 4
84127 4
84131 4
84137 4
84143 4
84163 4
84179 4
84181 4
84191 3
84199 4
84211 4
84221 4
84223 4
84229 4
84239 4
84247 3
84263 4
84299 4
84307 4
84313 3
84317 4
84319 4
84347 4
84349 4
84377 4
84389 4
84391 4
84401 4
84407 4
84421 4
84431 3
84437 4
84443 4
84449 4
84457 4
84463 4
84467 4
84481 4
84499 4
84503 4
84509 4
84521 4
84523 3
84533 4
84551 4
84559 4
84589 4
84629 4
84631 4
84649 4
84653 4
84659 4
84673 4
84691 4
84697 4
84701 4
84713 4
84719 4
84731 4
84737 4
84751 4
84761 4
84787 4
84793 4
84809 4
84811 4
84827 4
84857 4
84859 4
84869 4
84871 4
84913 4
84919 4
84947 4
84961 4
84967 4
84977 4
84979 4
84991 3
85009 3
85021 4
85027 4
85037 4
85049 4
85061 4
85081 3
85087 4
85091 4
85093 3
85103 4
85109 4
85121 4
85133 4
85147 4
85159 4
85193 4
85199 4
85201 4
85213 4
85223 4
85229 4
85237 4
85243 4
85247 4
85259 4
85297 4
85303 4
85313 4
85331 4
85333 4
85361 4
85363 4
85369 4
85381 4
85411 4
85427 4
85429 4
85439 4
85447 4
85451 4
85453 4
85469 4
85487 4
85513 4
85517 4
85523 4
85531 4
85549 4
85571 4
85577 4
85597 4
85601 4
85607 4
85619 4
85621 4
85627 4
85639 4
85643 4
85661 4
85667 4
85669 4
85691 4
85703 4
85711 4
85717 4
85733 4
85751 4
85781 4
85793 4
85817 4
85819 4
85829 4
85831 4
85837 4
85843 4
85847 4
85853 4
85889 4
85903 4
85909 4
85931 4
85933 4
85991 4
85999 4
86011 4
86017 4
86027 4
86029 4
86069 4
86077 3
86083 4
86111 4
86113 4
86117 4
86131 4
86137 4
86143 4
86161 4
86171 4
86179 4
86183 4
86197 4
86201 4
86209 4
86239 4
86243 4
86249 4
86257 4
86263 4
86269 4
86287 4
86291 4
86293 4
86297 4
86311 4
86323 4
86341 4
86351 4
86353 4
86357 4
86369 4
86371 4
86381 4
86389 4
86399 4
86413 4
86423 3
86441 4
86453 4
86461 4
86467 4
86477 4
86491 4
86501 4
86509 4
86531 4
86533 4
86539 4
86561 4
86573 3
86579 4
86587 4
86599 4
86627 4
86629 4
86677 4
86689 4
86693 4
86711 4
86719 4
86729 4
86743 4
86753 4
86767 4
86771 4
86783 4
86813 4
86837 4
86843 4
86851 4
86857 4
86861 4
86869 4
86923 4
86927 4
86929 4
86939 4
86951 4
86959 4
86969 4
86981 4
86993 4
87011 4
87013 4
87037 3
87041 4
87049 4
87071 4
87083 4
87103 4
87107 4
87119 4
87121 4
87133 3
87149 4
87151 4
87179 4
87181 4
87187 4
87211 4
87221 4
87223 4
87251 4
87253 4
87257 4
87277 4
87281 4
87293 4
87299 4
87313 4
87317 4
87323 4
87337 4
87359 4
87383 4
87403 4
87407 4
87421 4
87427 4
87433 4
87443 4
87473 4
87481 4
87491 4
87509 4
87511 4
87517 4
87523 4
87539 4
87541 4
87547 4
87553 4
87557 4
87559 4
87583 4
87587 4
87589 4
87613 4
87623 4
87629 4
87631 4
87641 4
87643 4
87649 4
87671 4
87679 4
87683 4
87691 4
87697 4
87701 4
87719 4
87721 4
87739 4
87743 4
87751 4
87767 4
87793 4
87797 4
87803 4
87811 4
87833 4
87853 4
87869 4
87877 4
87881 3
87887 4
87911 4
87917 3
87931 4
87943 4
87959 4
87961 4
87973 4
87977 4
87991 4
88001 4
88003 4
88007 4
88019 4
88037 4
88069 4
88079 4
88093 4
88117 4
88129 4
88169 4
88177 4
88211 4
88223 4
88237 4
88241 4
88259 4
88261 4
88289 4
88301 4
88321 4
88327 4
88337 4
88339 4
88379 4
88397 4
88411 4
88423 4
88427 4
88463 4
88469 4
88471 4
88493 4
88499 4
88513 4
88523 3
88547 4
88589 4
88591 4
88607 4
88609 3
88643 4
88651 4
88657 4
88661 4
88663 4
88667 4
88681 4
88721 4
88729 4
88741 4
88747 4
88771 4
88789 4
88793 4
88799 4
88801 4
88807 4
88811 4
88813 4
88817 4
88819 4
88843 4
88853 4
88861 4
88867 4
88873 4
88883 3
88897 4
88903 4
88919 3
88937 4
88951 4
88969 4
88993 4
88997 4
89003 4
89009 4
89017 3
89021 4
89041 4
89051 4
89057 4
89069 4
89071 4
89083 4
89087 4
89101 4
89107 4
89113 4
89119 4
89123 3
89137 4
89153 4
89189 4
89203 4
89209 4
89213 4
89227 4
89231 4
89237 4
89261 4
89269 4
89273 4
89293 4
89303 4
89317 4
89329 3
89363 4
89371 4
89381 4
89387 4
89393 4
89399 4
89413 4
89417 4
89431 4
89443 4
89449 4
89459 4
89477 4
89491 4
89501 4
89513 4
89519 4
89521 4
89527 4
89533 4
89561 4
89563 4
89567 4
89591 4
89597 4
89599 4
89603 4
89611 4
89627 3
89633 3
89653 3
89657 4
89659 4
89669 4
89671 4
89681 4
89689 4
89753 4
89759 4
89767 4
89779 4
89783 4
89797 3
89809 4
89819 4
89821 4
89833 4
89839 4
89849 4
89867 4
89891 4
89897 4
89899 4
89909 4
89917 4
89923 4
89939 4
89959 4
89963 4
89977 4
89983 4
89989 4
90001 4
90007 4
90011 4
90017 4
90019 4
90023 4
90031 4
90053 4
90059 4
90067 4
90071 4
90073 4
90089 4
90107 4
90121 4
90127 4
90149 4
90163 4
90173 4
90187 4
90191 4
90197 4
90199 4
90203 4
90217 3
90227 3
90239 4
90247 4
90263 4
90271 4
90281 4
90289 4
90313 4
90353 4
90359 4
90371 4
90373 3
90379 4
90397 4
90401 4
90403 4
90407 4
90437 4
90439 4
90469 4
90473 4
90481 4
90499 4
90511 4
90523 4
90527 4
90529 4
90533 4
90547 4
90583 4
90599 4
90617 4
90619 4
90631 4
90641 4
90647 4
90659 4
90677 4
90679 4
90697 4
90703 4
90709 4
90731 4
90749 4
90787 4
90793 4
90803 4
90821 4
90823 4
90833 4
90841 3
90847 4
90863 4
90887 4
90901 4
90907 4
90911 4
90917 4
90931 3
90947 4
90971 4
90977 4
90989 4
90997 3
91009 4
91019 4
91033 4
91079 4
91081 4
91097 4
91099 4
91121 4
91127 4
91129 4
91139 4
91141 4
91151 4
91153 4
91159 4
91163 4
91183 4
91193 4
91199 4
91229 4
91237 4
91243 4
91249 4
91253 4
91283 4
91291 4
91297 4
91303 4
91309 4
91331 4
91367 4
91369 4
91373 4
91381 4
91387 3
91393 4
91397 4
91411 4
91423 4
91433 4
91453 4
91457 4
91459 4
91463 4
91493 4
91499 4
91513 4
91529 4
91541 4
91571 4
91573 4
91577 4
91583 4
91591 4
91621 4
91631 4
91639 4
91673 4
91691 4
91703 4
91711 4
91733 4
91753 4
91757 4
91771 4
91781 4
91801 4
91807 4
91811 4
91813 3
91823 4
91837 3
91841 4
91867 3
91873 4
91909 4
91921 4
91939 4
91943 4
91951 4
91957 4
91961 4
91967 4
91969 4
91997 4
92003 4
92009 4
92033 4
92041 4
92051 4
92077 4
92083 4
92107 4
92111 4
92119 3
92143 4
92153 4
92173 4
92177 4
92179 4
92189 4
92203 4
92219 4
92221 4
92227 4
92233 4
92237 4
92243 4
92251 4
92269 4
92297 4
92311 4
92317 4
92333 4
92347 4
92353 4
92357 4
92363 4
92369 4
92377 4
92381 3
92383 4
92387 4
92399 4
92401 4
92413 4
92419 4
92431 4
92459 4
92461 4
92467 4
92479 4
92489 4
92503 4
92507 4
92551 4
92557 4
92567 4
92569 4
92581 4
92593 4
92623 4
92627 4
92639 4
92641 3
92647 4
92657 4
92669 4
92671 4
92681 4
92683 3
92693 4
92699 4
92707 4
92717 4
92723 4
92737 4
92753 4
92761 4
92767 4
92779 4
92789 4
92791 4
92801 4
92809 4
92821 4
92831 3
92849 4
92857 4
92861 4
92863 4
92867 3
92893 4
92899 4
92921 4
92927 4
92941 4
92951 4
92957 4
92959 4
92987 4
92993 4
93001 4
93047 4
93053 4
93059 4
93077 4
93083 4
93089 3
93097 4
93103 4
93113 4
93131 4
93133 4
93139 4
93151 4
93169 4
93179 4
93187 4
93199 4
93229 4
93239 4
93241 4
93251 4
93253 3
93257 4
93263 4
93281 4
93283 4
93287 4
93307 4
93319 4
93323 4
93329 4
93337 4
93371 4
93377 4
93383 4
93407 4
93419 3
93427 4
93463 4
93479 4
93481 4
93487 4
93491 4
93493 4
93497 4
93503 4
93523 4
93529 4
93553 4
93557 4
93559 4
93563 4
93581 4
93601 4
93607 4
93629 4
93637 4
93683 4
93701 4
93703 4
93719 4
93739 4
93761 4
93763 4
93787 4
93809 4
93811 4
93827 4
93851 4
93871 4
93887 4
93889 4
93893 4
93901 4
93911 4
93913 4
93923 4
93937 4
93941 4
93949 4
93967 4
93971 4
93979 4
93983 4
93997 4
94007 4
94009 4
94033 4
94049 3
94057 4
94063 4
94079 4
94099 4
94109 4
94111 4
94117 4
94121 4
94151 4
94153 4
94169 4
94201 4
94207 4
94219 4
94229 4
94253 4
94261 4
94273 4
94291 4
94307 3
94309 4
94321 4
94327 4
94331 4
94343 3
94349 4
94351 4
94379 4
94397 4
94399 4
94421 4
94427 3
94433 4
94439 4
94441 4
94447 4
94463 3
94477 4
94483 4
94513 4
94529 4
94531 4
94541 4
94543 4
94547 4
94559 4
94561 4
94573 4
94583 4
94597 4
94603 4
94613 4
94621 4
94649 4
94651 4
94687 4
94693 4
94709 4
94723 4
94727 4
94747 4
94771 4
94777 4
94781 4
94789 4
94793 4
94811 4
94819 4
94823 4
94837 4
94841 4
94847 4
94849 4
94873 4
94889 4
94903 4
94907 4
94933 4
94949 4
94951 4
94961 4
94993 4
94999 4
95003 4
95009 4
95021 4
95027 4
95063 4
95071 4
95083 4
95087 4
95089 4
95093 4
95101 4
95107 3
95111 4
95131 4
95143 4
95153 4
95177 4
95189 4
95191 4
95203 4
95213 4
95219 4
95231 4
95233 4
95239 4
95257 4
95261 4
95267 4
95273 4
95279 4
95287 4
95311 4
95317 4
95327 4
95339 4
95369 4
95383 4
95393 4
95401 4
95413 4
95419 4
95429 4
95441 4
95443 4
95461 4
95467 4
95471 4
95479 4
95483 4
95507 4
95527 4
95531 4
95539 4
95549 4
95561 4
95569 4
95581 4
95597 4
95603 3
95617 4
95621 4
95629 4
95633 4
95651 4
95701 4
95707 4
95713 4
95717 4
95723 4
95731 4
95737 4
95747 4
95773 4
95783 4
95789 4
95791 4
95801 4
95803 4
95813 4
95819 4
95857 4
95869 3
95873 4
95881 3
95891 4
95911 4
95917 4
95923 4
95929 4
95947 4
95957 4
95959 4
95971 4
95987 4
95989 4
96001 4
96013 3
96017 4
96043 3
96053 3
96059 4
96079 4
96097 4
96137 4
96149 4
96157 4
96167 4
96179 3
96181 4
96199 4
96211 4
96221 4
96223 4
96233 4
96259 4
96263 4
96269 3
96281 4
96289 4
96293 3
96323 3
96329 4
96331 4
96337 4
96353 4
96377 4
96401 4
96419 4
96431 3
96443 4
96451 4
96457 3
96461 4
96469 4
96479 4
96487 4
96493 4
96497 4
96517 4
96527 4
96553 4
96557 3
96581 4
96587 4
96589 4
96601 4
96643 4
96661 4
96667 4
96671 4
96697 4
96703 4
96731 4
96737 3
96739 3
96749 4
96757 3
96763 4
96769 4
96779 4
96787 4
96797 4
96799 4
96821 4
96823 4
96827 4
96847 4
96851 4
96857 4
96893 4
96907 4
96911 4
96931 4
96953 4
96959 4
96973 4
96979 4
96989 4
96997 4
97001 4
97003 4
97007 4
97021 4
97039 4
97073 4
97081 4
97103 3
97117 4
97127 4
97151 4
97157 4
97159 3
97169 4
97171 4
97177 4
97187 3
97213 4
97231 4
97241 4
97259 4
97283 4
97301 4
97303 4
97327 4
97367 3
97369 4
97373 4
97379 4
97381 4
97387 4
97397 4
97423 4
97429 3
97441 4
97453 4
97459 4
97463 4
97499 4
97501 4
97511 4
97523 4
97547 4
97549 4
97553 4
97561 4
97571 4
97577 4
97579 4
97583 3
97607 4
97609 4
97613 4
97649 4
97651 4
97673 4
97687 4
97711 4
97729 4
97771 4
97777 4
97787 3
97789 4
97813 4
97829 4
97841 4
97843 4
97847 4
97849 4
97859 4
97861 3
97871 4
97879 4
97883 4
97919 4
97927 4
97931 4
97943 3
97961 4
97967 4
97973 4
97987 4
98009 4
98011 3
98017 4
98041 4
98047 4
98057 4
98081 4
98101 4
98123 4
98129 4
98143 4
98179 4
98207 4
98213 4
98221 3
98227 4
98251 4
98257 4
98269 4
98297 4
98299 4
98317 4
98321 4
98323 4
98327 4
98347 4
98369 4
98377 4
98387 4
98389 4
98407 4
98411 4
98419 4
98429 4
98443 4
98453 4
98459 4
98467 4
98473 4
98479 4
98491 4
98507 4
98519 4
98533 3
98543 3
98561 4
98563 3
98573 4
98597 4
98621 4
98627 3
98639 4
98641 4
98663 4
98669 4
98689 4
98711 3
98713 4
98717 4
98729 4
98731 4
98737 4
98773 4
98779 4
98801 4
98807 4
98809 4
98837 4
98849 4
98867 4
98869 3
98873 4
98887 4
98893 4
98897 4
98899 4
98909 4
98911 4
98927 4
98929 4
98939 4
98947 4
98953 4
98963 4
98981 4
98993 4
98999 4
99013 4
99017 4
99023 4
99041 4
99053 4
99079 4
99083 4
99089 4
99103 4
99109 3
99119 4
99131 4
99133 4
99137 4
99139 4
99149 4
99173 4
99181 4
99191 4
99223 4
99233 4
99241 4
99251 4
99257 4
99259 4
99277 4
99289 4
99317 4
99347 3
99349 4
99367 4
99371 4
99377 4
99391 4
99397 4
99401 3
99409 4
99431 4
99439 4
99469 4
99487 4
99497 4
99523 4
99527 4
99529 4
99551 4
99559 4
99563 4
99571 3
99577 4
99581 4
99607 4
99611 4
99623 4
99643 4
99661 4
99667 4
99679 4
99689 4
99707 4
99709 4
99713 4
99719 4
99721 4
99733 4
99761 4
99767 4
99787 3
99793 4
99809 4
99817 4
99823 4
99829 4
99833 4
99839 4
99859 4
99871 4
99877 4
99881 4
99901 4
99907 4
99923 4
99929 4
99961 4
99971 4
99989 4
99991 4
100003 4
100019 4
100043 4
100049 4
100057 4
100069 4
100103 4
100109 4
100129 4
100151 4
100153 4
100169 4
100183 4
100189 4
100193 4
100207 4
100213 4
100237 4
100267 4
100271 4
100279 4
100291 4
100297 4
100313 4
100333 4
100343 4
100357 4
100361 4
100363 4
100379 4
100391 4
100393 4
100403 4
100411 4
100417 4
100447 4
100459 4
100469 4
100483 4
100493 4
100501 4
100511 4
100517 4
100519 4
100523 4
100537 3
100547 4
100549 4
100559 4
100591 4
100609 4
100613 4
100621 4
100649 4
100669 4
100673 4
100693 4
100699 4
100703 4
100733 4
100741 4
100747 4
100769 4
100787 4
100799 4
100801 4
100811 4
100823 4
100829 4
100847 4
100853 3
100907 4
100913 4
100927 4
100931 4
100937 4
100943 4
100957 4
100981 4
100987 4
100999 4
101009 4
101021 3
101027 4
101051 4
101063 4
101081 4
101089 4
101107 3
101111 4
101113 4
101117 4
101119 4
101141 4
101149 4
101159 4
101161 4
101173 4
101183 4
101197 4
101203 4
101207 4
101209 4
101221 4
101267 4
101273 4
101279 4
101281 4
101287 4
101293 4
101323 4
101333 4
101341 4
101347 4
101359 4
101363 4
101377 3
101383 4
101399 4
101411 4
101419 3
101429 4
101449 4
101467 4
101477 4
101483 4
101489 4
101501 4
101503 4
101513 4
101527 4
101531 4
101533 4
101537 4
101561 4
101573 4
101581 4
101599 4
101603 4
101611 4
101627 4
101641 4
101653 4
101663 4
101681 4
101693 4
101701 4
101719 4
101723 4
101737 4
101741 4
101747 4
101749 4
101771 4
101789 4
101797 3
101807 4
101833 4
101837 4
101839 4
101863 4
101869 4
101873 4
101879 4
101891 4
101917 3
101921 4
101929 4
101939 4
101957 4
101963 4
101977 4
101987 4
101999 4
102001 4
102013 4
102019 4
102023 4
102031 4
102043 4
102059 4
102061 4
102071 4
102077 4
102079 4
102101 4
102103 4
102107 4
102121 4
102139 4
102149 4
102161 4
102181 4
102191 4
102197 4
102199 4
102203 4
102217 4
102229 4
102233 4
102241 4
102251 4
102253 4
102259 4
102293 4
102299 3
102301 4
102317 4
102329 4
102337 4
102359 4
102367 4
102397 4
102407 4
102409 4
102433 4
102437 3
102451 4
102461 4
102481 4
102497 4
102499 4
102503 4
102523 4
102533 4
102539 4
102547 3
102551 4
102559 4
102563 3
102587 4
102593 4
102607 4
102611 4
102643 4
102647 4
102653 4
102667 4
102673 4
102677 4
102679 4
102701 4
102761 4
102763 4
102769 4
102793 4
102797 4
102811 4
102829 4
102841 4
102859 4
102871 4
102877 4
102881 4
102911 4
102913 4
102929 4
102931 4
102953 3
102967 4
102983 4
103001 4
103007 4
103043 4
103049 4
103067 4
103069 4
103079 4
103087 4
103091 4
103093 4
103099 3
103123 4
103141 3
103171 4
103177 4
103183 4
103217 4
103231 4
103237 4
103289 4
103291 4
103307 4
103319 4
103333 4
103349 4
103357 4
103387 3
103391 4
103393 4
103399 4
103409 4
103421 4
103423 4
103451 4
103457 4
103471 4
103483 4
103511 4
103529 4
103549 4
103553 4
103561 4
103567 4
103573 4
103577 4
103583 4
103591 4
103613 4
103619 4
103643 4
103651 4
103657 4
103669 4
103681 4
103687 4
103699 4
103703 3
103723 4
103769 4
103787 4
103801 4
103811 4
103813 3
103837 4
103841 4
103843 4
103867 4
103889 4
103903 3
103913 4
103919 4
103951 4
103963 4
103967 4
103969 4
103979 4
103981 4
103991 4
103993 4
103997 4
104003 3
104009 4
104021 4
104033 3
104047 4
104053 4
104059 4
104087 4
104089 4
104107 4
104113 4
104119 4
104123 4
104147 4
104149 4
104161 4
104173 4
104179 4
104183 4
104207 4
104231 4
104233 4
104239 4
104243 4
104281 4
104287 4
104297 4
104309 4
104311 4
104323 4
104327 4
104347 4
104369 4
104381 4
104383 4
104393 4
104399 4
104417 4
104459 4
104471 4
104473 4
104479 4
104491 4
104513 3
104527 4
104537 4
104543 4
104549 4
104551 4
104561 4
104579 4
104593 4
104597 4
104623 4
104639 4
104651 4
104659 4
104677 4
104681 4
104683 4
104693 4
104701 4
104707 4
104711 4
104717 4
104723 4
104729 4
104743 4
104759 4
104761 4
104773 4
104779 4
104789 4
104801 4
104803 4
104827 4
104831 4
104849 4
104851 4
104869 4
104879 4
104891 4
104911 4
104917 4
104933 4
104947 4
104953 4
104959 4
104971 4
104987 4
104999 4
105019 4
105023 4
105031 4
105037 3
105071 4
105097 4
105107 4
105137 4
105143 4
105167 4
105173 4
105199 4
105211 4
105227 4
105229 4
105239 4
105251 4
105253 4
105263 4
105269 4
105277 4
105319 4
105323 3
105331 4
105337 3
105341 4
105359 3
105361 4
105367 4
105373 3
105379 4
105389 4
105397 3
105401 4
105407 4
105437 3
105449 4
105467 4
105491 4
105499 4
105503 4
105509 4
105517 4
105527 4
105529 4
105533 4
105541 4
105557 4
105563 3
105601 4
105607 4
105613 3
105619 4
105649 4
105653 4
105667 4
105673 4
105683 4
105691 4
105701 4
105727 4
105733 4
105751 4
105761 4
105767 4
105769 4
105817 4
105829 4
105863 4
105871 4
105883 4
105899 4
105907 4
105913 4
105929 4
105943 4
105953 4
105967 4
105971 4
105977 4
105983 4
105997 4
106013 4
106019 4
106031 4
106033 4
106087 4
106103 4
106109 4
106121 4
106123 4
106129 4
106163 3
106181 4
106187 4
106189 4
106207 4
106213 4
106217 4
106219 4
106243 4
106261 4
106273 4
106277 4
106279 4
106291 4
106297 4
106303 4
106307 4
106319 4
106321 4
106331 4
106349 4
106357 4
106363 4
106367 4
106373 4
106391 4
106397 4
106411 4
106417 4
106427 4
106433 4
106441 4
106451 4
106453 3
106487 4
106501 4
106531 4
106537 4
106541 3
106543 4
106591 4
106619 4
106621 4
106627 3
106637 4
106649 4
106657 4
106661 4
106663 4
106669 4
106681 4
106693 4
106699 4
106703 3
106721 4
106727 4
106739 4
106747 4
106751 4
106753 4
106759 4
106781 4
106783 4
106787 4
106801 4
106823 4
106853 4
106859 4
106861 4
106867 4
106871 4
106877 4
106903 4
106907 4
106921 4
106937 4
106949 4
106957 4
106961 4
106963 4
106979 4
106993 4
107021 4
107033 4
107053 4
107057 4
107069 4
107071 4
107077 4
107089 3
107099 4
107101 4
107119 4
107123 4
107137 4
107171 4
107183 4
107197 4
107201 4
107209 4
107227 3
107243 4
107251 4
107269 4
107273 4
107279 4
107309 4
107323 4
107339 4
107347 4
107351 4
107357 4
107377 3
107441 4
107449 4
107453 4
107467 4
107473 4
107507 4
107509 4
107563 4
107581 4
107599 4
107603 4
107609 4
107621 4
107641 4
107647 4
107671 4
107687 4
107693 4
107699 4
107713 4
107717 4
107719 4
107741 4
107747 4
107761 4
107773 4
107777 4
107791 4
107827 4
107837 4
107839 4
107843 4
107857 4
107867 4
107873 4
107881 4
107897 4
107903 4
107923 4
107927 4
107941 4
107951 4
107971 4
107981 4
107999 4
108007 4
108011 4
108013 4
108023 4
108037 3
108041 4
108061 4
108079 4
108089 4
108107 4
108109 4
108127 4
108131 4
108139 4
108161 4
108179 4
108187 3
108191 4
108193 4
108203 4
108211 4
108217 4
108223 4
108233 4
108247 4
108263 4
108271 4
108287 4
108289 4
108293 4
108301 4
108343 4
108347 4
108359 4
108377 4
108379 4
108401 3
108413 4
108421 4
108439 4
108457 4
108461 4
108463 4
108497 4
108499 4
108503 4
108517 4
108529 4
108533 4
108541 4
108553 4
108557 4
108571 4
108587 4
108631 4
108637 4
108643 4
108649 4
108677 4
108707 4
108709 4
108727 4
108739 4
108751 4
108761 4
108769 4
108791 4
108793 4
108799 4
108803 3
108821 4
108827 4
108863 4
108869 4
108877 4
108881 4
108883 4
108887 4
108893 4
108907 4
108917 4
108923 4
108929 4
108943 4
108947 4
108949 4
108959 4
108961 4
108967 4
108971 4
108991 4
109001 3
109013 4
109037 4
109049 4
109063 3
109073 4
109097 4
109103 4
109111 4
109121 4
109133 4
109139 4
109141 4
109147 4
109159 4
109169 4
109171 3
109199 4
109201 4
109211 4
109229 4
109253 4
109267 4
109279 4
109297 4
109303 4
109313 4
109321 4
109331 4
109357 3
109363 4
109367 4
109379 4
109387 4
109391 4
109397 4
109423 4
109433 4
109441 4
109451 4
109453 4
109469 4
109471 4
109481 4
109507 3
109517 4
109519 4
109537 4
109541 4
109547 4
109567 4
109579 4
109583 4
109589 4
109597 4
109609 4
109619 4
109621 3
109639 4
109661 4
109663 4
109673 4
109717 4
109721 4
109741 4
109751 4
109789 4
109793 4
109807 4
109819 4
109829 4
109831 4
109841 4
109843 4
109847 4
109849 3
109859 4
109873 4
109883 4
109891 4
109897 4
109903 4
109913 4
109919 4
109937 4
109943 4
109961 4
109987 4
110017 4
110023 4
110039 4
110051 4
110059 4
110063 4
110069 4
110083 4
110119 4
110129 4
110161 4
110183 3
110221 3
110233 4
110237 4
110251 4
110261 4
110269 3
110273 4
110281 4
110291 4
110311 4
110321 4
110323 4
110339 4
110359 4
110419 4
110431 4
110437 4
110441 4
110459 4
110477 4
110479 3
110491 4
110501 4
110503 4
110527 4
110533 4
110543 4
110557 4
110563 3
110567 4
110569 4
110573 4
110581 4
110587 4
110597 4
110603 4
110609 4
110623 4
110629 4
110641 4
110647 4
110651 4
110681 4
110711 4
110729 4
110731 4
110749 4
110753 4
110771 4
110777 4
110807 4
110813 4
110819 4
110821 4
110849 4
110863 4
110879 4
110881 4
110899 4
110909 4
110917 4
110921 4
110923 4
110927 4
110933 4
110939 4
110947 4
110951 4
110969 4
110977 4
110989 4
111029 4
111031 4
111043 4
111049 4
111053 4
111091 4
111103 4
111109 4
111119 4
111121 4
111127 4
111143 3
111149 4
111187 4
111191 4
111211 4
111217 4
111227 4
111229 4
111253 4
111263 4
111269 4
111271 4
111301 4
111317 4
111323 4
111337 4
111341 3
111347 4
111373 4
111409 4
111427 4
111431 4
111439 4
111443 4
111467 4
111487 4
111491 4
111493 4
111497 4
111509 4
111521 4
111533 4
111539 4
111577 4
111581 4
111593 4
111599 4
111611 4
111623 4
111637 4
111641 4
111653 4
111659 4
111667 4
111697 4
111721 3
111731 4
111733 4
111751 4
111767 4
111773 4
111779 4
111781 4
111791 4
111799 4
111821 4
111827 4
111829 4
111833 4
111847 4
111857 4
111863 4
111869 4
111871 4
111893 4
111913 4
111919 4
111949 4
111953 4
111959 4
111973 4
111977 4
111997 4
112019 4
112031 4
112061 4
112067 4
112069 4
112087 4
112097 4
112103 4
112111 4
112121 4
112129 4
112139 4
112153 4
112163 4
112181 4
112199 4
112207 4
112213 4
112223 4
112237 3
112241 4
112247 4
112249 4
112253 4
112261 4
112279 4
112289 4
112291 4
112297 4
112303 4
112327 4
112331 4
112337 4
112339 4
112349 4
112361 4
112363 4
112397 4
112403 4
112429 4
112459 3
112481 4
112501 4
112507 4
112543 4
112559 4
112571 4
112573 4
112577 4
112583 4
112589 4
112601 4
112603 4
112621 4
112643 4
112657 4
112663 4
112687 4
112691 4
112741 4
112757 4
112759 4
112771 4
112787 4
112799 4
112807 4
112831 4
112843 4
112859 4
112877 4
112901 4
112909 4
112913 4
112919 4
112921 4
112927 4
112939 4
112951 4
112967 4
112979 4
112997 4
113011 4
113017 4
113021 4
113023 4
113027 4
113039 4
113041 3
113051 4
113063 3
113081 4
113083 4
113089 4
113093 4
113111 4
113117 4
113123 4
113131 4
113143 4
113147 4
113149 4
113153 4
113159 4
113161 4
113167 4
113171 3
113173 3
113177 4
113189 4
113209 4
113213 4
113227 4
113233 4
113279 4
113287 4
113327 4
113329 4
113341 4
113357 4
113359 4
113363 4
113371 4
113381 4
113383 4
113417 4
113437 4
113453 4
113467 4
113489 4
113497 4
113501 4
113513 4
113537 4
113539 4
113557 4
113567 4
113591 4
113621 4
113623 4
113647 4
113657 4
113683 4
113717 4
113719 4
113723 4
113731 4
113749 4
113759 4
113761 4
113777 4
113779 4
113783 4
113797 4
113809 4
113819 4
113837 4
113843 4
113891 4
113899 4
113903 4
113909 4
113921 4
113933 4
113947 4
113957 4
113963 3
113969 4
113983 4
113989 3
114001 4
114013 4
114031 4
114041 4
114043 4
114067 4
114073 4
114077 4
114083 4
114089 4
114113 4
114143 4
114157 4
114161 4
114167 4
114193 4
114197 4
114199 4
114203 4
114217 4
114221 4
114229 3
114259 4
114269 4
114277 4
114281 4
114299 4
114311 4
114319 4
114329 4
114343 4
114371 4
114377 4
114407 4
114419 4
114451 4
114467 4
114473 4
114479 4
114487 4
114493 4
114547 3
114553 4
114571 4
114577 4
114593 3
114599 4
114601 4
114613 4
114617 4
114641 4
114643 4
114649 4
114659 4
114661 4
114671 3
114679 4
114689 4
114691 4
114713 4
114743 4
114749 4
114757 4
114761 4
114769 4
114773 4
114781 4
114797 4
114799 4
114809 4
114827 4
114833 4
114847 4
114859 4
114883 4
114889 4
114901 3
114913 4
114941 4
114967 4
114973 4
114997 3
115001 4
115013 4
115019 4
115021 4
115057 4
115061 4
115067 4
115079 4
115099 4
115117 4
115123 4
115127 4
115133 4
115151 4
115153 4
115163 4
115183 4
115201 4
115211 4
115223 4
115237 3
115249 4
115259 4
115279 4
115301 3
115303 4
115309 4
115319 4
115321 4
115327 4
115331 4
115337 4
115343 4
115361 4
115363 4
115399 4
115421 4
115429 4
115459 4
115469 4
115471 4
115499 4
115513 4
115523 4
115547 4
115553 4
115561 4
115571 4
115589 4
115597 4
115601 4
115603 4
115613 4
115631 4
115637 3
115657 4
115663 4
115679 4
115693 4
115727 4
115733 4
115741 4
115751 4
115757 4
115763 4
115769 4
115771 4
115777 4
115781 4
115783 4
115793 4
115807 4
115811 4
115823 4
115831 4
115837 4
115849 4
115853 4
115859 4
115861 4
115873 4
115877 4
115879 4
115883 4
115891 4
115901 4
115903 4
115931 4
115933 4
115963 4
115979 4
115981 4
115987 4
116009 4
116027 4
116041 4
116047 4
116089 4
116099 4
116101 4
116107 4
116113 4
116131 4
116141 4
116159 4
116167 4
116177 4
116189 4
116191 4
116201 4
116239 4
116243 4
116257 4
116269 4
116273 3
116279 4
116293 4
116329 3
116341 4
116351 4
116359 4
116371 4
116381 4
116387 4
116411 4
116423 4
116437 4
116443 4
116447 4
116461 4
116471 4
116483 4
116491 4
116507 4
116531 4
116533 4
116537 4
116539 4
116549 4
116579 4
116593 4
116639 4
116657 4
116663 4
116681 4
116687 4
116689 4
116707 4
116719 4
116731 4
116741 4
116747 4
116789 3
116791 4
116797 3
116803 4
116819 4
116827 4
116833 4
116849 4
116867 4
116881 4
116903 4
116911 4
116923 4
116927 4
116929 4
116933 4
116953 4
116959 4
116969 4
116981 4
116989 4
116993 4
117017 4
117023 4
117037 4
117041 4
117043 4
117053 4
117071 4
117101 4
117109 4
117119 4
117127 3
117133 4
117163 4
117167 4
117191 4
117193 4
117203 4
117209 4
117223 4
117239 4
117241 4
117251 4
117259 4
117269 4
117281 4
117307 4
117319 4
117329 4
117331 4
117353 4
117361 4
117371 4
117373 4
117389 4
117413 4
117427 4
117431 4
117437 4
117443 4
117497 4
117499 4
117503 4
117511 4
117517 4
117529 4
117539 4
117541 4
117563 4
117571 4
117577 4
117617 3
117619 4
117643 4
117659 4
117671 4
117673 4
117679 4
117701 4
117703 4
117709 4
117721 4
117727 4
117731 4
117751 4
117757 4
117763 4
117773 4
117779 4
117787 4
117797 4
117809 4
117811 4
117833 4
117839 4
117841 4
117851 4
117877 4
117881 4
117883 4
117889 4
117899 4
117911 4
117917 4
117937 4
117959 4
117973 4
117977 4
117979 4
117989 4
117991 4
118033 4
118037 4
118043 4
118051 4
118057 4
118061 4
118081 4
118093 4
118127 4
118147 4
118163 3
118169 4
118171 4
118189 4
118211 4
118213 4
118219 4
118247 4
118249 4
118253 4
118259 4
118273 4
118277 4
118297 4
118343 4
118361 4
118369 4
118373 4
118387 4
118399 3
118409 4
118411 4
118423 4
118429 4
118453 4
118457 4
118463 4
118471 4
118493 4
118529 4
118543 4
118549 4
118571 4
118583 3
118589 4
118603 4
118619 4
118621 4
118633 4
118661 4
118669 4
118673 4
118681 4
118687 4
118691 4
118709 4
118717 4
118739 4
118747 4
118751 4
118757 4
118787 3
118799 4
118801 4
118819 4
118831 4
118843 4
118861 4
118873 4
118891 4
118897 4
118901 4
118903 4
118907 4
118913 4
118927 4
118931 4
118967 4
118973 4
119027 4
119033 4
119039 4
119047 4
119057 4
119069 4
119083 4
119087 4
119089 4
119099 4
119101 4
119107 4
119129 4
119131 4
119159 4
119173 4
119179 4
119183 4
119191 4
119227 4
119233 4
119237 4
119243 4
119267 4
119291 4
119293 4
119297 4
119299 4
119311 4
119321 4
119359 4
119363 3
119389 4
119417 4
119419 4
119429 4
119447 4
119489 4
119503 4
119513 4
119533 4
119549 4
119551 4
119557 4
119563 4
119569 4
119591 4
119611 4
119617 4
119627 4
119633 4
119653 4
119657 4
119659 4
119671 4
119677 4
119687 4
119689 4
119699 4
119701 4
119723 4
119737 4
119747 4
119759 4
119771 4
119773 4
119783 4
119797 4
119809 4
119813 4
119827 4
119831 4
119839 4
119849 4
119851 4
119869 4
119881 4
119891 4
119921 4
119923 4
119929 4
119953 3
119963 4
119971 4
119981 4
119983 4
119993 4
120011 4
120017 4
120041 4
120047 3
120049 4
120067 4
120077 4
120079 4
120091 4
120097 4
120103 4
120121 4
120157 4
120163 4
120167 4
120181 4
120193 4
120199 4
120209 4
120223 4
120233 4
120247 4
120277 4
120283 4
120293 4
120299 4
120319 4
120331 4
120349 4
120371 4
120383 4
120391 4
120397 4
120401 4
120413 4
120427 4
120431 4
120473 4
120503 4
120511 4
120539 3
120551 4
120557 4
120563 3
120569 4
120577 4
120587 4
120607 4
120619 4
120623 3
120641 4
120647 4
120661 4
120671 4
120677 4
120689 4
120691 4
120709 4
120713 4
120721 3
120737 3
120739 4
120749 4
120763 4
120767 4
120779 4
120811 4
120817 4
120823 4
120829 4
120833 4
120847 4
120851 4
120863 4
120871 4
120877 4
120889 4
120899 4
120907 4
120917 4
120919 4
120929 3
120937 4
120941 4
120943 4
120947 4
120977 4
120997 3
121001 4
121007 4
121013 4
121019 4
121021 4
121039 3
121061 3
121063 3
121067 4
121081 4
121123 4
121139 3
121151 4
121157 4
121169 4
121171 4
121181 4
121189 3
121229 4
121259 4
121267 3
121271 4
121283 4
121291 4
121309 4
121313 4
121321 4
121327 4
121333 4
121343 4
121349 4
121351 4
121357 4
121367 4
121369 4
121379 4
121403 4
121421 4
121439 4
121441 4
121447 4
121453 4
121469 4
121487 4
121493 4
121501 4
121507 4
121523 4
121531 4
121547 4
121553 4
121559 4
121571 4
121577 4
121579 4
121591 4
121607 4
121609 4
121621 4
121631 4
121633 4
121637 4
121661 4
121687 4
121697 4
121711 4
121721 4
121727 4
121763 3
121787 3
121789 4
121843 4
121853 3
121867 4
121883 4
121889 4
121909 4
121921 4
121931 4
121937 4
121949 4
121951 4
121963 4
121967 4
121993 4
121997 4
122011 4
122021 4
122027 4
122029 4
122033 4
122039 4
122041 4
122051 4
122053 4
122069 4
122081 4
122099 4
122117 4
122131 4
122147 4
122149 4
122167 4
122173 4
122201 4
122203 4
122207 4
122209 4
122219 4
122231 4
122251 4
122263 4
122267 4
122273 3
122279 4
122299 4
122321 4
122323 4
122327 4
122347 4
122363 4
122387 4
122389 3
122393 4
122399 4
122401 4
122443 4
122449 4
122453 4
122471 4
122477 4
122489 4
122497 4
122501 4
122503 4
122509 4
122527 4
122533 4
122557 3
122561 4
122579 3
122597 4
122599 4
122609 4
122611 4
122651 4
122653 4
122663 4
122693 4
122701 3
122719 4
122741 4
122743 4
122753 4
122761 4
122777 4
122789 4
122819 4
122827 4
122833 4
122839 4
122849 4
122861 4
122867 3
122869 4
122887 4
122891 4
122921 4
122929 4
122939 4
122953 4
122957 4
122963 3
122971 4
123001 4
123007 4
123017 4
123031 4
123049 4
123059 4
123077 4
123083 4
123091 4
123113 4
123121 4
123127 4
123143 4
123169 4
123191 4
123203 4
123209 4
123217 4
123229 4
123239 3
123259 4
123269 4
123289 4
123307 4
123311 4
123323 4
123341 4
123373 4
123377 4
123379 4
123397 4
123401 4
123407 4
123419 4
123427 4
123433 4
123439 4
123449 4
123457 4
123479 4
123491 4
123493 4
123499 4
123503 4
123517 4
123527 4
123547 4
123551 4
123553 4
123581 4
123583 4
123593 4
123601 3
123619 3
123631 4
123637 4
123653 4
123661 4
123667 4
123677 4
123701 4
123707 4
123719 4
123727 4
123731 4
123733 4
123737 4
123757 4
123787 4
123791 4
123803 4
123817 4
123821 4
123829 4
123833 4
123853 4
123863 4
123887 4
123911 4
123923 4
123931 4
123941 4
123953 4
123973 4
123979 4
123983 4
123989 4
123997 4
124001 4
124021 4
124067 4
124087 4
124097 3
124121 4
124123 4
124133 4
124139 4
124147 4
124153 4
124171 4
124181 4
124183 4
124193 4
124199 4
124213 3
124231 4
124247 4
124249 4
124277 4
124291 4
124297 4
124301 4
124303 4
124309 4
124337 4
124339 4
124343 4
124349 4
124351 4
124363 4
124367 4
124427 4
124429 4
124433 4
124447 4
124459 4
124471 4
124477 4
124489 4
124493 4
124513 4
124529 4
124541 4
124543 4
124561 4
124567 4
124577 4
124601 4
124633 4
124643 4
124669 4
124673 4
124679 4
124693 4
124699 4
124703 4
124717 3
124721 4
124739 4
124753 4
124759 4
124769 4
124771 4
124777 3
124781 4
124783 4
124793 4
124799 4
124819 4
124823 4
124847 4
124853 4
124897 4
124907 4
124909 4
124919 4
124951 4
124979 4
124981 4
124987 4
124991 4
125003 4
125017 4
125029 4
125053 3
125063 4
125093 4
125101 4
125107 4
125113 4
125117 4
125119 4
125131 4
125141 3
125149 4
125183 4
125197 4
125201 4
125207 4
125219 4
125221 4
125231 4
125243 4
125261 4
125269 4
125287 4
125299 4
125303 4
125311 4
125329 4
125339 3
125353 3
125371 4
125383 4
125387 4
125399 4
125407 4
125423 4
125429 4
125441 4
125453 4
125471 4
125497 4
125507 4
125509 4
125527 4
125539 4
125551 4
125591 4
125597 4
125617 4
125621 4
125627 4
125639 4
125641 4
125651 4
125659 4
125669 4
125683 4
125687 4
125693 4
125707 4
125711 4
125717 4
125731 4
125737 4
125743 4
125753 4
125777 4
125789 4
125791 4
125803 4
125813 4
125821 4
125863 4
125887 4
125897 4
125899 4
125921 4
125927 4
125929 4
125933 4
125941 4
125959 4
125963 4
126001 4
126011 4
126013 4
126019 4
126023 4
126031 4
126037 4
126041 4
126047 4
126067 4
126079 4
126097 3
126107 4
126127 4
126131 4
126143 4
126151 4
126173 4
126199 4
126211 4
126223 4
126227 4
126229 4
126233 4
126241 4
126257 4
126271 4
126307 4
126311 4
126317 4
126323 4
126337 3
126341 4
126349 4
126359 4
126397 4
126421 4
126433 4
126443 4
126457 4
126461 4
126473 4
126481 4
126487 4
126491 4
126493 4
126499 4
126517 4
126541 4
126547 4
126551 4
126583 4
126601 4
126611 4
126613 4
126631 4
126641 4
126653 4
126683 4
126691 4
126703 4
126713 3
126719 4
126733 4
126739 4
126743 4
126751 4
126757 4
126761 4
126781 4
126823 4
126827 4
126839 4
126851 4
126857 4
126859 4
126913 4
126923 4
126943 4
126949 4
126961 4
126967 4
126989 4
127031 4
127033 4
127037 4
127051 4
127079 4
127081 4
127103 4
127123 4
127133 4
127139 4
127157 4
127163 4
127189 4
127207 4
127217 4
127219 4
127241 4
127247 4
127249 4
127261 4
127271 4
127277 4
127289 4
127291 4
127297 4
127301 4
127321 4
127331 4
127343 4
127363 4
127373 4
127399 4
127403 4
127423 4
127447 4
127453 4
127481 4
127487 4
127493 4
127507 3
127529 4
127541 4
127549 4
127579 4
127583 4
127591 4
127597 4
127601 4
127607 4
127609 4
127637 4
127643 4
127649 4
127657 4
127663 4
127669 4
127679 4
127681 4
127691 4
127703 4
127709 4
127711 4
127717 4
127727 4
127733 4
127739 4
127747 4
127763 4
127781 4
127807 4
127817 4
127819 4
127837 3
127843 4
127849 4
127859 4
127867 4
127873 3
127877 4
127913 4
127921 3
127931 4
127951 4
127973 4
127979 4
127997 4
128021 4
128033 4
128047 4
128053 4
128099 4
128111 4
128113 4
128119 4
128147 4
128153 4
128159 4
128173 3
128189 4
128201 4
128203 4
128213 3
128221 4
128237 4
128239 4
128257 3
128273 4
128287 4
128291 4
128311 4
128321 3
128327 4
128339 4
128341 4
128347 4
128351 4
128377 4
128389 4
128393 4
128399 4
128411 4
128413 4
128431 4
128437 4
128449 4
128461 3
128467 4
128473 4
128477 4
128483 4
128489 4
128509 4
128519 4
128521 4
128549 4
128551 4
128563 4
128591 4
128599 4
128603 4
128621 4
128629 4
128657 4
128659 4
128663 3
128669 4
128677 4
128683 4
128693 4
128717 4
128747 4
128749 4
128761 4
128767 4
128813 4
128819 4
128831 4
128833 4
128837 4
128857 4
128861 4
128873 4
128879 4
128903 4
128923 3
128939 4
128941 4
128951 4
128959 4
128969 4
128971 4
128981 4
128983 4
128987 4
128993 4
129001 4
129011 4
129023 4
129037 4
129049 4
129061 4
129083 4
129089 4
129097 4
129113 4
129119 4
129121 4
129127 4
129169 4
129187 4
129193 4
129197 4
129209 4
129221 4
129223 4
129229 4
129263 4
129277 4
129281 4
129287 4
129289 4
129293 4
129313 4
129341 3
129347 4
129361 3
129379 4
129401 4
129403 4
129419 4
129439 4
129443 4
129449 4
129457 4
129461 4
129469 4
129491 4
129497 4
129499 4
129509 4
129517 4
129527 4
129529 4
129533 4
129539 4
129553 4
129581 4
129587 4
129589 4
129593 4
129607 4
129629 4
129631 4
129641 4
129643 4
129671 4
129707 4
129719 4
129733 4
129737 4
129749 4
129757 4
129763 3
129769 4
129793 4
129803 4
129841 4
129853 4
129887 4
129893 4
129901 4
129917 4
129919 4
129937 4
129953 4
129959 4
129967 4
129971 4
130003 4
130021 4
130027 4
130043 4
130051 4
130057 4
130069 4
130073 4
130079 4
130087 4
130099 3
130121 4
130127 4
130147 4
130171 4
130183 4
130199 4
130201 4
130211 4
130223 4
130241 4
130253 4
130259 4
130261 4
130267 4
130279 4
130303 4
130307 3
130337 4
130343 4
130349 4
130363 3
130367 4
130369 4
130379 4
130399 4
130409 4
130411 4
130423 4
130439 4
130447 4
130457 4
130469 4
130477 4
130483 4
130489 4
130513 3
130517 4
130523 4
130531 4
130547 4
130553 4
130579 4
130589 4
130619 4
130621 4
130631 4
130633 4
130639 4
130643 4
130649 4
130651 4
130657 4
130681 4
130687 4
130693 4
130699 4
130729 4
130769 4
130783 4
130787 4
130807 4
130811 4
130817 4
130829 4
130841 4
130843 4
130859 4
130873 4
130927 4
130957 4
130969 4
130973 4
130981 4
130987 4
131009 4
131011 4
131023 4
131041 4
131059 4
131063 4
131071 4
131101 4
131111 4
131113 4
131129 4
131143 4
131149 4
131171 4
131203 4
131213 4
131221 4
131231 4
131249 4
131251 4
131267 4
131293 4
131297 4
131303 4
131311 4
131317 4
131321 4
131357 4
131363 4
131371 4
131381 4
131413 4
131431 4
131437 4
131441 4
131447 4
131449 4
131477 4
131479 4
131489 4
131497 4
131501 4
131507 4
131519 4
131543 4
131561 4
131581 4
131591 4
131611 4
131617 4
131627 4
131639 4
131641 4
131671 4
131687 4
131701 4
131707 4
131711 4
131713 4
131731 4
131743 4
131749 4
131759 4
131771 4
131777 4
131779 4
131783 4
131797 4
131837 4
131839 4
131849 4
131861 4
131891 4
131893 4
131899 4
131909 4
131927 3
131933 4
131939 4
131941 4
131947 4
131959 4
131969 4
132001 4
132019 4
132047 4
132049 4
132059 4
132071 4
132103 4
132109 4
132113 4
132137 4
132151 4
132157 4
132169 4
132173 4
132199 4
132229 4
132233 4
132241 4
132247 3
132257 4
132263 4
132283 4
132287 4
132299 4
132313 4
132329 4
132331 4
132347 4
132361 4
132367 4
132371 4
132383 4
132403 4
132409 4
132421 4
132437 4
132439 4
132469 4
132491 4
132499 4
132511 4
132523 4
132527 4
132529 4
132533 4
132541 4
132547 4
132589 4
132607 4
132611 4
132619 4
132623 4
132631 4
132637 4
132647 4
132661 4
132667 4
132679 4
132689 4
132697 4
132701 4
132707 4
132709 4
132721 4
132739 4
132749 4
132751 4
132757 4
132761 4
132763 3
132817 4
132833 4
132851 4
132857 4
132859 4
132863 3
132887 4
132893 4
132911 4
132929 4
132947 3
132949 4
132953 4
132961 4
132967 4
132971 4
132989 4
133013 4
133033 3
133039 4
133051 4
133069 4
133073 4
133087 4
133097 4
133103 4
133109 4
133117 4
133121 4
133153 4
133157 4
133169 4
133183 4
133187 3
133201 4
133213 3
133241 4
133253 4
133261 4
133271 4
133277 4
133279 4
133283 3
133303 4
133319 4
133321 4
133327 4
133337 4
133349 4
133351 4
133379 4
133387 4
133391 4
133403 4
133417 4
133439 4
133447 4
133451 4
133481 4
133493 4
133499 4
133519 4
133541 4
133543 3
133559 4
133571 4
133583 4
133597 4
133631 4
133633 4
133649 4
133657 4
133669 4
133673 3
133691 4
133697 4
133709 4
133711 4
133717 4
133723 4
133733 4
133769 4
133781 4
133801 4
133811 4
133813 4
133831 4
133843 4
133853 4
133873 4
133877 4
133919 4
133949 4
133963 4
133967 4
133979 4
133981 4
133993 4
133999 4
134033 4
134039 4
134047 4
134053 4
134059 4
134077 4
134081 4
134087 4
134089 4
134093 4
134129 4
134153 4
134161 4
134171 4
134177 4
134191 4
134207 4
134213 3
134219 4
134227 4
134243 4
134257 4
134263 4
134269 4
134287 4
134291 4
134293 3
134327 4
134333 4
134339 4
134341 4
134353 4
134359 4
134363 4
134369 4
134371 4
134399 4
134401 4
134417 4
134437 4
134443 4
134471 4
134489 4
134503 4
134507 4
134513 4
134581 3
134587 4
134591 4
134593 4
134597 4
134609 4
134639 4
134669 4
134677 4
134681 4
134683 4
134699 4
134707 4
134731 4
134741 4
134753 3
134777 4
134789 4
134807 4
134837 4
134839 4
134851 4
134857 4
134867 4
134873 4
134887 4
134909 4
134917 4
134921 4
134923 4
134947 4
134951 4
134989 4
134999 4
135007 4
135017 4
135019 3
135029 4
135043 4
135049 4
135059 4
135077 4
135089 4
135101 4
135119 4
135131 4
135151 4
135173 4
135181 4
135193 4
135197 4
135209 4
135211 4
135221 4
135241 4
135257 4
135271 4
135277 4
135281 4
135283 4
135301 4
135319 4
135329 4
135347 4
135349 4
135353 4
135367 4
135389 4
135391 3
135403 4
135409 4
135427 4
135431 4
135433 4
135449 4
135461 3
135463 4
135467 4
135469 4
135479 4
135497 4
135511 4
135533 4
135559 4
135571 4
135581 4
135589 4
135593 4
135599 4
135601 4
135607 4
135613 4
135617 4
135623 4
135637 4
135647 4
135649 4
135661 3
135671 3
135697 4
135701 4
135719 4
135721 4
135727 4
135731 4
135743 3
135757 4
135781 4
135787 4
135799 4
135829 4
135841 4
135851 4
135859 4
135887 4
135893 4
135899 4
135911 4
135913 4
135929 4
135937 4
135977 4
135979 4
136013 4
136027 4
136033 4
136043 4
136057 4
136067 4
136069 4
136093 3
136099 4
136111 4
136133 4
136139 4
136163 4
136177 4
136189 4
136193 4
136207 4
136217 4
136223 4
136237 4
136247 4
136261 4
136273 4
136277 4
136303 4
136309 4
136319 4
136327 4
136333 3
136337 4
136343 4
136351 4
136361 4
136373 4
136379 4
136393 4
136397 4
136399 4
136403 4
136417 4
136421 4
136429 4
136447 4
136453 4
136463 4
136471 4
136481 4
136483 4
136501 4
136511 4
136519 4
136523 4
136531 4
136537 4
136541 4
136547 4
136559 4
136573 4
136601 4
136603 4
136607 3
136621 4
136649 4
136651 4
136657 4
136691 4
136693 4
136709 4
136711 4
136727 4
136733 4
136739 4
136751 4
136753 4
136769 4
136777 4
136811 4
136813 3
136841 4
136849 4
136859 4
136861 4
136879 4
136883 4
136889 4
136897 4
136943 4
136949 4
136951 4
136963 4
136973 4
136979 4
136987 4
136991 4
136993 4
136999 3
137029 3
137077 4
137087 4
137089 4
137117 4
137119 4
137131 4
137143 4
137147 4
137153 4
137177 4
137183 4
137191 4
137197 4
137201 4
137209 4
137219 4
137239 4
137251 4
137273 4
137279 4
137303 4
137321 4
137339 4
137341 4
137353 4
137359 4
137363 4
137369 4
137383 4
137387 4
137393 4
137399 4
137413 4
137437 3
137443 4
137447 4
137453 4
137477 4
137483 4
137491 4
137507 4
137519 4
137537 4
137567 4
137573 3
137587 3
137593 4
137597 4
137623 4
137633 4
137639 4
137653 4
137659 4
137699 4
137707 4
137713 4
137723 4
137737 4
137743 4
137771 4
137777 4
137791 4
137803 4
137827 4
137831 4
137849 4
137867 4
137869 4
137873 4
137909 4
137911 4
137927 4
137933 4
137941 4
137947 4
137957 4
137983 4
137993 4
137999 3
138007 4
138041 4
138053 4
138059 4
138071 3
138077 4
138079 4
138101 4
138107 4
138113 4
138139 4
138143 4
138157 3
138163 4
138179 4
138181 4
138191 4
138197 4
138209 4
138239 4
138241 4
138247 4
138251 4
138283 4
138289 4
138311 4
138319 4
138323 4
138337 4
138349 4
138371 4
138373 4
138389 4
138401 4
138403 4
138407 4
138427 4
138433 4
138449 4
138451 4
138461 4
138469 4
138493 4
138497 4
138511 4
138517 4
138547 4
138559 4
138563 3
138569 3
138571 4
138577 3
138581 4
138587 4
138599 4
138617 4
138629 4
138637 4
138641 4
138647 4
138661 4
138679 4
138683 4
138727 4
138731 4
138739 4
138763 4
138793 4
138797 4
138799 4
138821 4
138829 4
138841 4
138863 4
138869 4
138883 4
138889 4
138893 4
138899 4
138917 4
138923 4
138937 4
138959 4
138967 4
138977 4
139021 4
139033 4
139067 4
139079 4
139091 4
139109 4
139121 4
139123 4
139133 4
139169 4
139177 4
139187 3
139199 4
139201 4
139241 4
139267 4
139273 4
139291 4
139297 4
139301 4
139303 4
139309 4
139313 4
139333 4
139339 4
139343 4
139361 4
139367 3
139369 4
139387 4
139393 4
139397 4
139409 4
139423 4
139429 4
139439 4
139457 4
139459 4
139483 4
139487 3
139493 4
139501 4
139511 4
139537 3
139547 3
139571 4
139589 4
139591 4
139597 4
139609 4
139619 4
139627 4
139661 4
139663 4
139681 4
139697 4
139703 3
139709 4
139721 4
139729 4
139739 4
139747 4
139753 4
139759 4
139787 4
139801 4
139813 4
139831 4
139837 4
139861 4
139871 4
139883 4
139891 4
139901 3
139907 4
139921 4
139939 4
139943 4
139967 4
139969 3
139981 4
139987 4
139991 4
139999 4
140009 4
140053 4
140057 4
140069 4
140071 4
140111 4
140123 4
140143 4
140159 4
140167 4
140171 4
140177 4
140191 4
140197 4
140207 4
140221 4
140227 4
140237 4
140249 3
140263 4
140269 4
140281 4
140297 4
140317 3
140321 4
140333 4
140339 4
140351 4
140363 4
140381 4
140401 4
140407 4
140411 4
140417 4
140419 4
140423 3
140443 4
140449 4
140453 4
140473 4
140477 3
140521 3
140527 4
140533 4
140549 4
140551 4
140557 4
140587 4
140593 4
140603 4
140611 4
140617 4
140627 4
140629 4
140639 4
140659 4
140663 4
140677 4
140681 4
140683 4
140689 4
140717 4
140729 4
140731 4
140741 4
140759 4
140761 4
140773 3
140779 4
140797 4
140813 3
140827 4
140831 4
140837 4
140839 4
140863 4
140867 4
140869 4
140891 4
140893 4
140897 4
140909 4
140929 4
140939 4
140977 4
140983 4
140989 4
141023 4
141041 4
141061 4
141067 4
141073 4
141079 4
141101 4
141107 4
141121 4
141131 4
141157 4
141161 4
141179 4
141181 4
141199 4
141209 4
141221 4
141223 4
141233 4
141241 4
141257 4
141263 4
141269 4
141277 4
141283 4
141301 4
141307 4
141311 4
141319 4
141353 4
141359 4
141371 4
141397 4
141403 3
141413 4
141439 4
141443 4
141461 4
141481 4
141497 4
141499 4
141509 4
141511 3
141529 4
141539 4
141551 4
141587 4
141601 3
141613 4
141619 4
141623 4
141629 4
141637 4
141649 4
141653 4
141667 4
141671 4
141677 4
141679 4
141689 4
141697 4
141707 4
141709 3
141719 3
141731 4
141761 3
141767 4
141769 4
141773 4
141793 4
141803 4
141811 4
141829 4
141833 4
141851 4
141853 4
141863 4
141871 4
141907 4
141917 4
141931 4
141937 4
141941 4
141959 4
141961 4
141971 4
141991 4
142007 4
142019 4
142031 4
142039 4
142049 4
142057 4
142061 4
142067 4
142097 4
142099 4
142111 4
142123 4
142151 4
142157 4
142159 4
142169 4
142183 4
142189 4
142193 4
142211 4
142217 4
142223 4
142231 4
142237 4
142271 4
142297 4
142319 4
142327 4
142357 4
142369 4
142381 4
142391 4
142403 4
142421 4
142427 4
142433 3
142453 4
142469 4
142501 4
142529 4
142537 4
142543 4
142547 3
142553 4
142559 4
142567 4
142573 4
142589 4
142591 4
142601 4
142607 4
142609 4
142619 4
142657 4
142673 4
142697 4
142699 4
142711 4
142733 4
142757 4
142759 4
142771 4
142787 4
142789 4
142799 4
142811 3
142837 4
142841 4
142867 4
142871 4
142873 4
142897 4
142903 4
142907 4
142939 4
142949 4
142963 4
142969 4
142973 4
142979 4
142981 4
142993 4
143053 4
143063 4
143093 4
143107 4
143111 4
143113 4
143137 4
143141 3
143159 4
143177 4
143197 4
143239 4
143243 4
143249 4
143257 4
143261 4
143263 4
143281 4
143287 4
143291 4
143329 4
143333 4
143357 4
143387 4
143401 4
143413 4
143419 3
143443 4
143461 4
143467 3
143477 4
143483 4
143489 4
143501 4
143503 4
143509 4
143513 4
143519 4
143527 4
143537 4
143551 4
143567 3
143569 4
143573 3
143593 4
143609 4
143617 4
143629 4
143651 4
143653 4
143669 4
143677 4
143687 4
143699 4
143711 4
143719 4
143729 4
143743 4
143779 4
143791 4
143797 4
143807 4
143813 4
143821 4
143827 4
143831 4
143833 4
143873 4
143879 4
143881 4
143909 4
143947 4
143953 4
143971 4
143977 4
143981 4
143999 4
144013 4
144031 4
144037 3
144061 4
144071 4
144073 4
144103 4
144139 4
144161 4
144163 4
144167 3
144169 4
144173 4
144203 4
144223 4
144241 4
144247 4
144253 4
144259 4
144271 4
144289 4
144299 4
144307 4
144311 4
144323 4
144341 4
144349 4
144379 4
144383 4
144407 4
144409 4
144413 4
144427 4
144439 4
144451 4
144461 4
144479 4
144481 4
144497 4
144511 4
144539 4
144541 4
144563 4
144569 4
144577 4
144583 4
144589 4
144593 4
144611 4
144629 4
144659 4
144667 4
144671 4
144701 4
144709 4
144719 4
144731 4
144737 4
144751 4
144757 4
144763 4
144773 4
144779 4
144791 4
144817 4
144829 4
144839 4
144847 4
144883 4
144887 4
144889 4
144899 4
144917 4
144931 4
144941 4
144961 4
144967 4
144973 4
144983 4
145007 4
145009 4
145021 3
145031 3
145037 4
145043 4
145063 3
145069 4
145091 4
145109 4
145121 4
145133 3
145139 4
145177 4
145193 4
145207 4
145213 4
145219 4
145253 4
145259 4
145267 4
145283 4
145289 4
145303 4
145307 4
145349 4
145361 4
145381 4
145391 4
145399 4
145417 4
145423 4
145433 4
145441 4
145451 4
145459 4
145463 3
145471 4
145477 4
145487 4
145501 4
145511 4
145513 3
145517 4
145531 4
145543 4
145547 4
145549 4
145577 4
145589 4
145601 4
145603 4
145633 4
145637 4
145643 4
145661 4
145679 4
145681 4
145687 4
145703 4
145709 4
145721 4
145723 4
145753 4
145757 4
145759 4
145771 4
145777 4
145799 4
145807 4
145819 4
145823 4
145829 4
145861 4
145879 4
145897 4
145903 4
145931 4
145933 3
145949 4
145963 4
145967 3
145969 4
145987 3
145991 4
146009 4
146011 4
146021 4
146023 4
146033 4
146051 4
146057 4
146059 4
146063 4
146077 4
146093 4
146099 4
146117 4
146141 4
146161 4
146173 4
146191 4
146197 4
146203 4
146213 4
146221 4
146239 4
146249 4
146273 4
146291 4
146297 4
146299 4
146309 4
146317 3
146323 4
146347 4
146359 4
146369 4
146381 3
146383 4
146389 4
146407 4
146417 4
146423 4
146437 4
146449 4
146477 4
146513 4
146519 4
146521 4
146527 4
146539 4
146543 4
146563 4
146581 4
146603 4
146609 4
146617 4
146639 4
146647 4
146669 4
146677 4
146681 4
146683 4
146701 4
146719 4
146743 4
146749 4
146767 4
146777 4
146801 4
146807 4
146819 4
146833 4
146837 4
146843 4
146849 4
146857 3
146891 4
146893 4
146917 4
146921 4
146933 4
146941 4
146953 4
146977 4
146983 4
146987 4
146989 4
147011 4
147029 4
147031 4
147047 4
147073 4
147083 4
147089 4
147097 4
147107 4
147137 4
147139 4
147151 4
147163 4
147179 4
147197 3
147209 4
147211 4
147221 4
147227 4
147229 4
147253 4
147263 4
147283 4
147289 4
147293 4
147299 3
147311 4
147319 4
147331 4
147341 4
147347 4
147353 4
147377 4
147391 4
147397 4
147401 4
147409 3
147419 4
147449 4
147451 4
147457 4
147481 4
147487 4
147503 4
147517 4
147541 4
147547 4
147551 4
147557 4
147571 4
147583 4
147607 4
147613 4
147617 4
147629 4
147647 3
147661 4
147671 4
147673 4
147689 4
147703 4
147709 4
147727 4
147739 4
147743 4
147761 4
147769 4
147773 4
147779 4
147787 4
147793 4
147799 4
147811 4
147827 4
147853 4
147859 4
147863 4
147881 4
147919 4
147937 4
147949 4
147977 4
147997 4
148013 4
148021 4
148061 4
148063 3
148073 4
148079 4
148091 4
148123 4
148139 4
148147 4
148151 4
148153 4
148157 4
148171 4
148193 4
148199 4
148201 4
148207 4
148229 4
148243 4
148249 4
148279 4
148301 4
148303 4
148331 4
148339 4
148361 4
148367 4
148381 4
148387 4
148399 4
148403 4
148411 4
148429 4
148439 4
148457 4
148469 4
148471 4
148483 4
148501 4
148513 4
148517 4
148531 4
148537 4
148549 4
148573 4
148579 4
148609 4
148627 4
148633 4
148639 4
148663 4
148667 4
148669 4
148691 4
148693 4
148711 4
148721 4
148723 4
148727 4
148747 3
148763 4
148781 3
148783 4
148793 4
148817 4
148829 4
148853 4
148859 4
148861 4
148867 4
148873 4
148891 4
148913 4
148921 4
148927 4
148931 4
148933 4
148949 4
148957 4
148961 4
148991 4
148997 4
149011 4
149021 4
149027 4
149033 4
149053 4
149057 4
149059 4
149069 4
149077 4
149087 4
149099 4
149101 4
149111 4
149113 4
149119 4
149143 3
149153 4
149159 4
149161 4
149173 4
149183 4
149197 3
149213 3
149239 4
149249 4
149251 4
149257 3
149269 4
149287 4
149297 4
149309 4
149323 4
149333 4
149341 3
149351 4
149371 4
149377 3
149381 4
149393 4
149399 4
149411 4
149417 4
149419 4
149423 4
149441 4
149459 4
149489 4
149491 4
149497 4
149503 4
149519 4
149521 4
149531 4
149533 4
149543 4
149551 4
149561 4
149563 4
149579 4
149603 3
149623 4
149627 4
149629 4
149689 4
149711 4
149713 4
149717 4
149729 3
149731 4
149749 4
149759 3
149767 4
149771 4
149791 4
149803 4
149827 4
149837 4
149839 4
149861 4
149867 4
149873 4
149893 4
149899 4
149909 4
149911 4
149921 4
149939 4
149953 4
149969 4
149971 4
149993 4
150001 4
150011 4
150041 4
150053 4
150061 4
150067 4
150077 4
150083 4
150089 4
150091 4
150097 4
150107 4
150131 4
150151 4
150169 3
150193 4
150197 4
150203 4
150209 4
150211 4
150217 4
150221 4
150223 4
150239 4
150247 4
150287 4
150299 4
150301 4
150323 4
150329 4
150343 3
150373 4
150377 4
150379 4
150383 4
150401 4
150407 4
150413 4
150427 4
150431 4
150439 4
150473 4
150497 4
150503 4
150517 4
150523 4
150533 4
150551 4
150559 4
150571 4
150583 4
150587 4
150589 4
150607 4
150611 4
150617 4
150649 4
150659 4
150697 4
150707 4
150721 4
150743 4
150767 4
150769 4
150779 4
150791 4
150797 4
150827 3
150833 4
150847 4
150869 4
150881 4
150883 4
150889 4
150893 4
150901 4
150907 4
150919 4
150929 4
150959 4
150961 4
150967 4
150979 4
150989 4
150991 4
151007 4
151009 4
151013 4
151027 4
151049 4
151051 4
151057 4
151091 4
151121 4
151141 4
151153 4
151157 4
151163 4
151169 4
151171 4
151189 4
151201 4
151213 4
151237 4
151241 4
151243 4
151247 4
151253 4
151273 4
151279 4
151289 4
151303 4
151337 4
151339 4
151343 4
151357 4
151379 4
151381 4
151391 4
151397 4
151423 4
151429 4
151433 4
151451 4
151471 4
151477 4
151483 4
151499 4
151507 4
151517 4
151523 4
151531 4
151537 4
151549 4
151553 4
151561 4
151573 4
151579 4
151597 4
151603 4
151607 4
151609 4
151631 4
151637 4
151643 4
151651 4
151667 4
151673 4
151681 4
151687 4
151693 4
151703 4
151717 4
151729 4
151733 4
151769 4
151771 4
151783 4
151787 4
151799 3
151813 4
151817 4
151841 4
151847 4
151849 4
151871 4
151883 4
151897 3
151901 4
151903 4
151909 4
151937 4
151939 4
151967 3
151969 4
152003 4
152017 4
152027 4
152029 4
152039 4
152041 4
152063 4
152077 4
152081 4
152083 4
152093 4
152111 4
152123 4
152147 4
152183 4
152189 4
152197 3
152203 4
152213 4
152219 4
152231 4
152239 4
152249 4
152267 4
152287 3
152293 4
152297 4
152311 4
152363 4
152377 4
152381 4
152389 4
152393 4
152407 4
152417 4
152419 4
152423 4
152429 4
152441 4
152443 4
152459 4
152461 4
152501 4
152519 4
152531 4
152533 4
152539 4
152563 4
152567 4
152597 4
152599 4
152617 4
152623 4
152629 4
152639 4
152641 3
152657 4
152671 4
152681 3
152717 3
152723 4
152729 4
152753 4
152767 4
152777 4
152783 4
152791 4
152809 4
152819 4
152821 4
152833 4
152837 4
152839 4
152843 4
152851 4
152857 4
152879 4
152897 4
152899 4
152909 4
152939 3
152941 4
152947 4
152953 4
152959 4
152981 4
152989 4
152993 4
153001 4
153059 4
153067 4
153071 4
153073 4
153077 4
153089 4
153107 3
153113 4
153133 4
153137 4
153151 4
153191 4
153247 4
153259 4
153269 4
153271 4
153277 4
153281 4
153287 4
153313 4
153319 4
153337 4
153343 4
153353 4
153359 4
153371 4
153379 4
153407 4
153409 4
153421 4
153427 4
153437 4
153443 3
153449 4
153457 3
153469 4
153487 4
153499 4
153509 4
153511 4
153521 4
153523 4
153529 4
153533 4
153557 4
153563 4
153589 3
153607 4
153611 4
153623 4
153641 4
153649 4
153689 4
153701 4
153719 4
153733 4
153739 4
153743 4
153749 4
153757 4
153763 4
153817 4
153841 4
153871 4
153877 3
153887 4
153889 4
153911 4
153913 4
153929 4
153941 4
153947 4
153949 4
153953 4
153991 4
153997 4
154001 4
154027 4
154043 3
154057 4
154061 4
154067 4
154073 4
154079 4
154081 4
154087 4
154097 4
154111 4
154127 4
154153 4
154157 4
154159 4
154181 4
154183 4
154211 4
154213 3
154229 4
154243 4
154247 4
154267 4
154277 4
154279 4
154291 4
154303 4
154313 4
154321 4
154333 4
154339 4
154351 4
154369 4
154373 4
154387 4
154409 4
154417 3
154423 4
154439 4
154459 4
154487 4
154493 4
154501 4
154523 4
154543 4
154571 4
154573 4
154579 4
154589 4
154591 4
154613 4
154619 4
154621 4
154643 4
154667 4
154669 4
154681 4
154691 4
154699 4
154723 4
154727 4
154733 4
154747 4
154753 3
154769 3
154787 3
154789 4
154799 4
154807 4
154823 4
154841 4
154849 4
154871 4
154873 4
154877 4
154883 4
154897 4
154927 4
154933 4
154937 4
154943 4
154981 4
154991 4
155003 3
155009 4
155017 4
155027 4
155047 4
155069 4
155081 4
155083 4
155087 4
155119 4
155137 4
155153 4
155161 4
155167 4
155171 4
155191 4
155201 4
155203 4
155209 4
155219 4
155231 4
155251 4
155269 4
155291 4
155299 4
155303 4
155317 4
155327 4
155333 4
155371 3
155377 4
155381 3
155383 4
155387 4
155399 4
155413 4
155423 4
155443 4
155453 4
155461 4
155473 4
155501 4
155509 4
155521 4
155537 4
155539 4
155557 4
155569 4
155579 3
155581 4
155593 4
155599 4
155609 4
155621 4
155627 4
155653 4
155657 4
155663 3
155671 4
155689 3
155693 4
155699 4
155707 4
155717 4
155719 4
155723 4
155731 4
155741 4
155747 4
155773 4
155777 4
155783 4
155797 4
155801 4
155809 3
155821 4
155833 4
155849 3
155851 4
155861 4
155863 4
155887 4
155891 4
155893 4
155921 4
156007 4
156011 4
156019 4
156041 4
156059 4
156061 4
156071 4
156089 4
156109 4
156119 4
156127 4
156131 4
156139 4
156151 4
156157 4
156217 3
156227 3
156229 4
156241 4
156253 4
156257 4
156259 4
156269 4
156307 4
156319 4
156329 4
156347 4
156353 4
156361 4
156371 4
156419 4
156421 4
156437 3
156467 4
156487 4
156491 4
156493 4
156511 4
156521 4
156539 4
156577 4
156589 4
156593 4
156601 4
156619 4
156623 4
156631 4
156641 4
156659 4
156671 3
156677 3
156679 3
156683 4
156691 4
156703 4
156707 4
156719 4
156727 4
156733 4
156749 4
156781 4
156797 4
156799 4
156817 3
156823 4
156833 4
156841 4
156887 4
156899 4
156901 3
156913 4
156941 4
156943 4
156967 4
156971 4
156979 4
157007 4
157013 4
157019 4
157037 4
157049 4
157051 4
157057 4
157061 4
157081 4
157103 4
157109 4
157127 3
157133 3
157141 4
157163 4
157177 4
157181 4
157189 4
157207 4
157211 4
157217 4
157219 3
157229 4
157231 4
157243 4
157247 4
157253 4
157259 4
157271 4
157273 4
157277 4
157279 4
157291 4
157303 4
157307 4
157321 4
157327 4
157349 4
157351 4
157363 4
157393 4
157411 4
157427 4
157429 4
157433 4
157457 4
157477 4
157483 4
157489 4
157513 3
157519 4
157523 4
157543 4
157559 4
157561 4
157571 4
157579 4
157627 4
157637 4
157639 4
157649 4
157667 4
157669 4
157679 4
157721 4
157733 4
157739 4
157747 4
157769 4
157771 4
157793 4
157799 4
157813 4
157823 4
157831 4
157837 4
157841 4
157867 4
157877 4
157889 4
157897 4
157901 4
157907 4
157931 4
157933 4
157951 4
157991 4
157999 4
158003 4
158009 4
158017 3
158029 4
158047 4
158071 4
158077 4
158113 4
158129 4
158141 4
158143 4
158161 4
158189 4
158201 4
158209 4
158227 4
158231 4
158233 3
158243 4
158261 3
158269 4
158293 4
158303 4
158329 4
158341 4
158351 4
158357 4
158359 4
158363 4
158371 4
158393 4
158407 4
158419 4
158429 4
158443 4
158449 4
158489 4
158507 4
158519 4
158527 4
158537 4
158551 4
158563 4
158567 4
158573 4
158581 3
158591 4
158597 4
158611 4
158617 4
158621 4
158633 4
158647 4
158657 4
158663 4
158699 4
158731 4
158747 4
158749 4
158759 4
158761 4
158771 4
158777 4
158791 4
158803 4
158843 4
158849 4
158863 4
158867 4
158881 3
158909 4
158923 4
158927 4
158941 4
158959 4
158981 4
158993 4
159013 4
159017 4
159023 4
159059 4
159073 4
159079 4
159097 4
159113 4
159119 4
159157 4
159161 4
159167 4
159169 4
159179 4
159191 4
159193 4
159199 4
159209 4
159223 4
159227 4
159233 4
159287 4
159293 4
159311 4
159319 4
159337 4
159347 4
159349 4
159361 4
159389 4
159403 4
159407 4
159421 4
159431 4
159437 4
159457 4
159463 4
159469 4
159473 4
159491 4
159499 4
159503 4
159521 4
159539 4
159541 4
159553 4
159563 4
159569 4
159571 4
159589 4
159617 4
159623 4
159629 4
159631 4
159667 4
159671 4
159673 3
159683 4
159697 4
159701 4
159707 4
159721 4
159737 3
159739 4
159763 4
159769 4
159773 4
159779 4
159787 4
159791 4
159793 4
159799 4
159811 4
159833 4
159839 4
159853 3
159857 4
159869 4
159871 4
159899 4
159911 4
159931 4
159937 4
159977 4
159979 4
160001 4
160009 3
160019 3
160031 4
160033 4
160049 4
160073 4
160079 4
160081 4
160087 4
160091 4
160093 4
160117 4
160141 4
160159 4
160163 4
160169 4
160183 4
160201 4
160207 4
160217 4
160231 4
160243 4
160253 4
160309 4
160313 4
160319 4
160343 4
160357 4
160367 3
160373 4
160387 4
160397 4
160403 4
160409 4
160423 4
160441 4
160453 4
160481 4
160483 4
160499 4
160507 4
160541 4
160553 4
160579 4
160583 4
160591 4
160603 4
160619 4
160621 4
160627 4
160637 4
160639 4
160649 4
160651 4
160663 4
160669 4
160681 4
160687 4
160697 4
160709 4
160711 4
160723 4
160739 4
160751 4
160753 3
160757 4
160781 4
160789 4
160807 4
160813 4
160817 4
160829 4
160841 4
160861 4
160877 3
160879 4
160883 4
160903 4
160907 4
160933 4
160967 4
160969 4
160981 4
160997 4
161009 4
161017 4
161033 4
161039 4
161047 4
161053 4
161059 4
161071 4
161087 3
161093 4
161123 4
161137 4
161141 4
161149 4
161159 4
161167 4
161201 4
161221 4
161233 4
161237 4
161263 4
161267 4
161281 4
161303 4
161309 4
161323 4
161333 4
161339 4
161341 4
161363 4
161377 4
161387 4
161407 4
161411 4
161453 4
161459 4
161461 4
161471 4
161503 4
161507 4
161521 4
161527 4
161531 4
161543 4
161561 4
161563 4
161569 4
161573 4
161591 4
161599 4
161611 4
161627 3
161639 4
161641 4
161659 4
161683 4
161717 4
161729 4
161731 4
161741 4
161743 4
161753 4
161761 4
161771 4
161773 3
161779 4
161783 4
161807 4
161831 4
161839 4
161869 4
161873 4
161879 4
161881 4
161911 4
161921 4
161923 4
161947 4
161957 4
161969 4
161971 4
161977 4
161983 4
161999 4
162007 4
162011 4
162017 4
162053 4
162059 4
162079 4
162091 4
162109 4
162119 4
162143 4
162209 4
162221 4
162229 3
162251 4
162257 4
162263 4
162269 4
162277 3
162287 4
162289 4
162293 4
162343 4
162359 4
162389 4
162391 4
162413 4
162419 4
162439 4
162451 4
162457 4
162473 4
162493 4
162499 4
162517 3
162523 4
162527 4
162529 3
162553 4
162557 4
162563 4
162577 4
162593 4
162601 4
162611 4
162623 4
162629 4
162641 4
162649 4
162671 4
162677 4
162683 4
162691 4
162703 4
162709 4
162713 4
162727 4
162731 4
162739 4
162749 4
162751 4
162779 4
162787 4
162791 4
162821 4
162823 4
162829 4
162839 4
162847 4
162853 4
162859 4
162881 4
162889 4
162901 4
162907 3
162917 4
162937 4
162947 4
162971 4
162973 4
162989 4
162997 4
163003 4
163019 4
163021 3
163027 4
163061 4
163063 4
163109 4
163117 4
163127 4
163129 4
163147 4
163151 4
163169 3
163171 4
163181 4
163193 4
163199 4
163211 4
163223 4
163243 4
163249 4
163259 4
163307 4
163309 4
163321 4
163327 4
163337 4
163351 4
163363 4
163367 4
163393 4
163403 4
163409 4
163411 4
163417 4
163433 4
163469 4
163477 4
163481 4
163483 4
163487 4
163517 4
163543 4
163561 4
163567 4
163573 4
163601 4
163613 4
163621 4
163627 4
163633 4
163637 4
163643 3
163661 4
163673 4
163679 4
163697 4
163729 4
163733 3
163741 4
163753 4
163771 4
163781 4
163789 4
163811 4
163819 4
163841 4
163847 4
163853 4
163859 4
163861 4
163871 4
163883 4
163901 4
163909 4
163927 4
163973 4
163979 4
163981 4
163987 4
163991 4
163993 3
163997 4
164011 4
164023 4
164039 3
164051 4
164057 4
164071 4
164089 4
164093 4
164113 4
164117 4
164147 4
164149 4
164173 4
164183 3
164191 4
164201 4
164209 3
164231 4
164233 4
164239 4
164249 4
164251 4
164267 4
164279 4
164291 4
164299 4
164309 4
164321 4
164341 4
164357 4
164363 4
164371 4
164377 4
164387 4
164413 4
164419 4
164429 4
164431 4
164443 4
164447 4
164449 4
164471 4
164477 4
164503 4
164513 4
164531 4
164569 4
164581 4
164587 4
164599 4
164617 4
164621 4
164623 4
164627 4
164653 4
164663 4
164677 4
164683 4
164701 4
164707 4
164729 4
164743 4
164767 4
164771 4
164789 4
164809 4
164821 4
164831 4
164837 4
164839 4
164881 4
164893 4
164911 4
164953 4
164963 4
164987 4
164999 4
165001 4
165037 4
165041 4
165047 4
165049 4
165059 4
165079 4
165083 4
165089 4
165103 4
165133 4
165161 4
165173 4
165181 4
165203 4
165211 4
165229 4
165233 4
165247 4
165287 4
165293 4
165311 4
165313 4
165317 4
165331 4
165343 3
165349 4
165367 4
165379 4
165383 4
165391 4
165397 4
165437 4
165443 4
165449 4
165457 4
165463 4
165469 4
165479 4
165511 4
165523 4
165527 4
165533 4
165541 4
165551 4
165553 4
165559 4
165569 4
165587 4
165589 4
165601 4
165611 4
165617 4
165653 4
165667 3
165673 4
165701 4
165703 4
165707 4
165709 4
165713 4
165719 4
165721 4
165749 4
165779 4
165799 4
165811 4
165817 4
165829 4
165833 4
165857 4
165877 4
165883 4
165887 4
165901 4
165931 4
165941 4
165947 4
165961 4
165983 3
166013 4
166021 4
166027 4
166031 4
166043 3
166063 4
166081 3
166099 4
166147 4
166151 4
166157 4
166169 4
166183 4
166189 4
166207 4
166219 4
166237 4
166247 4
166259 3
166273 4
166289 4
166297 3
166301 4
166303 4
166319 4
166349 4
166351 4
166357 4
166363 4
166393 4
166399 4
166403 4
166409 4
166417 4
166429 4
166457 4
166471 4
166487 4
166541 3
166561 4
166567 4
166571 3
166597 4
166601 4
166603 4
166609 4
166613 4
166619 4
166627 4
166631 4
166643 4
166657 4
166667 4
166669 4
166679 4
166693 3
166703 4
166723 4
166739 4
166741 4
166781 4
166783 4
166799 4
166807 4
166823 4
166841 4
166843 4
166847 3
166849 4
166853 4
166861 4
166867 4
166871 4
166909 4
166919 4
166931 4
166949 4
166967 3
166973 4
166979 4
166987 4
167009 4
167017 4
167021 4
167023 4
167033 4
167039 4
167047 4
167051 4
167071 4
167077 4
167081 4
167087 4
167099 4
167107 4
167113 4
167117 4
167119 4
167149 4
167159 4
167173 4
167177 4
167191 4
167197 3
167213 4
167221 4
167249 4
167261 4
167267 4
167269 4
167309 4
167311 4
167317 4
167329 4
167339 4
167341 3
167381 4
167393 4
167407 4
167413 4
167423 3
167429 4
167437 4
167441 4
167443 4
167449 4
167471 4
167483 4
167491 4
167521 4
167537 4
167543 4
167593 4
167597 4
167611 4
167621 4
167623 4
167627 4
167633 4
167641 4
167663 3
167677 4
167683 4
167711 4
167729 4
167747 4
167759 4
167771 4
167777 4
167779 4
167801 4
167809 4
167861 4
167863 4
167873 4
167879 4
167887 4
167891 4
167899 4
167911 4
167917 4
167953 4
167971 3
167987 4
168013 4
168023 4
168029 4
168037 4
168043 4
168067 4
168071 4
168083 4
168089 4
168109 4
168127 4
168143 4
168151 4
168193 4
168197 4
168211 4
168227 4
168247 4
168253 4
168263 4
168269 3
168277 4
168281 4
168293 4
168323 4
168331 4
168347 4
168353 4
168391 4
168409 4
168433 4
168449 4
168451 4
168457 4
168463 4
168481 4
168491 4
168499 4
168523 4
168527 4
168533 4
168541 4
168559 4
168599 4
168601 4
168617 4
168629 4
168631 4
168643 4
168673 4
168677 4
168697 4
168713 4
168719 4
168731 4
168737 3
168743 4
168761 4
168769 4
168781 4
168803 4
168851 4
168863 4
168869 4
168887 4
168893 4
168899 4
168901 4
168913 4
168937 4
168943 4
168977 4
168991 3
169003 4
169007 4
169009 4
169019 4
169049 4
169063 4
169067 4
169069 4
169079 4
169093 3
169097 3
169111 4
169129 4
169151 4
169159 4
169177 4
169181 4
169199 4
169217 4
169219 4
169241 4
169243 4
169249 4
169259 4
169283 4
169307 4
169313 4
169319 4
169321 4
169327 4
169339 4
169343 4
169361 4
169369 4
169373 4
169399 4
169409 4
169427 4
169457 4
169471 4
169483 4
169489 4
169493 4
169501 4
169523 4
169531 4
169553 4
169567 4
169583 4
169591 4
169607 4
169627 4
169633 4
169639 4
169649 4
169657 4
169661 4
169667 4
169681 4
169691 4
169693 4
169709 4
169733 4
169751 4
169753 4
169769 4
169777 4
169783 4
169789 4
169817 4
169823 4
169831 4
169837 4
169843 4
169859 4
169889 4
169891 4
169909 4
169913 4
169919 4
169933 4
169937 4
169943 4
169951 4
169957 4
169987 4
169991 4
170003 4
170021 4
170029 4
170047 4
170057 4
170063 4
170081 4
170099 4
170101 4
170111 4
170123 4
170141 3
170167 4
170179 4
170189 4
170197 3
170207 4
170213 4
170227 4
170231 4
170239 4
170243 4
170249 4
170263 4
170267 3
170279 4
170293 4
170299 4
170327 4
170341 4
170347 4
170351 4
170353 4
170363 4
170369 4
170371 4
170383 4
170389 4
170393 4
170413 4
170441 4
170447 4
170473 4
170483 4
170497 4
170503 4
170509 4
170537 4
170539 4
170551 4
170557 4
170579 4
170603 3
170609 4
170627 4
170633 4
170641 4
170647 4
170669 4
170689 4
170701 4
170707 4
170711 4
170741 4
170749 4
170759 4
170761 4
170767 4
170773 4
170777 4
170801 4
170809 4
170813 4
170827 4
170837 4
170843 3
170851 4
170857 4
170873 4
170881 4
170887 4
170899 4
170921 4
170927 4
170953 4
170957 4
170971 4
171007 4
171023 3
171029 4
171043 4
171047 4
171049 4
171053 4
171077 4
171079 4
171091 4
171103 4
171131 4
171161 4
171163 4
171167 4
171169 4
171179 4
171203 4
171233 3
171251 4
171253 4
171263 4
171271 4
171293 4
171299 4
171317 4
171329 4
171341 3
171383 4
171401 4
171403 4
171427 4
171439 4
171449 4
171467 4
171469 4
171473 4
171481 4
171491 4
171517 4
171529 4
171539 3
171541 4
171553 4
171559 4
171571 4
171583 4
171617 4
171629 4
171637 4
171641 3
171653 4
171659 4
171671 4
171673 4
171679 4
171697 4
171707 4
171713 4
171719 4
171733 4
171757 4
171761 4
171763 3
171793 4
171799 4
171803 4
171811 4
171823 4
171827 4
171851 4
171863 4
171869 4
171877 4
171881 4
171889 4
171917 4
171923 4
171929 4
171937 4
171947 3
172001 4
172009 4
172021 4
172027 4
172031 4
172049 4
172069 4
172079 4
172093 4
172097 4
172127 3
172147 4
172153 4
172157 4
172169 4
172171 4
172181 4
172199 4
172213 4
172217 4
172219 4
172223 4
172243 3
172259 4
172279 4
172283 4
172297 4
172307 4
172313 4
172321 4
172331 4
172343 4
172351 4
172357 4
172373 4
172399 4
172411 4
172421 4
172423 4
172427 4
172433 4
172439 4
172441 3
172489 4
172507 4
172517 4
172519 4
172541 4
172553 4
172561 4
172573 4
172583 4
172589 4
172597 3
172603 4
172607 4
172619 4
172633 4
172643 4
172649 4
172657 4
172663 4
172673 4
172681 4
172687 4
172709 4
172717 4
172721 4
172741 4
172751 4
172759 4
172787 4
172801 4
172807 4
172829 4
172849 4
172853 4
172859 4
172867 4
172871 4
172877 4
172883 4
172933 4
172969 4
172973 4
172981 4
172987 4
172993 4
172999 4
173021 4
173023 4
173039 4
173053 4
173059 4
173081 4
173087 4
173099 4
173137 4
173141 4
173149 4
173177 4
173183 4
173189 4
173191 4
173207 4
173209 4
173219 4
173249 4
173263 4
173267 4
173273 4
173291 4
173293 4
173297 4
173309 4
173347 4
173357 4
173359 4
173429 4
173431 4
173473 4
173483 4
173491 3
173497 3
173501 4
173531 4
173539 4
173543 4
173549 4
173561 4
173573 4
173599 4
173617 4
173629 4
173647 4
173651 4
173659 3
173669 4
173671 4
173683 4
173687 4
173699 4
173707 4
173713 4
173729 4
173741 4
173743 4
173773 4
173777 4
173779 4
173783 3
173807 4
173819 4
173827 4
173839 4
173851 4
173861 4
173867 4
173891 4
173897 4
173909 4
173917 4
173923 4
173933 3
173969 4
173977 4
173981 4
173993 4
174007 4
174017 4
174019 4
174047 4
174049 4
174061 4
174067 4
174071 4
174077 4
174079 4
174091 3
174101 4
174121 4
174137 4
174143 4
174149 4
174157 4
174169 4
174197 4
174221 4
174241 4
174257 4
174259 4
174263 4
174281 4
174289 4
174299 4
174311 4
174329 4
174331 4
174337 4
174347 4
174367 3
174389 4
174407 4
174413 4
174431 4
174443 4
174457 4
174467 4
174469 4
174481 4
174487 4
174491 4
174527 4
174533 4
174569 4
174571 4
174583 4
174599 4
174613 4
174617 4
174631 4
174637 3
174649 4
174653 4
174659 4
174673 4
174679 4
174703 4
174721 4
174737 4
174749 4
174761 4
174763 4
174767 4
174773 4
174799 4
174821 4
174829 3
174851 4
174859 4
174877 3
174893 4
174901 4
174907 4
174917 4
174929 4
174931 4
174943 4
174959 4
174989 4
174991 4
175003 4
175013 4
175039 4
175061 4
175067 4
175069 4
175079 4
175081 4
175103 4
175129 4
175141 4
175211 4
175229 4
175261 4
175267 4
175277 4
175291 4
175303 4
175309 4
175327 4
175333 4
175349 3
175361 4
175391 4
175393 4
175403 4
175411 4
175433 4
175447 4
175453 4
175463 4
175481 4
175493 4
175499 4
175519 4
175523 4
175543 4
175573 4
175601 4
175621 4
175631 4
175633 4
175649 4
175663 4
175673 4
175687 4
175691 4
175699 4
175709 4
175723 4
175727 4
175753 4
175757 4
175759 4
175781 4
175783 4
175811 4
175829 4
175837 4
175843 4
175853 4
175859 4
175873 4
175891 4
175897 3
175909 4
175919 4
175937 4
175939 4
175949 4
175961 4
175963 4
175979 4
175991 3
175993 4
176017 4
176021 4
176023 4
176041 4
176047 4
176051 4
176053 4
176063 4
176081 4
176087 4
176089 4
176123 3
176129 4
176153 4
176159 4
176161 4
176179 4
176191 4
176201 4
176207 4
176213 4
176221 4
176227 4
176237 4
176243 4
176261 3
176299 4
176303 4
176317 4
176321 4
176327 4
176329 4
176333 4
176347 4
176353 4
176357 4
176369 4
176383 4
176389 4
176401 4
176413 4
176417 4
176419 4
176431 4
176459 3
176461 4
176467 4
176489 4
176497 4
176503 4
176507 4
176509 4
176521 4
176531 4
176537 4
176549 4
176551 4
176557 4
176573 4
176591 4
176597 4
176599 4
176609 4
176611 4
176629 4
176641 4
176651 4
176677 4
176699 4
176711 4
176713 4
176741 4
176747 3
176753 4
176777 4
176779 4
176789 4
176791 4
176797 4
176807 4
176809 3
176819 4
176849 4
176857 4
176887 4
176899 4
176903 4
176921 4
176923 4
176927 4
176933 4
176951 4
176977 4
176983 4
176989 4
177007 4
177011 4
177013 4
177019 4
177043 4
177091 4
177101 4
177109 4
177113 4
177127 4
177131 4
177167 4
177173 4
177209 4
177211 4
177217 4
177223 3
177239 3
177257 4
177269 4
177283 4
177301 4
177319 4
177323 4
177337 4
177347 4
177379 4
177383 3
177409 4
177421 4
177427 4
177431 4
177433 3
177467 4
177473 4
177481 4
177487 4
177493 4
177511 4
177533 4
177539 4
177553 4
177589 4
177601 4
177623 4
177647 4
177677 4
177679 4
177691 4
177739 4
177743 4
177761 4
177763 4
177787 3
177791 4
177797 4
177811 4
177823 4
177839 4
177841 4
177883 4
177887 4
177889 4
177893 4
177907 4
177913 4
177917 4
177929 4
177943 4
177949 4
177953 4
177967 4
177979 4
178001 4
178021 4
178037 4
178039 4
178067 4
178069 4
178091 4
178093 4
178103 4
178117 4
178127 4
178141 4
178151 4
178169 4
178183 4
178187 4
178207 4
178223 3
178231 4
178247 4
178249 4
178259 4
178261 4
178289 4
178301 4
178307 4
178327 4
178333 4
178349 4
178351 4
178361 4
178393 4
178397 4
178403 4
178417 4
178439 4
178441 4
178447 4
178469 4
178481 4
178487 4
178489 4
178501 4
178513 4
178531 4
178537 4
178559 4
178561 4
178567 4
178571 4
178597 4
178601 3
178603 4
178609 4
178613 4
178621 4
178627 4
178639 4
178643 4
178681 3
178691 4
178693 4
178697 4
178753 4
178757 4
178781 4
178793 4
178799 4
178807 4
178813 4
178817 4
178819 4
178831 4
178853 4
178859 4
178873 4
178877 4
178889 4
178897 4
178903 4
178907 4
178909 4
178921 4
178931 4
178933 4
178939 4
178951 4
178973 4
178987 4
179021 4
179029 4
179033 3
179041 4
179051 4
179057 4
179083 4
179089 4
179099 4
179107 4
179111 4
179119 4
179143 4
179161 4
179167 4
179173 4
179203 4
179209 4
179213 4
179233 4
179243 4
179261 4
179269 4
179281 4
179287 4
179317 4
179321 4
179327 4
179351 4
179357 4
179369 4
179381 4
179383 4
179393 4
179407 4
179411 4
179429 4
179437 4
179441 4
179453 4
179461 4
179471 4
179479 4
179483 3
179497 4
179519 4
179527 4
179533 4
179549 4
179563 4
179573 4
179579 4
179581 4
179591 3
179593 4
179603 3
179623 4
179633 4
179651 4
179657 3
179659 4
179671 4
179687 4
179689 4
179693 4
179717 4
179719 4
179737 4
179743 4
179749 4
179779 4
179801 4
179807 4
179813 4
179819 4
179821 4
179827 4
179833 4
179849 4
179897 4
179899 4
179903 3
179909 4
179917 4
179923 4
179939 4
179947 4
179951 4
179953 4
179957 4
179969 4
179981 4
179989 4
179999 4
180001 4
180007 4
180023 4
180043 4
180053 4
180071 4
180073 4
180077 4
180097 3
180137 4
180161 4
180179 4
180181 4
180211 4
180221 4
180233 4
180239 4
180241 4
180247 4
180259 4
180263 4
180281 4
180287 4
180289 4
180307 4
180311 4
180317 4
180331 4
180337 4
180347 4
180361 4
180371 4
180379 4
180391 4
180413 3
180419 4
180437 4
180463 4
180473 4
180491 4
180497 4
180503 3
180511 4
180533 4
180539 4
180541 4
180547 4
180563 4
180569 4
180617 4
180623 4
180629 4
180647 4
180667 3
180679 4
180701 4
180731 4
180749 4
180751 4
180773 4
180779 4
180793 4
180797 4
180799 4
180811 4
180847 4
180871 4
180883 4
180907 4
180949 4
180959 4
181001 4
181003 4
181019 4
181031 4
181039 4
181061 4
181063 4
181081 4
181087 3
181123 4
181141 4
181157 4
181183 4
181193 4
181199 4
181201 4
181211 3
181213 4
181219 4
181243 4
181253 4
181273 4
181277 4
181283 4
181297 4
181301 4
181303 4
181361 4
181387 3
181397 4
181399 4
181409 3
181421 4
181439 4
181457 4
181459 4
181499 4
181501 4
181513 4
181523 4
181537 3
181549 4
181553 4
181603 4
181607 4
181609 4
181619 4
181639 4
181667 4
181669 4
181693 4
181711 4
181717 4
181721 4
181729 4
181739 4
181751 4
181757 4
181759 4
181763 3
181777 4
181787 3
181789 4
181813 4
181837 4
181871 4
181873 4
181889 4
181891 4
181903 4
181913 4
181919 4
181927 4
181931 4
181943 4
181957 4
181967 3
181981 4
181997 4
182009 4
182011 4
182027 4
182029 4
182041 4
182047 4
182057 4
182059 4
182089 4
182099 4
182101 4
182107 4
182111 4
182123 4
182129 4
182131 4
182141 4
182159 4
182167 4
182177 4
182179 4
182201 4
182209 4
182233 4
182239 4
182243 4
182261 4
182279 4
182297 4
182309 4
182333 4
182339 4
182341 4
182353 4
182387 4
182389 4
182417 4
182423 4
182431 4
182443 4
182453 4
182467 4
182471 4
182473 4
182489 4
182503 4
182509 4
182519 3
182537 4
182549 4
182561 4
182579 4
182587 4
182593 4
182599 4
182603 4
182617 4
182627 4
182639 4
182641 4
182653 4
182657 4
182659 4
182681 4
182687 4
182701 4
182711 4
182713 4
182747 4
182773 3
182779 4
182789 4
182803 4
182813 4
182821 4
182839 4
182851 4
182857 4
182867 4
182887 4
182893 4
182899 4
182921 4
182927 4
182929 4
182933 4
182953 4
182957 4
182969 4
182981 4
182999 4
183023 4
183037 3
183041 4
183047 4
183059 4
183067 4
183089 4
183091 3
183119 4
183151 4
183167 4
183191 4
183203 4
183247 4
183259 4
183263 4
183283 4
183289 4
183299 4
183301 4
183307 4
183317 4
183319 4
183329 4
183343 4
183349 4
183361 4
183373 4
183377 4
183383 4
183389 4
183397 4
183437 4
183439 4
183451 4
183461 4
183473 4
183479 4
183487 4
183497 4
183499 4
183503 4
183509 4
183511 4
183523 4
183527 4
183569 4
183571 4
183577 4
183581 4
183587 4
183593 4
183611 4
183637 4
183661 4
183683 4
183691 4
183697 4
183707 4
183709 4
183713 4
183761 4
183763 4
183797 4
183809 4
183823 4
183829 4
183871 4
183877 4
183881 4
183907 4
183917 4
183919 4
183943 4
183949 4
183959 4
183971 4
183973 4
183979 4
184003 4
184007 4
184013 4
184031 4
184039 4
184043 4
184057 3
184073 4
184081 4
184087 4
184111 4
184117 4
184133 4
184153 4
184157 4
184181 4
184187 4
184189 4
184199 4
184211 4
184231 4
184241 4
184259 4
184271 4
184273 4
184279 4
184291 4
184309 4
184321 4
184333 4
184337 4
184351 4
184369 4
184409 4
184417 4
184441 4
184447 4
184463 4
184477 4
184487 4
184489 4
184511 4
184517 4
184523 4
184553 4
184559 4
184567 4
184571 4
184577 4
184607 4
184609 4
184627 4
184631 4
184633 3
184649 4
184651 3
184669 4
184687 3
184693 4
184703 4
184711 4
184721 4
184727 4
184733 4
184753 4
184777 4
184823 4
184829 4
184831 4
184837 4
184843 4
184859 4
184879 4
184901 4
184903 4
184913 4
184949 4
184957 4
184967 4
184969 4
184993 4
184997 4
184999 4
185021 4
185027 4
185051 4
185057 4
185063 4
185069 4
185071 4
185077 4
185089 4
185099 4
185123 4
185131 4
185137 4
185149 4
185153 4
185161 4
185167 4
185177 4
185183 4
185189 4
185221 4
185233 4
185243 4
185267 4
185291 4
185299 4
185303 4
185309 4
185323 4
185327 4
185359 4
185363 4
185369 4
185371 4
185401 4
185429 4
185441 4
185467 4
185477 4
185483 4
185491 4
185519 4
185527 4
185531 4
185533 4
185539 4
185543 4
185551 4
185557 4
185567 3
185569 4
185593 4
185599 4
185621 4
185641 4
185651 4
185677 4
185681 4
185683 4
185693 4
185699 4
185707 4
185711 4
185723 4
185737 4
185747 4
185749 4
185753 4
185767 4
185789 4
185797 4
185813 3
185819 4
185821 4
185831 4
185833 3
185849 4
185869 4
185873 4
185893 4
185897 4
185903 4
185917 4
185923 4
185947 4
185951 4
185957 4
185959 4
185971 4
185987 4
185993 4
186007 4
186013 4
186019 4
186023 4
186037 4
186041 4
186049 4
186071 4
186097 4
186103 4
186107 4
186113 4
186119 4
186149 4
186157 4
186161 4
186163 4
186187 4
186191 4
186211 4
186227 4
186229 4
186239 4
186247 4
186253 4
186259 4
186271 4
186283 4
186299 4
186301 4
186311 4
186317 4
186343 4
186377 4
186379 4
186391 4
186397 4
186419 4
186437 4
186451 4
186469 4
186479 4
186481 4
186551 4
186569 4
186581 4
186583 4
186587 4
186601 4
186619 4
186629 4
186647 4
186649 4
186653 4
186671 4
186679 4
186689 4
186701 4
186707 4
186709 4
186727 4
186733 4
186743 4
186757 4
186761 4
186763 4
186773 4
186793 4
186799 3
186841 4
186859 4
186869 3
186871 4
186877 4
186883 4
186889 4
186917 4
186947 4
186959 4
187003 4
187009 4
187027 4
187043 4
187049 4
187067 4
187069 4
187073 4
187081 4
187091 4
187111 4
187123 4
187127 3
187129 4
187133 4
187139 4
187141 4
187163 4
187171 4
187177 4
187181 4
187189 4
187193 4
187211 4
187217 4
187219 4
187223 4
187237 4
187273 4
187277 4
187303 4
187337 4
187339 4
187349 4
187361 4
187367 4
187373 4
187379 4
187387 4
187393 4
187409 4
187417 4
187423 4
187433 4
187441 4
187463 4
187469 4
187471 4
187477 4
187507 4
187513 4
187531 4
187547 3
187559 4
187573 4
187597 4
187631 4
187633 4
187637 4
187639 4
187651 4
187661 4
187669 4
187687 4
187699 4
187711 4
187721 4
187751 4
187763 3
187787 4
187793 4
187823 4
187843 4
187861 4
187871 4
187877 4
187883 4
187897 4
187907 3
187909 4
187921 4
187927 4
187931 4
187951 4
187963 4
187973 3
187987 4
188011 4
188017 4
188021 4
188029 4
188107 4
188137 4
188143 3
188147 4
188159 4
188171 4
188179 4
188189 4
188197 4
188249 4
188261 4
188273 4
188281 4
188291 4
188299 4
188303 4
188311 4
188317 3
188323 4
188333 4
188351 4
188359 4
188369 4
188389 4
188401 4
188407 4
188417 4
188431 4
188437 4
188443 4
188459 4
188473 4
188483 4
188491 4
188519 4
188527 4
188533 4
188563 4
188579 4
188603 4
188609 4
188621 4
188633 4
188653 4
188677 4
188681 4
188687 4
188693 3
188701 4
188707 4
188711 4
188719 4
188729 4
188753 4
188767 4
188779 4
188791 4
188801 4
188827 4
188831 4
188833 4
188843 4
188857 3
188861 4
188863 4
188869 4
188891 4
188911 4
188927 4
188933 4
188939 4
188941 4
188953 4
188957 4
188983 4
188999 4
189011 4
189017 4
189019 4
189041 4
189043 4
189061 4
189067 4
189127 4
189139 4
189149 4
189151 4
189169 4
189187 4
189199 4
189223 4
189229 4
189239 4
189251 4
189253 4
189257 4
189271 4
189307 4
189311 4
189337 4
189347 4
189349 4
189353 4
189361 4
189377 4
189389 4
189391 4
189401 4
189407 4
189421 4
189433 4
189437 3
189439 4
189463 4
189467 4
189473 4
189479 4
189491 4
189493 4
189509 4
189517 4
189523 4
189529 4
189547 4
189559 4
189583 4
189593 4
189599 3
189613 4
189617 4
189619 4
189643 3
189653 4
189661 4
189671 4
189691 4
189697 4
189701 4
189713 4
189733 4
189743 4
189757 4
189767 4
189797 4
189799 4
189817 4
189823 4
189851 4
189853 4
189859 4
189877 4
189881 4
189887 4
189901 4
189913 4
189929 4
189947 4
189949 4
189961 4
189967 4
189977 4
189983 3
189989 4
189997 4
190027 4
190031 4
190051 4
190063 4
190093 4
190097 4
190121 4
190129 3
190147 4
190159 4
190181 4
190207 4
190243 4
190249 4
190261 4
190271 4
190283 3
190297 4
190301 4
190313 4
190321 4
190331 4
190339 4
190357 3
190367 4
190369 4
190387 4
190391 4
190403 4
190409 4
190471 4
190507 4
190523 4
190529 4
190537 4
190543 4
190573 4
190577 4
190579 4
190583 4
190591 4
190607 4
190613 4
190633 4
190639 4
190649 4
190657 4
190667 4
190669 4
190699 4
190709 4
190711 4
190717 4
190753 4
190759 4
190763 4
190769 3
190783 4
190787 4
190793 4
190807 4
190811 4
190823 4
190829 4
190837 4
190843 4
190871 3
190889 4
190891 4
190901 4
190909 4
190913 3
190921 4
190979 4
190997 4
191021 4
191027 4
191033 4
191039 4
191047 4
191057 4
191071 4
191089 4
191099 4
191119 4
191123 4
191137 4
191141 4
191143 4
191161 4
191173 4
191189 4
191227 4
191231 4
191237 4
191249 4
191251 4
191281 4
191297 4
191299 4
191339 4
191341 4
191353 4
191413 4
191441 4
191447 4
191449 4
191453 4
191459 4
191461 4
191467 3
191473 4
191491 4
191497 4
191507 4
191509 4
191519 4
191531 4
191533 3
191537 4
191551 3
191561 4
191563 4
191579 4
191599 4
191621 4
191627 4
191657 4
191669 4
191671 4
191677 4
191689 4
191693 4
191699 4
191707 4
191717 4
191747 4
191749 4
191773 4
191783 4
191791 4
191801 4
191803 4
191827 4
191831 3
191833 4
191837 4
191861 4
191899 4
191903 4
191911 4
191929 4
191953 4
191969 4
191977 4
191999 4
192007 4
192013 4
192029 4
192037 4
192043 4
192047 4
192053 4
192091 4
192097 4
192103 4
192113 4
192121 4
192133 4
192149 4
192161 4
192173 4
192187 4
192191 4
192193 4
192229 4
192233 4
192239 4
192251 3
192259 4
192263 4
192271 4
192307 4
192317 4
192319 4
192323 4
192341 4
192343 4
192347 4
192373 4
192377 4
192383 4
192391 4
192407 4
192431 4
192461 4
192463 4
192497 4
192499 4
192529 4
192539 4
192547 4
192553 3
192557 4
192571 4
192581 4
192583 4
192587 3
192601 4
192611 4
192613 3
192617 4
192629 4
192631 4
192637 4
192667 4
192677 4
192697 4
192737 4
192743 4
192749 4
192757 3
192767 4
192781 4
192791 4
192799 4
192811 4
192817 4
192833 4
192847 4
192853 4
192859 4
192877 4
192883 4
192887 4
192889 4
192917 4
192923 4
192931 4
192949 4
192961 4
192971 4
192977 4
192979 4
192991 4
193003 4
193009 4
193013 4
193031 4
193043 4
193051 4
193057 4
193073 4
193093 4
193133 4
193139 4
193147 4
193153 4
193163 4
193181 4
193183 4
193189 4
193201 4
193243 4
193247 4
193261 4
193283 4
193301 4
193327 4
193337 4
193357 4
193367 4
193373 4
193379 3
193381 4
193387 4
193393 4
193423 4
193433 4
193441 4
193447 4
193451 4
193463 4
193469 4
193493 4
193507 4
193513 4
193541 4
193549 4
193559 4
193573 4
193577 4
193597 4
193601 4
193603 4
193607 3
193619 4
193649 4
193663 4
193679 4
193703 4
193723 4
193727 4
193741 4
193751 4
193757 4
193763 4
193771 4
193789 4
193793 4
193799 4
193811 3
193813 3
193841 4
193847 3
193859 4
193861 4
193871 4
193873 4
193877 4
193883 3
193891 4
193937 3
193939 4
193943 4
193951 4
193957 4
193979 4
193993 4
194003 4
194017 4
194027 4
194057 4
194069 4
194071 4
194083 4
194087 4
194093 4
194101 4
194113 4
194119 4
194141 4
194149 4
194167 4
194179 4
194197 4
194203 4
194239 4
194263 4
194267 4
194269 3
194309 4
194323 3
194353 4
194371 4
194377 4
194413 4
194431 4
194443 4
194471 4
194479 4
194483 4
194507 4
194521 4
194527 4
194543 4
194569 4
194581 4
194591 4
194609 4
194647 4
194653 3
194659 4
194671 4
194681 4
194683 4
194687 4
194707 4
194713 3
194717 4
194723 4
194729 4
194749 4
194767 4
194771 4
194809 4
194813 4
194819 4
194827 4
194839 4
194861 4
194863 3
194867 4
194869 4
194891 3
194899 4
194911 4
194917 4
194933 4
194963 3
194977 4
194981 4
194989 4
195023 4
195029 4
195043 4
195047 4
195049 4
195053 4
195071 4
195077 4
195089 4
195103 4
195121 4
195127 4
195131 4
195137 4
195157 4
195161 4
195163 4
195193 4
195197 4
195203 4
195229 4
195241 4
195253 3
195259 4
195271 4
195277 4
195281 4
195311 3
195319 4
195329 4
195341 4
195343 4
195353 4
195359 4
195389 4
195401 4
195407 4
195413 4
195427 4
195443 3
195457 4
195469 4
195479 4
195493 4
195497 4
195511 4
195527 4
195539 4
195541 4
195581 4
195593 4
195599 4
195659 4
195677 4
195691 4
195697 4
195709 4
195731 4
195733 4
195737 4
195739 4
195743 4
195751 4
195761 4
195781 3
195787 3
195791 4
195809 4
195817 4
195863 4
195869 4
195883 4
195887 4
195893 4
195907 4
195913 4
195919 4
195929 4
195931 4
195967 4
195971 3
195973 4
195977 4
195991 4
195997 4
196003 4
196033 4
196039 4
196043 4
196051 4
196073 4
196081 4
196087 4
196111 4
196117 4
196139 4
196159 4
196169 4
196171 4
196177 4
196181 4
196187 4
196193 3
196201 4
196247 4
196271 4
196277 4
196279 4
196291 4
196303 3
196307 4
196331 4
196337 4
196379 4
196387 4
196429 4
196439 4
196453 4
196459 4
196477 3
196499 4
196501 4
196519 3
196523 4
196541 4
196543 4
196549 4
196561 4
196579 4
196583 4
196597 4
196613 4
196643 4
196657 4
196661 4
196663 4
196681 3
196687 4
196699 4
196709 4
196717 3
196727 4
196739 4
196751 4
196769 4
196771 4
196799 4
196817 4
196831 4
196837 4
196853 4
196871 3
196873 4
196879 4
196901 4
196907 3
196919 4
196927 4
196961 4
196991 4
196993 4
197003 4
197009 4
197023 4
197033 4
197059 4
197063 3
197077 4
197083 4
197089 4
197101 4
197117 4
197123 4
197137 3
197147 4
197159 4
197161 4
197203 4
197207 4
197221 3
197233 4
197243 4
197257 4
197261 4
197269 4
197273 4
197279 4
197293 4
197297 4
197299 4
197311 4
197339 4
197341 4
197347 4
197359 4
197369 4
197371 4
197381 4
197383 4
197389 4
197419 4
197423 4
197441 4
197453 4
197479 4
197507 4
197521 4
197539 4
197551 4
197567 4
197569 4
197573 4
197597 4
197599 4
197609 4
197621 3
197641 4
197647 4
197651 4
197677 4
197683 4
197689 4
197699 4
197711 4
197713 4
197741 4
197753 4
197759 4
197767 4
197773 4
197779 4
197803 3
197807 4
197831 4
197837 4
197887 4
197891 4
197893 4
197909 4
197921 4
197927 4
197933 4
197947 4
197957 4
197959 4
197963 4
197969 4
197971 4
198013 4
198017 4
198031 4
198043 4
198047 4
198073 4
198083 4
198091 4
198097 4
198109 4
198127 4
198139 4
198173 4
198179 4
198193 3
198197 4
198221 4
198223 4
198241 3
198251 4
198257 4
198259 4
198277 4
198281 4
198301 4
198313 3
198323 4
198337 4
198347 4
198349 4
198377 4
198391 4
198397 4
198409 4
198413 4
198427 4
198437 4
198439 4
198461 4
198463 3
198469 4
198479 3
198491 4
198503 4
198529 4
198533 4
198553 4
198571 4
198589 4
198593 4
198599 3
198613 4
198623 4
198637 4
198641 4
198647 4
198659 4
198673 4
198689 4
198701 4
198719 4
198733 4
198761 4
198769 4
198811 4
198817 4
198823 4
198827 4
198829 4
198833 4
198839 4
198841 4
198851 4
198859 4
198899 4
198901 4
198929 4
198937 4
198941 4
198943 4
198953 4
198959 3
198967 4
198971 4
198977 4
198997 4
199021 3
199033 4
199037 4
199039 4
199049 3
199081 4
199103 4
199109 4
199151 4
199153 4
199181 4
199193 4
199207 4
199211 4
199247 4
199261 4
199267 4
199289 4
199313 4
199321 4
199337 4
199343 4
199357 4
199373 4
199379 4
199399 4
199403 4
199411 4
199417 4
199429 4
199447 4
199453 3
199457 4
199483 4
199487 4
199489 3
199499 4
199501 4
199523 4
199559 4
199567 3
199583 3
199601 4
199603 4
199621 4
199637 4
199657 4
199669 4
199673 4
199679 4
199687 4
199697 4
199721 4
199729 4
199739 4
199741 4
199751 4
199753 4
199777 4
199783 4
199799 4
199807 4
199811 4
199813 4
199819 4
199831 4
199853 4
199873 4
199877 4
199889 4
199909 4
199921 4
199931 3
199933 4
199961 4
199967 4
199999 4
200003 4
200009 4
200017 4
200023 4
200029 4
200033 4
200041 4
200063 4
200087 4
200117 4
200131 4
200153 4
200159 4
200171 4
200177 4
200183 4
200191 4
200201 4
200227 4
200231 4
200237 4
200257 4
200273 4
200293 4
200297 4
200323 4
200329 4
200341 4
200351 4
200357 4
200363 4
200371 4
200381 4
200383 4
200401 4
200407 4
200437 4
200443 4
200461 4
200467 4
200483 4
200513 4
200569 4
200573 4
200579 4
200587 4
200591 4
200597 4
200609 4
200639 4
200657 4
200671 4
200689 4
200699 4
200713 4
200723 4
200731 4
200771 4
200779 4
200789 4
200797 4
200807 4
200843 4
200861 4
200867 4
200869 4
200881 4
200891 4
200899 4
200903 4
200909 4
200927 4
200929 4
200971 4
200983 4
200987 4
200989 4
201007 4
201011 4
201031 4
201037 4
201049 4
201073 4
201101 4
201107 4
201119 4
201121 4
201139 4
201151 4
201163 4
201167 4
201193 4
201203 4
201209 4
201211 4
201233 4
201247 4
201251 4
201281 4
201287 4
201307 4
201329 4
201337 4
201359 4
201389 4
201401 4
201403 4
201413 4
201437 4
201449 4
201451 4
201473 4
201491 4
201493 4
201497 4
201499 4
201511 4
201517 4
201547 4
201557 4
201577 4
201581 4
201589 4
201599 4
201611 4
201623 4
201629 4
201653 4
201661 4
201667 4
201673 4
201683 4
201701 4
201709 4
201731 4
201743 4
201757 4
201767 4
201769 4
201781 4
201787 4
201791 4
201797 4
201809 4
201821 4
201823 4
201827 4
201829 4
201833 4
201847 4
201881 4
201889 4
201893 4
201907 4
201911 4
201919 4
201923 4
201937 4
201947 4
201953 4
201961 4
201973 4
201979 4
201997 4
202001 4
202021 4
202031 4
202049 4
202061 4
202063 4
202067 4
202087 4
202099 4
202109 4
202121 4
202127 4
202129 4
202183 4
202187 4
202201 4
202219 4
202231 4
202243 4
202277 4
202289 4
202291 4
202309 4
202327 4
202339 4
202343 4
202357 4
202361 4
202381 4
202387 4
202393 4
202403 4
202409 4
202441 4
202471 4
202481 4
202493 4
202519 4
202529 4
202549 4
202567 4
202577 4
202591 4
202613 4
202621 4
202627 4
202637 4
202639 4
202661 4
202667 4
202679 4
202693 4
202717 4
202729 4
202733 4
202747 4
202751 4
202753 4
202757 4
202777 4
202799 4
202817 4
202823 4
202841 4
202859 4
202877 4
202879 4
202889 4
202907 4
202921 4
202931 4
202933 4
202949 4
202967 4
202973 4
202981 4
202987 4
202999 4
203011 4
203017 4
203023 4
203039 4
203051 4
203057 4
203117 4
203141 4
203173 4
203183 4
203207 4
203209 4
203213 4
203221 4
203227 4
203233 4
203249 4
203279 4
203293 4
203309 4
203311 4
203317 4
203321 4
203323 4
203339 4
203341 4
203351 4
203353 4
203363 4
203381 4
203383 4
203387 4
203393 4
203417 4
203419 4
203429 4
203431 4
203449 4
203459 4
203461 4
203531 4
203549 4
203563 4
203569 4
203579 4
203591 4
203617 4
203627 4
203641 4
203653 4
203657 4
203659 4
203663 4
203669 4
203713 4
203761 4
203767 4
203771 4
203773 4
203789 4
203807 4
203809 4
203821 4
203843 4
203857 4
203869 4
203873 4
203897 4
203909 4
203911 4
203921 4
203947 4
203953 4
203969 4
203971 4
203977 4
203989 4
203999 4
204007 4
204013 4
204019 4
204023 4
204047 4
204059 4
204067 4
204101 4
204107 4
204133 4
204137 4
204143 4
204151 4
204161 4
204163 4
204173 4
204233 4
204251 4
204299 4
204301 4
204311 4
204319 4
204329 4
204331 4
204353 4
204359 4
204361 4
204367 4
204371 4
204377 4
204397 4
204427 4
204431 4
204437 4
204439 4
204443 4
204461 4
204481 4
204487 4
204509 4
204511 4
204517 4
204521 4
204557 4
204563 4
204583 4
204587 4
204599 4
204601 4
204613 4
204623 4
204641 4
204667 4
204679 4
204707 4
204719 4
204733 4
204749 4
204751 4
204781 4
204791 4
204793 4
204797 4
204803 4
204821 4
204857 4
204859 4
204871 4
204887 4
204913 4
204917 4
204923 4
204931 4
204947 4
204973 4
204979 4
204983 4
205019 4
205031 4
205033 4
205043 4
205063 4
205069 4
205081 4
205097 4
205103 4
205111 4
205129 4
205133 4
205141 4
205151 4
205157 4
205171 4
205187 4
205201 4
205211 4
205213 4
205223 4
205237 4
205253 4
205267 4
205297 4
205307 4
205319 4
205327 4
205339 4
205357 4
205391 4
205397 4
205399 4
205417 4
205421 4
205423 4
205427 4
205433 4
205441 4
205453 4
205463 4
205477 4
205483 4
205487 4
205493 4
205507 4
205519 4
205529 4
205537 4
205549 4
205553 4
205559 4
205589 4
205603 4
205607 4
205619 4
205627 4
205633 4
205651 4
205657 4
205661 4
205663 4
205703 4
205721 4
205759 4
205763 4
205783 4
205817 4
205823 4
205837 4
205847 4
205879 4
205883 4
205913 4
205937 4
205949 4
205951 4
205957 4
205963 4
205967 4
205981 4
205991 4
205993 4
206009 4
206021 4
206027 4
206033 4
206039 4
206047 4
206051 4
206069 4
206077 4
206081 4
206083 4
206123 4
206153 4
206177 4
206179 4
206183 4
206191 4
206197 4
206203 4
206209 4
206221 4
206233 4
206237 4
206249 4
206251 4
206263 4
206273 4
206279 4
206281 4
206291 4
206299 4
206303 4
206341 4
206347 4
206351 4
206369 4
206383 4
206399 4
206407 4
206411 4
206413 4
206419 4
206447 4
206461 4
206467 4
206477 4
206483 4
206489 4
206501 4
206519 4
206527 4
206543 4
206551 4
206593 4
206597 4
206603 4
206623 4
206627 4
206639 4
206641 4
206651 4
206699 4
206749 4
206779 4
206783 4
206803 4
206807 4
206813 4
206819 4
206821 4
206827 4
206879 4
206887 4
206897 4
206909 4
206911 4
206917 4
206923 4
206933 4
206939 4
206951 4
206953 4
206993 4
207013 4
207017 4
207029 4
207037 4
207041 4
207061 4
207073 4
207079 4
207113 4
207121 4
207127 4
207139 4
207169 4
207187 4
207191 4
207197 4
207199 4
207227 4
207239 4
207241 4
207257 4
207269 4
207287 4
207293 4
207301 4
207307 4
207329 4
207331 4
207341 4
207343 4
207367 4
207371 4
207377 4
207401 4
207409 4
207433 4
207443 4
207457 4
207463 4
207469 4
207479 4
207481 4
207491 4
207497 4
207509 4
207511 4
207517 4
207521 4
207523 4
207541 4
207547 4
207551 4
207563 4
207569 4
207589 4
207593 4
207619 4
207629 4
207643 4
207653 4
207661 4
207671 4
207673 4
207679 4
207709 4
207719 4
207721 4
207743 4
207763 4
207769 4
207797 4
207799 4
207811 4
207821 4
207833 4
207847 4
207869 4
207877 4
207923 4
207931 4
207941 4
207947 4
207953 4
207967 4
207971 4
207973 4
207997 4
208001 4
208003 4
208009 4
208037 4
208049 4
208057 4
208067 4
208073 4
208099 4
208111 4
208121 4
208129 4
208139 4
208141 4
208147 4
208189 4
208207 4
208213 4
208217 4
208223 4
208231 4
208253 4
208261 4
208277 4
208279 4
208283 4
208291 4
208309 4
208319 4
208333 4
208337 4
208367 4
208379 4
208387 4
208391 4
208393 4
208409 4
208433 4
208441 4
208457 4
208459 4
208463 4
208469 4
208489 4
208493 4
208499 4
208501 4
208511 4
208513 4
208519 4
208529 4
208553 4
208577 4
208589 4
208591 4
208609 4
208627 4
208631 4
208657 4
208667 4
208673 4
208687 4
208697 4
208699 4
208721 4
208729 4
208739 4
208759 4
208787 4
208799 4
208807 4
208837 4
208843 4
208877 4
208889 4
208891 4
208907 4
208927 4
208931 4
208933 4
208961 4
208963 4
208991 4
208993 4
208997 4
209021 4
209029 4
209039 4
209063 4
209071 4
209089 4
209123 4
209147 4
209159 4
209173 4
209179 4
209189 4
209201 4
209203 4
209213 4
209221 4
209227 4
209233 4
209249 4
209257 4
209263 4
209267 4
209269 4
209299 4
209311 4
209317 4
209327 4
209333 4
209347 4
209353 4
209357 4
209359 4
209371 4
209381 4
209393 4
209401 4
209431 4
209441 4
209449 4
209459 4
209471 4
209477 4
209497 4
209519 4
209533 4
209543 4
209549 4
209563 4
209567 4
209569 4
209579 4
209581 4
209597 4
209621 4
209623 4
209639 4
209647 4
209659 4
209669 4
209687 4
209701 4
209707 4
209717 4
209719 4
209743 4
209767 4
209771 4
209789 4
209801 4
209809 4
209813 4
209819 4
209821 4
209837 4
209851 4
209857 4
209861 4
209887 4
209917 4
209927 4
209929 4
209939 4
209953 4
209959 4
209971 4
209977 4
209983 4
209987 4
210011 4
210019 4
210031 4
210037 4
210053 4
210071 4
210097 4
210101 4
210109 4
210113 4
210127 4
210131 4
210139 4
210143 4
210157 4
210169 4
210173 4
210187 4
210191 4
210193 4
210209 4
210229 4
210233 4
210241 4
210247 4
210257 4
210263 4
210277 4
210283 4
210299 4
210317 4
210319 4
210323 4
210347 4
210359 4
210361 4
210391 4
210401 4
210403 4
210407 4
210421 4
210437 4
210461 4
210467 4
210481 4
210487 4
210491 4
210499 4
210523 4
210527 4
210533 4
210557 4
210599 4
210601 4
210619 4
210631 4
210643 4
210659 4
210671 4
210709 4
210713 4
210719 4
210731 4
210739 4
210761 4
210773 4
210803 4
210809 4
210811 4
210823 4
210827 4
210839 4
210853 4
210857 4
210869 4
210901 4
210907 4
210911 4
210913 4
210923 4
210929 4
210943 4
210961 4
210967 4
211007 4
211039 4
211049 4
211051 4
211061 4
211063 4
211067 4
211073 4
211093 4
211097 4
211129 4
211151 4
211153 4
211177 4
211187 4
211193 4
211199 4
211213 4
211217 4
211219 4
211229 4
211231 4
211241 4
211247 4
211271 4
211283 4
211291 4
211297 4
211313 4
211319 4
211333 4
211339 4
211349 4
211369 4
211373 4
211403 4
211427 4
211433 4
211441 4
211457 4
211469 4
211493 4
211499 4
211501 4
211507 4
211543 4
211559 4
211571 4
211573 4
211583 4
211597 4
211619 4
211639 4
211643 4
211657 4
211661 4
211663 4
211681 4
211691 4
211693 4
211711 4
211723 4
211727 4
211741 4
211747 4
211777 4
211781 4
211789 4
211801 4
211811 4
211817 4
211859 4
211867 4
211873 4
211877 4
211879 4
211889 4
211891 4
211927 4
211931 4
211933 4
211943 4
211949 4
211969 4
211979 4
211997 4
212029 4
212039 4
212057 4
212081 4
212099 4
212117 4
212123 4
212131 4
212141 4
212161 4
212167 4
212183 4
212203 4
212207 4
212209 4
212227 4
212239 4
212243 4
212281 4
212293 4
212297 4
212353 4
212369 4
212383 4
212411 4
212419 4
212423 4
212437 4
212447 4
212453 4
212461 4
212467 4
212479 4
212501 4
212507 4
212557 4
212561 4
212573 4
212579 4
212587 4
212593 4
212627 4
212633 4
212651 4
212669 4
212671 4
212677 4
212683 4
212701 4
212777 4
212791 4
212801 4
212827 4
212837 4
212843 4
212851 4
212867 4
212869 4
212873 4
212881 4
212897 4
212903 4
212909 4
212917 4
212923 4
212969 4
212981 4
212987 4
212999 4
213019 4
213023 4
213029 4
213043 4
213067 4
213079 4
213091 4
213097 4
213119 4
213131 4
213133 4
213139 4
213149 4
213173 4
213181 4
213193 4
213203 4
213209 4
213217 4
213223 4
213229 4
213247 4
213253 4
213263 4
213281 4
213287 4
213289 4
213307 4
213319 4
213329 4
213337 4
213349 4
213359 4
213361 4
213383 4
213391 4
213397 4
213407 4
213449 4
213461 4
213467 4
213481 4
213491 4
213523 4
213533 4
213539 4
213553 4
213557 4
213589 4
213599 4
213611 4
213613 4
213623 4
213637 4
213641 4
213649 4
213659 4
213713 4
213721 4
213727 4
213737 4
213751 4
213791 4
213799 4
213821 4
213827 4
213833 4
213847 4
213859 4
213881 4
213887 4
213901 4
213919 4
213929 4
213943 4
213947 4
213949 4
213953 4
213973 4
213977 4
213989 4
214003 4
214007 4
214009 4
214021 4
214031 4
214033 4
214043 4
214051 4
214063 4
214069 4
214087 4
214091 4
214129 4
214133 4
214141 4
214147 4
214163 4
214177 4
214189 4
214211 4
214213 4
214219 4
214237 4
214243 4
214259 4
214283 4
214297 4
214309 4
214351 4
214363 4
214373 4
214381 4
214391 4
214399 4
214433 4
214439 4
214451 4
214457 4
214463 4
214469 4
214481 4
214483 4
214499 4
214507 4
214517 4
214519 4
214531 4
214541 4
214559 4
214561 4
214589 4
214603 4
214607 4
214631 4
214639 4
214651 4
214657 4
214663 4
214667 4
214673 4
214691 4
214723 4
214729 4
214733 4
214741 4
214759 4
214763 4
214771 4
214783 4
214787 4
214789 4
214807 4
214811 4
214817 4
214831 4
214849 4
214853 4
214867 4
214883 4
214891 4
214913 4
214939 4
214943 4
214967 4
214987 4
214993 4
215051 4
215063 4
215077 4
215087 4
215123 4
215141 4
215143 4
215153 4
215161 4
215179 4
215183 4
215191 4
215197 4
215239 4
215249 4
215261 4
215273 4
215279 4
215297 4
215309 4
215317 4
215329 4
215351 4
215353 4
215359 4
215381 4
215389 4
215393 4
215399 4
215417 4
215443 4
215447 4
215459 4
215461 4
215471 4
215483 4
215497 4
215503 4
215507 4
215521 4
215531 4
215563 4
215573 4
215587 4
215617 4
215653 4
215659 4
215681 4
215687 4
215689 4
215693 4
215723 4
215737 4
215753 4
215767 4
215771 4
215797 4
215801 4
215827 4
215833 4
215843 4
215851 4
215857 4
215863 4
215893 4
215899 4
215909 4
215921 4
215927 4
215939 4
215953 4
215959 4
215981 4
215983 4
216023 4
216037 4
216061 4
216071 4
216091 4
216103 4
216107 4
216113 4
216119 4
216127 4
216133 4
216149 4
216157 4
216173 4
216179 4
216211 4
216217 4
216233 4
216259 4
216263 4
216289 4
216317 4
216319 4
216329 4
216347 4
216371 4
216373 4
216379 4
216397 4
216401 4
216421 4
216431 4
216451 4
216481 4
216493 4
216509 4
216523 4
216551 4
216553 4
216569 4
216571 4
216577 4
216607 4
216617 4
216641 4
216647 4
216649 4
216653 4
216661 4
216679 4
216703 4
216719 4
216731 4
216743 4
216751 4
216757 4
216761 4
216779 4
216781 4
216787 4
216791 4
216803 4
216829 4
216841 4
216851 4
216859 4
216877 4
216899 4
216901 4
216911 4
216917 4
216919 4
216947 4
216967 4
216973 4
216991 4
217001 4
217003 4
217027 4
217033 4
217057 4
217069 4
217081 4
217111 4
217117 4
217121 4
217157 4
217163 4
217169 4
217199 4
217201 4
217207 4
217219 4
217223 4
217229 4
217241 4
217253 4
217271 4
217307 4
217309 4
217313 4
217319 4
217333 4
217337 4
217339 4
217351 4
217361 4
217363 4
217367 4
217369 4
217387 4
217397 4
217409 4
217411 4
217421 4
217429 4
217439 4
217457 4
217463 4
217489 4
217499 4
217517 4
217519 4
217559 4
217561 4
217573 4
217577 4
217579 4
217619 4
217643 4
217661 4
217667 4
217681 4
217687 4
217691 4
217697 4
217717 4
217727 4
217733 4
217739 4
217747 4
217771 4
217781 4
217793 4
217823 4
217829 4
217849 4
217859 4
217901 4
217907 4
217909 4
217933 4
217937 4
217969 4
217979 4
217981 4
218003 4
218021 4
218047 4
218069 4
218077 4
218081 4
218083 4
218087 4
218107 4
218111 4
218117 4
218131 4
218137 4
218143 4
218149 4
218171 4
218191 4
218213 4
218227 4
218233 4
218249 4
218279 4
218287 4
218357 4
218363 4
218371 4
218381 4
218389 4
218401 4
218417 4
218419 4
218423 4
218437 4
218447 4
218453 4
218459 4
218461 4
218479 4
218509 4
218513 4
218521 4
218527 4
218531 4
218549 4
218551 4
218579 4
218591 4
218599 4
218611 4
218623 4
218627 4
218629 4
218641 4
218651 4
218657 4
218677 4
218681 4
218711 4
218717 4
218719 4
218723 4
218737 4
218749 4
218761 4
218783 4
218797 4
218809 4
218819 4
218833 4
218839 4
218843 4
218849 4
218857 4
218873 4
218887 4
218923 4
218941 4
218947 4
218963 4
218969 4
218971 4
218987 4
218989 4
218993 4
219001 4
219017 4
219019 4
219031 4
219041 4
219053 4
219059 4
219071 4
219083 4
219091 4
219097 4
219103 4
219119 4
219133 4
219143 4
219169 4
219187 4
219217 4
219223 4
219251 4
219277 4
219281 4
219293 4
219301 4
219311 4
219313 4
219353 4
219361 4
219371 4
219377 4
219389 4
219407 4
219409 4
219433 4
219437 4
219451 4
219463 4
219467 4
219491 4
219503 4
219517 4
219523 4
219529 4
219533 4
219547 4
219577 4
219587 4
219599 4
219607 4
219613 4
219619 4
219629 4
219647 4
219649 4
219677 4
219679 4
219683 4
219689 4
219707 4
219721 4
219727 4
219731 4
219749 4
219757 4
219761 4
219763 4
219767 4
219787 4
219797 4
219799 4
219809 4
219823 4
219829 4
219839 4
219847 4
219851 4
219871 4
219881 4
219889 4
219911 4
219917 4
219931 4
219937 4
219941 4
219943 4
219953 4
219959 4
219971 4
219977 4
219979 4
219983 4
220009 4
220013 4
220019 4
220021 4
220057 4
220063 4
220123 4
220141 4
220147 4
220151 4
220163 4
220169 4
220177 4
220189 4
220217 4
220243 4
220279 4
220291 4
220301 4
220307 4
220327 4
220333 4
220351 4
220357 4
220361 4
220369 4
220373 4
220391 4
220399 4
220403 4
220411 4
220421 4
220447 4
220469 4
220471 4
220511 4
220513 4
220529 4
220537 4
220543 4
220553 4
220559 4
220573 4
220579 4
220589 4
220613 4
220663 4
220667 4
220673 4
220681 4
220687 4
220699 4
220709 4
220721 4
220747 4
220757 4
220771 4
220783 4
220789 4
220793 4
220807 4
220811 4
220841 4
220859 4
220861 4
220873 4
220877 4
220879 4
220889 4
220897 4
220901 4
220903 4
220907 4
220919 4
220931 4
220933 4
220939 4
220973 4
221021 4
221047 4
221059 4
221069 4
221071 4
221077 4
221083 4
221087 4
221093 4
221101 4
221159 4
221171 4
221173 4
221197 4
221201 4
221203 4
221209 4
221219 4
221227 4
221233 4
221239 4
221251 4
221261 4
221281 4
221303 4
221311 4
221317 4
221327 4
221393 4
221399 4
221401 4
221411 4
221413 4
221447 4
221453 4
221461 4
221471 4
221477 4
221489 4
221497 4
221509 4
221537 4
221539 4
221549 4
221567 4
221581 4
221587 4
221603 4
221621 4
221623 4
221653 4
221657 4
221659 4
221671 4
221677 4
221707 4
221713 4
221717 4
221719 4
221723 4
221729 4
221737 4
221747 4
221773 4
221797 4
221807 4
221813 4
221827 4
221831 4
221849 4
221873 4
221891 4
221909 4
221941 4
221951 4
221953 4
221957 4
221987 4
221989 4
221999 4
222007 4
222011 4
222023 4
222029 4
222041 4
222043 4
222059 4
222067 4
222073 4
222107 4
222109 4
222113 4
222127 4
222137 4
222149 4
222151 4
222161 4
222163 4
222193 4
222197 4
222199 4
222247 4
222269 4
222289 4
222293 4
222311 4
222317 4
222323 4
222329 4
222337 4
222347 4
222349 4
222361 4
222367 4
222379 4
222389 4
222403 4
222419 4
222437 4
222461 4
222493 4
222499 4
222511 4
222527 4
222533 4
222553 4
222557 4
222587 4
222601 4
222613 4
222619 4
222643 4
222647 4
222659 4
222679 4
222707 4
222713 4
222731 4
222773 4
222779 4
222787 4
222791 4
222793 4
222799 4
222823 4
222839 4
222841 4
222857 4
222863 4
222877 4
222883 4
222913 4
222919 4
222931 4
222941 4
222947 4
222953 4
222967 4
222977 4
222979 4
222991 4
223007 4
223009 4
223019 4
223037 4
223049 4
223051 4
223061 4
223063 4
223087 4
223099 4
223103 4
223129 4
223133 4
223151 4
223207 4
223211 4
223217 4
223219 4
223229 4
223241 4
223243 4
223247 4
223253 4
223259 4
223273 4
223277 4
223283 4
223291 4
223303 4
223313 4
223319 4
223331 4
223337 4
223339 4
223361 4
223367 4
223381 4
223403 4
223423 4
223429 4
223439 4
223441 4
223463 4
223469 4
223481 4
223493 4
223507 4
223529 4
223543 4
223547 4
223549 4
223577 4
223589 4
223621 4
223633 4
223637 4
223667 4
223679 4
223681 4
223697 4
223711 4
223747 4
223753 4
223757 4
223759 4
223781 4
223823 4
223829 4
223831 4
223837 4
223841 4
223843 4
223849 4
223903 4
223919 4
223921 4
223939 4
223963 4
223969 4
223999 4
224011 4
224027 4
224033 4
224041 4
224047 4
224057 4
224069 4
224071 4
224101 4
224113 4
224129 4
224131 4
224149 4
224153 4
224171 4
224177 4
224197 4
224201 4
224209 4
224221 4
224233 4
224239 4
224251 4
224261 4
224267 4
224291 4
224299 4
224303 4
224309 4
224317 4
224327 4
224351 4
224359 4
224363 4
224401 4
224423 4
224429 4
224443 4
224449 4
224461 4
224467 4
224473 4
224491 4
224501 4
224513 4
224527 4
224563 4
224569 4
224579 4
224591 4
224603 4
224611 4
224617 4
224629 4
224633 4
224669 4
224677 4
224683 4
224699 4
224711 4
224717 4
224729 4
224737 4
224743 4
224759 4
224771 4
224797 4
224813 4
224831 4
224863 4
224869 4
224881 4
224891 4
224897 4
224909 4
224911 4
224921 4
224929 4
224947 4
224951 4
224969 4
224977 4
224993 4
225023 4
225037 4
225061 4
225067 4
225077 4
225079 4
225089 4
225109 4
225119 4
225133 4
225143 4
225149 4
225157 4
225161 4
225163 4
225167 4
225217 4
225221 4
225223 4
225227 4
225241 4
225257 4
225263 4
225287 4
225289 4
225299 4
225307 4
225341 4
225343 4
225347 4
225349 4
225353 4
225371 4
225373 4
225383 4
225427 4
225431 4
225457 4
225461 4
225479 4
225493 4
225499 4
225503 4
225509 4
225523 4
225527 4
225529 4
225569 4
225581 4
225583 4
225601 4
225611 4
225613 4
225619 4
225629 4
225637 4
225671 4
225683 4
225689 4
225697 4
225721 4
225733 4
225749 4
225751 4
225767 4
225769 4
225779 4
225781 4
225809 4
225821 4
225829 4
225839 4
225859 4
225871 4
225889 4
225919 4
225931 4
225941 4
225943 4
225949 4
225961 4
225977 4
225983 4
225989 4
226001 4
226007 4
226013 4
226027 4
226063 4
226087 4
226099 4
226103 4
226123 4
226129 4
226133 4
226141 4
226169 4
226183 4
226189 4
226199 4
226201 4
226217 4
226231 4
226241 4
226267 4
226283 4
226307 4
226313 4
226337 4
226357 4
226367 4
226379 4
226381 4
226397 4
226409 4
226427 4
226433 4
226451 4
226453 4
226463 4
226483 4
226487 4
226511 4
226531 4
226547 4
226549 4
226553 4
226571 4
226601 4
226609 4
226621 4
226631 4
226637 4
226643 4
226649 4
226657 4
226663 4
226669 4
226691 4
226697 4
226741 4
226753 4
226769 4
226777 4
226783 4
226789 4
226799 4
226813 4
226817 4
226819 4
226823 4
226843 4
226871 4
226901 4
226903 4
226907 4
226913 4
226937 4
226943 4
226991 4
227011 4
227027 4
227053 4
227081 4
227089 4
227093 4
227111 4
227113 4
227131 4
227147 4
227153 4
227159 4
227167 4
227177 4
227189 4
227191 4
227207 4
227219 4
227231 4
227233 4
227251 4
227257 4
227267 4
227281 4
227299 4
227303 4
227363 4
227371 4
227377 4
227387 4
227393 4
227399 4
227407 4
227419 4
227431 4
227453 4
227459 4
227467 4
227471 4
227473 4
227489 4
227497 4
227501 4
227519 4
227531 4
227533 4
227537 4
227561 4
227567 4
227569 4
227581 4
227593 4
227597 4
227603 4
227609 4
227611 4
227627 4
227629 4
227651 4
227653 4
227663 4
227671 4
227693 4
227699 4
227707 4
227719 4
227729 4
227743 4
227789 4
227797 4
227827 4
227849 4
227869 4
227873 4
227893 4
227947 4
227951 4
227977 4
227989 4
227993 4
228013 4
228023 4
228049 4
228061 4
228077 4
228097 4
228103 4
228113 4
228127 4
228131 4
228139 4
228181 4
228197 4
228199 4
228203 4
228211 4
228223 4
228233 4
228251 4
228257 4
228281 4
228299 4
228301 4
228307 4
228311 4
228331 4
228337 4
228341 4
228353 4
228359 4
228383 4
228409 4
228419 4
228421 4
228427 4
228443 4
228451 4
228457 4
228461 4
228469 4
228479 4
228509 4
228511 4
228517 4
228521 4
228523 4
228539 4
228559 4
228577 4
228581 4
228587 4
228593 4
228601 4
228611 4
228617 4
228619 4
228637 4
228647 4
228677 4
228707 4
228713 4
228731 4
228733 4
228737 4
228751 4
228757 4
228773 4
228793 4
228797 4
228799 4
228829 4
228841 4
228847 4
228853 4
228859 4
228869 4
228881 4
228883 4
228887 4
228901 4
228911 4
228913 4
228923 4
228929 4
228953 4
228959 4
228961 4
228983 4
228989 4
229003 4
229027 4
229037 4
229081 4
229093 4
229123 4
229127 4
229133 4
229139 4
229153 4
229157 4
229171 4
229181 4
229189 4
229199 4
229213 4
229217 4
229223 4
229237 4
229247 4
229249 4
229253 4
229261 4
229267 4
229283 4
229309 4
229321 4
229343 4
229351 4
229373 4
229393 4
229399 4
229403 4
229409 4
229423 4
229433 4
229459 4
229469 4
229487 4
229499 4
229507 4
229519 4
229529 4
229547 4
229549 4
229553 4
229561 4
229583 4
229589 4
229591 4
229601 4
229613 4
229627 4
229631 4
229637 4
229639 4
229681 4
229693 4
229699 4
229703 4
229711 4
229717 4
229727 4
229739 4
229751 4
229753 4
229759 4
229763 4
229769 4
229771 4
229777 4
229781 4
229799 4
229813 4
229819 4
229837 4
229841 4
229847 4
229849 4
229897 4
229903 4
229937 4
229939 4
229949 4
229961 4
229963 4
229979 4
229981 4
230003 4
230017 4
230047 4
230059 4
230063 4
230077 4
230081 4
230089 4
230101 4
230107 4
230117 4
230123 4
230137 4
230143 4
230149 4
230189 4
230203 4
230213 4
230221 4
230227 4
230233 4
230239 4
230257 4
230273 4
230281 4
230291 4
230303 4
230309 4
230311 4
230327 4
230339 4
230341 4
230353 4
230357 4
230369 4
230383 4
230387 4
230389 4
230393 4
230431 4
230449 4
230453 4
230467 4
230471 4
230479 4
230501 4
230507 4
230539 4
230551 4
230561 4
230563 4
230567 4
230597 4
230611 4
230647 4
230653 4
230663 4
230683 4
230693 4
230719 4
230729 4
230743 4
230761 4
230767 4
230771 4
230773 4
230779 4
230807 4
230819 4
230827 4
230833 4
230849 4
230861 4
230863 4
230873 4
230891 4
230929 4
230933 4
230939 4
230941 4
230959 4
230969 4
230977 4
230999 4
231001 4
231017 4
231019 4
231031 4
231041 4
231053 4
231067 4
231079 4
231107 4
231109 4
231131 4
231169 4
231197 4
231223 4
231241 4
231269 4
231271 4
231277 4
231289 4
231293 4
231299 4
231317 4
231323 4
231331 4
231347 4
231349 4
231359 4
231367 4
231379 4
231409 4
231419 4
231431 4
231433 4
231443 4
231461 4
231463 4
231479 4
231481 4
231493 4
231503 4
231529 4
231533 4
231547 4
231551 4
231559 4
231563 4
231571 4
231589 4
231599 4
231607 4
231611 4
231613 4
231631 4
231643 4
231661 4
231677 4
231701 4
231709 4
231719 4
231779 4
231799 4
231809 4
231821 4
231823 4
231827 4
231839 4
231841 4
231859 4
231871 4
231877 4
231893 4
231901 4
231919 4
231923 4
231943 4
231947 4
231961 4
231967 4
232003 4
232007 4
232013 4
232049 4
232051 4
232073 4
232079 4
232081 4
232091 4
232103 4
232109 4
232117 4
232129 4
232153 4
232171 4
232187 4
232189 4
232207 4
232217 4
232259 4
232303 4
232307 4
232333 4
232357 4
232363 4
232367 4
232381 4
232391 4
232409 4
232411 4
232417 4
232433 4
232439 4
232451 4
232457 4
232459 4
232487 4
232499 4
232513 4
232523 4
232549 4
232567 4
232571 4
232591 4
232597 4
232607 4
232621 4
232633 4
232643 4
232663 4
232669 4
232681 4
232699 4
232709 4
232711 4
232741 4
232751 4
232753 4
232777 4
232801 4
232811 4
232819 4
232823 4
232847 4
232853 4
232861 4
232871 4
232877 4
232891 4
232901 4
232907 4
232919 4
232937 4
232961 4
232963 4
232987 4
233021 4
233069 4
233071 4
233083 4
233113 4
233117 4
233141 4
233143 4
233159 4
233161 4
233173 4
233183 4
233201 4
233221 4
233231 4
233239 4
233251 4
233267 4
233279 4
233293 4
233297 4
233323 4
233327 4
233329 4
233341 4
233347 4
233353 4
233357 4
233371 4
233407 4
233417 4
233419 4
233423 4
233437 4
233477 4
233489 4
233509 4
233549 4
233551 4
233557 4
233591 4
233599 4
233609 4
233617 4
233621 4
233641 4
233663 4
233669 4
233683 4
233687 4
233689 4
233693 4
233713 4
233743 4
233747 4
233759 4
233777 4
233837 4
233851 4
233861 4
233879 4
233881 4
233911 4
233917 4
233921 4
233923 4
233939 4
233941 4
233969 4
233983 4
233993 4
234007 4
234029 4
234043 4
234067 4
234083 4
234089 4
234103 4
234121 4
234131 4
234139 4
234149 4
234161 4
234167 4
234181 4
234187 4
234191 4
234193 4
234197 4
234203 4
234211 4
234217 4
234239 4
234259 4
234271 4
234281 4
234287 4
234293 4
234317 4
234319 4
234323 4
234331 4
234341 4
234343 4
234361 4
234383 4
234431 4
234457 4
234461 4
234463 4
234467 4
234473 4
234499 4
234511 4
234527 4
234529 4
234539 4
234541 4
234547 4
234571 4
234587 4
234589 4
234599 4
234613 4
234629 4
234653 4
234659 4
234673 4
234683 4
234713 4
234721 4
234727 4
234733 4
234743 4
234749 4
234769 4
234781 4
234791 4
234799 4
234803 4
234809 4
234811 4
234833 4
234847 4
234851 4
234863 4
234869 4
234893 4
234907 4
234917 4
234931 4
234947 4
234959 4
234961 4
234967 4
234977 4
234979 4
234989 4
235003 4
235007 4
235009 4
235013 4
235043 4
235051 4
235057 4
235069 4
235091 4
235099 4
235111 4
235117 4
235159 4
235171 4
235177 4
235181 4
235199 4
235211 4
235231 4
235241 4
235243 4
235273 4
235289 4
235307 4
235309 4
235337 4
235349 4
235369 4
235397 4
235439 4
235441 4
235447 4
235483 4
235489 4
235493 4
235513 4
235519 4
235523 4
235537 4
235541 4
235553 4
235559 4
235577 4
235591 4
235601 4
235607 4
235621 4
235661 4
235663 4
235673 4
235679 4
235699 4
235723 4
235747 4
235751 4
235783 4
235787 4
235789 4
235793 4
235811 4
235813 4
235849 4
235871 4
235877 4
235889 4
235891 4
235901 4
235919 4
235927 4
235951 4
235967 4
235979 4
235997 4
236017 4
236021 4
236053 4
236063 4
236069 4
236077 4
236087 4
236107 4
236111 4
236129 4
236143 4
236153 4
236167 4
236207 4
236209 4
236219 4
236231 4
236261 4
236287 4
236293 4
236297 4
236323 4
236329 4
236333 4
236339 4
236377 4
236381 4
236387 4
236399 4
236407 4
236429 4
236449 4
236461 4
236471 4
236477 4
236479 4
236503 4
236507 4
236519 4
236527 4
236549 4
236563 4
236573 4
236609 4
236627 4
236641 4
236653 4
236659 4
236681 4
236699 4
236701 4
236707 4
236713 4
236723 4
236729 4
236737 4
236749 4
236771 4
236773 4
236779 4
236783 4
236807 4
236813 4
236867 4
236869 4
236879 4
236881 4
236891 4
236893 4
236897 4
236909 4
236917 4
236947 4
236981 4
236983 4
236993 4
237011 4
237019 4
237043 4
237053 4
237067 4
237071 4
237073 4
237089 4
237091 4
237137 4
237143 4
237151 4
237157 4
237161 4
237163 4
237173 4
237179 4
237203 4
237217 4
237233 4
237257 4
237271 4
237277 4
237283 4
237287 4
237301 4
237313 4
237319 4
237331 4
237343 4
237361 4
237373 4
237379 4
237401 4
237409 4
237467 4
237487 4
237509 4
237547 4
237563 4
237571 4
237581 4
237607 4
237619 4
237631 4
237673 4
237683 4
237689 4
237691 4
237701 4
237707 4
237733 4
237737 4
237749 4
237763 4
237767 4
237781 4
237791 4
237821 4
237851 4
237857 4
237859 4
237877 4
237883 4
237901 4
237911 4
237929 4
237959 4
237967 4
237971 4
237973 4
237977 4
237997 4
238001 4
238009 4
238019 4
238031 4
238037 4
238039 4
238079 4
238081 4
238093 4
238099 4
238103 4
238109 4
238141 4
238151 4
238157 4
238159 4
238163 4
238171 4
238181 4
238201 4
238207 4
238213 4
238223 4
238229 4
238237 4
238247 4
238261 4
238267 4
238291 4
238307 4
238313 4
238321 4
238331 4
238339 4
238361 4
238363 4
238369 4
238373 4
238397 4
238417 4
238423 4
238439 4
238451 4
238463 4
238471 4
238477 4
238481 4
238499 4
238519 4
238529 4
238531 4
238547 4
238573 4
238591 4
238627 4
238639 4
238649 4
238657 4
238673 4
238681 4
238691 4
238703 4
238709 4
238723 4
238727 4
238729 4
238747 4
238759 4
238781 4
238789 4
238801 4
238829 4
238837 4
238841 4
238853 4
238859 4
238877 4
238879 4
238883 4
238897 4
238919 4
238921 4
238939 4
238943 4
238949 4
238967 4
238991 4
239017 4
239023 4
239027 4
239053 4
239069 4
239081 4
239087 4
239119 4
239137 4
239147 4
239167 4
239171 4
239179 4
239201 4
239231 4
239233 4
239237 4
239243 4
239251 4
239263 4
239273 4
239287 4
239297 4
239329 4
239333 4
239347 4
239357 4
239383 4
239387 4
239389 4
239417 4
239423 4
239429 4
239431 4
239441 4
239461 4
239489 4
239509 4
239521 4
239527 4
239531 4
239539 4
239543 4
239557 4
239567 4
239579 4
239587 4
239597 4
239611 4
239623 4
239633 4
239641 4
239671 4
239689 4
239699 4
239711 4
239713 4
239731 4
239737 4
239753 4
239779 4
239783 4
239803 4
239807 4
239831 4
239843 4
239849 4
239851 4
239857 4
239873 4
239879 4
239893 4
239929 4
239933 4
239947 4
239957 4
239963 4
239977 4
239999 4
240007 4
240011 4
240017 4
240041 4
240043 4
240047 4
240049 4
240059 4
240073 4
240089 4
240101 4
240109 4
240113 4
240131 4
240139 4
240151 4
240169 4
240173 4
240197 4
240203 4
240209 4
240257 4
240259 4
240263 4
240271 4
240283 4
240287 4
240319 4
240341 4
240347 4
240349 4
240353 4
240371 4
240379 4
240421 4
240433 4
240437 4
240473 4
240479 4
240491 4
240503 4
240509 4
240517 4
240551 4
240571 4
240587 4
240589 4
240599 4
240607 4
240623 4
240631 4
240641 4
240659 4
240677 4
240701 4
240707 4
240719 4
240727 4
240733 4
240739 4
240743 4
240763 4
240769 4
240797 4
240811 4
240829 4
240841 4
240853 4
240859 4
240869 4
240881 4
240883 4
240893 4
240899 4
240913 4
240943 4
240953 4
240959 4
240967 4
240997 4
241013 4
241027 4
241037 4
241049 4
241051 4
241061 4
241067 4
241069 4
241079 4
241093 4
241117 4
241127 4
241141 4
241169 4
241177 4
241183 4
241207 4
241229 4
241249 4
241253 4
241259 4
241261 4
241271 4
241291 4
241303 4
241313 4
241321 4
241327 4
241333 4
241337 4
241343 4
241361 4
241363 4
241391 4
241393 4
241421 4
241429 4
241441 4
241453 4
241463 4
241469 4
241489 4
241511 4
241513 4
241517 4
241537 4
241543 4
241559 4
241561 4
241567 4
241589 4
241597 4
241601 4
241603 4
241639 4
241643 4
241651 4
241663 4
241667 4
241679 4
241687 4
241691 4
241711 4
241727 4
241739 4
241771 4
241781 4
241783 4
241793 4
241807 4
241811 4
241817 4
241823 4
241847 4
241861 4
241867 4
241873 4
241877 4
241883 4
241903 4
241907 4
241919 4
241921 4
241931 4
241939 4
241951 4
241963 4
241973 4
241979 4
241981 4
241993 4
242009 4
242057 4
242059 4
242069 4
242083 4
242093 4
242101 4
242119 4
242129 4
242147 4
242161 4
242171 4
242173 4
242197 4
242201 4
242227 4
242243 4
242257 4
242261 4
242273 4
242279 4
242309 4
242329 4
242357 4
242371 4
242377 4
242393 4
242399 4
242413 4
242419 4
242441 4
242447 4
242449 4
242453 4
242467 4
242479 4
242483 4
242491 4
242509 4
242519 4
242521 4
242533 4
242551 4
242591 4
242603 4
242617 4
242621 4
242629 4
242633 4
242639 4
242647 4
242659 4
242677 4
242681 4
242689 4
242713 4
242729 4
242731 4
242747 4
242773 4
242779 4
242789 4
242797 4
242807 4
242813 4
242819 4
242863 4
242867 4
242873 4
242887 4
242911 4
242923 4
242927 4
242971 4
242989 4
242999 4
243011 4
243031 4
243073 4
243077 4
243091 4
243101 4
243109 4
243119 4
243121 4
243137 4
243149 4
243157 4
243161 4
243167 4
243197 4
243203 4
243209 4
243227 4
243233 4
243239 4
243259 4
243263 4
243301 4
243311 4
243343 4
243367 4
243391 4
243401 4
243403 4
243421 4
243431 4
243433 4
243437 4
243461 4
243469 4
243473 4
243479 4
243487 4
243517 4
243521 4
243527 4
243533 4
243539 4
243553 4
243577 4
243583 4
243587 4
243589 4
243613 4
243623 4
243631 4
243643 4
243647 4
243671 4
243673 4
243701 4
243703 4
243707 4
243709 4
243769 4
243781 4
243787 4
243799 4
243809 4
243829 4
243839 4
243851 4
243857 4
243863 4
243871 4
243889 4
243911 4
243917 4
243931 4
243953 4
243973 4
243989 4
244003 4
244009 4
244021 4
244033 4
244043 4
244087 4
244091 4
244109 4
244121 4
244129 4
244141 4
244147 4
244157 4
244159 4
244177 4
244199 4
244217 4
244219 4
244243 4
244247 4
244253 4
244261 4
244291 4
244297 4
244301 4
244303 4
244313 4
244333 4
244339 4
244351 4
244357 4
244367 4
244379 4
244381 4
244393 4
244399 4
244403 4
244411 4
244423 4
244429 4
244451 4
244457 4
244463 4
244471 4
244481 4
244493 4
244507 4
244529 4
244547 4
244553 4
244561 4
244567 4
244583 4
244589 4
244597 4
244603 4
244619 4
244633 4
244637 4
244639 4
244667 4
244669 4
244687 4
244691 4
244703 4
244711 4
244721 4
244733 4
244747 4
244753 4
244759 4
244781 4
244787 4
244813 4
244837 4
244841 4
244843 4
244859 4
244861 4
244873 4
244877 4
244889 4
244897 4
244901 4
244939 4
244943 4
244957 4
244997 4
245023 4
245029 4
245033 4
245039 4
245071 4
245083 4
245087 4
245107 4
245129 4
245131 4
245149 4
245171 4
245173 4
245177 4
245183 4
245209 4
245251 4
245257 4
245261 4
245269 4
245279 4
245291 4
245299 4
245317 4
245321 4
245339 4
245383 4
245389 4
245407 4
245411 4
245417 4
245419 4
245437 4
245471 4
245473 4
245477 4
245501 4
245513 4
245519 4
245521 4
245527 4
245533 4
245561 4
245563 4
245587 4
245591 4
245593 4
245621 4
245627 4
245629 4
245639 4
245653 4
245671 4
245681 4
245683 4
245711 4
245719 4
245723 4
245741 4
245747 4
245753 4
245759 4
245771 4
245783 4
245789 4
245821 4
245849 4
245851 4
245863 4
245881 4
245897 4
245899 4
245909 4
245911 4
245941 4
245963 4
245977 4
245981 4
245983 4
245989 4
246011 4
246017 4
246049 4
246073 4
246097 4
246119 4
246121 4
246131 4
246133 4
246151 4
246167 4
246173 4
246187 4
246193 4
246203 4
246209 4
246217 4
246223 4
246241 4
246247 4
246251 4
246271 4
246277 4
246289 4
246317 4
246319 4
246329 4
246343 4
246349 4
246361 4
246371 4
246391 4
246403 4
246439 4
246469 4
246473 4
246497 4
246509 4
246511 4
246523 4
246527 4
246539 4
246557 4
246569 4
246577 4
246599 4
246607 4
246611 4
246613 4
246637 4
246641 4
246643 4
246661 4
246683 4
246689 4
246707 4
246709 4
246713 4
246731 4
246739 4
246769 4
246773 4
246781 4
246787 4
246793 4
246803 4
246809 4
246811 4
246817 4
246833 4
246839 4
246889 4
246899 4
246907 4
246913 4
246919 4
246923 4
246929 4
246931 4
246937 4
246941 4
246947 4
246971 4
246979 4
247001 4
247007 4
247031 4
247067 4
247069 4
247073 4
247087 4
247099 4
247141 4
247183 4
247193 4
247201 4
247223 4
247229 4
247241 4
247249 4
247259 4
247279 4
247301 4
247309 4
247337 4
247339 4
247343 4
247363 4
247369 4
247381 4
247391 4
247393 4
247409 4
247421 4
247433 4
247439 4
247451 4
247463 4
247501 4
247519 4
247529 4
247531 4
247547 4
247553 4
247579 4
247591 4
247601 4
247603 4
247607 4
247609 4
247613 4
247633 4
247649 4
247651 4
247691 4
247693 4
247697 4
247711 4
247717 4
247729 4
247739 4
247759 4
247769 4
247771 4
247781 4
247799 4
247811 4
247813 4
247829 4
247847 4
247853 4
247873 4
247879 4
247889 4
247901 4
247913 4
247939 4
247943 4
247957 4
247991 4
247993 4
247997 4
247999 4
248021 4
248033 4
248041 4
248051 4
248057 4
248063 4
248071 4
248077 4
248089 4
248099 4
248117 4
248119 4
248137 4
248141 4
248161 4
248167 4
248177 4
248179 4
248189 4
248201 4
248203 4
248231 4
248243 4
248257 4
248267 4
248291 4
248293 4
248299 4
248309 4
248317 4
248323 4
248351 4
248357 4
248371 4
248389 4
248401 4
248407 4
248431 4
248441 4
248447 4
248461 4
248473 4
248477 4
248483 4
248509 4
248533 4
248537 4
248543 4
248569 4
248579 4
248587 4
248593 4
248597 4
248609 4
248621 4
248627 4
248639 4
248641 4
248657 4
248683 4
248701 4
248707 4
248719 4
248723 4
248737 4
248749 4
248753 4
248779 4
248783 4
248789 4
248797 4
248813 4
248821 4
248827 4
248839 4
248851 4
248861 4
248867 4
248869 4
248879 4
248887 4
248891 4
248893 4
248903 4
248909 4
248971 4
248981 4
248987 4
249017 4
249037 4
249059 4
249079 4
249089 4
249097 4
249103 4
249107 4
249127 4
249131 4
249133 4
249143 4
249181 4
249187 4
249199 4
249211 4
249217 4
249229 4
249233 4
249253 4
249257 4
249287 4
249311 4
249317 4
249329 4
249341 4
249367 4
249377 4
249383 4
249397 4
249419 4
249421 4
249427 4
249433 4
249437 4
249439 4
249449 4
249463 4
249497 4
249499 4
249503 4
249517 4
249521 4
249533 4
249539 4
249541 4
249563 4
249583 4
249589 4
249593 4
249607 4
249647 4
249659 4
249671 4
249677 4
249703 4
249721 4
249727 4
249737 4
249749 4
249763 4
249779 4
249797 4
249811 4
249827 4
249833 4
249853 4
249857 4
249859 4
249863 4
249871 4
249881 4
249911 4
249923 4
249943 4
249947 4
249967 4
249971 4
249973 4
249989 4
250007 4
250013 4
250027 4
250031 4
250037 4
250043 4
250049 4
250051 4
250057 4
250073 4
250091 4
250109 4
250123 4
250147 4
250153 4
250169 4
250199 4
250253 4
250259 4
250267 4
250279 4
250301 4
250307 4
250343 4
250361 4
250403 4
250409 4
250423 4
250433 4
250441 4
250451 4
250489 4
250499 4
250501 4
250543 4
250583 4
250619 4
250643 4
250673 4
250681 4
250687 4
250693 4
250703 4
250709 4
250721 4
250727 4
250739 4
250741 4
250751 4
250753 4
250777 4
250787 4
250793 4
250799 4
250807 4
250813 4
250829 4
250837 4
250841 4
250853 4
250867 4
250871 4
250889 4
250919 4
250949 4
250951 4
250963 4
250967 4
250969 4
250979 4
250993 4
251003 4
251033 4
251051 4
251057 4
251059 4
251063 4
251071 4
251081 4
251087 4
251099 4
251117 4
251143 4
251149 4
251159 4
251171 4
251177 4
251179 4
251191 4
251197 4
251201 4
251203 4
251219 4
251221 4
251231 4
251233 4
251257 4
251261 4
251263 4
251287 4
251291 4
251297 4
251323 4
251347 4
251353 4
251359 4
251387 4
251393 4
251417 4
251429 4
251431 4
251437 4
251443 4
251467 4
251473 4
251477 4
251483 4
251491 4
251501 4
251513 4
251519 4
251527 4
251533 4
251539 4
251543 4
251561 4
251567 4
251609 4
251611 4
251621 4
251623 4
251639 4
251653 4
251663 4
251677 4
251701 4
251707 4
251737 4
251761 4
251789 4
251791 4
251809 4
251831 4
251833 4
251843 4
251857 4
251861 4
251879 4
251887 4
251893 4
251897 4
251903 4
251917 4
251939 4
251941 4
251947 4
251969 4
251971 4
251983 4
252001 4
252013 4
252017 4
252029 4
252037 4
252079 4
252101 4
252139 4
252143 4
252151 4
252157 4
252163 4
252169 4
252173 4
252181 4
252193 4
252209 4
252223 4
252233 4
252253 4
252277 4
252283 4
252289 4
252293 4
252313 4
252319 4
252323 4
252341 4
252359 4
252383 4
252391 4
252401 4
252409 4
252419 4
252431 4
252443 4
252449 4
252457 4
252463 4
252481 4
252509 4
252533 4
252541 4
252559 4
252583 4
252589 4
252607 4
252611 4
252617 4
252641 4
252667 4
252691 4
252709 4
252713 4
252727 4
252731 4
252737 4
252761 4
252767 4
252779 4
252817 4
252823 4
252827 4
252829 4
252869 4
252877 4
252881 4
252887 4
252893 4
252899 4
252911 4
252913 4
252919 4
252937 4
252949 4
252971 4
252979 4
252983 4
253003 4
253013 4
253049 4
253063 4
253081 4
253103 4
253109 4
253133 4
253153 4
253157 4
253159 4
253229 4
253243 4
253247 4
253273 4
253307 4
253321 4
253343 4
253349 4
253361 4
253367 4
253369 4
253381 4
253387 4
253417 4
253423 4
253427 4
253433 4
253439 4
253447 4
253469 4
253481 4
253493 4
253501 4
253507 4
253531 4
253537 4
253543 4
253553 4
253567 4
253573 4
253601 4
253607 4
253609 4
253613 4
253633 4
253637 4
253639 4
253651 4
253661 4
253679 4
253681 4
253703 4
253717 4
253733 4
253741 4
253751 4
253763 4
253769 4
253777 4
253787 4
253789 4
253801 4
253811 4
253819 4
253823 4
253853 4
253867 4
253871 4
253879 4
253901 4
253907 4
253909 4
253919 4
253937 4
253949 4
253951 4
253969 4
253987 4
253993 4
253999 4
254003 4
254021 4
254027 4
254039 4
254041 4
254047 4
254053 4
254071 4
254083 4
254119 4
254141 4
254147 4
254161 4
254179 4
254197 4
254207 4
254209 4
254213 4
254249 4
254257 4
254279 4
254281 4
254291 4
254299 4
254329 4
254369 4
254377 4
254383 4
254389 4
254407 4
254413 4
254437 4
254447 4
254461 4
254489 4
254491 4
254519 4
254537 4
254557 4
254593 4
254623 4
254627 4
254647 4
254659 4
254663 4
254699 4
254713 4
254729 4
254731 4
254741 4
254747 4
254753 4
254773 4
254777 4
254783 4
254791 4
254803 4
254827 4
254831 4
254833 4
254857 4
254869 4
254873 4
254879 4
254887 4
254899 4
254911 4
254927 4
254929 4
254941 4
254959 4
254963 4
254971 4
254977 4
254987 4
254993 4
255007 4
255019 4
255023 4
255043 4
255049 4
255053 4
255071 4
255077 4
255083 4
255097 4
255107 4
255121 4
255127 4
255133 4
255137 4
255149 4
255173 4
255179 4
255181 4
255191 4
255193 4
255197 4
255209 4
255217 4
255239 4
255247 4
255251 4
255253 4
255259 4
255313 4
255329 4
255349 4
255361 4
255371 4
255383 4
255413 4
255419 4
255443 4
255457 4
255467 4
255469 4
255473 4
255487 4
255499 4
255503 4
255511 4
255517 4
255523 4
255551 4
255571 4
255587 4
255589 4
255613 4
255617 4
255637 4
255641 4
255649 4
255653 4
255659 4
255667 4
255679 4
255709 4
255713 4
255733 4
255743 4
255757 4
255763 4
255767 4
255803 4
255839 4
255841 4
255847 4
255851 4
255859 4
255869 4
255877 4
255887 4
255907 4
255917 4
255919 4
255923 4
255947 4
255961 4
255971 4
255973 4
255977 4
255989 4
256019 4
256021 4
256031 4
256033 4
256049 4
256057 4
256079 4
256093 4
256117 4
256121 4
256129 4
256133 4
256147 4
256163 4
256169 4
256181 4
256187 4
256189 4
256199 4
256211 4
256219 4
256279 4
256301 4
256307 4
256313 4
256337 4
256349 4
256363 4
256369 4
256391 4
256393 4
256423 4
256441 4
256469 4
256471 4
256483 4
256489 4
256493 4
256499 4
256517 4
256541 4
256561 4
256567 4
256577 4
256579 4
256589 4
256603 4
256609 4
256639 4
256643 4
256651 4
256661 4
256687 4
256699 4
256721 4
256723 4
256757 4
256771 4
256799 4
256801 4
256813 4
256831 4
256873 4
256877 4
256889 4
256901 4
256903 4
256931 4
256939 4
256957 4
256967 4
256981 4
257003 4
257017 4
257053 4
257069 4
257077 4
257093 4
257099 4
257107 4
257123 4
257141 4
257161 4
257171 4
257177 4
257189 4
257219 4
257221 4
257239 4
257249 4
257263 4
257273 4
257281 4
257287 4
257293 4
257297 4
257311 4
257321 4
257339 4
257351 4
257353 4
257371 4
257381 4
257399 4
257401 4
257407 4
257437 4
257443 4
257447 4
257459 4
257473 4
257489 4
257497 4
257501 4
257503 4
257519 4
257539 4
257561 4
257591 4
257611 4
257627 4
257639 4
257657 4
257671 4
257687 4
257689 4
257707 4
257711 4
257713 4
257717 4
257731 4
257783 4
257791 4
257797 4
257837 4
257857 4
257861 4
257863 4
257867 4
257869 4
257879 4
257893 4
257903 4
257921 4
257947 4
257953 4
257981 4
257987 4
257989 4
257993 4
258019 4
258023 4
258031 4
258061 4
258067 4
258101 4
258107 4
258109 4
258113 4
258119 4
258127 4
258131 4
258143 4
258157 4
258161 4
258173 4
258197 4
258211 4
258233 4
258241 4
258253 4
258277 4
258283 4
258299 4
258317 4
258319 4
258329 4
258331 4
258337 4
258353 4
258373 4
258389 4
258403 4
258407 4
258413 4
258421 4
258437 4
258443 4
258449 4
258469 4
258487 4
258491 4
258499 4
258521 4
258527 4
258539 4
258551 4
258563 4
258569 4
258581 4
258607 4
258611 4
258613 4
258617 4
258623 4
258631 4
258637 4
258659 4
258673 4
258677 4
258691 4
258697 4
258703 4
258707 4
258721 4
258733 4
258737 4
258743 4
258763 4
258779 4
258787 4
258803 4
258809 4
258827 4
258847 4
258871 4
258887 4
258917 4
258919 4
258949 4
258959 4
258967 4
258971 4
258977 4
258983 4
258991 4
259001 4
259009 4
259019 4
259033 4
259099 4
259121 4
259123 4
259151 4
259157 4
259159 4
259163 4
259169 4
259177 4
259183 4
259201 4
259211 4
259213 4
259219 4
259229 4
259271 4
259277 4
259309 4
259321 4
259339 4
259379 4
259381 4
259387 4
259397 4
259411 4
259421 4
259429 4
259451 4
259453 4
259459 4
259499 4
259507 4
259517 4
259531 4
259537 4
259547 4
259577 4
259583 4
259603 4
259619 4
259621 4
259627 4
259631 4
259639 4
259643 4
259657 4
259667 4
259681 4
259691 4
259697 4
259717 4
259723 4
259733 4
259751 4
259771 4
259781 4
259783 4
259801 4
259813 4
259823 4
259829 4
259837 4
259841 4
259867 4
259907 4
259933 4
259937 4
259943 4
259949 4
259967 4
259991 4
259993 4
260003 4
260009 4
260011 4
260017 4
260023 4
260047 4
260081 4
260089 4
260111 4
260137 4
260171 4
260179 4
260189 4
260191 4
260201 4
260207 4
260209 4
260213 4
260231 4
260263 4
260269 4
260317 4
260329 4
260339 4
260363 4
260387 4
260399 4
260411 4
260413 4
260417 4
260419 4
260441 4
260453 4
260461 4
260467 4
260483 4
260489 4
260527 4
260539 4
260543 4
260549 4
260551 4
260569 4
260573 4
260581 4
260587 4
260609 4
260629 4
260647 4
260651 4
260671 4
260677 4
260713 4
260717 4
260723 4
260747 4
260753 4
260761 4
260773 4
260791 4
260807 4
260809 4
260849 4
260857 4
260861 4
260863 4
260873 4
260879 4
260893 4
260921 4
260941 4
260951 4
260959 4
260969 4
260983 4
260987 4
260999 4
261011 4
261013 4
261017 4
261031 4
261043 4
261059 4
261061 4
261071 4
261077 4
261089 4
261101 4
261127 4
261167 4
261169 4
261223 4
261229 4
261241 4
261251 4
261271 4
261281 4
261301 4
261323 4
261329 4
261337 4
261347 4
261353 4
261379 4
261389 4
261407 4
261427 4
261431 4
261433 4
261439 4
261451 4
261463 4
261467 4
261509 4
261523 4
261529 4
261557 4
261563 4
261577 4
261581 4
261587 4
261593 4
261601 4
261619 4
261631 4
261637 4
261641 4
261643 4
261673 4
261697 4
261707 4
261713 4
261721 4
261739 4
261757 4
261761 4
261773 4
261787 4
261791 4
261799 4
261823 4
261847 4
261881 4
261887 4
261917 4
261959 4
261971 4
261973 4
261977 4
261983 4
262007 4
262027 4
262049 4
262051 4
262069 4
262079 4
262103 4
262109 4
262111 4
262121 4
262127 4
262133 4
262139 4
262147 4
262151 4
262153 4
262187 4
262193 4
262217 4
262231 4
262237 4
262253 4
262261 4
262271 4
262303 4
262313 4
262321 4
262331 4
262337 4
262349 4
262351 4
262369 4
262387 4
262391 4
262399 4
262411 4
262433 4
262459 4
262469 4
262489 4
262501 4
262511 4
262513 4
262519 4
262541 4
262543 4
262553 4
262567 4
262583 4
262597 4
262621 4
262627 4
262643 4
262649 4
262651 4
262657 4
262681 4
262693 4
262697 4
262709 4
262723 4
262733 4
262739 4
262741 4
262747 4
262781 4
262783 4
262807 4
262819 4
262853 4
262877 4
262883 4
262897 4
262901 4
262909 4
262937 4
262949 4
262957 4
262981 4
263009 4
263023 4
263047 4
263063 4
263071 4
263077 4
263083 4
263089 4
263101 4
263111 4
263119 4
263129 4
263167 4
263171 4
263183 4
263191 4
263201 4
263209 4
263213 4
263227 4
263239 4
263257 4
263267 4
263269 4
263273 4
263287 4
263293 4
263303 4
263323 4
263369 4
263383 4
263387 4
263399 4
263401 4
263411 4
263423 4
263429 4
263437 4
263443 4
263489 4
263491 4
263503 4
263513 4
263519 4
263521 4
263533 4
263537 4
263561 4
263567 4
263573 4
263591 4
263597 4
263609 4
263611 4
263621 4
263647 4
263651 4
263657 4
263677 4
263723 4
263729 4
263737 4
263759 4
263761 4
263803 4
263819 4
263821 4
263827 4
263843 4
263849 4
263863 4
263867 4
263869 4
263881 4
263899 4
263909 4
263911 4
263927 4
263933 4
263941 4
263951 4
263953 4
263957 4
263983 4
264007 4
264013 4
264029 4
264031 4
264053 4
264059 4
264071 4
264083 4
264091 4
264101 4
264113 4
264127 4
264133 4
264137 4
264139 4
264167 4
264169 4
264179 4
264211 4
264221 4
264263 4
264269 4
264283 4
264289 4
264301 4
264323 4
264331 4
264343 4
264349 4
264353 4
264359 4
264371 4
264391 4
264403 4
264437 4
264443 4
264463 4
264487 4
264527 4
264529 4
264553 4
264559 4
264577 4
264581 4
264599 4
264601 4
264619 4
264631 4
264637 4
264643 4
264659 4
264697 4
264731 4
264739 4
264743 4
264749 4
264757 4
264763 4
264769 4
264779 4
264787 4
264791 4
264793 4
264811 4
264827 4
264829 4
264839 4
264871 4
264881 4
264889 4
264893 4
264899 4
264919 4
264931 4
264949 4
264959 4
264961 4
264977 4
264991 4
264997 4
265003 4
265007 4
265021 4
265037 4
265079 4
265091 4
265093 4
265117 4
265123 4
265129 4
265141 4
265151 4
265157 4
265163 4
265169 4
265193 4
265207 4
265231 4
265241 4
265247 4
265249 4
265261 4
265271 4
265273 4
265277 4
265313 4
265333 4
265337 4
265339 4
265381 4
265399 4
265403 4
265417 4
265423 4
265427 4
265451 4
265459 4
265471 4
265483 4
265493 4
265511 4
265513 4
265541 4
265543 4
265547 4
265561 4
265567 4
265571 4
265579 4
265607 4
265613 4
265619 4
265621 4
265703 4
265709 4
265711 4
265717 4
265729 4
265739 4
265747 4
265757 4
265781 4
265787 4
265807 4
265813 4
265819 4
265831 4
265841 4
265847 4
265861 4
265871 4
265873 4
265883 4
265891 4
265921 4
265957 4
265961 4
265987 4
266003 4
266009 4
266023 4
266027 4
266029 4
266047 4
266051 4
266053 4
266059 4
266081 4
266083 4
266089 4
266093 4
266099 4
266111 4
266117 4
266129 4
266137 4
266153 4
266159 4
266177 4
266183 4
266221 4
266239 4
266261 4
266269 4
266281 4
266291 4
266293 4
266297 4
266333 4
266351 4
266353 4
266359 4
266369 4
266381 4
266401 4
266411 4
266417 4
266447 4
266449 4
266477 4
266479 4
266489 4
266491 4
266521 4
266549 4
266587 4
266599 4
266603 4
266633 4
266641 4
266647 4
266663 4
266671 4
266677 4
266681 4
266683 4
266687 4
266689 4
266701 4
266711 4
266719 4
266759 4
266767 4
266797 4
266801 4
266821 4
266837 4
266839 4
266863 4
266867 4
266891 4
266897 4
266899 4
266909 4
266921 4
266927 4
266933 4
266947 4
266953 4
266957 4
266971 4
266977 4
266983 4
266993 4
266999 4
267017 4
267037 4
267049 4
267097 4
267131 4
267133 4
267139 4
267143 4
267167 4
267187 4
267193 4
267199 4
267203 4
267217 4
267227 4
267229 4
267233 4
267259 4
267271 4
267277 4
267299 4
267301 4
267307 4
267317 4
267341 4
267353 4
267373 4
267389 4
267391 4
267401 4
267403 4
267413 4
267419 4
267431 4
267433 4
267439 4
267451 4
267469 4
267479 4
267481 4
267493 4
267497 4
267511 4
267517 4
267521 4
267523 4
267541 4
267551 4
267557 4
267569 4
267581 4
267587 4
267593 4
267601 4
267611 4
267613 4
267629 4
267637 4
267643 4
267647 4
267649 4
267661 4
267667 4
267671 4
267677 4
267679 4
267713 4
267719 4
267721 4
267727 4
267737 4
267739 4
267749 4
267763 4
267781 4
267791 4
267797 4
267803 4
267811 4
267829 4
267833 4
267857 4
267863 4
267877 4
267887 4
267893 4
267899 4
267901 4
267907 4
267913 4
267929 4
267941 4
267959 4
267961 4
268003 4
268013 4
268043 4
268049 4
268063 4
268069 4
268091 4
268123 4
268133 4
268153 4
268171 4
268189 4
268199 4
268207 4
268211 4
268237 4
268253 4
268267 4
268271 4
268283 4
268291 4
268297 4
268343 4
268403 4
268439 4
268459 4
268487 4
268493 4
268501 4
268507 4
268517 4
268519 4
268529 4
268531 4
268537 4
268547 4
268573 4
268607 4
268613 4
268637 4
268643 4
268661 4
268693 4
268721 4
268729 4
268733 4
268747 4
268757 4
268759 4
268771 4
268777 4
268781 4
268783 4
268789 4
268811 4
268813 4
268817 4
268819 4
268823 4
268841 4
268843 4
268861 4
268883 4
268897 4
268909 4
268913 4
268921 4
268927 4
268937 4
268969 4
268973 4
268979 4
268993 4
268997 4
268999 4
269023 4
269029 4
269039 4
269041 4
269057 4
269063 4
269069 4
269089 4
269117 4
269131 4
269141 4
269167 4
269177 4
269179 4
269183 4
269189 4
269201 4
269209 4
269219 4
269221 4
269231 4
269237 4
269251 4
269257 4
269281 4
269317 4
269327 4
269333 4
269341 4
269351 4
269377 4
269383 4
269387 4
269389 4
269393 4
269413 4
269419 4
269429 4
269431 4
269441 4
269461 4
269473 4
269513 4
269519 4
269527 4
269539 4
269543 4
269561 4
269573 4
269579 4
269597 4
269617 4
269623 4
269641 4
269651 4
269663 4
269683 4
269701 4
269713 4
269719 4
269723 4
269741 4
269749 4
269761 4
269779 4
269783 4
269791 4
269851 4
269879 4
269887 4
269891 4
269897 4
269923 4
269939 4
269947 4
269953 4
269981 4
269987 4
270001 4
270029 4
270031 4
270037 4
270059 4
270071 4
270073 4
270097 4
270121 4
270131 4
270133 4
270143 4
270157 4
270163 4
270167 4
270191 4
270209 4
270217 4
270223 4
270229 4
270239 4
270241 4
270269 4
270271 4
270287 4
270299 4
270307 4
270311 4
270323 4
270329 4
270337 4
270343 4
270371 4
270379 4
270407 4
270421 4
270437 4
270443 4
270451 4
270461 4
270463 4
270493 4
270509 4
270527 4
270539 4
270547 4
270551 4
270553 4
270563 4
270577 4
270583 4
270587 4
270593 4
270601 4
270619 4
270631 4
270653 4
270659 4
270667 4
270679 4
270689 4
270701 4
270709 4
270719 4
270737 4
270749 4
270761 4
270763 4
270791 4
270797 4
270799 4
270821 4
270833 4
270841 4
270859 4
270899 4
270913 4
270923 4
270931 4
270937 4
270953 4
270961 4
270967 4
270973 4
271003 4
271013 4
271021 4
271027 4
271043 4
271057 4
271067 4
271079 4
271097 4
271109 4
271127 4
271129 4
271163 4
271169 4
271177 4
271181 4
271211 4
271217 4
271231 4
271241 4
271253 4
271261 4
271273 4
271277 4
271279 4
271289 4
271333 4
271351 4
271357 4
271363 4
271367 4
271393 4
271409 4
271429 4
271451 4
271463 4
271471 4
271483 4
271489 4
271499 4
271501 4
271517 4
271549 4
271553 4
271571 4
271573 4
271597 4
271603 4
271619 4
271637 4
271639 4
271651 4
271657 4
271693 4
271703 4
271723 4
271729 4
271753 4
271769 4
271771 4
271787 4
271807 4
271811 4
271829 4
271841 4
271849 4
271853 4
271861 4
271867 4
271879 4
271897 4
271903 4
271919 4
271927 4
271939 4
271967 4
271969 4
271981 4
272003 4
272009 4
272011 4
272029 4
272039 4
272053 4
272059 4
272093 4
272131 4
272141 4
272171 4
272179 4
272183 4
272189 4
272191 4
272201 4
272203 4
272227 4
272231 4
272249 4
272257 4
272263 4
272267 4
272269 4
272287 4
272299 4
272317 4
272329 4
272333 4
272341 4
272347 4
272351 4
272353 4
272359 4
272369 4
272381 4
272383 4
272399 4
272407 4
272411 4
272417 4
272423 4
272449 4
272453 4
272477 4
272507 4
272533 4
272537 4
272539 4
272549 4
272563 4
272567 4
272581 4
272603 4
272621 4
272651 4
272659 4
272683 4
272693 4
272717 4
272719 4
272737 4
272759 4
272761 4
272771 4
272777 4
272807 4
272809 4
272813 4
272863 4
272879 4
272887 4
272903 4
272911 4
272917 4
272927 4
272933 4
272959 4
272971 4
272981 4
272983 4
272989 4
272999 4
273001 4
273029 4
273043 4
273047 4
273059 4
273061 4
273067 4
273073 4
273083 4
273107 4
273113 4
273127 4
273131 4
273149 4
273157 4
273181 4
273187 4
273193 4
273233 4
273253 4
273269 4
273271 4
273281 4
273283 4
273289 4
273311 4
273313 4
273323 4
273349 4
273359 4
273367 4
273433 4
273457 4
273473 4
273503 4
273517 4
273521 4
273527 4
273551 4
273569 4
273601 4
273613 4
273617 4
273629 4
273641 4
273643 4
273653 4
273697 4
273709 4
273719 4
273727 4
273739 4
273773 4
273787 4
273797 4
273803 4
273821 4
273827 4
273857 4
273881 4
273899 4
273901 4
273913 4
273919 4
273929 4
273941 4
273943 4
273967 4
273971 4
273979 4
273997 4
274007 4
274019 4
274033 4
274061 4
274069 4
274081 4
274093 4
274103 4
274117 4
274121 4
274123 4
274139 4
274147 4
274163 4
274171 4
274177 4
274187 4
274199 4
274201 4
274213 4
274223 4
274237 4
274243 4
274259 4
274271 4
274277 4
274283 4
274301 4
274333 4
274349 4
274357 4
274361 4
274403 4
274423 4
274441 4
274451 4
274453 4
274457 4
274471 4
274489 4
274517 4
274529 4
274579 4
274583 4
274591 4
274609 4
274627 4
274661 4
274667 4
274679 4
274693 4
274697 4
274709 4
274711 4
274723 4
274739 4
274751 4
274777 4
274783 4
274787 4
274811 4
274817 4
274829 4
274831 4
274837 4
274843 4
274847 4
274853 4
274861 4
274867 4
274871 4
274889 4
274909 4
274931 4
274943 4
274951 4
274957 4
274961 4
274973 4
274993 4
275003 4
275027 4
275039 4
275047 4
275053 4
275059 4
275083 4
275087 4
275129 4
275131 4
275147 4
275153 4
275159 4
275161 4
275167 4
275183 4
275201 4
275207 4
275227 4
275251 4
275263 4
275269 4
275299 4
275309 4
275321 4
275323 4
275339 4
275357 4
275371 4
275389 4
275393 4
275399 4
275419 4
275423 4
275447 4
275449 4
275453 4
275459 4
275461 4
275489 4
275491 4
275503 4
275521 4
275531 4
275543 4
275549 4
275573 4
275579 4
275581 4
275591 4
275593 4
275599 4
275623 4
275641 4
275651 4
275657 4
275669 4
275677 4
275699 4
275711 4
275719 4
275729 4
275741 4
275767 4
275773 4
275783 4
275813 4
275827 4
275837 4
275881 4
275897 4
275911 4
275917 4
275921 4
275923 4
275929 4
275939 4
275941 4
275963 4
275969 4
275981 4
275987 4
275999 4
276007 4
276011 4
276019 4
276037 4
276041 4
276043 4
276047 4
276049 4
276079 4
276083 4
276091 4
276113 4
276137 4
276151 4
276173 4
276181 4
276187 4
276191 4
276209 4
276229 4
276239 4
276247 4
276251 4
276257 4
276277 4
276293 4
276319 4
276323 4
276337 4
276343 4
276347 4
276359 4
276371 4
276373 4
276389 4
276401 4
276439 4
276443 4
276449 4
276461 4
276467 4
276487 4
276499 4
276503 4
276517 4
276527 4
276553 4
276557 4
276581 4
276587 4
276589 4
276593 4
276599 4
276623 4
276629 4
276637 4
276671 4
276673 4
276707 4
276721 4
276739 4
276763 4
276767 4
276779 4
276781 4
276817 4
276821 4
276823 4
276827 4
276833 4
276839 4
276847 4
276869 4
276883 4
276901 4
276907 4
276917 4
276919 4
276929 4
276949 4
276953 4
276961 4
276977 4
277003 4
277007 4
277021 4
277051 4
277063 4
277073 4
277087 4
277097 4
277099 4
277157 4
277163 4
277169 4
277177 4
277183 4
277213 4
277217 4
277223 4
277231 4
277247 4
277259 4
277261 4
277273 4
277279 4
277297 4
277301 4
277309 4
277331 4
277363 4
277373 4
277411 4
277421 4
277427 4
277429 4
277483 4
277493 4
277499 4
277513 4
277531 4
277547 4
277549 4
277567 4
277577 4
277579 4
277597 4
277601 4
277603 4
277637 4
277639 4
277643 4
277657 4
277663 4
277687 4
277691 4
277703 4
277741 4
277747 4
277751 4
277757 4
277787 4
277789 4
277793 4
277813 4
277829 4
277847 4
277859 4
277883 4
277889 4
277891 4
277897 4
277903 4
277919 4
277961 4
277993 4
277999 4
278017 4
278029 4
278041 4
278051 4
278063 4
278071 4
278087 4
278111 4
278119 4
278123 4
278143 4
278147 4
278149 4
278177 4
278191 4
278207 4
278209 4
278219 4
278227 4
278233 4
278237 4
278261 4
278269 4
278279 4
278321 4
278329 4
278347 4
278353 4
278363 4
278387 4
278393 4
278413 4
278437 4
278459 4
278479 4
278489 4
278491 4
278497 4
278501 4
278503 4
278543 4
278549 4
278557 4
278561 4
278563 4
278581 4
278591 4
278609 4
278611 4
278617 4
278623 4
278627 4
278639 4
278651 4
278671 4
278687 4
278689 4
278701 4
278717 4
278741 4
278743 4
278753 4
278767 4
278801 4
278807 4
278809 4
278813 4
278819 4
278827 4
278843 4
278849 4
278867 4
278879 4
278881 4
278891 4
278903 4
278909 4
278911 4
278917 4
278947 4
278981 4
279001 4
279007 4
279023 4
279029 4
279047 4
279073 4
279109 4
279119 4
279121 4
279127 4
279131 4
279137 4
279143 4
279173 4
279179 4
279187 4
279203 4
279211 4
279221 4
279269 4
279311 4
279317 4
279329 4
279337 4
279353 4
279397 4
279407 4
279413 4
279421 4
279431 4
279443 4
279451 4
279479 4
279481 4
279511 4
279523 4
279541 4
279551 4
279553 4
279557 4
279571 4
279577 4
279583 4
279593 4
279607 4
279613 4
279619 4
279637 4
279641 4
279649 4
279659 4
279679 4
279689 4
279707 4
279709 4
279731 4
279751 4
279761 4
279767 4
279779 4
279817 4
279823 4
279847 4
279857 4
279863 4
279883 4
279913 4
279919 4
279941 4
279949 4
279967 4
279977 4
279991 4
280001 4
280009 4
280013 4
280031 4
280037 4
280061 4
280069 4
280097 4
280099 4
280103 4
280121 4
280129 4
280139 4
280183 4
280187 4
280199 4
280207 4
280219 4
280223 4
280229 4
280243 4
280249 4
280253 4
280277 4
280297 4
280303 4
280321 4
280327 4
280337 4
280339 4
280351 4
280373 4
280409 4
280411 4
280451 4
280463 4
280487 4
280499 4
280507 4
280513 4
280537 4
280541 4
280547 4
280549 4
280561 4
280583 4
280589 4
280591 4
280597 4
280603 4
280607 4
280613 4
280627 4
280639 4
280673 4
280681 4
280697 4
280699 4
280703 4
280711 4
280717 4
280729 4
280751 4
280759 4
280769 4
280771 4
280811 4
280817 4
280837 4
280843 4
280859 4
280871 4
280879 4
280883 4
280897 4
280909 4
280913 4
280921 4
280927 4
280933 4
280939 4
280949 4
280957 4
280963 4
280967 4
280979 4
280997 4
281023 4
281033 4
281053 4
281063 4
281069 4
281081 4
281117 4
281131 4
281153 4
281159 4
281167 4
281189 4
281191 4
281207 4
281227 4
281233 4
281243 4
281249 4
281251 4
281273 4
281279 4
281291 4
281297 4
281317 4
281321 4
281327 4
281339 4
281353 4
281357 4
281363 4
281381 4
281419 4
281423 4
281429 4
281431 4
281509 4
281527 4
281531 4
281539 4
281549 4
281551 4
281557 4
281563 4
281579 4
281581 4
281609 4
281621 4
281623 4
281627 4
281641 4
281647 4
281651 4
281653 4
281663 4
281669 4
281683 4
281717 4
281719 4
281737 4
281747 4
281761 4
281767 4
281777 4
281783 4
281791 4
281797 4
281803 4
281807 4
281833 4
281837 4
281839 4
281849 4
281857 4
281867 4
281887 4
281893 4
281921 4
281923 4
281927 4
281933 4
281947 4
281959 4
281971 4
281989 4
281993 4
282001 4
282011 4
282019 4
282053 4
282059 4
282071 4
282089 4
282091 4
282097 4
282101 4
282103 4
282127 4
282143 4
282157 4
282167 4
282221 4
282229 4
282239 4
282241 4
282253 4
282281 4
282287 4
282299 4
282307 4
282311 4
282313 4
282349 4
282377 4
282383 4
282389 4
282391 4
282407 4
282409 4
282413 4
282427 4
282439 4
282461 4
282481 4
282487 4
282493 4
282559 4
282563 4
282571 4
282577 4
282589 4
282599 4
282617 4
282661 4
282671 4
282677 4
282679 4
282683 4
282691 4
282697 4
282703 4
282707 4
282713 4
282767 4
282769 4
282773 4
282797 4
282809 4
282827 4
282833 4
282847 4
282851 4
282869 4
282881 4
282889 4
282907 4
282911 4
282913 4
282917 4
282959 4
282973 4
282977 4
282991 4
283001 4
283007 4
283009 4
283027 4
283051 4
283079 4
283093 4
283097 4
283099 4
283111 4
283117 4
283121 4
283133 4
283139 4
283159 4
283163 4
283181 4
283183 4
283193 4
283207 4
283211 4
283267 4
283277 4
283289 4
283303 4
283369 4
283397 4
283403 4
283411 4
283447 4
283463 4
283487 4
283489 4
283501 4
283511 4
283519 4
283541 4
283553 4
283571 4
283573 4
283579 4
283583 4
283601 4
283607 4
283609 4
283631 4
283637 4
283639 4
283669 4
283687 4
283697 4
283721 4
283741 4
283763 4
283769 4
283771 4
283793 4
283799 4
283807 4
283813 4
283817 4
283831 4
283837 4
283859 4
283861 4
283873 4
283909 4
283937 4
283949 4
283957 4
283961 4
283979 4
284003 4
284023 4
284041 4
284051 4
284057 4
284059 4
284083 4
284093 4
284111 4
284117 4
284129 4
284131 4
284149 4
284153 4
284159 4
284161 4
284173 4
284191 4
284201 4
284227 4
284231 4
284233 4
284237 4
284243 4
284261 4
284267 4
284269 4
284293 4
284311 4
284341 4
284357 4
284369 4
284377 4
284387 4
284407 4
284413 4
284423 4
284429 4
284447 4
284467 4
284477 4
284483 4
284489 4
284507 4
284509 4
284521 4
284527 4
284539 4
284551 4
284561 4
284573 4
284587 4
284591 4
284593 4
284623 4
284633 4
284651 4
284657 4
284659 4
284681 4
284689 4
284701 4
284707 4
284723 4
284729 4
284731 4
284737 4
284741 4
284743 4
284747 4
284749 4
284759 4
284777 4
284783 4
284803 4
284807 4
284813 4
284819 4
284831 4
284833 4
284839 4
284857 4
284881 4
284897 4
284899 4
284917 4
284927 4
284957 4
284969 4
284989 4
285007 4
285023 4
285031 4
285049 4
285071 4
285079 4
285091 4
285101 4
285113 4
285119 4
285121 4
285139 4
285151 4
285161 4
285179 4
285191 4
285199 4
285221 4
285227 4
285251 4
285281 4
285283 4
285287 4
285289 4
285301 4
285317 4
285343 4
285377 4
285421 4
285433 4
285451 4
285457 4
285463 4
285469 4
285473 4
285497 4
285517 4
285521 4
285533 4
285539 4
285553 4
285557 4
285559 4
285569 4
285599 4
285611 4
285613 4
285629 4
285631 4
285641 4
285643 4
285661 4
285667 4
285673 4
285697 4
285707 4
285709 4
285721 4
285731 4
285749 4
285757 4
285763 4
285767 4
285773 4
285781 4
285823 4
285827 4
285839 4
285841 4
285871 4
285937 4
285949 4
285953 4
285977 4
285979 4
285983 4
285997 4
286001 4
286009 4
286019 4
286043 4
286049 4
286061 4
286063 4
286073 4
286103 4
286129 4
286163 4
286171 4
286199 4
286243 4
286249 4
286289 4
286301 4
286333 4
286367 4
286369 4
286381 4
286393 4
286397 4
286411 4
286421 4
286427 4
286453 4
286457 4
286459 4
286469 4
286477 4
286483 4
286487 4
286493 4
286499 4
286513 4
286519 4
286541 4
286543 4
286547 4
286553 4
286589 4
286591 4
286609 4
286613 4
286619 4
286633 4
286651 4
286673 4
286687 4
286697 4
286703 4
286711 4
286721 4
286733 4
286751 4
286753 4
286763 4
286771 4
286777 4
286789 4
286801 4
286813 4
286831 4
286859 4
286873 4
286927 4
286973 4
286981 4
286987 4
286999 4
287003 4
287047 4
287057 4
287059 4
287087 4
287093 4
287099 4
287107 4
287117 4
287137 4
287141 4
287149 4
287159 4
287167 4
287173 4
287179 4
287191 4
287219 4
287233 4
287237 4
287239 4
287251 4
287257 4
287269 4
287279 4
287281 4
287291 4
287297 4
287321 4
287327 4
287333 4
287341 4
287347 4
287383 4
287387 4
287393 4
287437 4
287449 4
287491 4
287501 4
287503 4
287537 4
287549 4
287557 4
287579 4
287597 4
287611 4
287629 4
287669 4
287671 4
287681 4
287689 4
287701 4
287731 4
287747 4
287783 4
287789 4
287801 4
287813 4
287821 4
287849 4
287851 4
287857 4
287863 4
287867 4
287873 4
287887 4
287921 4
287933 4
287939 4
287977 4
288007 4
288023 4
288049 4
288053 4
288061 4
288077 4
288089 4
288109 4
288137 4
288179 4
288181 4
288191 4
288199 4
288203 4
288209 4
288227 4
288241 4
288247 4
288257 4
288283 4
288293 4
288307 4
288313 4
288317 4
288349 4
288359 4
288361 4
288383 4
288389 4
288403 4
288413 4
288427 4
288433 4
288461 4
288467 4
288481 4
288493 4
288499 4
288527 4
288529 4
288539 4
288551 4
288559 4
288571 4
288577 4
288583 4
288647 4
288649 4
288653 4
288661 4
288679 4
288683 4
288689 4
288697 4
288731 4
288733 4
288751 4
288767 4
288773 4
288803 4
288817 4
288823 4
288833 4
288839 4
288851 4
288853 4
288877 4
288907 4
288913 4
288929 4
288931 4
288947 4
288973 4
288979 4
288989 4
288991 4
288997 4
289001 4
289019 4
289021 4
289031 4
289033 4
289039 4
289049 4
289063 4
289067 4
289099 4
289103 4
289109 4
289111 4
289127 4
289129 4
289139 4
289141 4
289151 4
289169 4
289171 4
289181 4
289189 4
289193 4
289213 4
289241 4
289243 4
289249 4
289253 4
289273 4
289283 4
289291 4
289297 4
289309 4
289319 4
289343 4
289349 4
289361 4
289369 4
289381 4
289397 4
289417 4
289423 4
289439 4
289453 4
289463 4
289469 4
289477 4
289489 4
289511 4
289543 4
289559 4
289573 4
289577 4
289589 4
289603 4
289607 4
289637 4
289643 4
289657 4
289669 4
289717 4
289721 4
289727 4
289733 4
289741 4
289759 4
289763 4
289771 4
289789 4
289837 4
289841 4
289843 4
289847 4
289853 4
289859 4
289871 4
289889 4
289897 4
289937 4
289951 4
289957 4
289967 4
289973 4
289987 4
289999 4
290011 4
290021 4
290023 4
290027 4
290033 4
290039 4
290041 4
290047 4
290057 4
290083 4
290107 4
290113 4
290119 4
290137 4
290141 4
290161 4
290183 4
290189 4
290201 4
290209 4
290219 4
290233 4
290243 4
290249 4
290317 4
290327 4
290347 4
290351 4
290359 4
290369 4
290383 4
290393 4
290399 4
290419 4
290429 4
290441 4
290443 4
290447 4
290471 4
290473 4
290489 4
290497 4
290509 4
290527 4
290531 4
290533 4
290539 4
290557 4
290593 4
290597 4
290611 4
290617 4
290621 4
290623 4
290627 4
290657 4
290659 4
290663 4
290669 4
290671 4
290677 4
290701 4
290707 4
290711 4
290737 4
290761 4
290767 4
290791 4
290803 4
290821 4
290827 4
290837 4
290839 4
290861 4
290869 4
290879 4
290897 4
290923 4
290959 4
290963 4
290971 4
290987 4
290993 4
290999 4
291007 4
291013 4
291037 4
291041 4
291043 4
291077 4
291089 4
291101 4
291103 4
291107 4
291113 4
291143 4
291167 4
291169 4
291173 4
291191 4
291199 4
291209 4
291217 4
291253 4
291257 4
291271 4
291287 4
291293 4
291299 4
291331 4
291337 4
291349 4
291359 4
291367 4
291371 4
291373 4
291377 4
291419 4
291437 4
291439 4
291443 4
291457 4
291481 4
291491 4
291503 4
291509 4
291521 4
291539 4
291547 4
291559 4
291563 4
291569 4
291619 4
291647 4
291649 4
291661 4
291677 4
291689 4
291691 4
291701 4
291721 4
291727 4
291743 4
291751 4
291779 4
291791 4
291817 4
291829 4
291833 4
291853 4
291857 4
291869 4
291877 4
291887 4
291899 4
291901 4
291923 4
291971 4
291979 4
291983 4
291997 4
292021 4
292027 4
292037 4
292057 4
292069 4
292079 4
292081 4
292091 4
292093 4
292133 4
292141 4
292147 4
292157 4
292181 4
292183 4
292223 4
292231 4
292241 4
292249 4
292267 4
292283 4
292301 4
292309 4
292319 4
292343 4
292351 4
292363 4
292367 4
292381 4
292393 4
292427 4
292441 4
292459 4
292469 4
292471 4
292477 4
292483 4
292489 4
292493 4
292517 4
292531 4
292541 4
292549 4
292561 4
292573 4
292577 4
292601 4
292627 4
292631 4
292661 4
292667 4
292673 4
292679 4
292693 4
292703 4
292709 4
292711 4
292717 4
292727 4
292753 4
292759 4
292777 4
292793 4
292801 4
292807 4
292819 4
292837 4
292841 4
292849 4
292867 4
292879 4
292909 4
292921 4
292933 4
292969 4
292973 4
292979 4
292993 4
293021 4
293071 4
293081 4
293087 4
293093 4
293099 4
293107 4
293123 4
293129 4
293147 4
293149 4
293173 4
293177 4
293179 4
293201 4
293207 4
293213 4
293221 4
293257 4
293261 4
293263 4
293269 4
293311 4
293329 4
293339 4
293351 4
293357 4
293399 4
293413 4
293431 4
293441 4
293453 4
293459 4
293467 4
293473 4
293483 4
293507 4
293543 4
293599 4
293603 4
293617 4
293621 4
293633 4
293639 4
293651 4
293659 4
293677 4
293681 4
293701 4
293717 4
293723 4
293729 4
293749 4
293767 4
293773 4
293791 4
293803 4
293827 4
293831 4
293861 4
293863 4
293893 4
293899 4
293941 4
293957 4
293983 4
293989 4
293999 4
294001 4
294013 4
294023 4
294029 4
294043 4
294053 4
294059 4
294067 4
294103 4
294127 4
294131 4
294149 4
294157 4
294167 4
294169 4
294179 4
294181 4
294199 4
294211 4
294223 4
294227 4
294241 4
294247 4
294251 4
294269 4
294277 4
294289 4
294293 4
294311 4
294313 4
294317 4
294319 4
294337 4
294341 4
294347 4
294353 4
294383 4
294391 4
294397 4
294403 4
294431 4
294439 4
294461 4
294467 4
294479 4
294499 4
294509 4
294523 4
294529 4
294551 4
294563 4
294629 4
294641 4
294647 4
294649 4
294659 4
294673 4
294703 4
294731 4
294751 4
294757 4
294761 4
294773 4
294781 4
294787 4
294793 4
294799 4
294803 4
294809 4
294821 4
294829 4
294859 4
294869 4
294887 4
294893 4
294911 4
294919 4
294923 4
294947 4
294949 4
294953 4
294979 4
294989 4
294991 4
294997 4
295007 4
295033 4
295037 4
295039 4
295049 4
295073 4
295079 4
295081 4
295111 4
295123 4
295129 4
295153 4
295187 4
295199 4
295201 4
295219 4
295237 4
295247 4
295259 4
295271 4
295277 4
295283 4
295291 4
295313 4
295319 4
295333 4
295357 4
295363 4
295387 4
295411 4
295417 4
295429 4
295433 4
295439 4
295441 4
295459 4
295513 4
295517 4
295541 4
295553 4
295567 4
295571 4
295591 4
295601 4
295663 4
295693 4
295699 4
295703 4
295727 4
295751 4
295759 4
295769 4
295777 4
295787 4
295819 4
295831 4
295837 4
295843 4
295847 4
295853 4
295861 4
295871 4
295873 4
295877 4
295879 4
295901 4
295903 4
295909 4
295937 4
295943 4
295949 4
295951 4
295961 4
295973 4
295993 4
296011 4
296017 4
296027 4
296041 4
296047 4
296071 4
296083 4
296099 4
296117 4
296129 4
296137 4
296159 4
296183 4
296201 4
296213 4
296221 4
296237 4
296243 4
296249 4
296251 4
296269 4
296273 4
296279 4
296287 4
296299 4
296347 4
296353 4
296363 4
296369 4
296377 4
296437 4
296441 4
296473 4
296477 4
296479 4
296489 4
296503 4
296507 4
296509 4
296519 4
296551 4
296557 4
296561 4
296563 4
296579 4
296581 4
296587 4
296591 4
296627 4
296651 4
296663 4
296669 4
296683 4
296687 4
296693 4
296713 4
296719 4
296729 4
296731 4
296741 4
296749 4
296753 4
296767 4
296771 4
296773 4
296797 4
296801 4
296819 4
296827 4
296831 4
296833 4
296843 4
296909 4
296911 4
296921 4
296929 4
296941 4
296969 4
296971 4
296981 4
296983 4
296987 4
297019 4
297023 4
297049 4
297061 4
297067 4
297079 4
297083 4
297097 4
297113 4
297133 4
297151 4
297161 4
297169 4
297191 4
297233 4
297247 4
297251 4
297257 4
297263 4
297289 4
297317 4
297359 4
297371 4
297377 4
297391 4
297397 4
297403 4
297421 4
297439 4
297457 4
297467 4
297469 4
297481 4
297487 4
297503 4
297509 4
297523 4
297533 4
297581 4
297589 4
297601 4
297607 4
297613 4
297617 4
297623 4
297629 4
297641 4
297659 4
297683 4
297691 4
297707 4
297719 4
297727 4
297757 4
297779 4
297793 4
297797 4
297809 4
297811 4
297833 4
297841 4
297853 4
297881 4
297889 4
297893 4
297907 4
297911 4
297931 4
297953 4
297967 4
297971 4
297989 4
297991 4
298013 4
298021 4
298031 4
298043 4
298049 4
298063 4
298087 4
298093 4
298099 4
298153 4
298157 4
298159 4
298169 4
298171 4
298187 4
298201 4
298211 4
298213 4
298223 4
298237 4
298247 4
298261 4
298283 4
298303 4
298307 4
298327 4
298339 4
298343 4
298349 4
298369 4
298373 4
298399 4
298409 4
298411 4
298427 4
298451 4
298477 4
298483 4
298513 4
298559 4
298579 4
298583 4
298589 4
298601 4
298607 4
298621 4
298631 4
298651 4
298667 4
298679 4
298681 4
298687 4
298691 4
298693 4
298709 4
298723 4
298733 4
298757 4
298759 4
298777 4
298799 4
298801 4
298817 4
298819 4
298841 4
298847 4
298853 4
298861 4
298897 4
298937 4
298943 4
298993 4
298999 4
299011 4
299017 4
299027 4
299029 4
299053 4
299059 4
299063 4
299087 4
299099 4
299107 4
299113 4
299137 4
299147 4
299171 4
299179 4
299191 4
299197 4
299213 4
299239 4
299261 4
299281 4
299287 4
299311 4
299317 4
299329 4
299333 4
299357 4
299359 4
299363 4
299371 4
299389 4
299393 4
299401 4
299417 4
299419 4
299447 4
299471 4
299473 4
299477 4
299479 4
299501 4
299513 4
299521 4
299527 4
299539 4
299567 4
299569 4
299603 4
299617 4
299623 4
299653 4
299671 4
299681 4
299683 4
299699 4
299701 4
299711 4
299723 4
299731 4
299743 4
299749 4
299771 4
299777 4
299807 4
299843 4
299857 4
299861 4
299881 4
299891 4
299903 4
299909 4
299933 4
299941 4
299951 4
299969 4
299977 4
299983 4
299993 4
300007 4
300017 4
300023 4
300043 4
300073 4
300089 4
300109 4
300119 4
300137 4
300149 4
300151 4
300163 4
300187 4
300191 4
300193 4
300221 4
300229 4
300233 4
300239 4
300247 4
300277 4
300299 4
300301 4
300317 4
300319 4
300323 4
300331 4
300343 4
300347 4
300367 4
300397 4
300413 4
300427 4
300431 4
300439 4
300463 4
300481 4
300491 4
300493 4
300497 4
300499 4
300511 4
300557 4
300569 4
300581 4
300583 4
300589 4
300593 4
300623 4
300631 4
300647 4
300649 4
300661 4
300667 4
300673 4
300683 4
300691 4
300719 4
300721 4
300733 4
300739 4
300743 4
300749 4
300757 4
300761 4
300779 4
300787 4
300799 4
300809 4
300821 4
300823 4
300851 4
300857 4
300869 4
300877 4
300889 4
300893 4
300929 4
300931 4
300953 4
300961 4
300967 4
300973 4
300977 4
300997 4
301013 4
301027 4
301039 4
301051 4
301057 4
301073 4
301079 4
301123 4
301127 4
301141 4
301153 4
301159 4
301177 4
301181 4
301183 4
301211 4
301219 4
301237 4
301241 4
301243 4
301247 4
301267 4
301303 4
301319 4
301331 4
301333 4
301349 4
301361 4
301363 4
301381 4
301403 4
301409 4
301423 4
301429 4
301447 4
301459 4
301463 4
301471 4
301487 4
301489 4
301493 4
301501 4
301531 4
301577 4
301579 4
301583 4
301591 4
301601 4
301619 4
301627 4
301643 4
301649 4
301657 4
301669 4
301673 4
301681 4
301703 4
301711 4
301747 4
301751 4
301753 4
301759 4
301789 4
301793 4
301813 4
301831 4
301841 4
301843 4
301867 4
301877 4
301897 4
301901 4
301907 4
301913 4
301927 4
301933 4
301943 4
301949 4
301979 4
301991 4
301993 4
301997 4
301999 4
302009 4
302053 4
302111 4
302123 4
302143 4
302167 4
302171 4
302173 4
302189 4
302191 4
302213 4
302221 4
302227 4
302261 4
302273 4
302279 4
302287 4
302297 4
302299 4
302317 4
302329 4
302399 4
302411 4
302417 4
302429 4
302443 4
302459 4
302483 4
302507 4
302513 4
302551 4
302563 4
302567 4
302573 4
302579 4
302581 4
302587 4
302593 4
302597 4
302609 4
302629 4
302647 4
302663 4
302681 4
302711 4
302723 4
302747 4
302759 4
302767 4
302779 4
302791 4
302801 4
302831 4
302833 4
302837 4
302843 4
302851 4
302857 4
302873 4
302891 4
302903 4
302909 4
302921 4
302927 4
302941 4
302959 4
302969 4
302971 4
302977 4
302983 4
302989 4
302999 4
303007 4
303011 4
303013 4
303019 4
303029 4
303049 4
303053 4
303073 4
303089 4
303091 4
303097 4
303119 4
303139 4
303143 4
303151 4
303157 4
303187 4
303217 4
303257 4
303271 4
303283 4
303287 4
303293 4
303299 4
303307 4
303313 4
303323 4
303337 4
303341 4
303361 4
303367 4
303371 4
303377 4
303379 4
303389 4
303409 4
303421 4
303431 4
303463 4
303469 4
303473 4
303491 4
303493 4
303497 4
303529 4
303539 4
303547 4
303551 4
303553 4
303571 4
303581 4
303587 4
303593 4
303613 4
303617 4
303619 4
303643 4
303647 4
303649 4
303679 4
303683 4
303689 4
303691 4
303703 4
303713 4
303727 4
303731 4
303749 4
303767 4
303781 4
303803 4
303817 4
303827 4
303839 4
303859 4
303871 4
303889 4
303907 4
303917 4
303931 4
303937 4
303959 4
303983 4
303997 4
304009 4
304013 4
304021 4
304033 4
304039 4
304049 4
304063 4
304067 4
304069 4
304081 4
304091 4
304099 4
304127 4
304151 4
304153 4
304163 4
304169 4
304193 4
304211 4
304217 4
304223 4
304253 4
304259 4
304279 4
304301 4
304303 4
304331 4
304349 4
304357 4
304363 4
304373 4
304391 4
304393 4
304411 4
304417 4
304429 4
304433 4
304439 4
304457 4
304459 4
304477 4
304481 4
304489 4
304501 4
304511 4
304517 4
304523 4
304537 4
304541 4
304553 4
304559 4
304561 4
304597 4
304609 4
304631 4
304643 4
304651 4
304663 4
304687 4
304709 4
304723 4
304729 4
304739 4
304751 4
304757 4
304763 4
304771 4
304781 4
304789 4
304807 4
304813 4
304831 4
304847 4
304849 4
304867 4
304879 4
304883 4
304897 4
304901 4
304903 4
304907 4
304933 4
304937 4
304943 4
304949 4
304961 4
304979 4
304981 4
305017 4
305021 4
305023 4
305029 4
305033 4
305047 4
305069 4
305093 4
305101 4
305111 4
305113 4
305119 4
305131 4
305143 4
305147 4
305209 4
305219 4
305231 4
305237 4
305243 4
305267 4
305281 4
305297 4
305329 4
305339 4
305351 4
305353 4
305363 4
305369 4
305377 4
305401 4
305407 4
305411 4
305413 4
305419 4
305423 4
305441 4
305449 4
305471 4
305477 4
305479 4
305483 4
305489 4
305497 4
305521 4
305533 4
305551 4
305563 4
305581 4
305593 4
305597 4
305603 4
305611 4
305621 4
305633 4
305639 4
305663 4
305717 4
305719 4
305741 4
305743 4
305749 4
305759 4
305761 4
305771 4
305783 4
305803 4
305821 4
305839 4
305849 4
305857 4
305861 4
305867 4
305873 4
305917 4
305927 4
305933 4
305947 4
305971 4
305999 4
306011 4
306023 4
306029 4
306041 4
306049 4
306083 4
306091 4
306121 4
306133 4
306139 4
306149 4
306157 4
306167 4
306169 4
306191 4
306193 4
306209 4
306239 4
306247 4
306253 4
306259 4
306263 4
306301 4
306329 4
306331 4
306347 4
306349 4
306359 4
306367 4
306377 4
306389 4
306407 4
306419 4
306421 4
306431 4
306437 4
306457 4
306463 4
306473 4
306479 4
306491 4
306503 4
306511 4
306517 4
306529 4
306533 4
306541 4
306563 4
306577 4
306587 4
306589 4
306643 4
306653 4
306661 4
306689 4
306701 4
306703 4
306707 4
306727 4
306739 4
306749 4
306763 4
306781 4
306809 4
306821 4
306827 4
306829 4
306847 4
306853 4
306857 4
306871 4
306877 4
306883 4
306893 4
306899 4
306913 4
306919 4
306941 4
306947 4
306949 4
306953 4
306991 4
307009 4
307019 4
307031 4
307033 4
307067 4
307079 4
307091 4
307093 4
307103 4
307121 4
307129 4
307147 4
307163 4
307169 4
307171 4
307187 4
307189 4
307201 4
307243 4
307253 4
307259 4
307261 4
307267 4
307273 4
307277 4
307283 4
307289 4
307301 4
307337 4
307339 4
307361 4
307367 4
307381 4
307397 4
307399 4
307409 4
307423 4
307451 4
307471 4
307481 4
307511 4
307523 4
307529 4
307537 4
307543 4
307577 4
307583 4
307589 4
307609 4
307627 4
307631 4
307633 4
307639 4
307651 4
307669 4
307687 4
307691 4
307693 4
307711 4
307733 4
307759 4
307817 4
307823 4
307831 4
307843 4
307859 4
307871 4
307873 4
307891 4
307903 4
307919 4
307939 4
307969 4
308003 4
308017 4
308027 4
308041 4
308051 4
308081 4
308093 4
308101 4
308107 4
308117 4
308129 4
308137 4
308141 4
308149 4
308153 4
308213 4
308219 4
308249 4
308263 4
308291 4
308293 4
308303 4
308309 4
308311 4
308317 4
308323 4
308327 4
308333 4
308359 4
308383 4
308411 4
308423 4
308437 4
308447 4
308467 4
308489 4
308491 4
308501 4
308507 4
308509 4
308519 4
308521 4
308527 4
308537 4
308551 4
308569 4
308573 4
308587 4
308597 4
308621 4
308639 4
308641 4
308663 4
308681 4
308701 4
308713 4
308723 4
308761 4
308773 4
308801 4
308809 4
308813 4
308827 4
308849 4
308851 4
308857 4
308887 4
308899 4
308923 4
308927 4
308929 4
308933 4
308939 4
308951 4
308989 4
308999 4
309007 4
309011 4
309013 4
309019 4
309031 4
309037 4
309059 4
309079 4
309083 4
309091 4
309107 4
309109 4
309121 4
309131 4
309137 4
309157 4
309167 4
309173 4
309193 4
309223 4
309241 4
309251 4
309259 4
309269 4
309271 4
309277 4
309289 4
309293 4
309311 4
309313 4
309317 4
309359 4
309367 4
309371 4
309391 4
309403 4
309433 4
309437 4
309457 4
309461 4
309469 4
309479 4
309481 4
309493 4
309503 4
309521 4
309523 4
309539 4
309541 4
309559 4
309571 4
309577 4
309583 4
309599 4
309623 4
309629 4
309637 4
309667 4
309671 4
309677 4
309707 4
309713 4
309731 4
309737 4
309769 4
309779 4
309781 4
309797 4
309811 4
309823 4
309851 4
309853 4
309857 4
309877 4
309899 4
309929 4
309931 4
309937 4
309977 4
309989 4
310019 4
310021 4
310027 4
310043 4
310049 4
310081 4
310087 4
310091 4
310111 4
310117 4
310127 4
310129 4
310169 4
310181 4
310187 4
310223 4
310229 4
310231 4
310237 4
310243 4
310273 4
310283 4
310291 4
310313 4
310333 4
310357 4
310361 4
310363 4
310379 4
310397 4
310423 4
310433 4
310439 4
310447 4
310459 4
310463 4
310481 4
310489 4
310501 4
310507 4
310511 4
310547 4
310553 4
310559 4
310567 4
310571 4
310577 4
310591 4
310627 4
310643 4
310663 4
310693 4
310697 4
310711 4
310721 4
310727 4
310729 4
310733 4
310741 4
310747 4
310771 4
310781 4
310789 4
310801 4
310819 4
310823 4
310829 4
310831 4
310861 4
310867 4
310883 4
310889 4
310901 4
310927 4
310931 4
310949 4
310969 4
310987 4
310997 4
311009 4
311021 4
311027 4
311033 4
311041 4
311099 4
311111 4
311123 4
311137 4
311153 4
311173 4
311177 4
311183 4
311189 4
311197 4
311203 4
311237 4
311279 4
311291 4
311293 4
311299 4
311303 4
311323 4
311329 4
311341 4
311347 4
311359 4
311371 4
311393 4
311407 4
311419 4
311447 4
311453 4
311473 4
311533 4
311537 4
311539 4
311551 4
311557 4
311561 4
311567 4
311569 4
311603 4
311609 4
311653 4
311659 4
311677 4
311681 4
311683 4
311687 4
311711 4
311713 4
311737 4
311743 4
311747 4
311749 4
311791 4
311803 4
311807 4
311821 4
311827 4
311867 4
311869 4
311881 4
311897 4
311951 4
311957 4
311963 4
311981 4
312007 4
312023 4
312029 4
312031 4
312043 4
312047 4
312071 4
312073 4
312083 4
312089 4
312101 4
312107 4
312121 4
312161 4
312197 4
312199 4
312203 4
312209 4
312211 4
312217 4
312229 4
312233 4
312241 4
312251 4
312253 4
312269 4
312281 4
312283 4
312289 4
312311 4
312313 4
312331 4
312343 4
312349 4
312353 4
312371 4
312383 4
312397 4
312401 4
312407 4
312413 4
312427 4
312451 4
312469 4
312509 4
312517 4
312527 4
312551 4
312553 4
312563 4
312581 4
312583 4
312589 4
312601 4
312617 4
312619 4
312623 4
312643 4
312673 4
312677 4
312679 4
312701 4
312703 4
312709 4
312727 4
312737 4
312743 4
312757 4
312773 4
312779 4
312799 4
312839 4
312841 4
312857 4
312863 4
312887 4
312899 4
312929 4
312931 4
312937 4
312941 4
312943 4
312967 4
312971 4
312979 4
312989 4
313003 4
313009 4
313031 4
313037 4
313081 4
313087 4
313109 4
313127 4
313129 4
313133 4
313147 4
313151 4
313153 4
313163 4
313207 4
313211 4
313219 4
313241 4
313249 4
313267 4
313273 4
313289 4
313297 4
313301 4
313307 4
313321 4
313331 4
313333 4
313343 4
313351 4
313373 4
313381 4
313387 4
313399 4
313409 4
313471 4
313477 4
313507 4
313517 4
313543 4
313549 4
313553 4
313561 4
313567 4
313571 4
313583 4
313589 4
313597 4
313603 4
313613 4
313619 4
313637 4
313639 4
313661 4
313669 4
313679 4
313699 4
313711 4
313717 4
313721 4
313727 4
313739 4
313741 4
313763 4
313777 4
313783 4
313829 4
313849 4
313853 4
313879 4
313883 4
313889 4
313897 4
313909 4
313921 4
313931 4
313933 4
313949 4
313961 4
313969 4
313979 4
313981 4
313987 4
313991 4
313993 4
313997 4
314003 4
314021 4
314059 4
314063 4
314077 4
314107 4
314113 4
314117 4
314129 4
314137 4
314159 4
314161 4
314173 4
314189 4
314213 4
314219 4
314227 4
314233 4
314239 4
314243 4
314257 4
314261 4
314263 4
314267 4
314299 4
314329 4
314339 4
314351 4
314357 4
314359 4
314399 4
314401 4
314407 4
314423 4
314441 4
314453 4
314467 4
314491 4
314497 4
314513 4
314527 4
314543 4
314549 4
314569 4
314581 4
314591 4
314597 4
314599 4
314603 4
314623 4
314627 4
314641 4
314651 4
314693 4
314707 4
314711 4
314719 4
314723 4
314747 4
314761 4
314771 4
314777 4
314779 4
314807 4
314813 4
314827 4
314851 4
314879 4
314903 4
314917 4
314927 4
314933 4
314953 4
314957 4
314983 4
314989 4
315011 4
315013 4
315037 4
315047 4
315059 4
315067 4
315083 4
315097 4
315103 4
315109 4
315127 4
315179 4
315181 4
315193 4
315199 4
315223 4
315247 4
315251 4
315257 4
315269 4
315281 4
315313 4
315349 4
315361 4
315373 4
315377 4
315389 4
315407 4
315409 4
315421 4
315437 4
315449 4
315451 4
315461 4
315467 4
315481 4
315493 4
315517 4
315521 4
315527 4
315529 4
315547 4
315551 4
315559 4
315569 4
315589 4
315593 4
315599 4
315613 4
315617 4
315631 4
315643 4
315671 4
315677 4
315691 4
315697 4
315701 4
315703 4
315739 4
315743 4
315751 4
315779 4
315803 4
315811 4
315829 4
315851 4
315857 4
315881 4
315883 4
315893 4
315899 4
315907 4
315937 4
315949 4
315961 4
315967 4
315977 4
316003 4
316031 4
316033 4
316037 4
316051 4
316067 4
316073 4
316087 4
316097 4
316109 4
316133 4
316139 4
316153 4
316177 4
316189 4
316193 4
316201 4
316213 4
316219 4
316223 4
316241 4
316243 4
316259 4
316271 4
316291 4
316297 4
316301 4
316321 4
316339 4
316343 4
316363 4
316373 4
316391 4
316403 4
316423 4
316429 4
316439 4
316453 4
316469 4
316471 4
316493 4
316499 4
316501 4
316507 4
316531 4
316567 4
316571 4
316577 4
316583 4
316621 4
316633 4
316637 4
316649 4
316661 4
316663 4
316681 4
316691 4
316697 4
316699 4
316703 4
316717 4
316753 4
316759 4
316769 4
316777 4
316783 4
316793 4
316801 4
316817 4
316819 4
316847 4
316853 4
316859 4
316861 4
316879 4
316891 4
316903 4
316907 4
316919 4
316937 4
316951 4
316957 4
316961 4
316991 4
317003 4
317011 4
317021 4
317029 4
317047 4
317063 4
317071 4
317077 4
317087 4
317089 4
317123 4
317159 4
317171 4
317179 4
317189 4
317197 4
317209 4
317227 4
317257 4
317263 4
317267 4
317269 4
317279 4
317321 4
317323 4
317327 4
317333 4
317351 4
317353 4
317363 4
317371 4
317399 4
317411 4
317419 4
317431 4
317437 4
317453 4
317459 4
317483 4
317489 4
317491 4
317503 4
317539 4
317557 4
317563 4
317587 4
317591 4
317593 4
317599 4
317609 4
317617 4
317621 4
317651 4
317663 4
317671 4
317693 4
317701 4
317711 4
317717 4
317729 4
317731 4
317741 4
317743 4
317771 4
317773 4
317777 4
317783 4
317789 4
317797 4
317827 4
317831 4
317839 4
317857 4
317887 4
317903 4
317921 4
317923 4
317957 4
317959 4
317963 4
317969 4
317971 4
317983 4
317987 4
318001 4
318007 4
318023 4
318077 4
318103 4
318107 4
318127 4
318137 4
318161 4
318173 4
318179 4
318181 4
318191 4
318203 4
318209 4
318211 4
318229 4
318233 4
318247 4
318259 4
318271 4
318281 4
318287 4
318289 4
318299 4
318301 4
318313 4
318319 4
318323 4
318337 4
318347 4
318349 4
318377 4
318403 4
318407 4
318419 4
318431 4
318443 4
318457 4
318467 4
318473 4
318503 4
318523 4
318557 4
318559 4
318569 4
318581 4
318589 4
318601 4
318629 4
318641 4
318653 4
318671 4
318677 4
318679 4
318683 4
318691 4
318701 4
318713 4
318737 4
318743 4
318749 4
318751 4
318781 4
318793 4
318809 4
318811 4
318817 4
318823 4
318833 4
318841 4
318863 4
318881 4
318883 4
318889 4
318907 4
318911 4
318917 4
318919 4
318949 4
318979 4
319001 4
319027 4
319031 4
319037 4
319049 4
319057 4
319061 4
319069 4
319093 4
319097 4
319117 4
319127 4
319129 4
319133 4
319147 4
319159 4
319169 4
319183 4
319201 4
319211 4
319223 4
319237 4
319259 4
319279 4
319289 4
319313 4
319321 4
319327 4
319339 4
319343 4
319351 4
319357 4
319387 4
319391 4
319399 4
319411 4
319427 4
319433 4
319439 4
319441 4
319453 4
319469 4
319477 4
319483 4
319489 4
319499 4
319511 4
319519 4
319541 4
319547 4
319567 4
319577 4
319589 4
319591 4
319601 4
319607 4
319639 4
319673 4
319679 4
319681 4
319687 4
319691 4
319699 4
319727 4
319729 4
319733 4
319747 4
319757 4
319763 4
319811 4
319817 4
319819 4
319829 4
319831 4
319849 4
319883 4
319897 4
319901 4
319919 4
319927 4
319931 4
319937 4
319967 4
319973 4
319981 4
319993 4
320009 4
320011 4
320027 4
320039 4
320041 4
320053 4
320057 4
320063 4
320081 4
320083 4
320101 4
320107 4
320113 4
320119 4
320141 4
320143 4
320149 4
320153 4
320179 4
320209 4
320213 4
320219 4
320237 4
320239 4
320267 4
320269 4
320273 4
320291 4
320293 4
320303 4
320317 4
320329 4
320339 4
320377 4
320387 4
320389 4
320401 4
320417 4
320431 4
320449 4
320471 4
320477 4
320483 4
320513 4
320521 4
320533 4
320539 4
320561 4
320563 4
320591 4
320609 4
320611 4
320627 4
320647 4
320657 4
320659 4
320669 4
320687 4
320693 4
320699 4
320713 4
320741 4
320759 4
320767 4
320791 4
320821 4
320833 4
320839 4
320843 4
320851 4
320861 4
320867 4
320899 4
320911 4
320923 4
320927 4
320939 4
320941 4
320953 4
321007 4
321017 4
321031 4
321037 4
321047 4
321053 4
321073 4
321077 4
321091 4
321109 4
321143 4
321163 4
321169 4
321187 4
321193 4
321199 4
321203 4
321221 4
321227 4
321239 4
321247 4
321289 4
321301 4
321311 4
321313 4
321319 4
321323 4
321329 4
321331 4
321341 4
321359 4
321367 4
321371 4
321383 4
321397 4
321403 4
321413 4
321427 4
321443 4
321449 4
321467 4
321469 4
321509 4
321547 4
321553 4
321569 4
321571 4
321577 4
321593 4
321611 4
321617 4
321619 4
321631 4
321647 4
321661 4
321679 4
321707 4
321709 4
321721 4
321733 4
321743 4
321751 4
321757 4
321779 4
321799 4
321817 4
321821 4
321823 4
321829 4
321833 4
321847 4
321851 4
321889 4
321901 4
321911 4
321947 4
321949 4
321961 4
321983 4
321991 4
322001 4
322009 4
322013 4
322037 4
322039 4
322051 4
322057 4
322067 4
322073 4
322079 4
322093 4
322097 4
322109 4
322111 4
322139 4
322169 4
322171 4
322193 4
322213 4
322229 4
322237 4
322243 4
322247 4
322249 4
322261 4
322271 4
322319 4
322327 4
322339 4
322349 4
322351 4
322397 4
322403 4
322409 4
322417 4
322429 4
322433 4
322459 4
322463 4
322501 4
322513 4
322519 4
322523 4
322537 4
322549 4
322559 4
322571 4
322573 4
322583 4
322589 4
322591 4
322607 4
322613 4
322627 4
322631 4
322633 4
322649 4
322669 4
322709 4
322727 4
322747 4
322757 4
322769 4
322771 4
322781 4
322783 4
322807 4
322849 4
322859 4
322871 4
322877 4
322891 4
322901 4
322919 4
322921 4
322939 4
322951 4
322963 4
322969 4
322997 4
322999 4
323003 4
323009 4
323027 4
323053 4
323077 4
323083 4
323087 4
323093 4
323101 4
323123 4
323131 4
323137 4
323149 4
323201 4
323207 4
323233 4
323243 4
323249 4
323251 4
323273 4
323333 4
323339 4
323341 4
323359 4
323369 4
323371 4
323377 4
323381 4
323383 4
323413 4
323419 4
323441 4
323443 4
323467 4
323471 4
323473 4
323507 4
323509 4
323537 4
323549 4
323567 4
323579 4
323581 4
323591 4
323597 4
323599 4
323623 4
323641 4
323647 4
323651 4
323699 4
323707 4
323711 4
323717 4
323759 4
323767 4
323789 4
323797 4
323801 4
323803 4
323819 4
323837 4
323879 4
323899 4
323903 4
323923 4
323927 4
323933 4
323951 4
323957 4
323987 4
324011 4
324031 4
324053 4
324067 4
324073 4
324089 4
324097 4
324101 4
324113 4
324119 4
324131 4
324143 4
324151 4
324161 4
324179 4
324199 4
324209 4
324211 4
324217 4
324223 4
324239 4
324251 4
324293 4
324299 4
324301 4
324319 4
324329 4
324341 4
324361 4
324391 4
324397 4
324403 4
324419 4
324427 4
324431 4
324437 4
324439 4
324449 4
324451 4
324469 4
324473 4
324491 4
324497 4
324503 4
324517 4
324523 4
324529 4
324557 4
324587 4
324589 4
324593 4
324617 4
324619 4
324637 4
324641 4
324647 4
324661 4
324673 4
324689 4
324697 4
324707 4
324733 4
324743 4
324757 4
324763 4
324773 4
324781 4
324791 4
324799 4
324809 4
324811 4
324839 4
324847 4
324869 4
324871 4
324889 4
324893 4
324901 4
324931 4
324941 4
324949 4
324953 4
324977 4
324979 4
324983 4
324991 4
324997 4
325001 4
325009 4
325019 4
325021 4
325027 4
325043 4
325051 4
325063 4
325079 4
325081 4
325093 4
325133 4
325153 4
325163 4
325181 4
325187 4
325189 4
325201 4
325217 4
325219 4
325229 4
325231 4
325249 4
325271 4
325301 4
325307 4
325309 4
325319 4
325333 4
325343 4
325349 4
325379 4
325411 4
325421 4
325439 4
325447 4
325453 4
325459 4
325463 4
325477 4
325487 4
325513 4
325517 4
325537 4
325541 4
325543 4
325571 4
325597 4
325607 4
325627 4
325631 4
325643 4
325667 4
325673 4
325681 4
325691 4
325693 4
325697 4
325709 4
325723 4
325729 4
325747 4
325751 4
325753 4
325769 4
325777 4
325781 4
325783 4
325807 4
325813 4
325849 4
325861 4
325877 4
325883 4
325889 4
325891 4
325901 4
325921 4
325939 4
325943 4
325951 4
325957 4
325987 4
325993 4
325999 4
326023 4
326057 4
326063 4
326083 4
326087 4
326099 4
326101 4
326113 4
326119 4
326141 4
326143 4
326147 4
326149 4
326153 4
326159 4
326171 4
326189 4
326203 4
326219 4
326251 4
326257 4
326309 4
326323 4
326351 4
326353 4
326369 4
326437 4
326441 4
326449 4
326467 4
326479 4
326497 4
326503 4
326537 4
326539 4
326549 4
326561 4
326563 4
326567 4
326581 4
326593 4
326597 4
326609 4
326611 4
326617 4
326633 4
326657 4
326659 4
326663 4
326681 4
326687 4
326693 4
326701 4
326707 4
326737 4
326741 4
326773 4
326779 4
326831 4
326863 4
326867 4
326869 4
326873 4
326881 4
326903 4
326923 4
326939 4
326941 4
326947 4
326951 4
326983 4
326993 4
326999 4
327001 4
327007 4
327011 4
327017 4
327023 4
327059 4
327071 4
327079 4
327127 4
327133 4
327163 4
327179 4
327193 4
327203 4
327209 4
327211 4
327247 4
327251 4
327263 4
327277 4
327289 4
327307 4
327311 4
327317 4
327319 4
327331 4
327337 4
327343 4
327347 4
327401 4
327407 4
327409 4
327419 4
327421 4
327433 4
327443 4
327463 4
327469 4
327473 4
327479 4
327491 4
327493 4
327499 4
327511 4
327517 4
327529 4
327553 4
327557 4
327559 4
327571 4
327581 4
327583 4
327599 4
327619 4
327629 4
327647 4
327661 4
327667 4
327673 4
327689 4
327707 4
327721 4
327737 4
327739 4
327757 4
327779 4
327797 4
327799 4
327809 4
327823 4
327827 4
327829 4
327839 4
327851 4
327853 4
327869 4
327871 4
327881 4
327889 4
327917 4
327923 4
327941 4
327953 4
327967 4
327979 4
327983 4
328007 4
328037 4
328043 4
328051 4
328061 4
328063 4
328067 4
328093 4
328103 4
328109 4
328121 4
328127 4
328129 4
328171 4
328177 4
328213 4
328243 4
328249 4
328271 4
328277 4
328283 4
328291 4
328303 4
328327 4
328331 4
328333 4
328343 4
328357 4
328373 4
328379 4
328381 4
328397 4
328411 4
328421 4
328429 4
328439 4
328481 4
328511 4
328513 4
328519 4
328543 4
328579 4
328589 4
328591 4
328619 4
328621 4
328633 4
328637 4
328639 4
328651 4
328667 4
328687 4
328709 4
328721 4
328753 4
328777 4
328781 4
328787 4
328789 4
328813 4
328829 4
328837 4
328847 4
328849 4
328883 4
328891 4
328897 4
328901 4
328919 4
328921 4
328931 4
328961 4
328981 4
329009 4
329027 4
329053 4
329059 4
329081 4
329083 4
329089 4
329101 4
329111 4
329123 4
329143 4
329167 4
329177 4
329191 4
329201 4
329207 4
329209 4
329233 4
329243 4
329257 4
329267 4
329269 4
329281 4
329293 4
329297 4
329299 4
329309 4
329317 4
329321 4
329333 4
329347 4
329387 4
329393 4
329401 4
329419 4
329431 4
329471 4
329473 4
329489 4
329503 4
329519 4
329533 4
329551 4
329557 4
329587 4
329591 4
329597 4
329603 4
329617 4
329627 4
329629 4
329639 4
329657 4
329663 4
329671 4
329677 4
329683 4
329687 4
329711 4
329717 4
329723 4
329729 4
329761 4
329773 4
329779 4
329789 4
329801 4
329803 4
329863 4
329867 4
329873 4
329891 4
329899 4
329941 4
329947 4
329951 4
329957 4
329969 4
329977 4
329993 4
329999 4
330017 4
330019 4
330037 4
330041 4
330047 4
330053 4
330061 4
330067 4
330097 4
330103 4
330131 4
330133 4
330139 4
330149 4
330167 4
330199 4
330203 4
330217 4
330227 4
330229 4
330233 4
330241 4
330247 4
330271 4
330287 4
330289 4
330311 4
330313 4
330329 4
330331 4
330347 4
330359 4
330383 4
330389 4
330409 4
330413 4
330427 4
330431 4
330433 4
330439 4
330469 4
330509 4
330557 4
330563 4
330569 4
330587 4
330607 4
330611 4
330623 4
330641 4
330643 4
330653 4
330661 4
330679 4
330683 4
330689 4
330697 4
330703 4
330719 4
330721 4
330731 4
330749 4
330767 4
330787 4
330791 4
330793 4
330821 4
330823 4
330839 4
330853 4
330857 4
330859 4
330877 4
330887 4
330899 4
330907 4
330917 4
330943 4
330983 4
330997 4
331013 4
331027 4
331031 4
331043 4
331063 4
331081 4
331099 4
331127 4
331141 4
331147 4
331153 4
331159 4
331171 4
331183 4
331207 4
331213 4
331217 4
331231 4
331241 4
331249 4
331259 4
331277 4
331283 4
331301 4
331307 4
331319 4
331333 4
331337 4
331339 4
331349 4
331367 4
331369 4
331391 4
331399 4
331423 4
331447 4
331451 4
331489 4
331501 4
331511 4
331519 4
331523 4
331537 4
331543 4
331547 4
331549 4
331553 4
331577 4
331579 4
331589 4
331603 4
331609 4
331613 4
331651 4
331663 4
331691 4
331693 4
331697 4
331711 4
331739 4
331753 4
331769 4
331777 4
331781 4
331801 4
331819 4
331841 4
331843 4
331871 4
331883 4
331889 4
331897 4
331907 4
331909 4
331921 4
331937 4
331943 4
331957 4
331967 4
331973 4
331997 4
331999 4
332009 4
332011 4
332039 4
332053 4
332069 4
332081 4
332099 4
332113 4
332117 4
332147 4
332159 4
332161 4
332179 4
332183 4
332191 4
332201 4
332203 4
332207 4
332219 4
332221 4
332251 4
332263 4
332273 4
332287 4
332303 4
332309 4
332317 4
332393 4
332399 4
332411 4
332417 4
332441 4
332447 4
332461 4
332467 4
332471 4
332473 4
332477 4
332489 4
332509 4
332513 4
332561 4
332567 4
332569 4
332573 4
332611 4
332617 4
332623 4
332641 4
332687 4
332699 4
332711 4
332729 4
332743 4
332749 4
332767 4
332779 4
332791 4
332803 4
332837 4
332851 4
332873 4
332881 4
332887 4
332903 4
332921 4
332933 4
332947 4
332951 4
332987 4
332989 4
332993 4
333019 4
333023 4
333029 4
333031 4
333041 4
333049 4
333071 4
333097 4
333101 4
333103 4
333107 4
333131 4
333139 4
333161 4
333187 4
333197 4
333209 4
333227 4
333233 4
333253 4
333269 4
333271 4
333283 4
333287 4
333299 4
333323 4
333331 4
333337 4
333341 4
333349 4
333367 4
333383 4
333397 4
333419 4
333427 4
333433 4
333439 4
333449 4
333451 4
333457 4
333479 4
333491 4
333493 4
333497 4
333503 4
333517 4
333533 4
333539 4
333563 4
333581 4
333589 4
333623 4
333631 4
333647 4
333667 4
333673 4
333679 4
333691 4
333701 4
333713 4
333719 4
333721 4
333737 4
333757 4
333769 4
333779 4
333787 4
333791 4
333793 4
333803 4
333821 4
333857 4
333871 4
333911 4
333923 4
333929 4
333941 4
333959 4
333973 4
333989 4
333997 4
334021 4
334031 4
334043 4
334049 4
334057 4
334069 4
334093 4
334099 4
334127 4
334133 4
334157 4
334171 4
334177 4
334183 4
334189 4
334199 4
334231 4
334247 4
334261 4
334289 4
334297 4
334319 4
334331 4
334333 4
334349 4
334363 4
334379 4
334387 4
334393 4
334403 4
334421 4
334423 4
334427 4
334429 4
334447 4
334487 4
334493 4
334507 4
334511 4
334513 4
334541 4
334547 4
334549 4
334561 4
334603 4
334619 4
334637 4
334643 4
334651 4
334661 4
334667 4
334681 4
334693 4
334699 4
334717 4
334721 4
334727 4
334751 4
334753 4
334759 4
334771 4
334777 4
334783 4
334787 4
334793 4
334843 4
334861 4
334877 4
334889 4
334891 4
334897 4
334931 4
334963 4
334973 4
334987 4
334991 4
334993 4
335009 4
335021 4
335029 4
335033 4
335047 4
335051 4
335057 4
335077 4
335081 4
335089 4
335107 4
335113 4
335117 4
335123 4
335131 4
335149 4
335161 4
335171 4
335173 4
335207 4
335213 4
335221 4
335249 4
335261 4
335273 4
335281 4
335299 4
335323 4
335341 4
335347 4
335381 4
335383 4
335411 4
335417 4
335429 4
335449 4
335453 4
335459 4
335473 4
335477 4
335507 4
335519 4
335527 4
335539 4
335557 4
335567 4
335579 4
335591 4
335609 4
335633 4
335641 4
335653 4
335663 4
335669 4
335681 4
335689 4
335693 4
335719 4
335729 4
335743 4
335747 4
335771 4
335807 4
335809 4
335813 4
335821 4
335833 4
335843 4
335857 4
335879 4
335893 4
335897 4
335917 4
335941 4
335953 4
335957 4
335999 4
336029 4
336031 4
336041 4
336059 4
336079 4
336101 4
336103 4
336109 4
336113 4
336121 4
336143 4
336151 4
336157 4
336163 4
336181 4
336199 4
336211 4
336221 4
336223 4
336227 4
336239 4
336247 4
336251 4
336253 4
336263 4
336307 4
336317 4
336353 4
336361 4
336373 4
336397 4
336403 4
336419 4
336437 4
336463 4
336491 4
336499 4
336503 4
336521 4
336527 4
336529 4
336533 4
336551 4
336563 4
336571 4
336577 4
336587 4
336593 4
336599 4
336613 4
336631 4
336643 4
336649 4
336653 4
336667 4
336671 4
336683 4
336689 4
336703 4
336727 4
336757 4
336761 4
336767 4
336769 4
336773 4
336793 4
336799 4
336803 4
336823 4
336827 4
336829 4
336857 4
336863 4
336871 4
336887 4
336899 4
336901 4
336911 4
336929 4
336961 4
336977 4
336983 4
336989 4
336997 4
337013 4
337021 4
337031 4
337039 4
337049 4
337069 4
337081 4
337091 4
337097 4
337121 4
337153 4
337189 4
337201 4
337213 4
337217 4
337219 4
337223 4
337261 4
337277 4
337279 4
337283 4
337291 4
337301 4
337313 4
337327 4
337339 4
337343 4
337349 4
337361 4
337367 4
337369 4
337397 4
337411 4
337427 4
337453 4
337457 4
337487 4
337489 4
337511 4
337517 4
337529 4
337537 4
337541 4
337543 4
337583 4
337607 4
337609 4
337627 4
337633 4
337639 4
337651 4
337661 4
337669 4
337681 4
337691 4
337697 4
337721 4
337741 4
337751 4
337759 4
337781 4
337793 4
337817 4
337837 4
337853 4
337859 4
337861 4
337867 4
337871 4
337873 4
337891 4
337901 4
337903 4
337907 4
337919 4
337949 4
337957 4
337969 4
337973 4
337999 4
338017 4
338027 4
338033 4
338119 4
338137 4
338141 4
338153 4
338159 4
338161 4
338167 4
338171 4
338183 4
338197 4
338203 4
338207 4
338213 4
338231 4
338237 4
338251 4
338263 4
338267 4
338269 4
338279 4
338287 4
338293 4
338297 4
338309 4
338321 4
338323 4
338339 4
338341 4
338347 4
338369 4
338383 4
338389 4
338407 4
338411 4
338413 4
338423 4
338431 4
338449 4
338461 4
338473 4
338477 4
338497 4
338531 4
338543 4
338563 4
338567 4
338573 4
338579 4
338581 4
338609 4
338659 4
338669 4
338683 4
338687 4
338707 4
338717 4
338731 4
338747 4
338753 4
338761 4
338773 4
338777 4
338791 4
338803 4
338839 4
338851 4
338857 4
338867 4
338893 4
338909 4
338927 4
338959 4
338993 4
338999 4
339023 4
339049 4
339067 4
339071 4
339091 4
339103 4
339107 4
339121 4
339127 4
339137 4
339139 4
339151 4
339161 4
339173 4
339187 4
339211 4
339223 4
339239 4
339247 4
339257 4
339263 4
339289 4
339307 4
339323 4
339331 4
339341 4
339373 4
339389 4
339413 4
339433 4
339467 4
339491 4
339517 4
339527 4
339539 4
339557 4
339583 4
339589 4
339601 4
339613 4
339617 4
339631 4
339637 4
339649 4
339653 4
339659 4
339671 4
339673 4
339679 4
339707 4
339727 4
339749 4
339751 4
339761 4
339769 4
339799 4
339811 4
339817 4
339821 4
339827 4
339839 4
339841 4
339863 4
339887 4
339907 4
339943 4
339959 4
339991 4
340007 4
340027 4
340031 4
340037 4
340049 4
340057 4
340061 4
340063 4
340073 4
340079 4
340103 4
340111 4
340117 4
340121 4
340127 4
340129 4
340169 4
340183 4
340201 4
340211 4
340237 4
340261 4
340267 4
340283 4
340297 4
340321 4
340337 4
340339 4
340369 4
340381 4
340387 4
340393 4
340397 4
340409 4
340429 4
340447 4
340451 4
340453 4
340477 4
340481 4
340519 4
340541 4
340559 4
340573 4
340577 4
340579 4
340583 4
340591 4
340601 4
340619 4
340633 4
340643 4
340649 4
340657 4
340661 4
340687 4
340693 4
340709 4
340723 4
340757 4
340777 4
340787 4
340789 4
340793 4
340801 4
340811 4
340819 4
340849 4
340859 4
340877 4
340889 4
340897 4
340903 4
340909 4
340913 4
340919 4
340927 4
340931 4
340933 4
340937 4
340939 4
340957 4
340979 4
340999 4
341017 4
341027 4
341041 4
341057 4
341059 4
341063 4
341083 4
341087 4
341123 4
341141 4
341171 4
341179 4
341191 4
341203 4
341219 4
341227 4
341233 4
341269 4
341273 4
341281 4
341287 4
341293 4
341303 4
341311 4
341321 4
341323 4
341333 4
341339 4
341347 4
341357 4
341423 4
341443 4
341447 4
341459 4
341461 4
341477 4
341491 4
341501 4
341507 4
341521 4
341543 4
341557 4
341569 4
341587 4
341597 4
341603 4
341617 4
341623 4
341629 4
341641 4
341647 4
341659 4
341681 4
341687 4
341701 4
341729 4
341743 4
341749 4
341771 4
341773 4
341777 4
341813 4
341821 4
341827 4
341839 4
341851 4
341863 4
341879 4
341911 4
341927 4
341947 4
341951 4
341953 4
341959 4
341963 4
341983 4
341993 4
342037 4
342047 4
342049 4
342059 4
342061 4
342071 4
342073 4
342077 4
342101 4
342107 4
342131 4
342143 4
342179 4
342187 4
342191 4
342197 4
342203 4
342211 4
342233 4
342239 4
342241 4
342257 4
342281 4
342283 4
342299 4
342319 4
342337 4
342341 4
342343 4
342347 4
342359 4
342371 4
342373 4
342379 4
342389 4
342413 4
342421 4
342449 4
342451 4
342467 4
342469 4
342481 4
342497 4
342521 4
342527 4
342547 4
342553 4
342569 4
342593 4
342599 4
342607 4
342647 4
342653 4
342659 4
342673 4
342679 4
342691 4
342697 4
342733 4
342757 4
342761 4
342791 4
342799 4
342803 4
342821 4
342833 4
342841 4
342847 4
342863 4
342869 4
342871 4
342889 4
342899 4
342929 4
342949 4
342971 4
342989 4
343019 4
343037 4
343051 4
343061 4
343073 4
343081 4
343087 4
343127 4
343141 4
343153 4
343163 4
343169 4
343177 4
343193 4
343199 4
343219 4
343237 4
343243 4
343253 4
343261 4
343267 4
343289 4
343303 4
343307 4
343309 4
343313 4
343327 4
343333 4
343337 4
343373 4
343379 4
343381 4
343391 4
343393 4
343411 4
343423 4
343433 4
343481 4
343489 4
343517 4
343529 4
343531 4
343543 4
343547 4
343559 4
343561 4
343579 4
343583 4
343589 4
343591 4
343601 4
343627 4
343631 4
343639 4
343649 4
343661 4
343667 4
343687 4
343709 4
343727 4
343769 4
343771 4
343787 4
343799 4
343801 4
343813 4
343817 4
343823 4
343829 4
343831 4
343891 4
343897 4
343901 4
343913 4
343933 4
343939 4
343943 4
343951 4
343963 4
343997 4
344017 4
344021 4
344039 4
344053 4
344083 4
344111 4
344117 4
344153 4
344161 4
344167 4
344171 4
344173 4
344177 4
344189 4
344207 4
344209 4
344213 4
344221 4
344231 4
344237 4
344243 4
344249 4
344251 4
344257 4
344263 4
344269 4
344273 4
344291 4
344293 4
344321 4
344327 4
344347 4
344353 4
344363 4
344371 4
344417 4
344423 4
344429 4
344453 4
344479 4
344483 4
344497 4
344543 4
344567 4
344587 4
344599 4
344611 4
344621 4
344629 4
344639 4
344653 4
344671 4
344681 4
344683 4
344693 4
344719 4
344749 4
344753 4
344759 4
344791 4
344797 4
344801 4
344807 4
344819 4
344821 4
344843 4
344857 4
344863 4
344873 4
344887 4
344893 4
344909 4
344917 4
344921 4
344941 4
344957 4
344959 4
344963 4
344969 4
344987 4
345001 4
345011 4
345017 4
345019 4
345041 4
345047 4
345067 4
345089 4
345109 4
345133 4
345139 4
345143 4
345181 4
345193 4
345221 4
345227 4
345229 4
345259 4
345263 4
345271 4
345307 4
345311 4
345329 4
345379 4
345413 4
345431 4
345451 4
345461 4
345463 4
345473 4
345479 4
345487 4
345511 4
345517 4
345533 4
345547 4
345551 4
345571 4
345577 4
345581 4
345599 4
345601 4
345607 4
345637 4
345643 4
345647 4
345659 4
345673 4
345679 4
345689 4
345701 4
345707 4
345727 4
345731 4
345733 4
345739 4
345749 4
345757 4
345769 4
345773 4
345791 4
345803 4
345811 4
345817 4
345823 4
345853 4
345869 4
345881 4
345887 4
345889 4
345907 4
345923 4
345937 4
345953 4
345979 4
345997 4
346013 4
346039 4
346043 4
346051 4
346079 4
346091 4
346097 4
346111 4
346117 4
346133 4
346139 4
346141 4
346147 4
346169 4
346187 4
346201 4
346207 4
346217 4
346223 4
346259 4
346261 4
346277 4
346303 4
346309 4
346321 4
346331 4
346337 4
346349 4
346361 4
346369 4
346373 4
346391 4
346393 4
346397 4
346399 4
346417 4
346421 4
346429 4
346433 4
346439 4
346441 4
346447 4
346453 4
346469 4
346501 4
346529 4
346543 4
346547 4
346553 4
346559 4
346561 4
346589 4
346601 4
346607 4
346627 4
346639 4
346649 4
346651 4
346657 4
346667 4
346669 4
346699 4
346711 4
346721 4
346739 4
346751 4
346763 4
346793 4
346831 4
346849 4
346867 4
346873 4
346877 4
346891 4
346903 4
346933 4
346939 4
346943 4
346961 4
346963 4
347003 4
347033 4
347041 4
347051 4
347057 4
347059 4
347063 4
347069 4
347071 4
347099 4
347129 4
347131 4
347141 4
347143 4
347161 4
347167 4
347173 4
347177 4
347183 4
347197 4
347201 4
347209 4
347227 4
347233 4
347239 4
347251 4
347257 4
347287 4
347297 4
347299 4
347317 4
347329 4
347341 4
347359 4
347401 4
347411 4
347437 4
347443 4
347489 4
347509 4
347513 4
347519 4
347533 4
347539 4
347561 4
347563 4
347579 4
347587 4
347591 4
347609 4
347621 4
347629 4
347651 4
347671 4
347707 4
347717 4
347729 4
347731 4
347747 4
347759 4
347771 4
347773 4
347779 4
347801 4
347813 4
347821 4
347849 4
347873 4
347887 4
347891 4
347899 4
347929 4
347933 4
347951 4
347957 4
347959 4
347969 4
347981 4
347983 4
347987 4
347989 4
347993 4
348001 4
348011 4
348017 4
348031 4
348043 4
348053 4
348077 4
348083 4
348097 4
348149 4
348163 4
348181 4
348191 4
348209 4
348217 4
348221 4
348239 4
348241 4
348247 4
348253 4
348259 4
348269 4
348287 4
348307 4
348323 4
348353 4
348367 4
348389 4
348401 4
348407 4
348419 4
348421 4
348431 4
348433 4
348437 4
348443 4
348451 4
348457 4
348461 4
348463 4
348487 4
348527 4
348547 4
348553 4
348559 4
348563 4
348571 4
348583 4
348587 4
348617 4
348629 4
348637 4
348643 4
348661 4
348671 4
348709 4
348731 4
348739 4
348757 4
348763 4
348769 4
348779 4
348811 4
348827 4
348833 4
348839 4
348851 4
348883 4
348889 4
348911 4
348917 4
348919 4
348923 4
348937 4
348949 4
348989 4
348991 4
349007 4
349039 4
349043 4
349051 4
349079 4
349081 4
349093 4
349099 4
349109 4
349121 4
349133 4
349171 4
349177 4
349183 4
349187 4
349199 4
349207 4
349211 4
349241 4
349291 4
349303 4
349313 4
349331 4
349337 4
349343 4
349357 4
349369 4
349373 4
349379 4
349381 4
349387 4
349397 4
349399 4
349403 4
349409 4
349411 4
349423 4
349471 4
349477 4
349483 4
349493 4
349499 4
349507 4
349519 4
349529 4
349553 4
349567 4
349579 4
349589 4
349603 4
349637 4
349663 4
349667 4
349697 4
349709 4
349717 4
349729 4
349753 4
349759 4
349787 4
349793 4
349801 4
349813 4
349819 4
349829 4
349831 4
349837 4
349841 4
349849 4
349871 4
349903 4
349907 4
349913 4
349919 4
349927 4
349931 4
349933 4
349939 4
349949 4
349963 4
349967 4
349981 4
350003 4
350029 4
350033 4
350039 4
350087 4
350089 4
350093 4
350107 4
350111 4
350137 4
350159 4
350179 4
350191 4
350213 4
350219 4
350237 4
350249 4
350257 4
350281 4
350293 4
350347 4
350351 4
350377 4
350381 4
350411 4
350423 4
350429 4
350431 4
350437 4
350443 4
350447 4
350453 4
350459 4
350503 4
350521 4
350549 4
350561 4
350563 4
350587 4
350593 4
350617 4
350621 4
350629 4
350657 4
350663 4
350677 4
350699 4
350711 4
350719 4
350729 4
350731 4
350737 4
350741 4
350747 4
350767 4
350771 4
350783 4
350789 4
350803 4
350809 4
350843 4
350851 4
350869 4
350881 4
350887 4
350891 4
350899 4
350941 4
350947 4
350963 4
350971 4
350981 4
350983 4
350989 4
351011 4
351023 4
351031 4
351037 4
351041 4
351047 4
351053 4
351059 4
351061 4
351077 4
351079 4
351097 4
351121 4
351133 4
351151 4
351157 4
351179 4
351217 4
351223 4
351229 4
351257 4
351259 4
351269 4
351287 4
351289 4
351293 4
351301 4
351311 4
351341 4
351343 4
351347 4
351359 4
351361 4
351383 4
351391 4
351397 4
351401 4
351413 4
351427 4
351437 4
351457 4
351469 4
351479 4
351497 4
351503 4
351517 4
351529 4
351551 4
351563 4
351587 4
351599 4
351643 4
351653 4
351661 4
351667 4
351691 4
351707 4
351727 4
351731 4
351733 4
351749 4
351751 4
351763 4
351773 4
351779 4
351797 4
351803 4
351811 4
351829 4
351847 4
351851 4
351859 4
351863 4
351887 4
351913 4
351919 4
351929 4
351931 4
351959 4
351971 4
351991 4
352007 4
352021 4
352043 4
352049 4
352057 4
352069 4
352073 4
352081 4
352097 4
352109 4
352111 4
352123 4
352133 4
352181 4
352193 4
352201 4
352217 4
352229 4
352237 4
352249 4
352267 4
352271 4
352273 4
352301 4
352309 4
352327 4
352333 4
352349 4
352357 4
352361 4
352367 4
352369 4
352381 4
352399 4
352403 4
352409 4
352411 4
352421 4
352423 4
352441 4
352459 4
352463 4
352481 4
352483 4
352489 4
352493 4
352511 4
352523 4
352543 4
352549 4
352579 4
352589 4
352601 4
352607 4
352619 4
352633 4
352637 4
352661 4
352691 4
352711 4
352739 4
352741 4
352753 4
352757 4
352771 4
352813 4
352817 4
352819 4
352831 4
352837 4
352841 4
352853 4
352867 4
352883 4
352907 4
352909 4
352931 4
352939 4
352949 4
352951 4
352973 4
352991 4
353011 4
353021 4
353047 4
353053 4
353057 4
353069 4
353081 4
353099 4
353117 4
353123 4
353137 4
353147 4
353149 4
353161 4
353173 4
353179 4
353201 4
353203 4
353237 4
353263 4
353293 4
353317 4
353321 4
353329 4
353333 4
353341 4
353359 4
353389 4
353401 4
353411 4
353429 4
353443 4
353453 4
353459 4
353471 4
353473 4
353489 4
353501 4
353527 4
353531 4
353557 4
353567 4
353603 4
353611 4
353621 4
353627 4
353629 4
353641 4
353653 4
353657 4
353677 4
353681 4
353687 4
353699 4
353711 4
353737 4
353747 4
353767 4
353777 4
353783 4
353797 4
353807 4
353813 4
353819 4
353833 4
353867 4
353869 4
353879 4
353891 4
353897 4
353911 4
353917 4
353921 4
353929 4
353939 4
353963 4
354001 4
354007 4
354017 4
354023 4
354031 4
354037 4
354041 4
354043 4
354047 4
354073 4
354091 4
354097 4
354121 4
354139 4
354143 4
354149 4
354163 4
354169 4
354181 4
354209 4
354247 4
354251 4
354253 4
354257 4
354259 4
354271 4
354301 4
354307 4
354313 4
354317 4
354323 4
354329 4
354337 4
354353 4
354371 4
354373 4
354377 4
354383 4
354391 4
354401 4
354421 4
354439 4
354443 4
354451 4
354461 4
354463 4
354469 4
354479 4
354533 4
354539 4
354551 4
354553 4
354581 4
354587 4
354619 4
354643 4
354647 4
354661 4
354667 4
354677 4
354689 4
354701 4
354703 4
354727 4
354737 4
354743 4
354751 4
354763 4
354779 4
354791 4
354799 4
354829 4
354833 4
354839 4
354847 4
354869 4
354877 4
354881 4
354883 4
354911 4
354953 4
354961 4
354971 4
354973 4
354979 4
354983 4
354997 4
355007 4
355009 4
355027 4
355031 4
355037 4
355039 4
355049 4
355057 4
355063 4
355073 4
355087 4
355093 4
355099 4
355109 4
355111 4
355127 4
355139 4
355171 4
355193 4
355211 4
355261 4
355297 4
355307 4
355321 4
355331 4
355339 4
355343 4
355361 4
355363 4
355379 4
355417 4
355427 4
355441 4
355457 4
355463 4
355483 4
355499 4
355501 4
355507 4
355513 4
355517 4
355519 4
355529 4
355541 4
355549 4
355559 4
355571 4
355573 4
355591 4
355609 4
355633 4
355643 4
355651 4
355669 4
355679 4
355697 4
355717 4
355721 4
355723 4
355753 4
355763 4
355777 4
355783 4
355799 4
355811 4
355819 4
355841 4
355847 4
355853 4
355867 4
355891 4
355909 4
355913 4
355933 4
355937 4
355939 4
355951 4
355967 4
355969 4
356023 4
356039 4
356077 4
356093 4
356101 4
356113 4
356123 4
356129 4
356137 4
356141 4
356143 4
356171 4
356173 4
356197 4
356219 4
356243 4
356261 4
356263 4
356287 4
356299 4
356311 4
356327 4
356333 4
356351 4
356387 4
356399 4
356441 4
356443 4
356449 4
356453 4
356467 4
356479 4
356501 4
356509 4
356533 4
356549 4
356561 4
356563 4
356567 4
356579 4
356591 4
356621 4
356647 4
356663 4
356693 4
356701 4
356731 4
356737 4
356749 4
356761 4
356803 4
356819 4
356821 4
356831 4
356869 4
356887 4
356893 4
356927 4
356929 4
356933 4
356947 4
356959 4
356969 4
356977 4
356981 4
356989 4
356999 4
357031 4
357047 4
357073 4
357079 4
357083 4
357103 4
357107 4
357109 4
357131 4
357139 4
357169 4
357179 4
357197 4
357199 4
357211 4
357229 4
357239 4
357241 4
357263 4
357271 4
357281 4
357283 4
357293 4
357319 4
357347 4
357349 4
357353 4
357359 4
357377 4
357389 4
357421 4
357431 4
357437 4
357473 4
357503 4
357509 4
357517 4
357551 4
357559 4
357563 4
357569 4
357571 4
357583 4
357587 4
357593 4
357611 4
357613 4
357619 4
357649 4
357653 4
357659 4
357661 4
357667 4
357671 4
357677 4
357683 4
357689 4
357703 4
357727 4
357733 4
357737 4
357739 4
357767 4
357779 4
357781 4
357787 4
357793 4
357809 4
357817 4
357823 4
357829 4
357839 4
357859 4
357883 4
357913 4
357967 4
357977 4
357983 4
357989 4
357997 4
358031 4
358051 4
358069 4
358073 4
358079 4
358103 4
358109 4
358153 4
358157 4
358159 4
358181 4
358201 4
358213 4
358219 4
358223 4
358229 4
358243 4
358273 4
358277 4
358279 4
358289 4
358291 4
358297 4
358301 4
358313 4
358327 4
358331 4
358349 4
358373 4
358417 4
358427 4
358429 4
358441 4
358447 4
358459 4
358471 4
358483 4
358487 4
358499 4
358531 4
358541 4
358571 4
358573 4
358591 4
358597 4
358601 4
358607 4
358613 4
358637 4
358667 4
358669 4
358681 4
358691 4
358697 4
358703 4
358711 4
358723 4
358727 4
358733 4
358747 4
358753 4
358769 4
358783 4
358793 4
358811 4
358829 4
358847 4
358859 4
358861 4
358867 4
358877 4
358879 4
358901 4
358903 4
358907 4
358909 4
358931 4
358951 4
358973 4
358979 4
358987 4
358993 4
358999 4
359003 4
359017 4
359027 4
359041 4
359063 4
359069 4
359101 4
359111 4
359129 4
359137 4
359143 4
359147 4
359153 4
359167 4
359171 4
359207 4
359209 4
359231 4
359243 4
359263 4
359267 4
359279 4
359291 4
359297 4
359299 4
359311 4
359323 4
359327 4
359353 4
359357 4
359377 4
359389 4
359407 4
359417 4
359419 4
359441 4
359449 4
359477 4
359479 4
359483 4
359501 4
359509 4
359539 4
359549 4
359561 4
359563 4
359581 4
359587 4
359599 4
359621 4
359633 4
359641 4
359657 4
359663 4
359701 4
359713 4
359719 4
359731 4
359747 4
359753 4
359761 4
359767 4
359783 4
359837 4
359851 4
359869 4
359897 4
359911 4
359929 4
359981 4
359987 4
360007 4
360023 4
360037 4
360049 4
360053 4
360071 4
360089 4
360091 4
360163 4
360167 4
360169 4
360181 4
360187 4
360193 4
360197 4
360223 4
360229 4
360233 4
360257 4
360271 4
360277 4
360287 4
360289 4
360293 4
360307 4
360317 4
360323 4
360337 4
360391 4
360407 4
360421 4
360439 4
360457 4
360461 4
360497 4
360509 4
360511 4
360541 4
360551 4
360589 4
360593 4
360611 4
360637 4
360649 4
360653 4
360749 4
360769 4
360779 4
360781 4
360803 4
360817 4
360821 4
360823 4
360827 4
360851 4
360853 4
360863 4
360869 4
360901 4
360907 4
360947 4
360949 4
360953 4
360959 4
360973 4
360977 4
360979 4
360989 4
361001 4
361003 4
361013 4
361033 4
361069 4
361091 4
361093 4
361111 4
361159 4
361183 4
361211 4
361213 4
361217 4
361219 4
361223 4
361237 4
361241 4
361271 4
361279 4
361313 4
361321 4
361327 4
361337 4
361349 4
361351 4
361357 4
361363 4
361373 4
361409 4
361411 4
361421 4
361433 4
361441 4
361447 4
361451 4
361463 4
361469 4
361481 4
361499 4
361507 4
361511 4
361523 4
361531 4
361541 4
361549 4
361561 4
361577 4
361637 4
361643 4
361649 4
361651 4
361663 4
361679 4
361687 4
361723 4
361727 4
361747 4
361763 4
361769 4
361787 4
361789 4
361793 4
361799 4
361807 4
361843 4
361871 4
361873 4
361877 4
361901 4
361903 4
361909 4
361919 4
361927 4
361943 4
361961 4
361967 4
361973 4
361979 4
361993 4
362003 4
362027 4
362051 4
362053 4
362059 4
362069 4
362081 4
362093 4
362099 4
362107 4
362137 4
362143 4
362147 4
362161 4
362177 4
362191 4
362203 4
362213 4
362221 4
362233 4
362237 4
362281 4
362291 4
362293 4
362303 4
362309 4
362333 4
362339 4
362347 4
362353 4
362357 4
362363 4
362371 4
362377 4
362381 4
362393 4
362407 4
362419 4
362429 4
362431 4
362443 4
362449 4
362459 4
362473 4
362521 4
362561 4
362569 4
362581 4
362599 4
362629 4
362633 4
362657 4
362693 4
362707 4
362717 4
362723 4
362741 4
362743 4
362749 4
362753 4
362759 4
362801 4
362851 4
362863 4
362867 4
362897 4
362903 4
362911 4
362927 4
362941 4
362951 4
362953 4
362969 4
362977 4
362983 4
362987 4
363017 4
363019 4
363037 4
363043 4
363047 4
363059 4
363061 4
363067 4
363119 4
363149 4
363151 4
363157 4
363161 4
363173 4
363179 4
363199 4
363211 4
363217 4
363257 4
363269 4
363271 4
363277 4
363313 4
363317 4
363329 4
363343 4
363359 4
363361 4
363367 4
363371 4
363373 4
363379 4
363397 4
363401 4
363403 4
363431 4
363437 4
363439 4
363463 4
363481 4
363491 4
363497 4
363523 4
363529 4
363533 4
363541 4
363551 4
363557 4
363563 4
363569 4
363577 4
363581 4
363589 4
363611 4
363619 4
363659 4
363677 4
363683 4
363691 4
363719 4
363731 4
363751 4
363757 4
363761 4
363767 4
363773 4
363799 4
363809 4
363829 4
363833 4
363841 4
363871 4
363887 4
363889 4
363901 4
363911 4
363917 4
363941 4
363947 4
363949 4
363959 4
363967 4
363977 4
363989 4
364027 4
364031 4
364069 4
364073 4
364079 4
364103 4
364127 4
364129 4
364141 4
364171 4
364183 4
364187 4
364193 4
364213 4
364223 4
364241 4
364267 4
364271 4
364289 4
364291 4
364303 4
364313 4
364321 4
364333 4
364337 4
364349 4
364373 4
364379 4
364393 4
364411 4
364417 4
364423 4
364433 4
364447 4
364451 4
364459 4
364471 4
364499 4
364513 4
364523 4
364537 4
364541 4
364543 4
364571 4
364583 4
364601 4
364607 4
364621 4
364627 4
364643 4
364657 4
364669 4
364687 4
364691 4
364699 4
364717 4
364739 4
364747 4
364751 4
364753 4
364759 4
364801 4
364829 4
364853 4
364873 4
364879 4
364883 4
364891 4
364909 4
364919 4
364921 4
364937 4
364943 4
364961 4
364979 4
364993 4
364997 4
365003 4
365017 4
365021 4
365039 4
365063 4
365069 4
365089 4
365107 4
365119 4
365129 4
365137 4
365147 4
365159 4
365173 4
365179 4
365201 4
365213 4
365231 4
365249 4
365251 4
365257 4
365291 4
365293 4
365297 4
365303 4
365327 4
365333 4
365357 4
365369 4
365377 4
365411 4
365413 4
365419 4
365423 4
365441 4
365461 4
365467 4
365471 4
365473 4
365479 4
365489 4
365507 4
365509 4
365513 4
365527 4
365531 4
365537 4
365557 4
365567 4
365569 4
365587 4
365591 4
365611 4
365627 4
365639 4
365641 4
365669 4
365683 4
365689 4
365699 4
365747 4
365749 4
365759 4
365773 4
365779 4
365791 4
365797 4
365809 4
365837 4
365839 4
365851 4
365903 4
365929 4
365933 4
365941 4
365969 4
365983 4
366001 4
366013 4
366019 4
366029 4
366031 4
366053 4
366077 4
366097 4
366103 4
366127 4
366133 4
366139 4
366161 4
366167 4
366169 4
366173 4
366181 4
366193 4
366199 4
366211 4
366217 4
366221 4
366227 4
366239 4
366259 4
366269 4
366277 4
366287 4
366293 4
366307 4
366313 4
366329 4
366341 4
366343 4
366347 4
366383 4
366397 4
366409 4
366419 4
366433 4
366437 4
366439 4
366461 4
366463 4
366467 4
366479 4
366497 4
366511 4
366517 4
366521 4
366547 4
366593 4
366599 4
366607 4
366631 4
366677 4
366683 4
366697 4
366701 4
366703 4
366713 4
366721 4
366727 4
366733 4
366787 4
366791 4
366811 4
366829 4
366841 4
366851 4
366853 4
366859 4
366869 4
366881 4
366889 4
366901 4
366907 4
366917 4
366923 4
366941 4
366953 4
366967 4
366973 4
366983 4
366997 4
367001 4
367007 4
367019 4
367021 4
367027 4
367033 4
367049 4
367069 4
367097 4
367121 4
367123 4
367127 4
367139 4
367163 4
367181 4
367189 4
367201 4
367207 4
367219 4
367229 4
367231 4
367243 4
367259 4
367261 4
367273 4
367277 4
367307 4
367309 4
367313 4
367321 4
367357 4
367369 4
367391 4
367397 4
367427 4
367453 4
367457 4
367469 4
367501 4
367519 4
367531 4
367541 4
367547 4
367559 4
367561 4
367573 4
367597 4
367603 4
367613 4
367621 4
367637 4
367649 4
367651 4
367663 4
367673 4
367687 4
367699 4
367711 4
367721 4
367733 4
367739 4
367751 4
367771 4
367777 4
367781 4
367789 4
367819 4
367823 4
367831 4
367841 4
367849 4
367853 4
367867 4
367879 4
367883 4
367889 4
367909 4
367949 4
367957 4
368021 4
368029 4
368047 4
368059 4
368077 4
368083 4
368089 4
368099 4
368107 4
368111 4
368117 4
368129 4
368141 4
368149 4
368153 4
368171 4
368189 4
368197 4
368227 4
368231 4
368233 4
368243 4
368273 4
368279 4
368287 4
368293 4
368323 4
368327 4
368359 4
368363 4
368369 4
368399 4
368411 4
368443 4
368447 4
368453 4
368471 4
368491 4
368507 4
368513 4
368521 4
368531 4
368539 4
368551 4
368579 4
368593 4
368597 4
368609 4
368633 4
368647 4
368651 4
368653 4
368689 4
368717 4
368729 4
368737 4
368743 4
368773 4
368783 4
368789 4
368791 4
368801 4
368803 4
368833 4
368857 4
368873 4
368881 4
368899 4
368911 4
368939 4
368947 4
368957 4
369007 4
369013 4
369023 4
369029 4
369067 4
369071 4
369077 4
369079 4
369097 4
369119 4
369133 4
369137 4
369143 4
369169 4
369181 4
369191 4
369197 4
369211 4
369247 4
369253 4
369263 4
369269 4
369283 4
369293 4
369301 4
369319 4
369331 4
369353 4
369361 4
369407 4
369409 4
369419 4
369469 4
369487 4
369491 4
369539 4
369553 4
369557 4
369581 4
369637 4
369647 4
369659 4
369661 4
369673 4
369703 4
369709 4
369731 4
369739 4
369751 4
369791 4
369793 4
369821 4
369827 4
369829 4
369833 4
369841 4
369851 4
369877 4
369893 4
369913 4
369917 4
369947 4
369959 4
369961 4
369979 4
369983 4
369991 4
369997 4
370003 4
370009 4
370021 4
370033 4
370057 4
370061 4
370067 4
370081 4
370091 4
370103 4
370121 4
370133 4
370147 4
370159 4
370169 4
370193 4
370199 4
370207 4
370213 4
370217 4
370241 4
370247 4
370261 4
370373 4
370387 4
370399 4
370411 4
370421 4
370423 4
370427 4
370439 4
370441 4
370451 4
370463 4
370471 4
370477 4
370483 4
370493 4
370511 4
370529 4
370537 4
370547 4
370561 4
370571 4
370597 4
370603 4
370609 4
370613 4
370619 4
370631 4
370661 4
370663 4
370673 4
370679 4
370687 4
370693 4
370723 4
370759 4
370793 4
370801 4
370813 4
370837 4
370871 4
370873 4
370879 4
370883 4
370891 4
370897 4
370919 4
370949 4
371027 4
371029 4
371057 4
371069 4
371071 4
371083 4
371087 4
371099 4
371131 4
371141 4
371143 4
371153 4
371177 4
371179 4
371191 4
371213 4
371227 4
371233 4
371237 4
371249 4
371251 4
371257 4
371281 4
371291 4
371299 4
371303 4
371311 4
371321 4
371333 4
371339 4
371341 4
371353 4
371359 4
371383 4
371387 4
371389 4
371417 4
371447 4
371453 4
371471 4
371479 4
371491 4
371509 4
371513 4
371549 4
371561 4
371573 4
371587 4
371617 4
371627 4
371633 4
371639 4
371663 4
371669 4
371699 4
371719 4
371737 4
371779 4
371797 4
371831 4
371837 4
371843 4
371851 4
371857 4
371869 4
371873 4
371897 4
371927 4
371929 4
371939 4
371941 4
371951 4
371957 4
371971 4
371981 4
371999 4
372013 4
372023 4
372037 4
372049 4
372059 4
372061 4
372067 4
372107 4
372121 4
372131 4
372137 4
372149 4
372167 4
372173 4
372179 4
372223 4
372241 4
372263 4
372269 4
372271 4
372277 4
372289 4
372293 4
372299 4
372311 4
372313 4
372353 4
372367 4
372371 4
372377 4
372397 4
372401 4
372409 4
372413 4
372443 4
372451 4
372461 4
372473 4
372481 4
372497 4
372511 4
372523 4
372539 4
372607 4
372611 4
372613 4
372629 4
372637 4
372653 4
372661 4
372667 4
372677 4
372689 4
372707 4
372709 4
372719 4
372733 4
372739 4
372751 4
372763 4
372769 4
372773 4
372797 4
372803 4
372809 4
372817 4
372829 4
372833 4
372839 4
372847 4
372859 4
372871 4
372877 4
372881 4
372901 4
372917 4
372941 4
372943 4
372971 4
372973 4
372979 4
373003 4
373007 4
373019 4
373049 4
373063 4
373073 4
373091 4
373127 4
373151 4
373157 4
373171 4
373181 4
373183 4
373187 4
373193 4
373199 4
373207 4
373211 4
373213 4
373229 4
373231 4
373273 4
373291 4
373297 4
373301 4
373327 4
373339 4
373343 4
373349 4
373357 4
373361 4
373363 4
373379 4
373393 4
373447 4
373453 4
373459 4
373463 4
373487 4
373489 4
373501 4
373517 4
373553 4
373561 4
373567 4
373613 4
373621 4
373631 4
373649 4
373657 4
373661 4
373669 4
373693 4
373717 4
373721 4
373753 4
373757 4
373777 4
373783 4
373823 4
373837 4
373859 4
373861 4
373903 4
373909 4
373937 4
373943 4
373951 4
373963 4
373969 4
373981 4
373987 4
373999 4
374009 4
374029 4
374039 4
374041 4
374047 4
374063 4
374069 4
374083 4
374089 4
374093 4
374111 4
374117 4
374123 4
374137 4
374149 4
374159 4
374173 4
374177 4
374189 4
374203 4
374219 4
374239 4
374287 4
374291 4
374293 4
374299 4
374317 4
374321 4
374333 4
374347 4
374351 4
374359 4
374389 4
374399 4
374441 4
374443 4
374447 4
374461 4
374483 4
374501 4
374531 4
374537 4
374557 4
374587 4
374603 4
374639 4
374641 4
374653 4
374669 4
374677 4
374681 4
374683 4
374687 4
374701 4
374713 4
374719 4
374729 4
374741 4
374753 4
374761 4
374771 4
374783 4
374789 4
374797 4
374807 4
374819 4
374837 4
374839 4
374849 4
374879 4
374887 4
374893 4
374903 4
374909 4
374929 4
374939 4
374953 4
374977 4
374981 4
374987 4
374989 4
374993 4
375017 4
375019 4
375029 4
375043 4
375049 4
375059 4
375083 4
375091 4
375097 4
375101 4
375103 4
375113 4
375119 4
375121 4
375127 4
375149 4
375157 4
375163 4
375169 4
375203 4
375209 4
375223 4
375227 4
375233 4
375247 4
375251 4
375253 4
375257 4
375259 4
375281 4
375283 4
375311 4
375341 4
375359 4
375367 4
375371 4
375373 4
375391 4
375407 4
375413 4
375443 4
375449 4
375451 4
375457 4
375467 4
375481 4
375509 4
375511 4
375523 4
375527 4
375533 4
375553 4
375559 4
375563 4
375569 4
375593 4
375607 4
375623 4
375631 4
375643 4
375647 4
375667 4
375673 4
375703 4
375707 4
375709 4
375743 4
375757 4
375761 4
375773 4
375779 4
375787 4
375799 4
375833 4
375841 4
375857 4
375899 4
375901 4
375923 4
375931 4
375967 4
375971 4
375979 4
375983 4
375997 4
376001 4
376003 4
376009 4
376021 4
376039 4
376049 4
376063 4
376081 4
376097 4
376099 4
376127 4
376133 4
376147 4
376153 4
376171 4
376183 4
376199 4
376231 4
376237 4
376241 4
376283 4
376291 4
376297 4
376307 4
376351 4
376373 4
376393 4
376399 4
376417 4
376463 4
376469 4
376471 4
376477 4
376483 4
376501 4
376511 4
376529 4
376531 4
376547 4
376573 4
376577 4
376583 4
376589 4
376603 4
376609 4
376627 4
376631 4
376633 4
376639 4
376657 4
376679 4
376687 4
376699 4
376709 4
376721 4
376729 4
376757 4
376759 4
376769 4
376787 4
376793 4
376801 4
376807 4
376811 4
376819 4
376823 4
376837 4
376841 4
376847 4
376853 4
376889 4
376891 4
376897 4
376921 4
376927 4
376931 4
376933 4
376949 4
376963 4
376969 4
377011 4
377021 4
377051 4
377059 4
377071 4
377099 4
377123 4
377129 4
377137 4
377147 4
377171 4
377173 4
377183 4
377197 4
377219 4
377231 4
377257 4
377263 4
377287 4
377291 4
377297 4
377327 4
377329 4
377339 4
377347 4
377353 4
377369 4
377371 4
377387 4
377393 4
377459 4
377471 4
377477 4
377491 4
377513 4
377521 4
377527 4
377537 4
377543 4
377557 4
377561 4
377563 4
377581 4
377593 4
377599 4
377617 4
377623 4
377633 4
377653 4
377681 4
377687 4
377711 4
377717 4
377737 4
377749 4
377761 4
377771 4
377779 4
377789 4
377801 4
377809 4
377827 4
377831 4
377843 4
377851 4
377873 4
377887 4
377911 4
377963 4
377981 4
377999 4
378011 4
378019 4
378023 4
378041 4
378071 4
378083 4
378089 4
378101 4
378127 4
378137 4
378149 4
378151 4
378163 4
378167 4
378179 4
378193 4
378223 4
378229 4
378239 4
378241 4
378253 4
378269 4
378277 4
378283 4
378289 4
378317 4
378353 4
378361 4
378379 4
378401 4
378407 4
378439 4
378449 4
378463 4
378467 4
378493 4
378503 4
378509 4
378523 4
378533 4
378551 4
378559 4
378569 4
378571 4
378583 4
378593 4
378601 4
378619 4
378629 4
378661 4
378667 4
378671 4
378683 4
378691 4
378713 4
378733 4
378739 4
378757 4
378761 4
378779 4
378793 4
378809 4
378817 4
378821 4
378823 4
378869 4
378883 4
378893 4
378901 4
378919 4
378929 4
378941 4
378949 4
378953 4
378967 4
378977 4
378997 4
379007 4
379009 4
379013 4
379033 4
379039 4
379073 4
379081 4
379087 4
379097 4
379103 4
379123 4
379133 4
379147 4
379157 4
379163 4
379177 4
379187 4
379189 4
379199 4
379207 4
379273 4
379277 4
379283 4
379289 4
379307 4
379319 4
379333 4
379343 4
379369 4
379387 4
379391 4
379397 4
379399 4
379417 4
379433 4
379439 4
379441 4
379451 4
379459 4
379499 4
379501 4
379513 4
379531 4
379541 4
379549 4
379571 4
379573 4
379579 4
379597 4
379607 4
379633 4
379649 4
379663 4
379667 4
379679 4
379681 4
379693 4
379699 4
379703 4
379721 4
379723 4
379727 4
379751 4
379777 4
379787 4
379811 4
379817 4
379837 4
379849 4
379853 4
379859 4
379877 4
379889 4
379903 4
379909 4
379913 4
379927 4
379931 4
379963 4
379979 4
379993 4
379997 4
379999 4
380041 4
380047 4
380059 4
380071 4
380117 4
380129 4
380131 4
380141 4
380147 4
380179 4
380189 4
380197 4
380201 4
380203 4
380207 4
380231 4
380251 4
380267 4
380269 4
380287 4
380291 4
380299 4
380309 4
380311 4
380327 4
380329 4
380333 4
380363 4
380377 4
380383 4
380417 4
380423 4
380441 4
380447 4
380453 4
380459 4
380461 4
380483 4
380503 4
380533 4
380557 4
380563 4
380591 4
380621 4
380623 4
380629 4
380641 4
380651 4
380657 4
380707 4
380713 4
380729 4
380753 4
380777 4
380797 4
380803 4
380819 4
380837 4
380839 4
380843 4
380867 4
380869 4
380879 4
380881 4
380909 4
380917 4
380929 4
380951 4
380957 4
380971 4
380977 4
380983 4
381001 4
381011 4
381019 4
381037 4
381047 4
381061 4
381071 4
381077 4
381097 4
381103 4
381167 4
381169 4
381181 4
381209 4
381221 4
381223 4
381233 4
381239 4
381253 4
381287 4
381289 4
381301 4
381319 4
381323 4
381343 4
381347 4
381371 4
381373 4
381377 4
381383 4
381389 4
381401 4
381413 4
381419 4
381439 4
381443 4
381461 4
381467 4
381481 4
381487 4
381509 4
381523 4
381527 4
381529 4
381533 4
381541 4
381559 4
381569 4
381607 4
381629 4
381631 4
381637 4
381659 4
381673 4
381697 4
381707 4
381713 4
381737 4
381739 4
381749 4
381757 4
381761 4
381791 4
381793 4
381817 4
381841 4
381853 4
381859 4
381911 4
381917 4
381937 4
381943 4
381949 4
381977 4
381989 4
381991 4
382001 4
382003 4
382021 4
382037 4
382061 4
382069 4
382073 4
382087 4
382103 4
382117 4
382163 4
382171 4
382189 4
382229 4
382231 4
382241 4
382253 4
382267 4
382271 4
382303 4
382331 4
382351 4
382357 4
382363 4
382373 4
382391 4
382427 4
382429 4
382457 4
382463 4
382493 4
382507 4
382511 4
382519 4
382541 4
382549 4
382553 4
382567 4
382579 4
382583 4
382589 4
382601 4
382621 4
382631 4
382643 4
382649 4
382661 4
382663 4
382693 4
382703 4
382709 4
382727 4
382729 4
382747 4
382751 4
382763 4
382769 4
382777 4
382801 4
382807 4
382813 4
382843 4
382847 4
382861 4
382867 4
382871 4
382873 4
382883 4
382919 4
382933 4
382939 4
382961 4
382979 4
382999 4
383011 4
383023 4
383029 4
383041 4
383051 4
383069 4
383077 4
383081 4
383083 4
383099 4
383101 4
383107 4
383113 4
383143 4
383147 4
383153 4
383171 4
383179 4
383219 4
383221 4
383261 4
383267 4
383281 4
383291 4
383297 4
383303 4
383321 4
383347 4
383371 4
383393 4
383399 4
383417 4
383419 4
383429 4
383459 4
383483 4
383489 4
383519 4
383521 4
383527 4
383533 4
383549 4
383557 4
383573 4
383587 4
383609 4
383611 4
383623 4
383627 4
383633 4
383651 4
383657 4
383659 4
383681 4
383683 4
383693 4
383723 4
383729 4
383753 4
383759 4
383767 4
383777 4
383791 4
383797 4
383807 4
383813 4
383821 4
383833 4
383837 4
383839 4
383869 4
383891 4
383909 4
383917 4
383923 4
383941 4
383951 4
383963 4
383969 4
383983 4
383987 4
384001 4
384017 4
384029 4
384049 4
384061 4
384067 4
384079 4
384089 4
384107 4
384113 4
384133 4
384143 4
384151 4
384157 4
384173 4
384187 4
384193 4
384203 4
384227 4
384247 4
384253 4
384257 4
384259 4
384277 4
384287 4
384289 4
384299 4
384301 4
384317 4
384331 4
384343 4
384359 4
384367 4
384383 4
384403 4
384407 4
384437 4
384469 4
384473 4
384479 4
384481 4
384487 4
384497 4
384509 4
384533 4
384547 4
384577 4
384581 4
384589 4
384599 4
384611 4
384619 4
384623 4
384641 4
384673 4
384691 4
384697 4
384701 4
384719 4
384733 4
384737 4
384751 4
384757 4
384773 4
384779 4
384817 4
384821 4
384827 4
384841 4
384847 4
384851 4
384889 4
384907 4
384913 4
384919 4
384941 4
384961 4
384973 4
385001 4
385013 4
385027 4
385039 4
385057 4
385069 4
385079 4
385081 4
385087 4
385109 4
385127 4
385129 4
385139 4
385141 4
385153 4
385159 4
385171 4
385193 4
385199 4
385223 4
385249 4
385261 4
385267 4
385279 4
385289 4
385291 4
385321 4
385327 4
385331 4
385351 4
385379 4
385391 4
385393 4
385397 4
385403 4
385417 4
385433 4
385471 4
385481 4
385493 4
385501 4
385519 4
385531 4
385537 4
385559 4
385571 4
385573 4
385579 4
385589 4
385591 4
385597 4
385607 4
385621 4
385631 4
385639 4
385657 4
385661 4
385663 4
385709 4
385739 4
385741 4
385771 4
385783 4
385793 4
385811 4
385817 4
385831 4
385837 4
385843 4
385859 4
385877 4
385897 4
385901 4
385907 4
385927 4
385939 4
385943 4
385967 4
385991 4
385997 4
386017 4
386039 4
386041 4
386047 4
386051 4
386083 4
386093 4
386117 4
386119 4
386129 4
386131 4
386143 4
386149 4
386153 4
386159 4
386161 4
386173 4
386219 4
386227 4
386233 4
386237 4
386249 4
386263 4
386279 4
386297 4
386299 4
386303 4
386329 4
386333 4
386339 4
386363 4
386369 4
386371 4
386381 4
386383 4
386401 4
386411 4
386413 4
386429 4
386431 4
386437 4
386471 4
386489 4
386501 4
386521 4
386537 4
386543 4
386549 4
386569 4
386587 4
386609 4
386611 4
386621 4
386629 4
386641 4
386647 4
386651 4
386677 4
386689 4
386693 4
386713 4
386719 4
386723 4
386731 4
386747 4
386777 4
386809 4
386839 4
386851 4
386887 4
386891 4
386921 4
386927 4
386963 4
386977 4
386987 4
386989 4
386993 4
387007 4
387017 4
387031 4
387047 4
387071 4
387077 4
387083 4
387089 4
387109 4
387137 4
387151 4
387161 4
387169 4
387173 4
387187 4
387197 4
387199 4
387203 4
387227 4
387253 4
387263 4
387269 4
387281 4
387307 4
387313 4
387329 4
387341 4
387371 4
387397 4
387403 4
387433 4
387437 4
387449 4
387463 4
387493 4
387503 4
387509 4
387529 4
387551 4
387577 4
387587 4
387613 4
387623 4
387631 4
387641 4
387659 4
387677 4
387679 4
387683 4
387707 4
387721 4
387727 4
387743 4
387749 4
387763 4
387781 4
387791 4
387799 4
387839 4
387853 4
387857 4
387911 4
387913 4
387917 4
387953 4
387967 4
387971 4
387973 4
387977 4
388009 4
388051 4
388057 4
388067 4
388081 4
388099 4
388109 4
388111 4
388117 4
388133 4
388159 4
388163 4
388169 4
388177 4
388181 4
388183 4
388187 4
388211 4
388231 4
388237 4
388253 4
388259 4
388273 4
388277 4
388301 4
388313 4
388319 4
388351 4
388363 4
388369 4
388373 4
388391 4
388403 4
388459 4
388471 4
388477 4
388481 4
388483 4
388489 4
388499 4
388519 4
388529 4
388541 4
388567 4
388573 4
388621 4
388651 4
388657 4
388673 4
388691 4
388693 4
388697 4
388699 4
388711 4
388727 4
388757 4
388777 4
388781 4
388789 4
388793 4
388813 4
388823 4
388837 4
388859 4
388879 4
388891 4
388897 4
388901 4
388903 4
388931 4
388933 4
388937 4
388961 4
388963 4
388991 4
389003 4
389023 4
389027 4
389029 4
389041 4
389047 4
389057 4
389083 4
389089 4
389099 4
389111 4
389117 4
389141 4
389149 4
389161 4
389167 4
389171 4
389173 4
389189 4
389219 4
389227 4
389231 4
389269 4
389273 4
389287 4
389297 4
389299 4
389303 4
389357 4
389369 4
389381 4
389399 4
389401 4
389437 4
389447 4
389461 4
389479 4
389483 4
389507 4
389513 4
389527 4
389531 4
389533 4
389539 4
389561 4
389563 4
389567 4
389569 4
389579 4
389591 4
389621 4
389629 4
389651 4
389659 4
389663 4
389687 4
389699 4
389713 4
389723 4
389743 4
389749 4
389761 4
389773 4
389783 4
389791 4
389797 4
389819 4
389839 4
389849 4
389867 4
389891 4
389897 4
389903 4
389911 4
389923 4
389927 4
389941 4
389947 4
389953 4
389957 4
389971 4
389981 4
389989 4
389999 4
390001 4
390043 4
390067 4
390077 4
390083 4
390097 4
390101 4
390107 4
390109 4
390113 4
390119 4
390151 4
390157 4
390161 4
390191 4
390193 4
390199 4
390209 4
390211 4
390223 4
390263 4
390281 4
390289 4
390307 4
390323 4
390343 4
390347 4
390353 4
390359 4
390367 4
390373 4
390389 4
390391 4
390407 4
390413 4
390419 4
390421 4
390433 4
390437 4
390449 4
390463 4
390479 4
390487 4
390491 4
390493 4
390499 4
390503 4
390527 4
390539 4
390553 4
390581 4
390647 4
390653 4
390671 4
390673 4
390703 4
390707 4
390721 4
390727 4
390737 4
390739 4
390743 4
390751 4
390763 4
390781 4
390791 4
390809 4
390821 4
390829 4
390851 4
390869 4
390877 4
390883 4
390889 4
390893 4
390953 4
390959 4
390961 4
390967 4
390989 4
390991 4
391009 4
391019 4
391021 4
391031 4
391049 4
391057 4
391063 4
391067 4
391073 4
391103 4
391117 4
391133 4
391151 4
391159 4
391163 4
391177 4
391199 4
391217 4
391219 4
391231 4
391247 4
391249 4
391273 4
391283 4
391291 4
391301 4
391331 4
391337 4
391351 4
391367 4
391373 4
391379 4
391387 4
391393 4
391397 4
391399 4
391403 4
391441 4
391451 4
391453 4
391487 4
391519 4
391537 4
391553 4
391579 4
391613 4
391619 4
391627 4
391631 4
391639 4
391661 4
391679 4
391691 4
391693 4
391711 4
391717 4
391733 4
391739 4
391751 4
391753 4
391757 4
391789 4
391801 4
391817 4
391823 4
391847 4
391861 4
391873 4
391879 4
391889 4
391891 4
391903 4
391907 4
391921 4
391939 4
391961 4
391967 4
391987 4
391999 4
392011 4
392033 4
392053 4
392059 4
392069 4
392087 4
392099 4
392101 4
392111 4
392113 4
392131 4
392143 4
392149 4
392153 4
392159 4
392177 4
392201 4
392209 4
392213 4
392221 4
392233 4
392239 4
392251 4
392261 4
392263 4
392267 4
392269 4
392279 4
392281 4
392297 4
392299 4
392321 4
392333 4
392339 4
392347 4
392351 4
392363 4
392383 4
392389 4
392423 4
392437 4
392443 4
392467 4
392473 4
392477 4
392489 4
392503 4
392519 4
392531 4
392543 4
392549 4
392569 4
392593 4
392599 4
392611 4
392629 4
392647 4
392663 4
392669 4
392699 4
392723 4
392737 4
392741 4
392759 4
392761 4
392767 4
392803 4
392807 4
392809 4
392827 4
392831 4
392837 4
392849 4
392851 4
392857 4
392879 4
392893 4
392911 4
392923 4
392927 4
392929 4
392957 4
392963 4
392969 4
392981 4
392983 4
393007 4
393013 4
393017 4
393031 4
393059 4
393073 4
393077 4
393079 4
393083 4
393097 4
393103 4
393109 4
393121 4
393137 4
393143 4
393157 4
393161 4
393181 4
393187 4
393191 4
393203 4
393209 4
393241 4
393247 4
393257 4
393271 4
393287 4
393299 4
393301 4
393311 4
393331 4
393361 4
393373 4
393377 4
393383 4
393401 4
393403 4
393413 4
393451 4
393473 4
393479 4
393487 4
393517 4
393521 4
393539 4
393541 4
393551 4
393557 4
393571 4
393577 4
393581 4
393583 4
393587 4
393593 4
393611 4
393629 4
393637 4
393649 4
393667 4
393671 4
393677 4
393683 4
393697 4
393709 4
393713 4
393721 4
393727 4
393739 4
393749 4
393761 4
393779 4
393797 4
393847 4
393853 4
393857 4
393859 4
393863 4
393871 4
393901 4
393919 4
393929 4
393931 4
393947 4
393961 4
393977 4
393989 4
393997 4
394007 4
394019 4
394039 4
394049 4
394063 4
394073 4
394099 4
394123 4
394129 4
394153 4
394157 4
394169 4
394187 4
394201 4
394211 4
394223 4
394241 4
394249 4
394259 4
394271 4
394291 4
394319 4
394327 4
394357 4
394363 4
394367 4
394369 4
394393 4
394409 4
394411 4
394453 4
394481 4
394489 4
394501 4
394507 4
394523 4
394529 4
394549 4
394571 4
394577 4
394579 4
394601 4
394619 4
394631 4
394633 4
394637 4
394643 4
394673 4
394699 4
394717 4
394721 4
394727 4
394729 4
394733 4
394739 4
394747 4
394759 4
394787 4
394811 4
394813 4
394817 4
394819 4
394829 4
394837 4
394861 4
394879 4
394897 4
394931 4
394943 4
394963 4
394967 4
394969 4
394981 4
394987 4
394993 4
395023 4
395027 4
395039 4
395047 4
395069 4
395089 4
395093 4
395107 4
395111 4
395113 4
395119 4
395137 4
395141 4
395147 4
395159 4
395173 4
395189 4
395191 4
395201 4
395231 4
395243 4
395251 4
395261 4
395273 4
395287 4
395293 4
395303 4
395309 4
395321 4
395323 4
395377 4
395383 4
395407 4
395429 4
395431 4
395443 4
395449 4
395453 4
395459 4
395491 4
395509 4
395513 4
395533 4
395537 4
395543 4
395581 4
395597 4
395611 4
395621 4
395627 4
395657 4
395671 4
395677 4
395687 4
395701 4
395719 4
395737 4
395741 4
395749 4
395767 4
395803 4
395849 4
395851 4
395873 4
395887 4
395891 4
395897 4
395909 4
395921 4
395953 4
395959 4
395971 4
396001 4
396029 4
396031 4
396041 4
396043 4
396061 4
396079 4
396091 4
396103 4
396107 4
396119 4
396157 4
396173 4
396181 4
396197 4
396199 4
396203 4
396217 4
396239 4
396247 4
396259 4
396269 4
396293 4
396299 4
396301 4
396311 4
396323 4
396349 4
396353 4
396373 4
396377 4
396379 4
396413 4
396427 4
396437 4
396443 4
396449 4
396479 4
396509 4
396523 4
396527 4
396533 4
396541 4
396547 4
396563 4
396577 4
396581 4
396601 4
396619 4
396623 4
396629 4
396631 4
396637 4
396647 4
396667 4
396679 4
396703 4
396709 4
396713 4
396719 4
396733 4
396833 4
396871 4
396881 4
396883 4
396887 4
396919 4
396931 4
396937 4
396943 4
396947 4
396953 4
396971 4
396983 4
396997 4
397013 4
397027 4
397037 4
397051 4
397057 4
397063 4
397073 4
397093 4
397099 4
397127 4
397151 4
397153 4
397181 4
397183 4
397211 4
397217 4
397223 4
397237 4
397253 4
397259 4
397283 4
397289 4
397297 4
397301 4
397303 4
397337 4
397351 4
397357 4
397361 4
397373 4
397379 4
397427 4
397429 4
397433 4
397459 4
397469 4
397489 4
397493 4
397517 4
397519 4
397541 4
397543 4
397547 4
397549 4
397567 4
397589 4
397591 4
397597 4
397633 4
397643 4
397673 4
397687 4
397697 4
397721 4
397723 4
397729 4
397751 4
397753 4
397757 4
397759 4
397763 4
397799 4
397807 4
397811 4
397829 4
397849 4
397867 4
397897 4
397907 4
397921 4
397939 4
397951 4
397963 4
397973 4
397981 4
398011 4
398023 4
398029 4
398033 4
398039 4
398053 4
398059 4
398063 4
398077 4
398087 4
398113 4
398117 4
398119 4
398129 4
398143 4
398149 4
398171 4
398207 4
398213 4
398219 4
398227 4
398249 4
398261 4
398267 4
398273 4
398287 4
398303 4
398311 4
398323 4
398339 4
398341 4
398347 4
398353 4
398357 4
398369 4
398393 4
398407 4
398417 4
398423 4
398441 4
398459 4
398467 4
398471 4
398473 4
398477 4
398491 4
398509 4
398539 4
398543 4
398549 4
398557 4
398569 4
398581 4
398591 4
398609 4
398611 4
398621 4
398627 4
398669 4
398681 4
398683 4
398693 4
398711 4
398729 4
398731 4
398759 4
398771 4
398813 4
398819 4
398821 4
398833 4
398857 4
398863 4
398887 4
398903 4
398917 4
398921 4
398933 4
398941 4
398969 4
398977 4
398989 4
399023 4
399031 4
399043 4
399059 4
399067 4
399071 4
399079 4
399097 4
399101 4
399107 4
399131 4
399137 4
399149 4
399151 4
399163 4
399173 4
399181 4
399197 4
399221 4
399227 4
399239 4
399241 4
399263 4
399271 4
399277 4
399281 4
399283 4
399353 4
399379 4
399389 4
399391 4
399401 4
399403 4
399409 4
399433 4
399439 4
399473 4
399481 4
399491 4
399493 4
399499 4
399523 4
399527 4
399541 4
399557 4
399571 4
399577 4
399583 4
399587 4
399601 4
399613 4
399617 4
399643 4
399647 4
399667 4
399677 4
399689 4
399691 4
399719 4
399727 4
399731 4
399739 4
399757 4
399761 4
399769 4
399781 4
399787 4
399793 4
399851 4
399853 4
399871 4
399887 4
399899 4
399911 4
399913 4
399937 4
399941 4
399953 4
399979 4
399983 4
399989 4
